id,headline,body_text,source,url,date,language,label,label_confidence,source_type
8e958ca8-eee0-4d54-825a-f1bc9b1e96a7,Бүгүн бүткүл дүйнөлүк китеп күнү: Китеп тууралуу ойлор,"23-апрель күнүн жыл сайын Дүйнөлүк китеп күнү деп жарыялоо жөнүндө ЮНЕСКОнун Башкы Конференциясынын Резолюциясын көңүлгө алуу менен Кыргыз Республикасынын Өкмөтүнүн токтому менен Кыргызстанда китеп күнү белгиленип келет. Бул күнгө карата белгилүү окумуштуу-педагог, педагогика илимдеринин доктору, профессор Сулайман Рысбаевдин ойлорун сунуштайбыз: -Балдар үчүн жарым барак жакшы аӊгеме — жарым том роман көтөргөн жүккө тете. -Калемди жакшы учтасаӊ, кылычтан дагы курч болор. -Китеп окубай өнүгөм деген- канаты жок куштай. -Китепсиз үй-шамы жок үй. -Өзү жазган китебинен башканы окубагандар — өз таманын соргон аюуга окшош. -Башканын оюн окуп жатып, өз оюӊду бекемдейсиң, курчутасың, байытасың. -Адам өзүнүн рухий ачкачылыгын сезгенде китеп окугусу келет. -Баланы тарбиялоо үчүн алтымыш том эмгек жазуу зарыл эмес, кээде бир ооз таасирдүү сөз да жетиштүү болот. -Бир китепти көзүӊ менен окуйсуӊ, андан керектүү маалыматтарды издейсиӊ, табасыӊ, үйрөнөсүӊ, маалыматтуу болосуӊ; -бир китепти жүрөгүӊ менен окуйсуӊ, окуп алып сүйүнөсүӊ, кубанасыӊ, кейийсиӊ, кайгырасыӊ, толкунданасыӊ; -а бир китепти башыӊ менен окуйсуӊ, аны окуп ойлоносуӊ, талдайсыӊ, иликтейсиӊ, жыйынтык чыгарасыӊ, билимге жана ойлорго байыйсыӊ! -Китеп окуйбай коюу- өзүнө өзү рухсуздукка өкүм чыгаруу. -Жазуучунун өмүрүн жакшы китеби узартат, жакшы китептин өмүрүн окуган адам узартат. -мүнүшкѳр мыкты куш издеп жашайт, — саяпкер мыкты күлүк издеп жашайт, -мугалим мыкты окуучуну издеп жашайт, жазуучу мыкты окурманын издеп жашайт. -Китеп дүйнөсүнүн кулпусу жок, каалагандарга дайыма эшиги ачык. -Балдарга жакшы китеп жазып бере албаса, жазуучу уялсын, а балдарга жакшы китеп чыгарып бере албаса, мамлекет уялсын! -Китепти сүйсөң, ал сага сүйлөп берет. -Китеп- окуй турган эле курал эмес, ал тарбиянын да куралы. -Жакшы китеп адамга жакшы нерсени эле үйрөтпөйт, терең акыл, кенен туюм, бийик дух берет. -Тыңшагылачы!... Китеп шыбырап жатат. -Балам, китеп сеники болуш үчүн, ичиндегилерди окуп үйрөн, ошондо гана ал китеп сеники болот. -Жомок курсак тойгузбайт, кулак тойгузат. -Балдар адабиятын изилдегиң келсе, микроскоп менен кара. -Жазуучу үчүн канча китеп жазганы эмес, кандай китеп жазганы- баалуу.",24.kg,https://24.kg/kyrgyzcha/371554_bugun_butkul_duynoluk_kitep_kunu_kitep_tuuraluu_oylor/,,kyrgyz,0,high,news_site
22fd0a50-90ba-4bda-ba77-e44091c0db86,28-апрелге карата аба ырайы,"28-апрелде күндүз Ош, Баткен, Ысык-Көл, Нарын облустарынын көпчүлүк аймактарында, Чүй, Талас, Жалал-Абад облустарынын айрым жерлеринде жаан жаап, күн күркүрөйт, бийик тоолуу райондорунда кар жаайт. Ош, Ысык-Көл облустарынын айрым жерлеринде жаан-чачын катуу жаайт. Абанын температурасы: Чүйдө түнкүсүн 8...13, күндүз 23...28 Таласта түнкүсүн 5...10, күндүз 21...26 Баткен, Ош, Жалал-Абад облустарында түнкүсүн 11...16, күндүз 24...29 Ысык-Көлдө түнкүсүн 3...8, күндүз 14...19 Нарында түнкүсүн 4...9, күндүз 14...19 Бишкекте түнкүсүн 11...13°, күндүз 24...26° жылуу болот.",24.kg,https://24.kg/kyrgyzcha/372072_28-aprelge_karata_aba_yirayyi/,,kyrgyz,0,high,news_site
7c7704cf-9514-4db6-aa26-278ff31fd438,«Социалдык келишим» программасына катышуу үчүн 1 миң 825 арыз түштү,"11-мартка карата республика боюнча «Социалдык келишим» программасына катышуу үчүн 1 миң 825 арыз келип түштү. Бүгүнкү күнгө чейин 607 үй-бүлө менен социалдык келишимдерге кол койгон. Алардын эң көп саны — 341 долбоор айыл чарба тармагында. Эмгек министрлигинин маалыматы боюнча, арыздар дагы эле кабыл алынууда. Аз камсыз болгон жана аз камсыз болгон үй-бүлөлөрдү колдоого багытталган «Социалдык келишим» программасы 2022-жылдан бери Кыргызстандын Президентинин демилгеси менен ишке ашырылып келет. Долбоордун төрт жылында өз бизнес демилгелерин ишке ашырган 48 миң 557 үй-бүлө менен социалдык келишимдерге кол коюлду. Долбоорлордун көпчүлүгү айыл чарбасында (73,3 пайыз), өндүрүштө (13,8 пайыз), соодада (6,7 пайыз) жана кызмат көрсөтүүдө (6,2 пайыз) турат. Башында келишим боюнча социалдык жардамдын суммасы 100 миң сомду түзгөн, бирок 2025-жылдан баштап ал 150 миң сомго чейин көбөйтүлгөн. Социалдык келишимди алган алгачкы үй-бүлөлөрдүн ичинен 14 үй-бүлөнүн жылдык кирешеси 1 миллион сомдон ашкан. Долбоордун катышуучуларынын 94,2 пайызы аялдар экени, алар негизинен айыл жерлеринде жашаары белгиленди. Программа кошумча 57 миңден ашык жумуш орундарын түздү. 2026-жылы республика боюнча 13 333 аз камсыз болгон жана муктаж үй-бүлө Социалдык келишим программасы боюнча ар бири 150 миң сомдон ала алышат.",24.kg,https://24.kg/kyrgyzcha/365616_sotsialdyik_kelishim_programmasyina_katyishuu_uchun_1min_825_aryiz_tushtu/,,kyrgyz,0,high,news_site
22f07d4b-b3b8-431d-b14d-00553594d288,БШК Чыңгыз Айдарбековдун депутаттыкка талапкерлигин жокко чыгарды,"Бүгүн, 16-апрелде Борбордук шайлоо комиссиясы № 21 көп мандаттуу шайлоо округу боюнча Жогорку Кеңештин депутаттыгына талапкер Чыңгыз Айдарбековдун каттоосун жокко чыгарды. Талапкер Айдарбеков бул арызды БШКга 2026-жылдын 16-апрелинде берген. БШКнын төрагасы Тынчтык Шайназаров жыйында белгилегендей, кийинки талапкер Мирлан Жээнчороев боюнча материалдар Ички иштер министрлигине жөнөтүлдү. «Биз так маалымат күтүп жатабыз. Эгерде мыйзам бузуулар болбосо, жаңы депутатты каттоо боюнча жыйын бүгүн саат 16:00дө өтөт», — деп кошумчалады ал. Эскерте кетсек, Ички иштер министрлиги Айдарбековго карата Тышкы иштер министри болуп иштеп турганда кызмат абалынан кыянаттык менен пайдалануу боюнча кылмыш ишин козгогон. Белгилей кетүүчү нерсе, Чыңгыз Айдарбеков мурда Кыргызстандын тышкы иштер министри болуп иштеген жана ошондой эле Жогорку Кеңештин мурунку чакырылышынын депутаты болгон. Ал 2025-жылдын ноябрында өткөн парламенттик шайлоодо көп мандаттуу № 21 шайлоо округунан ат салышкан. Борбордук шайлоо комиссиясынын маалыматы боюнча, ал 6 миң 259 добуш алган. Чыңгыз Айдарбеков 2026-жылдын 10-мартында мөөнөтүнөн мурда кызматтан кеткен депутат Куванычбек Конгантиев бош калтырган мандат үчүн ат салышкан.",24.kg,https://24.kg/kyrgyzcha/370662_bshk_chyingyiz_aydarbekovdun_deputattyikka_talapkerligin_jokko_chyigardyi/,,kyrgyz,0,high,news_site
dbf19a7e-da7d-48f8-936b-95c536357a8b,Пайдалуу кеңеш: Суунун организмге кандай таасири бар?,"Суу — жер бетиндеги бардык тиричиликтин кыймылдаткыч күчү. Ал кычкылтек менен бирге жаныбарлар жана өсүмдүктөр дүйнөсүнүн маанилүү процесстерин колдойт. 70% суудан турган адам үчүн бул жашоонун негизги булагы болуп саналат. Суу биздин органдарды жана ткандарды жашоо берүүчү ным менен каныктырат, туура метаболизмге жардам берет жана ашыкча салмак менен күрөшүүгө жардам берет! Ошол эле учурда, эгерде организмге суу жетишсиз болсо, суусагындык пайда болушу мүмкүн, анын оор түрү өлүмгө алып келет. Кошумчалай кетсек, медицина кызматкерлеринин изилдөөлөрүнүн жыйынтыгы боюнча оорулардын 80%дан ашыгы суу аркылуу жугат. Эч кандай шек жок: адамдын ден соолугу үчүн сууну үзгүлтүксүз ичүү гана эмес, керектелүүчү суунун сапатын да көзөмөлдөө зарыл. Эми суу тазалоо системаларынын аркасында муну жасоо кыйын эмес. Үйгө чыпка орнотуп, тазаланган сууну ичиңиз. Суу адамдын организминде маанилүү функцияларды аткарат:",24.kg,https://24.kg/kyrgyzcha/368397_paydaluu_kenesh_suunun_organizmge_kanday_taasiri_bar/,,kyrgyz,0,high,news_site
0bfc1286-f127-4805-a792-5a78d012ec6f,"Кыргыз эл артисти, театр жана кино актеру Абдыкалык Акматовго жазылган некролог","Кыргыз маданияты оор жоготууга учурады. 2026-жылдын 25-мартында 71 жаш курагында Кыргыз Республикасынын эл артисти, белгилүү театр жана кино актеру Абдыкалык Акматов оорудан улам дүйнөдөн кайтты. Кыргыз Республикасынын театр ишмерлер союзунун жана Кинематографисттер союзунун мүчөсү, таланттуу актер Абдыкалык Акматов 1955-жылы Ош облусунун Ноокат районунун Ак-Булак айылында туулган. Алгачкы чыгармачылык чыйырын 1975-жылы С. Ибраимов атындагы Ош облустук драма театрында жарык берүүчү кесибинен баштаган. 1978-жылы Москва шаарындагы Бүткүл союздук кинематография институтунун актердук чеберчилик факультетин аяктап, кино актер адистигине ээ болгон. Аталган институтту ийгиликтүү бүтүргөн соң, бүтүндөй өмүрүн киного жана сахнага, жалпы эле чыгармачылыкка арнады. А. Акматовдун кинодо жараткан жаркын эмгектери: «Ак илбирстин тукуму» —Кожожаштын досу, «Кайчылаш жолдор» — Дөөлөс, «Кербез» — Токтогул Сатылганов ж.б. Б.Кыдыкеева атындагы жаштар театрында: «Талант жана тагдыр» спектаклинде — казак режиссерунун, «Боз Бойдок» спектаклинде — ортомчунун, «Чыңгыз жана Бүбүсара» спектаклинде — А. Үсөновдун ролун ж.б. ойногон. М. Жангазиев атындагы куурчак театрында: «Найман эне» спектаклинде Кербен жана Вазирдин, «Ишенимдүү дос» спектаклинде аюунун, «Мен да күйөөгө чыккым келет» спектаклинде министрдин орун басарынын жана башка ролдору менен эсибизде калды. Т. Абдумомунов атындагы Кыргыз улуттук академиялык драма театрында: «Манастын уулу Семетей» спектаклинде Бакайдын, «Абийир кечирбейт» спектаклинде Омордун, «Коркут Атада» Коркуттун ролун жана башка ролдорду ойногон. Көп кырдуу талант ээси А. Акматов театрдын өсүп-өнүгүшүнө өз салымын кошуп, көп жылдан бери талбай эмгектенип келди. Ал жаштарга тарбия көрсөтүүчү, өз кесибин сүйгөн таланттуу сахна жана кино чебери. Мамлекеттик жана коомдук ири иш-чараларда, салтанаттарда да жигердүү катышып, искусство ишмердүүлүгүнүн өнүгүшүнө өз салымын кошту. Акыркы мезгилде эл артисти Кыргыз улуттук «Манас» театрында эмгектенип келген. Ал коомдук иштерге активдүү катышкан, ошол эле учурда республикалык жана эл аралык сыйлыктардын ээси болгон. А. Акматовдун маданият жана искусство тармагында жасаган эмгеги мамлекет тарабынан жогору бааланып, ал Кыргыз Республикасынын Ардак грамотасы менен сыйланган. Ага «Кыргыз Республикасынын Эмгек сиңирген артисти», «Кыргыз Республикасынын Эл артисти» наамдары ыйгарылган. Маданият жана искусствого, өзгөчө кино тармагына бүтүндөй өмүрүн арнап, өчпөс из калтырып кеткен көрүнүктүү актер Абдыкалык Акматовдун жаркын элеси кыргыз журтунун, маданият жана искусство күйөрмандарынын, кесиптештеринин, жакын туугандарынын, үй-бүлөсүнүн эсинде түбөлүккө сакталат. Маркумдун жакындарына, бир туугандарына үй-бүлөсүнө терең кайгыруу менен көңүл айтып, аза кайгысын тең бөлүшөбүз. С.Н. Жапаров, М.А. Маматалиев, А.А. Касымалиев, А.К. Койчиев, Э.Ж. Байсалов, Ч.А. Абыкеев, Ы.Ы. Атажанов, М.К. Мамбеталиев, А.Б. Кенжебаев, Д.Т. Шейшеканов, С.А. Раев, Садык Шер-Нияз, Ж.О. Кулмамбетов, Т.Т. Казаков, Б.К. Одуракаев, А.А. Суюндуков А.А., Н. Турсунбаев, К. Сейдалиева, Н. Мамбетова, Г. Каниметова, Ч. Думанаев, Т. Актанов, Э. Бекболиев, Ш. Кыдырмаев, А. Сыдыгалива, А. Назаралиева, А. Набиева, Э.Б. Чалабаев, А. Исаков, Ж. Эркинбаев, М. Мамазаирова, К.О. Иманалиев, К.А. Осмонов, А.А. Өзүбеков, М.А. Бегалиев, А.А. Кубат, А.К. Мураталиев, С. Сагынбаев, Т.А. Кулмендеев, Л.В. Анникова, Л. Любомудрова, А.И. Алыбаев, Р.Б. Ставриди, Н. Талантбеков ж.б.",24.kg,https://24.kg/kyrgyzcha/367506_kyirgyiz_elartisti_teatr_jana_kino_akteru_abdyikalyik_akmatovgo_jazyilgan_nekrolog/,,kyrgyz,0,high,news_site
9da7d83d-f743-41c9-a9d1-29bd4112c617,Быйыл Бишкектеги эки сейил багы оңдоп-түзөөдөн өтөт,"2026-жылы Бишкектеги эки сейил бак оңдолот. Бул тууралуу бүгүн, 16-мартта Жогорку Кеңештин Агрардык саясат, суу ресурстары, жер казынасын пайдалануу, экология жана айлана-чөйрөнү коргоо боюнча комитетинин жыйынында Бишкек шаарынын мэринин орун басары Рамиз Алиев билдирди. Анын айтымында, бул Тоголок Молдо жана Эркиндик сейил бактарга тиешелүү. «Жаш Гвардия бульвары да кайра курулат. Шаарда 12 сейил бак жана 52 коомдук бакча бар. Биз алардын ар бирин этап-этабы менен кайра куруп жатабыз», — деп кошумчалады Рамиз Алиев. Бир катар депутаттар сейил бактардын абалын катуу сынга алып, бак-дарактарды отургузууга жана тейлөөгө, ошондой эле жашылдандырууга комплекстүү мамиле кылууга чакырышты.",24.kg,https://24.kg/kyrgyzcha/366149_byiyyil_bishkektegi_eki_seyil_bagyi_ondop-tuzoodon_otot/,,kyrgyz,0,high,news_site
0b1de81c-c983-45fd-9df9-a2b8faac1111,Кыргызстанда Улуу Ата Мекендик согуштун 24 ардагери калды,"Кыргызстанда бүгүнкү күндө Улуу Ата Мекендик согуштун 24 ардагери калды. Алардын катарында блокадачылар жана концлагердин туткундары бар.  Ал эми 8 ардагер согуштун түздөн-түз катышуучусу болуп саналат. Аймактар боюнча көрсөткүч: Ошондой эле өлкөдө концлагерлердин 6 туткуну жашайт: алардын 4ү Бишкек шаарында, бирөөсү Жайыл районунда жана дагы бирөөсү Жалал-Абад шаарында. Мындан сырткары, Ленинграддын 10 блокадачысы бар: 8и Бишкекте, бирөөсү Сокулук районунда жана бирөөсү Балыкчы шаарында. Эске сала кетсек, 2025-жылы Кыргызстанда Улуу Ата Мекендик согуштун 32 ардагери (анын ичинде согуштун катышуучулары, блокадачылар жана туткундар) жашаган. Алардын 14ү согуштун түздөн-түз катышуучулары болгон. Улуу Ата Мекендик согуш жылдарында Кыргызстандан фронтко 360 миңден ашык адам аттанган. Алардын ичинен 160 миңге жакыны үйүнө кайтпай калган.",24.kg,https://24.kg/kyrgyzcha/371058_kyirgyizstanda_uluu_ata_mekendik_sogushtun_24ardageri_kaldyi/,,kyrgyz,0,high,news_site
a2b48754-5db3-4f16-bfee-53c6f3908167,Жакынкы Чыгыш: БУУнун баш катчысы дипломатиялык сүйлөшүүлөрдү баштоого чакырды,"«Бул согуш көзөмөлдөн чыгып кетти», — деди Башкы катчы Антониу Гутерриш Нью-Йорктогу БУУнун штаб-квартирасында кабарчылар менен болгон маегинде. Ал Жакынкы Чыгыш тууралуу пикирин билдирип, аймактагы жана дүйнө жүзүндөгү көптөгөн өкүлдөр менен тыгыз байланышта экенин айтты. «Учурда диалогго жана тынчтыкка багытталган бир катар демилгелер ишке ашырылууда. Алар ийгиликтүү болушу керек. Мен жаңы эле Жан Арнону БУУнун чыр-чатакты жана анын кесепеттерин чечүү боюнча аракеттерине жетекчилик кылуу үчүн жеке өкүлүм кылып дайындадым», — деди Антониу Гутерриш. Эквалификацияны токтотуп, дипломатиялык сүйлөшүүлөрдү баштоого убакыт келди. «Менин АКШга жана Израилге айтаарым — согушту токтотууга убакыт келди. Иранга айтаарым — кошуналарыңызга кол салууну токтотуу», — деди БУУнун баш катчысы. Антонио Гутерриш Ормуз кысыгында кеме жүрүү эркиндигин сыйлоого чакырды. Ал белгилегендей, кысыктын узакка жабылышы дүйнөлүк айдоо сезону башталган маанилүү учурда мунай, газ жана жер семирткичтерди жеткирүүнү токтотот. Кризистин кесепеттерин аймактагы жана андан тышкары жерлердеги карапайым калк жон териси менен сезип жатат. «Мен бул кесепеттердин айрымдарын жакында Ливанга болгон сапарымда өз көзүм менен көрдүм. Ал жердеги согуш да аякташы керек. Хезболла Израилге кол салууну токтотушу керек. Ал эми Израил карапайым калкка эң көп зыян келтирип жаткан Ливанга каршы аскердик операцияларын жана кол салууларын токтотушу керек», — деди Башкы катчы. БУУ согуштун кесепеттерин минималдаштыруу үчүн бардык күч-аракетин жумшап жатат, деп белгиледи Антониу Гутерриш, бирок учурда гуманитардык операцияларга тоскоолдуктар жаралууда. «Бизге бул кырсыктан чыгуунун жолу керек. Чыгуунун жолу — дипломатия. Чыгуунун жолу — эл аралык укукту толук урматтоо. Чыгуунун жолу — тынчтык», — деп жыйынтыктады ал.",24.kg,https://24.kg/kyrgyzcha/367514_jakyinkyi_chyigyish_buunun_bash_katchyisyi_diplomatiyalyik_suyloshuulordu_bashtoogo_chakyirdyi/,,kyrgyz,0,high,news_site
94795d84-cfa2-4cac-a85f-9e6476eb7afc,ЖКнын мурдагы депутаты Куванычбек Конгантиев 10-майга чейин камакка алынды,"Жогорку Кеңештин мурдагы депутаты Кубанычбек Конгантиев 10-майга чейин камакка алынды. Бул тууралуу Бишкек шаардык сотунун басма сөз кызматы билдирди. Маалыматка ылайык, Бишкектин Ленин райондук соту УКМКнын тергөөчүсүнүн өтүнүчүн карап, канааттандырды. УКМК мурда Конгантиев жер тилкелерин жана ага караштуу юридикалык жактарды пайдалануу менен мыйзамсыз схемаларды уюштурууга шектелип жатканын билдирген. Эскерте кетсек, Куванычбек Конгантиев № 21 бир мандаттуу шайлоо округу боюнча Жогорку Кеңешке шайланып, 13 миң 379 добуш алган. Парламентте ал «Эл үмүтү — Ата Журт» парламенттик тобунун мүчөсү болгон жана өнөр жай саясаты, транспорт, отун-энергетика комплекси, архитектура жана курулуш комитетин жетектеген.",24.kg,https://24.kg/kyrgyzcha/365866_jknyin_murdagyi_deputatyi_kuvanyichbek_kongantiev_10-mayga_cheyin_kamakka_alyindyi/,,kyrgyz,0,high,news_site
c2b96631-97c7-4e07-a47d-0316375ddce7,Орто-Токой ГЭСинин курулушу акыркы баскычына өттү,"Орто-Токой ГЭСинин курулушу активдүү уланып, акыркы баскычка өтүүдө. Бул тууралуу Энергетика министрлиги билдирди. Маалыматка ылайык, негизги иштер дээрлик аяктап, станция ишке киргизүүгө даярдалып жатат. Бул этапта станциянын кубаттуулугун чыгаруу үчүн зарыл болгон кошумча инфраструктураны өнүктүрүүгө өзгөчө көңүл бурулууда. Тактап айтканда, 110 кВ чыңалуудагы аба чубалгысынын тирөөчтөрүн орнотуу жайларына курулуш материалдарын жана атайын техникаларды жеткирүү үчүн кирүүчү жолдорду уюштуруу иштери аткарылып жатат. Ошол эле учурда жер казуу жана тирөөчтөрдүн пайдубалдары үчүн котловандарды даярдоо иштери жүргүзүлүүдө. Бул иштер ГЭСти энергосистемага ишенимдүү туташтыруу үчүн маанилүү этап болуп саналат. Суу алуучу шахтанын монолиттик конструкцияларын бетон менен куюу, деривациялык туннелди казуу, генератордун № 1 статорун орнотуу үчүн кыстармаларын тактоо жана агрегаттын төмөнкү кайчылаштарын орнотуу боюнча иштер аяктады. Учурда агып чыгуучу каналдын жээгин бекемдөө, техникалык суу менен камсыздоо системасынын түтүктөрүн, ошондой эле сууну тазалоо жана фильтрациялоо жабдууларын орнотуу иштери жүрүп жатат. Белгиленгендей, Орто-Токой ГЭСи быйылкы жылы ишке берилип, электр энергиясын өндүрүүнүн көлөмүн көбөйтүүгө жана энергия менен камсыздоонун ишенимдүүлүгүн жогорулатууга мүмкүндүк берет.",24.kg,https://24.kg/kyrgyzcha/367204_orto-tokoy_gesinin_kurulushu_akyirkyi_baskyichyina_ottu/,,kyrgyz,0,high,news_site
a55583f2-215d-4691-a62d-508e244783dc,Соңку эки жумада жугуштуу оорулар ооруканасына кене чаккан 41 адам кайрылган,"1-апрелден 13-апрелге чейин Бишкектеги Республикалык клиникалык жугуштуу оорулар ооруканасында кене чаккан 41 адам, анын ичинде 21 бала дарыланган. Оорукананын маалыматы боюнча, бир бала медициналык себептерден улам ооруканага жаткырылган. Калган бейтаптар жашаган жериндеги үй-бүлөлүк дарыгерине амбулатордук байкоо жүргүзүү үчүн тиешелүү сунуштар менен жөнөтүлгөн. Дарыгерлер кенелердин активдүүлүгү май-июнь жана август-сентябрь айларында эң жогорку чегине жетерин эскертишет. Алар сыртта жүргөндө этият болууну сунушташат. Кене энцефалити — бул негизинен борбордук нерв системасын жабыркатуучу курч жугуштуу вирустук оору. Кене энцефалити менен адам алгач алсыздыкты жана өзүн начар сезет. Бул симптомдор болжол менен бир жумадан кийин басаңдашы мүмкүн, бирок андан кийин катуу баш оору жана жогорку температура менен мүнөздөлгөн экинчи фаза башталат. Инкубациялык мезгил (инфекциядан оорунун алгачкы белгилеринин пайда болушуна чейин) адатта 7-14 күнгө созулат, 1 күндөн 30 күнгө чейин. Кене энцефалитинин негизги кесепеттери: Өзүңүздү коргоо үчүн сактык чараларын көрүү керек. Эң негизгиси, токойго барганда туура кийимдерди кийүү керек: узун шым, узун жеңдүү кийим, жеңдеринде резинка, шымдагы көйнөк, байпактагы шым, шиворот кенесинен коргогон баш кийим же капюшон. Ошондой эле, атайын каражаттарды (репелленттерди) колдонуу керек, жолдор менен жүрүп, буттар бадалдарга тийбеши үчүн, көбүрөөк же азыраак кеңдикти тандоого аракет кылуу керек.",24.kg,https://24.kg/kyrgyzcha/370249_sonku_eki_jumada_jugushtuu_oorular_oorukanasyina_kene_chakkan_41adam_kayryilgan/,,kyrgyz,0,high,news_site
7809e3e8-c79f-44fc-a8b8-90802b98423e,Азия чемпионаты: Бүгүн килемге Айпери баштаган балбан кыздар чыгышат,"Бишкекте спорттук күрөш боюнча Азия чемпионаты уланууда. Бүгүн, 8-апрелде кыргыздын балбан жигиттери жана кыздары беттешке чыгып, өлкө намысын коргошот. 11:30-14:00 Грек-рим күрөшү — Көңүл жубатуучу беттештер: 60 кг, 67 кг, 72 кг, 82 кг, 97 кг Кыз-келиндер күрөшү — Квалификациялык беттештер: 50 кг, 55 кг, 59 кг, 68 кг, 76 кг 16:45-17:45 Кыз-келиндер күрөшү — Жарым финалдык беттештер: 50 кг, 55 кг, 59 кг, 68 кг, 76 кг 18:00-20:30 Грек-рим күрөшү — Финалдык жана 3-орун үчүн беттештер: 60 кг, 67 кг, 72 кг, 82 кг, 97 кг Ал эми, бул беттештерде Кыргызстандын намысын төмөнкү балбандар коргойт: Кыз келиндер күрөшү боюнча: Грек-рим күрөшү боюнча:",24.kg,https://24.kg/kyrgyzcha/369407_aziya_chempionatyi_bugun_kilemge_ayperi_bashtagan_balban_kyizdar_chyigyishat/,,kyrgyz,0,high,news_site
ff7a2fd8-b958-4eab-a079-db2ab9b2a513,Бишкекте «Манас» маданий борбору курула баштады,"Бүгүн, 23-мартта Бишкекте жаңы «Манас» маданий борборунун курулушуна мезгил кутучасы салынды. Иш-чарага президенттин Иш башкармалыгынын башчысы Каныбек Туманбаев катышып, жаңы заманбап «Манас» комплексинин курулушуна расмий түрдө старт берди. Имараттын жалпы аянты 6681 чарчы метрди түзөт. Долбоордун алкагында курулуш үчүн 2 гектар жер тилкеси бөлүнгөн. «Манас» комплекси улуттук маданиятты өнүктүрүү, тарыхый-маданий мурастарды сактоо жана ар кандай деңгээлдеги иш-чараларды өткөрүү үчүн ыңгайлуу шарттарды түзүүгө багытталган уникалдуу маданий борбор болуп саналмакчы. Белгилей кетсек, курулуш иштерин 2027-жылдын экинчи кварталында аяктоо пландалууда. «Манас» борбору толугу менен өзүн-өзү каржылаган, чыгымдарын өз кирешесинин эсебинен жапкан маданий комплекс болот.",24.kg,https://24.kg/kyrgyzcha/367085_bishkekte_manas_madaniy_borboru_kurula_bashtadyi/,,kyrgyz,0,high,news_site
0267b189-758d-40b8-9ea2-a88700959448,Иранга кол салуу. Араб аймагы 194 миллиард долларга чейин жоготушу мүмкүн,"Жакынкы Чыгыштагы аскердик кол салуунун бешинчи жумасында араб өлкөлөрүнүн социалдык-экономикалык өнүгүүсүндө олуттуу артка чегинүүгө алып келиши мүмкүн. Бул Бириккен Улуттар Уюмунун Өнүктүрүү Программасынын (БУУӨП) Иорданиянын Амман шаарында сунушталган отчетунун негизги тыянагында айтылат. БУУнун Жаңылыктар кызматынын маалыматы боюнча, БУУнун Өнүктүрүү Программасынын эксперттеринин алдын ала эсептөөлөрү боюнча, аймак жалпы ИДПнын 3,7 пайыздан 6 пайызга чейинкисин же 120-194 миллиард долларды жоготуу коркунучунда турат. Бул сумма 2025-жылга чейин араб аймагында жетишилген экономикалык өсүштүн жалпы көлөмүнөн ашып түшөт. Ошол эле учурда жумушсуздук 4 пайызга өсүшү мүмкүн, бул 3,6 миллион жумуш ордунун жоголушуна барабар. 4 миллионго чейин адам жакырчылыктын чегинен төмөн түшүп калышы мүмкүн. Баяндаманын авторлору кыска мөөнөттүү жаңжал да узак убакытка созула турган терең жана кеңири таралган социалдык-экономикалык кесепеттерге алып келиши мүмкүн экенин баса белгилешет. Эң оор макроэкономикалык жоготуулар Перс булуңунун кызматташтык кеңешинин өлкөлөрүндө болот деп болжолдонууда. Анткени соода жана энергетикалык рынокторго жогорку көз карандылык экономиканы өзгөчө алсыз кылат. Бул субрегиондо ИДПнын төмөндөшү 5,2-8,7 пайызга жетиши мүмкүн. Жакырчылыктын эң кескин өсүшү — 5 пайыз — Чыгыш Жер Ортолук деңизинде күтүлүүдө. Ал жерде кошумча 2,85–3,3 миллион адам жакырчылыкка кабылышы мүмкүн. Бул аймактагы жакырчылыктын жалпы өсүшүнүн 75 пайыздан ашыгын түзөт. Аз өнүккөн араб өлкөлөрүндө да таасири олуттуу болот, анткени алардын экономикаларынын баштапкы туруктуулугу төмөн. Түндүк Африкада чыр-чатактын потенциалдуу таасири орточо деп бааланууда.",24.kg,https://24.kg/kyrgyzcha/368367_iranga_kol_saluu_arab_aymagyi_194_milliard_dollarga_cheyin_jogotushu_mumkun/,,kyrgyz,0,high,news_site
3d58a12c-0a31-4eff-9a47-04ffd81e0f85,Быйыл он үч чакан гидроэлектростанция ишке киргизилет,"Быйыл жалпы кубаттуулугу 81,03 МВт болгон 13 чакан ГЭСти ишке киргизүү пландалууда. Бул тууралуу Энергетика министрлиги билдирет. Маалыматка ылайык, президент Садыр Жапаров Энергетика министрлигине энергетика тармагын өнүктүрүүгө, генерацияны көбөйтүүгө жана альтернативдүү энергия булактарын өнүктүрүүгө багытталган долбоорлорду ишке ашыруу боюнча бир катар тапшырмаларды берген. Буга байланыштуу, Энергетика министри Таалайбек Ибраевдин жетекчилиги астында тармакты өнүктүрүүгө, калкты үзгүлтүксүз электр энергиясы менен камсыздоого жана керектөөчүлөрдүн суроо-талабынын өсүшүнөн улам келип чыккан энергиянын жетишсиздигин азайтууга багытталган реформаларды жана ири долбоорлорду активдүү ишке ашырууда. Ага ылайык, өндүрүлгөн электр энергиясы жылына болжол менен 348,3 млн кВт/саатты түзөт. Алар төмөнкү чакан ГЭСтер: Чүй облусу: Кең-Төр-1 — 0,63 МВт; Сокулук-3 — 9,5 МВт; Туюк — 5,9 МВт; Кичи-Кемин — 7,1 МВт. Ысык-Көл облусу: Орто-Токой — 21 МВт; Түп — 9 МВт. Жалал-Абад облусу: Сары-Таш — 4,6 МВт; Кайнама-2 — 4,8 МВт (ишке кирди). Талас облусу: Урмарал — 1,6 МВт. Ош облусу: Көңдүк — 5,3 МВт; Алай Гидро — 4,4 МВт. Баткен облусу: Лейлек — 6 МВт. Нарын облусу: Куртка — 1,2 МВт. Мындан сырткары, 2026—2030-жылдарга чейин жалпы кубаттуулугу 421,26 МВт болгон 48 чакан ГЭСти пайдаланууга берүү пландалууда. Эске салсак, 2021—2025-жылдар аралыгында жалпы кубаттуулугу 109,8 МВтты түзгөн 27 чакан ГЭС ишке берилди. Анда өндүрүлгөн электр энергиясы жылына болжол менен 427 млн кВт/саатты түзөт.",24.kg,https://24.kg/kyrgyzcha/370109_byiyyil_onuchchakan_gidroelektrostantsiya_ishke_kirgizilet/,,kyrgyz,0,high,news_site
20ade6fe-83f3-43a2-9e4b-c643d3d8fd81,Бишкекте «Өлбөс полк» жүрүшүнө уруксат берилди: Иш-чара 9-майда өтөт,"Бишкек шаарында «Өлбөс полк» жүрүшүн өткөрүү макулдашылды. Бул тууралуу кыймылдын координатору Зульфира Хабибулина билдирди. Анын айтымында, мэриядан тиешелүү уруксат алынды, иш-чара өткөрүлөт. «Сапка тизилүү эрежесин жарыялайбыз! «Өлбөс полк» келе жатат!» — деп айтылат билдирүүдө. Уюштуруучулар чогула турган убакыт жана жүрүштүн маршруту тууралуу кошумча маалымат берүүнү убада кылышты. Адатта бул акция 9-майда өтүп, ага Улуу Ата Мекендик согуштун катышуучулары болгон жакындарынын сүрөттөрүн көтөрүп чыккан миңдеген адамдар катышат",24.kg,https://24.kg/kyrgyzcha/372385_bishkekte_olbos_polk_jurushuno_uruksat_berildi_ish-chara_9-mayda_otot/,,kyrgyz,0,high,news_site
653a85eb-4641-4870-b6aa-b1d9c56cfa76,44 үй кооптуу абалда: ӨКМ башчысы Аксыдагы кооптуу тилкелерди кыдырды,"Аксы районунда турак үйлөрдү жер көчкүдөн жана сел коркунучунан коргоо иштери башталды. Бул тууралуу Өзгөчө кырдаалдар министрлигинин басма сөз кызматы билдирди. Маалыматка ылайык, Өзгөчө кырдаалдар министри Канатбек Чыныбаев Ак-Жол жана Кара-Камыш айыл аймактарындагы сел коркунучу бар тилкелер менен таанышып, жергиликтүү бийлик органдарына сунуш киргизүү үчүн тиешелүү долбоордук документацияны даярдоону тапшырды. Ошондой эле Чыныбаев Кара-Суу дарыясынын жээгин бекемдөө иштерин көрүп , жарандардын коопсуздугу ар дайым артыкчылыктуу болушу керек экенин белгиледи. Мындан тышкары, ал Сары-Челек жана Кара-Камыш аймактарындагы жер көчкү коркунучун азайтуу боюнча жүргүзүлүп жаткан иштерди жеринен көрдү. Азыркы учурда мүмкүн болуучу коркунучтарды жоюу үчүн механикалык тазалоо иштери жүргүзүлүүдө. «Азия өнүктүрүү банкы тарабынан каржыланган долбоордун алкагында аталган айыл аймагындагы 44 турак жайга болгон коркунуч толугу менен жоюлат», — деп белгилешти ӨКМден. Соңунда министр Аксыда сел жана жер көчкүдөн коргоо иштерин күчөтүүнү тапшырды.",24.kg,https://24.kg/kyrgyzcha/371801_44uy_kooptuu_abalda_okm_bashchyisyi_aksyidagyi_kooptuu_tilkelerdi_kyidyirdyi/,,kyrgyz,0,high,news_site
3ff4f547-fc1a-4bde-9027-8698fb52be40,Пайдалуу кеңеш: Бөлмө гүлдөрүнүн жалбырактары эмнеге саргайат?,"Эгер сиз бөлмө өсүмдүктөрүңүздө саргайып кеткен жалбырактарды байкасаңыз, бул — эскертүүчү белги. Көпчүлүк учурда өсүмдүк кам көрүүдөгү каталарга ушундай реакция кылат. Көйгөй айрыкча жазында көп кездешет. Себеби жарык көбүрөөк болот, сугаруу тез-тез болуп, өсүү башталат. Анан күтүүсүздөн астыңкы жалбырактар ​​түсүн жоготот. Бул тууралуу агроном -адиси терезенин жанындагы өсүмдүктөрдүн саргайышына алып келген типтүү каталарды санап берди: 1)Ашыкча сугаруу Эгерде топурак көпкө чейин нымдуу бойдон калса, тамырларга жетиштүү кычкылтек жетпей калат. Азык заттар начар сиңет жана жалбырактар ​​бирдей саргайып баштайт. Эгерде кырдаал оор болсо, идиш солуп, нымдуу жыт пайда болот. Чечим — сугарууну азайтуу жана толугу менен кургап кетишине жол берүү. Эгерде тамыр чирисе, бир гана чечим — өсүмдүктү кайра отургузуу, жабыркаган тамырларды кыркуу жана жумшак топуракты колдонуу болуп саналат. Азоттун жетишсиздиги эски жалбырактардын саргайышына алып келет. Темирдин жетишсиздиги жаш жалбырактардын ачык түскө боёлушуна алып келет. 2) Ашыкча кургатуу жана кургак аба Эгерде топурак дайыма катуу кесек болуп кургап турса, жалбырактар ​​алгач катуулугун жоготот. Андан кийин четтери саргайып кетет. Сугаруу учурунда жалбырактардын капталдарынан суу агып, ортосун нымдай албай калышы мүмкүн. Жазында ысытуудан кургак аба кырдаалды ого бетер курчутат — жалбырактар ​​нымдуулукту тамырлар сиңире алгандан тезирээк буулантат. Өсүмдүктү кургак абадан жарым-жартылай бөлүп алууга болот — мисалы, аны тунук баштык менен жаап же терезенин айланасын пленка менен жаап коюу керек. Өсүмдүктүн өзүнүн бууланышынан улам ичинде нымдуулук жогорулайт. 3) Азоттун жетишсиздиги Азоттун жетишсиздиги эски жалбырактардын саргайышына алып келет. Темирдин жетишсиздигинен жаш бутактардын түсү ачык түскө айланат. Ал эми тамырлар жашыл бойдон калат — бул хлороз. Жазында жер семирткичтерди этияттык менен колдоно баштаңыз: март айында ар бир 10-14 күндө дозанын жарымын колдонуңуз. Апрель айынан баштап стандарттуу режимге өтүңүз — ар бир 7-10 күндө. Хлороз үчүн темир кошулмаларын кошуңуз (Ferovit, темир хелаты).",24.kg,https://24.kg/kyrgyzcha/366503_paydaluu_kenesh_bolmo_guldorunun_jalbyiraktaryi_emnege_sargayat/,,kyrgyz,0,high,news_site
a3edbaa5-7935-4dcc-9230-b185e43f3233,"УКМК үч медресени жаап, диний окуу жайлардагы мыйзам бузууларды аныктады","УКМК салттуу эмес диний агымдардын жайылышына жана жашы жете электерди тартууга жол бербөө боюнча иш-аракеттеринин алкагында диний билим берүү мекемелерин текшерди. Мекеменин маалыматына ылайык, 19 медресе текшерилген. Натыйжада, зарыл болгон уруксат берүүчү документтердин жоктугунан улам үч билим берүү мекемеси жабылып, аларга карата тергөө иштери башталды. Мындан тышкары, санитардык-эпидемиологиялык эрежелерди одоно бузгандыгы үчүн 2 медресеге айып пул салынып, ишмердүүлүгү убактылуу токтотулган. Ал эми 4 медресеге майда кемчиликтерди жоюу боюнча эскертүү берилген. Айрым медреселердеги диний адабияттар талап кылынган текшерүүдөн өтпөй калгандыктан, Кыргызстан мусулмандарынын дин башкармалыгына карап чыгууга жана бекитүүгө жөнөтүлгөн.",24.kg,https://24.kg/kyrgyzcha/368451_ukmk_uchmedreseni_jaap_diniy_okuu_jaylardagyi_myiyzam_buzuulardyi_anyiktadyi/,,kyrgyz,0,high,news_site
19c8ca68-9e69-4a91-a4af-a2aec3a4d599,Бүгүн Бишкектин айрым жерлеринде убактылуу суу өчүрүлөт,"Бүгүн, 10-мартында саат 10:00дөн 22:00гө чейин турак жай имараттарына, мектептерге, мектепке чейинки билим берүү мекемелерине, саламаттыкты сактоо мекемелерине жана башка социалдык жана өнөр жай объектилерине ичүүчү суу берүү токтотулат. Бул тууралуу мэриядан билдирди. Өчүрүү аймагы: Октябрь көчөсү-Чыгыш ЧЧК-Аламүдүн суусу- Путепроводная көчөсү. «ХБО» суу топтомосунда жана шаардык суу түтүк тармактарында реконструкция иштерин жүргүзүүгө байланыштуу өчүрүлөт. «Бишкексууканал» ишканасы ыңгайсыздык жараткандыгы үчүн кечирим сурайт жана ишканалардан жана тургундардан ичүүчү сууну алдын ала камдап алууну суранат.",24.kg,https://24.kg/kyrgyzcha/365214_bugun_bishkektin_ayryim_jerlerinde_ubaktyiluu_suu_ochurulot/,,kyrgyz,0,high,news_site
ba2194da-29cd-40c2-b4fc-f6936bdc5ffc,Кыргызстандык туристтер үчүн Өзбекстан популярдуу багыт бойдон калууда,"Өзбекстан кыргызстандык туристтер үчүн популярдуу багыт бойдон калууда. Бул тууралуу Өзбекстандын Туризм комитетинин маалыматында айтылат. Ага ылайык, 2026-жылдын алгачкы эки айында өлкөгө 521 миң 100 кыргыз жараны келген. Бул өткөн жылдын ушул мезгилине салыштырмалуу 23,3 пайызга көп. Кыргызстан Өзбекстанга болгон сапарлардын саны боюнча биринчи орунда турат. Андан кийин Тажикстан жана Казакстандан туристери болууда. Ошондой эле Орусиядан (+36 пайыз) жана Кытайдан (3,5 эсе) келген туристтердин саны да олуттуу өстү. 2025-жылы Өзбекстанга 11,7 миллион чет элдик турист келген. Ошондой эле, кыргызстандыктар 12 айдын ичинде эң көп туристтер келген өлкөлөрдүн катарына киришкен.",24.kg,https://24.kg/kyrgyzcha/367677_kyirgyizstandyik_turistter_uchun_ozbekstan_populyarduu_bagyit_boydon_kaluuda/,,kyrgyz,0,high,news_site
d499a1ff-b0dc-49cf-9e47-03e5a53a11e1,Садыр Жапаров Өзгөн районунун тургундары менен жолугушту. Эмнелер талкууланды?,"Ош облусуна болгон жумушчу сапарынын алкагында Садыр Жапаров Өзгөн районунун тургундары жана активисттери менен жолугушту. Бул тууралуу президенттин басма сөз кызматы билдирди. Жолугушууда инженердик инфраструктураны өнүктүрүү, анын ичинде газдаштыруу жана калкты ичүүчү суу менен камсыз кылуу маселелери, ошондой эле саламаттык сактоо жана медициналык кызматтардын жеткиликтүүлүгүн арттыруу темалары талкууланды. Мындан тышкары, калкты социалдык жактан колдоо, турак жай менен камсыз кылуу, социалдык инфраструктураны өнүктүрүү, анын ичинде билим берүү жана спорттук объекттерди куруу, аймактарды көрктөндүрүү боюнча кайрылуулар айтылды. Ошондой эле жер ресурстарын сарамжалдуу пайдалануу, укуктук талаштарды жөнгө салуу, жарандардын укуктарын коргоо, ишкердикти жана айыл чарба продукциясын кайра иштетүүнү өнүктүрүүгө шарт түзүү маселелери көтөрүлдү. Жолугушуунун жыйынтыгында президент Садыр Жапаров мамлекеттик органдарга бир катар тапшырмаларды берди. Алардын катарында инфраструктураны өнүктүрүү, саламаттык сактоо тармагынын материалдык-техникалык базасын чыңдоо, социалдык чөйрөдөгү долбоорлорду ишке ашыруу жана укуктук мүнөздөгү кайрылууларды карап чыгып, жарандардын укуктарын камсыз кылуу бар.",24.kg,https://24.kg/kyrgyzcha/370336_sadyir_japarov_ozgon_rayonunun_turgundaryi_menen_jolugushtu_emneler_talkuulandyi/,,kyrgyz,0,high,news_site
2dab9876-32a1-4448-a79c-ede01d0552d8,Эртең бокс боюнча Азия чемпионаты башталат. Кыргыз курамасынын тизмеси,"Кыргызстандын бокс боюнча курама командасы Монголиянын Улан-Батор шаарында өтө турган Азия чемпионатына катышат. Бул тууралуу Дене тарбия жана спорт боюнча мамлекеттик агенттиктен билдиришти. Маалыматка ылайык, чемпионат 28-марттан 11-апрелге чейин World Boxing версиясы боюнча өтөт. Команданын курамы: 50 кг чейин: Бекзат Эргешов; 55 кг чейин: Нурсултан Асанакунов; 60 кг чейин: Амантур Жумаев; 65 кг чейин: Мирзозид Имамназаров; 70 кг чейин: Элдар Турдубаев; 75 кг чейин: Атай Дамир; 85 кг чейин: Мухамадазиз Закиров; 90 кг чейин: Тыныстан Алыбаев. Машыктыруучулар: Башкы машыктыруучу: Данияр Төлөгөн уулу; Улук машыктыруучу: Улан Сагынбаев.",24.kg,https://24.kg/kyrgyzcha/367785_erten_boks_boyuncha_aziya_chempionatyi_bashtalat_kyirgyiz_kuramasyinyin_tizmesi/,,kyrgyz,0,high,news_site
aee9bafa-109f-4bc1-a794-c2c91d45aa9e,Пайдалуу кеңеш: Жумуртканын негизги коркунучу айтылды,"Сальмонеллез оорусу — жумуртка жегендин негизги коркунучу бойдон калууда. Ошондуктан, анын коркунучун азайтуу үчүн жумурткаларды кеминде беш мүнөт кайнатуу керек. Бул тууралуу Орусиянын Мамлекеттик билим берүү университетинин медицина факультетинин хирургия кафедрасынын улук окутуучусу Александр Умнов Gazeta.Ru басылмасына билдирди. Дарыгердин айтымында, кайнатылган жумуртка жогорку сапаттагы белоктун, В, Е, А, К жана D витаминдеринин эң сонун булагы болуп саналат жана ошондой эле холин, цинк, селен, темир жана көрүүнү жакшыртуучу антиоксиданттар лютеин менен зеаксантинди камтыйт. Умнов акыркы изилдөөлөр сарысыдагы тамак-аш холестеролунун кандагы холестериндин деңгээлине мурда ойлогондон азыраак таасир этерин көрсөткөнүн белгиледи. Бирок, жүрөк-кан тамыр оорулары бар адамдарга сарысын колдонууну чектөө сунушталат. Дарыгер ошондой эле күнүмдүк оптималдуу керектөөнү белгилеп, көпчүлүк чоңдор үчүн күнүнө бир же эки кайнатылган жумуртка коопсуз экенин айтты. Спорт менен активдүү алектенгендер күнүнө төрт жумурткага чейин жей алышат. Ал эми улгайган адамдарга күнүнө бир жумуртка менен чектелүү сунушталат. Балдарга жети айынан баштап сарысы берилет, ал эми жумуртканын агы болжол менен бир жашында берилет, анткени аллергендер болушу мүмкүн.",24.kg,https://24.kg/kyrgyzcha/370082_paydaluu_kenesh_jumurtkanyin_negizgi_korkunuchu_aytyildyi/,,kyrgyz,0,high,news_site
06462d39-2204-4e91-b844-c86108b73741,Бүгүнкү доллардын курсу,"Бүгүн, 16-апрелде саат 09:30га карата Кыргызстандын коммерциялык банктарда жана акча алмаштыруучу жайларда 1 долларды сатып алуу 87 сом 36 тыйынга чейин болсо, сатуу 87 сом 80 тыйын болууда. Ал эми Улуттук банкта 1 доллардын курсу 87 сом 45 тыйын деп көрсөтүлгөн",24.kg,https://24.kg/kyrgyzcha/370569_bugunku_dollardyin_kursu/,,kyrgyz,0,high,news_site
59ee1f3e-7a23-4413-acf6-50b5e3c99cb3,Пайдалуу кеңеш: Дайыма отуруп иштөө тамеки чегүүдөн да зыяндуураак,"Дайыма отуруп иштөө тамеки чегүүдөн да зыяндуураак экендигин жалпы практика дарыгери Богдан Лисевич Донецк жаңылыктар агенттигине билдирди. Анын айтымында күн сайын жарым сааттай сейилдөө жана үч кыска беш мүнөттүк машыгуу Гиподинамия тагыраак айтканда физикалык активдүүлүктүн жоктугунун кесепеттерин азайтууга жардам берет. Дарыгер кыймыл жүрөк-кан тамыр системасы, лимфа дренажы жана когнитивдик ден соолук үчүн абдан маанилүү экендигин айтты. Ал компьютерде көп убакыт иштөө денеге статикалык стресс алып келерин, бул тамеки чегүүдөн да зыяндуу болушу мүмкүн экенин, венанын бүтүшүн, инсулинге туруктуулукту жана омурткаларды колдогон булчуңдардын атрофиясын пайда кыларын белгиледи. Лисевич өзүңүздү марафонго же спорт залга барууга мажбурлабашыңыз керектигин баса белгиледи, анткени бул көп учурда кайталанууга жана күнөө сезимине алып келет. Күн сайын жөнөкөй кадамдарды жасоо маанилүүрөөк: 15 мүнөт эрте чыгып, аялдамаңызга чейин басуу, 30 мүнөттүк басууну милдеттүү ритуалга айландыруу керек. Адис ошондой эле күнүнө үч жолу күнүмдүк жашооңузга кыска, 5 мүнөттүк микро-көнүгүүлөрдү, мисалы, кеңседеги гимнастиканы же тепкич менен машыгууну киргизүүнү сунуштады. Ал ошондой эле «эшиктин туткасы» принцибин колдонууну сунуштады: мисалы, столдон туруп суу ичүү жана он жолу отуруп-туруу. Бул ыкма акырындык менен кыймылга көнүүгө жана аны күнүмдүк жашооңузга киргизүүгө жардам берет.",24.kg,https://24.kg/kyrgyzcha/370179_paydaluu_kenesh_dayyima_oturup_ishtoo_tameki_cheguudon_dazyiyanduuraak/,,kyrgyz,0,high,news_site
f7246599-ec6d-490e-bec1-f637878e4a46,Доор мурасы: Москвада Семён Чуйковго арналган көргөзмө өтөт,"Бүгүн, 7-апрелде Москва шаарындагы Мамлекеттик Третьяков галереясынын Кадашевская жээктеги корпусунда көрүнүктүү сүрөтчү Семён Афанасьевич Чуйковке арналган «Доор мурасы. Семён Чуйков» аттуу көргөзмөнүн салтанаттуу ачылышы өтөт. Бул тууралуу Маданият, маалымат жана жаштар саясаты министрлиги билдирди. Көргөзмө РОСИЗО мамлекеттик музей-көргөзмө борбору менен Третьяков галереясынын биргелешкен долбоору болуп саналат жана сүрөтчүнүн бай чыгармачылык мурасын кеңири таанытууну максат кылат. Көргөзмөдө сүрөтчүнүн ар кыл мезгилдердеги чыгармалары сунушталып, анын эң белгилүү эмгектеринин бири — «Советтик Кыргызстандын кызы» да көрсөтүлөт. Ошондой эле «Кыргыз колхоз сюитасы» сериясынан тандалган эмгектер экспозициянын өзөгүн түзөт. Мындан тышкары, экспозиция Чуйковдун түздөн-түз катышуусу менен топтолгон коллекциялар менен толукталат. Алардын ичинде белгилүү сүрөтчүлөрдүн чыгармалары жана анын ысымын алып жүргөн окуу жайдын бүтүрүүчү жаш сүрөтчүлөрүнүн эмгектери бар. Бул көргөзмө — көрүүчүлөр үчүн Семён Чуйковдун чыгармачылык дүйнөсүнө жаңыча көз караш менен баа берүү мүмкүнчүлүгү, ошондой эле кыргыз жана совет көркөм өнөрүнүн тарыхый мурасын тереңирээк түшүнүүгө шарт түзгөн маанилүү маданий окуя.",24.kg,https://24.kg/kyrgyzcha/369194_door_murasyi_moskvada_semen_chuykovgo_arnalgan_korgozmo_otot/,,kyrgyz,0,high,news_site
844713dd-32f9-4394-b317-495caacf2b0f,Бүгүн Бишкектин айрым жерлеринде суу болбойт,"Бүгүн, 14-апрелде Бишкек шаарынын айрым жерлеринде ичүүчү суу убактылуу өчүрүлөт. Бул тууралуу мэриядан билдиришти. Маалыматка ылайык, бүгүн саат 09:00дөн 24:00гө чейин турак жайларда, мектептерде, бала бакчаларда, саламаттыкты сактоо мекемелеринде жана башка социалдык-өндүрүштүк объектилерде суу болбойт. Өчүрүү аймагы: Л. Толстой көчөсү — Бакаев көчөсү — Алтымышев көчөсү — Жунусалиев көчөсү — Гагарин көчөсү — С. Боронбай көчөсү — Жазыйра көчөсү — Муромск көчөсү — Өмүр көчөсү — Алыкулов көчөсү — Ахунбаев көчөсү — Кырккыз көчөсү — Көк-Жайык көчөсү — Гагарин көчөсү — Торугарт көчөсү; Жумушчулар шаарчасы; Дыйканчылык институту; «Ак-Өргө» конушу; «Ак-Ордо» конушу (Ахунбаев көчөсүнүн түндүк тарабы); «Теңир-Тоо» конушу (Ахунбаев көчөсүнөн төмөн). Суу «Гагарин» жана «Түштүк-Батыш» суу топтомолорунда, ошондой эле шаардык суу түтүк тармактарында пландык оңдоо иштерин жүргүзүүгө байланыштуу өчүрүлмөкчү.",24.kg,https://24.kg/kyrgyzcha/370169_bugun_bishkektin_ayryim_jerlerinde_suu_bolboyt/,,kyrgyz,0,high,news_site
9cbb4321-940b-4ef0-872e-9b7ed7657b75,Азия чемпионаты: Кыргызстандык боксчулардын беттештеринин ырааттамасы,"Кыргызстандын бокс боюнча курама командасы Монголиянын Улан-Батор шаарында өтө турган Азия чемпионатына катышууда. Бул тууралуу Дене тарбия жана спорт боюнча мамлекеттик агенттиктен билдиришти. Маалыматка ылайык, чемпионат 11-апрелге чейин World Boxing версиясы боюнча өтөт. Кыргызстандык боксчулардын беттештеринин ырааттамасы: 30-март 70 кг 1/8 Элдар Турдубаев — Байрамдурды Нурмухамедов (Түркмөнстан). 31-март 55 кг 1/8 Нурсултан Асанакунов — Мейлис Шадурдыев (Түркмөнстан). 1-апрель 50 кг 1/8 Бекзат Эргешов — Вишванат Суреш (Индия). 60 кг 1/8 Амантур Джумаев — Сакда Руамтхам (Таиланд). 2-апрель 65 кг 1/8 Мирзохид Имамназаров — Руслан Гафуров (Тажикстан); 80 кг 1\8 Сагын Сатыбалды уулу — Фазлиддин Эркинбоев (Өзбекстан). 5-апрель 75 кг 1/4 Дамир Атай — Жавохир Умматалиев (Өзбекстан); 85 кг 1/4 Мухаммедазиз Закиров — Жасурбек Юлдошев (Өзбекстан); 90 кг 1/4 Тыныстан Алыбаев — Чудхари Харш (Индия).",24.kg,https://24.kg/kyrgyzcha/367934_aziya_chempionatyi_kyirgyizstandyik_bokschulardyin_betteshterinin_yiraattamasyi/,,kyrgyz,0,high,news_site
d172edab-cd39-4e0e-b035-998b94863822,Айдоочулардын эсине! Бишкек — Нарын — Торугарт унаа жолу убактылуу жабылат,"Бүгүн, 29-апрелден 5-майга чейин күн сайын саат 09:00дөн 16:00гө чейин Бишкек — Нарын — Торугарт унаа жолу маал-маалы менен жабылат. Бул тууралуу Транспорт жана коммуникациялар министрлигинин басма сөз кызматы билдирет. Маалыматка ылайык, 54-чакырымда жайгашкан жөө өтмөктү демонтаждоо иштери жүргүзүлөт. Унаа жолу жабылган учурда айланма жол уюштурулат. Министрлик айдоочуларга алдын ала маршрутту пландап алууну эскертет.",24.kg,https://24.kg/kyrgyzcha/372296_aydoochulardyin_esine_bishkek_naryin_torugart_unaa_jolu_ubaktyiluu_jabyilat/,,kyrgyz,0,high,news_site
8d9f6fc0-9845-4fd0-a814-4460a659b4c8,Апта башында Бишкекте кайрадан суук болот. 9-11-мартка карата аба ырайы,"Аптанын башында Бишкекте жаан-чачын күтүлөт. Бул синоптиктердин алдын ала божомолу. 9-марттатүнкүсүн асман жарым-жартылай булуттуу болуп, эң жогорку температура 3 градус Цельсийге чейин жетиши күтүлүүдө. Күндүз булуттуу болуп, эң жогорку температура 15 градус Цельсийге чейин жетиши күтүлүүдө. 10-марттатүнкүсүн жамгыр карга айланып, эң төмөнкү температура −1 градус Цельсийге чейин жетиши күтүлүүдө. Күндүз жамгыр жаап, эң төмөнкү температура 3 градус Цельсийге чейин жетиши күтүлүүдө. 11-марттатүнкүсүн кар жаашы күтүлүүдө, эң төмөнкү температура −7 градус Цельсийге чейин жетиши күтүлүүдө. Күндүз булуттуу жана суук болот, болжол менен −1 градус Цельсийге чейин.",24.kg,https://24.kg/kyrgyzcha/365020_apta_bashyinda_bishkekte_kayradan_suuk_bolot_9-11-martka_karata_aba_yirayyi/,,kyrgyz,0,high,news_site
566e69f7-65d4-4107-a647-de6ef42a93c0,Шашылыш билдирүү! Кар көчкү түшүү кооптуулугу сакталууда,"Эртең, 6-марттан 10-мартына чейин туруксуз аба ырайына байланыштуу Кыргызстандын тоолуу райондорунда кар көчкү түшүүсү жана кар күрткүсү күтүлөт. Бул тууралуу Өзгөчө кырдаалдар министрлиги билдирди. Маалыматка ылайык, кар көчкү түшүү коркунучу Кыргызстандын тоолуу райондорунда, атап айтканда: ӨКМ жолдор тайгак болуп, муз тоңушу мүмкүн экенин эскертип, айдоочуларга унаалардын ортосунда кеминде 500 метр аралык сактоону сунуштады.",24.kg,https://24.kg/kyrgyzcha/364705_shashyilyish_bildiruu_kar_kochku_tushuu_kooptuulugu_saktaluuda/,,kyrgyz,0,high,news_site
48fb2179-f116-4ff8-b92c-e4b5bb6eb1a5,Долон ашуусунда кар жаап жатат,"Долон ашуусунда кар жаап жатат. Кардын калыңдыгы 5-6 см болду. Бул тууралуу Транспорт жана коммуникациялар министрлиги билдирди. Маалыматка ылайык, учурда № 41 Жол тейлөө ишканасы тарабынан таңдан бери жолду тазалоо иштери аткарылууда. Учурда каттам бар,жолго кум-туз себүүиштери жүрүүдө.",24.kg,https://24.kg/kyrgyzcha/372145_dolon_ashuusunda_kar_jaap_jatat/,,kyrgyz,0,high,news_site
393363be-0c21-4d85-b05a-e1380e38a6d7,Дүйнө чемпионаты −2026: Ирандын ордуна талапкер команда аталды,"Эгерде Иран турнирден чыгып кетсе, Италиянын курама командасына 2026-жылы АКШда өтө турган Дүйнөлүк кубокто ойноого мүмкүнчүлүк берилиши мүмкүн. Бул тууралуу чет элдик спорт басылмалары жазып чыкты. Маалыматка ылайык, ФИФА Италияны 2026-жылкы Дүйнөлүк кубокто Ирандын ордуна негизги талапкер катары карап жатат. ФИФАнын президенти Жанни Инфантино Ирандын спорт министри менен жеке байланышып, команданын турнирге катышуусунун ар кандай варианттарын, анын ичинде АКШдан тышкары жерде машыгуу-жыйынын өткөрүүнү жана беттештердин графигин өзгөртүүнү сунуштаган. Бирок, Ирандын позициясы өзгөрүүсүз калууда. Өлкө Иран менен олуттуу саясий пикир келишпестиктери бар өлкө өткөргөн турнирге катышпай турганын билдирген. Натыйжада, ФИФА команданы алмаштырууну карап жатат. Италия бош орунга негизги талапкер катары каралууда. Булактын маалыматы боюнча, акыркы чечим жакында кабыл алынышы мүмкүн. Эгерде мындай чечим кабыл алынса, Италиянын курама командасы калган плей-оффко катышпастан Дүйнөлүк кубокко түз катышууга мүмкүнчүлүк алышы мүмкүн экени белгиленди. Эске сала кетсек, Италия 2026-жылкы Дүйнөлүк чемпионатка түз жолдомо ала албай калган, анткени Норвегияга утулуп калгандан кийин тандоо тобундагы экинчи орунду ээлеген. Женнаро Гаттузо машыктырган команда плей-оффко катышуусу керек. 26-мартта италиялыктар плей-оффтун жарым финалында Түндүк Ирландия менен беттешет. Эгерде алар жеңишке жетишсе, 31-мартта Уэльс-Босния беттешинин жеңүүчүсү менен беттешет.",24.kg,https://24.kg/kyrgyzcha/366049_duyno_chempionatyi_2026_irandyin_orduna_talapker_komanda_ataldyi/,,kyrgyz,0,high,news_site
da6fc3d7-4a15-454f-b98c-ed28cca3f417,Азия Кубогу −2027: Чучукулак тартуу аземи 9-майда өтөт,"Кыргызстандын Улуттук курама командасынын катышуусунда өтө турган 2027-жылкы Азия Кубогунун тайпаларын аныктоо боюнча чүчүкулак тартуу аземи 9-май күнү болот. Бул тууралуу Кыргыз футбол биримдигинен билдирди. Чүчүкулактагы себеттердин курамы төмөнкүдөй: Себеттердин курамы 2026-жылдын 1-апрелинде жарыяланган ФИФА рейтингинин көрсөткүчтөрүнүн негизинде түзүлдү. Белгилей кетсек, Улуттук курама команда Азия биринчилигине өз тарыхында үчүнчү ирет катышат. Жалпысынан турнирге континенттин 24 командасы катышып, чүчүкулак тартуунун жыйынтыгы боюнча 6 тайпа түзүлөт. 2027-жылкы Азия Кубогу 7-январдан 5-февралга чейин Сауд Арабиясынын Эр-Рияд, Жидда жана Эль-Хубар шаарларында өтөт.",24.kg,https://24.kg/kyrgyzcha/371389_aziya_kubogu_2027_chuchukulak_tartuu_azemi_9-mayda_otot/,,kyrgyz,0,high,news_site
e9348bd1-ae65-43f0-a8c5-1be052b923da,Орозо −2026: Эртең Бишкекте № 38 жана № 203 автобустары бекер кызмат көрсөтөт,"Эртең, 20-мартта Орозо айт майрамына карата Бишкек шаарындагы эки линиядагы автобустар жүргүнчүлөргө акысыз кызмат көрсөтөт. Бул тууралуу Кыргызстан мусулмандарынын дин башкармалыгынан билдиришти. Маалыматка ылайык, азирети муфтийдин демилгеси менен уюштурулган бул акциянын алкагында № 38 жана № 203 багытындагы 50 автобус таңкы саат 05:00дөн түшкү 12:00гө чейин жарандарды акысыз ташымакчы. Акысыз автобус каттамын уюштурунун максаты айт намазына келген шаар тургундарына жана конокторуна майрамдык маанай тартуулоо, ошондой эле ыйык майрамдын руханий баалуулуктарын даңазалоо болуп саналат. Эскерте кетсек, Бишкек шаарында Орозо айт намазы эртең, 20-мартта Турдакун Усубалиев атындагы эски аянтта окулат. Орозо айт намазынын программасы (Бишкек шаары): Ал эми аймактарда Орозо айт намазы мечиттерде окулат. Региондордогу жалпы айттык программа: Белгиленгендей, тоолуу аймактардын өзгөчөлүгүнө байланыштуу жогоруда көрсөтүлгөн убакыттардын бир аз айырмаланышына уруксат берилет.",24.kg,https://24.kg/kyrgyzcha/366726_orozo_2026_erten_bishkekte_38jana_203_avtobustaryi_beker_kyizmat_korsotot/,,kyrgyz,0,high,news_site
5f4292c1-969f-4322-8271-8c47c4703fb9,Бишкекте кайрадан тамак-аштан массалык уулануу катталды,"Бишкекте кайрадан массалык тамак-аштан уулануу фактысы катталды. Бул тууралуу Оорулардын алдын алуу жана мамлекеттик санитардык-эпидемиологиялык көзөмөл департаменти билдирди. Алдын ала маалыматтарга ылайык, 13 адам медициналык жардамга кайрылган. Алардын 11 ооруканага жаткырылып, экөө амбулатордук дарыланууга алынды. Учурда бардык жабырлануучулар зарыл болгон медициналык жардамды алып жатышат. Алдын ала иликтөөлөр көрсөткөндөй, ууланган адамдар «Буффет» кафетериясында даярдалган тамак-ашты жешкен. Санитардык-эпидемиологиялык кызматтын адистери мекемени пландан тышкаркы текшерүүдөн өткөрүп, лабораториялык текшерүү үчүн продукциянын үлгүлөрүн алышкан. Аныкталган эреже бузуулар боюнча протокол түзүлдү. 23 миң сом айып пул салынып, кафетериянын ишин 11-марттан баштап убактылуу токтотуу жөнүндө буйрук чыгарылды. Эпидемиологиялык иликтөө уланууда.",24.kg,https://24.kg/kyrgyzcha/365494_bishkekte_kayradan_tamak-ashtan_massalyik_uulanuu_kattaldyi/,,kyrgyz,0,high,news_site
42d973e9-c11b-486e-b71e-2084d1a82b82,Бишкекте өтө турган күрөш боюнча Азия чемпионатынын программасы жарыяланды,"6—12-апрель күндөрү Бишкек шаарындагы «Жаштык» аренада спорттук күрөш боюнча Азия чемпионаты өтөт. Бул тууралуу Дене тарбия жана спорт мамлекеттик агенттигинен билдиришти. Мелдешке Азиянын эң күчтүү балбандары катышып, грек-рим, эркин жана кыз-келиндер күрөшү боюнча күч сынашат. Жалпысынан 350гө жакын балбан катышып, 30 комплект медаль ойнотулат. Чемпионаттын программасы күрөштүн түрлөрүнө жараша төмөнкүдөй бөлүштүрүлгөн: Кыргызстандын улуттук курама командасынын намысын өлкөнүн мыкты балбандары коргойт, грек-рим күрөшү боюнча 10, кыз-келиндер күрөшү боюнча 9 жана эркин күрөш боюнча 10 балбан күч сынашат.",24.kg,https://24.kg/kyrgyzcha/368727_bishkekte_oto_turgan_kurosh_boyuncha_aziya_chempionatyinyin_programmasyi_jaryiyalandyi/,,kyrgyz,0,high,news_site
7cc7978a-e15e-4af3-b2be-cf53e0bc9adf,Алтын топ −2026: Гарри Кейн рейтингдин сап башына чыкты,"«Goal» аналитикалык абройлуу порталы 2026-жылдагы «Алтын топ» сыйлыгына негизги талапкерлердин рейтингин жарыялады. «Бавария» жана Англия курама командасынын борбордук чабуулчусу Гарри Кейн талапкерлердин тизмесинде алдыңкы орунду ээледи. Алдыңкы үчтүккө «Реал Мадриддин» Килиан Мбаппе жана «Барселонанын» жаш таланты Ламин Ямал да кирди. Учурдагы алдыңкы тизме төмөнкүдөй: 1. Гарри Кейн («Бавария») 2. Килиан Мбаппе («Реал Мадрид») 3. Ламин Ямал («Барселона») 4. Майкл Олисе («Бавария») 5. Луис Диас («Бавария») 6. Эрлинг Холанн («Манчестер Сити») 7. Рафинья («Барселона») 8. Винисиус («Реал») 9. Деклан Райс («Арсенал») 10. Витинья («ПСЖ»). Эске салсак, бул тандоо кокустук эмес — Кейн эң сонун сезон өткөрүп жатат. Ал 40 беттеште 48 гол киргизип, беш голдук пас берген.",24.kg,https://24.kg/kyrgyzcha/366959_altyin_top_2026_garri_keyn_reytingdin_sap_bashyina_chyiktyi/,,kyrgyz,0,high,news_site
3e6c2a97-2cd2-45cc-969f-e425887929bc,28-мартка карата аба ырайы,"Кыргызгидромет кызматы билдиргендей, эртең, 28-мартта өлкө аймактарында күн ачык болот. Айрым чөлкөмдөрдө абанын табы 28 градуска чейин жылыйт. Абанын температурасы: Чүй өрөөнүндө түнкүсүн +6... +11, күндүз +19... +24; Талас жергесинде түнкүсүн +4... +9, күндүз +18... +23; Баткен, Ош, Жалал-Абад облустарында түнкүсүн +8... +13, күндүз +23... +28; Нарын аймагында түнкүсүн 0... −5, күндүз +11 .. +16; Ысык-Көл облусунда түнкүсүн −2... +3, күндүз +12... +17; Бишкек шаарында түнкүсүн +7... +9, күндүз +22... +24 градус жылуу болот.",24.kg,https://24.kg/kyrgyzcha/367792_28-martka_karata_aba_yirayyi/,,kyrgyz,0,high,news_site
f0942f0c-8a09-43cb-a97d-8bbbca2595cd,Бүгүн Бишкекте Китеп күнүнө арналган Окуу декадасы башталат,"Бишкек шаарынын мэриясынын Билим берүү департаменти бүгүн, 10-апрелден 20-апрелине чейин Китеп күнүнө карата Окуу декадасын өткөрөт. Бул тууралуу мэриядан билдирди. Маалыматка ылайык, демилгенин алкагында борбор калаанын бардык жалпы билим берүү жана мектепке чейинки билим берүү уюмдарында, балдар жана өспүрүмдөр арасында окууну жайылтууга багытталган ар түрдүү маданий-билим берүү иш-чаралары өткөрүлөт. Шаардын мектептеринде жана бала бакчаларында адабий сааттар, китеп көргөзмөлөрү, жазуучулар менен жолугушуулар, көркөм окуу боюнча сынактар, «Бирге окуйбуз» акциялары, ошондой эле тематикалык викториналар жана интерактивдүү сабактар уюштурулат. Окуу декадасын өткөрүүнүн негизги максаты — жаш муундун китепке жана окууга болгон кызыгуусун арттыруу, окурмандык маданиятын калыптандыруу, балдардын дүйнө таанымын кеңейтүү, ошондой эле көркөм адабиятка болгон сүйүүсүн тарбиялоо болуп саналат. Билим берүү департаменти окуучуларды, мугалимдерди жана ата-энелерди иш-чараларга активдүү катышууга жана окуу маданиятын бекемдөөгө, балдардын руханий өнүгүүсүнө багытталган бул демилгени колдоого чакырат.",24.kg,https://24.kg/kyrgyzcha/369776_bugun_bishkekte_kitep_kununo_arnalgan_okuu_dekadasyi_bashtalat/,,kyrgyz,0,high,news_site
899ec2c5-6672-4242-807b-4a41c0147f13,Азия чемпионаты. Раззак Бейшекеев Кыргызстанга төртүнчү алтын медалды алып келди,"Бишкектеги «Жаштык аренада» өтүп жаткан Азия чемпионатында кыргызстандык балбан Раззак Бейшекеев 67 кг салмак ченинде жапониялык балбан Кенсуке Шимизуну 8:2 эсебинде утуп Азиянын чемпиону болду. 67 килограмм салмактагылар арасында күч сынашкан мекендешибиз алгач кореялык балбанды жеңип, жарым финалда ирандык балбанды эки мүнөткө жетпеген убакытта жеңип алды. Финалда Раззак Бейшекеев жапон балбаны менен беттешип, жеңишке жетти.",24.kg,https://24.kg/kyrgyzcha/369573_aziya_chempionatyi_razzak_beyshekeev_kyirgyizstanga_tortunchu_altyin_medaldyi_alyip_keldi/,,kyrgyz,0,high,news_site
18d2f377-065b-42bb-b503-0ef4d6f9a43b,Пайдалуу кеңеш: Улгайган куракта арыктоонун сыры айтылды,"Белоктун жетиштүү көлөмү камтылган тең салмактуу диета жана кандайдыр бир өзгөрүүлөрдүн алдында дарыгер менен кеңешүү — улгайган куракта арыктоонун башкы сыры болуп саналат. Бул тууралуу «НСН» маалымат агенттигине берген маегинде диетолог Марият Мухина билдирди. Адистин айтымында, «дени сак тарелка» принцибин сактоо маанилүү. Мында тамак-аштын: Жарымын — жашылча-жемиштер; Төрттөн бир бөлүгүн — белоктор; Калган бөлүгүн — татаал углеводдор түзүшү керек. Дарыгер арыктоону баштоодон мурун кандын анализин тапшырып, липиддик спектрди жана инсулиндин деңгээлин текшерүүнү, ошондой эле эндокринолог жана гастроэнтерологдон кеңеш алууну сунуштады. Диетолог кошумчалагандай, отуз жаштан кийин организм булчуң ткандарын жогото баштайт. Ал эми кырк жаштан кийин метаболизм (зат алмашуу) төмөндөйт. Гормоналдык өзгөрүүлөр жана стресстин фонунда май негизинен курсак тармагына чогулат. Мухина физикалык активдүүлүк адамга ырахат тартуулап, муундарга ашыкча күч келтирбеши керектигин баса белгиледи.",24.kg,https://24.kg/kyrgyzcha/372306_paydaluu_kenesh_ulgaygan_kurakta_aryiktoonun_syiryi_aytyildyi/,,kyrgyz,0,high,news_site
23bf0e57-5bcf-4f84-ab03-c7c5e88c5579,Интернет алдамчылыгы. Былтыр кыргыз жарандарынан 826 миллион сом уурдалган,"2025-жылы кыргыз жарандарынан 826 миллион сом уурдалган. Бул тууралуу бүгүн, 12-мартта Жогорку Кеңешинин жыйынында Ички иштер министринин орун басары Нурбек Абдиев билдирди. Анын айтымында, жалпы чыгым 826 млн сомдон ашып, 73 млн сомго жакыны кайтарылган. «Адатта жарандар алданып калганын 1-2 күндөн кийин гана түшүнүшөт, ал эми алдамчылар акчаны 1-2 сааттын ичинде эле чыгарып кетишет. Улуттук банк менен биргеликте шектүү которууларды ыкчам бөгөттөө үчүн банктык карталардагы каражаттарды тез арада тоңдуруу системасы киргизилүүдө», — деди ал. Депутат Эльвира Сурабалдиева алдамчылар тарабынан уурдалган акчанын кайтарылып алынуу көрсөткүчү өтө төмөн экенин белгиледи. «Алдангандардын көбү милиция аларга акчасын кайтарып алууга жардам бере аларына ишенишпейт окшойт, ошондуктан алар арыз жазышпайт. Ошол эле учурда, милиция кызматкерлери жабырлануучуларга акчасын кайтарып алуу мүмкүнчүлүгү дээрлик нөлгө барабар экенин түз айтышат», — деп белгиледи ал. Ал жабырлануучулар электрондук капчыгынан акча уурдалганын билсе, биринчи кезекте кандай кадам жасашы керектигин сурады. Министрдин орун басары картага байланыштуу банкка жана Ички иштер министрлигине тезинен чалуу маанилүү экенин белгиледи. «Эгерде уурдалгандан бери 24 сааттан ашык убакыт өтпөсө, каражаттарды кайтарып алуу мүмкүнчүлүгү жогору. Биз Улуттук банк менен иштешип жатабыз. Биз шектүү финансылык бүтүмдөр болгон учурда каражаттардын тоңдурууга мүмкүндүк берген системаны киргиздик. Ошондой эле ири суммадагы криптовалюталар менен жасалган алдамчылык учурлары катталган. Мындай учурларда кылмышкерлердин мындан аркы операцияларын токтотуу үчүн криптобиржаларга кат жөнөтөбүз», — деп кошумчалады ал.",24.kg,https://24.kg/kyrgyzcha/365698_internet_aldamchyilyigyi_byiltyir_kyirgyiz_jarandaryinan_826_million_som_uurdalgan/,,kyrgyz,0,high,news_site
e9785636-337a-4192-9977-43b76e177629,U-23: Кыргызстандын футбол боюнча курамасы Сербия жана Албания менен беттешет,"Кыргызстандын 23 жашка чейинки футбол боюнча улуттук курама командасы Түркиядагы машыгуу лагеринин алкагында эки жолдоштук беттеш өткөрөт.Бүл тууралуу Кыргыз футбол биримдиги билдирди. Маалыматка ылайык, жыйындар 23-31-март күндөрү Анталияда өтөт. Эдмар Ласерданын командасы 26-мартта Сербиядан келген жана 30-мартта Албаниядан келген кесиптештери менен ойнойт. Январь айында Кыргызстан курама командасы Азия Кубогунун финалында ойногон, бирок өз тобунан чыга алган эмес.",24.kg,https://24.kg/kyrgyzcha/365747_U-23_kyirgyizstandyin_futbol_boyuncha_kuramasyi_serbiya_jana_albaniya_menen_betteshet/,,kyrgyz,0,high,news_site
6d773cb7-adbf-4957-8c62-aaf676b64221,Бүгүн Ак калпак күнү,"5-март — Ак калпак күнү. Бул күндү 2011-жылы белгилөө демилгесин кинорежиссёр Рысбек Жабиров көтөрүп чыккан. Жогорку Кеңеш өзүнүн 2016-жылдын 29-июнундагы «5-мартты жыл сайын белгиленүүчү Ак калпак күнү деп белгилөө жөнүндө» токтомуна өзгөртүү киргизип, 5-мартты — Ак калпак жана улуттук кийимдер күнү катары жарыялаган. Калпак — бул кыргыздардын кийим-кечектеринин ичинен эң ыйыгы. Анын касиетин аны кийип жүргөндөр сезе алышат. Бул байыркы баш кийимди кийген адам илгерки бабаларынын тарыхына тамырлашып, калайык калкынын тагдырына бекем байланат. Калпак — кыргыздын улуттук көркөм дөөлөттөрүнүн көрөңгөсү.",24.kg,https://24.kg/kyrgyzcha/364597_bugun_akkalpak_kunu/,,kyrgyz,0,high,news_site
763cdeaa-d695-42ca-90c6-ac9e320a33d3,ӨКМ: Тоолуу райондордо сел жана кар көчкү коркунучу бар,"Өлкөнүн тоолуу райондорунда сел жүрүү жана кар көчкү түшүү коркунучу бар. Бул тууралуу Өзгөчө кырдаалдар министрлиги билдирет. Маалыматка ылайык, 8-апрелден 10-апрелге чейин күтүлүп жаткан нөшөрлүү жаан-чачынга байланыштуу республиканын тоолуу жана тоо этектериндеги райондорунда сел жүрүшү мүмкүн, дарыяларда суунун деңгээли көтөрүлүшү күтүлөт. Ошондой эле Бишкек-Ош унаа жолунун 121-138-чакырымдарында (Төө-Ашуу ашуусу), 198-255-чакырымдарында (Чычкан капчыгайы, Ала-Бел ашуусу),Балыкчы-Казарман-Жалал-Абад унаа жолунун 326-349-чакырымдарында (Көк-Арт ашуусу) жана Каракол-Эңилчек унаа жолунун 45-90-чакырымдарында (Чоң-Ашуу ашуусу) кар көчкү түшүүсү жана кар күрткүсү күтүлөт, жолдор тайгак болуп муз тоңот. Унаалардын ортосунда 500 метр аралык кыймыл чектелиши зарыл.",24.kg,https://24.kg/kyrgyzcha/369468_okm_tooluu_rayondordo_sel_jana_kar_kochku_korkunuchu_bar/,,kyrgyz,0,high,news_site
fb54b4db-88cf-48a0-aa54-da425e2ee9d4,Жогорку Кеңеште жаңы дайындалган министрлер ант беришти,"Бүгүн, 11-мартта Жогорку Кеңештин жыйынында жаңы дайындалган министрлер ант беришти. Ант берген министрлер: Ошондой эле УКМК төрагасы Жумгалбек Шабданбеков ант берди. Жогорку Кеңештин жыйынына Президент Садыр Жапаров катышууда.",24.kg,https://24.kg/kyrgyzcha/365457_jogorku_keneshte_janyi_dayyindalgan_ministrler_ant_berishti/,,kyrgyz,0,high,news_site
f8f8693c-553c-4170-943d-6922287a6678,Быйыл Кыргызстанда 9 миллион бак -дарак отургузуу пландалууда,"Кыргызстанда «Жашыл мурас» улуттук кампаниясынын алкагында жашылдандыруу иштери активдүү уланууда. Бул тууралуу Жаратылыш ресурстары, экология жана техникалык көзөмөл министрлигинен билдиришти. Маалыматка ылайык, жыл башынан бери республика боюнча 3 250 гектардан ашык жер аянтына 3 млн 820 миң 663 түп көчөт отургузулду. Учурда жаш көчөттөрдү сугаруу жана коргоо иштери планга ылайык жүргүзүлүүдө. Үстүбүздөгү жылы кампаниянын алкагында отургузула турган көчөттөрдүн санын 9 млн түпкө жеткирүү пландалууда. Бул көрсөткүч өлкөнүн экологиялык абалын жакшыртууга жана токой аянттарын кеңейтүүгө багытталган. Белгиленгендей, 2025-жылы өлкө аймагында жалпысынан 8 млн 239 миңден ашык бак-дарак отургузулган. Көчөттөр 6 420 гектар аянтты камсыздап, алардын өсүп кетүү көрсөткүчү 74,5 пайызды түздү.",24.kg,https://24.kg/kyrgyzcha/365170_byiyyil_kyirgyizstanda_9million_bak_-darak_oturguzuu_plandaluuda/,,kyrgyz,0,high,news_site
d6415d4b-529f-47b8-9765-5e2dbda24283,Баткенде аялын өлтүргөн адам өз жанын кыйды. Беш бала жетим калды,"Баткен облусунун Чоң-Кара айылында эркек киши аялын өлтүрүп, андан кийин өз жанын кыйган. Бул каргашалуу окуя тууралуу Баткен облустук ички иштер башкармалыгы билдирди. Маалыматка ылайык, каргашалуу кырсык Чоң-Кара айылында болгон. Анда 45 жаштагы жаран балдары уктап жатканда, уктоочу бөлмөдө 44 жаштагы жубайына бир нече жолу бычак сайган. Натыйжада, аял киши ошол жерде каза болгон. Андан соң 45 жаштагы жаран үйүнүн короосундагы өрүк бакка асынып алган. Бул факт боюнча Кылмыш-жаза кодексинин 122-беренеси (Адам өлтүрүү) менен кылмыш иши козголуп, тиешелүү соттук-медициналык экспертизалар дайындалды. Азырынча шектүүнүн мындай кадамга барганынын себеби белгисиз. Учурда тергөө иштери жүрүүдө. Жергиликтүү жалпыга маалымдоо каражаттарынын маалыматына караганда, жубайлардын артында беш баласы калды. Алардын үчөө мектеп жашындагылар. Эки тараптан тең балдардын чоң ата, чоң эне жана таята, таенелери жок экени айтылууда.",24.kg,https://24.kg/kyrgyzcha/372006_batkende_ayalyin_olturgon_adam_ozjanyin_kyiydyi_besh_bala_jetim_kaldyi/,,kyrgyz,0,high,news_site
599740a5-121a-4246-be48-02e1824d043e,2-апрелге карата аба ырайы,"Эртең, 2-апрелде өлкө аймактарында күн ачык болот. Айрым аймактарда абанын табы +31 градуска чейин ысыйт. Абанын температурасы: Чүй өрөөнүндө түнкүсүн +7... +12, күндүз +24... +29; Талас жергесинде түнкүсүн +5... +10, күндүз +20... +25; Баткен, Ош, Жалал-Абад облустарында түнкүсүн +10... +15, күндүз +26... +31; Нарын аймагында түнкүсүн −2... +3, күндүз +17 .. +22; Ысык-Көл облусунда түнкүсүн +1... +6, күндүз +17... +22; Бишкек шаарында түнкүсүн +9... +11, күндүз +26... +28 градус жылуу болот.",24.kg,https://24.kg/kyrgyzcha/368480_2-aprelge_karata_aba_yirayyi/,,kyrgyz,0,high,news_site
609baabd-9afa-4bae-9240-aa86160086c7,5-мартка карата аба ырайы,"Эртең, 5-мартта түнкүсүн Чүй, Ош, Жалал-Абад, Баткен, Ысык-Көл, Нарын облустарынын көпчүлүк аймактарында, Талас облусунун айрым жерлеринде жаан жаап, карга айланат. Тоолуу райондорунда кар жаайт. Күндүз көпчүлүк аймактарда жаан, кар жаайт. Ош, Жалал-Абад, Баткен, Нарын облустарынын айрым жерлеринде жаан-чачын жаайт. Абанын температурасы: Чүйдө түнкүсүн −1...+4, күндүз 6...11; Таласта түнкүсүн −3...+2, күндүз 6...11; Баткен, Ош, Жалал-Абад облустарында түнкүсүн 3...8, күндүз 7...12; Ысык-Көлдө түнкүсүн −2...+3, күндүз 4...9; Нарында түнкүсүн 0...-5, күндүз 1...6. Бишкекте түнкүсүн 0...2°, күндүз 9...11° жылуу болот.",24.kg,https://24.kg/kyrgyzcha/364570_5-martka_karata_aba_yirayyi/,,kyrgyz,0,high,news_site
58520a43-d004-4595-b844-0c04a1516179,Президент: «Келечекте 16 жашка чейинки балдар жөлөкпулдар менен камсыздалат»,"Президенти 16 жашка чейинки бардык балдарга жөлөкпулдардын берилишин камсыз кылууну көздөйт. Бул тууралуу Садыр Жапаров Жогорку Кеңештин бүгүнкү жыйынында билдирди. Ал депутат Дастан Бекешевдин мамлекеттин үч жашка чейинки бардык балдарга жөлөкпул берүү чечими коомчулук тарабынан абдан оң кабыл алынганы тууралуу билдирүүсүнө жооп берип жатып айтты. Садыр Жапаров совет доорунда үй-бүлөнүн каржылык абалына карабастан, 16 жашка чейинки балдарга жөлөкпулдар бериле турганын эске салды. Мамлекет башчысы белгилегендей, учурда өлкө экономикасы туруктуу өсүш жолуна түшүп, бул социалдык төлөмдөрдү этап-этабы менен көбөйтүүгө мүмкүнчүлүк түзүүдө. Президенттин айтымында, негизги максат балдарды колдоодо «бай-кедей» деп бөлбөстөн, жалпы камсыздоого өтүү. «Келечекте бюджетибиз көбөйгөн сайын 16 жашка чейинки балдарга бай-кедейине карабай, баарына бирдей жөлөк пул берүүгө аракет кылабыз», — деди Садыр Жапаров.",24.kg,https://24.kg/kyrgyzcha/365483_prezident_kelechekte_16jashka_cheyinki_baldar_jolokpuldar_menen_kamsyizdalat/,,kyrgyz,0,high,news_site
632b5fc7-fe3c-4d34-9286-a6de27b874bc,Орусиянын вице-премьери Алексей Оверчук Кыргызстанга жумушчу сапар менен келди,Министрлер кабинетинин төрагасы Адылбек Касымалиев өлкөгө иш сапары менен келген Россия өкмөтүнүн төрагасынын орун басары Алексей Оверчук менен жолугушту. Жолугушуунун жүрүшүндө соода-экономикалык чөйрөдөгү эки тараптуу кызматташуунун жана башка багыттардын кеңири комплекси талкууланды. Сүйлөшүүлөрдүн алкагында Кыргыз-россия өкмөттөр аралык комиссиясынын алдыдагы жыйынынын маселелери да каралды. Тараптар эки өлкө үчүн тереңдетилген стратегиялык өнөктөштүк рухунда артыкчылыктуу багыттар боюнча мындан аркы өз ара аракеттенүүнү чыңдоонун маанилүүлүгүн белгилешти.,24.kg,https://24.kg/kyrgyzcha/369610_orusiyanyin_vitse-premeri_aleksey_overchuk_kyirgyizstanga_jumushchu_sapar_menen_keldi/,,kyrgyz,0,high,news_site
6ca6f807-86e9-47df-80fc-ea24e29ab2fb,Садыр Жапаров Гананын тышкы иштер министрин кабыл алды. Эмнелер талкууланды?,"Президент Садыр Жапаров Гана Республикасынын тышкы иштер министри Сэмуэль Аблакваны кабыл алды. Бул тууралуу президенттин басма сөз кызматы билдирди. Маалыматка ылайык, жолугушууда эки өлкөнүн ортосундагы кызматташтыкты чыңдоо маселелери, ошондой эле өз ара кызыкчылык туудурган багыттар боюнча тараптардын аракеттенүүлөрүн өнүктүрүү келечеги талкууланды. Мамлекет башчысы өлкөлөрдүн географиялык жактан алыс жайгашканына карабастан, Кыргызстан Гана менен эки жактуу жана көп тараптуу форматта кызматташтыкты тереңдетүүгө кызыкдар экенин баса белгиледи. Садыр Жапаров Африка өлкөлөрү менен өнөктөштүктү бекемдөө боюнча активдүү иштер жүрүп жатканына токтолду. Буга байланыштуу, өткөн жылы Кыргызстандын Эфиопиядагы элчилиги ачылганын, жакынкы аралыкта Египетте да элчилик ачуу пландаштырылып жатканын кошумчалады. Ал ошондой эле үстүбүздөгү жылдын февраль айында Кыргызстан Африка биримдигинде байкоочу макамын алганына көңүл бурду. Бул уюмдун алкагында, анын ичинде Гананын 2027-жылдагы төрагалыгынын мезгилинде кызматташтыкты өнүктүрүү үчүн кошумча мүмкүнчүлүктөрдү ачат. Гананын тышкы иштер министри Сэмуэль Аблаква өз кезегинде Садыр Жапаровго Гананын президенти Жон Драмани Махаманын жылуу саламын айтып, Гананын көз карандысыздыгынын 70 жылдыгына жана Африка биримдигине төрагалык кылуусуна байланыштуу келерки жылы өлкөгө келип кетүүгө чакыруусун жеткирди. Сэмуэль Аблаква Кыргызстанда жүргүзүлүп жаткан реформалардын маанисин жогору баалап, айрыкча коррупцияга каршы күрөшүү жана улуттук кызыкчылыктарды коргоо багытындагы аракеттерди, анын ичинде «Кумтөр» маселесин белгиледи. Ошондой эле курулуш, санариптештирүү, туризм жана агроөнөр жай комплекси эки өлкөнүн кызматташтыгы үчүн артыкчылыктуу багыттардын бири экенин айтты. Соңунда президент Садыр Жапаров менен Гананын тышкы иштер министри Сэмуэль Аблаква бул сапар өлкөлөрдүн ортосундагы достук жана ишкердик мамилелерди чыңдоодо жаңы барак ачарына ишеним билдиришти.",24.kg,https://24.kg/kyrgyzcha/366168_sadyir_japarov_gananyin_tyishkyi_ishter_ministrin_kabyil_aldyi_emneler_talkuulandyi/,,kyrgyz,0,high,news_site
d02c05e1-9199-4cfd-a589-849b5351e2e9,Кытайдын коргоо министри иш сапары менен Кыргызстанга келди,Кытайдын коргоо министри Дун Цзюнь расмий иш сапары менен Кыргызстанга келди. Бул тууралуу Коргоо министрлигинен билдиришти. Ал 28-апрелде Бишкек шаарында өтө турган Шанхай кызматташтык уюмуна мүчө мамлекеттердин коргоо министрлеринин кеңешмесине катышат. Жогорку даражалуу конокту «Манас» эл аралык аэропортунан Кыргызстандын коргоо министри Руслан Мукамбетов тосуп алды,24.kg,https://24.kg/kyrgyzcha/371945_kyitaydyin_korgoo_ministri_ishsaparyi_menen_kyirgyizstanga_keldi/,,kyrgyz,0,high,news_site
b837590b-4846-4709-80af-a44ef1df0b2e,Чемпиондор Лигасынын жарым финалынын алгачкы жуптары аныкталды,"2025/26-жылкы УЕФА Чемпиондор Лигасынын жарым финалынын алгачкы эки командасы аныкталды. Франциянын «ПСЖ» жана Испаниянын «Атлетико» клубдары абройлуу Европа Кубогу үчүн күрөшүн улантышат. Париждиктер чейрек финалда Англиянын «Ливерпуль» клубун эки жолу жеңип, ар бири 2:0 эсебинде тең чыгышкан. Биринчи беттеш бир жума мурун болгон жана жооптук беттеште Луис Энрикенин шакирттери дагы бир жолу өздөрүнүн артыкчылыгын көрсөтүштү. Атлетиколордун жолу татаалыраак болду. Жооптук беттеште Мадрид клубу Барселонага 2:1 эсебинде утулуп калган, бирок биринчи беттеште ишенимдүү 2:0 эсебиндеги жеңиштин аркасында алар жалпы лидерлигин сактап, турнирдин кийинки этабына чыга алышты. Испандар жарым финалда «Арсенал-Спортинг» беттешинин жеңүүчүсү менен беттешет. «ПСЖ» болсо «Реал Мадрид-Бавария» беттешинин жеңүүчүсү менен ойнойт.",24.kg,https://24.kg/kyrgyzcha/370338_chempiondor_ligasyinyin_jaryim_finalyinyin_algachkyi_juptaryi_anyiktaldyi/,,kyrgyz,0,high,news_site
ec9ecc46-c074-4217-bfdb-3858f2ae8a81,Быйыл Кыргызстан 26 миңге жакын унаа импорттоду,"2026-жылдын январь-февраль айларында Кыргызстандын автоунаа базарында транспорт каражаттарын алып келүү (импорт) жана алып чыгуу (экспорт) көлөмүнүн ортосунда чоң айырма катталды. Импорттун негизги агымын Азия өлкөлөрү камсыздаса, экспорт Орусиянын рыногуна багытталган. Бул тууралуу Улуттук статистика комитетинин маалыматында айтылат. Канча унаа жана кайдан келди? Жылдын алгачкы эки айында республикага 25 миң 892 жеңил унаа алынып келинген. Бул 2025-жылдын ушул мезгилине салыштырмалуу 39 пайызга көп. Акчалай алганда импорттун баасы 17 миллиард 776,3 миллион сомду (болжол менен 203,3 миллион доллар) түздү. Кыргызстанга жеңил унааларды жеткирүү боюнча абсолюттук лидерлер: Ошондой эле өлкөгө 50,7 миллион долларга бааланган 3 миң 936 жүк ташуучу унаа (негизги берүүчүлөр — КНР жана Түштүк Корея) жана 473 атайын багыттагы техника импорттолгон. Унаалар каякка экспорттолууда? Миңдеген импорттолгон унаалардын фонунда расмий экспорт бир кыйла аз көрүнөт. Эки айдын ичинде Кыргызстандан болгону 10,4 миллион долларга бааланган 623 жеңил унаа чыгарылган. Негизги сатып алуучу Орусия болду — ал жакка 8 миллион долларга бааланган 524 машина жөнөтүлгөн. Жүк ташуучу унаалардын экспорту болгону 12 даананы (138,9 миң долларга), ал эми атайын техниканыкы — 8 даананы түздү. Тетиктер рыногу Кыргызстан автотетиктерди да жигердүү сатып алууда. Автоунаа тетиктеринин жана керектүү жабдыктарынын импорту 20,6 миллион долларга бааланып, дээрлик 6 миң тоннаны түздү (анын көбүн Кытай жеткирген — 3 миң 574,5 тонна). Ошол эле учурда республика 12 миллион долларга бааланган 2 миң 958,6 тонна автотетик экспорттогон. Анын дээрлик бардык көлөмү (2 миң 727,1 тоннасы) Орусияга жөнөтүлгөн.",24.kg,https://24.kg/kyrgyzcha/371570_byiyyil_kyirgyizstan_26minge_jakyin_unaa_importtodu/,,kyrgyz,0,high,news_site
b2c9e112-a91e-47e1-9ebc-09928da0670d,Кыргызстан жашылча экспортун көбөйтүүдө,"Кыргызстан жашылча экспортун көбөйтүүдө. Бул тууралуу Суу ресурстары, айыл чарба жана кайра иштетүү өнөр жайы министрлиги билдирди. Маалыматка ылайык,Пермь крайынын Ветеринардык жана фитосанитардык көзөмөл башкармалыгы Кыргызстандан барган салмагы 20,7 тонна сабизди текшерип, сатууга уруксат берди. Россия тараптын маалыматы боюнча өткөн жылдын ушул эле мезгилинде Пермь крайына Кыргызстандан мындай продукция жеткирилген эмес. «Россельхознадзор» Пермь шаарындагы Өсүмдүктөрдүн карантини боюнча бүткүл россиялык илимий-изилдөө институту менен бирге товарды коштогон документтерди текшерип, лабораториялык экспертизадан өткөрдү. Бул жүктү коштоочу фитосанитардык документтеринин жарактуулугу, анда эч кандай карантиндик микроорганизмдер жоктугу тастыкталды"" — деп айтылат билдирүүдө. Кыргыз Республикасынын Суу ресурстары, айыл чарба жана кайра иштетүү өнөр жайы министрлигинин маалыматы боюнча 2025-жылдын январь—декабрь айларында айыл чарба, тамак-аш жана кайра иштетүү тармагынын продукциясынын жалпы тышкы соода жүгүртүүсү 2024-жылга караганда 22%га өсүп, 186,1 млрд сомду (же 2,13 млрд АКШ долларын) түзгөн. 2025-жылдын жыйынтыгында айыл чарба, тамак-аш жана кайра иштетүү өнөр жайы продукциясынын экспорту 33,0 млрд сомду (же 378,1 млн АКШ долларын) түздү. Анын ичинен өсүмдүк өндүрүмдөрүнүн экспорту 7,0 млрд сомго (же 80,7 млн АКШ долларына) жетти. Жашылча продукциясын экспорттоодо сабиз маанилүү орунду ээлейт. 2025-жылы сабиздин жалпы экспорту 8 405 тоннаны түздү. Негизги экспорттук багыттар төмөндөгү алты өлкө болду: 2026-жылдын башынан бери сабиздин экспорту 1 013 тоннаны түздү. Анын ичинен 902 тоннасы Россия Федерациясына, 111 тоннасы Казакстан Республикасына жөнөтүлгөн. Кыргызстан жашылча-жемишти Россияга, Казакстанга жана ЕАЭБ уюмуна мүчө башка өлкөлөргө экспорттойт. Экспортко жөнөтүлгөн бардык продукциялар тиешелүү товардык жана фитосанитардык документтер менен коштолот. Алардын таризделиши жана көзөмөлү өсүмдүктөрдүн карантини боюнча ыйгарым укуктуу мамлекеттик орган тарабынан жүргүзүлөт. Министрлик айыл чарба өндүрүмүн экспорттоодо коштоочу жана фитосанитардык документтерди туура даярдоону эскертет.",24.kg,https://24.kg/kyrgyzcha/367255_kyirgyizstan_jashyilcha_eksportun_koboytuudo/,,kyrgyz,0,high,news_site
a68f24d4-8a63-4996-8af8-f45f1f6459cd,Бишкек мэриясы жылуулук качан өчүрүлөрүн түшүндүрдү,"Бишкек шаарында жылуулук сезону жылуу аба ырайы үзгүлтүксүз башталганда аяктайт деп билдирди Бишкек мэриясы. Маалыматка ылайык, эгерде орточо күндүзгү температура 8 градус Цельсийден ашып, кеминде беш күн катары менен ошол деңгээлде калса, жылуулук өчүрүлөт. Бишкекте күндүзгү температура 17-мартта 11ден 13 градус Цельсийге чейин жетет деп болжолдонууда. 18-мартта андан ары жылып, 13төн 15 градус Цельсийге чейин жетиши күтүлүүдө. Жылуулукту өчүрүү боюнча акыркы чечим жакынкы күндөрү аба ырайынын шарттарына жараша кабыл алынат.",24.kg,https://24.kg/kyrgyzcha/366361_bishkek_meriyasyi_jyiluuluk_kachan_ochurulorun_tushundurdu/,,kyrgyz,0,high,news_site
96ea02c6-b138-4f33-8bf8-585269fb21e4,Жогорку Кеңештин депутаты Бакыт Тентишев «Эл үмүтү — Ата журт» тобуна кошулду,Жогорку Кеңештин депутаты Бакыт Тентишев «Эл үмүтү — Ата журт» депутаттык тобуна мүчө болду. Бул тууралуу парламенттин 18-марттагы жыйынында аталган топтун лидери Дастан Жумабеков билдирди. Ал буга чейин «Адилет Кыргызстан» тобуна кошулган болчу.,24.kg,https://24.kg/kyrgyzcha/366487_jogorku_keneshtin_deputatyi_bakyit_tentishev_elumutu_ata_jurt_tobuna_koshuldu/,,kyrgyz,0,high,news_site
e64e3e5e-635d-4547-a231-832f26809026,Бүгүн Бишкектин бир бөлүгүндө суу өчүрүлөт,"Бүгүн, 7-апрелде турак жайларда, мектептерде, мектепке чейинки билим берүү мекемелеринде, саламаттыкты сактоо мекемелеринде жана башка социалдык жана өнөр жай объектилеринде ичүүчү суу берүү саат 09:00дөн 02:00гө чейин токтотулат. Бул тууралуу Бишкек мэриясынан билдирди. Өчүрүү аймагы: — Алыкулов көчөсү — Кустанай көчөсү — Муромск көчөсү — Садыгалиев көчөсү — Л. Толстой көчөсү — Кока-Кола аймагы; — Садыгалиев көчөсү — Д. Сяопин проспектиси — П. Лумумбы көчөсү — Волков көчөсү — Кустанай көчөсү андан ары Алимжан-Ата көчөсү — ЧЧК — Ленская көчөсү — Космонавттар көчөсү — Коммунаров көчөсү — ЧЧК — Ала-Арча дарыясы — Рыскулов көчөсү — Д. Сяопин проспектиси — Пишпек көчөсү — Джамгырчинов көчөсү — Кайназарова көчөсү — Гатчинский тилкеси — П. Лумумбы көчөсү — Джамгырчинов көчөсүнөн Садыгалиев көчөсүнө чейин. — «Аскер шаарчасы», «Кызыл Аскер», 110-квартал, «Достук» кичи району. Өчүрүү «Западный» суу алгычында жана шаардын суу менен камсыздоо тармактарында оңдоо иштерине байланыштуу болууда. «Бишкексууканал» муниципалдык ишканасы келтирилген ыңгайсыздык үчүн кечирим сурайт жана ишканаларды жана тургундарды ичүүчү сууну алдын ала камдап алууну суранат.",24.kg,https://24.kg/kyrgyzcha/369195_bugun_bishkektin_bir_bolugundo_suu_ochurulot/,,kyrgyz,0,high,news_site
d6bcb3a7-f3b3-45a2-8966-e7facd855c6a,Бүгүнкү доллардын курсу,"Бүгүн, 6-март саат 09:30га карата Кыргызстандын коммерциялык банктарда жана акча алмаштыруучу жайларда 1 долларды сатып алуу 87 сом 36 тыйынга чейин болсо, сатуу 87 сом 80 тыйын болууда. Ал эми Улуттук банкта 1 доллардын курсу 87 сом 45 тыйын деп көрсөтүлгөн",24.kg,https://24.kg/kyrgyzcha/364793_bugunku_dollardyin_kursu/,,kyrgyz,0,high,news_site
2b98d7de-16fb-4874-a6a4-271cdaa380d3,Бүгүндөн тарта Бишкектеги фонтандар иштей баштайт,"Бүгүн, 29-апрелден тартып фонтандар иштей баштайт. Бул тууралуу мэриядан билдиришти. Маалыматка ылайык, учурда «Тазалык» муниципалдык ишканасы фонтандарды ишке киргизүүгө даярдап жатат. Борбор калаадагы фонтан комплекстери: «Тазалык» муниципалдык ишканасы шаардын инфраструктурасын жакшыртуу жана борбор калаанын тургундары жана коноктору үчүн ыңгайлуу шарттарды түзүү боюнча ишин улантууда.",24.kg,https://24.kg/kyrgyzcha/372294_bugundon_tarta_bishkektegi_fontandar_ishtey_bashtayt/,,kyrgyz,0,high,news_site
64b08dc7-74b9-4194-a2fc-99729c94ac6d,"Быйыл дыйкандарга 3,7 миллиард сомдук 1089 даана техника берилди","Суу ресурстары, айыл чарба жана кайра иштетүү өнөр жайы министрлиги тарабынан айыл чарба техникаларын жаңылоо жана дыйкандарды колдоо багытында иштер улантылууда. 2011-жылдан тартып Министрлер Кабинетинин колдоосунда «Айыл Банк» жана «Элдик Банк» аркылуу жети лизинг долбоору ишке ашырылган. Анын алкагында дыйкандарга айыл чарба техникалары жана кайра иштетүүчү жабдуулар жеңилдетилген шартта берилет. Техникалар 7 жылдык мөөнөткө, жылдык 6% үстөк менен лизингге сунушталууда. Жалпысынан мамлекеттик колдоонун негизинде 32 млрд сомго 11 миң 378 даана техника берилди. Анын ичинде 2026-жылы 3,7 млрд сомго 1 089 даана техника дыйкандарга жеткирилди. Бул иштер айыл чарба тармагын механизациялоону жакшыртып, өндүрүштүн эффективдүүлүгүн жогорулатууга өбөлгө түзүүдө.",24.kg,https://24.kg/kyrgyzcha/366329_byiyyil_dyiykandarga_37_milliard_somduk_1089_daana_tehnika_berildi/,,kyrgyz,0,high,news_site
412ba9b9-43f6-4c37-8a4a-b941554e8874,Тосмо жана салондор: Бишкекте Ала-Арча дарыясынын жээгиндеги курулуштар алынды,"Бишкек шаарында Алтымышев көчөсүнүн боюндагы Ала-Арча дарыясынын жээгин мыйзамсыз курулуштардан тазалоо иштери жүргүзүлдү. Мэриядан билдиришкендей, бул иш-чара өзгөчө кырдаалдардын алдын алуу максатында дарыя нугун тазалоочу атайын техникалардын тоскоолдуксуз өтүүсүн камсыз кылууга багытталган. Иш-чаранын жүрүшүндө төмөнкү объекттер демонтаждалды: Жыйынтыгында 1420 чарчы метр муниципалдык жер бошотулду. Жер мыйзамдарын бузгандыгы үчүн 5 жаранга жалпы суммасы 150 000 сом өлчөмүндө айып пул салынды. Бишкек шаарынын мэриясынын Жер пайдаланууну контролдоо башкармалыгы тарабынан Алтымышев көчөсү, 124 дарегинде жайгашкан СПА-салондун жер тилкесин бошотуу маселеси боюнча архитектуралык-курулуш көзөмөл башкармалыгына расмий кат жөнөтүлдү. Бул объекттин мамлекеттик актысы бар экендигине байланыштуу иш мыйзам алкагында каралууда.",24.kg,https://24.kg/kyrgyzcha/368265_tosmo_jana_salondor_bishkekte_ala-archa_daryiyasyinyin_jeegindegi_kurulushtar_alyindyi/,,kyrgyz,0,high,news_site
943b5e58-9349-4291-abe1-b7220db5af29,Селден жабыркаган аймактарда санитардык-эпидемиологиялык кырдаал туруктуу,"Кыргызстандын сел жүргөн райондорунда санитардык-эпидемиологиялык абал туруктуу бойдон калууда. Бул тууралуу Саламаттык сактоо министрлигинен билдиришти. Маалыматка ылайык, Ош, Жалал-Абад жана Баткен облустарында катуу жаан-чачынга байланыштуу медициналык жана санитардык иштер күчөтүлдү. Аймактарда: Баткен областында кооптуу аймактардан 35 үй-бүлө эвакуацияланды. Эвакуацияланган жарандар медициналык коштоого алынып, алардын саламаттык абалы көзөмөлдөнүүдө. Медициналык жардам алууга 37 адам кайрылып, алардын бардыгына зарыл жардам көрсөтүлдү, оор учурлар катталган жок.",24.kg,https://24.kg/kyrgyzcha/372843_selden_jabyirkagan_aymaktarda_sanitardyik-epidemiologiyalyik_kyirdaal_turuktuu/,,kyrgyz,0,high,news_site
ef296d9d-051f-4b23-a95b-30253d484ee8,Бишкекте алты күндөн бери изделип жаткан өспүрүмдүн сөөгү табылды,"Бишкек шаарында 4-апрелден бери изделип жаткан Санжар Нурлановдун сөөгү табылды. Бул тууралуу Свердлов райондук милициясынан билдиришти. Маалыматка ылайык, 6-апрель күнү Бишкек шаарынын Свердлов РИИБге Н.Г. аттуу жаран арыз менен кайрылып, 2009-жылы туулган Н. С. аттуу уулун издөөгө көмөк көрсөтүүнү суранган. Жарандын арызы боюнча өспүрүм 4-апрель күнү болжол менен саат 18:30да Бишкек шаарынын Шабдан баатыр көчөсүндө жайгашкан үйүнөн чыгып, белгисиз тарапка кеткен. Аталган факт боюнча дароо ыкчам издөө иш-чаралары жүргүзүлө баштаган. Анын натыйжасында бүгүн жаш өспүрүмдүнсөөгү табылган. Маркумдун сөөгү каралып, алдын ала көзгө көрүнгөн дене жаракаттары аныкталган жок. Аталган факты боюнча өлүмдүн себебин аныктоо үчүн соттук-медициналык экспертиза дайындалды.",24.kg,https://24.kg/kyrgyzcha/369885_bishkekte_altyi_kundon_beri_izdelip_jatkan_ospurumdun_soogu_tabyildyi/,,kyrgyz,0,high,news_site
a309fc0a-eec1-4114-add3-2bda045db1b2,Бүгүнкү доллардын курсу,"Бүгүн, 10-март саат 09:30га карата Кыргызстандын коммерциялык банктарда жана акча алмаштыруучу жайларда 1 долларды сатып алуу 87 сом 40 тыйынга чейин болсо, сатуу 87 сом 80 тыйын болууда. Ал эми Улуттук банкта 1 доллардын курсу 87 сом 45 тыйын деп көрсөтүлгөн",24.kg,https://24.kg/kyrgyzcha/365247_bugunku_dollardyin_kursu/,,kyrgyz,0,high,news_site
585f66e7-55aa-4817-83ff-e819ec406539,Кыргызстанда Курман айт качан майрамдалары белгилүү болду,"2026-жылы Кыргызстанда Курман айт майрамы 27-майда белгиленет. Бул тууралуу Кыргызстан мусулмандарынын дин башкармалыгынан билдиришти. Мусулмандардын негизги майрамдарынын биринин датасы ай календары боюнча аныкталат жана жыл сайын өзгөрүп турат. Курман айт ажылыктын аякташын символдоштуруп, курмандык чалуу жана кайрымдуулук сыяктуу салттуу жөрөлгөлөр менен коштолот. Күтүлгөндөй эле, майрам күнү расмий эс алуу күнү деп жарыяланат.",24.kg,https://24.kg/kyrgyzcha/372199_kyirgyizstanda_kurman_ayt_kachan_mayramdalaryi_belgiluu_boldu/,,kyrgyz,0,high,news_site
b13ddf39-921d-4970-bf44-490c209df008,Чүй облусунда 1 миң 250 гектар жер чегирткеден куткарылууда,"Өсүмдүктөрдү химиялаштыруу, коргоо жана карантин департаментинин адистери Чүй облусунун Панфилов жана Сокулук райондорунда чегирткелердин массалык түрдө жайылганын аныкташты. Масштабтуу текшерүүлөрдүн жыйынтыгында, ведомство зыянкечтерди жок кылуу боюнча шашылыш чараларды даярдап жатканын Суу ресурстары, айыл чарба жана кайра иштетүү өнөр жайы министрлигинин басма сөз кызматы билдирди. Инспекторлор жана жергиликтүү бийлик өкүлдөрү 2 миң 610 гектар жерди текшерүүдөн өткөрүштү. Зыяндуу курт-кумурскалардын очоктору Панфилов районунун жогорку зоналарында, анын ичинде Фрунзе, Курама жана Орто-Кайыңды аймактарында катталды. Ошондой эле зыянкечтер Сокулук районунун Төмөнкү Чүй аймагындагы жайыттарга чабуул жасаган. Жалпысынан чегирткелер 1 миң 250 гектар аянтты ээлеп алган. Текшерүүнүн жыйынтыгы боюнча департаменттин кызматкерлери актыларды түзүштү. Жакынкы күндөрү мобилдик топтор жабыркаган аймактарды химиялык иштетүүдөн өткөрө баштайт. Эксперттер аймактарга ыкчам мониторинг жүргүзүүнү улантууда. Мындай изилдөөлөр курт-кумурскалар айыл чарба эгиндерине өтүп кете электе, очокторду чектөөгө мүмкүндүк берет. Буга чейин чегирткелер Кыргызстандын түштүгүнө чабуул жасаганы кабарланган. Расмий маалыматтар боюнча, ал жакта 7 миң 320 гектар жер жабыркаган. Быйыл зыянкечтер адаттагыдан эрте пайда болду. Чегирткелердин жайылышын токтотуу үчүн жабыркаган аймактарды химиялык иштетүү иштери башталды.",24.kg,https://24.kg/kyrgyzcha/372373_chuy_oblusunda_1min_250_gektar_jer_chegirtkeden_kutkaryiluuda/,,kyrgyz,0,high,news_site
32aa25c8-4190-415a-a7ed-7ebfb2412872,ӨКМ: Тоолуу райондордо кар көчкү жана сел жүрүү коркунучу бар,"17-апрелден 19-апрелге чейин күтүлүп жаткан жаан-чачынга жана абанын температурасынын жогорулашына байланыштуу Кыргызстандын тоолуу райондорунда кар көчкү жана кар күрткүсү түшүүсү мүмкүн. Бул тууралуу Өзгөчө кырдаалдар министрлиги эскертүү таратты. Маалыматка ылайык, төмөнкү тилкелер өзгөчө кооптуу: Балыкчы — Казарман — Жалал-Абад унаа жолунун 326-349-чакырымдарында (Көк-Арт ашуусу); Каракол — Эңилчек унаа жолунун 70-90-чакырымдарында (Чоң-Ашуу ашуусу). Жолдор тайгак болуп, муз тоңот. Коопсуздук үчүн унаалардын ортосундагы 500 метрлик аралыкты так сактоо зарыл. Ошондой эле 17-апрелде туруксуз аба ырайына жана нөшөрлүү жаанга байланыштуу республиканын тоолуу жана тоо этектериндеги райондорунда сел жүрүү коркунучу бар. Дарыяларда суунун деңгээли көтөрүлүшү күтүлөт.",24.kg,https://24.kg/kyrgyzcha/370791_okm_tooluu_rayondordo_kar_kochku_jana_sel_juruu_korkunuchu_bar/,,kyrgyz,0,high,news_site
b7bea0dc-7e0a-4f4a-939c-6b29fa062a37,17-апрелге карата аба ырайы,"Эртең, 17-апрелге караган түнү көпчүлүк аймактарда жаан жаап, күн күркүрөп, бийик тоолуу райондорго кар жаашы мүмкүн. Айрым жерлерге жаан-чачын катуу жаайт. Күндүз көпчүлүк аймактарда жаан жаап, күн күркүрөшү, бийик тоолуу райондордо кар жаашы, айрым жерлерде жаан-чачын катуу жаашы күтүлөт. Абанын температурасы: Чүйдө түнкүсүн +3...+8 күндүз +9...+14 Таласта түнкүсүн +1...+6 күндүз +8...+13 Баткенде түнкүсүн +6...+11 күндүз +13...+18 Ош, Жалал-Абад облустары нда түнкүсүн +6...+11 күндүз +13...+18 Ысык-Көлдө түнкүсүн +2...+7 күндүз +11...+16 Нарында түнкүсүн +0...+5 күндүз +10...+15 Бишкекте түнкүсүн +6...+8°, күндүз +12...+14° болот.",24.kg,https://24.kg/kyrgyzcha/370685_17-aprelge_karata_aba_yirayyi/,,kyrgyz,0,high,news_site
51b9d6e8-719e-44c1-aa58-d6bbec8e7bd7,Бишкекте рейд: Үч саатта туура эмес токтотулган 37 унаа эвакуацияланды,"Бишкекте туура эмес токтотулган унааларга каршы рейд уланууда. Анда үч сааттын ичинде атайын жол белгиси менен тыюу салынган жерлерге, таштанды челектердин алдына жана аялдамаларга токтогон 37 унаа эвакуацияланып, айып короо жайына киргизилди. Бишкек шаарынын мэриясы шаар тургундарын жол кыймылынын эрежелерин так сактоого чакырып, айрыкча унааларды аялдамаларда, жол жээгинде жана жашыл аймактарда токтотпоону эскертет. Белгилей кетсек, унааны туура эмес токтоткондор үчүн 1000 сом айып пул каралган. Жеринде протокол түзүү 300 сомду түзөт, эвакуатор кызматтары — 1600 сом, ал эми жашыл аймакка токтоткондор үчүн 5500 сом айып пул каралган.",24.kg,https://24.kg/kyrgyzcha/369821_bishkekte_reyd_uchsaatta_tuura_emes_toktotulgan_37unaa_evakuatsiyalandyi/,,kyrgyz,0,high,news_site
37620521-85bb-4788-8ff8-e882d1ec7770,"Жогорку Кеңеш Башкы прокуратуранын 2025-жылга карата отчетун угуп, эске алды","Жогорку Кеңеш Башкы прокуратуранын 2025-жылга карата отчетун угуп, эске алды. Мындай чечим бүгүн, 8-апрелдеги парламенттин жалпы жыйында кабыл алынды. Отчетту Башкы прокурор Максат Асаналиев сунуштады. Депутаттар ишкерлердин укуктарын коргоо үчүн прокурордук көзөмөлдү күчөтүүнү талап кылышты. Атап айтканда, Гуля Кожокулова атайын комиссия түзүүнү талап кылды. «Башкы прокурор жеке менчикти мыйзамсыз басып алуу боюнча 300дөн ашык арыз түшкөнүн белгиледи. Мен өзүм «Жалын» жана «Аврора Грин» лагерлериндеги басып алуулар боюнча айткам. Бул басып алуулар кылмыш иши козголбостон, тергөөчүлөрдүн буйругусуз жана соттун чечими жок эле болгон. Парламенттин токтомунда комиссия түзүү каралышы керек», — деп кошумчалады ал. Депутаттар үй-бүлөлүк зомбулукка жана жашы жете электердин кылмыштуулугуна каршы күрөштү күчөтүүгө чакырышты. Жыйынтыгында 2025-жылы Кыргыз Республикасында мыйзамдуулуктун абалы жөнүндө жана аны чыңдоо боюнча прокуратура органдары тарабынан аткарылган иштер тууралуу Кыргыз Республикасынын Башкы прокуратурасынын отчеттук маалыматы эске алынды.",24.kg,https://24.kg/kyrgyzcha/369519_jogorku_kenesh_bashkyi_prokuraturanyin_2025-jyilga_karata_otchetun_ugup_eske_aldyi/,,kyrgyz,0,high,news_site
0c42fb33-cdd2-4f13-a98b-7766d25689c0,ӨКМ: Ашууларда кар көчкү түшүүсү мүмкүн,"18-мартка чейин өлкөнүн тоолуу райондорунда жана негизги унаа жолдорунда кар көчкү түшүү коркунучу бар. Бул тууралуу Өзгөчө кырдаалдар министрлиги эскертти. Маалыматка ылайык, туруксуз аба ырайына байланыштуу төмөнкү жол тилкелеринде этият болуу зарыл: Аталган аймактарда кар күрткүсү күтүлүп, жолдор тайгак болуп, муз тоңот. Коопсуздукту камсыздоо үчүн унаалардын ортосундагы 500 метрлик аралыкты так сактоо талап кылынат.",24.kg,https://24.kg/kyrgyzcha/366138_okm_ashuularda_kar_kochku_tushuusu_mumkun/,,kyrgyz,0,high,news_site
0bd317f9-81db-4698-9963-fb10685ef73e,Бишкек бийлиги шаар тургундарды жана коноктору вальс кечесине чакырат,"Бишкек шаарынын күнүнө карата 29-апрелде Ала-Тоо аянтында вальс кечеси өтөт. Бул тууралуу шаардын администрациясы билдирди. Маалыматка ылайык, бий өнөрүн көрсөтүүнү каалагандардын бардыгы үчүн сынак уюштурулат. Сынакка катышуу үчүн алдын ала каттоодон өтүү зарыл. Каттоодо байланыш маалыматтарын, жашын, аты-жөнүн көрсөтүү талап кылынат. Милдеттүү шарттар: жуп болуп катышуу, белгиленген дресс-кодду сактоо жана алдын ала даярдыкка ээ болуу. Сынактын программасында төмөнкү номинациялар каралган: Сынактын алдында репетиция өткөрүлөт. Анын датасы жана убактысы катышуучуларга кошумча билдирилет. Катталуу жана кошумча маалымат алуу үчүн төмөнкү телефон номерине кайрылсаңыздар болот: 0312 510 178.",24.kg,https://24.kg/kyrgyzcha/369584_bishkek_biyligi_shaar_turgundardyi_jana_konoktoru_vals_kechesine_chakyirat/,,kyrgyz,0,high,news_site
4d40d2f4-b78c-4592-88d7-19944e55de4c,Бүгүн Бишкектин Жибек Жолу көчөсүндөгү көпүрөнүн бир тарабы ачылат,"Бүгүн, 10-март күнү түштөн кийин Жибек Жолу көчөсүндөгү көпүрөнүн түндүк тарабы пайдаланууга берилет. Бул тууралуу шаардык мэриядан билдиришти. Маалыматка ылайык, реконструкцияга чейин көпүрөнүн туурасы 9 метр болгон. Жаңылоо иштеринин натыйжасында көпүрө кеңейтилип, учурда анын туурасы 13 метрди түзөт. Аба ырайынын начарлап жаткандыгына байланыштуу жана шаар тургундарынын ыңгайлуулугун эске алуу максатында көпүрөнүн бир тарабы ачылып, транспорт кыймылы уюштурулат. Ал эми көпүрөнүн экинчи тарабын март айынын аягында ачуу пландалууда. Учурда тиешелүү кызматтар тарабынан реконструкциялоо иштеринин калган бөлүгүн толук аяктоо боюнча иштер улантылууда.",24.kg,https://24.kg/kyrgyzcha/365254_bugun_bishkektin_jibek_jolu_kochosundogu_kopuronun_bir_tarabyi_achyilat/,,kyrgyz,0,high,news_site
b63b07d3-9d77-45fb-8d45-43ff114f88a6,Бексултан Жакиевдин 90 жылдыгы: Кыргыз-казак төкмө акындарынын айтышы өтөт,"Кыргыз Республикасынын Баатыры, эл жазуучусу, драматург Бексултан Жакиевдин 90 жылдыгына арналган кыргыз-казак төкмө акындарынын эл аралык айтышы өтөт. Бул тууралуу Манас театрынан билдирди. Маалыматка ылайык, бул ирет сахнада кыргыз менен казактын мыкты акындары беттешип, сөздүн күчү, ойдун тереңдиги жана тапкычтык менен таймашат. Эл аралык айтыш 16-май күнү Токтогул Сатылганов атындагы Кыргыз Улуттук филармониясында өтөт. Финалда 5 кыргыз жана 5 казак акыны таймашып, көрүүчүлөргө жогорку деңгээлдеги сөз өнөрүн тартуулашат. Ошондой эле иш-чаранын алкагында комузчулардын күү айтышы жана дастанчылардын чыгармалары сунушталат. Кыргыз акындары: Казак акындары: Эки элдин өнөрпоздору бир сахнада жолугуп, чыныгы айтыштын духун жаратат.",24.kg,https://24.kg/kyrgyzcha/372878_beksultan_jakievdin_90jyildyigyi_kyirgyiz-kazak_tokmo_akyindaryinyin_aytyishyi_otot/,,kyrgyz,0,high,news_site
c7014b28-be43-4740-8c2d-f1c1e9ee58e2,Кыргызстанда Туризмди өнүктүрүү боюнча мамлекеттик агенттик түзүлдү,Кыргызстанда Туризмди өнүктүрүү боюнча мамлекеттик агенттик түзүлдү. Тийиштүү жарлыкка президент Садыр Жапаров кол койду. Жаңы агенттик Экономика жана соода министрлигин кайра уюштуруунун натыйжасында түзүлдү. Агенттиктин негизги түзүмү — мурдагы жоюлган Туризм департаменти болду. Өзгөртүүлөр ошондой эле Туризмди өнүктүрүү боюнча Улуттук кеңештин жаңы курамын түзүүгө алып келди. Жарлык расмий жарыяланган күндөн тартып күчүнө кирет.,24.kg,https://24.kg/kyrgyzcha/368555_kyirgyizstanda_turizmdi_onukturuu_boyuncha_mamlekettik_agenttik_tuzuldu/,,kyrgyz,0,high,news_site
e12dec09-3392-4b23-b003-c9954aeadf30,Стамбулда Кыргыз кино күндөрү өтөт,"24-26-март күндөрү Түркиянын Стамбул шаарындагы тарыхый Atlas кинотеатрында Кыргыз кино күндөрү өтөт. Бул тууралуу Маданият, маалымат, спорт жана жаштар саясаты министрлигинен билдиришти. Кино күндөрүнүн программасына төмөнкү тасмалар кирген: Бул тасмаларда кыргыз коомунун турмушу, адам тагдыры, улуттук баалуулуктар жана заманбап социалдык маселелер көркөм чагылдырылган. Бул иш-чара эл аралык аудиторияга кыргыз киносунун өзгөчө стилин жана мазмунун ачып берет",24.kg,https://24.kg/kyrgyzcha/366107_stambulda_kyirgyiz_kino_kundoru_otot/,,kyrgyz,0,high,news_site
d971359f-d6b2-4431-9b0d-a67d6a379fdf,Бүгүн Бишкек шаардык театры «Отургучтар» спектаклин тартуулайт,"Арсен Өмүралиев атындагы Бишкек шаардык драма театрында 13-14-15-март күндөрү саат 19:00дө «Отургучтар» спектаклинин премьерасы өтөт. Бул тууралуу театрдан билдиришти. Маалыматка ылайык, спектаклде башкы ролдорду Накинай Дыйканова жана Эмгек сиңирген артист Руслан Орозакунов ойнойт. Пьесанын режиссёру — Чагалдак Замирбеков. Сценография жана костюм боюнча сүрөтчү — Зухра Мукамбетова, ал эми хореограф — Маданиятка эмгек сиңирген ишмер Сергей Стрельцов. Белгилей кетсек, «Стулья» пьесасы 1951-жылы жазылган. Анын автору Эжен Ионеско өз чыгармасынын жанрын трагедиялык фарс деп аныктаган. Бул пьеса абсурд театрынын символдорунун бири болуп эсептелип, дүйнөнүн көптөгөн өлкөлөрүндө сахналаштырылып, культтук чыгармалардын катарына кирген. Чыгарманы кыргыз тилине белгилүү акын, Маданиятка эмгек сиңирген ишмер Алымкан Дегенбаева которгон.",24.kg,https://24.kg/kyrgyzcha/365748_bugun_bishkek_shaardyik_teatryi_oturguchtar_spektaklin_tartuulayt/,,kyrgyz,0,high,news_site
a66abf37-6063-4ab6-9cf5-bd27158c992e,1-класска электрондук каттоо: Эки күндө 29 миңге жакын бала катталды,"Кыргызстанда балдарды мектепке электрондук каттоо жүрүүдө. Бул тууралуу Агартуу министрлигинен билдиришти. Маалыматка ылайык, 1-апрель саат 10:00дөн 3-апрелге чейинки аралыкта «Мектеп» (1mektep.edu.gov.kg) автоматташтырылган маалыматтык системасы аркылуу 1-класска дээрлик 28 908 бала катталган. Катталган балдардын аймактар боюнча бөлүштүрүлүшү: Быйыл республика боюнча 190 миңден ашуун квота каралган. Белгилей кетсек, 1-апрелден тартып өлкө аймагында балдарды мектепке электрондук каттоо башталган. Биринчи этапта ата-энесинин (мыйзамдуу өкүлүнүн) тиешелүү мектептин микроучастогунда туруктуу каттоосу бар балдар кабыл алынууда.",24.kg,https://24.kg/kyrgyzcha/368777_1-klasska_elektronduk_kattoo_eki_kundo_29minge_jakyin_bala_kattaldyi/,,kyrgyz,0,high,news_site
6b4e4080-9f4f-462b-bc38-42d036c70364,"Кыргызстанда курулуш тармагындагы ИДП 438,5 миллиард сомду түздү","Кыргызстанда курулуш тармагындагы ИДП 438,5 миллиард сомду түздү. Бул тууралуу Министрлер кабинетинин төрагасы Адылбек Касымалиев Курулуш, архитектура жана турак жай-коммуналдык чарба министрлигинин коллегиясында билдирди. Минкаб төрагасы 2025-жылы курулуш тармагындагы ички дүң продукциянын көлөмү 2019-жылдагы 58,5 миллиард сомго салыштырмалуу 438,5 миллиард сомду түзүп, тармак алты жылда сегиз эсеге өскөндүгун белгиледи. Тармактын негизги жетишкендиктери: Коллегиялык жыйындын алдында минкаб төрагасы борбор калаада жайгашкан Курулуш министрлигине караштуу Республикалык курулушту сертификациялоо борборунун жаңы имаратынын курулушунун жүрүшү менен таанышты. Бул ийгиликтерге карабастан, премьер-министр бир катар системалуу көйгөйлөрдү аныктады.Ал министрликке төмөнкү милдеттерге көңүл бурууну тапшырды: Соңунда минкаб төрагасы жарандар жана бизнес үчүн жагымдуу шарттарды түзүү, бюрократиялык процедураларды кыскартуу, министрликтин ишинин ачык-айкындуулугун жана натыйжалуулугун камсыздоо зарылдыгын белгиледи. Ал ошондой эле жетишилген натыйжаларды эске алуу менен Курулуш, архитектура жана турак-жай коммуналдык чарба министрлигинин ишине «жакшы» деген баа берилгенин айтып, ошону менен бирге тармакты мындан ары өнүктүрүү үчүн олуттуу потенциал бар экенин белгиледи.",24.kg,https://24.kg/kyrgyzcha/364551_kyirgyizstanda_kurulush_tarmagyindagyi_idp_4385_milliard_somdu_tuzdu/,,kyrgyz,0,high,news_site
8c1cb001-00f7-48f9-8754-48b747c36392,Бүгүн Жогорку Кеңеште жаңы депутаттар ант беришти,"Бүгүн, 18-мартта Жогорку Кеңеште 4 жаңы депутат ант берди. Ант берген эл өкүлдөрү: Борбордук шайлоо комиссиясы бүгүн аларды Жогорку Кеӊештин депутаттары катары каттап, белгиленген үлгүдөгү ырастама жана төш белгилерди берген.",24.kg,https://24.kg/kyrgyzcha/366472_bugun_jogorku_keneshte_janyi_deputattar_ant_berishti/,,kyrgyz,0,high,news_site
4df6ed8d-1140-46a2-bf7a-67cea4543b81,8-апрелге карата аба ырайы,"Эртең, 8-апрелде Ош, Жалал-Абад, Баткен облустарынын көпчүлүк аймагында, Чүй, Талас облустарынын айрым жерлеринде жаан жаап, күн күркүрөйт. Күндүз Чүй, Талас, Ош, Жалал-Абад, Баткен облустарынын көпчүлүк аймагында, Нарын облусунун айрым жерлеринде жаан жаап, күн күркүрөйт. Абанын температурасы: Чүйдө түнкүсүн +8...+13 күндүз +14...+19 Таласта түнкүсүн +3...+8 күндүз +13...+18 Баткенде түнкүсүн +8...+10 күндүз +15...+17 Ош, Жалал-Абад облустарында түнкүсүн +8...+13 күндүз +15...+20 Ысык-Көлдө түнкүсүн +4...+9 күндүз +16...+21 Нарында түнкүсүн 0...+5 күндүз +15...+20 Бишкекте түнкүсүн +11...+13, күндүз +16...+18 градус болот.",24.kg,https://24.kg/kyrgyzcha/369351_8-aprelge_karata_aba_yirayyi/,,kyrgyz,0,high,news_site
9794260e-3a3f-4ad8-9853-800e12fe0a73,Кыргызстанда соңку суткада 20дан ашык өрт кырсыгы катталды,"Өлкө аймагында акыркы суткада 22 өрт кырсыгы катталып, өрттү өчүрүүгө 26 күжүрмөн эсеп тартылды. Бул тууралуу Өзгөчө кырдаалдар министрлиги билдирди. Анын ичинен: Министрлик кыргызстандыктарды өрт коопсуздугу эрежелерин так сактоого жана кырсыктан оолак болууга чакырат.",24.kg,https://24.kg/kyrgyzcha/367522_kyirgyizstanda_sonku_sutkada_20dan_ashyik_ort_kyirsyigyi_kattaldyi/,,kyrgyz,0,high,news_site
572df5df-dfe4-45fc-aa97-42d812367136,Пайдалуу кеңеш: Уюлдук телефонду туура кубаттоонун жолдору,"Уюлдук телефонду туура кубаттоо менен батареяны бир топ жыл иштешине жол ачысыз. Батареялар түбөлүккө иштебейт; эң кымбат смартфондор да бир нече жылдан кийин кубаттуулугун жоготот. Айрымдар өндүрүүчүлөрдү күнөөлөшөт, башкалары физиканы. Бирок чындыгында эки фактор тең маанилүү. Бирок, батареянын иштөө мөөнөтүн жөнөкөй эрежелерди сактоо менен узартууга болот. Кубаттоо жөнүндөгү эски мифтерди унутуңуз Мурда жаңы телефонду «өздөштүрүү» үчүн толугу менен заряддандырып, заряддоо керек деп эсептелчү. Бул никель-кадмий батареялары үчүн иштеген, бирок заманбап литий-иондук батареялар үчүн иштеген эмес. Терең разряд алар үчүн зыяндуу. Толуккубаттодон алыс болуңуз Заряддын 30 пайыздан төмөн түшүшүнө жол бербөөгө аракет кылыңыз. Изилдөөлөр көрсөткөндөй, толук разряд/кубаттоо циклдеринен качуу батареянын иштөө мөөнөтүн эки эсеге көбөйтүшү мүмкүн. Тез-тез, бирок акырындык менен, 30 пайыздан 80 пайызга чейин заряддоо жакшы. Телефонумду күйгүзүп турганда кубаттай аламбы? Ооба, заманбап смартфондор кубаттоону автоматтык түрдө башкарат. Кубаттоо учурунда оор оюндарды ойнобосоңуз, ылдамдык жана сапат бузулбайт. Түнкүсүн кубаттоо да зыяндуу эмес — телефон батареясы толгондо кубат алууну токтотот. Эмне кылбашыңыз керек?",24.kg,https://24.kg/kyrgyzcha/365836_paydaluu_kenesh_uyulduk_telefondu_tuura_kubattoonun_joldoru/,,kyrgyz,0,high,news_site
b9004998-7769-48ae-9fce-9a31e31e88a3,ӨКМ: Кыргызстанда бир катар ашууларда кар көчкү коркунучу бар,"Өзгөчө кырдаалдар министрлиги туруксуз аба ырайына байланыштуу кар көчкү боюнча шашылыш эскертүү таратты. Маалыматка ылайык, бүгүн, 5-мартта кар көчкү түшүү коркунучу Кыргызстандын тоолуу райондорунда, атап айтканда: ӨКМ жолдор тайгак болуп, муз тоңушу мүмкүн экенин эскертип, айдоочуларга унаалардын ортосунда кеминде 500 метр аралык сактоону сунуштады.",24.kg,https://24.kg/kyrgyzcha/364640_okm_kyirgyizstanda_bir_katar_ashuularda_kar_kochku_korkunuchu_bar/,,kyrgyz,0,high,news_site
c27fbcec-e3f3-4b89-97e3-a47b0a2b63b8,Дүйнө чемпионаты −2026: Европанын 16 командасы толугу менен жарыяланды,"2026-жылкы Дүйнөлүк чемпионатка катышкан бардык Европа командалары жарыяланды.Бул тууралуу чет элдик спорт басылмалары жазып чыкты. 31-мартта жана 1-апрелде Европанын тандоо плей-офф финалдарынан кийин дагы төрт европалык команда 2026-жылкы Дүйнөлүк Кубоктун финалына жолдомо алышты. Швеция, Түркия, Чехия жана Босния жана Герцеговина катышат. Буга чейин Германия, Швейцария, Шотландия, Франция, Испания, Португалия, Нидерландия, Австрия, Норвегия, Бельгия, Англия жана Хорватия өз орундарын камсыз кылышкан. Эске салсак, 2026-жылкы Дүйнөлүк кубокко биринчи жолу 48 команда катышат жана ал үч өлкөдө: АКШда, Мексикада жана Канадада өткөрүлө турган биринчи мелдеш болот. Турнир 11-июндан 19-июлга чейин өтөт.",24.kg,https://24.kg/kyrgyzcha/368384_duyno_chempionatyi_2026_evropanyin_16komandasyi_tolugu_menen_jaryiyalandyi/,,kyrgyz,0,high,news_site
05e21e13-5a30-4587-8b5d-c57d3ad22b3f,Изилдөөлөр аяктады. Барскоон-Бедел жолунда туннель казуу иштери башталды,"Кыргызстанда мамлекеттик бюджеттин эсебинен курулуп жаткан ири инфраструктуралык долбоор Барскоон-Бедел автожолунун курулушу уланууда. Долбоор боюнча изилдөө иштери аяктап, акыркы этабы башталды. Бул тууралуу Транспорт жана коммуникация министрлиги билдирди. Маалыматка ылайык, долбоорлоо иштери дээрлик аяктап, тиешелүү мамлекеттик органдар менен макулдашуу иштери жүргүзүлүүдө. Ошондой эле подрядчы тарабынан керектүү техникаларды жеткирүү, бетон заводун куруу жана жумушчуларды мобилизациялоо иштери аткарылды. Долбоорлоо иштери курулуш иштери менен айкалыштырылып жүргүзүлүп жаткандыктан, долбоордо каралган эки тоннелде курулуш иштери активдүү жүрүүдө. № 1 тоннелде 49 адис жана 55 техника иштеп, 15 метр казуу иштери жүргүзүлдү. Ал эми № 2 тоннелде негизги тоннелде 13,2 метр жана параллелдүү штректе 12 метр казылды. Белгилей кетсек, Барскоон—Бедел автожолунун жалпы узундугу болжол менен 150 км түзөт. Жол Ысык-Көл облусунун түштүк жээгиндеги Барскоон айылын Кыргыз Республикасынын Кытай Эл Республикасы менен чек арасындагы Бедел өткөрмө пункту менен байланыштырат. Долбоордун алкагында 2 тоннель, 30дан ашык көпүрө (анын ичинде 2 даана эстакадалык кɵпүрɵ) жана коргоочу инженердик курулмалар куруу каралган. Долбоорду ишке ашыруу мөөнөтү болжол менен 5 жылды түзөт.",24.kg,https://24.kg/kyrgyzcha/367395_izildoolor_ayaktadyi_barskoon-bedel_jolunda_tunnel_kazuu_ishteri_bashtaldyi/,,kyrgyz,0,high,news_site
79246a62-986e-43e5-aa65-5b57a413ea1b,Иран курама командасы 2026-жылкы Дүйнө чемпионатына катышуудан баш тартты,"Ирандын футбол боюнча улуттук курама командасы 2026-жылы АКШда өтө турган Дүйнөлүк чемпионатка катышпайт. Бул тууралуу Ирандын спорт министри Ахмад Донямали ТВ2 каналына билдирди. Ал өлкөнүн лидеринин өлүмүнөн кийин жана акыркы окуяларды эске алганда, Иранда турнирге катышууга шарттар жок экенин билдирди. «Коррупциялашкан өкмөт биздин лидерибизди өлтүргөндөн кийин, бизге Дүйнөлүк чемпионатка катышууга эч кандай шарттар калган жок. Иранга каршы жасалган катаал аракеттерди эске алганда — сегиз же тогуз айдын ичинде бизге эки согуш таңууланып, миңдеген мекендештерибиздин өлүмүнө алып келди — бизде мындай шарттарда катышууга эч кандай мүмкүнчүлүк жок», — деди Донямали. Эске салсак, Дүйнө чемпионаты 11-июндан 19-июлга чейин АКШда, Канадада жана Мексикада өтөт.",24.kg,https://24.kg/kyrgyzcha/365573_iran_kurama_komandasyi_2026-jyilkyi_duyno_chempionatyina_katyishuudan_bash_tarttyi/,,kyrgyz,0,high,news_site
2460600f-5092-4a0e-88ce-20332228ab6f,UWW: Эрназар Акматалиев дүйнөлүк рейтингде экинчи орунга көтөрүлдү,"Кыргызстандык балбан Эрназар Акматалиев Бириккен күрөш дүйнөсүнүн (UWW) дүйнөлүк рейтингинде экинчи орунга көтөрүлдү. Жаңыртылган рейтинг Албаниядагы турнирден кийин түзүлдү. Мекендешибиз 70 килограмм салмакта күч сынашып, алтын медалды жеңип алды. Бул жыйынтык ага үчүнчү орундан экинчи орунга көтөрүлүүгө мүмкүндүк берди. Ал эми Олимпиада чемпиону, жапониялык Йошиноске Аоягиден гана артта калды. Акжол Махмудов дүйнө жүзү боюнча 31-орунда турган. Албаниянын Тирана шаарында өткөн турнирде ал 82 килограмм салмактагылар арасында күч сынашып, 19 атаандаштын ичинен 10-орунга ээ болгон.",24.kg,https://24.kg/kyrgyzcha/364759_UWW_ernazar_akmataliev_duynoluk_reytingde_ekinchi_orunga_kotoruldu/,,kyrgyz,0,high,news_site
85fbf7d6-d78d-4a4d-a41a-4f0350230ea0,Тоодон таш кулады. Нарын шаарындагы Жаңы-Жол жолу жабылды,"Нарын шаарында жолдун Жаңы-Жол бөлүгү таш кулоодон улам убактылуу жабылды. Бул тууралуу жергиликтүү бийлик 9-мартка карата билдирди. № 41 жол ишканасынын башчысы Нургазы Доолотовдун айтымында, таштардын андан ары кулоо коркунучу сакталып тургандыктан, бул жол тилкеси 10 күндөн эки жумага чейин жол кыймылы үчүн жабылышы мүмкүн. Учурда ишкананын кызматкерлери тоонун эңкейишин көзөмөлдөп жатышат. Андан тышкары, кар көчкү коркунучу Бишкек-Нарын-Торугарт жолунун 39-чакырымында, Кара-Үңкүр капчыгайында сакталууда. Температуранын жылуу болушуна байланыштуу айрым жерлерде майда кар көчкүлөрү болуп жатат. Айдоочуларга 500 метрден кем эмес аралыкты сактоо жана жол кыймылынын эрежелерин так сактоо сунушталат.",24.kg,https://24.kg/kyrgyzcha/365060_toodon_tash_kuladyi_naryin_shaaryindagyi_janyi-jol_jolu_jabyildyi/,,kyrgyz,0,high,news_site
b768128a-d8ce-42b5-8438-68b604f81efe,Айдоочуларга эскертүү! Бишкекти жана Чүйдү коюу туман каптайт,"Бишкек шаарын жана Чүй өрөөнүн жакынкы бир саат аралыгында жана кечинде коюу туман каптайт. Бул тууралуу ӨКМ билдирүү таратты. Маалыматка ылайык, бул учурда көрүү аралыгы 500 метрге чейин төмөндөшү күтүлөт. ӨКМ айдоочуларга кайрылып, жол коопсуздугу эрежелерин так сактоого чакырды.",24.kg,https://24.kg/kyrgyzcha/364847_aydoochularga_eskertuu_bishkekti_jana_chuydu_koyuu_tuman_kaptayt/,,kyrgyz,0,high,news_site
706490df-b383-47ba-b4c5-716f334fcec5,Быйыл Кадыр түн 17-мартка караган түнү белгиленет,"Кадыр түн ыйык Орозо айынын 26-күнүнөн 27-күнүнө караган түнү өткөрүлөт. Бул — Рамазан айынын акыркы он түнүнүн бири. Бул түндү жер шарындагы миллиарддаган мусулмандар чыдамсыздык менен күтүшөт. Анткени бул түн жылына бир гана жолу келип, анын баалуулугу 83 жылга тете. Быйыл Орозо айында Кадыр түн 16-марттан 17-мартка караган түнү белгиленет. Бул тууралуу Кыргызстан мусулмандарынын дин башкармалыгынан 24.kg агентигине билдиришти. Кадыр түн ыйык Орозо айынын 26-күнүнөн 27-күнүнө караган түнү өткөрүлөт. Бул — Рамазан айынын акыркы он түнүнүн бири. Бул түндү жер шарындагы миллиарддаган мусулмандар чыдамсыздык менен күтүшөт. Анткени бул түн жылына бир гана жолу келип, анын баалуулугу 83 жылга тете. «Кадыр» деген сөз ислам окумуштуулары тарабынан ар түрдүү чечмеленген. Негизинен, «өтө кадырлуу, улуу түн» дегенди билдирет. Дагы бир чечмелөөдө «кысылуунун, тардыктын түнү» деп да айтылат. Бул ошол түнү жер бетине түшкөн сансыз периштелерге жер тардык кылары менен түшүндүрүлөт. Ислам түшүнүгүндө Кадыр түн — Куран түшүрүлгөн ыйык түн. Ошондуктан бул күнү мусулмандар Куран окуп, дуба кылып, ибадатка көбүрөөк көңүл бурушат.",24.kg,https://24.kg/kyrgyzcha/364469_byiyyil_kadyir_tun_17-martka_karagan_tunu_belgilenet/,,kyrgyz,0,high,news_site
39422626-0a0d-4674-a89d-66328406cd84,Пайдалуу кеңеш: Көчө тамактары эмне үчүн кооптуу болушу мүмкүн?,"Көчө тамактары — бул көптөгөн өлкөлөрдүн маданиятынын ажырагыс бөлүгү, ал нукура даамдарды жана унутулгус гастрономиялык таасирлерди тартуулайт. Бирок, экзотикалык жыттардын жана жаркыраган соода түйүндөрүнүн артында ден соолукка олуттуу коркунучтар жашырынышы мүмкүн деп эскертет туристтик агенттиктер тармагынын ээси Тариел Гажиенко: Санитардык нормалардын сакталбашы Бул көйгөйдүн негизги булагы болуп саналат. Көчөдөгү соода түйүндөрүндө көп учурда азык-түлүктү сактоого, колду жана идиш-аяктарды жууганга тийиштүү шарттар жок. Суу тазаланбаган болушу мүмкүн. Ал эми ингредиенттер туура эмес температурада сакталып, бактериялардын көбөйүшүнө шарт түзөт. Сапатсыз ингредиенттерди колдонуу Көбүрөөк пайда табуу максатында айрым сатуучулар мөөнөтү өтүп кеткен, бузулган же сапатсыз азыктарды, анын ичинде эт, балык жана жашылчаларды колдонушу мүмкүн. Туура эмес даярдоо Азык-түлүктөрдү, өзгөчө эт жана деңиз азыктарын жетиштүү деңгээлде ысык иштетпөө мите курттар жана патогендик микроорганизмдер менен жугузуп алууга алып келиши мүмкүн. Айлана-чөйрөнүн булганышы Көчөдөгү соода түйүндөрү көбүнчө автоунаалар көп каттаган жерлерде жайгашкандыктан, абадагы түтүн жана чаңдар тамак-аштын үстүнө конот. Көзөмөлдүн жоктугу Айрым өлкөлөрдө көчө тамактарынын сапатына жана коопсуздугуна көзөмөл жетишсиз же такыр эле жок болушу мүмкүн.",24.kg,https://24.kg/kyrgyzcha/372825_paydaluu_kenesh_kocho_tamaktaryi_emne_uchun_kooptuu_bolushu_mumkun/,,kyrgyz,0,high,news_site
a447f5da-5f9d-427e-9828-034915140cfd,Бүгүн Бишкектин айрым көчөлөрүндө суу өчүрүлөт,"Бүгүн, 20-апрелде Бишкектин айрым көчөлөрүндө суу өчүрүлөт. Бул тууралуу муниципалитеттен билдиришти. Маалыматка ылайык, бүгүн саат 09:00дөн 24:00гө чейин Шабдан баатыр проспектиси — Хивинская көчөсү (Лермонтов көчөсүнөн Ч. Валиханов көчөсүнө чейин) — Достоевский көчөсү менен чектелген аймакта суу болбойт. Суу «Тепличный» суу топтомосунда жана шаардык суу түтүк тармактарында реконструкция иштерин жүргүзүүгө байланыштуу өчүрүлмөкчү.",24.kg,https://24.kg/kyrgyzcha/371007_bugun_bishkektin_ayryim_kocholorundo_suu_ochurulot/,,kyrgyz,0,high,news_site
a34ada44-d4f2-4851-b1c5-dfed1cbf9a61,Бүгүн Бишкектин 7-апрель көчөсүнүн бир бөлүгү убактылуу жабылат,"Бишкек шаарында бүгүн, 31-мартта саат 20:00дөн тартып 1-апрель саат 12:00гө чейин 7-апрель көчөсү Медеров көчөсүнөн Шоокум көчөсүнө чейинки аралык убактылуу жабылат. Бул тууралуу мэриядан билдиришти. Маалыматка ылайык, бул аралыкта, жер үстүнөн өтүүчү өтмөктүн темир конструкцияларын орнотуу иштери жүргүзүлөт. Буга байланыштуу, бир нече автобусттук каттамдардын кыймыл-чиймеси да убактылуу өзгөртүлөөрү айтылды. Шаар жетекчилиги тургундарды жана айдоочуларды алдын — ала каттамдарды пландап, альтернативдүү жолдорду пайдаланууга чакырды.",24.kg,https://24.kg/kyrgyzcha/368123_bugun_bishkektin_7-aprel_kochosunun_bir_bolugu_ubaktyiluu_jabyilat/,,kyrgyz,0,high,news_site
f68d050d-66a6-4be8-9198-fc3c93be6dd7,Азия чемпионаты −2026: Бүгүн Нурсултан Асанакунов рингге чыгат,"Кыргызстандын бокс боюнча курама командасы Монголиянын Улан-Батор шаарында өтө турган Азия чемпионатына катышууда. Бул тууралуу Дене тарбия жана спорт боюнча мамлекеттик агенттиктен билдиришти. Маалыматка ылайык, чемпионат 11-апрелге чейин World Boxing версиясы боюнча өтөт. Турнирдин экинчи күнүндө кыргызстандык мушкер күч сынашат. 55 кг салмактагы Нурсултан Асанакунов чейрек финалдык беттеште түркмөнстандык мушкер Мейлис Шадурдыев менен беттешет. Эскерте кетсек, 70 кг салмактагы Элдар Турдубаев өзүнүн биринчи беттешинде 2022-жылкы Азия оюндарынын коло медалынын ээси, түркмөнстандык Байрамдурды Нурмухамедовду жеңген. Жарым финалдагы кийинки атаандашы 2025-жылкы Дүйнөлүк чемпионаттын күмүш медалынын ээси Севон Оказава болот. Беттеш 3-апрелде өтөт. Кыргызстандык боксчулардын беттештеринин ырааттамасы: 30-март 70 кг 1/8 Элдар Турдубаев — Байрамдурды Нурмухамедов (Түркмөнстан). 31-март 55 кг 1/8 Нурсултан Асанакунов — Мейлис Шадурдыев (Түркмөнстан). 1-апрель 50 кг 1/8 Бекзат Эргешов — Вишванат Суреш (Индия). 60 кг 1/8 Амантур Джумаев — Сакда Руамтхам (Таиланд). 2-апрель 65 кг 1/8 Мирзохид Имамназаров — Руслан Гафуров (Тажикстан); 80 кг 1\8 Сагын Сатыбалды уулу — Фазлиддин Эркинбоев (Өзбекстан). 5-апрель 75 кг 1/4 Дамир Атай — Жавохир Умматалиев (Өзбекстан); 85 кг 1/4 Мухаммедазиз Закиров — Жасурбек Юлдошев (Өзбекстан); 90 кг 1/4 Тыныстан Алыбаев — Чудхари Харш (Индия).",24.kg,https://24.kg/kyrgyzcha/368214_aziya_chempionatyi_2026_bugun_nursultan_asanakunov_ringge_chyigat/,,kyrgyz,0,high,news_site
99b10288-be9b-4ebd-bc00-cbf0a1db4842,Садыр Жапаров: «Коррупцияга каршы күрөштө бир тууганымды да аябайм»,"«Коррупцияга каршы күрөштө  бир тууганымды да аябайм», — деп билдирди бүгүн парламенттин жыйынында Кыргызстандын президенти Садыр Жапаров. Анын айтымында, кандай болгон күндө да коррупцияга каршы күрөш улана берет. «Эч кимди аябайм. Өз бир тууганым болсо да,  аны аябайм. Бирок, бир туугандарым жана балдарым мамлекеттик кызматта иштебейт, ошондуктан санаам тынч», — деди Садыр Жапаров. Мамлекет башчысы «Сиздер, мен дагы элге убада берип, шайланып келгенбиз. Таза иштейбиз, мамлекет үчүн иштейбиз, келечекти түзүп кетебиз, коррупцияны жок кылабыз дегенбиз. Ошол үчүн берген антыбызды, ошол убадаларыбызды аткарышыбыз керек. Келечекте биздин жасай турган иштерибиз арбын. Өзүңүздөр билесиздер, жакынкы 10-15 жылда экономикасынын кирешеси боюнча 30 өнүккөн өлкөнүн катарына киребиз деп турабыз. Аны да ишке ашырышыбыз керек. Дүйнө тынч эмес, муну да көрүп турасыңар. Ошол үчүн ынтымакта жеке кызыкчылык үчүн эмес, мамлекет үчүн гана иштеп беришибиз керек», — деп кошумчалады.",24.kg,https://24.kg/kyrgyzcha/365477_sadyir_japarov_korruptsiyaga_karshyi_kuroshto_bir_tuuganyimdyi_daayabaym/,,kyrgyz,0,high,news_site
d992cdaf-ae5b-4fd8-a85f-ba9530722206,Бишкекте айт намазы окулду: Эски аянтка 30 миңден ашык адам келди,"Бүгүн дүйнө жүзүндөгү мусулмандар ыйык Рамазан айынын аякташын белгилеген эң маанилүү майрамдардын бири — Орозо айт майрамын белгилеп жатат. Эртең мененден баштап адамдар ар тараптан Эски аянтка агылып келди. Саат 07:00дөн баштап Куран окулуп, диний баяндар айтылды. Андан соң айт намазы окулуп, муфтий Абдулазиз Закиров майрамдык дуба кылды. Орозо айт намазына президент Садыр Жапаров да катышты. Күбөлөрдүн айтымында, айт намазын окуу үчүн 30 миңден ашык адам келген. Намазга келгендер аянттын борбордук бөлүгүн гана эмес, айланасындагы көчөлөрдү да ээлеп, сапка тизилишти. Аянттын айланасында милиция кызматкерлери жана медициналык кызматкерлер болду. Коомдук тартип күчөтүлгөн кыраакылык менен сакталып, иш-чара тынч маанайда өттү.",24.kg,https://24.kg/kyrgyzcha/366820_bishkekte_ayt_namazyi_okuldu_eski_ayantka_30minden_ashyik_adam_keldi/,,kyrgyz,0,high,news_site
c62fb11d-3430-4c46-9682-e59dd599b2ae,12-мартка карата аба ырайы,"Эртең, 12-мартта түнкүсүн Ысык-Көл облусунун айрым жерлеринде, Ош облусунун тоолуу райондорунда кар жаайт. Күндүз жаан-чачын жаабайт. Абанын температурасы: Чүй жана Талас облустарында түнкүсүн −8...-13, күндүз −3...+2 Баткен, Ош, Жалал-Абад облустарында түнкүсүн −4...-9, күндүз 3...8 Ысык-Көлдө түнкүсүн −7...-12, күндүз 0...5 Нарында түнкүсүн −11...-16, күндуз 0...-5 Бишкекте түнкүсүн −11...-13°, күндүз −1°...+1° болот.",24.kg,https://24.kg/kyrgyzcha/365530_12-martka_karata_aba_yirayyi/,,kyrgyz,0,high,news_site
6712f466-cc55-47e1-9586-70459a3c7f97,"Кыргызстанда жумушсуздуктун жалпы деңгээли 3,7 пайызды түзөт","Кыргызстандагы жалпы жумушсуздуктун деңгээли 3,7 пайызды түзөт. Бул тууралуу Эмгек министрлигинин маалыматтарында айтылат. Ага ылайык, 2025-жылдын аягында өлкөдөгү расмий жумушсуздуктун деңгээли 1,3 пайызды түзгөн. Улуттук статистика комитетинин эсептөөлөрүнө ылайык, 2025-жылдын 1-февралына карата Кыргыз Республикасынын калкынын саны 7 миллион 404 миң 300 адамды түзгөн. Жумушчу күчүнүн жалпы саны 2 миллион 860 миң 700 адамды түзгөн. Жумуш менен камсыз болгон калктын саны 2 миллион 756 миң, ал эми жумушсуз калктын саны 104 миң 700 болгон. Жумуш менен камсыз кылуу органдарында катталган жумушсуздардын саны 57 миң 700 адамды түзгөн (25 миң 521 аял жана 33 миң 752 жаштар). Расмий түрдө жумушсуз деп жарыялангандардын саны 38 миң 270 адамды түзгөн (17 миң 591 аял жана 23 миң 488 жаштар).",24.kg,https://24.kg/kyrgyzcha/370797_kyirgyizstanda_jumushsuzduktun_jalpyi_dengeeli_37_payyizdyi_tuzot/,,kyrgyz,0,high,news_site
5edb4c5e-386a-4800-b43d-2130e55ea3d7,Казакстандан келген 25 тонна пияз кайра кайтарылды. Себеби,"Чүй облусундагы «Ак-Тилек» өткөрүү пунктунда продукциянын милдеттүү түрдө маркировкалоо эрежелерин бузгандыктан улам Казакстандан келген 25 тонна пиязды Кыргызстанга киргизүүгө тыюу салынды. Бул тууралуу Суу чарбасы, айыл чарбасы жана кайра иштетүү өнөр жайы министрлигинин басма сөз кызматы билдирди. Маалыматка ылайык, «Ак-Тилек» өткөрүү пунктунда карантиндик фитосанитардык текшерүү учурунда адистер Казакстандан импорттолгон 25 тонналык пияздын таңгагында талап кылынган маркировка жок экенин аныкташкан. Евразия экономикалык комиссиясынын Кеңешинин 2016-жылдын 30-ноябрындагы № 157 чечимине ылайык, карантинге алынган продукциянын ар бир таңгагында продукциянын аталышы, чыгарылган өлкө, экспорттоочу өлкө жана (же) реэкспортер өлкө жөнүндө маалыматтарды камтыган маркировкасы болушу керек. Карантин алдындагы жүктү маркировкасыз алып кирүү Евразия экономикалык биримдигинин бирдиктүү карантиндик фитосанитардык талаптарын бузуу болуп саналат, ошого байланыштуу бул жүк импортер өлкөгө кайра кайтарылган.",24.kg,https://24.kg/kyrgyzcha/367983_kazakstandan_kelgen_25tonna_piyaz_kayra_kaytaryildyi_sebebi/,,kyrgyz,0,high,news_site
88a12a50-fb1b-4d48-8a7d-672601103033,Эл аралык туристтерди ташыган поезд Балыкчыдан Бишкекке келди,"Бүгүн, 17-апрелде британиялык «GOLDEN EAGLE TRAINS» компаниясына таандык эл аралык туристтик поезд Балыкчы шаарынын Бишкекке келди. Бул тууралуу «Кыргыз темир жолу» мамлекеттик ишканасынын билдирди. Маалыматка ылайык, борбор калаага Батыш Европадан, Түндүк Америкадан жана Чыгыш Азиядан келген туристтер келишти. Туристерге темир жол бекетинде элдик кол өнөрчүлүк көргөзмөсү уюштурулуп, анда шырдактарды (токулган саман баш кийимдерди), кийиз буюмдарын жана салттуу кыргыз үй буюмдарын көрө алышты. Коноктор үчүн бул жөн гана сувенирлер эмес, кыргыз маданиятын жакындан түшүнүү мүмкүнчүлүгү болду. «Доор» фольклордук ансамбли улуттук музыкалык чыгармаларды аткаруусу өзгөчө атмосфера жаратты. Тосуп алуу аземинен кийин туристтер Бишкектин кооз жерлерин кыдырууга жөнөштү. Программада Бишкектин тарыхы, архитектурасы жана заманбап шаардык жашоосу менен таанышуу камтылган. Туристтердин Кыргызстан боюнча саякаты бир күн мурун, 16-апрелде башталган. Ысык-Көл облусунда алар үчүн көл жээгинде сейилдөө, жаратылыш жана кыргыз элинин маданий салттары менен таанышуу сыяктуу өзүнчө программа уюштурулган. Эске салсак, туристтик поезд 17 заманбап жана ыңгайлуу вагондон турат. Өлкөгө жалпысынан 90дон ашык турист келди.",24.kg,https://24.kg/kyrgyzcha/370822_elaralyik_turistterdi_tashyigan_poezd_balyikchyidan_bishkekke_keldi/,,kyrgyz,0,high,news_site
62b2d06b-feed-4de2-9ef5-3660ef411bb2,10-мартка карата аба ырайы,"Эртең, 10-мартта түнкүсүн Чүй, Талас, Ош, Жалал-Абад, Баткен, Нарын облустарынын көпчүлүк аймактарында, Ысык-Көл облусунун айрым жерлеринде жаан, кар, тоо этектеринде жана тоолуу райондорунда кар жаайт. Талас, Жалал-Абад облустарынын айрым жерлеринде жаан-чачын катуу жаайт. Күндүз көпчүлүк аймактарда жаан, кар, тоо этектеринде жана тоолуу райондорунда кар жаайт, айрым жерлерде жаан-чачын катуу жаайт. Түнкүсүн жана эртең менен айрым жерлерде туман түшөт. Абанын температурасы: Чүйдө түнкүсүн −1...+4, күндүз 0...5; Таласта түнкүсүн −1...+4, күндүз 0...5; Баткен, Ош, Жалал-Абад облустарында түнкүсүн 1...6, күндуз 4...9; Ысык-Көлдө түнкүсүн −2...+3, күндуз 8...13; Нарында түнкүсүн −3...+2, күндүз 3...8. Бишкекте түнкүсүн 0...2°, күндүз 2...4° жылуу болот.",24.kg,https://24.kg/kyrgyzcha/365171_10-martka_karata_aba_yirayyi/,,kyrgyz,0,high,news_site
a5e0bd57-61ac-459d-8348-4d4ea328a557,Бүгүн Того министрлер кеңешинин төрагасы Кыргызстанга иш сапары менен келет,"Бүгүн, 28-апрелде Того Республикасынын министрлер кеңешинин төрагасы Фор Эссозимн Гнассингбе Кыргызстанга расмий сапар менен келет. Бул тууралуу Президенттин администрациясы билдирди. Маалыматка ылайык, сапардын жүрүшүндө эки жактуу жана көп тараптуу кызматташтыктын актуалдуу маселелери боюнча мамлекет башчыларынын сүйлөшүүлөрү, ошондой эле инвестиция, айыл чарба, саламаттык сактоо, билим берүү, санариптештирүү жана башка багыттардагы бир катар документтерге кол коюу каралган. Бул сапар Кыргыз Республикасынын Африка континентинин өлкөлөрү менен кызматташтыгынын тарыхында эң жогорку деңгээлдеги биринчи сапар болот.",24.kg,https://24.kg/kyrgyzcha/372155_bugun_togo_ministrler_keneshinin_toragasyi_kyirgyizstanga_ishsaparyi_menen_kelet/,,kyrgyz,0,high,news_site
3b394070-d9ac-47ea-9cbb-845b9f06e11d,Айыл чарба министрлигине 63төн ашык атайын техника тапшырылды,"Министрлер кабинетинин төрагасы Адылбек Касымалиев Суу ресурстары, айыл чарба жана кайра иштетүү өнөр жай министрлигине 63 даана атайын техниканын ачкычтарын тапшырды. Жаңы сатып алынган атайын техникалардын абалы менен таанышкан минкаб төрагасына министрлер кабинетинин төрагасынын орун басары — суу ресурстары, айыл чарба жана кайра иштетүү өнөр жай министри Эрлист Акунбеков маалымат берди. Белгилей кетсек, 40 даана техника — мамлекеттик бюджеттин эсебинен алынды, ага 128 млн сом жумшалды. Ал эми, калган 23 даана техника — эл аралык институттардын колдоосу менен алынды. Атайын техникалар Айыл чарба министрлигинин райондук суу чарба башкармалыктарына берилет. Адылбек Касымалиев президенттин жана жалпы министрлер кабинетинин атынан тармактын жаңы техникалуу болушу менен куттуктап, өлкө жетекчилиги ирригацияга өзгөчө көңүл буруп, мамлекеттик колдоону ар тараптан жогорулатып келе жатканын белгиледи. «Өзүңүздөр жакшы билесиздер, 2021—2025-жылдар аралыгында республикалык бюджеттен Суу ресурстары кызматына 21,4 млрд сом бөлүндү. Бул каражаттар ирригациялык объектилерди тейлөөнү, каналдарды оңдоп-түздөөнү жана суу ресурстарын натыйжалуу пайдаланууну камсыз кылууга багытталган. Ошондой эле, акыркы 5 жылда 270 жаңы техника алынды. Мамлекет үчүн ирригацияны өнүктүрүүгө мындан да көп каражаттарды жумшоо — приоритет деп эсептеймин. Суу чарба кызматында — тажрыйбалуу кадрлар бар деп билем. Мамлекет сиздердин ишти жакшыртуу үчүн материалдык-техникалык жактан камсыздоону жогорулатууну улантат», — деди минкаб төрагасы. Адылбек Касымалиев министрликтин алдында тармакты өнүктүрүү боюнча бир катар милдеттер турганын айтып, алдыга коюлган пландарды ишке ашыруу үчүн тийиштүү тапшырмаларды берди. Суу ресурстары, айыл чарба жана кайра иштетүү өнөр жай министрлиги — жакынкы аралыкта ирригация жаатында Баткенде 4200 гектар жерди сугат суу менен камсыз кылган «Алга Кадам» ирригациялык ири долбоордун негизги иштерин бүткөрөт, ал 2027-жылы толук ишке берилет. 2026-жылга 5 270 гектар жерге тамчылатып жана жамгырлатып сугаруу системаларды орнотуу пландар коюлган. Президенттин тапшырмасына ылайык министрлер кабинетине 2030-жылга чейин 2 жүз миң гектарга тамчылатып сугаруу системасын орнотуу милдети коюлган.",24.kg,https://24.kg/kyrgyzcha/369452_ayyil_charba_ministrligine_63ton_ashyik_atayyin_tehnika_tapshyiryildyi/,,kyrgyz,0,high,news_site
5ad0f437-3142-4da9-bbaf-5145fcca3a9e,"Бишкек — Нарын — Торугарт унаа жолунда таштар түшүрүлүп, каттамга чектөө кирет","Боомдо кооптуу таштар түшүрүлөт. Бул тууралуу «Кыргыз темир жолу» улуттук компаниясы"" мамлекеттик ишканасы билдирди. Маалыматка ылайык, 27-апрелден 30-апрелге чейин Бишкек — Нарын — Торугарт унаа жолунун 116-чакырымында (Боом капчыгайы, темир жолдун 3886-чакырымы) кооптуу таштарды түшүрүү иштери жүргүзүлөт. Таш түшүрүү иштери аба ырайынын шартына жараша, күндүзгү саат 10:00дөн 16:00гө чейин жүргүзүлөт. Бул убакыт аралыгында ИИМдин Жол кыймылынын коопсуздугун камсыздоо башкы башкармалыгынын кызматкерлери тарабынан унаа жолу жарым-жартылай жабылат. Жол кыймылынын тартиби: Бул иш-чаралар унаа жана темир жол каттамдарынын коопсуздугун камсыз кылуу максатында өткөрүлүүдө.",24.kg,https://24.kg/kyrgyzcha/371772_bishkek_naryin_torugart_unaa_jolunda_tashtar_tushurulup_kattamga_chektoo_kiret/,,kyrgyz,0,high,news_site
0593b437-6c43-41ec-8bed-4894067c4f17,Улуттук банкы жыл башынан бери валюта рыногуна бешинчи жолу интервенция жасады,"Кыргызстандын Улуттук банкы валюта рыногуна дагы бир жолу интервенция жүргүздү. Бул 2026-жылдын башынан берки бешинчи интервенция болуп саналат. Жалпысынан жөнгө салуучу орган 178,9 миллион доллар саткан, анын ичинен 95,9 миллион доллары келишим түзүлгөн күнү эсептешүү менен, ал эми дагы 83 миллион доллары башка күнү эсептешүү менен сатылган. Доллар 87,45 сом курсу менен сатылган. Улуттук банк валюта курсун турукташтыруу жана валюта рыногундагы кескин өзгөрүүлөрдү азайтуу үчүн интервенцияларды колдонуп жатат. Анын акыркы валюта сатуусу сомго басымдын уланып жатканын жана чет элдик валютага болгон суроо-талаптын күчтүү экенин көрсөтүп турат. Жыл башынан бери 725,45 миллион доллар сатылды.",24.kg,https://24.kg/kyrgyzcha/368165_uluttuk_bankyi_jyil_bashyinan_beri_valyuta_ryinoguna_beshinchi_jolu_interventsiya_jasadyi/,,kyrgyz,0,high,news_site
00342f1e-32f0-4d6c-9dc7-eb12761effb3,Китеп күнү: Бишкекте окуу декадасы өтөт,"Бишкек шаарынын мэриясынын Билим берүү департаменти 10-апрелинден 20-апрелге чейин борбор калаада Окуу декадасын жарыялайт. Муниципалитеттен билдиришкендей, иш-чара эл аралык Китеп күнүнө карата уюштурулууда. Демилгенин алкагында шаардагы бардык мектептерде жана бала бакчаларда балдардын окууга болгон кызыгуусун арттырууга багытталган маданий-агартуу иш-чаралары өтөт. Программада: Иш-чаранын максаты — өсүп келе жаткан муундун окурмандык маданиятын калыптандыруу, дүйнө таанымын кеңейтүү жана көркөм адабиятка болгон сүйүүсүн ойготуу. Билим берүү департаменти окуучуларды, мугалимдерди жана ата-энелерди бул агартуу демилгесине активдүү катышууга чакырат.",24.kg,https://24.kg/kyrgyzcha/368126_kitep_kunu_bishkekte_okuu_dekadasyi_otot/,,kyrgyz,0,high,news_site
331339e4-d766-4775-a372-2d113b724ef0,Ошто көрктөндүрүү жана тазалоо ишембиликтери күчөтүлөт,"Ошто жазгы үч айлык санитардык тазалоо жана көрктөндүрүү өнөктүгүнө арналган штабдын экинчи жыйыны өттү. Бул тууралуу түштүк борбордун мэриясы билдирди. Маалыматка ылайык, жыйында Ошту тазалоо, тазалоо күндөрүн уюштуруу, интернет кабелдерин жана жарнамалык конструкцияларды оңдоо, ошондой эле бак-дарактарды отургузуу жана жашыл аянттарды кеңейтүү маселелери талкууланды. Андан тышкары, мекемелерге жана ишканаларга өздөрүнө бекитилген аймактарды тазалоону камсыз кылуу тапшырылды, ал эми тургундар тазалоо күндөрүнө активдүү катышууга чакырылды. Түштүк борбордо жазгы үч айлык санитардык тазалоо жана көрктөндүрүү өнөктүгү 1-марттан 31-майга чейин уланат.",24.kg,https://24.kg/kyrgyzcha/365792_oshto_korktonduruu_jana_tazaloo_ishembilikteri_kuchotulot/,,kyrgyz,0,high,news_site
7f42f82d-f5ef-447f-b813-04db871b6900,Украинадагы кырдаал. Путин Пасха майрамына карата элдешүү жарыялады,"Орусиянын президенти Владимир Путин Пасха майрамына карата Украина менен убактылуу элдешүү жарыялады. Ал 11-апрелде саат 16:00дө башталып, 12-апрелдин аягына чейин созулат. Кремлдин басма сөз кызматынын маалыматы боюнча, Орусия украин тараптан да ушундай кылат деп күтөт. Коргоо министри Андрей Белоусовго жана Орусиянын Куралдуу күчтөрүнүн Башкы штабынын башчысы Валерий Герасимовго бардык багыттар боюнча согуштук аракеттерди токтотуу тапшырылды. «Аскерлер душмандын ар кандай провокацияларына, ошондой эле ар кандай агрессивдүү аракеттерге жол бербөөгө даяр болушу керек», — деп айтылат билдирүүдө. Бул Украинадагы орусиялык аскердик операция учурундагы бери дегенде төртүнчү ок атышууну токтотуусу болуп саналат. Биринчиси 2023-жылы Рождество майрамына карата жарыяланган. 2025-жылы эки жолу ок атышууну токтотуу жарыяланган. Анда Пасха майрамында жана Улуу Ата Мекендик согуштагы Жеңиштин 80 жылдыгын белгилөө үчүн токтотулган.",24.kg,https://24.kg/kyrgyzcha/369778_ukrainadagyi_kyirdaal_putin_pasha_mayramyina_karata_eldeshuu_jaryiyaladyi/,,kyrgyz,0,high,news_site
bca02d30-8744-4712-957d-acd1091269ac,Жазуучу Касым Каимовдун 100 жылдыгына карата эскерүү иш-чарасы өтөт,"8-апрелде А. Осмонов атындагы Улуттук китепканада жазуучу, прозаик жана сатирик Касым Каимовдун 100 жылдыгына арналган адабий эскерүү иш-чарасы өтөт. Бул тууралуу Жазуучулар союзунан билдиришти. Маалыматка ылайык, китепкананын фойесинде Касым Каимовдун уулу — белгилүү сүрөтчү, Сүрөтчүлөр союзунун мүчөсү Нурдин Каимовдун атасына арнаган сүрөт көргөзмөсү, ал эми 3-кабаттагы Чыңгыз Айтматов залында эскерүү иш-чарасы өтөт.",24.kg,https://24.kg/kyrgyzcha/368779_jazuuchu_kasyim_kaimovdun_100_jyildyigyina_karata_eskeruu_ish-charasyi_otot/,,kyrgyz,0,high,news_site
f7544334-2b42-4ca9-8e69-8a97612bb5b6,Кыргызстанда социалдык кызматкерлердин айлыгы жогорулады,"Кыргызстанда социалдык камсыздоо тутумунун кызматкерлеринин эмгек акысы жогорулады. Бул тууралуу Эмгек, социалдык камсыздоо жана миграция министрлигинен билдиришти. Айлыктарды жогорулатуу 3 миң 400дөн ашык кызматкерди камтыды. Алардын арасында төмөнкү мекемелердин кызматкерлери бар: Чечимге ылайык, кызматтык айлык акылардын коэффициенттери жогорулатылды. Мындан тышкары, кошумча төлөмдөр киргизилди: административдик, негизги жана көмөкчү персонал ай сайын 15 миң сом, ал эми техникалык жана кенже тейлөө кызматкерлери 5 миң сом өлчөмүндө президенттик компенсация алышат. Министрликтен белгилешкендей, айлык акыны жогорулатуунун кезектеги этабы 1-сентябрга пландаштырылган. Ал башка аймактык бөлүмдөргө тиешелүү болуп, мамлекеттик жана муниципалдык кызматкерлердин эмгек акысын жалпы жогорулатуунун алкагында ишке ашат.",24.kg,https://24.kg/kyrgyzcha/372051_kyirgyizstanda_sotsialdyik_kyizmatkerlerdin_aylyigyi_jogoruladyi/,,kyrgyz,0,high,news_site
98d96aa7-a2ba-495f-b615-35640c40cedc,«Ата-Бейитте» Апрель окуяларында курман болгондор эскерилди,"Бүгүн, 7-апрелде мамлекеттик катчысы Арслан Койчиев 2010-жылдагы Апрель окуяларында курман болгондордун элесин эскерди. Ал 2010-жылдагы элдик Апрель революциясынын баатырларынын урматына арналган «Ата-Бейит» улуттук тарыхый-мемориалдык комплексиндеги мемориалга гүл койду. Ошондой эле аларга багышталып куран окулду. Иш-чарага президенттин Чүй облусундагы ыйгарым укуктуу өкүлү Элкинбек Аширбаев, Бишкек шаарынын мэри Айбек Жунушалиев жана башка расмий адамдар катышты. 7-апрель Кыргызстанда Апрель революциясы күнү катары белгиленет. Бул 2010-жылдагы бийлик алмашууга алып келген окуяларды эскерүүгө багытталган. Мурдагы президент Курманбек Бакиевдин режимине каршы массалык нааразычылык акциялары аймактарда жана Бишкекте, анын ичинде Ак үйдө кагылышуулар менен коштолгон. Нааразычылыктар жогорулашы, коррупция боюнча айыптоолор, оппозицияга кысымдын күчөшү жана бийликтин бир колго топтолушу менен шартталган. Расмий маалыматтарга ылайык, окуялар учурунда 87 адам каза болуп, 1 миң 500дөн ашык адам жаракат алган.",24.kg,https://24.kg/kyrgyzcha/369263_ata-beyitte_aprel_okuyalaryinda_kurman_bolgondor_eskerildi/,,kyrgyz,0,high,news_site
6b702800-af94-410a-bf9a-d794b7605ed9,Жогорку Кеңеште заманбап коомдук кабыл алуу бөлүмү ишке кирди,"Бүгүн, 23-апрелде Жогорку Кеңеште Төрага Марлен Маматалиевдин демилгеси менен жасалган жаңы заманбап коомдук кабылдама ишке киргизилди. Алгачкы кайрылган жарандарды Төрага өзү кабыл алып, жасалган санариптик мүмкүнчүлүктөрдү сыноодон өткөрдү. Бул тууралуу парламенттин басма сөз кызматы билдирди. Коомдук кабылдамага кагаз жүзүндө эле эмес, оозеки түрдө да айтылган кайрылууларды кабыл алуу мүмкүнчүлүгү түзүлгөн. Аудио жазуулар жасалма интеллектке негизделген система аркылуу текст катары иштелип чыгып, дароо колу коюлуп, тиешелүү депутатка жолдонот. Андан тышкары, бардык кайрылууларды кабыл алуу жана кароо системасы өркүндөтүлдү. Мындай жаңы системанын киргизилиши кайрылууларды ыкчам иштеп чыгууга, тейлөөнүн сапатын көтөрүүгө жана коомдук кабылдаманын кызматкерлерине болгон жүктү азайтууга мүмкүндүк берет. Муну менен катар коомдук кабылдамада парламентке кайрылган жарандар үчүн бардык шарттар түзүлүп, балалуу энелер үчүн да атайын бөлмө каралган. Бүгүн эле бир катар жарандар түзүлгөн шарттарды сынап көрүп, Төраганын катышуусунда өздөрүнүн кайрылууларын калтырышты. Бул жасалган иштердин бардыгы жарандарга багытталганын белгилеген Марлен Маматалиев: «Бул коомдук кабылдама — жөн гана жарандарды кабыл алуу үчүн жай эмес, парламент менен элдин ортосундагы түз, ачык жана натыйжалуу диалогду камсыз кылуучу жаңы платформа. Биздин башкы максатыбыз ар бир жарандын үнүн угуу, көйгөйлөрүн өз убагында чечүү жана кызмат көрсөтүүлөрдүн сапатын жаңы деңгээлге чыгаруу», — деди. Ал эми жарандар буга чейин парламентке кайрылууда ыңгайсыздыктар арбын болгонун белгилешип, эми көйгөйлөрүн тиешелүү депутатка ыкчам жана сапаттуу жеткирип, чечүүгө заманбап мүмкүнчүлүктөр түзүлгөнүнө ыраазычылыгын билдиришти.",24.kg,https://24.kg/kyrgyzcha/371604_jogorku_keneshte_zamanbap_koomduk_kabyil_aluu_bolumu_ishke_kirdi/,,kyrgyz,0,high,news_site
969664aa-1925-408d-8065-2bc2aff98674,Калкты тейлөө борборлору алдыдагы майрам күндөрү да иштейт,"Май айындагы эс алуу күндөрүндө калкты тейлөө борборлору штаттык режимде иштейт. Бул тууралуу «Кызмат» мамлекеттик мекемеси билдирди. Маалыматка ылайык, аталган күндөрү калкты тейлөө борборлору саат 09:00дөн саат 18:00гө чейин жарандарга кызмат көрсөтөт. Мындай чечим калкка мамлекеттик кызматтарды үзгүлтүксүз жана жеткиликтүү көрсөтүүнү камсыз кылууга багытталган. Белгилей кетсек, буга чейин Эмгек министрлиги өлкө аймагында 1-майдан 10-майга чейин эс алуу күнү болорун билдирген.",24.kg,https://24.kg/kyrgyzcha/371456_kalktyi_teyloo_borborloru_aldyidagyi_mayram_kundoru_daishteyt/,,kyrgyz,0,high,news_site
d68417a8-3740-46b8-92ed-381e9641aecf,Президент Кара-Кулжада Калкты тейлөө боюна маданий борборду ачты,"Президент Садыр Жапаров бүгүн, 14-апрелде Ош облусуна болгон иш сапарынын алкагында Кара-Кулжа айылындагы Калкты тейлөө боюнча маданий борбордун ачылыш аземине катышты. Борбор мамлекеттик кызматтарды комплекстүү түрдө көрсөтүүнү камсыздап, социалдык багыттагы объекттерди бир жерде жайгаштырууга багытталган. Садыр Жапаров үч кабаттуу имараттын инфраструктурасы менен таанышып, андагы калкты тейлөө бөлүмдөрүн, кинотеатр, машыгуу залын, банк бөлүмдөрүн, конференц-залды жана башка коомдук жайларды көрүп чыкты. Курулуш, архитектура жана турак жай-коммуналдык чарба министри Нурдан Орунтаев мамлекет башчысына жер тилкесинин жалпы аянты 0,45 гектарды түзөрүн маалымдап, долбоор район тургундары жана коноктору үчүн ыңгайлуу шарттарды түзүүгө багытталганын белгиледи. Андан соң президент жергиликтүү тургундар менен баарлашып, мындай борборлор өлкөнүн башка райондорунда да ачыларын айтты. Өз кезегинде жашоочулар ишке ашырылып жаткан демилгелердин калктын жашоо шартын жакшыртуудагы маанисин белгилешип, аймактарды өнүктүрүүгө көңүл буруп жатканы үчүн ыраазычылык билдиришти.",24.kg,https://24.kg/kyrgyzcha/370289_prezident_kara-kuljada_kalktyi_teyloo_boyuna_madaniy_borbordu_achtyi/,,kyrgyz,0,high,news_site
f56884f6-0f19-4c88-86ff-0e4999c96b61,Жогорку Кеңеште жаңы депутат ант берди,"Жаңы депутат Мирлан Жээнчороев Жогорку Кенеште ант берди. Бир нече күн мурун Борбордук шайлоо комиссиясы (БШК) Мирлан Жээнчороевди № 21 бир мандаттуу шайлоо округу боюнча Жогорку Кенештин депутаты катары каттаган. Эске салсак, буга чейин аталган округдан шайланган депутат Кубанычбек Конгантиев өз ыктыяры менен мөөнөтүнөн мурда мандатын тапшырган. Тизме боюнча кезектеги талапкер Чыңгыз Айдарбеков болушу керек эле. БШК Ички иштер министрлиги тарабынан текшерүү жүрүп жатканын жүйө келтирип, ага мандат бербей келген. Чыңгыз Айдарбековго карата кылмыш иши козголгон. Кийинчерээк ал мандаттан өз ыктыяры менен баш тартканын билдирген.",24.kg,https://24.kg/kyrgyzcha/371391_jogorku_keneshte_janyi_deputat_ant_berdi/,,kyrgyz,0,high,news_site
5558ef4b-ce78-4c6f-8093-cea23f26fa63,«Булак» акысыз мобилдик тиркемеси ЖРТга даярданууга жардам берет,"Кыргызстанда Жалпы республикалык тестке даярдануу үчүн «Булак» аттуу акысыз мобилдик тиркеме ишке киргизилди. Бул тууралуу бүгүн, 19-мартта маалымат жыйынында билим берүү министринин санариптик өнүктүрүү боюнча орун басары Лира Самыкбаева билдирди. Анын айтымында, тиркеме Билим берүүнүн сапатын өнүктүрүү департаменти жана ЖРТны өткөрүүгө жооптуу уюм болгон Билим берүүнү баалоо жана окутуу усулдары борбору менен биргеликте иштелип чыккан. «Биздин негизги максатыбыз — тестке даярданууну баарына жеткиликтүү кылуу. Өлкө боюнча көптөгөн акы төлөнүүчү курстар бар, бирок баары эле, айрыкча алыскы аймактарда, аларга катыша албайт. Учурда тиркемеде ЖРТда кеңири таралган ар кандай категориялар боюнча жооптору бар 12 миңден ашык суроолор камтылган. Булак ар бир окуучу үчүн ишенимдүү жардамчы болот деп үмүттөнөбүз», — деди Лира Самыкбаева. 2012-жылдан бери ЖРТ менчигинин түрүнө карабастан, республикадагы бардык жогорку окуу жайларына кабыл алуу үчүн милдеттүү болуп саналат. Бирок, мурда тесттин жыйынтыктары талап кылынбаган адистиктердин жана тармактардын тизмеси бар. 2026-жылдагы ЖРТга каттоо учурда жүрүп жатат. Каттоо 2-апрелде аяктайт.",24.kg,https://24.kg/kyrgyzcha/366682_bulak_akyisyiz_mobildik_tirkemesi_jrtga_dayardanuuga_jardam_beret/,,kyrgyz,0,high,news_site
d5fab82e-61ee-49fe-9bb0-25e289e7588f,Махабат Тажибек кызынын соту 7-апрелде уланат,"Журналист Махабат Тажибек кызынын иши боюнча кийинки сот отуруму 7-апрелге белгиленди. Бул тууралуу адвокат Акынбек Ногоев билдирди. Бүгүн сот журналистти эч жакка чыкпоо жөнүндөгү тил кат менен абактан бошотту. Анын сотко чейинки камактагы мөөнөтү жеңилдетилгенине карабастан, коргоочу тарап соттун башка айыптар боюнча чечимине нааразы. «Биз ишти токтотуудан баш тартуу чечимине нааразыбыз. Сот биздин ишти толугу менен токтотуу өтүнүчүбүздү канааттандырган жок», — деп белгиледи адвокат. Келечектеги пландар жөнүндө айтып жатып, ал 7-апрелге белгиленген кийинки сот отурумунда коргоо тарап бул этапта ишти токтотуу боюнча өтүнүчтөрдү бербей турганын түшүндүрдү. Соттук териштирүү иштин маңызы боюнча өтөт.",24.kg,https://24.kg/kyrgyzcha/367066_mahabat_tajibek_kyizyinyin_sotu_7-aprelde_ulanat/,,kyrgyz,0,high,news_site
e577b53f-5434-4bc5-a482-28d1848f8191,Бишкектеги көрүстөндөргө видеобайкоо камералары орнотулат,"Кыргызстандын борборундагы көрүстөндөргө видеобайкоо камераларын орнотуу пландаштырылууда. Бул тууралуу Бишкек сөөк коюу кызматтары агенттигинин директорунун милдетин аткаруучу Кубат Курамаев Бишкек шаардык кеңешинин турак жай-коммуналдык чарба, отун-энергетика, транспорт, байланыш жана экология боюнча туруктуу комиссиясынын жыйынында билдирди. Анын айтымында, камераларды орнотуу боюнча иштер быйыл башталышы пландалууда. Атайын жабдууларды сатып алуу үчүн тендер жарыяланат. Компания ошондой эле экскаватор, самосвал жана суу ташуучу унаа сатып алууну пландаштырууда. Бишкек сөөк коюу кызматтары агенттиги көрүстөн үчүн жер тилкелерине уруксат сурап жатат.",24.kg,https://24.kg/kyrgyzcha/369609_bishkektegi_korustondorgo_videobaykoo_kameralaryi_ornotulat/,,kyrgyz,0,high,news_site
d55a8909-1c3b-4916-af01-4a26ae7df14c,Кубанычбек Атажанов ЖККУдагы Кыргызстандын өкүлү кызматынан бошотулду,"Кубанычбек Атажанов ЖККУнун Туруктуу кеңешиндеги Кыргызстандын туруктуу жана ыйгарым укуктуу өкүлү кызматынан бошотулду. Бул тууралуу президенттин басма сөз кызматы билдирди. Тиешелүү жарлыкка президент Садыр Жапаров кол койду. Эске салсак. Жамааттык коопсуздук келишими уюмуна алты өлкө кирет: Орусия, Тажикстан, Беларусь, Кыргызстан, Армения жана Казакстан. Армения жакында ЖККУнун иш-чараларына жана машыгууларына катышуусун чектеди. Ереван ошондой эле уюмдан чыгууну карап көрүшү мүмкүн экенин билдирди.",24.kg,https://24.kg/kyrgyzcha/370079_kubanyichbek_atajanov_jkkudagyi_kyirgyizstandyin_okulu_kyizmatyinan_boshotuldu/,,kyrgyz,0,high,news_site
88dee187-ea33-4290-8603-39dd47e16432,Нооруз −2026: Бүгүн Манас театрында майрамдык салтанат өтөт,"20—21-март күндөрү Кыргыз улуттук «Манас» театрында Нооруз майрамына арналган майрамдык иш-чаралар өтөт. Иш-чаранын алкагында улуттук оюндар көрсөтүлүп, манасчылар Манас айтып, акындардын айтышы жана дастанчылардын дастандары жаңырып, көрүүчүлөргө майрамдык маанай тартууланат. Ошондой эле майрам учурунда сүмөлөк жасалып, улуттук даамдар сунушталат. Эртең, 21-март күнү саат 12:00дө театр сахнасында «Тайтору» спектакли коюлат. Кирүү акысыз",24.kg,https://24.kg/kyrgyzcha/366798_nooruz_2026_bugun_manas_teatryinda_mayramdyik_saltanat_otot/,,kyrgyz,0,high,news_site
05fc11fd-1c34-4a3b-803d-cacf465fa93c,Бүгүнкү доллардын курсу,"Бүгүн, 9-март саат 09:30га карата Кыргызстандын коммерциялык банктарда жана акча алмаштыруучу жайларда 1 долларды сатып алуу 87 сом 55 тыйынга чейин болсо, сатуу 87 сом 80 тыйын болууда. Ал эми Улуттук банкта 1 доллардын курсу 87 сом 45 тыйын деп көрсөтүлгөн",24.kg,https://24.kg/kyrgyzcha/365038_bugunku_dollardyin_kursu/,,kyrgyz,0,high,news_site
c5428e39-c26a-48df-901e-a57cc0398493,Мунарбек Сейитбек уулу Түркияда өткөн эл аралык турнирде жеңүүчүсү болду,"Кыргызстандын бокс боюнча Улуттук курама командасынын мүчөсү Мунарбек Сейитбек уулу «Ahmet Cömert International Boxing Tournament» эл аралык мелдешинде жеңүүчү аталды. Бул тууралуу Дене тарбия жана спорт мамлекеттик агенттиги билдирди. Маалыматка ылайык, турнир Стамбул шаарында 29-марттан 5-апрелге чейин өттү. Кыргызстандык мушкер 60 кг чейинки салмак категориясында күч сынашып, мелдештин бардык баскычтарын ишенимдүү түрдө басып өттү. Ал алгачкы беттешинде Өзбекстандын өкүлү Тилав Супоновду, чейрек финалда австралиялык Дарси Омаллейди жеңди. Жарым финалда германиялык мушкер Денис Бриль менен кез келип, аны да 5:0 эсебинде утуп финалга чыкты. Ал эми чечүүчү финалдык беттеште калыстардын бир добуштан чечими менен 5:0 эсебинде Украина өкүлү Иван Завадскийди утуп алды.",24.kg,https://24.kg/kyrgyzcha/369010_munarbek_seyitbek_uulu_turkiyada_otkon_elaralyik_turnirde_jenuuchusu_boldu/,,kyrgyz,0,high,news_site
b9669b64-c83a-44b7-96af-0386956878d8,Айлыкка кошумча 5 миң сом: Президенттин атынан кимдер төлөм алат?,"Министрлер кабинети мамлекеттик органдарды жана жергиликтүү өз алдынча башкаруу органдарын тейлөөчү кызматкерлердин эмгек акысын төлөө шарттарын жөнгө салган 2022-жылдын 1-августундагы № 433 токтомуна өзгөртүүлөрдү киргизди. Бул чечим президенттин 2026-жылдын 26-мартындагы № 121 «Бюджеттик чөйрөнүн кызматкерлеринин айрым категорияларынын эмгек акы төлөө тутумун өркүндөтүү жөнүндө» Жарлыгын аткаруу максатында кабыл алынды. Өзгөртүүлөргө ылайык, документке 5 миң сом өлчөмүндөгү президенттик компенсациялык төлөмдү киргизүү боюнча жаңы норма кошулду. Ал иш жүзүндө иштеген убактысы үчүн чегерилет. Аталган төлөм төмөнкүлөрдү эсептөөдө эске алынбайт: үстөктөрдү; жөлөкпулдарды; 13-айлыкты; бийик тоолуу жана жетүүгө кыйын болгон аймактарда иштегендиги үчүн кошумча төлөмдөрдү; башка кошумча төлөмдөрдү. Финансы министрлигине 2026-жылга жана 2027-2028-жылдардын пландык мезгилине карата республикалык бюджет жөнүндө мыйзамга түзөтүүлөрдү даярдоодо бул өзгөртүүлөрдү эске алуу, ошондой эле тиешелүү иш-чаралардын ишке ашырылышын камсыз кылуу тапшырылды. Документ ушул жылдын 1-апрелинен тарта күчүнө кирди.",24.kg,https://24.kg/kyrgyzcha/372328_aylyikka_koshumcha_5min_som_prezidenttin_atyinan_kimder_tolom_alat/,,kyrgyz,0,high,news_site
d8093fcd-ab0c-48e4-af26-06e9642f6fcf,Бишкекте 128 адамды кене чакты,"Бишкек шаардык мамлекеттик санитардык-эпидемиологиялык көзөмөл борборуна кене чаккандыгы тууралуу 128 адам кайрылды. Мекеменин маалыматы боюнча, алардын ичинен сегиз кишиге (төрт чоң адам жана төрт бала) кене энцефалитине каршы иммуноглобулин сайылган. Жалпысынан кене энцефалитине каршы 189 адам эмдөөдөн өтсө, алардын бешөө ревакцинациядан (бир жылдан кийин кайра эмдөө) өттү. Эмдөөгө Жусуп Баласагын атындагы Кыргыз улуттук университетинин биология, география, экология жана туризм факультеттеринин студенттери, «НУР Телеком» ЖЧКсынын жана Өзгөчө коркунучтуу карантиндик инфекциялардын алдын алуу жана көзөмөлдөө боюнча республикалык борбордун кызматкерлери өтүштү. Кене энцефалити — бул борбордук нерв системасын жабыркатуучу курч вирустук инфекциялык оору. Инфекциянын негизги ташуучусу болуп жаратылыш очокторунда жашаган иксод кенелери эсептелет. Оорунун кесепеттери: толук айыгып кетүүдөн баштап, ден соолуктун майыптыкка же өлүмгө алып келүүчү оор бузулууларына чейин жетиши мүмкүн. 1. Жугуу жолдору: 2. Оорунун негизги белгилери: 3. Алдын алуу чаралары: 4. Өзгөчө (спецификалык) алдын алуу: Вакцинация — кене энцефалитинен коргонуунун эң натыйжалуу жолу. Ал эндемикалык очоктордо иштеген жана ал жакка бара турган айрым кесиптин ээлерине, ошондой эле КУУнун биология жана геология факультеттеринин студенттерине жасалат. Иммуноглобулин — кене энцефалити боюнча кооптуу аймактарда кене чагып алгандыгына байланыштуу кайрылган адамдарга берилет.",24.kg,https://24.kg/kyrgyzcha/371185_bishkekte_128_adamdyi_kene_chaktyi/,,kyrgyz,0,high,news_site
4f1d8f9f-51f6-4069-8bb7-dee5e7886645,ЖКнын депутаты айдоочулук күбөлүктү акысыз алмаштыруу мөөнөтүн узартууну суранды,"Депутат акысыз айдоочулук күбөлүктү алмаштыруу мөөнөтүн узартууну суранды. Бул тууралуу Улан Бакасов бүгүн, 1-апрелде Жогорку Кеңештин жыйынында билдирди. Эл өкүлү Нарын облусунун, тактап айтканда, Ат-Башы жана Ак-Талаа райондорунун тургундары ага кайрылганын айтты. «Бир катар объективдүү себептерден улам, жарандар өкмөттүн акысыз айдоочулук күбөлүктү жаңыртуу программасынан пайдалана алышкан жок. Алар күбөлүктү алмаштырууну бир айга узартууну суранышууда», — деп кошумчалады Бакасов. Эске салсак, айдоочулук күбөлүктү акысыз алмаштыруу иши 2026-жылдын 1-апрелине чейин жүгүзүлдү.",24.kg,https://24.kg/kyrgyzcha/368416_jknyin_deputatyi_aydoochuluk_kuboluktu_akyisyiz_almashtyiruu_moonotun_uzartuunu_surandyi/,,kyrgyz,0,high,news_site
3a6972d6-7c75-489d-95cb-c3dca20a186e,Азия чемпионаты: Жарым финалга кимдер чыкты?,"Бүгүн, 6-апрелде Бишкек шаарындагы «Жаштык» арена спорт комплексинде грек-рим күрөшү боюнча Азия чемпионаты башталды. Бул тууралуу Дене тарбия жана спорт мамлекеттик агенттигинен билдиришти. Маалыматка ылайык, тандоо этаптарындагы кармаштардын жыйынтыгына ылайык эми Кыргызстандын курама командасынын төрт балбаны финалга чыгуу үчүн күч сынашат. Алар: Улан Муратбек уулу (55 кг чейинки салмак категориясы); Афтандил Таалайбеков (63 кг чейин); Акжол Махмудов (77 кг чейин); Асан Жанышов (87 кг чейин). Жарым финалдык беттештер бүгүн саат 18:00дө башталат.",24.kg,https://24.kg/kyrgyzcha/369130_aziya_chempionatyi_jaryim_finalga_kimder_chyiktyi/,,kyrgyz,0,high,news_site
e5a870b2-a4c7-4fa5-98b6-d7c3ffbc492a,Аламүдүн районундагы жер тилкеси мамлекетке кайтарылды,"Чүй облусунун Аламүдүн районунун прокуратурасы жер мыйзамдарын текшерүү учурунда 2006-жылы Таш-Дөбө айылдык муниципалитетинде жайгашкан 10,72 гектар жер тилкеси жеке адамдарга мыйзамсыз сатылганын аныктады. Бул тууралуу КР Башкы прокуратурасынын басма сөз кызматы билдирди. Маалыматка ылайык, текшерүүнүн жыйынтыгында прокурордук жооп актысы түзүлүп, анын натыйжасында 9 миллиард 161 миллион 526 миң 400 сомдук жер тилкеси мамлекеттик баланска кайтарылган.",24.kg,https://24.kg/kyrgyzcha/365299_alamudun_rayonundagyi_jer_tilkesi_mamleketke_kaytaryildyi/,,kyrgyz,0,high,news_site
2547e3bb-418a-4cea-b3dd-a90afe3cfb65,Бишкек-Кант-Токмок унаа жолунун бир бөлүгүн кеңейтүү: Иштер качан бүтөт?,"Кыргызстандагы Бишкек-Кант-Токмок унаа жолунун кеңейтүү иштери уланууда. Бул тууралуу Транспорт жана коммуникация министрлиги билдирди. Маалыматка ылайык, аталган жерге асфальт-бетондун биринчи катмары төшөлдү. Ошол эле учурда электр жана байланыш линияларын жылдыруу, электр берүү линияларынын тирөөчтөрүн орнотуу жана тосмолорду орнотуу иштери жүрүп жатат. Мындан тышкары, тротуарлар, суу өткөргүчтөр жана сугат арык системалары курулууда. Чоң Чүй каналынын үстүнөн өткөн көпүрө да реконструкцияланууда. Транспорт министрлиги 3,85 чакырымдык бөлүгү ушул жылдын август айында бүткөрүлүшү пландалганын белгиледи.",24.kg,https://24.kg/kyrgyzcha/369125_bishkek-kant-tokmok_unaa_jolunun_bir_bolugun_keneytuu_ishter_kachan_butot/,,kyrgyz,0,high,news_site
d58ef062-ad5a-4c9d-818f-afd729277a9a,Орозо −2026: Ыйык Рамазандын акыркы 10 күндүгү башталды,"Ыйык Рамазандын акыркы 10 күндүгү башталды. Ыйык Рамазан айынын акыркы 10 күнүнүн өзгөчөлүгү эмнеде? 1. Дал ушул акыркы 10 күндүктө Куран китеби түшүрүлгөн. «Бакара» сүрөсүнүн 185-аятында: ""Рамазан айы, бул айда адамдарга туура жол болуп, ушул туура жолдун жана жакшы менен жаманды ажыратуучунун ачык далилдери болуп (көрсөтүлүп) Куран түшүрүлдү"",-деп баяндалат. 2. Дал ушул акыркы 10 күндүктө Кадыр Түн катылган. Пайгамбарыбыз: ""Кадыр түндү Рамазандын акыркы 10 күндүгүндө так сандардан издегиле«,- деген. Ал эми бул түндүн кадыры Куранда миң айдан артык деп таасын баяндалат. Тагыраагы, Кадыр Түнү жасалган ибадаттар 83 жыл жана 4 ай бою жасалгандай көбөйтүлөт. 3. Итикаф (мечитте жалгыздануу). Пайгамбарыбыз Мухаммед (Алланын ага салам-салаваттары болсун) жана анын сахабалары мечитте жалгызданып, Жаратканга кайрылып, күнөөлөрүнүн кечирилишин сурашкан. Ишенимдүү хадистердин биринде Аиша (Аллах андан ыраазы болсун) мындай деп баяндайт: «Пайгамбар (Алланын ага салам-салаваттары болсун) Рамазан айынын акыркы 10 күндүгүндө төшөгүн жыйыштырып, аны бөлмөнүн бурчуна коюп, мечитте Жаратканга сыйынчу. Пайгамбарыбыздын көзү өткөн соң анын жубайлары да ушундай кылышкан» (Бухари, Муслим)",24.kg,https://24.kg/kyrgyzcha/365274_orozo_2026_yiyyik_ramazandyin_akyirkyi_10kundugu_bashtaldyi/,,kyrgyz,0,high,news_site
8616c7e0-96e5-4cbb-9591-5c3b64177ac8,"Баткенде өрүк бышып, алгачкы түшүм жыйнала баштады","Кадамжай районуна караштуу Кыргыз-Кыштак айылында өрүктүн эрте бышуучу сорттору бышып, түшүм жыйноо башталды. Бул тууралуу Президенттин Баткен облусундагы өкүлчүлүгү билдирди. Маалыматка ылайык, багбан Толубай Жалилов өткөн жылы 20 гектар жерди өздөштүрүп, анын 7 гектарына өрүк бак тиккен. Быйыл алгачкы түшүм мол болуп, жемиштер жыйналууда. Ал Түркиядан «Фуего», «Приция» жана «Микадо» сортторун алып келип өстүргөн. Учурда жыйналган түшүм Казакстан жана Орусияга экспорттолуп жатат.",24.kg,https://24.kg/kyrgyzcha/372549_batkende_oruk_byishyip_algachkyi_tushum_jyiynala_bashtadyi/,,kyrgyz,0,high,news_site
350f76e1-1fd2-4150-a761-1bf21dc18582,Оштогу Ак-Буура дарыясынан 323 миң тоннадан ашык таштанды чыгарылды,"Президент Садыр Жапаров Ош шаарындагы Ак-Буура дарыясын көрктөндүрүү жана тазалоо иштеринин жүрүшү менен таанышты. Бул тууралуу Өзгөчө кырдаалдар министрлигинин билдирди. ӨКМ башчысы Канатбек Чыныбаев үстүбүздөгү жылдын март айында дарыянын 17 чакырым тилкесинин абалына талдоо жүргүзүлгөнүн билдирди. Жумуштарды ишке ашырууга 24 млн сом бөлүнгөн. 22 даана атайын техника тартылып, механикалык иштер башталды. Бүгүнкү күндө дарыянын нугунан 323 510 тонна сел калдыктары жана кум-шагыл массалары чыгарылды. Тазалоо иштеринин баарын ушул жылдын 15-апрелине чейин бүткөрүү пландалган. Президент Садыр Жапаров суу объектилеринин экологиялык абалын жакшыртууга жана калктын коопсуздугун камсыздоого багытталган иш-чараларды өз убагында жана сапаттуу аткаруу зарылдыгын эскертти.",24.kg,https://24.kg/kyrgyzcha/369891_oshtogu_ak-buura_daryiyasyinan_323_min_tonnadan_ashyik_tashtandyi_chyigaryildyi/,,kyrgyz,0,high,news_site
b5108ddb-67b2-4caa-8978-f3cda59ba179,Ак илбирс VI Дүйнөлүк көчмөндөр оюндарынын тумары болуп тандалды,"Ак илбирс VI Дүйнөлүк көчмөндөр оюндарынын тумары болуп тандалды. Бул тууралуу Дүйнөлүк көчмөндөр оюндарынын катчылыгынан билдиришти. Маалыматка ылайык, Көчмөндөр оюндарынын расмий тумары катары ак илбирс эми оюндардын визуалдык жана коммуникациялык идентификациясынын ажырагыс бөлүгүнө айланат. Тумарды тандоо 2026-жылдагы Дүйнөлүк көчмөндөр оюндарына даярдык көрүүнүн алкагында сунушталды. Оюндар Кыргызстанда өтүп, ар кайсы өлкөлөрдөн келген катышуучуларды спорттук, маданий жана илимий программалар аркылуу бириктирет. Катчылыктан белгилешкендей, ак илбирс кокусунан тандалган жок. Бул образ Кыргызстандын жаратылышы, анын ландшафты, мүнөзү жана маданий коду менен тыгыз байланышта. Оюндардын алкагында ал күчтү, кадыр-баркты, урматтоону жана ички тең салмактуулукту символдоштурат. Бул сапаттар спортко да, көчмөн маданиятынын философиясына да мүнөздүү. «Ак илбирс — бул күч менен урмат айкалышкан, салттары дүйнөгө ачык Кыргызстанды чагылдырган образ. Бул тумар аркылуу биз Дүйнөлүк көчмөндөр оюндарынын духун, кадыр-барк, тең салмактуулук жана өз ара аракеттенүүгө ачыктыгын жеткирүүнү кааладык», — деп белгилешти Дүйнөлүк көчмөндөр оюндарынын катчылыгынан. Тумардын визуалдык образы Кыргызстандын жаратылышын, көчмөн мурастарын жана долбоордун заманбап үндөлүшүн бириктирет. Ак илбирс — бул жөн гана тумар эмес, ал кабыл алуучу өлкөнүн мүнөзүн жана Дүйнөлүк көчмөндөр оюндарынын баалуулуктарын чагылдырган образ.",24.kg,https://24.kg/kyrgyzcha/368518_akilbirs_VIduynoluk_kochmondor_oyundaryinyin_tumaryi_bolup_tandaldyi/,,kyrgyz,0,high,news_site
9750134d-2cdf-4f91-a87c-bc7072ddb839,Кыргызстанда 3 баллга жеткен жер титирөө катталды,"Улуттук илимдер академиясынын Сейсмология институтунун маалыматы боюнча, Кыргызстанда 3 баллга жеткен жер титирөө катталды. Бул тууралуу Улуттук илимдер академиясынын Сейсмология институту билдирди. Маалыматка ылайык, жер титирөө 9-мартта эртең мененки саат 7:23тө болгон. Жер титирөөнүн очогу Кыргызстан аймагында, Бор-ө айылынан 6 чакырым түндүк-чыгышта жайгашкан. Жер титирөөнүн күчү 3 баллга жеткен.",24.kg,https://24.kg/kyrgyzcha/365229_kyirgyizstanda_3ballga_jetken_jer_titiroo_kattaldyi/,,kyrgyz,0,high,news_site
945310d9-d432-432a-b25f-8f57713dbba8,Бүгүнкү доллардын курсу,"Бүгүн, 5-май саат 09:30га карата Кыргызстандын коммерциялык банктарда жана акча алмаштыруучу жайларда 1 долларды сатып алуу 87 сом 50 тыйын болсо, сатуу 87 сом 85 тыйындан болууда. Ал эми Улуттук банкта 1 доллардын курсу 87 сом 42 тыйын деп көрсөтүлгөн",24.kg,https://24.kg/kyrgyzcha/372895_bugunku_dollardyin_kursu/,,kyrgyz,0,high,news_site
4666b107-2fad-48e2-adab-390e005c2973,Бүгүнкү доллардын курсу,"Бүгүн, 1-майда саат 09:30га карата Кыргызстандын коммерциялык банктарда жана акча алмаштыруучу жайларда 1 долларды сатып алуу 87 сом 40 тыйынга чейин болсо, сатуу 87 сом 70 тыйын болууда. Ал эми Улуттук банкта 1 доллардын курсу 87 сом 42 тыйын деп көрсөтүлгөн",24.kg,https://24.kg/kyrgyzcha/372652_bugunku_dollardyin_kursu/,,kyrgyz,0,high,news_site
24a07aac-e063-475e-b094-b938468a967b,"Бүгүн Кыргызстанда күчү 3,5 баллга жеткен жер титирөө катталды","Кыргызстанда күчү болжол менен 3,5 баллга жеткен жер титирөө болду. Бул тууралуу Улуттук илимдер академиясынын Сейсмология институтунан билдиришти. Маалыматка ылайык, жер титирөө бүгүн, 27-апрелде саат 2.30да катталган. Жер титирөөнүн очогу Кыргызстандын аймагында — Коргон айылынан түштүк-чыгышты көздөй 21 чакырым, ал эми Баткен шаарынан түштүк-чыгышты көздөй 62 чакырым алыстыкта жайгашкан. Жер титирөөнүн күчү Коргон айылында болжол менен 2,5 баллга жеткен.",24.kg,https://24.kg/kyrgyzcha/371955_bugun_kyirgyizstanda_kuchu_35_ballga_jetken_jer_titiroo_kattaldyi/,,kyrgyz,0,high,news_site
7c4d87f6-49ea-49d1-984c-445d924ffbff,Пайдалуу кеңеш: Лимондорду кантип туура сактоо керек?,"Көп адамдар бир убакта бир нече лимон сатып алышат. Алар ашканада дайыма керек: чайга кошуу үчүн, салаттарга соус катары, бышырууда колдонуу үчүн же жөн гана сууга даам берүү үчүн колдонулат. Бирок сатып алгандан бир нече күн өткөндөн кийин лимондор бузула башташы мүмкүн. Кабыгы жумшарып, кара тактар ​​же көк пайда болот. Лимондордун өмүрүн узартуунун эң ишенимдүү жолу — аларды муздаткычта сактоо. Бирок баштыкты текчеге коюу жетишсиз. Бул ыкма абдан маанилүү. Бүтүндөй лимондорду жөнөкөй сууда сактоо жакшы. Бул кызыктай угулат, бирок кемчиликсиз иштейт. Аларды банкага же терең идишке салып, муздак суу менен жаап, муздаткычка салыңыз. Мындай шарттарда лимондор бир айга чейин катуу жана ширелүү бойдон калат. Суу кабыгынын кургап кетишине жол бербейт жана аны көктөн коргойт. Кесилген лимон — бул башка кеп. Коргоосуз ал бир нече сааттын ичинде кургап калат. Эң оңой чечим — аны полиэтилен пленкасына бекем ороп, муздаткычка салуу. Аны кесилген тарабын ылдый каратып тарелкага койсоңуз болот, бирок пленкасы дагы эле бекемирээк. Лимондор бөлмө температурасында көпкө сакталбайт. Алар эң көп дегенде 2-3 күнгө чейин сакталат, андан кийин алар кургап, даамын жогото баштайт. Ошондуктан, эгер сиз аларды дароо жегенди пландабасаңыз, аларды дароо салкын жерде сактаганыңыз оң.",24.kg,https://24.kg/kyrgyzcha/365652_paydaluu_kenesh_limondordu_kantip_tuura_saktoo_kerek/,,kyrgyz,0,high,news_site
86d54023-ec7d-4f68-9311-ab2ba389a39b,Манас шаарында катуу жааган жамгырдан кийин турак жайларды суу каптады,"Катуу жааган жамгырдан кийин Манас шаарында турак жайларды жана социалдык объектилерди суу каптады. Бул тууралуу Өзгөчө кырдаалдар министрлигинин басма сөз кызматы билдирди. Мекеменин маалыматы боюнча, окуя болгон жерде атайын техникалар иштеп жатат. Имараттарды селдин кесепеттеринен тазалоо процессин өзгөчө кырдаалдар министринин орун басары Алмазбек Асанов көзөмөлдөп жатат.",24.kg,https://24.kg/kyrgyzcha/372662_manas_shaaryinda_katuu_jaagan_jamgyirdan_kiyin_turak_jaylardyi_suu_kaptadyi/,,kyrgyz,0,high,news_site
39bae585-8742-4c5e-8154-e6f16b01423a,Чемпиондор лигасы: Бүгүн жарым финалда «Атлетико» менен «Арсенал» беттешет,"Бүгүн, 5-майда, Чемпиондор лигасынын жарым финалынын жооптук оюну өтөт. Анда Лондондун «Арсеналы» өз талаасында Мадриддин «Атлетикосун» кабыл алат. Беттеш Лондондогу «Эмирейтс» стадионунда өтүп, Бишкек убактысы боюнча саат 02:00дө башталат. Эки команда тең оюнга чоң амбициялар менен келишти жана негизги еврокубоктук турнирдин финалына чыгуу үчүн маанилүү кадам жасоону көздөшүүдө. Бул атаандаштардын ортосундагы биринчи жолугушуу 1:1 эсебиндеги согуштук тең чыгуу менен аяктаган. Эске салсак, Чемпиондор Лигасынын финалы 30-майда Будапештте өтөт. Турнирдин жеңүүчүсү кийинки сезондун Чемпиондор Лигасынын жалпы этабына жолдомо алат, ошондой эле 2026-жылкы УЕФАнын Суперкубогунун матчына катышууга укук алат.",24.kg,https://24.kg/kyrgyzcha/372877_chempiondor_ligasyi_bugun_jaryim_finalda_atletiko_menen_arsenal_betteshet/,,kyrgyz,0,high,news_site
09bc621b-e825-42b0-9c87-8b496dc01eed,Жалпы республикалык тестирлөөгө 61 миң 412 адам катталды,"2026-жылдагы жалпы республикалык тестирлөөгө 61 миң 412 адам катталды. Бул тууралуу Илим, жогорку билим берүү жана инновациялар министрлигенен билдиришти. Алардын ичинен: Жалпы республикалык тестке каттоо 17-февралдан 2-апрелге чейин жүргүзүлгөн.",24.kg,https://24.kg/kyrgyzcha/371345_jalpyi_respublikalyik_testirloogo_61min_412_adam_kattaldyi/,,kyrgyz,0,high,news_site
15dc8afa-93a1-4799-8d31-0e8bf00cbb84,UWW рейтинги: Кыргызстандык балбан Раззак Бейшекеев алдыңкы бештикке кирди,"Кыргызстандык балбан Раззак Бейшекеев Азия күрөш чемпионатынан кийин UWW дүйнөлүк рейтингинин алдыңкы бештигине кирди. Ал азыр алдыңкы бештиктин төртүнчү сабында турат. Жаңыртылган рейтингдер Бишкекте өткөн Азия чемпионатынын жыйынтыктарынын негизинде түзүлдү. Кыргызстандык балбан 67 килограмм салмактагылар арасында күч сынашып, алтын медалды жеңип алган.",24.kg,https://24.kg/kyrgyzcha/370023_UWW_reytingi_kyirgyizstandyik_balban_razzak_beyshekeev_aldyinkyi_beshtikke_kirdi/,,kyrgyz,0,high,news_site
cac23507-8d12-4e22-9ab9-16ad8e2973aa,Кыргызстан Орусияга жаңы унааларды экспорттоо боюнча алдыңкы орунда турат,"2026-жылдын февраль айына карата Кыргызстан Орусияга жаңы унааларды экспорттоо боюнча алдыңкы орунда турат. Бул тууралуу «Автостат» аналитикалык агенттигинин жетекчиси Сергей Целиков билдирди. Маалыматка ылайык, февраль айында жеңил унаалардын импорту 35 пайызга өскөн. Өткөн айда Орусияга 46 миң 800 жеңил унаа импорттолгон. Бул былтыркы жылдын февраль айына (35 миң) салыштырмалуу 35 пайызга көптүк кылат. Жаңы жеңил унаалардын (үч жылга чейинки) импорту 29 пайызга өсүп, 20 миң 900 жетти. Колдонулган унаалардын (үч жылдан ашык) импорту 40 пайызга өсүп, 25 миң 900 жетти. «Кытай (67,2 пайыз) жана Кыргызстан (20,5 пайыз) жаңы унааларды экспорттоо боюнча алдыңкы орунда турат», — деп белгиледи Сергей Целиков. «Автостат» мурда 2025-жылдын аягына карата Кыргызстандан Орусияга жаңы жеңил унааларды импорттоо Евразия экономикалык биримдигинин (ЕАЭБ) өлкөлөрүнүн арасында биринчи орунда турганын, 53 600 бирдикке жеткенин билдирген.",24.kg,https://24.kg/kyrgyzcha/364409_kyirgyizstan_orusiyaga_janyi_unaalardyi_eksporttoo_boyuncha_aldyinkyi_orunda_turat/,,kyrgyz,0,high,news_site
1124b603-167a-48a7-a937-5db2082176de,Кыргызстандык спортчу Эрлан Султангазиев Азия чемпионатында күмүш медаль утту,"Кытай Эл Республикасынын Хефей шаарында 2026-жылдын 24—26-апрель күндөрү байдарка жана каноэде сүзүү боюнча Азия чемпионаты өтүүдө. Бул тууралуу Дене тарбия жана спорт мамлекеттик агенттиги билдирди. Мелдештин биринчи күнүнүн жыйынтыгы боюнча Кыргыз Республикасынын курама командасынын мүчөсү Эрлан Султангазиев байдарка-одиночка түрүндө 200 метр аралыкта күмүш медаль тагынды. Бул ири мелдешке Азиянын 19 өлкөсүнөн спортчулар катышууда. Кыргызстандын атынан чемпионатка 3 спортчу катышууда: Эрлан Султангазиев , Родион Туйгунов жана Рысбек Толомушев . Команданы башкы машыктыруучу Олег Роганов жетектөөдө.",24.kg,https://24.kg/kyrgyzcha/371943_kyirgyizstandyik_sportchu_erlan_sultangaziev_aziya_chempionatyinda_kumush_medal_uttu/,,kyrgyz,0,high,news_site
