id,headline,body_text,source,url,date,language,label,label_confidence,source_type
e18caa54-c4d4-4088-93f4-30671c496e48,Израилдин соккусунан Ливанда 14 киши мерт болду,"Ливандын бийликтери жекшембиде Израилдин аба соккуларынан 14 киши каза болуп, дагы 37 адам жараат алганын кабарлашты. Анын алдында Израил Ливандын жети калаасынын жашоочуларын ""буфердик зонадан"" чыгып кетүүгө үндөп, эскертүү тараткан. Ливандын Саламаттыкты сактоо министрлиги өлгөндөр арасында эки жаш бала, эки аял бар экенин, Израил өзү тараптан бир аскер мерт болгонун билдиришти. Израил армиясы ""ок атуууну токтотуу келишиминин шарттарын бузду"" деп Батышта террорчул уюм деп таанылган ХАМАСты айыптап, жети калаанын тургундарын түндүк жана батыш тарапка көчүп кетүүгө үндөгөн. ХАМАСтын аскерлери негизинен Израил аскердик операция жүргүзүп жаткан Ливандын түштүк тарабында жайгашкан.",azattyk.org,https://www.azattyk.org/a/33743403.html,2026-04-27T16:14:38+06:00,kyrgyz,0,high,news_site
c0cf8cfc-1d86-409d-b448-bdb6ad61c67a,"Трамп катышкан иш-чарада ок чыгарган адамга ""президенттин өмүрүнө кол салуу"" айыбы тагылды","Вашингтондо АКШ президенти Дональд Трамп катышкан иш-чарага кирүүгө аракет кылып ок чыгарган адамга мамлекет башчыны өлтүрүүгө аракет кылган жана ок атуучу куралды мыйзамсыз сактаган деген айып тагылганын Reuters маалымдады. Окуя 25-апрелде Ак үйдүн кабарчылар ассоциациясынын Трамп катышкан жылдык кечки тамагы учурунда болгон. Кол салууга аракет кылган деп Калифорния штатынын Торранс шаарынын тургуну, 31 жаштагы Коул Томас Аллен шектелүүдө. Ал иш-чара өтүп жаткан мейманкананын ичинде текшерип өткөрүүчү жердеги коопсуздук кызматкерин аткан (кызматкер зоот кийими болгону үчүн жеңил жаракат алган), андан кийин кармалган. Трамп жарыялаган видеотасмада шектүү коридор менен чуркап баратканы көрүнөт. 2024-жылы президенттик шайлоо өнөктүгү учурунда да Трампка эки жолу кол салуу болгон, биринде ал жеңил жаракат алган. Мылтыктан тышкары тапанча жана бир нече бычак менен куралданган Аллен да атышуудан кийин жергиликтүү ооруканага текшерүүдөн өткөрүү үчүн жеткирилген. Reuters жазгандай, Аллен азырынча айыптоолорго жооп бере элек. Мурдараак ал бардык суроолорго ачык жооп берерин, өзү компьютер оюндарын ойлоп табуучу программист экенин билдирген. Судья Мэтью Шарбо Алленди иш каралып жаткан кезде камакта калтырууну чечти. Анын андан аркы бөгөт чарасын кароо бейшембиге дайындалды. Башкы прокурордун милдетин аткаруучу Тодд Бланш жекшембиде кол салуунун максаты тастыкталбаганын билдирген, бирок Аллен президент Трампка жана администрациянын башка кызматкерлерине кол салууну көздөгөнүн айткан. Буга чейин Аллен үй-бүлөсүнө өзүн ""Достуктагы федералдык өлтүргүч"" деп атаган манифест калтырган. Ал Трамптын администрациясындагы кечки иш-чарага катышуучу жогорку кызматкерлерге кол салууну талкуулаганы, анын бутасына алынгандардын арасында президент да болгону болжолдонууда.",azattyk.org,https://www.azattyk.org/a/33744064.html,2026-04-28T10:37:07+06:00,kyrgyz,0,high,news_site
0b841ff8-ed60-46c7-a991-3bfc1bc06326,Иш учурунда дарыгерлерди сабагандарга жазаны күчөтүү сунушталды,"Жумуш учурунда медицина кызматкерлеринин ишине тоскоолдук кылып, кол көтөргөндөргө жазаныкүчөтүү сунушу берилди. Тиешелүү мыйзам долбоорун Жогорку Кеңештин бир нече депутаты иштеп чыгып, коомдук талкууга чыгарды. Ага ылайык, дарыгерге иш учурунда тоскоолдук кылып, ден соолугуна жеңил жаракат келтиргендерди эки айдан бир жылга чейин түзөтүү жумуштарына тартып же 20 миңден 50 миң сомго чейин айып пул салуу сунушталды. Дарыгердин ден соолугуна оор залал келтирип, көп көлөмдө зыян учураткандарды үч жылдан беш жылга чейин, бейтаптын ден соолугуна залака тийгизгендерди беш жылдан сегиз жылга чейин абакка кесүү демилгеси көтөрүлдү. Кыргызстанда буга чейин дарыгерлер иш учурунда ур-токмокко кабылган бир катар окуялар катталган. Коомчулукта медицина кызматкерлеринин укугун коргоо талабы айтылып келет. (BTo)",azattyk.org,https://www.azattyk.org/a/33746072.html,2026-04-30T17:32:21+06:00,kyrgyz,0,high,news_site
7c26d5d0-3ae2-4aa5-808a-ec2903a927ea,"""Кыргызиндустрия"" мамлекеттик ишканасы Президенттин иш башкармасына өттү","""Кыргызиндустрия"" ачык акционердик коому Президенттин иш башкармасына өттү. Тийиштүү токтомго Министрлер кабинетинин төрагасы Адылбек Касымалиев кол койгонун Мамлекеттик мүлктү башкаруу боюнча мамлекеттик агенттиктин басма сөз кызматы ""Азаттыкка"" ырастады. ""Кыргызиндустрия"" ишканасы буга чейин аталган агенттикке караган.Аталган мекеме ""мамлекеттин катышуу үлүшү бар айрым чарбалык коомдордун ишинин натыйжалуулугун жогорулатуу максатында"" иш башкармалыкка өткөнү белгиленди.""Кыргызиндустрия"" ишканасы 2021-жылдын аягында түзүлгөн жана анда уставдык капиталы 1 миллиард сом болору айтылган. Өкмөт ишкананын алдында өнөр жайды, өндүрүштү чукул арада жандантууга байланыштуу бир катар тапшырма турганын билдирген.""Кыргызиндустрияга"" түзүлгөн күнүнөн тартып эле сегиз ишкана берилген. Алар: ""Манас теги"" (93,43% акция), ""Дустлик"" (85,15% үлүш), ""Ош-Дюбек"" (40,0% үлүш), “Контролдук-сыноо приборлору жана автоматика борбордук лабораториясы” ачык акционердик коому (74,47 % үлүш), “Кара-Кулжа автотранс”(70,01 % үлүш);, “Минтеке ТТ” механикалаштырылган көчмө колонна” (100,0 % үлүш), ""Ташкөмүр” (96,94 % үлүшү); Абсамат Масалиев атындагы “Беш-Буркан шахтасы” (95,69 % үлүш).Кийин Улуттук коопсуздук боюнча мамлекеттик комитет (УКМК) ""Кыргызиндустрияда"" ""коррупциялык схема"" аныкталганын билдирип, ошол кездеги жетекчилери кармалган. Атайын кызмат алар 2022-2024-жылдар аралыгында мекемеге караштуу 40тан ашуун чыгашалуу ишкана ачып, аларга тааныш-билиштерин жетекчи кылып коюп, көп суммада айлык төлөгөн деген кине таккан.УКМКнын маалыматы боюнча, “Кыргызиндустрия” өнөр жайды модернизациялоо жана мамлекеттин үлүшү болгон ишканаларды натыйжалуу башкаруу үчүн 2021-жылы түзүлүп, 2022-2024-жылдары бул мекемеге 2,3 миллиард сом бөлүнгөнүн кабарлаган.Апрелдин башында президент Садыр Жапаровдун жарлыгы менен “Түндүк” ачык акционердик коому Санариптик өнүктүрүү жана инновациялык технологиялар министрлигинен Президенттин иш башкармасына өткөн.Акыркы жылдары Президенттин иш башкармасына бир катар мекемелер өттү.Анын сайтындагы маалыматка ылайык, ушул тапта мекемеге Бишкектеги, Ысык-Көлдөгү, Оштогу жана Жалал-Абаддагы мамлекеттик резиденциялар, “Клиникалык оорукана” жана “Спорттук комплекс” мекемеси, “Автотранспорттук ишкана”, “Мамлекеттик имараттар департаменти”, “Кыргыздипсервис”, “Кыргыз мамлекеттик аңчылык чарбасы”, “Кыргызстройсервис” курулуш ишканасы, “Мамлекеттик ипотекалык компания”, “Манас” оркестри, “Кыял”, “Алтын-Көл”, “Кыргыз деңизи”, “Мурас” ишканалары, “Ала-Арча” мамлекеттик жаратылыш паркы, “Учкун” басмаканасы, “Эйр Кейжи” авиакомпаниясы, бир типография жана бала бакчалар карайт. (КЕ)",azattyk.org,https://www.azattyk.org/a/33737891.html,2026-04-22T15:56:03+06:00,kyrgyz,0,high,news_site
4501107c-feb3-4594-a491-4641558358d3,Клара Сооронкулова мурдагы башкы прокурор Зулушевди сотко бере турганын айтты,"Конституциялык соттун мурунку судьясы, Кемпир-Абад иши боюнча айыпталып, акталган Клара Сооронкулова мурдагы баш прокурор Курманкул Зулушевди сотко бере турганын ""Азаттыкка"" ырастады. Ал экс-баш прокурор Кемпир-Абад иши боюнча айыпталгандарга карата күнөөсүздүк презумпциясынын принциптерин бузган деген негизде сотко кайрыларын кошумчалады. ""Курманкул Зулушев бизге айып угузула электе Жогорку Кеңешке келип, ""буларды кемпирабадчылар дебегиле, булар кылмышкер"" деп айткан. Ушундай айткан сөзү бар. Конституция мага ""эгерде ушул принцип бузулган болсо моралдык жактан да, материалдык жактан да келтирилген залал боюнча сотко кайрылса болот"" деп укук берип жатат. Ошонун негизинде мен азыр доо арыз даядап, сотко кайрылайын деп жатам. Курманкул Зулушев Жогорку Кеңеште көтөргөн маселеси менен ушул принциптин бузулганы боюнча"", - деди ал. Сооронкулованын билдирүүсү боюнча Зулушевден комментарий алууга мүмкүн болгон жок. Курманкул Зулушев 2020-жылы бийлик алмашкандан кийин баш прокурор болуп дайындалган. Клара Сооронкулова 2022-жылы октябрда отуздай адам менен кошо Кемпир-Абад иши боюнча шектелип, кармалган. Тергөө абагында жаткан кезинде ден соолугу начарлап, операция болгон. Оор операциядан кийин кайра тергөө абагына которулган. Алты ай тергөө абагында жаткандан кийин үй камагына чыккан. Кылмыш-жаза кодексинин “Массалык башаламандыктар” жана “Бийликти күч менен басып алуу” беренелери менен шек саналып 2022-жылы октябрда кармалгандардын эң азы жарым жыл, көбү дээрлик 2 жыл абакта отурду. Прокуратура аларды 20 жылга камоону сунуштаган. Кемпир-Абад ишин караган Бишкектин Биринчи май райондук соту 2024-жылдын 14-июнунда бул иш боюнча айыпталган 27 кишинин 22син актаган. Быйыл 27-мартта Бишкек шаардык соту райондук инстанциянын чечимин күчүндө калтырды. 17-апрелде Бишкектин Биринчи май райондук соту иши өзүнчө бөлүнгөн дагы үч адамды актаган.(TAb/ZKo)",azattyk.org,https://www.azattyk.org/a/33743500.html,2026-04-27T20:19:27+06:00,kyrgyz,0,high,news_site
9591c427-66c7-44f7-bc79-b32d7713fbe7,Депутат Сурабалдиева 13 жаштагы кыз Дубайга сойкулукка тартылганын билдирди,"Жогорку Кеңештин депутаты Элвира Сурабалдиева Дубайга сойкулукка тартылып, кийин өз өмүрүнө кол салганы айтылган 13 жаштагы кыздын өлүмүнө байланыштуу ишти көзөмөлгө алууну бийлик өкүлдөрүнөн суранды. Эл өкүлү бул тууралуу өспүрүмдүн апасы кайрылганын жана ишти Каракол шаардык милициясы тергеп жатканын айтты. Сурабалдиева кызды жакындары эле ушул жолго түрткөнүн апасынын айткандарына таянып билдирди.""Акыркы убакта үрөй учурган, кейиштүү окуялар болуп жатат. Ушуну өкмөт өз көзөмөлүңүздөргө алып бериңиздер. Апасы абдан ыйлап, жаман болуп жатат"", - деди депутат.Азырынча милиция бул иш боюнча комментарий бере элек.Башкы прокуратуранын маалыматына караганда, өлкөдө балдарга карата кылмыш саны өсүүдө. 2025-жылы Кыргызстанда 369 сексуалдык зомбулук фактысы катталды. Анын ичинде басымдуу бөлүгү зордуктоо. Маалыматка ылайык, 137 зордуктоо фактысы, 16 жашка толо электерге карата сексуалдык мүнөздөгү 115 аракет, 43 зомбулук, сексуалдык мүнөздөгү аракеттерге мажбурлоого байланыштуу 20 факт жана башка кылмыштар катталган. Сексуалдык зомбулуктан 288 бала, 77 аял жабыркаган. (КЕ)",azattyk.org,https://www.azattyk.org/a/33737759.html,2026-04-22T12:30:23+06:00,kyrgyz,0,high,news_site
0e09c9b1-9b21-4cf3-8ab4-d284dc88fb3d,Борбор Азия аймагындагы суу-энергетика абалы талкууланды,"Кыргызстан, Өзбекстан, Казакстан жана Тажикстандын энергетика тармагынын жетекчилери алдыдагы вегетация мезгилинде аймактагы суу-энергетикалык системалардын туруктуу жана макулдашылган режимде иштөөсүн камсыз кылуу маселелерин талкуулады. 25-апрелде Бишкек шаарында өткөн жолугушууда тараптар биргелешкен аракеттерди күчөтүүгө өзгөчө көңүл бурганын Энергетика министрлигинин басма сөз кызматы кабарлады. Жыйынга Өзбекстандын, Казакстандын энергетика министрлери, ал эми Тажикстандын министри видео байланыш аркылуу катышты. Алардан сырткары суу чарба министрлигинин, департаменттин өкүлдөрү болду. “Жолугушууда аймактагы энергетикалык системалардын өз ара тыгыз байланышы белгиленди, ишенимге негизделген кызматташтыкты мындан ары да өнүктүрүүгө даярдык айтылды. Айрыкча үч өлкө, Кыргызстан, Өзбекстан жана Казакстан Токтогул ГЭСиндеги суунун көлөмүн төмөндөтпөө максатында координацияланган иш алып барууга даяр экендиктерин белгилешти. Бул багыт аймактык энергетикалык туруктуулукту камсыз кылуунун негизги факторлорунун бири катары белгиленди», - деп айтылат министрлик тараткан маалыматта. Кийинки жолугушуулар май айында Ташкентте жана июнь айында Бишкекте өткөрүлөт. Президент Садыр Жапаров Кыргызстандын климаттын бузулушуна таасири аз болгону менен анын кесепетин чоң көлөмдө тартып жатканын 22-апрелде Астанада өтүп жаткан Аймактык экологиялык саммиттебилдирген. Мамлекет башчы Борбор Азия өлкөлөрүн суу маселесинде чогуу аракеттенүүгө чакырган. (КЕ)",azattyk.org,https://www.azattyk.org/a/33742286.html,2026-04-25T17:25:16+06:00,kyrgyz,0,high,news_site
07e5d5a6-09e4-4219-9df6-f46d8ccfa9b4,Көк бөрү федерациясынын мурдагы президенти Талас Бегалиев 14 жылга кесилди,"Чүй облустук сотунун 23-апрелдеги чечими менен Көк бөрү федерациясынын мурдагы президенти Талас Бегалиев 14 жылга эркиндигинен ажыратылды. Маалыматты облустук соттун басма сөз кызматы ""Азаттыкка"" тастыктады.Ага ылайык, Чүй облустук соту Талас Бегалиевди Кылмыш-жаза кодексинин 208-беренеси (""Опузалап талап кылуу""), 262-беренеси (""Кылмыштуу топту түзүү же ага катышуу""), 263-берене (""Уюшкан топторду жана кылмыштуу коомдоштуктарды каржылоо"") жана 222-беренеси (""Кылмыштуу жол менен алынган кирешелерди мыйзамдаштыруу (адалдоо)"") боюнча айыптуу деп тапты. Ошондой эле анын мүлкүн конфискациялоо менен 14 жылга эркиндигинен ажыратты.Талас Бегалиев сот залынан камакка алынды. Буга чейин Бишкектин Октябрь райондук соту 20-февралда Талас Бегалиевди актап,абактан бошоткон.Райондук соттун чечими менен Бегалиев менен кошо кармалган Р.Ю.М. аттуу жаран да бир иш боюнча акталып, эки берене боюнча кылмыштын мөөнөтү эскиргени үчүн жаза мөөнөтү каралган эмес, ал да камактан бошотулган.Улуттук коопсуздук мамлекеттик комитети (УКМК) Бегалиев былтыр 19-майда ""уюшкан кылмыштуу топту каржылоого, опузалап акча талап кылууга"" шек саналып кармалганын билдирген. Атайын кызмат аны криминалдык топтордун өкүлдөрү менентыгыз байланышта болгон деп айыптаган.Талас Бегалиев Көк бөрү федерациясынын президенти болуп 2022-2023-жылдары иштеген. Ага чейин улуттук курама тобунун жетекчиси болгон.Ал ички иштер органдарында ар кандай кызматтарда, анын ичинде уюшма кылмыш топторуна каршы күрөш бөлүмүндө жетекчилик кызматтарда 1998-жылдан 2016-жылга чейин иштеп, пенсияга чыкан. Самбо менен алектенген жана 2016-жылы Хорватияда самбо боюнча ардагерлер арасында өткөн дүйнө чемпиондугунда алтын медал алган.Бегалиев 2020-жылдагы парламенттик шайлоодо талаштуу ""Биримдик"" партиясынын тизмесине 5-орунда турган. Ал Бээжин Олимп оюндарында грек-рим күрөшүнөн күмүш медал алган Канат Бегалиевдин бир тууган агасы.(ZKo)",azattyk.org,https://www.azattyk.org/a/33740695.html,2026-04-23T15:07:17+06:00,kyrgyz,0,high,news_site
b268adce-3a12-433d-9c93-279592e1cdb1,Италия Соловьевдун премьер  Мелониге акарат келтиргенине нааразылык билдирди,"Италиянын Тышкы иштер министрлиги Орусиянын Римдеги элчиси Алексей Парамоновду чакырып, нааразылыгын билдирди. Буга Кремлдин пропагандачысы, теле алып баруучу Владимир Соловьевдун премьер-министр Жоржа Мелонинин дарегине айткан акараты себеп болду. Бул тууралуу Италиянын башкы дипломаты Антонио Тайани өз постундажазды. Жакында чыккан программасында Соловьев премьерди ""өз шайлоочуларын сатып кеткен фашисттик акмак, адамзаттын уяты, айбан"" деп атаган. Мелони X тармагынапостжазып, алып баруучуга жооп кайтарды: “Режимдин айныксыз пропагандачысы ырааттуулуктун, эркиндиктин сабагын бере албайт. Биз башкалардан айырмаланып, кол куурчактай болуп жип менен байланган эмепсиз, биздин кожоюндарыбыз жок, бизге эч ким буйрук бербейт”. Италиянын президенти Сержо Матарелла өкмөт башчыга колдоосун билдирди жана Соловьевдун айткандарын айыптады. ТАССтын маалыматы боюнча, элчи Парамонов белгилүү журналисттин менчик каналында айткандарына байланыштуу эмне себептен ТИМге чакырылганын түшүнбөй турганын айтты. Буга чейин Соловьевдун сөздөрү үчүн Орусиянын Армениядагы элчиси чуулгандуу сөздөрү үчүн ал өлкөнүн тышкы саясий мекемесине чакырылган.",azattyk.org,https://www.azattyk.org/a/33738139.html,2026-04-22T21:37:53+06:00,kyrgyz,0,high,news_site
b809c381-2972-4a77-ad75-5a2e871a8c19,ИИМ коомдук жайларда кайыр сурагандар жоопко тартыларын билдирди,"Ички иштер министрлигинин (ИИМ) Кыргызстандагы коомдук жайлардагы тилемчиликтин деңгээлин төмөндөтүү үчүн аларга айып пул салуу, чет жактан келген кайырчыларды мекенине депортациялоо жөнүндө сунушунун негизинде бир катармыйзамдарга өзгөртүү киргизилип, 23-апрелде кол коюлду. Мыйзамдар менен жолдун автоунаа өткөн бөлүгүндө тилемчилик кылууга, коомдук жайларда кайырчылык кылууга тыюу салынат. Аны бузгандар 20дан 30 саатка чейинки мөөнөткө коомдук иштерге тартылат же үч суткага чейин камакка алынат. Ошондой эле улгайган жарандарды, кош бойлуу аялдарды, психикалык жактан жабыркаган адамдарды, майыптыгы барларды тилемчиликке тарткандарга 200 эсептик көрсөткүч (20 миң сом) өлчөмүндө айып пул салынат. Мындан тышкары Кыргызстандын аймагында тилемчилик кылган чет өлкөлүк жарандар өлкөдөн чыгарылат. Мыйзам расмий жарыяланган күндөн он күн өткөндөн кийин күчүнө кирет. ИИМ бул мыйзам долбоору жакыр, муктаж жарандарды жазалоого эмес, коомдук тартипти бузган жана элдин коопсуздугуна коркунуч жараткан аракеттерди токтотуугабагытталганын белгилеген. Кыргызстанда базарларда, көчөлөрдө, мечиттердин жанында, автоунаа жүргөн жолдордо жаш балдар, балалуу аялдар, улгайган адамдар жана башка тилемчилер көбөйүп жатканы тууралуу нааразылыктар айтылып келген. (ZKo)",azattyk.org,https://www.azattyk.org/a/33743363.html,2026-04-27T16:17:33+06:00,kyrgyz,0,high,news_site
bc7a6463-73ce-4cc4-b8d6-b27d127dfcaf,Илим Карыпбековго Орусияга кирүүгө өмүр бою тыюу салынды,"Улуттук телерадио корпорациясынын (УТРК) мурдагы директору, юрист Илим Карыпбеков Орусияга кирүүгө өмүр бою тыюу салынганын билдирди. Ал бул тууралуу социалдык тармактардагы баракчаларына видео кайрылуусун жарыялап, окуянын чоо-жайын айтып берди. Анын сөзүнө караганда, Орусиядагы Эльбрус чокусуна чыгуу үчүн Кыргызстандан атайын топ даярдап алып барууну максат кылган. Бирок ага бул өлкөгө кирүүгө уруксат бар-жогун билүү үчүн өзү биринчи барган. Аны Москвада чек арадан “кошумча текшерүү” деген негизде 1,5-2 саат текшерип, коё берген. Москвада 2-3 күн жүрүп, кайра 25-апрелде Кыргызстанга кайткан учурда чек арадан аны кайрадан 3-4 саат суракка алып, ага Орусияга кирүүгө өмүр бою тыюу салынганы тууралуу билдирмени колуна карматкан. “Бул билдирме Федералдык коопсуздук кызматынын (ФСБ) атынан берилди. Мен ФСБ бизде аябай күчтүү деп айтып келем. Бул анын далили. Расмий билдирүүдө мага Орусияга кирүүгө өмүр бою тыюу салынганы жазылып турат. Орусиянын ФСБнын билдирүүсүндө “эгерде мен Орусияга дагы бир жолу кирсем кылмыш иши козголуп, камаласың” деп турат. “Салам Кыргызстан” жана башка аталыштар менен Телеграммда ачылган каналдар, “Спутник”, “Номад” телеканалдары Орусияны колдоого пропаганда кылып, биздин мээни айланта турган курал экенин айтып келет элем. Бул ошонун кесепети”, - деди ал. 2025-жылдын ноябрь айында кыргызстандык таанымал рэпер Бакрды Орусиянын аймагына киргизбей коюшкан. Бул окуядан кийин кыргызстандык ырчылар Султан Садыралиевге, Ильяз Абдразаковго, алып баруучу Бектур Шаршеналиев, куудул Ильяз Иманалиевге да Орусияга кирүүнөтыюу салынганы белгилүү болгон. Алардын айрымдары Орусияга баратканда чек арадан алардын уюлдук телефондору текшерилгенин айтып беришкен. (BTo)",azattyk.org,https://www.azattyk.org/a/33743206.html,2026-04-27T10:07:09+06:00,kyrgyz,0,high,news_site
8f427141-1a00-4b34-9d0e-3be8831c5023,Мамлекеттик сыйлыктардын түрү 46дан 22ге кыскарды,"Президент Садыр Жапаров ""Мамлекеттик сыйлыктар, ардак наамдар жана мамлекеттик сый акылар жөнүндө”мыйзамга кол койду.Аталган мыйзамда мамлекеттик сыйлыктардын, ардак наамдардын жана мамлекеттик сый акылардын мурдагы 46 түрү кыскартылып, 22ге түшүрүлдү.«Эрдик» ордени биринчи категориядагы мамлекеттик сыйлык болуп бекитилди, даражалары алынды. «Ардак» медалы экинчи категориядагы мамлекеттик сыйлык болуп саналат. Андан тышкары «Кыргыз Республикасынын жаратманы» жана «Кыргыз Республикасынын сыймыгы» ардак наамдары кошулду.Ошондой эле «Кыргыз Республикасынын эл мугалими», «Кыргыз Республикасынын эл дарыгери», «Кыргыз Республикасынын эл артисти», «Кыргыз Республикасынын эл жазуучусу», «Кыргыз Республикасынын эл акыны» жана «Кыргыз Республикасынын эл сүрөтчүсү» деген наамдар сакталып калды.Ал эми мурдагы «Ата Мекен Баатыры», «Данакер» ордени, 3-даражадагы «Эрдик» ордени, «Даңк» медалы, ""Эмгек сиңиргендиги"" тууралуу ардак наам жана ""Ардак грамота"" алынып салынды.Мыйзамда ошондой эле сыйлыктарга көрсөтүү процесси, аларды ыйгаруу жол-жоболору, сыйлангандардын укуктары менен милдеттери так аныкталган.Документте мындан тышкары мамлекеттик сыйлыктар жана наамдар менен сыйланган жарандар үчүн социалдык кепилдиктерди белгилөө да каралган.""Мамлекеттик сыйлыктар, ардактуу наамдар жана мамлекеттик сый акылар тууралуу"" мыйзамдын жаңы редакциясынын долбоору быйыл январдапарламенттин каршылыгына туш болгон. Айрым депутаттар сыйлыктардын кыскарганын сындап, миңдеген жарандардын шагын сындырган мыйзам болорун айтып чыгышкан.(ZKo)",azattyk.org,https://www.azattyk.org/a/33737748.html,2026-04-22T12:14:24+06:00,kyrgyz,0,high,news_site
596b21e2-c06c-4bfa-8208-1081e6564de5,Иран Пакистанга АКШ менен сүйлөшүүнүн жаңы планын сунуштады,"Ирандын мамлекеттик IRNA маалымат агенттиги билдиргендей, Тегеран Пакистандын ортомчуларына АКШ менен сүйлөшүү боюнча жаңы сунуш берди. Сунуш 30-апрель күнү кечинде берилгени кабарланууда жана анын мазмуну белгисиз. The Guardian басылмасынын маалыматы боюнча, план согуштук аракеттерди токтотууга жана Ормуз кысыгын кайра ачууга багытталган деп болжолдонууда. Ал эми Ирандын өзөктүк программасы боюнча деталдуу сүйлөшүүлөр кийинки этапка жылдырылат. Ирандын Тышкы иштер министрлигинин басма сөз катчысы Эсмаил Багаи маегинде “согушту токтотуу жана узак мөөнөттүү тынчтык” Тегерандын АКШ менен болгон ар кандай сүйлөшүүлөрүндөгү башкы артыкчылыгы бойдон каларын айтты. CBS телеканалынын маалыматына караганда, ортомчулар сунушту АКШга берди. Пакистандын дипломаттары жаңы сунуш тынчтык келишимине жетүүгө көмөк болорун билдиришти. Ак үй жаңы сунуш боюнча комментарий берүүдөн баш тартты. Кийинчерээк, 1-майда АКШнын президенти Дональд Трамп Ирандын жаңы сунушуна канааттанбай турганын айтты. Буга чейин ал эгер Тегеран сүйлөшүүнү кааласа “байланышка чыкса болорун”, бирок адегенде өзөктүк курал жасоо пландарынан баш тартууга тийиш экенин белгилеген. (BTo)",azattyk.org,https://www.azattyk.org/a/33747532.html,2026-05-02T12:11:18+06:00,kyrgyz,0,high,news_site
b8500c81-14c9-421d-bf13-b9dd445bd793,Бишкекте концерт учурунда бомба тууралуу жалган маалымат берген адам кармалды,"Бишкектеги Токтогул Сатылганов атындагы улуттук филармонияда ""жардыргыч зат"" коюлганы тууралуу жалган маалымат таратууга шектелген жаран кармалды.25-апрелде саат 19:02 чамасында милициянын 102 кызматына аталган филармониянын имаратында жардыруучу зат коюлгандыгы тууралуу маалымат келип түшкөн. Окуя болгон жерге дароо тергөө-ыкчам тобу, ошондой эле Ленин райондук милициясынын жетекчилиги барган.""Коопсуздукту камсыз кылуу максатында жарандар эвакуацияланып, имараттын аймагы милиция кызматкерлери тарабынан курчоого алынган. Тийиштүү издөө жана текшерүү иш-чаралары жүргүзүлүп, маалымат тастыкталган жок"",-  деп билдирди Бишкектин Ленин райондук ички иштер башкармалыгынын басма сөз кызматы.Бул факты боюнча Кылмыш-жаза кодексинин 259-беренеси (""Билип туруп террордук акт жөнүндө жалган кабарлоо"") менен кылмыш иши козголду. Анын алкагында жүргүзүлгөн ыкчам иш-чаралардын жыйынтыгында бир нече сааттын ичинде 19 жаштагы Я.С. аттуу жаран аныкталып, кармалган.Шектүү Тергөө кызматына өткөрүлүп берилип, Бишкек милициясынын убактылуу кармоочу жайына киргизилди. Бомба тууралуу жалган маалымат берилген учурда филармонияда Tynda Music оркестринин концерти өтүп жаткан.Бишкек шаардык ички иштер башкармалыгы (ШИИБ) ""бомба"" тууралуу жалган маалымат берүү менен коомдук коопсуздукка коркунуч жаратыларын, жарандардын кызыкчылыктарына зыян келтирилерин жана бул кылмыш жоопкерчилиги болорун эскертти.Жардыргыч зат коюлганы тууралуу жалган маалымат берген адам Кылмыш-жаза кодексинин 259-беренесине ылайык беш жылга чейин эркиндигинен ажыратылат.(ZKo)",azattyk.org,https://www.azattyk.org/a/33742684.html,2026-04-26T11:52:09+06:00,kyrgyz,0,high,news_site
119b10b7-3814-4939-964f-db7a6d82e45d,Үлүш жери бар кош бойлуу аялдар жөлөк пул алышат,"Кыргызстанда кош бойлуулук жана төрөт боюнча жөлөк пул үлүш жери бар, дыйкан чарбаларынын мүчөлөрүнө да берилет. Бул тууралуу Эмгек, социалдык камсыздоо жана миграция министрлиги 27-апрелде сайтына жазып, кош бойлуулук жана төрөт боюнча жөлөк пул берүү тартиби өкмөттүн 2018-жылдын 18-сентябрындагы №434 токтому менен бекитилген жобонун негизинде ишке ашарын ырастады.Жобонун нормаларына ылайык, камсыздандыруу төгүмүн төлөп жаткан жеке ишкерлер, иш берүүчүлөр менен эмгек келишиминин негизинде иштегендер жумушсуз катары расмий каттоодо турган, жумушсуздук боюнча жөлөк пул алууга укугу бар аялдар кош бойлуулук жана төрөт боюнча жөлөк пул алышса болот. Расмий жумушсуз деп катталган аялдардын жалпы камсыздандыруу стажы кеминде 12 ай болушу керек. Кыргызстанда кош бойлуулук жана төрөт жөлөк пулун албаган келиндердин маселеси парламентте бир нече жолу көтөрүлгөн.Кош бойлуулук жана төрөт жөлөк пулу төрөткө чейинки 70 күн, андан кийинки 70 күн, жалпы 140 күнгө эсептелип төлөнөт.Кыргызстандагы кош бойлуулук жана төрөт боюнча жөлөк пул 2024-жылдын 1-январынан тарта көбөйтүлгөн. Ага ылайык айдын 11-иш күнүнөн тартып, 20 эсептелген бирдикти - 2 миң сом төлөнөт. Алгачкы 10 күн жумуш берүүчү тарабынан кирешенин 100% эсебинде төлөнөт. Бийик тоолуу аймактарда төлөм жалпы бир айга кирешенин 100% эсебинде төлөнөт.Бала төрөлгөндө бир жолу 4 миң сом ""балага сүйүнчү"" берилет.(ZKo)",azattyk.org,https://www.azattyk.org/a/33743223.html,2026-04-27T12:03:51+06:00,kyrgyz,0,high,news_site
b5479ea8-1af8-4a89-99f0-fb1b18372b1c,Баткенде жубайлардын өлүмү боюнча кылмыш иши козголду,"Баткен облустук ички иштер башкармалыгы Баткен районундагы Чоң-Кара айылында жубайлардын өлүмү тууралуу комментарий берди. Милициянын маалыматында 26-апрелде Баткен райондук ички иштер бөлүмүнө Төрт-Гүл айыл аймагына караштуу Чоң-Кара айылынын 45 жаштагы тургуну (К.А.) 44 жаштагы жубайын (Э.Г.) бычак менен сайып өлтүрүп, кийин өзү асынып каза болгону тууралуу маалымат түшкөн. Алдын ала маалыматка ылайык, 26-апрелге караган түнү үйдө балдар уктап жатканда жолдошу аялын бир нече жолу бычак менен сайып, аял окуя болгон жерде каза болгон. Андан соң К.А. үйүнүн короосундагы өрүк бакка асынып каза тапкан. Окуя болгон жерден далил катары ашкана бычагы жана жип алынган. Бул факты боюнча Кылмыш-жаза кодексинин “Адам өлтүрүү” беренеси менен кылмыш иши козголуп, тиешелүү соттук-медициналык экспертизалар дайындалды. Тергөө жүрүп жатат. Маркумдардын артында беш баласы калганы айтылууда. Башкы прокуратуранынмаалыматына караганда,Кыргызстанда 2025-жылы үй-бүлөлүк зомбулукка байланыштуу 656 кылмыш иши козголгон. Мында 458 аял, 104 бала жана 94 эркек киши жабыркаган. Ошондой эле былтыр Кылмыш-жаза кодексинин “Үй-бүлөлүк зомбулук” беренеси менен 36 кылмыш иши козголгон. Жалпысынан бул багыттагы укук бузууларга байланыштуу 6 миңден ашуун протокол түзүлгөн. (BTo)",azattyk.org,https://www.azattyk.org/a/33743226.html,2026-04-27T11:12:03+06:00,kyrgyz,0,high,news_site
d5fdb6d5-7e36-4cc3-95a8-50446413a6c7,Сөз эркиндиги боюнча жаңы рейтингде Кыргызстан эки баскычка ылдыйлады,"""Чек арасыз кабарчылар"" (RSF) эл аралык уюму басма сөз эркиндиги боюнча жаңы докладын жана 180 өлкөнүн рейтингин жарыялады. Кыргызстандын көрсөткүчү былтыркыга салыштырмалуу эки баскычка ылдыйлап, 146-сапка жайгашты. Уюм өз классификациясын 25 жылдан бери чыгарып келет. RSF белгилегендей, биринчи жолу тарыхта өлкөлөрдүн жарымындагы басма сөз эркиндигинин абалы “кыйын” же ""өтө оор” деп сыпатталды, орточо упай эч качан мынчалык төмөн болгон эмес. Уюм улам бир жерде болуп жаткан журналистиканы муунтуу аракеттерин, кабарчыларга кесибин аркалоодо түзүлгөн тоскоолдуктарды, улуттук коопсуздукка шилтеп сөз эркиндигин чектеген мыйзамдардын кабыл алынышын сындады. ""Европа жана Борбор Азия аймагы калыптанган баалуулуктар өзгөртүлүп, мыйзамдар бийликтин кызыкчылыгында пайдаланып, жөнөкөй жарандардын маалымат алуу укуктары чектелип жаткан масштабдуу экспериментти эске салат"", - деп жазды докладдын авторлору. Алсак, 135-орундагы Грузиянын көрсөткүчү былтыркыга караганда 21 баскычка төмөндөдү. Өлкө демократиялык кризиске туш болуп, чет өлкөлүк агенттер тууралуу мыйзам долбооруна каршы чыккан элдик демонстрациялар күч менен басылган. RSF Өзбекстанды 147, Казакстанды 149, Тажикстанды 155 жана Түркмөнстанды 173-орунга жайгаштырды. Казакстан рейтингде 8 сапка түштү. Авторлор ал өлкөдө мыйзамдар күчөтүлүп, журналисттерге кыйыр басым болгонун, интернет мейкиндигинде репрессивдүү саясат жүргүзүлгөнүн, прессага каршы кылмыштар жазасыз калып жатканын белгилешти. Кыргызстанда да ушундай эле тенденция байкалганы белгиленип, журналисттердин укуктук кепилдиктери чабал болуп калганы айтылды. Докладда Орусия жана Беларус журналисттер үчүн эң ири абакка айланганы айтылды. Эл аралык Amnesty International укук коргоо уюму 21-апрелде жарыялаган жылдык баяндамасында дүйнө жүзүндө, анын ичинде Борбор Азияда жарандык коомго кысым күчөп жатканын билдирди.State of the World’s Human Rights деп аталган документтеБорбор Азиянын бардык өлкөлөрүндө укук жана эркиндик чектелип жатканы белгиленген. Кыргызстандын бийлиги өлкөдө сөз эркиндиги жана адам укуктары корголорун такай кайталайт. 29-январда президент Садыр Жапаров ""Кабар"" агенттигине курган маегинде сөз эркиндиги жана демократия деген ""биринчи кезекте жоопкерчилик"" деп эскерткен.",azattyk.org,https://www.azattyk.org/a/33745314.html,2026-04-30T11:02:50+06:00,kyrgyz,0,high,news_site
31a48084-1c9c-4e25-a103-37477b9ac055,Даун синдрому бар балдардын ата-энелери коомчулуктан жардам сурады,"Кыргызстандагы Даун синдрому менен төрөлгөн балдардын ата-энелери түзгөн ""Сантерра"" коомдук фонду коомчулукка кайрылып, жардам сурады. ""Даун синдромун дарылоого болбойт, бирок аны менен жарыкка келгендер жардамга муктаж. 10 жылдан бери аталган фонд өз имараты жок болгондуктан ар кай жактан жайды ижарага алып иштеп жатат. Ата-энелер 2026-27-окуу жылында Даун синдрому бар 40 баланы окутуу, коомго аралаштыруу, дене тарбия менен алектенүү, когнитивдик жана сүйлөө жөндөмүн өөрчүтүү аракети үчүн долбоор жазганбыз. Анын жалпы баасы 1 584 000 сом. Орозо айында фонд кайрымдуулук иш-чарасын жарыялап, 203 399 сом чогулган. Европа өнүктүрүү жана реконструкциялоо банкы долбоорду колдоп, майдын аягына чейин керектүү сумманын жарымын топтосок, аны эки эсе көбөйтүп каражат бөлөрүн кабарлаган. Азыр 588 601 сом чогултушубуз керек"", - деди ""Сентерранын"" мүчөсү Элмира Осмоналиева. Даун синдрому бар балдардын ата-энелери 2016-жылы ""Сантерра"" фондун түзүшкөн. 10 жылдан бери мындай балдары бар үй-бүлөлөргө психологиялык жана методикалык колдоо көрсөтүп келет. Мындан тышкары мындай балдарды өнүктүрүү, потенциалдын ачуу, кызыкчылыктарын коргоо, коомчулукка синдром тууралуу маалымат берүү менен алектенет. Даун синдрому - хромосомалардын аномалиясы. Адамдын организми миллиондогон клеткалардан турат, ар бир клеткада 46дан хромосома бар. Генетикалык аномалиянын айынан Даун синдрому бар адамдардын клеткасында 46 эмес, 47 хромосома калыптанат.",azattyk.org,https://www.azattyk.org/a/33737109.html,2026-04-21T17:08:39+06:00,kyrgyz,0,high,news_site
7860c19b-9354-4b29-b2ff-0886f4ba3822,Сакчылар корпусу Ормузда эки кеме кармалганын билдирди,"Ирандын Ислам революциясынын сакчылар корпусу “Ормуз кысыгынан жашыруун чыгууга” аракеттенген “мыйзам бузган эки кеме” кармалганын билдирди. Корпустун аскер күчтөрү шаршембидемаалымдагандай, кеп Израилге таандык MSC Francesca жана Epaminodes кемелери тууралуу жүрүүдө. Алар “уруксат албастан” чыгып баратканы, буга чейин да эреже бузганы, навигациялык системанын ишине кийлигишүү жана деңиз кыймылынын коопсуздугуна коркунуч жаратканы үчүн айыпталууда. Кемелер ташып бараткан жүктү жана документтерин текшерүү үчүн Ирандын аймагына жөнөтүлгөнү кабарланды. Ушул эле күнү Ирандын мамлекеттик медиасы куралдуу күчтөр өлкөнүн жээгинде жүк ташыган үч кеме чабуулга кабылып, керектен чыгарылганын билдиришкен. Сакчылар корпусу АКШ менен Израил чабуул баштаган 28-февралда Ормуз кысыгын кемелер менен мунай танкерлери үчүн жаап салган. Ок атышууну токтотуу макулдашуусунан кийин, 17-апрелде ачып, көп өтпөй кайра жапкан. Анын алдында АКШ менен Ирандын сүйлөшүүлөрү майнапсыз аяктаганда америкалык аскерлер ирандык портторду бөгөттөгөн. Өткөн жекшембиде АКШ Ирандын желеги астында сүзгөн жүк ташуучу Touska кемеси кармалганын билдирген.",azattyk.org,https://www.azattyk.org/a/33738045.html,2026-04-22T19:36:50+06:00,kyrgyz,0,high,news_site
0d7947b0-808a-4a68-885d-276977c88161,Алайда күчү 3 баллдык жер титирөө катталды,"Алай районундагы Сары-Таш айылында күчү 3 баллды түзгөн силкинүү катталды.Сейсмология институтунун маалыматына караганда, жер титирөө 26-апрелде, саат 7:27де катталган. Силкинүүнүн күчү очогунда 3 баллды түзгөн, ал Сары-Таш айылынан сегиз, Кара-Киндик айылынан 14 чакырым аралыкта орун алган.Силкинүүнүн күчү Бор-Дөбө айылында 2,5 балл, ал эми Кара-Киндикте 2 балл сезилген.Апрель айында Кыргызстандын аймактарында жер титирөөлөр апта сайын катталууда. 18-апрель күнү саат 9:48де Ош, Жалал-Абад жана Нарын облустарынын чектешкен аймагында күчү очогунда 3,5 балл болгон жер титирөө катталган.Сейсмология институтунун расмий сайтында күн сайын өлкө аймагында жер силкинүү тууралуу маалыматтар жаңыртылып, жарыяланып турат. Андагы маалыматтарга караганда, сейсмикалык активдүү аймак болуп эсептелген Кыргызстанда дээрлик күн алыс эле жер силкинет.Улуттук илимдер академиясы Кыргызстанда жыл сайын 9200дөй майда жер титирөө катталарын билдирген. Бул көрсөткүчтүн эң жогорку деңгээли 2016-жылы катталган, анда 16 миң жер титирөө болгонун адистер эсептеп чыгышкан.(ZKo)",azattyk.org,https://www.azattyk.org/a/33742679.html,2026-04-26T11:00:05+06:00,kyrgyz,0,high,news_site
0512f6c8-0ee0-4d96-9433-9d680df233d8,Былтыр ишкерлерди текшерген 247 кызмат адамы жоопко тартылды,"Башкы прокуратура 2025-жылы ишкерлердин укуктарын коргоо боюнча 233 текшерүү жүргүзүлүп, 577 мыйзам бузуу аныкталганын билдирди. Анын жыйынтыгында ишкерлердин укуктарын калыбына келтирүү үчүн 349 прокурордук акт түзүлүп, 247 кызмат адамы жоопкерчиликке тартылган. Бул тууралуу Баткен облусунда ишкерлердин жана инвесторлордун укуктарын коргоо боюнча консультативдик кеңештин кезектеги отурумунда айтылды. Башкы көзөмөл органы ишкерлердин укугун бузгандарга карата кандай чара колдонулганын тактаган жок. Башкы прокуратура буга чейин 2026-жылдын аягына чейин ишкерлерди пландан тышкары салыктык текшерүүлөргө тыюу салынганын билдирип, бизнеске кысым көрсөткөндөржоопкерчиликке тартыларын эскерткен. Президент Садыр Жапаров 18-февралда укук коргоо органдары менен күч түзүмдөрүн ишкерлерге басым-кысым кылбоого чакырып, ошол эле учурда бизнесмендерди да салыктарын жаап-жашырбайтаза иштөөгө үндөгөн. Кыргызстанда айрым бизнесмендер соңку жылдары укук коргоо органдарынын ар кандай текшерүүлөрүнөн жапа чегип жатканын айтып келишет. (BTo)",azattyk.org,https://www.azattyk.org/a/33745830.html,2026-04-30T10:22:03+06:00,kyrgyz,0,high,news_site
2b038c4c-a50b-42b2-8cbc-28b9293b55e0,Тамчыда көл жээгине кум төгүлүп жатканы тууралуу видео боюнча түшүндүрмө берилди,"Архитектура, курулуш жана турак жай коммуналдык чарба министрлиги Ысык-Көлдүн Тамчы айылында көл жээкке кум төгүлүп жатканы тууралуу маалыматка түшүндүрмө берди.Министрлик көл жээгин эс алууга ыңгайлаштыруу максатында кум төгүлгөнүн, эс алуучулардын жана туристтердин коопсуздугун камсыздоо үчүн жээк сызыгында бекемдөө иштери жүргүзүлүп жатканын билдирди. Маалыматта соцтармактарда тараган тасмаларда айтылгандай кум төгүү иштери эс алуучу жайдын аймагын кеңейтүү максатында болбогону жана экологиялык коопсуздук талаптары сакталып, химиялык жана башка зыян заттар жоктугу белгиленген.""Көл жээгине алгач пансионаттын аймагынан казылган кум-шагыл жана топурак төгүлөт, эң үстүнө эленген кум себеленет. Бул заманбап туристтик объекттерде колдонулуп келе жаткан ыкма"", - деп билдирди министрлик.Мекеменин маалыматына караганда, учурда Тамчы айылында беш жылдыздуу үч пансионат курулуп жатат.Активист Эртай Исаков Фейсбуктагы баракчасына көлгө кум төгүлүп жатканы тартылган тасманыжарыялап, ""көлдү тирүүлөй көмүп, акваториясын казылган жерден чыккан топурак менен толтуруп, мыйзамга жана экологияга каршы иш жүргүзүп жаткан"" компанияларга чара көрүүнү президенттен суранган.(ZKo)",azattyk.org,https://www.azattyk.org/a/33740784.html,2026-04-23T17:10:54+06:00,kyrgyz,0,high,news_site
8435dacb-f8e5-407c-a527-f2b6650e8719,Ысык-Көл милициясы Дубайда сойкулукка сатылган кыз боюнча маалымат берди,"Ысык-Көл облустук ички иштер башкармалыгы Жогорку Кеңештин депутаты Элвира Сурабалдиева 22-апрелде парламентте көтөргөн жашы жете элек кыздын Дубайда сойкулукка тартылганы тууралуу маселе боюнча түшүндүрмө берди.Милиция билдиргендей, Балыкчы шаарынын тургуну, жашы жете элек кыз 2024-жылы аталаш тууган эжеси менен Дубайга барып, анын кийлигишүүсү менен денесине сексуалдык зыян келтирилгени 2025-жылы октябрда аныкталган.""Баштапкы тергөө материалдарына ылайык, 2024-жылдын август айында өспүрүм кыз өзүнүн аталаш тууган эжеси, 2002-жылы туулган Ж.Р. менен Бириккен Араб Эмираттарынын Дубай шаарына барган. Тергөөдө белгилүү болгондой, ал жакта Ж.Р. шарт түзүп, Б.М. аттуу жаран жашы жете элек кызга карата бир нече жолу жыныстык мүнөздөгү аракеттер жасалган. Соттук-медициналык экспертизанын 2025-жылдын 7-октябрындагы корутундусуна ылайык, өспүрүм кыздын денесине зыян келтирилгендиги тастыкталган"", - деп билдирди Ысык-Көл милициясы.Бул факты боюнча милиция 2025-жылдын 8-октябрында Кылмыш-жаза кодексинин 160-беренеси (""Сойкулукка жана ыпластыкка көмөктөшүү"") беренесинин 2-бөлүгү (балдарды пайдалануу менен жасалган кылмыш) боюнча кылмыш ишин козгогон.Тергөө иштеринин жүрүшүндө 2002-жылы туулган Ж.Р. шектүү катары суралып, убактылуу кармоочу жайга киргизилген. Ошондой эле анын аракеттеринде кылмыштын уланма мүнөзү бар экени аныкталган. Мындан тышкары, Б.М. аттуу жаран кылмышын жашыруу максатында кызга уюлдук телефон, ноутбук жана зер буюмдарды берип, таасир этүүгө аракеттенгени аныкталган.Кылмыш иши 29-декабрда Ысык-Көл облустук прокуратурасына, андан кийин соттун кароосуна жиберилген. Б.М. аттуу жаранга карата материалдар өзүнчө өндүрүшкө бөлүнүп, Кылмыш-жаза кодексинин 157-беренеси (""Он алты жашка толо элек бала менен сексуалдык мүнөздөгү аракеттер"") боюнча кылмыш иши козголуп, тергөө иштери уланып жатканы кабарланды. Жогорку Кеңештин депутаты Элвира Сурабалдиева Дубайга сойкулукка тартылып, кийин өз өмүрүнө кол салганы айтылган 13 жаштагы кыздын өлүмүнө байланыштуу ишти көзөмөлгө алуунубийлик өкүлдөрүнөн суранган. Башкы прокуратуранын маалыматына караганда, өлкөдө балдарга карата кылмыш саны өсүүдө. 2025-жылы Кыргызстанда 369 сексуалдык зомбулук фактысы катталды. Анын ичинде басымдуу бөлүгү зордуктоо. Маалыматка ылайык, 137 зордуктоо фактысы, 16 жашка толо электерге карата сексуалдык мүнөздөгү 115 аракет, 43 зомбулук, сексуалдык мүнөздөгү аракеттерге мажбурлоого байланыштуу 20 факт жана башка кылмыштар катталган. Сексуалдык зомбулуктан 288 бала, 77 аял жабыркаган. (КЕ/ZKo)",azattyk.org,https://www.azattyk.org/a/33737989.html,2026-04-22T18:04:40+06:00,kyrgyz,0,high,news_site
e5a8d990-4d57-4bde-b321-147bf887a395,Мамлекеттик ишканаларга электр транспорт жабдууларын сатып келүү жоболору жөнөкөйлөтүлдү,"Министрлер кабинети мамлекеттик жана муниципалдык ишканаларга, ошондой эле мамлекеттик үлүшү 50% ашкан компанияларга электроунаа инфратүзүмүн өнүктүрүү үчүн керектүү жабдыктарды жана тейлөөнү сатып алуунун жол-жоболорун жеңилдетти.Премьер-министр Адылбек Касымалиев кол койгон жарлыкка ылайык, өлкөнүн жашыл экономикага өтүүсүн тездетүү жана электр кубаттоочу станциялардын кеңири тармагын түзүү боюнча чаралар көрүлдү.Мындан тышкары 2022-жылы күчүнө кирген мамлекеттик компаниялар үчүн сатып алуулар эрежелерине киргизилген өзгөчө учурлардын тизмеси кеңейтилди. Эми электромобиль инфратүзүмүн куруу үчүн керектүү жабдууларды, жумуштарды жана кызматтарды түздөн-түз республикалык же жергиликтүү бюджеттен, ошондой эле башка уруксат берилген булактардан сатып алууга мүмкүнчүлүк берилет.Жаңы эрежелер документ расмий жарыялангандан кийин жети күндөн кийин күчүнө кирет.Жакында Бишкектеги ишкерлер электромобиль кубаттоочу станцияларды курууга мүмкүнчүлүк берилбей, чектелип жатканына мэрияны айыптап, бул тармактамонополия кылгысы келет деп чыгышкан.Алар өкмөттүн буга чейинки экологиялык абалды жакшыртуу максатында электромобилдерди өлкөгө алып келүүнү, кубаттоочу станцияларды куруу боюнча ишкердикти колдогон убадаларын эске салышкан.Калаа башчысы Айбек Жунушалиев алардын дооматына жооп кылып, электр транспортунун инфраструктурасын өнүктүрүү, кубаттоочу станцияларды жайгаштыруу жана эксплуатациялоо маселелерин мындан ары мэрия өзү колго алууну көздөп жатканынбилдирген.Буга чейин Энергетика министрлиги электромобилдерди  кубаттоочу  станция чыгарганкытайлык компаниялар менен кызматташары тууралуусоциалдык баракчаларына жарыялаган. Кыргызстанга акыркы жылдары Кытайдан электроунаа көп ташылып келүүдө. Учурда өлкө аймагы боюнча жалпы 15 миңден ашык электромобил катталган. Ал эми электромобилдерди кубаттоочу станциялардан Бишкекте эле 500гө жакын бар.(ZKo)",azattyk.org,https://www.azattyk.org/a/33737030.html,2026-04-21T15:33:09+06:00,kyrgyz,0,high,news_site
ed68462d-dbc3-4b08-82c0-dbeb90ee579c,Түштүк Кореянын мурдагы биринчи айымынын өкүмү 4 жылга узартылды,"Түштүк Кореянын экс-президенти Юн Сок Ёлдун жубайы Ким Гон Хинин сот өкүмү 4 жылга чейин узартылды. Шейшембиде апелляциялык сот аны көз боемочулук үчүн айыптуу деп тапты. Январда мурдагы биринчи айым диний уюмдан эки Chanel сумкасын, бриллиант шуру жана башка белектерди алганы үчүн паракорлук беренеси менен бир жыл 8 айга кесилген. Ошондо сотто баалуу кагаздардын көз боемочулугу жана саясий фонддор тууралуу мыйзамды бузуу беренелери боюнча акталган. Ким Гон Хи апелляциялык арыз берген. Бирок прокуратура да өкүмдү талашып, аны катаалдатууну сураган. Хинин адвокаттары апелляциялык соттун чечимине каршы Жогорку сотко кайрылышарын билдирди. Экс-президенттин аялы былтыр августта камакка алынган. Тергөөнүн версиясына ылайык, ал 2 миң 200 доллар турган Dior брендинин сумкасын белекке алган. Президенттин администрациясы ага чейин белек берилгенин бышыктап, бирок ал өкмөттүн мүлкү катары сакталганын билдирген. Андан тышкары Ким Гон Хи акциялар менен көз боемочулук кылуу жана мыйзамсыз киреше алуу максатында Deutsch Motors компаниясынын башчысы менен кутумга барган деп күнөөлөнгөн. Мурдагы президент Юн Сок Ёл 2024-жылдын декабрында конституциялык түзүлүштү бузууга күнөөлүү деп табылып, быйыл февралда өмүр бою эркинен ажыратылган. Тергөө версиясына ылайык, ал парламентке аскерлерди киргизип, саясий атаандаштарын кармоого аракет кылган. Мунун натыйжасында кызматынан четтетилип, камакка алынган. Бир кезде прокурор болуп иштеген Юн коюлган айыптарды четке кагып, президент катары аскердик абал жарыялоого укугу бар экенин билдирген. Анын айтымында, бул кадам оппозициялык партиялардын өкмөттүн ишине тоскоолдук жаратып жатканы үчүн жасалган.",azattyk.org,https://www.azattyk.org/a/33744373.html,2026-04-28T19:30:46+06:00,kyrgyz,0,high,news_site
455598e8-5989-4044-b6da-0c43121e70c3,Депутат Өмүрзаков Кыргызстанга сапатсыз азыктар кирип жатканын айтты,"Жогорку Кеңештин депутаты Сүйүнбек Өмүрзаков Кыргызстанга чет өлкөдөн сапаты начар азык-түлүк кирип жатканын айтып, аны текшерүүчү ""Кыргыз сапаты"" деген системаны киргизүүнү сунуштады. Бул тууралуу эл өкүлү парламенттин 22-апрелдеги жыйынында айтты.""Биздин өлкөгө абдан сапаты начар азык-түлүк кирет. Бул келечектеги балдардын саламаттыгына таасирин тийгизет. Азык-түлүктүн сапаты начар болсо элибиздин ден соолугу начар болот. Бир канча мамлекеттерде дагы бар, бизге дагы ""Кыргыз сапаты"" деген системаны киргизиш керек. Мурда ""сапат белгиси"" деген мөөрчө болот эле. Биздин эл ошону көрүп, сапаттуу же сапатсыз экенин билип, ала баштайт эле"", - деди депутат.Өлкөдө керектелген товарлардын 70 пайызга жакыны сырттан кирет.Кыргызстан агрардык, бирок азык-түлүк боюнча импорттон көз каранды өлкө. Сырттан азык-түлүк, мунай, курулуш материалдары, техника жана башка көптөгөн товарлар импорттолот. Социалдык жактан маанилүү тогуз азык-түлүктүн ичинен үчөө - картошка, сүт жана жашылча менен гана өзүн камсыздай алат. Нан азыктары, мөмө-жемиш, кумшекер, өсүмдүк майы, эт азыктары жана жумуртканын 70% сырттан, негизинен Орусия менен Казакстандан импорттолот. (КЕ)",azattyk.org,https://www.azattyk.org/a/33737741.html,2026-04-22T12:08:40+06:00,kyrgyz,0,high,news_site
89e5d4bf-ee4b-473c-9ca2-d0a24711d983,Садыр Жапаров Борбор Азия өлкөлөрүн суу маселесинде чогуу аракеттенүүгө чакырды,"Президент Садыр Жапаров Кыргызстандын климаттын бузулушуна таасири аз болгону менен, анын кесепетин чоң көлөмдө тартып жатканын 22-апрелде, Астанада өтүп жаткан Аймактык экологиялык саммиттесүйлөп жатып билдирди.Мамлекет башчы буга мисал катары акыркы беш жылдан бери жаратылыш катаклизмдери көбөйгөнүн, анын ичинде сел, суу ташкындарынын саны 3 эсеге өскөнүн, мындан жылдык түз материалдык чыгым болжолдуу 16 млн долларга чыкканын белгиледи. Ошондой эле Кыргызстанда мөңгүлөрдүн аянты 16% кыскарып, Ысык-Көлгө куйган дарыялардын саны кыскарганы көлдөгү суунун азайышына алып келгенин, мөңгүлөрдүн көп эришинен улам бийик тоолордогу көлдөр 1968-жылдан бери 30%  өскөнүн айтты.Мамлекет башчысы Кыргызстан Борбор Азия аймагында суу запастарын коргоо жана сактоо үчүн олуттуу каржылык жана адам ресурстарын жумшап жатканын, ондогон жылдар бою суу бөлүштүрүүнүн мурдагы лимиттерин сактап келе жатканын белгиледи. Ошондой эле экосистемалык кызматтарды көрсөтүү жана ага сарпталуучу чыгымдар бардык суу пайдалануучулар тарабынан колдоого алынышы жана биргелешип каржыланышы керектигин айтты.“Биздин өлкө өз муктаждыгы үчүн болгону 12 млрд куб метрге жакын сууну пайдаланат, ал эми калган 38 млрд куб метр суу коңшу мамлекеттерге кетет. Биз Кыргызстанда калыптанып жаткан суу ресурстарынын Борбордук Азия өлкөлөрүнүн айыл чарбасын, энергетикалык, азык-түлүк жана социалдык-экономикалык коопсуздугун камсыздоо үчүн чоң мааниге ээ экендигин түшүнөбүз. Муну эске алуу менен, биз ондогон жылдар бою суу бөлүштүрүүнүн мурдагы лимитин сактап, суу топтоо жана чыгаруу боюнча кызматтарды, гидротехникалык курулуштардын сакталышын жана коопсуздугун, өзгөчө кырдаалдардан коргоону камсыз кылууну улантып келе жатабыз"", - деди Садыр Жапаров.Президент коңшу мамлекеттер менен биргелешкен аракеттерди күчөтүүгө, ошондой эле климаттык жана экологиялык фонддордун каржылоосун тартууга чакырды.Мындан тышкары, Садыр Жапаров ""жашыл"" энергетика тармагындагы долбоорлор, анын ичинде Камбар-Ата-1 ГЭСинин курулушу, чакан гидроэлектр станцияларды, күн жана шамал электр станцияларын өнүктүрүү ишке ашырылып жатканын маалымдады.Мамлекет башчысы мамлекеттерди жана эл аралык өнөктөштөрдү 2027-жылдын 21-23-октябрында Кыргызстанда өтө турган “Бишкек+25” Глобалдык тоо саммитине активдүү катышууга чакырды.Бүгүн, 22-апрелде, Казакстандын борбору Астана шаарында Аймактык экологиялык саммит өтүп жатат. Ага Казакстандын президенти Касым-Жомарт Токаев, Армениянын президенти Ваагн Хачатурян, Грузиянын президенти Михаил Кавелашвили, Монголиянын президенти Ухнаагийн Хурэлсух, Тажикстандын президенти Эмомали Рахмон, Түркмөнстандын президенти Сердар Бердымухамедов, Өзбекстандын президентин Шавкат Мирзиёев, Азербайжандын премьер-министри Али Асадов жана эл аралык уюмдардын жетекчилери катышууда. (ZKo)",azattyk.org,https://www.azattyk.org/a/33737923.html,2026-04-22T16:59:28+06:00,kyrgyz,0,high,news_site
51dee7cd-86d4-4efb-b519-6c7da987a2d5,Amnesty International Кыргызстанда журналисттерге басым уланып жатканын билдирди,"Эл аралык Amnesty International укук коргоо уюму 21-апрелде жарыялаган жылдык баяндамасында дүйнө жүзүндө, анын ичинде Борбор Азияда жарандык коомго кысым күчөп жатканын билдирди.State of the World’s Human Rights деп аталган документтеБорбор Азиянын бардык өлкөлөрүндө укук жана эркиндик чектелип жатканы белгиленет. Уюмдун маалыматына ылайык, Кыргызстанда бийлик Kloop, Temirov Live жана «Айт, айт десе» сыяктуу көз карандысыз медиа долбоорлорду «экстремисттик» деп тааныган, алардын материалдарын бөлүшкөндөргө же «лайк» баскандарга кылмыш жоопкерчилиги каралышы мүмкүн. Мындан тышкары, журналисттер Болот Темиров жана Ринат Тухватшин сыртынан «экстремисттик ишмердүүлүккө» байланышы бар деп табылган. Ушундай эле айып менен мурдагы операторлор Александр Александров менен Жоомарт Дуулатов соттолгон. Баяндамада укук коргоочу Рита Карасартова жабык сотто шарттуу кесилгени жазылат. Баяндаманын авторлору бул иш анын жарандык позициясы менен байланыштуу экенин эске салган. Amnesty International уюмунун Чыгыш Европа жана Борбор Азия боюнча жетекчисинин орун басары Денис Кривошеев Кыргызстандагы кырдаалды «тез жана кооптуу өзгөрүп жаткан тенденция» деп мүнөздөдү. Анын айтымында, бийлик сын айткан активисттерди жана журналисттерди такай кысымга алып келет. Кыргыз бийлиги өлкөдө сөз эркиндиги жана адам укуктары корголорун такай кайталайт. 29-январда президент Садыр Жапаров ""Кабар"" агенттигине курган маегинде сөз эркиндиги жана демократия деген ""биринчи кезекте жоопкерчилик"" деп эскерткен. ""Укук коргоо органдары сүйлөп же сындап койгондорду кармап жаткан жери жок. Кармалгандар сөз эркиндигине жамынып алып, өлкөдө башаламандык болуп кетсе деп тымызын иш алып баргандар. Же ачыктан-ачык эле конституциялык түзүлүштү бузууга чакырык жасагандар"", - деп айткан. Ошондой эле эл аралык уюмдун баяндамасында өлкөдө кыйноолордун алдын алуу боюнча улуттук борбор жоюлуп, анын ыйгарым укуктары омбудсменге өткөрүлгөнү сынга алынган. Бул чечим боюнча Бириккен Улуттар Уюмунун эксперттери тынчсыздануу билдиргени белгиленет. Мындан тышкары, президент Садыр Жапаров оор кылмыштар үчүн өлүм жазасын кайтарууну сунуштаганы да талкуу жараткан. Кийинчерээк Конституциялык сот бул демилгени мыйзамга каршы деп четке каккан. Баяндамада дин тутуу эркиндигин чектеген талаптар күчөтүлүп, каттоодон өтпөгөн диний ишмердүүлүккө тыюу салууну караган мыйзам сынга алынган. Ошондой эле «экстремизм» түшүнүгүнүн так эместиги диний азчылыктарга басым күчөтүшү мүмкүн экени айтылат. Amnesty International Борбор Азиядагы жалпы тенденция катары активисттерге, журналисттерге жана блогерлерге карата саясий негиздеги куугунтук күчөп жатканын белгилейт. Уюм бул көрүнүштөр сөз эркиндигине жана жарандык коомдун өнүгүшүнө олуттуу коркунуч жаратарын эскертти.",azattyk.org,https://www.azattyk.org/a/33736978.html,2026-04-21T14:49:11+06:00,kyrgyz,0,high,news_site
dd7873ba-4c20-41cb-bdd5-ac1473503de5,Орус армиясынын аба соккусунан Харьковдо алты киши мүрт кетти,"Украинанын Харьков облусунда ракета чабуулунан төрт адамдын өмүрү кыйылды. Бул тууралуу 4-майда облустук аскердик администрациянын башчысы Олег Синегубов билдирди. Ал кошумчалагандай, кыркка жакын адам жаракат алды. Ошондой эле жеке үйлөр, көп кабаттуу имараттар, төрт дүкөн жана техникалык тейлөө жайы жабыркады. Ал эми Чернигов облусундагы Новгород-Север районунда орус күчтөрүнүн чабуулунан кийин 14 миңдей тургун электр жарыгысыз калды. Жергиликтүү бийликтин маалыматына ылайык, шаар түн ичинде бир нече жолу дрондор менен аткыланып, жарандык инфраструктура зыян тартты. Бир адам жараат алды. Мындан тышкары, Донецк, Днепропетровск, Херсон жана Харьков облусунун айрым аймактарында да электр энергиясы үзгүлтүккө учурады. Чугуев районунда орус дрону нан ташыган машиненин жанына кулап, айдоочу менен кошо дагы бир адам жаракат алды. Ал эми Сумы облусунда көп кабаттуу үйлөр жана башка имараттар орус армиясынын чабуулунан зыян тартты. Украин армиясы билдиргендей, 4-майга караган түнү орус армиясы жалпысынан 155 дрон менен чабуул койгон. Алардын 135и атып түшүрүлгөнү айтылды. Орусиянын Коргоо министрлиги Украинада адатта аскердик гана жайларды бутага аларын билдирип, жарандык инфраструктурага урулган соккуларды четке кагып келет.",azattyk.org,https://www.azattyk.org/a/33748946.html,2026-05-04T20:45:19+06:00,kyrgyz,0,high,news_site
c4f9636b-c810-4cd4-959c-2ff1a64d941a,Нөшөрлөп жааган жаандан улам Манас шаарында да сел жүрдү,"30-апрелдин кечинде нөшөрлөп жааган жаандан улам Жалал-Абад облусунун Манас шаарында сел жүрүп, төрт социалдык объектке жана 39 турак жайга зыян келтирген. Анын арасынан 16 үйдүн ичине сел суусу кирип, 23 турак жайдын короолоруна суу толгон. Кырсыктын кесепетин жоюу үчүн Өзгөчө кырдаалдар министрлигинен (ӨКМ) 69 куткаруучу тартылган. Ошондой эле шаардык жарандык коргонуу кызматтарынан 125 кызматкер, 15 техника жана жергиликтүү тургундардан 35 адам жардам берди. Жаандан улам соңку күндөрү Кыргызстандын бир нече айылдарын сел каптады. 30-апрелде Баткендин Кадамжай районунун Орозбеков айыл аймагында нөшөрлөп жааган жамгырдын улам кокту-колоттон сел жүргөн. Тамаша—Кызыл-Булак жолундагы сайдан жана Пүшкөүт, Таш-Булак сайлары аркылуу сел жүрүп, жол убактылуу жабылган. 27-28-апрель күндөрү Ош облусундагы Алай районунун Гүлчө шаарында нөшөрлөп жааган жаандын кесепетинен сел жүрүп, өзгөчө кырдаал режими киргизилген. (BTo)",azattyk.org,https://www.azattyk.org/a/33746875.html,2026-05-01T10:41:40+06:00,kyrgyz,0,high,news_site
08f236f6-6163-4f70-9a7c-981b1ef36927,Туапседеги мунай иштетүүчү заводго үчүнчү жолу сокку урулду,"Украин куралдуу күчтөрүнүн Башкы штабы Орусиянын Краснодар крайындагы Туапсе мунай иштетүүчү заводго дагы бир сокку урулганын, кесепеттин масштабы аныкталып жатканын билдирди. Ага чейин аймактын бийлиги ишканада өрт тутанганын, эч ким жабыркабаганынмаалымдаган. Региондун губернатору Вениамин Кондратьев Туапсе округунун башчысына шилтеме менен билдиргендей, заводго жакын жашаган кишилерэвакуацияланды. Ал жай үстүбүздөгү айда эки ирет соккугакабылган. Натыйжада өрттү бир нече күн бою өчүрүшкөн, суу менен аба булганганы кабарланган. Нөшөр жаандан улам Туапсе дарыясы кирип, мунай менен аралаш суу ага чейин орнотулган тосмолордон ашып төгүлүп, Кара деңиздин акваториясына аккан. «Кедр» басылмасы жарыялаган сүрөттөрдө шаардын үстүнөн калың түтүн көтөрүлүп жатканы көрүнүп турат. Орусиянын бийлиги чет өлкөлүк агенттер тизмесине киргизген басылманын кабарчысын полицияга маектешүүгө алып кетишкенимаалымдалды. Туапседеги мунай иштетүүчү завод экспортко иштейт. Украин куралдуу күчтөрү аны бутага алуу менен Орусиянын «аскердик-экономикалык дараметин төмөндөтүүнү» көздөгөнүн айтууда. Рейтер агенттигинин маалыматына ылайык, завод 16-апрелде болгон биринчи соккудан кийин мунай иштетүүнү токтоткон. Орусиянын Коргоо министрлиги 28-апрелге караган түнү 186 пилотсуз учак атып түшүрүлгөнүн билдирди. Маалыматка караганда, Брянск облусунда бир кишижарадарболду, Белгороддо үч кишиказа тапты, үчөө жаракат алды.",azattyk.org,https://www.azattyk.org/a/33744264.html,2026-04-28T17:17:00+06:00,kyrgyz,0,high,news_site
0a9df96a-208b-4bc7-a318-c2e2d40b6185,Бишкек–Ош жолу: Таш кулаган тилкени тазалоо иштери жүрүүдө,"5-майда түнкү саат 01:00-02:00 чамасында Бишкек - Ош унаа жолуна чоң көлөмдөгү таш көчкү түштү. Транспорт жана коммуникациялар министрлигинен кабарлашкандай, таш Кара-Көл менен Таш-Көмүрдүн ортосундагы тилкеге түшкөн. Учурда атайын техника тазалоо иштерин жүргүзүүдө. Аталган мекеме жолдун бир тарабы ачылып, бир тараптуу кыймыл камсыздалганын кабарлады. Министрлик айдоочуларды этият болууга жана жол эрежелерин так сактоога чакырды. Таш көчкүдөн жабыркагандар бар-жогу айтылган жок. Буга чейин министрлик 6-майга чейин күтүлүп жаткан жаан-чачынга байланыштуу ашууларда, тоолуу райондордо кар көчкү түшүү коркунучу бар экенин эскерткен. (КЕ)",azattyk.org,https://www.azattyk.org/a/33750091.html,2026-05-05T11:41:34+06:00,kyrgyz,0,high,news_site
6dc620c7-9659-4172-b78f-ad9b5327a1d9,Депутат Бекешев паспорт же башка документ алуу эселеп кымбаттаганын айтты,"Жогорку Кеңештин депутаты Дастан Бекешев мамлекеттик документтерге, түрдүү маалымкат кагаздарга баа көтөрүлгөнүн белгилеп, өкмөттү сынга алды. Бул тууралуу ал 28-апрелде парламенттин Финансы, бюджет, ишкердик жана атаандаштыкты өнүктүрүүкомитетинин жыйынындасүйлөп жатып айтты. Бекешев Министрлер кабинетинин тѳрагасы демилгелеген “Баа түзүү жөнүндө” мыйзамга өзгөртүүлөрдү киргизүү тууралуу” мыйзам долбоору каралып жатканда мамлекеттик кызмат көрсөтүү акысы эселеп өскөнүн айтты: ""Түрдүү маалымкаттар, өзүбүз басып чыгарып жаткан паспорт жана башка бардык документтер эселеп кымбаттады. Кадимки эле маалымкат 500 сом турат. Калкты тейлөө борборуна (ЦОН) кирсең баа 34% чейин өсүп кеткен. ЦОН өзүнчө эле бизнес-долбоор болуп алды. Мамлекеттик тейлөө акысы кайда өсүп баратат? Эл нааразы. Монополияга каршы тескөө кызматы эмне үчүн унчукпайт?""Депутаттын суроосуна экономика жана коммерция министринин орун басары Беназир Нурланова жооп берип, азыркы каралып жаткан мыйзам кызмат көрсөтүү акысын түзүүгө кийлигишүүгө багытталбаганын айтты.Дастан Бекешев кызмат көрсөтүү да товар, азык-түлүк сыяктуу эле сатыларын белгилеп, социалдык маанидеги товарлардын баасын 34% көтөрүүгө каршылыгын билдирди. Ал Монополияга каршы тескөө органы мамлекеттик кызмат акыны жана башка бааларды да карап, тескөөгө тийиштигин эскертти.Баалардын ооздуктоосуз өсүп бара жатканын белгилеген дагы бир депутат Улан Жаанбаев бул боюнча парламенттик угуу өткөрүүнү сунуштады. Улуттук банктын 28-апрелдегимаалыматына караганда, жыл башынан бери Кыргызстанда инфляция (17-апрелге карата) 3,9% түздү (жылдык мааниде 11,3%). Азык-түлүк 10,8%, андан башка товарлардын баасы 9,2%, тамеки жана алкоголдук продукцияныкы 8,9% жогорулады. Кызмат көрсөтүү чөйрөсүндө 17,2% түздү.(ZKo)",azattyk.org,https://www.azattyk.org/a/33744209.html,2026-04-28T16:00:57+06:00,kyrgyz,0,high,news_site
5ddd439d-0aca-4d81-b619-66f3e8aaeb73,Путин Кыргыз-орус славян университетинин жаңы кампусун куруу келишимине кол койду,"Орусиянын президенти Владимир Путин Борис Ельцин атындагы кыргыз-орус славян университетинин жаңы кампусун куруу боюнча Кыргызстан менен түзүлгөн келишимди ратификациялоо тууралуу мыйзамга кол койду. Ага ылайык, орус тарап кампусту курууну жана материалдык-техникалык жактан жабдуу милдетин алат. Университеттин жаңы кампусун куруу боюнча макулдашууга Владмир Путиндин 2023-жылы Бишкекке сапары учурунда жетишилген. Кыргызстан Байтиктен 30 гектар жер бөлүп берип, инфратүзүмүнө байланыштуу маселелерди чечип бериши керек. Апрель айында “Ельцин атындагы кыргыз-орус славян университетинин кампусу боюнча келишимди ратификациялоо” мыйзам долбоору Орусиянын Мамлекеттик думасында каралып жатканда айрым орус депутаттары буга каршы болуп, Кыргызстанда орус тилине каршы иштер жасалып жатканынайтып чыгышкан. Кыргыз-орус славян университети 1993-жылы түзүлгөн. Ага кийин Орусиянын биринчи президенти Борис Ельциндин аты берилген. Алгач сапаттуу билим берери айтылып келген окуу жайга байланыштуу соңку жылдарда бир топ жаңжалдар болгон. 2025-жылы отуздай студенти окуу жайдын кабыл алуу процессиндеги мүчүлүштүктөрдөн улам бир жыл билим алгандан кийин чыгарылып калганын айтып чыгышкан. Окуу жайдын жаңы жетекчилиги аларды окууга “мыйзамсыз кирген” деп күнөөлөгөн. 2025-жылы университетинин ректору болуп Сергей Волков шайланган. Ошондой эле бул окуу жайда Камкорчулар кеңеши түзүлүп, анын төрагалыгына УКМКнын мурдагы төрагасы Камчыбек Ташиев бекитилгени белгилүү болгон. Анын орун басарлыгына Кыргыз-орус өнүктүрүү фондунун жетекчиси Артем Новиков тандалган. (BTo)",azattyk.org,https://www.azattyk.org/a/33748012.html,2026-05-03T11:27:03+06:00,kyrgyz,0,high,news_site
60e701df-5858-4207-8eca-571a2ca4d7c4,Ирандын тышкы иштер министри Орусияга барды,"Ирандын башкы дипломаты Аббас Аракчи 27-апрелде Санкт-Петербургга барды. Ал Ирандын башкы өнөктөшү Орусиянын президенти Владимир Путин менен жолугушууга киргенин Дмитрий Песков билдирди. Аракчинин сапары Иран менен АКШ ортосундагы сүйлөшүү токтоп калган маалга туш келди. ""Тегеран биз менен сүйлөшкүсү келсе, телефон чалса болот. Мунасага келиш үчүн бир эле шарт бар: Иран өзөктүк курал жасоо ниетинен баш тартышы керек. Ансыз сүйлөшүүгө себеп жок"", - деп билдирди Трамп жекшембиде Fox News телеканалына берген интервьюсунда. Британиянын премьер-министри Кир Стармер жекшембиде телефондон АКШ президенти менен сүйлөшүп, Ормуз кысыгы жакын арада ачылбаса, глобалдык экономикага олуттуу зыян келтирилээрин талкуулады.",azattyk.org,https://www.azattyk.org/a/33743370.html,2026-04-27T16:05:20+06:00,kyrgyz,0,high,news_site
ce7c4e89-80ed-41d4-a9c6-c591f624a245,Аба ырайы: жаан жаайт,"24-апрелде түнкүсүн Чүй, Жалал-Абад, Ысык-Көл, Нарын облустарынын көпчүлүк аймактарында, Талас, Ош, Баткен облустарынын айрым желеринде жаан жаап, күн күркүрөйт, бийик тоолуу райондорунда кар жаайт. Чүй, Жалал-Абад, Ысык-Көл, Нарын облустарынын айрым жерлеринде жаан-чачын катуу жаайт. Күндүз Чүй, Ош, Ысык-Көл, Нарын облустарынын көпчүлүк аймактарында, Жалал-Абад облусунун айрым желеринде жаан жаап, күн күркүрөйт, бийик тоолуу райондорунда кар жаайт.Бийик тоолуу аймактарда жолдор тайгак болот. Батыштан соккон шамалдын ылдамдыгы секундасына 4-9 метрден, күндүз айрым жерлерде 15-20 метрге жетет.Абанын температурасы:Чүй өрөөнүндө түнкүсүн 8…13, күндүз 19…24;Талас өрөөнүндө түнкүсүн 7…12, күндүз 18…23;Баткен, Ош, Жалал-Абад облустарында түнкүсүн 9…14, күндүз 21…26;Ысык-Көл облусунда түнкүсүн 2…7, күндүз 14…19;Нарын облусунда түнкүсүн 5…10, күндүз 13…18.Бишкек шаарында түнкүсүн жана күндүз жаан жаап, күн күркүрөйт. Батыштан соккон шамалдын ылдамдыгы секундасына 4-9 метрге жетет. Абанын температурасы түнкүсүн 10…12°, күндүз 20…22° жылуу болот.",azattyk.org,https://www.azattyk.org/a/33740673.html,2026-04-23T14:45:20+06:00,kyrgyz,0,high,news_site
4844a7d9-884d-4a16-b40c-548c3a4b8a44,АКШдан депортация болгон дагы 26 өзбек жараны мекенине кайтты,"Өзбекстандын дагы 26 жараны АКШда миграция мыйзамдарын бузганы үчүн депортация болуп, 1-майда Ташкентке кайтышканын""Азаттык Азия"" маалымдады. Бул жолу да АКШдан депортацияланган өзбек жарандарын америкалык чартердик Omni Air International авиакомпаниясы жеткиргени, жалпысынан алар жолдо 36 саат жүрүшкөнү кабарланды. АКШнын Мексика менен чектеш Техас штатынан жолго чыккан учак Польша, Молдова, Румыния жана Армения өлкөлөрү аркылуу өтүп барганы, өзбек жарандарын мекенине кайтаруу ""Өзбекстандын жана АКШнын компетенттүү органдарынын бирге макулдашылган аракетинин натыйжасында ишке ашкан операция"" болгону белгиленди. Быйыл январь айында да Өзбекстан АКШдан өзүнүн депортация болгон 44 жаранын, март айында дагы 65 жаранын кабыл алган. Январдагы депортация тууралуу маалыматта Кошмо Штаттарда президенттик кызматка Дональд Трамп киришкенден берки 11-депортация экени айтылган. Эң алгачкы топ былтыр февраль айында кайткан. Анда Өзбекстандын Тышкы иштер министрлиги өзбек тарап өз жарандарын депортациялоо маселесинде АКШ бийлиги менен тыгыз кызматташып, алардын мекенине коопсуз кайтып келишин камсыз кылып жатканынбилдирген. Былтыр январда Fox News телеканалы АКШ бул өлкөдө мыйзамсыз жашаган 975 өзбекстандык жакынкы арада мекенине депортация болорунмаалымдаган. АКШда бийликке Дональд Трамп келген 2025-жылдын январь айында анын администрациясы мыйзамсыз мигранттарды депортациялоо боюнча кеңири масштабдуу программаны ишке ашыра баштаган. Расмий маалыматтарга караганда, Трамптын азыркы экинчи мөөнөтүнүн биринчи жылында Кошмо Штаттардан 600 миңден ашык адам депортацияланды, ал эми дагы 1,9 миллион мыйзамсыз мигрант өлкөдөн өз ыктыяры менен кетүүнү чечкен.",azattyk.org,https://www.azattyk.org/a/33747603.html,2026-05-02T17:08:53+06:00,kyrgyz,0,high,news_site
97059a59-8c9e-4cbd-9e00-1c184acf7d2f,Аба ырайы: айрым жерлерде өткүн өтөт,"30-апрелге чейин күтүлүп жаткан жаан-чачынга жана күндүн ысышына байланыштуу Кыргызстандын тоолуу райондорунда, Төө-Ашуу, Көк-Арт жана Чоң-Ашуу ашууларында кар көчкү түшүүсү жана кар күрткүсү күтүлөт, жолдор тайгак болуп муз тоңот. Унаалардын ортосунда 500 метр аралык кыймыл чектелиши зарыл. 27-апрелде түнкүсүн жаан-чачын жаабайт. Күндүз Нарын облусунун көпчүлүк аймактарында, Чүй, Ош, Жалал-Абад, Баткен, Ысык-Көл облустарынын айрым жерлеринде өткүн өтүп, күн күркүрөйт,  тоолордо кар жаайт. Тоолуу аймактарда жолдор тайгак болот. Батыштан соккон шамалдын ылдамдыгы секундасына 4-9 метрге жетет. Абанын температурасы: Чүй өрөөнүндө түнкүсүн 9…14, күндүз 21…26; Талас өрөөнүндө түнкүсүн 8…13, күндүз 20…25; Баткен, Ош, Жалал-Абад облустарында түнкүсүн 11…16, күндүз 22…27; Ысык-Көл облусунда түнкүсүн 4…9, күндүз 14…19; Нарын облусунда түнкүсүн 3…8, күндүз 17…22 градус жылыйт. Бишкекте түнкүсүн жаан-чачын жаабайт, күндүз өткүн өтүп, күн күркүрөшү мүмкүн. Батыштан соккон шамалдын ылдамдыгы секундасына 4-9 метрге жетет. Абанын температурасы түнкүсүн 12…14°, күндүз 22…24° жылуу болот.",azattyk.org,https://www.azattyk.org/a/33742794.html,2026-04-26T17:57:57+06:00,kyrgyz,0,high,news_site
4e0ee788-8325-4a02-a5b0-82be5138ad64,Бириккен Араб Эмирликтери 1-майда ОПЕКтен чыгарын жарыялады,"Бириккен Араб Эмирликтери 1-майдан тарта мунай экспортточу өлкөлөрдүн ОПЕК картелинен жана ОПЕК+ форматынан чыгарынжарыялады. Расмий билдирүүгө ылайык, мындай чечим өлкөнүн узак мөөнөттүү стратегиясына төп келет жана энергетикалык тармакты, анын ичинде кара майды казууга инвестиция салуу иштерин өнүктүрүүгө багытталган. Эмирликтин бийлиги энергия ресурстарынын ишенимдүү камсыздоочусу катары кала берерин белгиледи. Уюмдан чыгууну мунай өндүрүү саясатын улуттук кызыкчылыкты эске алуу менен кайра карап чыгуу максаты жана энергетика рыногундагы азыркы абал, “Перс жана Ормуз кысыктарындагы олку-солку” менен түшүндүрдү. Бириккен Араб Эмирликтери ОПЕКке мамлекет түзүлгөн 1970-жылы кошулган. Картелдин маалыматы боюнча мунай өндүрүүдө өлкөнүн үлүшү 2024-жылы 13,5% түзгөн. Уюмдан чыккандан кийин эмирлик талапка жана рыноктогу абалга жараша өндүрүштү көбөйтүүнү көздөөдө. 12 ири экспортоочунун башын бириктирген ОПЕК 1960-жылы түптөлгөн. Ага Алжир, Венесуэла, Иран, Сауд Арабия жана башкалар кирет. ОПЕК+ кеңейтилген форматына Орусия, Азербайжан жана Казакстан өңдүү көз карандысыз өндүрүүчүлөр мүчө. Ал уюм дүйнөдөгү мунайдын жарымы менен камсыздайт. Эксперттер эмирликтин чыгышы пикир келишпестиктерге карабай адатта биримдигин көрсөтүүгө далалаттанган уюмдун алсырашына алып келиши мүмкүн деп эсептешет.",azattyk.org,https://www.azattyk.org/a/33744444.html,2026-04-28T22:01:14+06:00,kyrgyz,0,high,news_site
b2496305-3ace-470f-8d9c-519640399ab4,"Орусия Днепр жана Житомирге сокку урду, бир нече кишинин өмүрү кыйылды","Орусиянын армиясы 23-апрелге караган түнү Украинанын Днепр шаарына сокку уруп, каза тапкандар үч кишиге жетти. Бул тууралуу шаардын мэри Борис Филатовбилдирди. Буга чейин Днепропетров облустук аскердик администрациясынын башчысы Александр Ганжа эки киши каза болуп, ону ар кандай жараат алганын, анын төртөө орточо оор абалда ооруканага жаткырылганын кабарлаган. Бейтапканага түшкөндөрдүн экөө 9 жана 14 жаштагы кыздар. Жергиликтүү бийлик соккунун кесепетинен көп кабаттуу турак жайдын жогорку кабаттарында өрт чыкканын маадымдаган. Орусиялык аскерлер Житомир облусунун жарандык транспорттук инфраструктурасына да сокку уруп, бир аял каза тапканын дубандын аскердик администрациясынын жетекчиси Виталий Бунечко кабарлады. Өткөн түнү орус армиясы Украинага 155 дрон учурган, анын 139у жок кылынган. Орусиянын Коргоо министрлиги аткылоолор тууралуу комментарий бере элек. Украина жана эл аралык уюмдар Орусиянын жарандык инфраструктурага жана жай тургундарга багытталган соккуларын согуш кылмышы деп эсептейт. Далилдерге карабай Москва муну танып, соккулар аскердик буталар урулуп жатканын айтып келет.",azattyk.org,https://www.azattyk.org/a/33740707.html,2026-04-23T15:21:58+06:00,kyrgyz,0,high,news_site
8e05ac20-6efb-48eb-ae43-c66417a52f9d,Мерц: Американын Иран боюнча так стратегиясы жок,"Германиянын канцлери Фридрих Мерц 27-апрелде АКШ Иран менен болгон согушта так стратегияга ээ эмес экенин айтып, жаңжал жакын арада бүтпөшү мүмкүн экенинэскертти. «Ирандыктар күтүлгөндөн күчтүүрөөк болуп чыкты, ал эми америкалыктардын ишенимдүү стратегиясы көрүнбөйт», — деди Мерц Марсберг шаарындагы мектепте жасаган билдирүүсүндө. Ал мындай жаңжалдардын негизги көйгөйүн да белгиледи. Мерцтин айтуусуна караганда, «мындай жаңжалдардан кантип чыгууну да билиш керек». Ал Ооганстандагы жана Ирактагы согуштарды мисал келтирди. «АКШ бул жаңжалга так стратегиясыз кирди. Учурда абдан татаал кырдаал түзүлдү жана бул бизге чоң чыгым алып келүүдө. Бул жаңжал биздин экономикалык көрсөткүчтөргө түз таасирин тийгизип жатат», — деди Фридрих Мерц, Ал Германиянын Ормуз кысыгын кайра ачууга жардам берүү үчүн миналарды тазалоочу кемелерди жөнөтүү сунушу күчүндө экенин айтты. Бирок ал бул согуш аяктаганда гана ишке ашарын белгиледи. Январь айында Иранда жалпы өлкө боюнча өткөн нааразылык акциялары күч менен басылган соң, Мерц Ислам республикасынын бийликти сактап калуу үчүн зомбулук колдонушу режимдин аяктап баратканынын белгиси экенин айткан. Ал мындай билдирүү жасаган алгачкы жогорку деңгээлдеги эл аралык саясатчылардын бири болгон. Ормуз кысыгы жабылгандан кийин ал Евробиримдик санкцияларды жеңилдетүүгө даяр экенин да билдирген. Ал арада 27-апрелде Еврокомиссиянын төрайымы Урсула фон дер Ляйен санкцияларды алып салуу Иран «негизги өзгөрүүлөргө» барган шартта гана мүмкүн болорун айтып, азырынча аларды жеңилдетүүгө «эрте» экенин белгиледи.",azattyk.org,https://www.azattyk.org/a/33743610.html,2026-04-27T20:52:31+06:00,kyrgyz,0,high,news_site
7335a774-63a4-4995-b4f9-e78cdd2f5661,Еврошаркет Орусияга каршы санкциялардын 20-пакетин жактырды. Тизмеде Кыргызстан бар,"Европа биримдиги Орусияга каршы санкциялардын 20-пакетин жана Украинага 90 млрд евро кредит бөлүү тууралуу макулдашты. «Азаттыктын» украин редакциясы шаркетте төрагалык кылып жаткан Кипрдин өкүлүнө шилтеме мененжазгандай, документке кол коюу жараяны 22-апрелде башталды жана бейшембиде аяктамакчы. «Украинага 90 млрд евролук кредит берүү жана санкциялардын 20-пакети Еврошарккеттин элчилери курган жыйындын күн тартибине киргизилген жана жактырылды», - деп билдирди дипломат. Эки маселе боюнча акыркы чечим кабыл алуу Венгрия менен Словакиянын каршылыгына байланыштуу кечеңдеди. Санкциялар пакети согуштун 4 жылдыгы алдында эле кабыл алынат деп күтүлгөн. Документте орусиялык мунай менен газга, танкерлерге, көмүскө флотуна, химикаттардын экспортуна, банк секторуна чектөө киргизүү каралган. Евробиримдик Кыргызстанга чара көрүү сунушун да киргизген. Ага ылайык, өлкөгө компьютерлердин санарип башкаруу (CNC) станокторун жана радиоэлектрондук жабдууларды сатууга тыюусалынышы ыктымал.Бул санкциялар менен Кыргызстанга алгачкы жолу товар сатууга бөгөт коюлганы турат. Брюссел өлкөгө импорттолгон кош максатта колдонулчу айрым товарлар санкцияларды буйтап өтүп, Орусияга реэкспорттолушу мүмкүн деп кооптонот. Жазалоочу чаралар күчүнө кирсе, Кыргызстан Евробиримдиктин бул өңдүү санкциясына кабылган биринчи мамлекет болуп калмакчы. Андан тышкары орусиялык жана үчүнчү өлкөлөрдүн 20 банктары менен иш алып барууга тыюу салынган. Арасында Кыргызстандагы “Керемет Банк”, “Капитал Банк” банктарын жана “ТенгриКоин” компаниясын да “кара тизмеге” киргизүү сунушун берген. Аталган банктарга ""криптоактивдер жана төлөм системалар жаатында кызмат көрсөтүп, Орусиянын Украинага каршысогушун колдогон"" деген кине коюлган. Санкциялык тизмеде Лаос, Азербайжан жана Армениянын банктары бар. Шаркеттин санкциялар боюнча атайын чабарманы Дэвид О'Салливан февралдын аягында Бишкекке келгенде Министрлер кабинетинин төрагасынын биринчи орун басары Данияр Амангелдиев кыргыз тарап кайсы бир коркунуч жаралса, чечимди акыл калчап, кесипкөйлүк негизде кабыл аларын, тышкы экономикалык операцияларды жүргүзүүдө мыйзам жана эрежелерди сактай турганын айткан. Кыргызстандын бийлиги жеке компанияларга колдонулган чараларды кескин айыптап, айрыкча банктарга салынган санкцияларды кайра алууну талап кылып келет.",azattyk.org,https://www.azattyk.org/a/33738026.html,2026-04-22T19:05:13+06:00,kyrgyz,0,high,news_site
26d09bd8-7930-4115-923e-e6a86a034467,Орунбеков өкмөт BELES автобусун эмнеге сатып албай жатканын айтты,"Президенттин администрациясынын маалыматтык саясат кызматынын башчысы Дайырбек Орунбеков өкмөт Кыргызстанда чогултулган BELES автобусун эмнеге сатып албаганы тууралуу түшүндүрмө берди. Ал Фейсбуктагы баракчасына жазган билдирүүсүндө президент Садыр Жапаров кызматка жаңы киришкенде BELES ишканасына барганын, анда кол менен чогултулган бир гана автобус болгонун жана Бишкек шаарын тейлеш үчүн жетиштүү сандагы автобус керек экенин айтты. “Экинчиси, бул автобустар тиешелүү сыноодон өтүп, сертификат алган эмес. Тетиктери сырттан алып келинип, бул жакта жөн гана кол менен чогултулган. Стандарттарга жооп берген завод жок. Ар ким эле үйүнөн бир автобус чогултуп алып, “меникин алгыла”, - дей берсе болобу? Мындай транспорт эл ташууга толук жооп бере албайт. Анткени жүздөгөн адамдардын коопсуздугу биринчи орунда турушу керек. Үчүнчүдөн, BELES автобустары азыр алынып жаткан автобустарга караганда 1,5 эсе кымбат сунушталган. Төртүнчү, BELES автобусунун мотору дизель менен жүрөт. Билесиздер, буга чейин шаарды булгаган дизелдик маршруттук таксилерди тазалап, газ жана электр энергиясы менен жүргөн автобустарга өткөнбүз”, - деди ал. 2022-жылы Чүй облусунда жергиликтүү “Белес.kg” деп аталган компания автобус кураштыруучу завод ачкан.Компаниянын иши менен таанышканы баргандапрезидент Садыр Жапаров мамлекет сыноо иретинде андан 10 автобус сатып аларын билдирген. Бишкек шаардык мэриясы кийин атамекендик компания чыгарган транспорттун баасы жана башка шарттары туура келбей жатканын билдирип,андан автобус сатып алуудан баш тарткан. BELES ишканасынын негиздөөчүсү Мирбек Аскалиев 2026-жылдын башында президентке кайрылуу кылып, өкмөт BELES автобусунан бирди да сатып алаэлектигин айткан.Ал BELES автобусунун баасы 168 000 евро экенин, Бишкек мэриясы Түркиядан алган, комплектациясы BELESке окшош Isuzu Citiport автобустары 317 500 евродон сатып алынганын, чет жактан сатып алынган транспорт 85% кымбат экенин билдирген. (BTo)",azattyk.org,https://www.azattyk.org/a/33744067.html,2026-04-28T10:11:10+06:00,kyrgyz,0,high,news_site
f1042302-635b-463d-8473-90ffe2d529b1,"Улуттук банк эсептик ченди 12% калтырып, азык-түлүк 10,8% өскөнүн билдирди","Улуттук банк эсептик ченди 12% деңгээлинде калтырып, чечим 28-апрелде күчүнө кирди. Өлкөнүн негизги банкы дүйнөдөгү геосаясий чыңалуу азык-түлүк жана чийки зат рынокторунда баалардын өсүшүн шарттаганын билдирди. Мекеменин маалыматында акыркы эки айда Жакынкы Чыгыштагы кырдаалдын курчушунан дүйнөдө дан эгиндеринин, өсүмдүк майынын баасы кымбаттады. 2026-жылдын башынан бери Кыргызстанда инфляция (17-апрелине карата) 3,9% түздү (жылдык мааниде 11,3%). Азык-түлүк 10,8%, андан башка товарлардын баасы 9,2%, тамеки жана алкоголдук продукция 8,9% жогорулаган. Кызмат көрсөтүү чөйрөнсүндө баалардын өсүшү мындан да көп болуп - 17,2% түздү. Январь-март айларында өлкөнүн реалдуу Ички дүң өнүмү 10,1% өстү. Экономиканын өсүшүнө мурдагыдай эле кызмат көрсөтүүлөр, өнөр жай жана курулуш негизги салым кошууда. Эсептик чен - инфляциялык процессти жөнгө салуучу негизги финансылык куралдардын бири болуп саналат. Ал коммерциялык банктардагы насыялар менен депозиттердин пайыздык ченине түз таасир этет. Коммерциялык банктар өзүнүн пайыздык чендерин аныктап жаткан учурда Улуттук банктын эсептик ченине багыт алышы кажет. Улуттук банктын эсептик чени жогору болсо, коммерциялык банктардын насыялары менен депозиттеринин пайыздык чендери да жогору болот, төмөн болсо төмөндөйт. (BTo)",azattyk.org,https://www.azattyk.org/a/33744099.html,2026-04-28T11:52:46+06:00,kyrgyz,0,high,news_site
9fb37e34-6b73-444c-bd7a-32ceb9e630c0,"УКМК жана ИИМ ортодо тиреш жок экенин, чогуу тазаланып жатканын билдиришти","Улуттук коопсуздук боюнча мамлекеттик комитеттин (УКМК) төрагасы Жумгалбек Шабданбековдун ""Укук коргоо органдарын абийирсиз кызматкерлерден тазалоо боюнча биргелешкен системалуу иши тууралуу"" комментарийи жарык көрөрү менен Ички иштер министрлиги (ИИМ) ""Коррупцияга каршы күрөш системалуу жана ведомстволор аралык мүнөзгө ээ"" деген маалыматын расмий таратты.Билдирүүлөрдө эки мекеме өз катарын коррупцияга аралашкан, кызматынан кыянат пайдаланган, абийирсиз кызматкерлерден тазалоо иши чогуу жүргүзүлүп жатканы айтылды.Коопсуздук кызматынын төрагасы комментарийинде президент Садыр Жапаровдун тапшырмасы менен УКМК, ИИМ жана прокуратура биргелешип, укук коргоо тармагын ""абийирсиз, коррупцияга малынган жана мамлекеттик кызматтын беделин түшүргөндөрдөн тазалоого багытталган ырааттуу, системалуу жана активдүү иш-чаралар жүргүзүлүп жатканын"" маалымдады.""УКМК, ИИМ жана прокуратура органдарынын ортосунда эч кандай тирешүү жок жана болушу да мүмкүн эмес. Бардык укук коргоо органдары мыйзамдын алкагында жана Жогорку Башкы командачы койгон милдеттердин негизинде бирдиктүү байланышта иш алып барышат. Бул жерде мекемелер аралык күрөш жөнүндө эмес, укук коргоо тутумун абийирсиз кызматкерлерден тазалоо боюнча биргелешкен иш тууралуу сөз болуп жатат. Биздин жалпы максатыбыз — системаны алсыратуу эмес, аны чыңдоо, мыйзамдуулукту, кызматтык тартипти бекемдөө жана жарандардын укук коргоо органдарына болгон ишенимин арттыруу болуп саналат. Ошондуктан, жүргүзүлүп жаткан иш-чараларды айрым мекемелердин башкаларга каршы күрөшү катары көрсөтүү аракеттери негизсиз жана чындыкка дал келбейт"", деп билдирди Шабданбеков.ИИМ тараткан маалыматта да ""акыркы убакта маалымат каражаттарында укук коргоо органдарынын ишин координацияланбаган жана карама-каршы көрүнүш катары чагылдырууга аракет жасалып жатканы"" белгиленди. Ошондой эле бул чындыкка дал келбеси эскертилип, мамлекеттик органдардагы коррупцияга каршы күрөш мекемеден көз карандысыз жүргүзүлөрү айтылды.""Ушуга байланыштуу ИИМ, УКМК жана прокуратура жүргүзүп жаткан ыкчам-тергөө иш-чаралары мамлекеттик институттарды тазалоого жана жарандардын ишенимин жогорулатууга багытталган координацияланган иштин жыйынтыгы болуп саналат"", - деп жазылган ИИМдин билдирүүсүндө. 20-апрелде ИИМдин кызматкерлери УКМКнын 6-башкармалыгынын бөлүм башчысынын орун басарын кармашканы тууралуу маалымат тараган. 21-апрелде УКМКнын кызматкерлери ИИМдин борбордук аппаратындагы Ички коопсуздук кызматында тинтүү жүргүзгөнүн айрым маалымат каражаттары жазышкан. Эки окуя боюнча тең күч түзүмдөрү расмий маалымат беришкен эмес. Бул көрүнүштөрдөн улам социалдык тармактарда күч түзүмдөрүнүн ортосундагы ""эрегиштик"" жөнүндө талкуу башталган.(ZKo)",azattyk.org,https://www.azattyk.org/a/33737760.html,2026-04-22T12:22:25+06:00,kyrgyz,0,high,news_site
cef60664-5c05-4826-96d9-a3695aeda355,Орусиянын чабуулунан Одессада эки адам набыт болду,"Украинанын Одесса облусунда 3-майга караган түнү Орусиянын чабуулунан эки адам набыт болуп, дагы беш киши жараат алды. Дрондор үч турак жайга тийип, дагы эки имаратка зыян келтирилгенин облустук аскердик администрациянын төрагасы Олег Кипер маалымдады. Херсон облустук администрациясынын башчысы Александр Прокудин Днепровский районунда орусиялык дрон жарандык автоунаага тийип бир эркек киши мүрт кеткенин, дагы бир нече адам жаракат алганын айтты. Ал эми Харьков облусундагы Балаклея шаарында Орусиянын чабуулунан үч адам жараат алды. Днепропетров облустук аскердик администрациясынын башчысы Александр Ганжанын маалыматында, 3-майдын таңында Орусиянын аба соккусунан болжол менен 40 чакты бала кетип бараткан автобус жабыркап, балдар машинеден качып чыкканга үлгүрүшкөн. Алты киши жаракат алган, арасында 10 жаштагы өспүрүм жана кош бойлуу аял бар. Украина жана эл аралык уюмдар Орусиянын жарандык инфраструктурага жана жай тургундарга багытталган соккуларын согуш кылмышы деп эсептейт. Далилдерге карабай Москва муну танып, соккулар аскердик буталарга урулуп жатканын билдирип келет. (BTo)",azattyk.org,https://www.azattyk.org/a/33748058.html,2026-05-03T14:45:43+06:00,kyrgyz,0,high,news_site
33b3964c-4182-4c63-98ba-81b4f2076f1c,Жапония өз кемеси Ормуз кысыгынан өткөнүн билдирди,"Жапониянын премьер-министри Санаэ Такаичи Ормуз кысыгында калган кемеси 29-апрелде каналдан аман-эсен өткөнүн билдирди. Маалыматка караганда, бортто команданын жапониялык үч мүчөсү бар. Х социалдык тармагына жарыялаганпостундаөкмөт башчы кысыкты бардык өлкөлөрдүн, аныны ичинде жапон кемелеринин коопсуз жана эркин өтүшү үчүн ачуунун маанисин белгиледи. Мындай позициясын Ирандын президенти Масуд Пезешкиан менен бөлүшкөнүн айтты. “Биздин өкмөт Жапонияга байланышкан кеменин Ормуздан өткөнүн оң жышаан катары баалайт”, - деп билдирди жапон Тышкы иштер министрлиги. АКШ менен Израил чабуул баштаган 28-февралда Иран кысыкты кемелер менен мунай танкерлери үчүн иш жүзүндө жаап салган. Ок атышууну токтотуу макулдашуусунан кийин, 17-апрелде ачып, көп өтпөй кайра жапкан. Анын алдында АКШ менен Ирандын сүйлөшүүлөрү майнапсыз аяктаганда америкалык аскерлер ирандык портторду бөгөттөгөн. Мунун айынан пайда болгон глобалдык кризис өзгөчө Азиянын өлкөлөрүндө сезилүүдө.",azattyk.org,https://www.azattyk.org/a/33745026.html,2026-04-29T15:36:13+06:00,kyrgyz,0,high,news_site
53ebf7f1-a630-4492-b626-3e8717fe857f,Кыргыз–кытай чек арасы убактылуу жабылат,"Мамлекеттик Чек ара кызматы Кыргызстан менен Кытайдын чек арасы убактылуу жабыларын эскертти. Мекеменин басма сөз кызматы 28-апрелде маалымдагандай, чек ара жабылышы кытай тараптын демилгеси менен ишке ашууда. Кытайда ""Эмгек майрамын"" майрамдоого байланыштуу 30-апрелде саат 22:00дон тартып ""Эркечтам"", ""Торугарт"" чек ара бекеттери жабылат. 2-майда, саат 8:00дөн тартып ишин жандантат. Ал эми ""Бедел"" өткөрүү пункту 1-майдан 5-майга чейин жабык болуп, 6-майда саат 8:00дө ачылат. Бул аралыкта өткөрмө бекеттен адамдар да, транспорт жана жүк ташуучу унаа да өткөрүлбөйт. Мамлекеттик чек ара кызматы Кыргызстан–Кытай чек арасынан өтүүчү жарандарды багытын алдын ала пландоого чакырды. Кыргыз–кытай чек арасы Кытайдагы майрамдарга байланыштуу жылына бир нече ирет убактылуу жабылып келет. (ZKo)",azattyk.org,https://www.azattyk.org/a/33744153.html,2026-04-28T14:12:02+06:00,kyrgyz,0,high,news_site
390d344f-7b5c-4eda-858f-5b09cbd19bd2,Одессада орус армиясынын соккуларынан 14 киши жабыркады,"27-апрелге караган түнү Орусияын куралдуу күчтөрү Украинанын Одесса шаарына  жапырт чабуул коюшту. Одесса облусунун аскердик администрациясы билдиргендей, аба соккуларынан кеминде 14 киши жабыркады, бешөө ооруканага жеткирилди. Чабуулдан эки көп кабаттуу үй, мейманкана, фуникулер, кампалар зыян тартты. Украинанын куралдуу күчтөрү бул түнү Одесса жана башка аймактарга Орусия бардыгы 94 учкучсуз аппарат, дрондор менен чабуул койгонун, алардын 74ү асманда атылып түшүрүлгөнүн билдиришти. Орусия тарап дүйшөмбүнүн таңында украин армиясынын учкучсуз аппараты Запорожье атомдук станциясынын транспорттук цехин бутага алып, бир айдоочу мерт болгонун маалымдады. Атомдук энергетика боюнча эл аралык агенттик окуя болгон жерге адистерин жөнөткөнүн, алар атомдук станциядагы жагдайды иликтей турганын билдирди.",azattyk.org,https://www.azattyk.org/a/33743431.html,2026-04-27T16:42:11+06:00,kyrgyz,0,high,news_site
abc1ce69-12e9-4b6e-aee0-3e2c431afed6,Парламент өкмөт башчынын орун басарлыгына Маматкановдун талапкерлигин жактырды,"Жогорку Кеңеш 22-апрелдеги жыйынында Министрлер кабинетинин төрагасынын орун басары кызматына Улан Маматкановдун талапкерлигин колдоду. Буга чейин парламенттин үч комитети анын талапкерлигин жактырган. Маматканов комитеттин жыйынында билим берүү стратегиялык багыт болорун, сапаттуу билим менен гана күчтүү мамлекет куруу мүмкүн экенин айткан. Бул үчүн мугалимдердин квалификациясын жогорулатуу жана шыктандырууну камсыз кылуу, заманбап окуу китептерин, окуу программаларын жана практикага багытталган окутуунун натыйжалуу ыкмаларын киргизүү, билим берүүнүн мазмунун жана форматын эмгек рыногунун талаптарына ылайык келтирүү багытында иштей турганын белгилеген. Ошондой эле саламаттык сактоо кызматтарынын жеткиликтүүлүгүн жакшыртуу жана сапатын жогорулатуу сыяктуу маселелерди көтөргөн.Президент Садыр Жапаров Улан Маматкановду Министрлер кабинетинин төрагасынын орун басарынын милдетин аткаруучу кылып 15-апрелде дайындаган.44 жаштагы Улан Маматканов Ош облусунун Кара-Суу районуна караштуу Мады айылында төрөлгөн. 2004-жылы Ош мамлекеттик университетин “Мамлекеттик жана муниципалдык башкаруу” адистиги боюнча аяктаган. Эмгек жолун 2005-жылы Эмгек жана социалдык коргоо министрлигинде баштап, андан бери өкмөттүн түзүмүндө бир катар кызматтарды аркалаган. Министрлер кабинетинде ал социалдык тармакты тейлейт.Садыр Жапаров буга чейин Эдил Байсаловду Министрлер кабинетинин төрагасынын орун басары кызматынан бошотуп, Кыргызстандын АКШдагы элчиси кылып дайындаган. (КЕ)",azattyk.org,https://www.azattyk.org/a/33737782.html,2026-04-22T12:57:39+06:00,kyrgyz,0,high,news_site
fa2b3b7c-4436-4d81-a868-02292bd7353b,ФБР башчысы Пател The Atlantic басылмасын сотко берди,"АКШнын Федералдык тергөө бюросунун (ФБР) башчысы Каш Пател The Atlantic басылмасына каршы250 миллион долларлык доо арыз менен сотко кайрылды. Доого себеп болгонмакаладаПател «ичимдикке берилгени», кызматтык милдетин аткара албай турганы, коомдук коопсуздукка коркунуч жаратары жазылган. Ошондой эле ал АКШнын Юстиция министрлигинин этикалык эрежелерин бузганы белгиленген. Макаланын автору Федералдык тергөө бюросунун ичиндеги анонимдүү булактарга таянып Пател бир нече жолу өзгөчө кырдаалдарда табылбай калганын жазган. Айрым учурларда аны жабык бөлмөлөрдөн чыгаруу үчүн атайын жабдуулар колдонулганын да билдирген. Каш Пател бул маалыматтарды жалган жана жалаа деп атап, соттон The Atlantic басылмасынан кеминде 250 миллион доллар өндүрүп берүүнү талап кылууда. Ал макала атайылап зыян келтирүү максатында жазылганын жана катага толо экенин билдирген. Ошондой эле басылма ага карата мурда эле терс мамиле кылып келгенин, макаланын максаты аны кызматтан кетирүүгө багытталганын айткан. 46 жаштагы Пателдин айтымында, ал макала жарыяланар алдында басылмага маалыматтар жалган экенин билдирген, бирок анын түшүндүрмөсү эске алынган эмес. Өз кезегинде The Atlantic доону «негизсиз» деп атады. Басылманын өкүлү CNN телеканалына берген комментарийинде материалдын тактыгына ишенерин жана сотто коргонууга даяр экенин билдирди. Макаланын автору Сара Фицпатрик да өз иликтөөсүн коргоп, анда жазылган ар бир сөз үчүн жооп берерин, 20дан ашык адам менен сүйлөшкөнүн айтты. Алардын арасында бюронун азыркы жана мурдагы кызматкерлери, укук коргоо жана чалгын органдарынын өкүлдөрү, саясатчылар жана башка адамдар бар. Баары анонимдүү шартта маалымат берген. Азырынча башка басылмалар The Atlantic жарыялаган маалыматтарды өз алдынча ырасташа элек. Пател Федералдык тергөө бюросунун башчылыгына 2025-жылдын февраль айында дайындалган.",azattyk.org,https://www.azattyk.org/a/33737003.html,2026-04-21T15:37:22+06:00,kyrgyz,0,high,news_site
f47ca41f-36e0-4d06-9f9b-ec2cc29059ce,Баткендин сел жүргөн айылдарынан 149 адам эвакуация болду,"2-майда Баткен районунун Ак-Татыр жана Самаркандек айыл аймактарында жүргөн селден кийинки калыбына келтирүү иштери жүрүп жатат. Ак-Татыр айыл аймагынын Өрүкзар, Керме-Тоо, Үч-Дөбө айылдарында болжол менен 50 турак жайдын короолорун сел каптап, анын ичинен 10 үйдүн жер төлөсүнө сел суулары кирген. Сел жүргөн айылдардан жалпы 149 адам эвакуацияланып, (35 үй-бүлө), туугандарынын үйлөрүнө жайгаштырылган. Ошондой эле Ак-Татыр айылындагы Садыков атындагы орто мектепке адамдарды убактылуу жайгаштыруу жайы уюштурулган. Селдин кесепеттерин жоюу иштерине жарандык коргонуу кызматтарынан жана жергиликтүү бийликтен жалпы 134 кызматкер, 22 техника тартылды. Селден улам Баткен районуна өзгөчө кырдаал режими киргизилген. Синоптиктер соңку күндөрү республиканын айрым аймактарында жаан-чачынга байланыштуу сел жүрүү коркунучу жогору экенин эскертишкен. Нөшөрлөп жааган жаандан улам 1-майда Жалал-Абад облусунун Манас шаарында да сел жүргөн. 30-апрелде Баткен облусунун Кадамжай районунда сел суусу каптаган кээ бир жолдор убактылуу жабылган. 29-апрелде Ош облусунун Алай районунун Гүлчө шаарында селге байланыштуу өзгөчө кырдаал режими киргизилген. (JsA)",azattyk.org,https://www.azattyk.org/a/33748005.html,2026-05-03T08:55:41+06:00,kyrgyz,0,high,news_site
c5797dde-fdeb-4958-8bde-e98c1a7f0147,ЖМК: Путин айланасындагы адамдардан чочулоодо,"Financial Times басылмасы эки булагына таянып, Орусиянын президенти Владимир Путин жеке коопсуздугунан чочулап жумалап бункерде иштеши мүмкүн экенинжазды. Ал эми ""Важные истории"" басылмасы европалык чалгын кызматынын маалыматына шилтеме кылып, Путиндин кайтаруусу күчөтүлгөнүнкабарлады. Маалыматтарга караганда, Орусиянын лидери өлкө ичиндеги элита мамлекеттик төңкөрүш уюштурушу мүмкүн деп кооптонууда. Ошондой эле ал өзүнө жакын адамдар дрон менен кол салышы ыктымал деп шектенип жатканы айтылат. Басылмалар жазгандай, Путин соңку кездери Москвага жакын аймактардагы жана Валдайдагы резиденцияларына барбай калды. Батыш чалгын кызматтары ал Краснодар крайындагы бункерде жумалап иштеши мүмкүн экенин божомолдошууда. Ошондой эле Москвада Путин жүргөн аймактарда интернет жана байланыш өчүрүлгөн учурлар көбөйгөнү айтылууда. Анын жакын айланасында иштеген адамдардын, ашпозчулардын, фотографтардын жана күзөтчүлөрдүн үйлөрүнө көзөмөл системалары орнотулганы да кабарланууда. Европалык чалгын кызматтарынын баамында, Путин үчүн негизги коркунуч катары мурдагы коргоо министри Сергей Шойгу каралууда. Анын аскер жетекчилеринин арасында таасири күчтүү экени белгиленет.",azattyk.org,https://www.azattyk.org/a/33749056.html,2026-05-04T21:24:16+06:00,kyrgyz,0,high,news_site
5eda624d-22f6-4a52-b0e6-b2481e54b368,"Гимн боюнча комиссия жаңыланды, аны мамкатчы Койчиев жетектейт","Гимндин текстин жана музыкасынын жаңы редакциясын даярдоо боюнча мекемелер аралык комиссия түзүлүп, аны мамлекеттик катчы Арслан Койчиев жетектемей болду. Буга байланыштуу Министрлер кабинетинин төрагасы Адылбек Касымалиевдин тескемеси чыкканын өкмөттүн басма сөз кызматынан кабарлашты. Комиссиянын курамына Жогорку Кеңештин депутаттары, президенттик администрациянын өкүлдөрү, илимпоз филологдор, белгилүү композитор, дирижер жана маданият кызматкерлери кирген. Алардын аты-жөнү азырынча айтыла элек.Жогорку Кеңеш 29-январдагы жыйынында мамлекеттик гимн сынагынан өткөн үч вариантты тең четке какан.Гимндин текстинин жана музыкасынын жаңы редакциясын даярдоо боюнча ведомстволор аралык комиссиянын курамына парламенттин депутаттары Нуржамал Төрөбекова, Бактыяр Калпаев, Уланбек Жаанбаев, Камила Талиева жана Венера Салямова кирген. Комиссия 1-июнга чейин иштей турганы айтылган. Ошол учурда Жогорку Кеңештин төрагасы болуп турган Нурланбек Тургунбек уулу эгер зарыл болсо комиссиянын убактысы дагы узартыларын айткан.Сынакка жеке адамдар же биргелешкен топтор да катышса болот.Мамлекеттик гимнди өзгөртүү демилгесин Нурланбек Тургунбек уулу 2024-жылы Кара-Кыргыз автоном облусунун түзүлгөнүнүн 100 жылдыгына арналган иш-чарада көтөргөн. Ал “мамлекеттик гимн баарына оңой ырдалгыдай жана бирдей ыргакта болушу керек” деген пикирин билдирген. Кийинчерээк бул демилгени президент Садыр Жапаров колдоп, мамлекеттик символду өзгөртүү заман талабы экенин айткан.Бул сунуш коомчулукта кызуу талаш-талкуу жаратып келатат.Кыргызстандын гимни 1992-жылы 18-декабрда кабыл алынган. Анын сөзүн Жалил Садыков менен Шабданбек Кулуев, обонун Насыр Давлесов менен Калый Молдобасанов жазган.Гимндин алгачкы варианты үч куплет, бир кайырмадан турат. Бирок 2013-жылы улуттук символиканы өзгөртүү боюнча түзүлгөн депутаттык комиссия гимндин экинчи куплетиндеги “бейкуттук” жана “досторуна даяр дилин берүүгө” деген сөздөрдүн мааниси талаштуу деп, аны алып салууну чечишкен. Бул өзгөртүү бир топ талаш-тартыш менен коштолгон. (КЕ)",azattyk.org,https://www.azattyk.org/a/33740805.html,2026-04-23T17:35:05+06:00,kyrgyz,0,high,news_site
20cce4fd-9379-4055-8270-6f80a254b70d,ИИМ Бишкек электр тармактар ишканасынын директорун кармады,"Ички иштер министрлиги (ИИМ) Бишкек электр тармактар ишканасынын директору (А.М.), башкы эсепчиси (Ч.И.) жана анын орун басары (Д.Ш.) кармалганын кабарлады. Мекеме 29-апрелде жарыялаган маалыматына ылайык, алар 2023-жылдан бери алдын ала сүйлөшүп алып, мамлекеттик ишкананын каражатын мыйзамсыз чыгарып кетүү боюнча кылмыштуу схема уюштурган деп шек саналууда. Тергөөдө бухгалтерия аркылуу жасалма документтер түзүлүп, акча маяна катары көрсөтүлүп, башкы эсепчинин орун басарынын (Д.Ш.) банктык эсебине которулуп турганы аныкталган. ИИМ кийин шектүүлөр аны бөлүштүрүп алып келгени, жыйынтыгында ишканага көп суммада зыян келтирилгени белгилүү болгонун кошумчалады. Бул факты боюнча Кылмыш-жаза кодексинин “Кызмат абалын кыянаттык менен пайдалануу” беренеси менен кылмыш иши козголуп, шектүүлөр эки айга камакка алынды. Ушул тапта Бишкек электр тармактар ишканасынын директору Паизов Азамат Мамазакирович. ИИМ тараткан инициал анын аты-жөнүнө туура келет. Шектүүлөрдүн жакындары менен адвокаттары комментарий бере элек. (BTo)",azattyk.org,https://www.azattyk.org/a/33744901.html,2026-04-29T11:51:11+06:00,kyrgyz,0,high,news_site
6a9b31b5-61b6-4222-b6ab-b1b51752dd99,Ливан менен Израил атышууну дагы үч аптага токтоткону жарыяланды,"АКШ президенти Дональд Трамп Израил менен Ливан атышууну токтотуу режимин дагы үч жумага узартууну макулдашканын билдирди. Анын айтымында, бул чечим Ак үйдө эки өлкөнүн өкүлдөрүнүн катышуусунда өткөн сүйлөшүүлөрдөн кийин кабыл алынды. Алгач 16-апрелде жарыяланган келишим 26-апрелде аякташы керек болчу. “Жолугушуу абдан жакшы өттү!” - деп жазды Трамп 23-апрелде Truth Social тармактагы баракчасына. Ал ошондой эле АКШ Ливанга “Хезболладан” коргонууга” жардам берүү үчүн аны менен кызматташууга ниеттенип жатканын билдирди. Сүйлөшүүлөрдө Ливандын атынан анын АКШдагы элчиси Нада Хамаде Моавад, ал эми Израил тараптан элчи Ехиэл  Лейтер катышты. Трамптын айтымында, америкалык тараптан жолугушууда вице-президент Жей Ди Вэнс, мамлекеттик катчы Марко Рубио жана АКШнын Израилдеги жана Ливандагы элчилери болгон. Трамп жакынкы апталарда Ак үйдө Израилдин премьер-министри Биньямин Нетаньяхуну жана Ливандын президенти Жозеф Аунду кабыл алууну кааларын билдирди. Reuters агенттигинин маалыматына караганда, ал журналисттерге Иран “Хезболланы” каржылоону токтотууга тийиш экенин айткан. Ок атышууну токтотуу режимин узартуу Израил-Ливан чек арасындагы чыңалуу сакталып жаткан учурда ишке ашууда. Келишимге карабастан Түштүк Ливанда кагылышуу жана соккулар уланып, тараптар бири-бирин макулдашуунун бузулушуна айыптап келишкен. Иран колдоп келген “Хезболла” – Ливандагы куралдуу топ жана ошол эле учурда саясий күч. АКШ аны террордук уюм деп эсептейт, ал эми Евробиримдик анын аскердик канатын гана санкциялык тизмеге киргизген.",azattyk.org,https://www.azattyk.org/a/33741428.html,2026-04-24T11:47:24+06:00,kyrgyz,0,high,news_site
76ee48c5-f239-4f62-91cb-e811918215cd,"Өкмөт ""Бала ырысы"" жөлөкпулу үчүн 3 млрд сомдон ашык каражат бөлөт","Быйылкы жылы үч жашка чыга элек балдарга жөлөкпул берүү үчүн Министрлер кабинети бюджеттен 3 миллиард 316 миллион сом бөлөт. Бул тууралуу токтом долбоору коомдук талкууга чыкты. Бул документ буга чейин президент Садыр Жапаровдун мартта “Бала ырысы” деп аталган мамлекеттик жөлөкпул берүү жөнүндөгү  жарлыгын ишке ашыруу үчүн даярдалган. Жарлыкка ылайык, 1-июлдан тартып 1200 сом өлчөмүндөгү жөлөкпул үй-бүлөнүн кирешесине карабастан берилет. Улуттук статистика комитетинин маалыматына ылайык, Кыргызстанда болжолдуу үч жашка чейинки 445 миңдей бала бар. Учурда 16 жашка чейинки балдары бар муктаж үй-бүлөлөргө ""Үй-бүлөгө көмөк"" деп аталган 1200 сом өлчөмүндө мамлекеттик жөлөкпул берилет. Бийик тоолуу жана алыскы райондордо жашаган үй-бүлөлөр үчүн жөлөкпулдун өлчөмү аймактык коэффициент менен эсептелинет. Бирок жөлөкпул алуудагы түйшүк, кыйынчылыктар тууралуу нааразылык айтылып турат. 1200 сом өлчөмүндөгү жөлөкпулду алуу үчүн үй-бүлөнүн кирешеси жан башына 1000 сомдон жогору болбошу керек деген жобосу элдин нааразычылыгын жаратып келген. Быйыл 1-январдан тартып күчүнө кирген ""Мамлекеттик жөлөкпулдар жөнүндө"" мыйзамга ылайык, үй-бүлөнүн социалдык-экономикалык абалына карабастан үчүнчү жана ар бир кийинки бала төрөлгөндөн тартып үч жашка чыкканга чейин ай сайын берилүүчү ""бийик тоолуу аймактардын жашоочуларына көмөк"" жөлөкпулу берилүүдө. 2018-жылдын башынан тартып ымыркай төрөлгөндө ""Балага сүйүнчү"" деп аталган жөлөкпул – 4000 сом берилет. Мындан тышкары 2019-жылы күздөн тартып үй-бүлөдө үч же андан ашык эм төрөлгөн шартта ар бир бала үчүн 50 миң сомдон берилет. Улуттук статистика комитетинин маалыматына ылайык, Кыргызстанда жашоо минимуму 8 769 сомду түзөт.",azattyk.org,https://www.azattyk.org/a/33748665.html,2026-05-04T15:45:28+06:00,kyrgyz,0,high,news_site
25eec669-f2f2-42d0-b64c-d818dfc0cb53,Көк-бөрү федерациясынын президенти кызматтан кетүү боюнча арыз жазды,"Көк-бөрү федерациясынын шайланганына аз гана убакыт болгон президенти Акылбек Эшимов кызматтан кетүү туралуу арыз жазды. Бул маалымат федерациянын социалдык тармактардагы баракчаларына чыкты. Ага ылайык, 3-майда Көк-бөрү федерациясынын кезектеги курултайы өтүп, анда Акылбек Эшимовдун ишмердүүлүгү боюнча отчету жана кызматтан кетүү боюнча арызы каралат. Андан тышкары федерациянын жетекчилигине талапкерлерди сунуштоо жана жаңы президентти шайлоо боюнча маселе бар. Акылбек Эшимов ушул жылдын 3-февралында эле Көк-бөрү федерациясынын президенти болуп шайланган. Ага чейин бул кызматта 2023-жылдан бери Рамис Жунусалиев иштеп келаткан. Улуттук коопсуздук боюнча мамлекеттик комитет (УКМК) аны 2025-жылы декабрда алдамчылыкка айыптап кармаган. 8-апрелде Борбордук шайлоо комиссиясы (БШК) №19 шайлоо округунан шайланып келген Жогорку Кеңештин депутаты Абдылдабек Эгембердиевди өзү жазган арызынын негизинде мандатынан ажыраткан. №19 шайлоо округу боюнча андан (5 316) кийин Рамис Жунусалиев (4 767) көп добуш алган. Ал тергөө абагынан мандаттан баш тартуу боюнча Боршайкомго арыз берип, кийин эркиндикке чыкты. (BTo)",azattyk.org,https://www.azattyk.org/a/33743212.html,2026-04-27T10:22:09+06:00,kyrgyz,0,high,news_site
77b1c74d-898e-4969-819b-92ed6e0d39ef,Кыргызстанда ымыркай өлүмү боюнча көрсөткүч өсүүдө,"Быйыл жыл башынан бери Кыргызстанда бир жашка толо элек 268 ымыркай чарчап калды. Бул тууралуу Улуттук статистикалык комитет кабарлады. 2025-жылы ушул эле убакта 260 бала бир жашка толбой чарчап калган.Ымыркайлардын өлүмүнүн себеби түрдүү экени, 164 бала перинаталдык убакта пайда болгон оорудан чарчап калганы, 48и тубаса кемтиктен, 36сы дем алуу органдарынын оорусунан улам көз жумганы маалымдалды.Саламаттык сактоо министрлиги 2030-жылга чейин перинаталдык кызматты реформалоого даярданууда. Анын ичинде кош бойлуу аялдарды көзөмөлдөө системасын жана бейтаптарды багыттоону жакшыртуу, төрөткө чейинки кам көрүү стандарттарын кайра карап чыгуу жана төрөткө чейинки скрининг технологияларын киргизүү бар. Булардан тышкары генетикалык лаборатория түзүү жана үй-бүлөнү пландаштырууну өнүктүрүү да перинаталдык тармакты реформалоого кирет. 2025-жылы Кыргызстанда 140 миңден ашуун бала төрөлгөн. (ZKo)",azattyk.org,https://www.azattyk.org/a/33744091.html,2026-04-28T13:23:56+06:00,kyrgyz,0,high,news_site
36aa03d2-b562-48e9-9990-7553c8f42c24,Орусия Украинанын эки аймагын ракета жана дрон менен аткылады,"Орус аскерлери 24-апрелге караган түнү Украинанын Одесса аймагына сокку урганын, кеминде эки кишинин өмүрү кыйылганын шаардын жана облустун аскердик администрация башчылары Сергей Лысак жана Олег Кипер Telegram каналдарында билдиришти. Турак жай кварталдары жана соода кемеси бутага алынып, каза тапкан эки адамдан тышкары дагы 14ү жаракат алганы, алардын экөө ооруканага жаткырылганы маалымдалды. Лысак чабуулдун курмандыгы 75 жаштагы жубайлар болгонун билдирди. Куткаруучулардын маалыматы боюнча, алар эки кабаттуу үйгө сокку урулганда каза болушкан, дагы бир адам жаракат алган. Дагы үч үйгө чабуул коюлганы, ал жерде батирлер талкаланып, өрт чыкканы, алты адам жаракат алганы кабарланды. Бул жолу орус аскерлери Украинаны эки ""Искандер-М"" баллистикалык ракетасы жана 107 согуштук дрон менен аткылаганын, эртең мененки саат 8ге карата 96 учкучсуз учак атып түшүрүлгөнүн украин Куралдуу күчтөрүнүн Аба күчтөрү маалымдады. Николаев облусунда эртең мененки дрон чабуулунан, сыныктардын түшүүсүнөн 45 жана 68 жаштагы аялдар жабыркап, эки үй зыянга учураганын жергиликтүү бийлик билдирди. Орусиянын Коргоо министрлиги жумага караган түнү өлкөнүн төрт аймагында жана аннексияланган Крымда Украинанын 10 учкучсуз учуучу аппараты ""кармалып, жок кылынганын"" билдирди.",azattyk.org,https://www.azattyk.org/a/33741452.html,2026-04-24T12:19:37+06:00,kyrgyz,0,high,news_site
a69d0a55-ac22-4392-867f-280958bd71da,"Орусияда мунай заводдоруна  соккуда бир киши каза таап, өрт чыкты","Орусиянын Новокуйбышев шаарында өнөр жай ишканасына дрон соккусунда бир киши каза тапты, жараат алгандар да бар экенин Самара облусунун башчысы Вячеслав Федорищевбилдирди.Ал кайсы ишкана бутага алынганын тактаган жок. Буга чейин украиналык дрон Новокуйбышев мунай заводуна бир нече жолу сокку урган. Нижний Новгороддогу Кстово районундагы мунай заводу да кайра чабуулга кабылып, жарылуулар болгону кабарланды. Дрондор аннексияланган Крымга да чабуул койгону айтылды. ""Крымский ветер"" жана Exilenova+ Телеграм каналдары Феодосиядагы мунай заводуна сокку урулганын жазып жатышат. Орусиянын түштүгүндөгү Туапсе шаарында болсо учкучсуз учактардын чабуулунан кийин мунайды кайра иштетүүчү завол менен ""Роснефтинин"" деңиз терминалы өрттөнгөн. Өрттүн түтүнү 300 километр аралыкка жеткенин спутниктен тартылган сүрөттөрдөн көрүүгө болот. Жергиликтүү тургундар Туапседе май аралашкан жамгыр жааганын жазышты. Орусиянын Украинага ""атайын аскердик операция"" деп атаган негизсиз кол салуусуна 2026-жылдын 22-февралында туура төрт жылдын жүзү болду. Орус аскерлери Украинага күн сайын сокку уруп жатат. Бул мезгил аралыгында Украинада миңдеген киши бейажал өлүм тапты, миңдегени майып, качкын болуп, үй-жайсыз калды. Москванын согушуна жооп иретинде Украина Орусиянын армиясынын каржы булагы деп эсептелген мунай заводдорун жана башка объектилерин маал-маалы менен бутага алып келет.",azattyk.org,https://www.azattyk.org/a/33740763.html,2026-04-23T17:00:52+06:00,kyrgyz,0,high,news_site
56b34cc1-29c3-4c52-9b40-876627527442,"Трамп Ормузда калган бейтарап кемелерди ""алып чыга баштаарын"" айтты","АКШ президенти Дональд Трамп Вашингтон Ормуз кысыгында кармалып турган кемелерди коштоп, ал аймактан аман-эсен алып чыга турганын билдирди. Бул тууралуу ал Truth Social баракчасына жазып, операцияны “Эркиндик долбоору” деп атады жана ал дүйшөмбү күндөн башталарын тактады. “Ирандын, Жакынкы Чыгыштын жана Америка Кошмо Штаттарынын кызыкчылыгы үчүн биз бейтарап өлкөлөргө алардын кемелерин бул чектелген суу жолдорунан аман-эсен алып чыгарыбызды билдирдик. Муну менен алар өз иштерин эркин жана ишенимдүү уланта алышат”, - деп жазды Трамп. Ал эгер Иран АКШнын бул миссиясына тоскоолдук кылууга аракет кылса тийиштүү чаралар көрүлөрүн эскертти. Трамптын мындай билдирүүсүнөн көп өтпөй Ирандын жогорку кызматтагы чиновниги Тегеран АКШнын Ормуз кысыгындагы кырдаалга кийлигишүү аракетин атышууну токтотуу режимин бузуу катары баалай турганын билдиргенин Би-Би-Си жазды. “Ормуз кысыгындагы жаңы деңиз режимине Американын ар кандай кийлигишүүсү келишимди бузуу катары каралат”, - деп билдирген Иран парламентинин улуттук коопсуздук боюнча комиссиясынын башчысы Ибрахим Азизи. АКШ менен Израил чабуул баштаган 28-февралда Иран кысыкты кемелер менен мунай танкерлери үчүн иш жүзүндө жаап салган. Ок атышууну токтотуу макулдашуусунан кийин, 17-апрелде ачып, көп өтпөй кайра жапкан. Анын алдында АКШ менен Ирандын сүйлөшүүлөрү майнапсыз аяктаганда америкалык аскерлер ирандык портторду бөгөттөгөн. 29-апрелде Трамп Тегеран өзөктүк программасы боюнча кепке келбесе деңиз аскерлери Ирандын портторун бөгөттөөнү улантарын билдирди. Анын айтымында, Иран Ормуз кысыгын ачтырууну көздөп, атомдук программасын талкуулоону кийинкиге калтырууну каалайт. АКШ президенти ал планды четке какканын айтты.",azattyk.org,https://www.azattyk.org/a/33748542.html,2026-05-04T12:26:51+06:00,kyrgyz,0,high,news_site
051aa880-5b92-4d5d-9766-bd7f1787feb2,"Малиде коргоо министри өлтүрүлдү, орус аскерлери Кидалдан чыгып кетти","Орусиянын аскерлери Малидеги Кидаль шаарынан чыгып кеткенин ырасташты. Орусиянын Коргоо министрлигине караштуу «Африка корпусу» өз билдирүүсүндө өз жоокерлери өкмөткө каршы куралдуу топтордун чабуулунан кийин өлкөнүн түндүк-чыгышындагы бул шаардан чыгып кеткенин бышыктады. «Мали Республикасынын жетекчилиги менен биргелешкен чечимге ылайык, Кидаль шаарында жайгашып, согуштук аракеттерди жүргүзүп жаткан Африка корпусунун бөлүктөрү бул калктуу конуштан чыгып кетти», — деп жазылат Telegram аркылуу таратылган билдирүүдө. Кидаль аймактагы маанилүү стратегиялык шаар болуп саналат. 25-апрелде куралдуу топтор өлкөнүн борбору Бамако шаарына жана түндүктөгү бир катар калааларга чабуул койгон. Жекшембиде «Африка корпусунун» Telegram каналы билдирүү таратып, Малиде «Батыштын атайын кызматтары даярдаган мамлекеттик төңкөрүш аракети» болгонун билдирген. Ошол эле билдирүүдө орус аскерлери «маанилүү позициялардын баарын сактап калганы» айтылган. Ошондой эле жекшемби күнү кечиндеги чабуулдардын биринде Мали бийлиги өлкөнүн коргоо министри Садио Камара каза болгонун расмий тастыктады. Буга чейин бир катар басылмалар өз булактарына таянып жазгандай, министр 25-апрелде Кати аскер базасындагы жардыруудан каза тапкан. Маалыматтарга караганда, анын үйүнүн жанында жардыргыч затка шыкалган жүк ташуучу автоунаа жарылган. Акыркы кол салуулар үчүн жоопкерчиликти расмий түрдө эч бир топ өзүнө алган жок. Reuters агенттигинин коопсуздук тармагындагы булактары бул чабуулдарды «Жамаат Нусрат аль-Ислам валь-Муслимин» (JNIM) деп аталган жихадчыл топ менен байланыштырат. Бул топ Аль-Каидага жакын деп эсептелет. Ошондой эле Азавадды бошотуу фронту альянсы менен тактикалык кызматташары айтылат. Мали бийлиги акыркы он жылдан ашуун убакыттан бери «Аль-Каида» жана «Ислам мамлекети» сыяктуу террордук топторго байланышкан куралдуу түзүмдөр, ошондой эле туарег жикчилдери менен күрөшүп келет. Өлкөдө бийликке Ассими Гоита жетектеген аскердик топ 2020 жана 2021-жылдардагы төңкөрүштөрдөн кийин келген. Алар кырдаалды турукташтырууну убада кылышкан, бирок өлкөдөгү абал дагы эле бейстабилдүү бойдон калууда. Малинин аскердик бийлиги Орусиянын жалданма аскерлеринин колдоосуна таянып келет. Өлкөдө ""Вагнер"" жеке аскердик компаниясынын отряддары иш алып барган. 2024-жылдын июль айында бул жалданма күчтөр малилик жихадчылар жана Азавадды координациялоо кыймылы менен болгон салгылашта ондогон жоокерин жоготкону маалымдалган. Кийинчерээк Малиге «Африка корпусунун» күчтөрү жайгаштырылганы айтылган. Reuters маалымдагандай, учурда Мали бийлиги АКШ менен жакындашууга аракет кылууда.",azattyk.org,https://www.azattyk.org/a/33743641.html,2026-04-27T21:35:23+06:00,kyrgyz,0,high,news_site
d720f52d-a723-4432-9ad3-57813a1f8c6a,"Зеленский ""көмүскө флоттогу"" эки орусиялык танкерге сокку урулганын билдирди","Украинанын президенти Владимир Зеленский 3-майда эртең менен социалдык тармактарда украин аскерлери Кара деңиздеги Новороссийск портуна жакын жерде Орусиянын “көмүскө флотуна” таандык делген эки танкерге сокку урганын билдирди. Зеленскийдин айтымында, операцияны Башкы штабдын башчысы Андрей Гнатовдун жетекчилиги менен Украинанын Коопсуздук кызматы жана Аскер-деңиз күчтөрү ишке ашырган. Ал ошондой эле деңиз учкучсуз аппаратынын чоң кемеге – болжол менен танкерге жакындап келе жатканы көрүнгөн видеону жарыялады. Зеленский бул окуя качан болгонун тактаган жок, ошондой эле танкерлердин аталыштары жана аларга келтирилген болжолдуу зыян тууралуу маалымат берилген жок. “Бул танкерлер мунай ташуу үчүн активдүү колдонулуп келген. Эми андай болбойт”, - деп белгиледи украин лидери. Украина Куралдуу күчтөрүнүн Башкы штабы операция тууралуу азырынча расмий билдире элек. Орусиялык бийлик өкүлдөрү да эч кандай маалымат жарыялаган жок. 3-майда эртең менен Новороссийск шаарында ракеталык коркунуч жарыяланып, көп өтпөй кайра токтотулган. Новороссийскиге жасалган буга чейинки ири соккулар апрелдин башында болгон. Анда “Шесхарис” мунай терминалы жана порту бутага алынган. Украин аскерлеринин ырастоосунда, Орусиянын “Адмирал Эссен” жана “Адмирал Макаров” фрегаттары жабыркаган.",azattyk.org,https://www.azattyk.org/a/33748512.html,2026-05-04T10:31:42+06:00,kyrgyz,0,high,news_site
87040da2-f3d3-4ae0-92ad-07e8ccaf3b14,Бишкек Европа Биримдигинин санкциясын сынга алды,"Тышкы иштер министрлиги (ТИМ) расмий Бишкек Европа Биримдигинин Орусияга каршы санкциялардын 20-пакетинде Кыргызстанга байланыштуу да чектөөлөрдүн киргизилишин өкүнүч менен кабыл алганын билдирди. Мекеме кыргыз тарап санкциялык чектөөлөргө байланышкан тобокелдиктерди биргелешип алдын алуу маселелери боюнча Европа Биримдиги менен диалогго ачык экенин кошумчалады. “Ушуга байланыштуу, туруктуу сүйлөшүүлөргө, европалык өнөктөштөр менен үзгүлтүксүз сапарлардын алмашуусуна, ошондой эле Европа комиссиясынын талаптарына ылайык суралган бардык документтештирилген маалыматтардын өз убагында берилишине карабастан, анын ичинде Кыргызстандын мамлекеттик органдары тарабынан көрүлгөн чаралар тууралуу маалыматтар да берилгенине карабай, кыргыз тараптын позициясы мурдагыдай эле эске алынбай, иш жүзүндө көңүл сыртында калып жатканы олуттуу түшүнбөстүктү жаратат”, - деп айтылат маалыматта. ТИМ мындай бир тараптуу чечимдер ишенимди солгундатып эле тим болбостон, Европа Биримдигинин Кыргызстан жана жалпы Борбор Азия өлкөлөрү менен кызматташууну өнүктүрүү ниетине каршы келерин кабарлады. “Өз кезегинде Кыргызстан ачык-айкын, кесипкөй, саясатташтырылбаган диалогду жактайт жана Европа Биримдигин ырааттуу, салмактуу жана чыныгы конструктивдүү мамиле кылууга, кыргыз тараптын позициясын тиешелүү түрдө эске алууну камсыз кылууга, ошондой эле Кыргызстан менен Европа Биримдигинин делегацияларынын ортосундагы сүйлөшүүлөрдүн жүрүшүндө жетишилген макулдашууларды иш жүзүндө ишке ашырууга өтүүгө чакырат”, - деди ТИМ. Европа Биримдигинин дипломаттары Орусияга каршы санкциялардын 20-пакетин макулдашкан. Анын алкагында Кыргызстанга да металл кесүүчү станокторду жана үн, сүрөт, видео маалыматтарын берүүчү модем, маршрутизатор сыяктуу байланыш каражаттарынсатууга тыюу салынат. Кыргыз бийлиги Батыш өлкөлөрүнүн дооматын четке кагып, соңку чаранын кесепети деле жок экенин билдирген. Батыш өлкөлөрү Орусиянын өзүнө санкция салгандан сырткары ага көмөктөшкөн деп эсептеген өлкөлөрдөгү компанияларга жана жеке адамдарга экинчи деңгээлдеги санкцияларды салып келет. 2026-жылдын башына карата 28 кыргызстандык компания АКШнын, Улуу Британиянын жана Европа Биримдигинин “кара тизмесине” кирди. 28 ишкананын 14ү санкциялык товарларды Орусияга жеткирүүгө айыпталса, 4 компания акчаны адалдоо жана алтынды мыйзамсыз сатууга байланыштуу, 2 ишкана Орусиянын мунай компанияларынын туунду ишканалары катары санкцияга илинген. (BTo)",azattyk.org,https://www.azattyk.org/a/33744061.html,2026-04-28T09:13:18+06:00,kyrgyz,0,high,news_site
8fe46992-1d67-4433-8690-8a0385fd06cd,Ак-Ордонун тургуну үйүн бузууга келген сот аткаруучулар алдында өз өмүрүнө кол салды,"Бишкектин Ак-Ордо-3 конушунун жашоочусу үйүн бузууга келген сот аткаруучулардын көзүнчө өз өмүрүнө кол салды. Бул тууралуу Бишкектин тегерек-четиндеги конуштарда салынган үйлөрдү документтештирүү иштерине аралашкан активист Мирбек Осмонов Фейсбук баракчасына жазды. Анын ""Азаттыкка"" ырасташынча, бүгүн, 21-апрелде сот аткаруучулар айыл чарба багытындагы жерлерге салынып калган деген төрт үйдүн жашоочуларын чыгарууга аракет кылышты. Учурда окуя болгон жерге Тез жардам келип, өзүнө кол салган адамга жардам көрсөтүүдө.Осмонов Ак-Ордо-3 конушунун №498 контурундагы төрт үйгө байланыштуу иш учурда административдик сотто каралып жатканын, ошол себептүү бузуу иштерин токтотуп турууну өтүнүшкөнүн билдирүүдө:""Ак-Ордо-3 конушунун №498 контурунда 16 сотка жерге кызыл китеп берилген. Бирок Сокулук райондук комиссиясына мурдагы айыл чарба багытындагы үлүш жер боюнча китепти көрсөтүү аркылуу кызыл китеп алган. Айыл чарба багытындагы үлүш жеринин өлчөмү туурасы 7 метр, узундугу 800 метрди түзөт. Ал эми кызыл китепте көрсөтүлгөн жердин өлчөмү 40×40 метр болуп жазылган. Демек, үлүш жердин ээсине туура эмес негизде кызыл китеп берилген. Мындан тышкары, архитектуранын маалыматы боюнча 2012-жылдагы участок номеринде көрсөтүлгөн беш үй чындыгында 2022-жылдан кийин курулган"", - деп жазды Осмонов. Азырынча сот аткаруучулар жана Бишкек мэриясы маалымат бере элек.Бишкектин Ак-Ордо конушунун айрым тургундары былтыр октябрда мыйзамсыз курулган деген негизде турак жайларын бузууга эскертүү берилгенине даттанып чыгышкан. Ал тапта Бишкек мэриясы мыйзамсыз курулуштарды бузууну убактылуу токтоткондугун жарыялаган. Буга чейин Чүй облусунда, Бишкек менен Ош шаарларында “кызыл сызыкка” чыгып кеткен, мыйзамсыз салынган делген курулуштар бузулуп, нааразылык чыккан учурлар катталган. (КЕ)",azattyk.org,https://www.azattyk.org/a/33737035.html,2026-04-21T15:42:35+06:00,kyrgyz,0,high,news_site
48808b19-11f4-47aa-a4d8-e3e89182883b,Орусияда чет өлкөлүктөргө мамлекеттик төлөмдөрдү жогорулатуу сунушталды,"Мамлекеттик Думага өкмөт сунуштаган мыйзам долбооруна ылайык, чет өлкөлүктөргө туруктуу жашоого уруксат (ВНЖ) жана жарандык алуу үчүн төлөмдөрдү кескин көбөйтүү каралган. Бийлик муну Ички иштер министрлигинин чет элдиктерди текшерүүгө жана миграциялык базаларды жүргүзүүгө кеткен чыгымдары көбөйгөнү менен түшүндүрүүдө. Долбоор кабыл алынса ВНЖ алуу үчүн төлөм 30 миң рублга чейин өсөт, бул азыркыдан беш эсе кымбат. Ал эми Орусиянын жарандыгы үчүн төлөм дээрлик 12 эсе өсүп, 50 миң рублга жетет. Мындан тышкары, башка кызматтар да кымбаттайт. Маселен, убактылуу жашоого уруксат 15 миң рубль, өлкөгө чакыруу кагазы 8 миң рубль, студенттик ВНЖ 8 миң рубль, көп жолку кирип-чыгуу визасы 6 миң рублду түзөт. Ошол эле учурда бийлик айрым категориядагы чет элдиктерди төлөмдөн бошотууну сунуштоодо. Атап айтканда, Коргоо министрлиги менен келишим түзүп, Украинадагы согушка катышууга кеткендер, ошондой эле мурдагы СССРдин жарандары бул төлөмдөрдү төлөбөйт. Буга чейин Ички иштер министрлиги мыйзамсыз жүргөн чет элдиктердин реестрин түзгөн. Бул тизмеге киргендердин укуктары чектелип, мисалы, никеге турууга, кыймылсыз мүлк сатып алууга же банктан эсеп ачууга тыюу салынат. Айрым чет элдиктер бул тизмеге негизсиз киргизилип жатканын айтыпдаттанып келишет.Мындай учурларда алар кармалып, өлкөгө киргизилбей же жумуштан бошотулган окуялар катталган. Крокус Сити Холлдогу кол салууданкийин Орусияда миграция саясаты дагы катуулап, текшерүү көбөйгөн. Ошондой эле Тергөө комитетинин башчысы Александр Бастрыкин сыяктуу расмий адамдар мигранттар тууралуу кескин билдирүүлөрдү көбүрөөк жасап келишет.",azattyk.org,https://www.azattyk.org/a/33749647.html,2026-05-04T21:23:52+06:00,kyrgyz,0,high,news_site
307c915d-305e-49ba-a3b4-bf38461b7892,Бишкекте Чернобыл апаатынын 40 жылдыгы эскерилди,"Бишкек шаарындагы Юлиус Фучик атындагы паркта Чернобыл апаатынын 40 жылдыгына байланыштуу эскерүү митинги өттү. 26-апрель күнү болгон иш-чарага апааттын кесепетин жоюуга катышкан ардагерлер, АЭС кырсыгынан жабыркагандар, алардын жакындары, шаар мэри Айбек Жунушалиев жана шаардык кеңештин төрагасы Бекжан Үсөналиев катышты. Митингде шаар башчысы, ардагерлер сөз сүйлөп, 40 жыл мурдагы апааттын эпкини бүгүн да элдин эсинде турганын айтышты. Аягында куткаруучуларга коюлган эстеликке гүлчамбар коюлуп, Улуттук гвардиянын аскерлери асманга үч жолу ок атышты. СССР маалында - 1986-жылдын 26-апрелинде Украинадагы Чернобыл өзөктүк ишканасында болгон жарылуу айлана-чөйрөгө оор зыян келтирип, жүз миңдеген адамдар там-жайын таштап кеткенге аргасыз кылган. Бул ишкана 2000-жылдын 15-декабрында жабылган. Станциядагы кырсыктын кесепетин жоюуга Кыргызстандан үч миңден ашуун адам катышкан. Социалдык фонддун маалыматына караганда, азыр 1020 чернобылчы бар. Министрлер кабинетинин төрагасы Адылбек Касымалиев 16-январда кол койгонтоктомго ылайык, Чернобыл кырсыгынан жабыркаган жарандардын пенсиясына кошумча кенемте бекитилген. (ZKo)",azattyk.org,https://www.azattyk.org/a/33742764.html,2026-04-26T16:45:11+06:00,kyrgyz,0,high,news_site
80cf778c-d7ff-413c-970a-56cc9e619f96,Экс-депутат Сатыбалдиев коомдук жайда тамеки чеккени үчүн айыпка жыгылды,"Жогорку Кеңештин мурдагы депутаты Элмурза Сатыбалдиев 1-майда Өзгөн шаарындагы борбордук стадиондо майрамга карата уюштурулган иш-чарада тамеки чеккени үчүн 3000 сом айыпка жыгылды. Бул тууралуу Ош облусунун ички иштер башкармалыгы билдирди. Элмурза Сатыбалдиев 2007-2009-жылдары башкы прокурор болгон. 2021-жылы Жогорку Кеңештин VII чакырылышына өткөн шайлоодо №12 Өзгөн шайлоо округунан катышып, депутат болуп шайланган. Ушул жылдын март айында Бишкектеги Токтоболот Абдумомунов атындагы кыргыз драма театрынын имаратынын алдында тамеки чеккени үчүн ички иштер министри Улан Ниязбеков даайыпка жыгылган. Коомдук жайларда тамеки тартууга тыюу салган мыйзам 2021-жылы иштей баштаган. Ага ылайык, тыюу салынган жерлерде чылым чеккендерге 3000 сом айып пул салынат. (BTo)",azattyk.org,https://www.azattyk.org/a/33747521.html,2026-05-02T09:12:02+06:00,kyrgyz,0,high,news_site
bfceea68-3721-4cce-9788-eac0435e7fbd,Көмүр экспортун тыюу мөөнөтүн узартуу сунушталды,"Энергетика министрлиги көмүрдү автоунаа менен сыртка сатууга тыюу салууну дагы алты айга узартууну сунуштоодо. Бул боюнча Министрлер кабинетинин тиешелүү токтомунун долбоорукоомдук талкууга коюлду. Анда Энергетика министрлиги бул убактылуу чара өлкөнүн энергетикалык коопсуздугун камсыздоо, келерки жылуулук сезонунда көмүр таңкыстыгын алдын алуу жана баалардын кескин кымбатташына жол бербөө максатында көрүлүп жатканы белгиленди. Долбоорго ылайык, көмүр экспортуна алдыңкы алты айда тыюу салынат, бирок ""Эркечтам"" жана ""Торугарт"" чек ара бекеттерине тиешеси жок болот. Көмүрдү башка чек ара бекеттери аркылуу сыртка сатууга ""Кыргызкөмүр"" мамлекеттик ишканасы гана укуктуу болот. Энергетика министрлиги муну менен көмүр сатуудагы аткезчиликти токтотууга, салык төлөмдөрүнүн ачыктыгын камсыздоого жана жергиликтүү отундун сыртка сатылган баасын тактоого шарт түзүлөт деп эсептейт. Демилгечилер мындай чектөө былтыр өзүн актаганын билдирүүдө. 2025-жылы көмүрдү тышка сатууну чектөө өлкөнүн ички керектөөсүн толук жаап, баанын кармалып турушун шарттаганын, мындан аярлуу катмардагы үй-бүлөлөрдү арзан көмүр менен жабдуу мүмкүн болгонун белгилөөдө. Токтом долбоорундагы маалыматтарга ылайык, былтыр ""Кыргызкөмүр"" мамлекеттик ишканасы аркылуу 411 миң тонна көмүр автоунаа менен тышка ташылып, сатылган. Жалпы суммасы 2 млрд сомдон ашып, мамлекеттик бюджетке 113 млн сомдой киреше киргизген. Ишкананын өзүнүн маалыматына ылайык, 2025-жылы 1,35 млн тонна көмүр өндүрүлгөн. Министрлер кабинети Кыргызстандан көмүрдү автотранспорт менен ташып чыгууга 2022-жылы убактылуу алты айлык чектөө киргизген. Тыюу улам алты айлык мөөнөткө узартылып келе жатат. Акыркы жолу 3-декабрдаМинистрлер кабинетинин токтому менен узартылган. Былтыр ноябрдын башында Ош облусунда көмүрдүн бир тоннасы 8 миң сомдон 11 миң сомго чейинки баада сатылып жатканы маалым болгон. Кыргызстандын аймагында болжол менен 6,4 млрд тоннадан ашуун кору бар 70 көмүр кени жайгашкан. Анын ичинде Сүлүктү, Кызыл-Кыя, Шураб, Алмалык жана Кавак кендеринде 5,2 млрд тонна, Көк-Жаңгак, Таш-Көмүр жана Тегене кендеринде 1,08 млрд тонна, Туюк-Каргаша кенинде 119,6 млн тонна, Кара-Кечеде 400 млн тоннадай көмүр бар. Өткөн жылдары кыш түшкөндө көмүр тартыш болуп, баасы кымбаттап кеткен учурлар катталган.(ZKo)",azattyk.org,https://www.azattyk.org/a/33737829.html,2026-04-22T14:35:24+06:00,kyrgyz,0,high,news_site
1366de9e-7650-4918-9ab2-192e6a95960c,Трамп Иран менен атышууну токтотуу келишимин узарткысы келбей турганын билдирди,"АКШ президенти Дональд Трамп Иран менен атышууну токтотуу келишимин узарткысы келбейт. Бул тууралуу ал 21-апрелде CNBC телеканалына курган маегинде айтты. Иран менен АКШнын ортосунда Пакистандын ортомчулугу менен түзүлгөн келишим 22-апрелде аяктайт. Трамп 21-апрелде тынчтык режимин улантууга убакыт аз экенин айтып, Кошмо Штаттар сүйлөшүүлөрдө күчтүү позицияда экенин белгиледи. Вашингтон жакын арада тынчтык сүйлөшүүлөрү Пакистанда өтүшү мүмкүн экенин билдирген. Иран тарап болсо мындай жолугушууга катышуу мүмкүнчүлүгүн карап жатканын айткан. Трамп эгер жакын убакта келишим болбосо АКШ соккуларды кайра башташы мүмкүн экенин эскертти. Анын айтымында, америкалык күчтөр дароо чабуулга өтүүгө даяр. Буга чейин Иран парламентинин төрагасы Мохаммед Бакер Калибаф Американы атышуу келишимин буздудеп айыптаган. «Биз коркутуулар астында сүйлөшүүгө макул эмеспиз. Акыркы эки жуманын ичинде биз согуш талаасында жаңы мүмкүнчүлүктөрдү көрсөтүүгө даярдык көрдүк», — деп жазды Калибаф X социалдык түйүнүндөгү баракчасына. 21-апрелде Исламабадда Иран менен АКШ делегациялары жолугушу мүмкүн экени айтылган. Трамп делегация жөнөп кеткенин билдирген. Ал эми Иран катышар-катышпасын расмий жарыялай элек. Быйыл 28-февралда Израил менен АКШ Иранга чабуул баштап, Тегеран ага жооп иретинде Перс булуңундагы америкалык базалар жайгашкан өлкөлөргө сокку ура баштаганда дүйнөлүк рыноктогу мунай жана газдын 20% ашууну ташылган Ормуз кысыгын жаап койгон. Бул мунайдын кымбатташын шарттады. Тегеран 17-апрелде элдешүү маалында коммерциялык танкерлер үчүн Ормуз ачылганын маалымдап, кийинки күнү Ирандын портторун АКШнын курчоого алуусу уланып жаткандыктан кысыкта аскердик көзөмөл калыбына келтирилгенин айткан.",azattyk.org,https://www.azattyk.org/a/33737219.html,2026-04-21T19:34:46+06:00,kyrgyz,0,high,news_site
678467d4-9f5b-4b20-98dc-07887c921e98,Ошто ыдыкка кабылган милициянын иши боюнча 8 кызматкер тартиптик жазага тартылды,"Күзөт кызматынын Ош шаарынын күзөт бөлүмүнүн кызматкери, милициянын старшинасынын (М.Б.) арызы боюнча Ички иштер министрлиги (ИИМ) да комментарий берди. Ал кесиптештери ага психологиялык, моралдык басым кылганын айткандан кийин ИИМде атайын жумушчу тобу түзүлүп, кызматтык териштирүү жүргүзүлгөн. Анын жыйынтыгында Ош шаарынын Чыгыш күзөт бөлүмүнүн башчысы жана 7 кызматкер ар кандай тартиптик жазаларга тартылды. Мунун алдында акыйкатчы Жамиля Жаманбаева ага милициянын старшинасы (М.Б.) кесиптештери ыдык көрсөтүп жатканын айтып, арызданганын билдирген. Аял кызматкер жогору кызматта турган кесиптештери ага адепсиз сөздөрдү айтып, жогорку окуу жайда күзөт кылгандар аны башка адамдар менен тааныштырууга аракет кылып, адепсиз видеолорду катуу үн менен коюп көргөн окуялар болгонун билдирген. Ал бул боюнча арыз жазгандан кийин жетекчилиги басым кылууну күчөткөнүн айткан. ИИМ акыркы жылдары Кыргызстанда коомдук жайларда ыдык көрсөтүүгө байланышкан даттануулар жана кайрылуулар көбөйгөнүн кабарлаган. Өлкөдө буга чейин коомдук жайларда, жумушта аялдарга сексуалдык ыдык көрсөткөн окуялар боюнча арыз-даттануулар болгон. Айрым кызматкерлер кармалган да учурлар бар. 2025-жылы Акыйкатчы институтуна ыдыкка кабылганына даттангандардан эки арыз түшкөн. (BTo)",azattyk.org,https://www.azattyk.org/a/33745058.html,2026-04-29T15:47:48+06:00,kyrgyz,0,high,news_site
aae81579-16c0-4242-98f7-8538da90fc85,Дрон соккусунан кийин Перм мунай станциясында жарылуу болду,"Орусиянын Перм аймагында ""Транснефть"" мунай ишканасына караштуу станция тарапта 30-апрелге караган түнү жарылуу болгонун жергиликтүү  тургундардын маалыматына таянып орусиялык жана украиналык Телеграм каналдар жазып жатышат. Алардын белгилешинче, ишкана 29-апрелде украин дрондорунун чабуулуна кабылган, соккулар 30-апрелдин түнүндө да кайталанган болушу ыктымал. Социалдык түйүндөрдө жарыяланып жаткан сүрөт жана видеолордон ""Перм"" өндүрүш-диспетчердик станциясынын аймагын түтүн каптап жатканын көрүүгө болот. Орусиялык Shot Телеграм каналы Пермде бир нече жарылуу угулганын жана абадан коргонуу тууралуу эскертүү берилгенин билдирди. Жергиликтүү тургундар шаардын түштүгүндө эки же үч жолу жарылуу угулганын айтышты. Дагы бир орусиялык Mash каналы Пермге Украинанын Куралдуу күчтөрү алыскы аралыкка учуучу дрон менен чабуул койгонун жазды. Украинанын мониторинг каналдары да ушундай эле маалыматты жарыялап, жарылуулардын жана өрттүн сүрөттөрүн, видеолорун чыгарып жатышат. Перм крайында аэропортто учактардын конуусуна жана учуусуна убактылуу чектөө киргизилди. Украинанын Коопсуздук кызматы 29-апрелдин түнүндө Пермдеги ишканага сокку урганын ырастаган жана мунай сактоочу цистерналар өрттөнүп кеткенин билдирген. Перм өндүрүш-диспетчердик станциясынын ""Транснефть-Прикамье"" компаниясы үчүн борбордук мунай насостук станциясы болуп саналат, ал ар кандай маркадагы мунайды аралаштырып, андан кийин аны Сургут-Полоцк, Холмогор-Клин, Перм-Альметьевск жана Перм-Лукойл-Пермнефтеоргсинтез магистралдык куурлары аркылуу ташыйт. Станциянын аймагында сактоочу цистерна паркы да жайгашкан. Жакында эле украин күчтөрү Кара деңиздеги Туапсе портундагы орусиялык  ири мунай сактоочу жайга бир нече жолу сокку урушкан. Ал жер катуу өрттөнүп, аймакка ""мунай жамгыр"" жааган, мунай ташуу токтогону маалымдалган. Орусия коңшусу Украинага каршы толук масштабдуу согуш ачып, анын аймагын күн сайын дрон жана ракета менен аткылап келатканына бешинчи жыл болуп баратат. Соңку жылдары Орусиянын өзүнүн аймагы да бутага көп алынууда. Украина Орусиядагы чабуулдарга адатта комментарий бербейт, болгону, Москванын согуш машинасын токтотуу үчүн анын мунай жана аскердик продукция чыгаруучу ишканаларын жарактан чыгаруу керек деп эсептей турганын айтып калат. (RK)",azattyk.org,https://www.azattyk.org/a/33745900.html,2026-04-30T13:29:32+06:00,kyrgyz,0,high,news_site
f7309abf-854f-46d0-a0d6-ccc864176956,"Жогорку Кеңеште Жээнчороев ант берип, депутаттык кызматка расмий киришти","Жогорку Кеңештин 22-апрелдеги жалпы жыйынында Бишкектеги №21 округдан Кубанычбек Конгантиевдин ордуна келген Мирлан Жээнчороев ант берип, депутаттык кызматка расмий киришти. Борбордук шайлоо комиссиясы (БШК) 16-апрелдеги отурумунда бошогон мандатты Мирлан Жээнчороевге тапшырган. Ушул эле күнү Чыңгыз Айдарбеков Жогорку Кеңештин депутаттыгына талапкерлигин алуу боюнча арыз жазып, Боршайком аны канааттандырган.46 жаштагы Мирлан Жээнчороев Талас облусунун Кара-Буура районуна караштуу Аманбаев айылында туулган. 2002-жылы Кыргыз-орус славян университетинин юридикалык факультетин аяктаган.2012-жылы “Республика” фракциясынан Бишкек шаардык кеңешине депутат болгон. 2015-жылы “Республика - Ата-Журт” партиясынын тизмеси менен Жогорку Кеңештин депутаттыгына шайланган.№21 округдан депутат болуп шайланган Конгантиевдин мандаты 10-мартта өзү жазган арызынын негизинде алынып, кийин ал Улуттук коопсуздук боюнча мамлекеттик комитеттин (УКМК) тергөө абагына камалган.Добуштардын саны боюнча андан кийинки орунда турган Чыңгыз Айдарбековго мандат берилбей жаткан. Боршайком муну талапкердин соттуулугу бар-жогуна байланыштуу Ички иштер министрлигинен (ИИМ) маалымкат күтүп жатканы менен байланыштырган.14-апрелде Ички иштер министрлигинин кызматкерлери Чыңгыз Айдарбековдун үйүндө тинтүү жүргүзгөн. Ушул эле күнү ага Кылмыш-жаза кодексинин “Кызматтык абалын кыянаттык менен пайдалануу” беренеси менен айыбы угузулуп, өлкөдөн чыгууга тыюу салынган. ИИМ Чыңгыз Айдарбековду тышкы иштер министри болуп иштеп турганда бюджеттик каражатты мыйзамсыз чыгымдаган деп айыптаган. 15-апрелде ИИМ дагы кошумча маалымат таратып, Чыңгыз Айдарбековго козголгон кылмыш ишин тергөөдө анын дипломаттык ишмердиги учурундагы мыйзамсыз иштери аныкталганын билдирген.Чыңгыз Айдарбеков “Азаттыкка” комментарий берип, жемкорлук жана аткезчилик иштерге тиешеси жок экенин айткан. (КЕ)",azattyk.org,https://www.azattyk.org/a/33737719.html,2026-04-22T10:48:18+06:00,kyrgyz,0,high,news_site
7e1d33c9-c18a-4f4e-afb6-ed81cff811eb,АКШ мамдепартаменти: Өзөктүк энергетика ишеничтүү колдо болушу керек,"АКШнын мамлекеттик департаменти Чернобыл кырсыгынын 40 жылдыгына карата өзөктүк коопсуздуктун маанисин белгилеген жана трагедиянын курмандыктарын эскергенбилдирүү таратты. ""40 жыл мурда Чернобыл апааты дүйнөнүн өзөктүк коопсуздук боюнча көз карашын биротоло өзгөрткөн. Биз Украина, Беларус, Орусия жана башка өлкөлөрдөгү бул трагедияга туш болгон жана анын кесепеттери менен бүгүнкү күнгө чейин күрөшүп келе жаткан бейкүнөө адамдардын укмуштуудай эрдигин эскеребиз жана урматтайбыз"", - деди мамлекеттик департаменттин өкүлүТомас Пиготт. Ал АКШ кырсыктын кесепеттерин жоюуга жардам бергенин, бул объектте жана жалпы дүйнөдө өзөктүк коопсуздукка артыкчылык берүүнү улантып жатканын белгиледи. ""Өзөктүк энергетика ачык-айкындуулукка берилген жоопкерчиликтүү колдордо калышы керек"", - деп жазылган билдирүүдө. Украинанын президенти Владимир Зеленский Чернобыл кырсыгынын 40 жылдыгына карата билдирүүсүндө ""Орусия өз согушу менен дүйнөнү кайрадан техногендик кырсыктарга кептеп жатканын""билдирди. Ал былтыр орусиялык дрон талкаланган реакторду жаап турган саркофагга тийгенин эске салды. ""Дүйнө бул өзөктүк терроризм уланышына жол бербеши керек, эң жакшы ыкма - Орусияны акылсыз чабуулдарын токототууга мажбурлоо"", - деп жазды ал. Украин премьер-министри Юлия Свириденко Орусия Запорожье атомдук электр станциясын басып алуу жана аны тынымсыз аткылоо менен ""континенталдык масштабда коркунучтарды жаратып, өзөктүк коопсуздук принциптерин этибарга албай келерин""билдирди. ""Чернобыл 1086-жылда калган жок. Бул дүйнөлүк энергетикалык коопсуздукка тоталитардык режимдин чыныгы коркунучун туруктуу эскертүү"", – деп жазды Свириденко. Евробиримдиктин тышкы иштер министри Кая Каллас ""Орусиянын Запорожье АЭСин мыйзамсыз басып алуусу айлана-чөйрөгө жана адамзатка коркунучту көрүнүктүү деңгээлде жогорулатарын"" билдирди. ""Орусиянын бул объекттеги коргоочу саркофагга сокку урганы -  ондогон жылдар бою жүргүзүлгөн эл аралык зыянды көзөмөлдөө аракеттерин коркунучка кептеген болуп көрбөгөндөй этиятсыздык"", - депжазганКаллас. Молдованын президенти, ушул тапта Киевде жүргөн Майя Санду ""Европа үчүн өмүрүн жана ден соолугун бергендерди эскерүү үчүн"" Чернобылга барууну көздөп жатат. ""Апааттар чек араны билбейт - аны тилектештик да билбеши керек. Молдова кыйратуучулар менен эмес,куруучулар менен бирге турат"", -деп билдирдиСанду. СССР маалында - 1986-жылдын 26-апрелинде Украинадагы Чернобыл өзөктүк ишканасында болгон жарылуу айлана-чөйрөгө оор зыян келтирип, жүз миңдеген адамдар там-ташын таштап кетүүгө аргасыз кылган. Бул ишкана 2000-жылдын 15-декабрында жабылган.",azattyk.org,https://www.azattyk.org/a/33743203.html,2026-04-27T09:57:00+06:00,kyrgyz,0,high,news_site
476c3a44-7d0f-45f4-95d3-089d4e18ed5b,"Алайда сел жүрүп, 25 үйдү суу каптады","Алай районундагы Гүлчө шаарында нөшөрлөп жааган жаандын кесепетинен улам сел жүрүп, үйлөрдүн короолорун суу каптады. Өзгөчө кырдаалдар министрлигинин (ӨКМ) маалымдашынча, 27-апрелде кыска мөөнөттө кокту-колоттон жүргөн сел Гүлчө шаарындагы 25 үйдүн короосун каптаган, бир үйдүн ичине чейин кирген.Түзүлгөн кырдаалга байланыштуу Алай райондук Өзгөчө кырдаалдар бөлүмүндө “Айгай” режими жарыяланып, селдин кесепеттерин жоюу иштери жүрүүдө.Баштапкы маалымат боюнча, жабыркагандар жок, абал туруктуу. ӨКМ буга чейин өлкө аймагында туруксуз аба ырайы күтүлөрүн билдирип, ​дарыяларда суу көтөрүлүп, ташкын болушу мүмкүн экенин эскерткен. Мекеме белгилегендей, тоолуу жана тоо этектериндеги райондордо сел жүрүү коркунучу сакталууда. 2024-жылы Ноокат районунда сел жүрүп,тогуз кишинин өмүрү кыйылган. Айрым айылдарда үйлөрдү сел каптаган.(ZKo)",azattyk.org,https://www.azattyk.org/a/33744097.html,2026-04-28T13:26:16+06:00,kyrgyz,0,high,news_site
365a9f7d-d3b3-4fcd-b51e-1bf67c470c56,"Пезешкиан АКШнын деңиз курчоосу ""ийгиликсиз болорун"" билдирди","Ирандын президенти Масуд Пезешкиан 30-апрелде АКШнын Иран портторуна каршы деңиз блокадасы аймактагы өлкөлөрдүн кызыкчылыгына каршы келерин жана акыры ишке ашпай турганын билдирди. Анын кайрылуусун өкмөт өкүлү Фатеме Мохажерани Перс булуңунун улуттук күнүнө арналган жыйында окуп берди. Пезешкиян аймактагы коопсуздук «жээгиндеги мамлекеттердин суверенитетин өз ара урматтоо жана биргелешкен кызматташтык шартында гана мүмкүн» экенин белгиледи. «Кандай гана блокада же деңиз чектөөлөрүн киргизүү аракети болбосун, бул эл аралык укукка каршы келет жана аймактагы элдин, ошондой эле дүйнөдөгү тынчтык менен туруктуулуктун кызыкчылыгына туура келбейт. Мындай аракет сөзсүз ийгиликсиз аяктайт», — деди ал. Дональд Трамп 13-апрелде Исламабаддагы сүйлөшүүлөр үзгүлтүккө учураган соң Иранга каршы деңиз блокадасын баштоону буйруган. Ал эми Ормуз кысыгын Иран февралдын аягынан бери дээрлик жаап, чектелүү сандагы гана кемелерди өткөрүп келет. 29-апрелде Трамп Тегеран өзөктүк программасына байланыштуу Американын талаптарына макул болмоюнча блокада улана турганын айтты. Анын бул билдирүүсүнөн кийин дүйнөлүк мунайдын баасы кескин өсүп, баррели 126 долларга жетти.",azattyk.org,https://www.azattyk.org/a/33746084.html,2026-04-30T18:07:55+06:00,kyrgyz,0,high,news_site
646a04f6-6ab9-423a-954f-080d8975d555,CNN: Уиткофф жана Кушнер Иран менен сүйлөшүү үчүн Исламабадга жөнөдү,"АКШ президенти Дональд Трамптын атайын өкүлү Стив Уиткофф менен кеңешчиси Жаред Кушнер Ирандын тышкы иштер министри Аббас Аракчи менен сүйлөшүү үчүн Пакистандын борбору Исламабадга жөнөдү. Бул тууралуу CNN өз булактарына таянып билдирди. Ирандын парламент спикери Мохаммад-Багер Калибаф бул жолку жолугушууга катышпагандыктан Тегеран менен сүйлөшүүдө Американын делегациясын буга чейин жетектеп барган вице-президент Жей Ди Вэнстин сапары азырынча планда жок. Ошентсе дагы, булактардын айтымында, Вэнс сүйлөшүүлөрдө жылыш болсо Исламабадга барууга даяр турат. Аракчи Пакистандан соң Орусия менен Оманга барат. “Сапардын максаты өнөктөштөр менен эки тараптуу кызматташтыкты талкуулоо жана аймактагы кырдаалга байланыштуу кеңешүү”, - деп жазды ал Х социалдык тармагына. Баштапкы маалыматтарга караганда, Исламабадда Ирандын тышкы иштер министри Тегерандын АКШ менен сүйлөшүүлөрдү улантууга мүмкүн болгон позициясын айтат. Ирандын Tasnim агенттиги Аракчинин Исламабадга сапары учурунда америкалык делегация менен сүйлөшүү пландалбаганын жазды. Иран сүйлөшүүлөрдү улантуу үчүн өз портторундагы америкалык блокаданы алууну талап кылууда. Айрым жалпыга маалымдоо каражаттары Калибаф сүйлөшүү өткөрүү командасынан чыгышы мүмкүн экенин жазышты. Израилдик жана ирандык оппозициялык булактардын айтымында, буга Ислам революциясынын сакчылар корпусунун өкүлдөрү менен болгон пикир келишпестик жана Ормуз кысыгы аркылуу жүк ташууну жарым-жартылай ачуу сунуштарынын ишке ашпай калышы себеп болушу мүмкүн. Ирандын расмий маалымат каражаттары Калибафтын отставкасы тууралуу маалыматтарды четке кагып, ал парламентте ишин улантарын белгилешти. Ал эми сүйлөшүүлөрдү өткөрүү делегациясынын курамы толук белгилүү боло электиги белгиленди. Тегерандын делегациясын Улуттук коопсуздук боюнча жогорку кеңештин мурдагы катчысы Саид Жалил жетектеши ыктымалдыгы айтылууда. Ал 2007-2013-жылдары өзөктүк программа боюнча БУУнун Коопсуздук кеңешинин мүчөлөрү (АКШ, Орусия, Франция, Улуу Британия жана Кытай) жана Германия менен сүйлөшүүлөрдөгү катаал позициясы менен белгилүү.",azattyk.org,https://www.azattyk.org/a/33742177.html,2026-04-25T10:17:09+06:00,kyrgyz,0,high,news_site
b7f737b7-0cd1-446e-ba6a-d776670c8eba,Жеке ветеринарлар ассоциациясы эпизоотиялык абалга кооптонуусун билдирди,"Жеке ветеринарлар ассоциациясынын өкүлү Эрмек Түнгатаров Кыргызстанда эпизоотиялык абал туруктуу эмес экенин 24-апрелде парламенттеги “Эл үмүтү – Ата Журт” депутаттык тобунун жыйынында билдирди. Ал ылаң дагы эле жүрүп жатканын жана мал-жандык кырылган учурлар бар экенин белгиледи: “Бул пандемиядай болуп өтө кооптуу келди. Эртерээк аныктап, жеке ветеринарларга сапаттуу вакциналар келсе бул оорулар болбойт эле. Вакциналар сапаттуу болсо жер-жерлерде иштеген жеке ветеринарларга да элдин ишеними болот эле. Буга чейин өкмөт үч түр ылаң боюнча вакцина тараткан. Бирок азыр шарптын жети түрү жана анын ичинен да бөлүнүп кеткендери көп”. Анын алдында айыл чарба министринин орун басары Рустамжан Балтабаев шарп ылаңына каршы Кыргызстан Орусиядан 4 миллион доза вакцина алып жатканын билдирген. Өкмөт шарпка байланыштуу тынчсызданууга негиз жоктугун, эпизоотиялык абал туруктуу экенин белгилеп келет. Жогорку Кеңештин Агрардык саясат, суу ресурстары, жер казынасын пайдалануу, экология жана айлана-чөйрөнү коргоо боюнча комитети 6-апрелде өлкөдөгү эпизоотиялык кырдаалды жакшыртуу чараларын жабык караган. Комитет төрагасы Кубанычбек Самаков каралып жаткан документте коомчулукка ачык айтылбай турган ""купуя"", кызматтык пайдалануу үчүн деген белгилер бар экенинбилдирген.",azattyk.org,https://www.azattyk.org/a/33741459.html,2026-04-24T13:08:05+06:00,kyrgyz,0,high,news_site
bab07085-3890-4ec0-8210-28e5582345ab,Кыргызстан быйыл коңшу өлкөлөрдөн 4 млрд кВт саат электр энергиясын сатып алат,"Кыргызстан 2026-жылы коңшу өлкөлөрдөн 4 млрд кВт саат электр энергиясын сатып алат. Бул тууралуу энергетика министринин биринчи орун басары Өмүрбек Жеңишбеков парламенттин Өнөр-жай саясаты, транспорт, отун-энергетикалык комплекс, архитектура жана курулуш комитетинин 27-апрелдеги жыйынында айтты. Анын сөзүнө ылайык, бул жылы өлкө 19,6 млрд кВт саат электр жарыгын колдонот деп эсептелген. Анын ичинен 15,7 млрд кВт саатты Кыргызстан өзү өндүргөн электр энергиясы менен жабат деп күтүлүүдө. “ГЭСтерден 11,6 млрд кВт саат электр энергиясын өндүрүү күтүлүүдө. Бишкек Жылуулук электр борборунан (ЖЭБ) 2,3 млрд кВт саат, чакан ГЭСтер менен кайра жаралуучу энергия булактарынан 2 млрд кВт саат электр жарыгын өндүрөбүз деп пландаштырып жатабыз”, - деди ал. Өмүрбек Жеңишбеков Кыргызстан электр энергиясын так кайсыл мамлекеттерден сатып аларын тактаган жок. Буга чейин белгилүү болгондой Кыргызстанда акыркы беш жылда электр энергиясын керектөө25 пайыздан ашты.Расмий статистика боюнча, электр энергиясын керектөө 2020-жылда 15,4 млрд кВт саат болсо, 2025-жылдын аягында 19,3 млрд кВт саатка чейин жеткен. Кыргызстан өзү өндүргөн электр энергиясы керектөөнү жаппайт. Ушундан улам жыл сайын күз-кыш мезгилине Казакстандан, Түркмөнстандан, Өзбекстандан жана Орусиядан электр жарыгын сатып алат. (BTo)",azattyk.org,https://www.azattyk.org/a/33743358.html,2026-04-27T15:45:03+06:00,kyrgyz,0,high,news_site
b8a9add7-15a6-4468-bb2e-ad6e4fb418fb,Орусияда Кыргызстандын үч жараны өрттөн каза болду,"Тышкы иштер министрлиги (ТИМ) Подмосковье аймагында өрттөн каза болгон Кыргызстандын үч жараны тууралуу комментарий берди. Расмий маалыматка ылайык, өрттөн каза болгондор 20 (Ж.У.М.), 30 (З.У.А.) жана 48 (З.У.А.) жаштагы кыргыз жарандары болгон. Алар Орусияда эмгек миграциясында жүргөн. Орусиянын Тергөө комитетинин Москва облусу боюнча башкы тергөө башкармалыгы бул окуяда кылмыштын курамы жок экенин, маркумдар көмүр кычкыл газына ууланып каза болгонун билдирген. Бул факты боюнча Орусиянын Кылмыш-жаза кодексинин “Кокусунан өлүмгө алып келүү” беренеси менен кылмыш иши козголуп, тергөө жүрүп жатат. Кыргызстандын Орусиядагы элчилиги каза болгондордун сөөгүн мекенине жөнөтүүгө көмөк көрсөтүүдө. (BTo)",azattyk.org,https://www.azattyk.org/a/33746097.html,2026-04-30T17:56:12+06:00,kyrgyz,0,high,news_site
ad21296a-20d2-45bb-b3d5-1c5d614768eb,"""Проект"": Кыргызстандагы А7 компаниясынын артында Абрамович турушу ыктымал","Батыштын санкцияларын кыйгап өтүү үчүн негизделген орусиялык А7 төлөм платформасынын миллиардер Роман Абрамовичке байланышы бар болушу мүмкүн. Мындай тыянакка «Проект» басылмасы журналисттикиликтөөдөнкийин келди. Басылманын булактары А7 чет өлкөлөр менен эсеп жүргүзүү рыногундагы эң маанилүү оюнчу деп сыпатташты. “Азаттыктын” былтыр июлда жарыяланган журналисттик иликтөөсүндө молдовалык ишкер Илан Шордун Орусиядагы А7 компаниясы Бишкекте “А7-Кыргызстан” аттуу компания ачып, “Олд Вектор” аттуу фирма аркылуу A7A5 токенин же стейблкоинди сатыкка чыгарганы аныкталган. Шор Молдовада 15 жылга соттолгон, анын аты коррупциялык иштерде аталган. Расмий түрдө А7 компаниясына ал жана мамлекеттик Промсвязбанк ээлик кылганы менен, журналисттер маектешкен булактардын бири Абрамовичти анын «демөөрчүсү жана калканы» деп атады. Ал Шорду «схемаларды түзүү» жөндөмү үчүн тандаганын кошумчалады булак. Финансылык документтерге таянып, «Проект» А7 компаниясына таандык кеңселер адегенде Абрамовичтин бизнес борборлордунда жайгашканын аныктаган. Кийин Геленжиктеги даректе катталганы менен олигархтын кеңселеринде анын эки филиалы калууда. А7нин кардарлары арасында Еврошаркет менен АКШнын «кара тизмесине» киргизилген орусиялык 25 фирма бар. Анын бешөө орус армиясы Украинага каршы колдонгон дрондорду чыгарат. «Проекттин» маалыматына ылайык, ошол компаниялар А7 аркылуу бир нече миллиондон эки млрд долларга чейин которгон болушу мүмкүн. Абрамовичтин расмий өкүлү олигархтын бул төлөм платформасына байланышы бар деген маалымат чындыкка туура келбейт деп четке какты. 2024-жылы катталган Grinex криптобиржасында рублге теңме-тең байланган A7A5 аттуу стейблкоин жүгүртүүгө чыгарылган.Кыргызстанда катталган А7А5эл аралык криптовалюта базарында чоң көрсөткүчтөргө жетип, жылдык жүгүртүүсү 100 млрд долларга чукулдаганы быйыл март айында жарыяланган. Былтыр июнда Financial Times басылмасы өз иликтөөсүндө криптобиржа санкциялардан буйтоо үчүн Орусиядан Кыргызстанга жер которгонун, анын артында күмөн иштерде аты аталган молдовалык ишкерИлан Шортурарын билдирген. Кыргыз бийлиги Орусияга каршы салынган санкцияларды кыйгап өтүү боюнча кыргызстандык банктар менен компанияларга коюлган дооматтарды четке кагып келет. 24-апрелде Кыргызстан президентинин администрациясынын маалыматтык саясат кызматынын башчысы Дайырбек Орунбеков Илан Шор Кыргызстанда жашап жатканы жөнүндөгү маалымат чындыкка дал келбей турганын билдирген.",azattyk.org,https://www.azattyk.org/a/33745194.html,2026-04-29T19:09:57+06:00,kyrgyz,0,high,news_site
1daac3e3-5390-48e7-8a47-db44a97eece0,Трамп менен Путин Украина жана Иран маселелерин талкуулашты,"Орусиянын президенти Владимир Путин 29-апрелде АКШнын президенти Дональд Трамп менен телефон аркылуу сүйлөшүп, Москва 9-май Жеңиш күнүнө карата Украинада атышууну токтото турууга даяр экенин билдирди. Орусиянын демилгеси менен өткөн сүйлөшүү бир жарым сааттан ашык убакыт уланды. Путиндин жардамчысы Юрий Ушаковдун айтымында, баарлашуу ""достук маанайда, ачык жана иштиктүү"" өттү. Трамп да сүйлөшүүнү ""жакшы маектешүү"" деп атап, Путинге Украинадагы согушта ""бир аз тыныгууну"" сунуш кылганын айтты. ""Аны жасай алат деп ойлойм"", - деп кошумчалады Трамп жана сүйлөшүү биринчи кезекте украин маселесине багытталганын кошумчалады. Ал эми орус тарап Жеңиш майрамына карата согушта тыныгуу жарыялоону Москва сунуш кылганын айтууда. Эки президент Иран маселесин да талкуулашканы маалым болду. Ушаковдун айтымында, Путин Трамптын Ирандагы атышууну токтотуу режимин узартуу чечимин туура деп, ал эми бул өлкөгө жөө аскерлерди киргизүү операциясын кооптуу деп эсептей турганын билдирди. АКШ президенти Путин ага Ирандын байытылган ураны маселесин чечүүнүн кандайдыр бир вариантын сунуштаганын, бирок анын өзүнө биринчи кезекте Украинадагы согушту токтотууга көңүл бурууну кеңеш кылганын белгиледи. Путин менен Трамп буга чейин телефон аркылуу былтыр 28-декабрда сүйлөшкөн. Орусия менен Украина 11-апрелде да Пасха майрамына карата атышпай турууга макул болгонун жарыялашкан, бирок эки тарап тең бири-бирин ""мунасаны бузду"" деп айыпташкан. (RK)",azattyk.org,https://www.azattyk.org/a/33745828.html,2026-04-30T10:02:51+06:00,kyrgyz,0,high,news_site
3f473a2e-8a43-4fcb-85b5-426d24470e41,Камила Талиева үй-бүлөлүк зомбулукту алдын алууну күчөтүү керектигин айтты,"Жогорку Кеңештин депутаты Камила Талиева өкмөттү үй-бүлөлүк зордук-зомбулукту алдын алуу иштерин күчөтүүгө чакырды. Депутат парламенттин 29-апрелдеги отурумунда жакында эле Баткен районундагы Чоң-Кара айылында күйөөсү жубайын өлтүрүп, кийин өзү асынып калган окуяны мисал кылып, алардын артында калган беш баласын мамлекет камкордукка алышы керектигин билдирди. Баткен облустук ички иштер башкармалыгынын маалыматында,  26-апрелге караган түнү үйдө балдар уктап жатканда жолдошу аялын бир нече жолу бычак менен сайып,аял ошол жерде каза болгон.Андан соң өзү үйүнүн короосундагы өрүк бакка асынып каза тапкан. Окуя болгон жерден далил катары ашкана бычагы жана жип алынган. Бул факты боюнча Кылмыш-жаза кодексинин “Адам өлтүрүү” беренеси менен кылмыш иши козголуп, тиешелүү соттук-медициналык экспертизалар дайындалган. Башкы прокуратуранынмаалыматына караганда,Кыргызстанда 2025-жылы үй-бүлөлүк зомбулукка байланыштуу 656 кылмыш иши козголгон. Мында 458 аял, 104 бала жана 94 эркек киши жабыркаган. Ошондой эле былтыр Кылмыш-жаза кодексинин “Үй-бүлөлүк зомбулук” беренеси менен 36 кылмыш иши козголгон. Жалпысынан бул багыттагы укук бузууларга байланыштуу 6 миңден ашуун протокол түзүлгөн. (BTo)",azattyk.org,https://www.azattyk.org/a/33744888.html,2026-04-29T11:01:58+06:00,kyrgyz,0,high,news_site
29d4c6bd-2534-44b9-9dab-34dfb6b380a1,Окуу жайларда контрактты көтөрүүгө мораторий киргизилди,"Кыргызстанда 2026–2027-окуу жылында кесиптик жогорку жана орто билим берүү уюмдарында окуу үчүн акыны жогорулатууга мораторий киргизилди. Тиешелүү жарлыкка президент Садыр Жапаров кол койду. Жарлык окуу жайлардын формасына жана статусуна карабастан жайылтылат. Мындай чечим жарандарды социалдык коргоону күчөтүү, билим алуучулардын укуктарын жана муктаждыктарын ишке ашыруу максатында кабыл алынганы айтылды. Акыркы жылдары өлкөдөгү жогорку окуу жайларда контракт бир топ жогорулап кеткени айтылып келет. Бул маселе Жогорку Кеңеште да көтөрүлгөн. Айрым алдыңкы жогорку окуу жайлары 2026–2027-окуу жылына карата келишим акысын буга чейин эле жогорулатып койгон. Андыктан ата-энелер арасында президенттин жарлыгынан кийин ошол баа кайра былтыркы калыбына келеби деген суроо жаралып, социалдык түйүндөрдө кызуу талкууланууда. Расмий бекитиле элек дегени менен жогорулатылган жаңы баа абитуриенттерге тараткан маалыматында так көрсөтүлүп турат. (BTo)",azattyk.org,https://www.azattyk.org/a/33747520.html,2026-05-02T08:59:47+06:00,kyrgyz,0,high,news_site
aba5950e-7f2d-4e05-af10-616428d13a01,"Сүлүктүдө көмүр кенинде шахта урап, бир киши набыт болду","27-апрелде Сүлүктү шаарындагы ""Кара-Садак"" көмүр шахтасында кырсык болуп, бир киши уранды алдында калып набыт болду. Бул тууралуу Өзгөчө кырдаалдар министрлиги (ӨКМ) 28-апрелде маалымдады. 41 жаштагы шахтердун сөөгүн куткаруучулар ошол эле күнү уранды алдынан алып чыгышкан. Маркумдун сөөгү ""Тез жардам"" кызматкерлерине өткөрүлүп берилген. Учурда кырсыктын себептери такталууда. Сүлүктү шаарында бир нече көмүр шахтасы жайгашкан. Буга чейин шахталарда иштеп жатып газга ууланып өмүрү кыйылган окуялар бир нече жолу катталган. Былтыр январда шаардагы шахталардын биринде уранды алдында калган кен казуучу куткарылган. 2020-жылы ""Кенчилер-Береке"" шахтасында газ чыгып, кырсыктын кесепетинен эң кичүүсү 19, эң улуусу 73 жаштагы үч эркек жана кош бойлуу бир келин газга ууланып каза болгон.(ZKo)",azattyk.org,https://www.azattyk.org/a/33744194.html,2026-04-28T15:03:55+06:00,kyrgyz,0,high,news_site
50c241e9-12f1-4661-843b-bd82480f20b2,Трамп Бириккен Араб Эмирлигинин ОПЕКтен чыгуу чечимин колдоду,"Кошмо Штаттардын президенти Дональд Трамп Бириккен Араб Эмирликтеринин (БАЭ) ОПЕКтен чыгуу чечимин колдоду. «Бул эң сонун чечим», - деди ал басма сөз жыйынында. Трамп БАЭнин лидери Мохаммед бин Зайед Аль Нахайянды «абдан акылдуу» деп атап, «балким өз жолу менен кеткиси келип жаткандыр» деген пикирин бөлүштү. ОПЕК - мунай өндүргөн ири өлкөлөрдүн уюму дүйнөлүк баага таасир этүү үчүн өндүрүш көлөмүн координациялап турат. Трамп БАЭнин бул кадамын «бензиндин баасын төмөндөтүүгө жардам бере турган жакшы нерсе» деп баалады. Бириккен Араб Эмирликтери 28-апрелде 1-майдан тарта ОПЕК жана ОПЕК+танчыгарын жарыялаган.Бул чечим эксперттер үчүн күтүүсүз болгон жок, анткени өлкөнүн мунай өндүрүү мүмкүнчүлүгү ОПЕК койгон чектөөлөрдөн жогору. Трамп бул кадам ОПЕК үчүн көйгөйлөрдү жаратышы мүмкүн экенин да белгиледи. Чечим жарыялангандан кийин мунай баасы убактылуу төмөндөгөн. Бирок Иран менен АКШ ортосундагы сүйлөшүүлөрдүн туюкка кептелиши жана Трамптын Иран портторуна каршы блокадасын улантары тууралуу билдирүүлөрүнөн улам мунай баасы кайрадан кескин көтөрүлдү.",azattyk.org,https://www.azattyk.org/a/33746009.html,2026-04-30T16:52:16+06:00,kyrgyz,0,high,news_site
27dddbca-9543-4a09-907c-36a810473094,Кыргызстанда үч айда жол кырсыгынан 18 баланын өмүрү кыйылды,"2026-жылдын январь-март айларында жол кырсыгынан 148 адам көз жумду, анын 18и балдар. Улуттук статистикалык комитети маалымдагандай, жол кырсыктарынын жалпы саны азайганы менен, андан жарандардын каза болгон учурлар көбөйгөн. Маалыматка ылайык, жыл башынан берки үч айда Кыргызстанда 1 150 жол кырсыгы катталган, бул былтыркы үч айдагы көрсөткүчтөн 22,9% аз. Жол кырсыктарынын басымдуу бөлүгү - 44% Бишкекте болгон. Чүй облусунда 19,7%, Ош облусунда 11,5% жана Жалал-Абад облусунда 9,6%. Маалыматта айтылгандай, жол кырсыктарынан жалпы 1 482 адам түрдүү жаракат алган. Анын ичинде 293 бала бар. Улуттук статистика комитети жол кырсыктарынын саны кыскаруусун мас абалында рулга отурган айдоочулардын азаюусу менен байланыштырган. Былтыркы үч айда мас айдоочунун кесепетинен улам болгон жол кырсыктары былтыркыдан 33,3% азайган. Бишкек – Кара-Балта жолунда 23-мартта күндүз жолдогу жөө адамдар өтүүчү тилкеден өтүп бараткан окуучу кызды катуу келе жатканжүк ташуучу унаа коюпкеткен. Секелек ошол жерден көз жумган.Расмий маалымат боюнча, Кыргызстанда 2025-жылы 8 456 жол кырсыгы болуп, андан 900 киши каза тапты. Дагы 12 миң 169 адам ар кандай жараат алды. Кырсыктарга автоунааны катуу айдоо, каршы тилкеге чыгуу, ичимдик ичип алып рулга отуруу жана айрым автожолдордун талапка жооп бербегени негизги себеп экени айтылып келет.(ZKo)",azattyk.org,https://www.azattyk.org/a/33744284.html,2026-04-28T17:32:23+06:00,kyrgyz,0,high,news_site
618423d4-e544-4787-b262-166475635eb2,Кремлдин өкүлү Москвада Путин менен Садыр Жапаров жолугарын билдирди,"Кыргызстандын мамлекет башчысы Садыр Жапаров бейшембиде Орусиянын президенти Владимир Путин менен жолугушарын Кремлдин маалымат катчысы Дмитрий Песков билдиргенинРИА Новости жазды. Песков Кыргызстандын президенти Садыр Жапаров Москвада кыска мөөнөттүк иш сапар менен болорун айткан. ""Бүгүн орус-кыргыз мамилеси үчүн маанилүү күн. Түштөн кийин Орусия менен Кыргызстандын президенттери жолугушат. Президент Жапаров Москвада кыска иш сапары менен болот. Лидерлер өзүнчө аңгемелешип, аны түшкү тамакта улантышат. Мамлекет башчылардын ушундай толук форматтуу, узак баарлашуусун күтүп жатабыз"", - деген Песков. Президент Садыр Жапаровдун Москвага иш сапары, орус лидери Владимир Путин менен жолугушуусу тууралуу ""Ынтымак Ордо"" маалымат бере элек. Президент Садыр Жапаров 22-апрелде Астанага барып, Аймактык экологиялык саммитке катышып,сөз сүйлөгөн. Кыргызстан менен Орусиянын президенттери 2025-жылы ноябрда Бишкекте, орус президенти Владимир Путиндин Кыргызстанга мамлекеттик сапар менен келгендежолугушкан.Тараптар ""Союздаштык мамилелерди жана стратегиялык өнөктөштүктү тереңдетүү жөнүндө"" биргелешкен билдирүү менен кошо жалпы сегиз документке кол коюшкан. Путиндин сапарында кол коюлган Бишкектеги ""Кыргыз-Орус Славян университетинин кампусун куруу шарттары жөнүндө"" макулдашууну Орусиянын Мамлекеттик думасы 22-апрелдератификациялаган. (ZKo)",azattyk.org,https://www.azattyk.org/a/33740832.html,2026-04-23T17:56:55+06:00,kyrgyz,0,high,news_site
a2df6c6a-0581-4d31-a27f-cc73a16ba237,Орусия Борбор Азияда бөтөн аскерлердин болушу кабыл алынгыс деп эсептейт,"Орусиянын коргоо министри Андрей Белоусов региондун сыртындагы мамлекеттердин Борбор Азияга аскерлерин жайгаштыруу аракеттерин жана ал жакта логистикалык максаттарын чечүүнү кабыл алынгыс деп атады. Бул тууралуу министр 28-апрелде Шанхай кызматташтык уюмунун Бишкекте өтүп жаткан жыйынындабилдирди. Бир нече күн мурун Өзбекстандын президенти Шавкат Мирзиёев коргоо министри Баходир Холмухамедовдун Түркия менен кызматташтыкты өнүктүрүү тууралуу докладын уккан. Ал жыйынга Түркиянын куралдуу күчтөрүнүн жогорку өкүлү катышкан. Өзбек президентинин маалымат кызматыкабарлагандай,аймактык коопсуздукту жана стабилдүүлүктү бекемдөө максатында эки өлкөнүн коргонуу мекемелеринин байланыштарын өөрчүтүүгө басым жасалды. «Аскердик-техникалык алакалардын динамикасын, министрликтер аралык кызматташтыкты, биргелешкен иш-чараларды уюштуруу жана аскер адистерин даярдоону өзгөчө белгилөө зарыл. Тараптар аскердик чөйрөдөгү өнөктөштүктү тереңдетүү жөнүндө макулдашты», - деп билдирди өзбек президентинин маалымат кызматы.",azattyk.org,https://www.azattyk.org/a/33745067.html,2026-04-29T16:12:48+06:00,kyrgyz,0,high,news_site
62f4736c-07b6-4377-8db1-2ff391f2a663,Казакстанда мыйзамсыз лотереяга айыпталган блогерлерге сот өкүмү чыкты,"Казакстанда «мыйзамсыз ишкердик жүргүзгөн» жана «мыйзамсыз жол менен табылган каражатты адалдаштырган» деп айыпталган блогер жубайларга соттун өкүмү чыкты. Ага ылайык Ерболат Жанабилов 2 жылга шарттуу кесилсе, ал эми Элмира Төлегенова 2 жылга эркинен ажыратылды. Жубайлардын жашы жете элек балдары бар экенин эске алып, Төлегенованын жаза өтөө мөөнөтү эки жылга жылды. Экөөнүн тең мүлкү конфискацияланат. Прокурорлор блогерлер «пайдасы жок курстарды сатып, утуп алуу мүмкүнчүлүгү өтө төмөн лотерея уюштурганын» билдирген. Тергөөнүн маалыматына ылайык, Жанабилов менен Төлегенова 2025-жылдын август айында баш байгеге автоунаа коюп, лотерея уюштурган. Ага катышууну каалагандар 60 долларлык курс сатып алышы керек эле. Прокуратуранын маалыматы боюнча, бул схема аркылуу блогерлер 247 миллион 653 миң теңге (520-550 миң доллар) тапкан. Башында аларга административдик иш козголуп, кийин Кылмыш кодексинин беренелери менен айып тагылган. Сот отурумдарынын биринде Төлегенова күнөөсүн жарым-жартылай моюнга алган. Мамлекеттик айыптоочу Олжас Хайруллаев жубайларды 4 жылга эркинен ажыратууну сураган. Бирок айыпталуучулар прокурор менен процессуалдык келишим түзүүнү сунуштап, ал канааттандырылган.",azattyk.org,https://www.azattyk.org/a/33743526.html,2026-04-27T18:52:10+06:00,kyrgyz,0,high,news_site
7b51f779-56c8-4e4b-a04e-d17266a0cce8,"Сурабалдиева Ташиевдин кетишин ""мамлекеттик төңкөрүш"" аракети менен байланыштырды","Жогорку Кеңештин депутаты, парламенттеги Эл аралык иштер, коргоо, коопсуздук жана миграция боюнча комитетинин төрайымы Элвира Сурабалдиева Улуттук коопсуздук боюнча мамлекеттик комитеттин (УКМК) мурдагы башчысы Камчыбек Ташиевдин кызматтан алынышы боюнча комментарий берди. Казакстандык блогерге бергенинтервьюсундаэл өкүлү Ташиевдин кетишин «мамлекеттик төңкөрүш даярдоо» аракети менен байланыштырды. Ташиев эмнеге кызматтан кетти деген суроого жооп берип жатып ал: «Мамлекеттик төңкөрүш даярдап жатышкан, президентти кызматтан алабыз деп», - деп айтып, бул анын кызматтан алынышынын негизги себеби болгонун белгиледи. Муну депутат «парламенттин 90 депутаты билерин жана бул көп убакыт даярдалган аракет болгонун» кошумчалады. Сурабалдиева Ташиев кызматтан кеткенден кийин УКМКнын мурдагы кызматкерлерине байланыштуу арыз-даттануу көбөйгөнүн белгиледи. Өткөн аптада Кыргызстандын Германиядагы элчиси, Жогорку Кеңештин экс-спикери, саясатчы Өмүрбек Текебаев Кыргызстандагы соңку айлардагы окуяларды “ийгиликсиз мамлекеттик төңкөрүш” аракети деп сыпаттап, пост жазган. Кийин Текебаев өзүнүн постун комментарийлеп, анда “ийгиликсиз мамлекеттик төңкөрүш” дегени коомчулукта туура эмес кабылданганынайтып чыккан. Текебаев постунда кайсы бир саясий окуяга же конкреттүү адамдарга укуктук баа берилбегенин, айып тагылбаганын кошумчалаган. Президент Садыр Жапаров 10-февралдагы жарлыгы менен Камчыбек Ташиевди 2020-жылдан бери аркалап келе жаткан Улуттук коопсуздук боюнча мамлекеттик комитеттин төрагасы кызматынан алган. Ташиев мындай чечимди Германияда дарыланып жүргөн учурунда укканын жана ""күтүүсүз болгонун"" билдирген. Парламентке75 кишинин катыдеп түшкөн кайрылууга кол койгон жана аны уюштурган деген негиз менен беш адам кармалып, камакка алынган. Жогорку Кеңештин ондон ашык депутаты мандатын тапшырган. Камчыбек Ташиев өзү 20-мартта Бишкекте Айт намаздан кийин элден кечирим сурап, өзү тууралуу жалган жана негизсиз маалыматтар тарап жатканын айткан. Андан бери ага жана үй-бүлөсүнө байланыштуу тарап жаткан ар кандай маалыматтар, 75 кишинин каты тууралуу үн ката элек. (КЕ)",azattyk.org,https://www.azattyk.org/a/33742222.html,2026-04-25T15:15:51+06:00,kyrgyz,0,high,news_site
2cc768c4-1281-4126-9513-b96832d3f0f5,Өкмөттө эл аралык санкцияларга байланыштуу кеңешме өттү,"Министрлер кабинетинин төрагасы Адылбек Касымалиев 27-апрелде эл аралык санкциялар боюнча жумушчу кеңешме өткөрдү. Бул тууралуу өкмөттүн басма сөз кызматы кабарлады. Жыйында ушул таптагы кырдаал, тобокелдиктер жана иштеп жаткан чектөөлөрдүн мүмкүн болуучу кесепеттери талкууланып, аларды этабы менен алып салуу боюнча сунуштар иштелип чыкты. Мамлекеттик органдар Министрлер кабинетинин жетекчилигине эл аралык милдеттенмелерди аткаруу, тышкы экономикалык ишмердүүлүктүн ачыктыгын жогорулатуу жана экспорттук-импорттук операцияларга көзөмөлдү күчөтүү боюнча көрүлүп жаткан чаралар жөнүндө маалымат беришти. Кыргызстандын санкциялык маселелер боюнча Батыш өлкөлөрүндөгү өнөктөштөр менен тынымсыз диалог кылуу, мамлекеттик мекемелерге кыргыз компанияларын Батыштын санкциялык тизмелеринен чыгаруу боюнча чараларды иштеп чыгуу тапшырмасы берилди. Европа Биримдигинин дипломаттары Орусияга каршы санкциялардын 20-пакетин макулдашкан. Анын алкагында Кыргызстанга да металлдарды кесүүчү станокторду жана үн, сүрөт, видео маалыматтарын берүүчү модем, маршрутизатор сыяктуу байланыш каражаттарынсатууга тыюу салынат. Кыргыз бийлиги Батыш өлкөлөрүнүн дооматын четке кагып, соңку чаранын кесепети деле жок экенин билдирген. Батыш өлкөлөрү Орусиянын өзүнө санкция салгандан сырткары ага көмөктөшкөн өлкөлөрдөгү компанияларга жана жеке адамдарга экинчи деңгээлдеги санкцияларды салып келет. 2026-жылдын башына карата 28 кыргызстандык компания АКШнын, Улуу Британиянын жана Европа Биримдигинин “кара тизмесине” кирди. 28 ишкананын 14ү санкциялык товарларды Орусияга жеткирүүгө айыпталса, 4 компания акчаны адалдоо жана алтынды мыйзамсыз сатууга байланыштуу, 2 ишкана Орусиянын мунай компанияларынын туунду ишканалары катары санкцияга илинген. (BTo)",azattyk.org,https://www.azattyk.org/a/33743300.html,2026-04-27T14:05:42+06:00,kyrgyz,0,high,news_site
677c0cdf-cf24-48b2-b79a-8eac24e84eea,Москва менен Санкт-Петербургда 9-майга чейин мобилдик интернет өчүрүлөт,"Beeline уюлдук оператору абоненттерине 5-майдан 9-майга чейин Москвада мобилдик байланыш жана SMS чектөөлөр болору тууралуу билдирүү жөнөттү. Бул тууралуу “Ведомости”, “Новая газета Европа” жана журналист Ксения Собчак жазды. Beeline Интернетке туташуу үчүн Wi-Fi, чалуулар үчүн VoLTE функциясын колдонууну сунуштады. Башка ири операторлор бул маалымат боюнча комментарий беришкен жок. ASTRA ушундай эле билдирүүнү МТСтин абоненттери дагы алганын кабарлады. Санкт-Петербургдун жашоочуларына да мындай билдирүү келгенин “Бумага” жазды. Чектөөлөр тууралуу буга чейин Би-би-синин орус кызматы өз булактарына таянып жазган, кийин ушундай эле маалыматты “Коммерсант” жарыялады. Март айында москвалыктар Интернеттеги жана мобилдик байланышта чектөөлөр болуп жатканына арызданып чыгышкан. Апрелде орус президенти Владимир Путин Санкт-Петербургга барганда жашоочулар ушундай эле нааразылыгын билдирген. Быйыл 9-майда Орусиянын борборундагы Жеңиш парады кыскартылган форматта өтөт. Ага аскер техникасы, курсанттар жана башка аскер кызматкерлери катышпайт. Бийлик муну оперативдүү кырдаалга байланыштырды. Украиналык учкучсуз учактар дээрлик күн сайын Орусиядагы объектилерге чабуул коюп жатат.",azattyk.org,https://www.azattyk.org/a/33750077.html,2026-05-05T10:44:26+06:00,kyrgyz,0,high,news_site
357104f7-d018-47c1-b08b-95df153c3b24,Садыр Жапаров Ташиевдин “75чилерге” тиешеси бар-жогун тергөө аныктай турганын айтты,"Президент Садыр Жапаров Kaktus.media порталына маек берип, президенттик шайлоону эрте өткөрүү тууралуу 75 адамдын кайрылуусу боюнча да суроолорго жооп берди. Мамлекет башчы “75чилердин каты” боюнча ким демилге көтөргөнүн, кайрылуу Жогорку Кеңештин төрагасына жана тиешелүү комитеттин жетекчисине жеткиче көз салып турганын айтты. Ал кайрылуу парламенттин жалпы жыйынына чыгарылат деп калганда тез жана чечкиндүү кадамдарга барганын кошумчалады. “Досуңуз Камчыбек Ташиевдин тиешеси барбы? Эгер ошондой болсо, ал эмне үчүн дагы эле эркиндикте жүрөт? Же Элвира Сурабалдиева айткандай, сиз ага жумшактык кылып жатасызбы? Мыйзам баарына бирдей эмеспи?” деген суроого мындайча жооп берди. “Анын тиешеси бар же жок экенин тергөө жана сот аныктайт. Ушул тапта тергөө уланууда. Тергөө бүткөндөн кийин сотко жөнөтүлөт. Акыркы чечимди - ким күнөөлүү, ким күнөөлүү эмес - сот чечим кабыл алат”, - деди президент. Жогорку Кеңештин депутаты Элвира Сурабалдиева казакстандык блогерге бергенинтервьюсундаКамчыбек Ташиевдин кызматтан алынышын “мамлекеттик төңкөрүш даярдоо” аракети менен байланыштырган. Камчыбек Ташиев жана анын тарапташтары азырынча комментарий бере элек. 9-февралда мурдагы премьер-министрлер, парламенттин экс-депутаттары, саясатчылар жана коомдук ишмерлер болуп 75 адамдан турган топ президент Садыр Жапаровго жана Жогорку Кеңештин ошол кездеги төрагасы Нурланбек Тургунбек уулуна кайрылып, жакынкы убакта президенттикшайлоо өткөрүүгө чакырган.Алардын айрымдары кийин кайрылуунун мазмунун окубай туруп эле ага кошулууга макул болгонун айтып чыгышкан. Ички иштер министрлиги (ИИМ) бул кайрылууга байланыштуу Кылмыш-жаза кодексинин “Массалык баш аламандыктар” беренеси менен кылмыш ишин козгоп, кайрылууда аты аталган коомдук ишмер Бекболот Талгарбековду, Кыргызстандын Өзбекстандагы мурдагы элчиси, мурдагы айыл чарба министри Эмилбек Узакбаевди жана Жогорку Кеңештин экс-депутаты Курманбек Дыйканбаевди, мурдагы вице-премьер, экс-депутат Аалы Карашевди жана ички иштер министринин мурдагы орун басарыКурсан Асановду кармаган. 10-февралда Садыр Жапаров Камчыбек Ташиевди Министрлер кабинетинин төрагасынын орун басары - Улуттук коопсуздук мамлекеттик комитетининтөрагасы кызматынан бошоткон.Андан кийин берген маектеринде Жогорку Кеңеште депутаттар “президент жана атайын кызматтын кишиси” болуп бөлүнүү башталганын, кийин ал парламенттен сыртка чыкканын айтып, 75 адамдын кайрылуусун мисал кылган. Бул окуялардан кийин Нурланбек Тургунбек уулу алгач төрагалык кызматтан кетип, андан соң депутаттык мандатын да тапшырган. Фейсбуктагы баракчасына пост жазып, 75 кишинин кайрылуусуна тиешеси жок экенин билдирген. Акыркы саясий окуялардын фонунда Кундузбек Сулайманов, Элдар Сулайманов, Куванычбек Конгантиев, Шаирбек Ташиев, Курманкул Зулушев, Нурланбек Азыгалиев, Гүлсүнкан Жунушалиева, Абдылдабек Эгембердиев өздөрү жазган арыз менен депутаттык мандатынан ажыратылды. Алардын ичинен “Кыргызнефтегаз” ишканасындагы коррупциялык ишке байланыштуу Камчыбек Ташиевдин иниси, экс-депутат Шаирбек Ташиев, Камбар-Ата-1 ГЭСин даярдоо этабындагы иштерге байланыштуу Кундузбек Сулайманов жана жер тилкелерине байланышкан мыйзамсыз схемаларды уюштурган деген айып менен Куванычбек Конгантиев кармалды. (BTo)",azattyk.org,https://www.azattyk.org/a/33743240.html,2026-04-27T11:52:53+06:00,kyrgyz,0,high,news_site
f63f9a1e-6718-4296-aa39-b3b4c036bb85,ЖК төрагасы мугалимдин маяна маселеси боюнча 300дөй кайрылуу түшкөнүн айтты,"Жогорку Кеңештин 23-апрелдеги жыйынында мугалимдердин айлык акысына байланыштуу маселе көтөрүлдү. Депутат Токтобүбү Ашымбаева маяна жогорулагандан кийин кайсы бир айырмачылыктар болуп калышы ыктымал деген кооптонуу бардыгын айтып, мугалимдерден ушу тууралуу кайрылуулар арбын экенин белгиледи.""2022-жылы мугалимдердин айлык акысы көтөрүлгөндө предметтик коэффициенти бирдей болбой калган. Ошонун натыйжасында айлыкта айырмачылык кездешкен. Азыр дагы тынчсыздануунун жана кайрылуунун негизи ушунда болуп жатат. Эгерде коэффициент теңдештирилбесе айлыктын айырмачылыгы андан да чоң болот деген коркунуч бар. Эгерде тиешелүү министрликтер бул боюнча иш жүргүзүп жаткан болсо маалыматты кеңейтиш керек. Экинчиден, орто кесиптик окуу жайлардагы 10-11-класстардын предметтик мугалимдеринин коэффициенти мектептин мугалимдериникинен дагы төмөн болуп жатат деп кайрылууда"", - деди эл өкүлү.Жогорку Кеңештин төрагасы Марлен Маматалиев бул маселе боюнча 300дөн ашуун кат келгенин белгилеп, көйгөй чоңоюп кете электе түшүндүрүү иштерин жүргүзүүнү тапшырды.Кыргызстанда апрель айынан тартып мугалимдердин жана саламаттыкты сактоо кызматкерлеринин айлык акысы көтөрүлүүдө.Кыргызстанда 1-апрелден тартып бардык мугалимдердин жана дарыгерлердин айлык акысы 100 пайыз жогорулайт. Былтыр күзүндө президент Садыр Жапаров 2026-жылдын апрель айынан тартып мугалимдердин орточо айлыгы 26 миң сомдон 40 миң сом болуп көтөрүлөрүн билдирген. Кыргызстанда 2,5 миңдей мектеп бар, мугалимдер саны 80 миңден, окуучулар 1 миллиондон ашат. (КЕ)",azattyk.org,https://www.azattyk.org/a/33740585.html,2026-04-23T12:28:26+06:00,kyrgyz,0,high,news_site
6abef442-6c3a-4ddb-a0e2-f90bd9d244c9,Швейцария: Гүлнара Каримовага козголгон иш сотто карала баштады,"Швейцарияда Өзбекстандын мурдагы президенти Ислам Каримовдун тун кызына байланышкан акча адалдоо иши боюнчасот процесси башталды. 27-апрелде Швейцариянын Федералдык кылмыш сотунда Гүлнара Каримова жана Lombard Odier жеке банкынын үстүнөн козголгон иш карала баштады. Каримова пара алуу жана «Кеңсе» деп аталган кылмыштуу түзүмдү жетектөө боюнча айыпталууда. Тергөөчүлөрдүн маалыматы боюнча, бул түзүм 2005–2013-жылдары жүз миллиондогон доллар каражатты Швейцариядагы эсептерге өткөрүп турган. Женева шаарында жайгашкан Lombard Odier банкы жана анын мурдагы кызматкери Каримованын болжолдуу кылмыштуу кирешелерин жашырууга көмөктөшкөн деп шектелип жатышат. Өзбекстанды чейрек кылымдан ашык башкарган Ислам Каримовдун саясий мураскери саналган Гүлнара Каримованы 2020-жылы Ташкент шаардык соту13 жыл 4 айга эркинен ажыраткан. Ал ""мамлекеттик каражатты уурдаган жана бирөөнүн мүлкүн тартып алуу менен Өзбекстандын кызыкчылыгына каршы макулдашууларга барган"" деген беренелер менен күнөөлүү деп табылган. Ал алты жылдайТашкент облусунун Зангиата районундагы аялдар колониясында жазасын өтөп, былтыр жатак абакка чыгарылган. Швейцариянын соту процесс канча убакытка созулары жана өкүм качан чыгары белгисиз экенин билдирди. Өзбекстандын Башкы прокуратурасы Гүлнара Каримова мамлекетке, жарандарга келтирген зыяндын жалпы суммасы 1 трлн 270 млрд 200 млн сумду, 1 млрд 651,8 млн АКШ долларын, 26,1 млн еврону түзөрүн маалымдаган.",azattyk.org,https://www.azattyk.org/a/33743502.html,2026-04-27T19:20:54+06:00,kyrgyz,0,high,news_site
c74b7363-fb60-414d-b9ef-271d2aafff1c,Бишкекте бир жашар баласын сабоого шектүү келин кармалды,"Бишкектин Свердлов райондук милициясы бир жашар баласын сабоого шек санап, 25 жаштагы келин кармалганын билдирди. Милициянын басма сөз кызматы кабарлагандай, 102 кызматына келин баласын уруп жатканы тууралуу маалымат 26-апрелде саат 7:35 чамасында түшкөн. Окуя болгон жерге милиция кызматкери барганда маалымат тастыкталганын, шектүү баласы менен кошо милицияга жеткирилгени айтылды. Азыр тергөөгө чейинки текшерүү башталды. Шектүү келинге Укук бузуулар жөнүндө кодексинин 70-беренесине (""Үй-бүлөлүк зомбулук"") ылайык протокол түзүлдү. Наристе коопсуздугун камсыздоо максатында Свердлов райондук Балдарды колдоо жана коргоо бөлүмүнүн кызматкерлеринин катышуусунда адистештирилген балдар мекемесине өткөрүлүп берилген. Бишкек шаардык милициясы жарандарды балдарга карата зомбулук фактыларына кайдыгер карабоого, мындай учурларда 102 номуру аркылуу укук коргоо органдарына кабарлоого чакырды. Башкы прокуратуранын маалыматына караганда, өлкөдө балдарга карата кылмыштар өсүүдө. Кыргызстанда быйылкы эки айда ички иштер органдарынын маалыматтарды каттоо электрондук журналына 4590 үй-бүлөлүк зомбулук фактысы катталган. Бул 2025-жылдын ушул айына салыштырганда 44% же 1416га көп. Зомбулуктан жабыркагандар арасында кичинекей балдар да бар экени кабарланган. (ZKo)",azattyk.org,https://www.azattyk.org/a/33742782.html,2026-04-26T17:40:28+06:00,kyrgyz,0,high,news_site
0cde1b3f-8dd3-4b5a-b331-769c76d23cc5,22-апрелдин аба ырайы: Көпчүлүк аймактарда жаан жаайт,"25-апрелге чейин күтүлүп жаткан жаан-чачынга байланыштуу тоолуу райондордо, Көк-Арт, Чоң-Ашуу ашууларында кар көчкү түшүүсү жана кар күрткүсү күтүлөт, жолдор тайгак болуп муз тоңот. Унаалардын ортосунда 500 метр аралык кыймыл чектелиши зарыл.22-апрелде түнкүсүн Чүй, Талас, Ысык-Көл, Нарын облустарынын айрым жерлеринде, Жалал-Абад, Баткен облустарынын тоо этектеринде жана тоолуу райондорунда, Ош облусунун тоолуу райондорунда өткүн өтүп, күн күркүрөйт, бийик тоолуу райондордо кар жаайт. Күндүз Талас, Ош, Жалал-Абад, Баткен, Нарын облустарынын айрым жерлеринде өткүн өтүп, күн күркүрөйт, бийик тоолуу райондордо кар жаайт. Бийик тоолуу райондордо жолдор тайгак болот. Батыштан соккон шамалдын ылдамдыгы секундасына 4-9 метрге жетет.Абанын температурасы:Чүй өрөөнүндө түнкүсүн 9…14, күндүз 23…28Талас өрөөнүндө түнкүсүн 6…11, күндүз 21…26Баткен, Ош, Жалал-Абад облустарында түнкүсүн 12…17, күндуз 23…28Ысык-Көл облусунда түнкүсүн 3…8, күндүз 15…20Нарын облусунда түнкүсүн 1…6, күндүз 18…23Бишкек шаарында жаан-чачын жаабайт. Батыштан соккон шамалдын ылдамдыгы секундасына 4-9 метрге жетет. Абанын температурасы түнкүсүн 10…12°, күндүз 25…27° жылуу болот.",azattyk.org,https://www.azattyk.org/a/33736986.html,2026-04-21T14:40:55+06:00,kyrgyz,0,high,news_site
eaef8574-1822-4ec2-81bb-b6c6e1bd106f,Амангелдиев санкцияга тиешеси бар компаниялардын каттоосу жокко чыгарыларын айтты,"Министрлер кабинетинин төрагасынын биринчи орун басары Данияр Амангелдиев “Азаттык” радиосунун “Эксперттер талдайт” программасында Европа Биримдиги, АКШ жана Улуу Британиянын санкциялары боюнча бир катар суроолорго жооп берди. Ал Украинадагы согушта орус же украин тарап колдонгон товарлар Кыргызстан аркылуу өтпөй турганын, бул боюнча кыргыз бийлиги бардык чараларды көргөнүн айтты. Болгон маалыматтар санкция салып жаткан мамлекеттерге берилгени менен алар чектөөлөрдү киргизип жатканын “адилетсиз” деп баалады. “Өкмөттө жакын арада эле бир нече токтомдорду кабыл алганбыз. Керек болсо конституциялык укукту буза турган ыкманы да кабыл алдык. Санкцияга тиешеси бар же ошого шек саналган субъект аныкталса анын юридикалык каттоосун жокко чыгарабыз. Юридикалык каттоосу жокко чыккандан кийин ал автоматтык түрдө банктардагы каттоосун жоготот, эсеп ачып, ишмердигин жүргүзө албайт. Биз ушундай радикалдуу чечимге барганбыз”, - деди ал. Орусия Крымды аннексиялап алган 2014-жылдан кийин Москвага санкция салып баштаган Батыш өлкөлөрү 2022-жылы орус аскерлери Украинага басып кирген соң бул чараларын дагы күчөткөн. Кийин Орусия башка өлкөлөр менен кызматташуусун жанданткан соң аны менен кызматташкан мамлекеттердин компанияларына экинчи деңгээлдеги санкциялар салына баштаган. Кыргызстандын мамлекеттик “Керемет Банк”, “Капитал Банк” банктары “криптоактивдер жана төлөм системалар жаатында кызмат көрсөтүп, Орусиянын Украинага каршысогушун колдогон” деген кине менен АКШнын, Улуу Британиянын санкциясына илинген. Данияр Амангелдиев “Керемет Банк” санкциялардан чыгып калышы мүмкүн экенин айтты. Европа Биримдигинин дипломаттары жакында Орусияга каршы санкциялардын 20-пакетин макулдашкан. Анын алкагында Кыргызстанга да металл кесүүчү станокторду жана үн, сүрөт, видео маалыматтарын берүүчү модем, маршрутизатор сыяктуу байланыш каражаттарынсатууга тыюу салынат. Кыргыз бийлиги Батыш өлкөлөрүнүн дооматын четке кагып, соңку чаранын кесепети деле жок экенин билдирген. 2026-жылдын башына карата 28 кыргызстандык компания АКШнын, Улуу Британиянын жана Европа Биримдигинин “кара тизмесине” кирди. 28 ишкананын 14ү санкциялык товарларды Орусияга жеткирүүгө айыпталса, 4 компания акчаны адалдоо жана алтынды мыйзамсыз сатууга байланыштуу, 2 ишкана Орусиянын мунай компанияларынын туунду ишканалары катары санкцияга илинген. (BTo)",azattyk.org,https://www.azattyk.org/a/33747536.html,2026-05-02T12:26:10+06:00,kyrgyz,0,high,news_site
910b4377-302b-4af9-92ea-ec4cbc35d34e,Иранда интернет өчүрүлгөнүнө 60 күн болду,"NetBlocks мониторинг тобу Ирандын интернетти өчүргөнүнө 60 күн болгонун билдирди. “Туура эки ай мурун, 28-февралда Ирандын бийлиги глобалдык желени бөгөттөгөндө өлкө санарип караңгылыгына баткан”, - деп жазды уюм Х социалдык тармагына. Интернет АКШ менен Израил Ислам жумуриятына каршы чабуул баштаганда кесилип, Тегеран аны согуш абалы менен түшүндүргөн. Элдик толкундоолор маалында, январда да интернет өчүрүлгөн. Бирок эксперттер андан айрымаланып, Иран көзөмөлдөө жолдорун бекемдегенин, “ак тизмени” түзгөнүн белгилешет. Айрым адамдар, арасында аткаминерлер, тандалма мекемелер, компаниялар дүйнөлүк желени колдоно алышат. Жакында бул система расмийлешип, эми Internet Pro схемасына ылайык, ишкерлер жана изилдөөчү, окумуштуулар акы төлөп интернетти буга чейинкидей эле пайдаланса болот. Ок атышуу убактылуу токтогон 8-апрелден кийин катардагы ирандыктардын айрымдары интернет эмне үчүн калыбына келтирилбей жатат деген маселени козгошууда. Дүйнөлүк желенин бөгөттөлүшү дигиталдык жана жалпы экономикага да миллиарддаган доллар зыян алып келди.",azattyk.org,https://www.azattyk.org/a/33744278.html,2026-04-28T17:18:57+06:00,kyrgyz,0,high,news_site
0f903daf-7551-4c34-a210-cf4dd7a550a1,Касымалиев Кытайдын коргоо министри менен эки өлкө алакасын талкуулады,"Кыргызстандын Министрлер кабинетинин төрагасы Адылбек Касымалиев 27-апрелде Кытайдын коргоо министри – мамлекеттик кеңешинин мүчөсү Дун Цзюн менен жолукту.Жолугушууда кыргыз-кытай кызматташтыгы акыркы жылдары түрдүү чөйрөдө тездик менен өсүп жатканы белгиленип, буга эки өлкөнүн мамлекет башчыларынын жолугушууларында жетишилген макулдашуулар себеп болгону айтылды.Адылбек Касымалиев Кыргызстандын экономикасындагы жогорку көрсөткүчтөрдө Кытайдан тартылып жаткан инвестициянын да ролу чоң экенин белгиледи:“Кыргызстан Кытай менен кызматташууну өнүктүрүүгө өзгөчө маани берет жана негизги стратегиялык өнөктөштөрүнүн бири катары карайт. Биз ошондой эле эл аралык уюмдардын, биринчи кезекте БУУ, ШКУ, “Кытай – Борбор Азия” кызматташтык форматы жана башкалардын алкагында активдүү кызматташып жатабыз. Биз кыргыз-кытай соода-экономикалык, илимий-техникалык, маданий-гуманитардык чөйрөлөрдө, мындан тышкары коопсуздук жана коргонуу жаатында да стратегиялык өнөктөштүктү мындан ары тереңдетүүгө умтулабыз”.Кытайдын коргоо министри Дун Цзюн Адылбек Касымалиевге Кытайдын Мамлекеттик кеңешинин премьери Ли Цяндын саламын жолдоду. Ошондой эле Кытай Кыргызстан менен ар тараптуу кызматташууга кызыкдар экенин, анын ичинде аскердик, коргоо жана коопсуздук багытында өнөктөштүктү улантуунун маанилүүлүгүн белгиледи.Дун Цзюн Кыргызстанга Шанхай кызматташтык уюмуна мүчө өлкөлөрдүн коргоо министрлеринин жыйынына катышуу үчүн келген. Быйыл бул уюмга Кыргызстан төрагалык кылып жатат.(ZKo)",azattyk.org,https://www.azattyk.org/a/33743349.html,2026-04-28T10:25:00+06:00,kyrgyz,0,high,news_site
ac641206-60bc-439e-b2e5-64ce7f0dbdec,БУУ: Жаңжал курчугандан бери Иранда кеминде 21 киши дарга асылды,"Жакынкы  Чыгыштагы жаңжал курчугандан бери Иранда кеминде 21 киши дарга асылды жана 4 миңден көп киши кармалды. Мындай маалыматты БУУнун Адам укуктары боюнча кеңсеси таратты. Ага ылайык, бери дегенде 9 киши быйыл январда болгон толкундоолорго байланыштуу дарга асылды, 10 кишиге оппозициялык топко кирген, экөөнө тыңчылык кылган деген айып тагылган. Ал эми 4 миңден ашуун киши улуттук коопсуздукка байланышкан дооматтын негизинде кармалды. «Бийлик Иран элинин укуктарын аеосуз жана катаал жол менен чектөөнү улантууда», - депайттыБУУнун Адам укуктары боюнча жогорку комиссары Волкер Түрк. Буга чейин Amnesty International эл аралык укук коргоо уюму ок атышпоо келишими гуманитардык кризистин курчушун токтото албасын, Ирандын эли бир жагынан согуштан, экинчи жагынан репрессиялардан жапа чеккенин билдирген. Укук коргоочулар Ислам жумурияты өлүм жазасын ишке ашыруу боюнча жан башына алганда дүйнөдө алдыңкы орундарда турганын белгилешет. Ирандагы адам укуктарынын абалына байкоо салган Норвегиядагы уюм жана Парижде жайгашкан Өлүм жазасына биргелешип каршы туруу уюму өткөн жылы Иранда кеминде 1 миң 639 киши дарга асылганын кабарлашкан.",azattyk.org,https://www.azattyk.org/a/33745422.html,2026-04-29T23:44:40+06:00,kyrgyz,0,high,news_site
88745a59-57ff-4f1c-9b1b-838318fa1003,"Ош облсоту: Сайпидинов камакта, иши келерки аптада каралат","Бажы кызматынын төрагасынын мурдагы орун басары Райымбек Матраимовдун жакын тарапташы (өкүл баласы) делген Мунарбек Сайпидиновдун иши 29-апрелде Кара-Суу райондук сотунда каралат. Бул тууралуу Ош облустук сотунун маалымат кызматы билдирди. Буга чейин Мунарбек Сайпидиновдун жакындары менен түшкөн сүрөтү социалдык тармактарга тарап, ал камактан бошогону айтыла баштаган. Ош облустук соту бул маалыматты төгүндөп, анын бөгөт чарасынын мөөнөтү 14-майга чейин узартылганын, учурда камакта экенин белгиледи: ""Кылмыш-жаза кодексинин 41-беренеси (Кылмышка кошо катышуучулардын түрлөрү),336-беренеси (Коррупция) жана 261-беренеси (Уюшкан топ түзүү же ага катышуу) негизинде айыпталган С.М.А. кылмыш иши боюнча сот отуруму 29-апрель саат 15:00гө калтырылган. Кара-Суу райондук сотунун 2025-жылдын 2-декабрындагы токтомунун негизинде С.М.А. карата бөгөт коюу чарасынын камак түрү 2026-жылдын 14-январына чейин тандалган. Андан кийин бөгөт коюу чарасы 2026-жылдын 13-январында 14-мартка чейин, экинчи жолу 4-марттагы токтом менен 14-майга чейин узартылган. Айыпталуучунун бөгөт коюу чарасы камакта"". Ички иштер министрлиги (ИИМ) Ош облусунун Кара-Суу районунда мамлекеттин карамагындагы жерлерди жеке менчикке мыйзамсыз өткөрүп беришкени, Савай айыл өкмөтүнүн жана Жер ресурстар мамлекеттик агенттигинин Кара-Суу райондук филиалынын кызматкерлери 2014-жылдан бери жеке тараптар менен биргеликте мамлекетке тиешелүү жер тилкелерин жана социалдык мекемелерди мамлекеттин эсебинен мыйзамсыз чыгарып, ири өлчөмдөгү зыян келтиришкени аныкталганын маалымдаган. Сайпидинов Кара-Суудагы Савай айыл өкмөтүн 2016-жылдан 2020-жылга чейин жетектеген. Ага чейин аталган айыл өкмөттө депутат, айылдык кеңештин төрагасы болуп да иштеген. 2025-жылы августта аны Орусиядан кармап алып келишкен. Кармалганга чейин Сайпидинов социалдык тармактардагы баракчасына видео кайрылуу жарыялап, Новосибирск шаарында кармалганын, мунун артында “Райымбек Матраимов турарын” айткан. Ошондой эле ал ""Айэркен Саймаитинин жана журналист Улан Эгизбаевдин өлүмүнө айрым фактыларды ачыктай турганын"" билдирген. Сайпидиновго ушуну менен экинчи жолу кылмыш иши козголгон. 2021-жылдын 11-январында Кылмыш-жаза кодексинин 320-беренеси (“Кызмат абалынан кыянаттык менен пайдалануу”) менен сотко чейинки териштирүү башталганда да кармалган. Эки күндөн кийин, 13-январда Ош шаардык соту анын туруктуу жашаган жери бар экенин, мамлекетке келтирилген 1 млн 33 миң 700 сомдук материалдык зыянды толугу менен төлөп бергенин жана үй-бүлөлүк абалын эске алып, үй камагына чыгарган. (DSh)",azattyk.org,https://www.azattyk.org/a/33740702.html,2026-04-23T15:45:05+06:00,kyrgyz,0,high,news_site
9f653f6d-9f07-4f22-8c3e-f5ecfaee8d79,Баткен районунда селден улам өзгөчө кырдаал режими жарыяланды,"Баткен районунда 2-майда нөшөрлөп жааган жаандын кесепетинен сел жүрүп, аймактагы бир катар айылдарда кооптуу абал жаралды, жарандар эвакуацияланып, өзгөчө кырдаал режими киргизилди. Бул тууралуу ""Азаттыкка"" Баткен райондук мамлекеттик администрациясынын басма сөз кызматы билдирди. Мекеменин маалыматына караганда, Ак-Татыр жана Самаркандек айыл аймактарында сел суусу айрым үйлөргө жана короо-жайларга кирип, адамдарды коопсуз жайларга эвакуациялоо иштери жүргүзүлдү. ""Кырдаалга байланыштуу район акими Данир Иманалиев баштаган жетекчилик жана жарандык коргонуунун жооптуу кызматкерлери жеринде ыкчам иш алып барууда. Ошондой эле Өзгөчө кырдаалдар министрлигинин аймактык бөлүмдөрүнүн өкүлдөрү жана куткаруучулар тартылып, абалды көзөмөлгө алуу аракеттери күчөтүлдү. Жаралган кырдаалдын негизинде район аймагында өзгөчө кырдаал режими киргизилип, тиешелүү буйрук чыгарылды"", - деп билдирди акимчилик. Учурда сел жүргөн аймактарда атайын техника ишке тартылып, кесепеттерин жоюу, жолдорду тазалоо жана жарандардын коопсуздугун камсыз кылуу иштери үзгүлтүксүз улантылууда. Синоптиктер соңку күндөрү республиканын айрым аймактарында жаан-чачынга байланыштуу сел жүрүү коркунучу жогору экенин эскертишкен. Нөшөрлөп жааган жаандан улам 1-майда Жалал-Абад облусунда Манас шаарында да сел жүргөн. 30-апрелде Баткен облусунун Кадамжай районунда сел суусу каптаган кээ бир жолдор убактылуу жабылган. 29-апрелде Ош облусунун Алай районунун Гүлчө шаарында селге байланыштуу өзгөчө кырдаал режими киргизилген. (JsA)",azattyk.org,https://www.azattyk.org/a/33747711.html,2026-05-03T00:02:18+06:00,kyrgyz,0,high,news_site
7a66c65c-6eb2-48e6-addb-7d55516542be,Израил Газага гумжардам ташып бараткан кемелерди кармады,"Израилдин Аскер-деңиз күчтөрү Газа секторуна гуманитардык жардам менен бара жаткан Global Sumud Flotilla тобунун бир нече кемесин кармады. Бул тууралуу 30-апрелде аталган топ X социалдык тармагында билдирди. ""Израилдин куралдуу күчтөрү Газага карата деңиз блокадасын жүргүзүп жатат. Катерлер менен байланыш үзүлдү, SOS сигналы жөнөтүлдү"", - деп билдирди уюм. 26-апрелде ондогон кеме активисттер менен Сицилиянын портторунун биринен Газа секторуна багыт алган. Уюмдун айтымында, бул анклавга жетүүгө аракет кылган эң ири флотилия эле. Израил тарап кемелерди кармоо расмий жана пландалган операция экенин, алар деңиз блокадасын бузганын жана согуштук аракеттер жүрүп жаткан аймакка бараткандыктан коопсуздугуна коркунуч жаралганын билдирди жана активисттердин демилгесин гуманитардык миссия эмес, чагым деп атады. Израил 2023-жылдын октябрында Газа тараптан ХАМАСтын (АКШда жана Европа Биримдигинде террордук деп жарыяланган) кандуу кол салуусуна кабылганын жарыялап, ага каршы согуш баштаган. 2025-жылдын октябрь айында Израил жана ХАМАС АКШнын президенти Дональд Трамптын администрациясы иштеп чыккан тынчтык планынын алкагында атышууну токтотууга макул болушкан. АКШ, Түркия, Катар жана Египет Израил менен ХАМАСтын ортосундагы келишимдин кепилдиги катары чыгышкан. Быйыл январдын ортосунда Ак үй Трамптын Газа тилкеси боюнча пландын экинчи этабы башталганын жарыялаган. (RK)",azattyk.org,https://www.azattyk.org/a/33745834.html,2026-04-30T10:32:33+06:00,kyrgyz,0,high,news_site
53af6fa6-988b-47ef-85b7-50ceb5a2e87d,"""Жалал-Абад"" эл аралык финансы борборун түзүү мыйзам долбоору парламентте колдоо тапкан жок","""Жалал-Абад"" эркин экономикалык аймагынын ичинде ""Жалал-Абад""  финансы борборун куруу тууралуу мыйзам долбоору Жогорку Кеңеште артка кайтарылды. Парламенттин Финансы, бюджет, ишкердик жана атаандаштыкты өнүктүрүү комитети 21-апрелде “Жалал-Абад эл аралык финансылык борбору” эркин экономикалык зонасын түзүү жөнүндө” мыйзам долбоорун кайра иштөөгө жиберди. Документ комитеттин экинчи окуудан кароосуна киргизилген. Бирок комитет төрагасы Жаныбек Абиров долбоор биринчи окууда Министрлер кабинетинин каршы пикирин жаратып, кайра иштөөгө жиберилгенин белгилеп, азыркы редакциясын да четке кагууну сунуштады. ""Иштеп чыккандан кийинки редакциясын да Министрлер кабинети жактырган жок, ошондуктан, бул редакциясында да кароодон алынсын. Иштеп чыгуууга жиберилсин"", - деди Абиров. Жыйынтыгында комитет мүчөлөрү сунушту колдоду. Мыйзам долбоорун 2024-жылы Жогорку Кеңештин мурунку чакырылышындагы депутаттар демилгеленген. Авторлор мыйзам аймакты өнүктүрүүнү тездетерин, эркин экономикалык аймакта финансы, камсыздандыруу, брокерлик жана башка кызматтарды көрсөткөн компаниялар иштөөсүнө мүмкүнчүлүк түзүлөрүн белгилешкен. Долбоордо ""Жалал-Абад"" финансы борбору шаар чегинде жайгашып, өзүнүн аймагы, бюджети жана башкаруу органы болору жазылган. Аталган борбор аймактын экономикасын өнүктүрүүгө, инвестиция тартууга, экспортту көбөйтүүгө, Манас шаарын ишкерлик борбору катары өнүктүрүүгө, иш орундарын түзүүгө жана башка эл аралык стандарттарга жана тажрыйбаларга негизделген финансы жана адистик кызматтарды көрсөтүп, эл аралык финансы борбору катары калыптанууга милдеттендирери белгиленген. Жалал-Абад шаарынын аталышы 2025-жылы сентябрь айында Манас шаары болуп өзгөртүлгөн.(ZKo)",azattyk.org,https://www.azattyk.org/a/33737086.html,2026-04-21T16:56:23+06:00,kyrgyz,0,high,news_site
cf91117c-3f03-42e4-8597-51eb4f71053d,"АКШ Ирандан согушту токтотуу боюнча ""бирдиктүү"" сунуш күтүп жатканын билдирди","АКШ президенти Дональд Трамп Тегерандан согушту токтотуу сунушуна ""бирдиктүү"" жооп күтүп жатат, бирок азырынча ""так мөөнөт"" кое элек. Бул тууралуу Ак үй мөөнөтү 22-апрелде бүткөн атышпоо келишимин Трамп бир тараптуу узарткандан бир күн өткөндөн кийин билдирди. Ак үйдүн басма сөз катчысы Кэролайн Левитт журналисттерге Трамп Иран режимине ""бир аз ийкемдүүлүктү сунуштап жатканын"" билдирди. Ал Тегеранда ""ички бөлүнүү көп экенин"" баса белгиледи:""Азыр Иранда прагматиктер менен катаал режим тарапташтарынын ортосунда күрөш жүрүп жатат жана президент бирдиктүү жооп болушун каалайт, андыктан бул жоопту күтүп жаткан учурда атышпоо режими күчүндө"".Левитт Трамп согушту токтотуу боюнча ""эң күчтүү сунуш"" бергенин, бирок Ирандын сунушун алууга так мөөнөт койбогонун айтканы менен кененирээк маалымат берген жок. Буга чейин, 22-апрелде Левитт Fox News агенттигине Иран согушту токтотуу боюнча сүйлөшүүлөрдүн алкагында өзүнүн байытылган уранын АКШга берүүгө макул болушу керектигин айткан.АКШ менен Израил Иранга каршы согушун 28-февралда баштаган. Тараптардын 11-12-апрелде Исламабадда башталган сүйлөшүүлөрүнүн кийинки раунду өтө элек. Иран ага катышарын билдирбегендиктен америкалык чабармандар азырынча Пакистанга баруудан карманып турушат.Левиттин комментарийи Иран парламентинин төрагасы Мохаммед Багер Калибаф АКШнын Иран портторун бөгөттөөсү макулдашууга чейин күчүндө калары атышпоо режимин бузуу деп эсептелинерин белгилеген Тегерандын айыптоосун кайталагандан кийин айтылды.Билдирүүсүндө Калибаф ""Ормуз кысыгынын ишин жандантуу атышпоо режими минтип одоно бузулган шартта мүмкүн эместигин"" айткан. Иран дүйнөлүк мунай жана суюлтулган газдын бештен бири ташылган кысыкты азыркы тапта жабык кармап турат.",azattyk.org,https://www.azattyk.org/a/33740556.html,2026-04-23T10:50:12+06:00,kyrgyz,0,high,news_site
a0a023e8-39ba-4ba8-a1b8-bfb0fee7a53e,Одессада Орусиянын чабуулунан жабыркагандар саны 20га жетти,"Украинанын Одесса аймагында 30-апрелге караган түнү орусиялык дрондордунчабуулунанкеминде 20 адам жабыркады, алар 17ден 70 жашка чейинки курактагы жергиликтүү тургундар. Бул тууралуу облустук аскердик администрациянын төрагасы Олег Кипер маалымдады. Жараат алгандардын арасында 17 жаштагы улан бар экенин шаардын аскердик администрациясынын башчысы Сергей Лысак Telegram баракчасына билдирген. Анын айтымында, катуу чабуул шаардагы турак жай имараттарына жана жарандык инфраструктурага багытталды. Көп кабаттуу турак жайлар зыян тартты, айрым жерлерди өрт чалды. Дрондордун бири бала бакчага тийип, өрт чон аянтка жайылганы, олуттуу зыян келтиргени маалымдалды. Соода борбору, мейманкана, административдик имараттар, кампалар да жабыркаганы, унаа жайларда ондогон автобустар жана жеңил машиналар талкаланганы да айтылды. Лысак жараат алгандардын экөө оор абалда реанимацияда жатканын жазды. Украинанын аскердик мекемеси билдиргендей, өткөн түнү Орусия украин жергесин баллистикалык «Искандер-М» ракетасы жана 206 согуштук дрон мененаткылады.",azattyk.org,https://www.azattyk.org/a/33745875.html,2026-04-30T12:36:44+06:00,kyrgyz,0,high,news_site
0645b010-36be-4e75-a4ae-eff65856897e,"Кинотеатрларда тыюу салынган ""Өч 2""  тасмасын интернеттен көрсөтүүгө уруксат берилди","“Өч 2” тасмасын онлайн “Этномедиа” платформасынан көрсөтүүгө уруксат берилди. Бул тууралуу “Азаттыкка” тасманын продюсери Ренат Русланов билдирди.Анын айтымында, тасма платформада “21+” деген чек менен көрсөтүлөт.Маданият, маалымат жана жаштар саясаты министрлиги “Өч 2” көркөм тасмасын өлкө аймагында көрсөтүүгө 13-апрелде тыюу салган.Чечим Кинематография департаментинин комиссиясы “тасмада зомбулук жана адеп-ахлакка жат көрүнүштөр бар, тарбиялык мааниси жетишсиз” деп тапкандан кийин кабыл алынган.Эксперттик комиссия тасманын мазмуну коомчулукта терс реакция жаратып, айрыкча жаштар арасында терс психологиялык жана моралдык таасир тийгизүү коркунучу бар деген тыянакка келген.Буга байланыштуу “Кыргызтасмасы” киноборбору мамлекеттик мекемесинин директору Алмаз Түлекеев кызматынан бошотулган. Кинотеатрларга эки жумага жакын прокатта турган тасманы көрсөтүүдөн алып салуу милдети коюлган.Тасманы тарткан топ бул чечимге нааразы болгон. Алар фильмди тартуу үчүн банктан кредит алышканын, 100 миң доллардан ашык чыгымы акталбай калганын айтышкан. Кырдаалга байланыштуу Кыргыз кинопродюсерлеринин ассоциациясы министрликке кат жолдоп, цензурага жол бербөөнү өтүнүшкөн.“Өч 2” тасмасы драма, триллер жанрында тартылган. Режиссерлору Илгиз Куватбек жана Шамилбек Бекболсун уулу.Реалдуу окуяга негизделген тасмада баш каармандын карындашын уурдап, кордогон адамдардан өч алганы баяндалат.Кинематография департаментинин кабарлашынча, өлкөдө жылына 70тей тасма тартылат, быйыл алардын саны жүзгө жетери болжолдонууда. Коммерциялык тасмалар жеке студияларда, ал эми мамлекеттик тасмалар “Кыргызфильм” студиясында тартылат. (ST)",azattyk.org,https://www.azattyk.org/a/33748547.html,2026-05-04T12:47:07+06:00,kyrgyz,0,high,news_site
207e7317-596b-46ff-b5dc-02108bb85a1f,"Украин дрондору Екатеринбургга чабуул койду, жараат алгандар бар","Украинанын учкучсуз учактары Орусиянын Екатеринбург аймагына чабуул койду, шаардын борборундагы «Тринити» көп кабаттуу үй-комплекси зыян тартты. Бул тууралуу Свердлов облусунун губернатору Денис Паслер билдирди. Анын айтымында, алты адам дарыгерге кайрылып, бир аял ооруканага жаткырылды, 50 адам эвакуацияланды. Алардын айрымдары убактылуу пункттарга жайгаштырылды. Жергиликтүү маалымат каражаттары комплекстин 25-кабатынан 30-кабатына чейин зыян тартканын жазышты. Тургундар жарылуу эртең мененки саат 7лерде угулганын белгилеп жатышат. Чабуулдан кийин шаар тургундары мобилдик байланыш начарлап, «кара тизмеге» кирбеген сайттар дагы иштебей калганын билдиришти. Жергиликтүү сайттар бул Свердлов облусуна жасалган алгачкы дрон чабуулу экенин жазышты. Украин армиясы ошондой эле Челябинск облусуна сокку урду. Жергиликтүү тургундар металлургия комбинатында жарылуу болгонун кабарлашты. Орусиянын Коргоо министрлиги өз аймагында жана аннексияланган Крымдында 127 дрон жок кылынганын кабарлады. Екатеринбург, Челябинск, Волгоград, Пермь, Краснодар жана башка шаарлардын аэропортунда учактардын учуп-конушуна убактылуу чектөө киргизилди.",azattyk.org,https://www.azattyk.org/a/33742265.html,2026-04-25T16:26:12+06:00,kyrgyz,0,high,news_site
62a3c125-a539-4c90-97f9-515f941e2117,"Украинада Одесса, Орусияда Туапсе кайрадан дрон чабуулуна кабылды","1-майга караган түнү Украинада Одесса облусунун Измаил районундагы порт инфраструктурасы Орусиянын чабуулуна кабылды. ""Душман Измаил районундагы порт инфраструктурасына абадан сокку урду. Мамлекеттик өзгөчө кырдаалдар кызматы өрттү тез арада өчүрдү"", - деп билдирди райондук мамлекеттик администрация. Баштапкы маалыматтарга караганда, жабыркагандар катталган жок. Анын алдында Одессада көп кабаттуу эки турак жайга дрон менен сокку урулуп, өрт чыкканын шаардык аскер администрациясынын башчысы Сергей Лысак жана Украинанын Аба күчтөрүнүн маалымат кызматы билдирген. ""Учурда биз курмандыктар жана келтирилген зыяндын көлөмү тууралуу маалыматты тактап жатабыз"", - деп жазган Лысак Telegram баракчасына. Ал тапта Орусияда Краснодар крайынын ыкчам штабынын маалыматы боюнча, Туапсе деңиз терминалына кайрадан дрон чабуулу жасалды. Штаб соккудан өрт чыкканын, буга украин тарап айыптуу экенин билдирди. Ушуну менен соңку эки жумада орусиялык деңиз порту төртүнчү жолу учкучсуз учактардын чабуулуна кабылды. Өрттү өчүрүүгө 128 адам жана 41 техника тартылганы, адамдар арасында жабыркагандар жок экени маалымдалды. Туапседе соңку кырдаалды экологиялык кырсык деп атап, ""мунай жамгыры"" жааганын, деңизде мунай калдыктары пайда болгонун кабарлап жатышат. (RK)",azattyk.org,https://www.azattyk.org/a/33746868.html,2026-05-01T09:58:24+06:00,kyrgyz,0,high,news_site
b50df944-0f75-4897-b17b-5a9056086277,Акыйкатчы: Алимент өндүрүү маселеси жапырт социалдык көйгөйгө айланууда,"Акыйкатчы Жамиля Жаманбаева Кыргызстанда жашы жете элек балдарга алимент өндүрүү жылдап созулган көйгөйгө айланганын белгиледи.Акыйкатчынын 28-апрелде таратылган билдирүүсүндө азыркы иштеп жаткан алимент өндүрүү механизми жетиштүү натыйжа бербей, ""жарандар ата-энелик жоопкерчиликтен качып, баланын укуктары толук корголбой, маселе массалык социалдык көйгөйгө айланып бара жатканы"" белгиленген.Мекеме алимент өндүрүү боюнча сот чечимдеринин аткарылышына былтыр мониторинг жүргүзгөн. Анда Башкы прокуратурага караштуу Сот аткаруучулар кызматынын жана Улуттук статистикалык комитеттин маалыматтарына талдоо жүргүзүлгөн. Соттор, ИИМдин өкүлдөрү, адвокаттар, ошондой эле алимент өндүрүү көйгөйлөрүнө кабылган аялдар менен маектешүү жүргүзүлгөн.""Алимент өндүрүү жолу соттук териштирүүсүз ишке ашпай, ата-энелик милдеттин мыйзам чегинде аткаруу маданияты өнүкпөй, балага каражат бөлдүрүү үчүн жарандар соттошууда. Соттун чечими чыгарылган менен алардын басымдуу бөлүгү ишке ашпай жатат. Бул алиментке байланыштуу негизги көйгөйлөрдүн бири. Акыйкатчы институтуна кайрылгандардын баарында сот чечими болгон жана ал учурда алар аткарылган эмес"", - деп жазылган омбудсмендин билдирүүсүндө.2024-жылы, акыйкатчынын маалыматына караганда, сот аткаруучулар 36 613 чечимдин 4 152синен гана алимент өндүрө алган. 2025-жылдын аягында алимент боюнча сот чечиминин саны 60 миңден ашкан. Муну белгилеген омбудсмен алимент өндүрүү механизмдери алгылыктуу натыйжа бербей жатканын, сот чечимин жылдап күткөн өндүрүүчүлөр андан ары сот чечимдеринин аткарылышын жылдап күтүүгө мажбур болушарын билдирүүдө.""Ал арада бала бой жетип, алимент өндүрүү иши токтотулат. Сот аткаруучулар кызматынын маалыматында, 2025-жылдын жыйынтыгы менен 1543 иш боюнча бала 18ге чыккандыктан өндүрүү аракети токтотулган. Адвокаттардын айтымында, бул маселеге сот аткаруучулардын кайдыгерлиги же коррупциялык фактор дагы өз салымын кошууда. Алименттен качуу үчүн карызкор жасалма “жумушсуз” болуп, чыныгы кирешесин жашырып, мүлкүн туугандарына каттатып, өзү чет өлкөгө чыгып кетет"", - деп белгилейт акыйкатчы.Маалыматка ылайык, 2025-жылы карызкорлордун 99 пайызы (2024-жылы 72 %) расмий жумушсуз болгон. Алимент төлөөдөн баш тарткан кырызкорду кылмыш жоопкерчилигине тартуу сунушу менен өткөн жылы укук коргоо органдарына 604 иш жөнөтүлгөн. Бирок анын 368ине гана кылмыш иши козголуп, калган 236сына баш тартылган.Акыйкатчынын мониторингине катышкан милиция кызматкерлери алимент төлөбөй жүргөндөрдү жоопкерчиликке тартуу татаал экенин, чет өлкөгө чыгып кетсе издөө кыйынчылыкка турарын, телефон номурларын тез-тез алмаштырышарын айтышкан. Ошонун негизинде Министрлер кабинетине бир катар сунуштар жөнөтүлгөнү кабарланды.Буга чейин акыйкатчынын кийлигишүүсү менен төрт жаранга жалпы суммасы 200 миң сомдон ашык каражат өндүрүлүп берилип, ата-энелик милдетин аткаруудан баш тарткан бир карызкор кылмыш жоопкерчилигине тартылган.Сот аткаруучулар кызматынын маалыматына караганда, Кыргызстанда алимент төлөбөгөн 1204 кишиге издөө жарыяланган. Ал эми алиментке байланыштуу жалпы 60 миң 720 иш өндүрүшкө алынган. Алимент төлөбөгөн жарандарды сот аркылуу эркинен ажыратуу тажрыйбасы Кыргызстанда 2026-жылдан тартып ишке аша баштады. Буга чейин Баткен облусунун, Манас шаарынын, Сузак районунун тургундары кесилип, сот залынан камакка алынышкан. Ошондой эле 400-500 миң сомдон 1 миллион сомго чейинки алимент карызы бар жарандардан каражат өндүрүлгөнү маалымдалган. Өлкөдө ажырашкандардын 2% гана балдарына алимент төлөй турганы расмий айтылган. (ZКo)",azattyk.org,https://www.azattyk.org/a/33744082.html,2026-04-28T11:20:41+06:00,kyrgyz,0,high,news_site
4dc09ac6-606a-4442-9a2b-14409a48ab2d,Бишкек: Мэрия курган алгачкы көп кабаттуу унаа жай сынга алынууда,"Жогорку Кеңештин депутаты Дастан Бекешев да Бишкекте ачылган алгачкы муниципалдык көп кабаттуу унаа жайды талапка жооп бербейт деп эсептей турганын билдирди. Бул тууралуу ал соцтармактагы баракчасына жазып, аталган жай машинелердин, өзгөчө чоңураак жол тандабастардын кирип чыгуусу үчүн ыңгайсыз экенин белгиледи.Депутат ошондой эле мэриянын демилгеси менен курулган көп кабаттуу унаа токтотуучу жай бизнес долбоор катары кызмат кылып каларын да белгилеп, буга имараттын сырткы дубалына чоң көлөмдөгү жарнамалык LED экран орнотулушун мисал келтирди.""Мен буга каршы эмесмин, бирок шаардык кеңештин чечими бар - мындай экрандар соода жана оюн-зоок борборлорунун дубалдарына гана жайгаштырылышы керек. Бул имарат андай эмес, мыйзам баарына бирдей болушу керек да"", - деп жазды Бекешев. 24-апрель күнү Бишкекте көп кабаттуу унаа токтотуучужайдын расмий ачылышыболгон. Имарат 245 автоунаага ыңгайлашканы, анын курулушуна 220 млн сом сарпталганы айтылган.Бишкектин Орто-Сай базарынын жанына курулган көп кабаттуу автоунаа токтотуучу жайдын ыңгайсыздыгынсындаган пикирлербуга чейин да соцтармактарга жарыяланган.(ZKo)",azattyk.org,https://www.azattyk.org/a/33744268.html,2026-04-28T17:30:59+06:00,kyrgyz,0,high,news_site
4ae14b6a-0f4f-4b47-a5d6-2b005600911b,Аба ырайы: Көпчүлүк аймактарда жаан жаайт,"28-апрелде түнкүсүн Ысык-Көл, Нарын облустарынын көпчүлүк аймактарында, Чүй облусунун айрым жерлеринде, Ош облусунун тоолуу райондорунда жаан жаап, күн күркүрөйт, бийик тоолуу райондорунда кар жаайт. Ысык-Көл, Нарын облустарынын айрым жерлеринде жаан-чачын катуу жаайт. Күндүз Ош, Баткен, Ысык-Көл, Нарын облустарынын көпчүлүк аймактарында, Чүй, Талас, Жалал-Абад облустарынын айрым жерлеринде жаан жаап, күн күркүрөйт, бийик тоолуу райондорунда кар жаайт. Ош, Ысык-Көл облустарынын айрым жерлеринде жаан-чачын катуу жаайт. Бийик тоолуу райондордо жолдор тайгак болот. Батыштан соккон шамалдын ылдамдыгы секундасына 4-9 метрден, күндүз Ысык-Көл, Нарын облустарынын айрым жерлеринде 15-20 метрге жетет.Абанын температурасы:Чүйөрөөнүндө түнкүсүн 8…13, күндүз 23…28Таласөрөөнүндө түнкүсүн 5…10, күндүз 21…26Баткен, Ош, Жалал-Абад облустарында түнкүсүн 11…16, күндүз 24…29Ысык-Көлоблусунда түнкүсүн 3…8, күндүз 14…19Нарыноблусунда түнкүсүн 4…9, күндүз 14…19Бишкек шаарында түнкүсүн жаан-чачын жаабайт, күндүз өткүн өтүп, күн күркүрөшү мүмкүн. Батыштан соккон шамалдын ылдамдыгы секундасына 4-9 метрге жетет. Абанын температурасы түнкүсүн 11…13°, күндүз 24…26° жылуу болот.",azattyk.org,https://www.azattyk.org/a/33743265.html,2026-04-27T13:12:16+06:00,kyrgyz,0,high,news_site
40882321-454f-4e60-a650-abb5a8123c55,Бишкекте чет элдик жаранды өлтүрүүгө шектүүлөр кармалды,"Бишкекте чет өлкөлүк жаранды өлтүрүүгө шектелип төрт киши кармалды. Алар Аламүдүн районундагы Арчалы айылында, сөөгү талаага көмүлгөн адамдын өлүмүнө шек саналууда.Бишкек шаардык ички иштер башкармалыгы (ШИИБ) маалымдагандай, 20-апрелде саат 19:30 чамасында Аламүдүн районуна караштуу Арчалы айылынын капчыгайынан чет өлкөлүк Ж.Ч. аттуу жарандын зомбулук издери калган сөөгү табылган. Аталган факт боюнча Бишкек милициясынын тергөө кызматы Кылмыш-жаза кодексинин 122-беренеси (""Адам өлтүрүү"") менен иш козгогон.Бул кылмышка шектүү катары Р.Ж., Ф.Ж., О.Ч. жана А.Т. аттуу жарандар (бири аял) кармалган.22-апрель күнү кармалгандар сот чечими менен эки айга камалышты жана №1 тергөө абагына киргизилди.Учурда кылмыш иши боюнча зарыл болгон ыкчам тергөө иш-чаралары улантылууда. Милиция маркум кайсы өлкөнүн жараны экенин ачыктаган жок. (ZKo)",azattyk.org,https://www.azattyk.org/a/33737947.html,2026-04-22T17:18:41+06:00,kyrgyz,0,high,news_site
2c67307c-3496-419f-a240-151ae73c29f2,"Украинада дрон соккусунан адам өмүрү кыйылды, жараат алгандар бар","29-апрелге караган түнү Украинанын Сумы аймагында Орусиянын дрон жана ракета соккусунан жарандык инфраструктура зыянга учураганын, өрт чыгып, бир адам каза болгонун аймактык аскердик администрациянын башчысы Олег Григоров билдирди. ""Чабуулдун кесепетинен турак жай аймагында ири өрт чыккан. Тилекке каршы, имараттардын биринде жашаган 65 жаштагы аял көмүртек кычкыл газынан ууланып каза болгон... Дагы эки адам медициналык жардамга кайрылган. Калган тургундар тез арада эвакуацияланган"", - деп жазды Григоров Telegram баракчасына. Чабуул коюлган Шостка аймагы Украина менен Орусиянын чек арасына жакын жайгашкан жана орусиялык дрондордун чабуулуна көп кабылат. Өткөн Орусия Украинанын Харьков аймагынын бир нече районуна да дрон менен чабуул койгонун мэр Игорь Терехов билдирди. Анын айтымында, чабуулдан бир адам жаракат алды. Соккулар инфраструктуралык объектилерге жана турак жайларга тийген: көп кабаттуу үйлөрдөгү терезелер талкаланган, ал эми даракка тийген дрондун калдыктары жеке сектордогу бир нече үйгө зыян келтирген. Орусиянын чек арасына жакын жайгашкан Харьковго орусиялык аскерлердин чабуулдары жана соккулары дайыма болуп турат. (RK)",azattyk.org,https://www.azattyk.org/a/33744923.html,2026-04-29T12:49:36+06:00,kyrgyz,0,high,news_site
4125eeb8-5646-47d9-a2ff-dbca35037c00,БАЭ Ирандын дрон жана ракета чабуулуна кабылганын кабарлады,"Вашингтон менен Тегеран атышууну токтотконун жарыялагандан бери биринчи жолу Иран Бириккен Араб Эмирликтерин (БАЭ)дрон жана ракета менен аткылады. БАЭнин аба соккуларынан коргонуу күчтөрү Ирандан учурулган 19 ракета жана учкучсуз учуучу аппаратты кармашканын өлкөнүн Коргоо министрлиги 4-майда X социалдык медиа платформасындагы баракчасына жазды. Министрликтин маалыматына караганда, Иран БАЭге карай 12 баллистикалык ракета, үч канаттуу ракета жана төрт дрон учурган. Дрон чабуулунан кийин Фужайра мунай комплексинин жанында өрт чыккан. Чабуулдун кесепетинен үч индиялык жаран жаракат алып, ооруканага жаткырылды. Мектептер 5-майдан 8-майга чейин онлайн иштемей болду. Эмираттар бийлиги Ирандын бул соккуларын кескин айыптап, жооп кайтаруу укугу бар экенин эскертти. Өлкөнүн Тышкы иштер министрлиги чабуулду ""кооптуу эскалация"" деп атап, ""бул чабуулдарга жооп кайтаруу үчүн толук жана мыйзамдуу укугу бар экенин"" билдирди. Ошол эле учурда Ирандын мамлекеттик телеканалы жогорку даражалуу аскер кызматкерине шилтеме берип, Тегеранда БАЭге чабуул жасоо ""планы жок"" экенин кабарлады. Коңшу Оман бийлиги БАЭнин чек арасына жакын жайгашкан Буха шаарына сокку урулганын билдирди. Жергиликтүү маалымат каражаттары кабарлагандай, турак жай имараты жабыркап, эки чет элдик жумушчу жаракат алды. АКШ президенти Дональд Трамп TruthSocial социалдык медиа платформасына Иран бир нече жолу сокку урганын, анын ичинде Ормуз кысыгындагы түштүк кореялык кемеге чабуул коюлганын жазды. Ак үйдүн маалыматы боюнча, америкалык күчтөр ирандык жети кайыкты жок кылышты. Бир күн мурун АКШ ""Эркиндик долбоору"" операциясынын алкагында Ормуз кысыгында калган кемелерди коштоп жүрөрүн жарыялаган. Иран АКШнын кысыктагы кемелердин ишине кийлигишүүсү 8-апрелде күчүнө кирген атышпоо келишимин бузуу деп эсептелерин билдирген.",azattyk.org,https://www.azattyk.org/a/33750070.html,2026-05-05T10:16:46+06:00,kyrgyz,0,high,news_site
9a200e16-8902-4cd6-9ca3-9e5f98750dbb,"NYT: Можтаба Хаменеиге кеп бут салып, пластикалык операция жасоо керек","The New York Times басылмасында 23-апрелде жарык көргөнмакалада жазылгандай,Ирандын лидери Можтаба Хаменеинин абалы оор. Ал 28-февралдагы аба чабуулунан оор жараат алган. Израил менен АКШнын биргелешкен соккусунан атасы Али Хаменеи жана жубайы жан таслим болгон. Макаладагы маалыматка караганда,Можтаба Хаменеигежасалма бут коюп, бетине пластикалык операция жасоо зарыл болуп турат. Басылма төрт булакка таянып билдиргендей, ал чечим кабыл алууга жөндөмдүү болгону менен бети абдан катуу күйүп калган. Андан тышкары колуна операция жасалган. Маалыматта айтылгандай, согушту токтотуу боюнча сүйлөшүүлөр жүрүп жаткан учурда Хаменеи ирандык генералдар менен чектелген гана байланышта болгон. Бул АКШнын буга чейинки «ал жарадар болгон жана, балким, жүзү өзгөрүп кеткен» дегенбилдирүүлөрүн тастыктайт. «Можтаба азырынча толук башкарууну жана көзөмөлдү колуна ала элек», — деген Chatham House уюмунун Жакынкы Чыгыш жана Түндүк Африка программасынын директору Санам Вакил. Макалада белгиленгендей, күнүмдүк башкаруу акыркы убакта жогорку кызматтагы аткаминерлерге жана Ислам революциясынын сакчылар корпусуна өтүп, Хаменеи коомчулукка көп көрүнбөй калды.",azattyk.org,https://www.azattyk.org/a/33741748.html,2026-04-24T20:31:44+06:00,kyrgyz,0,high,news_site
1d60fb7c-6892-4998-be7e-eb0ca5446688,"Иран парламентинин төрагасы согушта Тегеран ""жаңы карталарын"" чыгарарын айтты","Иран АКШ жана Израил менен болгон тиреште «жаңы карталарын» көрсөтүүгө даяр экенин билдирди. Бул тууралуу Мохаммад Бакер Калибаф айтты. Ал Иран парламентинин төрагасы гана эмес, тынчтык сүйлөшүүлөрүндөгү башкы өкүлдөрдүн бири. Анын айтымында, өлкө акыркы апталарда жаңы кадамдарга даярданды. Калибаф X платформасында20-апрелде жазган билдирүүсүндөАКШ президенти Дональд Трампды сынга алды. Ал Трампты «блокада киргизип, ок атышууну токтотуу келишимин бузду» деп айыптады. «Биз коркутуулар астында сүйлөшүүгө макул эмеспиз. Акыркы эки жуманын ичинде биз согуш талаасында жаңы мүмкүнчүлүктөрдү көрсөтүүгө даярдык көрдүк», — деп жазды Калибаф. 20-апрелде Трамп вице-президент Жей Ди Вэнс башында турган делегация Пакистан баш калаасына Иран менен сүйлөшүүлөрдүн экинчи айлампасына катышуу үчүн жөнөп кеткенин билдирди. Иран дагы дале бул сүйлөшүүлөргө катышар-катышпасын ырастай элек. Axios басылмасыөз булактарына таянып, Ирандын жогорку руханий лидери макул болгонун жазды. Быйыл 28-февралда Израил менен АКШ Иранга чабуул баштап, Тегеран ага жооп кайтарып Перс булуңундагы америкалык базалар жайгашкан өлкөлөргө сокку ура баштаганда дүйнөлүк рыноктогу мунай жана газдын 20% ашууну ташылган Ормуз кысыгын жаап койгон. Бул мунайдын кымбатташын шарттады. Тегеран 17-апрелде элдешүү маалында коммерциялык танкерлер үчүн Ормуз ачылганын маалымдап, кийинки күнү Ирандын портторун АКШнын курчоого алуусу уланып жаткандыктан кысыкта аскердик көзөмөл калыбына келтирилгенин айткан.",azattyk.org,https://www.azattyk.org/a/33737038.html,2026-04-21T15:55:02+06:00,kyrgyz,0,high,news_site
fcd84ec4-1e37-4672-acbb-75b1d1c41cd3,"Мунайдын баасы өсүп, баррели 111 долларга жетти","Мунайдын баасы шейшембиде да өсүү тенденциясын улантты. АКШ менен Иран согушту токтотуу жана Ормуз кысыгын ачуу тууралуу мунаса таба алары арсар болуп турган маалда Brent маркасындагы мунайдын баасы европалык рынокто 3% өсүп, бир баррели 111 долларга жетти. Кара май 7 күн катары менен кымбаттап келатат, ал эми Азиянын финансы рынокторунда 28-апрелде акциялар арзандап жатты. Америка менен Ирандын сүйлөшүүлөрүнөн майнап чыкпай, Ормуз кысыгынын жабылышынын экономикалык кесепеттерине байланышкан тынчсыздануу өлкөлөрдүн борбордук банктары саясатын өзгөртүшү мүмкүн деген айың кептердин күчөшүнө жем таштады. Ошол жаңы саясатка ылайык, инфляцияга туруштук берүү үчүн үстөк пайызды көтөрүү каралууда. Ормуз кысыгынан дүйнөдөгү мунай менен газдын дээрлик 20% ташылат. АКШ менен Израил чабуул баштаган 28-февралда Иран кысыкты кемелер менен мунай танкерлери үчүн иш жүзүндө жаап салган. Ок атышууну токтотуу макулдашуусунан кийин, 17-апрелде ачып, көп өтпөй кайра жапкан. Анын алдында АКШ менен Ирандын сүйлөшүүлөрү майнапсыз аяктаганда америкалык аскерлер ирандык портторду бөгөттөгөн. Мунун айынан пайда болгон глобалдык кризис өзгөчө Азиянын өлкөлөрүндө сезилүүдө.",azattyk.org,https://www.azattyk.org/a/33744425.html,2026-04-28T21:15:59+06:00,kyrgyz,0,high,news_site
76c44313-d6c9-4860-bacb-a4a1a37eb970,"23-апрелдин аба ырайы: Жаан жаап, күн күркүрөйт","25-апрелге чейин күтүлүп жаткан жаан-чачынга байланыштуу Кыргызстандын тоолуу райондорунда, Көк-Арт жана Чоң-Ашуу ашууларында кар көчкү түшүүсү жана кар күрткүсү күтүлөт, жолдор тайгак болуп муз тоңот. Унаалардын ортосунда 500 метр аралык кыймыл чектелиши зарыл.23-апрелде түнкүсүн Чүй, Талас, Жалал-Абад, Баткен облустарынын көпчүлүк аймактарында, Ош, Ысык-Көл Нарын облустарынын айрым жерлеринде жаан жаап, күн күркүрөйт, бийик тоолуу райондорунда кар жаайт. Талас, Жалал-Абад, Баткен, Нарын облустарынын айрым жерлеринде жаан-чачын катуу жаайт. Күндүз көпчүлүк аймактарда жаан жаап, күн күркүрөйт, бийик тоолуу райондордо кар жаайт, айрым жерлеринде жаан-чачын катуу жаайт. Бийик тоолуу райондордо жолдор тайгак болот. Батыштан соккон шамалдын ылдамдыгы секундасына 4-9 метрден, айрым жерлерде 15-20 метрге чейин жетет.Абанын температурасы:Чүй өрөөнүндө түнкүсүн 10…15, күндүз 18…23Талас өрөөнүндө түнкүсүн 6…11, күндүз 16…21Баткен, Ош, Жалал-Абад облустарында түнкүсүн 11…16, күндүз 19…24Ысык-Көл облусунда түнкүсүн 4…9, күндүз 16…21Нарын облусунда түнкүсүн 3…8, күндүз 16…21Бишкек шаарында мезгил-мезгили менен жаан жаап, күн күркүрөйт. Батыштан соккон шамалдын ылдамдыгы секундасына 4-9 метрге жетет. Абанын температурасы түнкүсүн 13…15°, күндүз 18…20° болот.",azattyk.org,https://www.azattyk.org/a/33737808.html,2026-04-22T13:50:00+06:00,kyrgyz,0,high,news_site
f5d0d7c9-0c75-4a11-9bea-ce6a4e47c622,"Орусиянын ""көзөмөл реестрине"" кирген кыргыз жарандарынын саны 93 миңден ашты","Кыргызстандын 93 миң 693 жараны Орусиянын көзөмөл реестрине киргизилген. Бул 2026-жылдын 12-мартындагы маалымат экенин Кыргызстандын Орусиядагы элчилигинин консулдук бөлүмүнүн башчысы Бакыт Асаналиев ""Акипресс"" агенттигине берген маегинде билдирди. Анын айтымында, реестрге кирген жарандардын саны улам өзгөрүп, система жаңыланып турат.Башкы консул Орусиянын аймагында жүргөн Кыргызстандын жарандарын миграциялык мыйзамдар менен жакшылап таанышууга чакырды. Анын белгилешинче, ушул тапта бул өлкөдө 472 миңден ашуун кыргызстандык иштеп жүрөт. Алардын 268 миң 460ы миграциялык каттоодо турат.Орусияда 2024-2025-жылдары миграциялык мыйзамдар катаалдаша баштады. Былтыр 5-февралдан тартып чет элдик жарандар үчүн “көзөмөлгө алынгандардын” реестри иштей баштаган. Тизмеге илинип калгандардын укуктары кескин чектелет.ТИМ 2025-жылдын январына карата расмий маалымат боюнча 608 миңден ашуун кыргызстандык жаран чет өлкөлөрдө миграцияда жүрөрүн, анын 376 миңи Орусияда миграциялык каттоого алынганын маалымдаган. (КЕ)",azattyk.org,https://www.azattyk.org/a/33736964.html,2026-04-21T14:03:17+06:00,kyrgyz,0,high,news_site
0abf7168-dfa1-4b30-9362-d76048e21591,Агартуу министрлиги мектеп окуучуларынын формасын өзгөртүүсүз калтырды,"Агартуу министрлигинде мектеп окуучуларынын формасы боюнча түзүлгөн жумушчу топ өкмөттүн 2015-жылдагы токтомун өзгөртүүсүз калтырды. Мекеме мындай чечим мугалимдер, ата-энелер, окуучулар жана адистердин пикирин эске алуу менен кабыл алынганын билдирди. Министрликтин маалыматында көпчүлүк учурларда ата-энелер балдарына үстү ачык түстө, асты кочкул түстө болгон талапка ылайык мектеп формасын тандашат. Агартуу министрлиги бул кеңири таралган форма экенин жана ал талапка жооп берерин кошумчалады.(окуучулардын формасы боюнча талаптар) Бирдиктүү форма, мекеме белгилегендей, балдардын ортосундагы социалдык ажырымды азайтып, кийим-кечеге байланыштуу атаандаштыкты жана материалдык абалга жараша басымды алдын алат. Буга чейин Жогорку Кеңештин депутаты Дастан Бекешев мектеп окуучуларынын формасы балдарга ыңгайсыз экенин бир нече жолу айтып, аны жөнөкөйлөтүү демилгесин көтөргөн. (BTo)",azattyk.org,https://www.azattyk.org/a/33745836.html,2026-04-30T10:55:07+06:00,kyrgyz,0,high,news_site
9c0d8fc3-ab14-4615-9de4-6f2a1c334a37,"""Түндүк"" аркылуу 261 миң адам өзүнө насыя алууга тыюу салды","Кыргызстандын 261 008 жараны ""Түндүк"" тиркемеси аркылуу өзүнө түрдүү банктардан жана башка электрондук акча капчыктардан насыя алууга тыюу салды. Улуттук банктын маалыматында, бул алдамчылык-шылуундуктан коргонуунун ишенимдүү куралы катары кеңири жайылууда. 2025-жылы июль айында президент Садыр Жапаров “Насыялык маалымат алмашуу жана насыялык бүтүм түзүүгө өзүнө өзү тыюу салууну белгилөө маселелери боюнча” мыйзамга кол койгон. Ага ылайык, каалаган адам насыя алууга өзүнө өзү тыюу салат. 1-ноябрдан баштап жарандар “Түндүк” тиркемеси аркылуу өзүнө насыя алууга тыюу салуусуна шарт түзүлгөн. Мыйзам элди финансылык алдамчылыктан коргоо үчүн кабыл алынган. Банк жана башка каржы уюмдар насыя алууга өтүнүч келгенде кредиттик бюродон маалымат сурап, эгер тыюу бар болсо насыя бербеши керек. Бул талап бузулса, берилген насыя жараксыз деп табылат. ""Түндүк"" мобилдик тиркемеси аркылуу өзүн насыя алуудан тыюу бир нече мүнөт ичинде ишке ашат жана ошол замат күчүнө кирет. Эгер жаран насыя алууну кааласа, тиркеме аркылуу кайрыла алат. Кайрылуу тийиштүү органдарда 12 саат каралат. Улуттук банк бул чара жарандар чечимин ойлонуп кабыл алышы үчүн жана шылуундардын басымынан коргоо үчүн кабыл алынганын билдирген. Акыркы жылдары Кыргызстанда интернет шылуундар көбөйдү. Адамдардын документтеринин маалыматтарын чогултуп, анын атынан насыя алып койгон учурлар да бар. (ZKo)",azattyk.org,https://www.azattyk.org/a/33743296.html,2026-04-27T14:13:01+06:00,kyrgyz,0,high,news_site
bb796d96-5abf-47c1-9e74-e71acf6777dd,"Амангелдиев ""Керемет Банк"" АКШ менен Британиянын санкциясынан чыгышы ыктымалдыгын билдирди","Министрлер кабинетинин төрагасынын биринчи орун басары Данияр Амангелдиев “Керемет Банк” АКШнын жана Улуу Британиянын санкцияларынан чыгып калышы мүмкүн экенин билдирди. Бул тууралуу ал 30-апрелде “Азаттык” радиосунун “Эксперттер талдайт” программасында айтты. Амангелдиев Кыргызстан санкцияга байланыштуу диалогду улантып жатканын жана атайын жол картасы иштелип чыкканын кошумчалады: “АКШга, Улуу Британияга, Брюсселге бир нече жолу бардык. Диалог, жылыш бар. Мисалы, булар деле “Керемет Банкты” далили жок эле санкцияга киргизип алыптырбыз” деп атат. Санкцияларды айланып өткөнгө “Керемет Банктын” тиешеси бар экенине далил жок. Ошонун баарын далилдеп, жакын арада “Керемет Банк” санкциядан чыгып калышы мүмкүн. Бул ишти уланта беришибиз керек. Арыз-доомат койгондон пайда жок. Диалог болушу керек”. Данияр Амангелдиев Европа Биримдигинин Орусияга каршы санкциялардын 20-пакетинде Кыргызстандын да аты аталганы тууралуу комментарий берип, коюлуп жаткан чектөөлөр негизсиз экенин кошумчалады. Орусия Крымды аннексиялап алган 2014-жылдан кийин Москвага санкция салып баштаган Батыш өлкөлөрү 2022-жылы орус аскерлери Украинага басып кирген соң бул чараларын дагы күчөткөн. Кийин Орусия башка өлкөлөр менен кызматташуусун жанданткан соң аны менен кызматташкан мамлекеттердин компанияларына экинчи деңгээлдеги санкциялар салына баштаган. Кыргызстандын мамлекеттик “Керемет Банк”, “Капитал Банк” банктары “криптоактивдер жана төлөм системалар жаатында кызмат көрсөтүп, Орусиянын Украинага каршысогушун колдогон” деген кине менен АКШнын, Улуу Британиянын санкциясына илинген. Европа Биримдигинин дипломаттары жакында Орусияга каршы санкциялардын 20-пакетин макулдашкан. Анын алкагында Кыргызстанга да металл кесүүчү станокторду жана үн, сүрөт, видео маалыматтарын берүүчү модем, маршрутизатор сыяктуу байланыш каражаттарынсатууга тыюу салынат. Кыргыз бийлиги Батыш өлкөлөрүнүн дооматын четке кагып, соңку чаранын кесепети деле жок экенин билдирген. 2026-жылдын башына карата 28 кыргызстандык компания АКШнын, Улуу Британиянын жана Европа Биримдигинин “кара тизмесине” кирди. 28 ишкананын 14ү санкциялык товарларды Орусияга жеткирүүгө айыпталса, 4 компания акчаны адалдоо жана алтынды мыйзамсыз сатууга байланыштуу, 2 ишкана Орусиянын мунай компанияларынын туунду ишканалары катары санкцияга илинген. (BTo)",azattyk.org,https://www.azattyk.org/a/33746870.html,2026-05-01T10:03:45+06:00,kyrgyz,0,high,news_site
861dfc5e-0fc0-43f9-8899-b0d06a10b2c4,Орусия менен Украина туткун  айырбаштады,"Орусия менен Украина согуш туткундарын алмашты. Ар бир тарап 193 адамдан өткөрүп берди. Бул тууралуу 24-апрелде Орусиянын Коргоо министрлиги жана Украинанын президенти Владимир Зеленскийбилдиришти. Алмашуу Бириккен Араб Эмираттарынын жана АКШнын ортомчулугу менен өттү. Кремлдин маалыматына ылайык, алмашуу Беларус аймагында жүргүзүлдү. Бошотулган орус аскерлери учурда ошол жакта. Зеленскийдин айтымында, бошотулган украиндердин арасында аскер кызматкерлери, Улуттук гвардиянын жоокерлери, чек арачылар жана полиция кызматкерлери бар. Алардын айрымдары жараат алган, кээ бирлерине Орусияда кылмыш иши да козголгон. Маалым болгондой, расмий тынчтык сүйлөшүүлөрү жүрбөсө да туткундарды жана каза болгондордун сөөгүн айырбаштоо боюнча байланыштар тараптардын ортосунда уланууда. Буга чейинки туткун айырбаштоо 11-апрелде болгон. Жалпысынан согуш башталгандан бери тараптар 20дан көп жолу туткундарды алмашты.",azattyk.org,https://www.azattyk.org/a/33741780.html,2026-04-24T20:31:03+06:00,kyrgyz,0,high,news_site
f43fd771-a0d5-40bd-89b0-5b8cb4fce11b,Кыргызстанда чет элдик студенттерди кабыл алуу борбору түзүлдү,"Кыргызстанда чет элдик студенттерди кабыл алуу борбору түзүлдү. Бул тууралуу илим, жогорку билим берүү жана инновация министринин орун басары Дурус Козуев 24-апрелде маалымат жыйында билдирди. Бул мекеме чет элдик студенттерди Кыргызстандагы жогорку окуу жайларга кабыл алууну координациялайт: “Борбор биздин окуу жайлар тууралуу чет өлкөлөрдө маалымдоо иштерин жүргүзүү, аларды окууга тартуу, түшүндүрүү менен алектенет. Ошону менен бирге виза маселелери боюнча жана медициналык, академиялык колдоо көрсөтөт. Бул окуу жайларга сапаттуу кабыл алууну жана калыпка салууну, чет элдик студенттерди түз кабыл алуу үчүн түзүлгөн ишкана”, - деди Козуев. Борбордун директору Чыңгыз Узакбаев буга чейин чет элдиктерди окуткан окуу жайлардын ар башка талаптары болгонун белгилеп, мындан ары бирдиктүү стандарт иштей турганын маалымдады. Расмий маалыматка караганда, учурда Кыргызстанда 40 миңдей чет элдик студент билим алууда. Алардын 18 миңдейи медициналык багытта окуйт. Кыргызстанда 22 медициналык менчик жана 12 мамлекеттик жогорку окуу жай иштейт.",azattyk.org,https://www.azattyk.org/a/33741595.html,2026-04-24T17:07:49+06:00,kyrgyz,0,high,news_site
5b95c01f-ac5f-4494-994b-fb00d45212d7,Тажикстандын үч банкы Евробиримдиктин санкциялык тизмесинен чыгарылды,"Үч тажикстандык банк Евробиримдиктин санкциялык тизмесинен чыгарылды. Мындай чечимди Еврокомиссия 23-апрелде Евробиримдиктин 20-санкциялык пакетинин алкагында кабыл алды. Сөз Spitamen Bank, Dushanbe City Bank жана Тажикстандын Коммерцбанкы тууралуу болуп жатат. Бул банктар мурда 19-пакетке киргизилген болчу. Маалыматка ылайык, санкцияларды кайра карап чыгуу Тажикстандын бийлиги менен европалык өнөктөштөрдүн ортосундагы диалог жана кызматташтыктын натыйжасында ишке ашты. Айрыкча эл аралык стандарттарды киргизүү, каржылык эрежелерди сактоону күчөтүү жана акчаны адалдоого каршы күрөштү бекемдөө тууралуу талкуулар жүргөн. Тажикстандын Улуттук банкы мындан ары да ачык-айкындуулукту жогорулатуу, ички көзөмөлдү күчөтүү жана банк системасын эл аралык стандарттарга шайкеш келтирүү боюнча ишин улантарын билдирди. Ошол эле 19-санкциялык пакеттин алкагында Евробиримдик Кыргызстандагы ""Керемет Банк"" жана ""Бакай Банк""банктарына каршы чектөөлөрдү киргизген. Брюсселдин маалыматына ылайык, бул каржылык уюмдар Орусияга каршы санкцияларды айланып өтүү үчүн колдонулушу мүмкүн деген шек бар. Ошондуктан европалык компанияларга алар менен транзакция жүргүзүүгө тыюу салынган. Кыргыз бийлиги шаркеттин дооматын февраль айында эле четке кагып, өз жүйөсүн айтуу үчүн Евробиримдиктин санкциялар боюнча атайын чабарманы Дэвид О'Салливанды Бишкекке чакырып, Президенттин администрациясы жана Министрлер кабинетинин өкүлдөрүсүйлөшүүлөрдү өткөргөн. 2026-жылдын башына карата 28 кыргызстандык компания АКШнын, Британиянын жана Европа Биримдигинин “кара тизмесинде” экени маалым болгон.",azattyk.org,https://www.azattyk.org/a/33741775.html,2026-04-24T20:31:11+06:00,kyrgyz,0,high,news_site
cea5930f-57f4-408a-94ca-c680278190b8,"Самарада дрон чабуулунан кабат үйдүн кире бериши урап, 11 киши жараат алды","Орусиянын Самара облусундагы Сызран шаарында дрон чабуулунан кийин турак үйдүн кире бериши, подъезди урап түштү.""Украин армиясынын дрон чабуулунун жыйынтыгында Сызранда көп кабаттуу үйдүн подъезди урады. Жеринде куткаруучулар иштеп жатат. Урандынын астынан төрт киши куткарылды, алардын бирөө бала"", - деди губернатор Вячеслав Федорищев.Өзгөчө кырдаалдар министрлигинин баштапкы маалыматына караганда, жалпысынан 11 киши жараат алды, алардын экөө балдар.Самара аэропортунда убактылуу чектөө киргизилди. Орусиянын Коргоо министрлиги өткөн түнү 12 аймакта жана Кара деңиз акваториясынан 155 украин дрону атып түшүрүлгөнүн билдирди.Украина соңку чабуул тууралуу комментарий бере элек.Мунун алдында украин маалымат каражаттары Самара облусунда ""Самара"" мунай станциясына сокку урулганын жазышкан.Exilenova+ мониторинг каналы Сызранда дагы бир турак үй соккуга кабылганын билдирди.Курск облусунда учкучсуз учак көп кабаттуу үйгө түшүп, 36 киши эвакуация болгонун губернатор Александр Хинштейн кабарлады.",azattyk.org,https://www.azattyk.org/a/33737773.html,2026-04-22T12:41:19+06:00,kyrgyz,0,high,news_site
561b91e6-d4b8-4ef7-92f4-386cfb4b84f9,Хаменеи Иран Ормуз кысыгын коргой турганын билдирди,"Ирандын жогорку лидери Можтаба Хаменеи 30-апрелде жарыяланган кайрылуусунда Тегеран Перс булуңундагы коопсуздукту камсыз кыларын жана «душмандын деңиз жолун пайдалануу аракетин токтоторун» билдирди. Можтаба атасы Али Хаменеи 28-февралда АКШ жана Израил жүргүзгөн аба соккуларында каза болгондон кийин жогорку лидерликке келгенден берки сейрек жасаган кайрылууларынын бири болду. Ал X социалдык түйүнүндөгү баракчасына жарыяланды. Ал ирандыктар өлкөнүн деңиздеги, жердеги жана абадагы чек араларын коргой турганын белгиледи. 56 жаштагы Хаменеи атасынын өлүмүнөн бери эл алдына чыга элек. АКШ расмий өкүлдөрүнүн айтымында, ал ошол соккуларда оор жаракат алган болушу мүмкүн. Иран Ормуз кысыгы жаап, өзү уруксат берген кемелерден башкасынын баарын өткөрбөй келет. Мындан улам дүйнөдө, мунай баасынын өсүп, согуштун экономикага тийгизген таасири боюнча кооптонуулар күчөдү.",azattyk.org,https://www.azattyk.org/a/33746173.html,2026-04-30T19:55:37+06:00,kyrgyz,0,high,news_site
12611592-e5c3-483c-b9dd-fee733a61b23,Менчик мектептердин окутуу акысын тескөө сунушталды,"Монополияга каршы тескөө кызматы менчик мектептердеги окутуу акысы кымбаттап жатканына коомчулуктагы нааразылыктан улам Бишкектеги жеке мектептердин акысына мониторинг жүргүздү.Мекеменин сайтындагымаалыматка караганда,мониторинг борбор калаадагы 104 жеке мектептин 45инин окуу төлөмүнө жүргүзүлгөн.""Натыйжада айрым менчик мектептерде окуу төлөмү жылына 570 миң сомдон 1 миллион 340 миң сомго чейин жетери аныкталды. Ал эми башка менчик мектептерде бул көрсөткүч 40 миң сомдон 150 миң сомго чейин"", - деп белгиленген маалыматта.Монополияга каршы тескөө кызматы Бишкектеги менчик мектептердеги окуу акысын жогорку окуу жайларындагы окуу акысы менен салыштырган.""Кыргыз улуттук университетинде окуу төлөмү тандаган кесипке жараша 43 миң сомдон башталат. Ал эми Кыргыз-Орусия Славян университетинде 110 миң сомдон жогору. Ошол эле учурда Борбор Азиядагы Америка университетинде окуу төлөмү орто эсеп менен жылына 447 миң сомдон башталат"".Мекеменин салыштыруудан кийинки корутундусуна ылайык, Бишкекте кесип адистигин алуу үчүн окуу акысы орто эсеп менен 107 миң сомдон 152 миң сомго чейин болсо, менчик мектептерде бир баланы окутуу орто эсеп менен 313 миң сомдон 580 миң сомго чейин жетет.Жыйынтыгында Монополияга каршы тескөө кызматы Агартуу министрлигине жана Бишкек шаар мэриясына бир катар сунуштарды берди. Анын ичинде:- менчик мектептерде окуу акысын учурдагы бааларын туруктуу кармоо чарасын көрүү- окуу акысы 200 миң сомдон ашкан менчик мектептерде билим берүүнүн өздүк наркына талдоо жүргүзүү- окуу акысын аныктоо жана аны өзгөртүү тартибин ачык жарыялоого милдеттендирүү- балдардын тең шартта, жеткиликтүү билим алууну камсыздаган жоболорду иштеп чыгуу. Соңку расмий маалыматка ылайык, Кыргызстанда 2 миң 394 мектеп бар, анын 2 миң 170и мамлекеттик, калган 224ү менчик. Аларда 1,5 миллиондон ашуун окуучу билим алат.(ZKo)",azattyk.org,https://www.azattyk.org/a/33740597.html,2026-04-23T12:34:57+06:00,kyrgyz,0,high,news_site
f403b6f2-3449-472a-ae7e-b650ea687ca3,Сот аткаруу кызматы Ак-Ордодогу мыйзамсыз делген үйлөрдү бузуу боюнча маалымат берди,"Башкы прокуратуранын Сот аткаруучулар кызматы Бишкектин четиндеги Ак-Ордо конушунда үйү буздурула турган жарандардын нааразылыгына байланыштуу маалымат берди. Мекеме билдиргендей, 21-апрелде кызматкерлер ал жерге мажбурлап аткаруу (бузуу) тууралуу соттук акт мыйзамдуу күчүнө киргендигине байланыштуу барышкан жана тиешелүү эскертүү тургундарга үч күн мурда берилген. Маалыматта айтылгандай, Бишкектин Ленин райондук соту мыйзамсыз курулуштарды бузуу тууралуу чечим чыгарган, 4-мартта К. уулу Н. жана И. Р. аттуу эки тургунга ал чечимди аткаруу сунушу берилген, бирок алар аны аткарган эмес. Мажбурлап буздуруу тууралуу Ленин райондук ички иштер бөлүмү, Саламаттыкты сактоо министрлиги, Өзгөчө кырдаалдар министрлиги (ӨКМ) жана Сокулук райондук электр тармактары кабардар кылынганы айтылды. Мекеме ишин ""Сот аткаруучулардын макамы жана аткаруу өндүрүшү жөнүндө"" мыйзамдын 100-беренесине ылайык жүргүзөрүн, жогоруда аталган дарекке атайын техника тартылганын, медициналык жардам көрсөтүү үчүн тез жардам кызматы, ал эми коомдук тартипти сактоо үчүн Ленин райондук ички иштер бөлүмүнүн кызматкерлери иштеп жатканын кошумчалады. Ошону менен катар бүгүнкү күндө мыйзамсыз курулуштарды сүрдүрүү тууралуу көп жылдан бери аткарылбай келаткан жалпысынан 129 иш бар экенин, анын баары көзөмөлгө алынганын, эгер соттун чечимин аткарууга каршылык көрсөтүлө турган болсо материалдар кылмыш ишин козгоого ички иштер органдарына өткөрүлүп берилерин эскертти. Бишкектин Ак-Ордо-3 конушунун жашоочусу үйүн бузууга келген сот аткаруучулардын көзүнчө өз өмүрүнө кол салганы тууралуу видео 21-апрелде тараган. Бул тууралуу Бишкектин тегерек-четиндеги конуштарда салынган үйлөрдү документтештирүү иштерине аралашкан активист Мирбек Осмонов Фейсбук баракчасына жазган. Анын ""Азаттыкка"" ырасташынча, бүгүн, 21-апрелде сот аткаруучулар айыл чарба багытындагы жерлерге салынып калган деген төрт үйдүн жашоочуларын чыгарууга аракет кылууда. Осмонов Ак-Ордо-3 конушунун №498 контурундагы төрт үйгө байланыштуу иш учурда административдик сотто каралып жатканын, ошол себептүү бузуу иштерин токтотуп турууну өтүнүшкөнүн билдирген. Бишкектин Ак-Ордо конушунун айрым тургундары былтыр октябрда мыйзамсыз курулган деген негизде турак жайларын бузууга эскертүү берилгенине даттанып чыгышкан. Ал тапта Бишкек мэриясы мыйзамсыз курулуштарды бузууну убактылуу токтоткондугун жарыялаган. Буга чейин Чүй облусунда, Бишкек менен Ош шаарларында “кызыл сызыкка” чыгып кеткен, мыйзамсыз салынган делген курулуштар бузулуп, нааразылык чыккан учурлар катталган. (RK)",azattyk.org,https://www.azattyk.org/a/33737280.html,2026-04-21T20:33:59+06:00,kyrgyz,0,high,news_site
b0623153-8dee-4b79-bf42-48be7e8e0020,Президент Жапаров жакындары жеке бизнес менен гана алектенерин билдирди,"Президент Садыр Жапаров үй-бүлө мүчөлөрү жана бир туугандары мамлекеттик кызматтарга аралашпай турганын билдирди. Бул тууралуу кыргыз президенти “Кактус медиа” агенттигине курган маегинде айтты. Анын айтымында, “мурдагы президенттердин катасын кайталабаш үчүн” жакындарына мамлекеттик иштерге аралашпоо талабын койгон. Жапаров уулу Нурдөөлөт айрым жолугушууларда коштоп жүрөрүн, англис тилин жакшы билгени үчүн котормочу катары жардам берерин кошумчалаган. Садыр Жапаров агасы Сабыр Жапаровдун Кумтөргө тиешеси тууралуу сөздөрдү четке каккан. “Анын ойлонулбаган жалгыз кадамы Түркияга барып, алтынды кайра иштеткен заводдо алтын кармап сүрөткө түшкөнү болгон. Бул боюнча кеңири маалымат бергем, кайталагым келбейт”, - деп билдирген президент. Ал үй-бүлө мүчөлөрү бизнес менен алектенип жатканын жана мамлекеттик органдарга тиешеси жоктугун кайталаган. 2022-жылы президент Садыр Жапаровдун агасы Сабыр Жапаровдун алтын куймаларды кармап түшкөн сүрөтү Инстаграммдагыkg_novostiбаракчасы аркылуу тарап, коомчулукта талкууларга жем таштаган. Садыр Жапаров“Кабар” маалымат агенттигине курган маегинде коомчулукта талкуу жараткан сүрөт тууралуу суроого жооп берип, 2021-жылы Түркияда тартылганын айткан. Ал ошол маалда Кумтөрдүн алтынын Лондон биржасында сатууга чек коюлгандыктан, түрк ишкерлери сатып алууга кызыгышканын, ошол себептүү агасы Түркиядагы алтын заводго барып келгенин билдирген. Жаңы маекте кеп болгон Нурдөөлөт президенттин кичүү уулу. Буга чейин өлкө башчынын уулу жана мурдагы финансы министри Марат Султанов жаңы түзүлгөн “Берекет банк” аттуу жеке банктын негиздөөчүлөрүнөн болушкан. Президент муну ырастап, жаңы банкты ачууну Binance компаниясынын кожоюну Чанпен Чжао сунуштаганын жана уулун бул банкка негиздөөчү кылууну дал ушул адамдар суранганын билдирген.",azattyk.org,https://www.azattyk.org/a/33743251.html,2026-04-27T12:33:53+06:00,kyrgyz,0,high,news_site
503581a8-c870-4c0e-b0ce-23df87b4d4a2,Кыргызстанда 1-майдан тартып электр энергиясы 27 тыйынга кымбаттады,"Кыргызстанда 1-майдан тартып электр энергиясы 27 тыйынга кымбаттады. Катардагы карапайым керектөөчүлөр 700 кВт саатка чейин колдонгон электр жарыгына 1 сом 64 тыйындан, андан ашса 2 сом 94 тыйындан төлөйт. Бийик тоолуу жана жолу татаал аймактардын тургундары үчүн 1 сом 64 тыйын, аз камсыз болгон (""Үй-бүлөгө көмөк"" жөлөк пулун алган) үй-бүлөлөр 700 кВт саатка чейин 50 тыйындан, андан көп колдонсо 2 сом 94 тыйындан төлөйт. Социалдык жана коомдук мекемелер үчүн 1 кВт саат электр энергиясы 2 сом 96 тыйын, өндүрүштүк керектөөчүлөргө 3 сом 65 тыйын, коммерциялык керектөөчүлөргө 4 сом 33 тыйын, бюджеттик керектөөчүлөргө 4 сом 62 тыйын жана автоунаа кубаттоочу жабдуулар үчүн тариф 5 сом 99 тыйын болду. Өлкөдө инфляциянын көрсөткүчүнө жараша жыл сайын 2030-жылга чейин 1-майдан тарта электр жарыгынын баасы көтөрүлүп турат. Ага ылайык, 2027-жылы 33 тыйын, 2028-жылы 39 тыйын кошулат. 2029-жылы 47 тыйынга жана 2030-жылы 57 тыйынга көтөрүлөт. Расмий маалымат боюнча, Кыргызстан 2026-жылы 19,6 млрд кВт саат электр жарыгын колдонот деп эсептелген. Анын ичинен 15,7 млрд кВт саатты Кыргызстан өзү өндүргөн электр энергиясы менен жабат деп күтүлүүдө. Калган 4 млрд кВт саатты коңшу өлкөлөрдөн сатып алат. Кыргызстан өзү өндүргөн электр энергиясы керектөөнү жаппайт. Ушундан улам жыл сайын күз-кыш мезгилинде Казакстандан, Түркмөнстандан, Өзбекстандан жана Орусиядан электр жарыгын сатып алат. (BTo)",azattyk.org,https://www.azattyk.org/a/33746865.html,2026-05-01T09:17:45+06:00,kyrgyz,0,high,news_site
6f57a45e-ca77-40ba-a257-958e2ef8699f,Элчи Эдил Байсалов президенттин эл аралык демилгелер боюнча атайын өкүлү болду,"“Ынтымак ордо” 27-апрелде президент Садыр Жапаров Кыргызстандын Америка Кошмо Штаттарындагы жаңы дайындалган элчиси Эдил Байсаловду кабыл алганын кабарлады. Эдил Байсалов мамлекет башчыга өткөн аптада өткөрүлгөн кыргыз-америкалык саясий консультациялардын жыйынтыктары, Министрлер кабинетинин төрагасы Адылбек Касымалиевдин АКШнын мамлекеттик катчысы Марко Рубио менен сүйлөшүүлөрүнүн жыйынтыктары тууралуу маалымат берди. Садыр Жапаров эки өлкөнүн кызматташтыгын мындан ары өнүктүрүү маанилүү экенин айтып, АКШ менен өнөктөштүктү бекемдөө боюнча ишти активдештирүү тапшырмасын берди. Жапаров Эдил Байсаловго президенттин эл аралык демилгелер боюнча атайын өкүлүнүн кошумча функцияларын жүктөп, ага Кыргызстандын атайын жана ыйгарым укуктуу элчиси жогорку дипломатиялык рангын ыйгарды. Эдил Байсалов апрель айынында башында Кыргызстандын АКШдагы элчиси болуп дайындалган. Ал 2021-жылдан бери вице-премьерлик кызматты ээлеп келаткан. 15-апрелде Вашингтондо АКШнын мамлекеттик катчысы Марко Рубио Адылбек Касымалиев менен жолугушуп, Америка-Кыргызстан кызматташтыгы талкууланган. АКШ Кыргызстандын эгемендигин биринчилерден болуп тааныган мамлекет. Стратегиялык кызматташтык келишимине 1993-жылы 19-майда Вашингтондо кол коюлган. 2015-жылдын 21-июлунда кыргыз бийлиги стратегиялык келишимден бир тараптуу чыгып кеткен. Азырынча Вашингтон менен Бишкек жаңы келишимди даярдоо процесси уланып жатканын гана билдирип келет. (BTo)",azattyk.org,https://www.azattyk.org/a/33743343.html,2026-04-27T15:46:06+06:00,kyrgyz,0,high,news_site
c7436ad3-6186-42ac-a4f1-5dd216ad32be,Ош шаарында Oxford мектебин ачуу тууралуу сүйлөшүү жүрдү,"Ош шаарынын мэри Жанарбек Акаев бүгүн, 23-апрелде Oxford International School мектебинин негиздөөчүсү Мухаммад Шафик Абд Ут Таввабды, окуу директору Мухаммед Буржуну жана мектептин башкы менежери Динара Каримованы кабыл алды. Анда Ош шаарына эл аралык стандарттагы билим берүү мекемесинин жаңы филиалын куруу боюнча сүйлөшүү жүрдү.Мэриянын басма сөз кызматы билдиргендей, жаңы мектеп 5 кабаттуу болуп, 850 окуучуга ылайыкталат. Ал мектеп окуучуларды эл аралык деңгээлдеги Cambridge IGCSE жана International Baccalaureate Diploma Programme программалары аркылуу окутат. Бул бүтүрүүчүлөргө дүйнөнүн 140 окуу жайына экзаменсиз тапшырууга кеңири мүмкүнчүлүк ачат.Маалыматта мектепти куруу иштери качан башталары белгиленген эмес.Калаа мэри мындай эл аралык билим берүү мекемелеринин ачылышы шаардагы атаандаштыкты күчөтүп, билим сапатын жаңы деңгээлге көтөрөрүн белгиледи. Ошондой эле бул долбоор мектеп жетишсиздигин азайтууга олуттуу салым кошорун кошумчалады. Кыргызстанда алгачкы Oxford International School мектеби Бишкекте ачылган. 2015-жылдан бери иштеп келаткан бул менчик мектеп өзүн өзү каржылайт, курамында бала бакча да бар. Улуу Британиянын байыркы жана престиждүү Oxford мекемеси менен байланышы жок, анын аталышын бренд катары колдонот жана Cambridge Curriculum эл аралык стандарты боюнча иштейт. Соңку расмий маалыматка ылайык, Кыргызстанда 2 миң 394 мектеп бар, анын 2 миң 170и мамлекеттик, калган 224ү менчик. Аларда 1,5 миллиондон ашуун окуучу билим алат. (КЕ)",azattyk.org,https://www.azattyk.org/a/33740651.html,2026-04-23T14:21:18+06:00,kyrgyz,0,high,news_site
683f75a1-30fc-4e31-a15d-00a047a7135d,Польшада тыңчылыкка айыпталган казакстандык дипломат бошотулду,"Польша бийлиги тыңчылыкка айыптап, былтыркы жылдын август айынан бери камакта кармап отурган казакстандык дипломатты бошотконун 2-майда ""Азаттыктын"" казак кызматы Акордонун басма сөз катчысы Айбер Смадияровдун Телеграмгажазганына таянып кабарлады. Смадияров Польша менен Беларус ортосунда абакта жаткандарды айырбаштоо болгонун, арасында Казакстандын да жараны мамлекет башчы Касым-Жомарт Токаевдин көмөктөшүүсү менен бошотулганын жазды. Бирок ал казак дипломаты өткөрүлүп берилгенин ачык белгилеген жок. Сөз, ""Азаттык"" билдиргендей, Казакстандын Украинадагы элчилигинде атташенин жардамчысы болуп иштеген Ануар Бакибай тууралуу болууда. Беларустун мамлекеттик БелТА маалымат агенттигибилдиргендей,ар бир тараптан бештен киши өткөрүлүп берилди жана бул жараян Беларус менен Польшанын атайын кызматтарынын ортосунда жүргүзүлгөн ""татаал жана узак сүйлөшүү процессинин кульминациясы"" болуп калды. Ulysmedia басылмасы белгилегендей, айырбашталуучулардын тизмесине кирген казакстандык дипломаттын аты-жөнүн көпкө чейин купуя кармашты. ""Аны алып чыгышканда жүзү жабык болду. Бирок польшалык журналисттер ал адам Польша тыңчылыкка айыптаган Бакибай Ануар Кайратович экенин аныкташты"", - деп жазды аталган басылма. Казакстандык саясат талдоочу Арсен Сарсеков дипломатка тагылган айыптардын баары алынганынкабарлады. Ануар Бакибай кармалганы 2025-жылы 2-августтабелгилүү болгон. Варшава аны ""дипломатиялык макамга жамынып алып сыртка чыгышы Польшанын жана анын союздаштарынын коопсуздугуна коркунуч жарата турган маалыматтарды чогултуп жүргөн"" деп айыптаган. Ал кайсы өлкөнүн пайдасына тыңчылык кылган деп шектелип жатканы ачык айтылган эмес.",azattyk.org,https://www.azattyk.org/a/33747602.html,2026-05-02T16:30:51+06:00,kyrgyz,0,high,news_site
6e98498c-e89d-4f00-a5fe-3daa87e398e1,Аракчи Орусияга “колдоо” жана “тилектештик” үчүн ыраазычылык айтты,"Ирандын тышкы иштер министри Аббас Аракчи АКШ менен Израилге каршы согушта көргөзгөн “колдоосу” жана “тилектештиги” үчүн Орусияга ыраазылыгын айтты. 27-апрелде ал Санкт-Петербургда орус президенти Владимир Путин жана башка расмий адамдар менен жолукту. “Аймак олуттуу окуяларга дуушар болуп жаткан чакта Орусия менен эң жогорку деңгээлде иштешүү мүмүкүнчүлүгүнө кубанычтамын. Акыркы окуялар биздин стратегиялык өнөктөштүктүн тереңдигин жана бекемдигин далилдеди”, - деп жазды Ирандын башкы дипломаты. Аны менен жолугушууда Путин Тегеранга бекем колдоосун билдирди. “Ирандын эли эгемендиги жана суверендүүлүгү үчүн эрдик жана баатырдык менен күрөшүп жатканын көрүүдөбүз”, - деп айтты орус президенти. Путин өткөн жумада өлкөнүн жогорку лидери, аятолла Можтаба Хаменеиден кат-кабар алганын кошумчалады. Жаңы көсөм бул кызматка тандалгандан бери калың эл алдына чыга элек. Маалыматтарга караганда, ал атасы каза тапкан 28-февралдагы сокку учурунда оор жаракат алган. Тегеран менен Москванын мындай достугу Вашингтондо көз жаздымда калган жок. Орусия азыркы согушта Иранга аскердик чалгын маалымат менен көмөктөшкөнү тууралуу кабарланып келет. Маселе жакында АКШнын Конгрессинде каралган.",azattyk.org,https://www.azattyk.org/a/33744318.html,2026-04-28T18:17:47+06:00,kyrgyz,0,high,news_site
8750cb64-5583-4b23-8189-4d0f6a9e0f9b,Баткен шаарына Алымкул аталыктын айкели тургузулат,"Баткен шаарына ХIХ кылымда жашап өткөн кыргыздын чыгаан инсандарынын бири, Кокон хандыгында аскер башчы болгон Алымкул аталыктын айкели тургузулат. Бул тууралуу мамлекеттик катчы Арслан Койчиев Фейсбук баракчасына жазды. “XIX кылымда жашап өткөн чыгаан ишмер, Кокон хандыгынын иш жүзүндөгү башкаруучусу, генерал Черняевдин күчтөрү менен кармашып жатып Ташкент салгылашуусу маалында отуз эки жашында шейит кеткен атактуу Алымкул аталыктын (Алымкул амир-и лашкер, Алымкул амир ул-уламо) урматына эстелик тургузулат... Эстелик жер жайнап кеткен майда-чүйдө эмгектерге окшобой, бедизчиликтин мыкты өрнөгү болуп калууга тийиш”, - деп жазды Койчиев. Анын айтымында, облус жетекчилиги жер бөлүп берип, эстелик турчу жер алдын ала макулдашылган. Айкел жасоого сынак жана шарттары жакын арада жарыялана турганы айтылды. Алымкул аталыктын теги бардык жазма булактарда кыргыздын кыпчак уруусунан деп көргөзүлөт. Айрым булактарда жөн гана кыргыз-кыпчак Молдо Алымкул деп кездешет. Өзбек Республикасынын Борбордук мамлекеттик архивинде Алымкул аталыктын уулу Шер-Мухаммед (Шермат-К.М) Мырза Алымкулов тууралуу документтер көп учурайт. (КЕ)",azattyk.org,https://www.azattyk.org/a/33742290.html,2026-04-25T17:45:16+06:00,kyrgyz,0,high,news_site
4d7b1f63-5e33-4bca-bc1f-598c7d2b5d36,Гросси Иран боюнча келишим МАГАТЭнин катышуусунда түзүлүшү керек экенин айтты,"Эл аралык атомдук энергетика боюнча агенттиктин (МАГАТЭ) башчысы Рафаэл Гросси Иран менен АКШнын ортосундагы келишим түзүлсө, ал сөзсүз агенттиктин катышуусунда ишке ашышы керек экенин билдирди. АлThe Telegraph басылмасынакурган маегинде текшерүү болбосо келишимдин мааниси жоголорун белгиледи. «Текшерүү болбосо бул келишим эмес жөн гана аткарылары белгисиз убада болуп калат», — деди ал. Гросси агенттик Ирандын өзөктүк объектилерин жакшы билерин айтып, алардын иши толук калыстык менен жүргүзүлөрүн кошумчалады. Анын айтуусуна караганда, кокус келишим түзүлүп калса Иран байытылган урандын бир бөлүгүн суюлтуп, калганын үчүнчү өлкөгө чыгаруу варианты каралышы ыктымал экенин белгиледи. Ошол эле учурда Гросси Кошмо Штаттардын Иран аймагына кирип, калган уранды чогултуу операциясын өтө татаал деп мүнөздөдү. Анын айтымында, Америка мындай мүмкүнчүлүккө ээ болгону менен бул кадам өтө кылдат башкарууну талап кылат. Буга чейин Трамп АКШ Ирандан «өзөктүк калдыктарды» чыгарып кетиши мүмкүн экенин, ал тургай бул иш Иран өкмөтү менен кызматташтыкта жүргүзүлүшү ыктымал экенин айткан. 2025-жылдын июль айында Израил менен Иран ортосундагы 12 күндүк согуш учурунда өзөктүк объектилерге сокку урулгандан кийин Иран Эл аралык атомдук энергия агенттигинин инспекторлорунун толук кирүүсүн чектеп, кызматташууну азайткан. Гросси ошондой эле Украинадагы жана Жакынкы Чыгыштагы кагылышуулар кеңири өзөктүк куралдануу жарышына алып келиши мүмкүн экенин эскертти. Анын айтымында, мындай жараянга Сауд Арабиясы, Польша, Түркия, Түштүк Корея жана Жапония сыяктуу өлкөлөр кошулушу мүмкүн.",azattyk.org,https://www.azattyk.org/a/33737124.html,2026-04-21T17:23:46+06:00,kyrgyz,0,high,news_site
e5835f6d-3478-40ae-8464-441057a30541,Иранда түрмөдө отурган Наргиз Мохаммади ооруканага которулду,"Нобелдин тынчтык сыйлыгынын лауреаты, Иранда түрмөдө отурган укук коргоочу Наргиз Мохаммадинин ден соолугу кескин начарлап кеткендиктен ооруканага жаткырылды. Бул тууралуу Наргис Мохаммади фондунун сайтына анын үй-бүлөсүнүн жана адвокатынын билдирүүсү жарыяланды. Укук коргоочу жума күнү жүрөк оорусунан улам эки жолу эсин жоготкондон кийин Зенжандагы оорукананын реанимация бөлүмүнө жеткирилген. Маалыматка ылайык, бийлик укук коргоочуну Тегерандагы шарты жакшы Парс ооруканасына которуудан баш тарткан. Зенжандагы кардиологдор мурда шаардын ооруканаларында аны дарылоо үчүн зарыл болгон атайын жабдуулар жетишсиз экенин эскертишкени айтылат. Наргиз Мохаммади быйыл февралда “улуттук коопсуздукка каршы кутум жана жыйындарды уюштурган, пропаганда жүргүзгөн” деп айыпталыпжети жарым жылга кесилген.Ал өзү бул дооматтарды четке кагып келет. Аялдардын укуктары, өлүм жазасын алып салуу үчүн узак жылдардан бери күрөшүп келген 53 жаштагы Наргиз Мохаммади 2023-жылы Нобел тынчтык сыйлыгын алган. (BTo)",azattyk.org,https://www.azattyk.org/a/33748010.html,2026-05-03T11:10:27+06:00,kyrgyz,0,high,news_site
7a9d7adc-a66b-422e-bd59-23f2adcce787,Перм крайында өнөр жай ишканасына сокку урулду,"Орусиянын Перм крайынын губернатору Дмитрий Махонин  “өнөр жай аянтчаларынын бирине” дрон чабуулу коюлганынбилдирди. Анын айтымында, ишкананы өрт чалды, жумушчулары эвакуацияланды, эч ким жабыркаган жок. Губернатор кеп кайсы жай тууралуу жүргөнүн тактаган жок. Украиналык Exilenova+ Телеграм каналынынмаалыматынаылайык, өрт ""Перм"" станциясына таандык “Транснефть” заводунда тутанды. Бирок бул маалымат расмий ырастала элек. Перм крайында “Лукойл” компаниясынын мунай иштетүүчү заводу жана мунай ташуучу “Перм” диспетчердик станциясы жайгашкан. Станцияда мунайдын түрлөрү аралаштырылып куурлар менен ташылат. Анын аймагында кара май сакталуучу резервуарлар орун алган. Оренбург облусунун губернатору Евгений Солнцев украиналык дрондор “бир нече өнөр жай ишканаларына сокку урууга аракеттенгенин”билдирди. “Орусиянын Коргоо министрлигинин маалыматына караганда, төрт пилотсуз учак облустун үстүндө атып түшүрүлдү. Курман болгондор жана жабыркагандар жок”, - деп жазды Солнцев. Украиналык Supernova+ Телеграм каналы Орск шаарында машина куруучу завод чабуулга кабылганын маалымдады. Орус Коргоо министрлиги 29-апрелге караган түнү украиналык 98 дрон атып түшүрүлгөнүн билдирди. Украина Орусиянын агрессиясына жооп иретинде ал өлкөнүн согуш машинасын күйүүчү май менен камсыздаган ишканаларды бутага алып келет.",azattyk.org,https://www.azattyk.org/a/33745101.html,2026-04-29T16:35:27+06:00,kyrgyz,0,high,news_site
10b6cc65-53f6-4d58-8ebd-72c9e3ef795c,11-майдан тартып жергиликтүү бийлик эл менен жолугушууларды өткөрө баштайт,"Президент Садыр Жапаров облустук деңгээлдеги жетекчилер 11-майдан тартып ар бир айыл өкмөттө жергиликтүү калк менен жолугушууларды өткөрө баштарын билдирди. Бул тууралуу мамлекет башчы Фейсбуктагы расмий баракчасына пост жазып, май-июнь айларында өтө турган эл менен жергиликтүү бийликтин жолугушуулары Улуттук телерадио корпорациясы (УТРК) менен ЭлТРдин облустук эфирлеринде жана социалдык тармактардагы баракчаларында түз алып көрсөтүлөрүн айтты. “Ош облусуна болгон сапарымда калк тарабынан көтөрүлгөн көйгөйлөрдүн басымдуу көпчүлүгүн сиздердин деңгээлде эле чечип койсо боло турганына көзүм жетти. Албетте, айлап-жылдап чечилбей келаткан маселелер да болушу мүмкүн. Талаштуу маселе болсо, жоопкерчиликти жалгыз алуудан тайсалдап жатсаңыздар жеринде тараптардын жүйөлөрүн угуп, өз ара кеңешип, калыс карап, адилет чечип бериңиздер. Бирок эптеп эле шылтоо таап, борборго жүктөп коюу аракети суу кечпей турганын алдын ала эскертемин! Жазында айтылган көйгөй айтылган боюнча күзгө чейин чечилбей калып кете турган болсо, таарынбаңыздар. Губернатор баш болуп, ошол маселеге тиешеси бар бардык жетекчилер жоопкерчиликке тартыласыздар”, - деди ал. Президент октябрь-ноябрь айларында ушундай эле форматтагы жолугушуулар уланарын, ага губернаторлор, облустук деңгээлдеги прокуратура, ички иштер, өзгөчө кырдаалдар министрликтеринин өкүлдөрү жана башка мекеме жетекчилер катышарын кошумчалады. Садыр Жапаров 10-апрелде беш күндүк иш сапары менен Ош облусуна барып, бир катар райондордо эл мененжолугушууларды өткөргөн.Мындай жолугушууларда эл көбүн эсе мектеп, бала бакча, жол, жер талаш сыяктуу көйгөйлөрдү көтөрүштү. (BTo)",azattyk.org,https://www.azattyk.org/a/33747007.html,2026-05-01T16:22:40+06:00,kyrgyz,0,high,news_site
0c211cb3-aa8d-4629-893c-a9fbc67d2329,Булак: Президент Трамп Ирандын соңку сунушуна канааттанган жок,"АКШнын президенти Дональд Трамп согушту токтотуу боюнча Тегерандын соңку сунушуна наарызылыгынбилдирди. «Азаттык» менен маектешкен жогорку расмий өкүлдүн айтымында, мындай реакцияны планда Ирандын өзөктүк программасы тууралуу сөз болбогону жаратты. Америкалык администрация жаңжалды дипломатиялык жол менен чечүү үчүн уранды байытууну катуу көзөмөлдөө жана чектөө маселесин камтышы керек деген позицияны карманат. 27-апрелде Ак үйдүн басма сөз катчысы Кэролайн Левитт Трамп коопсуздук боюнча кеңешчилери менен Ирандын жаңы сунушун талкуулаганын ырастаган. Ушу тапта ок атышууну убактылуу токтотуу режими иштеп жатат. Тегеран жаңы план тууралуу маалыматты бышыктай элек. Axios басылмасы өз булактарына таянып жазгандай, Ислам жумурияты АКШ Ормуз кысыгынын блокадасын алууга тийиш жана өзөктүк программа боюнча сүйлөшүүлөр кийинки мөөнөткө жылсын деген шарт койгон. Ал арада АКШнын мамлекеттик катчысы Марко Рубио дүйшөмбүдө Fox News телеканалына бергенинтервьюдаазыркы жаңжалды жөнгө салууда өзөктүк маселе борбордук орунду ээлерин билдирди. Мамлекеттик департаменттин жетекчиси Ирандын башында радикалдуу лидерлердин турганы өзү эле кооптонуу жаратарын, бирок Тегерандын өз таасирин өлкөнүн сыртында жайылтуу аракети ого бетер каматама кыларын белгиледи. Ирандын бийлиги атомдук куралдын үстүнөн иштеп жатканын четке кагууда. Ошол эле маалда уранды жарандык максаттар үчүн зарыл болгон деңгээлден жогору байытпоо талабына көнбөй жатат.",azattyk.org,https://www.azattyk.org/a/33744200.html,2026-04-28T15:34:28+06:00,kyrgyz,0,high,news_site
d3fb15d1-bddd-46eb-937f-bcdd573e4616,Өкмөттө жер-жерлердеги соңку сел кырсыктары талкууланды,"Министрлер кабинетинин төрагасы Адылбек Касымалиев Ош, Жалал-Абад жана Баткен облустарындагы сел кырсыгына байланыштуу жыйын өткөрүп, калыбына келтирүү иштери жана кырсыкты алдын алуу боюнча чараларды иштеп чыгууну тапшырды. Бул тууралуу 4-майда таратылган маалыматта кабарланды. Жыйында президенттин Баткен облусундагы өкүлү Мамыржан Рахимов билдиргендей, Баткендин Ак-Татыр айыл аймагында сел агымы каптаган он турак үй толук тазаланып бүттү. “Азыркы тапта жол каттамдары толук ачылды. Үзгүлтүккө учураган электр энергиясы калыбына келтирилди. Сугат жана таза суу объектилерин калыбына келтирүү иштери уланууда. Саламаттыкты сактоо кызматкерлери жеринде жарандарга керектүү медициналык жардам көрсөтүүдө. Ал эми санитардык-эпидемиологиялык кызматтын адистери аймакта залалсыздандыруу иштерин жүргүзүп жатышат”, - деп жазылган өкүлчүлүктүн маалыматында. 29-апрелден бери жааган жаан-чачындан улам Баткен, Кадамжай, Лейлек райондорунда жана Кызыл-Кыя шаарынын аймагында сел жүргөн. Баткен районунда өзгөчө кырдаал режими киргизилген. Соңку күндөрү нөшөрлөп жааган жаандан улам жер-жерлерде сел жүрүүдө. 2-майда Баткен районунун Ак-Татыр жана Самаркандек айыл аймактарында 50 турак жайдын короолорун сел каптап, анын ичинен 10 үйдүн жертөлөсүнө суу кирген. Сел жүргөн айылдардан жалпысынан 149 адам эвакуацияланган. 1-майда Жалал-Абад облусунун Манас шаарында да сел жүргөн. 30-апрелде Баткен облусунун Кадамжай районунда суу каптаган кээ бир жолдор убактылуу жабылган. 29-апрелде Ош облусунун Алай районунун Гүлчө шаарында селге байланыштуу өзгөчө кырдаал режими киргизилген.",azattyk.org,https://www.azattyk.org/a/33748685.html,2026-05-04T18:16:41+06:00,kyrgyz,0,high,news_site
ffd20355-8151-4144-a964-66d4fbd1a65b,Москвада көп кабаттуу үйгө дрон тийди,"Москвада 4-майга караган түнү көп кабаттуу үйлөрдүн бирине дрон менен сокку урулду. Маалыматка караганда, жабыркаган турак жай комплекси Кремлден болжол менен алты чакырым алыстыкта жайгашкан. Калаа мэри Сергей Собяниндинайтымында,жараат алгандар жок. Ал дагы эки дрон асмандан атып түшүрүлгөнүн кошумчалады. Дрон тийген үй борбордун абройлуу деп саналган Раменки районунда жайгашкан. Бул аймакта Мосфильм киностудиясынан тышкары көптөгөн элчиликтер жана консулдуктар бар. Орусиянын баш калаасына дрон менен чабуул буга чейин да коюлуп келген. Ал соккулардан кийин Москва «Панцирь» сыяктуу зениттик-ракеталык комплекстер менен абадан коргонуусун күчөткөнү кабарланган. Коопсуздук чараларынан, ошол эле дрон чабуулдарынан улам быйыл Кызыл аянттагы Жеңиш парады дачектелген форматта өтөт.Тактап айтканда, анда бул жолу аскердик техника көрсөтүлбөйт. Орусиянын Коргоо министрлиги өлкөнүн ар кайсы аймактарында жана Москва облусунда өткөн түнү жалпысынан 117 учкучсуз аппарат атып түшүрүлгөнүн билдирди. Москва Украинага согуш ачканы Орусиянын ар кайсы аймактары дрон соккуларына көп дуушар боло баштады.",azattyk.org,https://www.azattyk.org/a/33748627.html,2026-05-04T15:04:31+06:00,kyrgyz,0,high,news_site
484aa988-d25d-4dab-a339-fce25f61eeae,Ормуз кысыгындагы абал курч бойдон экени кабарланды,"Ормуз кысыгындагы абал курч бойдон калууда. Бул тууралуу Британиянын деңиз соодасы боюнча операцияларын координациялоо борбору (United Kingdom Maritime Trade Operations) билдирди. Анын маалыматына ылайык, аймакта аскердик активдүүлүк күчөп, деңизде аскер кемелеринин саны көбөйдү. Ошондой эле кемелерди коопсуздук күчтөрү радиобайланыш аркылуу текшериши мүмкүн. АКШ негизги деңиз жолдорунун түштүгүндө кошумча коопсуздук аймагын түзгөнү айтылды. Кемелерге Омандын суулары аркылуу өтүүнү карап, тиешелүү органдар менен байланышта болуу сунушталууда. 4-майдагы билдирүүгө ылайык, аймакта мина коюлган болушу мүмкүн деген маалыматтар бар болгондуктан кеме каттамдары «өтө кооптуу» деп бааланууда. Буга чейин UKMTO Бириккен Араб Эмирликтеринин Фужейра шаарынын түндүгүндө мунай ташуучу танкер белгисиз снаряддар менен аткыланганын кабарлаган. Маалыматка ылайык, экипаж жабыркаган эмес жана айлана-чөйрөгө зыян келтирилген жок. Кийинчерээк Бириккен Араб Эмирликтери бул окуяны кескин айыптап, мамлекеттик мунай компаниясына тиешелүү танкерге Ормуз кысыгы аркылуу өтүп бара жатканда кол салуу болгонун билдирди.",azattyk.org,https://www.azattyk.org/a/33749637.html,2026-05-04T21:23:58+06:00,kyrgyz,0,high,news_site
d5bacc0b-2761-4c7d-9768-22ebe5120b61,Алайдагы ата-энелер менен мугалимдер жаңжалы боюнча маалымат берилди,"Агартуу министрлиги социалдык тармактарга тараган Алай районундагы мектептердин биринде окуучулардын ата-энелери менен мугалимдердин ортосундагы пикир келишпестик тууралуу видеого түшүндүрмө берди. Окуя 22-апрелде Алайдын Мурдаш айылындагы А.Жээнбеков атындагы мектепте болгону маалымдалды. 21-апрелдин кечинде, мекеме билдиргендей, 9-10-класстын окуучулары айылдан тыш жерге чогулуп, пикир келишпестигин чечмек болгон. Муну уккан мугалимдер ошол жерге барып, окуучуларды үйүнө тараткан. “Таркатуу учурунда мугалимдер окуучуларды колунан тартып, түртүп жибергендиктен 22-апрелде ата-энелер окуучулардын булчуң эти ооруп жатканын айтып мугалимдерге нааразылыгын билдирип келишкен. Натыйжада ата-энелер менен мугалимдер ортосунда пикир келишпестик орун алган”, - деп жазылган министрликтин билдирүүсүндө. Териштирүүдөн кийин мектептин окуу бөлүмүнүн башчысы Б.Р., директордун тарбия иштери боюнча орун басары Б.А. жана мугалим К.у.Р.га сөгүш берилгени айтылды. Мунун алдында социалдык тармактарда мектепте мугалимдер менен ата-энелердин ортосундагы жаңжал деген видео тараган. Мектепте мугалимдер балдарга кол көтөргөн же окуучулар мугалимге акарат келтиргени айтылган окуялар акыркы убактарда арбын катталып келет. Жыл башында Бишкектеги мектептердин бириндеокуучуну сабаганы айтылган мугалимкоомчулуктан кечирим сураган. Көп өтпөй ал кызматынан алынган. Жети-Өгүз районундадене тарбия сабагынын мугалимисабак учурунда өспүрүм балдарга кол көтөрүп ""тарбиялап"" жатканы тартылган тасма интернетке тараган соң мугалим балдардын ата-энелеринен кечирим сураган.Агартуу министрлиги жакында мугалимге орой мамиле кылган, шылдыңдаган, акарат келтирген окуучулардыната-энелерине айып пул салуу тууралуумыйзам долбоорун коомдук талкууга чыгарган.",azattyk.org,https://www.azattyk.org/a/33741535.html,2026-04-24T15:28:10+06:00,kyrgyz,0,high,news_site
28e98062-116d-4e39-9c28-6ab0b53d1053,Мамлекеттик катчы Оштогу тергөө абагынын имаратын музейге айлантууну сунуштады,"Кыргызстандын мамлекеттик катчысы, жазуучу Арслан Капай уулу Ош шаарындагы тергөө абагынын имаратын музейге айландырууну сунуштады. Мамлекеттик катчы бул тууралууФейсбуктагы баракчасына жазды. Капай уулу Алымбек датка менен Курманжан датканын уулу Камчыбек курдурган үй бир кылымдан ашуун убактан бери түрмө катары кызмат кылып келе жатканын айтып, бул имараттын тарыхый мааниси бар экенин белгиледи: ""Ош шаарынын чок ортосунда СИЗО жайгашкан эски имарат бар. Тарыхый имарат. Алымбек датканын уулу Камчыбек 1890-жылдардын башында кербен сарай катары салдырган. Тагдырдын оюнун караңыз, оторчулар имаратты түрмөгө айлантып, Камчыбек өзү дал ушул жерде түрмөдө отурган. Ал жөнүндө түрдүү аңыздар айтылып келет"". Арслан Капай уулу ошондой эле тергөө абагы шаар сыртына чыгарыларын, буга байланыштуу Оштун мэри Жанарбек Акаевге бул тарыхый имаратты музейге айландырып сактап калуу идеясын сунуштаганын кошумчалады. ""Жанар мырзанын Ошту өнүктүрүү боюнча чоң-чоң пландары бар, Камчыбектин үйүн музейге айландыруу ошол пландарга бап келет экен. Буюрса!"". Көпчүлүккө ""Камчыбектин түрмөсү"" деген ат менен таанымал, Ош шаарында жайгашкан №5 тергөө абагынын бир имаратын 1897-жылы Курманжан датканын уулу Камчыбек курдуруп, кийинчерээк өзү ошол абакка камалган. Эки кылымдан бери түрдүү кылмышка шектелген түркүн тагдырлардын күбөсү болгон тергөө абагы толугу менен авариялык абалда экенин белгилеген бийлик 2023-жылы тергөө абагын башка имаратка, шаар сыртына которууну чечкен.(ZKo)",azattyk.org,https://www.azattyk.org/a/33737731.html,2026-04-22T12:06:28+06:00,kyrgyz,0,high,news_site
