id,headline,body_text,source,label,label_confidence,source_type
64c68c28-6560-492a-b759-9b49b5dab3b6,FT: Трамптын уулдары Казакстанда вольфрам иштеткен компаниянын үлүшүн алган,"Financial Times басылмасы АКШнын президенти Дональд Трамптын уулдары Эрик Трамп менен кичүү Дональд Трамп Казакстанда вольфрам кендерин иштетүү менен алектенген компаниядан үлүш алганын жазды. Басылманын маалыматына ылайык, алар Караганды облусундагы кендерди иштетүүнү пландап жаткан металлургиялык холдингге кирген ишканадан үлүштү 2025-жылдын август айында сатып алышкан. Бейшемби күнү үч компания, анын ичинде Трамптын уулдары катышкан ишкана Kaz Resources брендине бириккенин жарыялашты. Ал акцияларын Nasdaq биржасына чыгарат деп күтүлүүдө. Жогорку Кайракты жана Түндүк Катпар кендерин иштетүү боюнча келишимге ноябрда америкалык Cove Kaz Capital Group LLC компаниясы менен казакстандык улуттук Tau-Ken Samruk ишканасынын ортосунда кол коюлган. Америкалык тарап биргелешкен ишкананын 70% үлүшүн алып, аны иштетүү жана маркетинг боюнча милдеттенмелерди өзүнө алган. Financial Times гезитинин маалыматы боюнча, Cove Kaz Capital ошондой эле АКШнын Экспорттук-импорттук банкы жана АКШнын Эл аралык өнүктүрүү каржы корпорациясы менен долбоорду 1,6 миллиард долларга чейин колдоо боюнча алдын ала өз ара түшүнүшүү меморандумдарына кол койгон. (BTo)",azattyk.org,0,high,news_site
ab1b5fb8-7e71-4fbc-a450-d69132c9c132,Ташиев Кылмыш-жаза кодексинин эки беренеси менен айыпталууда,"Улуттук коопсуздук боюнча мамлекеттик комитеттин (УКМК) экс-төрагасы Камчыбек Ташиев Кылмыш-жаза кодексинин 326-беренеси («Кыргыз Республикасынын Конституциясын бузуу менен бийликти күч менен басып алуу же күч менен кармап туруу, ошого тете конституциялык түзүлүштү күч колдонуп өзгөртүүгө багытталган аракеттер») жана 337-беренеси («Кызмат абалын кыянаттык менен пайдалануу») боюнча айыпталып жатат. Бул тууралуу «Азаттыкка» анын жактоочусу Икрамидин Айткулов билдирди. Ташиевге өлкөдөн чыкпоо тил каты түрүндө бөгөт чарасы тандалды. Айткулов мурдагы башкы прокурор Курманкул Зулушев жана экс-спикер Нурланбек Тургунбек уулу жөнүндө маалыматы жок экенин айтты. 29-апрелде Ташиев, Зулушев, Тургунбек уулу ИИМде сурак берип жатканы кабарланган. Мурунку күнү дагы алар сурак берип чыкканы маалым болгон. Ташиев кылмыш иши козголгонун 29-апрелде ырастаган. Анын кайрылуусун жакын санаалаштарынын бири, “Регион” телеканалынын жетекчиси Өткүрбек Рахманов Фейсбуктагы баракчасына жарыялаган. “Бүгүн эртең менен маалымат чыккандан бери көптөгөн адамдар тынчсызданып жатканын билдиришүүдө. Бул кылмыш иши боюнча менин юридикалык жактан толук коргонууга мүмкүнчүлүгүм бар жана Аллахым буюрса, менин эч бир күнөөм жок, акталып чыгам. Кимдин күнөөсү болсо, ал жазасын тартат, ал эми таза болсо акталат. Себеби мамлекетибизде акыйкат сот системасын түзүүгө мамлекет башчыбыздын аракеттери көрүлгөн. Мисалы, 25 адамдан турган «кемпирабадчылар» да акталышты. Ошондуктан баарыңыздарды мыйзамдын чегинде гана болууңуздарды суранамын. Эч кандай коомдук же башка адамдардын кыймыл-аракеттеринин зарылдыгы жок деп эсептейм”, - деп жазылган Камчыбек Ташиевдин кайрылуусунда. Айрым сайттар айыптоолорду 75 адамдын кайрылуусу менен байланыштырып жатышат. Камчыбек Ташиев бирок кайсыл ишке байланыштуу иш ачылганын тактаган жок. Нурланбек Тургунбек уулу менен Курманкул Зулушев комментарий бере элек. Тургунбек уулунун иниси Жыргалбек Шакиев ал суракка чакырылып жүргөнүн ""Азаттыкка"" бышыктаган. Президент Садыр Жапаров 27-апрелде Kaktus.media порталына маек куруп, “75чилердин катына” Камчыбек Ташиевдин тиешеси бар-жогун тергөө жана сот аныктай турганын билдирген. 9-февралда мурдагы премьер-министрлер, парламенттин экс-депутаттары, саясатчылар жана коомдук ишмерлер болуп 75 адамдан турган топ президент Садыр Жапаровго жана Жогорку Кеңештин ошол кездеги төрагасы Нурланбек Тургунбек уулуна кайрылып, жакынкы убакта президенттик шайлоо өткөрүүгө чакырган. Алардын айрымдары кийин кайрылуунун мазмунун окубай туруп эле ага кошулууга макул болгонун айтып чыгышкан. Ички иштер министрлиги бул кайрылууга байланыштуу кылмыш ишин козгоп, анда аты аталган коомдук ишмер Бекболот Талгарбековду, Кыргызстандын Өзбекстандагы мурдагы элчиси, мурдагы айыл чарба министри Эмилбек Узакбаевди жана Жогорку Кеңештин экс-депутаты Курманбек Дыйканбаевди, мурдагы вице-премьер, экс-депутат Аалы Карашевди жана ички иштер министринин мурдагы орун басары Курсан Асановду кармаган. 10-февралда Садыр Жапаров Камчыбек Ташиевди Министрлер кабинетинин төрагасынын орун басары - Улуттук коопсуздук мамлекеттик комитетинин төрагасы кызматынан бошоткон. Андан кийинки маектеринде Жогорку Кеңеште депутаттар “президент жана атайын кызматтын кишиси” болуп бөлүнүү башталганын, кийин андай аракет парламенттен сыртка чыгып кеткенин айтып, 75 адамдын кайрылуусун мисал кылган. Бул окуялардан кийин Нурланбек Тургунбек уулу алгач төрагалык кызматтан кетип, андан соң депутаттык мандатын да тапшырган. Фейсбуктагы баракчасына пост жазып, 75 кишинин кайрылуусуна тиешеси жок экенин билдирген. Акыркы саясий окуялардын фонунда Кундузбек Сулайманов, Элдар Сулайманов, Куванычбек Конгантиев, Шаирбек Ташиев, Курманкул Зулушев, Нурланбек Азыгалиев, Гүлсүнкан Жунушалиева, Абдылдабек Эгембердиев өздөрү жазган арыз менен депутаттык мандатынан ажыратылды. Алардын ичинен “Кыргызнефтегаз” ишканасындагы коррупциялык ишке байланыштуу Камчыбек Ташиевдин иниси, экс-депутат Шаирбек Ташиев, Камбар-Ата-1 ГЭСин даярдоо этабындагы иштерге байланыштуу Кундузбек Сулайманов жана жер тилкелерине байланышкан мыйзамсыз схемаларды уюштурган деген айып менен Куванычбек Конгантиев кармалды. “75чилердин каты” Жогорку Кеңешке түшкөн учурда Курманкул Зулушев парламенттин Конституциялык мыйзамдар, мамлекеттик түзүлүш, жергиликтүү өз алдынча башкаруу жана Жогорку Кеңештин регламенти боюнча комитетинин төрагасы болуп турган. (TSh) ",azattyk.org,0,high,news_site
9f199487-12f2-4428-b677-1c867832ccc3,Кыргызстанда үч айда жол кырсыгынан 18 баланын өмүрү кыйылды,"2026-жылдын январь-март айларында жол кырсыгынан 148 адам көз жумду, анын 18и балдар. Улуттук статистикалык комитети маалымдагандай, жол кырсыктарынын жалпы саны азайганы менен, андан жарандардын каза болгон учурлар көбөйгөн. Маалыматка ылайык, жыл башынан берки үч айда Кыргызстанда 1 150 жол кырсыгы катталган, бул былтыркы үч айдагы көрсөткүчтөн 22,9% аз. Жол кырсыктарынын басымдуу бөлүгү - 44% Бишкекте болгон. Чүй облусунда 19,7%, Ош облусунда 11,5% жана Жалал-Абад облусунда 9,6%. Маалыматта айтылгандай, жол кырсыктарынан жалпы 1 482 адам түрдүү жаракат алган. Анын ичинде 293 бала бар. Улуттук статистика комитети жол кырсыктарынын саны кыскаруусун мас абалында рулга отурган айдоочулардын азаюусу менен байланыштырган. Былтыркы үч айда мас айдоочунун кесепетинен улам болгон жол кырсыктары былтыркыдан 33,3% азайган. Бишкек – Кара-Балта жолунда 23-мартта күндүз жолдогу жөө адамдар өтүүчү тилкеден өтүп бараткан окуучу кызды катуу келе жатканжүк ташуучу унаа коюпкеткен. Секелек ошол жерден көз жумган.Расмий маалымат боюнча, Кыргызстанда 2025-жылы 8 456 жол кырсыгы болуп, андан 900 киши каза тапты. Дагы 12 миң 169 адам ар кандай жараат алды. Кырсыктарга автоунааны катуу айдоо, каршы тилкеге чыгуу, ичимдик ичип алып рулга отуруу жана айрым автожолдордун талапка жооп бербегени негизги себеп экени айтылып келет.(ZKo) ",azattyk.org,0,high,news_site
ffad3f86-5ff8-44ae-a997-bdfd1edd3ad7,Бишкек Европа Биримдигинин санкциясын сынга алды,"Тышкы иштер министрлиги (ТИМ) расмий Бишкек Европа Биримдигинин Орусияга каршы санкциялардын 20-пакетинде Кыргызстанга байланыштуу да чектөөлөрдүн киргизилишин өкүнүч менен кабыл алганын билдирди. Мекеме кыргыз тарап санкциялык чектөөлөргө байланышкан тобокелдиктерди биргелешип алдын алуу маселелери боюнча Европа Биримдиги менен диалогго ачык экенин кошумчалады. “Ушуга байланыштуу, туруктуу сүйлөшүүлөргө, европалык өнөктөштөр менен үзгүлтүксүз сапарлардын алмашуусуна, ошондой эле Европа комиссиясынын талаптарына ылайык суралган бардык документтештирилген маалыматтардын өз убагында берилишине карабастан, анын ичинде Кыргызстандын мамлекеттик органдары тарабынан көрүлгөн чаралар тууралуу маалыматтар да берилгенине карабай, кыргыз тараптын позициясы мурдагыдай эле эске алынбай, иш жүзүндө көңүл сыртында калып жатканы олуттуу түшүнбөстүктү жаратат”, - деп айтылат маалыматта. ТИМ мындай бир тараптуу чечимдер ишенимди солгундатып эле тим болбостон, Европа Биримдигинин Кыргызстан жана жалпы Борбор Азия өлкөлөрү менен кызматташууну өнүктүрүү ниетине каршы келерин кабарлады. “Өз кезегинде Кыргызстан ачык-айкын, кесипкөй, саясатташтырылбаган диалогду жактайт жана Европа Биримдигин ырааттуу, салмактуу жана чыныгы конструктивдүү мамиле кылууга, кыргыз тараптын позициясын тиешелүү түрдө эске алууну камсыз кылууга, ошондой эле Кыргызстан менен Европа Биримдигинин делегацияларынын ортосундагы сүйлөшүүлөрдүн жүрүшүндө жетишилген макулдашууларды иш жүзүндө ишке ашырууга өтүүгө чакырат”, - деди ТИМ. Европа Биримдигинин дипломаттары Орусияга каршы санкциялардын 20-пакетин макулдашкан. Анын алкагында Кыргызстанга да металл кесүүчү станокторду жана үн, сүрөт, видео маалыматтарын берүүчү модем, маршрутизатор сыяктуу байланыш каражаттарынсатууга тыюу салынат. Кыргыз бийлиги Батыш өлкөлөрүнүн дооматын четке кагып, соңку чаранын кесепети деле жок экенин билдирген. Батыш өлкөлөрү Орусиянын өзүнө санкция салгандан сырткары ага көмөктөшкөн деп эсептеген өлкөлөрдөгү компанияларга жана жеке адамдарга экинчи деңгээлдеги санкцияларды салып келет. 2026-жылдын башына карата 28 кыргызстандык компания АКШнын, Улуу Британиянын жана Европа Биримдигинин “кара тизмесине” кирди. 28 ишкананын 14ү санкциялык товарларды Орусияга жеткирүүгө айыпталса, 4 компания акчаны адалдоо жана алтынды мыйзамсыз сатууга байланыштуу, 2 ишкана Орусиянын мунай компанияларынын туунду ишканалары катары санкцияга илинген. (BTo)",azattyk.org,0,high,news_site
b88ea9f2-42f4-4c48-aeb1-a3e55d80c8cd,Түндүк Кореяда Украинадагы согушка катышкан аскерлерге арналган эстелик ачылды,"26-апрелде Пхеньян шаарында ""Чет өлкөдөгү аскердик операциянын баатырларынын согуштагы эрдигине арналган"" музей менен мемориалдык комплекс салтанаттуу ачылды. Ага Түндүк Кореянын лидери Ким Чен Ын катышты. Түндүк Кореяда орус армиясынын катарында Украинага каршы согушкан аскерлерди ушинтип аташат. Салтанат «Курск облусунун украин куралдуу күчтөрү ээлеп алган бөлүгүн толук бошотуу» окуясына арналган. Бул салгылашта орус командачылыгы түндүк кореялык аскерлерди өзгөчө жигердүү колдонгон. Иш-чарага Орусиянын Мамлекеттик думанын төрагасы Вячеслав Володин жана коргоо министри Андрей Белоусов да катышты. Мемориалда бул кагылыштарда курман болгон орус жана түндүк кореялык аскерлердин ысымдары чегилип жазылган. Владимир Путин Ким Чен Ынга «эстеликти кыска убакытта тургузганы үчүн» расмий ыраазычылык билдирип, аны «эки элдин достугунун жана биримдигинин символу» деп атады. Түштүк Кореянын чалгын кызматынын (NIS) жана Батыштын атайын кызматтарынынсоңку эсебине ылайык,Пхеньян жиберген кеминде эки миң аскер бул согушта курман болгон. Жалпы жоготуулар (курман болгондор жана жаракат алгандар) алты миңге жакын. 2026-жылдын башына карата Орусиянын Курск облусундагы майданга жакын аймакта кеминде 11 миң түндүк кореялык аскер болгон. Анын ичинен 10 миңи жоокерлер, ал эми болжол менен миңдейи инженердик бөлүктөрдүн кызматкерлери экени айтылат. 2024-жылдын 6-августта украин армиясы Орусиянын Курск аймагына кирип барып, анын жарымын өз карамагына алган. Орус күчтөрү айрым райондорду кайтарууга жетишкен, бирок бир нече айыл-кыштак, анын ичинен Суджа районунун борбору украин аскерлеринин көзөмөлүндө бир топко болду. Зеленский бул операцияны Харьковдон орус ракеталарын оолактатуу үчүн буфердик зона түзүү аракети катары түшүндүргөн. Былтыр апрелде Орусиянын президенти Владимир ПутинКурск толугу менен украин армиясынан бошотулганын жарыялаган. ",azattyk.org,0,high,news_site
b2501705-4fdc-4271-aaf0-4a9c8aff347f,Перм крайында өнөр жай ишканасына сокку урулду,"Орусиянын Перм крайынын губернатору Дмитрий Махонин  “өнөр жай аянтчаларынын бирине” дрон чабуулу коюлганынбилдирди. Анын айтымында, ишкананы өрт чалды, жумушчулары эвакуацияланды, эч ким жабыркаган жок. Губернатор кеп кайсы жай тууралуу жүргөнүн тактаган жок. Украиналык Exilenova+ Телеграм каналынынмаалыматынаылайык, өрт ""Перм"" станциясына таандык “Транснефть” заводунда тутанды. Бирок бул маалымат расмий ырастала элек. Перм крайында “Лукойл” компаниясынын мунай иштетүүчү заводу жана мунай ташуучу “Перм” диспетчердик станциясы жайгашкан. Станцияда мунайдын түрлөрү аралаштырылып куурлар менен ташылат. Анын аймагында кара май сакталуучу резервуарлар орун алган. Оренбург облусунун губернатору Евгений Солнцев украиналык дрондор “бир нече өнөр жай ишканаларына сокку урууга аракеттенгенин”билдирди. “Орусиянын Коргоо министрлигинин маалыматына караганда, төрт пилотсуз учак облустун үстүндө атып түшүрүлдү. Курман болгондор жана жабыркагандар жок”, - деп жазды Солнцев. Украиналык Supernova+ Телеграм каналы Орск шаарында машина куруучу завод чабуулга кабылганын маалымдады. Орус Коргоо министрлиги 29-апрелге караган түнү украиналык 98 дрон атып түшүрүлгөнүн билдирди. Украина Орусиянын агрессиясына жооп иретинде ал өлкөнүн согуш машинасын күйүүчү май менен камсыздаган ишканаларды бутага алып келет. ",azattyk.org,0,high,news_site
bf5b861b-7daa-48ca-8c5b-29cbb4b79f66,Германияда Орусиянын пайдасына тыңчылык кылган деген шек менен казак жараны кармалды,"Берлинде Орусиянын пайдасына тыңчылык кылган деген шек менен казак жараны кармалды. Бул тууралуу шаршембиде Германиянын Федералдык прокуратурасыбилдирди. Маалыматка караганда, Сергей К. аттуу киши “кеминде былтыркы майдан тарта орусиялык атайын кызматтардын бири менен такай байланышып турган”. Шектүүнү камакка алуу ордеринде ал түрдүү маалыматты берип турганы айтылат. “Алардын арасында Германиянын Украинага берген аскердик жардамы, немис коргоо жана аскер өнөр жайы, өзгөчө дрон менен робот чыгарган ишканалар тууралуу маалымат бар. Сергей К. ошондой эле Берлиндеги коомдук имараттардын же кан жолдордогу аскердик техниканын, анын ичинде НАТОго мүчө бир мамлекеттин техникасынын кербенинин сүрөттөрүн берип турчу. Мындан тышкары атайын кызматтагы адамга Германияда диверсия кылууга ыңгайлуу жайлар тууралуу маалыматты өткөрүп берип, тыңчылык жана диверсия үчүн кишилерди табууну сунуш кылган”, - деп айтылат документте. Der Spiegelбасылмасы коопсуздук кызматындагы булактарга шилтеме менен жазгандай, казак жараны диверсия кылуунун буталары үстүнөн иштеген деген белгилер жок. “Ал көбүнесе идеялар менен бөлүшүп турчу. Ал өткөрүп берген маалыматтардын көбү ачык булактарга жарыяланган”, - деп жазды басылма. Шектүүнүн батиринде тинтүү жүргөнү кабарланды. Коопсуздук кызматындагы дагы бир булактар Сергей К. буга чейин Украинанын Донецк облусунда Орусиянын тарабында согушкан болушу мүмкүн деп билдиришти. 29-апрелде Федералдык сот палатасы анын баш коргоо чарасын аныктамакчы. ",azattyk.org,0,high,news_site
738fcb73-4e14-463a-9d02-fb6dbd2f0bc5,Алтынчы кабаттан кулаган кыз ооруканадан чыгарылды,"Бишкектин Жал кичи районунда 6-кабаттан кулап, шаардык балдар ооруканасында жаткан кыз бейтапканадан чыгарылды. Саламаттык сактоо министрлигинин маалыматында, кыздын абалы канааттандырарлык, ал мындан ары үй-бүлөлүк медицина борборунун дарыгерлеринин көзөмөлүндө болот. 4-апрелде кечке жуук Бишкектин Жал кичи районунда көп кабаттуу үйдөн 27 жаштагы келин жана эки баласы кулаган. Өзү жана 2025-жылы төрөлгөн ымыркайы ошол жерде жан берген, төрт жашар кызы ооруканага жеткирилген. Балдардын клиникалык ооруканасында жандандыруу бөлүмүндө жаткан кыздын мээси жабыркаганын, жаагы сынганын, оң ийини сынып, ордунан жылып кеткенин дарыгерлер билдиришкен. Мындан тышкары өпкөсү жана ички органдары, ооз көңдөйү жабыркаганы айтылган. Наристе дээрлик бир жумадан кийин, 10-апрелдеэсине келген. Милиция окуяга байланыштуу кылмыш ишин адамды өзүн өзү өлтүрүүгө жеткирүү деген негизде козгоп,маркум келиндин күйөөсүн камакка алган. Келиндин жакындары ал күйөөсүнүн зомбулугуна кабылып келгенин айтышкан, ал эми жолдошунун жакындары андайды байкабаганын билдиришкен. (ZKo)",azattyk.org,0,high,news_site
e0c11bca-8952-479d-bdab-8fbfbec76b90,АКШдан депортация болгон дагы 26 өзбек жараны мекенине кайтты,"Өзбекстандын дагы 26 жараны АКШда миграция мыйзамдарын бузганы үчүн депортация болуп, 1-майда Ташкентке кайтышканын""Азаттык Азия"" маалымдады. Бул жолу да АКШдан депортацияланган өзбек жарандарын америкалык чартердик Omni Air International авиакомпаниясы жеткиргени, жалпысынан алар жолдо 36 саат жүрүшкөнү кабарланды. АКШнын Мексика менен чектеш Техас штатынан жолго чыккан учак Польша, Молдова, Румыния жана Армения өлкөлөрү аркылуу өтүп барганы, өзбек жарандарын мекенине кайтаруу ""Өзбекстандын жана АКШнын компетенттүү органдарынын бирге макулдашылган аракетинин натыйжасында ишке ашкан операция"" болгону белгиленди. Быйыл январь айында да Өзбекстан АКШдан өзүнүн депортация болгон 44 жаранын, март айында дагы 65 жаранын кабыл алган. Январдагы депортация тууралуу маалыматта Кошмо Штаттарда президенттик кызматка Дональд Трамп киришкенден берки 11-депортация экени айтылган. Эң алгачкы топ былтыр февраль айында кайткан. Анда Өзбекстандын Тышкы иштер министрлиги өзбек тарап өз жарандарын депортациялоо маселесинде АКШ бийлиги менен тыгыз кызматташып, алардын мекенине коопсуз кайтып келишин камсыз кылып жатканынбилдирген. Былтыр январда Fox News телеканалы АКШ бул өлкөдө мыйзамсыз жашаган 975 өзбекстандык жакынкы арада мекенине депортация болорунмаалымдаган. АКШда бийликке Дональд Трамп келген 2025-жылдын январь айында анын администрациясы мыйзамсыз мигранттарды депортациялоо боюнча кеңири масштабдуу программаны ишке ашыра баштаган. Расмий маалыматтарга караганда, Трамптын азыркы экинчи мөөнөтүнүн биринчи жылында Кошмо Штаттардан 600 миңден ашык адам депортацияланды, ал эми дагы 1,9 миллион мыйзамсыз мигрант өлкөдөн өз ыктыяры менен кетүүнү чечкен. ",azattyk.org,0,high,news_site
7a912473-806c-45d6-9e2b-4c6e804981d7,"Алайда сел жүрүп, 25 үйдү суу каптады","Алай районундагы Гүлчө шаарында нөшөрлөп жааган жаандын кесепетинен улам сел жүрүп, үйлөрдүн короолорун суу каптады. Өзгөчө кырдаалдар министрлигинин (ӨКМ) маалымдашынча, 27-апрелде кыска мөөнөттө кокту-колоттон жүргөн сел Гүлчө шаарындагы 25 үйдүн короосун каптаган, бир үйдүн ичине чейин кирген.Түзүлгөн кырдаалга байланыштуу Алай райондук Өзгөчө кырдаалдар бөлүмүндө “Айгай” режими жарыяланып, селдин кесепеттерин жоюу иштери жүрүүдө.Баштапкы маалымат боюнча, жабыркагандар жок, абал туруктуу. ӨКМ буга чейин өлкө аймагында туруксуз аба ырайы күтүлөрүн билдирип, ​дарыяларда суу көтөрүлүп, ташкын болушу мүмкүн экенин эскерткен. Мекеме белгилегендей, тоолуу жана тоо этектериндеги райондордо сел жүрүү коркунучу сакталууда. 2024-жылы Ноокат районунда сел жүрүп,тогуз кишинин өмүрү кыйылган. Айрым айылдарда үйлөрдү сел каптаган.(ZKo) ",azattyk.org,0,high,news_site
f7d3295d-74b0-4c43-aa63-6dfd19d46341,Иранда интернет өчүрүлгөнүнө 60 күн болду,"NetBlocks мониторинг тобу Ирандын интернетти өчүргөнүнө 60 күн болгонун билдирди. “Туура эки ай мурун, 28-февралда Ирандын бийлиги глобалдык желени бөгөттөгөндө өлкө санарип караңгылыгына баткан”, - деп жазды уюм Х социалдык тармагына. Интернет АКШ менен Израил Ислам жумуриятына каршы чабуул баштаганда кесилип, Тегеран аны согуш абалы менен түшүндүргөн. Элдик толкундоолор маалында, январда да интернет өчүрүлгөн. Бирок эксперттер андан айрымаланып, Иран көзөмөлдөө жолдорун бекемдегенин, “ак тизмени” түзгөнүн белгилешет. Айрым адамдар, арасында аткаминерлер, тандалма мекемелер, компаниялар дүйнөлүк желени колдоно алышат. Жакында бул система расмийлешип, эми Internet Pro схемасына ылайык, ишкерлер жана изилдөөчү, окумуштуулар акы төлөп интернетти буга чейинкидей эле пайдаланса болот. Ок атышуу убактылуу токтогон 8-апрелден кийин катардагы ирандыктардын айрымдары интернет эмне үчүн калыбына келтирилбей жатат деген маселени козгошууда. Дүйнөлүк желенин бөгөттөлүшү дигиталдык жана жалпы экономикага да миллиарддаган доллар зыян алып келди. ",azattyk.org,0,high,news_site
04edaf21-101c-4c38-afe5-339f20f89cd3,Иран Пакистанга АКШ менен сүйлөшүүнүн жаңы планын сунуштады,"Ирандын мамлекеттик IRNA маалымат агенттиги билдиргендей, Тегеран Пакистандын ортомчуларына АКШ менен сүйлөшүү боюнча жаңы сунуш берди. Сунуш 30-апрель күнү кечинде берилгени кабарланууда жана анын мазмуну белгисиз. The Guardian басылмасынын маалыматы боюнча, план согуштук аракеттерди токтотууга жана Ормуз кысыгын кайра ачууга багытталган деп болжолдонууда. Ал эми Ирандын өзөктүк программасы боюнча деталдуу сүйлөшүүлөр кийинки этапка жылдырылат. Ирандын Тышкы иштер министрлигинин басма сөз катчысы Эсмаил Багаи маегинде “согушту токтотуу жана узак мөөнөттүү тынчтык” Тегерандын АКШ менен болгон ар кандай сүйлөшүүлөрүндөгү башкы артыкчылыгы бойдон каларын айтты. CBS телеканалынын маалыматына караганда, ортомчулар сунушту АКШга берди. Пакистандын дипломаттары жаңы сунуш тынчтык келишимине жетүүгө көмөк болорун билдиришти. Ак үй жаңы сунуш боюнча комментарий берүүдөн баш тартты. Кийинчерээк, 1-майда АКШнын президенти Дональд Трамп Ирандын жаңы сунушуна канааттанбай турганын айтты. Буга чейин ал эгер Тегеран сүйлөшүүнү кааласа “байланышка чыкса болорун”, бирок адегенде өзөктүк курал жасоо пландарынан баш тартууга тийиш экенин белгилеген. (BTo)",azattyk.org,0,high,news_site
ef7971c9-b05d-49ba-8a3e-d42a0bd79f3f,"Мунайдын баасы өсүп, баррели 111 долларга жетти","Мунайдын баасы шейшембиде да өсүү тенденциясын улантты. АКШ менен Иран согушту токтотуу жана Ормуз кысыгын ачуу тууралуу мунаса таба алары арсар болуп турган маалда Brent маркасындагы мунайдын баасы европалык рынокто 3% өсүп, бир баррели 111 долларга жетти. Кара май 7 күн катары менен кымбаттап келатат, ал эми Азиянын финансы рынокторунда 28-апрелде акциялар арзандап жатты. Америка менен Ирандын сүйлөшүүлөрүнөн майнап чыкпай, Ормуз кысыгынын жабылышынын экономикалык кесепеттерине байланышкан тынчсыздануу өлкөлөрдүн борбордук банктары саясатын өзгөртүшү мүмкүн деген айың кептердин күчөшүнө жем таштады. Ошол жаңы саясатка ылайык, инфляцияга туруштук берүү үчүн үстөк пайызды көтөрүү каралууда. Ормуз кысыгынан дүйнөдөгү мунай менен газдын дээрлик 20% ташылат. АКШ менен Израил чабуул баштаган 28-февралда Иран кысыкты кемелер менен мунай танкерлери үчүн иш жүзүндө жаап салган. Ок атышууну токтотуу макулдашуусунан кийин, 17-апрелде ачып, көп өтпөй кайра жапкан. Анын алдында АКШ менен Ирандын сүйлөшүүлөрү майнапсыз аяктаганда америкалык аскерлер ирандык портторду бөгөттөгөн. Мунун айынан пайда болгон глобалдык кризис өзгөчө Азиянын өлкөлөрүндө сезилүүдө. ",azattyk.org,0,high,news_site
34d9cb4a-3c11-4677-af2e-82ede5dab2f5,Кызыл аянттагы парад быйыл аскердик техникасыз өтөт,"Москвада быйыл 9-Май Улуу Жеңиш күнүнө карата парадга адаттагыдай аскердик техника катышпайт. Бул тууралуу Орусиянын Коргоо министрлиги 28-апрелде өзүнүн Telegram каналына жазды. Мындай көрүнүш орус бийлиги Украинага кол салгандан бери алгачкы жолу болууда. Мекеменин маалыматына караганда, Суворов жана Нахимов аскердик окуу жайларынын студенттери, ошондой эле кадет корпусунун студенттери да Кызыл аянтта жүрүшкө чыкпайт. Муну министрлик ""азыркы кырдаалга"" байланыштуу деп түшүндүрүп, бирок парадга согуштук учактар катышарын билдирди. Парад бул жолу ""кыскартылган"" форматта өткөрүлүшү мүмкүн экени буга чейин да кабарланган. Айрымдар жыл сайын апрель айынын соңунда өткөрүлүүчү репетиция да уюштурулбаганына көнүл бурушкан. Ал тапта Орусиянын аймактарында 9-майга карата көп киши катышуучу майрамдык иш-чаралар да быйыл өткөрүлбөй турган болду. Нижний Новгород, Саратов, Чувашия жана Калуга облустарында, мисалы, парад болбойт. Воронеж, Курск, Брянск жана Белгород облустарында майрамдык фейерверктерге тыюу салынды. Жергиликтүү бийлик мунун коопсуздук чаралары менен түшүндүрүүдө. Былтыр Москвадагы парадга Түндүк Кореядан келгендерди кошкондо 10 миңдей аскер, 200гө жакын аскердик техника катышкан. Жеңиш күнүн майрамдоо парадына Орусиянын борбор калаасында аскердик техника 2008-жылдан бери катышып келген. ",azattyk.org,0,high,news_site
73cd1642-2012-4e83-889a-c2a29e0f6623,Израил Газага гумжардам ташып бараткан кемелерди кармады,"Израилдин Аскер-деңиз күчтөрү Газа секторуна гуманитардык жардам менен бара жаткан Global Sumud Flotilla тобунун бир нече кемесин кармады. Бул тууралуу 30-апрелде аталган топ X социалдык тармагында билдирди. ""Израилдин куралдуу күчтөрү Газага карата деңиз блокадасын жүргүзүп жатат. Катерлер менен байланыш үзүлдү, SOS сигналы жөнөтүлдү"", - деп билдирди уюм. 26-апрелде ондогон кеме активисттер менен Сицилиянын портторунун биринен Газа секторуна багыт алган. Уюмдун айтымында, бул анклавга жетүүгө аракет кылган эң ири флотилия эле. Израил тарап кемелерди кармоо расмий жана пландалган операция экенин, алар деңиз блокадасын бузганын жана согуштук аракеттер жүрүп жаткан аймакка бараткандыктан коопсуздугуна коркунуч жаралганын билдирди жана активисттердин демилгесин гуманитардык миссия эмес, чагым деп атады. Израил 2023-жылдын октябрында Газа тараптан ХАМАСтын (АКШда жана Европа Биримдигинде террордук деп жарыяланган) кандуу кол салуусуна кабылганын жарыялап, ага каршы согуш баштаган. 2025-жылдын октябрь айында Израил жана ХАМАС АКШнын президенти Дональд Трамптын администрациясы иштеп чыккан тынчтык планынын алкагында атышууну токтотууга макул болушкан. АКШ, Түркия, Катар жана Египет Израил менен ХАМАСтын ортосундагы келишимдин кепилдиги катары чыгышкан. Быйыл январдын ортосунда Ак үй Трамптын Газа тилкеси боюнча пландын экинчи этабы башталганын жарыялаган. (RK) ",azattyk.org,0,high,news_site
148b8e5c-5b8d-45d2-8c5e-695b150b9c27,БУУ: Жаңжал курчугандан бери Иранда кеминде 21 киши дарга асылды,"Жакынкы  Чыгыштагы жаңжал курчугандан бери Иранда кеминде 21 киши дарга асылды жана 4 миңден көп киши кармалды. Мындай маалыматты БУУнун Адам укуктары боюнча кеңсеси таратты. Ага ылайык, бери дегенде 9 киши быйыл январда болгон толкундоолорго байланыштуу дарга асылды, 10 кишиге оппозициялык топко кирген, экөөнө тыңчылык кылган деген айып тагылган. Ал эми 4 миңден ашуун киши улуттук коопсуздукка байланышкан дооматтын негизинде кармалды. «Бийлик Иран элинин укуктарын аеосуз жана катаал жол менен чектөөнү улантууда», - депайттыБУУнун Адам укуктары боюнча жогорку комиссары Волкер Түрк. Буга чейин Amnesty International эл аралык укук коргоо уюму ок атышпоо келишими гуманитардык кризистин курчушун токтото албасын, Ирандын эли бир жагынан согуштан, экинчи жагынан репрессиялардан жапа чеккенин билдирген. Укук коргоочулар Ислам жумурияты өлүм жазасын ишке ашыруу боюнча жан башына алганда дүйнөдө алдыңкы орундарда турганын белгилешет. Ирандагы адам укуктарынын абалына байкоо салган Норвегиядагы уюм жана Парижде жайгашкан Өлүм жазасына биргелешип каршы туруу уюму өткөн жылы Иранда кеминде 1 миң 639 киши дарга асылганын кабарлашкан. ",azattyk.org,0,high,news_site
ceb0e766-1755-4c71-85f5-c6bb0fedd6be,Казакстандын Актөбө облусунда дагы бир дрондун сыныгы табылды,"Казакстандын Актөбө облусунда учкучсуз учак кулады. Полициянын жергиликтүү башкармалыгы тараткан маалыматка караганда, жабдыктын сыныктары Алимбет айылынын сыртында табылды. Тартип коргоочулар окуяны териштирип жатышат. Дрондун сыныктары жерге түшүп жатат делген видеону Mash Телеграм каналы жарыялады. Каргалы районундагы Алимбет айылы Орусиянын Орск шаарына 24 чакырым жакын жерде жайгашкан. Шаршембиде ал жер укрианалык учкучсуз учактардын чабуулуна туш болгону кабарланган. Шаардын башчысы Артем Воробьёв бул маалыматтыбышыктап,элди көчөгө чыкпоого жана терезелерден оолак болууга чакырган. Орск аэропортунун иши убактылуу чектелди. Казакстанда буга чейин да дрондордун сыныктары табылган учурлар болгон. Былтыр Батыш Казакстан облусуна бери дегенде беш учкучсуз учактын калдыктары кулаган. Облустун чек арага жакын райондорунда ракетанын калдыктарын бир нече жолу табышкан. Орусиянын коңшулаш Астрахан аймагында Капустин Яр деген аскердик полигон орун алган. 2018-жылы Казакстандын батышында табылган жабдыктардын бири ракетанын сыныгы болуп чыккан. ",azattyk.org,0,high,news_site
bb00fe6a-b474-4e00-acc1-6edad45fdb64,Орусия Борбор Азияда бөтөн аскерлердин болушу кабыл алынгыс деп эсептейт,"Орусиянын коргоо министри Андрей Белоусов региондун сыртындагы мамлекеттердин Борбор Азияга аскерлерин жайгаштыруу аракеттерин жана ал жакта логистикалык максаттарын чечүүнү кабыл алынгыс деп атады. Бул тууралуу министр 28-апрелде Шанхай кызматташтык уюмунун Бишкекте өтүп жаткан жыйынындабилдирди. Бир нече күн мурун Өзбекстандын президенти Шавкат Мирзиёев коргоо министри Баходир Холмухамедовдун Түркия менен кызматташтыкты өнүктүрүү тууралуу докладын уккан. Ал жыйынга Түркиянын куралдуу күчтөрүнүн жогорку өкүлү катышкан. Өзбек президентинин маалымат кызматыкабарлагандай,аймактык коопсуздукту жана стабилдүүлүктү бекемдөө максатында эки өлкөнүн коргонуу мекемелеринин байланыштарын өөрчүтүүгө басым жасалды. «Аскердик-техникалык алакалардын динамикасын, министрликтер аралык кызматташтыкты, биргелешкен иш-чараларды уюштуруу жана аскер адистерин даярдоону өзгөчө белгилөө зарыл. Тараптар аскердик чөйрөдөгү өнөктөштүктү тереңдетүү жөнүндө макулдашты», - деп билдирди өзбек президентинин маалымат кызматы. ",azattyk.org,0,high,news_site
569de387-de82-44be-9212-a730ced156a1,"Зеленский ""көмүскө флоттогу"" эки орусиялык танкерге сокку урулганын билдирди","Украинанын президенти Владимир Зеленский 3-майда эртең менен социалдык тармактарда украин аскерлери Кара деңиздеги Новороссийск портуна жакын жерде Орусиянын “көмүскө флотуна” таандык делген эки танкерге сокку урганын билдирди. Зеленскийдин айтымында, операцияны Башкы штабдын башчысы Андрей Гнатовдун жетекчилиги менен Украинанын Коопсуздук кызматы жана Аскер-деңиз күчтөрү ишке ашырган. Ал ошондой эле деңиз учкучсуз аппаратынын чоң кемеге – болжол менен танкерге жакындап келе жатканы көрүнгөн видеону жарыялады. Зеленский бул окуя качан болгонун тактаган жок, ошондой эле танкерлердин аталыштары жана аларга келтирилген болжолдуу зыян тууралуу маалымат берилген жок. “Бул танкерлер мунай ташуу үчүн активдүү колдонулуп келген. Эми андай болбойт”, - деп белгиледи украин лидери. Украина Куралдуу күчтөрүнүн Башкы штабы операция тууралуу азырынча расмий билдире элек. Орусиялык бийлик өкүлдөрү да эч кандай маалымат жарыялаган жок. 3-майда эртең менен Новороссийск шаарында ракеталык коркунуч жарыяланып, көп өтпөй кайра токтотулган. Новороссийскиге жасалган буга чейинки ири соккулар апрелдин башында болгон. Анда “Шесхарис” мунай терминалы жана порту бутага алынган. Украин аскерлеринин ырастоосунда, Орусиянын “Адмирал Эссен” жана “Адмирал Макаров” фрегаттары жабыркаган.",azattyk.org,0,high,news_site
e492a583-ded0-46a3-bbc3-73fd51c005ee,Орусияда Starlink терминалдарын импорттоого тыюу салынды,"Орусияда чет өлкөдөн спутник байланыш каражаттарын алып кирүүгө жарым жылга тыюу салынды. 29-апрелде премьер-министр Михаил Мишустин кол койгонтоктомгоылайык, тыюу салынган каражаттардын катарында Starlink терминалдары да бар. Токтомдо мындай чара ""Орусиянын улуттук коопсуздугун коргоого"" багытталганы белгиленди. Тыюу салуу тууралуу токтом иштей баштагандан кийин алты ай бою күчүндө болот. Starlink Орусияда иштебейт деп расмий айтылганы менен орус армиясы анын терминалдарын Украинага каршы дрон учуруу үчүн колдонгон. Бул каражаттар Орусияга үчүнчү өлкөлөр аркылуу кирет. Быйыл январдын аягында Украинанын коргоо министри Михаил Федоров Starlink системасынын ээси Илон Маскка аны Орусияда колдонууну чектөө өтүнүчү менен кайрылган жана ошондон кийин фронтто терминалдар өчүрүлгөнү тууралуу кабарлар тараган. Өткөн айда Starlink түйүнүнүн аналогун иштеп чыгып жаткан орусиялык ""Бюро 1440"" компаниясы ""Рассвет"" деген аталыштагы төмөнкү орбиталык байланыш тобунун алгачкы 16 спутнигин учурганы жарыяланган. 2030-жылдын аягына чейин топтун курамында 292 спутник болот деп болжолдонууда. ",azattyk.org,0,high,news_site
74460f7b-ae8c-4394-abbd-af8db73a1f2e,Тажикстанда соңку апталарда үч аскер кызматкери каза болду,"Тажикстанда үч күн ичинде аскерде кызмат өтөп жаткан кеминде эки жоокердин өлүмү катталганын ""Азаттыктын"" тажик кызматыжазды. Алардын жакындары аскердеги шарттын начардыгы, медициналык жардамдын жетишсиздиги тууралуу айтып жатышат. 25-апрелде аскердик госпиталда Өзгөчө кырдаалдар комитетинде кызмат өтөп жаткан 23 жаштагы Галибон Иброхимов көз жумду. Маркумдун жакындарынын айтымында, ал сөөк жутуп алып, абалы начарлап кеткен, тийиштүү медициналык жардам ала албай, үйүнө чалып, дарыланууга бир нече жолу акча сураган. Андан мурдараак Коргоо министрлигинин инженердик батальонунда кызмат өтөп жаткан 23 жаштагы Шахбоз Жонмахмадзода дарыяга секирип, каза тапканы маалымдалган. 28-апрелде, он күндүк өргүүдөн кийин ал аскердик бөлүгүнө кайтмак, бирок көпүрөдөн боюн таштап, күбөлөрдүн айтымында, 500-600 метрден кийин суу алдында көрүнбөй калган. Ал да аскердеги шартка, медициналык тейлөөгө нааразы экенин, бөйрөгү ооруй турганын айтып жүргөн. Апрель айынын ортосунда Тажикстанда 25 жаштагы аскер кызматкери Исрофил Азимзода ""төртүнчү кабаттан кулап"" көз жумганы кабарланган. Ал аскерге 30-мартта эле чакырылган. Апасы жана жубайы Азимзода катуу сабалганын айтып жатышат. Тажикстандын акыйкатчысынын маалыматына караганда, 2025-жылы аскердеги мыйзам бузуулар тууралуу 123 факт катталган, алардын 66сы зомбулукка байланыштуу болгон. ",azattyk.org,0,high,news_site
01ec4d87-df89-494f-bc3f-716c149390d3,"Украинада дрон соккусунан адам өмүрү кыйылды, жараат алгандар бар","29-апрелге караган түнү Украинанын Сумы аймагында Орусиянын дрон жана ракета соккусунан жарандык инфраструктура зыянга учураганын, өрт чыгып, бир адам каза болгонун аймактык аскердик администрациянын башчысы Олег Григоров билдирди. ""Чабуулдун кесепетинен турак жай аймагында ири өрт чыккан. Тилекке каршы, имараттардын биринде жашаган 65 жаштагы аял көмүртек кычкыл газынан ууланып каза болгон... Дагы эки адам медициналык жардамга кайрылган. Калган тургундар тез арада эвакуацияланган"", - деп жазды Григоров Telegram баракчасына. Чабуул коюлган Шостка аймагы Украина менен Орусиянын чек арасына жакын жайгашкан жана орусиялык дрондордун чабуулуна көп кабылат. Өткөн Орусия Украинанын Харьков аймагынын бир нече районуна да дрон менен чабуул койгонун мэр Игорь Терехов билдирди. Анын айтымында, чабуулдан бир адам жаракат алды. Соккулар инфраструктуралык объектилерге жана турак жайларга тийген: көп кабаттуу үйлөрдөгү терезелер талкаланган, ал эми даракка тийген дрондун калдыктары жеке сектордогу бир нече үйгө зыян келтирген. Орусиянын чек арасына жакын жайгашкан Харьковго орусиялык аскерлердин чабуулдары жана соккулары дайыма болуп турат. (RK) ",azattyk.org,0,high,news_site
7a3d8307-be44-4fcf-884c-28e86ecfb6a5,"29-апрелдин аба ырайы: Жаан жаап, күн күркүрөйт","29-апрелде түнкүсүн Ош, Жалал-Абад, Ысык-Көл, Нарын облустарынын көпчүлүк аймактарында, Баткен облусунун айрым жерлеринде жаан жаап, күн күркүрөйт, бийик тоолуу райондорунда кар жаайт. Ош, Жалал-Абад, Ыссык-Көл, Нарын облустарынын айрым жерлеринде жаан-чачын катуу жаайт. Күндүз Ош, Жалал-Абад, Баткен облустарынын көпчүлүк аймактарында, Чүй, Ысык-Көл, Нарын облустарынын айрым жерлеринде жаан жаап, күн күркүрөйт, бийик тоолуу райондорунда кар жаайт, Ош облусунун айрым жерлеринде жаан-чачын катуу жаайт.Бийик тоолуу райондордо жолдор тайгак болот. Батыштан соккон шамалдын ылдамдыгы секундасына 4-9 метрге жетет.Абанын температурасы:Чүй өрөөнүндө түнкүсүн 9…14, күндүз 23…28Талас өрөөнүндө түнкүсүн 6…11, күндүз 21…26Баткен, Ош, Жалал-Абад облустарында түнкүсүн 12…17, күндүз 22…27Ысык-Көл облусунда түнкүсүн 7…12, күндүз 19…24Нарын облусунда түнкүсүн 7…12, күндүз 20…25Бишкек шаарында жаан-чачын жаабайт. Батыштан соккон шамалдын ылдамдыгы секундасына 4-9 метрге жетет. Абанын температурасы түнкүсүн 11…13°, күндүз 24…26° болот. ",azattyk.org,0,high,news_site
32748dcf-f903-46b0-8b5a-ca68f6eeb6d0,Кадамжайда селден улам ички жол убактылуу жабылды,"30-апрелде  Кадамжай районунун Орозбеков айыл  аймагында нөшөрлөп  жааган жамгырдын улам кокту-колоттон сел жүрдү. Тамаша-Кызыл-Булак жолундагы сайдан жана Пүшкөүт, Таш-Булак сайлары аркылуу сел жүрүп, жол убактылуу жабылганын Өзгөчө кырдаалдар министрлигинин Баткен облустук башкармалыгы билдирди. Калыбына келтирүү иштери жүрүп жатканы кабарланды. Мекеме буга чейин Пүшкөүт сайынын 750 метр, Таш-Булак сайынын 650 метр аралыгы тазаланганын, натыйжада сел өз нугунда өтүп, турак жай жана социалдык объектилерге зыян келтирилбегенин кошумчалады. Нөшөрлөгөн жаандан улам соңку күндөрү Кыргызстандын бир нече айылдарында сел жүрдү.",azattyk.org,0,high,news_site
37f94d07-9214-49ef-bf01-792b43837292,ИИМ Бишкек электр тармактар ишканасынын директорун кармады,"Ички иштер министрлиги (ИИМ) Бишкек электр тармактар ишканасынын директору (А.М.), башкы эсепчиси (Ч.И.) жана анын орун басары (Д.Ш.) кармалганын кабарлады. Мекеме 29-апрелде жарыялаган маалыматына ылайык, алар 2023-жылдан бери алдын ала сүйлөшүп алып, мамлекеттик ишкананын каражатын мыйзамсыз чыгарып кетүү боюнча кылмыштуу схема уюштурган деп шек саналууда. Тергөөдө бухгалтерия аркылуу жасалма документтер түзүлүп, акча маяна катары көрсөтүлүп, башкы эсепчинин орун басарынын (Д.Ш.) банктык эсебине которулуп турганы аныкталган. ИИМ кийин шектүүлөр аны бөлүштүрүп алып келгени, жыйынтыгында ишканага көп суммада зыян келтирилгени белгилүү болгонун кошумчалады. Бул факты боюнча Кылмыш-жаза кодексинин “Кызмат абалын кыянаттык менен пайдалануу” беренеси менен кылмыш иши козголуп, шектүүлөр эки айга камакка алынды. Ушул тапта Бишкек электр тармактар ишканасынын директору Паизов Азамат Мамазакирович. ИИМ тараткан инициал анын аты-жөнүнө туура келет. Шектүүлөрдүн жакындары менен адвокаттары комментарий бере элек. (BTo)",azattyk.org,0,high,news_site
a3c9f494-9e56-48ce-874a-327b9e279d66,"Ташиев, Тургунбек уулу жана Зулушев ИИМде сурак бергени кабарланууда","Улуттук коопсуздук боюнча мамлекеттик комитеттин (УКМК) мурдагы төрагасы Камчыбек Ташиев, Жогорку Кеңештин мурдагы спикери Нурланбек Тургунбек уулу жана парламенттин экс-депутаты Курманкул Зулушев 28-апрелде Ички иштер министрлигинде (ИИМ) бир нече саат сурак берип чыкканы кабарланды. Бир катар жергиликтүү сайттар алар кайсыл иш боюнча сурак бергени так эмес экенин жазып, бирок муну президенттик шайлоону быйыл өткөрүү демилгесин көтөргөн 75 адамдын кайрылуусу менен байланыштырып жатышат. ИИМ “Азаттыкка” маалыматты ырастаган да, четке каккан да жок. Мекеменин басма сөз кызматы комментарий бербей турганын гана билдирди. 28-апрелдин кечинде адвокат Шердор Абдыкапаров Фейсбуктагы баракчасына сурак тууралуу видео жарыялап, сөз болуп жаткан үч саясатчы сурак эле бербестен аларга “бийликти күч менен басып алууга аракет кылган” деген кине менен айыбы угузулганын айтты. Бирок кийинчерээк видеону баракчасынан өчүрүп салды. Камчыбек Ташиев, Нурланбек Тургунбек уулу, Курманкул Зулушев жана алардын тарапташтары комментарий бере элек. Президент Садыр Жапаров 27-апрелде Kaktus.media порталына маек куруп, “75чилердин катына” Камчыбек Ташиевдин тиешеси бар-жогун тергөө жана сотаныктай турганын билдирген. 9-февралда мурдагы премьер-министрлер, парламенттин экс-депутаттары, саясатчылар жана коомдук ишмерлер болуп 75 адамдан турган топ президент Садыр Жапаровго жана Жогорку Кеңештин ошол кездеги төрагасы Нурланбек Тургунбек уулуна кайрылып, жакынкы убакта президенттикшайлоо өткөрүүгө чакырган.Алардын айрымдары кийин кайрылуунун мазмунун окубай туруп эле ага кошулууга макул болгонун айтып чыгышкан. Ички иштер министрлиги бул кайрылууга байланыштуу кылмыш ишин козгоп, анда аты аталган коомдук ишмер Бекболот Талгарбековду, Кыргызстандын Өзбекстандагы мурдагы элчиси, мурдагы айыл чарба министри Эмилбек Узакбаевди жана Жогорку Кеңештин экс-депутаты Курманбек Дыйканбаевди, мурдагы вице-премьер, экс-депутат Аалы Карашевди жана ички иштер министринин мурдагы орун басарыКурсан Асановду кармаган. 10-февралда Садыр Жапаров Камчыбек Ташиевди Министрлер кабинетинин төрагасынын орун басары - Улуттук коопсуздук мамлекеттик комитетининтөрагасы кызматынан бошоткон.Андан кийинки маектеринде Жогорку Кеңеште депутаттар “президент жана атайын кызматтын кишиси” болуп бөлүнүү башталганын, кийин ал парламенттен сыртка чыкканын айтып, 75 адамдын кайрылуусун мисал кылган. Бул окуялардан кийин Нурланбек Тургунбек уулу алгач төрагалык кызматтан кетип, андан соң депутаттык мандатын да тапшырган. Фейсбуктагы баракчасына пост жазып, 75 кишинин кайрылуусуна тиешеси жок экенин билдирген. Акыркы саясий окуялардын фонунда Кундузбек Сулайманов, Элдар Сулайманов, Куванычбек Конгантиев, Шаирбек Ташиев, Курманкул Зулушев, Нурланбек Азыгалиев, Гүлсүнкан Жунушалиева, Абдылдабек Эгембердиев өздөрү жазган арыз менен депутаттык мандатынан ажыратылды. Алардын ичинен “Кыргызнефтегаз” ишканасындагы коррупциялык ишке байланыштуу Камчыбек Ташиевдин иниси, экс-депутат Шаирбек Ташиев, Камбар-Ата-1 ГЭСин даярдоо этабындагы иштерге байланыштуу Кундузбек Сулайманов жана жер тилкелерине байланышкан мыйзамсыз схемаларды уюштурган деген айып менен Куванычбек Конгантиев кармалды. “75чилердин каты” Жогорку Кеңешке түшкөн учурда Курманкул Зулушев парламенттин Конституциялык мыйзамдар, мамлекеттик түзүлүш, жергиликтүү өз алдынча башкаруу жана Жогорку Кеңештин регламенти боюнча комитетинин төрагасы болуп турган. (BTo)",azattyk.org,0,high,news_site
194cd073-ce8b-4566-bfc7-bc04041c7886,Орусиянын Туапсе аймагында өзгөчө кырдаал жарыяланды,"Орусиянын Туапсе аймагында 28-апрелде өзгөчө кырдаал жарыяланды. Буга дрон чабуулунан кийин мунай иштетүүчү заводдо чыккан өрт себеп болду. Өлкөнүн Өзгөчө кырдаалдар министрлиги Туапседе жолго мунай төгүлгөнүн билдирди, бирок кайсы жер экенин тактаган жок. Astra Telegram каналы да көчөдө айрым жерлерде мунай азыгы күйүп жатканын, анын баары резервуарларында мазут сакталуучу Туапсе мунай иштетүүчү заводунан агып чыккан болушу мүмкүн экенин жазды. Дал ошол көчөлөрдөн кечээ тургундар эвакуация болгон. Краснодар крайынын губернатору Вениамин Кондратьев Туапсе заводундагы өрттү 164 адам өчүрүп жатканын, 46 техника тартылганын билдирип, куткаруучу топ 29-апрелде 300 адамга көбөйтүлөрүн кошумчалады. Ал эми Орусиянын өзгөчө кырдаалдар министри Александр Куренков Туапседе көрүлүп жаткан чаралар ""азырынча жетиштүү болбошу мүмкүн"" деп билдирди. Ал ""мунай төгүлгөн жок, баары токтотулду"" деп айтты. 28-апрелдин түнүндө Туапседеги заводго дрон калдыктары кулап, өрт чыккан, мунай сакталуучу төрт ири резервуар жабыркаганы, шаардын 30дан ашык көчөсүндө суу өчүрүлгөнү маалымдалган. Ушуну менен Туапседеги мунай иштетүүчү заводго үчүнчү жолу чабуул коюлду. Орусия коңшусу Украинага каршы толук масштабдуу согуш ачып, анын аймагын күн сайын дрон жана ракета менен аткылап келатканына бешинчи жыл болуп баратат. Соңку жылдары Орусиянын өзүнүн аймагы да бутага көп алынууда. Украина Орусиядагы чабуулдарга адатта комментарий бербейт, болгону, Москванын согуш машинасын токтотуу үчүн анын мунай жана аскердик продукция чыгаруучу ишканаларын жарактан чыгаруу керек деп эсептей турганын айтып калат. (RK) ",azattyk.org,0,high,news_site
1cceab46-fa20-49a2-a3d6-38373ea9dc29,Кыргызстанда бүтүрүүчүлөрдүн билимин тестирлөө май айында өтөт,"Мектеп бүтүрүүчүлөрүнүн билим деңгээлин аныктоочу жалпы республикалык тестирлөө сынагы 16-майдан 23-майга чейин өтөт. Бул тууралуу Агартуу министрлиги маалымдады. Ага ылайык, быйылкы тестирлөөгө 65 412 бүтүрүүчү катталды. Жалпы республикалык тестирлөө мектеп бүтүрүүчүлөрүнө жогорку окуу жайга өтүүгө мүмкүнчүлүк берген сынак. Тест уюштуруучуну Агартуу министрлиги сынак аркылуу тандайт. Соңку жылдары бул укук Билимди баалоо жана окутуу усулдары борборуна берилип келет. Былтыр жалпы тестирлөөдө54 окуучу эң жогорку упай топтоп, “Алтын сертификатка” жетишкен. Алардын ичинен эң жогорку – 242 упайды Бишкек шаарындагы №70 жалпы билим берүү орто мектебинин бүтүрүүчүсү Атай Эстебесов алган. (ZKo)",azattyk.org,0,high,news_site
97c4991b-2b5b-461e-8d80-396a23cfcb85,Швейцария соту Гүлнара Каримова боюнча ишти кароону токтотту,"Швейцарияда федералдык кылмыш трибуналы Өзбекстандын туңгуч президенти Ислам Каримовдун кызы Гүлнара Каримовага каршы козголгон кылмыш ишин жабуу чечимин кабыл алды. Бул тууралуу 28-апрелде Швейцариянын улуттук телеканалынынэфириндеайтылды. Каримовага арам акчаны адалдоо аракети, кыянаттык менен башкаруу, жемкорлук жана кылмыштуу топту башкаруу тууралуу айыптар тагылган. Судья ишти кароо мөөнөтү өтүп кеткенин, Каримова өзү сотко катыша албай турганын жүйө келтирди. 2014-жылдан бери мекенинде камакта отурган Каримовага каршы иш Швейцарияда 2012-жылы козголгон. Бул өлкөнүн прокуратурасы ал жетектеген топ Өзбекстанда иштегиси келген эл аралык телекоммуникациялык компаниялардан пара тарап кылганын жүйө келтирген. Иш 2023-жылы тергелип бүтүп, сотко өткөрүлүп берилген. Гүлнара Каримовага мекенинде да каржылык мыйзам бузууларга жана жемкорлукка байланыштуу иш козголуп, 2015-жылы ал 10 жылга соттолгон. 2020-жылы Ташкент шаардык соту аны 13 жылга эркинен ажыраткан. Өзбекстандын Башкы прокуратурасынын эсебине караганда, Каримова ""мамлекеттин жана жарандардын кызыкчылыгына"" келтирген зыяндын жалпы суммасы 2 миллиард долларга чукул. ",azattyk.org,0,high,news_site
48819959-aecc-4636-b8ef-9fa18194ac19,"""Камбар-Ата 1"": Өкмөттүк макулдашуу долбоору Ташкентте талкууланды","Энергетика министрлиги “Камбар-Ата 1 ГЭСи” долбоору боюнча Өзбекстандын борбору Ташкентте үч күндүк сүйлөшүү өткөнүн билдирди. 28-30-апрелде долбоорду ишке ашыруу боюнча өкмөттөр аралык макулдашуунун долбоору талкууланганы маалымдалды. “Жолугушуунун жүрүшүндө тараптар макулдашуунун долбоорунун бардык беренелерин кеңири талкуулашты. Пикир алмашуу учурунда долбоордун макулдашылбаган жоболору конструктивдүү түрдө иштелип чыкты. Андан ары өз ара урматтоо жана алгылыктуу чечимдерди табууга умтулуу принциптерине негизделген ар кандай ыкмалар сунушталды. Ошондой эле кийинки сүйлөшүүлөр үчүн маселелер белгиленди”, - деп жазылган маалыматта. Жолугушууга Дүйнөлүк банктын өкүлдөрү да байкоочу катары катышкан. Тараптар өкмөттөр аралык макулдашуунун долбоорунун жоболору боюнча ишти улантууга даяр экенин белгилешти. Сүйлөшүүлөрдүн буга чейинки айлампасы 31-марттан 2-апрелге чейин Бишкекте өткөн. “Камбар-Ата-1” ГЭСин Кыргызстан, Казакстан жана Өзбекстанбиргелешип куруу чечимин кабылалган. Ага ылайык, үч өлкөнүн ортосунда биргелешкен ишкана түзүлөт. Компания “Камбар-Ата-1” ГЭСин башкарат жана анын 34% Кыргызстанга таандык болот. Ал эми Казакстан менен Өзбекстанга 33% бөлүнөт. Буга чейин айрым депутаттар менен энергетиктер үлүштөрдүн пайызы боюнча тынчсыздануусун билдиришкен. ГЭСти куруу 2024-жылы башталып, биринчи агрегаты 2028-жылы ишке берилет деп пландалган. ГЭС курулуп бүтсө 1880 МВт кубаттуулукта болуп, жылына 5,6 миллиард кВт саат электр энергиясын өндүрөт. Баштапкы эсеп боюнча, ГЭСтин плотинасынын бийиктиги 256 метрди түзүп, 5,4 млрд кубдан ашуун көлөмдө суу чогултат.",azattyk.org,0,high,news_site
2a64bbab-9b4d-4283-a69d-90d526dfe3d3,Тажикстанда сел төрт кишинин өмүрүн алды,"Тажикстанда катуу жааган жамгырдан кийин жүргөн сел төрт адамдын өмүрүн алды. Куляб шаарында табият кырсыгынан дагы беш киши жабыркап, ооруканага түштү. Бийлик билдиргендей, 450дөй тургун коопсуз жайларга эвакуацияланды. Жалпысынан шаарда 850гө жакын үйдү суу каптаган. Тажикстандын президенти Эмомали Рахмон каза болгондордун жакындарына көңүл айтып, жабыркагандарга жардам көрсөтүүнү тапшырды. Ошол эле учурда катуу жаан-чачындын кедергиси Дүйшөмбү баш болгон башка аймактарга да тийди. Ооруканалар, мектептер, турак жайлар жана жолдор талкаланганы кабарланууда. Айрым райондордо көпүрөлөр бузулуп, айдоо жерлерин суу каптаган. Катуу жаан-чачындан улам Кыргызстанда да сел жүрдү. Баткенде табият кырсыгынан кийинки калыбына келтирүү иштери уланууда. Баткен районунун Ак-Татыр айыл аймагынын Өрүкзар, Керме-Тоо, Үч-Дөбө айылдарында болжол менен 50 турак жайдын короолорун сел каптап, анын ичинен 10 үйдүн жертөлөсүнө суу кирген. Сел жүргөн айылдардан жалпы 149 адам эвакуацияланып, туугандарынын үйлөрүнө жайгаштырылган. Ошондой эле Ак-Татыр айылындагы Садыков атындагы орто мектепке адамдарды убактылуу жайгаштыруу жайы уюштурулган.  ",azattyk.org,0,high,news_site
9176dc06-0f49-4554-881e-19ae0417f4e2,Израилдин соккусунан Ливанда 14 киши мерт болду,"Ливандын бийликтери жекшембиде Израилдин аба соккуларынан 14 киши каза болуп, дагы 37 адам жараат алганын кабарлашты. Анын алдында Израил Ливандын жети калаасынын жашоочуларын ""буфердик зонадан"" чыгып кетүүгө үндөп, эскертүү тараткан. Ливандын Саламаттыкты сактоо министрлиги өлгөндөр арасында эки жаш бала, эки аял бар экенин, Израил өзү тараптан бир аскер мерт болгонун билдиришти. Израил армиясы ""ок атуууну токтотуу келишиминин шарттарын бузду"" деп Батышта террорчул уюм деп таанылган ХАМАСты айыптап, жети калаанын тургундарын түндүк жана батыш тарапка көчүп кетүүгө үндөгөн. ХАМАСтын аскерлери негизинен Израил аскердик операция жүргүзүп жаткан Ливандын түштүк тарабында жайгашкан.",azattyk.org,0,high,news_site
8ede5c30-3b50-4a72-baab-d72c9caa04a0,"Амангелдиев ""Керемет Банк"" АКШ менен Британиянын санкциясынан чыгышы ыктымалдыгын билдирди","Министрлер кабинетинин төрагасынын биринчи орун басары Данияр Амангелдиев “Керемет Банк” АКШнын жана Улуу Британиянын санкцияларынан чыгып калышы мүмкүн экенин билдирди. Бул тууралуу ал 30-апрелде “Азаттык” радиосунун “Эксперттер талдайт” программасында айтты. Амангелдиев Кыргызстан санкцияга байланыштуу диалогду улантып жатканын жана атайын жол картасы иштелип чыкканын кошумчалады: “АКШга, Улуу Британияга, Брюсселге бир нече жолу бардык. Диалог, жылыш бар. Мисалы, булар деле “Керемет Банкты” далили жок эле санкцияга киргизип алыптырбыз” деп атат. Санкцияларды айланып өткөнгө “Керемет Банктын” тиешеси бар экенине далил жок. Ошонун баарын далилдеп, жакын арада “Керемет Банк” санкциядан чыгып калышы мүмкүн. Бул ишти уланта беришибиз керек. Арыз-доомат койгондон пайда жок. Диалог болушу керек”. Данияр Амангелдиев Европа Биримдигинин Орусияга каршы санкциялардын 20-пакетинде Кыргызстандын да аты аталганы тууралуу комментарий берип, коюлуп жаткан чектөөлөр негизсиз экенин кошумчалады. Орусия Крымды аннексиялап алган 2014-жылдан кийин Москвага санкция салып баштаган Батыш өлкөлөрү 2022-жылы орус аскерлери Украинага басып кирген соң бул чараларын дагы күчөткөн. Кийин Орусия башка өлкөлөр менен кызматташуусун жанданткан соң аны менен кызматташкан мамлекеттердин компанияларына экинчи деңгээлдеги санкциялар салына баштаган. Кыргызстандын мамлекеттик “Керемет Банк”, “Капитал Банк” банктары “криптоактивдер жана төлөм системалар жаатында кызмат көрсөтүп, Орусиянын Украинага каршысогушун колдогон” деген кине менен АКШнын, Улуу Британиянын санкциясына илинген. Европа Биримдигинин дипломаттары жакында Орусияга каршы санкциялардын 20-пакетин макулдашкан. Анын алкагында Кыргызстанга да металл кесүүчү станокторду жана үн, сүрөт, видео маалыматтарын берүүчү модем, маршрутизатор сыяктуу байланыш каражаттарынсатууга тыюу салынат. Кыргыз бийлиги Батыш өлкөлөрүнүн дооматын четке кагып, соңку чаранын кесепети деле жок экенин билдирген. 2026-жылдын башына карата 28 кыргызстандык компания АКШнын, Улуу Британиянын жана Европа Биримдигинин “кара тизмесине” кирди. 28 ишкананын 14ү санкциялык товарларды Орусияга жеткирүүгө айыпталса, 4 компания акчаны адалдоо жана алтынды мыйзамсыз сатууга байланыштуу, 2 ишкана Орусиянын мунай компанияларынын туунду ишканалары катары санкцияга илинген. (BTo)",azattyk.org,0,high,news_site
08d8cb60-75c1-42a3-a514-fa080ae5d705,Тажикстан менен Өзбекстан чек арадан ички паспорт менен каттоо тартибин киргизет,"Тажикстан менен Өзбекстандын бийликтери чек арадан ички паспорт же ID-карта менен каттоо тартибин киргизүүнү макулдашышты. Тиешелүү өзгөрүүлөр жарандардын эки жакка катоосу тууралуу укуктук протоколго киргизилди, бирок күчүнө кире элек. «Озоди» радиосу документтин көчүрмөсү менен таанышып чыкты. Ага ылайык, Тажикстандын жарандары Өзбекстанга ички паспорт менен кире алышат. Бирок андан ары үчүнчү өлкөгө, анын ичинде Орусияга чыкпайт деген шарт коюлат. Ушундай эле тартип өзбек жарандары үчүн каралууда. Журналисттер жазгандай, Тажикстандын тургундары бул жаңылыкты кубануу менен кабыл алышты. Жаңы эреже кошуна өлкөгө шашылыш иш менен жол тарткан кишилерге өзгөчө ыңгайлуу болмокчу. Буга чейин Өзбекстандын Дүйшөмбүдөгү элчилигинин өкүлү өзбек тарап документке кол койгонун, Тажикстандын жактыруусун күтүп жатышканын билдирген. 2024-жылы Өзбекстандын президенти Шавкат Мирзиеев өзбек жарандарынын Тажикстан жана Казакстанга ички паспорт менен каттоосуна шарт түзүүнү көздөгөнүн айтып келген. 2018-жылы Өзбекстан менен Тажикстан виза режимин алып салышканы менен жарандар сырткы паспорт менен гана кире алышат. Расмий статистикага караганда, былтыр Тажикстанга Өзбекстандын бир миллиондон ашуун жараны кирип чыккан. Ошол эле жылы Тажикстандын 2,7 миллион жараны Өзбексатнга саякаттаган. ",azattyk.org,0,high,news_site
ec990c65-0b7f-4928-a315-2ebabc65ad7e,Баткен районунда селден улам өзгөчө кырдаал режими жарыяланды,"Баткен районунда 2-майда нөшөрлөп жааган жаандын кесепетинен сел жүрүп, аймактагы бир катар айылдарда кооптуу абал жаралды, жарандар эвакуацияланып, өзгөчө кырдаал режими киргизилди. Бул тууралуу ""Азаттыкка"" Баткен райондук мамлекеттик администрациясынын басма сөз кызматы билдирди. Мекеменин маалыматына караганда, Ак-Татыр жана Самаркандек айыл аймактарында сел суусу айрым үйлөргө жана короо-жайларга кирип, адамдарды коопсуз жайларга эвакуациялоо иштери жүргүзүлдү. ""Кырдаалга байланыштуу район акими Данир Иманалиев баштаган жетекчилик жана жарандык коргонуунун жооптуу кызматкерлери жеринде ыкчам иш алып барууда. Ошондой эле Өзгөчө кырдаалдар министрлигинин аймактык бөлүмдөрүнүн өкүлдөрү жана куткаруучулар тартылып, абалды көзөмөлгө алуу аракеттери күчөтүлдү. Жаралган кырдаалдын негизинде район аймагында өзгөчө кырдаал режими киргизилип, тиешелүү буйрук чыгарылды"", - деп билдирди акимчилик. Учурда сел жүргөн аймактарда атайын техника ишке тартылып, кесепеттерин жоюу, жолдорду тазалоо жана жарандардын коопсуздугун камсыз кылуу иштери үзгүлтүксүз улантылууда. Синоптиктер соңку күндөрү республиканын айрым аймактарында жаан-чачынга байланыштуу сел жүрүү коркунучу жогору экенин эскертишкен. Нөшөрлөп жааган жаандан улам 1-майда Жалал-Абад облусунда Манас шаарында да сел жүргөн. 30-апрелде Баткен облусунун Кадамжай районунда сел суусу каптаган кээ бир жолдор убактылуу жабылган. 29-апрелде Ош облусунун Алай районунун Гүлчө шаарында селге байланыштуу өзгөчө кырдаал режими киргизилген. (JsA) ",azattyk.org,0,high,news_site
8a346b9a-c129-4b69-86e4-cf886a1eb6df,Арменияда 30дан ашуун европалык жана башка лидерлер чогулду,"4-майда Армениянын башкалаасы Ереванда Европалык саясий коомчулуктун 8-саммити башталды. Ага Евробиримдиктин лидерлеринен башка Украинанын президенти Владимир Зеленский, Канаданын премьер-министри Марк Карни катышууда. Жыйында кеңири аймакта демократия, энергетикалык коопсуздук жана экономикалык кызматташтыкты күчөтүү маселелери талкууланууда. Ал эми 5-май күнү тарыхта биринчи жолу Европа Биримдиги - Армения саммити өтөрү күтүлүүдө. Ал жыйын эки тараптуу мамилени чыңдоого багытталат. Өткөн жылы Армения Евробиримдикке кошулуу ниетин билдирип, Орусиянын таасиринен оолактоого багыт алган. Еревандагы бул жыйынга Европа комиссиясынын төрайымы Урсула фон дер Ляйен жана Европалык кеңештин төрагасы Антониу Кошта да катышат. 2025-жылдын март айында Армениянын парламенти шаркетке кошулуу жараянын баштоо тууралуу мыйзам кабыл алган. Армения Орусия башында турган Евразия экономикалык биримдигине мүчө өлкө. Расмий Москва муну ар дайым эскертип, Ереван геосаясий жактан эки башка уюмга мүчө боло албастыгын белгилеп келет. Армениянын премьер-министри Никол Пашинян Орусиянын лидери Владимир Путин менен болгон соңку жолугушуусунда бул боюнча чечимди убагы келгенде армян эли кабыл аларын билдирген.",azattyk.org,0,high,news_site
2a371c5e-a0a9-4de3-b251-5d4be893a87f,Швейцария: Гүлнара Каримовага козголгон иш сотто карала баштады,"Швейцарияда Өзбекстандын мурдагы президенти Ислам Каримовдун тун кызына байланышкан акча адалдоо иши боюнчасот процесси башталды. 27-апрелде Швейцариянын Федералдык кылмыш сотунда Гүлнара Каримова жана Lombard Odier жеке банкынын үстүнөн козголгон иш карала баштады. Каримова пара алуу жана «Кеңсе» деп аталган кылмыштуу түзүмдү жетектөө боюнча айыпталууда. Тергөөчүлөрдүн маалыматы боюнча, бул түзүм 2005–2013-жылдары жүз миллиондогон доллар каражатты Швейцариядагы эсептерге өткөрүп турган. Женева шаарында жайгашкан Lombard Odier банкы жана анын мурдагы кызматкери Каримованын болжолдуу кылмыштуу кирешелерин жашырууга көмөктөшкөн деп шектелип жатышат. Өзбекстанды чейрек кылымдан ашык башкарган Ислам Каримовдун саясий мураскери саналган Гүлнара Каримованы 2020-жылы Ташкент шаардык соту13 жыл 4 айга эркинен ажыраткан. Ал ""мамлекеттик каражатты уурдаган жана бирөөнүн мүлкүн тартып алуу менен Өзбекстандын кызыкчылыгына каршы макулдашууларга барган"" деген беренелер менен күнөөлүү деп табылган. Ал алты жылдайТашкент облусунун Зангиата районундагы аялдар колониясында жазасын өтөп, былтыр жатак абакка чыгарылган. Швейцариянын соту процесс канча убакытка созулары жана өкүм качан чыгары белгисиз экенин билдирди. Өзбекстандын Башкы прокуратурасы Гүлнара Каримова мамлекетке, жарандарга келтирген зыяндын жалпы суммасы 1 трлн 270 млрд 200 млн сумду, 1 млрд 651,8 млн АКШ долларын, 26,1 млн еврону түзөрүн маалымдаган.",azattyk.org,0,high,news_site
fc98e296-2f97-4fe7-a67c-f83793245a84,Орусиянын чабуулунан Одессада эки адам набыт болду,"Украинанын Одесса облусунда 3-майга караган түнү Орусиянын чабуулунан эки адам набыт болуп, дагы беш киши жараат алды. Дрондор үч турак жайга тийип, дагы эки имаратка зыян келтирилгенин облустук аскердик администрациянын төрагасы Олег Кипер маалымдады. Херсон облустук администрациясынын башчысы Александр Прокудин Днепровский районунда орусиялык дрон жарандык автоунаага тийип бир эркек киши мүрт кеткенин, дагы бир нече адам жаракат алганын айтты. Ал эми Харьков облусундагы Балаклея шаарында Орусиянын чабуулунан үч адам жараат алды. Днепропетров облустук аскердик администрациясынын башчысы Александр Ганжанын маалыматында, 3-майдын таңында Орусиянын аба соккусунан болжол менен 40 чакты бала кетип бараткан автобус жабыркап, балдар машинеден качып чыкканга үлгүрүшкөн. Алты киши жаракат алган, арасында 10 жаштагы өспүрүм жана кош бойлуу аял бар. Украина жана эл аралык уюмдар Орусиянын жарандык инфраструктурага жана жай тургундарга багытталган соккуларын согуш кылмышы деп эсептейт. Далилдерге карабай Москва муну танып, соккулар аскердик буталарга урулуп жатканын билдирип келет. (BTo)",azattyk.org,0,high,news_site
f867063a-84c6-4a68-aa08-0ef903307bc4,Кыргызстан менен Тогонун ортосунда бир катар документтерге кол коюлду,"Тогонун Министрлер кеңешинин төрагасы Фор Эссозимна Гнассингбенин Кыргызстанга болгон расмий сапарында сегиз документкекол коюлду. Кыргызстан менен Тогонун ортосундагы дипломаттык, расмий жана кызматтык паспорттордун ээлерин визалык талаптардан өз ара бошотуу жөнүндөгү макулдашуу, инвестиция, маданият жаатынды кызматташуу, эки өлкөнүн Саламаттык сактоо министрликтеринин кызматташтыгы боюнча макулдашуу бар. Фор Эссозимна Гнассингбе Кыргызстанга 28-апрелде расмий сапар менен келген. 29-апрелде ал президент Садыр Жапаров менен жолугушту. Садыр Жапаров сүйлөшүүлөрдүн жыйынтыгы боюнча жалпыга маалымдоо каражаттары үчүн билдирүү жасап, Кыргызстан Бириккен Улуттар Уюмунун (БУУ) Коопсуздук кеңешинин 2027-2028-жылдарга туруктуу эмес мүчөлүгүнө талапкерлигин койгонун жана бул демилгени Того колдой турганын айтты. Того Батыш Африкада жайгашкан чакан өлкө жана калкынын саны 9 миллиондон ашат. Кыргызстандын аталган өлкө менен дипломатиялык алакасы 1997-жылы 30-сентябрда түзүлгөн. (BTo) ",azattyk.org,0,high,news_site
fbb18ca4-9230-4291-850a-73aef5f29c1e,Баткендин сел жүргөн айылдарынан 149 адам эвакуация болду,"2-майда Баткен районунун Ак-Татыр жана Самаркандек айыл аймактарында жүргөн селден кийинки калыбына келтирүү иштери жүрүп жатат. Ак-Татыр айыл аймагынын Өрүкзар, Керме-Тоо, Үч-Дөбө айылдарында болжол менен 50 турак жайдын короолорун сел каптап, анын ичинен 10 үйдүн жер төлөсүнө сел суулары кирген. Сел жүргөн айылдардан жалпы 149 адам эвакуацияланып, (35 үй-бүлө), туугандарынын үйлөрүнө жайгаштырылган. Ошондой эле Ак-Татыр айылындагы Садыков атындагы орто мектепке адамдарды убактылуу жайгаштыруу жайы уюштурулган. Селдин кесепеттерин жоюу иштерине жарандык коргонуу кызматтарынан жана жергиликтүү бийликтен жалпы 134 кызматкер, 22 техника тартылды. Селден улам Баткен районуна өзгөчө кырдаал режими киргизилген. Синоптиктер соңку күндөрү республиканын айрым аймактарында жаан-чачынга байланыштуу сел жүрүү коркунучу жогору экенин эскертишкен. Нөшөрлөп жааган жаандан улам 1-майда Жалал-Абад облусунун Манас шаарында да сел жүргөн. 30-апрелде Баткен облусунун Кадамжай районунда сел суусу каптаган кээ бир жолдор убактылуу жабылган. 29-апрелде Ош облусунун Алай районунун Гүлчө шаарында селге байланыштуу өзгөчө кырдаал режими киргизилген. (JsA)",azattyk.org,0,high,news_site
32565d9b-b7bc-41d8-bc12-a9e48426168d,"Трамп Ормузда калган бейтарап кемелерди ""алып чыга баштаарын"" айтты","АКШ президенти Дональд Трамп Вашингтон Ормуз кысыгында кармалып турган кемелерди коштоп, ал аймактан аман-эсен алып чыга турганын билдирди. Бул тууралуу ал Truth Social баракчасына жазып, операцияны “Эркиндик долбоору” деп атады жана ал дүйшөмбү күндөн башталарын тактады. “Ирандын, Жакынкы Чыгыштын жана Америка Кошмо Штаттарынын кызыкчылыгы үчүн биз бейтарап өлкөлөргө алардын кемелерин бул чектелген суу жолдорунан аман-эсен алып чыгарыбызды билдирдик. Муну менен алар өз иштерин эркин жана ишенимдүү уланта алышат”, - деп жазды Трамп. Ал эгер Иран АКШнын бул миссиясына тоскоолдук кылууга аракет кылса тийиштүү чаралар көрүлөрүн эскертти. Трамптын мындай билдирүүсүнөн көп өтпөй Ирандын жогорку кызматтагы чиновниги Тегеран АКШнын Ормуз кысыгындагы кырдаалга кийлигишүү аракетин атышууну токтотуу режимин бузуу катары баалай турганын билдиргенин Би-Би-Си жазды. “Ормуз кысыгындагы жаңы деңиз режимине Американын ар кандай кийлигишүүсү келишимди бузуу катары каралат”, - деп билдирген Иран парламентинин улуттук коопсуздук боюнча комиссиясынын башчысы Ибрахим Азизи. АКШ менен Израил чабуул баштаган 28-февралда Иран кысыкты кемелер менен мунай танкерлери үчүн иш жүзүндө жаап салган. Ок атышууну токтотуу макулдашуусунан кийин, 17-апрелде ачып, көп өтпөй кайра жапкан. Анын алдында АКШ менен Ирандын сүйлөшүүлөрү майнапсыз аяктаганда америкалык аскерлер ирандык портторду бөгөттөгөн. 29-апрелде Трамп Тегеран өзөктүк программасы боюнча кепке келбесе деңиз аскерлери Ирандын портторун бөгөттөөнү улантарын билдирди. Анын айтымында, Иран Ормуз кысыгын ачтырууну көздөп, атомдук программасын талкуулоону кийинкиге калтырууну каалайт. АКШ президенти ал планды четке какканын айтты.",azattyk.org,0,high,news_site
876b689b-7ee0-4a53-b064-424df9f1756a,Камила Талиева үй-бүлөлүк зомбулукту алдын алууну күчөтүү керектигин айтты,"Жогорку Кеңештин депутаты Камила Талиева өкмөттү үй-бүлөлүк зордук-зомбулукту алдын алуу иштерин күчөтүүгө чакырды. Депутат парламенттин 29-апрелдеги отурумунда жакында эле Баткен районундагы Чоң-Кара айылында күйөөсү жубайын өлтүрүп, кийин өзү асынып калган окуяны мисал кылып, алардын артында калган беш баласын мамлекет камкордукка алышы керектигин билдирди. Баткен облустук ички иштер башкармалыгынын маалыматында,  26-апрелге караган түнү үйдө балдар уктап жатканда жолдошу аялын бир нече жолу бычак менен сайып,аял ошол жерде каза болгон.Андан соң өзү үйүнүн короосундагы өрүк бакка асынып каза тапкан. Окуя болгон жерден далил катары ашкана бычагы жана жип алынган. Бул факты боюнча Кылмыш-жаза кодексинин “Адам өлтүрүү” беренеси менен кылмыш иши козголуп, тиешелүү соттук-медициналык экспертизалар дайындалган. Башкы прокуратуранынмаалыматына караганда,Кыргызстанда 2025-жылы үй-бүлөлүк зомбулукка байланыштуу 656 кылмыш иши козголгон. Мында 458 аял, 104 бала жана 94 эркек киши жабыркаган. Ошондой эле былтыр Кылмыш-жаза кодексинин “Үй-бүлөлүк зомбулук” беренеси менен 36 кылмыш иши козголгон. Жалпысынан бул багыттагы укук бузууларга байланыштуу 6 миңден ашуун протокол түзүлгөн. (BTo)",azattyk.org,0,high,news_site
4a07f185-270a-4e26-91b9-ab73c1938dc7,Хаменеи Иран Ормуз кысыгын коргой турганын билдирди,"Ирандын жогорку лидери Можтаба Хаменеи 30-апрелде жарыяланган кайрылуусунда Тегеран Перс булуңундагы коопсуздукту камсыз кыларын жана «душмандын деңиз жолун пайдалануу аракетин токтоторун» билдирди. Можтаба атасы Али Хаменеи 28-февралда АКШ жана Израил жүргүзгөн аба соккуларында каза болгондон кийин жогорку лидерликке келгенден берки сейрек жасаган кайрылууларынын бири болду. Ал X социалдык түйүнүндөгү баракчасына жарыяланды. Ал ирандыктар өлкөнүн деңиздеги, жердеги жана абадагы чек араларын коргой турганын белгиледи. 56 жаштагы Хаменеи атасынын өлүмүнөн бери эл алдына чыга элек. АКШ расмий өкүлдөрүнүн айтымында, ал ошол соккуларда оор жаракат алган болушу мүмкүн. Иран Ормуз кысыгы жаап, өзү уруксат берген кемелерден башкасынын баарын өткөрбөй келет. Мындан улам дүйнөдө, мунай баасынын өсүп, согуштун экономикага тийгизген таасири боюнча кооптонуулар күчөдү.",azattyk.org,0,high,news_site
86c58ac7-dfda-42ac-93c7-d4617c68b050,Түштүк Кореянын мурдагы биринчи айымынын өкүмү 4 жылга узартылды,"Түштүк Кореянын экс-президенти Юн Сок Ёлдун жубайы Ким Гон Хинин сот өкүмү 4 жылга чейин узартылды. Шейшембиде апелляциялык сот аны көз боемочулук үчүн айыптуу деп тапты. Январда мурдагы биринчи айым диний уюмдан эки Chanel сумкасын, бриллиант шуру жана башка белектерди алганы үчүн паракорлук беренеси менен бир жыл 8 айга кесилген. Ошондо сотто баалуу кагаздардын көз боемочулугу жана саясий фонддор тууралуу мыйзамды бузуу беренелери боюнча акталган. Ким Гон Хи апелляциялык арыз берген. Бирок прокуратура да өкүмдү талашып, аны катаалдатууну сураган. Хинин адвокаттары апелляциялык соттун чечимине каршы Жогорку сотко кайрылышарын билдирди. Экс-президенттин аялы былтыр августта камакка алынган. Тергөөнүн версиясына ылайык, ал 2 миң 200 доллар турган Dior брендинин сумкасын белекке алган. Президенттин администрациясы ага чейин белек берилгенин бышыктап, бирок ал өкмөттүн мүлкү катары сакталганын билдирген. Андан тышкары Ким Гон Хи акциялар менен көз боемочулук кылуу жана мыйзамсыз киреше алуу максатында Deutsch Motors компаниясынын башчысы менен кутумга барган деп күнөөлөнгөн. Мурдагы президент Юн Сок Ёл 2024-жылдын декабрында конституциялык түзүлүштү бузууга күнөөлүү деп табылып, быйыл февралда өмүр бою эркинен ажыратылган. Тергөө версиясына ылайык, ал парламентке аскерлерди киргизип, саясий атаандаштарын кармоого аракет кылган. Мунун натыйжасында кызматынан четтетилип, камакка алынган. Бир кезде прокурор болуп иштеген Юн коюлган айыптарды четке кагып, президент катары аскердик абал жарыялоого укугу бар экенин билдирген. Анын айтымында, бул кадам оппозициялык партиялардын өкмөттүн ишине тоскоолдук жаратып жатканы үчүн жасалган. ",azattyk.org,0,high,news_site
657bb2f9-81e6-448b-98bf-72ea1ce352f4,Сөз эркиндиги боюнча жаңы рейтингде Кыргызстан эки баскычка ылдыйлады,"""Чек арасыз кабарчылар"" (RSF) эл аралык уюму басма сөз эркиндиги боюнча жаңы докладын жана 180 өлкөнүн рейтингин жарыялады. Кыргызстандын көрсөткүчү былтыркыга салыштырмалуу эки баскычка ылдыйлап, 146-сапка жайгашты. Уюм өз классификациясын 25 жылдан бери чыгарып келет. RSF белгилегендей, биринчи жолу тарыхта өлкөлөрдүн жарымындагы басма сөз эркиндигинин абалы “кыйын” же ""өтө оор” деп сыпатталды, орточо упай эч качан мынчалык төмөн болгон эмес. Уюм улам бир жерде болуп жаткан журналистиканы муунтуу аракеттерин, кабарчыларга кесибин аркалоодо түзүлгөн тоскоолдуктарды, улуттук коопсуздукка шилтеп сөз эркиндигин чектеген мыйзамдардын кабыл алынышын сындады. ""Европа жана Борбор Азия аймагы калыптанган баалуулуктар өзгөртүлүп, мыйзамдар бийликтин кызыкчылыгында пайдаланып, жөнөкөй жарандардын маалымат алуу укуктары чектелип жаткан масштабдуу экспериментти эске салат"", - деп жазды докладдын авторлору. Алсак, 135-орундагы Грузиянын көрсөткүчү былтыркыга караганда 21 баскычка төмөндөдү. Өлкө демократиялык кризиске туш болуп, чет өлкөлүк агенттер тууралуу мыйзам долбооруна каршы чыккан элдик демонстрациялар күч менен басылган. RSF Өзбекстанды 147, Казакстанды 149, Тажикстанды 155 жана Түркмөнстанды 173-орунга жайгаштырды. Казакстан рейтингде 8 сапка түштү. Авторлор ал өлкөдө мыйзамдар күчөтүлүп, журналисттерге кыйыр басым болгонун, интернет мейкиндигинде репрессивдүү саясат жүргүзүлгөнүн, прессага каршы кылмыштар жазасыз калып жатканын белгилешти. Кыргызстанда да ушундай эле тенденция байкалганы белгиленип, журналисттердин укуктук кепилдиктери чабал болуп калганы айтылды. Докладда Орусия жана Беларус журналисттер үчүн эң ири абакка айланганы айтылды. Эл аралык Amnesty International укук коргоо уюму 21-апрелде жарыялаган жылдык баяндамасында дүйнө жүзүндө, анын ичинде Борбор Азияда жарандык коомго кысым күчөп жатканын билдирди.State of the World’s Human Rights деп аталган документтеБорбор Азиянын бардык өлкөлөрүндө укук жана эркиндик чектелип жатканы белгиленген. Кыргызстандын бийлиги өлкөдө сөз эркиндиги жана адам укуктары корголорун такай кайталайт. 29-январда президент Садыр Жапаров ""Кабар"" агенттигине курган маегинде сөз эркиндиги жана демократия деген ""биринчи кезекте жоопкерчилик"" деп эскерткен. ",azattyk.org,0,high,news_site
d213ba46-4b24-438a-8e0c-8e9da503a442,Депутат Бекешев паспорт же башка документ алуу эселеп кымбаттаганын айтты,"Жогорку Кеңештин депутаты Дастан Бекешев мамлекеттик документтерге, түрдүү маалымкат кагаздарга баа көтөрүлгөнүн белгилеп, өкмөттү сынга алды. Бул тууралуу ал 28-апрелде парламенттин Финансы, бюджет, ишкердик жана атаандаштыкты өнүктүрүүкомитетинин жыйынындасүйлөп жатып айтты. Бекешев Министрлер кабинетинин тѳрагасы демилгелеген “Баа түзүү жөнүндө” мыйзамга өзгөртүүлөрдү киргизүү тууралуу” мыйзам долбоору каралып жатканда мамлекеттик кызмат көрсөтүү акысы эселеп өскөнүн айтты: ""Түрдүү маалымкаттар, өзүбүз басып чыгарып жаткан паспорт жана башка бардык документтер эселеп кымбаттады. Кадимки эле маалымкат 500 сом турат. Калкты тейлөө борборуна (ЦОН) кирсең баа 34% чейин өсүп кеткен. ЦОН өзүнчө эле бизнес-долбоор болуп алды. Мамлекеттик тейлөө акысы кайда өсүп баратат? Эл нааразы. Монополияга каршы тескөө кызматы эмне үчүн унчукпайт?""Депутаттын суроосуна экономика жана коммерция министринин орун басары Беназир Нурланова жооп берип, азыркы каралып жаткан мыйзам кызмат көрсөтүү акысын түзүүгө кийлигишүүгө багытталбаганын айтты.Дастан Бекешев кызмат көрсөтүү да товар, азык-түлүк сыяктуу эле сатыларын белгилеп, социалдык маанидеги товарлардын баасын 34% көтөрүүгө каршылыгын билдирди. Ал Монополияга каршы тескөө органы мамлекеттик кызмат акыны жана башка бааларды да карап, тескөөгө тийиштигин эскертти.Баалардын ооздуктоосуз өсүп бара жатканын белгилеген дагы бир депутат Улан Жаанбаев бул боюнча парламенттик угуу өткөрүүнү сунуштады. Улуттук банктын 28-апрелдегимаалыматына караганда, жыл башынан бери Кыргызстанда инфляция (17-апрелге карата) 3,9% түздү (жылдык мааниде 11,3%). Азык-түлүк 10,8%, андан башка товарлардын баасы 9,2%, тамеки жана алкоголдук продукцияныкы 8,9% жогорулады. Кызмат көрсөтүү чөйрөсүндө 17,2% түздү.(ZKo) ",azattyk.org,0,high,news_site
ea2ca186-f922-469b-9c80-f3675612daa6,Одессада орус армиясынын соккуларынан 14 киши жабыркады,"27-апрелге караган түнү Орусияын куралдуу күчтөрү Украинанын Одесса шаарына  жапырт чабуул коюшту. Одесса облусунун аскердик администрациясы билдиргендей, аба соккуларынан кеминде 14 киши жабыркады, бешөө ооруканага жеткирилди. Чабуулдан эки көп кабаттуу үй, мейманкана, фуникулер, кампалар зыян тартты. Украинанын куралдуу күчтөрү бул түнү Одесса жана башка аймактарга Орусия бардыгы 94 учкучсуз аппарат, дрондор менен чабуул койгонун, алардын 74ү асманда атылып түшүрүлгөнүн билдиришти. Орусия тарап дүйшөмбүнүн таңында украин армиясынын учкучсуз аппараты Запорожье атомдук станциясынын транспорттук цехин бутага алып, бир айдоочу мерт болгонун маалымдады. Атомдук энергетика боюнча эл аралык агенттик окуя болгон жерге адистерин жөнөткөнүн, алар атомдук станциядагы жагдайды иликтей турганын билдирди.",azattyk.org,0,high,news_site
1a4b1896-76a5-4a2b-b0f5-fed397e77be8,"Өкмөт ""Бала ырысы"" жөлөкпулу үчүн 3 млрд сомдон ашык каражат бөлөт","Быйылкы жылы үч жашка чыга элек балдарга жөлөкпул берүү үчүн Министрлер кабинети бюджеттен 3 миллиард 316 миллион сом бөлөт. Бул тууралуу токтом долбоору коомдук талкууга чыкты. Бул документ буга чейин президент Садыр Жапаровдун мартта “Бала ырысы” деп аталган мамлекеттик жөлөкпул берүү жөнүндөгү  жарлыгын ишке ашыруу үчүн даярдалган. Жарлыкка ылайык, 1-июлдан тартып 1200 сом өлчөмүндөгү жөлөкпул үй-бүлөнүн кирешесине карабастан берилет. Улуттук статистика комитетинин маалыматына ылайык, Кыргызстанда болжолдуу үч жашка чейинки 445 миңдей бала бар. Учурда 16 жашка чейинки балдары бар муктаж үй-бүлөлөргө ""Үй-бүлөгө көмөк"" деп аталган 1200 сом өлчөмүндө мамлекеттик жөлөкпул берилет. Бийик тоолуу жана алыскы райондордо жашаган үй-бүлөлөр үчүн жөлөкпулдун өлчөмү аймактык коэффициент менен эсептелинет. Бирок жөлөкпул алуудагы түйшүк, кыйынчылыктар тууралуу нааразылык айтылып турат. 1200 сом өлчөмүндөгү жөлөкпулду алуу үчүн үй-бүлөнүн кирешеси жан башына 1000 сомдон жогору болбошу керек деген жобосу элдин нааразычылыгын жаратып келген. Быйыл 1-январдан тартып күчүнө кирген ""Мамлекеттик жөлөкпулдар жөнүндө"" мыйзамга ылайык, үй-бүлөнүн социалдык-экономикалык абалына карабастан үчүнчү жана ар бир кийинки бала төрөлгөндөн тартып үч жашка чыкканга чейин ай сайын берилүүчү ""бийик тоолуу аймактардын жашоочуларына көмөк"" жөлөкпулу берилүүдө. 2018-жылдын башынан тартып ымыркай төрөлгөндө ""Балага сүйүнчү"" деп аталган жөлөкпул – 4000 сом берилет. Мындан тышкары 2019-жылы күздөн тартып үй-бүлөдө үч же андан ашык эм төрөлгөн шартта ар бир бала үчүн 50 миң сомдон берилет. Улуттук статистика комитетинин маалыматына ылайык, Кыргызстанда жашоо минимуму 8 769 сомду түзөт.",azattyk.org,0,high,news_site
a0dd53ae-e3c8-4cb7-9715-0ee76413c05e,Кыргызстан Сейшел аралдары менен визасыз каттам тууралуу макулдашты,"Сейшел аралдарынын тышкы иштер жана диаспора министри Барри Фор Кыргызстанга келди. 4-майда тышкы иштер министри Жээнбек Кулубаев аны кабыл алганын Кыргызстандын дипломатиялык мекемеси билдирди. Тараптар саясий диалогду өнүктүрүү, келишимдик-укуктук базаны кеңейтүү, ошондой эле айыл чарба, туризм, климат, билим берүү жана санариптик башкаруу тармактарын камтыган соода-экономикалык жана гуманитардык кызматташууну чыңдоону талкуулашты. Жолугушуунун жыйынтыгында Кыргызстан менен Сейшел аралдары ортосунда кыска мөөнөттүү сапарлар үчүн визалык талаптарды жокко чыгаруу макулдашылды. ТИМ Сейшел аралдарынын башкы дипломаты Кыргызстанга алгачкы ирет келгенин, бул визит министр Кулубаевдин чакыруусу менен уюштурулганын белгиледи. Сейшел аралдары 1976-жылы Улуу Британиядан көз карандысыздык алган, карамагында 115 арал бар. Анда 135 миңдей калк жашайт.",azattyk.org,0,high,news_site
23b8c911-8e12-4764-be9a-30aa4756e201,Израилдин президенти Ицхак Герцог Астанага барды,"Израилдин президенти Ицхак Герцог 27-апрелде Астанага барды. Эки өлкөнүн кызматташтыгы казак мамлекет башчысы Касым-Жомарт Токаев менен расмий сүйлөшүүлөрдө талкууланды. Израил-казак алакасы акыркы айларда, өзгөчө былтыр ноябрда Астана Израил менен мусулман өлкөлөрдүн ортосундагы байланышты жакшыртуу максатында АКШнын ортомчулугу менен түзүлгөн дипломатиялык пакт - Авраам (Abraham)макулдашуусунакол койгондонкийин активдешти. Казакстан ал документке кошулар алдында Токаев АКШнын президенти Дональд Трамп жана Израилдин премьери Биньямин Нетаньяху менен телефондон сүйлөшкөн. Январда Израилдин тышкы иштер министри Гидеон Саар 16 жылдан бери биринчи жолу Казакстанга барып кеткен. Визиттин жүрүшүндө визасыз режим тууралуу меморандумга кол коюлган. Ицхак Герцогдун сапары Жакынкы Чыгыштагы абал курчуп турган маалга туш келди. 28-февралда АКШ менен Израил Иранга каршы чабуул баштап, апрелдин башында убактылуу жарашуу жарыяланган. Вашингтон менен Тегерандын сүйлөшүүлөрү азыр туңгуюкта. Тышкы саясатта көп векторлуу багытты карманарын айтып келген Казакстан Ирандын соккуларына кабылган Перс булуңундагы өлкөлөргө колдоосун билдирген. Уруш башталганда Тегеран жооп иретинде Израилге жана америкалык базалар жайгашкан араб мамлекеттерине чабуул койгон. Борбор Азиядан жалгыз Астана Иранга гуманитардык жардам жөнөткөн жок. ",azattyk.org,0,high,news_site
9dd7b168-8269-4707-a64d-fefe22401ab1,"Камчыбек Ташиев кайрылуу таратып, өзүнө кылмыш иши козголгонун ырастады","“Регион” телеканалынын жетекчиси, Улуттук коопсуздук боюнча мамлекеттик комитеттин (УКМК) мурдагы төрагасы Камчыбек Ташиевге жакын журналист Өткүрбек Рахманов Фейсбуктагы баракчасына 29-апрелде анын кайрылуусун жарыялады. Анда Ташиев ага каршы кылмыш иши козголгонун ырастаган. “Бул кылмыш иши боюнча менин юридикалык жактан толук коргонууга мүмкүнчүлүгүм бар жана Аллахым буюрса, менин эч бир күнөөм жок, акталып чыгам. Кимдин күнөөсү болсо, ал жазасын тартат, ал эми таза болсо акталат. Себеби мамлекетибизде акыйкат сот системасын түзүүгө мамлекет башчыбыздын аракеттери көрүлгөн. Мисалы, 25 адамдан турган “кемпирабадчылар” да акталышты. Ошондуктан баарыңыздарды мыйзамдын чегинде гана болууңуздарды суранамын. Эч кандай коомдук же башка адамдардын кыймыл аракеттеринин зарылдыгы жок деп эсептейм”, - деп жазылган кайрылууда. Камчыбек Ташиев, Жогорку Кеңештин мурдагы спикери Нурланбек Тургунбек уулу жана парламенттин экс-депутаты Курманкул Зулушев 28-апрелде Ички иштер министрлигинде (ИИМ) бир нече саат сурак берип чыкканы кабарланган. Айрым сайттар алар 75 адамдын кайрылуусу менен байланыштырып жатышат. Камчыбек Ташиев бирок кайсыл ишке байланыштуу иш ачылганын тактаган жок. Нурланбек Тургунбек уулу менен Курманкул Зулушев комментарий бере элек. Тургунбек уулунун иниси Жыргалбек Шакиев ал суракка чакырылып жүргөнүн ""Азаттыкка"" бышыктады. Бирок кайсы иш боюнча чакырылганын билбей турганын айтты. 28-апрелдин кечинде адвокат Шердор Абдыкапаров Фейсбуктагы баракчасына сурак тууралуу видео жарыялап, сөз болуп жаткан үч саясатчы сурак эле бербестен аларга “бийликти күч менен басып алууга аракет кылган” деген кине менен айыбы угузулганын айтты. Бирок кийинчерээк видеону баракчасынан өчүрүп салды. Президент Садыр Жапаров 27-апрелде Kaktus.media порталына маек куруп, “75чилердин катына” Камчыбек Ташиевдин тиешеси бар-жогун тергөө жана сотаныктай турганын билдирген. 9-февралда мурдагы премьер-министрлер, парламенттин экс-депутаттары, саясатчылар жана коомдук ишмерлер болуп 75 адамдан турган топ президент Садыр Жапаровго жана Жогорку Кеңештин ошол кездеги төрагасы Нурланбек Тургунбек уулуна кайрылып, жакынкы убакта президенттикшайлоо өткөрүүгө чакырган.Алардын айрымдары кийин кайрылуунун мазмунун окубай туруп эле ага кошулууга макул болгонун айтып чыгышкан. Ички иштер министрлиги бул кайрылууга байланыштуу кылмыш ишин козгоп, анда аты аталган коомдук ишмер Бекболот Талгарбековду, Кыргызстандын Өзбекстандагы мурдагы элчиси, мурдагы айыл чарба министри Эмилбек Узакбаевди жана Жогорку Кеңештин экс-депутаты Курманбек Дыйканбаевди, мурдагы вице-премьер, экс-депутат Аалы Карашевди жана ички иштер министринин мурдагы орун басарыКурсан Асановду кармаган. 10-февралда Садыр Жапаров Камчыбек Ташиевди Министрлер кабинетинин төрагасынын орун басары - Улуттук коопсуздук мамлекеттик комитетининтөрагасы кызматынан бошоткон.Андан кийинки маектеринде Жогорку Кеңеште депутаттар “президент жана атайын кызматтын кишиси” болуп бөлүнүү башталганын, кийин ал парламенттен сыртка чыкканын айтып, 75 адамдын кайрылуусун мисал кылган. Бул окуялардан кийин Нурланбек Тургунбек уулу алгач төрагалык кызматтан кетип, андан соң депутаттык мандатын да тапшырган. Фейсбуктагы баракчасына пост жазып, 75 кишинин кайрылуусуна тиешеси жок экенин билдирген. Акыркы саясий окуялардын фонунда Кундузбек Сулайманов, Элдар Сулайманов, Куванычбек Конгантиев, Шаирбек Ташиев, Курманкул Зулушев, Нурланбек Азыгалиев, Гүлсүнкан Жунушалиева, Абдылдабек Эгембердиев өздөрү жазган арыз менен депутаттык мандатынан ажыратылды. Алардын ичинен “Кыргызнефтегаз” ишканасындагы коррупциялык ишке байланыштуу Камчыбек Ташиевдин иниси, экс-депутат Шаирбек Ташиев, Камбар-Ата-1 ГЭСин даярдоо этабындагы иштерге байланыштуу Кундузбек Сулайманов жана жер тилкелерине байланышкан мыйзамсыз схемаларды уюштурган деген айып менен Куванычбек Конгантиев кармалды. “75чилердин каты” Жогорку Кеңешке түшкөн учурда Курманкул Зулушев парламенттин Конституциялык мыйзамдар, мамлекеттик түзүлүш, жергиликтүү өз алдынча башкаруу жана Жогорку Кеңештин регламенти боюнча комитетинин төрагасы болуп турган. (BTo)",azattyk.org,0,high,news_site
3f96e801-dd3e-4bb6-ac74-dc51bebbd256,Былтыр ишкерлерди текшерген 247 кызмат адамы жоопко тартылды,"Башкы прокуратура 2025-жылы ишкерлердин укуктарын коргоо боюнча 233 текшерүү жүргүзүлүп, 577 мыйзам бузуу аныкталганын билдирди. Анын жыйынтыгында ишкерлердин укуктарын калыбына келтирүү үчүн 349 прокурордук акт түзүлүп, 247 кызмат адамы жоопкерчиликке тартылган. Бул тууралуу Баткен облусунда ишкерлердин жана инвесторлордун укуктарын коргоо боюнча консультативдик кеңештин кезектеги отурумунда айтылды. Башкы көзөмөл органы ишкерлердин укугун бузгандарга карата кандай чара колдонулганын тактаган жок. Башкы прокуратура буга чейин 2026-жылдын аягына чейин ишкерлерди пландан тышкары салыктык текшерүүлөргө тыюу салынганын билдирип, бизнеске кысым көрсөткөндөржоопкерчиликке тартыларын эскерткен. Президент Садыр Жапаров 18-февралда укук коргоо органдары менен күч түзүмдөрүн ишкерлерге басым-кысым кылбоого чакырып, ошол эле учурда бизнесмендерди да салыктарын жаап-жашырбайтаза иштөөгө үндөгөн. Кыргызстанда айрым бизнесмендер соңку жылдары укук коргоо органдарынын ар кандай текшерүүлөрүнөн жапа чегип жатканын айтып келишет. (BTo)",azattyk.org,0,high,news_site
fe186562-0995-4114-a71b-6400eee27af0,Москвада көп кабаттуу үйгө дрон тийди,"Москвада 4-майга караган түнү көп кабаттуу үйлөрдүн бирине дрон менен сокку урулду. Маалыматка караганда, жабыркаган турак жай комплекси Кремлден болжол менен алты чакырым алыстыкта жайгашкан. Калаа мэри Сергей Собяниндинайтымында,жараат алгандар жок. Ал дагы эки дрон асмандан атып түшүрүлгөнүн кошумчалады. Дрон тийген үй борбордун абройлуу деп саналган Раменки районунда жайгашкан. Бул аймакта Мосфильм киностудиясынан тышкары көптөгөн элчиликтер жана консулдуктар бар. Орусиянын баш калаасына дрон менен чабуул буга чейин да коюлуп келген. Ал соккулардан кийин Москва «Панцирь» сыяктуу зениттик-ракеталык комплекстер менен абадан коргонуусун күчөткөнү кабарланган. Коопсуздук чараларынан, ошол эле дрон чабуулдарынан улам быйыл Кызыл аянттагы Жеңиш парады дачектелген форматта өтөт.Тактап айтканда, анда бул жолу аскердик техника көрсөтүлбөйт. Орусиянын Коргоо министрлиги өлкөнүн ар кайсы аймактарында жана Москва облусунда өткөн түнү жалпысынан 117 учкучсуз аппарат атып түшүрүлгөнүн билдирди. Москва Украинага согуш ачканы Орусиянын ар кайсы аймактары дрон соккуларына көп дуушар боло баштады.",azattyk.org,0,high,news_site
a33d9afb-e628-4477-8c33-f6a5d1854d47,Казакстанда мыйзамсыз лотереяга айыпталган блогерлерге сот өкүмү чыкты,"Казакстанда «мыйзамсыз ишкердик жүргүзгөн» жана «мыйзамсыз жол менен табылган каражатты адалдаштырган» деп айыпталган блогер жубайларга соттун өкүмү чыкты. Ага ылайык Ерболат Жанабилов 2 жылга шарттуу кесилсе, ал эми Элмира Төлегенова 2 жылга эркинен ажыратылды. Жубайлардын жашы жете элек балдары бар экенин эске алып, Төлегенованын жаза өтөө мөөнөтү эки жылга жылды. Экөөнүн тең мүлкү конфискацияланат. Прокурорлор блогерлер «пайдасы жок курстарды сатып, утуп алуу мүмкүнчүлүгү өтө төмөн лотерея уюштурганын» билдирген. Тергөөнүн маалыматына ылайык, Жанабилов менен Төлегенова 2025-жылдын август айында баш байгеге автоунаа коюп, лотерея уюштурган. Ага катышууну каалагандар 60 долларлык курс сатып алышы керек эле. Прокуратуранын маалыматы боюнча, бул схема аркылуу блогерлер 247 миллион 653 миң теңге (520-550 миң доллар) тапкан. Башында аларга административдик иш козголуп, кийин Кылмыш кодексинин беренелери менен айып тагылган. Сот отурумдарынын биринде Төлегенова күнөөсүн жарым-жартылай моюнга алган. Мамлекеттик айыптоочу Олжас Хайруллаев жубайларды 4 жылга эркинен ажыратууну сураган. Бирок айыпталуучулар прокурор менен процессуалдык келишим түзүүнү сунуштап, ал канааттандырылган.",azattyk.org,0,high,news_site
fbf8458d-08b3-48f6-b28e-404480b0ebd6,"Санарип министрлиги жоюлуп, анын милдети Президенттин иш башкармасына жүктөлдү","Санариптик өнүктүрүү жана инновациялык технологиялар министрлиги жоюлуп, Президенттин иш башкармасына кошулду. Тиешелүү жарлыкка президент Садыр Жапаров кол койгонун “Ынтымак ордонун” басма сөз кызматы кабарлады. Жарлыкта мамлекеттик кызмат көрсөтүүлөрдү санариптештирүүдө олуттуу өсүш болгону, бирок бизнес үчүн бюрократиялык жол-жоболор дагы эле тоскоол болуп жатканы айтылган. Андан тышкары жергиликтүү өз алдынча башкаруу органдарынын деңгээлинде олуттуу кемчиликтер аныкталганы белгиленген. Министрликтин бардык милдеттери, штаттык саны иш башкармалыкка өттү. Ички иштер министрлигин кошпогондо мамлекеттик мекемелердеги санариптик өнүктүрүү боюнча орун басарлардын кызматтары кыскартылат. Санариптик өнүктүрүү министрлиги 2021-жылы Мамлекеттик санариптик өнүктүрүү кызматы менен Юстиция министрлигине караштуу Мамлекеттик каттоо кызматын бириктирүүнүн натыйжасында түзүлгөн. 2025-жылы Санариптик өнүктүрүү жана инновациялык технологиялар министрлиги деп кайра аталган.  Акыркы жылдары Президенттин иш башкармасына бир катар мамлекеттик мекемелер менен кызматтар өттү. Кыргызстан эгемендик алган жылдары Президенттин иш башкармалыгы мамлекет башчынын ишин камсыздоо үчүн уюшулган. Садыр Жапаровдун жарлыгына ылайык, 2021-жылдан тарта башкармалык президентти, өкмөттү жана парламентти да тейлей баштаган. Беш жылда башкармалыкка “Мамлекеттик ипотекалык компания”, “Асман” шаарын куруучу дирекция, “Учкун” басмаканасы, “Унаа” ишканасы, “Кызмат” ишканасы, “ЭлКат” компаниясы жана башка мекемелер берилди. “Азаттык” жакында эле бул боюнча атайын программа даярдап, Президенттин башкармалыгы 4 резиденцияны, 5 мекемени, 3 кызмат-сервисти, 2 дирекцияны, 5 компанияны, 7 ишкананы, 2 бала бакчаны, 7 эс алуу жайды түздөн-түз башкарып жатканын көрсөткөн. (BTo)",azattyk.org,0,high,news_site
63aef5de-57e2-4412-a839-2af0b9c1282e,"""Проект"": Кыргызстандагы А7 компаниясынын артында Абрамович турушу ыктымал","Батыштын санкцияларын кыйгап өтүү үчүн негизделген орусиялык А7 төлөм платформасынын миллиардер Роман Абрамовичке байланышы бар болушу мүмкүн. Мындай тыянакка «Проект» басылмасы журналисттикиликтөөдөнкийин келди. Басылманын булактары А7 чет өлкөлөр менен эсеп жүргүзүү рыногундагы эң маанилүү оюнчу деп сыпатташты. “Азаттыктын” былтыр июлда жарыяланган журналисттик иликтөөсүндө молдовалык ишкер Илан Шордун Орусиядагы А7 компаниясы Бишкекте “А7-Кыргызстан” аттуу компания ачып, “Олд Вектор” аттуу фирма аркылуу A7A5 токенин же стейблкоинди сатыкка чыгарганы аныкталган. Шор Молдовада 15 жылга соттолгон, анын аты коррупциялык иштерде аталган. Расмий түрдө А7 компаниясына ал жана мамлекеттик Промсвязбанк ээлик кылганы менен, журналисттер маектешкен булактардын бири Абрамовичти анын «демөөрчүсү жана калканы» деп атады. Ал Шорду «схемаларды түзүү» жөндөмү үчүн тандаганын кошумчалады булак. Финансылык документтерге таянып, «Проект» А7 компаниясына таандык кеңселер адегенде Абрамовичтин бизнес борборлордунда жайгашканын аныктаган. Кийин Геленжиктеги даректе катталганы менен олигархтын кеңселеринде анын эки филиалы калууда. А7нин кардарлары арасында Еврошаркет менен АКШнын «кара тизмесине» киргизилген орусиялык 25 фирма бар. Анын бешөө орус армиясы Украинага каршы колдонгон дрондорду чыгарат. «Проекттин» маалыматына ылайык, ошол компаниялар А7 аркылуу бир нече миллиондон эки млрд долларга чейин которгон болушу мүмкүн. Абрамовичтин расмий өкүлү олигархтын бул төлөм платформасына байланышы бар деген маалымат чындыкка туура келбейт деп четке какты. 2024-жылы катталган Grinex криптобиржасында рублге теңме-тең байланган A7A5 аттуу стейблкоин жүгүртүүгө чыгарылган.Кыргызстанда катталган А7А5эл аралык криптовалюта базарында чоң көрсөткүчтөргө жетип, жылдык жүгүртүүсү 100 млрд долларга чукулдаганы быйыл март айында жарыяланган. Былтыр июнда Financial Times басылмасы өз иликтөөсүндө криптобиржа санкциялардан буйтоо үчүн Орусиядан Кыргызстанга жер которгонун, анын артында күмөн иштерде аты аталган молдовалык ишкерИлан Шортурарын билдирген. Кыргыз бийлиги Орусияга каршы салынган санкцияларды кыйгап өтүү боюнча кыргызстандык банктар менен компанияларга коюлган дооматтарды четке кагып келет. 24-апрелде Кыргызстан президентинин администрациясынын маалыматтык саясат кызматынын башчысы Дайырбек Орунбеков Илан Шор Кыргызстанда жашап жатканы жөнүндөгү маалымат чындыкка дал келбей турганын билдирген.  ",azattyk.org,0,high,news_site
5b521fc7-aff2-4124-897d-ad817e19ccb3,Депутат Сариев Чүй дарыясынын жээгин бекемдөөгө көбүрөөк каражат бөлүүгө чакырды,"Жогорку Кеңештин депутаты Улан Сариев өкмөттү Чүй дарыясынын жээктерин бекемдөө иштерине бөлүнгөн каражатты көбөйтүүгө чакырды. Ал парламенттин 29-апрелдеги жыйынында дарыянын кемирилген жерлерин 1-2 жылдын ичинде бекемдеп бүтпөсө Кыргызстан тараптан көп жер желип кетерин айтты. Өзгөчө кырдаалдар министрлиги (ӨКМ) Сокулук районунун Төмөнкү-Чүй айыл аймагынан жана Аламүдүн районунун Сүймөнкул Чокморов айыл аймагынан агып өткөн Чүй дарыясынын жээгиндеги кооптуу тилкелеринин эрозиясын токтотуу максатында жээк бекемдөө иштерин жүргүзүп жатканын билдирген. “Азаттык” 2023-жылы “Чүй дарыясы: жүздөгөн гектар жер казак тарапта калды” деп аталган иликтөө жарыялаган. Анда суу Чүй дарыясынын сол жээгин жеп, гектарлаган жер Казакстан тарапта калганын иликтеп чыккан. Буга чейин мурдагы өзгөчө кырдаалдар министри Бообек Ажикеев өлкө кеминде 800 гектардай жеринен ажыраганын билдирген жана бул жагдайды президент Садыр Жапаров жеке көзөмөлүнө алганын айткан. 2012-жылы Жогорку Кеңештин тармактык комитети өкмөттү жыл сайын Чүй дарыясын бекемдөө иштерине 200 миллион сом бөлүп берип турууга милдеттендирген. Буга карабай, 2024-жылы жээкти бекемдөөгө 80 миллион, 2023-жылы 50 миллион сом гана берилгени белгилүү болгон. Кыргыз тарап 2013-жылы дарыянын сол жээгин иликтеп чыгып, кооптуу, дамба курулушу керек деген жалпы узундугу 65,5 чакырымды түзгөн 193 тилкени тактаган. (BTo)",azattyk.org,0,high,news_site
d572858a-f547-412e-babd-6af820727b36,Иранда түрмөдө отурган Наргиз Мохаммади ооруканага которулду,"Нобелдин тынчтык сыйлыгынын лауреаты, Иранда түрмөдө отурган укук коргоочу Наргиз Мохаммадинин ден соолугу кескин начарлап кеткендиктен ооруканага жаткырылды. Бул тууралуу Наргис Мохаммади фондунун сайтына анын үй-бүлөсүнүн жана адвокатынын билдирүүсү жарыяланды. Укук коргоочу жума күнү жүрөк оорусунан улам эки жолу эсин жоготкондон кийин Зенжандагы оорукананын реанимация бөлүмүнө жеткирилген. Маалыматка ылайык, бийлик укук коргоочуну Тегерандагы шарты жакшы Парс ооруканасына которуудан баш тарткан. Зенжандагы кардиологдор мурда шаардын ооруканаларында аны дарылоо үчүн зарыл болгон атайын жабдуулар жетишсиз экенин эскертишкени айтылат. Наргиз Мохаммади быйыл февралда “улуттук коопсуздукка каршы кутум жана жыйындарды уюштурган, пропаганда жүргүзгөн” деп айыпталыпжети жарым жылга кесилген.Ал өзү бул дооматтарды четке кагып келет. Аялдардын укуктары, өлүм жазасын алып салуу үчүн узак жылдардан бери күрөшүп келген 53 жаштагы Наргиз Мохаммади 2023-жылы Нобел тынчтык сыйлыгын алган. (BTo)",azattyk.org,0,high,news_site
cc008153-c0a6-4940-8183-42a74425e286,Трамп Бириккен Араб Эмирлигинин ОПЕКтен чыгуу чечимин колдоду,"Кошмо Штаттардын президенти Дональд Трамп Бириккен Араб Эмирликтеринин (БАЭ) ОПЕКтен чыгуу чечимин колдоду. «Бул эң сонун чечим», - деди ал басма сөз жыйынында. Трамп БАЭнин лидери Мохаммед бин Зайед Аль Нахайянды «абдан акылдуу» деп атап, «балким өз жолу менен кеткиси келип жаткандыр» деген пикирин бөлүштү. ОПЕК - мунай өндүргөн ири өлкөлөрдүн уюму дүйнөлүк баага таасир этүү үчүн өндүрүш көлөмүн координациялап турат. Трамп БАЭнин бул кадамын «бензиндин баасын төмөндөтүүгө жардам бере турган жакшы нерсе» деп баалады. Бириккен Араб Эмирликтери 28-апрелде 1-майдан тарта ОПЕК жана ОПЕК+танчыгарын жарыялаган.Бул чечим эксперттер үчүн күтүүсүз болгон жок, анткени өлкөнүн мунай өндүрүү мүмкүнчүлүгү ОПЕК койгон чектөөлөрдөн жогору. Трамп бул кадам ОПЕК үчүн көйгөйлөрдү жаратышы мүмкүн экенин да белгиледи. Чечим жарыялангандан кийин мунай баасы убактылуу төмөндөгөн. Бирок Иран менен АКШ ортосундагы сүйлөшүүлөрдүн туюкка кептелиши жана Трамптын Иран портторуна каршы блокадасын улантары тууралуу билдирүүлөрүнөн улам мунай баасы кайрадан кескин көтөрүлдү.",azattyk.org,0,high,news_site
f29dc768-4711-4cae-bad8-89aa2b331ede,"Кинотеатрларда тыюу салынган ""Өч 2""  тасмасын интернеттен көрсөтүүгө уруксат берилди","“Өч 2” тасмасын онлайн “Этномедиа” платформасынан көрсөтүүгө уруксат берилди. Бул тууралуу “Азаттыкка” тасманын продюсери Ренат Русланов билдирди.Анын айтымында, тасма платформада “21+” деген чек менен көрсөтүлөт.Маданият, маалымат жана жаштар саясаты министрлиги “Өч 2” көркөм тасмасын өлкө аймагында көрсөтүүгө 13-апрелде тыюу салган.Чечим Кинематография департаментинин комиссиясы “тасмада зомбулук жана адеп-ахлакка жат көрүнүштөр бар, тарбиялык мааниси жетишсиз” деп тапкандан кийин кабыл алынган.Эксперттик комиссия тасманын мазмуну коомчулукта терс реакция жаратып, айрыкча жаштар арасында терс психологиялык жана моралдык таасир тийгизүү коркунучу бар деген тыянакка келген.Буга байланыштуу “Кыргызтасмасы” киноборбору мамлекеттик мекемесинин директору Алмаз Түлекеев кызматынан бошотулган. Кинотеатрларга эки жумага жакын прокатта турган тасманы көрсөтүүдөн алып салуу милдети коюлган.Тасманы тарткан топ бул чечимге нааразы болгон. Алар фильмди тартуу үчүн банктан кредит алышканын, 100 миң доллардан ашык чыгымы акталбай калганын айтышкан. Кырдаалга байланыштуу Кыргыз кинопродюсерлеринин ассоциациясы министрликке кат жолдоп, цензурага жол бербөөнү өтүнүшкөн.“Өч 2” тасмасы драма, триллер жанрында тартылган. Режиссерлору Илгиз Куватбек жана Шамилбек Бекболсун уулу.Реалдуу окуяга негизделген тасмада баш каармандын карындашын уурдап, кордогон адамдардан өч алганы баяндалат.Кинематография департаментинин кабарлашынча, өлкөдө жылына 70тей тасма тартылат, быйыл алардын саны жүзгө жетери болжолдонууда. Коммерциялык тасмалар жеке студияларда, ал эми мамлекеттик тасмалар “Кыргызфильм” студиясында тартылат. (ST)",azattyk.org,0,high,news_site
6dd41ded-0fe4-4112-8625-0fb490c5f5cd,Орусиялык генерал Азатбек Омурбековду жок кылуу аракети көрүлгөнү маалымдалды,"Орусиянын Хабаровск аймагындагы аскердик гарнизондо жардыруу болуп, бир адам каза тапты, бир нече адам жаракат алды. Бул тууралуу «ВЧК-ОГПУ» жана Khabara Телеграм каналдары жазышты. Маалыматка караганда, чабуул генерал-майор Азатбек Омурбековду жок кылуу максатында коюлган болушу мүмкүн. Жардыруу гарнизондогу №55 үйдүн кире беришинде болгон. Бомба тепкичке коюлган. Натыйжада подполковник Кузьменко каза болуп, Омурбеков аман калган. Бирок анын абалы тууралуу маалымат жок. Khabara жазгандай, жардыруу 28-апрелде эртең менен болгон. Үч-төрт киши жаракат алган. Расмий бийлик бул окуя боюнча азырынча маалымат бере элек. Азатбек Омурбеков 2022-жылы Хабаровск крайында жайгашкан №64 өзүнчө мото аткычтар бригадасын жетектеген. Ал Украинанын Буча шаарындагы кыргынга айыпталып келет. Орусиянын Коргоо министрлиги бул айыптоолорду четке каккан. Бирок Associated Press жана Би-би-си сыяктуу эл аралык медиалар өз иликтөөлөрүндө жарандардын өлүмүнө орус аскерлери тиешеси бардыгын көрсөтүшкөн. Украинанын прокуратурасы оккупация маалында Бучада 600дөн ашуун карапайым киши өлтүрүлгөнүн, көбү кыйноого кабылганын аныктаган. 2022-жылдын жай айларында ошол эле бригаданын жоокери Даниил Фролкин журналисттерге интервью берип, оккупациядагы Андреевка айылында жаранды өлтүргөнүн мойнуна алган. Ал ошондой эле Омурбеков жоокерлерди сабап, кемсинткенин жана фронттогу кырдаал тууралуу бурмаланган маалымат бергенин айткан. Кийин Фролкин «жалган маалымат таратты» деген айып менен 5,5 жылга соттолгон. Аны менен бирге кызмат өтөгөн аскерлер Омурбеков жарандарды, айрыкча уюлдук телефону бар адамдарды атууга буйрук бергенин билдиришкен. Бучадагы окуялардан кийин ага орус президенти Владимир Путин «Орусиянын Баатыры» наамын ыйгарган. Омурбековго АКШ, Улуу Британия жана Евробиримдиксанкция киргизген. Омурбеков 1983-жылы Өзбекстандын Каракалпак автоном облусунун башкы каласы Нукус шаарында төрөлгөн. ",azattyk.org,0,high,news_site
8ecb8aa6-6c5c-4049-a281-d8ceee61ad19,Жапония өз кемеси Ормуз кысыгынан өткөнүн билдирди,"Жапониянын премьер-министри Санаэ Такаичи Ормуз кысыгында калган кемеси 29-апрелде каналдан аман-эсен өткөнүн билдирди. Маалыматка караганда, бортто команданын жапониялык үч мүчөсү бар. Х социалдык тармагына жарыялаганпостундаөкмөт башчы кысыкты бардык өлкөлөрдүн, аныны ичинде жапон кемелеринин коопсуз жана эркин өтүшү үчүн ачуунун маанисин белгиледи. Мындай позициясын Ирандын президенти Масуд Пезешкиан менен бөлүшкөнүн айтты. “Биздин өкмөт Жапонияга байланышкан кеменин Ормуздан өткөнүн оң жышаан катары баалайт”, - деп билдирди жапон Тышкы иштер министрлиги. АКШ менен Израил чабуул баштаган 28-февралда Иран кысыкты кемелер менен мунай танкерлери үчүн иш жүзүндө жаап салган. Ок атышууну токтотуу макулдашуусунан кийин, 17-апрелде ачып, көп өтпөй кайра жапкан. Анын алдында АКШ менен Ирандын сүйлөшүүлөрү майнапсыз аяктаганда америкалык аскерлер ирандык портторду бөгөттөгөн. Мунун айынан пайда болгон глобалдык кризис өзгөчө Азиянын өлкөлөрүндө сезилүүдө.",azattyk.org,0,high,news_site
414ab78a-7d64-4aeb-bc87-f478d6acc39d,Ицхак Герцог Иран Кыргызстанды санкциядан буйтоо үчүн колдонушу мүмкүн экенин айтты,"Израилдин президенти Ицхак Герцог Казакстанга болгон мамлекеттик сапарында “Иран Кыргызстанды санкцияларды айланып өтүү максатында колдонушу мүмкүн” экенин билдирди. Бул тууралуу ал Астанада Борбор Азия өлкөлөрүнүн раввиндери менен жолугушууда айтканынJNS басылмасы жазды. Анда Кыргызстандагы раввин Арье Райхман Ирандын коргоо министринин орун басары Реза Талаи Ник жакында эле Бишкекке иш сапары менен келгенин белгилеген. Ал учурдагы геосаясий кырдаалды жана Иран менен АКШ-Израил  альянсынын ортосундагы жакында эле болгон атышууну токтотууну эске алганда бул сапар күтүлбөгөн окуя болгонун айткан. Ицхак Герцогдун сөзүнө байланыштуу Кыргызстандын Тышкы иштер министрлиги (ТИМ) комментарий бере элек. Мурдагы тышкы иштер министри Аликбек Жекшенкулов пикирин билдирип, Ицхак Герцогдун сөзүн “Кыргызстандын өз алдынча тышкы саясат жүргүзүү боюнча суверендүү укугуна одоно кийлигишүү жана бурмалоо” деп баалады. Ирандын коргоо министринин орун басары Реза Талаи Ник 27-апрелде Бишкекке Шанхай кызматташтык уюмуна (ШКУ) мүчө мамлекеттердин коргоо министрлеринин саммитине катышуу үчүн келген. 28-апрелде уюмга мүчө өлкөлөрдүн коргоо министрлери менен бирге президент Садыр Жапаровдун кабыл алуусунда болгон. (BTo)",azattyk.org,0,high,news_site
c15ba952-65bd-430b-b2bc-308aebad9de3,Туапседеги мунай иштетүүчү заводго үчүнчү жолу сокку урулду,"Украин куралдуу күчтөрүнүн Башкы штабы Орусиянын Краснодар крайындагы Туапсе мунай иштетүүчү заводго дагы бир сокку урулганын, кесепеттин масштабы аныкталып жатканын билдирди. Ага чейин аймактын бийлиги ишканада өрт тутанганын, эч ким жабыркабаганынмаалымдаган. Региондун губернатору Вениамин Кондратьев Туапсе округунун башчысына шилтеме менен билдиргендей, заводго жакын жашаган кишилерэвакуацияланды. Ал жай үстүбүздөгү айда эки ирет соккугакабылган. Натыйжада өрттү бир нече күн бою өчүрүшкөн, суу менен аба булганганы кабарланган. Нөшөр жаандан улам Туапсе дарыясы кирип, мунай менен аралаш суу ага чейин орнотулган тосмолордон ашып төгүлүп, Кара деңиздин акваториясына аккан. «Кедр» басылмасы жарыялаган сүрөттөрдө шаардын үстүнөн калың түтүн көтөрүлүп жатканы көрүнүп турат. Орусиянын бийлиги чет өлкөлүк агенттер тизмесине киргизген басылманын кабарчысын полицияга маектешүүгө алып кетишкенимаалымдалды. Туапседеги мунай иштетүүчү завод экспортко иштейт. Украин куралдуу күчтөрү аны бутага алуу менен Орусиянын «аскердик-экономикалык дараметин төмөндөтүүнү» көздөгөнүн айтууда. Рейтер агенттигинин маалыматына ылайык, завод 16-апрелде болгон биринчи соккудан кийин мунай иштетүүнү токтоткон. Орусиянын Коргоо министрлиги 28-апрелге караган түнү 186 пилотсуз учак атып түшүрүлгөнүн билдирди. Маалыматка караганда, Брянск облусунда бир кишижарадарболду, Белгороддо үч кишиказа тапты, үчөө жаракат алды.  ",azattyk.org,0,high,news_site
4eeb96ea-4872-4557-8e1e-26df4fff4d1b,Касымалиев Кытайдын коргоо министри менен эки өлкө алакасын талкуулады,"Кыргызстандын Министрлер кабинетинин төрагасы Адылбек Касымалиев 27-апрелде Кытайдын коргоо министри – мамлекеттик кеңешинин мүчөсү Дун Цзюн менен жолукту.Жолугушууда кыргыз-кытай кызматташтыгы акыркы жылдары түрдүү чөйрөдө тездик менен өсүп жатканы белгиленип, буга эки өлкөнүн мамлекет башчыларынын жолугушууларында жетишилген макулдашуулар себеп болгону айтылды.Адылбек Касымалиев Кыргызстандын экономикасындагы жогорку көрсөткүчтөрдө Кытайдан тартылып жаткан инвестициянын да ролу чоң экенин белгиледи:“Кыргызстан Кытай менен кызматташууну өнүктүрүүгө өзгөчө маани берет жана негизги стратегиялык өнөктөштөрүнүн бири катары карайт. Биз ошондой эле эл аралык уюмдардын, биринчи кезекте БУУ, ШКУ, “Кытай – Борбор Азия” кызматташтык форматы жана башкалардын алкагында активдүү кызматташып жатабыз. Биз кыргыз-кытай соода-экономикалык, илимий-техникалык, маданий-гуманитардык чөйрөлөрдө, мындан тышкары коопсуздук жана коргонуу жаатында да стратегиялык өнөктөштүктү мындан ары тереңдетүүгө умтулабыз”.Кытайдын коргоо министри Дун Цзюн Адылбек Касымалиевге Кытайдын Мамлекеттик кеңешинин премьери Ли Цяндын саламын жолдоду. Ошондой эле Кытай Кыргызстан менен ар тараптуу кызматташууга кызыкдар экенин, анын ичинде аскердик, коргоо жана коопсуздук багытында өнөктөштүктү улантуунун маанилүүлүгүн белгиледи.Дун Цзюн Кыргызстанга Шанхай кызматташтык уюмуна мүчө өлкөлөрдүн коргоо министрлеринин жыйынына катышуу үчүн келген. Быйыл бул уюмга Кыргызстан төрагалык кылып жатат.(ZKo)",azattyk.org,0,high,news_site
cfaa5fdb-6a22-4b2f-ab68-31949301bcf1,Газа: Аббастын тарапкерлери муниципалдык шайлоодо алдыга чыкты,"Газа тилкесиндеги Дейр-эль-Балах шаарындагы муниципалдык шайлоодо Палестин автономиясынын лидери Махмуд Аббастын тарапкерлери (ФАТХ кыймылы) жеңишке жетти. Шайлоо Израил окупациялап алган Батыш жээкте да өтүп, ФАТХ кыймылынын өкүлдөрү көпчүлүк добуш алышты. Бул тууралуу шайлоо комиссиясынын өкүлдөрүнө таяныпReuters жазды. Бул соңку 20 жылда Дейр-эль-Балах шаарында (Газанын бир бөлүгүндө) өткөн алгачкы добуш берүү. Ага катышуу деңгээли Газада 23%, ал эми Батыш жээкте 56% түзгөнүн Рамаллада жайгашкан Борбордук шайлоо комиссиясынын башчысы Рами аль-Хамдалла билдирди. ХАМАСка жакын деп эсептелген «Дейр-эль-Балах бизди бириктирет» аттуу кыймыл шаардык кеңештеги 15 орундун болгону экөөнү гана алды. ХАМАС АКШ менен Евробиримдикте террордук деп эсептелет. Ал эми ФАТХ кыймылы колдогон «Нахдат Дейр-эль-Балах» тизмеси алты мандат алып жеңишке жетти. Калган орундарды көз карандысыз талапкерлер бөлүштүрдү. ФАТХ партиясы 1950-60-жылдары түзүлгөн. Анын негиздөөчүлөрүнүн бири Ясир Арафат болгон. Учурда ФАТХ Батыш жээкте бийлик жүргүзүп, эл аралык коомчулук менен сүйлөшүүлөрдү алып барган негизги саясий күч болуп эсептелет. ХАМАС шайлоону расмий бойкот кылып, Газада да, Батыш жээкте да талапкерлерди көрсөтпөдү. Ошентсе да Дейр-эль-Балахтагы жыйынтыктар бул топко болгон колдоонун деңгээлин көрсөтүшү мүмкүн деп бааланууда. Палестин автономиясынын премьер-министри Мохаммед Мустафа шайлоо «өтө татаал шартта, оор маселелердин жана өзгөчө кырдаалдын фонунда» өткөнүн айтып, аны демократиялык институттарды жана улуттук биримдикти бекемдөөгө карай «маанилүү алгачкы кадам» деп атады. Эксперттердин айтымында, ФАТХтын жеңиши шайлоочулар эл аралык колдоого жана акырындык менен саясий өзгөрүүлөргө умтулуп жатканын көрсөтүшү мүмкүн. Муниципалдык шайлоолор 183 конушта өттү. Айрым шаарларда атаандаштык болбогондуктан добуш берүү болгон жок. Ал жакта талапкерлер автоматтык түрдө шайланды.",azattyk.org,0,high,news_site
49a41dc1-98e5-4e12-b527-9ad1d71fc244,Орунбеков өкмөт BELES автобусун эмнеге сатып албай жатканын айтты,"Президенттин администрациясынын маалыматтык саясат кызматынын башчысы Дайырбек Орунбеков өкмөт Кыргызстанда чогултулган BELES автобусун эмнеге сатып албаганы тууралуу түшүндүрмө берди. Ал Фейсбуктагы баракчасына жазган билдирүүсүндө президент Садыр Жапаров кызматка жаңы киришкенде BELES ишканасына барганын, анда кол менен чогултулган бир гана автобус болгонун жана Бишкек шаарын тейлеш үчүн жетиштүү сандагы автобус керек экенин айтты. “Экинчиси, бул автобустар тиешелүү сыноодон өтүп, сертификат алган эмес. Тетиктери сырттан алып келинип, бул жакта жөн гана кол менен чогултулган. Стандарттарга жооп берген завод жок. Ар ким эле үйүнөн бир автобус чогултуп алып, “меникин алгыла”, - дей берсе болобу? Мындай транспорт эл ташууга толук жооп бере албайт. Анткени жүздөгөн адамдардын коопсуздугу биринчи орунда турушу керек. Үчүнчүдөн, BELES автобустары азыр алынып жаткан автобустарга караганда 1,5 эсе кымбат сунушталган. Төртүнчү, BELES автобусунун мотору дизель менен жүрөт. Билесиздер, буга чейин шаарды булгаган дизелдик маршруттук таксилерди тазалап, газ жана электр энергиясы менен жүргөн автобустарга өткөнбүз”, - деди ал. 2022-жылы Чүй облусунда жергиликтүү “Белес.kg” деп аталган компания автобус кураштыруучу завод ачкан.Компаниянын иши менен таанышканы баргандапрезидент Садыр Жапаров мамлекет сыноо иретинде андан 10 автобус сатып аларын билдирген. Бишкек шаардык мэриясы кийин атамекендик компания чыгарган транспорттун баасы жана башка шарттары туура келбей жатканын билдирип,андан автобус сатып алуудан баш тарткан. BELES ишканасынын негиздөөчүсү Мирбек Аскалиев 2026-жылдын башында президентке кайрылуу кылып, өкмөт BELES автобусунан бирди да сатып алаэлектигин айткан.Ал BELES автобусунун баасы 168 000 евро экенин, Бишкек мэриясы Түркиядан алган, комплектациясы BELESке окшош Isuzu Citiport автобустары 317 500 евродон сатып алынганын, чет жактан сатып алынган транспорт 85% кымбат экенин билдирген. (BTo)",azattyk.org,0,high,news_site
58666c5b-682a-48cf-bbf2-f227393b4c83,Акыркы жылдары мамлекетке кайтарылган мүлктүн 221и сатылды,"Кыргызстанда 2020-жылы келген бийликтин тушунда мурда-кийин мыйзамсыз менчиктештерилген делген 1488 мүлк кайра мамлекетке алынган. Бул тууралуу мамлекеттик мүлктү башкаруу боюнча мамлекеттик агенттиктин директорунун биринчи орун басары Замирбек Кененбаев Жогорку Кеңештин 30-апрелдеги жыйынында депутаттардын суроолоруна жооп берип жатып айтты. Анын сөзүнө караганда, мунун ичинен 221 объект сатылып, 1048и мамлекеттик мекемелерге берилсе калган 219 мүлк Мамлекеттик мүлктү башкаруу боюнча мамлекеттик агенттиктин карамагында турат. Парламенттин депутаты Кубанычбек Самаков мамлекетке алынган мүлктөр кимге сатылганы же кайсы мамлекеттик органга берилгени тууралуу ачык маалымат жок экенин, айрымдары мамлекеттик кызматкерлердин үйүнөн чыккан фактылар бар экенин айтты. Мурда-кийин мыйзамсыз менчиктештирилген делген мүлктөрдү мамлекетке алуу ишин негизинен Улуттук коопсуздук боюнча мамлекеттик комитет (УКМК) жүргүзүп келет. Атайын кызмат Кыргызстанда акыркы беш жылда коррупцияга каршы күрөштөн мал-мүлк, каражат түрүндө мамлекетке 352 млрд сом (4,14 млрд доллар) кайтарылганын билдирген. (BTo)",azattyk.org,0,high,news_site
e0910eca-a437-4555-95ad-8e772513e7ce,ИИМ коомдук жайларда кайыр сурагандар жоопко тартыларын билдирди,"Ички иштер министрлигинин (ИИМ) Кыргызстандагы коомдук жайлардагы тилемчиликтин деңгээлин төмөндөтүү үчүн аларга айып пул салуу, чет жактан келген кайырчыларды мекенине депортациялоо жөнүндө сунушунун негизинде бир катармыйзамдарга өзгөртүү киргизилип, 23-апрелде кол коюлду. Мыйзамдар менен жолдун автоунаа өткөн бөлүгүндө тилемчилик кылууга, коомдук жайларда кайырчылык кылууга тыюу салынат. Аны бузгандар 20дан 30 саатка чейинки мөөнөткө коомдук иштерге тартылат же үч суткага чейин камакка алынат. Ошондой эле улгайган жарандарды, кош бойлуу аялдарды, психикалык жактан жабыркаган адамдарды, майыптыгы барларды тилемчиликке тарткандарга 200 эсептик көрсөткүч (20 миң сом) өлчөмүндө айып пул салынат. Мындан тышкары Кыргызстандын аймагында тилемчилик кылган чет өлкөлүк жарандар өлкөдөн чыгарылат. Мыйзам расмий жарыяланган күндөн он күн өткөндөн кийин күчүнө кирет. ИИМ бул мыйзам долбоору жакыр, муктаж жарандарды жазалоого эмес, коомдук тартипти бузган жана элдин коопсуздугуна коркунуч жараткан аракеттерди токтотуугабагытталганын белгилеген. Кыргызстанда базарларда, көчөлөрдө, мечиттердин жанында, автоунаа жүргөн жолдордо жаш балдар, балалуу аялдар, улгайган адамдар жана башка тилемчилер көбөйүп жатканы тууралуу нааразылыктар айтылып келген. (ZKo)",azattyk.org,0,high,news_site
7f754555-30b7-4df0-b22a-5c62c47237c6,"Украинада Одесса, Орусияда Туапсе кайрадан дрон чабуулуна кабылды","1-майга караган түнү Украинада Одесса облусунун Измаил районундагы порт инфраструктурасы Орусиянын чабуулуна кабылды. ""Душман Измаил районундагы порт инфраструктурасына абадан сокку урду. Мамлекеттик өзгөчө кырдаалдар кызматы өрттү тез арада өчүрдү"", - деп билдирди райондук мамлекеттик администрация. Баштапкы маалыматтарга караганда, жабыркагандар катталган жок. Анын алдында Одессада көп кабаттуу эки турак жайга дрон менен сокку урулуп, өрт чыкканын шаардык аскер администрациясынын башчысы Сергей Лысак жана Украинанын Аба күчтөрүнүн маалымат кызматы билдирген. ""Учурда биз курмандыктар жана келтирилген зыяндын көлөмү тууралуу маалыматты тактап жатабыз"", - деп жазган Лысак Telegram баракчасына. Ал тапта Орусияда Краснодар крайынын ыкчам штабынын маалыматы боюнча, Туапсе деңиз терминалына кайрадан дрон чабуулу жасалды. Штаб соккудан өрт чыкканын, буга украин тарап айыптуу экенин билдирди. Ушуну менен соңку эки жумада орусиялык деңиз порту төртүнчү жолу учкучсуз учактардын чабуулуна кабылды. Өрттү өчүрүүгө 128 адам жана 41 техника тартылганы, адамдар арасында жабыркагандар жок экени маалымдалды. Туапседе соңку кырдаалды экологиялык кырсык деп атап, ""мунай жамгыры"" жааганын, деңизде мунай калдыктары пайда болгонун кабарлап жатышат. (RK) ",azattyk.org,0,high,news_site
cba05ac3-e05a-4d73-b591-8677b91c253e,Булак: Президент Трамп Ирандын соңку сунушуна канааттанган жок,"АКШнын президенти Дональд Трамп согушту токтотуу боюнча Тегерандын соңку сунушуна наарызылыгынбилдирди. «Азаттык» менен маектешкен жогорку расмий өкүлдүн айтымында, мындай реакцияны планда Ирандын өзөктүк программасы тууралуу сөз болбогону жаратты. Америкалык администрация жаңжалды дипломатиялык жол менен чечүү үчүн уранды байытууну катуу көзөмөлдөө жана чектөө маселесин камтышы керек деген позицияны карманат. 27-апрелде Ак үйдүн басма сөз катчысы Кэролайн Левитт Трамп коопсуздук боюнча кеңешчилери менен Ирандын жаңы сунушун талкуулаганын ырастаган. Ушу тапта ок атышууну убактылуу токтотуу режими иштеп жатат. Тегеран жаңы план тууралуу маалыматты бышыктай элек. Axios басылмасы өз булактарына таянып жазгандай, Ислам жумурияты АКШ Ормуз кысыгынын блокадасын алууга тийиш жана өзөктүк программа боюнча сүйлөшүүлөр кийинки мөөнөткө жылсын деген шарт койгон. Ал арада АКШнын мамлекеттик катчысы Марко Рубио дүйшөмбүдө Fox News телеканалына бергенинтервьюдаазыркы жаңжалды жөнгө салууда өзөктүк маселе борбордук орунду ээлерин билдирди. Мамлекеттик департаменттин жетекчиси Ирандын башында радикалдуу лидерлердин турганы өзү эле кооптонуу жаратарын, бирок Тегерандын өз таасирин өлкөнүн сыртында жайылтуу аракети ого бетер каматама кыларын белгиледи. Ирандын бийлиги атомдук куралдын үстүнөн иштеп жатканын четке кагууда. Ошол эле маалда уранды жарандык максаттар үчүн зарыл болгон деңгээлден жогору байытпоо талабына көнбөй жатат. ",azattyk.org,0,high,news_site
4fb25bab-9a11-4211-ab89-511dcbcd7674,Антимонополия билет баасы боюнча авиакомпанияларга эскертүү берди,"Монополияга каршы жөнгө салуу кызматы Бишкек-Ош-Бишкек ички багыты боюнча жүргүнчүлөрдү ташыган авиакомпанияларга эскертүү берилгенин билдирди. Мекеме адамдардын кайрылуулары, жалпыга маалымдоо каражаттарына чыккан маалыматтар менен социалдык тармактардагы талкуулардын негизинде мониторинг жүргүзүлгөнүн кошумчалады. Анын жыйынтыгында Бишкек-Ош-Бишкек багытында авиабилеттердин баасы кескин кымбаттаганы аныкталган. Айрым авиакомпанияларда бир тарапка 8 820 сомго чейин жетсе, кээ бирлери 6 000 сом деп койгон. Буга байланыштуу AVIA TRAFFIC COMPANY, TEZJET, “АЭРО НОМАД ЭЙРЛАЙНС”, Sky FRU жана “Асман эйрлайнс” компанияларына эскертүү берилди. Монополияга каршы жөнгө салуу кызматынын эсебинде Бишкек-Ош-Бишкек багыты боюнча бир тарапка билеттин баасы болжол менен 6 000 сом. Ички каттамдарда билеттин баасы кымбат болуп жатканы жакында эле Жогорку Кеңеште дакөтөрүлгөн. Буга чейин президент Садыр Жапаровдун басма сөз катчысы Аскат Алагөзов 2026-жылдан тартып көпчүлүк аймактаргаички аба каттамдардын билет баасы арзан жана туруктуу болорунжарыялаган. Ал бул президенттин жеке колдоосу менен өлкөнүн Турукташтыруу фондунун дотацияларынын алкагында ишке ашарын билдирген. (BTo)",azattyk.org,0,high,news_site
7a180300-fd87-4c3b-947a-66905ad5242d,"Сүлүктүдө көмүр кенинде шахта урап, бир киши набыт болду","27-апрелде Сүлүктү шаарындагы ""Кара-Садак"" көмүр шахтасында кырсык болуп, бир киши уранды алдында калып набыт болду. Бул тууралуу Өзгөчө кырдаалдар министрлиги (ӨКМ) 28-апрелде маалымдады. 41 жаштагы шахтердун сөөгүн куткаруучулар ошол эле күнү уранды алдынан алып чыгышкан. Маркумдун сөөгү ""Тез жардам"" кызматкерлерине өткөрүлүп берилген. Учурда кырсыктын себептери такталууда. Сүлүктү шаарында бир нече көмүр шахтасы жайгашкан. Буга чейин шахталарда иштеп жатып газга ууланып өмүрү кыйылган окуялар бир нече жолу катталган. Былтыр январда шаардагы шахталардын биринде уранды алдында калган кен казуучу куткарылган. 2020-жылы ""Кенчилер-Береке"" шахтасында газ чыгып, кырсыктын кесепетинен эң кичүүсү 19, эң улуусу 73 жаштагы үч эркек жана кош бойлуу бир келин газга ууланып каза болгон.(ZKo)",azattyk.org,0,high,news_site
e91b7c6d-e4f1-4a2b-93f1-b8b43ec6e6ec,Акыйкатчы: Алимент өндүрүү маселеси жапырт социалдык көйгөйгө айланууда,"Акыйкатчы Жамиля Жаманбаева Кыргызстанда жашы жете элек балдарга алимент өндүрүү жылдап созулган көйгөйгө айланганын белгиледи.Акыйкатчынын 28-апрелде таратылган билдирүүсүндө азыркы иштеп жаткан алимент өндүрүү механизми жетиштүү натыйжа бербей, ""жарандар ата-энелик жоопкерчиликтен качып, баланын укуктары толук корголбой, маселе массалык социалдык көйгөйгө айланып бара жатканы"" белгиленген.Мекеме алимент өндүрүү боюнча сот чечимдеринин аткарылышына былтыр мониторинг жүргүзгөн. Анда Башкы прокуратурага караштуу Сот аткаруучулар кызматынын жана Улуттук статистикалык комитеттин маалыматтарына талдоо жүргүзүлгөн. Соттор, ИИМдин өкүлдөрү, адвокаттар, ошондой эле алимент өндүрүү көйгөйлөрүнө кабылган аялдар менен маектешүү жүргүзүлгөн.""Алимент өндүрүү жолу соттук териштирүүсүз ишке ашпай, ата-энелик милдеттин мыйзам чегинде аткаруу маданияты өнүкпөй, балага каражат бөлдүрүү үчүн жарандар соттошууда. Соттун чечими чыгарылган менен алардын басымдуу бөлүгү ишке ашпай жатат. Бул алиментке байланыштуу негизги көйгөйлөрдүн бири. Акыйкатчы институтуна кайрылгандардын баарында сот чечими болгон жана ал учурда алар аткарылган эмес"", - деп жазылган омбудсмендин билдирүүсүндө.2024-жылы, акыйкатчынын маалыматына караганда, сот аткаруучулар 36 613 чечимдин 4 152синен гана алимент өндүрө алган. 2025-жылдын аягында алимент боюнча сот чечиминин саны 60 миңден ашкан. Муну белгилеген омбудсмен алимент өндүрүү механизмдери алгылыктуу натыйжа бербей жатканын, сот чечимин жылдап күткөн өндүрүүчүлөр андан ары сот чечимдеринин аткарылышын жылдап күтүүгө мажбур болушарын билдирүүдө.""Ал арада бала бой жетип, алимент өндүрүү иши токтотулат. Сот аткаруучулар кызматынын маалыматында, 2025-жылдын жыйынтыгы менен 1543 иш боюнча бала 18ге чыккандыктан өндүрүү аракети токтотулган. Адвокаттардын айтымында, бул маселеге сот аткаруучулардын кайдыгерлиги же коррупциялык фактор дагы өз салымын кошууда. Алименттен качуу үчүн карызкор жасалма “жумушсуз” болуп, чыныгы кирешесин жашырып, мүлкүн туугандарына каттатып, өзү чет өлкөгө чыгып кетет"", - деп белгилейт акыйкатчы.Маалыматка ылайык, 2025-жылы карызкорлордун 99 пайызы (2024-жылы 72 %) расмий жумушсуз болгон. Алимент төлөөдөн баш тарткан кырызкорду кылмыш жоопкерчилигине тартуу сунушу менен өткөн жылы укук коргоо органдарына 604 иш жөнөтүлгөн. Бирок анын 368ине гана кылмыш иши козголуп, калган 236сына баш тартылган.Акыйкатчынын мониторингине катышкан милиция кызматкерлери алимент төлөбөй жүргөндөрдү жоопкерчиликке тартуу татаал экенин, чет өлкөгө чыгып кетсе издөө кыйынчылыкка турарын, телефон номурларын тез-тез алмаштырышарын айтышкан. Ошонун негизинде Министрлер кабинетине бир катар сунуштар жөнөтүлгөнү кабарланды.Буга чейин акыйкатчынын кийлигишүүсү менен төрт жаранга жалпы суммасы 200 миң сомдон ашык каражат өндүрүлүп берилип, ата-энелик милдетин аткаруудан баш тарткан бир карызкор кылмыш жоопкерчилигине тартылган.Сот аткаруучулар кызматынын маалыматына караганда, Кыргызстанда алимент төлөбөгөн 1204 кишиге издөө жарыяланган. Ал эми алиментке байланыштуу жалпы 60 миң 720 иш өндүрүшкө алынган. Алимент төлөбөгөн жарандарды сот аркылуу эркинен ажыратуу тажрыйбасы Кыргызстанда 2026-жылдан тартып ишке аша баштады. Буга чейин Баткен облусунун, Манас шаарынын, Сузак районунун тургундары кесилип, сот залынан камакка алынышкан. Ошондой эле 400-500 миң сомдон 1 миллион сомго чейинки алимент карызы бар жарандардан каражат өндүрүлгөнү маалымдалган. Өлкөдө ажырашкандардын 2% гана балдарына алимент төлөй турганы расмий айтылган. (ZКo) ",azattyk.org,0,high,news_site
718cf231-2231-4d9a-bc97-ccb6fdd95611,Бишкек: Мэрия курган алгачкы көп кабаттуу унаа жай сынга алынууда,"Жогорку Кеңештин депутаты Дастан Бекешев да Бишкекте ачылган алгачкы муниципалдык көп кабаттуу унаа жайды талапка жооп бербейт деп эсептей турганын билдирди. Бул тууралуу ал соцтармактагы баракчасына жазып, аталган жай машинелердин, өзгөчө чоңураак жол тандабастардын кирип чыгуусу үчүн ыңгайсыз экенин белгиледи.Депутат ошондой эле мэриянын демилгеси менен курулган көп кабаттуу унаа токтотуучу жай бизнес долбоор катары кызмат кылып каларын да белгилеп, буга имараттын сырткы дубалына чоң көлөмдөгү жарнамалык LED экран орнотулушун мисал келтирди.""Мен буга каршы эмесмин, бирок шаардык кеңештин чечими бар - мындай экрандар соода жана оюн-зоок борборлорунун дубалдарына гана жайгаштырылышы керек. Бул имарат андай эмес, мыйзам баарына бирдей болушу керек да"", - деп жазды Бекешев. 24-апрель күнү Бишкекте көп кабаттуу унаа токтотуучужайдын расмий ачылышыболгон. Имарат 245 автоунаага ыңгайлашканы, анын курулушуна 220 млн сом сарпталганы айтылган.Бишкектин Орто-Сай базарынын жанына курулган көп кабаттуу автоунаа токтотуучу жайдын ыңгайсыздыгынсындаган пикирлербуга чейин да соцтармактарга жарыяланган.(ZKo) ",azattyk.org,0,high,news_site
5a08ea59-331d-4744-9715-e7671ed828c8,ЖМК: Путин айланасындагы адамдардан чочулоодо,"Financial Times басылмасы эки булагына таянып, Орусиянын президенти Владимир Путин жеке коопсуздугунан чочулап жумалап бункерде иштеши мүмкүн экенинжазды. Ал эми ""Важные истории"" басылмасы европалык чалгын кызматынын маалыматына шилтеме кылып, Путиндин кайтаруусу күчөтүлгөнүнкабарлады. Маалыматтарга караганда, Орусиянын лидери өлкө ичиндеги элита мамлекеттик төңкөрүш уюштурушу мүмкүн деп кооптонууда. Ошондой эле ал өзүнө жакын адамдар дрон менен кол салышы ыктымал деп шектенип жатканы айтылат. Басылмалар жазгандай, Путин соңку кездери Москвага жакын аймактардагы жана Валдайдагы резиденцияларына барбай калды. Батыш чалгын кызматтары ал Краснодар крайындагы бункерде жумалап иштеши мүмкүн экенин божомолдошууда. Ошондой эле Москвада Путин жүргөн аймактарда интернет жана байланыш өчүрүлгөн учурлар көбөйгөнү айтылууда. Анын жакын айланасында иштеген адамдардын, ашпозчулардын, фотографтардын жана күзөтчүлөрдүн үйлөрүнө көзөмөл системалары орнотулганы да кабарланууда. Европалык чалгын кызматтарынын баамында, Путин үчүн негизги коркунуч катары мурдагы коргоо министри Сергей Шойгу каралууда. Анын аскер жетекчилеринин арасында таасири күчтүү экени белгиленет.",azattyk.org,0,high,news_site
f8722638-b7a8-4dd8-8e2b-26bae8afade4,Көп аялдуулук боюнча кол топтогон Чотонов милицияга чакырылды,"Көп аялдуулукту кылмыш жоопкерчилигинен алуу демилгеси менен кол топтогон Өзбек Чотонов милицияга чакырылып, түшүндүрүү иштери жүргүзүлдү. Бул тууралуу Бишкек шаардык ички иштер башкармалыгы 27-апрелде кабарлады. “Текшерүүнүн алкагында аталган акцияга катышкан бардык жарандар, анын ичинде диний ишмер Өзүбек ажы Чотонов түшүндүрүү маегине чакырылды. Мындан тышкары, милиция кызматкерлери жарандарга Кыргыз Республикасынын мыйзамдарына ылайык көп аялдуулук кылмыш жоопкерчилигине алып келерин түшүндүрүштү”, - деп айтылат милициянын билдирүүсүндө. Социалдык тармактарда Өзүбек Чотоновдун көп аялдуулуктун жазасын жеңилдетүү боюнча кол топтоп жатканын билдирген видеосу тарап, социалдык тармактарда кызуу талкууга жем таштаган. Кыргызстанда “Үй-бүлө жөнүндө кодекс” бир гана расмий никеге уруксат берет. Мыйзамга ылайык, эки же андан көп аял алган адам коомдук, түзөтүү жумуштарына же айыпка тартылат. Бул кылмыш үчүн айып пулдун өлчөмү 50 миң сомдон 100 миң сомго чейин деп аныкталган. Коомчулукта көп аялдуулук темасы ачык талкууланып же иликтене элек. Ошондон улам маселени ачык көрсөткөн статистика жок. 2025-жылы сентябрда президент Садыр Жапаров көп аялдуулук үчүн кылмыш-жаза жоопкерчилигин жоюу жөнүндөгү мыйзам долбоорун Жогорку Кеңешке кайтарган. Документтин авторлору Нурланбек Азыгалиев менен Медербек Саккараев экени жана парламент аны 25-июнда эч талкуусуз кабыл алганы белгилүү болгон. Долбоордо ""эки же андан көп аял алуу үчүн кылмыш-жаза жоопкерчилигин караган Кылмыш-жаза кодексинин 176-беренесин күчүн жоготту"" деп таануу тууралуу жазылган. Президенттин аппараты көп аял алуу үчүн кылмыш-жаза жоопкерчилигин сактап калуу Кыргызстандын эл аралык милдеттенмелерине ылайык келерин белгилеген. Ошондой эле бул мыйзам аялдарды жана балдарды укуктук жана социалдык теңсиздиктен коргой турганы жазылган. Мыйзам долбооруна акыйкатчы, Башкы прокуратура, президентке караштуу Дин иштери жана этностор аралык мамилелер боюнча улуттук агенттик, Улуттук илимдер академиясы, Юстиция министрлиги жана Конституциялык соттун аппараты каршы пикирин билдиришкен. (TSh) ",azattyk.org,0,high,news_site
ee5866de-076f-42f1-a849-de67d92847e8,Польшада тыңчылыкка айыпталган казакстандык дипломат бошотулду,"Польша бийлиги тыңчылыкка айыптап, былтыркы жылдын август айынан бери камакта кармап отурган казакстандык дипломатты бошотконун 2-майда ""Азаттыктын"" казак кызматы Акордонун басма сөз катчысы Айбер Смадияровдун Телеграмгажазганына таянып кабарлады. Смадияров Польша менен Беларус ортосунда абакта жаткандарды айырбаштоо болгонун, арасында Казакстандын да жараны мамлекет башчы Касым-Жомарт Токаевдин көмөктөшүүсү менен бошотулганын жазды. Бирок ал казак дипломаты өткөрүлүп берилгенин ачык белгилеген жок. Сөз, ""Азаттык"" билдиргендей, Казакстандын Украинадагы элчилигинде атташенин жардамчысы болуп иштеген Ануар Бакибай тууралуу болууда. Беларустун мамлекеттик БелТА маалымат агенттигибилдиргендей,ар бир тараптан бештен киши өткөрүлүп берилди жана бул жараян Беларус менен Польшанын атайын кызматтарынын ортосунда жүргүзүлгөн ""татаал жана узак сүйлөшүү процессинин кульминациясы"" болуп калды. Ulysmedia басылмасы белгилегендей, айырбашталуучулардын тизмесине кирген казакстандык дипломаттын аты-жөнүн көпкө чейин купуя кармашты. ""Аны алып чыгышканда жүзү жабык болду. Бирок польшалык журналисттер ал адам Польша тыңчылыкка айыптаган Бакибай Ануар Кайратович экенин аныкташты"", - деп жазды аталган басылма. Казакстандык саясат талдоочу Арсен Сарсеков дипломатка тагылган айыптардын баары алынганынкабарлады. Ануар Бакибай кармалганы 2025-жылы 2-августтабелгилүү болгон. Варшава аны ""дипломатиялык макамга жамынып алып сыртка чыгышы Польшанын жана анын союздаштарынын коопсуздугуна коркунуч жарата турган маалыматтарды чогултуп жүргөн"" деп айыптаган. Ал кайсы өлкөнүн пайдасына тыңчылык кылган деп шектелип жатканы ачык айтылган эмес. ",azattyk.org,0,high,news_site
0037893d-19e8-4e5f-baa3-6fcf619b566f,Алай: Гүлчөдө кайра сел жүрдү,"28-апрелде Алай районунун Гүлчө шаарында саат 16:45 чамасында кайра сел жүрүп, Абдиев көчөсүн каптады. Шаарда 27-апрелде нөшөрлөгөн жаандын кесепетинен сел жүрүп, Абдиев, Сатаров көчөлөрүндө жана Курманжан Датка айылында бир катар турак үйлөрдүн короолорун суу каптаган болчу. Бул тууралуу Өзгөчө кырдаалдар министрлиги билдирди. Маалыматта селдин кесепетин жоюу иштерине 223 адам жана атайын техника тартылып, тазалоо жана калыбына келтирүү иштери жүргүзүлүп жатканы, абал көзөмөлдө экени, жабыркагандар жоктугу айтылат. Өзгөчө кырдаалдар министринин орун басары Искендер Сулайманов Алай районунда жарандык коргонуу кызматтары менен чукул жыйын өткөрүп, күч-каражаттарды даяр абалга келтирүү, күтүлүп жаткан жаан-чачынга карата даярдыкты күчөтүү жана сел кесепеттерин ыкчам жоюу боюнча тапшырмаларды берди. ",azattyk.org,0,high,news_site
1c8d3ce1-935b-458c-be6a-8c85d34d383a,Иш учурунда дарыгерлерди сабагандарга жазаны күчөтүү сунушталды,"Жумуш учурунда медицина кызматкерлеринин ишине тоскоолдук кылып, кол көтөргөндөргө жазаныкүчөтүү сунушу берилди. Тиешелүү мыйзам долбоорун Жогорку Кеңештин бир нече депутаты иштеп чыгып, коомдук талкууга чыгарды. Ага ылайык, дарыгерге иш учурунда тоскоолдук кылып, ден соолугуна жеңил жаракат келтиргендерди эки айдан бир жылга чейин түзөтүү жумуштарына тартып же 20 миңден 50 миң сомго чейин айып пул салуу сунушталды. Дарыгердин ден соолугуна оор залал келтирип, көп көлөмдө зыян учураткандарды үч жылдан беш жылга чейин, бейтаптын ден соолугуна залака тийгизгендерди беш жылдан сегиз жылга чейин абакка кесүү демилгеси көтөрүлдү. Кыргызстанда буга чейин дарыгерлер иш учурунда ур-токмокко кабылган бир катар окуялар катталган. Коомчулукта медицина кызматкерлеринин укугун коргоо талабы айтылып келет. (BTo)",azattyk.org,0,high,news_site
72832950-42f6-4b3f-bc9d-054510641cd8,"Украинанын Запорожье, Сумы, Чернигов облустарына сокку урулду","Орус аскерлери шейшембиге караган түнү Украинага 123 дрон менен чабуул койду, 95и атып түшүрүлдү. Бул тууралуу украин куралдуу күчтөрүбилдирди. Запорожье облусунун аскердик администрациясынын жетекчиси Иван Федоровдунмаалыматынакараганда, соккулардан эки киши жарадар болду, экөө тең орточо оор абалда ооруканада жатат. Чукул кырдаал боюнча мамлекеттик кызмат орус аскерлери Сумы облусундагы жарандык инфраструктурага сокку урганынкабарлады. Натыйжада бала бакча менен бир нече турак жай зыян тартты, төрт киши дарыгерлерге кайрылды. Чернигов аймагында айыл чарба ишканасы чабуулгакабылды. Өрт буудай кампаларын чалды. Дагы бир райондо жер тамдар менен чарбалык курулуштар өрттөнгөнү маалымдалды. Орус армиясы кошуна өлкөсүнүн жарандык инфраструктурасын бутага алганын танып келет. ",azattyk.org,0,high,news_site
6f6c4b4b-bc3c-43b0-93af-e17e34238d3e,Ормуз кысыгындагы абал курч бойдон экени кабарланды,"Ормуз кысыгындагы абал курч бойдон калууда. Бул тууралуу Британиянын деңиз соодасы боюнча операцияларын координациялоо борбору (United Kingdom Maritime Trade Operations) билдирди. Анын маалыматына ылайык, аймакта аскердик активдүүлүк күчөп, деңизде аскер кемелеринин саны көбөйдү. Ошондой эле кемелерди коопсуздук күчтөрү радиобайланыш аркылуу текшериши мүмкүн. АКШ негизги деңиз жолдорунун түштүгүндө кошумча коопсуздук аймагын түзгөнү айтылды. Кемелерге Омандын суулары аркылуу өтүүнү карап, тиешелүү органдар менен байланышта болуу сунушталууда. 4-майдагы билдирүүгө ылайык, аймакта мина коюлган болушу мүмкүн деген маалыматтар бар болгондуктан кеме каттамдары «өтө кооптуу» деп бааланууда. Буга чейин UKMTO Бириккен Араб Эмирликтеринин Фужейра шаарынын түндүгүндө мунай ташуучу танкер белгисиз снаряддар менен аткыланганын кабарлаган. Маалыматка ылайык, экипаж жабыркаган эмес жана айлана-чөйрөгө зыян келтирилген жок. Кийинчерээк Бириккен Араб Эмирликтери бул окуяны кескин айыптап, мамлекеттик мунай компаниясына тиешелүү танкерге Ормуз кысыгы аркылуу өтүп бара жатканда кол салуу болгонун билдирди.",azattyk.org,0,high,news_site
966393e5-09c9-4ba0-be50-3291e29abd31,ИИМ Ысык-Көлдө браконьерлик кескин азайганын билдирди,"Ички иштер министрлиги (ИИМ) Ысык-Көлдө туристтик-экологиялык милиция кызматы түзүлүп, балык уулоого мораторий киргизилгенден бери браконьерлик кескин азайганын кабарлады. Мекеменин маалыматында ички иштер органдары, өзгөчө кырдаалдар, жол-транспорт коопсуздугу, экологиялык көзөмөл жана саламаттык сактоо тармактарынын аймактык түзүмдөрү кирген коопсуздук кызматы түзүлгөндөн бери көлдөн эски синтетикалык торлор, таштандылар тазаланып, мыйзамсыз балык уулоо азайды. Президент Садыр Жапаров 16-апрелде билдирүү кылып, тиешелүү кызматтар акыркы беш жылдан бери Ысык-Көлдү синтетикалык торлордон тазалап бүтө албай жатканын айтып, элди экологиянытаза кармоого чакырган. ИИМ буга чейин мыйзамсыз балык уулаган браконьерлерге жазаны күчөтүү сунушун берип, тиешелүү мыйзам долбоорун иштеп чыккан. Азыр иштеп жаткан Кылмыш-жаза кодекси боюнча олуттуу зыян келтирүү менен мыйзамсыз аңчылык кылып, балыктарды же суу жаныбарларын кармагандарга 20 миң сомдон 50 миң сомго чейин айып салынат. 1998-жылы өкмөттүн токтому менен Ысык-Көл облусунун аймагында биосфералык аймак түзүлгөн. Аймак 43,1 чакырым чарчы аянтты ээлейт. “Ысык-Көл” биосфералык аймагы Кыргызстанда мыйзам менен өзгөчө корголгон улуттук маанидеги табигый аймак болуп эсептелет. 2001-жылы ЮНЕСКОнун “Адам жана биосфера” программасынын алкагында Бүткүл дүйнөлүк биосфералык резерваттар тутумуна киргизилген. Ысык-Көлдө башаламан салынган эс алуу жайлары, алардан чыккан саркынды суулар көлдү булгап жатканы, балык уулаган браконьерлер көлдүн уникалдуу экологиясын талкалап жатканы айтылып келет. (BTo)  ",azattyk.org,0,high,news_site
de890ea0-b31e-43f5-a9e7-261f1ebcfa82,Элчи Эдил Байсалов президенттин эл аралык демилгелер боюнча атайын өкүлү болду,"“Ынтымак ордо” 27-апрелде президент Садыр Жапаров Кыргызстандын Америка Кошмо Штаттарындагы жаңы дайындалган элчиси Эдил Байсаловду кабыл алганын кабарлады. Эдил Байсалов мамлекет башчыга өткөн аптада өткөрүлгөн кыргыз-америкалык саясий консультациялардын жыйынтыктары, Министрлер кабинетинин төрагасы Адылбек Касымалиевдин АКШнын мамлекеттик катчысы Марко Рубио менен сүйлөшүүлөрүнүн жыйынтыктары тууралуу маалымат берди. Садыр Жапаров эки өлкөнүн кызматташтыгын мындан ары өнүктүрүү маанилүү экенин айтып, АКШ менен өнөктөштүктү бекемдөө боюнча ишти активдештирүү тапшырмасын берди. Жапаров Эдил Байсаловго президенттин эл аралык демилгелер боюнча атайын өкүлүнүн кошумча функцияларын жүктөп, ага Кыргызстандын атайын жана ыйгарым укуктуу элчиси жогорку дипломатиялык рангын ыйгарды. Эдил Байсалов апрель айынында башында Кыргызстандын АКШдагы элчиси болуп дайындалган. Ал 2021-жылдан бери вице-премьерлик кызматты ээлеп келаткан. 15-апрелде Вашингтондо АКШнын мамлекеттик катчысы Марко Рубио Адылбек Касымалиев менен жолугушуп, Америка-Кыргызстан кызматташтыгы талкууланган. АКШ Кыргызстандын эгемендигин биринчилерден болуп тааныган мамлекет. Стратегиялык кызматташтык келишимине 1993-жылы 19-майда Вашингтондо кол коюлган. 2015-жылдын 21-июлунда кыргыз бийлиги стратегиялык келишимден бир тараптуу чыгып кеткен. Азырынча Вашингтон менен Бишкек жаңы келишимди даярдоо процесси уланып жатканын гана билдирип келет. (BTo)",azattyk.org,0,high,news_site
80fac075-97b6-4a75-bda2-56a0216e8ee1,Нөшөрлөп жааган жаандан улам Манас шаарында да сел жүрдү,"30-апрелдин кечинде нөшөрлөп жааган жаандан улам Жалал-Абад облусунун Манас шаарында сел жүрүп, төрт социалдык объектке жана 39 турак жайга зыян келтирген. Анын арасынан 16 үйдүн ичине сел суусу кирип, 23 турак жайдын короолоруна суу толгон. Кырсыктын кесепетин жоюу үчүн Өзгөчө кырдаалдар министрлигинен (ӨКМ) 69 куткаруучу тартылган. Ошондой эле шаардык жарандык коргонуу кызматтарынан 125 кызматкер, 15 техника жана жергиликтүү тургундардан 35 адам жардам берди. Жаандан улам соңку күндөрү Кыргызстандын бир нече айылдарын сел каптады. 30-апрелде Баткендин Кадамжай районунун Орозбеков айыл аймагында нөшөрлөп жааган жамгырдын улам кокту-колоттон сел жүргөн. Тамаша—Кызыл-Булак жолундагы сайдан жана Пүшкөүт, Таш-Булак сайлары аркылуу сел жүрүп, жол убактылуу жабылган. 27-28-апрель күндөрү Ош облусундагы Алай районунун Гүлчө шаарында нөшөрлөп жааган жаандын кесепетинен сел жүрүп, өзгөчө кырдаал режими киргизилген. (BTo)",azattyk.org,0,high,news_site
eca1d44e-596a-4b28-bdbe-28928b5d88c3,"Малиде коргоо министри өлтүрүлдү, орус аскерлери Кидалдан чыгып кетти","Орусиянын аскерлери Малидеги Кидаль шаарынан чыгып кеткенин ырасташты. Орусиянын Коргоо министрлигине караштуу «Африка корпусу» өз билдирүүсүндө өз жоокерлери өкмөткө каршы куралдуу топтордун чабуулунан кийин өлкөнүн түндүк-чыгышындагы бул шаардан чыгып кеткенин бышыктады. «Мали Республикасынын жетекчилиги менен биргелешкен чечимге ылайык, Кидаль шаарында жайгашып, согуштук аракеттерди жүргүзүп жаткан Африка корпусунун бөлүктөрү бул калктуу конуштан чыгып кетти», — деп жазылат Telegram аркылуу таратылган билдирүүдө. Кидаль аймактагы маанилүү стратегиялык шаар болуп саналат. 25-апрелде куралдуу топтор өлкөнүн борбору Бамако шаарына жана түндүктөгү бир катар калааларга чабуул койгон. Жекшембиде «Африка корпусунун» Telegram каналы билдирүү таратып, Малиде «Батыштын атайын кызматтары даярдаган мамлекеттик төңкөрүш аракети» болгонун билдирген. Ошол эле билдирүүдө орус аскерлери «маанилүү позициялардын баарын сактап калганы» айтылган. Ошондой эле жекшемби күнү кечиндеги чабуулдардын биринде Мали бийлиги өлкөнүн коргоо министри Садио Камара каза болгонун расмий тастыктады. Буга чейин бир катар басылмалар өз булактарына таянып жазгандай, министр 25-апрелде Кати аскер базасындагы жардыруудан каза тапкан. Маалыматтарга караганда, анын үйүнүн жанында жардыргыч затка шыкалган жүк ташуучу автоунаа жарылган. Акыркы кол салуулар үчүн жоопкерчиликти расмий түрдө эч бир топ өзүнө алган жок. Reuters агенттигинин коопсуздук тармагындагы булактары бул чабуулдарды «Жамаат Нусрат аль-Ислам валь-Муслимин» (JNIM) деп аталган жихадчыл топ менен байланыштырат. Бул топ Аль-Каидага жакын деп эсептелет. Ошондой эле Азавадды бошотуу фронту альянсы менен тактикалык кызматташары айтылат. Мали бийлиги акыркы он жылдан ашуун убакыттан бери «Аль-Каида» жана «Ислам мамлекети» сыяктуу террордук топторго байланышкан куралдуу түзүмдөр, ошондой эле туарег жикчилдери менен күрөшүп келет. Өлкөдө бийликке Ассими Гоита жетектеген аскердик топ 2020 жана 2021-жылдардагы төңкөрүштөрдөн кийин келген. Алар кырдаалды турукташтырууну убада кылышкан, бирок өлкөдөгү абал дагы эле бейстабилдүү бойдон калууда. Малинин аскердик бийлиги Орусиянын жалданма аскерлеринин колдоосуна таянып келет. Өлкөдө ""Вагнер"" жеке аскердик компаниясынын отряддары иш алып барган. 2024-жылдын июль айында бул жалданма күчтөр малилик жихадчылар жана Азавадды координациялоо кыймылы менен болгон салгылашта ондогон жоокерин жоготкону маалымдалган. Кийинчерээк Малиге «Африка корпусунун» күчтөрү жайгаштырылганы айтылган. Reuters маалымдагандай, учурда Мали бийлиги АКШ менен жакындашууга аракет кылууда.",azattyk.org,0,high,news_site
b4c8deee-aa37-438d-bfe2-89c62e9bf11e,Мерц: Американын Иран боюнча так стратегиясы жок,"Германиянын канцлери Фридрих Мерц 27-апрелде АКШ Иран менен болгон согушта так стратегияга ээ эмес экенин айтып, жаңжал жакын арада бүтпөшү мүмкүн экенинэскертти. «Ирандыктар күтүлгөндөн күчтүүрөөк болуп чыкты, ал эми америкалыктардын ишенимдүү стратегиясы көрүнбөйт», — деди Мерц Марсберг шаарындагы мектепте жасаган билдирүүсүндө. Ал мындай жаңжалдардын негизги көйгөйүн да белгиледи. Мерцтин айтуусуна караганда, «мындай жаңжалдардан кантип чыгууну да билиш керек». Ал Ооганстандагы жана Ирактагы согуштарды мисал келтирди. «АКШ бул жаңжалга так стратегиясыз кирди. Учурда абдан татаал кырдаал түзүлдү жана бул бизге чоң чыгым алып келүүдө. Бул жаңжал биздин экономикалык көрсөткүчтөргө түз таасирин тийгизип жатат», — деди Фридрих Мерц, Ал Германиянын Ормуз кысыгын кайра ачууга жардам берүү үчүн миналарды тазалоочу кемелерди жөнөтүү сунушу күчүндө экенин айтты. Бирок ал бул согуш аяктаганда гана ишке ашарын белгиледи. Январь айында Иранда жалпы өлкө боюнча өткөн нааразылык акциялары күч менен басылган соң, Мерц Ислам республикасынын бийликти сактап калуу үчүн зомбулук колдонушу режимдин аяктап баратканынын белгиси экенин айткан. Ал мындай билдирүү жасаган алгачкы жогорку деңгээлдеги эл аралык саясатчылардын бири болгон. Ормуз кысыгы жабылгандан кийин ал Евробиримдик санкцияларды жеңилдетүүгө даяр экенин да билдирген. Ал арада 27-апрелде Еврокомиссиянын төрайымы Урсула фон дер Ляйен санкцияларды алып салуу Иран «негизги өзгөрүүлөргө» барган шартта гана мүмкүн болорун айтып, азырынча аларды жеңилдетүүгө «эрте» экенин белгиледи.",azattyk.org,0,high,news_site
1fc8379f-d904-4d19-8a1e-e0b68d10bd7d,Херсондо кичи автобуска жасалган соккудан эки адам мүрт кетти,"2-майдын таңында Херсондо Орусиянын дрону кичи автобуска тийип, эки адам мүрт кетти. Бул тууралуу калаанын аскердик администрация башчысы Ярослав Шанько билдирди. Ал дагы жети жүргүнчү жаракат алганын кошумчалады. Харьков түнү бою дрон чабуулуна кабылды. Дрон Шевченко районундагы көп кабаттуу имаратка тийген. Харьков аймактык аскер администрациясынын башчысы Олег Синегубовдун айтымында, бир киши жаракат алды. Андан тышкары, Украинанын Өзгөчө кырдаалдар боюнча мамлекеттик кызматынын маалыматында, Харьков облусундагы Васищево айылына жасалган дрон чабуулунан алты адам, анын ичинде бир бала жараат алды. Украинанын Аскердик-аба күчтөрү түндө Орусия Украинага 163 дрон атканын, анын 142си жок кылынганын кабарлады. Украина жана эл аралык уюмдар Орусиянын жарандык инфраструктурага жана жай тургундарга багытталган соккуларын согуш кылмышы деп эсептейт. Далилдерге карабай Москва муну танып, соккулар аскердик буталарга урулуп жатканын билдирип келет. (BTo)",azattyk.org,0,high,news_site
24b46292-54c0-4adf-b5aa-b9d87e1b3732,Орусияда чет өлкөлүктөргө мамлекеттик төлөмдөрдү жогорулатуу сунушталды,"Мамлекеттик Думага өкмөт сунуштаган мыйзам долбооруна ылайык, чет өлкөлүктөргө туруктуу жашоого уруксат (ВНЖ) жана жарандык алуу үчүн төлөмдөрдү кескин көбөйтүү каралган. Бийлик муну Ички иштер министрлигинин чет элдиктерди текшерүүгө жана миграциялык базаларды жүргүзүүгө кеткен чыгымдары көбөйгөнү менен түшүндүрүүдө. Долбоор кабыл алынса ВНЖ алуу үчүн төлөм 30 миң рублга чейин өсөт, бул азыркыдан беш эсе кымбат. Ал эми Орусиянын жарандыгы үчүн төлөм дээрлик 12 эсе өсүп, 50 миң рублга жетет. Мындан тышкары, башка кызматтар да кымбаттайт. Маселен, убактылуу жашоого уруксат 15 миң рубль, өлкөгө чакыруу кагазы 8 миң рубль, студенттик ВНЖ 8 миң рубль, көп жолку кирип-чыгуу визасы 6 миң рублду түзөт. Ошол эле учурда бийлик айрым категориядагы чет элдиктерди төлөмдөн бошотууну сунуштоодо. Атап айтканда, Коргоо министрлиги менен келишим түзүп, Украинадагы согушка катышууга кеткендер, ошондой эле мурдагы СССРдин жарандары бул төлөмдөрдү төлөбөйт. Буга чейин Ички иштер министрлиги мыйзамсыз жүргөн чет элдиктердин реестрин түзгөн. Бул тизмеге киргендердин укуктары чектелип, мисалы, никеге турууга, кыймылсыз мүлк сатып алууга же банктан эсеп ачууга тыюу салынат. Айрым чет элдиктер бул тизмеге негизсиз киргизилип жатканын айтыпдаттанып келишет.Мындай учурларда алар кармалып, өлкөгө киргизилбей же жумуштан бошотулган окуялар катталган. Крокус Сити Холлдогу кол салууданкийин Орусияда миграция саясаты дагы катуулап, текшерүү көбөйгөн. Ошондой эле Тергөө комитетинин башчысы Александр Бастрыкин сыяктуу расмий адамдар мигранттар тууралуу кескин билдирүүлөрдү көбүрөөк жасап келишет.",azattyk.org,0,high,news_site
b9568069-a256-4624-b0f6-38b5bc70d3db,Путин Кыргыз-орус славян университетинин жаңы кампусун куруу келишимине кол койду,"Орусиянын президенти Владимир Путин Борис Ельцин атындагы кыргыз-орус славян университетинин жаңы кампусун куруу боюнча Кыргызстан менен түзүлгөн келишимди ратификациялоо тууралуу мыйзамга кол койду. Ага ылайык, орус тарап кампусту курууну жана материалдык-техникалык жактан жабдуу милдетин алат. Университеттин жаңы кампусун куруу боюнча макулдашууга Владмир Путиндин 2023-жылы Бишкекке сапары учурунда жетишилген. Кыргызстан Байтиктен 30 гектар жер бөлүп берип, инфратүзүмүнө байланыштуу маселелерди чечип бериши керек. Апрель айында “Ельцин атындагы кыргыз-орус славян университетинин кампусу боюнча келишимди ратификациялоо” мыйзам долбоору Орусиянын Мамлекеттик думасында каралып жатканда айрым орус депутаттары буга каршы болуп, Кыргызстанда орус тилине каршы иштер жасалып жатканынайтып чыгышкан. Кыргыз-орус славян университети 1993-жылы түзүлгөн. Ага кийин Орусиянын биринчи президенти Борис Ельциндин аты берилген. Алгач сапаттуу билим берери айтылып келген окуу жайга байланыштуу соңку жылдарда бир топ жаңжалдар болгон. 2025-жылы отуздай студенти окуу жайдын кабыл алуу процессиндеги мүчүлүштүктөрдөн улам бир жыл билим алгандан кийин чыгарылып калганын айтып чыгышкан. Окуу жайдын жаңы жетекчилиги аларды окууга “мыйзамсыз кирген” деп күнөөлөгөн. 2025-жылы университетинин ректору болуп Сергей Волков шайланган. Ошондой эле бул окуу жайда Камкорчулар кеңеши түзүлүп, анын төрагалыгына УКМКнын мурдагы төрагасы Камчыбек Ташиев бекитилгени белгилүү болгон. Анын орун басарлыгына Кыргыз-орус өнүктүрүү фондунун жетекчиси Артем Новиков тандалган. (BTo)",azattyk.org,0,high,news_site
81450bb9-a184-4587-8331-0935faeb9322,Ирандын тышкы иштер министри Орусияга барды,"Ирандын башкы дипломаты Аббас Аракчи 27-апрелде Санкт-Петербургга барды. Ал Ирандын башкы өнөктөшү Орусиянын президенти Владимир Путин менен жолугушууга киргенин Дмитрий Песков билдирди. Аракчинин сапары Иран менен АКШ ортосундагы сүйлөшүү токтоп калган маалга туш келди. ""Тегеран биз менен сүйлөшкүсү келсе, телефон чалса болот. Мунасага келиш үчүн бир эле шарт бар: Иран өзөктүк курал жасоо ниетинен баш тартышы керек. Ансыз сүйлөшүүгө себеп жок"", - деп билдирди Трамп жекшембиде Fox News телеканалына берген интервьюсунда. Британиянын премьер-министри Кир Стармер жекшембиде телефондон АКШ президенти менен сүйлөшүп, Ормуз кысыгы жакын арада ачылбаса, глобалдык экономикага олуттуу зыян келтирилээрин талкуулады.",azattyk.org,0,high,news_site
332daf2b-8c39-46f7-8f7c-4f73ba8d2b2e,"Трамп катышкан иш-чарада ок чыгарган адамга ""президенттин өмүрүнө кол салуу"" айыбы тагылды","Вашингтондо АКШ президенти Дональд Трамп катышкан иш-чарага кирүүгө аракет кылып ок чыгарган адамга мамлекет башчыны өлтүрүүгө аракет кылган жана ок атуучу куралды мыйзамсыз сактаган деген айып тагылганын Reuters маалымдады. Окуя 25-апрелде Ак үйдүн кабарчылар ассоциациясынын Трамп катышкан жылдык кечки тамагы учурунда болгон. Кол салууга аракет кылган деп Калифорния штатынын Торранс шаарынын тургуну, 31 жаштагы Коул Томас Аллен шектелүүдө. Ал иш-чара өтүп жаткан мейманкананын ичинде текшерип өткөрүүчү жердеги коопсуздук кызматкерин аткан (кызматкер зоот кийими болгону үчүн жеңил жаракат алган), андан кийин кармалган. Трамп жарыялаган видеотасмада шектүү коридор менен чуркап баратканы көрүнөт. 2024-жылы президенттик шайлоо өнөктүгү учурунда да Трампка эки жолу кол салуу болгон, биринде ал жеңил жаракат алган. Мылтыктан тышкары тапанча жана бир нече бычак менен куралданган Аллен да атышуудан кийин жергиликтүү ооруканага текшерүүдөн өткөрүү үчүн жеткирилген. Reuters жазгандай, Аллен азырынча айыптоолорго жооп бере элек. Мурдараак ал бардык суроолорго ачык жооп берерин, өзү компьютер оюндарын ойлоп табуучу программист экенин билдирген. Судья Мэтью Шарбо Алленди иш каралып жаткан кезде камакта калтырууну чечти. Анын андан аркы бөгөт чарасын кароо бейшембиге дайындалды. Башкы прокурордун милдетин аткаруучу Тодд Бланш жекшембиде кол салуунун максаты тастыкталбаганын билдирген, бирок Аллен президент Трампка жана администрациянын башка кызматкерлерине кол салууну көздөгөнүн айткан. Буга чейин Аллен үй-бүлөсүнө өзүн ""Достуктагы федералдык өлтүргүч"" деп атаган манифест калтырган. Ал Трамптын администрациясындагы кечки иш-чарага катышуучу жогорку кызматкерлерге кол салууну талкуулаганы, анын бутасына алынгандардын арасында президент да болгону болжолдонууда.",azattyk.org,0,high,news_site
44eccf4c-60ac-41c2-9771-50eaf459713b,Орус армиясынын аба соккусунан Харьковдо алты киши мүрт кетти,"Украинанын Харьков облусунда ракета чабуулунан төрт адамдын өмүрү кыйылды. Бул тууралуу 4-майда облустук аскердик администрациянын башчысы Олег Синегубов билдирди. Ал кошумчалагандай, кыркка жакын адам жаракат алды. Ошондой эле жеке үйлөр, көп кабаттуу имараттар, төрт дүкөн жана техникалык тейлөө жайы жабыркады. Ал эми Чернигов облусундагы Новгород-Север районунда орус күчтөрүнүн чабуулунан кийин 14 миңдей тургун электр жарыгысыз калды. Жергиликтүү бийликтин маалыматына ылайык, шаар түн ичинде бир нече жолу дрондор менен аткыланып, жарандык инфраструктура зыян тартты. Бир адам жараат алды. Мындан тышкары, Донецк, Днепропетровск, Херсон жана Харьков облусунун айрым аймактарында да электр энергиясы үзгүлтүккө учурады. Чугуев районунда орус дрону нан ташыган машиненин жанына кулап, айдоочу менен кошо дагы бир адам жаракат алды. Ал эми Сумы облусунда көп кабаттуу үйлөр жана башка имараттар орус армиясынын чабуулунан зыян тартты. Украин армиясы билдиргендей, 4-майга караган түнү орус армиясы жалпысынан 155 дрон менен чабуул койгон. Алардын 135и атып түшүрүлгөнү айтылды. Орусиянын Коргоо министрлиги Украинада адатта аскердик гана жайларды бутага аларын билдирип, жарандык инфраструктурага урулган соккуларды четке кагып келет.",azattyk.org,0,high,news_site
5d14f8ed-382a-4564-b399-601dbc7db337,Өкмөттө жер-жерлердеги соңку сел кырсыктары талкууланды,"Министрлер кабинетинин төрагасы Адылбек Касымалиев Ош, Жалал-Абад жана Баткен облустарындагы сел кырсыгына байланыштуу жыйын өткөрүп, калыбына келтирүү иштери жана кырсыкты алдын алуу боюнча чараларды иштеп чыгууну тапшырды. Бул тууралуу 4-майда таратылган маалыматта кабарланды. Жыйында президенттин Баткен облусундагы өкүлү Мамыржан Рахимов билдиргендей, Баткендин Ак-Татыр айыл аймагында сел агымы каптаган он турак үй толук тазаланып бүттү. “Азыркы тапта жол каттамдары толук ачылды. Үзгүлтүккө учураган электр энергиясы калыбына келтирилди. Сугат жана таза суу объектилерин калыбына келтирүү иштери уланууда. Саламаттыкты сактоо кызматкерлери жеринде жарандарга керектүү медициналык жардам көрсөтүүдө. Ал эми санитардык-эпидемиологиялык кызматтын адистери аймакта залалсыздандыруу иштерин жүргүзүп жатышат”, - деп жазылган өкүлчүлүктүн маалыматында. 29-апрелден бери жааган жаан-чачындан улам Баткен, Кадамжай, Лейлек райондорунда жана Кызыл-Кыя шаарынын аймагында сел жүргөн. Баткен районунда өзгөчө кырдаал режими киргизилген. Соңку күндөрү нөшөрлөп жааган жаандан улам жер-жерлерде сел жүрүүдө. 2-майда Баткен районунун Ак-Татыр жана Самаркандек айыл аймактарында 50 турак жайдын короолорун сел каптап, анын ичинен 10 үйдүн жертөлөсүнө суу кирген. Сел жүргөн айылдардан жалпысынан 149 адам эвакуацияланган. 1-майда Жалал-Абад облусунун Манас шаарында да сел жүргөн. 30-апрелде Баткен облусунун Кадамжай районунда суу каптаган кээ бир жолдор убактылуу жабылган. 29-апрелде Ош облусунун Алай районунун Гүлчө шаарында селге байланыштуу өзгөчө кырдаал режими киргизилген.",azattyk.org,0,high,news_site
337163b6-f96a-40b2-82bd-947549ad2abf,Кыргызстанда 1-майдан тартып электр энергиясы 27 тыйынга кымбаттады,"Кыргызстанда 1-майдан тартып электр энергиясы 27 тыйынга кымбаттады. Катардагы карапайым керектөөчүлөр 700 кВт саатка чейин колдонгон электр жарыгына 1 сом 64 тыйындан, андан ашса 2 сом 94 тыйындан төлөйт. Бийик тоолуу жана жолу татаал аймактардын тургундары үчүн 1 сом 64 тыйын, аз камсыз болгон (""Үй-бүлөгө көмөк"" жөлөк пулун алган) үй-бүлөлөр 700 кВт саатка чейин 50 тыйындан, андан көп колдонсо 2 сом 94 тыйындан төлөйт. Социалдык жана коомдук мекемелер үчүн 1 кВт саат электр энергиясы 2 сом 96 тыйын, өндүрүштүк керектөөчүлөргө 3 сом 65 тыйын, коммерциялык керектөөчүлөргө 4 сом 33 тыйын, бюджеттик керектөөчүлөргө 4 сом 62 тыйын жана автоунаа кубаттоочу жабдуулар үчүн тариф 5 сом 99 тыйын болду. Өлкөдө инфляциянын көрсөткүчүнө жараша жыл сайын 2030-жылга чейин 1-майдан тарта электр жарыгынын баасы көтөрүлүп турат. Ага ылайык, 2027-жылы 33 тыйын, 2028-жылы 39 тыйын кошулат. 2029-жылы 47 тыйынга жана 2030-жылы 57 тыйынга көтөрүлөт. Расмий маалымат боюнча, Кыргызстан 2026-жылы 19,6 млрд кВт саат электр жарыгын колдонот деп эсептелген. Анын ичинен 15,7 млрд кВт саатты Кыргызстан өзү өндүргөн электр энергиясы менен жабат деп күтүлүүдө. Калган 4 млрд кВт саатты коңшу өлкөлөрдөн сатып алат. Кыргызстан өзү өндүргөн электр энергиясы керектөөнү жаппайт. Ушундан улам жыл сайын күз-кыш мезгилинде Казакстандан, Түркмөнстандан, Өзбекстандан жана Орусиядан электр жарыгын сатып алат. (BTo)",azattyk.org,0,high,news_site
9e2ed80a-a623-44a1-9d80-3ea3bab920c9,Экс-депутат Сатыбалдиев коомдук жайда тамеки чеккени үчүн айыпка жыгылды,"Жогорку Кеңештин мурдагы депутаты Элмурза Сатыбалдиев 1-майда Өзгөн шаарындагы борбордук стадиондо майрамга карата уюштурулган иш-чарада тамеки чеккени үчүн 3000 сом айыпка жыгылды. Бул тууралуу Ош облусунун ички иштер башкармалыгы билдирди. Элмурза Сатыбалдиев 2007-2009-жылдары башкы прокурор болгон. 2021-жылы Жогорку Кеңештин VII чакырылышына өткөн шайлоодо №12 Өзгөн шайлоо округунан катышып, депутат болуп шайланган. Ушул жылдын март айында Бишкектеги Токтоболот Абдумомунов атындагы кыргыз драма театрынын имаратынын алдында тамеки чеккени үчүн ички иштер министри Улан Ниязбеков даайыпка жыгылган. Коомдук жайларда тамеки тартууга тыюу салган мыйзам 2021-жылы иштей баштаган. Ага ылайык, тыюу салынган жерлерде чылым чеккендерге 3000 сом айып пул салынат. (BTo)",azattyk.org,0,high,news_site
a586ebbe-6c75-40c9-b4f7-cdc168aebca1,Окуу жайларда контрактты көтөрүүгө мораторий киргизилди,"Кыргызстанда 2026–2027-окуу жылында кесиптик жогорку жана орто билим берүү уюмдарында окуу үчүн акыны жогорулатууга мораторий киргизилди. Тиешелүү жарлыкка президент Садыр Жапаров кол койду. Жарлык окуу жайлардын формасына жана статусуна карабастан жайылтылат. Мындай чечим жарандарды социалдык коргоону күчөтүү, билим алуучулардын укуктарын жана муктаждыктарын ишке ашыруу максатында кабыл алынганы айтылды. Акыркы жылдары өлкөдөгү жогорку окуу жайларда контракт бир топ жогорулап кеткени айтылып келет. Бул маселе Жогорку Кеңеште да көтөрүлгөн. Айрым алдыңкы жогорку окуу жайлары 2026–2027-окуу жылына карата келишим акысын буга чейин эле жогорулатып койгон. Андыктан ата-энелер арасында президенттин жарлыгынан кийин ошол баа кайра былтыркы калыбына келеби деген суроо жаралып, социалдык түйүндөрдө кызуу талкууланууда. Расмий бекитиле элек дегени менен жогорулатылган жаңы баа абитуриенттерге тараткан маалыматында так көрсөтүлүп турат. (BTo)",azattyk.org,0,high,news_site
213bb8ca-46cd-4bd0-9684-0c97142975b9,Өзбекстанда каракалпак активисти Тажимуратовдун абак мөөнөтүнө дагы беш жыл кошулду,"Өзбекстанда 2022-жылдагы Каракалпакстан окуяларына байланыштуу ошол акциялардын лидери катары кармалып, 16 жылдык жаза мөөнөтүн өтөп жаткан каракалпак активисти Даулетмурат Тажимуратовго дагы кошумча беш жыл кошулду. Навоиде сот аны ""өтө кооптуу рецидивист"" деп атап, шарты катаалыраак колонияга которууну токтом кылды. Укук коргоочулар жаңы өкүм активисттин абактагы жаза мөөнөтүн узартуу гана эмес, аны мындан ары да изоляцияда кармап, басымды күчөтүүгө түзүлгөн шарт деп атап жатышат. 46 жаштагы Тажимуратов Навои шаарындагы күчөтүлгөн тартиптеги колонияда отурат. Бул жолу ага жаза аткаруу мекемесинин ишин уюштурууга тоскоолдук жараткан деген мазмундагы айып тагылды. Тажимуратов Каракалпакстандагы 2022-жылдагы нааразылык акциясы учурундагы окуялар боюнча айыптуу дептабылган. Ал «Өзбекстанда бийликти басып алуу жана конституциялык түзүлүштү кулатуу максатында кутум уюштуруу» жана «жапырт башаламандык уюштуруу» деген айыптардын негизинде 2023-жылы 16 жылга эркинен ажыратылган. Өзбекстанда 2022-жылы Конституцияны өзгөртүү демилгеси көтөрүлүп, өлкө курамындагы Каракалпакстан автоном республикасында нааразылык чыккан. 1-2-июлдагы борбор калаа Нукустагы митингдер күч менен басылганда кан төгүлгөн. Өзбек бийлиги 21 адам каза тапканын, 243 адам жараат алганын кабарлаган. 500дөн ашуун адам кармалган. Президент Шавкат Мирзиёев Каракалпакстанга барып, Баш мыйзамдагы бул республикага таандык мурдагы беренелер өзгөртүүсүз калтырыларын айткан. ",azattyk.org,0,high,news_site
ae3c927d-d31c-4119-9216-b862e5ddf667,"Улуттук банк эсептик ченди 12% калтырып, азык-түлүк 10,8% өскөнүн билдирди","Улуттук банк эсептик ченди 12% деңгээлинде калтырып, чечим 28-апрелде күчүнө кирди. Өлкөнүн негизги банкы дүйнөдөгү геосаясий чыңалуу азык-түлүк жана чийки зат рынокторунда баалардын өсүшүн шарттаганын билдирди. Мекеменин маалыматында акыркы эки айда Жакынкы Чыгыштагы кырдаалдын курчушунан дүйнөдө дан эгиндеринин, өсүмдүк майынын баасы кымбаттады. 2026-жылдын башынан бери Кыргызстанда инфляция (17-апрелине карата) 3,9% түздү (жылдык мааниде 11,3%). Азык-түлүк 10,8%, андан башка товарлардын баасы 9,2%, тамеки жана алкоголдук продукция 8,9% жогорулаган. Кызмат көрсөтүү чөйрөнсүндө баалардын өсүшү мындан да көп болуп - 17,2% түздү. Январь-март айларында өлкөнүн реалдуу Ички дүң өнүмү 10,1% өстү. Экономиканын өсүшүнө мурдагыдай эле кызмат көрсөтүүлөр, өнөр жай жана курулуш негизги салым кошууда. Эсептик чен - инфляциялык процессти жөнгө салуучу негизги финансылык куралдардын бири болуп саналат. Ал коммерциялык банктардагы насыялар менен депозиттердин пайыздык ченине түз таасир этет. Коммерциялык банктар өзүнүн пайыздык чендерин аныктап жаткан учурда Улуттук банктын эсептик ченине багыт алышы кажет. Улуттук банктын эсептик чени жогору болсо, коммерциялык банктардын насыялары менен депозиттеринин пайыздык чендери да жогору болот, төмөн болсо төмөндөйт. (BTo)",azattyk.org,0,high,news_site
ccc7cc9c-afa5-4af6-8609-ef702bc2c6ac,Орусияда Кыргызстандын үч жараны өрттөн каза болду,"Тышкы иштер министрлиги (ТИМ) Подмосковье аймагында өрттөн каза болгон Кыргызстандын үч жараны тууралуу комментарий берди. Расмий маалыматка ылайык, өрттөн каза болгондор 20 (Ж.У.М.), 30 (З.У.А.) жана 48 (З.У.А.) жаштагы кыргыз жарандары болгон. Алар Орусияда эмгек миграциясында жүргөн. Орусиянын Тергөө комитетинин Москва облусу боюнча башкы тергөө башкармалыгы бул окуяда кылмыштын курамы жок экенин, маркумдар көмүр кычкыл газына ууланып каза болгонун билдирген. Бул факты боюнча Орусиянын Кылмыш-жаза кодексинин “Кокусунан өлүмгө алып келүү” беренеси менен кылмыш иши козголуп, тергөө жүрүп жатат. Кыргызстандын Орусиядагы элчилиги каза болгондордун сөөгүн мекенине жөнөтүүгө көмөк көрсөтүүдө. (BTo)",azattyk.org,0,high,news_site
