id,headline,body_text,source,url,date,language,label,label_confidence,source_type
dba9f203-fa46-42e1-8849-55264adc463e,"Часть Бишкека останется на неделю без газа (район, даты)","В связи с проведением работ на газопроводах низкого давленияс 30 апреля по 6 маячасть столицы останется без природного газа. Об этом сообщает газовая служба ""Бишкекгаз"". Подачу газа приостановят в районе, ограниченном ул. Гаражной - пр. Жибек Жолу - ул. Калинина - ул. Салиевой. Газовая служба ""Бишкекгаз"" приносит извинения за доставленные неудобства и просит абонентов на период отключения природного газа перейти на альтернативные источники энергии.",kaktus.media,https://kaktus.media/doc/545432_chast_bishkeka_ostanetsia_na_nedelu_bez_gaza_rayon_daty.html,2026-04-30T16:43:08+06:00,kyrgyz,0,high,news_site
7d2bb8bf-d941-49cb-b179-32aedd07df9a,Грузовик с прицепом врезался в другой грузовик на трассе Бишкек - Нарын - Торугарт (видео),"Вечером 3 мая на трассе Бишкек - Нарын - Торугарт произошло ДТП с участием грузовых автомобилей. Об этом редакцииKaktus.mediaсообщили очевидцы. По их словам, один из грузовиков с полуприцепом пытался совершить разворот. В этот момент в него сбоку врезался другой грузовой автомобиль с прицепом. По предварительным данным, в результате аварии никто не пострадал. На место вызвали сотрудников ГУОБДД. Причины ДТП и окончательная информация о пострадавших уточняются.",kaktus.media,https://kaktus.media/doc/545544_gryzovik_s_pricepom_vrezalsia_v_drygoy_gryzovik_na_trasse_bishkek_naryn_torygart_video.html,2026-05-03T21:23:22+06:00,kyrgyz,0,high,news_site
fa61ea31-0f8f-4aec-b3dc-5c71f5b62e92,Штормовое предупреждение! Из-за ливней в горах Кыргызстана возможны селевые явления,"Кыргызгидромет распространил штормовое предупреждение из-за неустойчивой погоды и ожидаемых локальных ливневых дождей. По данным синоптиков, с 3 по 6 мая в предгорных и горных районах Кыргызстана возможны селевые явления. На реках ожидается подъем уровня воды. Населению в праздничные и выходные дни рекомендуют соблюдать меры предосторожности. По возможности следует ограничить пребывание в горных и предгорных районах, не планировать отдых возле рек и ущелий, а также воздержаться от поездок по горным дорогам в период сильных осадков.",kaktus.media,https://kaktus.media/doc/545493_shtormovoe_predyprejdenie_iz_za_livney_v_gorah_kyrgyzstana_vozmojny_selevye_iavleniia.html,2026-05-02T15:00:17+06:00,kyrgyz,0,high,news_site
ced6d3e7-3011-4792-8a1b-cc4668752f69,Кыргызстан и Сейшелы подписали соглашение о безвизовом режиме,"В Бишкеке 4 мая состоялась встреча министра иностранных дел Кыргызстана Жээнбека Кулубаева с министром иностранных дел и диаспоры Республики Сейшельские Острова Барри Фором. Об этом сообщили в МИД КР. В ходе переговоров стороны обсудили развитие политического диалога, расширение договорно-правовой базы, а также укрепление торгово-экономического и гуманитарного сотрудничества. В частности, речь шла о взаимодействии в сферах сельского хозяйства, туризма, образования, цифрового управления, устойчивого развития и климата. В МИД отметили, что этот визит стал первым в истории двусторонних отношений визитом главы внешнеполитического ведомства Сейшельских Островов в Кыргызстан. По итогам встречи стороны подписали соглашение об освобождении от визовых требований для краткосрочного пребывания граждан Кыргызстана и Сейшельских Островов. В рамках визита Барри Фора также запланированы встречи на высоком и высшем уровнях. Напомним, министр иностранных дел и диаспоры Республики Сейшельские Острова Барри Фор находится в Кыргызстане с официальным визитом с 3 по 6 мая по приглашению главы МИД КР Жээнбека Кулубаева.",kaktus.media,https://kaktus.media/doc/545566_kyrgyzstan_i_seyshely_podpisali_soglashenie_o_bezvizovom_rejime.html,2026-05-04T15:15:41+06:00,kyrgyz,0,high,news_site
0729a872-8616-4bc1-aac9-1792b4c529ae,Юные кыргызстанки заняли второе место на турнире по эстетической гимнастике в Париже,"Команда Diamond из Кыргызстана заняла второе место на соревнованиях по эстетической групповой гимнастике AFCGE Cup II, которые проходят в Париже. Об этом редакцииKaktus.mediaсообщил представитель команды. По его словам, соревнования проходили с 30 апреля по 3 мая в рамках Aesthetic Group Gymnastics World Cup & Challenge Cup II. Согласно таблице результатов, команда Diamond, представляющая Кыргызстан, выступила в возрастной категории 8-10 лет среди участниц 2016-2018 годов рождения. Гимнастки набрали 25,600 балла и заняли второе место. Также в этой категории выступила еще одна команда из Кыргызстана - Everest. Она набрала 22,900 балла и заняла пятое место.",kaktus.media,https://kaktus.media/doc/545580_unye_kyrgyzstanki_zaniali_vtoroe_mesto_na_tyrnire_po_esteticheskoy_gimnastike_v_parije.html,2026-05-04T20:39:59+06:00,kyrgyz,0,high,news_site
682ad15e-d360-4e11-baff-9a2336db8236,"Николай Басков, ""Любэ"" и ""Блестящие"" выступят в Караколе на концерте ко Дню Победы 9 мая","На центральной площади Каракола 9 мая состоится праздничный концерт с участием российских групп ""Любэ"" и ""Блестящие"" и Николая Баскова. Также выступят отечественные звезды Жылдыз Осмоналиева, Султан Садыралиев, Аксай, Гулзат Рыскулова, Малика Дина, Омар. Об этом сообщает пресс-служба Каракола. Когда:9 мая, в 18:00.Где:Центральная площадь Каракола.Вход свободный.Организаторы также обещают закончить вечер грандиозным салютом.По теме:Госмонополия на медобразование и аккредитация вузов. Что об этом известно на сегодня?Концерт организован мэрией Каракола и международным патриотическим движением ""Победа 9/45"" при поддержке АНО ""Евразия"". Организаторы также обещают закончить вечер грандиозным салютом. Концерт организован мэрией Каракола и международным патриотическим движением ""Победа 9/45"" при поддержке АНО ""Евразия"".",kaktus.media,https://kaktus.media/doc/545422_nikolay_baskov_lube_i_blestiashie_vystypiat_v_karakole_na_koncerte_ko_dnu_pobedy_9_maia.html,2026-04-30T15:49:40+06:00,kyrgyz,0,high,news_site
87c01f2a-8621-4b0f-99a8-d7f39a7ec5df,В Каракольском зоопарке появился кенгуру-альбинос. Видео,"В Каракольском зоопарке появился новый житель -кенгуру-альбинос Беннетта. Ранее редкое животное содержалось в нелегальном передвижном зоопарке в Токмоке. После того как деятельность зверинца была разоблачена, животных, включая кенгуру-альбиноса, конфисковали. Их временно передали под опеку фонда ""Бугу эне"". Сейчас кенгуру обитает в просторном вольере в зоопарке Каракола и получает полноценное питание. По данным фонда, кенгуру чувствует себя хорошо. На него приходят посмотреть множество гостей.",kaktus.media,https://kaktus.media/doc/545590_v_karakolskom_zooparke_poiavilsia_kengyry_albinos._video.html,2026-05-05T10:25:29+06:00,kyrgyz,0,high,news_site
1c0a60ac-5ed6-4fba-afc7-32131f00cbcc,Ремонт дорог и теплосетей. Какие трассы закрыты в Бишкеке (обновлено 30 апреля ),"В Бишкеке уже почти два месяца как стартовал ремонт дорог. Не верится, правда? На самом деле первую улицу - пр. Дэн Сяопина -закрыли на реконструкцию с 24 февраля. За это время число улиц, которые закрыты для проезда, выросло. Кроме того, остаются закрытыми и участки, где ремонт начался еще в прошлом году. На том самом пр. Дэн Сяопина, с которого и стартовала ремонтная кампания, сейчас закрыт на реконструкцию участок от ул. Патриса Лумумбы до Кустанайской. Кроме дорожников, трассы на ремонт закрывают и другие службы. Например, на пр. Жибек Жолу ""Бишкекводоканал"" меняет канализационный коллектор. В середине апреля закрыли для проезда сразу два новых участка - ул. Шабдана Баатыра и ул. Фрунзе. В итоге на сегодня закрыты для проезда следующие участки дорог в Бишкеке: ул. Месароша - на участке между ул. Фучика и Профсоюзной;ул. Фучика - от ул. Московской до пр. Чуй;пр. Дэн Сяопина - от ул. Патриса Лумумбы до ул. Кустанайской;ул. Гоголя - от ул. Московской до ул. Токтогула (замена теплосети);ул. Ауэзова - от ул. Салиевой до пр. Жибек Жолу;ул. Кожевенная - от ул. Аул до ул. Ибраимова (въезд на ""Дордой"");ул. Кронштадтская - от ул. Фучика до ул. Месароша;ул. Шопокова - от ул. Киевской до пр. Чуй;ул. Шопокова - от пр. Чуй до ул. Фрунзе;ул. Профсоюзная - от ул. Кустанайской до поста ГАИ;пр. Жибек Жолу - от ул. Кулиева до ул. К. Акиева (замена канализационного коллектора);ул. Муромская - от ул. Б. Алыкулова до ул. Кипкалова;ул. Шабдана Баатыра - от ул. Курманжан Датки до ул. Лермонтова с южной стороны;ул. Фрунзе - от ул. Панфилова до ул. Орозбекова;ул. Гоголя - от ул. Огонбаева до ул. Фрунзе;ул. Л.Толстого - от ул. Термечикова до ул. Кривоносова.Отметим также, что в этом году впервые начали ремонтировать дорогу к главному входу на рынок ""Дордой"". В планах мэрии -капитальный ремонт и расширение трассы. Учитывайте этот факт, когда соберетесь на рынок. Могут быть пробки.Первые отремонтированные участки в этом годуХотя строительный сезон только начался, уже есть первые трассы, проезд по которым открыт после ремонта. Например, мэрия сообщила, что со 2 апреля участок пр. Дэн Сяопина от ул. Интергельпо до ул. Патриса Лумумбыоткрыли для проезда.Улицу Бакаева открыли для проезда от улицы Л. Толстого до ул. Боконбаева.В рамках строительства транспортной развязки на проспекте Молодой Гвардии и улице Льва Толстого завершился первый этап открытия улицы Бакаева от улицы Л. Толстого до улицы Боконбаева (по западному берегу реки Ала-Арча).После реконструкции открыли мост на проспекте Жибек Жолу. После обновления мострасширили в соответствии с современными требованиями. Его ширина достигла 34,3 метра, а длина составила 25 метров.С 15 апреляоткрыт проезд по дороге Лебединовка - ГЭС-5. Мост через БЧК протяженностью 36,6 м был расширен на 5,5 м, а также дополнительно построен новый мост для пешеходов. Объект полностью введен в эксплуатацию.Что еще в планахВ планах мэрии Бишкека на 2026 год - отремонтировать и построить более 119 километров дорог. И поэтому сообщения о перекрытии тех или иных трасс на ремонт стали появляться более часто. Участков, которые водителям лучше объезжать, с каждым днем становится все больше. Но это только начало, ведь у мэрии и Минтранса на этот год грандиозные планы по строительству и реконструкции дорог как внутри столицы, так и примыкающих к ней.По теме:Ремонт дорог - 2026: заблокированный въезд в Бишкек и новый асфальт к Кырчыну (карта)Ожидается строительство следующих новых улиц:ул. Сухэ-Батора - от ул. 7 Апреля до ул. Ауэзова;ул. Ахунбаева - от ул. Достоевского до ул. Ауэзова;ул. Ауэзова - от ул. Анкары до ул. Сухэ-Батора;ул. Ч. Валиханова со строительством моста;ул. Жукеева-Пудовкина - от ул. А. Токомбаева до ул. Иманалиева (2,2 км);ул. Дуйшеева - от ул. Жукеева-Пудовкина до ул. Абдрахманова;Восточная объездная дорога;Северная объездная дорога;примыкающие к объездным дорогам трассы;транспортная развязка на пересечении пр. Молодой Гвардии и ул. Л. Толстого.По теме:Названы сроки окончания реконструкции дороги Лебединовка - ГЭС-5Какие улицы будут ремонтировать:пр. Дэн Сяопина (южная сторона);ул. Л. Толстого - от ул. Термечикова до ул. Фрунзе;ул. Ауэзова - от пр. Жибек Жолу до ул. Салиевой;ул. Бакаева - пробивка до ул. Боконбаева и соединение с ул. Бейшеналиевой;ул. Киргизская - от ул. Саадаева до объездной дороги;ул. М. Ганди - до объездной дороги;ул. Профсоюзная - до объездной дороги;ул. Фрунзе - от ул. Касыма Тыныстанова до ул. Торокула Айтматова.Но это еще не все. Дорожными работами будет заниматься и Минтранс. В его планах также есть реконструкция и строительство дорог в столице или на подъездах к ней.Например, ожидаются:строительство подъездных дорог к новому Ошскому рынку и Западному автовокзалу;строительство объездной дороги по ул. Профсоюзной от ул. Кустанайской до поста ГАИ (работы уже идут.- Прим. Kaktus.media);реконструкция автодороги Бишкек - международный аэропорт ""Манас"";завершение работ на трассе Лебединовка - ГЭС-5 и Бишкек - Кунтуу - Шопоков.Все вместе это создает не совсем веселую картину. В разгар сезона передвигаться по Бишкеку, равно как и выехать или въехать в столицу, станет настоящим испытанием.Где самые большие пробкиС одной стороны понятно, что без перекрытия дорог их ремонт и строительство невозможны. С другой - в памяти свежи воспоминания прошлых лет, когда даже летом, в сезон отпусков и школьных и студенческих каникул, пробки в Бишкеке стабильно держались на уровне 6 баллов. В часы пик, бывало, доходило и до максимального значения в 10 баллов.По теме:В Бишкеке начали капремонт дороги на одной из улицС увеличением количества закрытых на ремонт улиц ухудшается и проезжаемость дорог. Если еще в начале апреля пробки были на уровне 3- 4 баллов в течение дня, то сейчас они уже доходят до 5 баллов. В утренние и вечерние часы пик ситуация ухудшается. Самая сложная ситуация наблюдается на участках, которые примыкают к перекрытым из-за ремонта трассам.""Основные магистрали и центральные улицы будем закрывать в период каникул, когда трафик меньше. Параллельно с ремонтом идет транспортная реформа, цель которой - уменьшить интервалы движения автобусов и снизить уровень пробок"", - говорил ранее директор департамента транспорта и развития дорожно-транспортной инфраструктуры Уланбек Бейшенбаев.По теме:Такси, автобус, самокат или велосипед? Тестируем разные виды транспорта на дорогах БишкекаКак оно будет в действительности, узнаем совсем скоро, когда начнут закрывать остальные запланированные участки дорог. Но на всякий случайищите альтернативные варианты передвижения по городу. Отметим также, что в этом году впервые начали ремонтировать дорогу к главному входу на рынок ""Дордой"". В планах мэрии -капитальный ремонт и расширение трассы. Учитывайте этот факт, когда соберетесь на рынок. Могут быть пробки. Хотя строительный сезон только начался, уже есть первые трассы, проезд по которым открыт после ремонта. Например, мэрия сообщила, что со 2 апреля участок пр. Дэн Сяопина от ул. Интергельпо до ул. Патриса Лумумбыоткрыли для проезда. В рамках строительства транспортной развязки на проспекте Молодой Гвардии и улице Льва Толстого завершился первый этап открытия улицы Бакаева от улицы Л. Толстого до улицы Боконбаева (по западному берегу реки Ала-Арча). После реконструкции открыли мост на проспекте Жибек Жолу. После обновления мострасширили в соответствии с современными требованиями. Его ширина достигла 34,3 метра, а длина составила 25 метров. С 15 апреляоткрыт проезд по дороге Лебединовка - ГЭС-5. Мост через БЧК протяженностью 36,6 м был расширен на 5,5 м, а также дополнительно построен новый мост для пешеходов. Объект полностью введен в эксплуатацию. В планах мэрии Бишкека на 2026 год - отремонтировать и построить более 119 километров дорог. И поэтому сообщения о перекрытии тех или иных трасс на ремонт стали появляться более часто. Участков, которые водителям лучше объезжать, с каждым днем становится все больше. Но это только начало, ведь у мэрии и Минтранса на этот год грандиозные планы по строительству и реконструкции дорог как внутри столицы, так и примыкающих к ней. Ожидается строительство следующих новых улиц: ул. Сухэ-Батора - от ул. 7 Апреля до ул. Ауэзова;ул. Ахунбаева - от ул. Достоевского до ул. Ауэзова;ул. Ауэзова - от ул. Анкары до ул. Сухэ-Батора;ул. Ч. Валиханова со строительством моста;ул. Жукеева-Пудовкина - от ул. А. Токомбаева до ул. Иманалиева (2,2 км);ул. Дуйшеева - от ул. Жукеева-Пудовкина до ул. Абдрахманова;Восточная объездная дорога;Северная объездная дорога;примыкающие к объездным дорогам трассы;транспортная развязка на пересечении пр. Молодой Гвардии и ул. Л. Толстого.По теме:Названы сроки окончания реконструкции дороги Лебединовка - ГЭС-5Какие улицы будут ремонтировать:пр. Дэн Сяопина (южная сторона);ул. Л. Толстого - от ул. Термечикова до ул. Фрунзе;ул. Ауэзова - от пр. Жибек Жолу до ул. Салиевой;ул. Бакаева - пробивка до ул. Боконбаева и соединение с ул. Бейшеналиевой;ул. Киргизская - от ул. Саадаева до объездной дороги;ул. М. Ганди - до объездной дороги;ул. Профсоюзная - до объездной дороги;ул. Фрунзе - от ул. Касыма Тыныстанова до ул. Торокула Айтматова.Но это еще не все. Дорожными работами будет заниматься и Минтранс. В его планах также есть реконструкция и строительство дорог в столице или на подъездах к ней.Например, ожидаются:строительство подъездных дорог к новому Ошскому рынку и Западному автовокзалу;строительство объездной дороги по ул. Профсоюзной от ул. Кустанайской до поста ГАИ (работы уже идут.- Прим. Kaktus.media);реконструкция автодороги Бишкек - международный аэропорт ""Манас"";завершение работ на трассе Лебединовка - ГЭС-5 и Бишкек - Кунтуу - Шопоков.Все вместе это создает не совсем веселую картину. В разгар сезона передвигаться по Бишкеку, равно как и выехать или въехать в столицу, станет настоящим испытанием.Где самые большие пробкиС одной стороны понятно, что без перекрытия дорог их ремонт и строительство невозможны. С другой - в памяти свежи воспоминания прошлых лет, когда даже летом, в сезон отпусков и школьных и студенческих каникул, пробки в Бишкеке стабильно держались на уровне 6 баллов. В часы пик, бывало, доходило и до максимального значения в 10 баллов.По теме:В Бишкеке начали капремонт дороги на одной из улицС увеличением количества закрытых на ремонт улиц ухудшается и проезжаемость дорог. Если еще в начале апреля пробки были на уровне 3- 4 баллов в течение дня, то сейчас они уже доходят до 5 баллов. В утренние и вечерние часы пик ситуация ухудшается. Самая сложная ситуация наблюдается на участках, которые примыкают к перекрытым из-за ремонта трассам.""Основные магистрали и центральные улицы будем закрывать в период каникул, когда трафик меньше. Параллельно с ремонтом идет транспортная реформа, цель которой - уменьшить интервалы движения автобусов и снизить уровень пробок"", - говорил ранее директор департамента транспорта и развития дорожно-транспортной инфраструктуры Уланбек Бейшенбаев.По теме:Такси, автобус, самокат или велосипед? Тестируем разные виды транспорта на дорогах БишкекаКак оно будет в действительности, узнаем совсем скоро, когда начнут закрывать остальные запланированные участки дорог. Но на всякий случайищите альтернативные варианты передвижения по городу. Какие улицы будут ремонтировать: пр. Дэн Сяопина (южная сторона);ул. Л. Толстого - от ул. Термечикова до ул. Фрунзе;ул. Ауэзова - от пр. Жибек Жолу до ул. Салиевой;ул. Бакаева - пробивка до ул. Боконбаева и соединение с ул. Бейшеналиевой;ул. Киргизская - от ул. Саадаева до объездной дороги;ул. М. Ганди - до объездной дороги;ул. Профсоюзная - до объездной дороги;ул. Фрунзе - от ул. Касыма Тыныстанова до ул. Торокула Айтматова.Но это еще не все. Дорожными работами будет заниматься и Минтранс. В его планах также есть реконструкция и строительство дорог в столице или на подъездах к ней.Например, ожидаются:строительство подъездных дорог к новому Ошскому рынку и Западному автовокзалу;строительство объездной дороги по ул. Профсоюзной от ул. Кустанайской до поста ГАИ (работы уже идут.- Прим. Kaktus.media);реконструкция автодороги Бишкек - международный аэропорт ""Манас"";завершение работ на трассе Лебединовка - ГЭС-5 и Бишкек - Кунтуу - Шопоков.Все вместе это создает не совсем веселую картину. В разгар сезона передвигаться по Бишкеку, равно как и выехать или въехать в столицу, станет настоящим испытанием.Где самые большие пробкиС одной стороны понятно, что без перекрытия дорог их ремонт и строительство невозможны. С другой - в памяти свежи воспоминания прошлых лет, когда даже летом, в сезон отпусков и школьных и студенческих каникул, пробки в Бишкеке стабильно держались на уровне 6 баллов. В часы пик, бывало, доходило и до максимального значения в 10 баллов.По теме:В Бишкеке начали капремонт дороги на одной из улицС увеличением количества закрытых на ремонт улиц ухудшается и проезжаемость дорог. Если еще в начале апреля пробки были на уровне 3- 4 баллов в течение дня, то сейчас они уже доходят до 5 баллов. В утренние и вечерние часы пик ситуация ухудшается. Самая сложная ситуация наблюдается на участках, которые примыкают к перекрытым из-за ремонта трассам.""Основные магистрали и центральные улицы будем закрывать в период каникул, когда трафик меньше. Параллельно с ремонтом идет транспортная реформа, цель которой - уменьшить интервалы движения автобусов и снизить уровень пробок"", - говорил ранее директор департамента транспорта и развития дорожно-транспортной инфраструктуры Уланбек Бейшенбаев.По теме:Такси, автобус, самокат или велосипед? Тестируем разные виды транспорта на дорогах БишкекаКак оно будет в действительности, узнаем совсем скоро, когда начнут закрывать остальные запланированные участки дорог. Но на всякий случайищите альтернативные варианты передвижения по городу. Но это еще не все. Дорожными работами будет заниматься и Минтранс. В его планах также есть реконструкция и строительство дорог в столице или на подъездах к ней. Например, ожидаются: строительство подъездных дорог к новому Ошскому рынку и Западному автовокзалу;строительство объездной дороги по ул. Профсоюзной от ул. Кустанайской до поста ГАИ (работы уже идут.- Прим. Kaktus.media);реконструкция автодороги Бишкек - международный аэропорт ""Манас"";завершение работ на трассе Лебединовка - ГЭС-5 и Бишкек - Кунтуу - Шопоков.Все вместе это создает не совсем веселую картину. В разгар сезона передвигаться по Бишкеку, равно как и выехать или въехать в столицу, станет настоящим испытанием.Где самые большие пробкиС одной стороны понятно, что без перекрытия дорог их ремонт и строительство невозможны. С другой - в памяти свежи воспоминания прошлых лет, когда даже летом, в сезон отпусков и школьных и студенческих каникул, пробки в Бишкеке стабильно держались на уровне 6 баллов. В часы пик, бывало, доходило и до максимального значения в 10 баллов.По теме:В Бишкеке начали капремонт дороги на одной из улицС увеличением количества закрытых на ремонт улиц ухудшается и проезжаемость дорог. Если еще в начале апреля пробки были на уровне 3- 4 баллов в течение дня, то сейчас они уже доходят до 5 баллов. В утренние и вечерние часы пик ситуация ухудшается. Самая сложная ситуация наблюдается на участках, которые примыкают к перекрытым из-за ремонта трассам.""Основные магистрали и центральные улицы будем закрывать в период каникул, когда трафик меньше. Параллельно с ремонтом идет транспортная реформа, цель которой - уменьшить интервалы движения автобусов и снизить уровень пробок"", - говорил ранее директор департамента транспорта и развития дорожно-транспортной инфраструктуры Уланбек Бейшенбаев.По теме:Такси, автобус, самокат или велосипед? Тестируем разные виды транспорта на дорогах БишкекаКак оно будет в действительности, узнаем совсем скоро, когда начнут закрывать остальные запланированные участки дорог. Но на всякий случайищите альтернативные варианты передвижения по городу. Все вместе это создает не совсем веселую картину. В разгар сезона передвигаться по Бишкеку, равно как и выехать или въехать в столицу, станет настоящим испытанием. С одной стороны понятно, что без перекрытия дорог их ремонт и строительство невозможны. С другой - в памяти свежи воспоминания прошлых лет, когда даже летом, в сезон отпусков и школьных и студенческих каникул, пробки в Бишкеке стабильно держались на уровне 6 баллов. В часы пик, бывало, доходило и до максимального значения в 10 баллов. С увеличением количества закрытых на ремонт улиц ухудшается и проезжаемость дорог. Если еще в начале апреля пробки были на уровне 3- 4 баллов в течение дня, то сейчас они уже доходят до 5 баллов. В утренние и вечерние часы пик ситуация ухудшается. Самая сложная ситуация наблюдается на участках, которые примыкают к перекрытым из-за ремонта трассам. ""Основные магистрали и центральные улицы будем закрывать в период каникул, когда трафик меньше. Параллельно с ремонтом идет транспортная реформа, цель которой - уменьшить интервалы движения автобусов и снизить уровень пробок"", - говорил ранее директор департамента транспорта и развития дорожно-транспортной инфраструктуры Уланбек Бейшенбаев. Как оно будет в действительности, узнаем совсем скоро, когда начнут закрывать остальные запланированные участки дорог. Но на всякий случайищите альтернативные варианты передвижения по городу.",kaktus.media,https://kaktus.media/doc/543525_remont_dorog_i_teplosetey._kakie_trassy_zakryty_v_bishkeke_obnovleno_30_aprelia_.html,2026-04-30T11:13:18+06:00,kyrgyz,0,high,news_site
6c4ddf5a-f87c-44c3-8942-45b4251dd925,Доклад молодого уролога из Кыргызстана признали лучшим на международном конгрессе,"Уролог Эрмек Такибаев представил Кыргызстан на Центральноазиатском конгрессе эндоурологов в Ташкенте и стал победителем конкурса молодых специалистов, получив грант на обучение в Великобритании. Больше новостей и видео в Telegram-каналеKaktus.media. Такибаев выступил с докладом о роли дистанционно-ударной волновой литотрипсии (ESWL) в современной эндоурологии. Его работа была признана лучшей среди молодых урологов Центральной Азии. По итогам конкурса врач получил грант на обучение в Кембриджском университете по перкутанной нефролитотрипсии (PCNL) - одному из современных методов лечения мочекаменной болезни. Эрмеку Такибаеву 30 лет. Он окончил Кыргызскую государственную медицинскую академию и прошел ординатуру в Санкт-Петербурге. В настоящее время работает врачом-урологом в Университетской клинике DOC. По словам победителя, участие в конкурсе стало возможностью повысить профессиональные навыки и получить новые знания. При оценке участников жюри учитывало научную значимость и актуальность доклада, качество выступления, а также ответы на вопросы аудитории. Такибаев также выразил благодарность своим наставникам - Нурбеку Монолову и Акману Кадырбекову - за поддержку и помощь в подготовке. Поездка в Великобританию запланирована на середину лета или осень. В рамках обучения предусмотрены лекции ведущих международных специалистов и практическая отработка навыков.",kaktus.media,https://kaktus.media/doc/545594_doklad_molodogo_yrologa_iz_kyrgyzstana_priznali_lychshim_na_mejdynarodnom_kongresse.html,2026-05-05T12:19:54+06:00,kyrgyz,0,high,news_site
02895328-84e6-48a3-b42f-cf670e6363a5,В аэропорту Алматы после сильного дождя протекла крыша (видео),"В Алматы вечером 3 мая из-за сильного дождя затопило отдельные зоны аэропорта. Об этом сообщили в пресс-службе воздушной гавани. Ранее в соцсетях появилось видео, на котором сотрудники аэропорта устраняют последствия потопа. В публикации утверждалось, что затопило зону паспортного контроля, а работа аэропорта якобы была парализована: въезд и выезд перекрыты, пассажиров не выпускают и не впускают. В пресс-службе аэропортаподтвердили, что из-за сильных осадков в отдельных зонах терминалов Т1 и Т2 произошла протечка крыши. ""Последствия были оперативно устранены в течение 30 минут и не повлияли на выполнение рейсов. В настоящее время аэропорт работает в штатном режиме. Проводится обследование инфраструктуры для оценки причин и предотвращения подобных ситуаций в дальнейшем"", - сообщили в аэропорту. По данным пресс-службы, ситуация не повлияла на график выполнения рейсов.",kaktus.media,https://kaktus.media/doc/545556_v_aeroporty_almaty_posle_silnogo_dojdia_protekla_krysha_video.html,2026-05-04T12:40:57+06:00,kyrgyz,0,high,news_site
55cbd3ac-28f8-4cf4-a49e-76b7bcd2c79d,KFC FOOTBALL CUP 2026: ваш момент настал!,"Любите футбол? Докажите это на поле - и заберите главный приз.KFC Football Cup 2026 объявляет стартрегистрации.Это ваш турнир, если вы играете в футбол для души. Соревнование исключительно для любителей. Профессиональным игрокам вход закрыт. Здесь играют те, кто гоняет мяч после учебы, работы, по выходным с друзьями, во дворе и на районе. Если вы один из них - вас уже ждут.Что на кону?Категория U17 (16–17 лет) - поездка в Турцию для команды-победителя.Игроки 18 лет и старше - победители заберут 100 000 сомов на команду.Для участия не требуется никаких взносов.Регистрацияоткрыта для всех желающих.Как участвовать?Оставьте заявку наофициальнойстранице турнира.Заполните форму участника.Получите подтверждение по звонку.Готовьтесь к игре.Для игроков до 18 лет обязательно письменное согласие родителей.Ваша команда готова?Тогда осталось только одно -зарегистрироваться.Присоединяйтеськ KFCFootballCup 2026 - и докажите, кто лучший на поле.Следите за обновлениями наофициальныхстраницах KFC. KFC Football Cup 2026 объявляет стартрегистрации.Это ваш турнир, если вы играете в футбол для души. Соревнование исключительно для любителей. Профессиональным игрокам вход закрыт. Здесь играют те, кто гоняет мяч после учебы, работы, по выходным с друзьями, во дворе и на районе. Если вы один из них - вас уже ждут. Что на кону?Категория U17 (16–17 лет) - поездка в Турцию для команды-победителя.Игроки 18 лет и старше - победители заберут 100 000 сомов на команду.Для участия не требуется никаких взносов.Регистрацияоткрыта для всех желающих.Как участвовать?Оставьте заявку наофициальнойстранице турнира.Заполните форму участника.Получите подтверждение по звонку.Готовьтесь к игре.Для игроков до 18 лет обязательно письменное согласие родителей.Ваша команда готова?Тогда осталось только одно -зарегистрироваться.Присоединяйтеськ KFCFootballCup 2026 - и докажите, кто лучший на поле.Следите за обновлениями наофициальныхстраницах KFC. Категория U17 (16–17 лет) - поездка в Турцию для команды-победителя.Игроки 18 лет и старше - победители заберут 100 000 сомов на команду.Для участия не требуется никаких взносов.Регистрацияоткрыта для всех желающих.Как участвовать?Оставьте заявку наофициальнойстранице турнира.Заполните форму участника.Получите подтверждение по звонку.Готовьтесь к игре.Для игроков до 18 лет обязательно письменное согласие родителей.Ваша команда готова?Тогда осталось только одно -зарегистрироваться.Присоединяйтеськ KFCFootballCup 2026 - и докажите, кто лучший на поле.Следите за обновлениями наофициальныхстраницах KFC. Для участия не требуется никаких взносов.Регистрацияоткрыта для всех желающих.Как участвовать?Оставьте заявку наофициальнойстранице турнира.Заполните форму участника.Получите подтверждение по звонку.Готовьтесь к игре.Для игроков до 18 лет обязательно письменное согласие родителей.Ваша команда готова?Тогда осталось только одно -зарегистрироваться.Присоединяйтеськ KFCFootballCup 2026 - и докажите, кто лучший на поле.Следите за обновлениями наофициальныхстраницах KFC. Оставьте заявку наофициальнойстранице турнира.Заполните форму участника.Получите подтверждение по звонку.Готовьтесь к игре.Для игроков до 18 лет обязательно письменное согласие родителей.Ваша команда готова?Тогда осталось только одно -зарегистрироваться.Присоединяйтеськ KFCFootballCup 2026 - и докажите, кто лучший на поле.Следите за обновлениями наофициальныхстраницах KFC. Для игроков до 18 лет обязательно письменное согласие родителей.Ваша команда готова?Тогда осталось только одно -зарегистрироваться.Присоединяйтеськ KFCFootballCup 2026 - и докажите, кто лучший на поле.Следите за обновлениями наофициальныхстраницах KFC. Ваша команда готова?Тогда осталось только одно -зарегистрироваться.Присоединяйтеськ KFCFootballCup 2026 - и докажите, кто лучший на поле.Следите за обновлениями наофициальныхстраницах KFC. Присоединяйтеськ KFCFootballCup 2026 - и докажите, кто лучший на поле. Следите за обновлениями наофициальныхстраницах KFC.",kaktus.media,https://kaktus.media/doc/543885_kfc_football_cup_2026:_vash_moment_nastal.html,2026-04-07T17:56:18+06:00,kyrgyz,0,high,news_site
86eebff3-734b-43a0-ab1c-f39dd4a970c4,"Нутрициолог рассказала, что влияет на здоровье кишечника","Нутрициолог Марина Дуйшенкулова рассказала, как улучшить здоровье кишечника. Простые советы медика про здоровое питание читайтепо ссылке. Дуйшенкулова убеждена, если максимально использовать разнообразные полезные продукты питания: бобовые, цельнозерновые, белковые продукты, сложные углеводы, - то организм их адаптирует и получит из этой пищи максимальную пользу в виде витаминов, микроэлементов, полезных веществ, тем самым будут восполняться недостающие дефициты. ""Что касается именно того, как связаны питание и здоровье нашего кишечника, если мы будем постоянно на каждый прием пищи употреблять овощи и фрукты, они будут составлять 50% нашей здоровой тарелки, то это улучшитперистальтику, работа кишечника улучшается, и тем самым идет профилактика запоров, профилактика различных воспалительных процессов в нашем организме"", - пояснила специалист. ""Таким образом, питание должно быть очень разнообразным, и обязательно на каждый прием пищи мы рекомендуем включать овощи и фрукты"", - подчеркнула медик. Фото на главной странице иллюстративное: tyurmazhira.ru.",kaktus.media,https://kaktus.media/doc/544354_nytriciolog_rasskazala_chto_vliiaet_na_zdorove_kishechnika.html,2026-04-14T16:49:11+06:00,kyrgyz,0,high,news_site
1596f072-fa4a-426a-a424-3673a95481fa,Куда обращаться с заболевшим ребенком в праздничные дни? Информация ФОМС,"В преддверии майских праздников Фонд обязательного медицинского страхования напоминает родителям о порядке работы отделений краткосрочного пребывания и доступности экстренной помощи по всей республике. Для оперативного оказания помощи детям, не нуждающимся в длительной госпитализации, в регионах страны развернуты отделения краткосрочного пребывания в 64 стационарах областей республики, где медицинские специалисты обеспечивают круглосуточный прием, диагностику и лечение, включая праздничные и выходные дни. Что важно знать родителям:Отделения краткосрочного пребывания работают для оказания медицинской помощи, стабилизации состояния ребенка и определения дальнейшей тактики лечения.Врачи отделений работают с широким перечнем заболеваний - от терапевтических до хирургических.Для госпитализации в данные отделения направление врача не требуется.Медицинские услуги, в том числе диагностические исследования, предоставляемые в данном стационаре, оказываются бесплатно. Также пациенты обеспечиваются медикаментами из Перечня жизненно важных лекарственных средств (ПЖВЛС).В случае перевода ребенка в стационар для дальнейшего (длительного) лечения - дети до 6 лет освобождены от внесения сооплаты (льготная категория); дети от 6 до 18 лет вносят сооплату среднего уровня в кассу больницы.После оказания медицинской помощи и получения необходимых рекомендаций дальнейшее лечение и наблюдение ребенка могут быть продолжены в домашних условиях под контролем педиатра или семейного врача.По теме:Как будут работать больницы и скорая помощь на длинных майских выходныхФОМС призывает родителей проявлять бдительность в праздничные дни. При появлении тревожных симптомов у ребенка не занимайтесь самолечением, своевременно обращайтесь в приемные отделения ближайших стационаров.По всем вопросам получения медицинской помощи граждане могут обращаться на горячую линию ФОМС по номеру 113 (звонок бесплатный). Отделения краткосрочного пребывания работают для оказания медицинской помощи, стабилизации состояния ребенка и определения дальнейшей тактики лечения.Врачи отделений работают с широким перечнем заболеваний - от терапевтических до хирургических.Для госпитализации в данные отделения направление врача не требуется.Медицинские услуги, в том числе диагностические исследования, предоставляемые в данном стационаре, оказываются бесплатно. Также пациенты обеспечиваются медикаментами из Перечня жизненно важных лекарственных средств (ПЖВЛС).В случае перевода ребенка в стационар для дальнейшего (длительного) лечения - дети до 6 лет освобождены от внесения сооплаты (льготная категория); дети от 6 до 18 лет вносят сооплату среднего уровня в кассу больницы.После оказания медицинской помощи и получения необходимых рекомендаций дальнейшее лечение и наблюдение ребенка могут быть продолжены в домашних условиях под контролем педиатра или семейного врача.По теме:Как будут работать больницы и скорая помощь на длинных майских выходныхФОМС призывает родителей проявлять бдительность в праздничные дни. При появлении тревожных симптомов у ребенка не занимайтесь самолечением, своевременно обращайтесь в приемные отделения ближайших стационаров.По всем вопросам получения медицинской помощи граждане могут обращаться на горячую линию ФОМС по номеру 113 (звонок бесплатный). ФОМС призывает родителей проявлять бдительность в праздничные дни. При появлении тревожных симптомов у ребенка не занимайтесь самолечением, своевременно обращайтесь в приемные отделения ближайших стационаров. По всем вопросам получения медицинской помощи граждане могут обращаться на горячую линию ФОМС по номеру 113 (звонок бесплатный).",kaktus.media,https://kaktus.media/doc/545257_kyda_obrashatsia_s_zabolevshim_rebenkom_v_prazdnichnye_dni_informaciia_foms.html,2026-04-28T13:27:52+06:00,kyrgyz,0,high,news_site
9a77b940-5409-4906-b304-182b525aa7cd,Воды все меньше? Что будет с энергетикой Кыргызстана и как нам сотрудничать с соседями,"В Астане проходят Региональный экологический форум (RES 2026) и Центрально-Азиатская конференция по вопросам изменения климата (ЦАКИК). Лидеры государств ЦА, представители международных финансовых институтов и эксперты обсуждают не только чисто экологические проблемы. Вопрос коснулся и водно-энергетического комплекса Центральной Азии. Выступая на одной из сессий RES 2026, заместитель председателя Евразийского банка развития Евгений Винокуров отметил, что спрос на электроэнергию в регионе вырастет на 40% к 2030 году. При этом значительная часть инфраструктуры выработала свой ресурс. В интервьюKaktus.mediaон рассказал, какие пути решения предлагает ЕАБР, в какие проекты стоит вкладывать средства и сколько сам Евразийский банк развития инвестировал в регион. - У ЕАБР есть несколько докладов, которые посвящены темам нехватки воды и энергетики в Центральной Азии. В том числе предлагаются и пути решения самых острых проблем региона. Что, на ваш взгляд, будет оптимальным для эффективного энергоперехода?- ЕАБР предлагает ""срединный путь"" энергоперехода, сочетающий развитие возобновляемых источников энергии, модернизацию тепловой генерации и использование газа как балансирующего источника, признание роли атомной энергетики, развитие сетевой инфраструктуры и справедливый переход для отраслей.По теме:Атомная станция, Камбар-Ата-1, железная дорога. В какие еще проекты готов вложиться ЕАБРРеализация крупных зеленых проектов требует координации усилий правительств, международных финансовых институтов и климатических фондов. В числе основных направлений - капиталоемкие проекты в чистой энергетике и устойчивое управление водными ресурсами. Совместная подготовка проектов позволяет обеспечить нужный размер и обеспечить масштабируемость на региональном уровне.- Кыргызстан предложил создать региональный офис для координации усилий мировых финансовых институтов по финансированию зеленых проектов. Насколько этот механизм будет рабочим? Что нужно сделать, чтобы он был эффективным?- Мы поддерживаем усилия, которые помогают преодолеть разрозненность данных и фрагментарность взаимодействия между заинтересованными сторонами. Сегодня проекты реализуются через разные каналы. Отсутствуют прозрачный обмен информацией и единые подходы, что в конечном итоге замедляет подготовку и реализацию проектов.При грамотно выстроенной архитектуре и четко определенных полномочиях региональное ""единое окно"" может быть полезно и инвесторам, и инициаторам проектов, и поставщикам технической помощи.Эффективность таких платформ зависит от наполнения - в частности, возможности сопровождать предпроектную подготовку и обеспечивать соответствие разным стандартам и требованиям. Это особенно важно в случае трансграничных инициатив и при работе с широким кругом потенциальных инвесторов.- На RES 2026 говорилось о том, что нужны крупные региональные проекты, которые бы объединяли несколько стран региона ЦА и оказывали больший эффект. Какие, на ваш взгляд, это могут быть проекты?- Больший эффект таких проектов напрямую связан с их региональным масштабом - возможностью одновременно решать взаимосвязанные экологические, экономические и социальные задачи в нескольких странах. К таким инициативам можно отнести развитие водно-энергетической инфраструктуры и совместное управление трансграничными водными ресурсами.По теме:Садыр Жапаров на саммите в Астане поднял вопрос распределения поливной воды в ЦА (фото)Помимо модернизации и строительства крупных объектов гидроэнергетики, речь может идти о повышении эффективности ирригационных систем, снижении потерь воды, цифровизации управления водным сектором.Еще один очевидный и важный пример - более глубокое сотрудничество энергосистем стран Центральной Азии - внутридневные и сезонные перетоки, трансграничные ЛЭПы, общий электроэнергетический рынок. Это позволит балансировать сезонные и ресурсные различия, повысить надежность энергоснабжения и создать условия для более гибкой интеграции возобновляемых источников энергии.- В своем выступлении на саммите вы упомянули строительство Суусамыр-Кокомеренского каскада ГЭС как один из примеров подобных проектов. Каково участие ЕАБР в нем на сегодня? Почему он важен для региона ЦА и другим финансовым институтам стоит его финансировать?- Суусамыр-Кокомеренский каскад ГЭС обладает стратегической значимостью как для Кыргызстана, так и для единой энергосистемы Центральной Азии. Проект позволит укрепить энергетическую независимость страны за счет более полного использования гидропотенциала, а также обеспечить дополнительную гибкую мощность, которая может быть использована для покрытия пиковых нагрузок и дефицитов в соседних странах. Кроме того, каскад будет играть важную роль в регулировании стока.Проект имеет комплексный эффект с точки зрения водной и энергетической безопасности, а также значительный климатический потенциал.На сегодня ЕАБР финансирует подготовку предварительного технико-экономического обоснования для определения параметров будущего инвестиционного проекта. Мы будем рады, если другие финансовые институты присоединятся к нам в его реализации.- Какова, на ваш взгляд, роль ЕАБР в сфере климатического финансирования в нашем регионе?- Во-первых, ЕАБР предоставляет прямое инвестиционное финансирование для проектов со значимым климатическим эффектом. Сегодня объем таких проектов составляет около$1,2 млрд, или 96% нашего зеленого инвестиционного портфеля. К ним относятся инициативы, направленные на сокращение или предотвращение выбросов парниковых газов - в частности, проекты в сфере возобновляемой энергетики и повышения энергоэффективности.Во-вторых, ЕАБР оказывает комплексное техническое содействие таким проектам, повышая инвестиционную готовность и снижая риски. Это может быть предпроектная подготовка, помощь в структурировании сделки или субсидирование процентной ставки - в случае, если мы видим значимый климатический эффект.По теме:Камбар-Атинская ГЭС-1: подготовка к строительству завершена, финансирование обсудили в СШАНаконец, важной является аналитическая и экспертная функция банка. Работа ЕАБР направлена на формирование глубокого понимания структурных вызовов региона через аналитические исследования, а также мы способствуем обмену знаниями и опытом, в том числе через академию ЕАБР. Это позволяет переводить климатическую повестку и климатическое финансирование в более прикладную и понятную для региона плоскость.- Всемирный банк запускает программу REMIT, чтобы создать единый рынок торговли электроэнергией среди стран Центральной Азии. Какие еще инициативы по региональной интеграции, на ваш взгляд, стоит рассмотреть для решения водных проблем и проблем нехватки энергоресурсов?- Программа REMIT - важный шаг к формированию регионального рынка электроэнергии в Центральной Азии.Региону нужен как рынок киловатт-часов, так и более глубокая интеграция по резервам, мощности, вспомогательным услугам, межсистемным соединениям и совместному планированию сетевой инфраструктуры.По теме:Главные ГЭС Кыргызстана: когда и как строили и сколько им уже летС учетом тесной связи воды и энергетики задача шире. В первую очередь необходимы устойчивый институциональный механизм координации сезонных интересов стран верховья и низовья и прагматичный формат взаимодействия с Афганистаном по бассейну Амударьи. Во-вторых, важно объединить ресурсы многосторонних банков развития для совместного финансирования гидротехнической инфраструктуры, цифрового водоучета, модернизации ирригации и водоснабжения, развития собственного производства ирригационного оборудования. Энергетическое сотрудничество - стратегический инструмент укрепления водной безопасности региона. - ЕАБР предлагает ""срединный путь"" энергоперехода, сочетающий развитие возобновляемых источников энергии, модернизацию тепловой генерации и использование газа как балансирующего источника, признание роли атомной энергетики, развитие сетевой инфраструктуры и справедливый переход для отраслей. Реализация крупных зеленых проектов требует координации усилий правительств, международных финансовых институтов и климатических фондов. В числе основных направлений - капиталоемкие проекты в чистой энергетике и устойчивое управление водными ресурсами. Совместная подготовка проектов позволяет обеспечить нужный размер и обеспечить масштабируемость на региональном уровне. - Кыргызстан предложил создать региональный офис для координации усилий мировых финансовых институтов по финансированию зеленых проектов. Насколько этот механизм будет рабочим? Что нужно сделать, чтобы он был эффективным?- Мы поддерживаем усилия, которые помогают преодолеть разрозненность данных и фрагментарность взаимодействия между заинтересованными сторонами. Сегодня проекты реализуются через разные каналы. Отсутствуют прозрачный обмен информацией и единые подходы, что в конечном итоге замедляет подготовку и реализацию проектов.При грамотно выстроенной архитектуре и четко определенных полномочиях региональное ""единое окно"" может быть полезно и инвесторам, и инициаторам проектов, и поставщикам технической помощи.Эффективность таких платформ зависит от наполнения - в частности, возможности сопровождать предпроектную подготовку и обеспечивать соответствие разным стандартам и требованиям. Это особенно важно в случае трансграничных инициатив и при работе с широким кругом потенциальных инвесторов.- На RES 2026 говорилось о том, что нужны крупные региональные проекты, которые бы объединяли несколько стран региона ЦА и оказывали больший эффект. Какие, на ваш взгляд, это могут быть проекты?- Больший эффект таких проектов напрямую связан с их региональным масштабом - возможностью одновременно решать взаимосвязанные экологические, экономические и социальные задачи в нескольких странах. К таким инициативам можно отнести развитие водно-энергетической инфраструктуры и совместное управление трансграничными водными ресурсами.По теме:Садыр Жапаров на саммите в Астане поднял вопрос распределения поливной воды в ЦА (фото)Помимо модернизации и строительства крупных объектов гидроэнергетики, речь может идти о повышении эффективности ирригационных систем, снижении потерь воды, цифровизации управления водным сектором.Еще один очевидный и важный пример - более глубокое сотрудничество энергосистем стран Центральной Азии - внутридневные и сезонные перетоки, трансграничные ЛЭПы, общий электроэнергетический рынок. Это позволит балансировать сезонные и ресурсные различия, повысить надежность энергоснабжения и создать условия для более гибкой интеграции возобновляемых источников энергии.- В своем выступлении на саммите вы упомянули строительство Суусамыр-Кокомеренского каскада ГЭС как один из примеров подобных проектов. Каково участие ЕАБР в нем на сегодня? Почему он важен для региона ЦА и другим финансовым институтам стоит его финансировать?- Суусамыр-Кокомеренский каскад ГЭС обладает стратегической значимостью как для Кыргызстана, так и для единой энергосистемы Центральной Азии. Проект позволит укрепить энергетическую независимость страны за счет более полного использования гидропотенциала, а также обеспечить дополнительную гибкую мощность, которая может быть использована для покрытия пиковых нагрузок и дефицитов в соседних странах. Кроме того, каскад будет играть важную роль в регулировании стока.Проект имеет комплексный эффект с точки зрения водной и энергетической безопасности, а также значительный климатический потенциал.На сегодня ЕАБР финансирует подготовку предварительного технико-экономического обоснования для определения параметров будущего инвестиционного проекта. Мы будем рады, если другие финансовые институты присоединятся к нам в его реализации.- Какова, на ваш взгляд, роль ЕАБР в сфере климатического финансирования в нашем регионе?- Во-первых, ЕАБР предоставляет прямое инвестиционное финансирование для проектов со значимым климатическим эффектом. Сегодня объем таких проектов составляет около$1,2 млрд, или 96% нашего зеленого инвестиционного портфеля. К ним относятся инициативы, направленные на сокращение или предотвращение выбросов парниковых газов - в частности, проекты в сфере возобновляемой энергетики и повышения энергоэффективности.Во-вторых, ЕАБР оказывает комплексное техническое содействие таким проектам, повышая инвестиционную готовность и снижая риски. Это может быть предпроектная подготовка, помощь в структурировании сделки или субсидирование процентной ставки - в случае, если мы видим значимый климатический эффект.По теме:Камбар-Атинская ГЭС-1: подготовка к строительству завершена, финансирование обсудили в СШАНаконец, важной является аналитическая и экспертная функция банка. Работа ЕАБР направлена на формирование глубокого понимания структурных вызовов региона через аналитические исследования, а также мы способствуем обмену знаниями и опытом, в том числе через академию ЕАБР. Это позволяет переводить климатическую повестку и климатическое финансирование в более прикладную и понятную для региона плоскость.- Всемирный банк запускает программу REMIT, чтобы создать единый рынок торговли электроэнергией среди стран Центральной Азии. Какие еще инициативы по региональной интеграции, на ваш взгляд, стоит рассмотреть для решения водных проблем и проблем нехватки энергоресурсов?- Программа REMIT - важный шаг к формированию регионального рынка электроэнергии в Центральной Азии.Региону нужен как рынок киловатт-часов, так и более глубокая интеграция по резервам, мощности, вспомогательным услугам, межсистемным соединениям и совместному планированию сетевой инфраструктуры.По теме:Главные ГЭС Кыргызстана: когда и как строили и сколько им уже летС учетом тесной связи воды и энергетики задача шире. В первую очередь необходимы устойчивый институциональный механизм координации сезонных интересов стран верховья и низовья и прагматичный формат взаимодействия с Афганистаном по бассейну Амударьи. Во-вторых, важно объединить ресурсы многосторонних банков развития для совместного финансирования гидротехнической инфраструктуры, цифрового водоучета, модернизации ирригации и водоснабжения, развития собственного производства ирригационного оборудования. Энергетическое сотрудничество - стратегический инструмент укрепления водной безопасности региона. - Мы поддерживаем усилия, которые помогают преодолеть разрозненность данных и фрагментарность взаимодействия между заинтересованными сторонами. Сегодня проекты реализуются через разные каналы. Отсутствуют прозрачный обмен информацией и единые подходы, что в конечном итоге замедляет подготовку и реализацию проектов. При грамотно выстроенной архитектуре и четко определенных полномочиях региональное ""единое окно"" может быть полезно и инвесторам, и инициаторам проектов, и поставщикам технической помощи. Эффективность таких платформ зависит от наполнения - в частности, возможности сопровождать предпроектную подготовку и обеспечивать соответствие разным стандартам и требованиям. Это особенно важно в случае трансграничных инициатив и при работе с широким кругом потенциальных инвесторов. - На RES 2026 говорилось о том, что нужны крупные региональные проекты, которые бы объединяли несколько стран региона ЦА и оказывали больший эффект. Какие, на ваш взгляд, это могут быть проекты?- Больший эффект таких проектов напрямую связан с их региональным масштабом - возможностью одновременно решать взаимосвязанные экологические, экономические и социальные задачи в нескольких странах. К таким инициативам можно отнести развитие водно-энергетической инфраструктуры и совместное управление трансграничными водными ресурсами.По теме:Садыр Жапаров на саммите в Астане поднял вопрос распределения поливной воды в ЦА (фото)Помимо модернизации и строительства крупных объектов гидроэнергетики, речь может идти о повышении эффективности ирригационных систем, снижении потерь воды, цифровизации управления водным сектором.Еще один очевидный и важный пример - более глубокое сотрудничество энергосистем стран Центральной Азии - внутридневные и сезонные перетоки, трансграничные ЛЭПы, общий электроэнергетический рынок. Это позволит балансировать сезонные и ресурсные различия, повысить надежность энергоснабжения и создать условия для более гибкой интеграции возобновляемых источников энергии.- В своем выступлении на саммите вы упомянули строительство Суусамыр-Кокомеренского каскада ГЭС как один из примеров подобных проектов. Каково участие ЕАБР в нем на сегодня? Почему он важен для региона ЦА и другим финансовым институтам стоит его финансировать?- Суусамыр-Кокомеренский каскад ГЭС обладает стратегической значимостью как для Кыргызстана, так и для единой энергосистемы Центральной Азии. Проект позволит укрепить энергетическую независимость страны за счет более полного использования гидропотенциала, а также обеспечить дополнительную гибкую мощность, которая может быть использована для покрытия пиковых нагрузок и дефицитов в соседних странах. Кроме того, каскад будет играть важную роль в регулировании стока.Проект имеет комплексный эффект с точки зрения водной и энергетической безопасности, а также значительный климатический потенциал.На сегодня ЕАБР финансирует подготовку предварительного технико-экономического обоснования для определения параметров будущего инвестиционного проекта. Мы будем рады, если другие финансовые институты присоединятся к нам в его реализации.- Какова, на ваш взгляд, роль ЕАБР в сфере климатического финансирования в нашем регионе?- Во-первых, ЕАБР предоставляет прямое инвестиционное финансирование для проектов со значимым климатическим эффектом. Сегодня объем таких проектов составляет около$1,2 млрд, или 96% нашего зеленого инвестиционного портфеля. К ним относятся инициативы, направленные на сокращение или предотвращение выбросов парниковых газов - в частности, проекты в сфере возобновляемой энергетики и повышения энергоэффективности.Во-вторых, ЕАБР оказывает комплексное техническое содействие таким проектам, повышая инвестиционную готовность и снижая риски. Это может быть предпроектная подготовка, помощь в структурировании сделки или субсидирование процентной ставки - в случае, если мы видим значимый климатический эффект.По теме:Камбар-Атинская ГЭС-1: подготовка к строительству завершена, финансирование обсудили в СШАНаконец, важной является аналитическая и экспертная функция банка. Работа ЕАБР направлена на формирование глубокого понимания структурных вызовов региона через аналитические исследования, а также мы способствуем обмену знаниями и опытом, в том числе через академию ЕАБР. Это позволяет переводить климатическую повестку и климатическое финансирование в более прикладную и понятную для региона плоскость.- Всемирный банк запускает программу REMIT, чтобы создать единый рынок торговли электроэнергией среди стран Центральной Азии. Какие еще инициативы по региональной интеграции, на ваш взгляд, стоит рассмотреть для решения водных проблем и проблем нехватки энергоресурсов?- Программа REMIT - важный шаг к формированию регионального рынка электроэнергии в Центральной Азии.Региону нужен как рынок киловатт-часов, так и более глубокая интеграция по резервам, мощности, вспомогательным услугам, межсистемным соединениям и совместному планированию сетевой инфраструктуры.По теме:Главные ГЭС Кыргызстана: когда и как строили и сколько им уже летС учетом тесной связи воды и энергетики задача шире. В первую очередь необходимы устойчивый институциональный механизм координации сезонных интересов стран верховья и низовья и прагматичный формат взаимодействия с Афганистаном по бассейну Амударьи. Во-вторых, важно объединить ресурсы многосторонних банков развития для совместного финансирования гидротехнической инфраструктуры, цифрового водоучета, модернизации ирригации и водоснабжения, развития собственного производства ирригационного оборудования. Энергетическое сотрудничество - стратегический инструмент укрепления водной безопасности региона. - Больший эффект таких проектов напрямую связан с их региональным масштабом - возможностью одновременно решать взаимосвязанные экологические, экономические и социальные задачи в нескольких странах. К таким инициативам можно отнести развитие водно-энергетической инфраструктуры и совместное управление трансграничными водными ресурсами. Помимо модернизации и строительства крупных объектов гидроэнергетики, речь может идти о повышении эффективности ирригационных систем, снижении потерь воды, цифровизации управления водным сектором. Еще один очевидный и важный пример - более глубокое сотрудничество энергосистем стран Центральной Азии - внутридневные и сезонные перетоки, трансграничные ЛЭПы, общий электроэнергетический рынок. Это позволит балансировать сезонные и ресурсные различия, повысить надежность энергоснабжения и создать условия для более гибкой интеграции возобновляемых источников энергии. - В своем выступлении на саммите вы упомянули строительство Суусамыр-Кокомеренского каскада ГЭС как один из примеров подобных проектов. Каково участие ЕАБР в нем на сегодня? Почему он важен для региона ЦА и другим финансовым институтам стоит его финансировать?- Суусамыр-Кокомеренский каскад ГЭС обладает стратегической значимостью как для Кыргызстана, так и для единой энергосистемы Центральной Азии. Проект позволит укрепить энергетическую независимость страны за счет более полного использования гидропотенциала, а также обеспечить дополнительную гибкую мощность, которая может быть использована для покрытия пиковых нагрузок и дефицитов в соседних странах. Кроме того, каскад будет играть важную роль в регулировании стока.Проект имеет комплексный эффект с точки зрения водной и энергетической безопасности, а также значительный климатический потенциал.На сегодня ЕАБР финансирует подготовку предварительного технико-экономического обоснования для определения параметров будущего инвестиционного проекта. Мы будем рады, если другие финансовые институты присоединятся к нам в его реализации.- Какова, на ваш взгляд, роль ЕАБР в сфере климатического финансирования в нашем регионе?- Во-первых, ЕАБР предоставляет прямое инвестиционное финансирование для проектов со значимым климатическим эффектом. Сегодня объем таких проектов составляет около$1,2 млрд, или 96% нашего зеленого инвестиционного портфеля. К ним относятся инициативы, направленные на сокращение или предотвращение выбросов парниковых газов - в частности, проекты в сфере возобновляемой энергетики и повышения энергоэффективности.Во-вторых, ЕАБР оказывает комплексное техническое содействие таким проектам, повышая инвестиционную готовность и снижая риски. Это может быть предпроектная подготовка, помощь в структурировании сделки или субсидирование процентной ставки - в случае, если мы видим значимый климатический эффект.По теме:Камбар-Атинская ГЭС-1: подготовка к строительству завершена, финансирование обсудили в СШАНаконец, важной является аналитическая и экспертная функция банка. Работа ЕАБР направлена на формирование глубокого понимания структурных вызовов региона через аналитические исследования, а также мы способствуем обмену знаниями и опытом, в том числе через академию ЕАБР. Это позволяет переводить климатическую повестку и климатическое финансирование в более прикладную и понятную для региона плоскость.- Всемирный банк запускает программу REMIT, чтобы создать единый рынок торговли электроэнергией среди стран Центральной Азии. Какие еще инициативы по региональной интеграции, на ваш взгляд, стоит рассмотреть для решения водных проблем и проблем нехватки энергоресурсов?- Программа REMIT - важный шаг к формированию регионального рынка электроэнергии в Центральной Азии.Региону нужен как рынок киловатт-часов, так и более глубокая интеграция по резервам, мощности, вспомогательным услугам, межсистемным соединениям и совместному планированию сетевой инфраструктуры.По теме:Главные ГЭС Кыргызстана: когда и как строили и сколько им уже летС учетом тесной связи воды и энергетики задача шире. В первую очередь необходимы устойчивый институциональный механизм координации сезонных интересов стран верховья и низовья и прагматичный формат взаимодействия с Афганистаном по бассейну Амударьи. Во-вторых, важно объединить ресурсы многосторонних банков развития для совместного финансирования гидротехнической инфраструктуры, цифрового водоучета, модернизации ирригации и водоснабжения, развития собственного производства ирригационного оборудования. Энергетическое сотрудничество - стратегический инструмент укрепления водной безопасности региона. - Суусамыр-Кокомеренский каскад ГЭС обладает стратегической значимостью как для Кыргызстана, так и для единой энергосистемы Центральной Азии. Проект позволит укрепить энергетическую независимость страны за счет более полного использования гидропотенциала, а также обеспечить дополнительную гибкую мощность, которая может быть использована для покрытия пиковых нагрузок и дефицитов в соседних странах. Кроме того, каскад будет играть важную роль в регулировании стока. Проект имеет комплексный эффект с точки зрения водной и энергетической безопасности, а также значительный климатический потенциал. На сегодня ЕАБР финансирует подготовку предварительного технико-экономического обоснования для определения параметров будущего инвестиционного проекта. Мы будем рады, если другие финансовые институты присоединятся к нам в его реализации. - Какова, на ваш взгляд, роль ЕАБР в сфере климатического финансирования в нашем регионе?- Во-первых, ЕАБР предоставляет прямое инвестиционное финансирование для проектов со значимым климатическим эффектом. Сегодня объем таких проектов составляет около$1,2 млрд, или 96% нашего зеленого инвестиционного портфеля. К ним относятся инициативы, направленные на сокращение или предотвращение выбросов парниковых газов - в частности, проекты в сфере возобновляемой энергетики и повышения энергоэффективности.Во-вторых, ЕАБР оказывает комплексное техническое содействие таким проектам, повышая инвестиционную готовность и снижая риски. Это может быть предпроектная подготовка, помощь в структурировании сделки или субсидирование процентной ставки - в случае, если мы видим значимый климатический эффект.По теме:Камбар-Атинская ГЭС-1: подготовка к строительству завершена, финансирование обсудили в СШАНаконец, важной является аналитическая и экспертная функция банка. Работа ЕАБР направлена на формирование глубокого понимания структурных вызовов региона через аналитические исследования, а также мы способствуем обмену знаниями и опытом, в том числе через академию ЕАБР. Это позволяет переводить климатическую повестку и климатическое финансирование в более прикладную и понятную для региона плоскость.- Всемирный банк запускает программу REMIT, чтобы создать единый рынок торговли электроэнергией среди стран Центральной Азии. Какие еще инициативы по региональной интеграции, на ваш взгляд, стоит рассмотреть для решения водных проблем и проблем нехватки энергоресурсов?- Программа REMIT - важный шаг к формированию регионального рынка электроэнергии в Центральной Азии.Региону нужен как рынок киловатт-часов, так и более глубокая интеграция по резервам, мощности, вспомогательным услугам, межсистемным соединениям и совместному планированию сетевой инфраструктуры.По теме:Главные ГЭС Кыргызстана: когда и как строили и сколько им уже летС учетом тесной связи воды и энергетики задача шире. В первую очередь необходимы устойчивый институциональный механизм координации сезонных интересов стран верховья и низовья и прагматичный формат взаимодействия с Афганистаном по бассейну Амударьи. Во-вторых, важно объединить ресурсы многосторонних банков развития для совместного финансирования гидротехнической инфраструктуры, цифрового водоучета, модернизации ирригации и водоснабжения, развития собственного производства ирригационного оборудования. Энергетическое сотрудничество - стратегический инструмент укрепления водной безопасности региона. - Во-первых, ЕАБР предоставляет прямое инвестиционное финансирование для проектов со значимым климатическим эффектом. Сегодня объем таких проектов составляет около$1,2 млрд, или 96% нашего зеленого инвестиционного портфеля. К ним относятся инициативы, направленные на сокращение или предотвращение выбросов парниковых газов - в частности, проекты в сфере возобновляемой энергетики и повышения энергоэффективности. Во-вторых, ЕАБР оказывает комплексное техническое содействие таким проектам, повышая инвестиционную готовность и снижая риски. Это может быть предпроектная подготовка, помощь в структурировании сделки или субсидирование процентной ставки - в случае, если мы видим значимый климатический эффект. Наконец, важной является аналитическая и экспертная функция банка. Работа ЕАБР направлена на формирование глубокого понимания структурных вызовов региона через аналитические исследования, а также мы способствуем обмену знаниями и опытом, в том числе через академию ЕАБР. Это позволяет переводить климатическую повестку и климатическое финансирование в более прикладную и понятную для региона плоскость. - Всемирный банк запускает программу REMIT, чтобы создать единый рынок торговли электроэнергией среди стран Центральной Азии. Какие еще инициативы по региональной интеграции, на ваш взгляд, стоит рассмотреть для решения водных проблем и проблем нехватки энергоресурсов?- Программа REMIT - важный шаг к формированию регионального рынка электроэнергии в Центральной Азии.Региону нужен как рынок киловатт-часов, так и более глубокая интеграция по резервам, мощности, вспомогательным услугам, межсистемным соединениям и совместному планированию сетевой инфраструктуры.По теме:Главные ГЭС Кыргызстана: когда и как строили и сколько им уже летС учетом тесной связи воды и энергетики задача шире. В первую очередь необходимы устойчивый институциональный механизм координации сезонных интересов стран верховья и низовья и прагматичный формат взаимодействия с Афганистаном по бассейну Амударьи. Во-вторых, важно объединить ресурсы многосторонних банков развития для совместного финансирования гидротехнической инфраструктуры, цифрового водоучета, модернизации ирригации и водоснабжения, развития собственного производства ирригационного оборудования. Энергетическое сотрудничество - стратегический инструмент укрепления водной безопасности региона. - Программа REMIT - важный шаг к формированию регионального рынка электроэнергии в Центральной Азии. Региону нужен как рынок киловатт-часов, так и более глубокая интеграция по резервам, мощности, вспомогательным услугам, межсистемным соединениям и совместному планированию сетевой инфраструктуры. С учетом тесной связи воды и энергетики задача шире. В первую очередь необходимы устойчивый институциональный механизм координации сезонных интересов стран верховья и низовья и прагматичный формат взаимодействия с Афганистаном по бассейну Амударьи. Во-вторых, важно объединить ресурсы многосторонних банков развития для совместного финансирования гидротехнической инфраструктуры, цифрового водоучета, модернизации ирригации и водоснабжения, развития собственного производства ирригационного оборудования. Энергетическое сотрудничество - стратегический инструмент укрепления водной безопасности региона.",kaktus.media,https://kaktus.media/doc/545015_vody_vse_menshe_chto_bydet_s_energetikoy_kyrgyzstana_i_kak_nam_sotrydnichat_s_sosediami.html,2026-04-28T15:21:43+06:00,kyrgyz,0,high,news_site
330c5335-0ca3-4510-bd65-309cd3d566d5,Северная объездная. Как строят новую транспортную развязку и к чему это привело (видео),"Строительство и реконструкция дорог в Бишкеке и его окрестностях в самом разгаре. Работы сейчас идут практически на всех основных трассах. В том числе и на Северной объездной автодороге. В этом году началась реконструкция участка трассы Алматы - Бишкек - Ташкент. Это участок объездной от ул. Махатмы Ганди до дороги на аэропорт ""Манас"". Kaktus. mediaпроехал по этому маршруту и посмотрел, где и как идут работы. Спойлер: если вы в раздумьях, ехать или нет по этой дороге, то наш вам совет - без лишней надобности лучше не ехать. То, что здесь начался ремонт, становится понятно еще на подъездах. Видны столбы пыли, и движение автомобилей какое-то странное. Оказывается, именно на пересечении ул. Махатмы Ганди и Северной объездной готовятся сделать транспортную развязку. Уже даже заметны контуры будущей дороги. Она будет шестиполосной на всем промежутке, поэтому уже сейчас, чтобы попасть на объездную трассу, нужно дать приличный круг. Ну а что? Пора привыкать, теперь здесь будем ездить только так. Надо отдать должное: пыль хоть и есть по трассе, но не такая сильная. К 9 утра дорогу уже полили на всей протяженности. Да и техники, и рабочих для работ на этом участке мобилизовали достаточно много. Если, например, при начале работ на трассе Бишкек - Кунтуу - Шопоков рабочие и спецтехника были только на отдельных участках, то здесь они ведут реконструкцию по всей протяженности. По данным Министерства транспорта и коммуникаций, на сегодня уже завершен монтаж пролетных плит на мосту через реку Нооруз. На мосту через канал успешно завершены работы по установке опорных конструкций. Также ведется подготовка к выравниванию дорожного основания. Ведутся работы по расширению отдельных участков трассы, вырубке придорожных насаждений, очистке территории и вывозу непригодных материалов. Кроме того, на дороге бурят сваи и заливают бетон для опор моста, там, где это необходимо, устанавливаются водопропускные трубы. ""Для обеспечения темпов строительства на объекте задействовано в общей сложности 250 единиц специальной техники, а также трудятся около 600 рабочих. Проект направлен на увеличение пропускной способности дорог вокруг столицы и снижение транспортных заторов. Реконструкция осуществляется в строгом соответствии с утвержденным графиком"", - отметили в Минтрансе. Без пробок не обойтись. Если на участках, где просто расширяют дорогу, проезжать можно относительно спокойно, то на перекрестках и объездах образуются пробки. Даже утром машины идут плотным потоком. Днем ситуация становится еще сложнее: только для проезда участка на пересечении ул. Махатмы Ганди и объездной в пробке можно застрять часа на два. Поэтому лучше пока избегать проезда по этому участку трассы и ехать в Кара-Балту по прямой, так будет быстрее. Напомним, общая протяженность Северной объездной дороги Бишкека составляет 33,4 км. Работы на ней начались еще в прошлом году. Планируется, что вся дорога будет шестиполосной, ширина каждой полосы составит 3,5 м. Всего в рамках реконструкции построят четыре крупных моста на следующих участках: ГЭС-5 (уже построен);ул. Алма-Атинская (уже построен);пр. Молодой Гвардии;пост ГАИ (Новопокровка).В Минтрансе отмечают, что реализация проекта позволит значительно улучшить транспортную логистику региона и повысить уровень безопасности дорожного движения. Первый отрезок Северной объездной дороги планируют завершить к концу августа 2026 года. В Минтрансе отмечают, что реализация проекта позволит значительно улучшить транспортную логистику региона и повысить уровень безопасности дорожного движения. Первый отрезок Северной объездной дороги планируют завершить к концу августа 2026 года.",kaktus.media,https://kaktus.media/doc/545172_severnaia_obezdnaia._kak_stroiat_novyu_transportnyu_razviazky_i_k_chemy_eto_privelo_video.html,2026-04-27T18:49:26+06:00,kyrgyz,0,high,news_site
7e4f21b5-941e-4c34-8285-6eaa61e9ab93,"Амангельдиев: ""Керемет Банк"" может выйти из-под санкций США и Великобритании","Первый заместитель председателя кабинета министров Данияр Амангельдиев заявил, что ""Керемет Банк"" может быть исключен из санкционных списков США и Великобритании. Об этом он сообщил в эфире радио""Азаттык"". По его словам, Кыргызстан продолжает вести диалог по санкционным вопросам и разработал специальную дорожную карту. ""Мы несколько раз ездили в США, Великобританию и Брюссель. Диалог идет, есть продвижение. Например, они сами говорят, что, возможно, включили ""Керемет Банк"" в санкционный список без достаточных доказательств"", - сказал Амангельдиев. Он отметил, что, по позиции кыргызской стороны, нет подтверждений причастности банка к обходу санкций. ""Мы все это доказываем, и в ближайшее время ""Керемет Банк"" может выйти из-под санкций. Эту работу нужно продолжать. Жалобы и претензии пользы не дадут. Нужен диалог"", - добавил первый замглавы кабмина. Амангельдиев также прокомментировал упоминание Кыргызстана в 20-м пакете санкций Евросоюза против России. По его словам, вводимые ограничения являются необоснованными. Ранее Европейский союз в рамках 20-го пакета санкций против России включил в ограничения ряд структур, связанных с Кыргызстаном. В документах ЕС фигурировали ЗАО ""Тенгри Коин"", управляющее платформой Meer, а также ""Керемет Банк"" и ""Капитал Банк"". Ограничения в отношении банков должны вступить в силу 14 мая 2026 года. В ЕС объясняли свои решения рисками обхода санкций и возможного реэкспорта товаров в Россию. Также члены британского парламента призвали главу МИД Великобритании Иветт Купер ввести персональные санкции в отношении действующих и бывших чиновников Кыргызстана. В письме они ссылались на доклад Общества Генри Джексона, где говорилось о возможных схемах обхода санкций через криптовалютные рынки. Особую обеспокоенность у британских парламентариев вызвал российский стейблкоин A7A5, привязанный к рублю. По их утверждению, он торгуется в Кыргызстане, а через него уже могли пройти $100 млрд. Авторы обращения также заявляли, что Кыргызстан якобы играет значительную роль в обходе санкций, в том числе через рост импорта из ЕС и торговли с Россией.",kaktus.media,https://kaktus.media/doc/545542_amangeldiev:_keremet_bank_mojet_vyyti_iz_pod_sankciy_ssha_i_velikobritanii.html,2026-05-03T20:14:55+06:00,kyrgyz,0,high,news_site
df3b2582-3a2e-4a9a-bcbf-411d5e76ef38,"Зеленский: В Кремле опасаются, что украинские дроны пролетят над Красной площадью 9 мая","Президент Украины Владимир Зеленский заявил, что если Россия проведет 9 мая парад в Москве без военной техники, это будет означать, что российские власти опасаются возможных атак беспилотников. Об этом онсказал, выступая на саммите Европейского политического сообщества в Ереване. По его словам, если парад действительно пройдет без техники, это станет первым таким случаем за много лет. ""Россия объявила о проведении 9 мая в Москве парада без военной техники. Если это произойдет, то это будет впервые за много-много лет, когда они не смогут позволить себе военную технику и боятся, что над Красной площадью могут пролететь дроны. Это о многом говорит. Это свидетельствует о том, что сейчас они не сильны"", – сказал Зеленский. В связи с этим, отметил он, необходимо продолжать давление на Россию с помощью санкций и сохранять поддержку Украины. Зеленский также заявил о необходимости новых пакетов в рамках программы PURL в мае. По его словам, это поможет Украине защищаться от баллистических угроз. ""И я считаю, что Европа должна быть способна самостоятельно производить все необходимое для защиты от любых угроз – от всех баллистических атак и любого другого оружия"", – отметил он. Кроме того, президент Украины призвал европейских лидеров развивать сотрудничество в рамках drone deal. По его словам, Европе нужна надежная защита от дронов и возможных атак в воздухе, на море и на суше. Зеленский также заявил о необходимости найти эффективный дипломатический формат урегулирования. По его мнению, Европа должна участвовать в любых переговорах. ""Мы поддерживаем контакт с Соединенными Штатами и понимаем их взгляды и позиции, но было бы хорошо выработать единую европейскую позицию для переговоров с россиянами"", – сказал он.",kaktus.media,https://kaktus.media/doc/545569_zelenskiy:_v_kremle_opasautsia_chto_ykrainskie_drony_proletiat_nad_krasnoy_ploshadu_9_maia.html,2026-05-04T16:20:19+06:00,kyrgyz,0,high,news_site
d333832f-48c4-4cee-8a23-328f7cc9fb9c,В Бишкеке задержали подозреваемую в мошенничестве на $40 тыс.,"В Бишкеке задержали женщину, подозреваемую в мошенничестве на $40 тыс. Об этом сообщили в УВД Октябрьского района. По данным милиции, с заявлением обратилась М. Ч. Она попросила принять меры в отношении Т. Б. Заявительница сообщила, что 10 июля 2025 года Т. Б., войдя в доверие под предлогом открытия ресторанного бизнеса, получила у нее $40 тыс. Женщина якобы обещала ежемесячную прибыль в размере 300 тыс. сомов. После получения денег, по словам заявительницы, Т. Б. перестала выходить на связь и не выполнила взятые на себя обязательства. По данному факту следственная служба УВД Октябрьского района возбудила уголовное дело по статье 209 УК КР ""Мошенничество"". В ходе мероприятий сотрудники милиции задержали Т. Б., 1983 года рождения. Ее доставили в следственную службу и водворили в ИВС ГУВД Бишкека в порядке статьи 96 УПК КР. По данным милиции, сейчас установлена возможная причастность задержанной к нескольким аналогичным фактам на территории Бишкека.",kaktus.media,https://kaktus.media/doc/545573_v_bishkeke_zaderjali_podozrevaemyu_v_moshennichestve_na_40_tys..html,2026-05-04T18:20:36+06:00,kyrgyz,0,high,news_site
bdb19871-9fd4-40ad-9394-49c9b5ffead6,"Готова ли школа к ребенку? Принципы обучения и мягкой адаптации в школе ""ЭДИСОН""","В школе""ЭДИСОН""не проверяют, ""готов ли ребенок к школе"" в 5,5–6 лет. Смотрят на другое: сможет ли школа правильно его встретить. Потому что вначале важнее не программа, а то, сломается ребенок под нагрузкой или начнет в нее входить.Почему стандартная модель не работает и в чем отличие школы ""ЭДИСОН""В большинстве школ система отлажена годами и строится просто: есть программа, есть темп и всему этому ребенок должен соответствовать. Для ребенка 5,5–6 лет это быстро превращается в цепочку:не понял → не переспросил → промолчал → начал отставать → потерял интерес.Он сидит на уроке, не поднимает руку, избегает сложных заданий и начинает думать: ""Я не справляюсь"". Не потому, что не способен. А потому, что ему не дали безопасно включиться в процесс.В школе ""ЭДИСОН"" мы строим обучение иначе: не ребенок подстраивается под систему - система подстраивается под ребенка. Именно поэтому в основе - гуманная педагогика и простой, понятный принцип: если ребенку небезопасно - он не учится.Как это выглядит на практикеРебенок не понял задание. В обычной системе - он ""выпал"". В школе ""ЭДИСОН"" учитель замечает это сразу: по паузе, по взгляду, по тому, как ребенок перестает включаться. Останавливается, переформулирует, подключает его в диалог.Это возможно потому, что классы в школе ""ЭДИСОН"" - до 15 человек. Учитель видит каждого. Не ""в среднем"", а по-настоящему. Ребенок ошибся у доски. В обычной системе - это стресс. В школе ""ЭДИСОН"" - часть процесса: ошибку спокойно разбирают, и ребенок пробует еще раз - без страха. Так формируется главное - он не избегает сложного.Как устроено обучение в школе ""ЭДИСОН""Социально-эмоциональная адаптация в начальной школе.Ребенок постепенно входит в нагрузку, без перегрузки и давления.Маленькие классы до 15 человек.Учитель работает с каждым, а не с ""группой в целом"".Учителя-наставники.В школе ""ЭДИСОН"" следят не только за результатом, но и за состоянием учеников на каждом этапе.Обучение через понимание.Ребенок не заучивает, а разбирается и начинает думать.Среда без страха.Можно сказать ""Я не понял"", задать вопрос, попробовать еще раз.В результате ребенок не ""держится"" в школе. Он с интересом вовлекается в процесс.1из3Что действительно важно при выборе школыПрограмму можно догнать. Навыки - развить. Сложнее вернуть ребенку уверенность, если она теряется в первые месяцы в школе. Поэтому главный вопрос сегодня звучит так: не ""готов ли ребенок к школе"", а готова ли школа к ребенку.Если вы сомневаетесь, готов ли ваш ребенок, не пытайтесь решить это теоретически. В живой среде все становится гораздо понятнее.В школе ""ЭДИСОН"" проходят пробные дни, где ребенок участвует в уроках, общается с учителем и одноклассниками, проживает формат без давления. А вы видите главное: спокойно ли ему, интересно ли, хочет ли он остаться.Иногда одного дня достаточно, чтобы понять и принять решение.Запишитесь на пробный день в школу ""ЭДИСОН"" - сейчас идет набор, и количество мест в классах ограничено.КонтактыТелефоны:0507 168 168, 0227 168 168.Адрес:Бишкек, 6-й микрорайон, ул. Сухэ-Батора, 7а/1.Instagram:@edisonschoolkg.WhatsApp:0507 168 168. В большинстве школ система отлажена годами и строится просто: есть программа, есть темп и всему этому ребенок должен соответствовать. Для ребенка 5,5–6 лет это быстро превращается в цепочку:не понял → не переспросил → промолчал → начал отставать → потерял интерес.Он сидит на уроке, не поднимает руку, избегает сложных заданий и начинает думать: ""Я не справляюсь"". Не потому, что не способен. А потому, что ему не дали безопасно включиться в процесс.В школе ""ЭДИСОН"" мы строим обучение иначе: не ребенок подстраивается под систему - система подстраивается под ребенка. Именно поэтому в основе - гуманная педагогика и простой, понятный принцип: если ребенку небезопасно - он не учится.Как это выглядит на практикеРебенок не понял задание. В обычной системе - он ""выпал"". В школе ""ЭДИСОН"" учитель замечает это сразу: по паузе, по взгляду, по тому, как ребенок перестает включаться. Останавливается, переформулирует, подключает его в диалог.Это возможно потому, что классы в школе ""ЭДИСОН"" - до 15 человек. Учитель видит каждого. Не ""в среднем"", а по-настоящему. Ребенок ошибся у доски. В обычной системе - это стресс. В школе ""ЭДИСОН"" - часть процесса: ошибку спокойно разбирают, и ребенок пробует еще раз - без страха. Так формируется главное - он не избегает сложного.Как устроено обучение в школе ""ЭДИСОН""Социально-эмоциональная адаптация в начальной школе.Ребенок постепенно входит в нагрузку, без перегрузки и давления.Маленькие классы до 15 человек.Учитель работает с каждым, а не с ""группой в целом"".Учителя-наставники.В школе ""ЭДИСОН"" следят не только за результатом, но и за состоянием учеников на каждом этапе.Обучение через понимание.Ребенок не заучивает, а разбирается и начинает думать.Среда без страха.Можно сказать ""Я не понял"", задать вопрос, попробовать еще раз.В результате ребенок не ""держится"" в школе. Он с интересом вовлекается в процесс.1из3Что действительно важно при выборе школыПрограмму можно догнать. Навыки - развить. Сложнее вернуть ребенку уверенность, если она теряется в первые месяцы в школе. Поэтому главный вопрос сегодня звучит так: не ""готов ли ребенок к школе"", а готова ли школа к ребенку.Если вы сомневаетесь, готов ли ваш ребенок, не пытайтесь решить это теоретически. В живой среде все становится гораздо понятнее.В школе ""ЭДИСОН"" проходят пробные дни, где ребенок участвует в уроках, общается с учителем и одноклассниками, проживает формат без давления. А вы видите главное: спокойно ли ему, интересно ли, хочет ли он остаться.Иногда одного дня достаточно, чтобы понять и принять решение.Запишитесь на пробный день в школу ""ЭДИСОН"" - сейчас идет набор, и количество мест в классах ограничено.КонтактыТелефоны:0507 168 168, 0227 168 168.Адрес:Бишкек, 6-й микрорайон, ул. Сухэ-Батора, 7а/1.Instagram:@edisonschoolkg.WhatsApp:0507 168 168. Он сидит на уроке, не поднимает руку, избегает сложных заданий и начинает думать: ""Я не справляюсь"". Не потому, что не способен. А потому, что ему не дали безопасно включиться в процесс. В школе ""ЭДИСОН"" мы строим обучение иначе: не ребенок подстраивается под систему - система подстраивается под ребенка. Именно поэтому в основе - гуманная педагогика и простой, понятный принцип: если ребенку небезопасно - он не учится. Ребенок не понял задание. В обычной системе - он ""выпал"". В школе ""ЭДИСОН"" учитель замечает это сразу: по паузе, по взгляду, по тому, как ребенок перестает включаться. Останавливается, переформулирует, подключает его в диалог. Это возможно потому, что классы в школе ""ЭДИСОН"" - до 15 человек. Учитель видит каждого. Не ""в среднем"", а по-настоящему. Ребенок ошибся у доски. В обычной системе - это стресс. В школе ""ЭДИСОН"" - часть процесса: ошибку спокойно разбирают, и ребенок пробует еще раз - без страха. Так формируется главное - он не избегает сложного. Социально-эмоциональная адаптация в начальной школе.Ребенок постепенно входит в нагрузку, без перегрузки и давления.Маленькие классы до 15 человек.Учитель работает с каждым, а не с ""группой в целом"".Учителя-наставники.В школе ""ЭДИСОН"" следят не только за результатом, но и за состоянием учеников на каждом этапе.Обучение через понимание.Ребенок не заучивает, а разбирается и начинает думать.Среда без страха.Можно сказать ""Я не понял"", задать вопрос, попробовать еще раз.В результате ребенок не ""держится"" в школе. Он с интересом вовлекается в процесс.1из3Что действительно важно при выборе школыПрограмму можно догнать. Навыки - развить. Сложнее вернуть ребенку уверенность, если она теряется в первые месяцы в школе. Поэтому главный вопрос сегодня звучит так: не ""готов ли ребенок к школе"", а готова ли школа к ребенку.Если вы сомневаетесь, готов ли ваш ребенок, не пытайтесь решить это теоретически. В живой среде все становится гораздо понятнее.В школе ""ЭДИСОН"" проходят пробные дни, где ребенок участвует в уроках, общается с учителем и одноклассниками, проживает формат без давления. А вы видите главное: спокойно ли ему, интересно ли, хочет ли он остаться.Иногда одного дня достаточно, чтобы понять и принять решение.Запишитесь на пробный день в школу ""ЭДИСОН"" - сейчас идет набор, и количество мест в классах ограничено.КонтактыТелефоны:0507 168 168, 0227 168 168.Адрес:Бишкек, 6-й микрорайон, ул. Сухэ-Батора, 7а/1.Instagram:@edisonschoolkg.WhatsApp:0507 168 168. В результате ребенок не ""держится"" в школе. Он с интересом вовлекается в процесс. Программу можно догнать. Навыки - развить. Сложнее вернуть ребенку уверенность, если она теряется в первые месяцы в школе. Поэтому главный вопрос сегодня звучит так: не ""готов ли ребенок к школе"", а готова ли школа к ребенку. Если вы сомневаетесь, готов ли ваш ребенок, не пытайтесь решить это теоретически. В живой среде все становится гораздо понятнее. В школе ""ЭДИСОН"" проходят пробные дни, где ребенок участвует в уроках, общается с учителем и одноклассниками, проживает формат без давления. А вы видите главное: спокойно ли ему, интересно ли, хочет ли он остаться. Иногда одного дня достаточно, чтобы понять и принять решение. Запишитесь на пробный день в школу ""ЭДИСОН"" - сейчас идет набор, и количество мест в классах ограничено.КонтактыТелефоны:0507 168 168, 0227 168 168.Адрес:Бишкек, 6-й микрорайон, ул. Сухэ-Батора, 7а/1.Instagram:@edisonschoolkg.WhatsApp:0507 168 168. Телефоны:0507 168 168, 0227 168 168.Адрес:Бишкек, 6-й микрорайон, ул. Сухэ-Батора, 7а/1.Instagram:@edisonschoolkg.WhatsApp:0507 168 168.",kaktus.media,https://kaktus.media/doc/545391_gotova_li_shkola_k_rebenky_principy_obycheniia_i_miagkoy_adaptacii_v_shkole_edison.html,2026-04-30T16:39:14+06:00,kyrgyz,0,high,news_site
380eeb74-2345-4dc3-b848-07a009d3091b,"""Трудно ходить в дождь"". Бишкекчане пожаловались на дороги около ""Кудайбергена"" (видео)","ВCall-центрKaktus.mediaобратился житель Бишкека с жалобой на дороги в одном из районов столицы. По словам горожанина, он проживает недалеко от рынка ""Кудайберген"". ""Наши дороги не ремонтируют. Когда идет дождь и становится грязно, нам трудно ходить. Это конец улицы Профсоюзной"", - говорится в пояснении к видео, присланному в редакцию.",kaktus.media,https://kaktus.media/doc/545593_trydno_hodit_v_dojd._bishkekchane_pojalovalis_na_dorogi_okolo_kydaybergena_video.html,2026-05-05T11:57:00+06:00,kyrgyz,0,high,news_site
eeff5b48-d9fa-42fd-bca0-eda41ddb07bf,Как будут работать больницы и скорая помощь на длинных майских выходных,"С 1 по 10 мая организации здравоохранения Кыргызстана будут работать в установленном порядке с организацией дежурств ответственных сотрудников. Об этом сообщает пресс-служба Минздрава КР. В медицинских учреждениях обеспечат круглосуточное оказание неотложной помощи, сформируют резерв коек для госпитализации пациентов, нуждающихся в экстренном лечении, а также обеспечат наличие необходимых лекарственных средств, медицинских изделий, компонентов крови и их резервов. На амбулаторном уровне -в центрах семейной медицины, центрах общеврачебной практики и группах семейных врачей - в период с 1 по 10 мая будут организованы дежурства с 08:00 до 18:00, работа процедурных кабинетов будет организована до 14:00. Служба скорой медицинской помощи в Бишкеке, Оше и в регионах страны будет работать в круглосуточном режиме без выходных. Также обеспечена непрерывная работа санитарной авиации и дежурство специалистов санитарно-эпидемиологической службы и лабораторий в праздничные и выходные дни.",kaktus.media,https://kaktus.media/doc/545200_kak_bydyt_rabotat_bolnicy_i_skoraia_pomosh_na_dlinnyh_mayskih_vyhodnyh.html,2026-04-27T16:44:48+06:00,kyrgyz,0,high,news_site
ecfd9a91-89fe-45e2-93d8-0a3954e11a44,Возле Чолпон-Аты нашли древние курганные захоронения,"На северной окраине Чолпон-Аты с 5 апреля проводят аварийно-спасательные археологические раскопки в связи со строительством объездной дороги. Об этом сообщили в Министерстве культуры. Работы проходят под руководством археолога, кандидата исторических наук А. Абдыкановой. Больше новостей и видео в Telegram-каналеKaktus.media. Цель проекта - сохранить и комплексно изучить объекты историко-культурного наследия, расположенные в зоне строительства. Работы проводятся в соответствии с требованиями законодательства Кыргызстана. На сегодня исследованы 22 из 30 запланированных объектов. Среди них - 21 курганное захоронение и одна крупная каменная ограда - таш-короо. Находки относятся к раннесакскому периоду (примерно VIII-VI века до н. э.). Среди обнаруженных предметов - керамическая посуда, бронзовая шпилька и каменный оселок. Сейчас специалисты продолжают углубленное изучение объекта таш-короо, чтобы определить его датировку и культурные особенности. В Минкультуры отметили, что раскопки внесут важный вклад в изучение древней истории Иссык-Кульской области и получение новых научных данных.",kaktus.media,https://kaktus.media/doc/545497_vozle_cholpon_aty_nashli_drevnie_kyrgannye_zahoroneniia.html,2026-05-02T15:40:43+06:00,kyrgyz,0,high,news_site
6afcfd69-91f8-42d6-b12f-b26e92e0025f,"Бангкок + Паттайя: как выбрать отель, район и что посмотреть","Классический маршрут по Таиланду, сочетающий бешеный ритм азиатского мегаполиса и расслабленный отдых на морском побережье, - это связка Бангкока и Паттайи. Благодаря удобному перелету и более доступным ценам по сравнению с Пхукетом это направление идеально подходит для насыщенного отпуска. ТурагентствоYour Agentо том, как спланировать отдых в Бангкоке и Паттайе. Путь в Таиланд начинается с перелета в его столицу. Из Алматы в Бангкок выполняются рейсы авиакомпании Air Astana. Также зимой есть рейсы авиакомпании AirAsia из Алматы. Идеальный план - остановиться на 2-3 дня в Бангкоке, чтобы исследовать его главные сокровища, а затем отправиться в Паттайю на комфортабельном трансфере, дорога до которой займет около двух часов. Одно из главных преимуществ Паттайи - ее круглогодичность. Благодаря своему географическому положению курорт защищен от затяжных дождей, что делает его привлекательным в любое время года. Но нужно понимать, что в сезон дождей может быть пасмурно и по вечерам дожди могут быть. Однако стоимость туров и разнообразные экскурсию могут с лихвой перекрыть этот недостаток.По теме:Отдых на Пхукете: главный гид для кыргызстанцевПодготовка к поездке: виза и необходимые документыДля поездки в Таиланд вам понадобится стандартный пакет документов: загранпаспорт (действителен 6+ месяцев после возвращения), авиабилеты, ваучер и страховка. Не забудьте нотариальное разрешение на выезд для детей, путешествующих без одного из родителей.Гражданам Кыргызстана виза на 15 дней оформляется по прибытии в аэропорту. Для этого заранее подготовьте две цветные фотографии 4 х 6 см (их нужно сделать до вылета), сделайте анкету или пусть ее заполнит ваш турагент. Стоимость визы - 2 000 батов наличными для оплаты сбора и обратный билет (примерно $70). Можно визу сделать заранее.Дополнительно с 1 мая 2025 года для въезда стало обязательным онлайн-заполнение цифровой карты прибытия (TDAC) за 72 часа до вылета. Ее также обычно помогают заполнить в турагентствах.По теме:Отдых на Фукуоке: путеводитель по ""жемчужному острову"" ВьетнамаПрактические советы: валюта, законы и бытовые мелочиДенежная единица Таиланда - бат (THB). Обменять доллары можно в многочисленных обменных пунктах, которые есть в любом туристическом районе. Курс в городе обычно выгоднее, чем в аэропорту. $100 - примерно 3 200 бат.Чтобы оставаться на связи, вы можете заранее онлайн купить eSIM и активировать ее для моментального доступа в интернет. Альтернативный вариант - приобрести физическую SIM-карту в аэропорту, но для ее регистрации вам обязательно понадобится загранпаспорт. В аэропортах SIM-карты с хорошим интернетом могут стоить $35.В Таиланде строго запрещены ввоз, использование и хранение электронных сигарет, вейпов и IQOS. Нарушение карается крупным штрафом, а в некоторых случаях - тюремным заключением. Обычные сигареты ввозить можно. Конечно, туристы пытаются провезти разные ""электронки"" в аптечках, косметичках и среди вещей в багаже, но желательно точно не пытаться это делать в ручной клади. За парением вейпов очень пристально следить не будут (например, на балконе в отеле), но открыто нарушать закон лучше не надо, это действительно рискованно.Транспорт в Бангкоке и Паттайе: как передвигаться по ТаиландуПередвигаться по Бангкоку и Паттайе просто, если знать главные правила. В Бангкоке лучший способ избежать пробок - метро (BTS и MRT), которое соединяет все ключевые районы. Для поездок к историческим храмам у реки удобно использовать речные трамвайчики. Такси недорогое, но всегда настаивайте на включении счетчика (таксометр). О поездке на тук-туке нужно торговаться до поездки.В Паттайе основной транспорт - это сонгтео (открытые пикапы), поездка по городу на которых стоит всего 10 батов. Просто махните рукой, чтобы сесть, нажмите на звонок для выхода, оплачивая проезд после. Важно: не задавайте водителю вопросов о маршруте, чтобы не превратить поездку в дорогое такси. Для быстрых поездок в одиночку есть мототакси, где о цене договариваются заранее, а для комфорта - такси, работающее по тем же правилам, что и в столице. Желательно заранее скачать приложения Grab и Bolt, чтобы вызывать такси (расплачиваться можно и наличкой).Что посмотреть в Бангкоке: погружение в азиатский мегаполисОстановка в Бангкоке - это возможность увидеть Таиланд во всем его многообразии: от древних храмов до ультрасовременных небоскребов и гигантских торговых центров.Бангкок - это город контрастов, где древняя история и ультрасовременность переплетаются в единый организм. Даже за короткие 2-3 дня можно успеть прочувствовать его невероятную энергию, погрузившись в калейдоскоп храмов, рынков и небоскребов.Путешествие в сердце Таиланда логично начать с его духовного центра.Большой Королевский дворец поражает своей роскошью и является обязательным пунктом программы.Королевский дворец.Королевский дворец.1из2На его территории хранится главная святыня королевства - небольшая, но невероятно почитаемая статуя Изумрудного Будды.Буквально в нескольких шагах находится Храм Лежащего Будды (Ват Пхо), где вас встретит гигантская 46-метровая позолоченная фигура, ожидающая нирваны.Храм Лежащего Будды.Переправившись на пароме через реку Чаопрайя, вы окажетесь у подножия Храма Утренней Зари (Ват Арун), чьи башни, украшенные китайским фарфором, особенно волшебно выглядят в лучах заходящего солнца. А чтобы увидеть уникальную реликвию, отправляйтесь в Китайский квартал, где в Храме Золотого Будды находится трехметровая статуя, отлитая из 5,5 тонны чистого золота.Река Чаопрайя.Чтобы по-настоящему понять Бангкок, нужно окунуться в его уличную жизнь. Легендарная улица Каосан Роуд днем представляет собой оживленную торговую улочку, а ночью превращается в одну большую вечеринку с уличной едой и громкой музыкой.Совершенно иная атмосфера царит в Китайском квартале, где воздух наполнен ароматами специй, жареной утки и экзотических трав. Не менее важной артерией города является река Чаопрайя, как и ее многочисленные каналы (клонги). Прогулка на водном такси или длиннохвостой лодке - это не только способ избежать пробок, но и возможность увидеть город с другого ракурса, заглянув в повседневную жизнь людей, чьи дома стоят прямо на воде.После насыщенного дня, полного впечатлений, стоит подняться над городской суетой, чтобы увидеть Бангкок с высоты. Самые захватывающие виды открываются с вращающейся площадки башни Baiyoke Sky и со смотровой MahaNakhon SkyWalk с ее знаменитым стеклянным полом на высоте более 300 метров.Смотровая площадка Baiyoke Sky. Фото из интернета.Прекрасной альтернативой станет любой из многочисленных баров на крыше, где можно насладиться коктейлем, наблюдая, как мегаполис зажигает свои огни. А если захочется тишины и природы, отправляйтесь в парк Люмпини - огромный зеленый оазис в самом сердце города, где среди озер и тенистых аллей можно отдохнуть и даже встретить больших варанов, неспешно прогуливающихся по газонам.Парк Люмпини. Фото из интернета.Вечером в Бангкоке проходит потрясающее шоу Siam Niramit, где на сцену выходят даже слоны - это театрализованное красочное представление об истории Таиланда.Есть здесь и развлечения для детей - аквапарк, океанариум в большом торговом центре.Конечно, Бангкок - это столица тайского шопинга. В торговых центрах можно найти продукцию мировых брендов и недорогие тайские марки.Где остановиться в БангкокеВыбор правильного района для проживания в Бангкоке - ключ к комфортному отдыху, ведь от этого зависит, насколько легко вы будете добираться до интересующих вас мест. Для большинства туристов идеальной базой станет современный и динамичный район Сукхумвит.Его главное преимущество - удобное расположение вдоль линии надземного метро Skytrain, что позволяет быстро и без пробок перемещаться по городу. Здесь сосредоточены лучшие торговые центры, бесчисленные рестораны и отели на любой кошелек, от стильного SILQ Hotel & Residence 5* до роскошного Chatrium Grand Bangkok 5* рядом с главными моллами.SILQ Hotel & Residence 5*. Фото из интернета.SILQ Hotel & Residence 5*. Фото из интернета.SILQ Hotel & Residence 5*. Фото из интернета.Chatrium Grand Bangkok 5*. Фото из интернета.Chatrium Grand Bangkok 5*. Фото из интернета.Chatrium Grand Bangkok 5*. Фото из интернета.1из6Если же ваша цель - полное погружение в историю и близость к главным сокровищам города, то ваш выбор - Старый город. Это район, известный своей колониальной архитектурой и близостью к Королевскому дворцу. Сегодня здесь можно заселиться в Pranakorn Heritage Hotel 4* или Siri Grand Bangkok Hotel 3*, которые бассейны на крыше с видом на исторические кварталы, позволяя быть в самом сердце культурной жизни столицы.Pranakorn Heritage Hotel 4*. Фото из интернета.Pranakorn Heritage Hotel 4*. Фото из интернета.Siri Grand Bangkok Hotel 3*. Фото из интернета.Siri Grand Bangkok Hotel 3*. Фото из интернета.Siri Grand Bangkok Hotel 3*. Фото из интернета.1из5Для тех, кто ищет романтику, роскошь и спокойствие вдали от городской суеты, можно предложить район Riverside. На берегу реки Чаопрайя расположены отели мировых сетей, из окон которых открываются потрясающие виды на воду и Храм Утренней Зари.Район Riverside. Фото из интернета.Передвигаться удобно на речных трамвайчиках, а вечера можно проводить у бассейна, наслаждаясь панорамой. При этом роскошный вид не всегда означает заоблачную цену: например, отель River Home Bangkok 3* предлагает хорошие виды и высокий рейтинг по вполне доступным ценам.River Home Bangkok 3*. Фото из интернета.River Home Bangkok 3*. Фото из интернета.River Home Bangkok 3*. Фото из интернета.1из3Паттайя: море, солнце и развлеченияПосле насыщенных дней в столице самое время отправиться к морю за отдыхом и развлечениями.Выбор района в Паттайе напрямую определяет характер вашего отдыха, ведь каждый из них предлагает совершенно разную атмосферу. Можно остановиться в эпицентре круглосуточных развлечений или найти уголки респектабельного спокойствия.Для тех, кто едет за энергией и ночной жизнью, можно остановиться в Центральной Паттайе, где развита инфраструктура. Но не ждите от района хорошего пляжа. В этом районе чаще встречаются отели с более низкими ценами, но есть и известные и качественные 5*.Центральная Паттайя - сердце курорта, где расположены главные торговые центры, такие как Terminal 21, и знаменитая улица Walking Street. Отелей в центре много: от огромного Grande Centre Point Pattaya 5* с собственным аквапарком до стильного Wave Hotel Pattaya 5* в стиле ар-деко.Отличное соотношение цены и качества предлагают отели вроде Arden Hotel and Residence 4*, а настоящими бюджетными находками с высоким рейтингом станут бутик-отель VENTURA Boutique Residence 4* или новый HOP stays-Pattaya.Arden Hotel and Residence 4*. Фото из интернета.Arden Hotel and Residence 4*. Фото из интернета.Arden Hotel and Residence 4*. Фото из интернета.VENTURA Boutique Residence 4*. Фото из интернета.1из4Если же вы ищете золотую середину между хорошим пляжем и доступностью развлечений, стоит обратить внимание на южные районы - Джомтьен и На-Джомтьен.Здесь гораздо спокойнее, пляжная полоса длиннее и чище, а до центра можно легко добраться несколько километров на тук-туке. Эта зона подходит для всех типов туристов, предлагая как популярные высотные отели вроде D Varee Jomtien Beach 5*, так и стильные дизайнерские курорты, как Veranda Resort Pattaya MGallery 5*, и более премиальные комплексы для расслабленного отдыха, например, Renaissance Pattaya Resort & Spa 5*.D Varee Jomtien Beach 5*. Фото из интернета.D Varee Jomtien Beach 5*. Фото из интернета.Veranda Resort Pattaya MGallery 5*. Фото из интернета.Veranda Resort Pattaya MGallery 5*. Фото из интернета.Veranda Resort Pattaya MGallery 5*. Фото из интернета.Renaissance Pattaya Resort & Spa 5*. Фото из интернета.Renaissance Pattaya Resort & Spa 5*. Фото из интернета.1из7Для ценителей комфорта, более спокойного отдыха и лучших пляжей есть районы на севере и юге курорта: Пратамнак, Наклуа и Вонг Амат. Зеленый холм Пратамнак и северное побережье Вонг Амат славятся самыми чистыми пляжами и отелями высокого класса с большими ухоженными территориями.Инфраструктура здесь сосредоточена внутри резортов, что делает эти районы удобными для спокойного и качественного отдыха. Здесь расположены такие комплексы, как Royal Cliff Hotels Group 5* с собственным частным пляжем, один из лучших семейных отелей Таиланда Centara Grand Mirage Beach Resort 5* с огромным аквапарком и стильный Pullman Pattaya Hotel G 5*.Royal Cliff Hotels Group 5*. Фото из интернета.Pullman Pattaya Hotel G 5*. Фото из интернета.Royal Cliff Hotels Group 5*. Фото из интернета.1из3Что посмотреть в Паттайе и окрестностяхПаттайя предлагает гостям гораздо больше, чем просто пляжи и ночная жизнь. Этот город полон удивительных мест, от величественных храмов до огромных развлекательных парков, способных впечатлить любого путешественника.Безусловно, главной архитектурной жемчужиной курорта является Храм Истины. Это полностью деревянное сооружение высотой 105 метров, которое строится на берегу моря уже более 40 лет. Каждая деталь здесь - это произведение искусства ручной резьбы, символизирующее восточную философию.Духовным сердцем города считается Гора Большого Будды, где на вершине холма Пратамнак возвышается 15-метровая позолоченная статуя. Это не только место паломничества, но и одна из лучших смотровых площадок с панорамным видом на Паттайю.Для более глубокого погружения в культуру стоит отправиться в храмовый комплекс Ват Ян, расположенный в живописной местности у озера, где можно увидеть храмы в разных азиатских стилях.Для любителей природы и семейного отдыха Паттайя приготовила несколько настоящих сокровищ. Тропический сад Нонг Нуч, входящий в число красивейших в мире, предлагает провести целый день среди тематических садов, коллекции орхидей и парка динозавров, а также посмотреть знаменитое шоу слонов.Парк Нонг Нуч недалеко от Паттайи.Парк Нонг Нуч недалеко от Паттайи.Парк Нонг Нуч недалеко от Паттайи.Парк Нонг Нуч недалеко от Паттайи.Парк Нонг Нуч недалеко от Паттайи.1из5Недалеко от Паттайи находится известный зоопарк Кхао Кхео. Это прекрасная прогулочная зона с возможностью понаблюдать за животными и посмотреть, как в пасть бегемотам бросают арбузы. Насыщенная двухдневная поездка со сплавом по реке Квай - одно из любимых впечатлений о Таиланде у многих туристов.Зоопарк Кхао Кхео.Чтобы познакомиться с символом Таиланда поближе, посетите Деревню слонов, где можно не только увидеть их представления, но и отправиться на прогулку верхом по джунглям. А чтобы окунуться в атмосферу традиционной тайской торговли, отправляйтесь на Плавучий рынок, где можно покататься на лодке по каналам, купить сувениры и попробовать уличную еду, приготовленную прямо с воды.Шоу крокодилов в Паттайе.Плавучий рынок. Фото из интернета.1из2Хотя городские пляжи Паттайи не сравнятся с островными, здесь есть отличные варианты для отдыха. Самым чистым и приятным для купания в черте города считается пляж Вонгамат, расположенный в респектабельном северном районе.Фото из интернета.Но если вы мечтаете о белоснежном песке и бирюзовой воде, всего 40 минут на пароме, и вы на острове Ко Лан.Фото из интернета.Вечерняя Паттайя славится своими яркими шоу. Визитной карточкой города стали профессиональные и красочные кабаре трансвеститов ""Алказар"" и ""Тиффани"".Шоу ""Альказар"". Фото из интернета.Шоу ""Альказар"". Фото из интернета.1из2Семьям с детьми понравится в океанариуме Underwater World, где можно пройти по стеклянному тоннелю под акулами и скатами, или в парке Мини Сиам, где собраны миниатюрные копии самых известных достопримечательностей мира.Океанариум в Паттайе. Фото из интернета.Что привезти из Таиланда: лучшие сувениры и подаркиШопинг в Таиланде предлагает множество уникальных товаров, от косметики до ювелирных изделий. Самый популярный сувенир - натуральная тайская косметика, особенно кокосовое масло, и ароматные травяные чаи. Покупать их лучше в аптеках или крупных супермаркетах. Также известны тайская медицина и разнообразные БАДы.Еще одна визитная карточка Таиланда - изделия из 100-процентного латекса. Ортопедические подушки и матрасы стоит приобретать на специализированных фабриках с сертификатом качества. Также обратите внимание на качественные и доступные по цене изделия из экзотической кожи - крокодила, змеи и ската.Для более ценных подарков подойдут ювелирные украшения с драгоценными камнями, серебро и жемчуг, которые лучше покупать на крупных ювелирных фабриках. А в качестве сувениров для дома можно привезти ремесленные изделия: резные деревянные панно, фигурки слонов и керамику ручной работы, которые в изобилии продаются на местных рынках.Но чаще всего, кажется, из Таиланда везут экзотические фрукты. Заранее узнайте, по правилам авиакомпании Для поездки в Таиланд вам понадобится стандартный пакет документов: загранпаспорт (действителен 6+ месяцев после возвращения), авиабилеты, ваучер и страховка. Не забудьте нотариальное разрешение на выезд для детей, путешествующих без одного из родителей. Гражданам Кыргызстана виза на 15 дней оформляется по прибытии в аэропорту. Для этого заранее подготовьте две цветные фотографии 4 х 6 см (их нужно сделать до вылета), сделайте анкету или пусть ее заполнит ваш турагент. Стоимость визы - 2 000 батов наличными для оплаты сбора и обратный билет (примерно $70). Можно визу сделать заранее. Дополнительно с 1 мая 2025 года для въезда стало обязательным онлайн-заполнение цифровой карты прибытия (TDAC) за 72 часа до вылета. Ее также обычно помогают заполнить в турагентствах. Денежная единица Таиланда - бат (THB). Обменять доллары можно в многочисленных обменных пунктах, которые есть в любом туристическом районе. Курс в городе обычно выгоднее, чем в аэропорту. $100 - примерно 3 200 бат. Чтобы оставаться на связи, вы можете заранее онлайн купить eSIM и активировать ее для моментального доступа в интернет. Альтернативный вариант - приобрести физическую SIM-карту в аэропорту, но для ее регистрации вам обязательно понадобится загранпаспорт. В аэропортах SIM-карты с хорошим интернетом могут стоить $35. В Таиланде строго запрещены ввоз, использование и хранение электронных сигарет, вейпов и IQOS. Нарушение карается крупным штрафом, а в некоторых случаях - тюремным заключением. Обычные сигареты ввозить можно. Конечно, туристы пытаются провезти разные ""электронки"" в аптечках, косметичках и среди вещей в багаже, но желательно точно не пытаться это делать в ручной клади. За парением вейпов очень пристально следить не будут (например, на балконе в отеле), но открыто нарушать закон лучше не надо, это действительно рискованно. Передвигаться по Бангкоку и Паттайе просто, если знать главные правила. В Бангкоке лучший способ избежать пробок - метро (BTS и MRT), которое соединяет все ключевые районы. Для поездок к историческим храмам у реки удобно использовать речные трамвайчики. Такси недорогое, но всегда настаивайте на включении счетчика (таксометр). О поездке на тук-туке нужно торговаться до поездки. В Паттайе основной транспорт - это сонгтео (открытые пикапы), поездка по городу на которых стоит всего 10 батов. Просто махните рукой, чтобы сесть, нажмите на звонок для выхода, оплачивая проезд после. Важно: не задавайте водителю вопросов о маршруте, чтобы не превратить поездку в дорогое такси. Для быстрых поездок в одиночку есть мототакси, где о цене договариваются заранее, а для комфорта - такси, работающее по тем же правилам, что и в столице. Желательно заранее скачать приложения Grab и Bolt, чтобы вызывать такси (расплачиваться можно и наличкой). Что посмотреть в Бангкоке: погружение в азиатский мегаполис Остановка в Бангкоке - это возможность увидеть Таиланд во всем его многообразии: от древних храмов до ультрасовременных небоскребов и гигантских торговых центров. Бангкок - это город контрастов, где древняя история и ультрасовременность переплетаются в единый организм. Даже за короткие 2-3 дня можно успеть прочувствовать его невероятную энергию, погрузившись в калейдоскоп храмов, рынков и небоскребов. Путешествие в сердце Таиланда логично начать с его духовного центра. Большой Королевский дворец поражает своей роскошью и является обязательным пунктом программы.Королевский дворец.Королевский дворец.1из2На его территории хранится главная святыня королевства - небольшая, но невероятно почитаемая статуя Изумрудного Будды.Буквально в нескольких шагах находится Храм Лежащего Будды (Ват Пхо), где вас встретит гигантская 46-метровая позолоченная фигура, ожидающая нирваны.Храм Лежащего Будды.Переправившись на пароме через реку Чаопрайя, вы окажетесь у подножия Храма Утренней Зари (Ват Арун), чьи башни, украшенные китайским фарфором, особенно волшебно выглядят в лучах заходящего солнца. А чтобы увидеть уникальную реликвию, отправляйтесь в Китайский квартал, где в Храме Золотого Будды находится трехметровая статуя, отлитая из 5,5 тонны чистого золота.Река Чаопрайя.Чтобы по-настоящему понять Бангкок, нужно окунуться в его уличную жизнь. Легендарная улица Каосан Роуд днем представляет собой оживленную торговую улочку, а ночью превращается в одну большую вечеринку с уличной едой и громкой музыкой.Совершенно иная атмосфера царит в Китайском квартале, где воздух наполнен ароматами специй, жареной утки и экзотических трав. Не менее важной артерией города является река Чаопрайя, как и ее многочисленные каналы (клонги). Прогулка на водном такси или длиннохвостой лодке - это не только способ избежать пробок, но и возможность увидеть город с другого ракурса, заглянув в повседневную жизнь людей, чьи дома стоят прямо на воде.После насыщенного дня, полного впечатлений, стоит подняться над городской суетой, чтобы увидеть Бангкок с высоты. Самые захватывающие виды открываются с вращающейся площадки башни Baiyoke Sky и со смотровой MahaNakhon SkyWalk с ее знаменитым стеклянным полом на высоте более 300 метров.Смотровая площадка Baiyoke Sky. Фото из интернета.Прекрасной альтернативой станет любой из многочисленных баров на крыше, где можно насладиться коктейлем, наблюдая, как мегаполис зажигает свои огни. А если захочется тишины и природы, отправляйтесь в парк Люмпини - огромный зеленый оазис в самом сердце города, где среди озер и тенистых аллей можно отдохнуть и даже встретить больших варанов, неспешно прогуливающихся по газонам.Парк Люмпини. Фото из интернета.Вечером в Бангкоке проходит потрясающее шоу Siam Niramit, где на сцену выходят даже слоны - это театрализованное красочное представление об истории Таиланда.Есть здесь и развлечения для детей - аквапарк, океанариум в большом торговом центре.Конечно, Бангкок - это столица тайского шопинга. В торговых центрах можно найти продукцию мировых брендов и недорогие тайские марки.Где остановиться в БангкокеВыбор правильного района для проживания в Бангкоке - ключ к комфортному отдыху, ведь от этого зависит, насколько легко вы будете добираться до интересующих вас мест. Для большинства туристов идеальной базой станет современный и динамичный район Сукхумвит.Его главное преимущество - удобное расположение вдоль линии надземного метро Skytrain, что позволяет быстро и без пробок перемещаться по городу. Здесь сосредоточены лучшие торговые центры, бесчисленные рестораны и отели на любой кошелек, от стильного SILQ Hotel & Residence 5* до роскошного Chatrium Grand Bangkok 5* рядом с главными моллами.SILQ Hotel & Residence 5*. Фото из интернета.SILQ Hotel & Residence 5*. Фото из интернета.SILQ Hotel & Residence 5*. Фото из интернета.Chatrium Grand Bangkok 5*. Фото из интернета.Chatrium Grand Bangkok 5*. Фото из интернета.Chatrium Grand Bangkok 5*. Фото из интернета.1из6Если же ваша цель - полное погружение в историю и близость к главным сокровищам города, то ваш выбор - Старый город. Это район, известный своей колониальной архитектурой и близостью к Королевскому дворцу. Сегодня здесь можно заселиться в Pranakorn Heritage Hotel 4* или Siri Grand Bangkok Hotel 3*, которые бассейны на крыше с видом на исторические кварталы, позволяя быть в самом сердце культурной жизни столицы.Pranakorn Heritage Hotel 4*. Фото из интернета.Pranakorn Heritage Hotel 4*. Фото из интернета.Siri Grand Bangkok Hotel 3*. Фото из интернета.Siri Grand Bangkok Hotel 3*. Фото из интернета.Siri Grand Bangkok Hotel 3*. Фото из интернета.1из5Для тех, кто ищет романтику, роскошь и спокойствие вдали от городской суеты, можно предложить район Riverside. На берегу реки Чаопрайя расположены отели мировых сетей, из окон которых открываются потрясающие виды на воду и Храм Утренней Зари.Район Riverside. Фото из интернета.Передвигаться удобно на речных трамвайчиках, а вечера можно проводить у бассейна, наслаждаясь панорамой. При этом роскошный вид не всегда означает заоблачную цену: например, отель River Home Bangkok 3* предлагает хорошие виды и высокий рейтинг по вполне доступным ценам.River Home Bangkok 3*. Фото из интернета.River Home Bangkok 3*. Фото из интернета.River Home Bangkok 3*. Фото из интернета.1из3Паттайя: море, солнце и развлеченияПосле насыщенных дней в столице самое время отправиться к морю за отдыхом и развлечениями.Выбор района в Паттайе напрямую определяет характер вашего отдыха, ведь каждый из них предлагает совершенно разную атмосферу. Можно остановиться в эпицентре круглосуточных развлечений или найти уголки респектабельного спокойствия.Для тех, кто едет за энергией и ночной жизнью, можно остановиться в Центральной Паттайе, где развита инфраструктура. Но не ждите от района хорошего пляжа. В этом районе чаще встречаются отели с более низкими ценами, но есть и известные и качественные 5*.Центральная Паттайя - сердце курорта, где расположены главные торговые центры, такие как Terminal 21, и знаменитая улица Walking Street. Отелей в центре много: от огромного Grande Centre Point Pattaya 5* с собственным аквапарком до стильного Wave Hotel Pattaya 5* в стиле ар-деко.Отличное соотношение цены и качества предлагают отели вроде Arden Hotel and Residence 4*, а настоящими бюджетными находками с высоким рейтингом станут бутик-отель VENTURA Boutique Residence 4* или новый HOP stays-Pattaya.Arden Hotel and Residence 4*. Фото из интернета.Arden Hotel and Residence 4*. Фото из интернета.Arden Hotel and Residence 4*. Фото из интернета.VENTURA Boutique Residence 4*. Фото из интернета.1из4Если же вы ищете золотую середину между хорошим пляжем и доступностью развлечений, стоит обратить внимание на южные районы - Джомтьен и На-Джомтьен.Здесь гораздо спокойнее, пляжная полоса длиннее и чище, а до центра можно легко добраться несколько километров на тук-туке. Эта зона подходит для всех типов туристов, предлагая как популярные высотные отели вроде D Varee Jomtien Beach 5*, так и стильные дизайнерские курорты, как Veranda Resort Pattaya MGallery 5*, и более премиальные комплексы для расслабленного отдыха, например, Renaissance Pattaya Resort & Spa 5*.D Varee Jomtien Beach 5*. Фото из интернета.D Varee Jomtien Beach 5*. Фото из интернета.Veranda Resort Pattaya MGallery 5*. Фото из интернета.Veranda Resort Pattaya MGallery 5*. Фото из интернета.Veranda Resort Pattaya MGallery 5*. Фото из интернета.Renaissance Pattaya Resort & Spa 5*. Фото из интернета.Renaissance Pattaya Resort & Spa 5*. Фото из интернета.1из7Для ценителей комфорта, более спокойного отдыха и лучших пляжей есть районы на севере и юге курорта: Пратамнак, Наклуа и Вонг Амат. Зеленый холм Пратамнак и северное побережье Вонг Амат славятся самыми чистыми пляжами и отелями высокого класса с большими ухоженными территориями.Инфраструктура здесь сосредоточена внутри резортов, что делает эти районы удобными для спокойного и качественного отдыха. Здесь расположены такие комплексы, как Royal Cliff Hotels Group 5* с собственным частным пляжем, один из лучших семейных отелей Таиланда Centara Grand Mirage Beach Resort 5* с огромным аквапарком и стильный Pullman Pattaya Hotel G 5*.Royal Cliff Hotels Group 5*. Фото из интернета.Pullman Pattaya Hotel G 5*. Фото из интернета.Royal Cliff Hotels Group 5*. Фото из интернета.1из3Что посмотреть в Паттайе и окрестностяхПаттайя предлагает гостям гораздо больше, чем просто пляжи и ночная жизнь. Этот город полон удивительных мест, от величественных храмов до огромных развлекательных парков, способных впечатлить любого путешественника.Безусловно, главной архитектурной жемчужиной курорта является Храм Истины. Это полностью деревянное сооружение высотой 105 метров, которое строится на берегу моря уже более 40 лет. Каждая деталь здесь - это произведение искусства ручной резьбы, символизирующее восточную философию.Духовным сердцем города считается Гора Большого Будды, где на вершине холма Пратамнак возвышается 15-метровая позолоченная статуя. Это не только место паломничества, но и одна из лучших смотровых площадок с панорамным видом на Паттайю.Для более глубокого погружения в культуру стоит отправиться в храмовый комплекс Ват Ян, расположенный в живописной местности у озера, где можно увидеть храмы в разных азиатских стилях.Для любителей природы и семейного отдыха Паттайя приготовила несколько настоящих сокровищ. Тропический сад Нонг Нуч, входящий в число красивейших в мире, предлагает провести целый день среди тематических садов, коллекции орхидей и парка динозавров, а также посмотреть знаменитое шоу слонов.Парк Нонг Нуч недалеко от Паттайи.Парк Нонг Нуч недалеко от Паттайи.Парк Нонг Нуч недалеко от Паттайи.Парк Нонг Нуч недалеко от Паттайи.Парк Нонг Нуч недалеко от Паттайи.1из5Недалеко от Паттайи находится известный зоопарк Кхао Кхео. Это прекрасная прогулочная зона с возможностью понаблюдать за животными и посмотреть, как в пасть бегемотам бросают арбузы. Насыщенная двухдневная поездка со сплавом по реке Квай - одно из любимых впечатлений о Таиланде у многих туристов.Зоопарк Кхао Кхео.Чтобы познакомиться с символом Таиланда поближе, посетите Деревню слонов, где можно не только увидеть их представления, но и отправиться на прогулку верхом по джунглям. А чтобы окунуться в атмосферу традиционной тайской торговли, отправляйтесь на Плавучий рынок, где можно покататься на лодке по каналам, купить сувениры и попробовать уличную еду, приготовленную прямо с воды.Шоу крокодилов в Паттайе.Плавучий рынок. Фото из интернета.1из2Хотя городские пляжи Паттайи не сравнятся с островными, здесь есть отличные варианты для отдыха. Самым чистым и приятным для купания в черте города считается пляж Вонгамат, расположенный в респектабельном северном районе.Фото из интернета.Но если вы мечтаете о белоснежном песке и бирюзовой воде, всего 40 минут на пароме, и вы на острове Ко Лан.Фото из интернета.Вечерняя Паттайя славится своими яркими шоу. Визитной карточкой города стали профессиональные и красочные кабаре трансвеститов ""Алказар"" и ""Тиффани"".Шоу ""Альказар"". Фото из интернета.Шоу ""Альказар"". Фото из интернета.1из2Семьям с детьми понравится в океанариуме Underwater World, где можно пройти по стеклянному тоннелю под акулами и скатами, или в парке Мини Сиам, где собраны миниатюрные копии самых известных достопримечательностей мира.Океанариум в Паттайе. Фото из интернета.Что привезти из Таиланда: лучшие сувениры и подаркиШопинг в Таиланде предлагает множество уникальных товаров, от косметики до ювелирных изделий. Самый популярный сувенир - натуральная тайская косметика, особенно кокосовое масло, и ароматные травяные чаи. Покупать их лучше в аптеках или крупных супермаркетах. Также известны тайская медицина и разнообразные БАДы.Еще одна визитная карточка Таиланда - изделия из 100-процентного латекса. Ортопедические подушки и матрасы стоит приобретать на специализированных фабриках с сертификатом качества. Также обратите внимание на качественные и доступные по цене изделия из экзотической кожи - крокодила, змеи и ската.Для более ценных подарков подойдут ювелирные украшения с драгоценными камнями, серебро и жемчуг, которые лучше покупать на крупных ювелирных фабриках. А в качестве сувениров для дома можно привезти ремесленные изделия: резные деревянные панно, фигурки слонов и керамику ручной работы, которые в изобилии продаются на местных рынках.Но чаще всего, кажется, из Таиланда везут экзотические фрукты. Заранее узнайте, по правилам авиакомпании На его территории хранится главная святыня королевства - небольшая, но невероятно почитаемая статуя Изумрудного Будды. Буквально в нескольких шагах находится Храм Лежащего Будды (Ват Пхо), где вас встретит гигантская 46-метровая позолоченная фигура, ожидающая нирваны. Переправившись на пароме через реку Чаопрайя, вы окажетесь у подножия Храма Утренней Зари (Ват Арун), чьи башни, украшенные китайским фарфором, особенно волшебно выглядят в лучах заходящего солнца. А чтобы увидеть уникальную реликвию, отправляйтесь в Китайский квартал, где в Храме Золотого Будды находится трехметровая статуя, отлитая из 5,5 тонны чистого золота. Чтобы по-настоящему понять Бангкок, нужно окунуться в его уличную жизнь. Легендарная улица Каосан Роуд днем представляет собой оживленную торговую улочку, а ночью превращается в одну большую вечеринку с уличной едой и громкой музыкой. Совершенно иная атмосфера царит в Китайском квартале, где воздух наполнен ароматами специй, жареной утки и экзотических трав. Не менее важной артерией города является река Чаопрайя, как и ее многочисленные каналы (клонги). Прогулка на водном такси или длиннохвостой лодке - это не только способ избежать пробок, но и возможность увидеть город с другого ракурса, заглянув в повседневную жизнь людей, чьи дома стоят прямо на воде. После насыщенного дня, полного впечатлений, стоит подняться над городской суетой, чтобы увидеть Бангкок с высоты. Самые захватывающие виды открываются с вращающейся площадки башни Baiyoke Sky и со смотровой MahaNakhon SkyWalk с ее знаменитым стеклянным полом на высоте более 300 метров. Прекрасной альтернативой станет любой из многочисленных баров на крыше, где можно насладиться коктейлем, наблюдая, как мегаполис зажигает свои огни. А если захочется тишины и природы, отправляйтесь в парк Люмпини - огромный зеленый оазис в самом сердце города, где среди озер и тенистых аллей можно отдохнуть и даже встретить больших варанов, неспешно прогуливающихся по газонам. Вечером в Бангкоке проходит потрясающее шоу Siam Niramit, где на сцену выходят даже слоны - это театрализованное красочное представление об истории Таиланда. Есть здесь и развлечения для детей - аквапарк, океанариум в большом торговом центре. Конечно, Бангкок - это столица тайского шопинга. В торговых центрах можно найти продукцию мировых брендов и недорогие тайские марки. Выбор правильного района для проживания в Бангкоке - ключ к комфортному отдыху, ведь от этого зависит, насколько легко вы будете добираться до интересующих вас мест. Для большинства туристов идеальной базой станет современный и динамичный район Сукхумвит. Его главное преимущество - удобное расположение вдоль линии надземного метро Skytrain, что позволяет быстро и без пробок перемещаться по городу. Здесь сосредоточены лучшие торговые центры, бесчисленные рестораны и отели на любой кошелек, от стильного SILQ Hotel & Residence 5* до роскошного Chatrium Grand Bangkok 5* рядом с главными моллами. Если же ваша цель - полное погружение в историю и близость к главным сокровищам города, то ваш выбор - Старый город. Это район, известный своей колониальной архитектурой и близостью к Королевскому дворцу. Сегодня здесь можно заселиться в Pranakorn Heritage Hotel 4* или Siri Grand Bangkok Hotel 3*, которые бассейны на крыше с видом на исторические кварталы, позволяя быть в самом сердце культурной жизни столицы. Для тех, кто ищет романтику, роскошь и спокойствие вдали от городской суеты, можно предложить район Riverside. На берегу реки Чаопрайя расположены отели мировых сетей, из окон которых открываются потрясающие виды на воду и Храм Утренней Зари. Передвигаться удобно на речных трамвайчиках, а вечера можно проводить у бассейна, наслаждаясь панорамой. При этом роскошный вид не всегда означает заоблачную цену: например, отель River Home Bangkok 3* предлагает хорошие виды и высокий рейтинг по вполне доступным ценам. Паттайя: море, солнце и развлечения После насыщенных дней в столице самое время отправиться к морю за отдыхом и развлечениями. Выбор района в Паттайе напрямую определяет характер вашего отдыха, ведь каждый из них предлагает совершенно разную атмосферу. Можно остановиться в эпицентре круглосуточных развлечений или найти уголки респектабельного спокойствия. Для тех, кто едет за энергией и ночной жизнью, можно остановиться в Центральной Паттайе, где развита инфраструктура. Но не ждите от района хорошего пляжа. В этом районе чаще встречаются отели с более низкими ценами, но есть и известные и качественные 5*. Центральная Паттайя - сердце курорта, где расположены главные торговые центры, такие как Terminal 21, и знаменитая улица Walking Street. Отелей в центре много: от огромного Grande Centre Point Pattaya 5* с собственным аквапарком до стильного Wave Hotel Pattaya 5* в стиле ар-деко. Отличное соотношение цены и качества предлагают отели вроде Arden Hotel and Residence 4*, а настоящими бюджетными находками с высоким рейтингом станут бутик-отель VENTURA Boutique Residence 4* или новый HOP stays-Pattaya. Если же вы ищете золотую середину между хорошим пляжем и доступностью развлечений, стоит обратить внимание на южные районы - Джомтьен и На-Джомтьен. Здесь гораздо спокойнее, пляжная полоса длиннее и чище, а до центра можно легко добраться несколько километров на тук-туке. Эта зона подходит для всех типов туристов, предлагая как популярные высотные отели вроде D Varee Jomtien Beach 5*, так и стильные дизайнерские курорты, как Veranda Resort Pattaya MGallery 5*, и более премиальные комплексы для расслабленного отдыха, например, Renaissance Pattaya Resort & Spa 5*. Для ценителей комфорта, более спокойного отдыха и лучших пляжей есть районы на севере и юге курорта: Пратамнак, Наклуа и Вонг Амат. Зеленый холм Пратамнак и северное побережье Вонг Амат славятся самыми чистыми пляжами и отелями высокого класса с большими ухоженными территориями. Инфраструктура здесь сосредоточена внутри резортов, что делает эти районы удобными для спокойного и качественного отдыха. Здесь расположены такие комплексы, как Royal Cliff Hotels Group 5* с собственным частным пляжем, один из лучших семейных отелей Таиланда Centara Grand Mirage Beach Resort 5* с огромным аквапарком и стильный Pullman Pattaya Hotel G 5*. Паттайя предлагает гостям гораздо больше, чем просто пляжи и ночная жизнь. Этот город полон удивительных мест, от величественных храмов до огромных развлекательных парков, способных впечатлить любого путешественника. Безусловно, главной архитектурной жемчужиной курорта является Храм Истины. Это полностью деревянное сооружение высотой 105 метров, которое строится на берегу моря уже более 40 лет. Каждая деталь здесь - это произведение искусства ручной резьбы, символизирующее восточную философию. Духовным сердцем города считается Гора Большого Будды, где на вершине холма Пратамнак возвышается 15-метровая позолоченная статуя. Это не только место паломничества, но и одна из лучших смотровых площадок с панорамным видом на Паттайю. Для более глубокого погружения в культуру стоит отправиться в храмовый комплекс Ват Ян, расположенный в живописной местности у озера, где можно увидеть храмы в разных азиатских стилях. Для любителей природы и семейного отдыха Паттайя приготовила несколько настоящих сокровищ. Тропический сад Нонг Нуч, входящий в число красивейших в мире, предлагает провести целый день среди тематических садов, коллекции орхидей и парка динозавров, а также посмотреть знаменитое шоу слонов. Недалеко от Паттайи находится известный зоопарк Кхао Кхео. Это прекрасная прогулочная зона с возможностью понаблюдать за животными и посмотреть, как в пасть бегемотам бросают арбузы. Насыщенная двухдневная поездка со сплавом по реке Квай - одно из любимых впечатлений о Таиланде у многих туристов. Чтобы познакомиться с символом Таиланда поближе, посетите Деревню слонов, где можно не только увидеть их представления, но и отправиться на прогулку верхом по джунглям. А чтобы окунуться в атмосферу традиционной тайской торговли, отправляйтесь на Плавучий рынок, где можно покататься на лодке по каналам, купить сувениры и попробовать уличную еду, приготовленную прямо с воды. Хотя городские пляжи Паттайи не сравнятся с островными, здесь есть отличные варианты для отдыха. Самым чистым и приятным для купания в черте города считается пляж Вонгамат, расположенный в респектабельном северном районе.Фото из интернета.Но если вы мечтаете о белоснежном песке и бирюзовой воде, всего 40 минут на пароме, и вы на острове Ко Лан.Фото из интернета.Вечерняя Паттайя славится своими яркими шоу. Визитной карточкой города стали профессиональные и красочные кабаре трансвеститов ""Алказар"" и ""Тиффани"".Шоу ""Альказар"". Фото из интернета.Шоу ""Альказар"". Фото из интернета.1из2Семьям с детьми понравится в океанариуме Underwater World, где можно пройти по стеклянному тоннелю под акулами и скатами, или в парке Мини Сиам, где собраны миниатюрные копии самых известных достопримечательностей мира.Океанариум в Паттайе. Фото из интернета.Что привезти из Таиланда: лучшие сувениры и подаркиШопинг в Таиланде предлагает множество уникальных товаров, от косметики до ювелирных изделий. Самый популярный сувенир - натуральная тайская косметика, особенно кокосовое масло, и ароматные травяные чаи. Покупать их лучше в аптеках или крупных супермаркетах. Также известны тайская медицина и разнообразные БАДы.Еще одна визитная карточка Таиланда - изделия из 100-процентного латекса. Ортопедические подушки и матрасы стоит приобретать на специализированных фабриках с сертификатом качества. Также обратите внимание на качественные и доступные по цене изделия из экзотической кожи - крокодила, змеи и ската.Для более ценных подарков подойдут ювелирные украшения с драгоценными камнями, серебро и жемчуг, которые лучше покупать на крупных ювелирных фабриках. А в качестве сувениров для дома можно привезти ремесленные изделия: резные деревянные панно, фигурки слонов и керамику ручной работы, которые в изобилии продаются на местных рынках.Но чаще всего, кажется, из Таиланда везут экзотические фрукты. Заранее узнайте, по правилам авиакомпании Но если вы мечтаете о белоснежном песке и бирюзовой воде, всего 40 минут на пароме, и вы на острове Ко Лан. Вечерняя Паттайя славится своими яркими шоу. Визитной карточкой города стали профессиональные и красочные кабаре трансвеститов ""Алказар"" и ""Тиффани"". Семьям с детьми понравится в океанариуме Underwater World, где можно пройти по стеклянному тоннелю под акулами и скатами, или в парке Мини Сиам, где собраны миниатюрные копии самых известных достопримечательностей мира. Шопинг в Таиланде предлагает множество уникальных товаров, от косметики до ювелирных изделий. Самый популярный сувенир - натуральная тайская косметика, особенно кокосовое масло, и ароматные травяные чаи. Покупать их лучше в аптеках или крупных супермаркетах. Также известны тайская медицина и разнообразные БАДы. Еще одна визитная карточка Таиланда - изделия из 100-процентного латекса. Ортопедические подушки и матрасы стоит приобретать на специализированных фабриках с сертификатом качества. Также обратите внимание на качественные и доступные по цене изделия из экзотической кожи - крокодила, змеи и ската. Для более ценных подарков подойдут ювелирные украшения с драгоценными камнями, серебро и жемчуг, которые лучше покупать на крупных ювелирных фабриках. А в качестве сувениров для дома можно привезти ремесленные изделия: резные деревянные панно, фигурки слонов и керамику ручной работы, которые в изобилии продаются на местных рынках. Но чаще всего, кажется, из Таиланда везут экзотические фрукты. Заранее узнайте, по правилам авиакомпании",kaktus.media,https://kaktus.media/doc/534245_bangkok_pattayia:_kak_vybrat_otel_rayon_i_chto_posmotret.html,2025-11-24T10:05:33+06:00,kyrgyz,0,high,news_site
9f2df9c3-a767-408b-a6e4-b113a4b27c62,Госсекретарь США Марко Рубио выступил в качестве диджея на свадьбе (видео),"Госсекретарь США Марко Рубио выступил в роли диджея на семейной свадьбе. Об этом сообщил заместитель главы администрации Белого дома Дэн Скавино в соцсети X. Скавино опубликовал видео, на котором Рубио стоит за ноутбуком в наушниках и включает электронную музыку, пока гости танцуют. В подписи к видео Скавино написал, что Рубио ""также работает на свадьбах"", добавив, что это произошло ""несколько минут назад за кулисами"". Daily Mailуточняет, что на видео звучит трек Shiver Джона Саммита и HAYLA. Издание также отмечает, что Рубио называют ""секретарем всего"" из-за широкого круга обязанностей в администрации Дональда Трампа, помимо должности госсекретаря. Летом 2025 года, как писалаNew York Post, Трамп сам тестировал звуковую систему на новой террасе Белого дома. Тогда он включал журналистам свой плейлист, в который вошли, в частности, Whiter Shade of Pale группы Procol Harum, Are You Lonesome Tonight? Элвиса Пресли, You Are So Beautiful Джо Кокера и ария Nessun dorma в исполнении Лучано Паваротти.",kaktus.media,https://kaktus.media/doc/545578_gossekretar_ssha_marko_rybio_vystypil_v_kachestve_didjeia_na_svadbe_video.html,2026-05-04T19:59:18+06:00,kyrgyz,0,high,news_site
5ed3f492-ec2d-4ce9-8f44-e278e69a3b52,"ЗАО ""МПЦ"" (""Элкарт"") расширяет партнерство на международном рынке","ПредседательЗАО ""МПЦ"" (""Элкарт"")Алтымыш Туратбеков в эти дни принимает участие в международном форуме MoMents 2026, организованном Ant International, в Куала-Лумпуре, Малайзия. Визит стал важным шагом в развитии международного сотрудничества и продвижении национальной платежной системы на мировой рынок. В рамках форума Алтымыш Туратбеков провел серию переговоров с ключевыми игроками отрасли. Основной фокус был на расширении партнерства и внедрении современных решений, которые делают безналичные платежи проще и расширяют их функциональность. Одним из ключевых моментов стала встреча Алтымыша Туратбекова и Яна Пэна, генерального директора Ant International. В ходе переговоров подтверждено завершение интеграции с платформойAlipay+. НПС ""Элкарт"" уже проходит тестирование в продуктивной среде, проведены первые успешные транзакции. Фактически проект находится на финишной прямой перед запуском и в ближайшее время будет представлен пользователям. Запуск сервиса Alipay+ в Кыргызстане расширит возможности безналичных платежей и сделает сервисы еще более удобными для пользователей. По линии UnionPay с генеральным директором UnionPay International Ларри Ваном обсуждена уже начатая реализация карточного кобейдж-проекта ""Элкарт-UnionPay"", где наметили дальнейшие шаги по его развитию. Кроме того, Алтымыш Туратбеков провел переговоры с пакистанскими партнерами - Easypaisa и NayaPay, а также с коллегами из bKash (Бангладеш). Интерес к сотрудничеству носит взаимный характер: отмечен высокий спрос на быстрые и удобные денежные переводы среди граждан Пакистана и Бангладеш, проживающих, работающих и обучающихся в Кыргызстане. Традиционно форум MoMents объединяет банки, регулирующие органы и финтех-компании со всего мира. В этом году он проводится в рамках программы Visit Malaysia 2026, что придает мероприятию не только деловое, но и стратегическое значение. Для ""Элкарт"" участие в таком форуме - это уже не просто обмен опытом, а последовательное укрепление позиций в международной платежной экосистеме.",kaktus.media,https://kaktus.media/doc/545429_zao_mpc_elkart_rasshiriaet_partnerstvo_na_mejdynarodnom_rynke.html,2026-04-30T16:45:50+06:00,kyrgyz,0,high,news_site
ab1e58a9-87d3-494a-827f-a9e1b5323854,14-летнему Чынгызу с агрессивным раком срочно нужна помощь с операцией (видео),"Два месяца назад 14-летнему Чынгызу поставили сложный диагноз - ""хондросаркома IV стадии с метастазами в легких"". Обычное падение, которое казалось просто ушибом, обернулось для Чынгыза и его семьи борьбой за его жизнь. И у них осталась всего одна неделя, чтобы спасти его. ""Мы узнали о болезни 15 февраля. После падения на боку появилась опухоль. Мы сразу пошли к врачам, сделали снимки, но нам сказали, что это просто трещина и все хорошо. Назначили тепловые процедуры: электрофорез, лазер, парафин. Мы не знали, что это станет такой ошибкой"", - рассказывает его мама Гульназ Аманкулова. Тепло спровоцировало агрессивный рост болезни. За 12 дней лечения мой сын просто слег. Четыре курса химиотерапии не принесли облегчения, болезнь прогрессирует и почти добралась до позвоночника. ""На данный момент уже 68 дней он прикован к постели. Сын лежит без движения и терпит постоянную боль. Местные врачи говорят, что без радикальных мер ему осталось всего пару месяцев. Единственный шанс на жизнь - сложнейшая операция по ампутации правой ноги вместе с тазом. Только так можно остановить распространение болезни"", - плачет мама. Чынгыз - старший в семье. Дома его ждут одиннадцатилетний брат и семилетняя сестра. ""Они каждый день приезжают в больницу, стараясь передать брату свою веру и детскую уверенность в том, что он обязательно вернется домой. Мы тоже стараемся не терять надежды на спасение нашего сына"", - делится мама мальчика. Для проведения операции стоимостью $110 тысяч в Турции семье нужно совершить почти невозможное в финансовом плане. ""В нашей семье работает только муж, я постоянно с сыном. Клиника в Турции готова провести операцию, которая продлится 16 часов с участием девяти врачей. Нам дали срок - две недели. Одна уже прошла. Если мы не успеем собрать сумму и вылететь сейчас, врачи сказали, что будет поздно"", - отмечает мама Чынгыза. Болезнь слишком близко подошла к позвоночнику. На сегодняшний день общими усилиями добрых людей удалось собрать $25 тысяч. ""У нас есть всего семь дней, чтобы собрать $85 тысяч. Любая сумма для нас - шанс на спасение нашего сына. Мы просим всех неравнодушных кыргызстанцев помочь нам в этом"", - сказала мама. Помочь Чынгызу можно, перечислив средства на реквизиты:MBANK: 0709833833, Гульназ А., мама;""О! Деньги"": 0505402545, Гульназ А., мама;""Оптима Банк"": 0505402545, Гульназ А., мама. MBANK: 0709833833, Гульназ А., мама; ""О! Деньги"": 0505402545, Гульназ А., мама; ""Оптима Банк"": 0505402545, Гульназ А., мама.",kaktus.media,https://kaktus.media/doc/544962_14_letnemy_chyngyzy_s_agressivnym_rakom_srochno_nyjna_pomosh_s_operaciey_video.html,2026-04-23T19:15:59+06:00,kyrgyz,0,high,news_site
7f043187-5ad0-4894-9598-40bc1e22d229,В Бишкеке пройдет ряд мероприятий ко Дню Победы,"В Бишкеке в честь 81-й годовщины Победы в Великой Отечественной войне 1941-1945 годов пройдет ряд праздничных и памятных мероприятий. Об этом сообщили в мэрии столицы.По теме:Какие мероприятия пройдут в Бишкеке 9 Мая?3 мая с 18:00 до 20:00 у памятника Курманжан Датке отметят Международный день танца.6 мая в 10:30 в парке имени Ч. Тулебердиева пройдет международная акция ""Огонь памяти"". В этот же день в 11:00 в Кыргызской национальной консерватории имени К. Молдобасанова состоится гала-концерт конкурса-фестиваля ""Красная гвоздика - память поколений"".7 мая в 10:00 у памятников ""1941-1945"" и ""Вечная память"" по адресу: улица Юбилейная, 17 состоится церемония возложения цветов ко Дню Победы. В это же время у монумента в Нижней Ала-Арче пройдет митинг-реквием.8 мая в 10:00 в военном лицее имени Д. Асанова состоится митинг-реквием. В 11:00 на проспекте Молодой Гвардии, 88, у памятника ""1941-1945"", проведут церемонию возложения цветов и поздравления.Главное мероприятие, посвященное 81-й годовщине Победы, пройдет 9 мая в 09:30 на площади Победы. В этот же день в 11:00 в парке имени Ч. Тулебердиева организуют подачу солдатской каши.10 мая в 14:00 в городском Доме культуры ""Диалог"" состоится праздничный вечер ко Дню Победы ""Мы помним"". 3 мая с 18:00 до 20:00 у памятника Курманжан Датке отметят Международный день танца. 6 мая в 10:30 в парке имени Ч. Тулебердиева пройдет международная акция ""Огонь памяти"". В этот же день в 11:00 в Кыргызской национальной консерватории имени К. Молдобасанова состоится гала-концерт конкурса-фестиваля ""Красная гвоздика - память поколений"". 7 мая в 10:00 у памятников ""1941-1945"" и ""Вечная память"" по адресу: улица Юбилейная, 17 состоится церемония возложения цветов ко Дню Победы. В это же время у монумента в Нижней Ала-Арче пройдет митинг-реквием. 8 мая в 10:00 в военном лицее имени Д. Асанова состоится митинг-реквием. В 11:00 на проспекте Молодой Гвардии, 88, у памятника ""1941-1945"", проведут церемонию возложения цветов и поздравления. Главное мероприятие, посвященное 81-й годовщине Победы, пройдет 9 мая в 09:30 на площади Победы. В этот же день в 11:00 в парке имени Ч. Тулебердиева организуют подачу солдатской каши. 10 мая в 14:00 в городском Доме культуры ""Диалог"" состоится праздничный вечер ко Дню Победы ""Мы помним"".",kaktus.media,https://kaktus.media/doc/545515_v_bishkeke_proydet_riad_meropriiatiy_ko_dnu_pobedy.html,2026-05-03T11:12:21+06:00,kyrgyz,0,high,news_site
cbeff145-d04f-4756-8757-8509ef958eb7,Зарплаты учителей выросли. Что изменилось и сколько будут получать педагоги? (карточки),"Повышение заработной платы учителей стало одной из самых обсуждаемых тем в системе образования. Рассказываем, как теперь формируется зарплата педагогов и на сколько увеличились надбавки. В последний раз зарплата педагогов повышаласьв 2022 году. Зарплаты работников системы образования повышены на 60%. Дополнительно введена президентская компенсационная выплата: 15 000 сомов - для педагогов;5 000 сомов - для технического персонала. С учетом этой надбавки заработные платы выросли почти на 100%. Теперь средняя зарплата учителей по республике составит 42 948 сомов, ранее этот показатель был вдвое меньше. При расчете отпускных и пособий президентская доплатане будет учитываться.С нее будет взиматься подоходный налог в размере 10%, при этом другие отчисления производиться не будут. Доплата производится только за одну ставку, то есть учитель, работающий на 1,5 ставки, все равно получит 15 тыс. сомов. Если нагрузка меньше ставки - выплата начисляется пропорционально. Ранее в социальных сетях муссировались слухи о том, что эти доплаты будут прекращены через год - после президентских выборов, однако в Минпросвещения опровергли это. В ведомстве заявили, что доплата из президентского фондабудет сохранена. Минимальная базовая ставка сохраняется - 7 040 сомов, именно от нее рассчитываются все оклады и тарифы. Доплаты и надбавки к заработной плате педагогических работников устанавливаются в зависимости от уровня образования, педагогического стажа, ученой степени, почетных званий, квалификационной категории, а также работы в условиях высокогорья и отдаленных труднодоступных местностей. Предусмотрены следующие надбавки за стаж: 3-8 лет - 10%;8-13 лет - 20%;свыше 13 лет - 30% от ставки.За классное руководство полагается 2 100 сомов, ранее эта надбавка составляла 1 400 сомов. Но есть одно но: учителям будут платить только за одно классное руководство. Таким образом, учитель, работающий в двух классах, все равно будет получать 2 100 сомов.За проверку тетрадей предусмотрены 2 700 сомов.Если учитель государственной или муниципальной школы подготовил победителя или призера международной олимпиады, ему положеныразовые выплаты:1-е место - 500 000 сомов;2-е место - 300 000 сомов;3-е место - 200 000 сомов.За подготовку призера республиканской олимпиады предусмотрены:1-е место - 10 000 сомов;2-е место - 7 000 сомов;3-е место - 5 000 сомов.Эта надбавка начисляется каждый месяц в течение учебного года.Учителям сельских местностей предусмотрена надбавка в размере 1 800 сомов, а учителям муниципальных школ полагается надбавка от муниципалитета. В Бишкеке это составляет 1 тыс. сомов.Педагоги получают доплаты за квалификационную категорию: 5 000 сомов за высшую, 3 000 сомов за первую категорию и 2 000 сомов за вторую категорию. Категория присваивается по результатамдобровольной аттестации, однако проходят ее не все.Также предусмотрены надбавки за наличие ученой степени, существует отдельный коэффициент за высокогорье. За классное руководство полагается 2 100 сомов, ранее эта надбавка составляла 1 400 сомов. Но есть одно но: учителям будут платить только за одно классное руководство. Таким образом, учитель, работающий в двух классах, все равно будет получать 2 100 сомов. За проверку тетрадей предусмотрены 2 700 сомов. Если учитель государственной или муниципальной школы подготовил победителя или призера международной олимпиады, ему положеныразовые выплаты: 1-е место - 500 000 сомов;2-е место - 300 000 сомов;3-е место - 200 000 сомов.За подготовку призера республиканской олимпиады предусмотрены:1-е место - 10 000 сомов;2-е место - 7 000 сомов;3-е место - 5 000 сомов.Эта надбавка начисляется каждый месяц в течение учебного года.Учителям сельских местностей предусмотрена надбавка в размере 1 800 сомов, а учителям муниципальных школ полагается надбавка от муниципалитета. В Бишкеке это составляет 1 тыс. сомов.Педагоги получают доплаты за квалификационную категорию: 5 000 сомов за высшую, 3 000 сомов за первую категорию и 2 000 сомов за вторую категорию. Категория присваивается по результатамдобровольной аттестации, однако проходят ее не все.Также предусмотрены надбавки за наличие ученой степени, существует отдельный коэффициент за высокогорье. За подготовку призера республиканской олимпиады предусмотрены: 1-е место - 10 000 сомов;2-е место - 7 000 сомов;3-е место - 5 000 сомов.Эта надбавка начисляется каждый месяц в течение учебного года.Учителям сельских местностей предусмотрена надбавка в размере 1 800 сомов, а учителям муниципальных школ полагается надбавка от муниципалитета. В Бишкеке это составляет 1 тыс. сомов.Педагоги получают доплаты за квалификационную категорию: 5 000 сомов за высшую, 3 000 сомов за первую категорию и 2 000 сомов за вторую категорию. Категория присваивается по результатамдобровольной аттестации, однако проходят ее не все.Также предусмотрены надбавки за наличие ученой степени, существует отдельный коэффициент за высокогорье. Эта надбавка начисляется каждый месяц в течение учебного года. Учителям сельских местностей предусмотрена надбавка в размере 1 800 сомов, а учителям муниципальных школ полагается надбавка от муниципалитета. В Бишкеке это составляет 1 тыс. сомов. Педагоги получают доплаты за квалификационную категорию: 5 000 сомов за высшую, 3 000 сомов за первую категорию и 2 000 сомов за вторую категорию. Категория присваивается по результатамдобровольной аттестации, однако проходят ее не все. Также предусмотрены надбавки за наличие ученой степени, существует отдельный коэффициент за высокогорье. Ставка учителя составляет 16 часов в неделю для начальных классов (1-4-е классы) и 18 часов - для средних и старших классов (5-11-е классы). Максимально допустимая нагрузка сохранилась - 1,5 ставки. Это означает, что учитель начальных классов не может брать более 24 уроков в неделю, а учитель средних и старших классов - более 27 часов. Ранее для педагогов STEM-направлений применялся отдельный коэффициент в размере 20%. В Минпросвещения полагали, что таким образом удастся привлечь и удержать в школах преподавателей научных дисциплин, однако это не дало результата. В школах по-прежнему больше всегоне хватаетучителей физики, биологии, химии, алгебры. Вместе с этим преподаватели гуманитарных дисциплин жаловались на несправедливость системы. Они отмечали, что все педагоги работают с одинаковой нагрузкой и в одинаковых условиях, а значит, подход должен быть единым. После многократныхобращений учителейв кабмин и Жогорку Кенеш Минпросвещенияуравняло коэффициенты. Учитель начальных классов средней школы №16 имени Ж. Турусбекова Ноокенского района Джалал-Абадской области. Имеет высшее образование, степень магистра, педагогический стаж 16 лет, работает с нагрузкой 19 часов в неделю, также является классным руководителем. Ранее начисленная заработная плата составляла 33 223,53 сома, на руки получала 26 644 сома. После повышения ее основная заработная плата составила 49 964 сома, также полагается доплата из президентского фонда - 15 000 сомов. Итого ей начислена 64 964 сомоа, с учетом соцотчислений на руки она получит 56 771 сом. таким образом прирост составил 30 127 сомов. Согласно Трудовому кодексу, учителя на пенсии могут работать в школах на общих основаниях, однако Минпросвещения придерживается своейполитики: в первую очередь часы должны распределяться между молодыми кадрами, а оставшиеся - передаваться учителям пенсионного возраста. Министр просвещения Догдуркул Кендирбаева сообщила, что в будущемдля учителей будет введен KPI.К существующим зарплатам будет начисляться определенный процент в зависимости от результатов учеников.",kaktus.media,https://kaktus.media/doc/545288_zarplaty_ychiteley_vyrosli._chto_izmenilos_i_skolko_bydyt_polychat_pedagogi_kartochki.html,2026-04-29T11:29:47+06:00,kyrgyz,0,high,news_site
4043c994-7f60-4e8c-853f-bfcadb045625,Россия и Украина объявили режимы прекращения огня с разными условиями и сроками,"За последние сутки вокруг конфликта в Украине возникла новая волна дипломатической активности: Москва и Киев объявили отдельные режимы прекращения огня, однако они не совпадают по срокам и условиям, сообщаютСМИ. Главным событием стало объявление сторонами параллельных инициатив по прекращению огня. Россия заявила о введении краткосрочного перемирия на 8–9 мая - на период празднования Дня Победы. Москва ожидает, что Украина присоединится к этой инициативе, одновременно предупреждая о возможных ответных ударах в случае ее нарушения. В ответ президент Украины Владимир Зеленский объявил собственное прекращение огня - с полуночи в ночь на 5–6 мая. Он подчеркнул, что Киев готов действовать независимо, даже без согласия Москвы, исходя из приоритета сохранения жизней. Украинская сторона при этом критикует российское предложение как символическое и краткосрочное, связанное с праздничными мероприятиями, а не с реальным стремлением к миру. Инициативы сопровождаются жесткой риторикой. Российские власти предупредили о возможных ударах по Киеву в случае попыток сорвать мероприятия 9 мая. Со своей стороны Киев указывает, что подобные ""праздничные перемирия"" уже объявлялись ранее и часто нарушались. Украина настаивает на более длительном и надежном прекращении огня с международными гарантиями. Дополнительное напряжение создают недавние украинские удары беспилотниками по территории России, включая атаки в Москве, что усилило меры безопасности и даже повлияло на формат военного парада, пишетThe Times. Несмотря на заявления о перемириях, боевые действия не прекращаются. Сообщается о ракетных ударах России по украинским регионам, в том числе по Харьковской и Запорожской областям, с жертвами среди гражданских. В то же время Украина продолжает наносить удары по объектам в России, включая инфраструктуру и жилые здания. Ранее обсуждалась возможность временного перемирия в ходе контактов между Москвой и Вашингтоном, однако позиции сторон остаются далекими: Россия настаивает на территориальных уступках, Украина это отвергает. Украинский МИД называет свое предложение прекращения огня ""серьезным шагом к дипломатии"" и призывает международных партнеров поддержать инициативу. Фото на главной странице: Sergey Bobylev / Sputnik / Profimedia.",kaktus.media,https://kaktus.media/doc/545587_rossiia_i_ykraina_obiavili_rejimy_prekrasheniia_ognia_s_raznymi_ysloviiami_i_srokami.html,2026-05-05T08:58:54+06:00,kyrgyz,0,high,news_site
85788a53-dd28-4520-bd37-26a9c296cb6f,Central Asia Capital завершил реставрацию памятника генерал-майору Панфилову,"29 апреля в селе Панфиловском Чуйской области завершились восстановительные работы памятника герою ВОВ Ивану Васильевичу Панфилову. Инициативу организовали Кыргызско-Российский Славянский университет имени Б. Н. Ельцина, посольство Российской Федерации в Кыргызстане и основной исполнитель реставрации - фонд прямых инвестицийCentral Asia Capitalи компанияleasing.express.Торжественное открытие стороны планируют анонсировать до лета. В Киргизской ССР генерал Панфилов формировал свою дивизию, его памятник был установлен в 1972 году на средства местных жителей и за десятилетия пришел в аварийное состояние. Памятник обновили, перепатинировали, нанесли защитное покрытие, провели общее благоустройство территории: установили новое освещение и скамейки для всех посетителей сквера. Защитное покрытие монумента восстановил специалист из Екатеринбурга Иван Дубровин. Органы местного самоуправления разместили детскую спортивную инфраструктуру. В процессе завершения по всей территории сквера - полная замена гранитного покрытия, расширение территории парка и установка двух советских гаубиц (пушек 152-мм и М-30) периода Второй мировой войны. Центральным элементом обновленного пространства станет тематическая зона, посвященная Великой Отечественной войне, с планируемым открытием музея Панфилова. По словам Антона Андреевича Собина, председателя совета директоров Central Asia Capital, очень важно сохранять и беречь историческую память.""Иван Васильевич Панфилов - Герой Советского Союза, чья дивизия остановила немцев под Москвой в ноябре 1941 года, когда до города оставалось меньше 30 километров"", - добавил Собин.""Генерал-майор Панфилов, будучи добровольцем в Туркестане, на протяжении почти шести лет принимал участие в сложных процессах становления государственности в регионе в 1920-е годы. За три года до начала Великой Отечественной войны он был назначен военным комиссаром Киргизской ССР"", - прокомментировал общее историческое наследие Андрей Юрьевич Степанюк, заместитель председателя совета директоров и акционер фонда Central Asia Capital.Антон Андреевич Собин, председатель совета директоров Central Asia Capital, и Андрей Юрьевич Степанюк, заместитель председателя совета директоров и акционер фонда Central Asia Capital. ""Генерал-майор Панфилов, будучи добровольцем в Туркестане, на протяжении почти шести лет принимал участие в сложных процессах становления государственности в регионе в 1920-е годы. За три года до начала Великой Отечественной войны он был назначен военным комиссаром Киргизской ССР"", - прокомментировал общее историческое наследие Андрей Юрьевич Степанюк, заместитель председателя совета директоров и акционер фонда Central Asia Capital.Антон Андреевич Собин, председатель совета директоров Central Asia Capital, и Андрей Юрьевич Степанюк, заместитель председателя совета директоров и акционер фонда Central Asia Capital.",kaktus.media,https://kaktus.media/doc/545434_central_asia_capital_zavershil_restavraciu_pamiatnika_general_mayory_panfilovy.html,2026-04-30T17:06:31+06:00,kyrgyz,0,high,news_site
8c4ccfd8-2297-4ffd-addc-d46a81fa6db9,Садыр Жапаров поздравил кыргызстанцев с Днем Конституции,"Президент Садыр Жапаров сегодня, 5 мая, поздравил граждан Кыргызстана с Днем Конституции. Об этом сообщает отдел информационной политики аппарата главы государства. Больше новостей и видео в Telegram-каналеKaktus.media. В своем обращении президент отметил, что принятие Конституции 33 года назад стало основой для формирования суверенной государственности и закрепления прав и свобод граждан как высших ценностей. По его словам, Основной закон остается документом высшей юридической силы и важнейшим ориентиром для национального развития, укрепляя единство общества и обеспечивая стабильность в многоэтнической стране. ""Наша Конституция - это правовой акт, обладающий высшей юридической силой… документ, определяющий основные особенности национальной идентичности"", - говорится в обращении. Жапаров также подчеркнул, что в условиях глобальных изменений именно Конституция служит фундаментом для движения страны вперед и построения правового государства. Он отметил важность уважения к Основному закону и воспитания молодого поколения в духе приверженности его ценностям. Наша главнейшая задача - воспитывать грядущие поколения в духе уважения к Конституции… истории нашего народа, его традициям и наследию. В завершение президент выразил уверенность в дальнейшем развитии Кыргызстана и пожелал гражданам благополучия. ""Мы сможем построить независимый, безопасный и развитый новый Кыргызстан"", - сказано в поздравлении.",kaktus.media,https://kaktus.media/doc/545588_sadyr_japarov_pozdravil_kyrgyzstancev_s_dnem_konstitycii.html,2026-05-05T09:41:38+06:00,kyrgyz,0,high,news_site
631ca775-5501-47fd-82dc-3d3663f3f54d,"В Германии автомобиль въехал в толпу в центре города, есть погибшие","Автомобиль въехал в толпу людей в пешеходной зоне в центре Лейпцига (Германия). В результате погибли два человека, еще трое получили тяжелые ранения, сообщаетDWсо ссылкой на местные власти. Больше новостей и видео в Telegram-каналеKaktus.media. Известно также еще о 20 пострадавших, помимо погибших и тяжелораненых. Подозреваемым в нападении является 33-летний гражданин Германии, сообщил министр внутренних дел Саксонии Армин Шустер. Водитель, подозреваемый в совершении наезда в Лейпциге, сдался без сопротивления. ""Мы задержали преступника внутри автомобиля"", - заявил начальник полиции Лейпцига Рене Деммлер. Прокуратура начала расследования по подозрению в убийстве двух человек и покушении на убийство еще по меньшей мере двух человек. Следствие исходит из того, что речь идет о преднамеренном нападении, заявила прокурор. По данным ее ведомства, нет никаких свидетельств о возможных сообщниках преступника. ""Водитель задержан и в настоящее время не представляет дальнейшей опасности"", - сообщила полиция Лейпцига. Представитель правоохранительных органов сказал журналистам, что речь идет о""немецком гражданине, рожденном в Германии"". Более подробная информация на данный момент не разглашается. По данным газеты Bild, водитель ехал по центру Лейпцига на большой скорости. Инцидент произошел на торговой улице Гриммайшештрассе. Причины наезда неясны.",kaktus.media,https://kaktus.media/doc/545591_v_germanii_avtomobil_vehal_v_tolpy_v_centre_goroda_est_pogibshie.html,2026-05-05T10:18:59+06:00,kyrgyz,0,high,news_site
f6c7c20e-ef61-4333-834b-874edd52b360,Касымалиев провел совещание по поводу схода селей на юге Кыргызстана,"Председатель кабинета министров Адылбек Касымалиев провел оперативное совещание, посвященное ситуации со сходом селей в Ошской, Джалал-Абадской и Баткенской областях. Об этом сообщили в кабмине. В ходе совещания были заслушаны доклады министра чрезвычайных ситуаций и представителей профильных государственных органов о текущей обстановке и мерах по ликвидации последствий стихии. Отмечается, что на местах ведутся работы по расчистке селевых наносов, восстановлению автомобильных дорог и поврежденной инфраструктуры. К ликвидации последствий привлечены подразделения МЧС, МВД, Минобороны, местные органы власти и специализированная техника. По итогам совещания профильным ведомствам дали ряд поручений. В частности, поручено усилить мониторинг обстановки, обеспечить оперативность и качество восстановительных работ, провести оценку причиненного ущерба, а также разработать дополнительные меры по снижению рисков схода селей в дальнейшем.",kaktus.media,https://kaktus.media/doc/545570_kasymaliev_provel_soveshanie_po_povody_shoda_seley_na_uge_kyrgyzstana.html,2026-05-04T16:40:13+06:00,kyrgyz,0,high,news_site
48b55c60-f2f2-4fbf-992a-f15e7c58f6a6,Женщина  обвиняет мужа в развратных действиях в отношении их общей пятилетней дочери,"ВKaktus.mediaобратились бишкекчанка Нуриза Аманбаева (имя изменено)и адвокат центра помощи детям, пострадавшим от насилия и жестокого обращения, мэрии Бишкека Наталья Ефименко. Они рассказали, что следователь Октябрьского РУВД и суд этого же района не взяли под стражу мужчину, который подозревается в совершении сексуальных действий в отношении пятилетней дочери, а прокуратура проигнорировала жалобы.По теме:Бизнесмен заявил, что сотрудники ГКНБ с него требовали $650 тыс., и обратился к президентуЧто случилосьПо словам Нуризы, со своим мужем она живет с 2016 года, официальный брак зарегистрировали в 2020 году, когда у них родилась дочь. До определенного момента она полностью доверяла отцу ребенка и не допускала мысли, что он может причинять вред собственной дочери.""Подозрения появились после того, как девочка начала рассказывать о странных действиях отца по отношению к ней"", - рассказывает Аманбаева.Мужчина подозревается в том, что он раздевал дочь, укладывал на кровать и совершал развратные действия.1из2Женщина подозревает, что развратные действия мужчина совершал не только дома, но и в салоне автомобиля.""Как-то мы собирались поехать к родителям на дачу, и он торопился очень. И забрал дочь на улицу к машине. Я вышла позже и, когда села в машину, увидела, что дочь растрепана, хотя перед выходом я тщательно ее причесала и опрятно одела. Тогда дочь сказала, что боится его"", - сообщила мать девочки.Нуриза рассказала, что повела дочь на массаж и массажист обратил внимание на то, что ребенок не реагирует на боль. Пытается терпеть.""Именно сотрудники массажного кабинета рекомендовали обратиться к психологам. Тогда я пошла в центр помощи детям. Там сразу же выявили признаки психологического напряжения и травматического состояния, схожего с реакцией на сексуальное насилие"", - рассказала она.По теме:Мать изнасилованной девочки заявляет о давлении со стороны родни подозреваемого и милицииИ женщина обратилась с заявлением в правоохранительные органы.Реакция следователей и судебные заседанияПо словам Нуризы, в отделении милиции в ""Асанбае"" следователь, к которому она пришла, практически издевался над ней.""С боем он принял мое заявление"", - отметила Аманбаева.После возбуждения уголовного дела материалы передали в следственные органы Октябрьского РУВД. В рамках досудебного производства были проведены допросы, а также назначены судебно-психологические и психиатрические экспертизы.1из2По информации адвоката Ефименко, ключевым этапом стало обследование ребенка специалистами в присутствии психологов. При обследовании использовались специальные методики, позволяющие фиксировать реакции девочки в игровой и визуальной форме.""Эксперты пришли к выводу о наличии у ребенка признаков посттравматического стрессового расстройства (ПТСР). Они вынесли заключение, что ребенок не склонен фантазировать, не могла понять в полной мере значение совершаемых с ней действий и не могла оказывать сопротивления. Эти заключения стали важной частью доказательной базы. Ему предъявили обвинение по двум статьям - ""Развратные действия"" и ""Причинение менее тяжкого вреда здоровью"" УК КР"", - сообщила Ефименко.В ходе медицинских обследований фиксировались отдельные проблемы со здоровьем, которые адвокат связывает с общим психологическим состоянием ребенка.Адвокат Ефименко требовала от следователя Октябрьского РУВД Бишкека избрать меру пресечения в виде ареста для обвиняемого. Но он в категорической форме отказал. В итоге мужчина находится под подпиской о невыезде. Прокуратура этого района проигнорировала жалобы.""В суде мы снова начали просить изменить меру пресечения для подсудимого. Но суд также встал на сторону подсудимого. Суд нас практически во всем игнорирует. Наши ходатайства не рассматриваются, дело затягивается. Сейчас суд намерен отправить девочку на повторную экспертизу, не учитывая того, что она уже перенесла"", - возмутилась адвокат Ефименко.Она отметила, что в начале разбирательства судья разрешил присутствие представителя омбудсмена в зале суда, но теперь суд и защитники обвиняемого заявляют о нарушении процесса. Судья встал на их сторону и выгнал представителя омбудсмена, а на следующее заседание суда снова допустил.По теме:Милиционеры задержали замначальника отдела ГКНБ""На данный момент судебное разбирательство продолжается. И мы боимся того, что суд встанет на сторону подсудимого. К тому же он подал гражданский иск о том, чтобы ему дали время быть с дочерью без участия мамы. Мы в шоке от работы госорганов. Мужчину обвиняют в развратных действиях, и все встают на его сторону, еще хотят дать ему возможность видеться с девочкой без присмотра"", - возмутилась адвокат.Потерпевшие просят высшие органы власти взять данное дело под свой личный контроль. Что случилось По словам Нуризы, со своим мужем она живет с 2016 года, официальный брак зарегистрировали в 2020 году, когда у них родилась дочь. До определенного момента она полностью доверяла отцу ребенка и не допускала мысли, что он может причинять вред собственной дочери. ""Подозрения появились после того, как девочка начала рассказывать о странных действиях отца по отношению к ней"", - рассказывает Аманбаева. Мужчина подозревается в том, что он раздевал дочь, укладывал на кровать и совершал развратные действия. Женщина подозревает, что развратные действия мужчина совершал не только дома, но и в салоне автомобиля. ""Как-то мы собирались поехать к родителям на дачу, и он торопился очень. И забрал дочь на улицу к машине. Я вышла позже и, когда села в машину, увидела, что дочь растрепана, хотя перед выходом я тщательно ее причесала и опрятно одела. Тогда дочь сказала, что боится его"", - сообщила мать девочки. Нуриза рассказала, что повела дочь на массаж и массажист обратил внимание на то, что ребенок не реагирует на боль. Пытается терпеть. ""Именно сотрудники массажного кабинета рекомендовали обратиться к психологам. Тогда я пошла в центр помощи детям. Там сразу же выявили признаки психологического напряжения и травматического состояния, схожего с реакцией на сексуальное насилие"", - рассказала она.По теме:Мать изнасилованной девочки заявляет о давлении со стороны родни подозреваемого и милицииИ женщина обратилась с заявлением в правоохранительные органы.Реакция следователей и судебные заседанияПо словам Нуризы, в отделении милиции в ""Асанбае"" следователь, к которому она пришла, практически издевался над ней.""С боем он принял мое заявление"", - отметила Аманбаева.После возбуждения уголовного дела материалы передали в следственные органы Октябрьского РУВД. В рамках досудебного производства были проведены допросы, а также назначены судебно-психологические и психиатрические экспертизы.1из2По информации адвоката Ефименко, ключевым этапом стало обследование ребенка специалистами в присутствии психологов. При обследовании использовались специальные методики, позволяющие фиксировать реакции девочки в игровой и визуальной форме.""Эксперты пришли к выводу о наличии у ребенка признаков посттравматического стрессового расстройства (ПТСР). Они вынесли заключение, что ребенок не склонен фантазировать, не могла понять в полной мере значение совершаемых с ней действий и не могла оказывать сопротивления. Эти заключения стали важной частью доказательной базы. Ему предъявили обвинение по двум статьям - ""Развратные действия"" и ""Причинение менее тяжкого вреда здоровью"" УК КР"", - сообщила Ефименко.В ходе медицинских обследований фиксировались отдельные проблемы со здоровьем, которые адвокат связывает с общим психологическим состоянием ребенка.Адвокат Ефименко требовала от следователя Октябрьского РУВД Бишкека избрать меру пресечения в виде ареста для обвиняемого. Но он в категорической форме отказал. В итоге мужчина находится под подпиской о невыезде. Прокуратура этого района проигнорировала жалобы.""В суде мы снова начали просить изменить меру пресечения для подсудимого. Но суд также встал на сторону подсудимого. Суд нас практически во всем игнорирует. Наши ходатайства не рассматриваются, дело затягивается. Сейчас суд намерен отправить девочку на повторную экспертизу, не учитывая того, что она уже перенесла"", - возмутилась адвокат Ефименко.Она отметила, что в начале разбирательства судья разрешил присутствие представителя омбудсмена в зале суда, но теперь суд и защитники обвиняемого заявляют о нарушении процесса. Судья встал на их сторону и выгнал представителя омбудсмена, а на следующее заседание суда снова допустил.По теме:Милиционеры задержали замначальника отдела ГКНБ""На данный момент судебное разбирательство продолжается. И мы боимся того, что суд встанет на сторону подсудимого. К тому же он подал гражданский иск о том, чтобы ему дали время быть с дочерью без участия мамы. Мы в шоке от работы госорганов. Мужчину обвиняют в развратных действиях, и все встают на его сторону, еще хотят дать ему возможность видеться с девочкой без присмотра"", - возмутилась адвокат.Потерпевшие просят высшие органы власти взять данное дело под свой личный контроль. И женщина обратилась с заявлением в правоохранительные органы. По словам Нуризы, в отделении милиции в ""Асанбае"" следователь, к которому она пришла, практически издевался над ней. ""С боем он принял мое заявление"", - отметила Аманбаева. После возбуждения уголовного дела материалы передали в следственные органы Октябрьского РУВД. В рамках досудебного производства были проведены допросы, а также назначены судебно-психологические и психиатрические экспертизы. По информации адвоката Ефименко, ключевым этапом стало обследование ребенка специалистами в присутствии психологов. При обследовании использовались специальные методики, позволяющие фиксировать реакции девочки в игровой и визуальной форме. ""Эксперты пришли к выводу о наличии у ребенка признаков посттравматического стрессового расстройства (ПТСР). Они вынесли заключение, что ребенок не склонен фантазировать, не могла понять в полной мере значение совершаемых с ней действий и не могла оказывать сопротивления. Эти заключения стали важной частью доказательной базы. Ему предъявили обвинение по двум статьям - ""Развратные действия"" и ""Причинение менее тяжкого вреда здоровью"" УК КР"", - сообщила Ефименко. В ходе медицинских обследований фиксировались отдельные проблемы со здоровьем, которые адвокат связывает с общим психологическим состоянием ребенка. Адвокат Ефименко требовала от следователя Октябрьского РУВД Бишкека избрать меру пресечения в виде ареста для обвиняемого. Но он в категорической форме отказал. В итоге мужчина находится под подпиской о невыезде. Прокуратура этого района проигнорировала жалобы. ""В суде мы снова начали просить изменить меру пресечения для подсудимого. Но суд также встал на сторону подсудимого. Суд нас практически во всем игнорирует. Наши ходатайства не рассматриваются, дело затягивается. Сейчас суд намерен отправить девочку на повторную экспертизу, не учитывая того, что она уже перенесла"", - возмутилась адвокат Ефименко. Она отметила, что в начале разбирательства судья разрешил присутствие представителя омбудсмена в зале суда, но теперь суд и защитники обвиняемого заявляют о нарушении процесса. Судья встал на их сторону и выгнал представителя омбудсмена, а на следующее заседание суда снова допустил.По теме:Милиционеры задержали замначальника отдела ГКНБ""На данный момент судебное разбирательство продолжается. И мы боимся того, что суд встанет на сторону подсудимого. К тому же он подал гражданский иск о том, чтобы ему дали время быть с дочерью без участия мамы. Мы в шоке от работы госорганов. Мужчину обвиняют в развратных действиях, и все встают на его сторону, еще хотят дать ему возможность видеться с девочкой без присмотра"", - возмутилась адвокат.Потерпевшие просят высшие органы власти взять данное дело под свой личный контроль. ""На данный момент судебное разбирательство продолжается. И мы боимся того, что суд встанет на сторону подсудимого. К тому же он подал гражданский иск о том, чтобы ему дали время быть с дочерью без участия мамы. Мы в шоке от работы госорганов. Мужчину обвиняют в развратных действиях, и все встают на его сторону, еще хотят дать ему возможность видеться с девочкой без присмотра"", - возмутилась адвокат. Потерпевшие просят высшие органы власти взять данное дело под свой личный контроль.",kaktus.media,https://kaktus.media/doc/545058_jenshina_obviniaet_myja_v_razvratnyh_deystviiah_v_otnoshenii_ih_obshey_piatiletney_docheri.html,2026-04-28T16:24:21+06:00,kyrgyz,0,high,news_site
94e20169-8d61-47af-8822-c7dba0842016,"Облачно, местами дожди. Прогноз погоды в Бишкеке и по Кыргызстану","5 мая, вторникНочью +10...+12 °C, дождь и гроза.Днем +23...+25 °C, облачно.6 мая, средаНочью +11...+13 °C, переменная облачность.Днем +27...+29 °C, переменная облачность.7 мая, четвергНочью +12...+14 °C, без осадков.Днем +29...+31 °C, ясно.8 мая, пятницаНочью +15...+17 °C, переменная облачность.Днем +30...+32 °C, переменная облачность.9 мая, субботаНочью +15...+17 °C, облачно.Днем +27...+29 °C, облачно.10 мая, воскресеньеНочью +14...+16 °C, облачно.Днем +22...+24 °C, дождь и гроза.11 мая, понедельникНочью +13...+15 °C, дождь.Днем +23...+25 °C, дождь.По теме:+37🌞 и -4 ❄️ Температурные рекорды мая в Бишкеке (графики)Прогноз погоды на 5-11 маяОш5 мая - переменная облачность, ночью +11...+13 °C, днем +25...+27 °C.6 мая - переменная облачность, ночью +13...+15 °C, днем +28...+30 °C.7 мая - ночью без осадков, +15...+17 °C, днем ясно, +30...+32 °C.8 мая - переменная облачность, ночью +14...+16 °C, днем +28...+30 °C.9 мая - переменная облачность, ночью +14...+16 °C, днем +26...+28 °C.10 мая - ночью облачно, +13...+15 °C, днем дождь и гроза, +22...+24 °C.11 мая - ночью дождь и гроза, +11...+13 °C, днем дождь, +23...+25 °C.Манас5 мая - ночью облачно, +11...+13 °C, днем переменная облачность, +25...+27 °C.6 мая - переменная облачность, ночью +13...+15 °C, днем +28...+30 °C.7 мая - ночью без осадков, +15...+17 °C, днем ясно, +30...+32 °C.8 мая - переменная облачность, ночью +16...+18 °C, днем +30...+32 °C.9 мая - переменная облачность, ночью +16...+18 °C, днем +28...+30 °C.10 мая - ночью облачно, +15...+17 °C, днем дождь и гроза, +24...+26 °C.11 мая - ночью дождь и гроза, +13...+15 °C, днем дождь, +23...+25 °C.Талас5 мая - облачно, ночью +10...+12 °C, днем +22...+24 °C.6 мая - переменная облачность, ночью +12...+14 °C, днем +25...+27 °C.7 мая - ночью без осадков, +13...+15 °C, днем ясно, +27...+29 °C.8 мая - переменная облачность, ночью +13...+15 °C, днем +28...+30 °C.9 мая - ночью переменная облачность, +13...+15 °C, днем облачно, +23...+25 °C.10 мая - ночью облачно, +12...+14 °C, днем дождь и гроза, +20...+22 °C.11 мая - ночью дождь и гроза, +10...+15 °C, днем дождь, +21...+23 °C.Баткен5 мая - ночью облачно, +8...+10 °C, днем переменная облачность, +23...+25 °C.6 мая - переменная облачность, ночью +10...+12 °C, днем +26...+28 °C.7 мая - ночью без осадков, +12...+14 °C, днем ясно, +28...+30 °C.8 мая - переменная облачность, ночью +14...+16 °C, днем +28...+30 °C.9 мая - ночью переменная облачность, +14...+16 °C, днем облачно, +26...+28 °C.10 мая - ночью облачно, +13...+15 °C, днем дождь и гроза, +22...+24 °C.11 мая - ночью дождь и гроза, +11...+13 °C, днем дождь, +23...+25 °C.Нарын5 мая - дождь и гроза, ночью +8...+10 °C, днем +15...+17 °C.6 мая - дождь, ночью +8...+10 °C, днем +19...+21 °C.7 мая - переменная облачность, ночью +8...+10 °C, днем +21...+23 °C.8 мая - переменная облачность, ночью +8...+10 °C, днем +22...+24 °C.9 мая - ночью переменная облачность, +9...+11 °C, днем облачно, +23...+25 °C.10 мая - ночью дождь, +10...+12 °C, днем дождь и гроза, +19...+21 °C.11 мая - ночью дождь и гроза, +8...+10 °C, днем дождь, +19...+21 °C.Балыкчы5 мая - дождь и гроза, ночью +6...+8 °C, днем +18...+20 °C.6 мая - облачно, ночью +8...+10 °C, днем +20...+22 °C.7 мая - ночью облачно, +8...+10 °C, днем переменная облачность, +21...+26 °C.8 мая - переменная облачность, ночью +5...+7 °C, днем +22...+24 °C.9 мая - ночью переменная облачность, +6...+8 °C, днем дождь, +22...+24 °C.10 мая - ночью дождь, +7...+9 °C, днем дождь и гроза, +18...+20 °C.11 мая - ночью дождь и гроза, +5...+7 °C, днем дождь, +18...+20 °C.Чолпон-Ата5 мая - дождь и гроза, ночью +8...+10 °C, днем +17...+19 °C.6 мая - облачно, ночью +9...+11 °C, днем +19...+21 °C.7 мая - ночью облачно, +9...+11 °C, днем переменная облачность, +20...+22 °C.8 мая - переменная облачность, ночью +8...+10 °C, днем +21...+23 °C.9 мая - ночью переменная облачность, +9...+11 °C, днем облачно, +21...+23 °C.10 мая - ночью дождь, +10...+12 °C, днем дождь и гроза, +17...+19 °C.11 мая - ночью дождь и гроза, +8...+10 °C, днем дождь, +17...+19 °C.Каракол5 мая - дождь и гроза, ночью +6...+8 °C, днем +20...+22 °C.6 мая - дождь, ночью +8...+10 °C, днем +22...+24 °C.7 мая - ночью облачно, +8...+10 °C, днем переменная облачность, +23...+25 °C.8 мая - переменная облачность, ночью +6...+8 °C, днем +24...+26 °C.9 мая - ночью переменная облачность, +7...+9 °C, днем облачно, +24...+26 °C.10 мая - ночью облачно, +8...+10 °C, днем дождь и гроза, +20...+22 °C.11 мая - ночью дождь и гроза, +6...+8 °C, днем дождь, +20...+21 °C. Ночью +10...+12 °C, дождь и гроза. Днем +23...+25 °C, облачно. 6 мая, средаНочью +11...+13 °C, переменная облачность.Днем +27...+29 °C, переменная облачность.7 мая, четвергНочью +12...+14 °C, без осадков.Днем +29...+31 °C, ясно.8 мая, пятницаНочью +15...+17 °C, переменная облачность.Днем +30...+32 °C, переменная облачность.9 мая, субботаНочью +15...+17 °C, облачно.Днем +27...+29 °C, облачно.10 мая, воскресеньеНочью +14...+16 °C, облачно.Днем +22...+24 °C, дождь и гроза.11 мая, понедельникНочью +13...+15 °C, дождь.Днем +23...+25 °C, дождь.По теме:+37🌞 и -4 ❄️ Температурные рекорды мая в Бишкеке (графики)Прогноз погоды на 5-11 маяОш5 мая - переменная облачность, ночью +11...+13 °C, днем +25...+27 °C.6 мая - переменная облачность, ночью +13...+15 °C, днем +28...+30 °C.7 мая - ночью без осадков, +15...+17 °C, днем ясно, +30...+32 °C.8 мая - переменная облачность, ночью +14...+16 °C, днем +28...+30 °C.9 мая - переменная облачность, ночью +14...+16 °C, днем +26...+28 °C.10 мая - ночью облачно, +13...+15 °C, днем дождь и гроза, +22...+24 °C.11 мая - ночью дождь и гроза, +11...+13 °C, днем дождь, +23...+25 °C.Манас5 мая - ночью облачно, +11...+13 °C, днем переменная облачность, +25...+27 °C.6 мая - переменная облачность, ночью +13...+15 °C, днем +28...+30 °C.7 мая - ночью без осадков, +15...+17 °C, днем ясно, +30...+32 °C.8 мая - переменная облачность, ночью +16...+18 °C, днем +30...+32 °C.9 мая - переменная облачность, ночью +16...+18 °C, днем +28...+30 °C.10 мая - ночью облачно, +15...+17 °C, днем дождь и гроза, +24...+26 °C.11 мая - ночью дождь и гроза, +13...+15 °C, днем дождь, +23...+25 °C.Талас5 мая - облачно, ночью +10...+12 °C, днем +22...+24 °C.6 мая - переменная облачность, ночью +12...+14 °C, днем +25...+27 °C.7 мая - ночью без осадков, +13...+15 °C, днем ясно, +27...+29 °C.8 мая - переменная облачность, ночью +13...+15 °C, днем +28...+30 °C.9 мая - ночью переменная облачность, +13...+15 °C, днем облачно, +23...+25 °C.10 мая - ночью облачно, +12...+14 °C, днем дождь и гроза, +20...+22 °C.11 мая - ночью дождь и гроза, +10...+15 °C, днем дождь, +21...+23 °C.Баткен5 мая - ночью облачно, +8...+10 °C, днем переменная облачность, +23...+25 °C.6 мая - переменная облачность, ночью +10...+12 °C, днем +26...+28 °C.7 мая - ночью без осадков, +12...+14 °C, днем ясно, +28...+30 °C.8 мая - переменная облачность, ночью +14...+16 °C, днем +28...+30 °C.9 мая - ночью переменная облачность, +14...+16 °C, днем облачно, +26...+28 °C.10 мая - ночью облачно, +13...+15 °C, днем дождь и гроза, +22...+24 °C.11 мая - ночью дождь и гроза, +11...+13 °C, днем дождь, +23...+25 °C.Нарын5 мая - дождь и гроза, ночью +8...+10 °C, днем +15...+17 °C.6 мая - дождь, ночью +8...+10 °C, днем +19...+21 °C.7 мая - переменная облачность, ночью +8...+10 °C, днем +21...+23 °C.8 мая - переменная облачность, ночью +8...+10 °C, днем +22...+24 °C.9 мая - ночью переменная облачность, +9...+11 °C, днем облачно, +23...+25 °C.10 мая - ночью дождь, +10...+12 °C, днем дождь и гроза, +19...+21 °C.11 мая - ночью дождь и гроза, +8...+10 °C, днем дождь, +19...+21 °C.Балыкчы5 мая - дождь и гроза, ночью +6...+8 °C, днем +18...+20 °C.6 мая - облачно, ночью +8...+10 °C, днем +20...+22 °C.7 мая - ночью облачно, +8...+10 °C, днем переменная облачность, +21...+26 °C.8 мая - переменная облачность, ночью +5...+7 °C, днем +22...+24 °C.9 мая - ночью переменная облачность, +6...+8 °C, днем дождь, +22...+24 °C.10 мая - ночью дождь, +7...+9 °C, днем дождь и гроза, +18...+20 °C.11 мая - ночью дождь и гроза, +5...+7 °C, днем дождь, +18...+20 °C.Чолпон-Ата5 мая - дождь и гроза, ночью +8...+10 °C, днем +17...+19 °C.6 мая - облачно, ночью +9...+11 °C, днем +19...+21 °C.7 мая - ночью облачно, +9...+11 °C, днем переменная облачность, +20...+22 °C.8 мая - переменная облачность, ночью +8...+10 °C, днем +21...+23 °C.9 мая - ночью переменная облачность, +9...+11 °C, днем облачно, +21...+23 °C.10 мая - ночью дождь, +10...+12 °C, днем дождь и гроза, +17...+19 °C.11 мая - ночью дождь и гроза, +8...+10 °C, днем дождь, +17...+19 °C.Каракол5 мая - дождь и гроза, ночью +6...+8 °C, днем +20...+22 °C.6 мая - дождь, ночью +8...+10 °C, днем +22...+24 °C.7 мая - ночью облачно, +8...+10 °C, днем переменная облачность, +23...+25 °C.8 мая - переменная облачность, ночью +6...+8 °C, днем +24...+26 °C.9 мая - ночью переменная облачность, +7...+9 °C, днем облачно, +24...+26 °C.10 мая - ночью облачно, +8...+10 °C, днем дождь и гроза, +20...+22 °C.11 мая - ночью дождь и гроза, +6...+8 °C, днем дождь, +20...+21 °C. Ночью +11...+13 °C, переменная облачность. Днем +27...+29 °C, переменная облачность. 7 мая, четвергНочью +12...+14 °C, без осадков.Днем +29...+31 °C, ясно.8 мая, пятницаНочью +15...+17 °C, переменная облачность.Днем +30...+32 °C, переменная облачность.9 мая, субботаНочью +15...+17 °C, облачно.Днем +27...+29 °C, облачно.10 мая, воскресеньеНочью +14...+16 °C, облачно.Днем +22...+24 °C, дождь и гроза.11 мая, понедельникНочью +13...+15 °C, дождь.Днем +23...+25 °C, дождь.По теме:+37🌞 и -4 ❄️ Температурные рекорды мая в Бишкеке (графики)Прогноз погоды на 5-11 маяОш5 мая - переменная облачность, ночью +11...+13 °C, днем +25...+27 °C.6 мая - переменная облачность, ночью +13...+15 °C, днем +28...+30 °C.7 мая - ночью без осадков, +15...+17 °C, днем ясно, +30...+32 °C.8 мая - переменная облачность, ночью +14...+16 °C, днем +28...+30 °C.9 мая - переменная облачность, ночью +14...+16 °C, днем +26...+28 °C.10 мая - ночью облачно, +13...+15 °C, днем дождь и гроза, +22...+24 °C.11 мая - ночью дождь и гроза, +11...+13 °C, днем дождь, +23...+25 °C.Манас5 мая - ночью облачно, +11...+13 °C, днем переменная облачность, +25...+27 °C.6 мая - переменная облачность, ночью +13...+15 °C, днем +28...+30 °C.7 мая - ночью без осадков, +15...+17 °C, днем ясно, +30...+32 °C.8 мая - переменная облачность, ночью +16...+18 °C, днем +30...+32 °C.9 мая - переменная облачность, ночью +16...+18 °C, днем +28...+30 °C.10 мая - ночью облачно, +15...+17 °C, днем дождь и гроза, +24...+26 °C.11 мая - ночью дождь и гроза, +13...+15 °C, днем дождь, +23...+25 °C.Талас5 мая - облачно, ночью +10...+12 °C, днем +22...+24 °C.6 мая - переменная облачность, ночью +12...+14 °C, днем +25...+27 °C.7 мая - ночью без осадков, +13...+15 °C, днем ясно, +27...+29 °C.8 мая - переменная облачность, ночью +13...+15 °C, днем +28...+30 °C.9 мая - ночью переменная облачность, +13...+15 °C, днем облачно, +23...+25 °C.10 мая - ночью облачно, +12...+14 °C, днем дождь и гроза, +20...+22 °C.11 мая - ночью дождь и гроза, +10...+15 °C, днем дождь, +21...+23 °C.Баткен5 мая - ночью облачно, +8...+10 °C, днем переменная облачность, +23...+25 °C.6 мая - переменная облачность, ночью +10...+12 °C, днем +26...+28 °C.7 мая - ночью без осадков, +12...+14 °C, днем ясно, +28...+30 °C.8 мая - переменная облачность, ночью +14...+16 °C, днем +28...+30 °C.9 мая - ночью переменная облачность, +14...+16 °C, днем облачно, +26...+28 °C.10 мая - ночью облачно, +13...+15 °C, днем дождь и гроза, +22...+24 °C.11 мая - ночью дождь и гроза, +11...+13 °C, днем дождь, +23...+25 °C.Нарын5 мая - дождь и гроза, ночью +8...+10 °C, днем +15...+17 °C.6 мая - дождь, ночью +8...+10 °C, днем +19...+21 °C.7 мая - переменная облачность, ночью +8...+10 °C, днем +21...+23 °C.8 мая - переменная облачность, ночью +8...+10 °C, днем +22...+24 °C.9 мая - ночью переменная облачность, +9...+11 °C, днем облачно, +23...+25 °C.10 мая - ночью дождь, +10...+12 °C, днем дождь и гроза, +19...+21 °C.11 мая - ночью дождь и гроза, +8...+10 °C, днем дождь, +19...+21 °C.Балыкчы5 мая - дождь и гроза, ночью +6...+8 °C, днем +18...+20 °C.6 мая - облачно, ночью +8...+10 °C, днем +20...+22 °C.7 мая - ночью облачно, +8...+10 °C, днем переменная облачность, +21...+26 °C.8 мая - переменная облачность, ночью +5...+7 °C, днем +22...+24 °C.9 мая - ночью переменная облачность, +6...+8 °C, днем дождь, +22...+24 °C.10 мая - ночью дождь, +7...+9 °C, днем дождь и гроза, +18...+20 °C.11 мая - ночью дождь и гроза, +5...+7 °C, днем дождь, +18...+20 °C.Чолпон-Ата5 мая - дождь и гроза, ночью +8...+10 °C, днем +17...+19 °C.6 мая - облачно, ночью +9...+11 °C, днем +19...+21 °C.7 мая - ночью облачно, +9...+11 °C, днем переменная облачность, +20...+22 °C.8 мая - переменная облачность, ночью +8...+10 °C, днем +21...+23 °C.9 мая - ночью переменная облачность, +9...+11 °C, днем облачно, +21...+23 °C.10 мая - ночью дождь, +10...+12 °C, днем дождь и гроза, +17...+19 °C.11 мая - ночью дождь и гроза, +8...+10 °C, днем дождь, +17...+19 °C.Каракол5 мая - дождь и гроза, ночью +6...+8 °C, днем +20...+22 °C.6 мая - дождь, ночью +8...+10 °C, днем +22...+24 °C.7 мая - ночью облачно, +8...+10 °C, днем переменная облачность, +23...+25 °C.8 мая - переменная облачность, ночью +6...+8 °C, днем +24...+26 °C.9 мая - ночью переменная облачность, +7...+9 °C, днем облачно, +24...+26 °C.10 мая - ночью облачно, +8...+10 °C, днем дождь и гроза, +20...+22 °C.11 мая - ночью дождь и гроза, +6...+8 °C, днем дождь, +20...+21 °C. Ночью +12...+14 °C, без осадков. Днем +29...+31 °C, ясно. 8 мая, пятницаНочью +15...+17 °C, переменная облачность.Днем +30...+32 °C, переменная облачность.9 мая, субботаНочью +15...+17 °C, облачно.Днем +27...+29 °C, облачно.10 мая, воскресеньеНочью +14...+16 °C, облачно.Днем +22...+24 °C, дождь и гроза.11 мая, понедельникНочью +13...+15 °C, дождь.Днем +23...+25 °C, дождь.По теме:+37🌞 и -4 ❄️ Температурные рекорды мая в Бишкеке (графики)Прогноз погоды на 5-11 маяОш5 мая - переменная облачность, ночью +11...+13 °C, днем +25...+27 °C.6 мая - переменная облачность, ночью +13...+15 °C, днем +28...+30 °C.7 мая - ночью без осадков, +15...+17 °C, днем ясно, +30...+32 °C.8 мая - переменная облачность, ночью +14...+16 °C, днем +28...+30 °C.9 мая - переменная облачность, ночью +14...+16 °C, днем +26...+28 °C.10 мая - ночью облачно, +13...+15 °C, днем дождь и гроза, +22...+24 °C.11 мая - ночью дождь и гроза, +11...+13 °C, днем дождь, +23...+25 °C.Манас5 мая - ночью облачно, +11...+13 °C, днем переменная облачность, +25...+27 °C.6 мая - переменная облачность, ночью +13...+15 °C, днем +28...+30 °C.7 мая - ночью без осадков, +15...+17 °C, днем ясно, +30...+32 °C.8 мая - переменная облачность, ночью +16...+18 °C, днем +30...+32 °C.9 мая - переменная облачность, ночью +16...+18 °C, днем +28...+30 °C.10 мая - ночью облачно, +15...+17 °C, днем дождь и гроза, +24...+26 °C.11 мая - ночью дождь и гроза, +13...+15 °C, днем дождь, +23...+25 °C.Талас5 мая - облачно, ночью +10...+12 °C, днем +22...+24 °C.6 мая - переменная облачность, ночью +12...+14 °C, днем +25...+27 °C.7 мая - ночью без осадков, +13...+15 °C, днем ясно, +27...+29 °C.8 мая - переменная облачность, ночью +13...+15 °C, днем +28...+30 °C.9 мая - ночью переменная облачность, +13...+15 °C, днем облачно, +23...+25 °C.10 мая - ночью облачно, +12...+14 °C, днем дождь и гроза, +20...+22 °C.11 мая - ночью дождь и гроза, +10...+15 °C, днем дождь, +21...+23 °C.Баткен5 мая - ночью облачно, +8...+10 °C, днем переменная облачность, +23...+25 °C.6 мая - переменная облачность, ночью +10...+12 °C, днем +26...+28 °C.7 мая - ночью без осадков, +12...+14 °C, днем ясно, +28...+30 °C.8 мая - переменная облачность, ночью +14...+16 °C, днем +28...+30 °C.9 мая - ночью переменная облачность, +14...+16 °C, днем облачно, +26...+28 °C.10 мая - ночью облачно, +13...+15 °C, днем дождь и гроза, +22...+24 °C.11 мая - ночью дождь и гроза, +11...+13 °C, днем дождь, +23...+25 °C.Нарын5 мая - дождь и гроза, ночью +8...+10 °C, днем +15...+17 °C.6 мая - дождь, ночью +8...+10 °C, днем +19...+21 °C.7 мая - переменная облачность, ночью +8...+10 °C, днем +21...+23 °C.8 мая - переменная облачность, ночью +8...+10 °C, днем +22...+24 °C.9 мая - ночью переменная облачность, +9...+11 °C, днем облачно, +23...+25 °C.10 мая - ночью дождь, +10...+12 °C, днем дождь и гроза, +19...+21 °C.11 мая - ночью дождь и гроза, +8...+10 °C, днем дождь, +19...+21 °C.Балыкчы5 мая - дождь и гроза, ночью +6...+8 °C, днем +18...+20 °C.6 мая - облачно, ночью +8...+10 °C, днем +20...+22 °C.7 мая - ночью облачно, +8...+10 °C, днем переменная облачность, +21...+26 °C.8 мая - переменная облачность, ночью +5...+7 °C, днем +22...+24 °C.9 мая - ночью переменная облачность, +6...+8 °C, днем дождь, +22...+24 °C.10 мая - ночью дождь, +7...+9 °C, днем дождь и гроза, +18...+20 °C.11 мая - ночью дождь и гроза, +5...+7 °C, днем дождь, +18...+20 °C.Чолпон-Ата5 мая - дождь и гроза, ночью +8...+10 °C, днем +17...+19 °C.6 мая - облачно, ночью +9...+11 °C, днем +19...+21 °C.7 мая - ночью облачно, +9...+11 °C, днем переменная облачность, +20...+22 °C.8 мая - переменная облачность, ночью +8...+10 °C, днем +21...+23 °C.9 мая - ночью переменная облачность, +9...+11 °C, днем облачно, +21...+23 °C.10 мая - ночью дождь, +10...+12 °C, днем дождь и гроза, +17...+19 °C.11 мая - ночью дождь и гроза, +8...+10 °C, днем дождь, +17...+19 °C.Каракол5 мая - дождь и гроза, ночью +6...+8 °C, днем +20...+22 °C.6 мая - дождь, ночью +8...+10 °C, днем +22...+24 °C.7 мая - ночью облачно, +8...+10 °C, днем переменная облачность, +23...+25 °C.8 мая - переменная облачность, ночью +6...+8 °C, днем +24...+26 °C.9 мая - ночью переменная облачность, +7...+9 °C, днем облачно, +24...+26 °C.10 мая - ночью облачно, +8...+10 °C, днем дождь и гроза, +20...+22 °C.11 мая - ночью дождь и гроза, +6...+8 °C, днем дождь, +20...+21 °C. Ночью +15...+17 °C, переменная облачность. Днем +30...+32 °C, переменная облачность. 9 мая, субботаНочью +15...+17 °C, облачно.Днем +27...+29 °C, облачно.10 мая, воскресеньеНочью +14...+16 °C, облачно.Днем +22...+24 °C, дождь и гроза.11 мая, понедельникНочью +13...+15 °C, дождь.Днем +23...+25 °C, дождь.По теме:+37🌞 и -4 ❄️ Температурные рекорды мая в Бишкеке (графики)Прогноз погоды на 5-11 маяОш5 мая - переменная облачность, ночью +11...+13 °C, днем +25...+27 °C.6 мая - переменная облачность, ночью +13...+15 °C, днем +28...+30 °C.7 мая - ночью без осадков, +15...+17 °C, днем ясно, +30...+32 °C.8 мая - переменная облачность, ночью +14...+16 °C, днем +28...+30 °C.9 мая - переменная облачность, ночью +14...+16 °C, днем +26...+28 °C.10 мая - ночью облачно, +13...+15 °C, днем дождь и гроза, +22...+24 °C.11 мая - ночью дождь и гроза, +11...+13 °C, днем дождь, +23...+25 °C.Манас5 мая - ночью облачно, +11...+13 °C, днем переменная облачность, +25...+27 °C.6 мая - переменная облачность, ночью +13...+15 °C, днем +28...+30 °C.7 мая - ночью без осадков, +15...+17 °C, днем ясно, +30...+32 °C.8 мая - переменная облачность, ночью +16...+18 °C, днем +30...+32 °C.9 мая - переменная облачность, ночью +16...+18 °C, днем +28...+30 °C.10 мая - ночью облачно, +15...+17 °C, днем дождь и гроза, +24...+26 °C.11 мая - ночью дождь и гроза, +13...+15 °C, днем дождь, +23...+25 °C.Талас5 мая - облачно, ночью +10...+12 °C, днем +22...+24 °C.6 мая - переменная облачность, ночью +12...+14 °C, днем +25...+27 °C.7 мая - ночью без осадков, +13...+15 °C, днем ясно, +27...+29 °C.8 мая - переменная облачность, ночью +13...+15 °C, днем +28...+30 °C.9 мая - ночью переменная облачность, +13...+15 °C, днем облачно, +23...+25 °C.10 мая - ночью облачно, +12...+14 °C, днем дождь и гроза, +20...+22 °C.11 мая - ночью дождь и гроза, +10...+15 °C, днем дождь, +21...+23 °C.Баткен5 мая - ночью облачно, +8...+10 °C, днем переменная облачность, +23...+25 °C.6 мая - переменная облачность, ночью +10...+12 °C, днем +26...+28 °C.7 мая - ночью без осадков, +12...+14 °C, днем ясно, +28...+30 °C.8 мая - переменная облачность, ночью +14...+16 °C, днем +28...+30 °C.9 мая - ночью переменная облачность, +14...+16 °C, днем облачно, +26...+28 °C.10 мая - ночью облачно, +13...+15 °C, днем дождь и гроза, +22...+24 °C.11 мая - ночью дождь и гроза, +11...+13 °C, днем дождь, +23...+25 °C.Нарын5 мая - дождь и гроза, ночью +8...+10 °C, днем +15...+17 °C.6 мая - дождь, ночью +8...+10 °C, днем +19...+21 °C.7 мая - переменная облачность, ночью +8...+10 °C, днем +21...+23 °C.8 мая - переменная облачность, ночью +8...+10 °C, днем +22...+24 °C.9 мая - ночью переменная облачность, +9...+11 °C, днем облачно, +23...+25 °C.10 мая - ночью дождь, +10...+12 °C, днем дождь и гроза, +19...+21 °C.11 мая - ночью дождь и гроза, +8...+10 °C, днем дождь, +19...+21 °C.Балыкчы5 мая - дождь и гроза, ночью +6...+8 °C, днем +18...+20 °C.6 мая - облачно, ночью +8...+10 °C, днем +20...+22 °C.7 мая - ночью облачно, +8...+10 °C, днем переменная облачность, +21...+26 °C.8 мая - переменная облачность, ночью +5...+7 °C, днем +22...+24 °C.9 мая - ночью переменная облачность, +6...+8 °C, днем дождь, +22...+24 °C.10 мая - ночью дождь, +7...+9 °C, днем дождь и гроза, +18...+20 °C.11 мая - ночью дождь и гроза, +5...+7 °C, днем дождь, +18...+20 °C.Чолпон-Ата5 мая - дождь и гроза, ночью +8...+10 °C, днем +17...+19 °C.6 мая - облачно, ночью +9...+11 °C, днем +19...+21 °C.7 мая - ночью облачно, +9...+11 °C, днем переменная облачность, +20...+22 °C.8 мая - переменная облачность, ночью +8...+10 °C, днем +21...+23 °C.9 мая - ночью переменная облачность, +9...+11 °C, днем облачно, +21...+23 °C.10 мая - ночью дождь, +10...+12 °C, днем дождь и гроза, +17...+19 °C.11 мая - ночью дождь и гроза, +8...+10 °C, днем дождь, +17...+19 °C.Каракол5 мая - дождь и гроза, ночью +6...+8 °C, днем +20...+22 °C.6 мая - дождь, ночью +8...+10 °C, днем +22...+24 °C.7 мая - ночью облачно, +8...+10 °C, днем переменная облачность, +23...+25 °C.8 мая - переменная облачность, ночью +6...+8 °C, днем +24...+26 °C.9 мая - ночью переменная облачность, +7...+9 °C, днем облачно, +24...+26 °C.10 мая - ночью облачно, +8...+10 °C, днем дождь и гроза, +20...+22 °C.11 мая - ночью дождь и гроза, +6...+8 °C, днем дождь, +20...+21 °C. Ночью +15...+17 °C, облачно. Днем +27...+29 °C, облачно. 10 мая, воскресеньеНочью +14...+16 °C, облачно.Днем +22...+24 °C, дождь и гроза.11 мая, понедельникНочью +13...+15 °C, дождь.Днем +23...+25 °C, дождь.По теме:+37🌞 и -4 ❄️ Температурные рекорды мая в Бишкеке (графики)Прогноз погоды на 5-11 маяОш5 мая - переменная облачность, ночью +11...+13 °C, днем +25...+27 °C.6 мая - переменная облачность, ночью +13...+15 °C, днем +28...+30 °C.7 мая - ночью без осадков, +15...+17 °C, днем ясно, +30...+32 °C.8 мая - переменная облачность, ночью +14...+16 °C, днем +28...+30 °C.9 мая - переменная облачность, ночью +14...+16 °C, днем +26...+28 °C.10 мая - ночью облачно, +13...+15 °C, днем дождь и гроза, +22...+24 °C.11 мая - ночью дождь и гроза, +11...+13 °C, днем дождь, +23...+25 °C.Манас5 мая - ночью облачно, +11...+13 °C, днем переменная облачность, +25...+27 °C.6 мая - переменная облачность, ночью +13...+15 °C, днем +28...+30 °C.7 мая - ночью без осадков, +15...+17 °C, днем ясно, +30...+32 °C.8 мая - переменная облачность, ночью +16...+18 °C, днем +30...+32 °C.9 мая - переменная облачность, ночью +16...+18 °C, днем +28...+30 °C.10 мая - ночью облачно, +15...+17 °C, днем дождь и гроза, +24...+26 °C.11 мая - ночью дождь и гроза, +13...+15 °C, днем дождь, +23...+25 °C.Талас5 мая - облачно, ночью +10...+12 °C, днем +22...+24 °C.6 мая - переменная облачность, ночью +12...+14 °C, днем +25...+27 °C.7 мая - ночью без осадков, +13...+15 °C, днем ясно, +27...+29 °C.8 мая - переменная облачность, ночью +13...+15 °C, днем +28...+30 °C.9 мая - ночью переменная облачность, +13...+15 °C, днем облачно, +23...+25 °C.10 мая - ночью облачно, +12...+14 °C, днем дождь и гроза, +20...+22 °C.11 мая - ночью дождь и гроза, +10...+15 °C, днем дождь, +21...+23 °C.Баткен5 мая - ночью облачно, +8...+10 °C, днем переменная облачность, +23...+25 °C.6 мая - переменная облачность, ночью +10...+12 °C, днем +26...+28 °C.7 мая - ночью без осадков, +12...+14 °C, днем ясно, +28...+30 °C.8 мая - переменная облачность, ночью +14...+16 °C, днем +28...+30 °C.9 мая - ночью переменная облачность, +14...+16 °C, днем облачно, +26...+28 °C.10 мая - ночью облачно, +13...+15 °C, днем дождь и гроза, +22...+24 °C.11 мая - ночью дождь и гроза, +11...+13 °C, днем дождь, +23...+25 °C.Нарын5 мая - дождь и гроза, ночью +8...+10 °C, днем +15...+17 °C.6 мая - дождь, ночью +8...+10 °C, днем +19...+21 °C.7 мая - переменная облачность, ночью +8...+10 °C, днем +21...+23 °C.8 мая - переменная облачность, ночью +8...+10 °C, днем +22...+24 °C.9 мая - ночью переменная облачность, +9...+11 °C, днем облачно, +23...+25 °C.10 мая - ночью дождь, +10...+12 °C, днем дождь и гроза, +19...+21 °C.11 мая - ночью дождь и гроза, +8...+10 °C, днем дождь, +19...+21 °C.Балыкчы5 мая - дождь и гроза, ночью +6...+8 °C, днем +18...+20 °C.6 мая - облачно, ночью +8...+10 °C, днем +20...+22 °C.7 мая - ночью облачно, +8...+10 °C, днем переменная облачность, +21...+26 °C.8 мая - переменная облачность, ночью +5...+7 °C, днем +22...+24 °C.9 мая - ночью переменная облачность, +6...+8 °C, днем дождь, +22...+24 °C.10 мая - ночью дождь, +7...+9 °C, днем дождь и гроза, +18...+20 °C.11 мая - ночью дождь и гроза, +5...+7 °C, днем дождь, +18...+20 °C.Чолпон-Ата5 мая - дождь и гроза, ночью +8...+10 °C, днем +17...+19 °C.6 мая - облачно, ночью +9...+11 °C, днем +19...+21 °C.7 мая - ночью облачно, +9...+11 °C, днем переменная облачность, +20...+22 °C.8 мая - переменная облачность, ночью +8...+10 °C, днем +21...+23 °C.9 мая - ночью переменная облачность, +9...+11 °C, днем облачно, +21...+23 °C.10 мая - ночью дождь, +10...+12 °C, днем дождь и гроза, +17...+19 °C.11 мая - ночью дождь и гроза, +8...+10 °C, днем дождь, +17...+19 °C.Каракол5 мая - дождь и гроза, ночью +6...+8 °C, днем +20...+22 °C.6 мая - дождь, ночью +8...+10 °C, днем +22...+24 °C.7 мая - ночью облачно, +8...+10 °C, днем переменная облачность, +23...+25 °C.8 мая - переменная облачность, ночью +6...+8 °C, днем +24...+26 °C.9 мая - ночью переменная облачность, +7...+9 °C, днем облачно, +24...+26 °C.10 мая - ночью облачно, +8...+10 °C, днем дождь и гроза, +20...+22 °C.11 мая - ночью дождь и гроза, +6...+8 °C, днем дождь, +20...+21 °C. Ночью +14...+16 °C, облачно. Днем +22...+24 °C, дождь и гроза. 11 мая, понедельникНочью +13...+15 °C, дождь.Днем +23...+25 °C, дождь.По теме:+37🌞 и -4 ❄️ Температурные рекорды мая в Бишкеке (графики)Прогноз погоды на 5-11 маяОш5 мая - переменная облачность, ночью +11...+13 °C, днем +25...+27 °C.6 мая - переменная облачность, ночью +13...+15 °C, днем +28...+30 °C.7 мая - ночью без осадков, +15...+17 °C, днем ясно, +30...+32 °C.8 мая - переменная облачность, ночью +14...+16 °C, днем +28...+30 °C.9 мая - переменная облачность, ночью +14...+16 °C, днем +26...+28 °C.10 мая - ночью облачно, +13...+15 °C, днем дождь и гроза, +22...+24 °C.11 мая - ночью дождь и гроза, +11...+13 °C, днем дождь, +23...+25 °C.Манас5 мая - ночью облачно, +11...+13 °C, днем переменная облачность, +25...+27 °C.6 мая - переменная облачность, ночью +13...+15 °C, днем +28...+30 °C.7 мая - ночью без осадков, +15...+17 °C, днем ясно, +30...+32 °C.8 мая - переменная облачность, ночью +16...+18 °C, днем +30...+32 °C.9 мая - переменная облачность, ночью +16...+18 °C, днем +28...+30 °C.10 мая - ночью облачно, +15...+17 °C, днем дождь и гроза, +24...+26 °C.11 мая - ночью дождь и гроза, +13...+15 °C, днем дождь, +23...+25 °C.Талас5 мая - облачно, ночью +10...+12 °C, днем +22...+24 °C.6 мая - переменная облачность, ночью +12...+14 °C, днем +25...+27 °C.7 мая - ночью без осадков, +13...+15 °C, днем ясно, +27...+29 °C.8 мая - переменная облачность, ночью +13...+15 °C, днем +28...+30 °C.9 мая - ночью переменная облачность, +13...+15 °C, днем облачно, +23...+25 °C.10 мая - ночью облачно, +12...+14 °C, днем дождь и гроза, +20...+22 °C.11 мая - ночью дождь и гроза, +10...+15 °C, днем дождь, +21...+23 °C.Баткен5 мая - ночью облачно, +8...+10 °C, днем переменная облачность, +23...+25 °C.6 мая - переменная облачность, ночью +10...+12 °C, днем +26...+28 °C.7 мая - ночью без осадков, +12...+14 °C, днем ясно, +28...+30 °C.8 мая - переменная облачность, ночью +14...+16 °C, днем +28...+30 °C.9 мая - ночью переменная облачность, +14...+16 °C, днем облачно, +26...+28 °C.10 мая - ночью облачно, +13...+15 °C, днем дождь и гроза, +22...+24 °C.11 мая - ночью дождь и гроза, +11...+13 °C, днем дождь, +23...+25 °C.Нарын5 мая - дождь и гроза, ночью +8...+10 °C, днем +15...+17 °C.6 мая - дождь, ночью +8...+10 °C, днем +19...+21 °C.7 мая - переменная облачность, ночью +8...+10 °C, днем +21...+23 °C.8 мая - переменная облачность, ночью +8...+10 °C, днем +22...+24 °C.9 мая - ночью переменная облачность, +9...+11 °C, днем облачно, +23...+25 °C.10 мая - ночью дождь, +10...+12 °C, днем дождь и гроза, +19...+21 °C.11 мая - ночью дождь и гроза, +8...+10 °C, днем дождь, +19...+21 °C.Балыкчы5 мая - дождь и гроза, ночью +6...+8 °C, днем +18...+20 °C.6 мая - облачно, ночью +8...+10 °C, днем +20...+22 °C.7 мая - ночью облачно, +8...+10 °C, днем переменная облачность, +21...+26 °C.8 мая - переменная облачность, ночью +5...+7 °C, днем +22...+24 °C.9 мая - ночью переменная облачность, +6...+8 °C, днем дождь, +22...+24 °C.10 мая - ночью дождь, +7...+9 °C, днем дождь и гроза, +18...+20 °C.11 мая - ночью дождь и гроза, +5...+7 °C, днем дождь, +18...+20 °C.Чолпон-Ата5 мая - дождь и гроза, ночью +8...+10 °C, днем +17...+19 °C.6 мая - облачно, ночью +9...+11 °C, днем +19...+21 °C.7 мая - ночью облачно, +9...+11 °C, днем переменная облачность, +20...+22 °C.8 мая - переменная облачность, ночью +8...+10 °C, днем +21...+23 °C.9 мая - ночью переменная облачность, +9...+11 °C, днем облачно, +21...+23 °C.10 мая - ночью дождь, +10...+12 °C, днем дождь и гроза, +17...+19 °C.11 мая - ночью дождь и гроза, +8...+10 °C, днем дождь, +17...+19 °C.Каракол5 мая - дождь и гроза, ночью +6...+8 °C, днем +20...+22 °C.6 мая - дождь, ночью +8...+10 °C, днем +22...+24 °C.7 мая - ночью облачно, +8...+10 °C, днем переменная облачность, +23...+25 °C.8 мая - переменная облачность, ночью +6...+8 °C, днем +24...+26 °C.9 мая - ночью переменная облачность, +7...+9 °C, днем облачно, +24...+26 °C.10 мая - ночью облачно, +8...+10 °C, днем дождь и гроза, +20...+22 °C.11 мая - ночью дождь и гроза, +6...+8 °C, днем дождь, +20...+21 °C. Ночью +13...+15 °C, дождь. Днем +23...+25 °C, дождь. Ош5 мая - переменная облачность, ночью +11...+13 °C, днем +25...+27 °C.6 мая - переменная облачность, ночью +13...+15 °C, днем +28...+30 °C.7 мая - ночью без осадков, +15...+17 °C, днем ясно, +30...+32 °C.8 мая - переменная облачность, ночью +14...+16 °C, днем +28...+30 °C.9 мая - переменная облачность, ночью +14...+16 °C, днем +26...+28 °C.10 мая - ночью облачно, +13...+15 °C, днем дождь и гроза, +22...+24 °C.11 мая - ночью дождь и гроза, +11...+13 °C, днем дождь, +23...+25 °C.Манас5 мая - ночью облачно, +11...+13 °C, днем переменная облачность, +25...+27 °C.6 мая - переменная облачность, ночью +13...+15 °C, днем +28...+30 °C.7 мая - ночью без осадков, +15...+17 °C, днем ясно, +30...+32 °C.8 мая - переменная облачность, ночью +16...+18 °C, днем +30...+32 °C.9 мая - переменная облачность, ночью +16...+18 °C, днем +28...+30 °C.10 мая - ночью облачно, +15...+17 °C, днем дождь и гроза, +24...+26 °C.11 мая - ночью дождь и гроза, +13...+15 °C, днем дождь, +23...+25 °C.Талас5 мая - облачно, ночью +10...+12 °C, днем +22...+24 °C.6 мая - переменная облачность, ночью +12...+14 °C, днем +25...+27 °C.7 мая - ночью без осадков, +13...+15 °C, днем ясно, +27...+29 °C.8 мая - переменная облачность, ночью +13...+15 °C, днем +28...+30 °C.9 мая - ночью переменная облачность, +13...+15 °C, днем облачно, +23...+25 °C.10 мая - ночью облачно, +12...+14 °C, днем дождь и гроза, +20...+22 °C.11 мая - ночью дождь и гроза, +10...+15 °C, днем дождь, +21...+23 °C.Баткен5 мая - ночью облачно, +8...+10 °C, днем переменная облачность, +23...+25 °C.6 мая - переменная облачность, ночью +10...+12 °C, днем +26...+28 °C.7 мая - ночью без осадков, +12...+14 °C, днем ясно, +28...+30 °C.8 мая - переменная облачность, ночью +14...+16 °C, днем +28...+30 °C.9 мая - ночью переменная облачность, +14...+16 °C, днем облачно, +26...+28 °C.10 мая - ночью облачно, +13...+15 °C, днем дождь и гроза, +22...+24 °C.11 мая - ночью дождь и гроза, +11...+13 °C, днем дождь, +23...+25 °C.Нарын5 мая - дождь и гроза, ночью +8...+10 °C, днем +15...+17 °C.6 мая - дождь, ночью +8...+10 °C, днем +19...+21 °C.7 мая - переменная облачность, ночью +8...+10 °C, днем +21...+23 °C.8 мая - переменная облачность, ночью +8...+10 °C, днем +22...+24 °C.9 мая - ночью переменная облачность, +9...+11 °C, днем облачно, +23...+25 °C.10 мая - ночью дождь, +10...+12 °C, днем дождь и гроза, +19...+21 °C.11 мая - ночью дождь и гроза, +8...+10 °C, днем дождь, +19...+21 °C.Балыкчы5 мая - дождь и гроза, ночью +6...+8 °C, днем +18...+20 °C.6 мая - облачно, ночью +8...+10 °C, днем +20...+22 °C.7 мая - ночью облачно, +8...+10 °C, днем переменная облачность, +21...+26 °C.8 мая - переменная облачность, ночью +5...+7 °C, днем +22...+24 °C.9 мая - ночью переменная облачность, +6...+8 °C, днем дождь, +22...+24 °C.10 мая - ночью дождь, +7...+9 °C, днем дождь и гроза, +18...+20 °C.11 мая - ночью дождь и гроза, +5...+7 °C, днем дождь, +18...+20 °C.Чолпон-Ата5 мая - дождь и гроза, ночью +8...+10 °C, днем +17...+19 °C.6 мая - облачно, ночью +9...+11 °C, днем +19...+21 °C.7 мая - ночью облачно, +9...+11 °C, днем переменная облачность, +20...+22 °C.8 мая - переменная облачность, ночью +8...+10 °C, днем +21...+23 °C.9 мая - ночью переменная облачность, +9...+11 °C, днем облачно, +21...+23 °C.10 мая - ночью дождь, +10...+12 °C, днем дождь и гроза, +17...+19 °C.11 мая - ночью дождь и гроза, +8...+10 °C, днем дождь, +17...+19 °C.Каракол5 мая - дождь и гроза, ночью +6...+8 °C, днем +20...+22 °C.6 мая - дождь, ночью +8...+10 °C, днем +22...+24 °C.7 мая - ночью облачно, +8...+10 °C, днем переменная облачность, +23...+25 °C.8 мая - переменная облачность, ночью +6...+8 °C, днем +24...+26 °C.9 мая - ночью переменная облачность, +7...+9 °C, днем облачно, +24...+26 °C.10 мая - ночью облачно, +8...+10 °C, днем дождь и гроза, +20...+22 °C.11 мая - ночью дождь и гроза, +6...+8 °C, днем дождь, +20...+21 °C. 5 мая - переменная облачность, ночью +11...+13 °C, днем +25...+27 °C.6 мая - переменная облачность, ночью +13...+15 °C, днем +28...+30 °C.7 мая - ночью без осадков, +15...+17 °C, днем ясно, +30...+32 °C.8 мая - переменная облачность, ночью +14...+16 °C, днем +28...+30 °C.9 мая - переменная облачность, ночью +14...+16 °C, днем +26...+28 °C.10 мая - ночью облачно, +13...+15 °C, днем дождь и гроза, +22...+24 °C.11 мая - ночью дождь и гроза, +11...+13 °C, днем дождь, +23...+25 °C.Манас5 мая - ночью облачно, +11...+13 °C, днем переменная облачность, +25...+27 °C.6 мая - переменная облачность, ночью +13...+15 °C, днем +28...+30 °C.7 мая - ночью без осадков, +15...+17 °C, днем ясно, +30...+32 °C.8 мая - переменная облачность, ночью +16...+18 °C, днем +30...+32 °C.9 мая - переменная облачность, ночью +16...+18 °C, днем +28...+30 °C.10 мая - ночью облачно, +15...+17 °C, днем дождь и гроза, +24...+26 °C.11 мая - ночью дождь и гроза, +13...+15 °C, днем дождь, +23...+25 °C.Талас5 мая - облачно, ночью +10...+12 °C, днем +22...+24 °C.6 мая - переменная облачность, ночью +12...+14 °C, днем +25...+27 °C.7 мая - ночью без осадков, +13...+15 °C, днем ясно, +27...+29 °C.8 мая - переменная облачность, ночью +13...+15 °C, днем +28...+30 °C.9 мая - ночью переменная облачность, +13...+15 °C, днем облачно, +23...+25 °C.10 мая - ночью облачно, +12...+14 °C, днем дождь и гроза, +20...+22 °C.11 мая - ночью дождь и гроза, +10...+15 °C, днем дождь, +21...+23 °C.Баткен5 мая - ночью облачно, +8...+10 °C, днем переменная облачность, +23...+25 °C.6 мая - переменная облачность, ночью +10...+12 °C, днем +26...+28 °C.7 мая - ночью без осадков, +12...+14 °C, днем ясно, +28...+30 °C.8 мая - переменная облачность, ночью +14...+16 °C, днем +28...+30 °C.9 мая - ночью переменная облачность, +14...+16 °C, днем облачно, +26...+28 °C.10 мая - ночью облачно, +13...+15 °C, днем дождь и гроза, +22...+24 °C.11 мая - ночью дождь и гроза, +11...+13 °C, днем дождь, +23...+25 °C.Нарын5 мая - дождь и гроза, ночью +8...+10 °C, днем +15...+17 °C.6 мая - дождь, ночью +8...+10 °C, днем +19...+21 °C.7 мая - переменная облачность, ночью +8...+10 °C, днем +21...+23 °C.8 мая - переменная облачность, ночью +8...+10 °C, днем +22...+24 °C.9 мая - ночью переменная облачность, +9...+11 °C, днем облачно, +23...+25 °C.10 мая - ночью дождь, +10...+12 °C, днем дождь и гроза, +19...+21 °C.11 мая - ночью дождь и гроза, +8...+10 °C, днем дождь, +19...+21 °C.Балыкчы5 мая - дождь и гроза, ночью +6...+8 °C, днем +18...+20 °C.6 мая - облачно, ночью +8...+10 °C, днем +20...+22 °C.7 мая - ночью облачно, +8...+10 °C, днем переменная облачность, +21...+26 °C.8 мая - переменная облачность, ночью +5...+7 °C, днем +22...+24 °C.9 мая - ночью переменная облачность, +6...+8 °C, днем дождь, +22...+24 °C.10 мая - ночью дождь, +7...+9 °C, днем дождь и гроза, +18...+20 °C.11 мая - ночью дождь и гроза, +5...+7 °C, днем дождь, +18...+20 °C.Чолпон-Ата5 мая - дождь и гроза, ночью +8...+10 °C, днем +17...+19 °C.6 мая - облачно, ночью +9...+11 °C, днем +19...+21 °C.7 мая - ночью облачно, +9...+11 °C, днем переменная облачность, +20...+22 °C.8 мая - переменная облачность, ночью +8...+10 °C, днем +21...+23 °C.9 мая - ночью переменная облачность, +9...+11 °C, днем облачно, +21...+23 °C.10 мая - ночью дождь, +10...+12 °C, днем дождь и гроза, +17...+19 °C.11 мая - ночью дождь и гроза, +8...+10 °C, днем дождь, +17...+19 °C.Каракол5 мая - дождь и гроза, ночью +6...+8 °C, днем +20...+22 °C.6 мая - дождь, ночью +8...+10 °C, днем +22...+24 °C.7 мая - ночью облачно, +8...+10 °C, днем переменная облачность, +23...+25 °C.8 мая - переменная облачность, ночью +6...+8 °C, днем +24...+26 °C.9 мая - ночью переменная облачность, +7...+9 °C, днем облачно, +24...+26 °C.10 мая - ночью облачно, +8...+10 °C, днем дождь и гроза, +20...+22 °C.11 мая - ночью дождь и гроза, +6...+8 °C, днем дождь, +20...+21 °C. Манас5 мая - ночью облачно, +11...+13 °C, днем переменная облачность, +25...+27 °C.6 мая - переменная облачность, ночью +13...+15 °C, днем +28...+30 °C.7 мая - ночью без осадков, +15...+17 °C, днем ясно, +30...+32 °C.8 мая - переменная облачность, ночью +16...+18 °C, днем +30...+32 °C.9 мая - переменная облачность, ночью +16...+18 °C, днем +28...+30 °C.10 мая - ночью облачно, +15...+17 °C, днем дождь и гроза, +24...+26 °C.11 мая - ночью дождь и гроза, +13...+15 °C, днем дождь, +23...+25 °C.Талас5 мая - облачно, ночью +10...+12 °C, днем +22...+24 °C.6 мая - переменная облачность, ночью +12...+14 °C, днем +25...+27 °C.7 мая - ночью без осадков, +13...+15 °C, днем ясно, +27...+29 °C.8 мая - переменная облачность, ночью +13...+15 °C, днем +28...+30 °C.9 мая - ночью переменная облачность, +13...+15 °C, днем облачно, +23...+25 °C.10 мая - ночью облачно, +12...+14 °C, днем дождь и гроза, +20...+22 °C.11 мая - ночью дождь и гроза, +10...+15 °C, днем дождь, +21...+23 °C.Баткен5 мая - ночью облачно, +8...+10 °C, днем переменная облачность, +23...+25 °C.6 мая - переменная облачность, ночью +10...+12 °C, днем +26...+28 °C.7 мая - ночью без осадков, +12...+14 °C, днем ясно, +28...+30 °C.8 мая - переменная облачность, ночью +14...+16 °C, днем +28...+30 °C.9 мая - ночью переменная облачность, +14...+16 °C, днем облачно, +26...+28 °C.10 мая - ночью облачно, +13...+15 °C, днем дождь и гроза, +22...+24 °C.11 мая - ночью дождь и гроза, +11...+13 °C, днем дождь, +23...+25 °C.Нарын5 мая - дождь и гроза, ночью +8...+10 °C, днем +15...+17 °C.6 мая - дождь, ночью +8...+10 °C, днем +19...+21 °C.7 мая - переменная облачность, ночью +8...+10 °C, днем +21...+23 °C.8 мая - переменная облачность, ночью +8...+10 °C, днем +22...+24 °C.9 мая - ночью переменная облачность, +9...+11 °C, днем облачно, +23...+25 °C.10 мая - ночью дождь, +10...+12 °C, днем дождь и гроза, +19...+21 °C.11 мая - ночью дождь и гроза, +8...+10 °C, днем дождь, +19...+21 °C.Балыкчы5 мая - дождь и гроза, ночью +6...+8 °C, днем +18...+20 °C.6 мая - облачно, ночью +8...+10 °C, днем +20...+22 °C.7 мая - ночью облачно, +8...+10 °C, днем переменная облачность, +21...+26 °C.8 мая - переменная облачность, ночью +5...+7 °C, днем +22...+24 °C.9 мая - ночью переменная облачность, +6...+8 °C, днем дождь, +22...+24 °C.10 мая - ночью дождь, +7...+9 °C, днем дождь и гроза, +18...+20 °C.11 мая - ночью дождь и гроза, +5...+7 °C, днем дождь, +18...+20 °C.Чолпон-Ата5 мая - дождь и гроза, ночью +8...+10 °C, днем +17...+19 °C.6 мая - облачно, ночью +9...+11 °C, днем +19...+21 °C.7 мая - ночью облачно, +9...+11 °C, днем переменная облачность, +20...+22 °C.8 мая - переменная облачность, ночью +8...+10 °C, днем +21...+23 °C.9 мая - ночью переменная облачность, +9...+11 °C, днем облачно, +21...+23 °C.10 мая - ночью дождь, +10...+12 °C, днем дождь и гроза, +17...+19 °C.11 мая - ночью дождь и гроза, +8...+10 °C, днем дождь, +17...+19 °C.Каракол5 мая - дождь и гроза, ночью +6...+8 °C, днем +20...+22 °C.6 мая - дождь, ночью +8...+10 °C, днем +22...+24 °C.7 мая - ночью облачно, +8...+10 °C, днем переменная облачность, +23...+25 °C.8 мая - переменная облачность, ночью +6...+8 °C, днем +24...+26 °C.9 мая - ночью переменная облачность, +7...+9 °C, днем облачно, +24...+26 °C.10 мая - ночью облачно, +8...+10 °C, днем дождь и гроза, +20...+22 °C.11 мая - ночью дождь и гроза, +6...+8 °C, днем дождь, +20...+21 °C. 5 мая - ночью облачно, +11...+13 °C, днем переменная облачность, +25...+27 °C.6 мая - переменная облачность, ночью +13...+15 °C, днем +28...+30 °C.7 мая - ночью без осадков, +15...+17 °C, днем ясно, +30...+32 °C.8 мая - переменная облачность, ночью +16...+18 °C, днем +30...+32 °C.9 мая - переменная облачность, ночью +16...+18 °C, днем +28...+30 °C.10 мая - ночью облачно, +15...+17 °C, днем дождь и гроза, +24...+26 °C.11 мая - ночью дождь и гроза, +13...+15 °C, днем дождь, +23...+25 °C.Талас5 мая - облачно, ночью +10...+12 °C, днем +22...+24 °C.6 мая - переменная облачность, ночью +12...+14 °C, днем +25...+27 °C.7 мая - ночью без осадков, +13...+15 °C, днем ясно, +27...+29 °C.8 мая - переменная облачность, ночью +13...+15 °C, днем +28...+30 °C.9 мая - ночью переменная облачность, +13...+15 °C, днем облачно, +23...+25 °C.10 мая - ночью облачно, +12...+14 °C, днем дождь и гроза, +20...+22 °C.11 мая - ночью дождь и гроза, +10...+15 °C, днем дождь, +21...+23 °C.Баткен5 мая - ночью облачно, +8...+10 °C, днем переменная облачность, +23...+25 °C.6 мая - переменная облачность, ночью +10...+12 °C, днем +26...+28 °C.7 мая - ночью без осадков, +12...+14 °C, днем ясно, +28...+30 °C.8 мая - переменная облачность, ночью +14...+16 °C, днем +28...+30 °C.9 мая - ночью переменная облачность, +14...+16 °C, днем облачно, +26...+28 °C.10 мая - ночью облачно, +13...+15 °C, днем дождь и гроза, +22...+24 °C.11 мая - ночью дождь и гроза, +11...+13 °C, днем дождь, +23...+25 °C.Нарын5 мая - дождь и гроза, ночью +8...+10 °C, днем +15...+17 °C.6 мая - дождь, ночью +8...+10 °C, днем +19...+21 °C.7 мая - переменная облачность, ночью +8...+10 °C, днем +21...+23 °C.8 мая - переменная облачность, ночью +8...+10 °C, днем +22...+24 °C.9 мая - ночью переменная облачность, +9...+11 °C, днем облачно, +23...+25 °C.10 мая - ночью дождь, +10...+12 °C, днем дождь и гроза, +19...+21 °C.11 мая - ночью дождь и гроза, +8...+10 °C, днем дождь, +19...+21 °C.Балыкчы5 мая - дождь и гроза, ночью +6...+8 °C, днем +18...+20 °C.6 мая - облачно, ночью +8...+10 °C, днем +20...+22 °C.7 мая - ночью облачно, +8...+10 °C, днем переменная облачность, +21...+26 °C.8 мая - переменная облачность, ночью +5...+7 °C, днем +22...+24 °C.9 мая - ночью переменная облачность, +6...+8 °C, днем дождь, +22...+24 °C.10 мая - ночью дождь, +7...+9 °C, днем дождь и гроза, +18...+20 °C.11 мая - ночью дождь и гроза, +5...+7 °C, днем дождь, +18...+20 °C.Чолпон-Ата5 мая - дождь и гроза, ночью +8...+10 °C, днем +17...+19 °C.6 мая - облачно, ночью +9...+11 °C, днем +19...+21 °C.7 мая - ночью облачно, +9...+11 °C, днем переменная облачность, +20...+22 °C.8 мая - переменная облачность, ночью +8...+10 °C, днем +21...+23 °C.9 мая - ночью переменная облачность, +9...+11 °C, днем облачно, +21...+23 °C.10 мая - ночью дождь, +10...+12 °C, днем дождь и гроза, +17...+19 °C.11 мая - ночью дождь и гроза, +8...+10 °C, днем дождь, +17...+19 °C.Каракол5 мая - дождь и гроза, ночью +6...+8 °C, днем +20...+22 °C.6 мая - дождь, ночью +8...+10 °C, днем +22...+24 °C.7 мая - ночью облачно, +8...+10 °C, днем переменная облачность, +23...+25 °C.8 мая - переменная облачность, ночью +6...+8 °C, днем +24...+26 °C.9 мая - ночью переменная облачность, +7...+9 °C, днем облачно, +24...+26 °C.10 мая - ночью облачно, +8...+10 °C, днем дождь и гроза, +20...+22 °C.11 мая - ночью дождь и гроза, +6...+8 °C, днем дождь, +20...+21 °C. Талас5 мая - облачно, ночью +10...+12 °C, днем +22...+24 °C.6 мая - переменная облачность, ночью +12...+14 °C, днем +25...+27 °C.7 мая - ночью без осадков, +13...+15 °C, днем ясно, +27...+29 °C.8 мая - переменная облачность, ночью +13...+15 °C, днем +28...+30 °C.9 мая - ночью переменная облачность, +13...+15 °C, днем облачно, +23...+25 °C.10 мая - ночью облачно, +12...+14 °C, днем дождь и гроза, +20...+22 °C.11 мая - ночью дождь и гроза, +10...+15 °C, днем дождь, +21...+23 °C.Баткен5 мая - ночью облачно, +8...+10 °C, днем переменная облачность, +23...+25 °C.6 мая - переменная облачность, ночью +10...+12 °C, днем +26...+28 °C.7 мая - ночью без осадков, +12...+14 °C, днем ясно, +28...+30 °C.8 мая - переменная облачность, ночью +14...+16 °C, днем +28...+30 °C.9 мая - ночью переменная облачность, +14...+16 °C, днем облачно, +26...+28 °C.10 мая - ночью облачно, +13...+15 °C, днем дождь и гроза, +22...+24 °C.11 мая - ночью дождь и гроза, +11...+13 °C, днем дождь, +23...+25 °C.Нарын5 мая - дождь и гроза, ночью +8...+10 °C, днем +15...+17 °C.6 мая - дождь, ночью +8...+10 °C, днем +19...+21 °C.7 мая - переменная облачность, ночью +8...+10 °C, днем +21...+23 °C.8 мая - переменная облачность, ночью +8...+10 °C, днем +22...+24 °C.9 мая - ночью переменная облачность, +9...+11 °C, днем облачно, +23...+25 °C.10 мая - ночью дождь, +10...+12 °C, днем дождь и гроза, +19...+21 °C.11 мая - ночью дождь и гроза, +8...+10 °C, днем дождь, +19...+21 °C.Балыкчы5 мая - дождь и гроза, ночью +6...+8 °C, днем +18...+20 °C.6 мая - облачно, ночью +8...+10 °C, днем +20...+22 °C.7 мая - ночью облачно, +8...+10 °C, днем переменная облачность, +21...+26 °C.8 мая - переменная облачность, ночью +5...+7 °C, днем +22...+24 °C.9 мая - ночью переменная облачность, +6...+8 °C, днем дождь, +22...+24 °C.10 мая - ночью дождь, +7...+9 °C, днем дождь и гроза, +18...+20 °C.11 мая - ночью дождь и гроза, +5...+7 °C, днем дождь, +18...+20 °C.Чолпон-Ата5 мая - дождь и гроза, ночью +8...+10 °C, днем +17...+19 °C.6 мая - облачно, ночью +9...+11 °C, днем +19...+21 °C.7 мая - ночью облачно, +9...+11 °C, днем переменная облачность, +20...+22 °C.8 мая - переменная облачность, ночью +8...+10 °C, днем +21...+23 °C.9 мая - ночью переменная облачность, +9...+11 °C, днем облачно, +21...+23 °C.10 мая - ночью дождь, +10...+12 °C, днем дождь и гроза, +17...+19 °C.11 мая - ночью дождь и гроза, +8...+10 °C, днем дождь, +17...+19 °C.Каракол5 мая - дождь и гроза, ночью +6...+8 °C, днем +20...+22 °C.6 мая - дождь, ночью +8...+10 °C, днем +22...+24 °C.7 мая - ночью облачно, +8...+10 °C, днем переменная облачность, +23...+25 °C.8 мая - переменная облачность, ночью +6...+8 °C, днем +24...+26 °C.9 мая - ночью переменная облачность, +7...+9 °C, днем облачно, +24...+26 °C.10 мая - ночью облачно, +8...+10 °C, днем дождь и гроза, +20...+22 °C.11 мая - ночью дождь и гроза, +6...+8 °C, днем дождь, +20...+21 °C. 5 мая - облачно, ночью +10...+12 °C, днем +22...+24 °C.6 мая - переменная облачность, ночью +12...+14 °C, днем +25...+27 °C.7 мая - ночью без осадков, +13...+15 °C, днем ясно, +27...+29 °C.8 мая - переменная облачность, ночью +13...+15 °C, днем +28...+30 °C.9 мая - ночью переменная облачность, +13...+15 °C, днем облачно, +23...+25 °C.10 мая - ночью облачно, +12...+14 °C, днем дождь и гроза, +20...+22 °C.11 мая - ночью дождь и гроза, +10...+15 °C, днем дождь, +21...+23 °C.Баткен5 мая - ночью облачно, +8...+10 °C, днем переменная облачность, +23...+25 °C.6 мая - переменная облачность, ночью +10...+12 °C, днем +26...+28 °C.7 мая - ночью без осадков, +12...+14 °C, днем ясно, +28...+30 °C.8 мая - переменная облачность, ночью +14...+16 °C, днем +28...+30 °C.9 мая - ночью переменная облачность, +14...+16 °C, днем облачно, +26...+28 °C.10 мая - ночью облачно, +13...+15 °C, днем дождь и гроза, +22...+24 °C.11 мая - ночью дождь и гроза, +11...+13 °C, днем дождь, +23...+25 °C.Нарын5 мая - дождь и гроза, ночью +8...+10 °C, днем +15...+17 °C.6 мая - дождь, ночью +8...+10 °C, днем +19...+21 °C.7 мая - переменная облачность, ночью +8...+10 °C, днем +21...+23 °C.8 мая - переменная облачность, ночью +8...+10 °C, днем +22...+24 °C.9 мая - ночью переменная облачность, +9...+11 °C, днем облачно, +23...+25 °C.10 мая - ночью дождь, +10...+12 °C, днем дождь и гроза, +19...+21 °C.11 мая - ночью дождь и гроза, +8...+10 °C, днем дождь, +19...+21 °C.Балыкчы5 мая - дождь и гроза, ночью +6...+8 °C, днем +18...+20 °C.6 мая - облачно, ночью +8...+10 °C, днем +20...+22 °C.7 мая - ночью облачно, +8...+10 °C, днем переменная облачность, +21...+26 °C.8 мая - переменная облачность, ночью +5...+7 °C, днем +22...+24 °C.9 мая - ночью переменная облачность, +6...+8 °C, днем дождь, +22...+24 °C.10 мая - ночью дождь, +7...+9 °C, днем дождь и гроза, +18...+20 °C.11 мая - ночью дождь и гроза, +5...+7 °C, днем дождь, +18...+20 °C.Чолпон-Ата5 мая - дождь и гроза, ночью +8...+10 °C, днем +17...+19 °C.6 мая - облачно, ночью +9...+11 °C, днем +19...+21 °C.7 мая - ночью облачно, +9...+11 °C, днем переменная облачность, +20...+22 °C.8 мая - переменная облачность, ночью +8...+10 °C, днем +21...+23 °C.9 мая - ночью переменная облачность, +9...+11 °C, днем облачно, +21...+23 °C.10 мая - ночью дождь, +10...+12 °C, днем дождь и гроза, +17...+19 °C.11 мая - ночью дождь и гроза, +8...+10 °C, днем дождь, +17...+19 °C.Каракол5 мая - дождь и гроза, ночью +6...+8 °C, днем +20...+22 °C.6 мая - дождь, ночью +8...+10 °C, днем +22...+24 °C.7 мая - ночью облачно, +8...+10 °C, днем переменная облачность, +23...+25 °C.8 мая - переменная облачность, ночью +6...+8 °C, днем +24...+26 °C.9 мая - ночью переменная облачность, +7...+9 °C, днем облачно, +24...+26 °C.10 мая - ночью облачно, +8...+10 °C, днем дождь и гроза, +20...+22 °C.11 мая - ночью дождь и гроза, +6...+8 °C, днем дождь, +20...+21 °C. Баткен5 мая - ночью облачно, +8...+10 °C, днем переменная облачность, +23...+25 °C.6 мая - переменная облачность, ночью +10...+12 °C, днем +26...+28 °C.7 мая - ночью без осадков, +12...+14 °C, днем ясно, +28...+30 °C.8 мая - переменная облачность, ночью +14...+16 °C, днем +28...+30 °C.9 мая - ночью переменная облачность, +14...+16 °C, днем облачно, +26...+28 °C.10 мая - ночью облачно, +13...+15 °C, днем дождь и гроза, +22...+24 °C.11 мая - ночью дождь и гроза, +11...+13 °C, днем дождь, +23...+25 °C.Нарын5 мая - дождь и гроза, ночью +8...+10 °C, днем +15...+17 °C.6 мая - дождь, ночью +8...+10 °C, днем +19...+21 °C.7 мая - переменная облачность, ночью +8...+10 °C, днем +21...+23 °C.8 мая - переменная облачность, ночью +8...+10 °C, днем +22...+24 °C.9 мая - ночью переменная облачность, +9...+11 °C, днем облачно, +23...+25 °C.10 мая - ночью дождь, +10...+12 °C, днем дождь и гроза, +19...+21 °C.11 мая - ночью дождь и гроза, +8...+10 °C, днем дождь, +19...+21 °C.Балыкчы5 мая - дождь и гроза, ночью +6...+8 °C, днем +18...+20 °C.6 мая - облачно, ночью +8...+10 °C, днем +20...+22 °C.7 мая - ночью облачно, +8...+10 °C, днем переменная облачность, +21...+26 °C.8 мая - переменная облачность, ночью +5...+7 °C, днем +22...+24 °C.9 мая - ночью переменная облачность, +6...+8 °C, днем дождь, +22...+24 °C.10 мая - ночью дождь, +7...+9 °C, днем дождь и гроза, +18...+20 °C.11 мая - ночью дождь и гроза, +5...+7 °C, днем дождь, +18...+20 °C.Чолпон-Ата5 мая - дождь и гроза, ночью +8...+10 °C, днем +17...+19 °C.6 мая - облачно, ночью +9...+11 °C, днем +19...+21 °C.7 мая - ночью облачно, +9...+11 °C, днем переменная облачность, +20...+22 °C.8 мая - переменная облачность, ночью +8...+10 °C, днем +21...+23 °C.9 мая - ночью переменная облачность, +9...+11 °C, днем облачно, +21...+23 °C.10 мая - ночью дождь, +10...+12 °C, днем дождь и гроза, +17...+19 °C.11 мая - ночью дождь и гроза, +8...+10 °C, днем дождь, +17...+19 °C.Каракол5 мая - дождь и гроза, ночью +6...+8 °C, днем +20...+22 °C.6 мая - дождь, ночью +8...+10 °C, днем +22...+24 °C.7 мая - ночью облачно, +8...+10 °C, днем переменная облачность, +23...+25 °C.8 мая - переменная облачность, ночью +6...+8 °C, днем +24...+26 °C.9 мая - ночью переменная облачность, +7...+9 °C, днем облачно, +24...+26 °C.10 мая - ночью облачно, +8...+10 °C, днем дождь и гроза, +20...+22 °C.11 мая - ночью дождь и гроза, +6...+8 °C, днем дождь, +20...+21 °C. 5 мая - ночью облачно, +8...+10 °C, днем переменная облачность, +23...+25 °C.6 мая - переменная облачность, ночью +10...+12 °C, днем +26...+28 °C.7 мая - ночью без осадков, +12...+14 °C, днем ясно, +28...+30 °C.8 мая - переменная облачность, ночью +14...+16 °C, днем +28...+30 °C.9 мая - ночью переменная облачность, +14...+16 °C, днем облачно, +26...+28 °C.10 мая - ночью облачно, +13...+15 °C, днем дождь и гроза, +22...+24 °C.11 мая - ночью дождь и гроза, +11...+13 °C, днем дождь, +23...+25 °C.Нарын5 мая - дождь и гроза, ночью +8...+10 °C, днем +15...+17 °C.6 мая - дождь, ночью +8...+10 °C, днем +19...+21 °C.7 мая - переменная облачность, ночью +8...+10 °C, днем +21...+23 °C.8 мая - переменная облачность, ночью +8...+10 °C, днем +22...+24 °C.9 мая - ночью переменная облачность, +9...+11 °C, днем облачно, +23...+25 °C.10 мая - ночью дождь, +10...+12 °C, днем дождь и гроза, +19...+21 °C.11 мая - ночью дождь и гроза, +8...+10 °C, днем дождь, +19...+21 °C.Балыкчы5 мая - дождь и гроза, ночью +6...+8 °C, днем +18...+20 °C.6 мая - облачно, ночью +8...+10 °C, днем +20...+22 °C.7 мая - ночью облачно, +8...+10 °C, днем переменная облачность, +21...+26 °C.8 мая - переменная облачность, ночью +5...+7 °C, днем +22...+24 °C.9 мая - ночью переменная облачность, +6...+8 °C, днем дождь, +22...+24 °C.10 мая - ночью дождь, +7...+9 °C, днем дождь и гроза, +18...+20 °C.11 мая - ночью дождь и гроза, +5...+7 °C, днем дождь, +18...+20 °C.Чолпон-Ата5 мая - дождь и гроза, ночью +8...+10 °C, днем +17...+19 °C.6 мая - облачно, ночью +9...+11 °C, днем +19...+21 °C.7 мая - ночью облачно, +9...+11 °C, днем переменная облачность, +20...+22 °C.8 мая - переменная облачность, ночью +8...+10 °C, днем +21...+23 °C.9 мая - ночью переменная облачность, +9...+11 °C, днем облачно, +21...+23 °C.10 мая - ночью дождь, +10...+12 °C, днем дождь и гроза, +17...+19 °C.11 мая - ночью дождь и гроза, +8...+10 °C, днем дождь, +17...+19 °C.Каракол5 мая - дождь и гроза, ночью +6...+8 °C, днем +20...+22 °C.6 мая - дождь, ночью +8...+10 °C, днем +22...+24 °C.7 мая - ночью облачно, +8...+10 °C, днем переменная облачность, +23...+25 °C.8 мая - переменная облачность, ночью +6...+8 °C, днем +24...+26 °C.9 мая - ночью переменная облачность, +7...+9 °C, днем облачно, +24...+26 °C.10 мая - ночью облачно, +8...+10 °C, днем дождь и гроза, +20...+22 °C.11 мая - ночью дождь и гроза, +6...+8 °C, днем дождь, +20...+21 °C. Нарын5 мая - дождь и гроза, ночью +8...+10 °C, днем +15...+17 °C.6 мая - дождь, ночью +8...+10 °C, днем +19...+21 °C.7 мая - переменная облачность, ночью +8...+10 °C, днем +21...+23 °C.8 мая - переменная облачность, ночью +8...+10 °C, днем +22...+24 °C.9 мая - ночью переменная облачность, +9...+11 °C, днем облачно, +23...+25 °C.10 мая - ночью дождь, +10...+12 °C, днем дождь и гроза, +19...+21 °C.11 мая - ночью дождь и гроза, +8...+10 °C, днем дождь, +19...+21 °C.Балыкчы5 мая - дождь и гроза, ночью +6...+8 °C, днем +18...+20 °C.6 мая - облачно, ночью +8...+10 °C, днем +20...+22 °C.7 мая - ночью облачно, +8...+10 °C, днем переменная облачность, +21...+26 °C.8 мая - переменная облачность, ночью +5...+7 °C, днем +22...+24 °C.9 мая - ночью переменная облачность, +6...+8 °C, днем дождь, +22...+24 °C.10 мая - ночью дождь, +7...+9 °C, днем дождь и гроза, +18...+20 °C.11 мая - ночью дождь и гроза, +5...+7 °C, днем дождь, +18...+20 °C.Чолпон-Ата5 мая - дождь и гроза, ночью +8...+10 °C, днем +17...+19 °C.6 мая - облачно, ночью +9...+11 °C, днем +19...+21 °C.7 мая - ночью облачно, +9...+11 °C, днем переменная облачность, +20...+22 °C.8 мая - переменная облачность, ночью +8...+10 °C, днем +21...+23 °C.9 мая - ночью переменная облачность, +9...+11 °C, днем облачно, +21...+23 °C.10 мая - ночью дождь, +10...+12 °C, днем дождь и гроза, +17...+19 °C.11 мая - ночью дождь и гроза, +8...+10 °C, днем дождь, +17...+19 °C.Каракол5 мая - дождь и гроза, ночью +6...+8 °C, днем +20...+22 °C.6 мая - дождь, ночью +8...+10 °C, днем +22...+24 °C.7 мая - ночью облачно, +8...+10 °C, днем переменная облачность, +23...+25 °C.8 мая - переменная облачность, ночью +6...+8 °C, днем +24...+26 °C.9 мая - ночью переменная облачность, +7...+9 °C, днем облачно, +24...+26 °C.10 мая - ночью облачно, +8...+10 °C, днем дождь и гроза, +20...+22 °C.11 мая - ночью дождь и гроза, +6...+8 °C, днем дождь, +20...+21 °C. 5 мая - дождь и гроза, ночью +8...+10 °C, днем +15...+17 °C.6 мая - дождь, ночью +8...+10 °C, днем +19...+21 °C.7 мая - переменная облачность, ночью +8...+10 °C, днем +21...+23 °C.8 мая - переменная облачность, ночью +8...+10 °C, днем +22...+24 °C.9 мая - ночью переменная облачность, +9...+11 °C, днем облачно, +23...+25 °C.10 мая - ночью дождь, +10...+12 °C, днем дождь и гроза, +19...+21 °C.11 мая - ночью дождь и гроза, +8...+10 °C, днем дождь, +19...+21 °C.Балыкчы5 мая - дождь и гроза, ночью +6...+8 °C, днем +18...+20 °C.6 мая - облачно, ночью +8...+10 °C, днем +20...+22 °C.7 мая - ночью облачно, +8...+10 °C, днем переменная облачность, +21...+26 °C.8 мая - переменная облачность, ночью +5...+7 °C, днем +22...+24 °C.9 мая - ночью переменная облачность, +6...+8 °C, днем дождь, +22...+24 °C.10 мая - ночью дождь, +7...+9 °C, днем дождь и гроза, +18...+20 °C.11 мая - ночью дождь и гроза, +5...+7 °C, днем дождь, +18...+20 °C.Чолпон-Ата5 мая - дождь и гроза, ночью +8...+10 °C, днем +17...+19 °C.6 мая - облачно, ночью +9...+11 °C, днем +19...+21 °C.7 мая - ночью облачно, +9...+11 °C, днем переменная облачность, +20...+22 °C.8 мая - переменная облачность, ночью +8...+10 °C, днем +21...+23 °C.9 мая - ночью переменная облачность, +9...+11 °C, днем облачно, +21...+23 °C.10 мая - ночью дождь, +10...+12 °C, днем дождь и гроза, +17...+19 °C.11 мая - ночью дождь и гроза, +8...+10 °C, днем дождь, +17...+19 °C.Каракол5 мая - дождь и гроза, ночью +6...+8 °C, днем +20...+22 °C.6 мая - дождь, ночью +8...+10 °C, днем +22...+24 °C.7 мая - ночью облачно, +8...+10 °C, днем переменная облачность, +23...+25 °C.8 мая - переменная облачность, ночью +6...+8 °C, днем +24...+26 °C.9 мая - ночью переменная облачность, +7...+9 °C, днем облачно, +24...+26 °C.10 мая - ночью облачно, +8...+10 °C, днем дождь и гроза, +20...+22 °C.11 мая - ночью дождь и гроза, +6...+8 °C, днем дождь, +20...+21 °C. Балыкчы5 мая - дождь и гроза, ночью +6...+8 °C, днем +18...+20 °C.6 мая - облачно, ночью +8...+10 °C, днем +20...+22 °C.7 мая - ночью облачно, +8...+10 °C, днем переменная облачность, +21...+26 °C.8 мая - переменная облачность, ночью +5...+7 °C, днем +22...+24 °C.9 мая - ночью переменная облачность, +6...+8 °C, днем дождь, +22...+24 °C.10 мая - ночью дождь, +7...+9 °C, днем дождь и гроза, +18...+20 °C.11 мая - ночью дождь и гроза, +5...+7 °C, днем дождь, +18...+20 °C.Чолпон-Ата5 мая - дождь и гроза, ночью +8...+10 °C, днем +17...+19 °C.6 мая - облачно, ночью +9...+11 °C, днем +19...+21 °C.7 мая - ночью облачно, +9...+11 °C, днем переменная облачность, +20...+22 °C.8 мая - переменная облачность, ночью +8...+10 °C, днем +21...+23 °C.9 мая - ночью переменная облачность, +9...+11 °C, днем облачно, +21...+23 °C.10 мая - ночью дождь, +10...+12 °C, днем дождь и гроза, +17...+19 °C.11 мая - ночью дождь и гроза, +8...+10 °C, днем дождь, +17...+19 °C.Каракол5 мая - дождь и гроза, ночью +6...+8 °C, днем +20...+22 °C.6 мая - дождь, ночью +8...+10 °C, днем +22...+24 °C.7 мая - ночью облачно, +8...+10 °C, днем переменная облачность, +23...+25 °C.8 мая - переменная облачность, ночью +6...+8 °C, днем +24...+26 °C.9 мая - ночью переменная облачность, +7...+9 °C, днем облачно, +24...+26 °C.10 мая - ночью облачно, +8...+10 °C, днем дождь и гроза, +20...+22 °C.11 мая - ночью дождь и гроза, +6...+8 °C, днем дождь, +20...+21 °C. 5 мая - дождь и гроза, ночью +6...+8 °C, днем +18...+20 °C.6 мая - облачно, ночью +8...+10 °C, днем +20...+22 °C.7 мая - ночью облачно, +8...+10 °C, днем переменная облачность, +21...+26 °C.8 мая - переменная облачность, ночью +5...+7 °C, днем +22...+24 °C.9 мая - ночью переменная облачность, +6...+8 °C, днем дождь, +22...+24 °C.10 мая - ночью дождь, +7...+9 °C, днем дождь и гроза, +18...+20 °C.11 мая - ночью дождь и гроза, +5...+7 °C, днем дождь, +18...+20 °C.Чолпон-Ата5 мая - дождь и гроза, ночью +8...+10 °C, днем +17...+19 °C.6 мая - облачно, ночью +9...+11 °C, днем +19...+21 °C.7 мая - ночью облачно, +9...+11 °C, днем переменная облачность, +20...+22 °C.8 мая - переменная облачность, ночью +8...+10 °C, днем +21...+23 °C.9 мая - ночью переменная облачность, +9...+11 °C, днем облачно, +21...+23 °C.10 мая - ночью дождь, +10...+12 °C, днем дождь и гроза, +17...+19 °C.11 мая - ночью дождь и гроза, +8...+10 °C, днем дождь, +17...+19 °C.Каракол5 мая - дождь и гроза, ночью +6...+8 °C, днем +20...+22 °C.6 мая - дождь, ночью +8...+10 °C, днем +22...+24 °C.7 мая - ночью облачно, +8...+10 °C, днем переменная облачность, +23...+25 °C.8 мая - переменная облачность, ночью +6...+8 °C, днем +24...+26 °C.9 мая - ночью переменная облачность, +7...+9 °C, днем облачно, +24...+26 °C.10 мая - ночью облачно, +8...+10 °C, днем дождь и гроза, +20...+22 °C.11 мая - ночью дождь и гроза, +6...+8 °C, днем дождь, +20...+21 °C. Чолпон-Ата5 мая - дождь и гроза, ночью +8...+10 °C, днем +17...+19 °C.6 мая - облачно, ночью +9...+11 °C, днем +19...+21 °C.7 мая - ночью облачно, +9...+11 °C, днем переменная облачность, +20...+22 °C.8 мая - переменная облачность, ночью +8...+10 °C, днем +21...+23 °C.9 мая - ночью переменная облачность, +9...+11 °C, днем облачно, +21...+23 °C.10 мая - ночью дождь, +10...+12 °C, днем дождь и гроза, +17...+19 °C.11 мая - ночью дождь и гроза, +8...+10 °C, днем дождь, +17...+19 °C.Каракол5 мая - дождь и гроза, ночью +6...+8 °C, днем +20...+22 °C.6 мая - дождь, ночью +8...+10 °C, днем +22...+24 °C.7 мая - ночью облачно, +8...+10 °C, днем переменная облачность, +23...+25 °C.8 мая - переменная облачность, ночью +6...+8 °C, днем +24...+26 °C.9 мая - ночью переменная облачность, +7...+9 °C, днем облачно, +24...+26 °C.10 мая - ночью облачно, +8...+10 °C, днем дождь и гроза, +20...+22 °C.11 мая - ночью дождь и гроза, +6...+8 °C, днем дождь, +20...+21 °C. 5 мая - дождь и гроза, ночью +8...+10 °C, днем +17...+19 °C.6 мая - облачно, ночью +9...+11 °C, днем +19...+21 °C.7 мая - ночью облачно, +9...+11 °C, днем переменная облачность, +20...+22 °C.8 мая - переменная облачность, ночью +8...+10 °C, днем +21...+23 °C.9 мая - ночью переменная облачность, +9...+11 °C, днем облачно, +21...+23 °C.10 мая - ночью дождь, +10...+12 °C, днем дождь и гроза, +17...+19 °C.11 мая - ночью дождь и гроза, +8...+10 °C, днем дождь, +17...+19 °C.Каракол5 мая - дождь и гроза, ночью +6...+8 °C, днем +20...+22 °C.6 мая - дождь, ночью +8...+10 °C, днем +22...+24 °C.7 мая - ночью облачно, +8...+10 °C, днем переменная облачность, +23...+25 °C.8 мая - переменная облачность, ночью +6...+8 °C, днем +24...+26 °C.9 мая - ночью переменная облачность, +7...+9 °C, днем облачно, +24...+26 °C.10 мая - ночью облачно, +8...+10 °C, днем дождь и гроза, +20...+22 °C.11 мая - ночью дождь и гроза, +6...+8 °C, днем дождь, +20...+21 °C. Каракол5 мая - дождь и гроза, ночью +6...+8 °C, днем +20...+22 °C.6 мая - дождь, ночью +8...+10 °C, днем +22...+24 °C.7 мая - ночью облачно, +8...+10 °C, днем переменная облачность, +23...+25 °C.8 мая - переменная облачность, ночью +6...+8 °C, днем +24...+26 °C.9 мая - ночью переменная облачность, +7...+9 °C, днем облачно, +24...+26 °C.10 мая - ночью облачно, +8...+10 °C, днем дождь и гроза, +20...+22 °C.11 мая - ночью дождь и гроза, +6...+8 °C, днем дождь, +20...+21 °C. 5 мая - дождь и гроза, ночью +6...+8 °C, днем +20...+22 °C.6 мая - дождь, ночью +8...+10 °C, днем +22...+24 °C.7 мая - ночью облачно, +8...+10 °C, днем переменная облачность, +23...+25 °C.8 мая - переменная облачность, ночью +6...+8 °C, днем +24...+26 °C.9 мая - ночью переменная облачность, +7...+9 °C, днем облачно, +24...+26 °C.10 мая - ночью облачно, +8...+10 °C, днем дождь и гроза, +20...+22 °C.11 мая - ночью дождь и гроза, +6...+8 °C, днем дождь, +20...+21 °C.",kaktus.media,https://kaktus.media/doc/545581_oblachno_mestami_dojdi._prognoz_pogody_v_bishkeke_i_po_kyrgyzstany.html,2026-05-04T21:00:23+06:00,kyrgyz,0,high,news_site
17d2afab-b461-490f-84b0-c3ef3fb5d42f,По улицам невозможно пройти: Бишкек снова топит после дождя (видео),"Житель Бишкека пожаловался на подтопления в городе после обильных дождей. Обращение поступило в редакциюKaktus.media. По словам читателя, из-за осадков в отдельных районах города скопилась вода. Он считает, что проблема связана с плохой работой ирригационной и дренажной систем. ""В городе полнейший хаос, все топит, рушится, ирригация - ноль. Асфальт уложили, а лотки, дренажные системы не учли. Мэрия, акимиаты Ленинского и Первомайского районов молчат, не хотят решать. А бегать за окурками, влог снимать - так они тут как тут"", - рассказал читатель. Отметим, что сегодня, 4 мая, с утра в Бишкеке идет обильный дождь. Осадки продолжаются на протяжении нескольких часов.",kaktus.media,https://kaktus.media/doc/545561_po_ylicam_nevozmojno_proyti:_bishkek_snova_topit_posle_dojdia_video.html,2026-05-04T13:59:16+06:00,kyrgyz,0,high,news_site
44c42dc1-7bab-4e3b-a651-e744ce4f61f3,2-11 мая в части Бишкека отключат свет (список улиц),"Бишкекское предприятие электрических сетей предупредило о возможном отключении электроэнергии в части Бишкека2, 3, 4, 6 и 11 мая. Информация указана на сайтах распредкомпании. Отмечается, что отключения связаны с плановым техобслуживанием электросетей. Западный РЭС:09:00-17:00жилмассив ""Ак-Ордо"", улицы Айгуль-Тоо, Торугарт, Кок-Бел, Карагыр-АтаСеверный РЭС:09:00-17:00с. Маевка, пер. Садовый, улицы Садовая, Курманалиева, Молодой Гвардии3 мая, воскресеньеЗападный РЭС:09:00-17:00жилмассив ""Арча-Бешик"", улицы Ак-Марал и Шабдан4 мая, понедельникСеверный РЭС:09:00-17:00с. Маевка, пер. Садовый, ул. Садовая, Курманалиева, Молодой Гвардии09:30-17:00жилмассив ""Калыс-Ордо"", улицы Калыс-Ордо-9, -126 мая, средаСеверный РЭС:09:30-17:00жилмассив ""Калыс-Ордо"", улицы Калыс-Ордо-9, -1211 мая, понедельникВосточный РЭС:09:30-17:30ул. Московская, 39, 41, 41а, 41б, 41г, 54, 56, 58ул. Ибраимова, 33а, 35, 37, 57ул. Чокморова, 7, детский сад №35Западный РЭС:09:00-17:00жилмассив ""Ак-Орго"", улицы Таттыбубу и Садыковаул. Исанова, 145отрезки ул. Токтоналиеважилмассив ""Ак-Ордо"", улицы Карагыр-Ата и Кок-БелСеверный РЭС:09:00-17:00жилмассив ""Ак-Босого"", улицы Чуй-49, -50, -51, -52с. Мраморное, ул. Ак-Чий09:00-18:00улицы Фучика, Ленскаятерритория автобазы №3, спорткомплекс ""Динамо"", АЗС №3, ОсОО ""ВЕГА""Аламудунский РЭС:09:00-13:00жилмассив ""Кырман"", 20га, улицы Радужная и Зернотокс. Константиновка, ул. Первомайскаяс. Дачное, ул. Восточнаяс. Константиновка, улицы Чуйская и Цветочнаяс. Луговое, ул. Северная09:00-17:00с. Байтикс. Бир-Булак, улицы Кутманова, Бейшембаева, ж/м №32, 40га, Эсенбай-Ата, Турсуматовас. Лебединовка, Городок энергетиков13:00-17:00жилмассив ""Кырман"", Тунгуч 44га, улицы Арашан, Ак-Кайын, Тилебалды-Ата, Нур-Асманс. Константиновка, улицы Новая, Садовая, Молодежная, Береговая, Первомайская, ШкольнаяКонтакты диспетчерских службCall-центр - 1209, 105;0772 00 12 09;0702 00 12 09;0556 00 12 09 (WhatsApp).Бишкекское предприятие электрических сетей приносит извинения абонентам за неудобства, возникшие в связи с проведением работ.Больше новостей и видео в Telegram-каналеKaktus.media. 09:00-17:00жилмассив ""Ак-Ордо"", улицы Айгуль-Тоо, Торугарт, Кок-Бел, Карагыр-АтаСеверный РЭС:09:00-17:00с. Маевка, пер. Садовый, улицы Садовая, Курманалиева, Молодой Гвардии3 мая, воскресеньеЗападный РЭС:09:00-17:00жилмассив ""Арча-Бешик"", улицы Ак-Марал и Шабдан4 мая, понедельникСеверный РЭС:09:00-17:00с. Маевка, пер. Садовый, ул. Садовая, Курманалиева, Молодой Гвардии09:30-17:00жилмассив ""Калыс-Ордо"", улицы Калыс-Ордо-9, -126 мая, средаСеверный РЭС:09:30-17:00жилмассив ""Калыс-Ордо"", улицы Калыс-Ордо-9, -1211 мая, понедельникВосточный РЭС:09:30-17:30ул. Московская, 39, 41, 41а, 41б, 41г, 54, 56, 58ул. Ибраимова, 33а, 35, 37, 57ул. Чокморова, 7, детский сад №35Западный РЭС:09:00-17:00жилмассив ""Ак-Орго"", улицы Таттыбубу и Садыковаул. Исанова, 145отрезки ул. Токтоналиеважилмассив ""Ак-Ордо"", улицы Карагыр-Ата и Кок-БелСеверный РЭС:09:00-17:00жилмассив ""Ак-Босого"", улицы Чуй-49, -50, -51, -52с. Мраморное, ул. Ак-Чий09:00-18:00улицы Фучика, Ленскаятерритория автобазы №3, спорткомплекс ""Динамо"", АЗС №3, ОсОО ""ВЕГА""Аламудунский РЭС:09:00-13:00жилмассив ""Кырман"", 20га, улицы Радужная и Зернотокс. Константиновка, ул. Первомайскаяс. Дачное, ул. Восточнаяс. Константиновка, улицы Чуйская и Цветочнаяс. Луговое, ул. Северная09:00-17:00с. Байтикс. Бир-Булак, улицы Кутманова, Бейшембаева, ж/м №32, 40га, Эсенбай-Ата, Турсуматовас. Лебединовка, Городок энергетиков13:00-17:00жилмассив ""Кырман"", Тунгуч 44га, улицы Арашан, Ак-Кайын, Тилебалды-Ата, Нур-Асманс. Константиновка, улицы Новая, Садовая, Молодежная, Береговая, Первомайская, ШкольнаяКонтакты диспетчерских службCall-центр - 1209, 105;0772 00 12 09;0702 00 12 09;0556 00 12 09 (WhatsApp).Бишкекское предприятие электрических сетей приносит извинения абонентам за неудобства, возникшие в связи с проведением работ.Больше новостей и видео в Telegram-каналеKaktus.media. жилмассив ""Ак-Ордо"", улицы Айгуль-Тоо, Торугарт, Кок-Бел, Карагыр-АтаСеверный РЭС:09:00-17:00с. Маевка, пер. Садовый, улицы Садовая, Курманалиева, Молодой Гвардии3 мая, воскресеньеЗападный РЭС:09:00-17:00жилмассив ""Арча-Бешик"", улицы Ак-Марал и Шабдан4 мая, понедельникСеверный РЭС:09:00-17:00с. Маевка, пер. Садовый, ул. Садовая, Курманалиева, Молодой Гвардии09:30-17:00жилмассив ""Калыс-Ордо"", улицы Калыс-Ордо-9, -126 мая, средаСеверный РЭС:09:30-17:00жилмассив ""Калыс-Ордо"", улицы Калыс-Ордо-9, -1211 мая, понедельникВосточный РЭС:09:30-17:30ул. Московская, 39, 41, 41а, 41б, 41г, 54, 56, 58ул. Ибраимова, 33а, 35, 37, 57ул. Чокморова, 7, детский сад №35Западный РЭС:09:00-17:00жилмассив ""Ак-Орго"", улицы Таттыбубу и Садыковаул. Исанова, 145отрезки ул. Токтоналиеважилмассив ""Ак-Ордо"", улицы Карагыр-Ата и Кок-БелСеверный РЭС:09:00-17:00жилмассив ""Ак-Босого"", улицы Чуй-49, -50, -51, -52с. Мраморное, ул. Ак-Чий09:00-18:00улицы Фучика, Ленскаятерритория автобазы №3, спорткомплекс ""Динамо"", АЗС №3, ОсОО ""ВЕГА""Аламудунский РЭС:09:00-13:00жилмассив ""Кырман"", 20га, улицы Радужная и Зернотокс. Константиновка, ул. Первомайскаяс. Дачное, ул. Восточнаяс. Константиновка, улицы Чуйская и Цветочнаяс. Луговое, ул. Северная09:00-17:00с. Байтикс. Бир-Булак, улицы Кутманова, Бейшембаева, ж/м №32, 40га, Эсенбай-Ата, Турсуматовас. Лебединовка, Городок энергетиков13:00-17:00жилмассив ""Кырман"", Тунгуч 44га, улицы Арашан, Ак-Кайын, Тилебалды-Ата, Нур-Асманс. Константиновка, улицы Новая, Садовая, Молодежная, Береговая, Первомайская, ШкольнаяКонтакты диспетчерских службCall-центр - 1209, 105;0772 00 12 09;0702 00 12 09;0556 00 12 09 (WhatsApp).Бишкекское предприятие электрических сетей приносит извинения абонентам за неудобства, возникшие в связи с проведением работ.Больше новостей и видео в Telegram-каналеKaktus.media. Северный РЭС:09:00-17:00с. Маевка, пер. Садовый, улицы Садовая, Курманалиева, Молодой Гвардии3 мая, воскресеньеЗападный РЭС:09:00-17:00жилмассив ""Арча-Бешик"", улицы Ак-Марал и Шабдан4 мая, понедельникСеверный РЭС:09:00-17:00с. Маевка, пер. Садовый, ул. Садовая, Курманалиева, Молодой Гвардии09:30-17:00жилмассив ""Калыс-Ордо"", улицы Калыс-Ордо-9, -126 мая, средаСеверный РЭС:09:30-17:00жилмассив ""Калыс-Ордо"", улицы Калыс-Ордо-9, -1211 мая, понедельникВосточный РЭС:09:30-17:30ул. Московская, 39, 41, 41а, 41б, 41г, 54, 56, 58ул. Ибраимова, 33а, 35, 37, 57ул. Чокморова, 7, детский сад №35Западный РЭС:09:00-17:00жилмассив ""Ак-Орго"", улицы Таттыбубу и Садыковаул. Исанова, 145отрезки ул. Токтоналиеважилмассив ""Ак-Ордо"", улицы Карагыр-Ата и Кок-БелСеверный РЭС:09:00-17:00жилмассив ""Ак-Босого"", улицы Чуй-49, -50, -51, -52с. Мраморное, ул. Ак-Чий09:00-18:00улицы Фучика, Ленскаятерритория автобазы №3, спорткомплекс ""Динамо"", АЗС №3, ОсОО ""ВЕГА""Аламудунский РЭС:09:00-13:00жилмассив ""Кырман"", 20га, улицы Радужная и Зернотокс. Константиновка, ул. Первомайскаяс. Дачное, ул. Восточнаяс. Константиновка, улицы Чуйская и Цветочнаяс. Луговое, ул. Северная09:00-17:00с. Байтикс. Бир-Булак, улицы Кутманова, Бейшембаева, ж/м №32, 40га, Эсенбай-Ата, Турсуматовас. Лебединовка, Городок энергетиков13:00-17:00жилмассив ""Кырман"", Тунгуч 44га, улицы Арашан, Ак-Кайын, Тилебалды-Ата, Нур-Асманс. Константиновка, улицы Новая, Садовая, Молодежная, Береговая, Первомайская, ШкольнаяКонтакты диспетчерских службCall-центр - 1209, 105;0772 00 12 09;0702 00 12 09;0556 00 12 09 (WhatsApp).Бишкекское предприятие электрических сетей приносит извинения абонентам за неудобства, возникшие в связи с проведением работ.Больше новостей и видео в Telegram-каналеKaktus.media. 09:00-17:00с. Маевка, пер. Садовый, улицы Садовая, Курманалиева, Молодой Гвардии3 мая, воскресеньеЗападный РЭС:09:00-17:00жилмассив ""Арча-Бешик"", улицы Ак-Марал и Шабдан4 мая, понедельникСеверный РЭС:09:00-17:00с. Маевка, пер. Садовый, ул. Садовая, Курманалиева, Молодой Гвардии09:30-17:00жилмассив ""Калыс-Ордо"", улицы Калыс-Ордо-9, -126 мая, средаСеверный РЭС:09:30-17:00жилмассив ""Калыс-Ордо"", улицы Калыс-Ордо-9, -1211 мая, понедельникВосточный РЭС:09:30-17:30ул. Московская, 39, 41, 41а, 41б, 41г, 54, 56, 58ул. Ибраимова, 33а, 35, 37, 57ул. Чокморова, 7, детский сад №35Западный РЭС:09:00-17:00жилмассив ""Ак-Орго"", улицы Таттыбубу и Садыковаул. Исанова, 145отрезки ул. Токтоналиеважилмассив ""Ак-Ордо"", улицы Карагыр-Ата и Кок-БелСеверный РЭС:09:00-17:00жилмассив ""Ак-Босого"", улицы Чуй-49, -50, -51, -52с. Мраморное, ул. Ак-Чий09:00-18:00улицы Фучика, Ленскаятерритория автобазы №3, спорткомплекс ""Динамо"", АЗС №3, ОсОО ""ВЕГА""Аламудунский РЭС:09:00-13:00жилмассив ""Кырман"", 20га, улицы Радужная и Зернотокс. Константиновка, ул. Первомайскаяс. Дачное, ул. Восточнаяс. Константиновка, улицы Чуйская и Цветочнаяс. Луговое, ул. Северная09:00-17:00с. Байтикс. Бир-Булак, улицы Кутманова, Бейшембаева, ж/м №32, 40га, Эсенбай-Ата, Турсуматовас. Лебединовка, Городок энергетиков13:00-17:00жилмассив ""Кырман"", Тунгуч 44га, улицы Арашан, Ак-Кайын, Тилебалды-Ата, Нур-Асманс. Константиновка, улицы Новая, Садовая, Молодежная, Береговая, Первомайская, ШкольнаяКонтакты диспетчерских службCall-центр - 1209, 105;0772 00 12 09;0702 00 12 09;0556 00 12 09 (WhatsApp).Бишкекское предприятие электрических сетей приносит извинения абонентам за неудобства, возникшие в связи с проведением работ.Больше новостей и видео в Telegram-каналеKaktus.media. с. Маевка, пер. Садовый, улицы Садовая, Курманалиева, Молодой Гвардии3 мая, воскресеньеЗападный РЭС:09:00-17:00жилмассив ""Арча-Бешик"", улицы Ак-Марал и Шабдан4 мая, понедельникСеверный РЭС:09:00-17:00с. Маевка, пер. Садовый, ул. Садовая, Курманалиева, Молодой Гвардии09:30-17:00жилмассив ""Калыс-Ордо"", улицы Калыс-Ордо-9, -126 мая, средаСеверный РЭС:09:30-17:00жилмассив ""Калыс-Ордо"", улицы Калыс-Ордо-9, -1211 мая, понедельникВосточный РЭС:09:30-17:30ул. Московская, 39, 41, 41а, 41б, 41г, 54, 56, 58ул. Ибраимова, 33а, 35, 37, 57ул. Чокморова, 7, детский сад №35Западный РЭС:09:00-17:00жилмассив ""Ак-Орго"", улицы Таттыбубу и Садыковаул. Исанова, 145отрезки ул. Токтоналиеважилмассив ""Ак-Ордо"", улицы Карагыр-Ата и Кок-БелСеверный РЭС:09:00-17:00жилмассив ""Ак-Босого"", улицы Чуй-49, -50, -51, -52с. Мраморное, ул. Ак-Чий09:00-18:00улицы Фучика, Ленскаятерритория автобазы №3, спорткомплекс ""Динамо"", АЗС №3, ОсОО ""ВЕГА""Аламудунский РЭС:09:00-13:00жилмассив ""Кырман"", 20га, улицы Радужная и Зернотокс. Константиновка, ул. Первомайскаяс. Дачное, ул. Восточнаяс. Константиновка, улицы Чуйская и Цветочнаяс. Луговое, ул. Северная09:00-17:00с. Байтикс. Бир-Булак, улицы Кутманова, Бейшембаева, ж/м №32, 40га, Эсенбай-Ата, Турсуматовас. Лебединовка, Городок энергетиков13:00-17:00жилмассив ""Кырман"", Тунгуч 44га, улицы Арашан, Ак-Кайын, Тилебалды-Ата, Нур-Асманс. Константиновка, улицы Новая, Садовая, Молодежная, Береговая, Первомайская, ШкольнаяКонтакты диспетчерских службCall-центр - 1209, 105;0772 00 12 09;0702 00 12 09;0556 00 12 09 (WhatsApp).Бишкекское предприятие электрических сетей приносит извинения абонентам за неудобства, возникшие в связи с проведением работ.Больше новостей и видео в Telegram-каналеKaktus.media. Западный РЭС:09:00-17:00жилмассив ""Арча-Бешик"", улицы Ак-Марал и Шабдан4 мая, понедельникСеверный РЭС:09:00-17:00с. Маевка, пер. Садовый, ул. Садовая, Курманалиева, Молодой Гвардии09:30-17:00жилмассив ""Калыс-Ордо"", улицы Калыс-Ордо-9, -126 мая, средаСеверный РЭС:09:30-17:00жилмассив ""Калыс-Ордо"", улицы Калыс-Ордо-9, -1211 мая, понедельникВосточный РЭС:09:30-17:30ул. Московская, 39, 41, 41а, 41б, 41г, 54, 56, 58ул. Ибраимова, 33а, 35, 37, 57ул. Чокморова, 7, детский сад №35Западный РЭС:09:00-17:00жилмассив ""Ак-Орго"", улицы Таттыбубу и Садыковаул. Исанова, 145отрезки ул. Токтоналиеважилмассив ""Ак-Ордо"", улицы Карагыр-Ата и Кок-БелСеверный РЭС:09:00-17:00жилмассив ""Ак-Босого"", улицы Чуй-49, -50, -51, -52с. Мраморное, ул. Ак-Чий09:00-18:00улицы Фучика, Ленскаятерритория автобазы №3, спорткомплекс ""Динамо"", АЗС №3, ОсОО ""ВЕГА""Аламудунский РЭС:09:00-13:00жилмассив ""Кырман"", 20га, улицы Радужная и Зернотокс. Константиновка, ул. Первомайскаяс. Дачное, ул. Восточнаяс. Константиновка, улицы Чуйская и Цветочнаяс. Луговое, ул. Северная09:00-17:00с. Байтикс. Бир-Булак, улицы Кутманова, Бейшембаева, ж/м №32, 40га, Эсенбай-Ата, Турсуматовас. Лебединовка, Городок энергетиков13:00-17:00жилмассив ""Кырман"", Тунгуч 44га, улицы Арашан, Ак-Кайын, Тилебалды-Ата, Нур-Асманс. Константиновка, улицы Новая, Садовая, Молодежная, Береговая, Первомайская, ШкольнаяКонтакты диспетчерских службCall-центр - 1209, 105;0772 00 12 09;0702 00 12 09;0556 00 12 09 (WhatsApp).Бишкекское предприятие электрических сетей приносит извинения абонентам за неудобства, возникшие в связи с проведением работ.Больше новостей и видео в Telegram-каналеKaktus.media. 09:00-17:00жилмассив ""Арча-Бешик"", улицы Ак-Марал и Шабдан4 мая, понедельникСеверный РЭС:09:00-17:00с. Маевка, пер. Садовый, ул. Садовая, Курманалиева, Молодой Гвардии09:30-17:00жилмассив ""Калыс-Ордо"", улицы Калыс-Ордо-9, -126 мая, средаСеверный РЭС:09:30-17:00жилмассив ""Калыс-Ордо"", улицы Калыс-Ордо-9, -1211 мая, понедельникВосточный РЭС:09:30-17:30ул. Московская, 39, 41, 41а, 41б, 41г, 54, 56, 58ул. Ибраимова, 33а, 35, 37, 57ул. Чокморова, 7, детский сад №35Западный РЭС:09:00-17:00жилмассив ""Ак-Орго"", улицы Таттыбубу и Садыковаул. Исанова, 145отрезки ул. Токтоналиеважилмассив ""Ак-Ордо"", улицы Карагыр-Ата и Кок-БелСеверный РЭС:09:00-17:00жилмассив ""Ак-Босого"", улицы Чуй-49, -50, -51, -52с. Мраморное, ул. Ак-Чий09:00-18:00улицы Фучика, Ленскаятерритория автобазы №3, спорткомплекс ""Динамо"", АЗС №3, ОсОО ""ВЕГА""Аламудунский РЭС:09:00-13:00жилмассив ""Кырман"", 20га, улицы Радужная и Зернотокс. Константиновка, ул. Первомайскаяс. Дачное, ул. Восточнаяс. Константиновка, улицы Чуйская и Цветочнаяс. Луговое, ул. Северная09:00-17:00с. Байтикс. Бир-Булак, улицы Кутманова, Бейшембаева, ж/м №32, 40га, Эсенбай-Ата, Турсуматовас. Лебединовка, Городок энергетиков13:00-17:00жилмассив ""Кырман"", Тунгуч 44га, улицы Арашан, Ак-Кайын, Тилебалды-Ата, Нур-Асманс. Константиновка, улицы Новая, Садовая, Молодежная, Береговая, Первомайская, ШкольнаяКонтакты диспетчерских службCall-центр - 1209, 105;0772 00 12 09;0702 00 12 09;0556 00 12 09 (WhatsApp).Бишкекское предприятие электрических сетей приносит извинения абонентам за неудобства, возникшие в связи с проведением работ.Больше новостей и видео в Telegram-каналеKaktus.media. жилмассив ""Арча-Бешик"", улицы Ак-Марал и Шабдан4 мая, понедельникСеверный РЭС:09:00-17:00с. Маевка, пер. Садовый, ул. Садовая, Курманалиева, Молодой Гвардии09:30-17:00жилмассив ""Калыс-Ордо"", улицы Калыс-Ордо-9, -126 мая, средаСеверный РЭС:09:30-17:00жилмассив ""Калыс-Ордо"", улицы Калыс-Ордо-9, -1211 мая, понедельникВосточный РЭС:09:30-17:30ул. Московская, 39, 41, 41а, 41б, 41г, 54, 56, 58ул. Ибраимова, 33а, 35, 37, 57ул. Чокморова, 7, детский сад №35Западный РЭС:09:00-17:00жилмассив ""Ак-Орго"", улицы Таттыбубу и Садыковаул. Исанова, 145отрезки ул. Токтоналиеважилмассив ""Ак-Ордо"", улицы Карагыр-Ата и Кок-БелСеверный РЭС:09:00-17:00жилмассив ""Ак-Босого"", улицы Чуй-49, -50, -51, -52с. Мраморное, ул. Ак-Чий09:00-18:00улицы Фучика, Ленскаятерритория автобазы №3, спорткомплекс ""Динамо"", АЗС №3, ОсОО ""ВЕГА""Аламудунский РЭС:09:00-13:00жилмассив ""Кырман"", 20га, улицы Радужная и Зернотокс. Константиновка, ул. Первомайскаяс. Дачное, ул. Восточнаяс. Константиновка, улицы Чуйская и Цветочнаяс. Луговое, ул. Северная09:00-17:00с. Байтикс. Бир-Булак, улицы Кутманова, Бейшембаева, ж/м №32, 40га, Эсенбай-Ата, Турсуматовас. Лебединовка, Городок энергетиков13:00-17:00жилмассив ""Кырман"", Тунгуч 44га, улицы Арашан, Ак-Кайын, Тилебалды-Ата, Нур-Асманс. Константиновка, улицы Новая, Садовая, Молодежная, Береговая, Первомайская, ШкольнаяКонтакты диспетчерских службCall-центр - 1209, 105;0772 00 12 09;0702 00 12 09;0556 00 12 09 (WhatsApp).Бишкекское предприятие электрических сетей приносит извинения абонентам за неудобства, возникшие в связи с проведением работ.Больше новостей и видео в Telegram-каналеKaktus.media. Северный РЭС:09:00-17:00с. Маевка, пер. Садовый, ул. Садовая, Курманалиева, Молодой Гвардии09:30-17:00жилмассив ""Калыс-Ордо"", улицы Калыс-Ордо-9, -126 мая, средаСеверный РЭС:09:30-17:00жилмассив ""Калыс-Ордо"", улицы Калыс-Ордо-9, -1211 мая, понедельникВосточный РЭС:09:30-17:30ул. Московская, 39, 41, 41а, 41б, 41г, 54, 56, 58ул. Ибраимова, 33а, 35, 37, 57ул. Чокморова, 7, детский сад №35Западный РЭС:09:00-17:00жилмассив ""Ак-Орго"", улицы Таттыбубу и Садыковаул. Исанова, 145отрезки ул. Токтоналиеважилмассив ""Ак-Ордо"", улицы Карагыр-Ата и Кок-БелСеверный РЭС:09:00-17:00жилмассив ""Ак-Босого"", улицы Чуй-49, -50, -51, -52с. Мраморное, ул. Ак-Чий09:00-18:00улицы Фучика, Ленскаятерритория автобазы №3, спорткомплекс ""Динамо"", АЗС №3, ОсОО ""ВЕГА""Аламудунский РЭС:09:00-13:00жилмассив ""Кырман"", 20га, улицы Радужная и Зернотокс. Константиновка, ул. Первомайскаяс. Дачное, ул. Восточнаяс. Константиновка, улицы Чуйская и Цветочнаяс. Луговое, ул. Северная09:00-17:00с. Байтикс. Бир-Булак, улицы Кутманова, Бейшембаева, ж/м №32, 40га, Эсенбай-Ата, Турсуматовас. Лебединовка, Городок энергетиков13:00-17:00жилмассив ""Кырман"", Тунгуч 44га, улицы Арашан, Ак-Кайын, Тилебалды-Ата, Нур-Асманс. Константиновка, улицы Новая, Садовая, Молодежная, Береговая, Первомайская, ШкольнаяКонтакты диспетчерских службCall-центр - 1209, 105;0772 00 12 09;0702 00 12 09;0556 00 12 09 (WhatsApp).Бишкекское предприятие электрических сетей приносит извинения абонентам за неудобства, возникшие в связи с проведением работ.Больше новостей и видео в Telegram-каналеKaktus.media. 09:00-17:00с. Маевка, пер. Садовый, ул. Садовая, Курманалиева, Молодой Гвардии09:30-17:00жилмассив ""Калыс-Ордо"", улицы Калыс-Ордо-9, -126 мая, средаСеверный РЭС:09:30-17:00жилмассив ""Калыс-Ордо"", улицы Калыс-Ордо-9, -1211 мая, понедельникВосточный РЭС:09:30-17:30ул. Московская, 39, 41, 41а, 41б, 41г, 54, 56, 58ул. Ибраимова, 33а, 35, 37, 57ул. Чокморова, 7, детский сад №35Западный РЭС:09:00-17:00жилмассив ""Ак-Орго"", улицы Таттыбубу и Садыковаул. Исанова, 145отрезки ул. Токтоналиеважилмассив ""Ак-Ордо"", улицы Карагыр-Ата и Кок-БелСеверный РЭС:09:00-17:00жилмассив ""Ак-Босого"", улицы Чуй-49, -50, -51, -52с. Мраморное, ул. Ак-Чий09:00-18:00улицы Фучика, Ленскаятерритория автобазы №3, спорткомплекс ""Динамо"", АЗС №3, ОсОО ""ВЕГА""Аламудунский РЭС:09:00-13:00жилмассив ""Кырман"", 20га, улицы Радужная и Зернотокс. Константиновка, ул. Первомайскаяс. Дачное, ул. Восточнаяс. Константиновка, улицы Чуйская и Цветочнаяс. Луговое, ул. Северная09:00-17:00с. Байтикс. Бир-Булак, улицы Кутманова, Бейшембаева, ж/м №32, 40га, Эсенбай-Ата, Турсуматовас. Лебединовка, Городок энергетиков13:00-17:00жилмассив ""Кырман"", Тунгуч 44га, улицы Арашан, Ак-Кайын, Тилебалды-Ата, Нур-Асманс. Константиновка, улицы Новая, Садовая, Молодежная, Береговая, Первомайская, ШкольнаяКонтакты диспетчерских службCall-центр - 1209, 105;0772 00 12 09;0702 00 12 09;0556 00 12 09 (WhatsApp).Бишкекское предприятие электрических сетей приносит извинения абонентам за неудобства, возникшие в связи с проведением работ.Больше новостей и видео в Telegram-каналеKaktus.media. с. Маевка, пер. Садовый, ул. Садовая, Курманалиева, Молодой Гвардии09:30-17:00жилмассив ""Калыс-Ордо"", улицы Калыс-Ордо-9, -126 мая, средаСеверный РЭС:09:30-17:00жилмассив ""Калыс-Ордо"", улицы Калыс-Ордо-9, -1211 мая, понедельникВосточный РЭС:09:30-17:30ул. Московская, 39, 41, 41а, 41б, 41г, 54, 56, 58ул. Ибраимова, 33а, 35, 37, 57ул. Чокморова, 7, детский сад №35Западный РЭС:09:00-17:00жилмассив ""Ак-Орго"", улицы Таттыбубу и Садыковаул. Исанова, 145отрезки ул. Токтоналиеважилмассив ""Ак-Ордо"", улицы Карагыр-Ата и Кок-БелСеверный РЭС:09:00-17:00жилмассив ""Ак-Босого"", улицы Чуй-49, -50, -51, -52с. Мраморное, ул. Ак-Чий09:00-18:00улицы Фучика, Ленскаятерритория автобазы №3, спорткомплекс ""Динамо"", АЗС №3, ОсОО ""ВЕГА""Аламудунский РЭС:09:00-13:00жилмассив ""Кырман"", 20га, улицы Радужная и Зернотокс. Константиновка, ул. Первомайскаяс. Дачное, ул. Восточнаяс. Константиновка, улицы Чуйская и Цветочнаяс. Луговое, ул. Северная09:00-17:00с. Байтикс. Бир-Булак, улицы Кутманова, Бейшембаева, ж/м №32, 40га, Эсенбай-Ата, Турсуматовас. Лебединовка, Городок энергетиков13:00-17:00жилмассив ""Кырман"", Тунгуч 44га, улицы Арашан, Ак-Кайын, Тилебалды-Ата, Нур-Асманс. Константиновка, улицы Новая, Садовая, Молодежная, Береговая, Первомайская, ШкольнаяКонтакты диспетчерских службCall-центр - 1209, 105;0772 00 12 09;0702 00 12 09;0556 00 12 09 (WhatsApp).Бишкекское предприятие электрических сетей приносит извинения абонентам за неудобства, возникшие в связи с проведением работ.Больше новостей и видео в Telegram-каналеKaktus.media. 09:30-17:00жилмассив ""Калыс-Ордо"", улицы Калыс-Ордо-9, -126 мая, средаСеверный РЭС:09:30-17:00жилмассив ""Калыс-Ордо"", улицы Калыс-Ордо-9, -1211 мая, понедельникВосточный РЭС:09:30-17:30ул. Московская, 39, 41, 41а, 41б, 41г, 54, 56, 58ул. Ибраимова, 33а, 35, 37, 57ул. Чокморова, 7, детский сад №35Западный РЭС:09:00-17:00жилмассив ""Ак-Орго"", улицы Таттыбубу и Садыковаул. Исанова, 145отрезки ул. Токтоналиеважилмассив ""Ак-Ордо"", улицы Карагыр-Ата и Кок-БелСеверный РЭС:09:00-17:00жилмассив ""Ак-Босого"", улицы Чуй-49, -50, -51, -52с. Мраморное, ул. Ак-Чий09:00-18:00улицы Фучика, Ленскаятерритория автобазы №3, спорткомплекс ""Динамо"", АЗС №3, ОсОО ""ВЕГА""Аламудунский РЭС:09:00-13:00жилмассив ""Кырман"", 20га, улицы Радужная и Зернотокс. Константиновка, ул. Первомайскаяс. Дачное, ул. Восточнаяс. Константиновка, улицы Чуйская и Цветочнаяс. Луговое, ул. Северная09:00-17:00с. Байтикс. Бир-Булак, улицы Кутманова, Бейшембаева, ж/м №32, 40га, Эсенбай-Ата, Турсуматовас. Лебединовка, Городок энергетиков13:00-17:00жилмассив ""Кырман"", Тунгуч 44га, улицы Арашан, Ак-Кайын, Тилебалды-Ата, Нур-Асманс. Константиновка, улицы Новая, Садовая, Молодежная, Береговая, Первомайская, ШкольнаяКонтакты диспетчерских службCall-центр - 1209, 105;0772 00 12 09;0702 00 12 09;0556 00 12 09 (WhatsApp).Бишкекское предприятие электрических сетей приносит извинения абонентам за неудобства, возникшие в связи с проведением работ.Больше новостей и видео в Telegram-каналеKaktus.media. жилмассив ""Калыс-Ордо"", улицы Калыс-Ордо-9, -126 мая, средаСеверный РЭС:09:30-17:00жилмассив ""Калыс-Ордо"", улицы Калыс-Ордо-9, -1211 мая, понедельникВосточный РЭС:09:30-17:30ул. Московская, 39, 41, 41а, 41б, 41г, 54, 56, 58ул. Ибраимова, 33а, 35, 37, 57ул. Чокморова, 7, детский сад №35Западный РЭС:09:00-17:00жилмассив ""Ак-Орго"", улицы Таттыбубу и Садыковаул. Исанова, 145отрезки ул. Токтоналиеважилмассив ""Ак-Ордо"", улицы Карагыр-Ата и Кок-БелСеверный РЭС:09:00-17:00жилмассив ""Ак-Босого"", улицы Чуй-49, -50, -51, -52с. Мраморное, ул. Ак-Чий09:00-18:00улицы Фучика, Ленскаятерритория автобазы №3, спорткомплекс ""Динамо"", АЗС №3, ОсОО ""ВЕГА""Аламудунский РЭС:09:00-13:00жилмассив ""Кырман"", 20га, улицы Радужная и Зернотокс. Константиновка, ул. Первомайскаяс. Дачное, ул. Восточнаяс. Константиновка, улицы Чуйская и Цветочнаяс. Луговое, ул. Северная09:00-17:00с. Байтикс. Бир-Булак, улицы Кутманова, Бейшембаева, ж/м №32, 40га, Эсенбай-Ата, Турсуматовас. Лебединовка, Городок энергетиков13:00-17:00жилмассив ""Кырман"", Тунгуч 44га, улицы Арашан, Ак-Кайын, Тилебалды-Ата, Нур-Асманс. Константиновка, улицы Новая, Садовая, Молодежная, Береговая, Первомайская, ШкольнаяКонтакты диспетчерских службCall-центр - 1209, 105;0772 00 12 09;0702 00 12 09;0556 00 12 09 (WhatsApp).Бишкекское предприятие электрических сетей приносит извинения абонентам за неудобства, возникшие в связи с проведением работ.Больше новостей и видео в Telegram-каналеKaktus.media. Северный РЭС:09:30-17:00жилмассив ""Калыс-Ордо"", улицы Калыс-Ордо-9, -1211 мая, понедельникВосточный РЭС:09:30-17:30ул. Московская, 39, 41, 41а, 41б, 41г, 54, 56, 58ул. Ибраимова, 33а, 35, 37, 57ул. Чокморова, 7, детский сад №35Западный РЭС:09:00-17:00жилмассив ""Ак-Орго"", улицы Таттыбубу и Садыковаул. Исанова, 145отрезки ул. Токтоналиеважилмассив ""Ак-Ордо"", улицы Карагыр-Ата и Кок-БелСеверный РЭС:09:00-17:00жилмассив ""Ак-Босого"", улицы Чуй-49, -50, -51, -52с. Мраморное, ул. Ак-Чий09:00-18:00улицы Фучика, Ленскаятерритория автобазы №3, спорткомплекс ""Динамо"", АЗС №3, ОсОО ""ВЕГА""Аламудунский РЭС:09:00-13:00жилмассив ""Кырман"", 20га, улицы Радужная и Зернотокс. Константиновка, ул. Первомайскаяс. Дачное, ул. Восточнаяс. Константиновка, улицы Чуйская и Цветочнаяс. Луговое, ул. Северная09:00-17:00с. Байтикс. Бир-Булак, улицы Кутманова, Бейшембаева, ж/м №32, 40га, Эсенбай-Ата, Турсуматовас. Лебединовка, Городок энергетиков13:00-17:00жилмассив ""Кырман"", Тунгуч 44га, улицы Арашан, Ак-Кайын, Тилебалды-Ата, Нур-Асманс. Константиновка, улицы Новая, Садовая, Молодежная, Береговая, Первомайская, ШкольнаяКонтакты диспетчерских службCall-центр - 1209, 105;0772 00 12 09;0702 00 12 09;0556 00 12 09 (WhatsApp).Бишкекское предприятие электрических сетей приносит извинения абонентам за неудобства, возникшие в связи с проведением работ.Больше новостей и видео в Telegram-каналеKaktus.media. 09:30-17:00жилмассив ""Калыс-Ордо"", улицы Калыс-Ордо-9, -1211 мая, понедельникВосточный РЭС:09:30-17:30ул. Московская, 39, 41, 41а, 41б, 41г, 54, 56, 58ул. Ибраимова, 33а, 35, 37, 57ул. Чокморова, 7, детский сад №35Западный РЭС:09:00-17:00жилмассив ""Ак-Орго"", улицы Таттыбубу и Садыковаул. Исанова, 145отрезки ул. Токтоналиеважилмассив ""Ак-Ордо"", улицы Карагыр-Ата и Кок-БелСеверный РЭС:09:00-17:00жилмассив ""Ак-Босого"", улицы Чуй-49, -50, -51, -52с. Мраморное, ул. Ак-Чий09:00-18:00улицы Фучика, Ленскаятерритория автобазы №3, спорткомплекс ""Динамо"", АЗС №3, ОсОО ""ВЕГА""Аламудунский РЭС:09:00-13:00жилмассив ""Кырман"", 20га, улицы Радужная и Зернотокс. Константиновка, ул. Первомайскаяс. Дачное, ул. Восточнаяс. Константиновка, улицы Чуйская и Цветочнаяс. Луговое, ул. Северная09:00-17:00с. Байтикс. Бир-Булак, улицы Кутманова, Бейшембаева, ж/м №32, 40га, Эсенбай-Ата, Турсуматовас. Лебединовка, Городок энергетиков13:00-17:00жилмассив ""Кырман"", Тунгуч 44га, улицы Арашан, Ак-Кайын, Тилебалды-Ата, Нур-Асманс. Константиновка, улицы Новая, Садовая, Молодежная, Береговая, Первомайская, ШкольнаяКонтакты диспетчерских службCall-центр - 1209, 105;0772 00 12 09;0702 00 12 09;0556 00 12 09 (WhatsApp).Бишкекское предприятие электрических сетей приносит извинения абонентам за неудобства, возникшие в связи с проведением работ.Больше новостей и видео в Telegram-каналеKaktus.media. жилмассив ""Калыс-Ордо"", улицы Калыс-Ордо-9, -1211 мая, понедельникВосточный РЭС:09:30-17:30ул. Московская, 39, 41, 41а, 41б, 41г, 54, 56, 58ул. Ибраимова, 33а, 35, 37, 57ул. Чокморова, 7, детский сад №35Западный РЭС:09:00-17:00жилмассив ""Ак-Орго"", улицы Таттыбубу и Садыковаул. Исанова, 145отрезки ул. Токтоналиеважилмассив ""Ак-Ордо"", улицы Карагыр-Ата и Кок-БелСеверный РЭС:09:00-17:00жилмассив ""Ак-Босого"", улицы Чуй-49, -50, -51, -52с. Мраморное, ул. Ак-Чий09:00-18:00улицы Фучика, Ленскаятерритория автобазы №3, спорткомплекс ""Динамо"", АЗС №3, ОсОО ""ВЕГА""Аламудунский РЭС:09:00-13:00жилмассив ""Кырман"", 20га, улицы Радужная и Зернотокс. Константиновка, ул. Первомайскаяс. Дачное, ул. Восточнаяс. Константиновка, улицы Чуйская и Цветочнаяс. Луговое, ул. Северная09:00-17:00с. Байтикс. Бир-Булак, улицы Кутманова, Бейшембаева, ж/м №32, 40га, Эсенбай-Ата, Турсуматовас. Лебединовка, Городок энергетиков13:00-17:00жилмассив ""Кырман"", Тунгуч 44га, улицы Арашан, Ак-Кайын, Тилебалды-Ата, Нур-Асманс. Константиновка, улицы Новая, Садовая, Молодежная, Береговая, Первомайская, ШкольнаяКонтакты диспетчерских службCall-центр - 1209, 105;0772 00 12 09;0702 00 12 09;0556 00 12 09 (WhatsApp).Бишкекское предприятие электрических сетей приносит извинения абонентам за неудобства, возникшие в связи с проведением работ.Больше новостей и видео в Telegram-каналеKaktus.media. Восточный РЭС:09:30-17:30ул. Московская, 39, 41, 41а, 41б, 41г, 54, 56, 58ул. Ибраимова, 33а, 35, 37, 57ул. Чокморова, 7, детский сад №35Западный РЭС:09:00-17:00жилмассив ""Ак-Орго"", улицы Таттыбубу и Садыковаул. Исанова, 145отрезки ул. Токтоналиеважилмассив ""Ак-Ордо"", улицы Карагыр-Ата и Кок-БелСеверный РЭС:09:00-17:00жилмассив ""Ак-Босого"", улицы Чуй-49, -50, -51, -52с. Мраморное, ул. Ак-Чий09:00-18:00улицы Фучика, Ленскаятерритория автобазы №3, спорткомплекс ""Динамо"", АЗС №3, ОсОО ""ВЕГА""Аламудунский РЭС:09:00-13:00жилмассив ""Кырман"", 20га, улицы Радужная и Зернотокс. Константиновка, ул. Первомайскаяс. Дачное, ул. Восточнаяс. Константиновка, улицы Чуйская и Цветочнаяс. Луговое, ул. Северная09:00-17:00с. Байтикс. Бир-Булак, улицы Кутманова, Бейшембаева, ж/м №32, 40га, Эсенбай-Ата, Турсуматовас. Лебединовка, Городок энергетиков13:00-17:00жилмассив ""Кырман"", Тунгуч 44га, улицы Арашан, Ак-Кайын, Тилебалды-Ата, Нур-Асманс. Константиновка, улицы Новая, Садовая, Молодежная, Береговая, Первомайская, ШкольнаяКонтакты диспетчерских службCall-центр - 1209, 105;0772 00 12 09;0702 00 12 09;0556 00 12 09 (WhatsApp).Бишкекское предприятие электрических сетей приносит извинения абонентам за неудобства, возникшие в связи с проведением работ.Больше новостей и видео в Telegram-каналеKaktus.media. 09:30-17:30ул. Московская, 39, 41, 41а, 41б, 41г, 54, 56, 58ул. Ибраимова, 33а, 35, 37, 57ул. Чокморова, 7, детский сад №35Западный РЭС:09:00-17:00жилмассив ""Ак-Орго"", улицы Таттыбубу и Садыковаул. Исанова, 145отрезки ул. Токтоналиеважилмассив ""Ак-Ордо"", улицы Карагыр-Ата и Кок-БелСеверный РЭС:09:00-17:00жилмассив ""Ак-Босого"", улицы Чуй-49, -50, -51, -52с. Мраморное, ул. Ак-Чий09:00-18:00улицы Фучика, Ленскаятерритория автобазы №3, спорткомплекс ""Динамо"", АЗС №3, ОсОО ""ВЕГА""Аламудунский РЭС:09:00-13:00жилмассив ""Кырман"", 20га, улицы Радужная и Зернотокс. Константиновка, ул. Первомайскаяс. Дачное, ул. Восточнаяс. Константиновка, улицы Чуйская и Цветочнаяс. Луговое, ул. Северная09:00-17:00с. Байтикс. Бир-Булак, улицы Кутманова, Бейшембаева, ж/м №32, 40га, Эсенбай-Ата, Турсуматовас. Лебединовка, Городок энергетиков13:00-17:00жилмассив ""Кырман"", Тунгуч 44га, улицы Арашан, Ак-Кайын, Тилебалды-Ата, Нур-Асманс. Константиновка, улицы Новая, Садовая, Молодежная, Береговая, Первомайская, ШкольнаяКонтакты диспетчерских службCall-центр - 1209, 105;0772 00 12 09;0702 00 12 09;0556 00 12 09 (WhatsApp).Бишкекское предприятие электрических сетей приносит извинения абонентам за неудобства, возникшие в связи с проведением работ.Больше новостей и видео в Telegram-каналеKaktus.media. ул. Московская, 39, 41, 41а, 41б, 41г, 54, 56, 58ул. Ибраимова, 33а, 35, 37, 57ул. Чокморова, 7, детский сад №35Западный РЭС:09:00-17:00жилмассив ""Ак-Орго"", улицы Таттыбубу и Садыковаул. Исанова, 145отрезки ул. Токтоналиеважилмассив ""Ак-Ордо"", улицы Карагыр-Ата и Кок-БелСеверный РЭС:09:00-17:00жилмассив ""Ак-Босого"", улицы Чуй-49, -50, -51, -52с. Мраморное, ул. Ак-Чий09:00-18:00улицы Фучика, Ленскаятерритория автобазы №3, спорткомплекс ""Динамо"", АЗС №3, ОсОО ""ВЕГА""Аламудунский РЭС:09:00-13:00жилмассив ""Кырман"", 20га, улицы Радужная и Зернотокс. Константиновка, ул. Первомайскаяс. Дачное, ул. Восточнаяс. Константиновка, улицы Чуйская и Цветочнаяс. Луговое, ул. Северная09:00-17:00с. Байтикс. Бир-Булак, улицы Кутманова, Бейшембаева, ж/м №32, 40га, Эсенбай-Ата, Турсуматовас. Лебединовка, Городок энергетиков13:00-17:00жилмассив ""Кырман"", Тунгуч 44га, улицы Арашан, Ак-Кайын, Тилебалды-Ата, Нур-Асманс. Константиновка, улицы Новая, Садовая, Молодежная, Береговая, Первомайская, ШкольнаяКонтакты диспетчерских службCall-центр - 1209, 105;0772 00 12 09;0702 00 12 09;0556 00 12 09 (WhatsApp).Бишкекское предприятие электрических сетей приносит извинения абонентам за неудобства, возникшие в связи с проведением работ.Больше новостей и видео в Telegram-каналеKaktus.media. Западный РЭС:09:00-17:00жилмассив ""Ак-Орго"", улицы Таттыбубу и Садыковаул. Исанова, 145отрезки ул. Токтоналиеважилмассив ""Ак-Ордо"", улицы Карагыр-Ата и Кок-БелСеверный РЭС:09:00-17:00жилмассив ""Ак-Босого"", улицы Чуй-49, -50, -51, -52с. Мраморное, ул. Ак-Чий09:00-18:00улицы Фучика, Ленскаятерритория автобазы №3, спорткомплекс ""Динамо"", АЗС №3, ОсОО ""ВЕГА""Аламудунский РЭС:09:00-13:00жилмассив ""Кырман"", 20га, улицы Радужная и Зернотокс. Константиновка, ул. Первомайскаяс. Дачное, ул. Восточнаяс. Константиновка, улицы Чуйская и Цветочнаяс. Луговое, ул. Северная09:00-17:00с. Байтикс. Бир-Булак, улицы Кутманова, Бейшембаева, ж/м №32, 40га, Эсенбай-Ата, Турсуматовас. Лебединовка, Городок энергетиков13:00-17:00жилмассив ""Кырман"", Тунгуч 44га, улицы Арашан, Ак-Кайын, Тилебалды-Ата, Нур-Асманс. Константиновка, улицы Новая, Садовая, Молодежная, Береговая, Первомайская, ШкольнаяКонтакты диспетчерских службCall-центр - 1209, 105;0772 00 12 09;0702 00 12 09;0556 00 12 09 (WhatsApp).Бишкекское предприятие электрических сетей приносит извинения абонентам за неудобства, возникшие в связи с проведением работ.Больше новостей и видео в Telegram-каналеKaktus.media. 09:00-17:00жилмассив ""Ак-Орго"", улицы Таттыбубу и Садыковаул. Исанова, 145отрезки ул. Токтоналиеважилмассив ""Ак-Ордо"", улицы Карагыр-Ата и Кок-БелСеверный РЭС:09:00-17:00жилмассив ""Ак-Босого"", улицы Чуй-49, -50, -51, -52с. Мраморное, ул. Ак-Чий09:00-18:00улицы Фучика, Ленскаятерритория автобазы №3, спорткомплекс ""Динамо"", АЗС №3, ОсОО ""ВЕГА""Аламудунский РЭС:09:00-13:00жилмассив ""Кырман"", 20га, улицы Радужная и Зернотокс. Константиновка, ул. Первомайскаяс. Дачное, ул. Восточнаяс. Константиновка, улицы Чуйская и Цветочнаяс. Луговое, ул. Северная09:00-17:00с. Байтикс. Бир-Булак, улицы Кутманова, Бейшембаева, ж/м №32, 40га, Эсенбай-Ата, Турсуматовас. Лебединовка, Городок энергетиков13:00-17:00жилмассив ""Кырман"", Тунгуч 44га, улицы Арашан, Ак-Кайын, Тилебалды-Ата, Нур-Асманс. Константиновка, улицы Новая, Садовая, Молодежная, Береговая, Первомайская, ШкольнаяКонтакты диспетчерских службCall-центр - 1209, 105;0772 00 12 09;0702 00 12 09;0556 00 12 09 (WhatsApp).Бишкекское предприятие электрических сетей приносит извинения абонентам за неудобства, возникшие в связи с проведением работ.Больше новостей и видео в Telegram-каналеKaktus.media. жилмассив ""Ак-Орго"", улицы Таттыбубу и Садыковаул. Исанова, 145отрезки ул. Токтоналиеважилмассив ""Ак-Ордо"", улицы Карагыр-Ата и Кок-БелСеверный РЭС:09:00-17:00жилмассив ""Ак-Босого"", улицы Чуй-49, -50, -51, -52с. Мраморное, ул. Ак-Чий09:00-18:00улицы Фучика, Ленскаятерритория автобазы №3, спорткомплекс ""Динамо"", АЗС №3, ОсОО ""ВЕГА""Аламудунский РЭС:09:00-13:00жилмассив ""Кырман"", 20га, улицы Радужная и Зернотокс. Константиновка, ул. Первомайскаяс. Дачное, ул. Восточнаяс. Константиновка, улицы Чуйская и Цветочнаяс. Луговое, ул. Северная09:00-17:00с. Байтикс. Бир-Булак, улицы Кутманова, Бейшембаева, ж/м №32, 40га, Эсенбай-Ата, Турсуматовас. Лебединовка, Городок энергетиков13:00-17:00жилмассив ""Кырман"", Тунгуч 44га, улицы Арашан, Ак-Кайын, Тилебалды-Ата, Нур-Асманс. Константиновка, улицы Новая, Садовая, Молодежная, Береговая, Первомайская, ШкольнаяКонтакты диспетчерских службCall-центр - 1209, 105;0772 00 12 09;0702 00 12 09;0556 00 12 09 (WhatsApp).Бишкекское предприятие электрических сетей приносит извинения абонентам за неудобства, возникшие в связи с проведением работ.Больше новостей и видео в Telegram-каналеKaktus.media. Северный РЭС:09:00-17:00жилмассив ""Ак-Босого"", улицы Чуй-49, -50, -51, -52с. Мраморное, ул. Ак-Чий09:00-18:00улицы Фучика, Ленскаятерритория автобазы №3, спорткомплекс ""Динамо"", АЗС №3, ОсОО ""ВЕГА""Аламудунский РЭС:09:00-13:00жилмассив ""Кырман"", 20га, улицы Радужная и Зернотокс. Константиновка, ул. Первомайскаяс. Дачное, ул. Восточнаяс. Константиновка, улицы Чуйская и Цветочнаяс. Луговое, ул. Северная09:00-17:00с. Байтикс. Бир-Булак, улицы Кутманова, Бейшембаева, ж/м №32, 40га, Эсенбай-Ата, Турсуматовас. Лебединовка, Городок энергетиков13:00-17:00жилмассив ""Кырман"", Тунгуч 44га, улицы Арашан, Ак-Кайын, Тилебалды-Ата, Нур-Асманс. Константиновка, улицы Новая, Садовая, Молодежная, Береговая, Первомайская, ШкольнаяКонтакты диспетчерских службCall-центр - 1209, 105;0772 00 12 09;0702 00 12 09;0556 00 12 09 (WhatsApp).Бишкекское предприятие электрических сетей приносит извинения абонентам за неудобства, возникшие в связи с проведением работ.Больше новостей и видео в Telegram-каналеKaktus.media. 09:00-17:00жилмассив ""Ак-Босого"", улицы Чуй-49, -50, -51, -52с. Мраморное, ул. Ак-Чий09:00-18:00улицы Фучика, Ленскаятерритория автобазы №3, спорткомплекс ""Динамо"", АЗС №3, ОсОО ""ВЕГА""Аламудунский РЭС:09:00-13:00жилмассив ""Кырман"", 20га, улицы Радужная и Зернотокс. Константиновка, ул. Первомайскаяс. Дачное, ул. Восточнаяс. Константиновка, улицы Чуйская и Цветочнаяс. Луговое, ул. Северная09:00-17:00с. Байтикс. Бир-Булак, улицы Кутманова, Бейшембаева, ж/м №32, 40га, Эсенбай-Ата, Турсуматовас. Лебединовка, Городок энергетиков13:00-17:00жилмассив ""Кырман"", Тунгуч 44га, улицы Арашан, Ак-Кайын, Тилебалды-Ата, Нур-Асманс. Константиновка, улицы Новая, Садовая, Молодежная, Береговая, Первомайская, ШкольнаяКонтакты диспетчерских службCall-центр - 1209, 105;0772 00 12 09;0702 00 12 09;0556 00 12 09 (WhatsApp).Бишкекское предприятие электрических сетей приносит извинения абонентам за неудобства, возникшие в связи с проведением работ.Больше новостей и видео в Telegram-каналеKaktus.media. жилмассив ""Ак-Босого"", улицы Чуй-49, -50, -51, -52с. Мраморное, ул. Ак-Чий09:00-18:00улицы Фучика, Ленскаятерритория автобазы №3, спорткомплекс ""Динамо"", АЗС №3, ОсОО ""ВЕГА""Аламудунский РЭС:09:00-13:00жилмассив ""Кырман"", 20га, улицы Радужная и Зернотокс. Константиновка, ул. Первомайскаяс. Дачное, ул. Восточнаяс. Константиновка, улицы Чуйская и Цветочнаяс. Луговое, ул. Северная09:00-17:00с. Байтикс. Бир-Булак, улицы Кутманова, Бейшембаева, ж/м №32, 40га, Эсенбай-Ата, Турсуматовас. Лебединовка, Городок энергетиков13:00-17:00жилмассив ""Кырман"", Тунгуч 44га, улицы Арашан, Ак-Кайын, Тилебалды-Ата, Нур-Асманс. Константиновка, улицы Новая, Садовая, Молодежная, Береговая, Первомайская, ШкольнаяКонтакты диспетчерских службCall-центр - 1209, 105;0772 00 12 09;0702 00 12 09;0556 00 12 09 (WhatsApp).Бишкекское предприятие электрических сетей приносит извинения абонентам за неудобства, возникшие в связи с проведением работ.Больше новостей и видео в Telegram-каналеKaktus.media. 09:00-18:00улицы Фучика, Ленскаятерритория автобазы №3, спорткомплекс ""Динамо"", АЗС №3, ОсОО ""ВЕГА""Аламудунский РЭС:09:00-13:00жилмассив ""Кырман"", 20га, улицы Радужная и Зернотокс. Константиновка, ул. Первомайскаяс. Дачное, ул. Восточнаяс. Константиновка, улицы Чуйская и Цветочнаяс. Луговое, ул. Северная09:00-17:00с. Байтикс. Бир-Булак, улицы Кутманова, Бейшембаева, ж/м №32, 40га, Эсенбай-Ата, Турсуматовас. Лебединовка, Городок энергетиков13:00-17:00жилмассив ""Кырман"", Тунгуч 44га, улицы Арашан, Ак-Кайын, Тилебалды-Ата, Нур-Асманс. Константиновка, улицы Новая, Садовая, Молодежная, Береговая, Первомайская, ШкольнаяКонтакты диспетчерских службCall-центр - 1209, 105;0772 00 12 09;0702 00 12 09;0556 00 12 09 (WhatsApp).Бишкекское предприятие электрических сетей приносит извинения абонентам за неудобства, возникшие в связи с проведением работ.Больше новостей и видео в Telegram-каналеKaktus.media. улицы Фучика, Ленскаятерритория автобазы №3, спорткомплекс ""Динамо"", АЗС №3, ОсОО ""ВЕГА""Аламудунский РЭС:09:00-13:00жилмассив ""Кырман"", 20га, улицы Радужная и Зернотокс. Константиновка, ул. Первомайскаяс. Дачное, ул. Восточнаяс. Константиновка, улицы Чуйская и Цветочнаяс. Луговое, ул. Северная09:00-17:00с. Байтикс. Бир-Булак, улицы Кутманова, Бейшембаева, ж/м №32, 40га, Эсенбай-Ата, Турсуматовас. Лебединовка, Городок энергетиков13:00-17:00жилмассив ""Кырман"", Тунгуч 44га, улицы Арашан, Ак-Кайын, Тилебалды-Ата, Нур-Асманс. Константиновка, улицы Новая, Садовая, Молодежная, Береговая, Первомайская, ШкольнаяКонтакты диспетчерских службCall-центр - 1209, 105;0772 00 12 09;0702 00 12 09;0556 00 12 09 (WhatsApp).Бишкекское предприятие электрических сетей приносит извинения абонентам за неудобства, возникшие в связи с проведением работ.Больше новостей и видео в Telegram-каналеKaktus.media. Аламудунский РЭС:09:00-13:00жилмассив ""Кырман"", 20га, улицы Радужная и Зернотокс. Константиновка, ул. Первомайскаяс. Дачное, ул. Восточнаяс. Константиновка, улицы Чуйская и Цветочнаяс. Луговое, ул. Северная09:00-17:00с. Байтикс. Бир-Булак, улицы Кутманова, Бейшембаева, ж/м №32, 40га, Эсенбай-Ата, Турсуматовас. Лебединовка, Городок энергетиков13:00-17:00жилмассив ""Кырман"", Тунгуч 44га, улицы Арашан, Ак-Кайын, Тилебалды-Ата, Нур-Асманс. Константиновка, улицы Новая, Садовая, Молодежная, Береговая, Первомайская, ШкольнаяКонтакты диспетчерских службCall-центр - 1209, 105;0772 00 12 09;0702 00 12 09;0556 00 12 09 (WhatsApp).Бишкекское предприятие электрических сетей приносит извинения абонентам за неудобства, возникшие в связи с проведением работ.Больше новостей и видео в Telegram-каналеKaktus.media. 09:00-13:00жилмассив ""Кырман"", 20га, улицы Радужная и Зернотокс. Константиновка, ул. Первомайскаяс. Дачное, ул. Восточнаяс. Константиновка, улицы Чуйская и Цветочнаяс. Луговое, ул. Северная09:00-17:00с. Байтикс. Бир-Булак, улицы Кутманова, Бейшембаева, ж/м №32, 40га, Эсенбай-Ата, Турсуматовас. Лебединовка, Городок энергетиков13:00-17:00жилмассив ""Кырман"", Тунгуч 44га, улицы Арашан, Ак-Кайын, Тилебалды-Ата, Нур-Асманс. Константиновка, улицы Новая, Садовая, Молодежная, Береговая, Первомайская, ШкольнаяКонтакты диспетчерских службCall-центр - 1209, 105;0772 00 12 09;0702 00 12 09;0556 00 12 09 (WhatsApp).Бишкекское предприятие электрических сетей приносит извинения абонентам за неудобства, возникшие в связи с проведением работ.Больше новостей и видео в Telegram-каналеKaktus.media. жилмассив ""Кырман"", 20га, улицы Радужная и Зернотокс. Константиновка, ул. Первомайскаяс. Дачное, ул. Восточнаяс. Константиновка, улицы Чуйская и Цветочнаяс. Луговое, ул. Северная09:00-17:00с. Байтикс. Бир-Булак, улицы Кутманова, Бейшембаева, ж/м №32, 40га, Эсенбай-Ата, Турсуматовас. Лебединовка, Городок энергетиков13:00-17:00жилмассив ""Кырман"", Тунгуч 44га, улицы Арашан, Ак-Кайын, Тилебалды-Ата, Нур-Асманс. Константиновка, улицы Новая, Садовая, Молодежная, Береговая, Первомайская, ШкольнаяКонтакты диспетчерских службCall-центр - 1209, 105;0772 00 12 09;0702 00 12 09;0556 00 12 09 (WhatsApp).Бишкекское предприятие электрических сетей приносит извинения абонентам за неудобства, возникшие в связи с проведением работ.Больше новостей и видео в Telegram-каналеKaktus.media. 09:00-17:00с. Байтикс. Бир-Булак, улицы Кутманова, Бейшембаева, ж/м №32, 40га, Эсенбай-Ата, Турсуматовас. Лебединовка, Городок энергетиков13:00-17:00жилмассив ""Кырман"", Тунгуч 44га, улицы Арашан, Ак-Кайын, Тилебалды-Ата, Нур-Асманс. Константиновка, улицы Новая, Садовая, Молодежная, Береговая, Первомайская, ШкольнаяКонтакты диспетчерских службCall-центр - 1209, 105;0772 00 12 09;0702 00 12 09;0556 00 12 09 (WhatsApp).Бишкекское предприятие электрических сетей приносит извинения абонентам за неудобства, возникшие в связи с проведением работ.Больше новостей и видео в Telegram-каналеKaktus.media. с. Байтикс. Бир-Булак, улицы Кутманова, Бейшембаева, ж/м №32, 40га, Эсенбай-Ата, Турсуматовас. Лебединовка, Городок энергетиков13:00-17:00жилмассив ""Кырман"", Тунгуч 44га, улицы Арашан, Ак-Кайын, Тилебалды-Ата, Нур-Асманс. Константиновка, улицы Новая, Садовая, Молодежная, Береговая, Первомайская, ШкольнаяКонтакты диспетчерских службCall-центр - 1209, 105;0772 00 12 09;0702 00 12 09;0556 00 12 09 (WhatsApp).Бишкекское предприятие электрических сетей приносит извинения абонентам за неудобства, возникшие в связи с проведением работ.Больше новостей и видео в Telegram-каналеKaktus.media. 13:00-17:00жилмассив ""Кырман"", Тунгуч 44га, улицы Арашан, Ак-Кайын, Тилебалды-Ата, Нур-Асманс. Константиновка, улицы Новая, Садовая, Молодежная, Береговая, Первомайская, ШкольнаяКонтакты диспетчерских службCall-центр - 1209, 105;0772 00 12 09;0702 00 12 09;0556 00 12 09 (WhatsApp).Бишкекское предприятие электрических сетей приносит извинения абонентам за неудобства, возникшие в связи с проведением работ.Больше новостей и видео в Telegram-каналеKaktus.media. жилмассив ""Кырман"", Тунгуч 44га, улицы Арашан, Ак-Кайын, Тилебалды-Ата, Нур-Асманс. Константиновка, улицы Новая, Садовая, Молодежная, Береговая, Первомайская, ШкольнаяКонтакты диспетчерских службCall-центр - 1209, 105;0772 00 12 09;0702 00 12 09;0556 00 12 09 (WhatsApp).Бишкекское предприятие электрических сетей приносит извинения абонентам за неудобства, возникшие в связи с проведением работ.Больше новостей и видео в Telegram-каналеKaktus.media. Call-центр - 1209, 105; 0772 00 12 09; 0702 00 12 09; 0556 00 12 09 (WhatsApp). Бишкекское предприятие электрических сетей приносит извинения абонентам за неудобства, возникшие в связи с проведением работ.Больше новостей и видео в Telegram-каналеKaktus.media. Больше новостей и видео в Telegram-каналеKaktus.media.",kaktus.media,https://kaktus.media/doc/545425_2_11_maia_v_chasti_bishkeka_otkluchat_svet_spisok_ylic.html,2026-04-30T17:15:21+06:00,kyrgyz,0,high,news_site
89d8fdc2-feab-4930-b4ff-03c36060aa1e,"Шакира собрала 2,1 млн зрителей на бесплатном концерте в Рио-де-Жанейро (видео)","Колумбийская певица Шакира поставила рекорд на концерте на пляже Копакабана в Рио-де-Жанейро, собрав 2,1 млн зрителей. Выступление прошло бесплатно в рамках мирового тура Las Mujeres Ya No Lloran (""Женщины больше не плачут""), названного в честь ее альбома 2024 года. Ранее на Копакабане также выступали Леди Гага и Мадонна, однако, как сообщается, их концерты собрали меньше зрителей, чем выступление Шакиры. Концерт начался с задержкой более чем на час. Перед выступлением дроны вывели в небе над пляжем надпись на португальском языке ""Я люблю тебя, Бразилия"", после чего зрители встретили певицу аплодисментами. Со сцены Шакира вспомнила свой первый визит в Бразилию. По ее словам, она приехала в страну в 18 лет и мечтала однажды выступить перед бразильской публикой. Певица вышла на сцену около 23:00 и исполнила свои главные хиты. Завершила концерт песней BZRP Music Sessions #53, записанной после расставания с футболистом Жераром Пике.",kaktus.media,https://kaktus.media/doc/545562_shakira_sobrala_21_mln_zriteley_na_besplatnom_koncerte_v_rio_de_janeyro_video.html,2026-05-04T17:59:05+06:00,kyrgyz,0,high,news_site
c92cfb0f-3622-420c-9a2a-a507b70cddf7,Важно знать. ФОМС о порядке оказания медицинской помощи во время майских праздников,"В связи с предстоящими длительными майскими праздниками Фонд обязательного медицинского страхования (ФОМС) напомнил о порядке получения медицинской помощи и важности наличия страхового статуса. Больше новостей и видео в Telegram-каналеKaktus.media. Экстренная и неотложная медицинская помощь оказывается всем гражданам бесплатно, включая обеспечение лекарствами и медицинскими изделиями, до момента выведения пациента из состояния, угрожающего его жизни и здоровью, согласно Программе государственных гарантий. К таким случаям относятся:угрожающее жизни больного состояние его здоровья;отсутствие эффекта от проводимой пациенту терапии, прогрессирующее ухудшение состояния больного;трудности в диагностике заболевания и определении тактики лечения;необходимость транспортировки пациента, находящегося в тяжелом состоянии, в организацию здравоохранения с более высоким уровнем оказания медицинской помощи.Когда взимается полная оплата?Как только состояние пациента стабилизировано и угроза жизни устранена, дальнейшее лечение переходит в разряд планового. Если у гражданина нет медицинской страховки (статус ""не застрахован""), он вносит максимальную сумму сооплаты (от 8 400 до 14 310 сомов) или оплачивает медицинские услуги, обследование и лечение, проводимые в стационаре, в соответствии с прейскурантом цен (иностранные граждане).Как проверить и приобрести полис ОМС?Проверьте свой страховой статус. Если вы не застрахованы, приобрести полис ОМС можно онлайн, не выходя из дома:через мобильные приложения (MegaPay, MBank, QPay и другие);через платежные терминалы.Узнать свой статус застрахованности можно насайте ФОМСили в приложении ""Тундук"", а также позвонив на круглосуточную горячую линию 113.Обратите вниманиеПолис ОМС начинает действовать толькочерез пять календарных днейс момента оплаты.Позаботьтесь о своем здоровье и здоровье своих близких заранее. Проверьте страховку до начала праздничных выходных, чтобы в случае необходимости иметь доступ к льготной медицинской помощи. угрожающее жизни больного состояние его здоровья;отсутствие эффекта от проводимой пациенту терапии, прогрессирующее ухудшение состояния больного;трудности в диагностике заболевания и определении тактики лечения;необходимость транспортировки пациента, находящегося в тяжелом состоянии, в организацию здравоохранения с более высоким уровнем оказания медицинской помощи.Когда взимается полная оплата?Как только состояние пациента стабилизировано и угроза жизни устранена, дальнейшее лечение переходит в разряд планового. Если у гражданина нет медицинской страховки (статус ""не застрахован""), он вносит максимальную сумму сооплаты (от 8 400 до 14 310 сомов) или оплачивает медицинские услуги, обследование и лечение, проводимые в стационаре, в соответствии с прейскурантом цен (иностранные граждане).Как проверить и приобрести полис ОМС?Проверьте свой страховой статус. Если вы не застрахованы, приобрести полис ОМС можно онлайн, не выходя из дома:через мобильные приложения (MegaPay, MBank, QPay и другие);через платежные терминалы.Узнать свой статус застрахованности можно насайте ФОМСили в приложении ""Тундук"", а также позвонив на круглосуточную горячую линию 113.Обратите вниманиеПолис ОМС начинает действовать толькочерез пять календарных днейс момента оплаты.Позаботьтесь о своем здоровье и здоровье своих близких заранее. Проверьте страховку до начала праздничных выходных, чтобы в случае необходимости иметь доступ к льготной медицинской помощи. Как только состояние пациента стабилизировано и угроза жизни устранена, дальнейшее лечение переходит в разряд планового. Если у гражданина нет медицинской страховки (статус ""не застрахован""), он вносит максимальную сумму сооплаты (от 8 400 до 14 310 сомов) или оплачивает медицинские услуги, обследование и лечение, проводимые в стационаре, в соответствии с прейскурантом цен (иностранные граждане). Проверьте свой страховой статус. Если вы не застрахованы, приобрести полис ОМС можно онлайн, не выходя из дома: через мобильные приложения (MegaPay, MBank, QPay и другие);через платежные терминалы.Узнать свой статус застрахованности можно насайте ФОМСили в приложении ""Тундук"", а также позвонив на круглосуточную горячую линию 113.Обратите вниманиеПолис ОМС начинает действовать толькочерез пять календарных днейс момента оплаты.Позаботьтесь о своем здоровье и здоровье своих близких заранее. Проверьте страховку до начала праздничных выходных, чтобы в случае необходимости иметь доступ к льготной медицинской помощи. Узнать свой статус застрахованности можно насайте ФОМСили в приложении ""Тундук"", а также позвонив на круглосуточную горячую линию 113. Полис ОМС начинает действовать толькочерез пять календарных днейс момента оплаты. Позаботьтесь о своем здоровье и здоровье своих близких заранее. Проверьте страховку до начала праздничных выходных, чтобы в случае необходимости иметь доступ к льготной медицинской помощи.",kaktus.media,https://kaktus.media/doc/545169_vajno_znat._foms_o_poriadke_okazaniia_medicinskoy_pomoshi_vo_vremia_mayskih_prazdnikov.html,2026-04-27T11:55:22+06:00,kyrgyz,0,high,news_site
df78ec32-0179-470c-9893-f5e008369a3c,Пункты пропуска на границе с Китаем будут временно закрыты. Даты,"На кыргызско-китайском участке государственной границы вводятся временные ограничения функционирования пунктов пропуска. Об этом сообщает Государственная пограничная служба Кыргызской Республики. Ограничения вводятся по инициативе китайской стороны, в связи с празднованием Дня труда в Китайской Народной Республике. С 30 апреля 2026 года:пункт пропуска ""Иркештам - Автодорожный"" приостанавливает пропуск лиц, транспортных средств и грузов с 22:00 (по бишкекскому времени);пункт пропуска ""Торугарт - Автодорожный"" приостанавливает пропуск с 20:00 (по бишкекскому времени).Пропуск через данные пункты возобновится 2 мая 2026 года с 08:00.Пункт пропуска ""Бедель - Автодорожный"" будет закрыт с 1 по 5 мая 2026 года.Возобновит функционирование 6 мая 2026 года с 08:00 (по бишкекскому времени).В это время пограничные наряды не будут осуществлять пропуск лиц, транспортных средств и грузов через данные пункты пропуска. пункт пропуска ""Иркештам - Автодорожный"" приостанавливает пропуск лиц, транспортных средств и грузов с 22:00 (по бишкекскому времени);пункт пропуска ""Торугарт - Автодорожный"" приостанавливает пропуск с 20:00 (по бишкекскому времени).Пропуск через данные пункты возобновится 2 мая 2026 года с 08:00.Пункт пропуска ""Бедель - Автодорожный"" будет закрыт с 1 по 5 мая 2026 года.Возобновит функционирование 6 мая 2026 года с 08:00 (по бишкекскому времени).В это время пограничные наряды не будут осуществлять пропуск лиц, транспортных средств и грузов через данные пункты пропуска. Пропуск через данные пункты возобновится 2 мая 2026 года с 08:00. Пункт пропуска ""Бедель - Автодорожный"" будет закрыт с 1 по 5 мая 2026 года. Возобновит функционирование 6 мая 2026 года с 08:00 (по бишкекскому времени). В это время пограничные наряды не будут осуществлять пропуск лиц, транспортных средств и грузов через данные пункты пропуска.",kaktus.media,https://kaktus.media/doc/545259_pynkty_propyska_na_granice_s_kitaem_bydyt_vremenno_zakryty._daty.html,2026-04-30T13:12:07+06:00,kyrgyz,0,high,news_site
25cce734-bd28-4b4b-9904-aa483f3ac164,Гламурный кэмпинг: Кыргызстан активнее всего развивает перспективный рынок,"Глэмпинг (от английских слов glamour и camping) - это формат размещения, сочетающий погружение в природу с комфортом уровня люкс. Он позволяет гостям наслаждаться природой, не отказываясь от современных удобств, объединяя атмосферу кемпинга с элементами роскоши. По сути, это новое направление туризма, которое с каждым годом становится все популярнее в мире. Консалтинговая компания в сфере коммерческой недвижимости Commonwealth Partnership Uzbekistanизучила рынок глэмпингав Центральной Азии. Выводы обнадеживают: у стран региона большое будущее в этом направлении. Нам есть что показать, да и опыт организации подобных пространств уже накоплен. Почему же глэмпинг становится все популярнее? Все дело в том, что он хорошо подходит под современный тренд минимального воздействия человека на природу. Все конструкции временные и размещаются с минимальным воздействием на экологию и с учетом сохранения ландшафта. При этом в нем сохраняется комфорт, есть полноценные спальные места, интернет и другие удобства. Такой вид отдыха привлекателен для опытных путешественников, которые любят природу, ценят комфорт и уединение. Префаб-домикии капсулы позволяют работать круглый год с минимальными отходами и гармонично вписываются в ландшафт, превращая глэмпинг из сезонной ниши в стабильный сегмент индустрии гостеприимства. Глэмпинг привлекает экологически сознательных туристов благодаря экологичному дизайну, использованию возобновляемых источников энергии и сокращению отходов. По данным Booking.com (2024), 83% путешественников ценят устойчивый формат отдыха. ""Мировой рынок туризма показывает, что сейчас основные факторы роста - экотуризм и путешествия с уникальным опытом. Домики и модули составляют 43-44% дохода, при этом основную долю (45% рынка глэмпинга) составляет возрастная группа 18-32 года. В этом виде туризма преобладает тенденция прямого бронирования (примерно 55% от общего числа) и формат группового размещения (37,7% рынка - группы из четырех человек)"", - рассказали в Commonwealth Partnership Uzbekistan. Кстати, мировые гостиничные бренды уже активно присутствуют на этом рынке. Например, в партнерстве Hyatt × Under Canvas открыты 13 роскошных глэмпинг-курортов рядом с национальными парками США, предоставляющие эксклюзивный доступ для участников программы Hyatt. В Центральной Азии произошло постпандемийное расширение глэмпинга, что обеспечивает преимущество ""первопроходца"". Регион привлекает туристов благодаря уникальным ландшафтам и росту спроса на экотуризм, создавая инвестиционные возможности. При этом в мировом масштабе потенциал глэмпинга в нашем регионе все еще не освоен. Рынок глэмпинга в Центральной Азии неоднороден.Казахстанпредлагает локации рядом с Алматы и Астаной. Это позволяет организовывать уикенд-туры для внутреннего туризма и принимать состоятельных иностранных гостей. Разнообразие форматов размещения поддерживает круглогодичную работу. ""ВКыргызстанеглэмпинг активно развивается в Чуйской и Иссык-Кульской областях. По форматам преобладают юрты, но формат ""А-фрейм"" и купольные домики набирают популярность"", - рассказали в Commonwealth Partnership Uzbekistan. Узбекистанна этом рынке представлен разрозненными локациями, ограниченным разнообразием форматов и неравномерным качеством. Преобладают юрты, а ""А-фрейм"" становится дополнительным форматом. ВТаджикистанена сегодня предложения сосредоточены вокруг одного оператора (Paramount Journey), предлагающего экспедиционные кемпы класса люкс в отдаленных районах. Но как развивается этот рынок? Данные показывают, что на сегодня Казахстан генерирует наибольший предполагаемый годовой доход от глэмпинга - около $5,16 млн. При этом Кыргызстан уступает ему в этом совсем немного с доходом в $4,44 млн. Рынок Узбекистана оценивается в $1,45 млн. ""На сегодня Казахстан и Кыргызстан доминируют на рынке глэмпинга Центральной Азии, занимая вместе около 84% всех объектов. Узбекистан представляет собой развивающийся сегмент, тогда как рынок Таджикистана остается в зачаточной стадии. Юрты занимают лидирующие позиции, составляя почти треть общего предложения, за ними следуют купола и дома типа ""А-фрейм"". Сафари-палатки и домики Pod формируют сильный вторичный сегмент, в то время как палатки Bell и капсулы остаются нишевыми форматами"", - подчеркнули в компании, которая проводила анализ рынка. Commonwealth Partnership Uzbekistan отмечает, что глэмпинг-сектор Кыргызстана развивается стремительно, опираясь на культурное погружение, экотуризм и продвижение через Instagram. На сегодня по стране уже более 22 локаций со средней стоимостью за ночь $115. Ведущие локации - это Иссык-Куль, Бишкек / Чуйская область и Чон-Кеминская долина. В Кыргызстане туристам для размещения предлагают традиционные юрты, уютные коттеджи, домики ""А-фрейм"" и капсулы с кондиционером, отдельными ванными комнатами, душем, Wi-Fi и видом на горы или озеро. На многих локациях есть горячие источники, возможность посетить сауну, занятия йогой и фитнесом, баня, спа-процедуры и массаж. Вариантов активностей для отдыхающих много: от пеших прогулок и рыбалки до полетов на вертолете. Юрты занимают лидирующие позиции на рынке глэмпинга по итогам 2025 года, составляя 38% общего предложения. Домики ""А-фрейм"" (21%) и купола (17%) выступают как сильные дополнительные форматы. Капсулы (14%) представляют растущий нишевой сегмент, в то время как домики Pod (7%) и сафари-палатки (3%) остаются менее распространенными типами размещения в нашей стране. ""Глобальные тенденции показывают, что глэмпинг ждет сильная траектория роста. Мировой рынок вырастет примерно на 10,3% (2025–2030), более чем удвоив свою стоимость. Лидерами по предложению остаются Северная Америка и Европа, в то время как Азиатско-Тихоокеанский регион демонстрирует самые высокие темпы роста. В ближайшие годы будут сохраняться тенденции на экологичный туризм, погружение в природу, туризм впечатлений, и продвижение через социальные сети стимулирует спрос"", - считают в Commonwealth Partnership Uzbekistan. В Кыргызстане глэмпинг будет развиваться на Иссык-Куле, в Ала-Арче, на Сон-Куле и хребтах Тянь-Шаня. В Казахстане основными зонами развития будут Алматы - Медеу - Шымбулак, побережье Каспийского моря, национальный парк ""Бурабай"", в Узбекистане - пустыня Нурата/Айдаркуль, горы Чимган, Аральское море, национальный парк ""Заамин"", а в Таджикистане - Памирский тракт, Фанские горы, озеро Искандеркуль. Ожидается, что к 2035 году объем рынка глэмпинга в Центральной Азии достигнет $29,3 млн (по сравнению с $11,4 млн в 2025 году) благодаря развитию экотуризма. В Commonwealth Partnership Uzbekistan считают, что регион, расположенный между Европой и Азией, идеально подходит для привлечения как путешествующих наземным транспортом, так и авиатуристов.",kaktus.media,https://kaktus.media/doc/545334_glamyrnyy_kemping:_kyrgyzstan_aktivnee_vsego_razvivaet_perspektivnyy_rynok.html,2026-05-04T10:00:29+06:00,kyrgyz,0,high,news_site
e33667cb-48a2-4d3b-a12c-4c790864658d,Минстрой испытывает бетон с базальтовым волокном (видео),"В лаборатории Государственного института сейсмостойкого строительства и инженерного проектирования при Минстрое проводятся экспериментальные испытания строительных материалов. Об этом сообщили в Министерстве строительства. Работы выполняются в рамках государственной программы кабмина ""Базальтовые волокна и материалы"", утвержденной 4 июля 2024 года. В ходе экспериментов специалисты используют бетонные образцы кубической формы. Для определения различий в прочности на сжатие и изгиб испытываются образцы бетона с добавлением базальтового волокна и без него. Кроме того, в рамках госпрограммы институт должен разработать три нормативно-технических документа. Также проводятся исследования для оценки возможности применения базальтопластиковой композитной арматуры.",kaktus.media,https://kaktus.media/doc/545564_minstroy_ispytyvaet_beton_s_bazaltovym_voloknom_video.html,2026-05-04T19:40:10+06:00,kyrgyz,0,high,news_site
16809748-df06-477d-856e-ba409055fc6e,В Каракол везут 30 новых автобусов. Когда они выйдут на линии?,"В Караколе ожидают поступления 30 новых пассажирских автобусов. Сейчас ведутся работы по их приобретению. Об этомKaktus.mediaсообщили в мэрии города. По данным муниципалитета, 20 автобусов длиной до 9 м будут курсировать на внутригородских маршрутах, их поступление ожидается до конца мая текущего года. Кроме того, к 15 мая ожидается поставка 10 междугородных автобусов, рассчитанных на 45–50 пассажиров. В мэрии уточнили, что после завершения всех необходимых процедур закупки и оформления автобусы выйдут на маршрутные линии. Сейчас пассажирские перевозки в Караколе осуществляют маршрутные микроавтобусы. Стоимость проезда в них составляет 20 сомов.",kaktus.media,https://kaktus.media/doc/545527_v_karakol_vezyt_30_novyh_avtobysov._kogda_oni_vyydyt_na_linii.html,2026-05-05T10:29:55+06:00,kyrgyz,0,high,news_site
38896a08-4df7-4808-ade6-736ddc5540e5,Почему возникает пеленочный дерматит и как защитить кожу ребенка? Ответы педиатра,"Покраснение в зоне подгузника - одна из самых частых причин тревоги у родителей. Но, как рассказываетврач-педиатр Зайнап Садыбакасова,далеко не всегда за этим стоит аллергия - и в большинстве случаев ситуацию можно взять под контроль. ""Примерно каждый второй ребенок до года хотя бы раз сталкивается с пеленочным дерматитом. Это, пожалуй, самая частая жалоба в моей практике"", - говорит врач-педиатр Зайнап Садыбакасова. По ее словам, кожа младенца изначально уязвима из-за того, что она в несколько раз тоньше взрослой и пока не справляется с защитной функцией. Поэтому зона подгузника автоматически становится зоной риска. ""Родители часто сразу предполагают аллергию, но истинная аллергия встречается редко - всего в 5-10% случаев. Чаще речь идет о контактном дерматите - реакции на влажность, трение или ферменты в стуле ребенка"", - подчеркивает врач. Отличить состояния можно по внешним признакам:Раздражение обычно локализовано там, где кожа соприкасается с влагой или краями подгузника.Аллергия же дает более четкую сыпь, иногда с пузырьками, и может выходить за пределы этой зоны, сопровождаясь зудом.Главный фактор риска - влажность. Если подгузник плохо удерживает влагу, кожа размокает - возникает мацерация, и это уже входные ворота для инфекций.О важности правильного ухода и подбора размера подгузников""Я всегда придерживаюсь тактики ""сухо и чисто"". Никаких салфеток с отдушками, только теплая вода. Обязательны воздушные ванны"", - говорит педиатр.Если уже есть признаки раздражения, при мокнутии используются барьерные кремы с цинком, а сам подгузник должен быстро уводить влагу во впитывающий слой.Отдельно специалист подчеркивает важность правильного размера.""Слишком маленький подгузник натирает в паховых складках, нарушая микроциркуляцию. Слишком большой - неплотно прилегает, что ведет к протеканиям и постоянному контакту кожи с влагой. Размер нужно подбирать так, чтобы под поясок свободно проходил ваш палец"", - отмечает она.Также важно вовремя заметить проблему. Среди первых признаков врач выделяет:стойкое покраснение, которое не проходит после воздушных ванн;отечность;мелкие высыпания (папулы);""глянцевый"" блеск кожи.""И, конечно, поведение ребенка: если он беспокоится при подмывании или смене подгузника, значит, есть болезненность"", - добавила врач.1из5Частые ошибки родителей и что делатьДаже при хорошем уходе родители нередко совершают одни и те же ошибки.""Главная - злоупотребление влажными салфетками. Даже самые хорошие из них содержат очищающие компоненты, которые могут раздражать поврежденную кожу"", - говорит Садыбакасова.Среди других распространенных ошибок:редкая смена подгузника, считая, что он еще не полный;чрезмерное использование присыпок.""Менять подгузник нужно каждые три-четыре часа и обязательно после каждого стула"", - подчеркивает врач.Присыпки же при намокании скатываются в комочки и работают как ""наждачка""Если раздражение уже появилось, нужно убрать агрессивные факторы, дать коже дышать и использовать защитные средства при необходимости.Как выбрать подгузники и на что смотреть в составеВыбор подгузника напрямую влияет на состояние кожи. Врач-педиатр Зайнап Садыбакасова советует обращать внимание на несколько ключевых моментов:Безопасность материалов.Ищите маркировку OEKO-TEX Standard 100 (Class 1) - это гарантия, что в подгузниках нет токсинов, а материалы безопасны для чувствительной кожи.Мягкость верхнего слоя.Отдавайте предпочтение натуральным и мягким волокнам, например бамбуку или вискозе, чтобы снизить риск травмирования эпидермиса.Абсорбция и сухость.Качественные подгузники используют суперабсорбент, который быстро превращает жидкость в гель, удерживает влагу внутри и оставляет поверхность сухой. Бюджетные варианты часто возвращают влагу обратно при нажатии, что может провоцировать раздражение и опрелости.Современные технологии.Некоторые бренды применяют полиолы для создания защитного барьера и даже внедряют работу с микробиомом кожи, например пробиотики Lactobacillus acidophilus, которые поддерживают здоровую среду на поверхности кожи и предотвращают размножение патогенов.Конструкция и стандарты производства.Важно, чтобы подгузники имели продуманную конструкцию - гладкая бамбуковая вискоза и многослойная структура сводят к минимуму риск микротравм. Стандарты cGMP гарантируют отсутствие случайных примесей и токсичных остатков.По словам педиатра, именно сочетание этих факторов - безопасные материалы, эффективная абсорбция, забота о микробиоме и строгий контроль производства - делает одни подгузники предпочтительнее других. Среди таких брендов она отмечает Lambee, где эти требования соблюдаются на всех этапах производства. Раздражение обычно локализовано там, где кожа соприкасается с влагой или краями подгузника.Аллергия же дает более четкую сыпь, иногда с пузырьками, и может выходить за пределы этой зоны, сопровождаясь зудом.Главный фактор риска - влажность. Если подгузник плохо удерживает влагу, кожа размокает - возникает мацерация, и это уже входные ворота для инфекций.О важности правильного ухода и подбора размера подгузников""Я всегда придерживаюсь тактики ""сухо и чисто"". Никаких салфеток с отдушками, только теплая вода. Обязательны воздушные ванны"", - говорит педиатр.Если уже есть признаки раздражения, при мокнутии используются барьерные кремы с цинком, а сам подгузник должен быстро уводить влагу во впитывающий слой.Отдельно специалист подчеркивает важность правильного размера.""Слишком маленький подгузник натирает в паховых складках, нарушая микроциркуляцию. Слишком большой - неплотно прилегает, что ведет к протеканиям и постоянному контакту кожи с влагой. Размер нужно подбирать так, чтобы под поясок свободно проходил ваш палец"", - отмечает она.Также важно вовремя заметить проблему. Среди первых признаков врач выделяет:стойкое покраснение, которое не проходит после воздушных ванн;отечность;мелкие высыпания (папулы);""глянцевый"" блеск кожи.""И, конечно, поведение ребенка: если он беспокоится при подмывании или смене подгузника, значит, есть болезненность"", - добавила врач.1из5Частые ошибки родителей и что делатьДаже при хорошем уходе родители нередко совершают одни и те же ошибки.""Главная - злоупотребление влажными салфетками. Даже самые хорошие из них содержат очищающие компоненты, которые могут раздражать поврежденную кожу"", - говорит Садыбакасова.Среди других распространенных ошибок:редкая смена подгузника, считая, что он еще не полный;чрезмерное использование присыпок.""Менять подгузник нужно каждые три-четыре часа и обязательно после каждого стула"", - подчеркивает врач.Присыпки же при намокании скатываются в комочки и работают как ""наждачка""Если раздражение уже появилось, нужно убрать агрессивные факторы, дать коже дышать и использовать защитные средства при необходимости.Как выбрать подгузники и на что смотреть в составеВыбор подгузника напрямую влияет на состояние кожи. Врач-педиатр Зайнап Садыбакасова советует обращать внимание на несколько ключевых моментов:Безопасность материалов.Ищите маркировку OEKO-TEX Standard 100 (Class 1) - это гарантия, что в подгузниках нет токсинов, а материалы безопасны для чувствительной кожи.Мягкость верхнего слоя.Отдавайте предпочтение натуральным и мягким волокнам, например бамбуку или вискозе, чтобы снизить риск травмирования эпидермиса.Абсорбция и сухость.Качественные подгузники используют суперабсорбент, который быстро превращает жидкость в гель, удерживает влагу внутри и оставляет поверхность сухой. Бюджетные варианты часто возвращают влагу обратно при нажатии, что может провоцировать раздражение и опрелости.Современные технологии.Некоторые бренды применяют полиолы для создания защитного барьера и даже внедряют работу с микробиомом кожи, например пробиотики Lactobacillus acidophilus, которые поддерживают здоровую среду на поверхности кожи и предотвращают размножение патогенов.Конструкция и стандарты производства.Важно, чтобы подгузники имели продуманную конструкцию - гладкая бамбуковая вискоза и многослойная структура сводят к минимуму риск микротравм. Стандарты cGMP гарантируют отсутствие случайных примесей и токсичных остатков.По словам педиатра, именно сочетание этих факторов - безопасные материалы, эффективная абсорбция, забота о микробиоме и строгий контроль производства - делает одни подгузники предпочтительнее других. Среди таких брендов она отмечает Lambee, где эти требования соблюдаются на всех этапах производства. Главный фактор риска - влажность. Если подгузник плохо удерживает влагу, кожа размокает - возникает мацерация, и это уже входные ворота для инфекций. ""Я всегда придерживаюсь тактики ""сухо и чисто"". Никаких салфеток с отдушками, только теплая вода. Обязательны воздушные ванны"", - говорит педиатр. Если уже есть признаки раздражения, при мокнутии используются барьерные кремы с цинком, а сам подгузник должен быстро уводить влагу во впитывающий слой. Отдельно специалист подчеркивает важность правильного размера. ""Слишком маленький подгузник натирает в паховых складках, нарушая микроциркуляцию. Слишком большой - неплотно прилегает, что ведет к протеканиям и постоянному контакту кожи с влагой. Размер нужно подбирать так, чтобы под поясок свободно проходил ваш палец"", - отмечает она. Также важно вовремя заметить проблему. Среди первых признаков врач выделяет: стойкое покраснение, которое не проходит после воздушных ванн;отечность;мелкие высыпания (папулы);""глянцевый"" блеск кожи.""И, конечно, поведение ребенка: если он беспокоится при подмывании или смене подгузника, значит, есть болезненность"", - добавила врач.1из5Частые ошибки родителей и что делатьДаже при хорошем уходе родители нередко совершают одни и те же ошибки.""Главная - злоупотребление влажными салфетками. Даже самые хорошие из них содержат очищающие компоненты, которые могут раздражать поврежденную кожу"", - говорит Садыбакасова.Среди других распространенных ошибок:редкая смена подгузника, считая, что он еще не полный;чрезмерное использование присыпок.""Менять подгузник нужно каждые три-четыре часа и обязательно после каждого стула"", - подчеркивает врач.Присыпки же при намокании скатываются в комочки и работают как ""наждачка""Если раздражение уже появилось, нужно убрать агрессивные факторы, дать коже дышать и использовать защитные средства при необходимости.Как выбрать подгузники и на что смотреть в составеВыбор подгузника напрямую влияет на состояние кожи. Врач-педиатр Зайнап Садыбакасова советует обращать внимание на несколько ключевых моментов:Безопасность материалов.Ищите маркировку OEKO-TEX Standard 100 (Class 1) - это гарантия, что в подгузниках нет токсинов, а материалы безопасны для чувствительной кожи.Мягкость верхнего слоя.Отдавайте предпочтение натуральным и мягким волокнам, например бамбуку или вискозе, чтобы снизить риск травмирования эпидермиса.Абсорбция и сухость.Качественные подгузники используют суперабсорбент, который быстро превращает жидкость в гель, удерживает влагу внутри и оставляет поверхность сухой. Бюджетные варианты часто возвращают влагу обратно при нажатии, что может провоцировать раздражение и опрелости.Современные технологии.Некоторые бренды применяют полиолы для создания защитного барьера и даже внедряют работу с микробиомом кожи, например пробиотики Lactobacillus acidophilus, которые поддерживают здоровую среду на поверхности кожи и предотвращают размножение патогенов.Конструкция и стандарты производства.Важно, чтобы подгузники имели продуманную конструкцию - гладкая бамбуковая вискоза и многослойная структура сводят к минимуму риск микротравм. Стандарты cGMP гарантируют отсутствие случайных примесей и токсичных остатков.По словам педиатра, именно сочетание этих факторов - безопасные материалы, эффективная абсорбция, забота о микробиоме и строгий контроль производства - делает одни подгузники предпочтительнее других. Среди таких брендов она отмечает Lambee, где эти требования соблюдаются на всех этапах производства. ""И, конечно, поведение ребенка: если он беспокоится при подмывании или смене подгузника, значит, есть болезненность"", - добавила врач. Даже при хорошем уходе родители нередко совершают одни и те же ошибки. ""Главная - злоупотребление влажными салфетками. Даже самые хорошие из них содержат очищающие компоненты, которые могут раздражать поврежденную кожу"", - говорит Садыбакасова. Среди других распространенных ошибок:редкая смена подгузника, считая, что он еще не полный;чрезмерное использование присыпок.""Менять подгузник нужно каждые три-четыре часа и обязательно после каждого стула"", - подчеркивает врач.Присыпки же при намокании скатываются в комочки и работают как ""наждачка""Если раздражение уже появилось, нужно убрать агрессивные факторы, дать коже дышать и использовать защитные средства при необходимости.Как выбрать подгузники и на что смотреть в составеВыбор подгузника напрямую влияет на состояние кожи. Врач-педиатр Зайнап Садыбакасова советует обращать внимание на несколько ключевых моментов:Безопасность материалов.Ищите маркировку OEKO-TEX Standard 100 (Class 1) - это гарантия, что в подгузниках нет токсинов, а материалы безопасны для чувствительной кожи.Мягкость верхнего слоя.Отдавайте предпочтение натуральным и мягким волокнам, например бамбуку или вискозе, чтобы снизить риск травмирования эпидермиса.Абсорбция и сухость.Качественные подгузники используют суперабсорбент, который быстро превращает жидкость в гель, удерживает влагу внутри и оставляет поверхность сухой. Бюджетные варианты часто возвращают влагу обратно при нажатии, что может провоцировать раздражение и опрелости.Современные технологии.Некоторые бренды применяют полиолы для создания защитного барьера и даже внедряют работу с микробиомом кожи, например пробиотики Lactobacillus acidophilus, которые поддерживают здоровую среду на поверхности кожи и предотвращают размножение патогенов.Конструкция и стандарты производства.Важно, чтобы подгузники имели продуманную конструкцию - гладкая бамбуковая вискоза и многослойная структура сводят к минимуму риск микротравм. Стандарты cGMP гарантируют отсутствие случайных примесей и токсичных остатков.По словам педиатра, именно сочетание этих факторов - безопасные материалы, эффективная абсорбция, забота о микробиоме и строгий контроль производства - делает одни подгузники предпочтительнее других. Среди таких брендов она отмечает Lambee, где эти требования соблюдаются на всех этапах производства. редкая смена подгузника, считая, что он еще не полный;чрезмерное использование присыпок.""Менять подгузник нужно каждые три-четыре часа и обязательно после каждого стула"", - подчеркивает врач.Присыпки же при намокании скатываются в комочки и работают как ""наждачка""Если раздражение уже появилось, нужно убрать агрессивные факторы, дать коже дышать и использовать защитные средства при необходимости.Как выбрать подгузники и на что смотреть в составеВыбор подгузника напрямую влияет на состояние кожи. Врач-педиатр Зайнап Садыбакасова советует обращать внимание на несколько ключевых моментов:Безопасность материалов.Ищите маркировку OEKO-TEX Standard 100 (Class 1) - это гарантия, что в подгузниках нет токсинов, а материалы безопасны для чувствительной кожи.Мягкость верхнего слоя.Отдавайте предпочтение натуральным и мягким волокнам, например бамбуку или вискозе, чтобы снизить риск травмирования эпидермиса.Абсорбция и сухость.Качественные подгузники используют суперабсорбент, который быстро превращает жидкость в гель, удерживает влагу внутри и оставляет поверхность сухой. Бюджетные варианты часто возвращают влагу обратно при нажатии, что может провоцировать раздражение и опрелости.Современные технологии.Некоторые бренды применяют полиолы для создания защитного барьера и даже внедряют работу с микробиомом кожи, например пробиотики Lactobacillus acidophilus, которые поддерживают здоровую среду на поверхности кожи и предотвращают размножение патогенов.Конструкция и стандарты производства.Важно, чтобы подгузники имели продуманную конструкцию - гладкая бамбуковая вискоза и многослойная структура сводят к минимуму риск микротравм. Стандарты cGMP гарантируют отсутствие случайных примесей и токсичных остатков.По словам педиатра, именно сочетание этих факторов - безопасные материалы, эффективная абсорбция, забота о микробиоме и строгий контроль производства - делает одни подгузники предпочтительнее других. Среди таких брендов она отмечает Lambee, где эти требования соблюдаются на всех этапах производства. ""Менять подгузник нужно каждые три-четыре часа и обязательно после каждого стула"", - подчеркивает врач. Присыпки же при намокании скатываются в комочки и работают как ""наждачка"" Если раздражение уже появилось, нужно убрать агрессивные факторы, дать коже дышать и использовать защитные средства при необходимости. Выбор подгузника напрямую влияет на состояние кожи. Врач-педиатр Зайнап Садыбакасова советует обращать внимание на несколько ключевых моментов: Безопасность материалов.Ищите маркировку OEKO-TEX Standard 100 (Class 1) - это гарантия, что в подгузниках нет токсинов, а материалы безопасны для чувствительной кожи.Мягкость верхнего слоя.Отдавайте предпочтение натуральным и мягким волокнам, например бамбуку или вискозе, чтобы снизить риск травмирования эпидермиса.Абсорбция и сухость.Качественные подгузники используют суперабсорбент, который быстро превращает жидкость в гель, удерживает влагу внутри и оставляет поверхность сухой. Бюджетные варианты часто возвращают влагу обратно при нажатии, что может провоцировать раздражение и опрелости.Современные технологии.Некоторые бренды применяют полиолы для создания защитного барьера и даже внедряют работу с микробиомом кожи, например пробиотики Lactobacillus acidophilus, которые поддерживают здоровую среду на поверхности кожи и предотвращают размножение патогенов.Конструкция и стандарты производства.Важно, чтобы подгузники имели продуманную конструкцию - гладкая бамбуковая вискоза и многослойная структура сводят к минимуму риск микротравм. Стандарты cGMP гарантируют отсутствие случайных примесей и токсичных остатков.По словам педиатра, именно сочетание этих факторов - безопасные материалы, эффективная абсорбция, забота о микробиоме и строгий контроль производства - делает одни подгузники предпочтительнее других. Среди таких брендов она отмечает Lambee, где эти требования соблюдаются на всех этапах производства. По словам педиатра, именно сочетание этих факторов - безопасные материалы, эффективная абсорбция, забота о микробиоме и строгий контроль производства - делает одни подгузники предпочтительнее других. Среди таких брендов она отмечает Lambee, где эти требования соблюдаются на всех этапах производства.",kaktus.media,https://kaktus.media/doc/543794_pochemy_voznikaet_pelenochnyy_dermatit_i_kak_zashitit_kojy_rebenka_otvety_pediatra.html,2026-04-07T16:17:29+06:00,kyrgyz,0,high,news_site
2e1b8db3-1ee5-438e-ac80-5abe42b5f8a9,"Эксклюзивное интервью с президентом. О золоте, февральских событиях, Ташиеве и его семье","- Здравствуйте, Садыр Нургожоевич, спасибо, что нашли время и согласились ответить на вопросыKaktus.media - Марата Уралиева. Мы рады, что вы не обозначили никаких ограничений на вопросы.- Политические события февраля известны всем, за ними следили даже за рубежом. Кто все-таки стоял за ситуацией, которую сейчас называют неудавшейся попыткой переворота?- Я получаю различную информацию из нескольких источников. Когда начались действия, связанные с так называемымписьмом 75 человек, информация уже была у меня. Я отслеживал поступление данного обращения в Жогорку Кенеш, его движение вплоть до спикера и председателей профильных комитетов.В этот период я получал сведения о ходе документа, о действиях причастных лиц, о том, кто с кем встречается. Когда вопрос собирались вынести на пленарное заседание парламента, я принял быстрые и решительные меры. Ситуация с самого начала находилась под контролем.- Известно, что в этом деле принимали участие и работники ГКНБ. Вы были осведомлены о действиях спецслужб? Несколько депутатов сдали мандаты из-за этих событий? Причастны ли они к ""письму 75""?- Как я уже сказал, как президент и главнокомандующий, я осведомлен о действиях руководителей силовых структур. Условно говоря, знаю, ""кто что делает и где находится"". Разумеется, я не утверждаю, что все находится под моим стопроцентным контролем - бывают случаи, о которых я могу не знать.Что касаетсядепутатов, сдавших мандаты, то, как я уже отмечал в предыдущем интервью, в Жогорку Кенеше сформировалась определенная группа, пытавшаяся вести политические интриги. После того как их замыслы не были реализованы, некоторые депутаты, причастные к происходящему, вероятно, осознали свою вину и в связи с этим сдали мандаты.1из2Окончательные выводы будут сделаны по завершении следствия. В целом я бы призвал депутатов держаться подальше от политических игр, сосредоточиться на законотворческой деятельности в интересах народа и контроле исполнения законов.- Причастен ли ваш друг Камчыбек Ташиев? Если да, то почему он остается на свободе? Или, какутверждает Эльвира Сурабалдиева, вы проявляете к нему снисхождение? Разве закон не един для всех? Все равны, но кто-то равнее?- Наличие или отсутствие его причастности установят следствие и суд. В настоящее время расследование не завершено. После его завершения дело будет передано в суд. Окончательное решение, кто виновен, а кто нет, принимает суд.- Еще один депутат Жогорку Кенеша, брат бывшего председателя ГКНБ Камчыбека Ташиева -Шаирбек Ташиев - в настоящее время находится в заключении. Не повлияет ли ваша дружба с Камчыбеком Ташиевым на то, что он будет освобожден или избежит ответственности?- Нет, такого не будет. С момента прихода к власти я неоднократно заявлял, что для меня не существует понятий ""друг"", ""родственник"", ""близкий человек"" - приоритетом всегда являются интересы государства и народа. Если будет нарушен закон, то никто не избежит ответственности.1из2Следствие установило причастность Шаирбека Ташиева к коррупционной схеме на предприятии ""Кыргызнефтегаз"", в результате которой государству был причинен ущерб в размере 4 млрд 115 млн сомов. Только после полного возмещения этой суммы в бюджет может идти речь о его освобождении.По имеющейся информации, все ранее задержанные дали показания против него, и он признал свою вину. Закон должен быть единым для всех. Ранее все, кто был задержан ГКНБ и МВД, возмещали ущерб - при необходимости даже с избытком. После этого их освобождали. Так же должен поступить и Шаирбек Ташиев: сначала все вернуть и только потом выйти.- Недавнокриптомиллиардер Джастин Санпосещал ""Ала-Арчу"". Ваш младший сын сопровождал его. Ваши дети вовлечены в государственные дела?- Не только мои дети, но и в целом никто из членов моей семьи и родственников не участвует в государственных делах. С самого начала я жестко обозначил близким и родственникам: ""Не будем повторять ошибок прежних президентов"".Они занимаются делами, не связанными с государством и политикой. Среди них есть и те, кто привлекает инвесторов в Кыргызстан. Если говорить о моем младшем сыне, то, находясь в гуще политических процессов и на государственной службе, я иногда задумываюсь, достаточно ли внимания я уделял своим детям.Особенно редко мне удавалось быть рядом с младшим сыном. Поэтому иногда Нурдоолот сопровождает меня. Поскольку он хорошо владеет английским языком, он также выступает в роли переводчика.Однако он не участвует ни в каких делах, связанных с государством, и не ведет бизнес с государственными учреждениями. Я не допускаю своих братьев к должностям или государственным учреждениям. У меня достаточно влияния и возможностей, чтобы это обеспечить. Никто из них не будет использовать государственные структуры в личных целях. Они могут приносить пользу, но не причинят вреда.Вы ведь нигде не слышали и никогда не услышите, что сын президента или какой-либо родственник захватил то или иное государственное учреждение. Они занимаются частным бизнесом. Раньше государство делили между собой и сообща его разворовывали. Мы уже видели, к чему это приводит.- Например, вокруг Сабыра Жапарова звучат разные заявления, в том числе о причастности к деятельности ""Кумтора"". В соцсетях публиковали его фотографии с золотом. Как вы могли бы это прокомментировать?- Это не просто ложь - это ложь не на 100, а все 1 000%. Его единственная необдуманная ошибка заключалась в том, что он поехал в Турцию, посетил завод по переработке золота и сфотографировался с золотом в руках. Я уже давал подробные разъяснения по этому поводу, повторяться не буду.Если бы он действительно вывозил золото Кыргызстана, стал бы он так фотографироваться?В целом человеку следует быть осторожным с теми, кто находится рядом. Люди из его окружения предложили: ""Давайте вас сфотографируем"", сделали снимки на свои телефоны, а затем продали их. ""Кумтор"" - это объект с жестким контролем. Везде установлены онлайн-видеокамеры. С 2021 года мы массово внедрили систему видеонаблюдения.- В прошлом году в южной части Бишкека был открыт парк ""Евразия"". Его открытие прошло с вашим участием. Для чего частной компании была выделена там земля? Есть ли в этом политическая подоплека?- Никакой политики здесь нет. При выделении 10 гектаров земли на 15 лет под строительство парка нашим требованием и просьбой было сделать его бесплатным для детей до 15 лет. Поскольку не все родители могут позволить себе водить детей в парки и оплачивать аттракционы, мы исходили из принципа: пусть наши дети не чувствуют себя обделенными, дадим каждому равное счастливое детство.Это важно и для будущего детей, чтобы они росли без чувства неполноценности. Счастливые моменты детства остаются в памяти на всю жизнь.Я вспоминаю свое детство: поход в парк в Караколе был для нас настоящим праздником. К сожалению, тогда бесплатных аттракционов не было - мы катались столько, сколько позволяли средства, и возвращались домой.Поэтому искать политический подтекст в этом парке не имеет смысла.- Уже четыре года действует закон, разрешающий деятельность казино в Кыргызстане. Тогда это решение вызвало серьезные споры и опасения, но, несмотря на сопротивление общества, вы поддержали инициативу, после чего Жогорку Кенеш принял законопроект. Как сегодня работает этот закон и насколько он экономически оправдан?- Закон о казино - это одно из решений, принятых на основе нашей политической воли. Для государства в этом нет ничего предосудительного. Это решение принималось не в чьих-то личных интересах. Время показало его правильность. При его принятии звучали опасения, что граждане Кыргызстана начнут посещать казино и это приведет к разрушению судеб. Однако за все это время не зафиксировано ни одного случая посещения казино гражданами страны. Изначально расчет делался на туристов и обеспеченных граждан соседних стран.Сегодня состоятельные иностранцы оставляют свои средства в Кыргызстане, а для наших граждан создаются рабочие места. Тысячи наших соотечественников, ранее работавших, например, на Кипре, возвращаются и трудятся на родине. При принятии решений я всегда исхожу исключительно из интересов государства.Сегодня казино приносят доход в бюджет, при этом наши граждане не несут ущерба - это ключевой результат. Самое главное - мы добились баланса: миллионы, которые наши обеспеченные граждане ранее проигрывали за рубежом, теперь компенсируются средствами, которые иностранцы проигрывают в Кыргызстане. Деньги возвращаются в страну через туризм - в этом и заключалась наша основная цель.- Недавно вы совершили рабочий визит в Россию. Одни связывают его с санкциями, другие - с инициативами по переименованию населенных пунктов. Какова была реальная причина поездки?- Никто не может вызвать президента суверенного государства. Напротив, инициатором визита в Москву выступил я сам. После участия в экологическом саммите в Астане я решил воспользоваться возможностью и провести встречу, решив сразу несколько задач. Владимир Владимирович сразу поддержал эту инициативу.В первый день визита мы более двух часов обсуждали широкий круг вопросов кыргызско-российских отношений. По ряду тем договорились провести дополнительные переговоры с участием профильных министров, которых срочно вызвали, и уже на следующий день состоялась встреча в расширенном составе. Все ключевые вопросы были урегулированы.Считаю уместным выразить благодарность Владимиру Владимировичу: на протяжении последних пяти лет он неизменно оказывает поддержку по всем вопросам кыргызско-российского сотрудничества, решает вопросы, относящиеся к российской стороне. Поэтому мы называем Россию нашим стратегическим партнером. - Политические события февраля известны всем, за ними следили даже за рубежом. Кто все-таки стоял за ситуацией, которую сейчас называют неудавшейся попыткой переворота? - Я получаю различную информацию из нескольких источников. Когда начались действия, связанные с так называемымписьмом 75 человек, информация уже была у меня. Я отслеживал поступление данного обращения в Жогорку Кенеш, его движение вплоть до спикера и председателей профильных комитетов. В этот период я получал сведения о ходе документа, о действиях причастных лиц, о том, кто с кем встречается. Когда вопрос собирались вынести на пленарное заседание парламента, я принял быстрые и решительные меры. Ситуация с самого начала находилась под контролем.- Известно, что в этом деле принимали участие и работники ГКНБ. Вы были осведомлены о действиях спецслужб? Несколько депутатов сдали мандаты из-за этих событий? Причастны ли они к ""письму 75""?- Как я уже сказал, как президент и главнокомандующий, я осведомлен о действиях руководителей силовых структур. Условно говоря, знаю, ""кто что делает и где находится"". Разумеется, я не утверждаю, что все находится под моим стопроцентным контролем - бывают случаи, о которых я могу не знать.Что касаетсядепутатов, сдавших мандаты, то, как я уже отмечал в предыдущем интервью, в Жогорку Кенеше сформировалась определенная группа, пытавшаяся вести политические интриги. После того как их замыслы не были реализованы, некоторые депутаты, причастные к происходящему, вероятно, осознали свою вину и в связи с этим сдали мандаты.1из2Окончательные выводы будут сделаны по завершении следствия. В целом я бы призвал депутатов держаться подальше от политических игр, сосредоточиться на законотворческой деятельности в интересах народа и контроле исполнения законов.- Причастен ли ваш друг Камчыбек Ташиев? Если да, то почему он остается на свободе? Или, какутверждает Эльвира Сурабалдиева, вы проявляете к нему снисхождение? Разве закон не един для всех? Все равны, но кто-то равнее?- Наличие или отсутствие его причастности установят следствие и суд. В настоящее время расследование не завершено. После его завершения дело будет передано в суд. Окончательное решение, кто виновен, а кто нет, принимает суд.- Еще один депутат Жогорку Кенеша, брат бывшего председателя ГКНБ Камчыбека Ташиева -Шаирбек Ташиев - в настоящее время находится в заключении. Не повлияет ли ваша дружба с Камчыбеком Ташиевым на то, что он будет освобожден или избежит ответственности?- Нет, такого не будет. С момента прихода к власти я неоднократно заявлял, что для меня не существует понятий ""друг"", ""родственник"", ""близкий человек"" - приоритетом всегда являются интересы государства и народа. Если будет нарушен закон, то никто не избежит ответственности.1из2Следствие установило причастность Шаирбека Ташиева к коррупционной схеме на предприятии ""Кыргызнефтегаз"", в результате которой государству был причинен ущерб в размере 4 млрд 115 млн сомов. Только после полного возмещения этой суммы в бюджет может идти речь о его освобождении.По имеющейся информации, все ранее задержанные дали показания против него, и он признал свою вину. Закон должен быть единым для всех. Ранее все, кто был задержан ГКНБ и МВД, возмещали ущерб - при необходимости даже с избытком. После этого их освобождали. Так же должен поступить и Шаирбек Ташиев: сначала все вернуть и только потом выйти.- Недавнокриптомиллиардер Джастин Санпосещал ""Ала-Арчу"". Ваш младший сын сопровождал его. Ваши дети вовлечены в государственные дела?- Не только мои дети, но и в целом никто из членов моей семьи и родственников не участвует в государственных делах. С самого начала я жестко обозначил близким и родственникам: ""Не будем повторять ошибок прежних президентов"".Они занимаются делами, не связанными с государством и политикой. Среди них есть и те, кто привлекает инвесторов в Кыргызстан. Если говорить о моем младшем сыне, то, находясь в гуще политических процессов и на государственной службе, я иногда задумываюсь, достаточно ли внимания я уделял своим детям.Особенно редко мне удавалось быть рядом с младшим сыном. Поэтому иногда Нурдоолот сопровождает меня. Поскольку он хорошо владеет английским языком, он также выступает в роли переводчика.Однако он не участвует ни в каких делах, связанных с государством, и не ведет бизнес с государственными учреждениями. Я не допускаю своих братьев к должностям или государственным учреждениям. У меня достаточно влияния и возможностей, чтобы это обеспечить. Никто из них не будет использовать государственные структуры в личных целях. Они могут приносить пользу, но не причинят вреда.Вы ведь нигде не слышали и никогда не услышите, что сын президента или какой-либо родственник захватил то или иное государственное учреждение. Они занимаются частным бизнесом. Раньше государство делили между собой и сообща его разворовывали. Мы уже видели, к чему это приводит.- Например, вокруг Сабыра Жапарова звучат разные заявления, в том числе о причастности к деятельности ""Кумтора"". В соцсетях публиковали его фотографии с золотом. Как вы могли бы это прокомментировать?- Это не просто ложь - это ложь не на 100, а все 1 000%. Его единственная необдуманная ошибка заключалась в том, что он поехал в Турцию, посетил завод по переработке золота и сфотографировался с золотом в руках. Я уже давал подробные разъяснения по этому поводу, повторяться не буду.Если бы он действительно вывозил золото Кыргызстана, стал бы он так фотографироваться?В целом человеку следует быть осторожным с теми, кто находится рядом. Люди из его окружения предложили: ""Давайте вас сфотографируем"", сделали снимки на свои телефоны, а затем продали их. ""Кумтор"" - это объект с жестким контролем. Везде установлены онлайн-видеокамеры. С 2021 года мы массово внедрили систему видеонаблюдения.- В прошлом году в южной части Бишкека был открыт парк ""Евразия"". Его открытие прошло с вашим участием. Для чего частной компании была выделена там земля? Есть ли в этом политическая подоплека?- Никакой политики здесь нет. При выделении 10 гектаров земли на 15 лет под строительство парка нашим требованием и просьбой было сделать его бесплатным для детей до 15 лет. Поскольку не все родители могут позволить себе водить детей в парки и оплачивать аттракционы, мы исходили из принципа: пусть наши дети не чувствуют себя обделенными, дадим каждому равное счастливое детство.Это важно и для будущего детей, чтобы они росли без чувства неполноценности. Счастливые моменты детства остаются в памяти на всю жизнь.Я вспоминаю свое детство: поход в парк в Караколе был для нас настоящим праздником. К сожалению, тогда бесплатных аттракционов не было - мы катались столько, сколько позволяли средства, и возвращались домой.Поэтому искать политический подтекст в этом парке не имеет смысла.- Уже четыре года действует закон, разрешающий деятельность казино в Кыргызстане. Тогда это решение вызвало серьезные споры и опасения, но, несмотря на сопротивление общества, вы поддержали инициативу, после чего Жогорку Кенеш принял законопроект. Как сегодня работает этот закон и насколько он экономически оправдан?- Закон о казино - это одно из решений, принятых на основе нашей политической воли. Для государства в этом нет ничего предосудительного. Это решение принималось не в чьих-то личных интересах. Время показало его правильность. При его принятии звучали опасения, что граждане Кыргызстана начнут посещать казино и это приведет к разрушению судеб. Однако за все это время не зафиксировано ни одного случая посещения казино гражданами страны. Изначально расчет делался на туристов и обеспеченных граждан соседних стран.Сегодня состоятельные иностранцы оставляют свои средства в Кыргызстане, а для наших граждан создаются рабочие места. Тысячи наших соотечественников, ранее работавших, например, на Кипре, возвращаются и трудятся на родине. При принятии решений я всегда исхожу исключительно из интересов государства.Сегодня казино приносят доход в бюджет, при этом наши граждане не несут ущерба - это ключевой результат. Самое главное - мы добились баланса: миллионы, которые наши обеспеченные граждане ранее проигрывали за рубежом, теперь компенсируются средствами, которые иностранцы проигрывают в Кыргызстане. Деньги возвращаются в страну через туризм - в этом и заключалась наша основная цель.- Недавно вы совершили рабочий визит в Россию. Одни связывают его с санкциями, другие - с инициативами по переименованию населенных пунктов. Какова была реальная причина поездки?- Никто не может вызвать президента суверенного государства. Напротив, инициатором визита в Москву выступил я сам. После участия в экологическом саммите в Астане я решил воспользоваться возможностью и провести встречу, решив сразу несколько задач. Владимир Владимирович сразу поддержал эту инициативу.В первый день визита мы более двух часов обсуждали широкий круг вопросов кыргызско-российских отношений. По ряду тем договорились провести дополнительные переговоры с участием профильных министров, которых срочно вызвали, и уже на следующий день состоялась встреча в расширенном составе. Все ключевые вопросы были урегулированы.Считаю уместным выразить благодарность Владимиру Владимировичу: на протяжении последних пяти лет он неизменно оказывает поддержку по всем вопросам кыргызско-российского сотрудничества, решает вопросы, относящиеся к российской стороне. Поэтому мы называем Россию нашим стратегическим партнером. - Известно, что в этом деле принимали участие и работники ГКНБ. Вы были осведомлены о действиях спецслужб? Несколько депутатов сдали мандаты из-за этих событий? Причастны ли они к ""письму 75""?- Как я уже сказал, как президент и главнокомандующий, я осведомлен о действиях руководителей силовых структур. Условно говоря, знаю, ""кто что делает и где находится"". Разумеется, я не утверждаю, что все находится под моим стопроцентным контролем - бывают случаи, о которых я могу не знать.Что касаетсядепутатов, сдавших мандаты, то, как я уже отмечал в предыдущем интервью, в Жогорку Кенеше сформировалась определенная группа, пытавшаяся вести политические интриги. После того как их замыслы не были реализованы, некоторые депутаты, причастные к происходящему, вероятно, осознали свою вину и в связи с этим сдали мандаты.1из2Окончательные выводы будут сделаны по завершении следствия. В целом я бы призвал депутатов держаться подальше от политических игр, сосредоточиться на законотворческой деятельности в интересах народа и контроле исполнения законов.- Причастен ли ваш друг Камчыбек Ташиев? Если да, то почему он остается на свободе? Или, какутверждает Эльвира Сурабалдиева, вы проявляете к нему снисхождение? Разве закон не един для всех? Все равны, но кто-то равнее?- Наличие или отсутствие его причастности установят следствие и суд. В настоящее время расследование не завершено. После его завершения дело будет передано в суд. Окончательное решение, кто виновен, а кто нет, принимает суд.- Еще один депутат Жогорку Кенеша, брат бывшего председателя ГКНБ Камчыбека Ташиева -Шаирбек Ташиев - в настоящее время находится в заключении. Не повлияет ли ваша дружба с Камчыбеком Ташиевым на то, что он будет освобожден или избежит ответственности?- Нет, такого не будет. С момента прихода к власти я неоднократно заявлял, что для меня не существует понятий ""друг"", ""родственник"", ""близкий человек"" - приоритетом всегда являются интересы государства и народа. Если будет нарушен закон, то никто не избежит ответственности.1из2Следствие установило причастность Шаирбека Ташиева к коррупционной схеме на предприятии ""Кыргызнефтегаз"", в результате которой государству был причинен ущерб в размере 4 млрд 115 млн сомов. Только после полного возмещения этой суммы в бюджет может идти речь о его освобождении.По имеющейся информации, все ранее задержанные дали показания против него, и он признал свою вину. Закон должен быть единым для всех. Ранее все, кто был задержан ГКНБ и МВД, возмещали ущерб - при необходимости даже с избытком. После этого их освобождали. Так же должен поступить и Шаирбек Ташиев: сначала все вернуть и только потом выйти.- Недавнокриптомиллиардер Джастин Санпосещал ""Ала-Арчу"". Ваш младший сын сопровождал его. Ваши дети вовлечены в государственные дела?- Не только мои дети, но и в целом никто из членов моей семьи и родственников не участвует в государственных делах. С самого начала я жестко обозначил близким и родственникам: ""Не будем повторять ошибок прежних президентов"".Они занимаются делами, не связанными с государством и политикой. Среди них есть и те, кто привлекает инвесторов в Кыргызстан. Если говорить о моем младшем сыне, то, находясь в гуще политических процессов и на государственной службе, я иногда задумываюсь, достаточно ли внимания я уделял своим детям.Особенно редко мне удавалось быть рядом с младшим сыном. Поэтому иногда Нурдоолот сопровождает меня. Поскольку он хорошо владеет английским языком, он также выступает в роли переводчика.Однако он не участвует ни в каких делах, связанных с государством, и не ведет бизнес с государственными учреждениями. Я не допускаю своих братьев к должностям или государственным учреждениям. У меня достаточно влияния и возможностей, чтобы это обеспечить. Никто из них не будет использовать государственные структуры в личных целях. Они могут приносить пользу, но не причинят вреда.Вы ведь нигде не слышали и никогда не услышите, что сын президента или какой-либо родственник захватил то или иное государственное учреждение. Они занимаются частным бизнесом. Раньше государство делили между собой и сообща его разворовывали. Мы уже видели, к чему это приводит.- Например, вокруг Сабыра Жапарова звучат разные заявления, в том числе о причастности к деятельности ""Кумтора"". В соцсетях публиковали его фотографии с золотом. Как вы могли бы это прокомментировать?- Это не просто ложь - это ложь не на 100, а все 1 000%. Его единственная необдуманная ошибка заключалась в том, что он поехал в Турцию, посетил завод по переработке золота и сфотографировался с золотом в руках. Я уже давал подробные разъяснения по этому поводу, повторяться не буду.Если бы он действительно вывозил золото Кыргызстана, стал бы он так фотографироваться?В целом человеку следует быть осторожным с теми, кто находится рядом. Люди из его окружения предложили: ""Давайте вас сфотографируем"", сделали снимки на свои телефоны, а затем продали их. ""Кумтор"" - это объект с жестким контролем. Везде установлены онлайн-видеокамеры. С 2021 года мы массово внедрили систему видеонаблюдения.- В прошлом году в южной части Бишкека был открыт парк ""Евразия"". Его открытие прошло с вашим участием. Для чего частной компании была выделена там земля? Есть ли в этом политическая подоплека?- Никакой политики здесь нет. При выделении 10 гектаров земли на 15 лет под строительство парка нашим требованием и просьбой было сделать его бесплатным для детей до 15 лет. Поскольку не все родители могут позволить себе водить детей в парки и оплачивать аттракционы, мы исходили из принципа: пусть наши дети не чувствуют себя обделенными, дадим каждому равное счастливое детство.Это важно и для будущего детей, чтобы они росли без чувства неполноценности. Счастливые моменты детства остаются в памяти на всю жизнь.Я вспоминаю свое детство: поход в парк в Караколе был для нас настоящим праздником. К сожалению, тогда бесплатных аттракционов не было - мы катались столько, сколько позволяли средства, и возвращались домой.Поэтому искать политический подтекст в этом парке не имеет смысла.- Уже четыре года действует закон, разрешающий деятельность казино в Кыргызстане. Тогда это решение вызвало серьезные споры и опасения, но, несмотря на сопротивление общества, вы поддержали инициативу, после чего Жогорку Кенеш принял законопроект. Как сегодня работает этот закон и насколько он экономически оправдан?- Закон о казино - это одно из решений, принятых на основе нашей политической воли. Для государства в этом нет ничего предосудительного. Это решение принималось не в чьих-то личных интересах. Время показало его правильность. При его принятии звучали опасения, что граждане Кыргызстана начнут посещать казино и это приведет к разрушению судеб. Однако за все это время не зафиксировано ни одного случая посещения казино гражданами страны. Изначально расчет делался на туристов и обеспеченных граждан соседних стран.Сегодня состоятельные иностранцы оставляют свои средства в Кыргызстане, а для наших граждан создаются рабочие места. Тысячи наших соотечественников, ранее работавших, например, на Кипре, возвращаются и трудятся на родине. При принятии решений я всегда исхожу исключительно из интересов государства.Сегодня казино приносят доход в бюджет, при этом наши граждане не несут ущерба - это ключевой результат. Самое главное - мы добились баланса: миллионы, которые наши обеспеченные граждане ранее проигрывали за рубежом, теперь компенсируются средствами, которые иностранцы проигрывают в Кыргызстане. Деньги возвращаются в страну через туризм - в этом и заключалась наша основная цель.- Недавно вы совершили рабочий визит в Россию. Одни связывают его с санкциями, другие - с инициативами по переименованию населенных пунктов. Какова была реальная причина поездки?- Никто не может вызвать президента суверенного государства. Напротив, инициатором визита в Москву выступил я сам. После участия в экологическом саммите в Астане я решил воспользоваться возможностью и провести встречу, решив сразу несколько задач. Владимир Владимирович сразу поддержал эту инициативу.В первый день визита мы более двух часов обсуждали широкий круг вопросов кыргызско-российских отношений. По ряду тем договорились провести дополнительные переговоры с участием профильных министров, которых срочно вызвали, и уже на следующий день состоялась встреча в расширенном составе. Все ключевые вопросы были урегулированы.Считаю уместным выразить благодарность Владимиру Владимировичу: на протяжении последних пяти лет он неизменно оказывает поддержку по всем вопросам кыргызско-российского сотрудничества, решает вопросы, относящиеся к российской стороне. Поэтому мы называем Россию нашим стратегическим партнером. - Как я уже сказал, как президент и главнокомандующий, я осведомлен о действиях руководителей силовых структур. Условно говоря, знаю, ""кто что делает и где находится"". Разумеется, я не утверждаю, что все находится под моим стопроцентным контролем - бывают случаи, о которых я могу не знать. Что касаетсядепутатов, сдавших мандаты, то, как я уже отмечал в предыдущем интервью, в Жогорку Кенеше сформировалась определенная группа, пытавшаяся вести политические интриги. После того как их замыслы не были реализованы, некоторые депутаты, причастные к происходящему, вероятно, осознали свою вину и в связи с этим сдали мандаты.1из2Окончательные выводы будут сделаны по завершении следствия. В целом я бы призвал депутатов держаться подальше от политических игр, сосредоточиться на законотворческой деятельности в интересах народа и контроле исполнения законов.- Причастен ли ваш друг Камчыбек Ташиев? Если да, то почему он остается на свободе? Или, какутверждает Эльвира Сурабалдиева, вы проявляете к нему снисхождение? Разве закон не един для всех? Все равны, но кто-то равнее?- Наличие или отсутствие его причастности установят следствие и суд. В настоящее время расследование не завершено. После его завершения дело будет передано в суд. Окончательное решение, кто виновен, а кто нет, принимает суд.- Еще один депутат Жогорку Кенеша, брат бывшего председателя ГКНБ Камчыбека Ташиева -Шаирбек Ташиев - в настоящее время находится в заключении. Не повлияет ли ваша дружба с Камчыбеком Ташиевым на то, что он будет освобожден или избежит ответственности?- Нет, такого не будет. С момента прихода к власти я неоднократно заявлял, что для меня не существует понятий ""друг"", ""родственник"", ""близкий человек"" - приоритетом всегда являются интересы государства и народа. Если будет нарушен закон, то никто не избежит ответственности.1из2Следствие установило причастность Шаирбека Ташиева к коррупционной схеме на предприятии ""Кыргызнефтегаз"", в результате которой государству был причинен ущерб в размере 4 млрд 115 млн сомов. Только после полного возмещения этой суммы в бюджет может идти речь о его освобождении.По имеющейся информации, все ранее задержанные дали показания против него, и он признал свою вину. Закон должен быть единым для всех. Ранее все, кто был задержан ГКНБ и МВД, возмещали ущерб - при необходимости даже с избытком. После этого их освобождали. Так же должен поступить и Шаирбек Ташиев: сначала все вернуть и только потом выйти.- Недавнокриптомиллиардер Джастин Санпосещал ""Ала-Арчу"". Ваш младший сын сопровождал его. Ваши дети вовлечены в государственные дела?- Не только мои дети, но и в целом никто из членов моей семьи и родственников не участвует в государственных делах. С самого начала я жестко обозначил близким и родственникам: ""Не будем повторять ошибок прежних президентов"".Они занимаются делами, не связанными с государством и политикой. Среди них есть и те, кто привлекает инвесторов в Кыргызстан. Если говорить о моем младшем сыне, то, находясь в гуще политических процессов и на государственной службе, я иногда задумываюсь, достаточно ли внимания я уделял своим детям.Особенно редко мне удавалось быть рядом с младшим сыном. Поэтому иногда Нурдоолот сопровождает меня. Поскольку он хорошо владеет английским языком, он также выступает в роли переводчика.Однако он не участвует ни в каких делах, связанных с государством, и не ведет бизнес с государственными учреждениями. Я не допускаю своих братьев к должностям или государственным учреждениям. У меня достаточно влияния и возможностей, чтобы это обеспечить. Никто из них не будет использовать государственные структуры в личных целях. Они могут приносить пользу, но не причинят вреда.Вы ведь нигде не слышали и никогда не услышите, что сын президента или какой-либо родственник захватил то или иное государственное учреждение. Они занимаются частным бизнесом. Раньше государство делили между собой и сообща его разворовывали. Мы уже видели, к чему это приводит.- Например, вокруг Сабыра Жапарова звучат разные заявления, в том числе о причастности к деятельности ""Кумтора"". В соцсетях публиковали его фотографии с золотом. Как вы могли бы это прокомментировать?- Это не просто ложь - это ложь не на 100, а все 1 000%. Его единственная необдуманная ошибка заключалась в том, что он поехал в Турцию, посетил завод по переработке золота и сфотографировался с золотом в руках. Я уже давал подробные разъяснения по этому поводу, повторяться не буду.Если бы он действительно вывозил золото Кыргызстана, стал бы он так фотографироваться?В целом человеку следует быть осторожным с теми, кто находится рядом. Люди из его окружения предложили: ""Давайте вас сфотографируем"", сделали снимки на свои телефоны, а затем продали их. ""Кумтор"" - это объект с жестким контролем. Везде установлены онлайн-видеокамеры. С 2021 года мы массово внедрили систему видеонаблюдения.- В прошлом году в южной части Бишкека был открыт парк ""Евразия"". Его открытие прошло с вашим участием. Для чего частной компании была выделена там земля? Есть ли в этом политическая подоплека?- Никакой политики здесь нет. При выделении 10 гектаров земли на 15 лет под строительство парка нашим требованием и просьбой было сделать его бесплатным для детей до 15 лет. Поскольку не все родители могут позволить себе водить детей в парки и оплачивать аттракционы, мы исходили из принципа: пусть наши дети не чувствуют себя обделенными, дадим каждому равное счастливое детство.Это важно и для будущего детей, чтобы они росли без чувства неполноценности. Счастливые моменты детства остаются в памяти на всю жизнь.Я вспоминаю свое детство: поход в парк в Караколе был для нас настоящим праздником. К сожалению, тогда бесплатных аттракционов не было - мы катались столько, сколько позволяли средства, и возвращались домой.Поэтому искать политический подтекст в этом парке не имеет смысла.- Уже четыре года действует закон, разрешающий деятельность казино в Кыргызстане. Тогда это решение вызвало серьезные споры и опасения, но, несмотря на сопротивление общества, вы поддержали инициативу, после чего Жогорку Кенеш принял законопроект. Как сегодня работает этот закон и насколько он экономически оправдан?- Закон о казино - это одно из решений, принятых на основе нашей политической воли. Для государства в этом нет ничего предосудительного. Это решение принималось не в чьих-то личных интересах. Время показало его правильность. При его принятии звучали опасения, что граждане Кыргызстана начнут посещать казино и это приведет к разрушению судеб. Однако за все это время не зафиксировано ни одного случая посещения казино гражданами страны. Изначально расчет делался на туристов и обеспеченных граждан соседних стран.Сегодня состоятельные иностранцы оставляют свои средства в Кыргызстане, а для наших граждан создаются рабочие места. Тысячи наших соотечественников, ранее работавших, например, на Кипре, возвращаются и трудятся на родине. При принятии решений я всегда исхожу исключительно из интересов государства.Сегодня казино приносят доход в бюджет, при этом наши граждане не несут ущерба - это ключевой результат. Самое главное - мы добились баланса: миллионы, которые наши обеспеченные граждане ранее проигрывали за рубежом, теперь компенсируются средствами, которые иностранцы проигрывают в Кыргызстане. Деньги возвращаются в страну через туризм - в этом и заключалась наша основная цель.- Недавно вы совершили рабочий визит в Россию. Одни связывают его с санкциями, другие - с инициативами по переименованию населенных пунктов. Какова была реальная причина поездки?- Никто не может вызвать президента суверенного государства. Напротив, инициатором визита в Москву выступил я сам. После участия в экологическом саммите в Астане я решил воспользоваться возможностью и провести встречу, решив сразу несколько задач. Владимир Владимирович сразу поддержал эту инициативу.В первый день визита мы более двух часов обсуждали широкий круг вопросов кыргызско-российских отношений. По ряду тем договорились провести дополнительные переговоры с участием профильных министров, которых срочно вызвали, и уже на следующий день состоялась встреча в расширенном составе. Все ключевые вопросы были урегулированы.Считаю уместным выразить благодарность Владимиру Владимировичу: на протяжении последних пяти лет он неизменно оказывает поддержку по всем вопросам кыргызско-российского сотрудничества, решает вопросы, относящиеся к российской стороне. Поэтому мы называем Россию нашим стратегическим партнером. Окончательные выводы будут сделаны по завершении следствия. В целом я бы призвал депутатов держаться подальше от политических игр, сосредоточиться на законотворческой деятельности в интересах народа и контроле исполнения законов. - Причастен ли ваш друг Камчыбек Ташиев? Если да, то почему он остается на свободе? Или, какутверждает Эльвира Сурабалдиева, вы проявляете к нему снисхождение? Разве закон не един для всех? Все равны, но кто-то равнее? - Наличие или отсутствие его причастности установят следствие и суд. В настоящее время расследование не завершено. После его завершения дело будет передано в суд. Окончательное решение, кто виновен, а кто нет, принимает суд. - Еще один депутат Жогорку Кенеша, брат бывшего председателя ГКНБ Камчыбека Ташиева -Шаирбек Ташиев - в настоящее время находится в заключении. Не повлияет ли ваша дружба с Камчыбеком Ташиевым на то, что он будет освобожден или избежит ответственности? - Нет, такого не будет. С момента прихода к власти я неоднократно заявлял, что для меня не существует понятий ""друг"", ""родственник"", ""близкий человек"" - приоритетом всегда являются интересы государства и народа. Если будет нарушен закон, то никто не избежит ответственности.1из2Следствие установило причастность Шаирбека Ташиева к коррупционной схеме на предприятии ""Кыргызнефтегаз"", в результате которой государству был причинен ущерб в размере 4 млрд 115 млн сомов. Только после полного возмещения этой суммы в бюджет может идти речь о его освобождении.По имеющейся информации, все ранее задержанные дали показания против него, и он признал свою вину. Закон должен быть единым для всех. Ранее все, кто был задержан ГКНБ и МВД, возмещали ущерб - при необходимости даже с избытком. После этого их освобождали. Так же должен поступить и Шаирбек Ташиев: сначала все вернуть и только потом выйти.- Недавнокриптомиллиардер Джастин Санпосещал ""Ала-Арчу"". Ваш младший сын сопровождал его. Ваши дети вовлечены в государственные дела?- Не только мои дети, но и в целом никто из членов моей семьи и родственников не участвует в государственных делах. С самого начала я жестко обозначил близким и родственникам: ""Не будем повторять ошибок прежних президентов"".Они занимаются делами, не связанными с государством и политикой. Среди них есть и те, кто привлекает инвесторов в Кыргызстан. Если говорить о моем младшем сыне, то, находясь в гуще политических процессов и на государственной службе, я иногда задумываюсь, достаточно ли внимания я уделял своим детям.Особенно редко мне удавалось быть рядом с младшим сыном. Поэтому иногда Нурдоолот сопровождает меня. Поскольку он хорошо владеет английским языком, он также выступает в роли переводчика.Однако он не участвует ни в каких делах, связанных с государством, и не ведет бизнес с государственными учреждениями. Я не допускаю своих братьев к должностям или государственным учреждениям. У меня достаточно влияния и возможностей, чтобы это обеспечить. Никто из них не будет использовать государственные структуры в личных целях. Они могут приносить пользу, но не причинят вреда.Вы ведь нигде не слышали и никогда не услышите, что сын президента или какой-либо родственник захватил то или иное государственное учреждение. Они занимаются частным бизнесом. Раньше государство делили между собой и сообща его разворовывали. Мы уже видели, к чему это приводит.- Например, вокруг Сабыра Жапарова звучат разные заявления, в том числе о причастности к деятельности ""Кумтора"". В соцсетях публиковали его фотографии с золотом. Как вы могли бы это прокомментировать?- Это не просто ложь - это ложь не на 100, а все 1 000%. Его единственная необдуманная ошибка заключалась в том, что он поехал в Турцию, посетил завод по переработке золота и сфотографировался с золотом в руках. Я уже давал подробные разъяснения по этому поводу, повторяться не буду.Если бы он действительно вывозил золото Кыргызстана, стал бы он так фотографироваться?В целом человеку следует быть осторожным с теми, кто находится рядом. Люди из его окружения предложили: ""Давайте вас сфотографируем"", сделали снимки на свои телефоны, а затем продали их. ""Кумтор"" - это объект с жестким контролем. Везде установлены онлайн-видеокамеры. С 2021 года мы массово внедрили систему видеонаблюдения.- В прошлом году в южной части Бишкека был открыт парк ""Евразия"". Его открытие прошло с вашим участием. Для чего частной компании была выделена там земля? Есть ли в этом политическая подоплека?- Никакой политики здесь нет. При выделении 10 гектаров земли на 15 лет под строительство парка нашим требованием и просьбой было сделать его бесплатным для детей до 15 лет. Поскольку не все родители могут позволить себе водить детей в парки и оплачивать аттракционы, мы исходили из принципа: пусть наши дети не чувствуют себя обделенными, дадим каждому равное счастливое детство.Это важно и для будущего детей, чтобы они росли без чувства неполноценности. Счастливые моменты детства остаются в памяти на всю жизнь.Я вспоминаю свое детство: поход в парк в Караколе был для нас настоящим праздником. К сожалению, тогда бесплатных аттракционов не было - мы катались столько, сколько позволяли средства, и возвращались домой.Поэтому искать политический подтекст в этом парке не имеет смысла.- Уже четыре года действует закон, разрешающий деятельность казино в Кыргызстане. Тогда это решение вызвало серьезные споры и опасения, но, несмотря на сопротивление общества, вы поддержали инициативу, после чего Жогорку Кенеш принял законопроект. Как сегодня работает этот закон и насколько он экономически оправдан?- Закон о казино - это одно из решений, принятых на основе нашей политической воли. Для государства в этом нет ничего предосудительного. Это решение принималось не в чьих-то личных интересах. Время показало его правильность. При его принятии звучали опасения, что граждане Кыргызстана начнут посещать казино и это приведет к разрушению судеб. Однако за все это время не зафиксировано ни одного случая посещения казино гражданами страны. Изначально расчет делался на туристов и обеспеченных граждан соседних стран.Сегодня состоятельные иностранцы оставляют свои средства в Кыргызстане, а для наших граждан создаются рабочие места. Тысячи наших соотечественников, ранее работавших, например, на Кипре, возвращаются и трудятся на родине. При принятии решений я всегда исхожу исключительно из интересов государства.Сегодня казино приносят доход в бюджет, при этом наши граждане не несут ущерба - это ключевой результат. Самое главное - мы добились баланса: миллионы, которые наши обеспеченные граждане ранее проигрывали за рубежом, теперь компенсируются средствами, которые иностранцы проигрывают в Кыргызстане. Деньги возвращаются в страну через туризм - в этом и заключалась наша основная цель.- Недавно вы совершили рабочий визит в Россию. Одни связывают его с санкциями, другие - с инициативами по переименованию населенных пунктов. Какова была реальная причина поездки?- Никто не может вызвать президента суверенного государства. Напротив, инициатором визита в Москву выступил я сам. После участия в экологическом саммите в Астане я решил воспользоваться возможностью и провести встречу, решив сразу несколько задач. Владимир Владимирович сразу поддержал эту инициативу.В первый день визита мы более двух часов обсуждали широкий круг вопросов кыргызско-российских отношений. По ряду тем договорились провести дополнительные переговоры с участием профильных министров, которых срочно вызвали, и уже на следующий день состоялась встреча в расширенном составе. Все ключевые вопросы были урегулированы.Считаю уместным выразить благодарность Владимиру Владимировичу: на протяжении последних пяти лет он неизменно оказывает поддержку по всем вопросам кыргызско-российского сотрудничества, решает вопросы, относящиеся к российской стороне. Поэтому мы называем Россию нашим стратегическим партнером. Следствие установило причастность Шаирбека Ташиева к коррупционной схеме на предприятии ""Кыргызнефтегаз"", в результате которой государству был причинен ущерб в размере 4 млрд 115 млн сомов. Только после полного возмещения этой суммы в бюджет может идти речь о его освобождении. По имеющейся информации, все ранее задержанные дали показания против него, и он признал свою вину. Закон должен быть единым для всех. Ранее все, кто был задержан ГКНБ и МВД, возмещали ущерб - при необходимости даже с избытком. После этого их освобождали. Так же должен поступить и Шаирбек Ташиев: сначала все вернуть и только потом выйти. - Недавнокриптомиллиардер Джастин Санпосещал ""Ала-Арчу"". Ваш младший сын сопровождал его. Ваши дети вовлечены в государственные дела? - Не только мои дети, но и в целом никто из членов моей семьи и родственников не участвует в государственных делах. С самого начала я жестко обозначил близким и родственникам: ""Не будем повторять ошибок прежних президентов"". Они занимаются делами, не связанными с государством и политикой. Среди них есть и те, кто привлекает инвесторов в Кыргызстан. Если говорить о моем младшем сыне, то, находясь в гуще политических процессов и на государственной службе, я иногда задумываюсь, достаточно ли внимания я уделял своим детям. Особенно редко мне удавалось быть рядом с младшим сыном. Поэтому иногда Нурдоолот сопровождает меня. Поскольку он хорошо владеет английским языком, он также выступает в роли переводчика. Однако он не участвует ни в каких делах, связанных с государством, и не ведет бизнес с государственными учреждениями. Я не допускаю своих братьев к должностям или государственным учреждениям. У меня достаточно влияния и возможностей, чтобы это обеспечить. Никто из них не будет использовать государственные структуры в личных целях. Они могут приносить пользу, но не причинят вреда.Вы ведь нигде не слышали и никогда не услышите, что сын президента или какой-либо родственник захватил то или иное государственное учреждение. Они занимаются частным бизнесом. Раньше государство делили между собой и сообща его разворовывали. Мы уже видели, к чему это приводит.- Например, вокруг Сабыра Жапарова звучат разные заявления, в том числе о причастности к деятельности ""Кумтора"". В соцсетях публиковали его фотографии с золотом. Как вы могли бы это прокомментировать?- Это не просто ложь - это ложь не на 100, а все 1 000%. Его единственная необдуманная ошибка заключалась в том, что он поехал в Турцию, посетил завод по переработке золота и сфотографировался с золотом в руках. Я уже давал подробные разъяснения по этому поводу, повторяться не буду.Если бы он действительно вывозил золото Кыргызстана, стал бы он так фотографироваться?В целом человеку следует быть осторожным с теми, кто находится рядом. Люди из его окружения предложили: ""Давайте вас сфотографируем"", сделали снимки на свои телефоны, а затем продали их. ""Кумтор"" - это объект с жестким контролем. Везде установлены онлайн-видеокамеры. С 2021 года мы массово внедрили систему видеонаблюдения.- В прошлом году в южной части Бишкека был открыт парк ""Евразия"". Его открытие прошло с вашим участием. Для чего частной компании была выделена там земля? Есть ли в этом политическая подоплека?- Никакой политики здесь нет. При выделении 10 гектаров земли на 15 лет под строительство парка нашим требованием и просьбой было сделать его бесплатным для детей до 15 лет. Поскольку не все родители могут позволить себе водить детей в парки и оплачивать аттракционы, мы исходили из принципа: пусть наши дети не чувствуют себя обделенными, дадим каждому равное счастливое детство.Это важно и для будущего детей, чтобы они росли без чувства неполноценности. Счастливые моменты детства остаются в памяти на всю жизнь.Я вспоминаю свое детство: поход в парк в Караколе был для нас настоящим праздником. К сожалению, тогда бесплатных аттракционов не было - мы катались столько, сколько позволяли средства, и возвращались домой.Поэтому искать политический подтекст в этом парке не имеет смысла.- Уже четыре года действует закон, разрешающий деятельность казино в Кыргызстане. Тогда это решение вызвало серьезные споры и опасения, но, несмотря на сопротивление общества, вы поддержали инициативу, после чего Жогорку Кенеш принял законопроект. Как сегодня работает этот закон и насколько он экономически оправдан?- Закон о казино - это одно из решений, принятых на основе нашей политической воли. Для государства в этом нет ничего предосудительного. Это решение принималось не в чьих-то личных интересах. Время показало его правильность. При его принятии звучали опасения, что граждане Кыргызстана начнут посещать казино и это приведет к разрушению судеб. Однако за все это время не зафиксировано ни одного случая посещения казино гражданами страны. Изначально расчет делался на туристов и обеспеченных граждан соседних стран.Сегодня состоятельные иностранцы оставляют свои средства в Кыргызстане, а для наших граждан создаются рабочие места. Тысячи наших соотечественников, ранее работавших, например, на Кипре, возвращаются и трудятся на родине. При принятии решений я всегда исхожу исключительно из интересов государства.Сегодня казино приносят доход в бюджет, при этом наши граждане не несут ущерба - это ключевой результат. Самое главное - мы добились баланса: миллионы, которые наши обеспеченные граждане ранее проигрывали за рубежом, теперь компенсируются средствами, которые иностранцы проигрывают в Кыргызстане. Деньги возвращаются в страну через туризм - в этом и заключалась наша основная цель.- Недавно вы совершили рабочий визит в Россию. Одни связывают его с санкциями, другие - с инициативами по переименованию населенных пунктов. Какова была реальная причина поездки?- Никто не может вызвать президента суверенного государства. Напротив, инициатором визита в Москву выступил я сам. После участия в экологическом саммите в Астане я решил воспользоваться возможностью и провести встречу, решив сразу несколько задач. Владимир Владимирович сразу поддержал эту инициативу.В первый день визита мы более двух часов обсуждали широкий круг вопросов кыргызско-российских отношений. По ряду тем договорились провести дополнительные переговоры с участием профильных министров, которых срочно вызвали, и уже на следующий день состоялась встреча в расширенном составе. Все ключевые вопросы были урегулированы.Считаю уместным выразить благодарность Владимиру Владимировичу: на протяжении последних пяти лет он неизменно оказывает поддержку по всем вопросам кыргызско-российского сотрудничества, решает вопросы, относящиеся к российской стороне. Поэтому мы называем Россию нашим стратегическим партнером. Вы ведь нигде не слышали и никогда не услышите, что сын президента или какой-либо родственник захватил то или иное государственное учреждение. Они занимаются частным бизнесом. Раньше государство делили между собой и сообща его разворовывали. Мы уже видели, к чему это приводит. - Например, вокруг Сабыра Жапарова звучат разные заявления, в том числе о причастности к деятельности ""Кумтора"". В соцсетях публиковали его фотографии с золотом. Как вы могли бы это прокомментировать? - Это не просто ложь - это ложь не на 100, а все 1 000%. Его единственная необдуманная ошибка заключалась в том, что он поехал в Турцию, посетил завод по переработке золота и сфотографировался с золотом в руках. Я уже давал подробные разъяснения по этому поводу, повторяться не буду. Если бы он действительно вывозил золото Кыргызстана, стал бы он так фотографироваться? В целом человеку следует быть осторожным с теми, кто находится рядом. Люди из его окружения предложили: ""Давайте вас сфотографируем"", сделали снимки на свои телефоны, а затем продали их. ""Кумтор"" - это объект с жестким контролем. Везде установлены онлайн-видеокамеры. С 2021 года мы массово внедрили систему видеонаблюдения. - В прошлом году в южной части Бишкека был открыт парк ""Евразия"". Его открытие прошло с вашим участием. Для чего частной компании была выделена там земля? Есть ли в этом политическая подоплека? - Никакой политики здесь нет. При выделении 10 гектаров земли на 15 лет под строительство парка нашим требованием и просьбой было сделать его бесплатным для детей до 15 лет. Поскольку не все родители могут позволить себе водить детей в парки и оплачивать аттракционы, мы исходили из принципа: пусть наши дети не чувствуют себя обделенными, дадим каждому равное счастливое детство. Это важно и для будущего детей, чтобы они росли без чувства неполноценности. Счастливые моменты детства остаются в памяти на всю жизнь.Я вспоминаю свое детство: поход в парк в Караколе был для нас настоящим праздником. К сожалению, тогда бесплатных аттракционов не было - мы катались столько, сколько позволяли средства, и возвращались домой.Поэтому искать политический подтекст в этом парке не имеет смысла. - Уже четыре года действует закон, разрешающий деятельность казино в Кыргызстане. Тогда это решение вызвало серьезные споры и опасения, но, несмотря на сопротивление общества, вы поддержали инициативу, после чего Жогорку Кенеш принял законопроект. Как сегодня работает этот закон и насколько он экономически оправдан? - Закон о казино - это одно из решений, принятых на основе нашей политической воли. Для государства в этом нет ничего предосудительного. Это решение принималось не в чьих-то личных интересах. Время показало его правильность. При его принятии звучали опасения, что граждане Кыргызстана начнут посещать казино и это приведет к разрушению судеб. Однако за все это время не зафиксировано ни одного случая посещения казино гражданами страны. Изначально расчет делался на туристов и обеспеченных граждан соседних стран. Сегодня состоятельные иностранцы оставляют свои средства в Кыргызстане, а для наших граждан создаются рабочие места. Тысячи наших соотечественников, ранее работавших, например, на Кипре, возвращаются и трудятся на родине. При принятии решений я всегда исхожу исключительно из интересов государства. Сегодня казино приносят доход в бюджет, при этом наши граждане не несут ущерба - это ключевой результат. Самое главное - мы добились баланса: миллионы, которые наши обеспеченные граждане ранее проигрывали за рубежом, теперь компенсируются средствами, которые иностранцы проигрывают в Кыргызстане. Деньги возвращаются в страну через туризм - в этом и заключалась наша основная цель. - Недавно вы совершили рабочий визит в Россию. Одни связывают его с санкциями, другие - с инициативами по переименованию населенных пунктов. Какова была реальная причина поездки? - Никто не может вызвать президента суверенного государства. Напротив, инициатором визита в Москву выступил я сам. После участия в экологическом саммите в Астане я решил воспользоваться возможностью и провести встречу, решив сразу несколько задач. Владимир Владимирович сразу поддержал эту инициативу. В первый день визита мы более двух часов обсуждали широкий круг вопросов кыргызско-российских отношений. По ряду тем договорились провести дополнительные переговоры с участием профильных министров, которых срочно вызвали, и уже на следующий день состоялась встреча в расширенном составе. Все ключевые вопросы были урегулированы. Считаю уместным выразить благодарность Владимиру Владимировичу: на протяжении последних пяти лет он неизменно оказывает поддержку по всем вопросам кыргызско-российского сотрудничества, решает вопросы, относящиеся к российской стороне. Поэтому мы называем Россию нашим стратегическим партнером.",kaktus.media,https://kaktus.media/doc/545164_ekskluzivnoe_intervu_s_prezidentom._o_zolote_fevralskih_sobytiiah_tashieve_i_ego_seme.html,2026-04-27T11:20:05+06:00,kyrgyz,0,high,news_site
74583d41-4505-4759-8824-5fa0f0a7f0f8,"Как будут работать ЦОНы ОсОО ""Газпром Кыргызстан"" на длинных выходных (график и адреса)","Режим работы центров обслуживания ОсОО ""Газпром Кыргызстан"" с 1 по 10 мая будет скорректирован в связи с длинными выходными. Об этом сообщили в самой компании. С 1 по 10 мая – выходные и нерабочие дни во всех филиалах компании. Обслуживание возобновится 11 мая в штатном режиме: с понедельника по пятницу с 08:00 до 17:00 (обед с 12:00 до 13:00). Отмечается, что большинство услуг остаются доступны онлайн. Через мобильное приложение и официальный сайт можно обратиться в компанию, подать заявку на подключение и заплатить за газ. Филиал ""Бишкекгаз"":Бишкек, ул. Горького, 22;Бишкек, ул. Ахунбаева, 186/1;Бишкек, ул. Фучика, 19.Филиал ""Чуйгаз"":Шопоков, ул. Ленина, 11;Кант, ул. Маликова, 6;с. Ленинское, ул. Алма-Атинская, 248;Кара-Балта, ул. Садовая, 112;Токмок, ул. Горького, 1, проезд 17;Талаская область, Кара-Бууринский район, с. Аманбаево, ул. Т. Бабанова, 30.Филиал ""Ошгаз"":Ош, Ленина, 146;Кара-Суу, ул. Ленина, б/н;Кадамжай, ул. Металлургов, 8/2а;Кызыл-Кия, ул. Кыргызская, 273;Айдаркен, ул. Миклухо-Маклая, 14/34.Филиал ""Жалалабатгаз"":Манас, Байзакова, 2;Майлуу-Суу, ул. Коммунистическая, б/н. Бишкек, ул. Горького, 22;Бишкек, ул. Ахунбаева, 186/1;Бишкек, ул. Фучика, 19.Филиал ""Чуйгаз"":Шопоков, ул. Ленина, 11;Кант, ул. Маликова, 6;с. Ленинское, ул. Алма-Атинская, 248;Кара-Балта, ул. Садовая, 112;Токмок, ул. Горького, 1, проезд 17;Талаская область, Кара-Бууринский район, с. Аманбаево, ул. Т. Бабанова, 30.Филиал ""Ошгаз"":Ош, Ленина, 146;Кара-Суу, ул. Ленина, б/н;Кадамжай, ул. Металлургов, 8/2а;Кызыл-Кия, ул. Кыргызская, 273;Айдаркен, ул. Миклухо-Маклая, 14/34.Филиал ""Жалалабатгаз"":Манас, Байзакова, 2;Майлуу-Суу, ул. Коммунистическая, б/н. Филиал ""Чуйгаз"":Шопоков, ул. Ленина, 11;Кант, ул. Маликова, 6;с. Ленинское, ул. Алма-Атинская, 248;Кара-Балта, ул. Садовая, 112;Токмок, ул. Горького, 1, проезд 17;Талаская область, Кара-Бууринский район, с. Аманбаево, ул. Т. Бабанова, 30.Филиал ""Ошгаз"":Ош, Ленина, 146;Кара-Суу, ул. Ленина, б/н;Кадамжай, ул. Металлургов, 8/2а;Кызыл-Кия, ул. Кыргызская, 273;Айдаркен, ул. Миклухо-Маклая, 14/34.Филиал ""Жалалабатгаз"":Манас, Байзакова, 2;Майлуу-Суу, ул. Коммунистическая, б/н. Шопоков, ул. Ленина, 11;Кант, ул. Маликова, 6;с. Ленинское, ул. Алма-Атинская, 248;Кара-Балта, ул. Садовая, 112;Токмок, ул. Горького, 1, проезд 17;Талаская область, Кара-Бууринский район, с. Аманбаево, ул. Т. Бабанова, 30.Филиал ""Ошгаз"":Ош, Ленина, 146;Кара-Суу, ул. Ленина, б/н;Кадамжай, ул. Металлургов, 8/2а;Кызыл-Кия, ул. Кыргызская, 273;Айдаркен, ул. Миклухо-Маклая, 14/34.Филиал ""Жалалабатгаз"":Манас, Байзакова, 2;Майлуу-Суу, ул. Коммунистическая, б/н. Филиал ""Ошгаз"":Ош, Ленина, 146;Кара-Суу, ул. Ленина, б/н;Кадамжай, ул. Металлургов, 8/2а;Кызыл-Кия, ул. Кыргызская, 273;Айдаркен, ул. Миклухо-Маклая, 14/34.Филиал ""Жалалабатгаз"":Манас, Байзакова, 2;Майлуу-Суу, ул. Коммунистическая, б/н. Ош, Ленина, 146;Кара-Суу, ул. Ленина, б/н;Кадамжай, ул. Металлургов, 8/2а;Кызыл-Кия, ул. Кыргызская, 273;Айдаркен, ул. Миклухо-Маклая, 14/34.Филиал ""Жалалабатгаз"":Манас, Байзакова, 2;Майлуу-Суу, ул. Коммунистическая, б/н. Филиал ""Жалалабатгаз"":Манас, Байзакова, 2;Майлуу-Суу, ул. Коммунистическая, б/н. Манас, Байзакова, 2;Майлуу-Суу, ул. Коммунистическая, б/н.",kaktus.media,https://kaktus.media/doc/545413_kak_bydyt_rabotat_cony_osoo_gazprom_kyrgyzstan_na_dlinnyh_vyhodnyh_grafik_i_adresa.html,2026-04-30T15:32:41+06:00,kyrgyz,0,high,news_site
1a42d581-e12e-4bad-96ca-d1bc6cead3cf,"В Бишкеке откроется выставка художницы Айи Ибраимовой ""Память земли. Кыргызские истории""","12 мая в музее им. Николая Рериха в Бишкеке откроется первая персональная выставка художницы Айи Ибраимовой ""Память земли. Кыргызские истории"". Об этом говорится в поступившем в редакцию пресс-релизе. Как рассказали организаторы выставки, Айя Ибраимова - 32-летняя художница из Бишкека, выпускница Кыргызского государственного художественного училища им. С. Чуйкова и ВГИКа. С 2019 года она работает в сфере визуального искусства, включая кино, рекламу, клипы и иллюстрацию, постепенно формируя собственный художественный стиль. Проект ""Память земли. Кыргызские истории"" объединяет пять серий живописи и графики, в которых автор исследует Кыргызстан как пространство памяти, истории и культурного кода: ""Эпос ""Манас"" - обращение к национальному эпическому наследию и теме преемственности времени;""Ата-бабалар"" - размышление о родовой и семейной памяти через портреты предков;""Ранние журавли"" - серия, вдохновленная произведением Чингиза Айтматова, о взрослении и внутренней силе человека;""Рынки Кыргызстана"" - зарисовки городской жизни Бишкека и его повседневной динамики;""Дети Кыргызстана"" - тема детства как периода формирования личности и внутреннего света.Экспозиция, которая будет работать до 23 мая, станет первой персональной выставкой художницы и представит широкий срез ее творческих поисков последних лет. Экспозиция, которая будет работать до 23 мая, станет первой персональной выставкой художницы и представит широкий срез ее творческих поисков последних лет.",kaktus.media,https://kaktus.media/doc/545596_v_bishkeke_otkroetsia_vystavka_hydojnicy_ayi_ibraimovoy_pamiat_zemli._kyrgyzskie_istorii.html,2026-05-05T13:07:25+06:00,kyrgyz,0,high,news_site
fc30a4fb-7b71-4f38-80e2-615b1882ae98,"На Иссык-Куле спасли туриста из Италии, попавшего под лавину (видео)","В Джети-Огузском районе Иссык-Кульской области 4 мая сошла лавина, под которую попал иностранный турист. Об этом сообщили в МЧС. По данным ведомства, инцидент произошел примерно на 64-м километре автодороги Барскоон - Ак-Шыйрак. Лавина сошла со склона горы, однако до автодороги не дошла. К спасательным работам привлекли спасателей управления МЧС по Иссык-Кульской области, сотрудников ""Кумтор голд компани"" и №3 ЖТИ. Всего на месте работали 23 человека. В результате турист из Италии Г. Р., 1967 года рождения, был спасен сотрудниками ""Кумтор голд компани"" и спасателями МЧС. После этого его доставили в Иссык-Кульскую областную объединенную больницу.",kaktus.media,https://kaktus.media/doc/545584_na_issyk_kyle_spasli_tyrista_iz_italii_popavshego_pod_laviny_video.html,2026-05-04T21:40:03+06:00,kyrgyz,0,high,news_site
4811be81-d3f6-4580-a67d-59a99f217d11,Энергетики перейдут на усиленный режим работы в праздничные дни мая. Телефоны служб,"В Кыргызстане все филиалы ОАО ""Национальная электрическая сеть Кыргызстана"" (НЭСК) будут работать в усиленном режиме 1, 5 и 9 мая. Об этом сообщили в Министерстве энергетики. Больше новостей и видео в Telegram-каналеKaktus.media. По данным ведомства, соответствующее поручение направлено для обеспечения бесперебойного электроснабжения в праздничные дни. Все филиалы НЭСК усилят контроль за работой сетей. Сообщается, что на местах будут дежурить оперативно-выездные бригады районных электрических сетей. Кроме того, к ним присоединятся представители руководства филиалов, чтобы ускорить принятие решений в случае аварий. Усиленный режим предполагает повышенную готовность к возможным аварийным ситуациям и сокращение времени реагирования на отключения электроэнергии, сказано в сообщении. Для оперативного реагирования подготовлена специальная техника и дежурный транспорт, а бригады обеспечены необходимым оборудованием, заверили в Минэнерго. С вопросами об электроснабжении можно круглосуточно обращаться в колл-центр НЭСК: короткий номер - 105;мобильные - 0772 00 12 09, 0556 00 12 09;WhatsApp - 0702 00 12 09.Также доступны телефоны диспетчеров филиалов:Иссык-Кульское ПЭС - 03922 4 09 03;Таласское ПЭС - 0700 720 032;Баткенское ПЭС - 0776 460 860;Нарынское ПЭС - 03522 5 23 43;Бишкекское ПЭС - 0556 025 381;Чуйское ПЭС - 0559 544 510;Ошское ПЭС - 0772 006 015;Джалал-Абадское ПЭС - 0777 660 669. Также доступны телефоны диспетчеров филиалов: Иссык-Кульское ПЭС - 03922 4 09 03;Таласское ПЭС - 0700 720 032;Баткенское ПЭС - 0776 460 860;Нарынское ПЭС - 03522 5 23 43;Бишкекское ПЭС - 0556 025 381;Чуйское ПЭС - 0559 544 510;Ошское ПЭС - 0772 006 015;Джалал-Абадское ПЭС - 0777 660 669.",kaktus.media,https://kaktus.media/doc/545388_energetiki_pereydyt_na_ysilennyy_rejim_raboty_v_prazdnichnye_dni_maia._telefony_slyjb.html,2026-04-30T09:29:10+06:00,kyrgyz,0,high,news_site
6a71f114-4bf0-4832-ab5c-3db39d7f9cfc,Касымалиев провел совещание по вопросам развития здравоохранения,"Председатель кабинета министров - руководитель администрации президента Адылбек Касымалиев провел совещание в Министерстве здравоохранения. Об этом сообщили в кабмине. На совещании обсудили актуальные вопросы развития системы здравоохранения. В частности, были рассмотрены вопросы повышения качества и доступности медицинских услуг, деятельность госпредприятия ""Кыргызфармация"", обеспечение населения лекарственными средствами, а также меры по укреплению кадрового потенциала отрасли. По итогам совещания профильным ведомствам дали ряд поручений.",kaktus.media,https://kaktus.media/doc/545571_kasymaliev_provel_soveshanie_po_voprosam_razvitiia_zdravoohraneniia.html,2026-05-04T17:08:09+06:00,kyrgyz,0,high,news_site
27b6719d-d699-4332-8d54-a8f9cef9fd97,Весна и детский травматизм. Что нужно помнить родителям,"Как обезопасить ребенка, что делать при подозрении на перелом и в каких случаях нужна срочная помощь, рассказывает врач-ортопед Бакыт Керекулов. Краткая памяткаВесной дети больше времени проводят на улице: катаются на велосипедах, самокатах и роликах, бегают во дворах, играют на площадках. В этот период возрастает риск получения травм: ушибов, вывихов, порезов и переломов. Задача родителей - не запрещать активность, а сделать ее безопасной.Как снизить риск получения травмПодбирайте ребенку удобную обувь по размеру, желательно с нескользящей подошвой.При катании на велосипеде, самокате или роликах надевайте на ребенка шлем, наколенники и налокотники.Перед игрой осмотрите детскую площадку: качели, горки, лестницы и покрытие под ними.Не разрешайте ребенку кататься с горки стоя, прыгать с высоты или толкать других детей.Напоминайте правила безопасности на дорогах: переходить улицу только в положенном месте, не выбегать на проезжую часть, кататься вдали от машин.Дома защищайте окна и балконы блокираторами; храните острые предметы и бытовую химию вне доступа детей.Если есть подозрение на переломУ детей перелом часто может быть без выраженного смещения, поэтому внешняя деформация конечности не всегда заметна. Родителям важно обращать внимание на боль, отек, ограничение движений и отказ ребенка пользоваться рукой или ногой.Если появилась деформация конечности, сильная боль или есть подозрение на перелом, нельзя пытаться самостоятельно вправлять кость. Необходимо зафиксировать поврежденную область с помощью подручных средств: доски, плотного картона, палки, косынки или другой безопасной опоры, чтобы ограничить движение.После фиксации нужно как можно скорее обратиться к травматологу или в ближайший травмпункт.Лечение переломов у детейМногие переломы у детей лечатся консервативно, то есть без оперативного вмешательства. В большинстве случаев достаточно правильной фиксации, наблюдения и выполнения рекомендаций врача.Операция требуется редко - только при определенных видах переломов, выраженном смещении, нестабильности костных отломков или при сложных травмах. Тактика лечения зависит от возраста ребенка, вида перелома, локализации травмы и степени смещения.Поэтому при любой серьезной травме лучше не заниматься самолечением, а своевременно обратиться к специалистам - детскому травматологу-ортопеду или травматологу.Когда нужна срочная помощь• сильная боль, которая не уменьшается;• быстро нарастающий отек;• деформация конечности;• кровотечение или открытая рана;• онемение, посинение пальцев, похолодание конечности;• потеря сознания или травма головы.Главное правило: ребенок должен быть активным, но под внимательным и разумным контролем взрослых. Безопасность начинается с простых привычек каждый день. Весной дети больше времени проводят на улице: катаются на велосипедах, самокатах и роликах, бегают во дворах, играют на площадках. В этот период возрастает риск получения травм: ушибов, вывихов, порезов и переломов. Задача родителей - не запрещать активность, а сделать ее безопасной. Подбирайте ребенку удобную обувь по размеру, желательно с нескользящей подошвой.При катании на велосипеде, самокате или роликах надевайте на ребенка шлем, наколенники и налокотники.Перед игрой осмотрите детскую площадку: качели, горки, лестницы и покрытие под ними.Не разрешайте ребенку кататься с горки стоя, прыгать с высоты или толкать других детей.Напоминайте правила безопасности на дорогах: переходить улицу только в положенном месте, не выбегать на проезжую часть, кататься вдали от машин.Дома защищайте окна и балконы блокираторами; храните острые предметы и бытовую химию вне доступа детей.Если есть подозрение на переломУ детей перелом часто может быть без выраженного смещения, поэтому внешняя деформация конечности не всегда заметна. Родителям важно обращать внимание на боль, отек, ограничение движений и отказ ребенка пользоваться рукой или ногой.Если появилась деформация конечности, сильная боль или есть подозрение на перелом, нельзя пытаться самостоятельно вправлять кость. Необходимо зафиксировать поврежденную область с помощью подручных средств: доски, плотного картона, палки, косынки или другой безопасной опоры, чтобы ограничить движение.После фиксации нужно как можно скорее обратиться к травматологу или в ближайший травмпункт.Лечение переломов у детейМногие переломы у детей лечатся консервативно, то есть без оперативного вмешательства. В большинстве случаев достаточно правильной фиксации, наблюдения и выполнения рекомендаций врача.Операция требуется редко - только при определенных видах переломов, выраженном смещении, нестабильности костных отломков или при сложных травмах. Тактика лечения зависит от возраста ребенка, вида перелома, локализации травмы и степени смещения.Поэтому при любой серьезной травме лучше не заниматься самолечением, а своевременно обратиться к специалистам - детскому травматологу-ортопеду или травматологу.Когда нужна срочная помощь• сильная боль, которая не уменьшается;• быстро нарастающий отек;• деформация конечности;• кровотечение или открытая рана;• онемение, посинение пальцев, похолодание конечности;• потеря сознания или травма головы.Главное правило: ребенок должен быть активным, но под внимательным и разумным контролем взрослых. Безопасность начинается с простых привычек каждый день. У детей перелом часто может быть без выраженного смещения, поэтому внешняя деформация конечности не всегда заметна. Родителям важно обращать внимание на боль, отек, ограничение движений и отказ ребенка пользоваться рукой или ногой. Если появилась деформация конечности, сильная боль или есть подозрение на перелом, нельзя пытаться самостоятельно вправлять кость. Необходимо зафиксировать поврежденную область с помощью подручных средств: доски, плотного картона, палки, косынки или другой безопасной опоры, чтобы ограничить движение. После фиксации нужно как можно скорее обратиться к травматологу или в ближайший травмпункт. Многие переломы у детей лечатся консервативно, то есть без оперативного вмешательства. В большинстве случаев достаточно правильной фиксации, наблюдения и выполнения рекомендаций врача. Операция требуется редко - только при определенных видах переломов, выраженном смещении, нестабильности костных отломков или при сложных травмах. Тактика лечения зависит от возраста ребенка, вида перелома, локализации травмы и степени смещения. Поэтому при любой серьезной травме лучше не заниматься самолечением, а своевременно обратиться к специалистам - детскому травматологу-ортопеду или травматологу. • сильная боль, которая не уменьшается; • быстро нарастающий отек; • деформация конечности; • кровотечение или открытая рана; • онемение, посинение пальцев, похолодание конечности; • потеря сознания или травма головы. Главное правило: ребенок должен быть активным, но под внимательным и разумным контролем взрослых. Безопасность начинается с простых привычек каждый день.",kaktus.media,https://kaktus.media/doc/545450_vesna_i_detskiy_travmatizm._chto_nyjno_pomnit_roditeliam.html,2026-05-01T17:44:03+06:00,kyrgyz,0,high,news_site
890b830d-062d-44e3-b0de-d7c17560d2ee,На майские праздники из Бишкека пустят больше автобусов и бусов на Иссык-Куль и в Нарын,"С 30 апреля в связи с праздничными днями на Бишкекском автовокзале увеличивается количество автобусов и микроавтобусов на междугородних маршрутах по направлениям на Иссык-Куль и в Нарын. Об этом сообщает пресс-служба столичной мэрии. В обычные дни по этим маршрутам ездят около ста единиц транспорта, а на эти дни их количество увеличат в два раза. Отмечается, что все автовокзалы Бишкека работают в штатном режиме. Основной автовокзалфункционирует ежедневно с 07:00 до 23:30.В дневное время, с 07:00 до 19:00, по направлениям Нарын и Иссык-Куль в основном курсируют микроавтобусы. В вечернее время, с 21:00 до 23:30, организуются рейсы крупногабаритных автобусов: пять - в Иссык-Кульскую область, один - в Нарынскую область.Также на постоянной основе выполняются международные рейсы в Алматы, Тюмень, Кашгар и Артуш.Автовокзал ""Ак-Кула""обслуживает западное направление.Отсюда отправляются рейсы до Таласской области, а также международные маршруты в Ташкент и Джизак крупногабаритными автобусами.По теме:Воды все меньше? Что будет с энергетикой Кыргызстана и как нам сотрудничать с соседямиС наступлением теплого сезона предусмотрены и сезонные рейсы: с 15 мая по 15 октября будут запущены маршруты микроавтобусов по направлениям Иссык-Куль, Талас, Ош, Джалал-Абад и Баткен. В дневное время, с 07:00 до 19:00, по направлениям Нарын и Иссык-Куль в основном курсируют микроавтобусы. В вечернее время, с 21:00 до 23:30, организуются рейсы крупногабаритных автобусов: пять - в Иссык-Кульскую область, один - в Нарынскую область. Также на постоянной основе выполняются международные рейсы в Алматы, Тюмень, Кашгар и Артуш. Автовокзал ""Ак-Кула""обслуживает западное направление.Отсюда отправляются рейсы до Таласской области, а также международные маршруты в Ташкент и Джизак крупногабаритными автобусами.По теме:Воды все меньше? Что будет с энергетикой Кыргызстана и как нам сотрудничать с соседямиС наступлением теплого сезона предусмотрены и сезонные рейсы: с 15 мая по 15 октября будут запущены маршруты микроавтобусов по направлениям Иссык-Куль, Талас, Ош, Джалал-Абад и Баткен. Отсюда отправляются рейсы до Таласской области, а также международные маршруты в Ташкент и Джизак крупногабаритными автобусами. С наступлением теплого сезона предусмотрены и сезонные рейсы: с 15 мая по 15 октября будут запущены маршруты микроавтобусов по направлениям Иссык-Куль, Талас, Ош, Джалал-Абад и Баткен.",kaktus.media,https://kaktus.media/doc/545350_na_mayskie_prazdniki_iz_bishkeka_pystiat_bolshe_avtobysov_i_bysov_na_issyk_kyl_i_v_naryn.html,2026-04-29T15:09:09+06:00,kyrgyz,0,high,news_site
e31b4c9e-df90-4ced-b905-1bcc4d016a08,Бутик-отели Центральной Азии: что это такое и что предлагает регион,"Сфера туризма - это не только шикарные гостиничные комплексы высочайшего класса на сотни номеров. Все чаще путешественники отдают предпочтение небольшим, уютным местам, которые дают ощущение комфорта и часто больше отражают культуру. Речь о так называемых бутик-отелях, которые представляют собой места с уникальным дизайном и архитектурой, небольшое число номеров и персонализированные услуги, адаптированные к потребностям гостей. Консалтинговая компания в сфере коммерческой недвижимости Commonwealth Partnership Uzbekistanизучила регионЦентральной Азии и выяснила, что рынок бутик-отелей здесь хорошо развит. При этом в Кыргызстане именно этот сегмент активно развивается. Наша страна на втором месте в регионе после Узбекистана. Ключевые характеристики бутик-отелей - это ограниченный масштаб (от 10 до 100 номеров), расположение в исторических кварталах, рядом с историческими или культурными достопримечательностями, подчеркивающими аутентичность места. Меню включает местную кухню региона, значительное внимание уделяется эстетике, деталям, материалам, атмосфере - дизайн во многом рассказывает историю. Бутик-отели не являются частью крупных гостиничных сетей, что дает свободу формировать стиль. Однако отсутствие профессионального управления нередко приводит к нерегулируемым решениям ""по наитию"", что может сказываться на комфорте гостей. Интересно, что рынок бутик-отелей Европы и Центральной Азии разный. В первом случае речь идет уже о развитом сегменте с высокой ценой и с фокусом на большой спектр услуг. В Центральной Азии же это больше про более низкие цены, расположение в центре города, этнический декор, но при этом базовые удобства и национальный колорит. На сегодня общая выручка бутик-отелей в четырех странах Центральной Азии составляет более $22 млн. Лидером является Узбекистан ($9 млн), что связано с большой концентрацией объектов в исторических городах (Бухара, Самарканд, Хива). Кыргызстан занимает второе место ($6 млн) благодаря активному развитию туристического направления. Казахстан насчитывает $5 млн, отражая потенциал крупных городов и новых туристических кластеров. В РК развитие направлено больше на крупные сетевые отели. Таджикистан ($2 млн) демонстрирует наименьший показатель. ""Бутик-отели Кыргызстана формируют растущий сегмент, сосредоточенный в туристических центрах и около Иссык-Куля, предлагая сочетание этнической атмосферы, современных удобств и активного отдыха"", - отмечают в Commonwealth Partnership Uzbekistan. На сегодня у нас в стране насчитывается более 30 качественных бутик-отелей. При этом средняя цена за ночь в них составляет $46. За пять лет количество бутик-отелей в Кыргызстане увеличилось на 48% - с 21 объекта (446 номеров) в 2020 году до 31 (633 номера) в первой половине 2025-го. В структуре рынка преобладают классические бутик-отели (68%), являясь стандартным типом размещения для туристов. ""В связи с развитием Бишкека как делового и туристического центра количество бутик-отелей возросло на 68% за пять лет. В других городах бутик-отели продолжают расти благодаря развитию туристической инфраструктуры. Классические бутик-отели занимают самую высокую долю - 68%, поскольку рынок ориентируется в развитии на уже устоявшиеся и понятные форматы. Рынок также сконцентрирован на аутентичных дизайнах, что отражает культуру Кыргызстана (16% - дизайн). Но при этом в Кыргызстане набирает популярность adventure-формат, где предлагается активный отдых в предгорных зонах (10%)"", - говорится в исследовании. К 2035 году совокупная выручка Центральной Азии в сегменте качественных бутик-отелей вырастет примерно с $22 млн в 2025 году до $55 млн в 2035-м. В ближайшие 15 лет эксперты ожидают, что рынок бутик-отелейв Кыргызстанебудет расти умеренными темпами: с $4 млн до $10 млн к 2035 году. Это отражает стабильную положительную динамику, особенно в сегменте экотуризма и горного отдыха. Ожидается, что самым динамичным рынком в этом сегменте будетКазахстан, где за 15 лет выручка бутик-отелей вырастет с $2 млн до $19 млн благодаря инвестициям в туризм. ВУзбекистанеза этот же период рынок вырастет с $5 млн до $22 млн за счет активного развития бутик-отелей в исторических центрах страны. ВТаджикистанерост будет ограниченным (с $2 млн до $4 млн), но устойчивым благодаря постепенному развитию. ""Центральная Азия приняла около 28,6 млн иностранных граждан в 2024-м, что на 11% больше, чем в 2023 году, указывая на растущий тренд туризма. Совокупная выручка бутик-отелей Центральной Азии вырастет примерно на 10,1% за 15-летний период"", - говорится в исследовании. При этом в Узбекистане центрами развития этого рынка будут Самарканд, Бухара, Хива, Ташкент - исторические города с большим туристическим потоком. А также будут открываться бутик-отели в зоне объектов ЮНЕСКО и рядом с новыми инфраструктурными объектами. В Кыргызстане центрами будут Бишкек, Ош, Каракол и Иссык-Куль, в Казахстане - Алматы, Астана, Туркестан, в Таджикистане - Душанбе, Хорог, Нофин.",kaktus.media,https://kaktus.media/doc/545343_bytik_oteli_centralnoy_azii:_chto_eto_takoe_i_chto_predlagaet_region.html,2026-05-05T10:46:47+06:00,kyrgyz,0,high,news_site
31372db5-f7db-4ce6-80b3-06ec5f74ecfa,В Кыргызстане ужесточают наказание за пьяное вождение (видео),"Жогорку Кенеш внес изменения в Уголовный кодекс, ужесточив наказание для водителей, управляющих автомобилем в состоянии алкогольного опьянения. Об этом сообщили в пресс-службе ГУОБДД. Если раньше водитель, севший за руль в нетрезвом виде, лишался водительских прав на один год, то теперь таких водителей будут ограничивать в праве управления транспортом на срок от трех до десяти лет. Если управление автомобилем в состоянии опьянения приведет к тяжким последствиям, в том числе к травмированию или гибели человека, водителю может грозить до десяти лет лишения свободы. По данным дорожной милиции, в последние годы резко выросло количество ДТП с участием водителей, находившихся в состоянии алкогольного опьянения. Это стало основанием для принятия более жестких мер. В ГУОБДД отметили, что новый закон должен стать серьезным сдерживающим фактором для водителей, которые ранее не задумывались о последствиях своих действий. В настоящее время дорожная милиция готовит соответствующие нормативные правовые акты.",kaktus.media,https://kaktus.media/doc/545579_v_kyrgyzstane_yjestochaut_nakazanie_za_pianoe_vojdenie_video.html,2026-05-04T20:20:40+06:00,kyrgyz,0,high,news_site
9a34e8db-9756-4cc7-afdc-c33c5f639051,В Кыргызстане ожидают повышения цен на ГСМ. Что происходит и что делать,"Обострение конфликта на Ближнем Востоке уже ударило по мировым рынкам и ценам на нефть, а вместе с ними - и по Кыргызстану. Несмотря на беспошлинные поставки из России, стоимость топлива внутри страны растет, а его себестоимость может превысить цены на заправках. Эксперты предупреждают: сдерживать подорожание долго не получится, и без вмешательства государства рынок может столкнуться с новой волной роста цен. Ключевым элементом эскалации конфликта на Ближнем Востоке остается ситуация вокруг Ормузского пролива - одного из важнейших маршрутов мировой торговли нефтью. На фоне атак и угроз судоходство оказалось частично нарушено. Обострение конфликта отражается на мировых рынках. Цены на нефтьрезко выросли: котировки Brent превысили $110 за баррель, а WTI - $112. В отдельные моменты рост достигал двузначных значений за сутки, что стало максимальным скачком за последние годы. ""Война на Ближнем Востоке привела к серьезным потрясениям в жизни и средствах к существованию в регионе и вызвала один из крупнейших дефицитов предложения в истории мирового энергетического рынка"", - говорится в совместном заявлении глав Международного энергетического агентства, Международного валютного фонда и Группы Всемирного банка. Экономист Искендер Шаршеев подчеркнул, что мировые рынки энергоносителей уже отреагировали на объявленное временное перемирие. Цены на нефть временно снизились, но в дальнейшем они все равно будут расти. Нефть все равно будет дорожать. И следующее понижение цен, возможно, даже растянется до двух лет. Заместитель директора департамента Ближнего Востока и Центральной Азии МВФ Роберто Кардарелли на пресс-конференции во время Весенних совещаний МВФ и Группы Всемирного банка отметил, что МВФ пришлось остановить отсчет времени в своих расчетах по росту экономик примерно в середине марта. ""В тот момент мы использовали прогнозы, основанные на предположении, что конфликт продлится несколько недель - тогда, в середине марта, - и что к середине этого года, скажем, к июню - июлю 2026 года, произойдет постепенная нормализация торговли и производства энергоносителей. Конечно, с тех пор ситуация изменилась в сторону большей вероятности того, что ущерб, например, инфраструктуре, окажется сильнее, чем мы предполагали тогда. А фьючерсы на нефть марки Brent, которые мы используем в качестве ориентира для наших прогнозов цен на нефть, выросли"", - сказал Роберто Кардарелли. Чтобы вы понимали, в нашем базовом сценарии предположим, что средняя цена на нефть в 2026 году составит $82 за баррель (Brent в качестве эталона). В неблагоприятном сценарии средняя цена составит $100 за баррель в 2026 году. Сейчас цены на нефть немного ниже $94-95. ""Если взять сегодняшние цены и предположить, что они останутся на этом уровне до конца года, то мы окажемся где-то между базовым и неблагоприятным сценариями. Если же использовать фьючерсы или цены на сегодняшний день, то мы немного приблизимся к неблагоприятному сценарию. Думаю, еще рано говорить, что наш базовый сценарий устарел. Но опять же, с каждым днем, по мере того как конфликт продолжается, мы все ближе и ближе к неблагоприятному сценарию"", - подчеркнул замдиректора департамента Ближнего Востока и Центральной Азии МВФ. Кыргызстан закупает ГСМ у России по межправительственному соглашению - без уплаты экспортной пошлины. Но это не значит, что цены для нас должны быть низкими. Нефтеперерабатывающие заводы России просто продают нам топливо без дополнительной наценки. Но его стоимость все равно зависит от биржевых цен на рынках. Это значит, что мировая ситуация на рынке нефти и нефтепродуктов отражается и на Кыргызстане. Если посмотреть на конечные цены на Аи-92 и дизельное топливо, то эта тенденция хорошо видна. В начале года стоимость топлива даже немного снижалась, когда было относительное затишье. Но затем цены снова поползли вверх. И по итогу к апрелю они вернулись практически на те же значения, на которых были в январе 2026-го. По итогам февраля средняя цена на Аи-92 была 74,13 сома, на 21 апреля она выросла уже до 78,53 сома (подорожание на 4,4 сома). С дизельным топливом такая же история. В феврале в среднем по стране он стоил 78,8 сома, за три недели апреля показатель составил 86,12 сома (рост на 7,32 сома). ""Сейчас во всем мире наблюдается резкий рост цен на нефть и нефтепродукты. Это происходит из-за ситуации на Ближнем Востоке. Наши нефтетрейдеры импортируют большую часть ГСМ из России. Там отпускные цены также выросли от $300 и выше. Стоимость дизельного топлива уже превысила $1 200 за тонну. В Кыргызстане этого роста пока не ощущается. Мы стараемся держать цены и не допускать резких скачков за счет тех запасов, которые мы сделали зимой. Тогда удалось по скидочным ценам закупить побольше объемов топлива. Но эти запасы заканчиваются, все-таки на дворе уже апрель. И понемногу цены все равно растут"", - рассказал глава Ассоциации нефтетрейдеров Канат Эшатов. Если сравнить цены на топливо с соседями, то самое дешевое оно в Казахстане. Это и понятно, для внутреннего потребления там установлены более низкие цены. За пределы страны РК продает ГСМ уже по мировым ценам и с учетом пошлин. Но есть кое-что другое, на что стоит обратить внимание. Согласно данным международного топливного рейтингаGlobalpetrolprices.com, стоимость Аи-92 и дизеля в Кыргызстане почти такая же, как в России. Почему же у нас такие высокие цены, несмотря на беспошлинные поставки? Топливо в стране облагается местными налогами и акцизами. Плюс от НПЗ в РФ его еще нужно довезти до КР, а это тоже дополнительные транспортные расходы. В итоге к стоимости ГСМ добавляем все остальные расходы и получаем себестоимость 1 литра топлива. Все сборысоставляют составляют 20-25% конечной цены топливадля потребителей. В цену не включены прибыль поставщиков, заработная плата и другие расходы нефтетрейдеров. ""С учетом всех расходов себестоимость одного литра бензина составляет примерно 78 сомов, дизеля - в районе 103 сомов. Компании - нефтетрейдеры не могут все время держать цену на одном уровне. Они просто израсходуют свои оборотные средства и обанкротятся. Поэтому они вынуждены будут постепенно повышать цены"", - говорит Канат Эшатов. Экономист Искендер Шаршеев также считает, что стоит готовиться к повышению цен. ""В целом все будет дорожать. Запасы последние по низким ценам уже израсходованы, новые контракты заключаются уже по высоким ценам. Более того, в России сейчас на очередь встал Китай и Индия, Европа тоже начала закупать российскую нефть. Соответственно, 99% нам нефть подставляет Россия, но из-за того что к ней поступает очень много запросов, предложений, соответственно, они могут и для нас поднять цены"", - говорит он. Начальник управления регулируемых сфер службы антимонопольного регулирования при Минэкономики КР Бейше Сатыгулов в эфире ""Биринчи радио"" отметил, что ГСМ относят к социально значимым товарам. Цены на них контролируют ежедневно. Почему это так важно? Все просто: более трети потребления энергоресурсов в Кыргызстане приходится на нефтепродукты. Поэтому речь сейчас не только о том, по какой цене мы будем заправлять свои автомобили. Рост цен на энергоносители оказывают мультипликативный эффект на другие секторы экономики. Согласно расчетам международных экспертов, удорожание энергоресурсов на 1% дает 5% прироста стоимости продукции всех секторов экономики. В Кыргызстане итак уровень инфляции сейчас достаточно высокий. И дополнительный рост цен точно не нужен. На сегодня уже создан оперативный штаб, который рассматривает возможные варианты для стабилизации ситуации на топливном рынке страны. В частности, для смягчения внешних шоков Ассоциация внесла несколько предложений: в качестве временной меры рассмотреть вопрос о снижении/отмене налогового бремени субъектам, ввозящим ГСМ из Российской Федерации (акциз, НДС);временная отмена маркировки и платежей в Дорожный фонд;внедрение программ субсидирования отрасли;льготное кредитование, т. е. предоставление льготных кредитных средств участникам рынка для увеличения оборотных средств и формирования необходимых запасов по более низким ценам.""Сложная ситуация сейчас во всем мире. В ряде стран налоговые платежи временно снижены или обнулены для стабилизации рынка. У нас тоже в структуре себестоимости ГСМ значительную долю составляет налоговая нагрузка. По бензиновой группе это где-то 11 сомов, по дизелю - 8 сомов. Если бы нам дали послабления, то мы на эту сумму могли бы держать цену. Ежемесячно потребление топлива в КР составляет порядка 120 тыс. тонн. На их закупку требуется примерно $100 млн. Поэтому еще один вариант поддержки - льготное финансирование, чтобы мы могли закупить большой объем топлива на несколько месяцев вперед и за счет этого тоже сдерживать рост цен"", - рассказал Канат Эшатов.По теме:Фермеры покупают дизель по 74 сома. В Минводсельпроме заверяют, что дефицита нетПри этом он подчеркнул, что при наличии средств закупить большой объем топлива в РФ не будет проблемой. Кыргызстану выделят беспошлинно тот объем ГСМ, который прописан в индикативном балансе.""Кроме мер, которые предлагают нефтетрейдеры, государству также стоит делать акцент на электромобили и развитие альтернативных или гибридных систем транспорта и сельского хозяйства. Пока все необходимые меры со стороны кабинета министров приняты в плане того, чтобы помочь фермерам получить топливо по льготной цене. Возможно, стоило бы задуматься над диверсификацией поставок топлива. Но в этом плане у нас есть свои нефтеперерабатывающие заводы, которые сейчас проходят модернизацию. И их мощности хватит, чтобы покрыть как минимум 20-25% нашей потребности в топливе, если мы умеем найти способы поставки сырой нефти. кабинету министров стоит подумать над этим вопросом. Внутренне производство ГСМ может смягчить цены на них. Отечественная продукция будет на несколько пунктов дешевле завозной. Но опять-таки у нас самые жестокие налоги к производственникам и самые мягкие налоги к импортерам. В том плане подумать над Налоговым кодексом, как сделать так, чтобы внутри производственник не страдал. Наоборот, чтобы производить было выгодно"", - считает Искендер Шаршеев.По теме:Нефть, война и перегрев: что будет с экономикой Кыргызстана и ценамиВсе предложения по стабилизации ситуации на топливном рынке уже передали кабинету министров. Первый заместитель председателя кабинета министров Данияр Амангельдиев рассказалKaktus.media, что кабинет министров следит за ситуацией.""В любом случае будем искать выходы из сложившейся ситуации, консультироваться с нефтетрейдерами"", - отметил он. ""Сложная ситуация сейчас во всем мире. В ряде стран налоговые платежи временно снижены или обнулены для стабилизации рынка. У нас тоже в структуре себестоимости ГСМ значительную долю составляет налоговая нагрузка. По бензиновой группе это где-то 11 сомов, по дизелю - 8 сомов. Если бы нам дали послабления, то мы на эту сумму могли бы держать цену. Ежемесячно потребление топлива в КР составляет порядка 120 тыс. тонн. На их закупку требуется примерно $100 млн. Поэтому еще один вариант поддержки - льготное финансирование, чтобы мы могли закупить большой объем топлива на несколько месяцев вперед и за счет этого тоже сдерживать рост цен"", - рассказал Канат Эшатов. При этом он подчеркнул, что при наличии средств закупить большой объем топлива в РФ не будет проблемой. Кыргызстану выделят беспошлинно тот объем ГСМ, который прописан в индикативном балансе. ""Кроме мер, которые предлагают нефтетрейдеры, государству также стоит делать акцент на электромобили и развитие альтернативных или гибридных систем транспорта и сельского хозяйства. Пока все необходимые меры со стороны кабинета министров приняты в плане того, чтобы помочь фермерам получить топливо по льготной цене. Возможно, стоило бы задуматься над диверсификацией поставок топлива. Но в этом плане у нас есть свои нефтеперерабатывающие заводы, которые сейчас проходят модернизацию. И их мощности хватит, чтобы покрыть как минимум 20-25% нашей потребности в топливе, если мы умеем найти способы поставки сырой нефти. кабинету министров стоит подумать над этим вопросом. Внутренне производство ГСМ может смягчить цены на них. Отечественная продукция будет на несколько пунктов дешевле завозной. Но опять-таки у нас самые жестокие налоги к производственникам и самые мягкие налоги к импортерам. В том плане подумать над Налоговым кодексом, как сделать так, чтобы внутри производственник не страдал. Наоборот, чтобы производить было выгодно"", - считает Искендер Шаршеев. Все предложения по стабилизации ситуации на топливном рынке уже передали кабинету министров. Первый заместитель председателя кабинета министров Данияр Амангельдиев рассказалKaktus.media, что кабинет министров следит за ситуацией. ""В любом случае будем искать выходы из сложившейся ситуации, консультироваться с нефтетрейдерами"", - отметил он.",kaktus.media,https://kaktus.media/doc/543968_v_kyrgyzstane_ojidaut_povysheniia_cen_na_gsm._chto_proishodit_i_chto_delat.html,2026-04-23T12:20:26+06:00,kyrgyz,0,high,news_site
805a4252-95b4-43ed-84ad-4909b22895a5,Call-центр: засохшее дерево возле остановки может упасть в любой момент (видео),"В Бишкеке возле остановки у Института земледелия, на пересечении улиц Тимура Фрунзе и Каховской, стоит сухое дерево. Об этом редакцииKaktus.mediaсообщил читатель. По его словам, дерево находится рядом с тротуаром и остановкой общественного транспорта. ""Оно, очевидно, мертвое. Может быть, еще какое-то время постоит, но рано или поздно упадет. И упадет прямо на тротуар"", - отметил читатель. Он считает, что дерево может представлять опасность для пешеходов, и просит городские службы обратить на него внимание.",kaktus.media,https://kaktus.media/doc/545545_call_centr:_zasohshee_derevo_vozle_ostanovki_mojet_ypast_v_luboy_moment_video.html,2026-05-03T21:32:06+06:00,kyrgyz,0,high,news_site
3e48cd50-1811-4e47-9209-48945d320316,Какие мероприятия пройдут в Бишкеке 9 Мая?,"9 мая в Бишкеке пройдет ряд торжественных мероприятий, посвященных Дню Победы. По словам представителя Минобороны Канатбека Болокбаева, план мероприятий на 9 Мая уже утвержден. Так, в 09:00 в Бишкеке по определенным маршрутам состоится шествие военных подразделений с исполнением песен военных лет. В 10:30 у Вечного огня завершитсямарш ""Бессмертного полка"".После этого состоится митинг-реквием с участием войск и подразделений бишкекского гарнизона. Там же будет представлена техника военных лет, а также организована раздача солдатской каши. Кроме того, в этот день министр обороны и его заместители адресно поздравят ветеранов ВОВ. Также по традиции мэрия Бишкека ежегодно проводит мероприятия в честь Дня Победы, но программа муниципалитета еще не сообщается.",kaktus.media,https://kaktus.media/doc/545252_kakie_meropriiatiia_proydyt_v_bishkeke_9_maia.html,2026-04-28T12:57:41+06:00,kyrgyz,0,high,news_site
3f6853a1-1923-42e1-90d9-961945b90243,В Бишкеке пропал 69-летний мужчина. Его ищут родные,"Разыскивается Анарбай Суванкулов, 1955 года рождения. Об этом редакцииKaktus.mediaсообщили его близкие, а также Совет общественной безопасности. Мужчина дезориентирован и страдает потерей памяти. 21 апреля примерно в 6 часов утра он вышел из дома на ул. Гайыпова, и с тех пор его местонахождение неизвестно. Был одет в изношенную куртку черного цвета, штаны черного цвета, шапку черного цвета и туфли черного цвета. Всех, кто владеет информацией о пропавшем, просьба сообщить по телефонам: +996 555 23 04 90, +996 755 07 47 20.",kaktus.media,https://kaktus.media/doc/545273_v_bishkeke_propal_69_letniy_myjchina._ego_ishyt_rodnye.html,2026-05-05T13:01:30+06:00,kyrgyz,0,high,news_site
1ae8bfc8-cd4e-47c9-97f6-6c0a758263f1,Правила комментирования,"На нашем сайте нельзя:нецензурно выражатьсяпубликовать оскорбления в чей-либо адрес, в том числе комментаторовугрожать явно или неявно любому лицу, в том числе ""встретиться, чтобы поговорить""публиковать компромат без готовности предоставить доказательства или свидетельские показанияпубликовать комментарии, противоречащие законодательству КРпубликовать комментарии в транслитевыделять комментарии заглавным шрифтом (капс лок)публиковать оскорбительные комментарии, связанные с национальной принадлежностью, вероисповеданием или политическими взглядами другого оппонентазапрещается использовать в качестве ников слова Kaktus, Кактус и другие словосочетания, указывающие на то, что комментатор высказывается от имени интернет-редакциизапрещается использовать в качестве ников фамилии известных людейпубликовать комментарии со ссылками на сторонние ресурсыкомментарии (в том числе ники) можно публиковать только на государственном языке (кыргызский), официальном (русский) или языке международного общения (английский). нецензурно выражатьсяпубликовать оскорбления в чей-либо адрес, в том числе комментаторовугрожать явно или неявно любому лицу, в том числе ""встретиться, чтобы поговорить""публиковать компромат без готовности предоставить доказательства или свидетельские показанияпубликовать комментарии, противоречащие законодательству КРпубликовать комментарии в транслитевыделять комментарии заглавным шрифтом (капс лок)публиковать оскорбительные комментарии, связанные с национальной принадлежностью, вероисповеданием или политическими взглядами другого оппонентазапрещается использовать в качестве ников слова Kaktus, Кактус и другие словосочетания, указывающие на то, что комментатор высказывается от имени интернет-редакциизапрещается использовать в качестве ников фамилии известных людейпубликовать комментарии со ссылками на сторонние ресурсыкомментарии (в том числе ники) можно публиковать только на государственном языке (кыргызский), официальном (русский) или языке международного общения (английский).",kaktus.media,https://kaktus.media/doc/462046_pravila_kommentirovaniia.html,2022-06-17T14:23:22+06:00,kyrgyz,0,high,news_site
5b25c7f5-44bd-4bf3-804f-f5de61c21d9a,В Ташкенте после сильного дождя затопило улицы и часть станции метро (видео),"В Ташкенте 3 мая прошел сильный дождь с грозой, после которого в отдельных районах города скопилась вода. В соцсетях распространились видео с затопленными улицами и сообщениями о подтоплении станции метро ""Чорсу"". На опубликованных кадрах видно, что после непогоды часть улиц оказались под водой. Машины двигались медленно, а пешеходы ждали, пока уровень воды спадет. Позже ситуацию со станцией ""Чорсу"" прокомментировали в государственном предприятии ""Ташкентский метрополитен"" и МЧС Узбекистана. Поданнымметрополитена, инцидент произошел на фоне сильных осадков. Из-за перегрузки и несвоевременной очистки ирригационных и дренажных систем в отдельных районах города произошло скопление дождевой воды. Часть воды временно проникла в зону станции ""Чорсу"". В Ташкентском метрополитене подчеркнули, что объекты подземки регулярно проходят плановые технические проверки. Также там сообщили, что ранее направляли обращения в соответствующие организации и хокимият Ташкента о необходимости предотвращения подобных ситуаций и улучшения работы дренажной инфраструктуры. Кроме того, заявили, что ситуация находится под контролем, необходимые меры приняты, а работы по обеспечению безопасной и стабильной эксплуатации станции продолжаются. Метрополитен работает в штатном режиме. В МЧС Узбекистана также сообщили, что обильные осадки не повлияли на функционирование станции ""Чорсу"". По данным ведомства, значительная часть воды ушла естественным образом через ирригационно-дренажную систему. Для предотвращения возможного скопления воды на место привлекли расчеты Главного управления по чрезвычайным ситуациям Ташкента. В МЧС подчеркнули, что станция метро продолжает работать в обычном режиме, движение поездов осуществляется по графику.",kaktus.media,https://kaktus.media/doc/545558_v_tashkente_posle_silnogo_dojdia_zatopilo_ylicy_i_chast_stancii_metro_video.html,2026-05-04T13:20:53+06:00,kyrgyz,0,high,news_site
37abd0f9-2de0-4d9c-ac4b-083b0f7c7254,"Минздрав напомнил, как правильно мыть овощи и фрукты","Министерство здравоохранения Кыргызстана напомнило о правилах мытья овощей и фруктов, чтобы снизить риск пищевых отравлений и кишечных инфекций в период майских праздников. В ведомстве отметили, что во время отдыха на природе, пикников и употребления свежих овощей и фруктов возрастает риск пищевых отравлений. На поверхности продуктов могут оставаться грязь, микробы и остатки химических веществ. Минздрав рекомендует перед употреблением тщательно мыть овощи и фрукты под проточной водой, особенно если они будут употребляться в сыром виде. Плотные овощи и фрукты можно дополнительно потереть руками, щеткой или губкой. При этом в ведомстве подчеркнули, что использовать мыло или бытовую химию для мытья продуктов нельзя. В Минздраве также напомнили, что кишечные инфекции вызываются бактериями, вирусами и простейшими и поражают желудочно-кишечный тракт. Они могут сопровождаться интоксикацией, болями в животе, жидким стулом и рвотой. К кишечным инфекциям относятся дизентерия, брюшной тиф, паратифы А и Б, сальмонеллез, холера, гастроэнтерит, пищевые токсикоинфекции, вирусный гепатит А и вирусные диареи. По данным ведомства, важную роль в распространении кишечных инфекций играет несоблюдение правил личной гигиены, особенно при уходе за детьми и во время приготовления пищи. В Минздраве добавили, что заболеваемость острыми кишечными инфекциями обычно увеличивается в летне-осенний период из-за более активного употребления овощей и фруктов.",kaktus.media,https://kaktus.media/doc/545572_minzdrav_napomnil_kak_pravilno_myt_ovoshi_i_frykty.html,2026-05-04T17:41:55+06:00,kyrgyz,0,high,news_site
1de3ed19-e45a-411f-baef-859dc2a13bbc,На площади Ала-Тоо пройдет музыкальный вечер,"Мэрия Бишкека приглашает горожан и гостей столицы на музыкальный вечер, который пройдет в дни майских каникул. Мероприятие состоится 5 мая в 18:00 на площади Ала-Тоо. Как сообщили в мэрии, в программе выступят творческие коллективы управления культуры мэрии Бишкека. В муниципалитете отметили, что музыкальный вечер станет возможностью провести время с родными и друзьями и насладиться выступлениями творческих коллективов.",kaktus.media,https://kaktus.media/doc/545554_na_ploshadi_ala_too_proydet_myzykalnyy_vecher.html,2026-05-04T12:00:26+06:00,kyrgyz,0,high,news_site
821f3f99-bf48-46a5-ba05-c8cc747ef4a2,СМИ: Вспышка предполагаемой хантавирусной инфекции заблокировала круизный лайнер,"Медики и власти готовят эвакуацию как минимум двух пассажиров с симптомами опасной инфекции с круизного лайнера MV Hondius, который находится в районе островного государства Кабо-Верде, сообщаетReuters. Судно фактически оказалось заблокировано у побережья Западной Африки после вспышки заболевания, которое предварительно связывают с хантавирусом. Больше новостей и видео в Telegram-каналеKaktus.media. По данным официальных источников, на борту остаются около 150 человек. Ранее на судне и после схода с него умерли три человека - граждане Нидерландов и Германии, еще несколько пассажиров заболели. Один из заболевших - гражданин Великобритании - был эвакуирован и проходит лечение в Южной Африке. Нидерландский институт общественного здоровья и окружающей среды RIVM сообщил, что у одного из пациентов лабораторно подтвержден хантавирус. Еще один источник, знакомый с расследованием, сообщил, что у одной из умерших - гражданки Нидерландов - также был выявлен вирус. При этом специалисты подчеркивают: пока не ясно, связаны ли с хантавирусом другие случаи заболевания и смерти. Хантавирус - это группа вирусов, которые обычно передаются человеку через контакт с грызунами, чаще всего через вдыхание частиц их мочи или фекалий. Заболевание может вызывать тяжелые поражения дыхательной системы, включая хантавирусный легочный синдром, который в ряде случаев заканчивается летально. Передача от человека к человеку считается крайне редкой (за исключением отдельных штаммов в Южной Америке, где такая возможность обсуждается научным сообществом). Специфического лечения не существует - применяется только поддерживающая терапия, включая интенсивную вентиляцию легких в тяжелых случаях. Во Всемирной организации здравоохранения (ВОЗ) заявили, что риск для широкой общественности остается низким и оснований для паники или ограничений на поездки нет. Тем не менее власти Кабо-Верде не разрешили судну заход в порт в качестве меры предосторожности. По данным ВОЗ, на борту выявлено семь возможных случаев инфекции, включая два лабораторно подтвержденных. Оператор судна - компания Oceanwide Expeditions - сообщил, что пассажирам рекомендовано оставаться в каютах, чтобы минимизировать возможное распространение инфекции. Хотя передача вируса между людьми считается маловероятной, инкубационный период может длиться несколько недель. Компания также пытается организовать эвакуацию двух членов экипажа с симптомами (граждан Великобритании и Нидерландов), репатриацию тела погибшего гражданина Германии и возвращение одного из пассажиров, контактировавшего с умершим. Обсуждается возможность высадки пассажиров на Канарских островах - в Лас-Пальмасе и на Тенерифе, однако официального запроса от нидерландских властей пока не поступало. Известно, что судно вышло из порта Ушуая (Аргентина) в марте, совершая антарктическую экспедицию с заходами в районы Южной Георгии, на острова Святой Елены и другие удаленные территории, прежде чем достигло вод у Кабо-Верде. Эксперты рассматривают несколько версий заражения, в том числе контакт с грызунами непосредственно на борту и заражение во время остановок в Южной Америке. Специалисты отмечают, что подобные вспышки редки и, как правило, не приводят к масштабным эпидемиям. Однако ситуация осложняется длительным инкубационным периодом и неопределенностью источника заражения. По словам экспертов, окончательные выводы можно будет сделать только после лабораторного анализа всех подозрительных случаев и эпидемиологического расследования маршрута судна. Хантавирусные инфекции относятся к редким, но потенциально тяжелым зоонозам. Они регулярно фиксируются в разных регионах мира, однако вспышки на круизных судах остаются исключительным явлением и требуют строгих карантинных мер.",kaktus.media,https://kaktus.media/doc/545595_smi:_vspyshka_predpolagaemoy_hantavirysnoy_infekcii_zablokirovala_kryiznyy_layner.html,2026-05-05T12:58:03+06:00,kyrgyz,0,high,news_site
ee7a218f-ed4c-4b96-b838-0741b5e65f13,На Иссык-Куле очистили берег и дно озера от мусора и браконьерских сетей,"Сегодня, 4 мая, торага Жогорку Кенеша Марлен Маматалиев посетил Тюпский и Иссык-Кульский районы, где принял участие в экологических акциях по очистке побережья и дна озера Иссык-Куль. Сначала Маматалиев вместе с депутатами Жогорку Кенеша, депутатами Чолпон-Атинского городского кенеша и молодежью участвовал в очистке побережья. Затем участники акции погрузились под воду и извлекли со дна озера отходы, представляющие угрозу для флоры и фауны. Марлен Маматалиев отметил, что Иссык-Куль является уникальным природным наследием. ""К сожалению, в последнее время не только на берегу, но и на дне озера увеличилось количество отходов, особенно незаконно установленных синтетических рыболовных сетей, которые наносят серьезный ущерб экосистеме. Несмотря на то что этого не заметно со стороны, загрязнение приводит к сокращению биологического разнообразия, гибели рыбы и нарушению экологического баланса. Сегодня мы сами стали свидетелями этого, извлекли большое количество мусора и синтетических сетей"", - сказал он. По словам торага, на протяжении последних трех лет глава государства уделяет особое внимание этой проблеме, в том числе был подписан соответствующий указ. ""Президент постоянно призывает бережно относиться к Иссык-Кулю. Ситуация действительно крайне тревожная. В частности, со дна озера извлечено около 6 тыс. километров браконьерских сетей, что сопоставимо с расстоянием, равным 15 поездкам до города Каракол. К сожалению, подобные незаконные действия продолжаются. В связи с этим сегодня мы выносим на общественное обсуждение соответствующий законопроект, предусматривающий ужесточение ответственности за незаконный вылов рыбы с использованием сетей. В случае его принятия будут увеличены размеры штрафов, а тех, кто расставляет сети, может ожидать и тюремная решетка"", - сообщил Маматалиев. Он также подчеркнул, что акция направлена на предупреждение экологических проблем, и призвал граждан бережно относиться к природе. ""Сохранение чистоты Иссык-Куля и передача его будущим поколениям - наша общая обязанность. Человек, любящий свою землю и свой народ, не должен допускать подобных действий"", - отметил он. В ходе акции депутат Адилет Белеков заявил, что забота о чистоте должна начинаться с каждого гражданина. Депутат Улан Сариев подчеркнул, что экологическая проблема наблюдается не только на берегу, но и на дне озера, поэтому такие инициативы необходимо продолжать. Депутат Темирлан Айтиев отметил, что защита природы Иссык-Куля, который является сердцем туризма страны, - это вклад в будущее. Заместитель торага Болот Ибрагимов подчеркнул, что приоритетное внимание нужно уделять не только очистке, но и профилактическим мерам. Депутат Токтобубу Ашымбаева добавила, что проведенная акция является призывом ко всему обществу заботиться о чистоте страны. Отмечается, что законопроект ""О внесении изменений в некоторые законодательные акты Кыргызской Республики по вопросам усиления охраны водных объектов Кыргызской Республики"", инициированный депутатами во главе с Марленом Маматалиевым, вынесен на общественное обсуждение.",kaktus.media,https://kaktus.media/doc/545585_na_issyk_kyle_ochistili_bereg_i_dno_ozera_ot_mysora_i_brakonerskih_setey.html,2026-05-04T21:55:35+06:00,kyrgyz,0,high,news_site
539f57f2-f263-436d-99d5-51e5737c2ff4,Отдых на Шри-Ланке: главный гид для кыргызстанцев,"Шри-Ланка - изумрудный остров в Индийском океане, родина цейлонского чая и древних цивилизаций. Остров предлагает невероятно разнообразный отдых: от релакса на бесконечных пляжах до сафари в национальных парках и восхождения на священные вершины. О том, какой курорт и отель выбрать и что посмотреть на родине цейлонского чая, рассказывает турагентствоYour Agent.Как добраться и когда лететьДля туристов из Кыргызстана и Казахстана самый удобный способ добраться до Шри-Ланки - это перелеты из Бишкека с пересадкой в ОАЭ (Дубай, Шарджа) с помощью авиакомпаний Air Arabia и Fly Dubai. Общее время в пути, включая пересадку, составляет около 10-12 часов. Разница во времени с Бишкеком составляет всего +30 минут.Главный вопрос - сезонность. На Шри-Ланке два муссона, которые влияют на разные побережья в разное время.Юго-западное побережье(Хиккадува, Унаватуна, Бентота, Мирисса): высокий сезон длится с ноября по апрель. В это время здесь солнечно, а океан спокоен. И этот вариант турагентства рекомендуют в большей степени.Восточное побережье(Тринкомали, Аругам-Бэй): высокий сезон приходится на наше лето, с мая по октябрь. Но этот регион менее развит.Таким образом, Шри-Ланка - круглогодичное направление, главное - правильно выбрать побережье.Подготовка к поездке: виза и необходимые документыТщательная подготовка документов - залог быстрого прохождения пограничного контроля. В ваш обязательный пакет должны входить:заграничный паспорт, срок действия которого составляет не менее 6 месяцев с момента въезда;авиабилеты (туда и обратно);ваучер на проживание в отеле;страховой полис.Для детей до 18 лет, путешествующих без одного из родителей, необходимо нотариально заверенное разрешение на выезд.Что касается визовых правил, для граждан Кыргызстана (как и для большинства других стран) для въезда на Шри-Ланку необходимо заранее оформить электронное разрешение на въезд (ETA). Это делается онлайн на официальном сайтеeta.gov.lk. Подтверждение обычно приходит на почту в течение суток. Стоимость ETA - около $50. Его нужно распечатать и предъявить на границе. Через турагентства его можно сделать примерно за $60.Практические советы: валюта, законы и бытовые мелочиВалюта.Денежная единица - шри-ланкийская рупия (LKR). Обменять доллары можно в аэропорту (там хороший курс) или в банках в туристических городах. Ориентировочно, $100 - это около 30 000 LKR.Связь.Чтобы оставаться на связи, проще всего купить физическую SIM-карту в аэропорту по прилете. Стойки операторов (Dialog, Mobitel) находятся прямо в зале прилета. Также можно заранее приобрести eSIM.Местные законы и обычаи.На Шри-Ланке важно уважительно относиться к местным традициям. При посещении храмов плечи и колени должны быть закрыты. Запрещено фотографироваться, поворачиваясь спиной к статуям Будды.Еда.Основа местной кухни - рис и карри, блюда часто бывают очень острыми. Однако во всех туристических районах огромное количество кафе и ресторанов предлагают привычную европейскую кухню, морепродукты на гриле, пиццу и пасту.Как передвигаться?Тук-тук- самый популярный транспорт для коротких поездок по городу или между соседними пляжами. Это трехколесный мотороллер, недорогой и маневренный. Всегда договаривайтесь о цене до начала поездки и не стесняйтесь торговаться. В крупных городах работают приложения Uber и PickMe, где можно заказать тук-тук по фиксированной цене.Такси:есть местное приложение такси PickMe, где также можно вызвать как такси, так и тук-тук. Также можно попросить вызвать такси на ресепшн отеля.Поезда:железные дороги - это не просто транспорт, а одна из главных достопримечательностей Шри-Ланки. Поездка по маршруту Канди - Нувара-Элия - Элла считается одной из самых красивых в мире, она проходит через живописные чайные плантации. Эта поездка включена во многие групповые экскурсии.Аренда машины с водителем- самый комфортный способ путешествовать по острову на дальние расстояния. Многие туристы нанимают водителя на несколько дней или на весь отпуск для поездок по культурному треугольнику и национальным паркам.Где остановиться: выбор района под ваш стиль отдыхаХиккадува- один из самых старых и развитых курортов с живой атмосферой, множеством кафе, баров и серф-школ. Одним из лучших отелей района можно назвать Riff Hikkaduwa Hotel 5*. Это небольшой дизайн-отель с хорошим рестораном, в пешей доступности рестораны лучше вы вряд ли найдете. Он подойдет для уединенного отдыха для парочек, но вряд ли подойдет семьям с детьми - там нет инфраструктуры, а бассейн совсем небольшой. Также советуем рассмотреть Crystal Sands 5*. Haritha Villas Spa 5* - отель с высоким рейтингом, но находится на холме вдали от пляжа.Riff Hikkaduwa Hotel 5*.Riff Hikkaduwa Hotel 5*.Унаватуна- живописная бухта с более спокойным океаном, подходящая для купания. Оба района предлагают отличный баланс пляжного отдыха и развитой инфраструктуры.В этом районе можно рекомендовать присмотреться к отелям Araliya Beach Resort & Spa 5*, Era Beach 5* или более бюджетному Thaproban Pavilion Waves 5*. Из отелей 4* - Hikka Tranz by Cinnamon, Dickwella Resort & Spa 4*, Crystal Sands 4*, Thaproban Beach House 4*, Thambapanni Retreat 4*, Mount Rich Rumassala 4*+.Для семейного отдыха и релакса лучший выбор -Бентота. Этот курорт славится своими широкими немноголюдными пляжами и отелями с большими зелеными территориями. Здесь нет шумных вечеринок, зато есть все условия для спокойного семейного отдыха, включая центры водных видов спорта на реке.Отели: Club Villa 5*, Taj Bentota Resort & Spa 5*, The Villa Bentota 5*, Jetwing Saman Villas (для взрослых), Occidental Eden Beruwala Hotel Cinnamon Bentota Beach 5*, Thaala Bentota Resort 5*. Из отелей 4* - Lanka Princess Hotel 4*,Thaala Bentota Resort 4*, Hotel Wunderbar 4*, Joe's Bentota 4*, Rockside Beach Resort 4*, но нужно понимать, что четырехзвездочные отели на Шри-Ланки - это весьма скромное жилье.Мирисса- один из самых фотогеничных пляжей со скалой ""Кокосовый холм"". Это главный центр для экскурсий по наблюдению за синими китами. Атмосфера здесь расслабленная, много стильных кафе и небольших отелей. Отели: Triple O Six 4*, Somerset Mirissa Blue 4*.Соседняя с Мириссой бухтаВелигама- лучшее место для начинающих серферов. Длинный песчаный пляж с небольшими волнами идеален для обучения. Вдоль всего побережья расположены многочисленные серф-школы и кемпы.Отели с высокими рейтингами: Weligama Bay Marriott Resort & Spa 5*, Cape Weligama 5*, Parangi Weligama Bay 5*, более бюджетный Ayurvie Weligama (13+ only) 5*. Из отелей 4*: Twenty Two Weligambay 4*, W15 Weligama 4*.Что посмотреть на Шри-ЛанкеОтдых на Шри-Ланке - это не только пляжи, но и погружение в мир древних цивилизаций, захватывающей дикой природы и невероятных пейзажей.Сафари в заповеднике со слонами.Сафари в заповеднике со слонами.1из2Сердце острова - его Культурный треугольник, где возвышается главная визитная карточка страны Сигирия. Эта древняя крепость на вершине 200-метровой Львиной скалы предлагает незабываемое восхождение и потрясающие виды на джунгли. Недалеко от нее, в Дамбулле, находится уникальный пещерный храм с более чем 150 статуями Будды и древними настенными росписями.Сигирия.А в священном городе Канди, расположенном у живописного озера, хранится одна из важнейших буддийских реликвий - зуб Будды, что делает его центром паломничества.Город Канди.Потрясающий Ботанический сад находится также в центре острова. Если вы выбрали экскурсию на несколько ночей, обязательно по нему прогуляйтесь.Ботанический сад на Шри-Ланке.Ботанический сад на Шри-Ланке.1из2Совершенно другой мир открывается в высокогорной части острова. Поездка на поезде через туманные холмы и бескрайние чайные плантации из Канди в Эллу считается одной из самых красивых в мире.В пути можно остановиться в Нувара-Элии, ""маленькой Англии"", чтобы посетить чайную фабрику, а в самой Элле обязательно стоит увидеть знаменитый Девятиарочный мост и подняться на Малый Пик Адама.Для самых выносливых путешественников Шри-Ланка предлагает ночное восхождение на священный Пик Адама, чтобы встретить рассвет на его вершине - это духовное и физическое испытание, которое оставляет незабываемые впечатления.Шри-Ланка также является одним из лучших мест в Азии для наблюдения за дикими животными. В национальном парке Яла можно отправиться на джип-сафари в поисках неуловимых леопардов, слонов и медведей-губачей.Познакомиться поближе с символом острова, слоном, можно в питомнике в Пиннавеле, где заботятся о десятках животных и устраивают их зрелищное купание в реке.На побережье путешественников ждут колониальное наследие и океанские приключения. Форт Галле, старинная голландская крепость на берегу океана, внесенная в список ЮНЕСКО, очаровывает своими мощеными улочками, маяком и уютными кафе.С ноября по апрель из Мириссы отправляются морские экскурсии для наблюдения за самыми большими млекопитающими планеты - синими китами. Но помните - вас может укачать, эта поездка на моторной лодке длится не меньше трех часов. А соседняя Велигама с ее идеальными небольшими волнами стала настоящей меккой для начинающих серферов со всего мира.Интересен город Галле, который во времена, когда остров Цейлон был колонией Португалии, являлся фортом. Сейчас на улочках много кафе и магазинов, по ним приятно гулять, заглядывая в храмы.Город Галле.Город Галле.Что привезти из Шри-ЛанкиШопинг на Шри-Ланке - это погружение в мир экзотических ароматов, ярких красок и древних ремесел. Главным сувениром с острова, без сомнения, является настоящий цейлонский чай, который лучше всего покупать на плантациях в горах или в специализированных магазинах, и ароматные специи, особенно знаменитая цейлонская корица.Фабрика по производству чая.Дополнить гастрономические впечатления стоит полезными продуктами аюрведы: натуральными маслами (в первую очередь кокосовым), лечебными бальзамами и косметикой, которые в изобилии продаются в аптеках и супермаркетах.Для более ценных подарков Шри-Ланка предлагает драгоценные камни, в первую очередь сапфиры и лунный камень. Приобретать их следует исключительно в сертифицированных магазинах с лицензией, чтобы гарантировать подлинность. Дух острова прекрасно передают изделия ручной работы: традиционные резные деревянные маски, фигурки слонов и яркие ткани, расписанные в технике батик. Не забудьте захватить с собой и экзотические фрукты - сладкие манго и ананасы, а из местных напитков стоит попробовать кокосовую водку ""Арак"".Хотя крупных шоппинг-моллов на острове немного (они сосредоточены в Коломбо), самые аутентичные покупки совершаются в небольших лавочках и мастерских в туристических городах. Для туристов из Кыргызстана и Казахстана самый удобный способ добраться до Шри-Ланки - это перелеты из Бишкека с пересадкой в ОАЭ (Дубай, Шарджа) с помощью авиакомпаний Air Arabia и Fly Dubai. Общее время в пути, включая пересадку, составляет около 10-12 часов. Разница во времени с Бишкеком составляет всего +30 минут. Главный вопрос - сезонность. На Шри-Ланке два муссона, которые влияют на разные побережья в разное время. Юго-западное побережье(Хиккадува, Унаватуна, Бентота, Мирисса): высокий сезон длится с ноября по апрель. В это время здесь солнечно, а океан спокоен. И этот вариант турагентства рекомендуют в большей степени.Восточное побережье(Тринкомали, Аругам-Бэй): высокий сезон приходится на наше лето, с мая по октябрь. Но этот регион менее развит.Таким образом, Шри-Ланка - круглогодичное направление, главное - правильно выбрать побережье.Подготовка к поездке: виза и необходимые документыТщательная подготовка документов - залог быстрого прохождения пограничного контроля. В ваш обязательный пакет должны входить:заграничный паспорт, срок действия которого составляет не менее 6 месяцев с момента въезда;авиабилеты (туда и обратно);ваучер на проживание в отеле;страховой полис.Для детей до 18 лет, путешествующих без одного из родителей, необходимо нотариально заверенное разрешение на выезд.Что касается визовых правил, для граждан Кыргызстана (как и для большинства других стран) для въезда на Шри-Ланку необходимо заранее оформить электронное разрешение на въезд (ETA). Это делается онлайн на официальном сайтеeta.gov.lk. Подтверждение обычно приходит на почту в течение суток. Стоимость ETA - около $50. Его нужно распечатать и предъявить на границе. Через турагентства его можно сделать примерно за $60.Практические советы: валюта, законы и бытовые мелочиВалюта.Денежная единица - шри-ланкийская рупия (LKR). Обменять доллары можно в аэропорту (там хороший курс) или в банках в туристических городах. Ориентировочно, $100 - это около 30 000 LKR.Связь.Чтобы оставаться на связи, проще всего купить физическую SIM-карту в аэропорту по прилете. Стойки операторов (Dialog, Mobitel) находятся прямо в зале прилета. Также можно заранее приобрести eSIM.Местные законы и обычаи.На Шри-Ланке важно уважительно относиться к местным традициям. При посещении храмов плечи и колени должны быть закрыты. Запрещено фотографироваться, поворачиваясь спиной к статуям Будды.Еда.Основа местной кухни - рис и карри, блюда часто бывают очень острыми. Однако во всех туристических районах огромное количество кафе и ресторанов предлагают привычную европейскую кухню, морепродукты на гриле, пиццу и пасту.Как передвигаться?Тук-тук- самый популярный транспорт для коротких поездок по городу или между соседними пляжами. Это трехколесный мотороллер, недорогой и маневренный. Всегда договаривайтесь о цене до начала поездки и не стесняйтесь торговаться. В крупных городах работают приложения Uber и PickMe, где можно заказать тук-тук по фиксированной цене.Такси:есть местное приложение такси PickMe, где также можно вызвать как такси, так и тук-тук. Также можно попросить вызвать такси на ресепшн отеля.Поезда:железные дороги - это не просто транспорт, а одна из главных достопримечательностей Шри-Ланки. Поездка по маршруту Канди - Нувара-Элия - Элла считается одной из самых красивых в мире, она проходит через живописные чайные плантации. Эта поездка включена во многие групповые экскурсии.Аренда машины с водителем- самый комфортный способ путешествовать по острову на дальние расстояния. Многие туристы нанимают водителя на несколько дней или на весь отпуск для поездок по культурному треугольнику и национальным паркам.Где остановиться: выбор района под ваш стиль отдыхаХиккадува- один из самых старых и развитых курортов с живой атмосферой, множеством кафе, баров и серф-школ. Одним из лучших отелей района можно назвать Riff Hikkaduwa Hotel 5*. Это небольшой дизайн-отель с хорошим рестораном, в пешей доступности рестораны лучше вы вряд ли найдете. Он подойдет для уединенного отдыха для парочек, но вряд ли подойдет семьям с детьми - там нет инфраструктуры, а бассейн совсем небольшой. Также советуем рассмотреть Crystal Sands 5*. Haritha Villas Spa 5* - отель с высоким рейтингом, но находится на холме вдали от пляжа.Riff Hikkaduwa Hotel 5*.Riff Hikkaduwa Hotel 5*.Унаватуна- живописная бухта с более спокойным океаном, подходящая для купания. Оба района предлагают отличный баланс пляжного отдыха и развитой инфраструктуры.В этом районе можно рекомендовать присмотреться к отелям Araliya Beach Resort & Spa 5*, Era Beach 5* или более бюджетному Thaproban Pavilion Waves 5*. Из отелей 4* - Hikka Tranz by Cinnamon, Dickwella Resort & Spa 4*, Crystal Sands 4*, Thaproban Beach House 4*, Thambapanni Retreat 4*, Mount Rich Rumassala 4*+.Для семейного отдыха и релакса лучший выбор -Бентота. Этот курорт славится своими широкими немноголюдными пляжами и отелями с большими зелеными территориями. Здесь нет шумных вечеринок, зато есть все условия для спокойного семейного отдыха, включая центры водных видов спорта на реке.Отели: Club Villa 5*, Taj Bentota Resort & Spa 5*, The Villa Bentota 5*, Jetwing Saman Villas (для взрослых), Occidental Eden Beruwala Hotel Cinnamon Bentota Beach 5*, Thaala Bentota Resort 5*. Из отелей 4* - Lanka Princess Hotel 4*,Thaala Bentota Resort 4*, Hotel Wunderbar 4*, Joe's Bentota 4*, Rockside Beach Resort 4*, но нужно понимать, что четырехзвездочные отели на Шри-Ланки - это весьма скромное жилье.Мирисса- один из самых фотогеничных пляжей со скалой ""Кокосовый холм"". Это главный центр для экскурсий по наблюдению за синими китами. Атмосфера здесь расслабленная, много стильных кафе и небольших отелей. Отели: Triple O Six 4*, Somerset Mirissa Blue 4*.Соседняя с Мириссой бухтаВелигама- лучшее место для начинающих серферов. Длинный песчаный пляж с небольшими волнами идеален для обучения. Вдоль всего побережья расположены многочисленные серф-школы и кемпы.Отели с высокими рейтингами: Weligama Bay Marriott Resort & Spa 5*, Cape Weligama 5*, Parangi Weligama Bay 5*, более бюджетный Ayurvie Weligama (13+ only) 5*. Из отелей 4*: Twenty Two Weligambay 4*, W15 Weligama 4*.Что посмотреть на Шри-ЛанкеОтдых на Шри-Ланке - это не только пляжи, но и погружение в мир древних цивилизаций, захватывающей дикой природы и невероятных пейзажей.Сафари в заповеднике со слонами.Сафари в заповеднике со слонами.1из2Сердце острова - его Культурный треугольник, где возвышается главная визитная карточка страны Сигирия. Эта древняя крепость на вершине 200-метровой Львиной скалы предлагает незабываемое восхождение и потрясающие виды на джунгли. Недалеко от нее, в Дамбулле, находится уникальный пещерный храм с более чем 150 статуями Будды и древними настенными росписями.Сигирия.А в священном городе Канди, расположенном у живописного озера, хранится одна из важнейших буддийских реликвий - зуб Будды, что делает его центром паломничества.Город Канди.Потрясающий Ботанический сад находится также в центре острова. Если вы выбрали экскурсию на несколько ночей, обязательно по нему прогуляйтесь.Ботанический сад на Шри-Ланке.Ботанический сад на Шри-Ланке.1из2Совершенно другой мир открывается в высокогорной части острова. Поездка на поезде через туманные холмы и бескрайние чайные плантации из Канди в Эллу считается одной из самых красивых в мире.В пути можно остановиться в Нувара-Элии, ""маленькой Англии"", чтобы посетить чайную фабрику, а в самой Элле обязательно стоит увидеть знаменитый Девятиарочный мост и подняться на Малый Пик Адама.Для самых выносливых путешественников Шри-Ланка предлагает ночное восхождение на священный Пик Адама, чтобы встретить рассвет на его вершине - это духовное и физическое испытание, которое оставляет незабываемые впечатления.Шри-Ланка также является одним из лучших мест в Азии для наблюдения за дикими животными. В национальном парке Яла можно отправиться на джип-сафари в поисках неуловимых леопардов, слонов и медведей-губачей.Познакомиться поближе с символом острова, слоном, можно в питомнике в Пиннавеле, где заботятся о десятках животных и устраивают их зрелищное купание в реке.На побережье путешественников ждут колониальное наследие и океанские приключения. Форт Галле, старинная голландская крепость на берегу океана, внесенная в список ЮНЕСКО, очаровывает своими мощеными улочками, маяком и уютными кафе.С ноября по апрель из Мириссы отправляются морские экскурсии для наблюдения за самыми большими млекопитающими планеты - синими китами. Но помните - вас может укачать, эта поездка на моторной лодке длится не меньше трех часов. А соседняя Велигама с ее идеальными небольшими волнами стала настоящей меккой для начинающих серферов со всего мира.Интересен город Галле, который во времена, когда остров Цейлон был колонией Португалии, являлся фортом. Сейчас на улочках много кафе и магазинов, по ним приятно гулять, заглядывая в храмы.Город Галле.Город Галле.Что привезти из Шри-ЛанкиШопинг на Шри-Ланке - это погружение в мир экзотических ароматов, ярких красок и древних ремесел. Главным сувениром с острова, без сомнения, является настоящий цейлонский чай, который лучше всего покупать на плантациях в горах или в специализированных магазинах, и ароматные специи, особенно знаменитая цейлонская корица.Фабрика по производству чая.Дополнить гастрономические впечатления стоит полезными продуктами аюрведы: натуральными маслами (в первую очередь кокосовым), лечебными бальзамами и косметикой, которые в изобилии продаются в аптеках и супермаркетах.Для более ценных подарков Шри-Ланка предлагает драгоценные камни, в первую очередь сапфиры и лунный камень. Приобретать их следует исключительно в сертифицированных магазинах с лицензией, чтобы гарантировать подлинность. Дух острова прекрасно передают изделия ручной работы: традиционные резные деревянные маски, фигурки слонов и яркие ткани, расписанные в технике батик. Не забудьте захватить с собой и экзотические фрукты - сладкие манго и ананасы, а из местных напитков стоит попробовать кокосовую водку ""Арак"".Хотя крупных шоппинг-моллов на острове немного (они сосредоточены в Коломбо), самые аутентичные покупки совершаются в небольших лавочках и мастерских в туристических городах. Таким образом, Шри-Ланка - круглогодичное направление, главное - правильно выбрать побережье. Тщательная подготовка документов - залог быстрого прохождения пограничного контроля. В ваш обязательный пакет должны входить: заграничный паспорт, срок действия которого составляет не менее 6 месяцев с момента въезда;авиабилеты (туда и обратно);ваучер на проживание в отеле;страховой полис.Для детей до 18 лет, путешествующих без одного из родителей, необходимо нотариально заверенное разрешение на выезд.Что касается визовых правил, для граждан Кыргызстана (как и для большинства других стран) для въезда на Шри-Ланку необходимо заранее оформить электронное разрешение на въезд (ETA). Это делается онлайн на официальном сайтеeta.gov.lk. Подтверждение обычно приходит на почту в течение суток. Стоимость ETA - около $50. Его нужно распечатать и предъявить на границе. Через турагентства его можно сделать примерно за $60.Практические советы: валюта, законы и бытовые мелочиВалюта.Денежная единица - шри-ланкийская рупия (LKR). Обменять доллары можно в аэропорту (там хороший курс) или в банках в туристических городах. Ориентировочно, $100 - это около 30 000 LKR.Связь.Чтобы оставаться на связи, проще всего купить физическую SIM-карту в аэропорту по прилете. Стойки операторов (Dialog, Mobitel) находятся прямо в зале прилета. Также можно заранее приобрести eSIM.Местные законы и обычаи.На Шри-Ланке важно уважительно относиться к местным традициям. При посещении храмов плечи и колени должны быть закрыты. Запрещено фотографироваться, поворачиваясь спиной к статуям Будды. Что касается визовых правил, для граждан Кыргызстана (как и для большинства других стран) для въезда на Шри-Ланку необходимо заранее оформить электронное разрешение на въезд (ETA). Это делается онлайн на официальном сайтеeta.gov.lk. Подтверждение обычно приходит на почту в течение суток. Стоимость ETA - около $50. Его нужно распечатать и предъявить на границе. Через турагентства его можно сделать примерно за $60. Валюта.Денежная единица - шри-ланкийская рупия (LKR). Обменять доллары можно в аэропорту (там хороший курс) или в банках в туристических городах. Ориентировочно, $100 - это около 30 000 LKR. Связь.Чтобы оставаться на связи, проще всего купить физическую SIM-карту в аэропорту по прилете. Стойки операторов (Dialog, Mobitel) находятся прямо в зале прилета. Также можно заранее приобрести eSIM. Местные законы и обычаи. Еда.Основа местной кухни - рис и карри, блюда часто бывают очень острыми. Однако во всех туристических районах огромное количество кафе и ресторанов предлагают привычную европейскую кухню, морепродукты на гриле, пиццу и пасту. Тук-тук- самый популярный транспорт для коротких поездок по городу или между соседними пляжами. Это трехколесный мотороллер, недорогой и маневренный. Всегда договаривайтесь о цене до начала поездки и не стесняйтесь торговаться. В крупных городах работают приложения Uber и PickMe, где можно заказать тук-тук по фиксированной цене. Такси:есть местное приложение такси PickMe, где также можно вызвать как такси, так и тук-тук. Также можно попросить вызвать такси на ресепшн отеля. Поезда:железные дороги - это не просто транспорт, а одна из главных достопримечательностей Шри-Ланки. Поездка по маршруту Канди - Нувара-Элия - Элла считается одной из самых красивых в мире, она проходит через живописные чайные плантации. Эта поездка включена во многие групповые экскурсии. Аренда машины с водителем- самый комфортный способ путешествовать по острову на дальние расстояния. Многие туристы нанимают водителя на несколько дней или на весь отпуск для поездок по культурному треугольнику и национальным паркам. Хиккадува- один из самых старых и развитых курортов с живой атмосферой, множеством кафе, баров и серф-школ. Одним из лучших отелей района можно назвать Riff Hikkaduwa Hotel 5*. Это небольшой дизайн-отель с хорошим рестораном, в пешей доступности рестораны лучше вы вряд ли найдете. Он подойдет для уединенного отдыха для парочек, но вряд ли подойдет семьям с детьми - там нет инфраструктуры, а бассейн совсем небольшой. Также советуем рассмотреть Crystal Sands 5*. Haritha Villas Spa 5* - отель с высоким рейтингом, но находится на холме вдали от пляжа. Унаватуна- живописная бухта с более спокойным океаном, подходящая для купания. Оба района предлагают отличный баланс пляжного отдыха и развитой инфраструктуры.В этом районе можно рекомендовать присмотреться к отелям Araliya Beach Resort & Spa 5*, Era Beach 5* или более бюджетному Thaproban Pavilion Waves 5*. Из отелей 4* - Hikka Tranz by Cinnamon, Dickwella Resort & Spa 4*, Crystal Sands 4*, Thaproban Beach House 4*, Thambapanni Retreat 4*, Mount Rich Rumassala 4*+.Для семейного отдыха и релакса лучший выбор -Бентота. Этот курорт славится своими широкими немноголюдными пляжами и отелями с большими зелеными территориями. Здесь нет шумных вечеринок, зато есть все условия для спокойного семейного отдыха, включая центры водных видов спорта на реке.Отели: Club Villa 5*, Taj Bentota Resort & Spa 5*, The Villa Bentota 5*, Jetwing Saman Villas (для взрослых), Occidental Eden Beruwala Hotel Cinnamon Bentota Beach 5*, Thaala Bentota Resort 5*. Из отелей 4* - Lanka Princess Hotel 4*,Thaala Bentota Resort 4*, Hotel Wunderbar 4*, Joe's Bentota 4*, Rockside Beach Resort 4*, но нужно понимать, что четырехзвездочные отели на Шри-Ланки - это весьма скромное жилье.Мирисса- один из самых фотогеничных пляжей со скалой ""Кокосовый холм"". Это главный центр для экскурсий по наблюдению за синими китами. Атмосфера здесь расслабленная, много стильных кафе и небольших отелей. Отели: Triple O Six 4*, Somerset Mirissa Blue 4*.Соседняя с Мириссой бухтаВелигама- лучшее место для начинающих серферов. Длинный песчаный пляж с небольшими волнами идеален для обучения. Вдоль всего побережья расположены многочисленные серф-школы и кемпы.Отели с высокими рейтингами: Weligama Bay Marriott Resort & Spa 5*, Cape Weligama 5*, Parangi Weligama Bay 5*, более бюджетный Ayurvie Weligama (13+ only) 5*. Из отелей 4*: Twenty Two Weligambay 4*, W15 Weligama 4*.Что посмотреть на Шри-ЛанкеОтдых на Шри-Ланке - это не только пляжи, но и погружение в мир древних цивилизаций, захватывающей дикой природы и невероятных пейзажей.Сафари в заповеднике со слонами.Сафари в заповеднике со слонами.1из2Сердце острова - его Культурный треугольник, где возвышается главная визитная карточка страны Сигирия. Эта древняя крепость на вершине 200-метровой Львиной скалы предлагает незабываемое восхождение и потрясающие виды на джунгли. Недалеко от нее, в Дамбулле, находится уникальный пещерный храм с более чем 150 статуями Будды и древними настенными росписями.Сигирия.А в священном городе Канди, расположенном у живописного озера, хранится одна из важнейших буддийских реликвий - зуб Будды, что делает его центром паломничества.Город Канди.Потрясающий Ботанический сад находится также в центре острова. Если вы выбрали экскурсию на несколько ночей, обязательно по нему прогуляйтесь.Ботанический сад на Шри-Ланке.Ботанический сад на Шри-Ланке.1из2Совершенно другой мир открывается в высокогорной части острова. Поездка на поезде через туманные холмы и бескрайние чайные плантации из Канди в Эллу считается одной из самых красивых в мире. В этом районе можно рекомендовать присмотреться к отелям Araliya Beach Resort & Spa 5*, Era Beach 5* или более бюджетному Thaproban Pavilion Waves 5*. Из отелей 4* - Hikka Tranz by Cinnamon, Dickwella Resort & Spa 4*, Crystal Sands 4*, Thaproban Beach House 4*, Thambapanni Retreat 4*, Mount Rich Rumassala 4*+. Для семейного отдыха и релакса лучший выбор -Бентота. Этот курорт славится своими широкими немноголюдными пляжами и отелями с большими зелеными территориями. Здесь нет шумных вечеринок, зато есть все условия для спокойного семейного отдыха, включая центры водных видов спорта на реке. Отели: Club Villa 5*, Taj Bentota Resort & Spa 5*, The Villa Bentota 5*, Jetwing Saman Villas (для взрослых), Occidental Eden Beruwala Hotel Cinnamon Bentota Beach 5*, Thaala Bentota Resort 5*. Из отелей 4* - Lanka Princess Hotel 4*,Thaala Bentota Resort 4*, Hotel Wunderbar 4*, Joe's Bentota 4*, Rockside Beach Resort 4*, но нужно понимать, что четырехзвездочные отели на Шри-Ланки - это весьма скромное жилье. Мирисса- один из самых фотогеничных пляжей со скалой ""Кокосовый холм"". Это главный центр для экскурсий по наблюдению за синими китами. Атмосфера здесь расслабленная, много стильных кафе и небольших отелей. Отели: Triple O Six 4*, Somerset Mirissa Blue 4*. Соседняя с Мириссой бухтаВелигама- лучшее место для начинающих серферов. Длинный песчаный пляж с небольшими волнами идеален для обучения. Вдоль всего побережья расположены многочисленные серф-школы и кемпы. Отели с высокими рейтингами: Weligama Bay Marriott Resort & Spa 5*, Cape Weligama 5*, Parangi Weligama Bay 5*, более бюджетный Ayurvie Weligama (13+ only) 5*. Из отелей 4*: Twenty Two Weligambay 4*, W15 Weligama 4*. Отдых на Шри-Ланке - это не только пляжи, но и погружение в мир древних цивилизаций, захватывающей дикой природы и невероятных пейзажей. Сердце острова - его Культурный треугольник, где возвышается главная визитная карточка страны Сигирия. Эта древняя крепость на вершине 200-метровой Львиной скалы предлагает незабываемое восхождение и потрясающие виды на джунгли. Недалеко от нее, в Дамбулле, находится уникальный пещерный храм с более чем 150 статуями Будды и древними настенными росписями. А в священном городе Канди, расположенном у живописного озера, хранится одна из важнейших буддийских реликвий - зуб Будды, что делает его центром паломничества. Потрясающий Ботанический сад находится также в центре острова. Если вы выбрали экскурсию на несколько ночей, обязательно по нему прогуляйтесь. В пути можно остановиться в Нувара-Элии, ""маленькой Англии"", чтобы посетить чайную фабрику, а в самой Элле обязательно стоит увидеть знаменитый Девятиарочный мост и подняться на Малый Пик Адама. Для самых выносливых путешественников Шри-Ланка предлагает ночное восхождение на священный Пик Адама, чтобы встретить рассвет на его вершине - это духовное и физическое испытание, которое оставляет незабываемые впечатления. Шри-Ланка также является одним из лучших мест в Азии для наблюдения за дикими животными. В национальном парке Яла можно отправиться на джип-сафари в поисках неуловимых леопардов, слонов и медведей-губачей. Познакомиться поближе с символом острова, слоном, можно в питомнике в Пиннавеле, где заботятся о десятках животных и устраивают их зрелищное купание в реке. На побережье путешественников ждут колониальное наследие и океанские приключения. Форт Галле, старинная голландская крепость на берегу океана, внесенная в список ЮНЕСКО, очаровывает своими мощеными улочками, маяком и уютными кафе. С ноября по апрель из Мириссы отправляются морские экскурсии для наблюдения за самыми большими млекопитающими планеты - синими китами. Но помните - вас может укачать, эта поездка на моторной лодке длится не меньше трех часов. А соседняя Велигама с ее идеальными небольшими волнами стала настоящей меккой для начинающих серферов со всего мира. Интересен город Галле, который во времена, когда остров Цейлон был колонией Португалии, являлся фортом. Сейчас на улочках много кафе и магазинов, по ним приятно гулять, заглядывая в храмы. Шопинг на Шри-Ланке - это погружение в мир экзотических ароматов, ярких красок и древних ремесел. Главным сувениром с острова, без сомнения, является настоящий цейлонский чай, который лучше всего покупать на плантациях в горах или в специализированных магазинах, и ароматные специи, особенно знаменитая цейлонская корица. Дополнить гастрономические впечатления стоит полезными продуктами аюрведы: натуральными маслами (в первую очередь кокосовым), лечебными бальзамами и косметикой, которые в изобилии продаются в аптеках и супермаркетах. Для более ценных подарков Шри-Ланка предлагает драгоценные камни, в первую очередь сапфиры и лунный камень. Приобретать их следует исключительно в сертифицированных магазинах с лицензией, чтобы гарантировать подлинность. Дух острова прекрасно передают изделия ручной работы: традиционные резные деревянные маски, фигурки слонов и яркие ткани, расписанные в технике батик. Не забудьте захватить с собой и экзотические фрукты - сладкие манго и ананасы, а из местных напитков стоит попробовать кокосовую водку ""Арак"". Хотя крупных шоппинг-моллов на острове немного (они сосредоточены в Коломбо), самые аутентичные покупки совершаются в небольших лавочках и мастерских в туристических городах.",kaktus.media,https://kaktus.media/doc/534277_otdyh_na_shri_lanke:_glavnyy_gid_dlia_kyrgyzstancev.html,2025-11-20T09:24:10+06:00,kyrgyz,0,high,news_site
8ebb53e8-9066-4629-b47f-acb3960b9dcf,СМИ: США и Иран возобновили атаки в Персидском заливе,"Новая эскалация между США и Ираном ставит под угрозу хрупкое перемирие и усиливает кризис вокруг Ормузского пролива - ключевого маршрута мировой торговли нефтью. Попытки Вашингтона восстановить судоходство сопровождаются ответными ударами Тегерана, сообщают мировыеСМИ. Больше новостей и видео в Telegram-каналеKaktus.media. Сообщается, что США и Иран в понедельник, 4 мая, обменялись ракетными и беспилотными ударами в Персидском заливе, фактически вступив в борьбу за контроль над Ормузским проливом. Стороны ввели параллельные морские блокировки, что резко повысило риски для гражданского судоходства. К концу дня несколько торговых судов сообщили о взрывах и пожарах. По данным США, были уничтожены шесть малых иранских военных катеров. В то же время в ОАЭ в результате иранского удара загорелся нефтяной порт. Южнокорейское судно HMM Namu получило повреждения из-за взрыва в машинном отделении, однако обошлось без пострадавших. Британские службы безопасности также зафиксировали атаки на суда у берегов Эмиратов. Президент США Дональд Трамп объявил о запуске операции ""Проект ""Свобода"", направленной на сопровождение застрявших судов через пролив. Этот маршрут остается критически важным для глобальных поставок энергоресурсов, но фактически закрыт с февраля после начала конфликта. По заявлению американских военных, два торговых судна смогли пройти через пролив под прикрытием флота. Однако Иран это опровергает. Судоходные компании пока не спешат возвращаться в регион, ожидая устойчивого прекращения боевых действий. Инициатива также вызвала политические споры в США: она была объявлена после истечения срока, в течение которого президент должен был получить одобрение Конгресса на ведение войны. Иран усилил давление, заявив о расширении зоны контроля в Персидском заливе и предупредив о готовности атаковать иностранные силы. Тегеран также потребовал от коммерческих судов координировать действия с его военными. В течение дня были зафиксированы удары по территории ОАЭ, включая пожар в нефтяном порту Фуджейра - важной альтернативе маршрутам через Ормузский пролив. Власти страны назвали произошедшее серьезной эскалацией и допустили ответные меры. Иран заявил, что атаки стали ответом на ""военный авантюризм"" США. Стороны публикуют взаимоисключающую информацию. Иран сообщил о предупредительном обстреле американского корабля, США это отрицают. Проверить происходящее независимо затруднительно. На фоне эскалации цены на нефть выросли более чем на 5%, а страхование морских перевозок резко подорожало. Министр иностранных дел Ирана Аббас Аракчи заявил, что военного решения кризиса не существует, и подчеркнул роль Пакистана как посредника в переговорах. При этом он предупредил о риске втягивания стран региона в затяжной конфликт. По данным иранских СМИ, США передали ответ на 14-пунктное предложение Тегерана. Оно предполагает сначала договориться о прекращении войны и разблокировании судоходства, а уже затем обсуждать ядерную программу. Дональд Трамп заявил, что изучает инициативу, но, вероятно, отклонит ее. Американская разведка оценивает ущерб ядерной программе Ирана как ограниченный, несмотря на удары последних лет. Вашингтон настаивает на вывозе запасов обогащенного урана, чтобы исключить создание ядерного оружия. Иран в свою очередь продолжает утверждать, что его программа носит исключительно мирный характер. Попытка США восстановить судоходство через Ормузский пролив пока не привела к результату и лишь усилила напряженность. Регион остается на грани дальнейшей эскалации, а дипломатические усилия - под вопросом.",kaktus.media,https://kaktus.media/doc/545586_smi:_ssha_i_iran_vozobnovili_ataki_v_persidskom_zalive.html,2026-05-05T08:40:37+06:00,kyrgyz,0,high,news_site
a3f7a7e0-810a-4589-9179-7f07d7334850,Жители дома на улице Ибраимова пожаловались на подтопление. Ответ мэрии (видео),"Жители дома №29 на улице Ибраимова в Бишкеке пожаловались на состояние территории после работ по благоустройству выездов. Обращение поступило в редакциюKaktus.media. По словам председателя дома, проблема началась еще два года назад, когда МТУ №17 решило благоустроить выезды возле дома. Однако, как она утверждает, работы тогда ограничились раскопками, после которых остались ямы глубиной около 30 см. ""Месяц назад произошла вторая попытка. Сейчас они углубились и увеличили яму. В результате их медлительности и непрофессионализма под дом со свистом ринулась дождевая вода"", - рассказала она. Жители просят обратить внимание на проблему и принять меры. В мэрии Бишкека прокомментировали ситуацию у дома на ул. Ибраимова, 29.По данным муниципалитета, подрядная организация ""Логис"" уже провела подготовительные работы: выровняла участок, подготовила асфальтовое покрытие и засыпала грунтом заезд к дому №29 на улице Ибраимова.В мэрии сообщили, что, по информации подрядчика, асфальтирование этого заезда планируется завершить до 10 мая. Представителю домового комитета также разъяснили, что работы будут выполнены в указанный срок.Кроме того, как сообщили в муниципалитете, со слов домкома, подтопления подвального помещения дождевой водой в доме №29 не было. По данным муниципалитета, подрядная организация ""Логис"" уже провела подготовительные работы: выровняла участок, подготовила асфальтовое покрытие и засыпала грунтом заезд к дому №29 на улице Ибраимова. В мэрии сообщили, что, по информации подрядчика, асфальтирование этого заезда планируется завершить до 10 мая. Представителю домового комитета также разъяснили, что работы будут выполнены в указанный срок. Кроме того, как сообщили в муниципалитете, со слов домкома, подтопления подвального помещения дождевой водой в доме №29 не было.",kaktus.media,https://kaktus.media/doc/545563_jiteli_doma_na_ylice_ibraimova_pojalovalis_na_podtoplenie._otvet_merii_video.html,2026-05-04T19:30:34+06:00,kyrgyz,0,high,news_site
bde279c7-57fc-4f36-90e8-ee2daf38d984,Впервые в Бишкеке цирк Юрия Никулина без животных,"В Бишкеке сегодня, 2 мая, состоялось легендарное шоу на льду Натальи Брамовой. Головокружительные трюки под куполом, изящный танец на хрустальном льду, а также роскошные костюмы не оставили зрителей равнодушными. Никаких животных. Только человек, лед и высота. Только красота, смелость и подлинное мастерство. Приходите увидеть магию своими глазами! Билеты уже в продаже. Не пропустите событие, которое ждали много лет. Шоу на льду в Бишкеке с 1 мая по 2 июня. Билеты можно приобрести на сайте kassir.kg, в ТРЦ Bishkek Park ежедневно с 10:00 до 22:00.",kaktus.media,https://kaktus.media/doc/545491_vpervye_v_bishkeke_cirk_uriia_nikylina_bez_jivotnyh.html,2026-05-02T13:52:52+06:00,kyrgyz,0,high,news_site
7ac7863e-3a9d-4fc1-a5b6-3a07d791cc01,В Бишкеке у ЦУМа во время дождя затопило тротуар (видео),"В Бишкеке во время дождя затопило тротуар возле ЦУМа. На это редакцииKaktus.mediaпожаловались очевидцы. По их словам, речь идет об участке на пересечении улицы Шопокова и проспекта Чуй. На видео видно, что после осадков на тротуаре образовались большие лужи. Горожане жалуются, что пройти по нему практически невозможно, из-за чего людям приходится обходить участок по обочине или идти по камням. Очевидцы считают, что после ремонтных работ дренажную систему в центре города так и не наладили. Редакция готова предоставить мэрии Бишкека возможность прокомментировать ситуацию.",kaktus.media,https://kaktus.media/doc/545576_v_bishkeke_y_cyma_vo_vremia_dojdia_zatopilo_trotyar_video.html,2026-05-04T18:59:33+06:00,kyrgyz,0,high,news_site
0caa9b99-4d67-4c10-bf64-6d3d1854edae,Стала известна предварительная дата Курман айта,"Праздник Курман айт в этом году выпадает на 27 мая. Об этом сообщает муфтият Казахстана. В Духовном управлении мусульман Кыргызстана сказалиKaktus.media, что точную дату праздника объявят позже. ""На данный момент не подтверждено"", - ответили в ДУМК. Курман айт отмечается на 70-й день после окончания поста и завершает обряд хаджа - паломничества в Мекку. Точная дата может немного отличаться в зависимости от лунного календаря.",kaktus.media,https://kaktus.media/doc/545250_stala_izvestna_predvaritelnaia_data_kyrman_ayta.html,2026-04-28T12:04:53+06:00,kyrgyz,0,high,news_site
17a05e6f-727a-4af2-959a-aa6dd69bde3a,В Китае при взрыве на фабрике фейерверков погиб 21 человек (видео),"В центральной части Китая произошел крупный взрыв на предприятии по производству фейерверков. По последним данным, погибли не менее 21 человека, десятки получили ранения. Власти начали расследование причин трагедии. Больше новостей и видео в Telegram-каналеKaktus.media. Взрыв на фабрике фейерверков произошел днем 4 мая в провинции Хунань, в районе города Чанша, который считается одним из центров пиротехнической промышленности страны. По данным китайских государственныхСМИ, жертвами стали как минимум 21 человек, еще 61 получил ранения различной степени тяжести. Предприятие, где произошел инцидент, располагалось в уезде Люян - регионе, известном производством фейерверков. После взрыва на месте были разрушены здания, возник пожар, а над территорией поднялся густой дым. К ликвидации последствий привлекли около 500 спасателей. Из-за риска повторных взрывов, связанных с наличием складов с черным порохом, власти эвакуировали жителей близлежащих районов. Причины происшествия пока официально не установлены. Власти начали расследование, а ответственные сотрудники предприятия задержаны. Сообщается также, что председатель КНР Си Цзиньпин распорядился провести всестороннюю проверку, усилить меры безопасности и установить виновных.",kaktus.media,https://kaktus.media/doc/545592_v_kitae_pri_vzryve_na_fabrike_feyerverkov_pogib_21_chelovek_video.html,2026-05-05T11:04:13+06:00,kyrgyz,0,high,news_site
02f3ae04-efca-4a37-a9be-5bd0694a09b6,"Отдых в Нячанге: отели, экскурсии, рекомендации","Нячанг - жемчужина вьетнамского побережья и одно из самых популярных направлений Юго-Восточной Азии. Город предлагает отдых на любой вкус: от тусовочной жизни в центре до уединенного релакса на островах и в резортах. Разбираемся с турагентствомYour Agent, что нужно знать кыргызстанцам перед поездкой в этот тропический рай. Для туристов из Кыргызстана и Казахстана самый удобный способ добраться до Нячанга - это прямые рейсы из Алматы в аэропорт Камрань (CRX), расположенный в 30 км от города. Полет занимает примерно 8 часов. Периодически бывают чартерные рейсы из Бишкека с дозаправкой в Калькутте (общее время в пути 8,5 часа). Разница во времени в Нячанге с Бишкеком составляет +1 час. Главный вопрос - сезонность. Высокий сезон в Нячанге длится с марта по сентябрь, когда погода сухая и солнечная, а море спокойное и лазурное. Однако для туристов город привлекателен практически круглый год. В так называемый сезон дождей (с октября по февраль) небо облачное, на море - волны. Зато в это время нет изнуряющей жары, температура очень комфортная, значительно меньше туристов, а цены на отели и услуги приятнее. В основном, дожди кратковременные, но бывают дни, когда льет весь день. Этот сезон можно посоветовать тем, кто отправляется на несколько месяцев на зимовку в теплые страны. Или туристам, кто большую часть поездки планирует посвятить различным экскурсиям, а не пляжному отдыху. Тщательная подготовка документов - залог быстрого прохождения пограничного контроля. В ваш обязательный пакет должны входить действующий заграничный паспорт со сроком не менее 6 месяцев на момент возвращения, авиабилеты, ваучер на проживание и страховой полис при приобретении турпакета. Если дети до 18 лет путешествуют без одного из родителей, не забудьте оформить нотариально заверенное разрешение на выезд. Что касается визовых правил, для граждан Кыргызстана во Вьетнаме действует безвизовый режим на срок до 30 дней. Это делает въезд в страну максимально простым и не требует никаких дополнительных сборов или оформления документов по прибытии. Для желающих отправиться в Нячанг больше, чем на месяц, необходимо заранее оформить онлайн-визу. Валюта.Денежная единица - вьетнамский донг (VND). Обменивать доллары выгоднее всего в ювелирных магазинах в городе (ищите вывески ""jewelry store""), курс там часто лучше, чем в банках. В некоторых магазинах, где продаются гаджеты, также можно обменять деньги. Но привычные для нас обменки в Нячанге не популярны. При снятии с банкомата есть комиссия. Ориентировочно, $100 - это около 2,6 млн донгов.Связь.Чтобы оставаться на связи, можно купить физическую SIM-карту в аэропорту по прилете. В городе ее можно найти на $1-2 дешевле. Или стоит оформить eSIM. Связь во Вьетнаме недорогая и качественная.Еда.В Нячанге вы найдете не только вьетнамскую кухню и морепродукты. В центре города огромное количество ресторанов предлагают привычные европейские и русские блюда. Есть заведения с узбекской, армянской, итальянской кухней, а также стейк-хаусы и мировые сети фастфуда. Найти знакомую еду не составит труда.1из3Как передвигаться?Такси.Самый популярный и удобный способ передвижения. Цены ниже бишкекских. Можно пользоваться приложениями Grab или Bolt либо ловить машину на улице. На многих перекрестках есть точки такси. Учтите, что водители плохо говорят по-английски и по-русски, поэтому лучше показать нужную точку на карте или общаться с помощью Google Translate.Мототакси.Передвижение на мопеде с водителем - гораздо дешевле обычных такси, но этот вариант передвижения не подойдет тем, кто путешествует большой семьей.Велорикши.Будьте осторожны с велорикшами в центре города. Они часто завышают цены в несколько раз, пользуясь неосведомленностью туристов. Всегда договаривайтесь о цене строго до начала поездки. Велорикши - это скорее не удобный способ передвижения, а туристический опыт.Где остановиться: выбор района под ваш стиль отдыхаВыбор места проживания в Нячанге определяет характер вашего отдыха: будет ли это полный релакс на закрытой территории или погружение в бурлящую жизнь азиатского города.Для пляжного отдыха, особенно с детьми, удобным решением станет остров Хон Че, известный как Винперл. Это обособленная территория нескольких отелей с собственными пляжами, спокойным морем даже в сезон дождей и море развлечений в расположенном рядом парке VinWonders.Отели здесь предлагают гостям не только проживание, но и доступ в парк развлечений. Самые известные отели на острове - Vinpearl Resort Nha Trang 5* и Vinpearl Resort & Spa Nha Trang Bay, где есть в том числе концепция питания ""Все включено"". Можно расположиться на виллах более дорогого Vinpearl Luxury Nha Trang 5*.В самой городской черте наиболее престижным считается Центральный район, где на первой, второй и третьей линиях сосредоточены масса отелей на разный кошелек. Здесь расположены одни из лучших городских отелей InterContinental 5* и Sheraton 5*, предлагающие гостям качественный сервис, высокую кухню и собственный участок пляжа. Именно здесь часто останавливается президент Вьетнама. Есть здесь и другие качественные отели 5*: TUI BLUE Nha Trang 5*, Sea Soul Nha Trang 5*, December Hotel 5*, Vinpearl Beachfront 5*. Здесь же масса бюджетных отелей разной звездности.Центр города славится хорошо развитой инфраструктурой, близость к центру оценивается по пешей доступности к местной достопримечательности ""Лотос"".Для тех, кто предпочитает тишину или планирует длительное проживание, стоит рассмотреть Юг или Север Нячанга. На юге, в элитном коттеджном поселке Ан Вьен рядом с канатной дорогой, царит спокойствие, хотя инфраструктура здесь развита слабо. Достойным вариантом для остановки здесь будут современные Costabella Resort 5* или Boutik Cham NhaTrang Hotel 4*.Северная часть города ближе к реке Кай или севернее известна как отелями городского типа, так и резортами. Среди отелей можно выделить Nha Trang Palace 5*, voco Scenia Bay Nha Trang by IHG 5*, The Morning Glow Boutique Hotel Nha Trang 5*, Nha Trang Horizon 5*, Sunrise Nha Trang Beach Hotel & Spa 5*, Boton Blue Hotel & Spa. Из резортов самый известный - это спа-отель Amiana Resort Nha Trang 5*. Хороши также Alibu Resort Nha Trang 5*, Boma Resort Nha Trang 5*, The Costa Nha Trang Residences 5* и роскошный Villa Le Corail Gran Melia Nha Trang 5*.Что посмотреть в НячангеОтдых в Нячанге - это не только пляжи. Город и его окрестности предлагают множество активностей на любой вкус.Культура и духовность в городеБашни По Нагар.Древний комплекс храмов Чамской цивилизации, расположенный на холме с прекрасным видом на реку.Чамские башки По Нагар.Чамские башки По Нагар.1из2Пагода Лонг Шон.Знаменита огромной белоснежной статуей сидящего Будды, которую видно из многих точек города.Пагода Лонг Шон.Пагода Лонг Шон.Пагода Лонг Шон.Пагода Лонг Шон.1из4Католический собор Нячанга.Величественное сооружение в готическом стиле, напоминающее о французском колониальном прошлом Вьетнама.Католический сабор в Нячанге.Католический сабор в Нячанге.1из2Развлечения и природаПарк VinWonders на острове Vinpearl.Обязательное место для посещения, особенно с детьми. Это огромный парк развлечений с аквапарком, аттракционами, зоопарком и красочными шоу. Добраться можно самостоятельно на такси до причала, а затем по канатной дороге или на катере.Парк VinWonders.Парк VinWonders.Парк VinWonders.1из3Грязелечебница I-Resort.Отличный способ расслабиться. Комплекс с горячими минеральными источниками, грязевыми ваннами и бассейнами расположен в 15 минутах езды от центра.Спа-комплекс с термальными источниками I-Resort.Северные острова (Остров обезьян и остров орхидей).Популярная экскурсия для семей с детьми, где можно покормить обезьян и погулять по красивому парку орхидей.Обезьяны на Северных островах.Дальние экскурсииДалат.Поездка в горный город, который называют ""маленьким Парижем"", займет целый день (3 часа в одну сторону). Вас ждут необычный отель Crazy House, водопады, буддийские храмы и кофейные плантации.Crazu House в Далате.Crazu House в Далате.Crazu House в Далате.Crazu House в Далате.Храм из фарфора в Далате (Пагода Линь Фуок).Храм из фарфора в Далате (Пагода Линь Фуок).Храм из фарфора в Далате (Пагода Линь Фуок).1из7Пляж Зоклет (Paradise Beach).Если в Нячанге волны и мутная вода (особенно зимой), можно отправиться на этот пляж в 50 км от города, где вас ждут белый песок и комфортное море.Пляж Зоклет.Пляж Зоклет.1из2Водопад Бахо.Для тех, кто хочет взобраться по горе и искупаться в водопаде.Водопад Бахо.Водопад Бахо.Водопад Бахо.1из3А также заповедник Янг Бей, расположенный в двух часах езды Фанранг и многое другое.Янг Бей.Янг Бей.Янг Бей.1из3Туристам также предлагают однодневные и двухдневные экскурсии в Хошимин.Экскурсия в Хошимин.Экскурсия в Хошимин.Экскурсия в Хошимин.Экскурсия в Хошимин.Экскурсия в Хошимин.1из5Из Нячанга есть экскурсии в Дананг, куда добираться 10 часов на автобусе или час на самолете. Именно в получасе езды от Дананга расположен туристический комплекс Ба На Хиллс, где известный мост ""Руки Бога"". Но в Дананг лучше поехать отдельно.Комплекс Ба На Хиллс около Дананга.Комплекс Ба На Хиллс около Дананга.Комплекс Ба На Хиллс около Дананга.Комплекс Ба На Хиллс около Дананга.Комплекс Ба На Хиллс около Дананга.Комплекс Ба На Хиллс около Дананга.1из6Что привезти из НячангаШопинг во Вьетнаме можно начать с аптечных товаров, так как страна славится своими натуральными лечебными бальзамами, мазями и БАДами. Приобретать их разумнее всего в обычных городских аптеках.Из съедобных сувениров главным хитом считаются орехи кешью и сушеное манго, при выборе которого лучше отдавать предпочтение более светлым, а значит свежим плодам. Купить эти лакомства можно на Ночном рынке напротив Лотоса, но на большом рынке DAM или во фруктовых лавках цены будут еще выгоднее.Также домой часто везут свежие манго, маракуйю и драгонфрут, упаковав их в специальные пластиковые корзины для перевозки в ручной клади. Не стоит забывать, что Вьетнам является одним из мировых лидеров по производству кофе и натурального жемчуга, поэтому эти товары тоже заслуживают внимания.Что касается одежды и обуви, то недорогие вещи из хлопка можно найти в супермаркете Lotte Mart, а благодаря тому, что в стране отшиваются многие известные американские бренды, в уличных магазинах часто встречаются оригинальные модели обуви или качественные копии по низким ценам. Связь.Чтобы оставаться на связи, можно купить физическую SIM-карту в аэропорту по прилете. В городе ее можно найти на $1-2 дешевле. Или стоит оформить eSIM. Связь во Вьетнаме недорогая и качественная. Еда.В Нячанге вы найдете не только вьетнамскую кухню и морепродукты. В центре города огромное количество ресторанов предлагают привычные европейские и русские блюда. Есть заведения с узбекской, армянской, итальянской кухней, а также стейк-хаусы и мировые сети фастфуда. Найти знакомую еду не составит труда. Такси.Самый популярный и удобный способ передвижения. Цены ниже бишкекских. Можно пользоваться приложениями Grab или Bolt либо ловить машину на улице. На многих перекрестках есть точки такси. Учтите, что водители плохо говорят по-английски и по-русски, поэтому лучше показать нужную точку на карте или общаться с помощью Google Translate. Мототакси.Передвижение на мопеде с водителем - гораздо дешевле обычных такси, но этот вариант передвижения не подойдет тем, кто путешествует большой семьей. Велорикши.Будьте осторожны с велорикшами в центре города. Они часто завышают цены в несколько раз, пользуясь неосведомленностью туристов. Всегда договаривайтесь о цене строго до начала поездки. Велорикши - это скорее не удобный способ передвижения, а туристический опыт. Выбор места проживания в Нячанге определяет характер вашего отдыха: будет ли это полный релакс на закрытой территории или погружение в бурлящую жизнь азиатского города. Для пляжного отдыха, особенно с детьми, удобным решением станет остров Хон Че, известный как Винперл. Это обособленная территория нескольких отелей с собственными пляжами, спокойным морем даже в сезон дождей и море развлечений в расположенном рядом парке VinWonders. Отели здесь предлагают гостям не только проживание, но и доступ в парк развлечений. Самые известные отели на острове - Vinpearl Resort Nha Trang 5* и Vinpearl Resort & Spa Nha Trang Bay, где есть в том числе концепция питания ""Все включено"". Можно расположиться на виллах более дорогого Vinpearl Luxury Nha Trang 5*. В самой городской черте наиболее престижным считается Центральный район, где на первой, второй и третьей линиях сосредоточены масса отелей на разный кошелек. Здесь расположены одни из лучших городских отелей InterContinental 5* и Sheraton 5*, предлагающие гостям качественный сервис, высокую кухню и собственный участок пляжа. Именно здесь часто останавливается президент Вьетнама. Есть здесь и другие качественные отели 5*: TUI BLUE Nha Trang 5*, Sea Soul Nha Trang 5*, December Hotel 5*, Vinpearl Beachfront 5*. Здесь же масса бюджетных отелей разной звездности. Центр города славится хорошо развитой инфраструктурой, близость к центру оценивается по пешей доступности к местной достопримечательности ""Лотос"". Для тех, кто предпочитает тишину или планирует длительное проживание, стоит рассмотреть Юг или Север Нячанга. На юге, в элитном коттеджном поселке Ан Вьен рядом с канатной дорогой, царит спокойствие, хотя инфраструктура здесь развита слабо. Достойным вариантом для остановки здесь будут современные Costabella Resort 5* или Boutik Cham NhaTrang Hotel 4*. Северная часть города ближе к реке Кай или севернее известна как отелями городского типа, так и резортами. Среди отелей можно выделить Nha Trang Palace 5*, voco Scenia Bay Nha Trang by IHG 5*, The Morning Glow Boutique Hotel Nha Trang 5*, Nha Trang Horizon 5*, Sunrise Nha Trang Beach Hotel & Spa 5*, Boton Blue Hotel & Spa. Из резортов самый известный - это спа-отель Amiana Resort Nha Trang 5*. Хороши также Alibu Resort Nha Trang 5*, Boma Resort Nha Trang 5*, The Costa Nha Trang Residences 5* и роскошный Villa Le Corail Gran Melia Nha Trang 5*. Отдых в Нячанге - это не только пляжи. Город и его окрестности предлагают множество активностей на любой вкус. Культура и духовность в городеБашни По Нагар.Древний комплекс храмов Чамской цивилизации, расположенный на холме с прекрасным видом на реку.Чамские башки По Нагар.Чамские башки По Нагар.1из2Пагода Лонг Шон.Знаменита огромной белоснежной статуей сидящего Будды, которую видно из многих точек города.Пагода Лонг Шон.Пагода Лонг Шон.Пагода Лонг Шон.Пагода Лонг Шон.1из4Католический собор Нячанга.Величественное сооружение в готическом стиле, напоминающее о французском колониальном прошлом Вьетнама.Католический сабор в Нячанге.Католический сабор в Нячанге.1из2Развлечения и природаПарк VinWonders на острове Vinpearl.Обязательное место для посещения, особенно с детьми. Это огромный парк развлечений с аквапарком, аттракционами, зоопарком и красочными шоу. Добраться можно самостоятельно на такси до причала, а затем по канатной дороге или на катере.Парк VinWonders.Парк VinWonders.Парк VinWonders.1из3Грязелечебница I-Resort.Отличный способ расслабиться. Комплекс с горячими минеральными источниками, грязевыми ваннами и бассейнами расположен в 15 минутах езды от центра.Спа-комплекс с термальными источниками I-Resort.Северные острова (Остров обезьян и остров орхидей).Популярная экскурсия для семей с детьми, где можно покормить обезьян и погулять по красивому парку орхидей.Обезьяны на Северных островах.Дальние экскурсииДалат.Поездка в горный город, который называют ""маленьким Парижем"", займет целый день (3 часа в одну сторону). Вас ждут необычный отель Crazy House, водопады, буддийские храмы и кофейные плантации.Crazu House в Далате.Crazu House в Далате.Crazu House в Далате.Crazu House в Далате.Храм из фарфора в Далате (Пагода Линь Фуок).Храм из фарфора в Далате (Пагода Линь Фуок).Храм из фарфора в Далате (Пагода Линь Фуок).1из7Пляж Зоклет (Paradise Beach).Если в Нячанге волны и мутная вода (особенно зимой), можно отправиться на этот пляж в 50 км от города, где вас ждут белый песок и комфортное море.Пляж Зоклет.Пляж Зоклет.1из2Водопад Бахо.Для тех, кто хочет взобраться по горе и искупаться в водопаде.Водопад Бахо.Водопад Бахо.Водопад Бахо.1из3А также заповедник Янг Бей, расположенный в двух часах езды Фанранг и многое другое.Янг Бей.Янг Бей.Янг Бей.1из3Туристам также предлагают однодневные и двухдневные экскурсии в Хошимин.Экскурсия в Хошимин.Экскурсия в Хошимин.Экскурсия в Хошимин.Экскурсия в Хошимин.Экскурсия в Хошимин.1из5Из Нячанга есть экскурсии в Дананг, куда добираться 10 часов на автобусе или час на самолете. Именно в получасе езды от Дананга расположен туристический комплекс Ба На Хиллс, где известный мост ""Руки Бога"". Но в Дананг лучше поехать отдельно.Комплекс Ба На Хиллс около Дананга.Комплекс Ба На Хиллс около Дананга.Комплекс Ба На Хиллс около Дананга.Комплекс Ба На Хиллс около Дананга.Комплекс Ба На Хиллс около Дананга.Комплекс Ба На Хиллс около Дананга.1из6Что привезти из НячангаШопинг во Вьетнаме можно начать с аптечных товаров, так как страна славится своими натуральными лечебными бальзамами, мазями и БАДами. Приобретать их разумнее всего в обычных городских аптеках.Из съедобных сувениров главным хитом считаются орехи кешью и сушеное манго, при выборе которого лучше отдавать предпочтение более светлым, а значит свежим плодам. Купить эти лакомства можно на Ночном рынке напротив Лотоса, но на большом рынке DAM или во фруктовых лавках цены будут еще выгоднее.Также домой часто везут свежие манго, маракуйю и драгонфрут, упаковав их в специальные пластиковые корзины для перевозки в ручной клади. Не стоит забывать, что Вьетнам является одним из мировых лидеров по производству кофе и натурального жемчуга, поэтому эти товары тоже заслуживают внимания.Что касается одежды и обуви, то недорогие вещи из хлопка можно найти в супермаркете Lotte Mart, а благодаря тому, что в стране отшиваются многие известные американские бренды, в уличных магазинах часто встречаются оригинальные модели обуви или качественные копии по низким ценам. Башни По Нагар.Древний комплекс храмов Чамской цивилизации, расположенный на холме с прекрасным видом на реку. Пагода Лонг Шон.Знаменита огромной белоснежной статуей сидящего Будды, которую видно из многих точек города. Католический собор Нячанга.Величественное сооружение в готическом стиле, напоминающее о французском колониальном прошлом Вьетнама. Развлечения и природаПарк VinWonders на острове Vinpearl.Обязательное место для посещения, особенно с детьми. Это огромный парк развлечений с аквапарком, аттракционами, зоопарком и красочными шоу. Добраться можно самостоятельно на такси до причала, а затем по канатной дороге или на катере.Парк VinWonders.Парк VinWonders.Парк VinWonders.1из3Грязелечебница I-Resort.Отличный способ расслабиться. Комплекс с горячими минеральными источниками, грязевыми ваннами и бассейнами расположен в 15 минутах езды от центра.Спа-комплекс с термальными источниками I-Resort.Северные острова (Остров обезьян и остров орхидей).Популярная экскурсия для семей с детьми, где можно покормить обезьян и погулять по красивому парку орхидей.Обезьяны на Северных островах.Дальние экскурсииДалат.Поездка в горный город, который называют ""маленьким Парижем"", займет целый день (3 часа в одну сторону). Вас ждут необычный отель Crazy House, водопады, буддийские храмы и кофейные плантации.Crazu House в Далате.Crazu House в Далате.Crazu House в Далате.Crazu House в Далате.Храм из фарфора в Далате (Пагода Линь Фуок).Храм из фарфора в Далате (Пагода Линь Фуок).Храм из фарфора в Далате (Пагода Линь Фуок).1из7Пляж Зоклет (Paradise Beach).Если в Нячанге волны и мутная вода (особенно зимой), можно отправиться на этот пляж в 50 км от города, где вас ждут белый песок и комфортное море.Пляж Зоклет.Пляж Зоклет.1из2Водопад Бахо.Для тех, кто хочет взобраться по горе и искупаться в водопаде.Водопад Бахо.Водопад Бахо.Водопад Бахо.1из3А также заповедник Янг Бей, расположенный в двух часах езды Фанранг и многое другое.Янг Бей.Янг Бей.Янг Бей.1из3Туристам также предлагают однодневные и двухдневные экскурсии в Хошимин.Экскурсия в Хошимин.Экскурсия в Хошимин.Экскурсия в Хошимин.Экскурсия в Хошимин.Экскурсия в Хошимин.1из5Из Нячанга есть экскурсии в Дананг, куда добираться 10 часов на автобусе или час на самолете. Именно в получасе езды от Дананга расположен туристический комплекс Ба На Хиллс, где известный мост ""Руки Бога"". Но в Дананг лучше поехать отдельно.Комплекс Ба На Хиллс около Дананга.Комплекс Ба На Хиллс около Дананга.Комплекс Ба На Хиллс около Дананга.Комплекс Ба На Хиллс около Дананга.Комплекс Ба На Хиллс около Дананга.Комплекс Ба На Хиллс около Дананга.1из6Что привезти из НячангаШопинг во Вьетнаме можно начать с аптечных товаров, так как страна славится своими натуральными лечебными бальзамами, мазями и БАДами. Приобретать их разумнее всего в обычных городских аптеках.Из съедобных сувениров главным хитом считаются орехи кешью и сушеное манго, при выборе которого лучше отдавать предпочтение более светлым, а значит свежим плодам. Купить эти лакомства можно на Ночном рынке напротив Лотоса, но на большом рынке DAM или во фруктовых лавках цены будут еще выгоднее.Также домой часто везут свежие манго, маракуйю и драгонфрут, упаковав их в специальные пластиковые корзины для перевозки в ручной клади. Не стоит забывать, что Вьетнам является одним из мировых лидеров по производству кофе и натурального жемчуга, поэтому эти товары тоже заслуживают внимания.Что касается одежды и обуви, то недорогие вещи из хлопка можно найти в супермаркете Lotte Mart, а благодаря тому, что в стране отшиваются многие известные американские бренды, в уличных магазинах часто встречаются оригинальные модели обуви или качественные копии по низким ценам. Парк VinWonders на острове Vinpearl.Обязательное место для посещения, особенно с детьми. Это огромный парк развлечений с аквапарком, аттракционами, зоопарком и красочными шоу. Добраться можно самостоятельно на такси до причала, а затем по канатной дороге или на катере. Грязелечебница I-Resort.Отличный способ расслабиться. Комплекс с горячими минеральными источниками, грязевыми ваннами и бассейнами расположен в 15 минутах езды от центра.Спа-комплекс с термальными источниками I-Resort.Северные острова (Остров обезьян и остров орхидей).Популярная экскурсия для семей с детьми, где можно покормить обезьян и погулять по красивому парку орхидей.Обезьяны на Северных островах.Дальние экскурсииДалат.Поездка в горный город, который называют ""маленьким Парижем"", займет целый день (3 часа в одну сторону). Вас ждут необычный отель Crazy House, водопады, буддийские храмы и кофейные плантации.Crazu House в Далате.Crazu House в Далате.Crazu House в Далате.Crazu House в Далате.Храм из фарфора в Далате (Пагода Линь Фуок).Храм из фарфора в Далате (Пагода Линь Фуок).Храм из фарфора в Далате (Пагода Линь Фуок).1из7Пляж Зоклет (Paradise Beach).Если в Нячанге волны и мутная вода (особенно зимой), можно отправиться на этот пляж в 50 км от города, где вас ждут белый песок и комфортное море.Пляж Зоклет.Пляж Зоклет.1из2Водопад Бахо.Для тех, кто хочет взобраться по горе и искупаться в водопаде.Водопад Бахо.Водопад Бахо.Водопад Бахо.1из3А также заповедник Янг Бей, расположенный в двух часах езды Фанранг и многое другое.Янг Бей.Янг Бей.Янг Бей.1из3Туристам также предлагают однодневные и двухдневные экскурсии в Хошимин.Экскурсия в Хошимин.Экскурсия в Хошимин.Экскурсия в Хошимин.Экскурсия в Хошимин.Экскурсия в Хошимин.1из5Из Нячанга есть экскурсии в Дананг, куда добираться 10 часов на автобусе или час на самолете. Именно в получасе езды от Дананга расположен туристический комплекс Ба На Хиллс, где известный мост ""Руки Бога"". Но в Дананг лучше поехать отдельно.Комплекс Ба На Хиллс около Дананга.Комплекс Ба На Хиллс около Дананга.Комплекс Ба На Хиллс около Дананга.Комплекс Ба На Хиллс около Дананга.Комплекс Ба На Хиллс около Дананга.Комплекс Ба На Хиллс около Дананга.1из6Что привезти из НячангаШопинг во Вьетнаме можно начать с аптечных товаров, так как страна славится своими натуральными лечебными бальзамами, мазями и БАДами. Приобретать их разумнее всего в обычных городских аптеках.Из съедобных сувениров главным хитом считаются орехи кешью и сушеное манго, при выборе которого лучше отдавать предпочтение более светлым, а значит свежим плодам. Купить эти лакомства можно на Ночном рынке напротив Лотоса, но на большом рынке DAM или во фруктовых лавках цены будут еще выгоднее.Также домой часто везут свежие манго, маракуйю и драгонфрут, упаковав их в специальные пластиковые корзины для перевозки в ручной клади. Не стоит забывать, что Вьетнам является одним из мировых лидеров по производству кофе и натурального жемчуга, поэтому эти товары тоже заслуживают внимания.Что касается одежды и обуви, то недорогие вещи из хлопка можно найти в супермаркете Lotte Mart, а благодаря тому, что в стране отшиваются многие известные американские бренды, в уличных магазинах часто встречаются оригинальные модели обуви или качественные копии по низким ценам. Северные острова (Остров обезьян и остров орхидей).Популярная экскурсия для семей с детьми, где можно покормить обезьян и погулять по красивому парку орхидей. Дальние экскурсииДалат.Поездка в горный город, который называют ""маленьким Парижем"", займет целый день (3 часа в одну сторону). Вас ждут необычный отель Crazy House, водопады, буддийские храмы и кофейные плантации.Crazu House в Далате.Crazu House в Далате.Crazu House в Далате.Crazu House в Далате.Храм из фарфора в Далате (Пагода Линь Фуок).Храм из фарфора в Далате (Пагода Линь Фуок).Храм из фарфора в Далате (Пагода Линь Фуок).1из7Пляж Зоклет (Paradise Beach).Если в Нячанге волны и мутная вода (особенно зимой), можно отправиться на этот пляж в 50 км от города, где вас ждут белый песок и комфортное море.Пляж Зоклет.Пляж Зоклет.1из2Водопад Бахо.Для тех, кто хочет взобраться по горе и искупаться в водопаде.Водопад Бахо.Водопад Бахо.Водопад Бахо.1из3А также заповедник Янг Бей, расположенный в двух часах езды Фанранг и многое другое.Янг Бей.Янг Бей.Янг Бей.1из3Туристам также предлагают однодневные и двухдневные экскурсии в Хошимин.Экскурсия в Хошимин.Экскурсия в Хошимин.Экскурсия в Хошимин.Экскурсия в Хошимин.Экскурсия в Хошимин.1из5Из Нячанга есть экскурсии в Дананг, куда добираться 10 часов на автобусе или час на самолете. Именно в получасе езды от Дананга расположен туристический комплекс Ба На Хиллс, где известный мост ""Руки Бога"". Но в Дананг лучше поехать отдельно.Комплекс Ба На Хиллс около Дананга.Комплекс Ба На Хиллс около Дананга.Комплекс Ба На Хиллс около Дананга.Комплекс Ба На Хиллс около Дананга.Комплекс Ба На Хиллс около Дананга.Комплекс Ба На Хиллс около Дананга.1из6Что привезти из НячангаШопинг во Вьетнаме можно начать с аптечных товаров, так как страна славится своими натуральными лечебными бальзамами, мазями и БАДами. Приобретать их разумнее всего в обычных городских аптеках.Из съедобных сувениров главным хитом считаются орехи кешью и сушеное манго, при выборе которого лучше отдавать предпочтение более светлым, а значит свежим плодам. Купить эти лакомства можно на Ночном рынке напротив Лотоса, но на большом рынке DAM или во фруктовых лавках цены будут еще выгоднее.Также домой часто везут свежие манго, маракуйю и драгонфрут, упаковав их в специальные пластиковые корзины для перевозки в ручной клади. Не стоит забывать, что Вьетнам является одним из мировых лидеров по производству кофе и натурального жемчуга, поэтому эти товары тоже заслуживают внимания.Что касается одежды и обуви, то недорогие вещи из хлопка можно найти в супермаркете Lotte Mart, а благодаря тому, что в стране отшиваются многие известные американские бренды, в уличных магазинах часто встречаются оригинальные модели обуви или качественные копии по низким ценам. Далат.Поездка в горный город, который называют ""маленьким Парижем"", займет целый день (3 часа в одну сторону). Вас ждут необычный отель Crazy House, водопады, буддийские храмы и кофейные плантации. Пляж Зоклет (Paradise Beach).Если в Нячанге волны и мутная вода (особенно зимой), можно отправиться на этот пляж в 50 км от города, где вас ждут белый песок и комфортное море. Водопад Бахо.Для тех, кто хочет взобраться по горе и искупаться в водопаде. А также заповедник Янг Бей, расположенный в двух часах езды Фанранг и многое другое. Туристам также предлагают однодневные и двухдневные экскурсии в Хошимин. Из Нячанга есть экскурсии в Дананг, куда добираться 10 часов на автобусе или час на самолете. Именно в получасе езды от Дананга расположен туристический комплекс Ба На Хиллс, где известный мост ""Руки Бога"". Но в Дананг лучше поехать отдельно. Шопинг во Вьетнаме можно начать с аптечных товаров, так как страна славится своими натуральными лечебными бальзамами, мазями и БАДами. Приобретать их разумнее всего в обычных городских аптеках. Из съедобных сувениров главным хитом считаются орехи кешью и сушеное манго, при выборе которого лучше отдавать предпочтение более светлым, а значит свежим плодам. Купить эти лакомства можно на Ночном рынке напротив Лотоса, но на большом рынке DAM или во фруктовых лавках цены будут еще выгоднее. Также домой часто везут свежие манго, маракуйю и драгонфрут, упаковав их в специальные пластиковые корзины для перевозки в ручной клади. Не стоит забывать, что Вьетнам является одним из мировых лидеров по производству кофе и натурального жемчуга, поэтому эти товары тоже заслуживают внимания. Что касается одежды и обуви, то недорогие вещи из хлопка можно найти в супермаркете Lotte Mart, а благодаря тому, что в стране отшиваются многие известные американские бренды, в уличных магазинах часто встречаются оригинальные модели обуви или качественные копии по низким ценам.",kaktus.media,https://kaktus.media/doc/536005_otdyh_v_niachange:_oteli_ekskyrsii_rekomendacii.html,2026-01-22T09:51:08+06:00,kyrgyz,0,high,news_site
772544c4-6a60-455a-88dc-ef54bcd3046c,Напоминаем: в мае кыргызстанцев ждут длинные каникулы,"В мае кыргызстанцев ждут длинные выходные. Согласно новомуТрудовому кодексу, нерабочими днями объявлены 1, 2, 3, 4, 6, 7 и 8 мая. 5 мая отмечается День Конституции, а 9 мая - День Победы, эти даты также являются нерабочими праздничными днями, а 10 мая выпадает на воскресенье. Таким образом, жители страны будут отдыхать 10 дней подряд - с 1 по 10 мая включительно.",kaktus.media,https://kaktus.media/doc/545020_napominaem:_v_mae_kyrgyzstancev_jdyt_dlinnye_kanikyly.html,2026-04-23T20:43:14+06:00,kyrgyz,0,high,news_site
7f3ff700-b3b9-4f7a-96fe-04f4014baa48,Застройщику вынесли предупреждение за сброс строительного мусора с верхних этажей,"ОсОО ""Алтын Хаус"" вынесли предупреждение после видео, на котором строительный мусор сбрасывают с верхних этажей многоэтажного здания. Об этом сообщили в Министерстве строительства, архитектуры и жилищно-коммунального хозяйства КР. По данным ведомства, 2 мая в Государственный департамент архитектурно-строительного контроля поступило видеообращение по строительному объекту. На видео было показано, как на объекте, расположенном возле больницы №4 в Бишкеке, с верхних этажей здания сбрасывают строительный мусор, из-за чего образуется пыль. После обращения специалисты Бишкекского городского управления архитектурно-строительного контроля провели проверку на месте. По данным Минстроя, в ходе проверки было установлено несоблюдение требований КР СН 12-02:2018 ""Организация строительного производства"", а также норм Закона ""О градостроительстве и архитектуре"". По итогам проверки ОсОО ""Алтын Хаус"", осуществляющему строительные работы, вынесли предупреждение. Министерство строительства призвало всех участников строительной отрасли строго соблюдать установленные требования. В ведомстве предупредили, что в случае нарушения строительных требований и правил будут приняты меры в рамках закона.",kaktus.media,https://kaktus.media/doc/545538_zastroyshiky_vynesli_predyprejdenie_za_sbros_stroitelnogo_mysora_s_verhnih_etajey.html,2026-05-03T18:54:20+06:00,kyrgyz,0,high,news_site
85089c37-a65e-4abf-86d6-3771c5094bd3,"Модель из Кыргызстана появилась в фильме ""Дьявол носит Prada-2""","Модель из Кыргызстана Аруна Женбекова рассказала, что приняла участие в съемках фильма ""Дьявол носит Prada-2"". По ее словам, она появилась в одной из массовых сцен картины. В соцсетях Женбекова поделилась, что для съемок выбрала платье Dolce & Gabbana из весенней коллекции 2009 года. Модель отметила, что желающих попасть на съемочную площадку было много, однако моделей среди участников оказалось немного. В итоге ей удалось пройти отбор. ""Моделей было не так много, но я прошла"", - рассказала она. Женбекова также сообщила, что во время съемок участникам не разрешали пользоваться телефонами. Это было сделано, чтобы детали фильма не попали в сеть раньше времени. По ее словам, даже если бы ей удалось сделать фотографии на площадке, публиковать их она не смогла бы из-за условий контракта. Мировая премьера фильма ""Дьявол носит Prada-2"" состоялась 1 мая.",kaktus.media,https://kaktus.media/doc/545541_model_iz_kyrgyzstana_poiavilas_v_filme_diavol_nosit_prada_2.html,2026-05-03T20:06:09+06:00,kyrgyz,0,high,news_site
a359737a-89ea-48d4-95fb-e74a85a5a27f,На майских каникулах будут работать 14 филиалов Госагентства по земельным ресурсам,"В праздничные дни мая 14 филиалов Государственного агентства по земельным ресурсам, кадастру, геодезии и картографии продолжат принимать граждан. Об этом сообщили в ведомстве. По данным госагентства, филиалы будут работать для обеспечения непрерывного предоставления государственных услуг. В праздничные дни прием граждан будут вести следующие филиалы: Бишкекский филиал;Сокулукский филиал;Аламудунский филиал;Ысык-Атинский филиал;Чуй-Токмокский филиал;Ошский филиал;Ноокатский филиал;Манасский городской филиал;Кара-Суйский филиал;Каракол-Аксуйский филиал;Иссык-Кульский филиал;Нарынский филиал;Таласский филиал;Баткенский филиал.Филиалы будут работать 4, 5, 6, 7 и 8 мая с 08:30 до 17:30.При этом Бишкекский филиал будет принимать граждан с 09:00 до 14:30.В госагентстве отметили, что продолжат предоставлять гражданам услуги и в праздничные дни. Филиалы будут работать 4, 5, 6, 7 и 8 мая с 08:30 до 17:30. При этом Бишкекский филиал будет принимать граждан с 09:00 до 14:30. В госагентстве отметили, что продолжат предоставлять гражданам услуги и в праздничные дни.",kaktus.media,https://kaktus.media/doc/545577_na_mayskih_kanikylah_bydyt_rabotat_14_filialov_gosagentstva_po_zemelnym_resyrsam.html,2026-05-04T19:20:28+06:00,kyrgyz,0,high,news_site
dd1c7bed-6040-4787-9682-ba85860d0359,"Ряд отделений ""Унаа"" будут работать в майские выходные. График","В период майских праздников, с 1 по 10 мая, ряд филиалов Государственного центра по регистрации транспортных средств и водительского состава будут работать в штатном режиме. По данным пресс-службы ""Унаа"", оформить и переоформить транспортные средства можно будет: 1.В Бишкеке: Бишкекский городской отдел (""Аю Гранд"");отдел ""Биримдик-24"".2.В Оше:Ошский региональный отдел;Ошский городской отдел.3.В Манасе:Джалал-Абадский региональный отдел.4.В Караколе:Каракольский отдел.График работы: с 08:30 до 17:30.Кроме того, с 4 по 8 мая следующие подразделения будут принимать практические экзамены, а также осуществлять выдачу водительских удостоверений:Восточный отдел (Бишкек);Ошский региональный отдел;Ошский городской отдел;Джалал-Абадский региональный отдел;Каракольский отдел.По теме:Туманбаев: Водители большегрузов смогут получить в Кыргызстане Code 95 для работы в ЕвропеДля удобства граждан ""Унаа"" рекомендует воспользоваться онлайн-услугами по регистрации и перерегистрации транспортных средств через мобильное приложение ""Тундук"". Это, отмечают в центре, позволит значительно сократить время визита: гражданам необходимо будет посетить подразделение только для получения свидетельства о регистрации транспортного средства и государственных регистрационных номерных знаков. 2.В Оше: Ошский региональный отдел;Ошский городской отдел.3.В Манасе:Джалал-Абадский региональный отдел.4.В Караколе:Каракольский отдел.График работы: с 08:30 до 17:30.Кроме того, с 4 по 8 мая следующие подразделения будут принимать практические экзамены, а также осуществлять выдачу водительских удостоверений:Восточный отдел (Бишкек);Ошский региональный отдел;Ошский городской отдел;Джалал-Абадский региональный отдел;Каракольский отдел.По теме:Туманбаев: Водители большегрузов смогут получить в Кыргызстане Code 95 для работы в ЕвропеДля удобства граждан ""Унаа"" рекомендует воспользоваться онлайн-услугами по регистрации и перерегистрации транспортных средств через мобильное приложение ""Тундук"". Это, отмечают в центре, позволит значительно сократить время визита: гражданам необходимо будет посетить подразделение только для получения свидетельства о регистрации транспортного средства и государственных регистрационных номерных знаков. 3.В Манасе: Джалал-Абадский региональный отдел.4.В Караколе:Каракольский отдел.График работы: с 08:30 до 17:30.Кроме того, с 4 по 8 мая следующие подразделения будут принимать практические экзамены, а также осуществлять выдачу водительских удостоверений:Восточный отдел (Бишкек);Ошский региональный отдел;Ошский городской отдел;Джалал-Абадский региональный отдел;Каракольский отдел.По теме:Туманбаев: Водители большегрузов смогут получить в Кыргызстане Code 95 для работы в ЕвропеДля удобства граждан ""Унаа"" рекомендует воспользоваться онлайн-услугами по регистрации и перерегистрации транспортных средств через мобильное приложение ""Тундук"". Это, отмечают в центре, позволит значительно сократить время визита: гражданам необходимо будет посетить подразделение только для получения свидетельства о регистрации транспортного средства и государственных регистрационных номерных знаков. 4.В Караколе: Каракольский отдел.График работы: с 08:30 до 17:30.Кроме того, с 4 по 8 мая следующие подразделения будут принимать практические экзамены, а также осуществлять выдачу водительских удостоверений:Восточный отдел (Бишкек);Ошский региональный отдел;Ошский городской отдел;Джалал-Абадский региональный отдел;Каракольский отдел.По теме:Туманбаев: Водители большегрузов смогут получить в Кыргызстане Code 95 для работы в ЕвропеДля удобства граждан ""Унаа"" рекомендует воспользоваться онлайн-услугами по регистрации и перерегистрации транспортных средств через мобильное приложение ""Тундук"". Это, отмечают в центре, позволит значительно сократить время визита: гражданам необходимо будет посетить подразделение только для получения свидетельства о регистрации транспортного средства и государственных регистрационных номерных знаков. График работы: с 08:30 до 17:30. Кроме того, с 4 по 8 мая следующие подразделения будут принимать практические экзамены, а также осуществлять выдачу водительских удостоверений: Восточный отдел (Бишкек);Ошский региональный отдел;Ошский городской отдел;Джалал-Абадский региональный отдел;Каракольский отдел.По теме:Туманбаев: Водители большегрузов смогут получить в Кыргызстане Code 95 для работы в ЕвропеДля удобства граждан ""Унаа"" рекомендует воспользоваться онлайн-услугами по регистрации и перерегистрации транспортных средств через мобильное приложение ""Тундук"". Это, отмечают в центре, позволит значительно сократить время визита: гражданам необходимо будет посетить подразделение только для получения свидетельства о регистрации транспортного средства и государственных регистрационных номерных знаков. Для удобства граждан ""Унаа"" рекомендует воспользоваться онлайн-услугами по регистрации и перерегистрации транспортных средств через мобильное приложение ""Тундук"". Это, отмечают в центре, позволит значительно сократить время визита: гражданам необходимо будет посетить подразделение только для получения свидетельства о регистрации транспортного средства и государственных регистрационных номерных знаков.",kaktus.media,https://kaktus.media/doc/545188_riad_otdeleniy_ynaa_bydyt_rabotat_v_mayskie_vyhodnye._grafik.html,2026-04-27T14:48:39+06:00,kyrgyz,0,high,news_site
8dd1f938-4ea4-4297-ac3c-4b6d4764b4d4,Отдых в Гоа: гид для кыргызстанцев о главном туристическом месте Индии,"Гоа - жемчужина Индии и одно из самых колоритных направлений в мире. Штат предлагает отдых на любой вкус: от шумных вечеринок и хиппи-рынков Северного Гоа до уединенных пляжей и роскошных отелей на Юге. ТурагентствоYour Agentрасскажет о том, как спланировать отдых в Гоа. Для туристов из Кыргызстана и Казахстана в зимний сезон открываются удобные чартерные рейсы из Алматы прямо в Гоа. Полет занимает около пяти-шести часов, а разница во времени с Бишкеком составляет всего +30 минут. Главный вопрос - сезонность. Высокий сезон в Гоа длится с ноября по март, когда погода сухая, солнечная, а море спокойное. Это идеальное время для пляжного отдыха. С июня по сентябрь наступает сезон муссонов с сильными дождями, в это время большинство пляжных кафе (шэков) и многие отели закрыты. Тщательная подготовка документов - залог быстрого прохождения пограничного контроля. В ваш обязательный пакет должны входить: заграничный паспорт, срок действия которого составляет не менее шести месяцев с момента въезда;авиабилеты (туда и обратно);ваучер на проживание в отеле;страховой полис;для детей до 18 лет, путешествующих без одного из родителей, необходимо нотариально заверенное разрешение на выезд.Для туристов из Кыргызстана самый удобный и быстрый способ добраться до Гоа - это авиаперелет из Алматы чартерным рейсом авиакомпаний FlyArystan или Sunday Airlines.В Гоа два международных аэропорта: старый ""Даболим"" (GOI), расположенный ближе к Южному Гоа, туда прилетает Sunday Airlines, и новый ""Мопа"" (GOX) на севере, куда прилетает FlyArystan.Что касается визовых правил, для граждан Кыргызстана и Казахстана для въезда в Индию необходимо заранее оформить электронную визу (e-Visa) на 30 дней. Это делается онлайн на официальном сайте indianvisaonline.gov.in. Анкета заполняется на английском языке. Помимо данных о полете и отеле, для заполнения анкеты нужны следующие сведения: адрес места жительства, мобильный номер, имя отца, имя матери, семейное положение, профессия, должность, адрес места работы. Подтверждение (ETA - Electronic Travel Authorization) приходит на почту. Его нужно распечатать и предъявить на границе. Также необходимо распечатать ваучер и авиабилеты, их проверяют в аэропорту.Если самостоятельно делать электронную визу лень и сложно, потому что сайт часто виснет, можно попросить сделать это турагентство, это будет стоить $35-60 в зависимости от компании.Практические советы: валюта, законы и бытовые мелочиВалюта.Денежная единица - индийская рупия (INR). Обменять доллары можно в аэропорту или в официальных обменных пунктах в туристических городах.Ориентировочно, $100 - это около 8 300 INR.Связь.Чтобы оставаться на связи, можно оформить eSIM или купить физическую сим-карту в аэропорту по прилете, что менее удобно из-за оформления. Для регистрации вам понадобятся загранпаспорт, две фотографии паспортного формата, копия визы и адрес проживания (например, отеля). Лучше оформить в аэропорту, но связь может появиться через сутки. При покупке сим-карты в городе подключение может занять трое суток.Важные законы.В Индии, и в Гоа в частности, очень строгие законы в отношении наркотиков. Настоятельно рекомендуется избегать любых контактов с запрещенными веществами, так как наказание за это суровое.Еда.Кухня Гоа - это рай для любителей морепродуктов и индийских специй. Обязательно попробуйте фиш-карри и свежевыжатые соки. Главная особенность отдыха - пляжные кафе (шэки), где можно недорого и вкусно поесть, лежа на шезлонге у самого океана. Во всех туристических районах также много заведений с европейской кухней.Как передвигаться?Аренда скутера.Самый популярный и удобный способ передвижения по Гоа. Скутер дает полную свободу, позволяя исследовать разные пляжи и деревни. Для аренды обычно достаточно копии паспорта и залога. Но учитывая особенности движения, этот вид трансфера туристам использовать не рекомендуется.Такси.Такси в Гоа редко используют счетчики. О цене нужно договариваться до начала поездки. Чтобы избежать завышенных цен, пользуйтесь местным приложением Goa Miles, которое работает по принципу Uber.Тук-туки (авторикши).Подходят для коротких поездок в пределах одного района. Как и в случае с такси, о цене нужно договариваться заранее.Где остановиться: Северный или Южный Гоа?Гоа условно делится на две очень разные части: шумный и демократичный Север и спокойный Юг.Северный Гоа- это эпицентр туристической жизни, вечный праздник, привлекающий молодежь и творческих людей своей расслабленной атмосферой и бесконечными развлечениями.Сердце тусовок бьется на пляжах Калангут и Бага, где жизнь кипит круглосуточно.В Калангуте можно можно рекомендовать отели Storii By ITC Hotels, Shanti Morada Goa, Le Meridien 5*, Grandeur De Sanchi 4*, Colonia Santa Maria 4*, Clarion Hotel Ocean Palms 4*, Renest Calangute Goa 4*.На Бага есть такие варианты, как Radisson Resort Goa Baga 5*, которые предлагают предсказуемый уровень сервиса, находясь при этом в шаговой доступности от главных развлечений.Radisson Resort Goa Baga 5*Для больших компаний или семей, ищущих больше пространства и уединения, Бага предлагает варианты размещения в виллах и апартаментах, например, Heritage Exotica Villa 5* или Richmonde Ananta Elite Luxurious Villa & Apartments 4*.В Северном Гоа стоит рассмотреть и более спокойный район - пляж Кандолим.Кандолим.Там неплохие отели: Holiday Inn Goa Candolim 5*, Novotel Goa Shrem Resort 5*, Hyatt Centric 5*, Taj Holiday Village Resort & Spa 5*, Grand Mercure Candolim Goa 5* и более бюджетные ""четверки"": Park Inn by Radisson 4*, The Astor Goa 4*, Seashells Suites and Villa 4*, Royal Mirage Boutique Candolim 4* и др.Исторические центры хиппи-культуры, такие как Вагатор, славятся своими рынками и транс-вечеринками, предлагая гостям как гестхаусы, так и отели премиум-класса вроде The Westin Goa 5* или W Goa 5*.The Westin Goa 5*The Westin Goa 5*1из2В близком по духу району Анджуна имеются такие отели, как Moyrah By Greenpark 4* и The Ivy Anjuna 5*, которые предлагают гостям современный комфорт с бассейнами и ухоженными садами, находясь при этом в пешей доступности от пляжа и знаменитых тусовочных мест.Кандолим предлагает более роскошную атмосферу с такими легендарными отелями, как Taj Fort Aguada Resort & Spa 5*, а также стильными Hilton Goa Resort 5* и Park Inn by Radisson 4*.Южный Гоа, напротив, является территорией релакса и красивых пляжей. Это мир широких, чистых и малолюдных побережий с золотистым песком, где расположены более дорогие отели с зелеными территориями.Южный Гоа.Для комфортного семейного отдыха идеально подходят спокойные курорты Колва, Бенаулим и Беталбатим, где можно выбрать такие отели, как Beleza By The Beach 4* в Колве, Fairfield by Marriott 4* в Бенаулиме или Jasminn Hotel - AM Hotel Kollection 4* в Беталбатиме.Beleza By The Beach 4*Beleza By The Beach 4*1из2Расположенные на живописной песчаной косе на юге Гоа, соседние курорты Кавелоссим и Варка по праву считаются элитой побережья.Кавелоссим.Эти места заслужили репутацию хорошего выбора для спокойного отдыха благодаря своим широким, чистым пляжам и умиротворяющей атмосфере. Здесь нет шумной суеты Северного Гоа, жизнь протекает более размеренно.Кавелоссим привлекает туристов, ищущих комфорт и хороший сервис от известных мировых сетей. Здесь можно выбрать отели с обширными зелеными садами, такие как Holiday Inn Resort Goa 5*, или остановиться в элегантном Radisson Blu Resort 5*, выполненном в индо-португальском стиле.Holiday Inn Resort Goa 5*Популярный Novotel Goa Dona Sylvia Resort 5* также предлагает гостям высокий уровень комфорта в непосредственной близости от пляжа, дополняя картину идеального места для спокойного семейного или романтического отдыха.Novotel Goa Dona Sylvia Resort 5*Novotel Goa Dona Sylvia Resort 5*1из2Соседняя Варка продолжает эту атмосферу безмятежного комфорта. Одним из ярких примеров является Caravela Beach Resort 5*, расположенный прямо на побережье и предлагающий гостям красивые виды на море из номеров с собственными балконамиCaravela Beach Resort 5*Caravela Beach Resort 5*1из2Для тех кто желает добавить к расслабленному отдыху нотку азарта, The Zuri White Sands, Goa Resort & Casino 5* предлагает не только хороший сервис, но и собственное казино. Другие варианты, такие как Elements by Rosetta 5*, завершают образ курортной зоны, созданной для максимального комфорта и уединения вдали от шума.Наконец, на самом юге раскинулся Палолем - по мнению многих, самый красивый пляж Гоа. Его бухта в форме идеального полумесяца создает умиротворяющую атмосферу, идеальную для занятий йогой и отдыха в уютных бунгало.Паполем.Здесь можно остановиться как в стильном Art Resort Goa 4* прямо на пляже, так и в расположенном неподалеку роскошном The LaLiT Golf & Spa Resort Goa 5*.Что посмотреть в ГоаОтдых в Гоа - это не только пляжи, но и погружение в уникальный сплав культур, где португальское колониальное наследие соседствует с индуистскими святынями и первозданной природой. Историческое сердце штата бьется в Старом Гоа, бывшей столице португальской колонии, внесенной в список ЮНЕСКО.Старый Гоа.Старый Гоа.1из2Здесь стоит посетить Базилику Бон-Жезуш, где хранятся мощи святого Франциска Ксаверия, и Кафедральный собор Святой Екатерины.Базилика Бон-Жезуш.Современная столица, Панаджи, очаровывает своим Латинским кварталом с узкими улочками и разноцветными виллами, а над городом возвышается белоснежная Церковь Непорочного Зачатия с ее знаменитой зигзагообразной лестницей.Панаджи.Дух той эпохи хранят и древние форты: с хорошо сохранившегося форта Агуада и живописных руин форта Чапора открываются одни из лучших панорамных видов на побережье.Форт Агуада.Форт Агуада.1из2Природные чудеса Гоа не менее впечатляющи. Настоящим приключением станет поездка на джипах через джунгли к водопаду Дудхсагар, одному из самых высоких в Индии, чье название переводится как ""молочный океан"".Водопад Дудхсагар.Чтобы познакомиться с флорой Гоа поближе, отправляйтесь на плантацию специй, где можно увидеть, как растут корица и кардамон, и насладиться традиционным обедом. А на самом юге штата раскинулись пляжи, которые часто называют райскими: идеальная бухта-полумесяц Палолем с ее знаменитыми ""тихими дискотеками"" в наушниках и почти дикий пляж Агонда, где откладывают яйца оливковые черепахи.Агонда.Агонда.1из2Чтобы прочувствовать уникальный дух Гоа, нужно окунуться в его рыночную культуру. Известный блошиный рынок в Анджуне, работающий по средам, и шумный ночной рынок в Арпоре по субботам - это не просто места для шоппинга, а настоящие фестивали с живой музыкой, едой и неповторимой атмосферой.Блошиный рынок в АнджунеБлошиный рынок в Анджуне1из2Другую, не португальскую сторону Гоа можно увидеть в ярких индуистских храмах, таких как Храм Шри Шантадурга.Храм Шри ШантадургаА для самых любознательных путешественников организуются двухдневные экскурсии в соседний штат, в покинутый город Хампи - фантастический комплекс руин древней империи, внесенный в список ЮНЕСКОХампи.Хампи.1из2Турагентства предлагают также туры в Дели и Мумбаи.Что привезти из ГоаШопинг в Гоа - это увлекательное погружение в мир ярких красок и экзотических ароматов. Главным гастрономическим сувениром, безусловно, являются настоящие индийские специи, такие как карри и масала, которые лучше покупать в заводской упаковке. Дополнить их стоит знаменитым темным ромом Old Monk с нотками ванили, который стоит очень дешево, и местными орехами кешью.Индия - родина аюрведы, поэтому обязательно обратите внимание на натуральную косметику. Высококачественное кокосовое масло, масло амлы для волос и продукция известных брендов, таких как Himalaya и Dabur, станут отличным и полезным подарком. Также здесь продается натуральная хна для окрашивания волос и росписи по телу (мехенди).Атмосферу Гоа прекрасно передает местный текстиль: яркие хлопковые туники, штаны-алладины и шелковые шарфы можно в изобилии найти на рынках. Там же продается колоритная бижутерия, особенно популярны серебряные украшения в этническом стиле и ножные браслеты с колокольчиками.За самыми аутентичными покупками и неповторимой атмосферой отправляйтесь на рынки, где можно и нужно торговаться.Что нельзя вывозитьПланируя покупки, важно помнить о таможенных ограничениях, чтобы избежать неприятностей в аэропорту. Прежде всего из Гоа строго запрещен вывоз местной валюты (индийских рупий) - их необходимо потратить или обменять до вылета. Под запретом также находятся любые предметы, представляющие историческую или культурную ценность, антиквариат, а также золото и серебро в слитках.Особое внимание уделите защите природы: нельзя вывозить редкие растения, а также шкуры, перья, скелеты и другие части диких животных. Что касается алкоголя, то на одного человека разрешено вывозить не более двух литров. При покупке ювелирных украшений будьте осторожны: обязательно сохраняйте чеки, так как их общая стоимость не должна превышать 10 000 рупий. Для туристов из Кыргызстана самый удобный и быстрый способ добраться до Гоа - это авиаперелет из Алматы чартерным рейсом авиакомпаний FlyArystan или Sunday Airlines. В Гоа два международных аэропорта: старый ""Даболим"" (GOI), расположенный ближе к Южному Гоа, туда прилетает Sunday Airlines, и новый ""Мопа"" (GOX) на севере, куда прилетает FlyArystan. Что касается визовых правил, для граждан Кыргызстана и Казахстана для въезда в Индию необходимо заранее оформить электронную визу (e-Visa) на 30 дней. Это делается онлайн на официальном сайте indianvisaonline.gov.in. Анкета заполняется на английском языке. Помимо данных о полете и отеле, для заполнения анкеты нужны следующие сведения: адрес места жительства, мобильный номер, имя отца, имя матери, семейное положение, профессия, должность, адрес места работы. Подтверждение (ETA - Electronic Travel Authorization) приходит на почту. Его нужно распечатать и предъявить на границе. Также необходимо распечатать ваучер и авиабилеты, их проверяют в аэропорту. Если самостоятельно делать электронную визу лень и сложно, потому что сайт часто виснет, можно попросить сделать это турагентство, это будет стоить $35-60 в зависимости от компании. Валюта.Денежная единица - индийская рупия (INR). Обменять доллары можно в аэропорту или в официальных обменных пунктах в туристических городах. Ориентировочно, $100 - это около 8 300 INR.Связь.Чтобы оставаться на связи, можно оформить eSIM или купить физическую сим-карту в аэропорту по прилете, что менее удобно из-за оформления. Для регистрации вам понадобятся загранпаспорт, две фотографии паспортного формата, копия визы и адрес проживания (например, отеля). Лучше оформить в аэропорту, но связь может появиться через сутки. При покупке сим-карты в городе подключение может занять трое суток.Важные законы.В Индии, и в Гоа в частности, очень строгие законы в отношении наркотиков. Настоятельно рекомендуется избегать любых контактов с запрещенными веществами, так как наказание за это суровое.Еда.Кухня Гоа - это рай для любителей морепродуктов и индийских специй. Обязательно попробуйте фиш-карри и свежевыжатые соки. Главная особенность отдыха - пляжные кафе (шэки), где можно недорого и вкусно поесть, лежа на шезлонге у самого океана. Во всех туристических районах также много заведений с европейской кухней.Как передвигаться?Аренда скутера.Самый популярный и удобный способ передвижения по Гоа. Скутер дает полную свободу, позволяя исследовать разные пляжи и деревни. Для аренды обычно достаточно копии паспорта и залога. Но учитывая особенности движения, этот вид трансфера туристам использовать не рекомендуется.Такси.Такси в Гоа редко используют счетчики. О цене нужно договариваться до начала поездки. Чтобы избежать завышенных цен, пользуйтесь местным приложением Goa Miles, которое работает по принципу Uber.Тук-туки (авторикши).Подходят для коротких поездок в пределах одного района. Как и в случае с такси, о цене нужно договариваться заранее.Где остановиться: Северный или Южный Гоа?Гоа условно делится на две очень разные части: шумный и демократичный Север и спокойный Юг.Северный Гоа- это эпицентр туристической жизни, вечный праздник, привлекающий молодежь и творческих людей своей расслабленной атмосферой и бесконечными развлечениями.Сердце тусовок бьется на пляжах Калангут и Бага, где жизнь кипит круглосуточно.В Калангуте можно можно рекомендовать отели Storii By ITC Hotels, Shanti Morada Goa, Le Meridien 5*, Grandeur De Sanchi 4*, Colonia Santa Maria 4*, Clarion Hotel Ocean Palms 4*, Renest Calangute Goa 4*.На Бага есть такие варианты, как Radisson Resort Goa Baga 5*, которые предлагают предсказуемый уровень сервиса, находясь при этом в шаговой доступности от главных развлечений.Radisson Resort Goa Baga 5*Для больших компаний или семей, ищущих больше пространства и уединения, Бага предлагает варианты размещения в виллах и апартаментах, например, Heritage Exotica Villa 5* или Richmonde Ananta Elite Luxurious Villa & Apartments 4*.В Северном Гоа стоит рассмотреть и более спокойный район - пляж Кандолим.Кандолим.Там неплохие отели: Holiday Inn Goa Candolim 5*, Novotel Goa Shrem Resort 5*, Hyatt Centric 5*, Taj Holiday Village Resort & Spa 5*, Grand Mercure Candolim Goa 5* и более бюджетные ""четверки"": Park Inn by Radisson 4*, The Astor Goa 4*, Seashells Suites and Villa 4*, Royal Mirage Boutique Candolim 4* и др.Исторические центры хиппи-культуры, такие как Вагатор, славятся своими рынками и транс-вечеринками, предлагая гостям как гестхаусы, так и отели премиум-класса вроде The Westin Goa 5* или W Goa 5*.The Westin Goa 5*The Westin Goa 5*1из2В близком по духу району Анджуна имеются такие отели, как Moyrah By Greenpark 4* и The Ivy Anjuna 5*, которые предлагают гостям современный комфорт с бассейнами и ухоженными садами, находясь при этом в пешей доступности от пляжа и знаменитых тусовочных мест.Кандолим предлагает более роскошную атмосферу с такими легендарными отелями, как Taj Fort Aguada Resort & Spa 5*, а также стильными Hilton Goa Resort 5* и Park Inn by Radisson 4*.Южный Гоа, напротив, является территорией релакса и красивых пляжей. Это мир широких, чистых и малолюдных побережий с золотистым песком, где расположены более дорогие отели с зелеными территориями.Южный Гоа.Для комфортного семейного отдыха идеально подходят спокойные курорты Колва, Бенаулим и Беталбатим, где можно выбрать такие отели, как Beleza By The Beach 4* в Колве, Fairfield by Marriott 4* в Бенаулиме или Jasminn Hotel - AM Hotel Kollection 4* в Беталбатиме.Beleza By The Beach 4*Beleza By The Beach 4*1из2Расположенные на живописной песчаной косе на юге Гоа, соседние курорты Кавелоссим и Варка по праву считаются элитой побережья.Кавелоссим.Эти места заслужили репутацию хорошего выбора для спокойного отдыха благодаря своим широким, чистым пляжам и умиротворяющей атмосфере. Здесь нет шумной суеты Северного Гоа, жизнь протекает более размеренно.Кавелоссим привлекает туристов, ищущих комфорт и хороший сервис от известных мировых сетей. Здесь можно выбрать отели с обширными зелеными садами, такие как Holiday Inn Resort Goa 5*, или остановиться в элегантном Radisson Blu Resort 5*, выполненном в индо-португальском стиле.Holiday Inn Resort Goa 5*Популярный Novotel Goa Dona Sylvia Resort 5* также предлагает гостям высокий уровень комфорта в непосредственной близости от пляжа, дополняя картину идеального места для спокойного семейного или романтического отдыха.Novotel Goa Dona Sylvia Resort 5*Novotel Goa Dona Sylvia Resort 5*1из2Соседняя Варка продолжает эту атмосферу безмятежного комфорта. Одним из ярких примеров является Caravela Beach Resort 5*, расположенный прямо на побережье и предлагающий гостям красивые виды на море из номеров с собственными балконамиCaravela Beach Resort 5*Caravela Beach Resort 5*1из2Для тех кто желает добавить к расслабленному отдыху нотку азарта, The Zuri White Sands, Goa Resort & Casino 5* предлагает не только хороший сервис, но и собственное казино. Другие варианты, такие как Elements by Rosetta 5*, завершают образ курортной зоны, созданной для максимального комфорта и уединения вдали от шума.Наконец, на самом юге раскинулся Палолем - по мнению многих, самый красивый пляж Гоа. Его бухта в форме идеального полумесяца создает умиротворяющую атмосферу, идеальную для занятий йогой и отдыха в уютных бунгало.Паполем.Здесь можно остановиться как в стильном Art Resort Goa 4* прямо на пляже, так и в расположенном неподалеку роскошном The LaLiT Golf & Spa Resort Goa 5*.Что посмотреть в ГоаОтдых в Гоа - это не только пляжи, но и погружение в уникальный сплав культур, где португальское колониальное наследие соседствует с индуистскими святынями и первозданной природой. Историческое сердце штата бьется в Старом Гоа, бывшей столице португальской колонии, внесенной в список ЮНЕСКО.Старый Гоа.Старый Гоа.1из2Здесь стоит посетить Базилику Бон-Жезуш, где хранятся мощи святого Франциска Ксаверия, и Кафедральный собор Святой Екатерины.Базилика Бон-Жезуш.Современная столица, Панаджи, очаровывает своим Латинским кварталом с узкими улочками и разноцветными виллами, а над городом возвышается белоснежная Церковь Непорочного Зачатия с ее знаменитой зигзагообразной лестницей.Панаджи.Дух той эпохи хранят и древние форты: с хорошо сохранившегося форта Агуада и живописных руин форта Чапора открываются одни из лучших панорамных видов на побережье.Форт Агуада.Форт Агуада.1из2Природные чудеса Гоа не менее впечатляющи. Настоящим приключением станет поездка на джипах через джунгли к водопаду Дудхсагар, одному из самых высоких в Индии, чье название переводится как ""молочный океан"".Водопад Дудхсагар.Чтобы познакомиться с флорой Гоа поближе, отправляйтесь на плантацию специй, где можно увидеть, как растут корица и кардамон, и насладиться традиционным обедом. А на самом юге штата раскинулись пляжи, которые часто называют райскими: идеальная бухта-полумесяц Палолем с ее знаменитыми ""тихими дискотеками"" в наушниках и почти дикий пляж Агонда, где откладывают яйца оливковые черепахи.Агонда.Агонда.1из2Чтобы прочувствовать уникальный дух Гоа, нужно окунуться в его рыночную культуру. Известный блошиный рынок в Анджуне, работающий по средам, и шумный ночной рынок в Арпоре по субботам - это не просто места для шоппинга, а настоящие фестивали с живой музыкой, едой и неповторимой атмосферой.Блошиный рынок в АнджунеБлошиный рынок в Анджуне1из2Другую, не португальскую сторону Гоа можно увидеть в ярких индуистских храмах, таких как Храм Шри Шантадурга.Храм Шри ШантадургаА для самых любознательных путешественников организуются двухдневные экскурсии в соседний штат, в покинутый город Хампи - фантастический комплекс руин древней империи, внесенный в список ЮНЕСКОХампи.Хампи.1из2Турагентства предлагают также туры в Дели и Мумбаи.Что привезти из ГоаШопинг в Гоа - это увлекательное погружение в мир ярких красок и экзотических ароматов. Главным гастрономическим сувениром, безусловно, являются настоящие индийские специи, такие как карри и масала, которые лучше покупать в заводской упаковке. Дополнить их стоит знаменитым темным ромом Old Monk с нотками ванили, который стоит очень дешево, и местными орехами кешью.Индия - родина аюрведы, поэтому обязательно обратите внимание на натуральную косметику. Высококачественное кокосовое масло, масло амлы для волос и продукция известных брендов, таких как Himalaya и Dabur, станут отличным и полезным подарком. Также здесь продается натуральная хна для окрашивания волос и росписи по телу (мехенди).Атмосферу Гоа прекрасно передает местный текстиль: яркие хлопковые туники, штаны-алладины и шелковые шарфы можно в изобилии найти на рынках. Там же продается колоритная бижутерия, особенно популярны серебряные украшения в этническом стиле и ножные браслеты с колокольчиками.За самыми аутентичными покупками и неповторимой атмосферой отправляйтесь на рынки, где можно и нужно торговаться.Что нельзя вывозитьПланируя покупки, важно помнить о таможенных ограничениях, чтобы избежать неприятностей в аэропорту. Прежде всего из Гоа строго запрещен вывоз местной валюты (индийских рупий) - их необходимо потратить или обменять до вылета. Под запретом также находятся любые предметы, представляющие историческую или культурную ценность, антиквариат, а также золото и серебро в слитках.Особое внимание уделите защите природы: нельзя вывозить редкие растения, а также шкуры, перья, скелеты и другие части диких животных. Что касается алкоголя, то на одного человека разрешено вывозить не более двух литров. При покупке ювелирных украшений будьте осторожны: обязательно сохраняйте чеки, так как их общая стоимость не должна превышать 10 000 рупий. Связь.Чтобы оставаться на связи, можно оформить eSIM или купить физическую сим-карту в аэропорту по прилете, что менее удобно из-за оформления. Для регистрации вам понадобятся загранпаспорт, две фотографии паспортного формата, копия визы и адрес проживания (например, отеля). Лучше оформить в аэропорту, но связь может появиться через сутки. При покупке сим-карты в городе подключение может занять трое суток. Важные законы.В Индии, и в Гоа в частности, очень строгие законы в отношении наркотиков. Настоятельно рекомендуется избегать любых контактов с запрещенными веществами, так как наказание за это суровое. Еда.Кухня Гоа - это рай для любителей морепродуктов и индийских специй. Обязательно попробуйте фиш-карри и свежевыжатые соки. Главная особенность отдыха - пляжные кафе (шэки), где можно недорого и вкусно поесть, лежа на шезлонге у самого океана. Во всех туристических районах также много заведений с европейской кухней. Аренда скутера.Самый популярный и удобный способ передвижения по Гоа. Скутер дает полную свободу, позволяя исследовать разные пляжи и деревни. Для аренды обычно достаточно копии паспорта и залога. Но учитывая особенности движения, этот вид трансфера туристам использовать не рекомендуется. Такси.Такси в Гоа редко используют счетчики. О цене нужно договариваться до начала поездки. Чтобы избежать завышенных цен, пользуйтесь местным приложением Goa Miles, которое работает по принципу Uber. Тук-туки (авторикши).Подходят для коротких поездок в пределах одного района. Как и в случае с такси, о цене нужно договариваться заранее. Гоа условно делится на две очень разные части: шумный и демократичный Север и спокойный Юг. Северный Гоа- это эпицентр туристической жизни, вечный праздник, привлекающий молодежь и творческих людей своей расслабленной атмосферой и бесконечными развлечениями. Сердце тусовок бьется на пляжах Калангут и Бага, где жизнь кипит круглосуточно. В Калангуте можно можно рекомендовать отели Storii By ITC Hotels, Shanti Morada Goa, Le Meridien 5*, Grandeur De Sanchi 4*, Colonia Santa Maria 4*, Clarion Hotel Ocean Palms 4*, Renest Calangute Goa 4*. На Бага есть такие варианты, как Radisson Resort Goa Baga 5*, которые предлагают предсказуемый уровень сервиса, находясь при этом в шаговой доступности от главных развлечений.Radisson Resort Goa Baga 5*Для больших компаний или семей, ищущих больше пространства и уединения, Бага предлагает варианты размещения в виллах и апартаментах, например, Heritage Exotica Villa 5* или Richmonde Ananta Elite Luxurious Villa & Apartments 4*. В Северном Гоа стоит рассмотреть и более спокойный район - пляж Кандолим.Кандолим.Там неплохие отели: Holiday Inn Goa Candolim 5*, Novotel Goa Shrem Resort 5*, Hyatt Centric 5*, Taj Holiday Village Resort & Spa 5*, Grand Mercure Candolim Goa 5* и более бюджетные ""четверки"": Park Inn by Radisson 4*, The Astor Goa 4*, Seashells Suites and Villa 4*, Royal Mirage Boutique Candolim 4* и др. Исторические центры хиппи-культуры, такие как Вагатор, славятся своими рынками и транс-вечеринками, предлагая гостям как гестхаусы, так и отели премиум-класса вроде The Westin Goa 5* или W Goa 5*.The Westin Goa 5*The Westin Goa 5*1из2В близком по духу району Анджуна имеются такие отели, как Moyrah By Greenpark 4* и The Ivy Anjuna 5*, которые предлагают гостям современный комфорт с бассейнами и ухоженными садами, находясь при этом в пешей доступности от пляжа и знаменитых тусовочных мест. Кандолим предлагает более роскошную атмосферу с такими легендарными отелями, как Taj Fort Aguada Resort & Spa 5*, а также стильными Hilton Goa Resort 5* и Park Inn by Radisson 4*. Южный Гоа, напротив, является территорией релакса и красивых пляжей. Это мир широких, чистых и малолюдных побережий с золотистым песком, где расположены более дорогие отели с зелеными территориями.Южный Гоа.Для комфортного семейного отдыха идеально подходят спокойные курорты Колва, Бенаулим и Беталбатим, где можно выбрать такие отели, как Beleza By The Beach 4* в Колве, Fairfield by Marriott 4* в Бенаулиме или Jasminn Hotel - AM Hotel Kollection 4* в Беталбатиме.Beleza By The Beach 4*Beleza By The Beach 4*1из2Расположенные на живописной песчаной косе на юге Гоа, соседние курорты Кавелоссим и Варка по праву считаются элитой побережья.Кавелоссим.Эти места заслужили репутацию хорошего выбора для спокойного отдыха благодаря своим широким, чистым пляжам и умиротворяющей атмосфере. Здесь нет шумной суеты Северного Гоа, жизнь протекает более размеренно.Кавелоссим привлекает туристов, ищущих комфорт и хороший сервис от известных мировых сетей. Здесь можно выбрать отели с обширными зелеными садами, такие как Holiday Inn Resort Goa 5*, или остановиться в элегантном Radisson Blu Resort 5*, выполненном в индо-португальском стиле.Holiday Inn Resort Goa 5*Популярный Novotel Goa Dona Sylvia Resort 5* также предлагает гостям высокий уровень комфорта в непосредственной близости от пляжа, дополняя картину идеального места для спокойного семейного или романтического отдыха.Novotel Goa Dona Sylvia Resort 5*Novotel Goa Dona Sylvia Resort 5*1из2Соседняя Варка продолжает эту атмосферу безмятежного комфорта. Одним из ярких примеров является Caravela Beach Resort 5*, расположенный прямо на побережье и предлагающий гостям красивые виды на море из номеров с собственными балконамиCaravela Beach Resort 5*Caravela Beach Resort 5*1из2Для тех кто желает добавить к расслабленному отдыху нотку азарта, The Zuri White Sands, Goa Resort & Casino 5* предлагает не только хороший сервис, но и собственное казино. Другие варианты, такие как Elements by Rosetta 5*, завершают образ курортной зоны, созданной для максимального комфорта и уединения вдали от шума.Наконец, на самом юге раскинулся Палолем - по мнению многих, самый красивый пляж Гоа. Его бухта в форме идеального полумесяца создает умиротворяющую атмосферу, идеальную для занятий йогой и отдыха в уютных бунгало.Паполем.Здесь можно остановиться как в стильном Art Resort Goa 4* прямо на пляже, так и в расположенном неподалеку роскошном The LaLiT Golf & Spa Resort Goa 5*.Что посмотреть в ГоаОтдых в Гоа - это не только пляжи, но и погружение в уникальный сплав культур, где португальское колониальное наследие соседствует с индуистскими святынями и первозданной природой. Историческое сердце штата бьется в Старом Гоа, бывшей столице португальской колонии, внесенной в список ЮНЕСКО.Старый Гоа.Старый Гоа.1из2Здесь стоит посетить Базилику Бон-Жезуш, где хранятся мощи святого Франциска Ксаверия, и Кафедральный собор Святой Екатерины.Базилика Бон-Жезуш.Современная столица, Панаджи, очаровывает своим Латинским кварталом с узкими улочками и разноцветными виллами, а над городом возвышается белоснежная Церковь Непорочного Зачатия с ее знаменитой зигзагообразной лестницей.Панаджи.Дух той эпохи хранят и древние форты: с хорошо сохранившегося форта Агуада и живописных руин форта Чапора открываются одни из лучших панорамных видов на побережье.Форт Агуада.Форт Агуада.1из2Природные чудеса Гоа не менее впечатляющи. Настоящим приключением станет поездка на джипах через джунгли к водопаду Дудхсагар, одному из самых высоких в Индии, чье название переводится как ""молочный океан"".Водопад Дудхсагар.Чтобы познакомиться с флорой Гоа поближе, отправляйтесь на плантацию специй, где можно увидеть, как растут корица и кардамон, и насладиться традиционным обедом. А на самом юге штата раскинулись пляжи, которые часто называют райскими: идеальная бухта-полумесяц Палолем с ее знаменитыми ""тихими дискотеками"" в наушниках и почти дикий пляж Агонда, где откладывают яйца оливковые черепахи.Агонда.Агонда.1из2Чтобы прочувствовать уникальный дух Гоа, нужно окунуться в его рыночную культуру. Известный блошиный рынок в Анджуне, работающий по средам, и шумный ночной рынок в Арпоре по субботам - это не просто места для шоппинга, а настоящие фестивали с живой музыкой, едой и неповторимой атмосферой.Блошиный рынок в АнджунеБлошиный рынок в Анджуне1из2Другую, не португальскую сторону Гоа можно увидеть в ярких индуистских храмах, таких как Храм Шри Шантадурга.Храм Шри ШантадургаА для самых любознательных путешественников организуются двухдневные экскурсии в соседний штат, в покинутый город Хампи - фантастический комплекс руин древней империи, внесенный в список ЮНЕСКОХампи.Хампи.1из2Турагентства предлагают также туры в Дели и Мумбаи.Что привезти из ГоаШопинг в Гоа - это увлекательное погружение в мир ярких красок и экзотических ароматов. Главным гастрономическим сувениром, безусловно, являются настоящие индийские специи, такие как карри и масала, которые лучше покупать в заводской упаковке. Дополнить их стоит знаменитым темным ромом Old Monk с нотками ванили, который стоит очень дешево, и местными орехами кешью.Индия - родина аюрведы, поэтому обязательно обратите внимание на натуральную косметику. Высококачественное кокосовое масло, масло амлы для волос и продукция известных брендов, таких как Himalaya и Dabur, станут отличным и полезным подарком. Также здесь продается натуральная хна для окрашивания волос и росписи по телу (мехенди).Атмосферу Гоа прекрасно передает местный текстиль: яркие хлопковые туники, штаны-алладины и шелковые шарфы можно в изобилии найти на рынках. Там же продается колоритная бижутерия, особенно популярны серебряные украшения в этническом стиле и ножные браслеты с колокольчиками.За самыми аутентичными покупками и неповторимой атмосферой отправляйтесь на рынки, где можно и нужно торговаться.Что нельзя вывозитьПланируя покупки, важно помнить о таможенных ограничениях, чтобы избежать неприятностей в аэропорту. Прежде всего из Гоа строго запрещен вывоз местной валюты (индийских рупий) - их необходимо потратить или обменять до вылета. Под запретом также находятся любые предметы, представляющие историческую или культурную ценность, антиквариат, а также золото и серебро в слитках.Особое внимание уделите защите природы: нельзя вывозить редкие растения, а также шкуры, перья, скелеты и другие части диких животных. Что касается алкоголя, то на одного человека разрешено вывозить не более двух литров. При покупке ювелирных украшений будьте осторожны: обязательно сохраняйте чеки, так как их общая стоимость не должна превышать 10 000 рупий. Для комфортного семейного отдыха идеально подходят спокойные курорты Колва, Бенаулим и Беталбатим, где можно выбрать такие отели, как Beleza By The Beach 4* в Колве, Fairfield by Marriott 4* в Бенаулиме или Jasminn Hotel - AM Hotel Kollection 4* в Беталбатиме. Расположенные на живописной песчаной косе на юге Гоа, соседние курорты Кавелоссим и Варка по праву считаются элитой побережья.Кавелоссим.Эти места заслужили репутацию хорошего выбора для спокойного отдыха благодаря своим широким, чистым пляжам и умиротворяющей атмосфере. Здесь нет шумной суеты Северного Гоа, жизнь протекает более размеренно. Кавелоссим привлекает туристов, ищущих комфорт и хороший сервис от известных мировых сетей. Здесь можно выбрать отели с обширными зелеными садами, такие как Holiday Inn Resort Goa 5*, или остановиться в элегантном Radisson Blu Resort 5*, выполненном в индо-португальском стиле.Holiday Inn Resort Goa 5* Популярный Novotel Goa Dona Sylvia Resort 5* также предлагает гостям высокий уровень комфорта в непосредственной близости от пляжа, дополняя картину идеального места для спокойного семейного или романтического отдыха.Novotel Goa Dona Sylvia Resort 5*Novotel Goa Dona Sylvia Resort 5*1из2Соседняя Варка продолжает эту атмосферу безмятежного комфорта. Одним из ярких примеров является Caravela Beach Resort 5*, расположенный прямо на побережье и предлагающий гостям красивые виды на море из номеров с собственными балконамиCaravela Beach Resort 5*Caravela Beach Resort 5*1из2Для тех кто желает добавить к расслабленному отдыху нотку азарта, The Zuri White Sands, Goa Resort & Casino 5* предлагает не только хороший сервис, но и собственное казино. Другие варианты, такие как Elements by Rosetta 5*, завершают образ курортной зоны, созданной для максимального комфорта и уединения вдали от шума.Наконец, на самом юге раскинулся Палолем - по мнению многих, самый красивый пляж Гоа. Его бухта в форме идеального полумесяца создает умиротворяющую атмосферу, идеальную для занятий йогой и отдыха в уютных бунгало.Паполем.Здесь можно остановиться как в стильном Art Resort Goa 4* прямо на пляже, так и в расположенном неподалеку роскошном The LaLiT Golf & Spa Resort Goa 5*.Что посмотреть в ГоаОтдых в Гоа - это не только пляжи, но и погружение в уникальный сплав культур, где португальское колониальное наследие соседствует с индуистскими святынями и первозданной природой. Историческое сердце штата бьется в Старом Гоа, бывшей столице португальской колонии, внесенной в список ЮНЕСКО.Старый Гоа.Старый Гоа.1из2Здесь стоит посетить Базилику Бон-Жезуш, где хранятся мощи святого Франциска Ксаверия, и Кафедральный собор Святой Екатерины.Базилика Бон-Жезуш.Современная столица, Панаджи, очаровывает своим Латинским кварталом с узкими улочками и разноцветными виллами, а над городом возвышается белоснежная Церковь Непорочного Зачатия с ее знаменитой зигзагообразной лестницей.Панаджи.Дух той эпохи хранят и древние форты: с хорошо сохранившегося форта Агуада и живописных руин форта Чапора открываются одни из лучших панорамных видов на побережье.Форт Агуада.Форт Агуада.1из2Природные чудеса Гоа не менее впечатляющи. Настоящим приключением станет поездка на джипах через джунгли к водопаду Дудхсагар, одному из самых высоких в Индии, чье название переводится как ""молочный океан"".Водопад Дудхсагар.Чтобы познакомиться с флорой Гоа поближе, отправляйтесь на плантацию специй, где можно увидеть, как растут корица и кардамон, и насладиться традиционным обедом. А на самом юге штата раскинулись пляжи, которые часто называют райскими: идеальная бухта-полумесяц Палолем с ее знаменитыми ""тихими дискотеками"" в наушниках и почти дикий пляж Агонда, где откладывают яйца оливковые черепахи.Агонда.Агонда.1из2Чтобы прочувствовать уникальный дух Гоа, нужно окунуться в его рыночную культуру. Известный блошиный рынок в Анджуне, работающий по средам, и шумный ночной рынок в Арпоре по субботам - это не просто места для шоппинга, а настоящие фестивали с живой музыкой, едой и неповторимой атмосферой.Блошиный рынок в АнджунеБлошиный рынок в Анджуне1из2Другую, не португальскую сторону Гоа можно увидеть в ярких индуистских храмах, таких как Храм Шри Шантадурга.Храм Шри ШантадургаА для самых любознательных путешественников организуются двухдневные экскурсии в соседний штат, в покинутый город Хампи - фантастический комплекс руин древней империи, внесенный в список ЮНЕСКОХампи.Хампи.1из2Турагентства предлагают также туры в Дели и Мумбаи.Что привезти из ГоаШопинг в Гоа - это увлекательное погружение в мир ярких красок и экзотических ароматов. Главным гастрономическим сувениром, безусловно, являются настоящие индийские специи, такие как карри и масала, которые лучше покупать в заводской упаковке. Дополнить их стоит знаменитым темным ромом Old Monk с нотками ванили, который стоит очень дешево, и местными орехами кешью.Индия - родина аюрведы, поэтому обязательно обратите внимание на натуральную косметику. Высококачественное кокосовое масло, масло амлы для волос и продукция известных брендов, таких как Himalaya и Dabur, станут отличным и полезным подарком. Также здесь продается натуральная хна для окрашивания волос и росписи по телу (мехенди).Атмосферу Гоа прекрасно передает местный текстиль: яркие хлопковые туники, штаны-алладины и шелковые шарфы можно в изобилии найти на рынках. Там же продается колоритная бижутерия, особенно популярны серебряные украшения в этническом стиле и ножные браслеты с колокольчиками.За самыми аутентичными покупками и неповторимой атмосферой отправляйтесь на рынки, где можно и нужно торговаться.Что нельзя вывозитьПланируя покупки, важно помнить о таможенных ограничениях, чтобы избежать неприятностей в аэропорту. Прежде всего из Гоа строго запрещен вывоз местной валюты (индийских рупий) - их необходимо потратить или обменять до вылета. Под запретом также находятся любые предметы, представляющие историческую или культурную ценность, антиквариат, а также золото и серебро в слитках.Особое внимание уделите защите природы: нельзя вывозить редкие растения, а также шкуры, перья, скелеты и другие части диких животных. Что касается алкоголя, то на одного человека разрешено вывозить не более двух литров. При покупке ювелирных украшений будьте осторожны: обязательно сохраняйте чеки, так как их общая стоимость не должна превышать 10 000 рупий. Соседняя Варка продолжает эту атмосферу безмятежного комфорта. Одним из ярких примеров является Caravela Beach Resort 5*, расположенный прямо на побережье и предлагающий гостям красивые виды на море из номеров с собственными балконамиCaravela Beach Resort 5*Caravela Beach Resort 5*1из2Для тех кто желает добавить к расслабленному отдыху нотку азарта, The Zuri White Sands, Goa Resort & Casino 5* предлагает не только хороший сервис, но и собственное казино. Другие варианты, такие как Elements by Rosetta 5*, завершают образ курортной зоны, созданной для максимального комфорта и уединения вдали от шума.Наконец, на самом юге раскинулся Палолем - по мнению многих, самый красивый пляж Гоа. Его бухта в форме идеального полумесяца создает умиротворяющую атмосферу, идеальную для занятий йогой и отдыха в уютных бунгало.Паполем.Здесь можно остановиться как в стильном Art Resort Goa 4* прямо на пляже, так и в расположенном неподалеку роскошном The LaLiT Golf & Spa Resort Goa 5*. Для тех кто желает добавить к расслабленному отдыху нотку азарта, The Zuri White Sands, Goa Resort & Casino 5* предлагает не только хороший сервис, но и собственное казино. Другие варианты, такие как Elements by Rosetta 5*, завершают образ курортной зоны, созданной для максимального комфорта и уединения вдали от шума. Наконец, на самом юге раскинулся Палолем - по мнению многих, самый красивый пляж Гоа. Его бухта в форме идеального полумесяца создает умиротворяющую атмосферу, идеальную для занятий йогой и отдыха в уютных бунгало. Отдых в Гоа - это не только пляжи, но и погружение в уникальный сплав культур, где португальское колониальное наследие соседствует с индуистскими святынями и первозданной природой. Историческое сердце штата бьется в Старом Гоа, бывшей столице португальской колонии, внесенной в список ЮНЕСКО.Старый Гоа.Старый Гоа.1из2Здесь стоит посетить Базилику Бон-Жезуш, где хранятся мощи святого Франциска Ксаверия, и Кафедральный собор Святой Екатерины.Базилика Бон-Жезуш.Современная столица, Панаджи, очаровывает своим Латинским кварталом с узкими улочками и разноцветными виллами, а над городом возвышается белоснежная Церковь Непорочного Зачатия с ее знаменитой зигзагообразной лестницей.Панаджи.Дух той эпохи хранят и древние форты: с хорошо сохранившегося форта Агуада и живописных руин форта Чапора открываются одни из лучших панорамных видов на побережье.Форт Агуада.Форт Агуада.1из2Природные чудеса Гоа не менее впечатляющи. Настоящим приключением станет поездка на джипах через джунгли к водопаду Дудхсагар, одному из самых высоких в Индии, чье название переводится как ""молочный океан"".Водопад Дудхсагар.Чтобы познакомиться с флорой Гоа поближе, отправляйтесь на плантацию специй, где можно увидеть, как растут корица и кардамон, и насладиться традиционным обедом. А на самом юге штата раскинулись пляжи, которые часто называют райскими: идеальная бухта-полумесяц Палолем с ее знаменитыми ""тихими дискотеками"" в наушниках и почти дикий пляж Агонда, где откладывают яйца оливковые черепахи.Агонда.Агонда.1из2Чтобы прочувствовать уникальный дух Гоа, нужно окунуться в его рыночную культуру. Известный блошиный рынок в Анджуне, работающий по средам, и шумный ночной рынок в Арпоре по субботам - это не просто места для шоппинга, а настоящие фестивали с живой музыкой, едой и неповторимой атмосферой.Блошиный рынок в АнджунеБлошиный рынок в Анджуне1из2Другую, не португальскую сторону Гоа можно увидеть в ярких индуистских храмах, таких как Храм Шри Шантадурга.Храм Шри ШантадургаА для самых любознательных путешественников организуются двухдневные экскурсии в соседний штат, в покинутый город Хампи - фантастический комплекс руин древней империи, внесенный в список ЮНЕСКОХампи.Хампи.1из2Турагентства предлагают также туры в Дели и Мумбаи.Что привезти из ГоаШопинг в Гоа - это увлекательное погружение в мир ярких красок и экзотических ароматов. Главным гастрономическим сувениром, безусловно, являются настоящие индийские специи, такие как карри и масала, которые лучше покупать в заводской упаковке. Дополнить их стоит знаменитым темным ромом Old Monk с нотками ванили, который стоит очень дешево, и местными орехами кешью.Индия - родина аюрведы, поэтому обязательно обратите внимание на натуральную косметику. Высококачественное кокосовое масло, масло амлы для волос и продукция известных брендов, таких как Himalaya и Dabur, станут отличным и полезным подарком. Также здесь продается натуральная хна для окрашивания волос и росписи по телу (мехенди).Атмосферу Гоа прекрасно передает местный текстиль: яркие хлопковые туники, штаны-алладины и шелковые шарфы можно в изобилии найти на рынках. Там же продается колоритная бижутерия, особенно популярны серебряные украшения в этническом стиле и ножные браслеты с колокольчиками.За самыми аутентичными покупками и неповторимой атмосферой отправляйтесь на рынки, где можно и нужно торговаться.Что нельзя вывозитьПланируя покупки, важно помнить о таможенных ограничениях, чтобы избежать неприятностей в аэропорту. Прежде всего из Гоа строго запрещен вывоз местной валюты (индийских рупий) - их необходимо потратить или обменять до вылета. Под запретом также находятся любые предметы, представляющие историческую или культурную ценность, антиквариат, а также золото и серебро в слитках.Особое внимание уделите защите природы: нельзя вывозить редкие растения, а также шкуры, перья, скелеты и другие части диких животных. Что касается алкоголя, то на одного человека разрешено вывозить не более двух литров. При покупке ювелирных украшений будьте осторожны: обязательно сохраняйте чеки, так как их общая стоимость не должна превышать 10 000 рупий. Здесь стоит посетить Базилику Бон-Жезуш, где хранятся мощи святого Франциска Ксаверия, и Кафедральный собор Святой Екатерины.Базилика Бон-Жезуш.Современная столица, Панаджи, очаровывает своим Латинским кварталом с узкими улочками и разноцветными виллами, а над городом возвышается белоснежная Церковь Непорочного Зачатия с ее знаменитой зигзагообразной лестницей.Панаджи.Дух той эпохи хранят и древние форты: с хорошо сохранившегося форта Агуада и живописных руин форта Чапора открываются одни из лучших панорамных видов на побережье.Форт Агуада.Форт Агуада.1из2Природные чудеса Гоа не менее впечатляющи. Настоящим приключением станет поездка на джипах через джунгли к водопаду Дудхсагар, одному из самых высоких в Индии, чье название переводится как ""молочный океан"".Водопад Дудхсагар.Чтобы познакомиться с флорой Гоа поближе, отправляйтесь на плантацию специй, где можно увидеть, как растут корица и кардамон, и насладиться традиционным обедом. А на самом юге штата раскинулись пляжи, которые часто называют райскими: идеальная бухта-полумесяц Палолем с ее знаменитыми ""тихими дискотеками"" в наушниках и почти дикий пляж Агонда, где откладывают яйца оливковые черепахи.Агонда.Агонда.1из2Чтобы прочувствовать уникальный дух Гоа, нужно окунуться в его рыночную культуру. Известный блошиный рынок в Анджуне, работающий по средам, и шумный ночной рынок в Арпоре по субботам - это не просто места для шоппинга, а настоящие фестивали с живой музыкой, едой и неповторимой атмосферой.Блошиный рынок в АнджунеБлошиный рынок в Анджуне1из2Другую, не португальскую сторону Гоа можно увидеть в ярких индуистских храмах, таких как Храм Шри Шантадурга.Храм Шри ШантадургаА для самых любознательных путешественников организуются двухдневные экскурсии в соседний штат, в покинутый город Хампи - фантастический комплекс руин древней империи, внесенный в список ЮНЕСКОХампи.Хампи.1из2Турагентства предлагают также туры в Дели и Мумбаи.Что привезти из ГоаШопинг в Гоа - это увлекательное погружение в мир ярких красок и экзотических ароматов. Главным гастрономическим сувениром, безусловно, являются настоящие индийские специи, такие как карри и масала, которые лучше покупать в заводской упаковке. Дополнить их стоит знаменитым темным ромом Old Monk с нотками ванили, который стоит очень дешево, и местными орехами кешью.Индия - родина аюрведы, поэтому обязательно обратите внимание на натуральную косметику. Высококачественное кокосовое масло, масло амлы для волос и продукция известных брендов, таких как Himalaya и Dabur, станут отличным и полезным подарком. Также здесь продается натуральная хна для окрашивания волос и росписи по телу (мехенди).Атмосферу Гоа прекрасно передает местный текстиль: яркие хлопковые туники, штаны-алладины и шелковые шарфы можно в изобилии найти на рынках. Там же продается колоритная бижутерия, особенно популярны серебряные украшения в этническом стиле и ножные браслеты с колокольчиками.За самыми аутентичными покупками и неповторимой атмосферой отправляйтесь на рынки, где можно и нужно торговаться.Что нельзя вывозитьПланируя покупки, важно помнить о таможенных ограничениях, чтобы избежать неприятностей в аэропорту. Прежде всего из Гоа строго запрещен вывоз местной валюты (индийских рупий) - их необходимо потратить или обменять до вылета. Под запретом также находятся любые предметы, представляющие историческую или культурную ценность, антиквариат, а также золото и серебро в слитках.Особое внимание уделите защите природы: нельзя вывозить редкие растения, а также шкуры, перья, скелеты и другие части диких животных. Что касается алкоголя, то на одного человека разрешено вывозить не более двух литров. При покупке ювелирных украшений будьте осторожны: обязательно сохраняйте чеки, так как их общая стоимость не должна превышать 10 000 рупий. Современная столица, Панаджи, очаровывает своим Латинским кварталом с узкими улочками и разноцветными виллами, а над городом возвышается белоснежная Церковь Непорочного Зачатия с ее знаменитой зигзагообразной лестницей.Панаджи.Дух той эпохи хранят и древние форты: с хорошо сохранившегося форта Агуада и живописных руин форта Чапора открываются одни из лучших панорамных видов на побережье.Форт Агуада.Форт Агуада.1из2Природные чудеса Гоа не менее впечатляющи. Настоящим приключением станет поездка на джипах через джунгли к водопаду Дудхсагар, одному из самых высоких в Индии, чье название переводится как ""молочный океан"".Водопад Дудхсагар.Чтобы познакомиться с флорой Гоа поближе, отправляйтесь на плантацию специй, где можно увидеть, как растут корица и кардамон, и насладиться традиционным обедом. А на самом юге штата раскинулись пляжи, которые часто называют райскими: идеальная бухта-полумесяц Палолем с ее знаменитыми ""тихими дискотеками"" в наушниках и почти дикий пляж Агонда, где откладывают яйца оливковые черепахи.Агонда.Агонда.1из2Чтобы прочувствовать уникальный дух Гоа, нужно окунуться в его рыночную культуру. Известный блошиный рынок в Анджуне, работающий по средам, и шумный ночной рынок в Арпоре по субботам - это не просто места для шоппинга, а настоящие фестивали с живой музыкой, едой и неповторимой атмосферой.Блошиный рынок в АнджунеБлошиный рынок в Анджуне1из2Другую, не португальскую сторону Гоа можно увидеть в ярких индуистских храмах, таких как Храм Шри Шантадурга.Храм Шри ШантадургаА для самых любознательных путешественников организуются двухдневные экскурсии в соседний штат, в покинутый город Хампи - фантастический комплекс руин древней империи, внесенный в список ЮНЕСКОХампи.Хампи.1из2Турагентства предлагают также туры в Дели и Мумбаи.Что привезти из ГоаШопинг в Гоа - это увлекательное погружение в мир ярких красок и экзотических ароматов. Главным гастрономическим сувениром, безусловно, являются настоящие индийские специи, такие как карри и масала, которые лучше покупать в заводской упаковке. Дополнить их стоит знаменитым темным ромом Old Monk с нотками ванили, который стоит очень дешево, и местными орехами кешью.Индия - родина аюрведы, поэтому обязательно обратите внимание на натуральную косметику. Высококачественное кокосовое масло, масло амлы для волос и продукция известных брендов, таких как Himalaya и Dabur, станут отличным и полезным подарком. Также здесь продается натуральная хна для окрашивания волос и росписи по телу (мехенди).Атмосферу Гоа прекрасно передает местный текстиль: яркие хлопковые туники, штаны-алладины и шелковые шарфы можно в изобилии найти на рынках. Там же продается колоритная бижутерия, особенно популярны серебряные украшения в этническом стиле и ножные браслеты с колокольчиками.За самыми аутентичными покупками и неповторимой атмосферой отправляйтесь на рынки, где можно и нужно торговаться.Что нельзя вывозитьПланируя покупки, важно помнить о таможенных ограничениях, чтобы избежать неприятностей в аэропорту. Прежде всего из Гоа строго запрещен вывоз местной валюты (индийских рупий) - их необходимо потратить или обменять до вылета. Под запретом также находятся любые предметы, представляющие историческую или культурную ценность, антиквариат, а также золото и серебро в слитках.Особое внимание уделите защите природы: нельзя вывозить редкие растения, а также шкуры, перья, скелеты и другие части диких животных. Что касается алкоголя, то на одного человека разрешено вывозить не более двух литров. При покупке ювелирных украшений будьте осторожны: обязательно сохраняйте чеки, так как их общая стоимость не должна превышать 10 000 рупий. Дух той эпохи хранят и древние форты: с хорошо сохранившегося форта Агуада и живописных руин форта Чапора открываются одни из лучших панорамных видов на побережье.Форт Агуада.Форт Агуада.1из2Природные чудеса Гоа не менее впечатляющи. Настоящим приключением станет поездка на джипах через джунгли к водопаду Дудхсагар, одному из самых высоких в Индии, чье название переводится как ""молочный океан"".Водопад Дудхсагар.Чтобы познакомиться с флорой Гоа поближе, отправляйтесь на плантацию специй, где можно увидеть, как растут корица и кардамон, и насладиться традиционным обедом. А на самом юге штата раскинулись пляжи, которые часто называют райскими: идеальная бухта-полумесяц Палолем с ее знаменитыми ""тихими дискотеками"" в наушниках и почти дикий пляж Агонда, где откладывают яйца оливковые черепахи.Агонда.Агонда.1из2Чтобы прочувствовать уникальный дух Гоа, нужно окунуться в его рыночную культуру. Известный блошиный рынок в Анджуне, работающий по средам, и шумный ночной рынок в Арпоре по субботам - это не просто места для шоппинга, а настоящие фестивали с живой музыкой, едой и неповторимой атмосферой.Блошиный рынок в АнджунеБлошиный рынок в Анджуне1из2Другую, не португальскую сторону Гоа можно увидеть в ярких индуистских храмах, таких как Храм Шри Шантадурга.Храм Шри ШантадургаА для самых любознательных путешественников организуются двухдневные экскурсии в соседний штат, в покинутый город Хампи - фантастический комплекс руин древней империи, внесенный в список ЮНЕСКОХампи.Хампи.1из2Турагентства предлагают также туры в Дели и Мумбаи.Что привезти из ГоаШопинг в Гоа - это увлекательное погружение в мир ярких красок и экзотических ароматов. Главным гастрономическим сувениром, безусловно, являются настоящие индийские специи, такие как карри и масала, которые лучше покупать в заводской упаковке. Дополнить их стоит знаменитым темным ромом Old Monk с нотками ванили, который стоит очень дешево, и местными орехами кешью.Индия - родина аюрведы, поэтому обязательно обратите внимание на натуральную косметику. Высококачественное кокосовое масло, масло амлы для волос и продукция известных брендов, таких как Himalaya и Dabur, станут отличным и полезным подарком. Также здесь продается натуральная хна для окрашивания волос и росписи по телу (мехенди).Атмосферу Гоа прекрасно передает местный текстиль: яркие хлопковые туники, штаны-алладины и шелковые шарфы можно в изобилии найти на рынках. Там же продается колоритная бижутерия, особенно популярны серебряные украшения в этническом стиле и ножные браслеты с колокольчиками.За самыми аутентичными покупками и неповторимой атмосферой отправляйтесь на рынки, где можно и нужно торговаться.Что нельзя вывозитьПланируя покупки, важно помнить о таможенных ограничениях, чтобы избежать неприятностей в аэропорту. Прежде всего из Гоа строго запрещен вывоз местной валюты (индийских рупий) - их необходимо потратить или обменять до вылета. Под запретом также находятся любые предметы, представляющие историческую или культурную ценность, антиквариат, а также золото и серебро в слитках.Особое внимание уделите защите природы: нельзя вывозить редкие растения, а также шкуры, перья, скелеты и другие части диких животных. Что касается алкоголя, то на одного человека разрешено вывозить не более двух литров. При покупке ювелирных украшений будьте осторожны: обязательно сохраняйте чеки, так как их общая стоимость не должна превышать 10 000 рупий. Природные чудеса Гоа не менее впечатляющи. Настоящим приключением станет поездка на джипах через джунгли к водопаду Дудхсагар, одному из самых высоких в Индии, чье название переводится как ""молочный океан"".Водопад Дудхсагар.Чтобы познакомиться с флорой Гоа поближе, отправляйтесь на плантацию специй, где можно увидеть, как растут корица и кардамон, и насладиться традиционным обедом. А на самом юге штата раскинулись пляжи, которые часто называют райскими: идеальная бухта-полумесяц Палолем с ее знаменитыми ""тихими дискотеками"" в наушниках и почти дикий пляж Агонда, где откладывают яйца оливковые черепахи.Агонда.Агонда.1из2Чтобы прочувствовать уникальный дух Гоа, нужно окунуться в его рыночную культуру. Известный блошиный рынок в Анджуне, работающий по средам, и шумный ночной рынок в Арпоре по субботам - это не просто места для шоппинга, а настоящие фестивали с живой музыкой, едой и неповторимой атмосферой.Блошиный рынок в АнджунеБлошиный рынок в Анджуне1из2Другую, не португальскую сторону Гоа можно увидеть в ярких индуистских храмах, таких как Храм Шри Шантадурга.Храм Шри ШантадургаА для самых любознательных путешественников организуются двухдневные экскурсии в соседний штат, в покинутый город Хампи - фантастический комплекс руин древней империи, внесенный в список ЮНЕСКОХампи.Хампи.1из2Турагентства предлагают также туры в Дели и Мумбаи.Что привезти из ГоаШопинг в Гоа - это увлекательное погружение в мир ярких красок и экзотических ароматов. Главным гастрономическим сувениром, безусловно, являются настоящие индийские специи, такие как карри и масала, которые лучше покупать в заводской упаковке. Дополнить их стоит знаменитым темным ромом Old Monk с нотками ванили, который стоит очень дешево, и местными орехами кешью.Индия - родина аюрведы, поэтому обязательно обратите внимание на натуральную косметику. Высококачественное кокосовое масло, масло амлы для волос и продукция известных брендов, таких как Himalaya и Dabur, станут отличным и полезным подарком. Также здесь продается натуральная хна для окрашивания волос и росписи по телу (мехенди).Атмосферу Гоа прекрасно передает местный текстиль: яркие хлопковые туники, штаны-алладины и шелковые шарфы можно в изобилии найти на рынках. Там же продается колоритная бижутерия, особенно популярны серебряные украшения в этническом стиле и ножные браслеты с колокольчиками.За самыми аутентичными покупками и неповторимой атмосферой отправляйтесь на рынки, где можно и нужно торговаться.Что нельзя вывозитьПланируя покупки, важно помнить о таможенных ограничениях, чтобы избежать неприятностей в аэропорту. Прежде всего из Гоа строго запрещен вывоз местной валюты (индийских рупий) - их необходимо потратить или обменять до вылета. Под запретом также находятся любые предметы, представляющие историческую или культурную ценность, антиквариат, а также золото и серебро в слитках.Особое внимание уделите защите природы: нельзя вывозить редкие растения, а также шкуры, перья, скелеты и другие части диких животных. Что касается алкоголя, то на одного человека разрешено вывозить не более двух литров. При покупке ювелирных украшений будьте осторожны: обязательно сохраняйте чеки, так как их общая стоимость не должна превышать 10 000 рупий. Чтобы познакомиться с флорой Гоа поближе, отправляйтесь на плантацию специй, где можно увидеть, как растут корица и кардамон, и насладиться традиционным обедом. А на самом юге штата раскинулись пляжи, которые часто называют райскими: идеальная бухта-полумесяц Палолем с ее знаменитыми ""тихими дискотеками"" в наушниках и почти дикий пляж Агонда, где откладывают яйца оливковые черепахи.Агонда.Агонда.1из2Чтобы прочувствовать уникальный дух Гоа, нужно окунуться в его рыночную культуру. Известный блошиный рынок в Анджуне, работающий по средам, и шумный ночной рынок в Арпоре по субботам - это не просто места для шоппинга, а настоящие фестивали с живой музыкой, едой и неповторимой атмосферой.Блошиный рынок в АнджунеБлошиный рынок в Анджуне1из2Другую, не португальскую сторону Гоа можно увидеть в ярких индуистских храмах, таких как Храм Шри Шантадурга.Храм Шри ШантадургаА для самых любознательных путешественников организуются двухдневные экскурсии в соседний штат, в покинутый город Хампи - фантастический комплекс руин древней империи, внесенный в список ЮНЕСКОХампи.Хампи.1из2Турагентства предлагают также туры в Дели и Мумбаи.Что привезти из ГоаШопинг в Гоа - это увлекательное погружение в мир ярких красок и экзотических ароматов. Главным гастрономическим сувениром, безусловно, являются настоящие индийские специи, такие как карри и масала, которые лучше покупать в заводской упаковке. Дополнить их стоит знаменитым темным ромом Old Monk с нотками ванили, который стоит очень дешево, и местными орехами кешью.Индия - родина аюрведы, поэтому обязательно обратите внимание на натуральную косметику. Высококачественное кокосовое масло, масло амлы для волос и продукция известных брендов, таких как Himalaya и Dabur, станут отличным и полезным подарком. Также здесь продается натуральная хна для окрашивания волос и росписи по телу (мехенди).Атмосферу Гоа прекрасно передает местный текстиль: яркие хлопковые туники, штаны-алладины и шелковые шарфы можно в изобилии найти на рынках. Там же продается колоритная бижутерия, особенно популярны серебряные украшения в этническом стиле и ножные браслеты с колокольчиками.За самыми аутентичными покупками и неповторимой атмосферой отправляйтесь на рынки, где можно и нужно торговаться.Что нельзя вывозитьПланируя покупки, важно помнить о таможенных ограничениях, чтобы избежать неприятностей в аэропорту. Прежде всего из Гоа строго запрещен вывоз местной валюты (индийских рупий) - их необходимо потратить или обменять до вылета. Под запретом также находятся любые предметы, представляющие историческую или культурную ценность, антиквариат, а также золото и серебро в слитках.Особое внимание уделите защите природы: нельзя вывозить редкие растения, а также шкуры, перья, скелеты и другие части диких животных. Что касается алкоголя, то на одного человека разрешено вывозить не более двух литров. При покупке ювелирных украшений будьте осторожны: обязательно сохраняйте чеки, так как их общая стоимость не должна превышать 10 000 рупий. Чтобы прочувствовать уникальный дух Гоа, нужно окунуться в его рыночную культуру. Известный блошиный рынок в Анджуне, работающий по средам, и шумный ночной рынок в Арпоре по субботам - это не просто места для шоппинга, а настоящие фестивали с живой музыкой, едой и неповторимой атмосферой.Блошиный рынок в АнджунеБлошиный рынок в Анджуне1из2Другую, не португальскую сторону Гоа можно увидеть в ярких индуистских храмах, таких как Храм Шри Шантадурга.Храм Шри ШантадургаА для самых любознательных путешественников организуются двухдневные экскурсии в соседний штат, в покинутый город Хампи - фантастический комплекс руин древней империи, внесенный в список ЮНЕСКОХампи.Хампи.1из2Турагентства предлагают также туры в Дели и Мумбаи.Что привезти из ГоаШопинг в Гоа - это увлекательное погружение в мир ярких красок и экзотических ароматов. Главным гастрономическим сувениром, безусловно, являются настоящие индийские специи, такие как карри и масала, которые лучше покупать в заводской упаковке. Дополнить их стоит знаменитым темным ромом Old Monk с нотками ванили, который стоит очень дешево, и местными орехами кешью.Индия - родина аюрведы, поэтому обязательно обратите внимание на натуральную косметику. Высококачественное кокосовое масло, масло амлы для волос и продукция известных брендов, таких как Himalaya и Dabur, станут отличным и полезным подарком. Также здесь продается натуральная хна для окрашивания волос и росписи по телу (мехенди).Атмосферу Гоа прекрасно передает местный текстиль: яркие хлопковые туники, штаны-алладины и шелковые шарфы можно в изобилии найти на рынках. Там же продается колоритная бижутерия, особенно популярны серебряные украшения в этническом стиле и ножные браслеты с колокольчиками.За самыми аутентичными покупками и неповторимой атмосферой отправляйтесь на рынки, где можно и нужно торговаться.Что нельзя вывозитьПланируя покупки, важно помнить о таможенных ограничениях, чтобы избежать неприятностей в аэропорту. Прежде всего из Гоа строго запрещен вывоз местной валюты (индийских рупий) - их необходимо потратить или обменять до вылета. Под запретом также находятся любые предметы, представляющие историческую или культурную ценность, антиквариат, а также золото и серебро в слитках.Особое внимание уделите защите природы: нельзя вывозить редкие растения, а также шкуры, перья, скелеты и другие части диких животных. Что касается алкоголя, то на одного человека разрешено вывозить не более двух литров. При покупке ювелирных украшений будьте осторожны: обязательно сохраняйте чеки, так как их общая стоимость не должна превышать 10 000 рупий. Другую, не португальскую сторону Гоа можно увидеть в ярких индуистских храмах, таких как Храм Шри Шантадурга.Храм Шри ШантадургаА для самых любознательных путешественников организуются двухдневные экскурсии в соседний штат, в покинутый город Хампи - фантастический комплекс руин древней империи, внесенный в список ЮНЕСКОХампи.Хампи.1из2Турагентства предлагают также туры в Дели и Мумбаи.Что привезти из ГоаШопинг в Гоа - это увлекательное погружение в мир ярких красок и экзотических ароматов. Главным гастрономическим сувениром, безусловно, являются настоящие индийские специи, такие как карри и масала, которые лучше покупать в заводской упаковке. Дополнить их стоит знаменитым темным ромом Old Monk с нотками ванили, который стоит очень дешево, и местными орехами кешью.Индия - родина аюрведы, поэтому обязательно обратите внимание на натуральную косметику. Высококачественное кокосовое масло, масло амлы для волос и продукция известных брендов, таких как Himalaya и Dabur, станут отличным и полезным подарком. Также здесь продается натуральная хна для окрашивания волос и росписи по телу (мехенди).Атмосферу Гоа прекрасно передает местный текстиль: яркие хлопковые туники, штаны-алладины и шелковые шарфы можно в изобилии найти на рынках. Там же продается колоритная бижутерия, особенно популярны серебряные украшения в этническом стиле и ножные браслеты с колокольчиками.За самыми аутентичными покупками и неповторимой атмосферой отправляйтесь на рынки, где можно и нужно торговаться.Что нельзя вывозитьПланируя покупки, важно помнить о таможенных ограничениях, чтобы избежать неприятностей в аэропорту. Прежде всего из Гоа строго запрещен вывоз местной валюты (индийских рупий) - их необходимо потратить или обменять до вылета. Под запретом также находятся любые предметы, представляющие историческую или культурную ценность, антиквариат, а также золото и серебро в слитках.Особое внимание уделите защите природы: нельзя вывозить редкие растения, а также шкуры, перья, скелеты и другие части диких животных. Что касается алкоголя, то на одного человека разрешено вывозить не более двух литров. При покупке ювелирных украшений будьте осторожны: обязательно сохраняйте чеки, так как их общая стоимость не должна превышать 10 000 рупий. Турагентства предлагают также туры в Дели и Мумбаи. Шопинг в Гоа - это увлекательное погружение в мир ярких красок и экзотических ароматов. Главным гастрономическим сувениром, безусловно, являются настоящие индийские специи, такие как карри и масала, которые лучше покупать в заводской упаковке. Дополнить их стоит знаменитым темным ромом Old Monk с нотками ванили, который стоит очень дешево, и местными орехами кешью. Индия - родина аюрведы, поэтому обязательно обратите внимание на натуральную косметику. Высококачественное кокосовое масло, масло амлы для волос и продукция известных брендов, таких как Himalaya и Dabur, станут отличным и полезным подарком. Также здесь продается натуральная хна для окрашивания волос и росписи по телу (мехенди). Атмосферу Гоа прекрасно передает местный текстиль: яркие хлопковые туники, штаны-алладины и шелковые шарфы можно в изобилии найти на рынках. Там же продается колоритная бижутерия, особенно популярны серебряные украшения в этническом стиле и ножные браслеты с колокольчиками. За самыми аутентичными покупками и неповторимой атмосферой отправляйтесь на рынки, где можно и нужно торговаться. Планируя покупки, важно помнить о таможенных ограничениях, чтобы избежать неприятностей в аэропорту. Прежде всего из Гоа строго запрещен вывоз местной валюты (индийских рупий) - их необходимо потратить или обменять до вылета. Под запретом также находятся любые предметы, представляющие историческую или культурную ценность, антиквариат, а также золото и серебро в слитках. Особое внимание уделите защите природы: нельзя вывозить редкие растения, а также шкуры, перья, скелеты и другие части диких животных. Что касается алкоголя, то на одного человека разрешено вывозить не более двух литров. При покупке ювелирных украшений будьте осторожны: обязательно сохраняйте чеки, так как их общая стоимость не должна превышать 10 000 рупий.",kaktus.media,https://kaktus.media/doc/535813_otdyh_v_goa:_gid_dlia_kyrgyzstancev_o_glavnom_tyristicheskom_meste_indii.html,2026-01-02T18:39:27+06:00,kyrgyz,0,high,news_site
0b441e16-9d60-4a21-8c62-26da5429a798,Разведка одной из стран ЕС: Владимир Путин боится покушения и переворота,"Федеральная служба охраны, отвечающая за безопасность президента России Владимира Путина, значительно усилила меры его защиты из-за опасений возможного покушения. Об этом пишут""Важные истории""со ссылкой на отчет европейской разведки, с которым также ознакомилисьCNNиFinancial Times. По данным издания, отчет был передан источником, близким к одной из европейских спецслужб. Журналисты утверждают, что часть сведений из документа подтверждается независимыми источниками. В частности, речь идет о масштабных отключениях интернета в Москве, за которыми, как утверждается, стоит ФСО, а не ФСБ. Собеседники ""Важных историй"" также заявили о росте опасений Путина из-за возможного заговора или попытки переворота. Согласно отчету, часть усиленных мер касается самого Путина. В частности, утверждается, что он проводит по несколько недель в модернизированных бункерах, в том числе в Краснодарском крае, а для сообщений о его деятельности российские СМИ используют заранее подготовленные видеоматериалы. Также, по данным журналистов, список мест, которые посещает Путин, был существенно сокращен. Утверждается, что он и его семья больше не ездят в резиденции в Подмосковье и на Валдае. Кроме того, в 2026 году Путин, по данным отчета, ни разу не посещал военные объекты, хотя в прошлом году такие поездки были регулярными. Отдельные меры безопасности коснулись сотрудников, работающих рядом с президентом России. В домах ближайших сотрудников Путина, как утверждается, установили системы наблюдения. Поварам, телохранителям и фотографам запретили пользоваться общественным транспортом. В администрации президента они проходят два уровня проверки, включая досмотр ФСО. Кроме того, сотрудникам, которые работают рядом с Путиным, разрешили использовать только телефоны без доступа в интернет. В отчете также говорится, что сотрудники ФСО проводят масштабные проверки с участием кинологических подразделений. Их размещают и вдоль Москва-реки - для реагирования на возможные атаки беспилотников. Из-за этих опасений, как утверждают журналисты, в отдельных районах Москвы периодически отключают коммуникационные сети. ""Важные истории"" также пишут, что ФСО контролирует и согласовывает информационные и медийные публикации с участием Путина, опираясь на секретный президентский указ. По данным европейской разведки, часть мер была введена после убийства генерал-лейтенанта Фанила Сарварова, который возглавлял управление оперативной подготовки Генштаба ВС РФ. В декабре 2025 года его автомобиль взорвали на парковке у дома в Москве. В отчете утверждается, что через три дня после убийства Сарварова Путин созвал совещание силовиков. На нем, по данным ""Важных историй"", представители силовых структур перекладывали друг на друга ответственность за провалы в системе безопасности. В частности, глава Генштаба ВС РФ Валерий Герасимов, как утверждается, раскритиковал директора ФСБ Александра Бортникова за неспособность обеспечить защиту от атак. Бортников в свою очередь пожаловался на нехватку ресурсов и кадров, а также упрекнул Минобороны в отсутствии подразделения, которое занималось бы физической защитой высшего руководства. В обсуждении также участвовал директор Росгвардии Виктор Золотов. По данным отчета, он заявил, что ресурсы Росгвардии нельзя направлять на защиту офицеров Минобороны. После совещания Путин, как утверждается, встретился с директором ФСО Дмитрием Кочневым. По итогам этой встречи было решено расширить список лиц, находящихся под усиленной защитой. В него включили десять высокопоставленных генералов, в том числе троих заместителей начальника Генштаба. В отчете европейской разведки говорится, что конфликт между представителями силовых ведомств указывает на рост напряжения в Кремле на фоне внутренних и внешних проблем. Кроме того, по данным документа, с начала марта Путин обеспокоен утечкой чувствительной информации и риском заговора или попытки переворота. В качестве одного из возможных факторов дестабилизации в отчете упоминается бывший министр обороны Сергей Шойгу, который сейчас занимает пост секретаря Совбеза РФ. В начале марта 2026 года в Москве арестовали бывшего первого заместителя Шойгу Руслана Цаликова. Его подозревают в создании преступного сообщества, легализации преступных доходов, растрате и взятках. Как говорится в отчете, этот арест мог быть воспринят элитами как нарушение негласных гарантий безопасности. По мнению авторов документа, это ослабляет позиции Шойгу и повышает вероятность того, что он сам может стать объектом уголовного преследования. При этом CNN отмечает, что доказательств утверждений в отношении Шойгу в отчете не приводится, а часть подобных данных трудно проверить.",kaktus.media,https://kaktus.media/doc/545567_razvedka_odnoy_iz_stran_es:_vladimir_pytin_boitsia_pokysheniia_i_perevorota.html,2026-05-04T15:40:08+06:00,kyrgyz,0,high,news_site
e1d61fdc-31f7-4a77-b5b3-70ecef2dd48d,"На автоспортивном мероприятии в ""Ганси"" водитель сбил зрителя (видео)","В Бишкеке во время автоспортивного мероприятия в районе бывшей американской авиабазы ""Ганси"" автомобиль сбил зрителя. Видео инцидента распространилось в социальных сетях. Как сообщается, изначально об этом случае в милицию не заявляли. Позже информация была уточнена, после чего сотрудники милиции приняли оперативные меры. Автомобиль установили, водителя нашли и доставили в УВД Первомайского района Бишкека для принятия мер в рамках законодательства. Машину водворили на штрафстоянку. По предварительным данным, пострадавший травм не получил.",kaktus.media,https://kaktus.media/doc/545575_na_avtosportivnom_meropriiatii_v_gansi_voditel_sbil_zritelia_video.html,2026-05-04T18:39:33+06:00,kyrgyz,0,high,news_site
26781f8c-35e8-412b-b564-0be9567c0fca,ЦОНы будут работать в майские праздники. График,"С 1 мая по 10 мая 2026 года, включая праздничные и выходные дни, центры обслуживания населения будут работать с 09:00 до 18:00. Об этом рассказали в государственном учреждении ""Кызмат"" при Управлении делами президента КР. Больше новостей и видео в Telegram-каналеKaktus.media. Отмечается, что ЦОНы будут работать в штатном режиме ""в целях обеспечения бесперебойного и доступного предоставления государственных услуг населению"". Гражданам рекомендуют учитывать установленный график при планировании посещения центров обслуживания населения, а также по возможности пользоваться онлайн-услугами. Адреса центров обслуживания населения можно найти в прикрепленном файле.",kaktus.media,https://kaktus.media/doc/544870_cony_bydyt_rabotat_v_mayskie_prazdniki._grafik.html,2026-04-22T10:52:51+06:00,kyrgyz,0,high,news_site
32b00450-3788-423d-8871-b1dcc5e3ffa0,Госмонополия на медобразование и аккредитация вузов. Что об этом известно на сегодня?,"В Кыргызстане еще в прошлом годуввели государственную монополию на медицинское образование. В августе 2025 года указ об этом подписал президент страны Садыр Жапаров. Почему об этом заговорили сегодня и что известно на текущий момент? Теперь ключевая роль в подготовке врачей и фармацевтовзакреплена за государством. Главным вузом становится Кыргызская государственная медицинская академия имени Ахунбаева - именно она получает исключительное право готовить специалистов с высшим медицинским и фармацевтическим образованием, а также заниматься их переподготовкой и повышением квалификации. Все остальные медицинские вузы обязаны пройти государственную аккредитацию и работать по единым образовательным стандартам. Это значит, что требования к обучению, преподавателям и условиям станут одинаковыми для всех. Срок государственной аккредитации частных медицинских вузов - до 1 июня 2026 года. Усиливается контроль за качеством образования: проверят преподавательский состав, наличие клинических баз, оборудование и условия обучения. Частные медицинские вузы сохранят право на осуществление образовательной деятельности до прохождения государственной аккредитации. Аккредитация дает им право на выдачу дипломов. После прохождения государственной аккредитации частные вузы обязаны заключать соглашения с академией. В этой связи вводится механизм так называемойобразовательной франшизы. При этом частные образовательные учреждения, не прошедшие государственную аккредитацию, согласно указу президента, смогут осуществлять деятельность исключительно в формате довузовских подготовительных курсов либо учебно-клинических баз, также находящихся под академическим и методическим управлением Кыргызской государственной медицинской академии. Власти это объясняют тем, что в последние годы наблюдается стремительный рост числа частных медицинских образовательных организаций, которые получили лицензии на ведение образовательной деятельности. Однако ""большинство из них не располагают необходимыми клиническими базами, кадровый состав преподавателей не соответствует квалификационным требованиям, а образовательный процесс сводится преимущественно к формальной выдаче дипломов при минимальной практической подготовке"". ""В результате ежегодно выпускаются сотни специалистов с низким уровнем знаний и практических навыков, что подрывает доверие к системе медицинского образования и наносит ущерб международному статусу кыргызского диплома"". Глава Минздравапояснил, что указ президента направлен на решение стратегической задачи формирования ""современной, прозрачной и ответственной"" системы подготовки медицинских работников. ""Это вопрос национальной безопасности, здоровья наших граждан"", - подчеркнул он. Дело в том, что частные медицинские вузы Кыргызстанаобратилиськ президенту с просьбой дать им больше времени на прохождение государственной аккредитации. Они объясняют, что новые требования - очень сложные и масштабные, а на подготовку дали слишком мало времени - фактически меньше месяца, а в отдельных случаях всего несколько дней. По их мнению, аккредитация - это не формальность, а полная перестройка работы вузов (документы, преподаватели, базы, инфраструктура), и в такие сроки качественно подготовиться невозможно. Вузы опасаются, что из-за спешки часть из них может не пройти аккредитацию и закрыться, а также что это отпугнет иностранных студентов и приведет к финансовым потерям. Поэтому они просят ввести переходный период минимум на шесть месяцев, чтобы спокойно адаптироваться к новым требованиям. Министр здравоохранения Дамир Осмонов на брифингепрокомментировалобращение к президенту Ассоциации медицинских высших учебных заведений Кыргызстана. Он отметил, что продления сроков аккредитации не будет. ""Введение государственной аккредитации не является внезапным. Это последовательная работа, которая ведется с августа 2025 года. Уже в сентябре была создана межведомственная комиссия. Она провела в сентябре-октябре 2025 года в каждом вузе обучение и наблюдательную комиссию. По индикаторам руководители этих вузов были осведомлены. Эта система не появилась вчера или сегодня. Работа идет с августа прошлого года, исполнены разъяснительные документы"", - пояснил министр. Дамир Осмонов подчеркнул, что нет, Минздрав не ставит целью закрытие вузов. ""Наша задача - навести порядок, обеспечить качество и создать прозрачные, единые и справедливые правила для всех. Все образовательные организации имеют возможность пройти аккредитацию при соблюдении установленных требований. Со стороны государства будут обеспечены необходимое сопровождение и поддержка. Мы призываем руководителей воспринимать эту реформу как возможность для развития и повышения качества образования"", - сказал он. Глава Минздрава Дамир Осмонов и ректор КГМА имени И. К. Ахунбаева Индира Кудайбергенова заверили, чтони один студент не пострадает. ""Они все будут определены в те вузы, которые прошли аккредитацию. Никто не пострадает, и все будут дальше учиться. Это самое главное, и мы отвечаем за это"", - пояснила ректор КГМА. Обещано, что стоимость обучения существенно меняться не будет. Оплата идет самим аккредитованным вузам. Она также отметила, что процесс привлечения иностранных студентов из-за введения госмонополии на медицинское образование не остановится, а будет, наоборот, целенаправленным. Этим, по словам Кудайбергеновой, станет заниматься специально созданный центр. Как стало известно на брифинге, в Кыргызстанесоздан специальный центр по приему иностранных студентов. Он так и называется - ГП ""Центр по приему иностранных студентов"". Создали центр, потому что у страны возникли проблемы с качеством образования - из-за этого некоторые вузы попадали в ""черные списки"" за рубежом. Теперь хотят навести порядок: сделать единый центр, через который иностранные абитуриенты будут подавать документы, проходить проверку и поступать в вузы. Это должно убрать хаос, когда у каждого университета были свои правила. Главная цель - повысить качество отбора студентов, сделать процесс прозрачным и избежать ситуаций, когда выпускники не могут сдать экзамены в своих странах. Государство берет процесс под контроль, чтобы улучшить репутацию кыргызских вузов и не попадать в ""черные списки"" снова.",kaktus.media,https://kaktus.media/doc/545060_gosmonopoliia_na_medobrazovanie_i_akkreditaciia_vyzov._chto_ob_etom_izvestno_na_segodnia.html,2026-05-01T18:57:59+06:00,kyrgyz,0,high,news_site
abf0216f-b32e-4373-b531-7e2d48964b8f,В селе Гавриловка произошло жесткое ДТП (видео),"В селе Гавриловка, неподалеку от Бишкека, вечером 3 мая произошло ДТП с участием двух легковых автомобилей. Об этом сообщили очевидцы. По их данным, авария произошла возле общественной остановки. После столкновения одна из машин частично вылетела на обочину. В результате ДТП пострадали несколько человек. Об их состоянии на данный момент неизвестно. Обстоятельства аварии уточняются.",kaktus.media,https://kaktus.media/doc/545559_v_sele_gavrilovka_proizoshlo_jestkoe_dtp_video.html,2026-05-04T13:40:36+06:00,kyrgyz,0,high,news_site
bebc3fd9-f946-44a3-a748-64229ee924ec,Гид Kaktus. Частные школы Бишкека с эффективными технологиями обучения,"Вы подумываете отдать ребенка в частную школу? РедакцияKaktus.mediaсобрала информацию о частных школах, которые предлагают особые методики обучения. Частная школа полного дня Smart School ведет набор с 1-го по 12-й класс. Детей и их родителей ждут высококвалифицированный состав преподавателей, эффективные технологии обучения, языковые и математические классы, индивидуальный подход. Smart School - это: высококвалифицированный состав преподавателей;эффективные технологии обучения;углубленное изучение английского и математики;дополнительные занятия в расписании;вкусное и сбалансированное питание.Помимо основных дисциплин, предоставляются дополнительные занятия, работают развивающие секции, организовывается досуг школьников.Адрес:ул. Койбагарова, 71.Телефоны:0776 16 78 18, 0555 33 63 94.Соцсети:Instagram:@smart_school_edu.Классы:с 1-го по 12-й класс.Стоимость обучения в год:320 000 сомов.Вступительный взнос:нет.Членский взнос:20 000 сомов (все канцелярские принадлежности, рюкзак, верхняя школьная форма - 6 шт., выездные экскурсии).Количество учеников в классе:20-24.Допуроки:кыргызский, английский и китайский языки, логика, шахматы, робототехника, хореография, логопед, заниматика, steam.Время пребывания в школе:с 08:00 до 17:00.Питание, включенное в стоимость:трехразовое.Секции:комуз, рукоделие, волейбол - 1 000 сомов в месяц; робототехника, шахматы, актерское мастерство, фортепиано, танцы, таэквондо, футбол - 2 000 сомов в месяц.Трансфер:есть, оплачивается отдельно - 5 000 сомов.Язык обучения:русский.Smart School.Smart School.Smart School.1из3Частная школа ""Светоч""Частная школа полного дня ""Светоч"" - одна из ведущих школ Бишкека, более 15 лет формирующая высокие стандарты частного образования.В 2025 году школа ""Светоч"" заняла1-е место в независимом рейтингечастных школ Бишкека в категории ""Школа полного цикла"", подтвердив свою репутацию сильного академического и воспитательного пространства.По теме:В Кыргызстане впервые проведен профессиональный независимый рейтинг частных школ БишкекаШкола работает в формате полного дня - с 08:00 до 17:00, что позволяет сочетать глубокую академическую подготовку с гармоничным развитием личности ребенка. Образовательный процесс выстроен так, чтобы каждый ученик двигался по индивидуальному образовательному маршруту, раскрывая свои способности, интересы и потенциал.Помимо базовых дисциплин, школа уделяет особое внимание навыкам XXI века, необходимым для успешной жизни и карьеры:критическому мышлению;коммуникации;работе в команде;самостоятельности и ответственности в обучении.Академическая программа включает:углубленное изучение математики и STEM-дисциплин;английский язык по кембриджской программе;второй иностранный язык по выбору: французский или китайский;основы программирования;предпринимательство и финансовую грамотность.В школе активно развивается ученическое самоуправление. Работает школьный парламент, где ученики участвуют в обсуждении школьных инициатив, учатся принимать решения, выступать публично и брать ответственность за общие проекты.Также действуют дебатный клуб, футбольная команда и шахматный клуб, развивающие стратегическое мышление, лидерство и культуру аргументированного диалога. После 17:00 ученики могут посещать разнообразные спортивные и творческие секции: ушу, футбол, художественную гимнастику, изостудию, театральную студию и гончарный класс. Для удобства семей действует система развоза.У школы собственное современное здание, охраняемая территория и стабильный профессиональный педагогический коллектив. Классы малокомплектные: до 24 учеников, а в начальной школе работают два педагога на класс, что позволяет уделять внимание каждому ребенку и поддерживать высокий уровень обучения.Миссия школы - не только передавать знания, но и воспитывать уверенных, самостоятельных и думающих людей, способных принимать решения и справляться с жизненными задачами без постоянной помощи взрослых.""Светоч"" готовит детей не только к экзаменам - мы готовим их к жизни.Адрес:ул. Белорусская, 102/2.Телефон:0555 166 111.Соцсети:Instagram: @ok_svetoch.Сайт:https://svetoch.kg.Классы:с 1-го по 12-й.Стоимость обучения:от 30 000 до 45 000 сомов в месяц (в зависимости от класса), оплата за девять месяцев.Вступительный и ежегодный взносы:отсутствуют.Количество учеников в классе:до 24. В начальной школе работают два педагога на класс.Допуроки:шахматы, хореография, французский язык (второй иностранный), Talking Club (разговорный английский), soft skills, финансовая грамотность, основы программирования.Время пребывания в школе:с 08:30 до 17:00, с 17:00 до 18:00 - секции.Питание, включенное в стоимость:трехразовое.Секции:ушу, художественная гимнастика, футбол, изостудия, театральная студия, гончарный класс.Трансфер:есть, за дополнительную плату.Язык обучения:обучение ведется на русском языке, с большим вниманием к кыргызскому языку и углубленному изучению английского.Школа ""Светоч"".Школа ""Светоч"".Школа ""Светоч"".Школа ""Светоч"".Школа ""Светоч"".Школа ""Светоч"".1из6""ЭРУДИТ – ISIT""""ЭРУДИТ - INTERNATIONAL SCHOOL OF INNOVATIVE TECHNOLOGIES"" - школа создала лучшую образовательную программу, учитывающую каждую возрастную категорию и дающую возможность каждому ребенку получить блестящее образование международного уровня. ""ЭРУДИТ – ISIT"" – это не как можно больше информации обо всем на свете, это самая важная информация об основных явлениях – то, что обязательно пригодится в жизни вне зависимости от будущей профессии. ""ЭРУДИТ – ISIT"" работает на знания, а не на оценки. Готовят три направления: бизнес-управление, финансы, медицина и IT.Английский язык от 1,5 до 3 часов в день в зависимости от класса.С начальной школы - робототехника, программирование, история и бизнес для детей.С 5-го класса - science и talking club преподают носители.С 7-го класса начинается подготовка к TOEFL.Большое внимание уделяют предметам, развивающим SOFT SKlLLS.Участие в научных международных проектах и олимпиадах.В ""ЭРУДИТ – ISIT"" работают только опытные и высококвалифицированные педагоги, владеющие глубокими знаниями и современной методикой обучения. Триместровая система и переход на новый формат оценивания, повышающие уровень мотивации. Международная школа инновационных технологий - это пространство возможностей, исследования и практики.""Эрудит"" - если быть, то быть первым!Адрес:ул. Каралаева, 21.Телефоны:0553 10 35 35, 0555 40 00 50.Соцсети:Instagram:@erudite_isit.Сайт:https://erudite-school.tilda.ws.Классы:с 1-го по 12-й класс.Стоимость обучения:от 315 000 сомов в год (в зависимости от класса).Вступительный взнос:нет.Ежегодный взнос:есть. Включает в себя: закуп нового оборудования, износ и амортизация мебели, оборудования и техники, техническая поддержка и сервисное обслуживание в течение года оборудования и техники, оснащение лабораторий химии и физики реактивами, посудой и комплектующими, дополнительные приложения к интерактивным доскам.Количество учеников в классе:до 20 учеников, в начальной школе по два педагога на класс.Допуроки:школа работает без единого репетитора извне. В основную программу включены шахматы, робототехника, хореография, музыка, МХК, нейрокомплекс, science и talking club, полная подготовка к TOEFL, предметы, развивающие SOFT SKlLLS, лидерство и переговоры, основы предпринимательства, Debate.Время пребывания в школе:с 08:00 до 17:30.Питание:трехразовое, оплачивается отдельно.Секции:после 17:30 – таэквондо, гимнастика, волейбол, баскетбол.Развоз:есть, за дополнительную плату.Язык обучения:обучение ведется на русском языке, отдельные предметы - на английском языке (вторая программа Cambridge). Большое внимание уделяется изучению кыргызского языка.1из14УВК ""Приоритет""УВК ""Приоритет"" входит в число лучших частных школ Бишкека по академическим и олимпиадным результатам и в топ-10 сильнейших школ по итогам международных математических олимпиад Bilimtech.Ученики школы являются призерами Национальной олимпиады Кыргызской Республики. В этом году команда школы заняла 3-е место в стране на престижной олимпиаде AMC 8. Только за последний учебный год (2025/2026) учащиеся завоевали более 70 международных медалей по математике, английскому языку и другим предметам.Школа ""Приоритет"" входит втоп-5 лучших школ по версии EdNet- независимого образовательного портала, ежегодно анализирующего учебные заведения. Рейтинг формируется по оригинальной методологии, основанной на опыте оценки школ США, Великобритании, ОАЭ, России и других стран.Основой обучения является сильная математическая база, углубленное изучение английского языка, а также развитие логического, стратегического и критического мышления и soft skills. При этом школа уделяет особое внимание раскрытию индивидуального потенциала каждого ребенка.В школе ""Приоритет"" создана поддерживающая и безопасная образовательная среда, где важен каждый ребенок. Педагоги помогают ученикам раскрывать таланты, развивать уверенность в себе и формировать внутреннюю мотивацию к знаниям.Отличительные особенности школы: гимназическая программа, сотрудничество с европейскими университетами, проектное образование, мотивационная система оценивания.Адреса:первый филиал: пр. Ч. Айтматова, 56 / Айни; второй филиал: пр. Молодой Гвардии, 37а / Токтогула; третий филиал: мкр. ""Улан-2"", 25/1.Телефоны:0703 01 92 65, 0703 54 45 45.Соцсети:Instagram:@prioritet.shkola.kg, Facebook:@prioritetschool.Классы:с 1-го по 12-й класс.Допуроки:дополнительные уроки по основным предметам, подготовка к TOEFL и IELTS, Talking club, олимпиадный резерв (подготовка к олимпиадам), Art Club, курс финансовой грамотности.Стоимость обучения:$4 100 - годовая оплата.Вступительный взнос:$160 однократно.Ежегодный взнос:нет.Количество учеников в классе:20-24.Время пребывания в школе:с 08:00 до 18:00.Питание, включенное в стоимость:сбалансированное, полезное, трехразовое.Секции:футбол, хореография, таэквондо, волейбол, актерское мастерство, рукоделие, кулинария, шахматы, танцы, чирлидинг, комуз, дебаты и др.Трансфер:есть, за дополнительную плату.Язык обучения:обучение ведется на русском языке, с углубленным изучением английского языка.УВК ""Приоритет"".УВК ""Приоритет"".УВК ""Приоритет"".УВК ""Приоритет"".УВК ""Приоритет"".УВК ""Приоритет"".УВК ""Приоритет"".1из9""Абитуриент плюс""Частная начальная школа ""Абитуриент плюс"" - школа сильного академического фундамента, работающая в Бишкеке с 2014 года и специализирующаяся на обучении детей 1–4-х классов.В 2025 году ""Абитуриент плюс"" заняла1-е место в независимом рейтинге частных школБишкека в категории ""Начальная школа (1–4-й классы)"", подтвердив высокий уровень подготовки учеников и доверие родителей.Школа удобно расположена в центре города, что делает ее доступной для семей из разных районов. Для родителей предусмотрена удобная парковка, позволяющая комфортно привозить и забирать детей.Образовательная программа школы направлена на формирование сильной академической базы. Особое внимание уделяется углубленному изучению математики, развитию логического мышления, внимательности и навыков решения задач.В учебную программу также входят:английский язык по кембриджской программе:французский язык как второй иностранный со 2-го класса;предмет Soft Skills, направленный на развитие коммуникации, эмоционального интеллекта и навыков взаимодействия;сопровождение школьного психолога, помогающего детям мягко адаптироваться к школьной среде и учебной нагрузке.Одним из ключевых преимуществ школы является сильный педагогический состав. Учителя имеют большой опыт работы в начальном образовании и умеют выстраивать учебный процесс так, чтобы ребенок не только усваивал программу, но и формировал учебную дисциплину, усидчивость и уверенность в собственных силах.Результаты обучения подтверждаются объективными показателями: ученики школы демонстрируют стабильно высокие результаты независимого образовательного мониторинга НООДУ, где качество знаний не опускается ниже 75%.Для комфортного обучения и развития детей школа располагает современной инфраструктурой.На территории школы находится собственное футбольное поле, где проходят занятия физической культурой и спортивные тренировки.В школе организовано правильное и сбалансированное питание, соответствующее возрастным потребностям детей.Особое внимание уделяется адаптации первоклассников. Для учеников 1-х классов по новой 12-летней системе обучения предусмотрено отдельное здание, что позволяет создать более спокойную образовательную среду, соблюдать режим дня и обеспечить мягкий переход ребенка к школьной жизни.Классы в школе малокомплектные, что позволяет учителям уделять внимание каждому ученику и сопровождать его академическое развитие.""Абитуриент плюс"" - это школа, где формируется фундамент будущих успехов ребенка.Здесь дети получают сильную начальную подготовку, которая становится прочной основой для дальнейшего обучения и развития.Адрес:ул. Исанова, 4.Телефоны:0312 31 63 70, 0551 40 41 42.Соцсети:Instagram:@abiturient_kg/.Сайт:https://abiturient.kg.Классы:с 1-го по 4-й класс.Стоимость обучения:40 000 сомов в месяц, оплачивается девять месяцев.Вступительный и ежегодный взносы:нет.Количество учеников в классе:до 24 учеников.Допуроки:шахматы, хореография, музыка, Talking club, Soft skills.Время пребывания в школе:с 08:30 до 17:00.Питание, включенное в стоимость:трехразовое.Секции:ушу, художественная гимнастика, изостудия, шахматный клуб, робототехника.Трансфер:нет.Язык обучения:обучение ведется на русском языке с углубленным изучением английского языка по кембриджской системе. Большое внимание уделяется изучению кыргызского языка. Второй иностранный язык - французский.Начальная школа ""Абитуриент плюс"".Начальная школа ""Абитуриент плюс"".Начальная школа ""Абитуриент плюс"".Начальная школа ""Абитуриент плюс"".Начальная школа ""Абитуриент плюс"".1из5""Точка роста""Учебно-воспитательный комплекс ""Точка роста"" - это современное образовательное пространство, где академические знания сочетаются с развитием креативного мышления, исследовательских навыков и уверенности в себе. Наша задача - не только дать ребенку сильную базу знаний, но и сформировать компетенции, которые будут востребованы в будущем.Образовательный процесс в школе строится на STEAM-подходе, объединяющем науку, технологии, инженерию, искусство и математику. Такой формат обучения развивает у детей системное мышление, умение анализировать, экспериментировать и находить решения.Особое внимание уделяется английскому языку. В расписании предусмотрены занятия с носителями языка, что позволяет ученикам погружаться в языковую среду, развивать свободную разговорную речь и уверенно использовать английский в реальном общении.Важной частью программы является курс Social Studies, который расширяет кругозор учащихся и формирует понимание современных общественных процессов, мировой культуры и глобального контекста. Ученики учатся рассуждать, аргументировать свою позицию и видеть взаимосвязи между событиями.Значительное место в образовательной программе занимает проектная деятельность. Работа над проектами развивает у детей навыки исследования, командного взаимодействия, публичных выступлений и самостоятельного мышления - ключевые компетенции XXI века.Школа ""Точка роста"" создает среду, в которой дети становятся интеллектуально сильными, самостоятельными и конкурентными в современном мире, а также развивают уверенность в своих возможностях, получая образование, ориентированное на высокий результат и успешное будущее.Адрес:с. Кок-Жар, ул. Бейшена Егимбаева, 147.Телефоны:0999 55 61 16, 0557 55 61 16.Соцсети:Instagram:@tochkarostaschool.kg.Сайт:https://tochka-rosta.kg.Классы:1-12-й классы.Стоимость обучения:37 000 сомов в месяц, или 333 000 сомов в год.Ежегодный взнос:9 000 сомов (входят комплект формы и аренда учебников).Количество учеников в классе:до 24.Допуроки:шахматы, хореография, Social Studies, уроки по детской безопасности.Время пребывания в школе:с 08:00 до 16:30, допкружки и секции - с 16:30 до 18:00.Питание, включенное в стоимость:трехразовое, разработанное с нутрициологом.Секции:футбол, рукоделие, вязание, художественная студия, таэквондо, танцы, хоровое пение, ушу - кунг-фу, гимнастика, хореография, English club, корейский язык.Трансфер:есть, оплачивается отдельно.Язык обучения:русский.1из2American-European SchoolAmerican-European School - современная частная школа с обучением с 1-го до 12-го класса, ориентированная на углубленное изучение математики и английского языка.Преимущества школы:штатные психолог и логопед;10 видов кружков;выполнение домашних заданий под контролем учителей;электронный дневник;подготовка к поступлению в зарубежные вузы.Школа объединяет европейские и американские образовательные подходы, создавая сильную академическую базу и комфортную среду для развития каждого ученика.Адрес:ул. Бегматова, 65.Телефоны:0559 990 364, 0704 750 075.Соцсети:Instagram:@aes.kg.Классы:с 1-го по 12-й класс.Стоимость обучения в год:$5 000.Вступительный взнос:нет.Членский взнос:3 000 сомов (депозит за книги).Количество учеников в классе:20-22.Допуроки:подготовка к олимпиадам, по всем предметам, углубленная математика, подготовка к НЦТ, ОРТ, STEAM-проекты, английский язык.Время пребывания в школе:с 08:00 до 17:00.Питание, включенное в стоимость:трехразовое.Секции, входящие в стоимость:шахматы, фортепиано, рок-группа, тхэквандо, клуб ""Юный химик"", хореография, футбол, арт-искусство.Трансфер:есть, оплачивается отдельно - от 4 600 сомов.Язык обучения:русский.1из5Kyrgyz American SchoolKyrgyz American School - это пространство, где сочетаются академическая сильная база, современные методики и глубокое уважение к кыргызской культуре и наследию.Обучение на русском языке с усиленным изучением английского и кыргызского.Мы выстраиваем обучение так, чтобы ребенок свободно владел сразу несколькими языками. Основная программа ведется на русском языке, при этом особое внимание уделяется углубленному изучению английского и кыргызского - для уверенного будущего как в международной, так и в национальной среде.STEAM-подход - обучение через практику.Школа использует современную STEAM-модель (наука, технологии, инженерия, искусство и математика), которая развивает не только знания, но и навыки будущего: критическое мышление, креативность, умение работать в команде и находить нестандартные решения.Современные методы обучения. В школе дети не заучивают - они понимают. Интерактивные уроки, проектная деятельность и индивидуальный подход помогают раскрыть потенциал каждого ученика.Комфортная среда и забота о здоровье.Школа расположена в верхней части города - это чистый воздух, тишина и безопасная атмосфера, идеально подходящая для обучения и развития детей.Воспитание через культуру и традиции. Kyrgyz American School бережно передает кыргызские ценности, традиции и культурное наследие. Дети растут с уважением к своим корням, формируя сильную личность и национальную идентичность.Адрес:ул. Институт сейсмостойкого строительства, 10.Телефон:0704 75 00 75.Соцсети:Instagram:@kyrgyz.american.school/Классы:с 1-го по 12-й класс.Стоимость обучения в год:$5 000.Вступительный взнос:нет.Членский взнос:3 000 сомов (депозит за книги).Количество учеников в классе:20-22.Допуроки:кыргызский язык, углубленный английский, подготовка к олимпиадам по всем предметам, углубленная математика, подготовка к НЦТ, ОРТ, STEAM-проекты, подготовка к поступлению в международные вузы.Время пребывания в школе:с 08:00 до 17:00.Питание, включенное в стоимость:трехразовое.Секции (входят в стоимость): тхэквондо, войлок, шахматы, хореография, искусство, футбол, фортепиано и вокал, робототехника, подготовка к олимпиадам, подготовка в НЦТ, ОРТ, подготовка к SAT, подготовка IELTS и TOEFL.Трансфер:есть, оплачивается отдельно - от 4 600 сомов.Язык обучения:русский.Kyrgyz American School.Kyrgyz American School.Kyrgyz American School.Kyrgyz American School.Kyrgyz American School.Kyrgyz American School.1из6""Келечек MIT""""Келечек MIT"" - современная частная школа с обучением с 1-го класса, ориентированная на сильную академическую базу, углубленную математику, IT-направление и трилингвальное образование.Преимущества школы:трилингвальные классы (русский/английский/кыргызский);робототехника и IT с 1-го класса;подготовка к ОРТ, IELTS, SAT;сопровождение при поступлении в зарубежные вузы;более 20 кружков и секций, включенных в стоимость;небольшие классы (20-24 ученика);современная инфраструктура (лаборатории по химии/биологии, IT и робототехнике);отдельные здания для младшей + средней школы и старшей школы (с 2026 года);охраняемая территория и видеонаблюдение;организованный трансфер;трехразовое питание (завтрак, обед и полдник).Школа работает по принципу селективного образования, формируя среду, где стремление к знаниям и высокий результат становятся нормой.Адрес:8-й микрорайон, 39.Телефоны:0709 00 46 00, 0551 00 46 00.Соцсети:Instagram:@kelechek.mit/Сайт:https://kelechek.edu.kg.Классы:с 1-го класса.Стоимость обучения:от 49 500 сомов в месяц; питание и кружки входят в стоимость.Вступительный взнос:19 500 сомов.Членский взнос:нет.Количество учеников в классе:20-24.Допуроки:олимпиадная математика, программирование, робототехника, языки, подготовка к ОРТ/IELTS/SAT, футбол, волейбол, хореография, рисование, шахматы, беби-балет.Время пребывания в школе:с 08:00 до 17:00.Питание, включенное в стоимость:трехразовое.Трансфер:есть.Язык обучения:русский, английский, кыргызский.Келечек MIT.Келечек MIT.Келечек MIT.1из3Академия будущих лидеровАкадемия будущих лидеров - современная частная школа в Бишкеке, где качественное образование сочетается с развитием личности, лидерства и мышления. Проект создан при поддержке компании Logos и команды ""Школы будущих лидеров"", которая за восемь лет помогла более 800 ученикам поступить в престижные университеты мира, включая MIT, Princeton, Columbia, UPenn и другие, с общими грантами на сумму свыше $20 млн.В прошлом году открылся первый филиал Академии будущих лидеров в мкр. ""Улан"" - современная начальная школа, быстро завоевавшая доверие родителей. Это подтвердило, что такой образовательный подход действительно востребован: сильная академическая база, индивидуальное внимание к каждому ребенку и среда, в которой детям интересно учиться, развиваться и раскрывать свой потенциал.Сегодня проект выходит на новый этап развития и открывает вторую школу - для учеников с 1-го по 11-й класс.Главная цель Академии будущих лидеров - с ранних лет готовить детей к поступлению в топовые зарубежные университеты на грант.Поэтому обучение здесь строится не только вокруг школьной программы, но и вокруг формирования прочной базы по английскому языку и математике, развитию критического мышления, лидерских качеств, самостоятельности и умения добиваться высоких результатов.Встроенная в учебный процесс система подготовки помогает каждому ученику шаг за шагом формировать сильный академический и личностный профиль, который в будущем дает реальные преимущества при поступлении в зарубежные вузы на грант.Почему выбирают Академию будущих лидеров:сильная академическая база;английский язык с первых классов;развитие критического мышления, креативности и лидерских качеств;индивидуальный подход к каждому ребенку;дружелюбная и мотивирующая атмосфера;опыт крупного образовательного проекта с международными результатами;большая менторская команда из Кыргызстана, Казахстана, США и Европы..Адрес:ул. Байтика Баатыра, 4а/8, выше парка Гейдара Алиева, рядом с новой большой мечетью.Телефон:+996 559 700 800.Соцсети: Instagram:@futureleaderskg.Классы:с 1-го по 12-й.Стоимость обучения:1–4-й классы - $4 500 в год; 5–11-й классы - $5 200.Ежегодный взнос:нет.Количество учеников в классе:20–24.Время пребывания в школе:с 08:00 до 17:00.Питание, включенное в стоимость:трехразовое.Транспорт:есть, оплачивается отдельно.Языки обучения:русский и английский.Академия будущих лидеров.Академия будущих лидеров.Академия будущих лидеров.Академия будущих лидеров.1из4 Помимо основных дисциплин, предоставляются дополнительные занятия, работают развивающие секции, организовывается досуг школьников. Адрес:ул. Койбагарова, 71.Телефоны:0776 16 78 18, 0555 33 63 94.Соцсети:Instagram:@smart_school_edu.Классы:с 1-го по 12-й класс.Стоимость обучения в год:320 000 сомов.Вступительный взнос:нет.Членский взнос:20 000 сомов (все канцелярские принадлежности, рюкзак, верхняя школьная форма - 6 шт., выездные экскурсии).Количество учеников в классе:20-24.Допуроки:кыргызский, английский и китайский языки, логика, шахматы, робототехника, хореография, логопед, заниматика, steam.Время пребывания в школе:с 08:00 до 17:00.Питание, включенное в стоимость:трехразовое.Секции:комуз, рукоделие, волейбол - 1 000 сомов в месяц; робототехника, шахматы, актерское мастерство, фортепиано, танцы, таэквондо, футбол - 2 000 сомов в месяц.Трансфер:есть, оплачивается отдельно - 5 000 сомов.Язык обучения:русский.Smart School.Smart School.Smart School.1из3Частная школа ""Светоч""Частная школа полного дня ""Светоч"" - одна из ведущих школ Бишкека, более 15 лет формирующая высокие стандарты частного образования.В 2025 году школа ""Светоч"" заняла1-е место в независимом рейтингечастных школ Бишкека в категории ""Школа полного цикла"", подтвердив свою репутацию сильного академического и воспитательного пространства.По теме:В Кыргызстане впервые проведен профессиональный независимый рейтинг частных школ БишкекаШкола работает в формате полного дня - с 08:00 до 17:00, что позволяет сочетать глубокую академическую подготовку с гармоничным развитием личности ребенка. Образовательный процесс выстроен так, чтобы каждый ученик двигался по индивидуальному образовательному маршруту, раскрывая свои способности, интересы и потенциал.Помимо базовых дисциплин, школа уделяет особое внимание навыкам XXI века, необходимым для успешной жизни и карьеры:критическому мышлению;коммуникации;работе в команде;самостоятельности и ответственности в обучении.Академическая программа включает:углубленное изучение математики и STEM-дисциплин;английский язык по кембриджской программе;второй иностранный язык по выбору: французский или китайский;основы программирования;предпринимательство и финансовую грамотность.В школе активно развивается ученическое самоуправление. Работает школьный парламент, где ученики участвуют в обсуждении школьных инициатив, учатся принимать решения, выступать публично и брать ответственность за общие проекты.Также действуют дебатный клуб, футбольная команда и шахматный клуб, развивающие стратегическое мышление, лидерство и культуру аргументированного диалога. После 17:00 ученики могут посещать разнообразные спортивные и творческие секции: ушу, футбол, художественную гимнастику, изостудию, театральную студию и гончарный класс. Для удобства семей действует система развоза.У школы собственное современное здание, охраняемая территория и стабильный профессиональный педагогический коллектив. Классы малокомплектные: до 24 учеников, а в начальной школе работают два педагога на класс, что позволяет уделять внимание каждому ребенку и поддерживать высокий уровень обучения.Миссия школы - не только передавать знания, но и воспитывать уверенных, самостоятельных и думающих людей, способных принимать решения и справляться с жизненными задачами без постоянной помощи взрослых.""Светоч"" готовит детей не только к экзаменам - мы готовим их к жизни.Адрес:ул. Белорусская, 102/2.Телефон:0555 166 111.Соцсети:Instagram: @ok_svetoch.Сайт:https://svetoch.kg.Классы:с 1-го по 12-й.Стоимость обучения:от 30 000 до 45 000 сомов в месяц (в зависимости от класса), оплата за девять месяцев.Вступительный и ежегодный взносы:отсутствуют.Количество учеников в классе:до 24. В начальной школе работают два педагога на класс.Допуроки:шахматы, хореография, французский язык (второй иностранный), Talking Club (разговорный английский), soft skills, финансовая грамотность, основы программирования.Время пребывания в школе:с 08:30 до 17:00, с 17:00 до 18:00 - секции.Питание, включенное в стоимость:трехразовое.Секции:ушу, художественная гимнастика, футбол, изостудия, театральная студия, гончарный класс.Трансфер:есть, за дополнительную плату.Язык обучения:обучение ведется на русском языке, с большим вниманием к кыргызскому языку и углубленному изучению английского.Школа ""Светоч"".Школа ""Светоч"".Школа ""Светоч"".Школа ""Светоч"".Школа ""Светоч"".Школа ""Светоч"".1из6""ЭРУДИТ – ISIT""""ЭРУДИТ - INTERNATIONAL SCHOOL OF INNOVATIVE TECHNOLOGIES"" - школа создала лучшую образовательную программу, учитывающую каждую возрастную категорию и дающую возможность каждому ребенку получить блестящее образование международного уровня. ""ЭРУДИТ – ISIT"" – это не как можно больше информации обо всем на свете, это самая важная информация об основных явлениях – то, что обязательно пригодится в жизни вне зависимости от будущей профессии. ""ЭРУДИТ – ISIT"" работает на знания, а не на оценки. Готовят три направления: бизнес-управление, финансы, медицина и IT.Английский язык от 1,5 до 3 часов в день в зависимости от класса.С начальной школы - робототехника, программирование, история и бизнес для детей.С 5-го класса - science и talking club преподают носители.С 7-го класса начинается подготовка к TOEFL.Большое внимание уделяют предметам, развивающим SOFT SKlLLS.Участие в научных международных проектах и олимпиадах.В ""ЭРУДИТ – ISIT"" работают только опытные и высококвалифицированные педагоги, владеющие глубокими знаниями и современной методикой обучения. Триместровая система и переход на новый формат оценивания, повышающие уровень мотивации. Международная школа инновационных технологий - это пространство возможностей, исследования и практики.""Эрудит"" - если быть, то быть первым!Адрес:ул. Каралаева, 21.Телефоны:0553 10 35 35, 0555 40 00 50.Соцсети:Instagram:@erudite_isit.Сайт:https://erudite-school.tilda.ws.Классы:с 1-го по 12-й класс.Стоимость обучения:от 315 000 сомов в год (в зависимости от класса).Вступительный взнос:нет.Ежегодный взнос:есть. Включает в себя: закуп нового оборудования, износ и амортизация мебели, оборудования и техники, техническая поддержка и сервисное обслуживание в течение года оборудования и техники, оснащение лабораторий химии и физики реактивами, посудой и комплектующими, дополнительные приложения к интерактивным доскам.Количество учеников в классе:до 20 учеников, в начальной школе по два педагога на класс.Допуроки:школа работает без единого репетитора извне. В основную программу включены шахматы, робототехника, хореография, музыка, МХК, нейрокомплекс, science и talking club, полная подготовка к TOEFL, предметы, развивающие SOFT SKlLLS, лидерство и переговоры, основы предпринимательства, Debate.Время пребывания в школе:с 08:00 до 17:30.Питание:трехразовое, оплачивается отдельно.Секции:после 17:30 – таэквондо, гимнастика, волейбол, баскетбол.Развоз:есть, за дополнительную плату.Язык обучения:обучение ведется на русском языке, отдельные предметы - на английском языке (вторая программа Cambridge). Большое внимание уделяется изучению кыргызского языка.1из14УВК ""Приоритет""УВК ""Приоритет"" входит в число лучших частных школ Бишкека по академическим и олимпиадным результатам и в топ-10 сильнейших школ по итогам международных математических олимпиад Bilimtech.Ученики школы являются призерами Национальной олимпиады Кыргызской Республики. В этом году команда школы заняла 3-е место в стране на престижной олимпиаде AMC 8. Только за последний учебный год (2025/2026) учащиеся завоевали более 70 международных медалей по математике, английскому языку и другим предметам.Школа ""Приоритет"" входит втоп-5 лучших школ по версии EdNet- независимого образовательного портала, ежегодно анализирующего учебные заведения. Рейтинг формируется по оригинальной методологии, основанной на опыте оценки школ США, Великобритании, ОАЭ, России и других стран.Основой обучения является сильная математическая база, углубленное изучение английского языка, а также развитие логического, стратегического и критического мышления и soft skills. При этом школа уделяет особое внимание раскрытию индивидуального потенциала каждого ребенка.В школе ""Приоритет"" создана поддерживающая и безопасная образовательная среда, где важен каждый ребенок. Педагоги помогают ученикам раскрывать таланты, развивать уверенность в себе и формировать внутреннюю мотивацию к знаниям.Отличительные особенности школы: гимназическая программа, сотрудничество с европейскими университетами, проектное образование, мотивационная система оценивания.Адреса:первый филиал: пр. Ч. Айтматова, 56 / Айни; второй филиал: пр. Молодой Гвардии, 37а / Токтогула; третий филиал: мкр. ""Улан-2"", 25/1.Телефоны:0703 01 92 65, 0703 54 45 45.Соцсети:Instagram:@prioritet.shkola.kg, Facebook:@prioritetschool.Классы:с 1-го по 12-й класс.Допуроки:дополнительные уроки по основным предметам, подготовка к TOEFL и IELTS, Talking club, олимпиадный резерв (подготовка к олимпиадам), Art Club, курс финансовой грамотности.Стоимость обучения:$4 100 - годовая оплата.Вступительный взнос:$160 однократно.Ежегодный взнос:нет.Количество учеников в классе:20-24.Время пребывания в школе:с 08:00 до 18:00.Питание, включенное в стоимость:сбалансированное, полезное, трехразовое.Секции:футбол, хореография, таэквондо, волейбол, актерское мастерство, рукоделие, кулинария, шахматы, танцы, чирлидинг, комуз, дебаты и др.Трансфер:есть, за дополнительную плату.Язык обучения:обучение ведется на русском языке, с углубленным изучением английского языка.УВК ""Приоритет"".УВК ""Приоритет"".УВК ""Приоритет"".УВК ""Приоритет"".УВК ""Приоритет"".УВК ""Приоритет"".УВК ""Приоритет"".1из9""Абитуриент плюс""Частная начальная школа ""Абитуриент плюс"" - школа сильного академического фундамента, работающая в Бишкеке с 2014 года и специализирующаяся на обучении детей 1–4-х классов.В 2025 году ""Абитуриент плюс"" заняла1-е место в независимом рейтинге частных школБишкека в категории ""Начальная школа (1–4-й классы)"", подтвердив высокий уровень подготовки учеников и доверие родителей.Школа удобно расположена в центре города, что делает ее доступной для семей из разных районов. Для родителей предусмотрена удобная парковка, позволяющая комфортно привозить и забирать детей.Образовательная программа школы направлена на формирование сильной академической базы. Особое внимание уделяется углубленному изучению математики, развитию логического мышления, внимательности и навыков решения задач.В учебную программу также входят:английский язык по кембриджской программе:французский язык как второй иностранный со 2-го класса;предмет Soft Skills, направленный на развитие коммуникации, эмоционального интеллекта и навыков взаимодействия;сопровождение школьного психолога, помогающего детям мягко адаптироваться к школьной среде и учебной нагрузке.Одним из ключевых преимуществ школы является сильный педагогический состав. Учителя имеют большой опыт работы в начальном образовании и умеют выстраивать учебный процесс так, чтобы ребенок не только усваивал программу, но и формировал учебную дисциплину, усидчивость и уверенность в собственных силах.Результаты обучения подтверждаются объективными показателями: ученики школы демонстрируют стабильно высокие результаты независимого образовательного мониторинга НООДУ, где качество знаний не опускается ниже 75%.Для комфортного обучения и развития детей школа располагает современной инфраструктурой.На территории школы находится собственное футбольное поле, где проходят занятия физической культурой и спортивные тренировки.В школе организовано правильное и сбалансированное питание, соответствующее возрастным потребностям детей.Особое внимание уделяется адаптации первоклассников. Для учеников 1-х классов по новой 12-летней системе обучения предусмотрено отдельное здание, что позволяет создать более спокойную образовательную среду, соблюдать режим дня и обеспечить мягкий переход ребенка к школьной жизни.Классы в школе малокомплектные, что позволяет учителям уделять внимание каждому ученику и сопровождать его академическое развитие.""Абитуриент плюс"" - это школа, где формируется фундамент будущих успехов ребенка.Здесь дети получают сильную начальную подготовку, которая становится прочной основой для дальнейшего обучения и развития.Адрес:ул. Исанова, 4.Телефоны:0312 31 63 70, 0551 40 41 42.Соцсети:Instagram:@abiturient_kg/.Сайт:https://abiturient.kg.Классы:с 1-го по 4-й класс.Стоимость обучения:40 000 сомов в месяц, оплачивается девять месяцев.Вступительный и ежегодный взносы:нет.Количество учеников в классе:до 24 учеников.Допуроки:шахматы, хореография, музыка, Talking club, Soft skills.Время пребывания в школе:с 08:30 до 17:00.Питание, включенное в стоимость:трехразовое.Секции:ушу, художественная гимнастика, изостудия, шахматный клуб, робототехника.Трансфер:нет.Язык обучения:обучение ведется на русском языке с углубленным изучением английского языка по кембриджской системе. Большое внимание уделяется изучению кыргызского языка. Второй иностранный язык - французский.Начальная школа ""Абитуриент плюс"".Начальная школа ""Абитуриент плюс"".Начальная школа ""Абитуриент плюс"".Начальная школа ""Абитуриент плюс"".Начальная школа ""Абитуриент плюс"".1из5""Точка роста""Учебно-воспитательный комплекс ""Точка роста"" - это современное образовательное пространство, где академические знания сочетаются с развитием креативного мышления, исследовательских навыков и уверенности в себе. Наша задача - не только дать ребенку сильную базу знаний, но и сформировать компетенции, которые будут востребованы в будущем.Образовательный процесс в школе строится на STEAM-подходе, объединяющем науку, технологии, инженерию, искусство и математику. Такой формат обучения развивает у детей системное мышление, умение анализировать, экспериментировать и находить решения.Особое внимание уделяется английскому языку. В расписании предусмотрены занятия с носителями языка, что позволяет ученикам погружаться в языковую среду, развивать свободную разговорную речь и уверенно использовать английский в реальном общении.Важной частью программы является курс Social Studies, который расширяет кругозор учащихся и формирует понимание современных общественных процессов, мировой культуры и глобального контекста. Ученики учатся рассуждать, аргументировать свою позицию и видеть взаимосвязи между событиями.Значительное место в образовательной программе занимает проектная деятельность. Работа над проектами развивает у детей навыки исследования, командного взаимодействия, публичных выступлений и самостоятельного мышления - ключевые компетенции XXI века.Школа ""Точка роста"" создает среду, в которой дети становятся интеллектуально сильными, самостоятельными и конкурентными в современном мире, а также развивают уверенность в своих возможностях, получая образование, ориентированное на высокий результат и успешное будущее.Адрес:с. Кок-Жар, ул. Бейшена Егимбаева, 147.Телефоны:0999 55 61 16, 0557 55 61 16.Соцсети:Instagram:@tochkarostaschool.kg.Сайт:https://tochka-rosta.kg.Классы:1-12-й классы.Стоимость обучения:37 000 сомов в месяц, или 333 000 сомов в год.Ежегодный взнос:9 000 сомов (входят комплект формы и аренда учебников).Количество учеников в классе:до 24.Допуроки:шахматы, хореография, Social Studies, уроки по детской безопасности.Время пребывания в школе:с 08:00 до 16:30, допкружки и секции - с 16:30 до 18:00.Питание, включенное в стоимость:трехразовое, разработанное с нутрициологом.Секции:футбол, рукоделие, вязание, художественная студия, таэквондо, танцы, хоровое пение, ушу - кунг-фу, гимнастика, хореография, English club, корейский язык.Трансфер:есть, оплачивается отдельно.Язык обучения:русский.1из2American-European SchoolAmerican-European School - современная частная школа с обучением с 1-го до 12-го класса, ориентированная на углубленное изучение математики и английского языка.Преимущества школы:штатные психолог и логопед;10 видов кружков;выполнение домашних заданий под контролем учителей;электронный дневник;подготовка к поступлению в зарубежные вузы.Школа объединяет европейские и американские образовательные подходы, создавая сильную академическую базу и комфортную среду для развития каждого ученика.Адрес:ул. Бегматова, 65.Телефоны:0559 990 364, 0704 750 075.Соцсети:Instagram:@aes.kg.Классы:с 1-го по 12-й класс.Стоимость обучения в год:$5 000.Вступительный взнос:нет.Членский взнос:3 000 сомов (депозит за книги).Количество учеников в классе:20-22.Допуроки:подготовка к олимпиадам, по всем предметам, углубленная математика, подготовка к НЦТ, ОРТ, STEAM-проекты, английский язык.Время пребывания в школе:с 08:00 до 17:00.Питание, включенное в стоимость:трехразовое.Секции, входящие в стоимость:шахматы, фортепиано, рок-группа, тхэквандо, клуб ""Юный химик"", хореография, футбол, арт-искусство.Трансфер:есть, оплачивается отдельно - от 4 600 сомов.Язык обучения:русский.1из5Kyrgyz American SchoolKyrgyz American School - это пространство, где сочетаются академическая сильная база, современные методики и глубокое уважение к кыргызской культуре и наследию.Обучение на русском языке с усиленным изучением английского и кыргызского.Мы выстраиваем обучение так, чтобы ребенок свободно владел сразу несколькими языками. Основная программа ведется на русском языке, при этом особое внимание уделяется углубленному изучению английского и кыргызского - для уверенного будущего как в международной, так и в национальной среде.STEAM-подход - обучение через практику.Школа использует современную STEAM-модель (наука, технологии, инженерия, искусство и математика), которая развивает не только знания, но и навыки будущего: критическое мышление, креативность, умение работать в команде и находить нестандартные решения.Современные методы обучения. В школе дети не заучивают - они понимают. Интерактивные уроки, проектная деятельность и индивидуальный подход помогают раскрыть потенциал каждого ученика.Комфортная среда и забота о здоровье.Школа расположена в верхней части города - это чистый воздух, тишина и безопасная атмосфера, идеально подходящая для обучения и развития детей.Воспитание через культуру и традиции. Kyrgyz American School бережно передает кыргызские ценности, традиции и культурное наследие. Дети растут с уважением к своим корням, формируя сильную личность и национальную идентичность.Адрес:ул. Институт сейсмостойкого строительства, 10.Телефон:0704 75 00 75.Соцсети:Instagram:@kyrgyz.american.school/Классы:с 1-го по 12-й класс.Стоимость обучения в год:$5 000.Вступительный взнос:нет.Членский взнос:3 000 сомов (депозит за книги).Количество учеников в классе:20-22.Допуроки:кыргызский язык, углубленный английский, подготовка к олимпиадам по всем предметам, углубленная математика, подготовка к НЦТ, ОРТ, STEAM-проекты, подготовка к поступлению в международные вузы.Время пребывания в школе:с 08:00 до 17:00.Питание, включенное в стоимость:трехразовое.Секции (входят в стоимость): тхэквондо, войлок, шахматы, хореография, искусство, футбол, фортепиано и вокал, робототехника, подготовка к олимпиадам, подготовка в НЦТ, ОРТ, подготовка к SAT, подготовка IELTS и TOEFL.Трансфер:есть, оплачивается отдельно - от 4 600 сомов.Язык обучения:русский.Kyrgyz American School.Kyrgyz American School.Kyrgyz American School.Kyrgyz American School.Kyrgyz American School.Kyrgyz American School.1из6""Келечек MIT""""Келечек MIT"" - современная частная школа с обучением с 1-го класса, ориентированная на сильную академическую базу, углубленную математику, IT-направление и трилингвальное образование.Преимущества школы:трилингвальные классы (русский/английский/кыргызский);робототехника и IT с 1-го класса;подготовка к ОРТ, IELTS, SAT;сопровождение при поступлении в зарубежные вузы;более 20 кружков и секций, включенных в стоимость;небольшие классы (20-24 ученика);современная инфраструктура (лаборатории по химии/биологии, IT и робототехнике);отдельные здания для младшей + средней школы и старшей школы (с 2026 года);охраняемая территория и видеонаблюдение;организованный трансфер;трехразовое питание (завтрак, обед и полдник).Школа работает по принципу селективного образования, формируя среду, где стремление к знаниям и высокий результат становятся нормой.Адрес:8-й микрорайон, 39.Телефоны:0709 00 46 00, 0551 00 46 00.Соцсети:Instagram:@kelechek.mit/Сайт:https://kelechek.edu.kg.Классы:с 1-го класса.Стоимость обучения:от 49 500 сомов в месяц; питание и кружки входят в стоимость.Вступительный взнос:19 500 сомов.Членский взнос:нет.Количество учеников в классе:20-24.Допуроки:олимпиадная математика, программирование, робототехника, языки, подготовка к ОРТ/IELTS/SAT, футбол, волейбол, хореография, рисование, шахматы, беби-балет.Время пребывания в школе:с 08:00 до 17:00.Питание, включенное в стоимость:трехразовое.Трансфер:есть.Язык обучения:русский, английский, кыргызский.Келечек MIT.Келечек MIT.Келечек MIT.1из3Академия будущих лидеровАкадемия будущих лидеров - современная частная школа в Бишкеке, где качественное образование сочетается с развитием личности, лидерства и мышления. Проект создан при поддержке компании Logos и команды ""Школы будущих лидеров"", которая за восемь лет помогла более 800 ученикам поступить в престижные университеты мира, включая MIT, Princeton, Columbia, UPenn и другие, с общими грантами на сумму свыше $20 млн.В прошлом году открылся первый филиал Академии будущих лидеров в мкр. ""Улан"" - современная начальная школа, быстро завоевавшая доверие родителей. Это подтвердило, что такой образовательный подход действительно востребован: сильная академическая база, индивидуальное внимание к каждому ребенку и среда, в которой детям интересно учиться, развиваться и раскрывать свой потенциал.Сегодня проект выходит на новый этап развития и открывает вторую школу - для учеников с 1-го по 11-й класс.Главная цель Академии будущих лидеров - с ранних лет готовить детей к поступлению в топовые зарубежные университеты на грант.Поэтому обучение здесь строится не только вокруг школьной программы, но и вокруг формирования прочной базы по английскому языку и математике, развитию критического мышления, лидерских качеств, самостоятельности и умения добиваться высоких результатов.Встроенная в учебный процесс система подготовки помогает каждому ученику шаг за шагом формировать сильный академический и личностный профиль, который в будущем дает реальные преимущества при поступлении в зарубежные вузы на грант.Почему выбирают Академию будущих лидеров:сильная академическая база;английский язык с первых классов;развитие критического мышления, креативности и лидерских качеств;индивидуальный подход к каждому ребенку;дружелюбная и мотивирующая атмосфера;опыт крупного образовательного проекта с международными результатами;большая менторская команда из Кыргызстана, Казахстана, США и Европы..Адрес:ул. Байтика Баатыра, 4а/8, выше парка Гейдара Алиева, рядом с новой большой мечетью.Телефон:+996 559 700 800.Соцсети: Instagram:@futureleaderskg.Классы:с 1-го по 12-й.Стоимость обучения:1–4-й классы - $4 500 в год; 5–11-й классы - $5 200.Ежегодный взнос:нет.Количество учеников в классе:20–24.Время пребывания в школе:с 08:00 до 17:00.Питание, включенное в стоимость:трехразовое.Транспорт:есть, оплачивается отдельно.Языки обучения:русский и английский.Академия будущих лидеров.Академия будущих лидеров.Академия будущих лидеров.Академия будущих лидеров.1из4 Частная школа полного дня ""Светоч"" - одна из ведущих школ Бишкека, более 15 лет формирующая высокие стандарты частного образования. В 2025 году школа ""Светоч"" заняла1-е место в независимом рейтингечастных школ Бишкека в категории ""Школа полного цикла"", подтвердив свою репутацию сильного академического и воспитательного пространства. Школа работает в формате полного дня - с 08:00 до 17:00, что позволяет сочетать глубокую академическую подготовку с гармоничным развитием личности ребенка. Образовательный процесс выстроен так, чтобы каждый ученик двигался по индивидуальному образовательному маршруту, раскрывая свои способности, интересы и потенциал. Помимо базовых дисциплин, школа уделяет особое внимание навыкам XXI века, необходимым для успешной жизни и карьеры: критическому мышлению;коммуникации;работе в команде;самостоятельности и ответственности в обучении.Академическая программа включает:углубленное изучение математики и STEM-дисциплин;английский язык по кембриджской программе;второй иностранный язык по выбору: французский или китайский;основы программирования;предпринимательство и финансовую грамотность.В школе активно развивается ученическое самоуправление. Работает школьный парламент, где ученики участвуют в обсуждении школьных инициатив, учатся принимать решения, выступать публично и брать ответственность за общие проекты.Также действуют дебатный клуб, футбольная команда и шахматный клуб, развивающие стратегическое мышление, лидерство и культуру аргументированного диалога. После 17:00 ученики могут посещать разнообразные спортивные и творческие секции: ушу, футбол, художественную гимнастику, изостудию, театральную студию и гончарный класс. Для удобства семей действует система развоза.У школы собственное современное здание, охраняемая территория и стабильный профессиональный педагогический коллектив. Классы малокомплектные: до 24 учеников, а в начальной школе работают два педагога на класс, что позволяет уделять внимание каждому ребенку и поддерживать высокий уровень обучения.Миссия школы - не только передавать знания, но и воспитывать уверенных, самостоятельных и думающих людей, способных принимать решения и справляться с жизненными задачами без постоянной помощи взрослых.""Светоч"" готовит детей не только к экзаменам - мы готовим их к жизни.Адрес:ул. Белорусская, 102/2.Телефон:0555 166 111.Соцсети:Instagram: @ok_svetoch.Сайт:https://svetoch.kg.Классы:с 1-го по 12-й.Стоимость обучения:от 30 000 до 45 000 сомов в месяц (в зависимости от класса), оплата за девять месяцев.Вступительный и ежегодный взносы:отсутствуют.Количество учеников в классе:до 24. В начальной школе работают два педагога на класс.Допуроки:шахматы, хореография, французский язык (второй иностранный), Talking Club (разговорный английский), soft skills, финансовая грамотность, основы программирования.Время пребывания в школе:с 08:30 до 17:00, с 17:00 до 18:00 - секции.Питание, включенное в стоимость:трехразовое.Секции:ушу, художественная гимнастика, футбол, изостудия, театральная студия, гончарный класс.Трансфер:есть, за дополнительную плату.Язык обучения:обучение ведется на русском языке, с большим вниманием к кыргызскому языку и углубленному изучению английского.Школа ""Светоч"".Школа ""Светоч"".Школа ""Светоч"".Школа ""Светоч"".Школа ""Светоч"".Школа ""Светоч"".1из6""ЭРУДИТ – ISIT""""ЭРУДИТ - INTERNATIONAL SCHOOL OF INNOVATIVE TECHNOLOGIES"" - школа создала лучшую образовательную программу, учитывающую каждую возрастную категорию и дающую возможность каждому ребенку получить блестящее образование международного уровня. ""ЭРУДИТ – ISIT"" – это не как можно больше информации обо всем на свете, это самая важная информация об основных явлениях – то, что обязательно пригодится в жизни вне зависимости от будущей профессии. ""ЭРУДИТ – ISIT"" работает на знания, а не на оценки. Готовят три направления: бизнес-управление, финансы, медицина и IT.Английский язык от 1,5 до 3 часов в день в зависимости от класса.С начальной школы - робототехника, программирование, история и бизнес для детей.С 5-го класса - science и talking club преподают носители.С 7-го класса начинается подготовка к TOEFL.Большое внимание уделяют предметам, развивающим SOFT SKlLLS.Участие в научных международных проектах и олимпиадах.В ""ЭРУДИТ – ISIT"" работают только опытные и высококвалифицированные педагоги, владеющие глубокими знаниями и современной методикой обучения. Триместровая система и переход на новый формат оценивания, повышающие уровень мотивации. Международная школа инновационных технологий - это пространство возможностей, исследования и практики.""Эрудит"" - если быть, то быть первым!Адрес:ул. Каралаева, 21.Телефоны:0553 10 35 35, 0555 40 00 50.Соцсети:Instagram:@erudite_isit.Сайт:https://erudite-school.tilda.ws.Классы:с 1-го по 12-й класс.Стоимость обучения:от 315 000 сомов в год (в зависимости от класса).Вступительный взнос:нет.Ежегодный взнос:есть. Включает в себя: закуп нового оборудования, износ и амортизация мебели, оборудования и техники, техническая поддержка и сервисное обслуживание в течение года оборудования и техники, оснащение лабораторий химии и физики реактивами, посудой и комплектующими, дополнительные приложения к интерактивным доскам.Количество учеников в классе:до 20 учеников, в начальной школе по два педагога на класс.Допуроки:школа работает без единого репетитора извне. В основную программу включены шахматы, робототехника, хореография, музыка, МХК, нейрокомплекс, science и talking club, полная подготовка к TOEFL, предметы, развивающие SOFT SKlLLS, лидерство и переговоры, основы предпринимательства, Debate.Время пребывания в школе:с 08:00 до 17:30.Питание:трехразовое, оплачивается отдельно.Секции:после 17:30 – таэквондо, гимнастика, волейбол, баскетбол.Развоз:есть, за дополнительную плату.Язык обучения:обучение ведется на русском языке, отдельные предметы - на английском языке (вторая программа Cambridge). Большое внимание уделяется изучению кыргызского языка.1из14УВК ""Приоритет""УВК ""Приоритет"" входит в число лучших частных школ Бишкека по академическим и олимпиадным результатам и в топ-10 сильнейших школ по итогам международных математических олимпиад Bilimtech.Ученики школы являются призерами Национальной олимпиады Кыргызской Республики. В этом году команда школы заняла 3-е место в стране на престижной олимпиаде AMC 8. Только за последний учебный год (2025/2026) учащиеся завоевали более 70 международных медалей по математике, английскому языку и другим предметам.Школа ""Приоритет"" входит втоп-5 лучших школ по версии EdNet- независимого образовательного портала, ежегодно анализирующего учебные заведения. Рейтинг формируется по оригинальной методологии, основанной на опыте оценки школ США, Великобритании, ОАЭ, России и других стран.Основой обучения является сильная математическая база, углубленное изучение английского языка, а также развитие логического, стратегического и критического мышления и soft skills. При этом школа уделяет особое внимание раскрытию индивидуального потенциала каждого ребенка.В школе ""Приоритет"" создана поддерживающая и безопасная образовательная среда, где важен каждый ребенок. Педагоги помогают ученикам раскрывать таланты, развивать уверенность в себе и формировать внутреннюю мотивацию к знаниям.Отличительные особенности школы: гимназическая программа, сотрудничество с европейскими университетами, проектное образование, мотивационная система оценивания.Адреса:первый филиал: пр. Ч. Айтматова, 56 / Айни; второй филиал: пр. Молодой Гвардии, 37а / Токтогула; третий филиал: мкр. ""Улан-2"", 25/1.Телефоны:0703 01 92 65, 0703 54 45 45.Соцсети:Instagram:@prioritet.shkola.kg, Facebook:@prioritetschool.Классы:с 1-го по 12-й класс.Допуроки:дополнительные уроки по основным предметам, подготовка к TOEFL и IELTS, Talking club, олимпиадный резерв (подготовка к олимпиадам), Art Club, курс финансовой грамотности.Стоимость обучения:$4 100 - годовая оплата.Вступительный взнос:$160 однократно.Ежегодный взнос:нет.Количество учеников в классе:20-24.Время пребывания в школе:с 08:00 до 18:00.Питание, включенное в стоимость:сбалансированное, полезное, трехразовое.Секции:футбол, хореография, таэквондо, волейбол, актерское мастерство, рукоделие, кулинария, шахматы, танцы, чирлидинг, комуз, дебаты и др.Трансфер:есть, за дополнительную плату.Язык обучения:обучение ведется на русском языке, с углубленным изучением английского языка.УВК ""Приоритет"".УВК ""Приоритет"".УВК ""Приоритет"".УВК ""Приоритет"".УВК ""Приоритет"".УВК ""Приоритет"".УВК ""Приоритет"".1из9""Абитуриент плюс""Частная начальная школа ""Абитуриент плюс"" - школа сильного академического фундамента, работающая в Бишкеке с 2014 года и специализирующаяся на обучении детей 1–4-х классов.В 2025 году ""Абитуриент плюс"" заняла1-е место в независимом рейтинге частных школБишкека в категории ""Начальная школа (1–4-й классы)"", подтвердив высокий уровень подготовки учеников и доверие родителей.Школа удобно расположена в центре города, что делает ее доступной для семей из разных районов. Для родителей предусмотрена удобная парковка, позволяющая комфортно привозить и забирать детей.Образовательная программа школы направлена на формирование сильной академической базы. Особое внимание уделяется углубленному изучению математики, развитию логического мышления, внимательности и навыков решения задач.В учебную программу также входят:английский язык по кембриджской программе:французский язык как второй иностранный со 2-го класса;предмет Soft Skills, направленный на развитие коммуникации, эмоционального интеллекта и навыков взаимодействия;сопровождение школьного психолога, помогающего детям мягко адаптироваться к школьной среде и учебной нагрузке.Одним из ключевых преимуществ школы является сильный педагогический состав. Учителя имеют большой опыт работы в начальном образовании и умеют выстраивать учебный процесс так, чтобы ребенок не только усваивал программу, но и формировал учебную дисциплину, усидчивость и уверенность в собственных силах.Результаты обучения подтверждаются объективными показателями: ученики школы демонстрируют стабильно высокие результаты независимого образовательного мониторинга НООДУ, где качество знаний не опускается ниже 75%.Для комфортного обучения и развития детей школа располагает современной инфраструктурой.На территории школы находится собственное футбольное поле, где проходят занятия физической культурой и спортивные тренировки.В школе организовано правильное и сбалансированное питание, соответствующее возрастным потребностям детей.Особое внимание уделяется адаптации первоклассников. Для учеников 1-х классов по новой 12-летней системе обучения предусмотрено отдельное здание, что позволяет создать более спокойную образовательную среду, соблюдать режим дня и обеспечить мягкий переход ребенка к школьной жизни.Классы в школе малокомплектные, что позволяет учителям уделять внимание каждому ученику и сопровождать его академическое развитие.""Абитуриент плюс"" - это школа, где формируется фундамент будущих успехов ребенка.Здесь дети получают сильную начальную подготовку, которая становится прочной основой для дальнейшего обучения и развития.Адрес:ул. Исанова, 4.Телефоны:0312 31 63 70, 0551 40 41 42.Соцсети:Instagram:@abiturient_kg/.Сайт:https://abiturient.kg.Классы:с 1-го по 4-й класс.Стоимость обучения:40 000 сомов в месяц, оплачивается девять месяцев.Вступительный и ежегодный взносы:нет.Количество учеников в классе:до 24 учеников.Допуроки:шахматы, хореография, музыка, Talking club, Soft skills.Время пребывания в школе:с 08:30 до 17:00.Питание, включенное в стоимость:трехразовое.Секции:ушу, художественная гимнастика, изостудия, шахматный клуб, робототехника.Трансфер:нет.Язык обучения:обучение ведется на русском языке с углубленным изучением английского языка по кембриджской системе. Большое внимание уделяется изучению кыргызского языка. Второй иностранный язык - французский.Начальная школа ""Абитуриент плюс"".Начальная школа ""Абитуриент плюс"".Начальная школа ""Абитуриент плюс"".Начальная школа ""Абитуриент плюс"".Начальная школа ""Абитуриент плюс"".1из5""Точка роста""Учебно-воспитательный комплекс ""Точка роста"" - это современное образовательное пространство, где академические знания сочетаются с развитием креативного мышления, исследовательских навыков и уверенности в себе. Наша задача - не только дать ребенку сильную базу знаний, но и сформировать компетенции, которые будут востребованы в будущем.Образовательный процесс в школе строится на STEAM-подходе, объединяющем науку, технологии, инженерию, искусство и математику. Такой формат обучения развивает у детей системное мышление, умение анализировать, экспериментировать и находить решения.Особое внимание уделяется английскому языку. В расписании предусмотрены занятия с носителями языка, что позволяет ученикам погружаться в языковую среду, развивать свободную разговорную речь и уверенно использовать английский в реальном общении.Важной частью программы является курс Social Studies, который расширяет кругозор учащихся и формирует понимание современных общественных процессов, мировой культуры и глобального контекста. Ученики учатся рассуждать, аргументировать свою позицию и видеть взаимосвязи между событиями.Значительное место в образовательной программе занимает проектная деятельность. Работа над проектами развивает у детей навыки исследования, командного взаимодействия, публичных выступлений и самостоятельного мышления - ключевые компетенции XXI века.Школа ""Точка роста"" создает среду, в которой дети становятся интеллектуально сильными, самостоятельными и конкурентными в современном мире, а также развивают уверенность в своих возможностях, получая образование, ориентированное на высокий результат и успешное будущее.Адрес:с. Кок-Жар, ул. Бейшена Егимбаева, 147.Телефоны:0999 55 61 16, 0557 55 61 16.Соцсети:Instagram:@tochkarostaschool.kg.Сайт:https://tochka-rosta.kg.Классы:1-12-й классы.Стоимость обучения:37 000 сомов в месяц, или 333 000 сомов в год.Ежегодный взнос:9 000 сомов (входят комплект формы и аренда учебников).Количество учеников в классе:до 24.Допуроки:шахматы, хореография, Social Studies, уроки по детской безопасности.Время пребывания в школе:с 08:00 до 16:30, допкружки и секции - с 16:30 до 18:00.Питание, включенное в стоимость:трехразовое, разработанное с нутрициологом.Секции:футбол, рукоделие, вязание, художественная студия, таэквондо, танцы, хоровое пение, ушу - кунг-фу, гимнастика, хореография, English club, корейский язык.Трансфер:есть, оплачивается отдельно.Язык обучения:русский.1из2American-European SchoolAmerican-European School - современная частная школа с обучением с 1-го до 12-го класса, ориентированная на углубленное изучение математики и английского языка.Преимущества школы:штатные психолог и логопед;10 видов кружков;выполнение домашних заданий под контролем учителей;электронный дневник;подготовка к поступлению в зарубежные вузы.Школа объединяет европейские и американские образовательные подходы, создавая сильную академическую базу и комфортную среду для развития каждого ученика.Адрес:ул. Бегматова, 65.Телефоны:0559 990 364, 0704 750 075.Соцсети:Instagram:@aes.kg.Классы:с 1-го по 12-й класс.Стоимость обучения в год:$5 000.Вступительный взнос:нет.Членский взнос:3 000 сомов (депозит за книги).Количество учеников в классе:20-22.Допуроки:подготовка к олимпиадам, по всем предметам, углубленная математика, подготовка к НЦТ, ОРТ, STEAM-проекты, английский язык.Время пребывания в школе:с 08:00 до 17:00.Питание, включенное в стоимость:трехразовое.Секции, входящие в стоимость:шахматы, фортепиано, рок-группа, тхэквандо, клуб ""Юный химик"", хореография, футбол, арт-искусство.Трансфер:есть, оплачивается отдельно - от 4 600 сомов.Язык обучения:русский.1из5Kyrgyz American SchoolKyrgyz American School - это пространство, где сочетаются академическая сильная база, современные методики и глубокое уважение к кыргызской культуре и наследию.Обучение на русском языке с усиленным изучением английского и кыргызского.Мы выстраиваем обучение так, чтобы ребенок свободно владел сразу несколькими языками. Основная программа ведется на русском языке, при этом особое внимание уделяется углубленному изучению английского и кыргызского - для уверенного будущего как в международной, так и в национальной среде.STEAM-подход - обучение через практику.Школа использует современную STEAM-модель (наука, технологии, инженерия, искусство и математика), которая развивает не только знания, но и навыки будущего: критическое мышление, креативность, умение работать в команде и находить нестандартные решения.Современные методы обучения. В школе дети не заучивают - они понимают. Интерактивные уроки, проектная деятельность и индивидуальный подход помогают раскрыть потенциал каждого ученика.Комфортная среда и забота о здоровье.Школа расположена в верхней части города - это чистый воздух, тишина и безопасная атмосфера, идеально подходящая для обучения и развития детей.Воспитание через культуру и традиции. Kyrgyz American School бережно передает кыргызские ценности, традиции и культурное наследие. Дети растут с уважением к своим корням, формируя сильную личность и национальную идентичность.Адрес:ул. Институт сейсмостойкого строительства, 10.Телефон:0704 75 00 75.Соцсети:Instagram:@kyrgyz.american.school/Классы:с 1-го по 12-й класс.Стоимость обучения в год:$5 000.Вступительный взнос:нет.Членский взнос:3 000 сомов (депозит за книги).Количество учеников в классе:20-22.Допуроки:кыргызский язык, углубленный английский, подготовка к олимпиадам по всем предметам, углубленная математика, подготовка к НЦТ, ОРТ, STEAM-проекты, подготовка к поступлению в международные вузы.Время пребывания в школе:с 08:00 до 17:00.Питание, включенное в стоимость:трехразовое.Секции (входят в стоимость): тхэквондо, войлок, шахматы, хореография, искусство, футбол, фортепиано и вокал, робототехника, подготовка к олимпиадам, подготовка в НЦТ, ОРТ, подготовка к SAT, подготовка IELTS и TOEFL.Трансфер:есть, оплачивается отдельно - от 4 600 сомов.Язык обучения:русский.Kyrgyz American School.Kyrgyz American School.Kyrgyz American School.Kyrgyz American School.Kyrgyz American School.Kyrgyz American School.1из6""Келечек MIT""""Келечек MIT"" - современная частная школа с обучением с 1-го класса, ориентированная на сильную академическую базу, углубленную математику, IT-направление и трилингвальное образование.Преимущества школы:трилингвальные классы (русский/английский/кыргызский);робототехника и IT с 1-го класса;подготовка к ОРТ, IELTS, SAT;сопровождение при поступлении в зарубежные вузы;более 20 кружков и секций, включенных в стоимость;небольшие классы (20-24 ученика);современная инфраструктура (лаборатории по химии/биологии, IT и робототехнике);отдельные здания для младшей + средней школы и старшей школы (с 2026 года);охраняемая территория и видеонаблюдение;организованный трансфер;трехразовое питание (завтрак, обед и полдник).Школа работает по принципу селективного образования, формируя среду, где стремление к знаниям и высокий результат становятся нормой.Адрес:8-й микрорайон, 39.Телефоны:0709 00 46 00, 0551 00 46 00.Соцсети:Instagram:@kelechek.mit/Сайт:https://kelechek.edu.kg.Классы:с 1-го класса.Стоимость обучения:от 49 500 сомов в месяц; питание и кружки входят в стоимость.Вступительный взнос:19 500 сомов.Членский взнос:нет.Количество учеников в классе:20-24.Допуроки:олимпиадная математика, программирование, робототехника, языки, подготовка к ОРТ/IELTS/SAT, футбол, волейбол, хореография, рисование, шахматы, беби-балет.Время пребывания в школе:с 08:00 до 17:00.Питание, включенное в стоимость:трехразовое.Трансфер:есть.Язык обучения:русский, английский, кыргызский.Келечек MIT.Келечек MIT.Келечек MIT.1из3Академия будущих лидеровАкадемия будущих лидеров - современная частная школа в Бишкеке, где качественное образование сочетается с развитием личности, лидерства и мышления. Проект создан при поддержке компании Logos и команды ""Школы будущих лидеров"", которая за восемь лет помогла более 800 ученикам поступить в престижные университеты мира, включая MIT, Princeton, Columbia, UPenn и другие, с общими грантами на сумму свыше $20 млн.В прошлом году открылся первый филиал Академии будущих лидеров в мкр. ""Улан"" - современная начальная школа, быстро завоевавшая доверие родителей. Это подтвердило, что такой образовательный подход действительно востребован: сильная академическая база, индивидуальное внимание к каждому ребенку и среда, в которой детям интересно учиться, развиваться и раскрывать свой потенциал.Сегодня проект выходит на новый этап развития и открывает вторую школу - для учеников с 1-го по 11-й класс.Главная цель Академии будущих лидеров - с ранних лет готовить детей к поступлению в топовые зарубежные университеты на грант.Поэтому обучение здесь строится не только вокруг школьной программы, но и вокруг формирования прочной базы по английскому языку и математике, развитию критического мышления, лидерских качеств, самостоятельности и умения добиваться высоких результатов.Встроенная в учебный процесс система подготовки помогает каждому ученику шаг за шагом формировать сильный академический и личностный профиль, который в будущем дает реальные преимущества при поступлении в зарубежные вузы на грант.Почему выбирают Академию будущих лидеров:сильная академическая база;английский язык с первых классов;развитие критического мышления, креативности и лидерских качеств;индивидуальный подход к каждому ребенку;дружелюбная и мотивирующая атмосфера;опыт крупного образовательного проекта с международными результатами;большая менторская команда из Кыргызстана, Казахстана, США и Европы..Адрес:ул. Байтика Баатыра, 4а/8, выше парка Гейдара Алиева, рядом с новой большой мечетью.Телефон:+996 559 700 800.Соцсети: Instagram:@futureleaderskg.Классы:с 1-го по 12-й.Стоимость обучения:1–4-й классы - $4 500 в год; 5–11-й классы - $5 200.Ежегодный взнос:нет.Количество учеников в классе:20–24.Время пребывания в школе:с 08:00 до 17:00.Питание, включенное в стоимость:трехразовое.Транспорт:есть, оплачивается отдельно.Языки обучения:русский и английский.Академия будущих лидеров.Академия будущих лидеров.Академия будущих лидеров.Академия будущих лидеров.1из4 Академическая программа включает:углубленное изучение математики и STEM-дисциплин;английский язык по кембриджской программе;второй иностранный язык по выбору: французский или китайский;основы программирования;предпринимательство и финансовую грамотность.В школе активно развивается ученическое самоуправление. Работает школьный парламент, где ученики участвуют в обсуждении школьных инициатив, учатся принимать решения, выступать публично и брать ответственность за общие проекты.Также действуют дебатный клуб, футбольная команда и шахматный клуб, развивающие стратегическое мышление, лидерство и культуру аргументированного диалога. После 17:00 ученики могут посещать разнообразные спортивные и творческие секции: ушу, футбол, художественную гимнастику, изостудию, театральную студию и гончарный класс. Для удобства семей действует система развоза.У школы собственное современное здание, охраняемая территория и стабильный профессиональный педагогический коллектив. Классы малокомплектные: до 24 учеников, а в начальной школе работают два педагога на класс, что позволяет уделять внимание каждому ребенку и поддерживать высокий уровень обучения.Миссия школы - не только передавать знания, но и воспитывать уверенных, самостоятельных и думающих людей, способных принимать решения и справляться с жизненными задачами без постоянной помощи взрослых.""Светоч"" готовит детей не только к экзаменам - мы готовим их к жизни.Адрес:ул. Белорусская, 102/2.Телефон:0555 166 111.Соцсети:Instagram: @ok_svetoch.Сайт:https://svetoch.kg.Классы:с 1-го по 12-й.Стоимость обучения:от 30 000 до 45 000 сомов в месяц (в зависимости от класса), оплата за девять месяцев.Вступительный и ежегодный взносы:отсутствуют.Количество учеников в классе:до 24. В начальной школе работают два педагога на класс.Допуроки:шахматы, хореография, французский язык (второй иностранный), Talking Club (разговорный английский), soft skills, финансовая грамотность, основы программирования.Время пребывания в школе:с 08:30 до 17:00, с 17:00 до 18:00 - секции.Питание, включенное в стоимость:трехразовое.Секции:ушу, художественная гимнастика, футбол, изостудия, театральная студия, гончарный класс.Трансфер:есть, за дополнительную плату.Язык обучения:обучение ведется на русском языке, с большим вниманием к кыргызскому языку и углубленному изучению английского.Школа ""Светоч"".Школа ""Светоч"".Школа ""Светоч"".Школа ""Светоч"".Школа ""Светоч"".Школа ""Светоч"".1из6""ЭРУДИТ – ISIT""""ЭРУДИТ - INTERNATIONAL SCHOOL OF INNOVATIVE TECHNOLOGIES"" - школа создала лучшую образовательную программу, учитывающую каждую возрастную категорию и дающую возможность каждому ребенку получить блестящее образование международного уровня. ""ЭРУДИТ – ISIT"" – это не как можно больше информации обо всем на свете, это самая важная информация об основных явлениях – то, что обязательно пригодится в жизни вне зависимости от будущей профессии. ""ЭРУДИТ – ISIT"" работает на знания, а не на оценки. Готовят три направления: бизнес-управление, финансы, медицина и IT.Английский язык от 1,5 до 3 часов в день в зависимости от класса.С начальной школы - робототехника, программирование, история и бизнес для детей.С 5-го класса - science и talking club преподают носители.С 7-го класса начинается подготовка к TOEFL.Большое внимание уделяют предметам, развивающим SOFT SKlLLS.Участие в научных международных проектах и олимпиадах.В ""ЭРУДИТ – ISIT"" работают только опытные и высококвалифицированные педагоги, владеющие глубокими знаниями и современной методикой обучения. Триместровая система и переход на новый формат оценивания, повышающие уровень мотивации. Международная школа инновационных технологий - это пространство возможностей, исследования и практики.""Эрудит"" - если быть, то быть первым!Адрес:ул. Каралаева, 21.Телефоны:0553 10 35 35, 0555 40 00 50.Соцсети:Instagram:@erudite_isit.Сайт:https://erudite-school.tilda.ws.Классы:с 1-го по 12-й класс.Стоимость обучения:от 315 000 сомов в год (в зависимости от класса).Вступительный взнос:нет.Ежегодный взнос:есть. Включает в себя: закуп нового оборудования, износ и амортизация мебели, оборудования и техники, техническая поддержка и сервисное обслуживание в течение года оборудования и техники, оснащение лабораторий химии и физики реактивами, посудой и комплектующими, дополнительные приложения к интерактивным доскам.Количество учеников в классе:до 20 учеников, в начальной школе по два педагога на класс.Допуроки:школа работает без единого репетитора извне. В основную программу включены шахматы, робототехника, хореография, музыка, МХК, нейрокомплекс, science и talking club, полная подготовка к TOEFL, предметы, развивающие SOFT SKlLLS, лидерство и переговоры, основы предпринимательства, Debate.Время пребывания в школе:с 08:00 до 17:30.Питание:трехразовое, оплачивается отдельно.Секции:после 17:30 – таэквондо, гимнастика, волейбол, баскетбол.Развоз:есть, за дополнительную плату.Язык обучения:обучение ведется на русском языке, отдельные предметы - на английском языке (вторая программа Cambridge). Большое внимание уделяется изучению кыргызского языка.1из14УВК ""Приоритет""УВК ""Приоритет"" входит в число лучших частных школ Бишкека по академическим и олимпиадным результатам и в топ-10 сильнейших школ по итогам международных математических олимпиад Bilimtech.Ученики школы являются призерами Национальной олимпиады Кыргызской Республики. В этом году команда школы заняла 3-е место в стране на престижной олимпиаде AMC 8. Только за последний учебный год (2025/2026) учащиеся завоевали более 70 международных медалей по математике, английскому языку и другим предметам.Школа ""Приоритет"" входит втоп-5 лучших школ по версии EdNet- независимого образовательного портала, ежегодно анализирующего учебные заведения. Рейтинг формируется по оригинальной методологии, основанной на опыте оценки школ США, Великобритании, ОАЭ, России и других стран.Основой обучения является сильная математическая база, углубленное изучение английского языка, а также развитие логического, стратегического и критического мышления и soft skills. При этом школа уделяет особое внимание раскрытию индивидуального потенциала каждого ребенка.В школе ""Приоритет"" создана поддерживающая и безопасная образовательная среда, где важен каждый ребенок. Педагоги помогают ученикам раскрывать таланты, развивать уверенность в себе и формировать внутреннюю мотивацию к знаниям.Отличительные особенности школы: гимназическая программа, сотрудничество с европейскими университетами, проектное образование, мотивационная система оценивания.Адреса:первый филиал: пр. Ч. Айтматова, 56 / Айни; второй филиал: пр. Молодой Гвардии, 37а / Токтогула; третий филиал: мкр. ""Улан-2"", 25/1.Телефоны:0703 01 92 65, 0703 54 45 45.Соцсети:Instagram:@prioritet.shkola.kg, Facebook:@prioritetschool.Классы:с 1-го по 12-й класс.Допуроки:дополнительные уроки по основным предметам, подготовка к TOEFL и IELTS, Talking club, олимпиадный резерв (подготовка к олимпиадам), Art Club, курс финансовой грамотности.Стоимость обучения:$4 100 - годовая оплата.Вступительный взнос:$160 однократно.Ежегодный взнос:нет.Количество учеников в классе:20-24.Время пребывания в школе:с 08:00 до 18:00.Питание, включенное в стоимость:сбалансированное, полезное, трехразовое.Секции:футбол, хореография, таэквондо, волейбол, актерское мастерство, рукоделие, кулинария, шахматы, танцы, чирлидинг, комуз, дебаты и др.Трансфер:есть, за дополнительную плату.Язык обучения:обучение ведется на русском языке, с углубленным изучением английского языка.УВК ""Приоритет"".УВК ""Приоритет"".УВК ""Приоритет"".УВК ""Приоритет"".УВК ""Приоритет"".УВК ""Приоритет"".УВК ""Приоритет"".1из9""Абитуриент плюс""Частная начальная школа ""Абитуриент плюс"" - школа сильного академического фундамента, работающая в Бишкеке с 2014 года и специализирующаяся на обучении детей 1–4-х классов.В 2025 году ""Абитуриент плюс"" заняла1-е место в независимом рейтинге частных школБишкека в категории ""Начальная школа (1–4-й классы)"", подтвердив высокий уровень подготовки учеников и доверие родителей.Школа удобно расположена в центре города, что делает ее доступной для семей из разных районов. Для родителей предусмотрена удобная парковка, позволяющая комфортно привозить и забирать детей.Образовательная программа школы направлена на формирование сильной академической базы. Особое внимание уделяется углубленному изучению математики, развитию логического мышления, внимательности и навыков решения задач.В учебную программу также входят:английский язык по кембриджской программе:французский язык как второй иностранный со 2-го класса;предмет Soft Skills, направленный на развитие коммуникации, эмоционального интеллекта и навыков взаимодействия;сопровождение школьного психолога, помогающего детям мягко адаптироваться к школьной среде и учебной нагрузке.Одним из ключевых преимуществ школы является сильный педагогический состав. Учителя имеют большой опыт работы в начальном образовании и умеют выстраивать учебный процесс так, чтобы ребенок не только усваивал программу, но и формировал учебную дисциплину, усидчивость и уверенность в собственных силах.Результаты обучения подтверждаются объективными показателями: ученики школы демонстрируют стабильно высокие результаты независимого образовательного мониторинга НООДУ, где качество знаний не опускается ниже 75%.Для комфортного обучения и развития детей школа располагает современной инфраструктурой.На территории школы находится собственное футбольное поле, где проходят занятия физической культурой и спортивные тренировки.В школе организовано правильное и сбалансированное питание, соответствующее возрастным потребностям детей.Особое внимание уделяется адаптации первоклассников. Для учеников 1-х классов по новой 12-летней системе обучения предусмотрено отдельное здание, что позволяет создать более спокойную образовательную среду, соблюдать режим дня и обеспечить мягкий переход ребенка к школьной жизни.Классы в школе малокомплектные, что позволяет учителям уделять внимание каждому ученику и сопровождать его академическое развитие.""Абитуриент плюс"" - это школа, где формируется фундамент будущих успехов ребенка.Здесь дети получают сильную начальную подготовку, которая становится прочной основой для дальнейшего обучения и развития.Адрес:ул. Исанова, 4.Телефоны:0312 31 63 70, 0551 40 41 42.Соцсети:Instagram:@abiturient_kg/.Сайт:https://abiturient.kg.Классы:с 1-го по 4-й класс.Стоимость обучения:40 000 сомов в месяц, оплачивается девять месяцев.Вступительный и ежегодный взносы:нет.Количество учеников в классе:до 24 учеников.Допуроки:шахматы, хореография, музыка, Talking club, Soft skills.Время пребывания в школе:с 08:30 до 17:00.Питание, включенное в стоимость:трехразовое.Секции:ушу, художественная гимнастика, изостудия, шахматный клуб, робототехника.Трансфер:нет.Язык обучения:обучение ведется на русском языке с углубленным изучением английского языка по кембриджской системе. Большое внимание уделяется изучению кыргызского языка. Второй иностранный язык - французский.Начальная школа ""Абитуриент плюс"".Начальная школа ""Абитуриент плюс"".Начальная школа ""Абитуриент плюс"".Начальная школа ""Абитуриент плюс"".Начальная школа ""Абитуриент плюс"".1из5""Точка роста""Учебно-воспитательный комплекс ""Точка роста"" - это современное образовательное пространство, где академические знания сочетаются с развитием креативного мышления, исследовательских навыков и уверенности в себе. Наша задача - не только дать ребенку сильную базу знаний, но и сформировать компетенции, которые будут востребованы в будущем.Образовательный процесс в школе строится на STEAM-подходе, объединяющем науку, технологии, инженерию, искусство и математику. Такой формат обучения развивает у детей системное мышление, умение анализировать, экспериментировать и находить решения.Особое внимание уделяется английскому языку. В расписании предусмотрены занятия с носителями языка, что позволяет ученикам погружаться в языковую среду, развивать свободную разговорную речь и уверенно использовать английский в реальном общении.Важной частью программы является курс Social Studies, который расширяет кругозор учащихся и формирует понимание современных общественных процессов, мировой культуры и глобального контекста. Ученики учатся рассуждать, аргументировать свою позицию и видеть взаимосвязи между событиями.Значительное место в образовательной программе занимает проектная деятельность. Работа над проектами развивает у детей навыки исследования, командного взаимодействия, публичных выступлений и самостоятельного мышления - ключевые компетенции XXI века.Школа ""Точка роста"" создает среду, в которой дети становятся интеллектуально сильными, самостоятельными и конкурентными в современном мире, а также развивают уверенность в своих возможностях, получая образование, ориентированное на высокий результат и успешное будущее.Адрес:с. Кок-Жар, ул. Бейшена Егимбаева, 147.Телефоны:0999 55 61 16, 0557 55 61 16.Соцсети:Instagram:@tochkarostaschool.kg.Сайт:https://tochka-rosta.kg.Классы:1-12-й классы.Стоимость обучения:37 000 сомов в месяц, или 333 000 сомов в год.Ежегодный взнос:9 000 сомов (входят комплект формы и аренда учебников).Количество учеников в классе:до 24.Допуроки:шахматы, хореография, Social Studies, уроки по детской безопасности.Время пребывания в школе:с 08:00 до 16:30, допкружки и секции - с 16:30 до 18:00.Питание, включенное в стоимость:трехразовое, разработанное с нутрициологом.Секции:футбол, рукоделие, вязание, художественная студия, таэквондо, танцы, хоровое пение, ушу - кунг-фу, гимнастика, хореография, English club, корейский язык.Трансфер:есть, оплачивается отдельно.Язык обучения:русский.1из2American-European SchoolAmerican-European School - современная частная школа с обучением с 1-го до 12-го класса, ориентированная на углубленное изучение математики и английского языка.Преимущества школы:штатные психолог и логопед;10 видов кружков;выполнение домашних заданий под контролем учителей;электронный дневник;подготовка к поступлению в зарубежные вузы.Школа объединяет европейские и американские образовательные подходы, создавая сильную академическую базу и комфортную среду для развития каждого ученика.Адрес:ул. Бегматова, 65.Телефоны:0559 990 364, 0704 750 075.Соцсети:Instagram:@aes.kg.Классы:с 1-го по 12-й класс.Стоимость обучения в год:$5 000.Вступительный взнос:нет.Членский взнос:3 000 сомов (депозит за книги).Количество учеников в классе:20-22.Допуроки:подготовка к олимпиадам, по всем предметам, углубленная математика, подготовка к НЦТ, ОРТ, STEAM-проекты, английский язык.Время пребывания в школе:с 08:00 до 17:00.Питание, включенное в стоимость:трехразовое.Секции, входящие в стоимость:шахматы, фортепиано, рок-группа, тхэквандо, клуб ""Юный химик"", хореография, футбол, арт-искусство.Трансфер:есть, оплачивается отдельно - от 4 600 сомов.Язык обучения:русский.1из5Kyrgyz American SchoolKyrgyz American School - это пространство, где сочетаются академическая сильная база, современные методики и глубокое уважение к кыргызской культуре и наследию.Обучение на русском языке с усиленным изучением английского и кыргызского.Мы выстраиваем обучение так, чтобы ребенок свободно владел сразу несколькими языками. Основная программа ведется на русском языке, при этом особое внимание уделяется углубленному изучению английского и кыргызского - для уверенного будущего как в международной, так и в национальной среде.STEAM-подход - обучение через практику.Школа использует современную STEAM-модель (наука, технологии, инженерия, искусство и математика), которая развивает не только знания, но и навыки будущего: критическое мышление, креативность, умение работать в команде и находить нестандартные решения.Современные методы обучения. В школе дети не заучивают - они понимают. Интерактивные уроки, проектная деятельность и индивидуальный подход помогают раскрыть потенциал каждого ученика.Комфортная среда и забота о здоровье.Школа расположена в верхней части города - это чистый воздух, тишина и безопасная атмосфера, идеально подходящая для обучения и развития детей.Воспитание через культуру и традиции. Kyrgyz American School бережно передает кыргызские ценности, традиции и культурное наследие. Дети растут с уважением к своим корням, формируя сильную личность и национальную идентичность.Адрес:ул. Институт сейсмостойкого строительства, 10.Телефон:0704 75 00 75.Соцсети:Instagram:@kyrgyz.american.school/Классы:с 1-го по 12-й класс.Стоимость обучения в год:$5 000.Вступительный взнос:нет.Членский взнос:3 000 сомов (депозит за книги).Количество учеников в классе:20-22.Допуроки:кыргызский язык, углубленный английский, подготовка к олимпиадам по всем предметам, углубленная математика, подготовка к НЦТ, ОРТ, STEAM-проекты, подготовка к поступлению в международные вузы.Время пребывания в школе:с 08:00 до 17:00.Питание, включенное в стоимость:трехразовое.Секции (входят в стоимость): тхэквондо, войлок, шахматы, хореография, искусство, футбол, фортепиано и вокал, робототехника, подготовка к олимпиадам, подготовка в НЦТ, ОРТ, подготовка к SAT, подготовка IELTS и TOEFL.Трансфер:есть, оплачивается отдельно - от 4 600 сомов.Язык обучения:русский.Kyrgyz American School.Kyrgyz American School.Kyrgyz American School.Kyrgyz American School.Kyrgyz American School.Kyrgyz American School.1из6""Келечек MIT""""Келечек MIT"" - современная частная школа с обучением с 1-го класса, ориентированная на сильную академическую базу, углубленную математику, IT-направление и трилингвальное образование.Преимущества школы:трилингвальные классы (русский/английский/кыргызский);робототехника и IT с 1-го класса;подготовка к ОРТ, IELTS, SAT;сопровождение при поступлении в зарубежные вузы;более 20 кружков и секций, включенных в стоимость;небольшие классы (20-24 ученика);современная инфраструктура (лаборатории по химии/биологии, IT и робототехнике);отдельные здания для младшей + средней школы и старшей школы (с 2026 года);охраняемая территория и видеонаблюдение;организованный трансфер;трехразовое питание (завтрак, обед и полдник).Школа работает по принципу селективного образования, формируя среду, где стремление к знаниям и высокий результат становятся нормой.Адрес:8-й микрорайон, 39.Телефоны:0709 00 46 00, 0551 00 46 00.Соцсети:Instagram:@kelechek.mit/Сайт:https://kelechek.edu.kg.Классы:с 1-го класса.Стоимость обучения:от 49 500 сомов в месяц; питание и кружки входят в стоимость.Вступительный взнос:19 500 сомов.Членский взнос:нет.Количество учеников в классе:20-24.Допуроки:олимпиадная математика, программирование, робототехника, языки, подготовка к ОРТ/IELTS/SAT, футбол, волейбол, хореография, рисование, шахматы, беби-балет.Время пребывания в школе:с 08:00 до 17:00.Питание, включенное в стоимость:трехразовое.Трансфер:есть.Язык обучения:русский, английский, кыргызский.Келечек MIT.Келечек MIT.Келечек MIT.1из3Академия будущих лидеровАкадемия будущих лидеров - современная частная школа в Бишкеке, где качественное образование сочетается с развитием личности, лидерства и мышления. Проект создан при поддержке компании Logos и команды ""Школы будущих лидеров"", которая за восемь лет помогла более 800 ученикам поступить в престижные университеты мира, включая MIT, Princeton, Columbia, UPenn и другие, с общими грантами на сумму свыше $20 млн.В прошлом году открылся первый филиал Академии будущих лидеров в мкр. ""Улан"" - современная начальная школа, быстро завоевавшая доверие родителей. Это подтвердило, что такой образовательный подход действительно востребован: сильная академическая база, индивидуальное внимание к каждому ребенку и среда, в которой детям интересно учиться, развиваться и раскрывать свой потенциал.Сегодня проект выходит на новый этап развития и открывает вторую школу - для учеников с 1-го по 11-й класс.Главная цель Академии будущих лидеров - с ранних лет готовить детей к поступлению в топовые зарубежные университеты на грант.Поэтому обучение здесь строится не только вокруг школьной программы, но и вокруг формирования прочной базы по английскому языку и математике, развитию критического мышления, лидерских качеств, самостоятельности и умения добиваться высоких результатов.Встроенная в учебный процесс система подготовки помогает каждому ученику шаг за шагом формировать сильный академический и личностный профиль, который в будущем дает реальные преимущества при поступлении в зарубежные вузы на грант.Почему выбирают Академию будущих лидеров:сильная академическая база;английский язык с первых классов;развитие критического мышления, креативности и лидерских качеств;индивидуальный подход к каждому ребенку;дружелюбная и мотивирующая атмосфера;опыт крупного образовательного проекта с международными результатами;большая менторская команда из Кыргызстана, Казахстана, США и Европы..Адрес:ул. Байтика Баатыра, 4а/8, выше парка Гейдара Алиева, рядом с новой большой мечетью.Телефон:+996 559 700 800.Соцсети: Instagram:@futureleaderskg.Классы:с 1-го по 12-й.Стоимость обучения:1–4-й классы - $4 500 в год; 5–11-й классы - $5 200.Ежегодный взнос:нет.Количество учеников в классе:20–24.Время пребывания в школе:с 08:00 до 17:00.Питание, включенное в стоимость:трехразовое.Транспорт:есть, оплачивается отдельно.Языки обучения:русский и английский.Академия будущих лидеров.Академия будущих лидеров.Академия будущих лидеров.Академия будущих лидеров.1из4 углубленное изучение математики и STEM-дисциплин;английский язык по кембриджской программе;второй иностранный язык по выбору: французский или китайский;основы программирования;предпринимательство и финансовую грамотность.В школе активно развивается ученическое самоуправление. Работает школьный парламент, где ученики участвуют в обсуждении школьных инициатив, учатся принимать решения, выступать публично и брать ответственность за общие проекты.Также действуют дебатный клуб, футбольная команда и шахматный клуб, развивающие стратегическое мышление, лидерство и культуру аргументированного диалога. После 17:00 ученики могут посещать разнообразные спортивные и творческие секции: ушу, футбол, художественную гимнастику, изостудию, театральную студию и гончарный класс. Для удобства семей действует система развоза.У школы собственное современное здание, охраняемая территория и стабильный профессиональный педагогический коллектив. Классы малокомплектные: до 24 учеников, а в начальной школе работают два педагога на класс, что позволяет уделять внимание каждому ребенку и поддерживать высокий уровень обучения.Миссия школы - не только передавать знания, но и воспитывать уверенных, самостоятельных и думающих людей, способных принимать решения и справляться с жизненными задачами без постоянной помощи взрослых.""Светоч"" готовит детей не только к экзаменам - мы готовим их к жизни.Адрес:ул. Белорусская, 102/2.Телефон:0555 166 111.Соцсети:Instagram: @ok_svetoch.Сайт:https://svetoch.kg.Классы:с 1-го по 12-й.Стоимость обучения:от 30 000 до 45 000 сомов в месяц (в зависимости от класса), оплата за девять месяцев.Вступительный и ежегодный взносы:отсутствуют.Количество учеников в классе:до 24. В начальной школе работают два педагога на класс.Допуроки:шахматы, хореография, французский язык (второй иностранный), Talking Club (разговорный английский), soft skills, финансовая грамотность, основы программирования.Время пребывания в школе:с 08:30 до 17:00, с 17:00 до 18:00 - секции.Питание, включенное в стоимость:трехразовое.Секции:ушу, художественная гимнастика, футбол, изостудия, театральная студия, гончарный класс.Трансфер:есть, за дополнительную плату.Язык обучения:обучение ведется на русском языке, с большим вниманием к кыргызскому языку и углубленному изучению английского.Школа ""Светоч"".Школа ""Светоч"".Школа ""Светоч"".Школа ""Светоч"".Школа ""Светоч"".Школа ""Светоч"".1из6""ЭРУДИТ – ISIT""""ЭРУДИТ - INTERNATIONAL SCHOOL OF INNOVATIVE TECHNOLOGIES"" - школа создала лучшую образовательную программу, учитывающую каждую возрастную категорию и дающую возможность каждому ребенку получить блестящее образование международного уровня. ""ЭРУДИТ – ISIT"" – это не как можно больше информации обо всем на свете, это самая важная информация об основных явлениях – то, что обязательно пригодится в жизни вне зависимости от будущей профессии. ""ЭРУДИТ – ISIT"" работает на знания, а не на оценки. Готовят три направления: бизнес-управление, финансы, медицина и IT.Английский язык от 1,5 до 3 часов в день в зависимости от класса.С начальной школы - робототехника, программирование, история и бизнес для детей.С 5-го класса - science и talking club преподают носители.С 7-го класса начинается подготовка к TOEFL.Большое внимание уделяют предметам, развивающим SOFT SKlLLS.Участие в научных международных проектах и олимпиадах.В ""ЭРУДИТ – ISIT"" работают только опытные и высококвалифицированные педагоги, владеющие глубокими знаниями и современной методикой обучения. Триместровая система и переход на новый формат оценивания, повышающие уровень мотивации. Международная школа инновационных технологий - это пространство возможностей, исследования и практики.""Эрудит"" - если быть, то быть первым!Адрес:ул. Каралаева, 21.Телефоны:0553 10 35 35, 0555 40 00 50.Соцсети:Instagram:@erudite_isit.Сайт:https://erudite-school.tilda.ws.Классы:с 1-го по 12-й класс.Стоимость обучения:от 315 000 сомов в год (в зависимости от класса).Вступительный взнос:нет.Ежегодный взнос:есть. Включает в себя: закуп нового оборудования, износ и амортизация мебели, оборудования и техники, техническая поддержка и сервисное обслуживание в течение года оборудования и техники, оснащение лабораторий химии и физики реактивами, посудой и комплектующими, дополнительные приложения к интерактивным доскам.Количество учеников в классе:до 20 учеников, в начальной школе по два педагога на класс.Допуроки:школа работает без единого репетитора извне. В основную программу включены шахматы, робототехника, хореография, музыка, МХК, нейрокомплекс, science и talking club, полная подготовка к TOEFL, предметы, развивающие SOFT SKlLLS, лидерство и переговоры, основы предпринимательства, Debate.Время пребывания в школе:с 08:00 до 17:30.Питание:трехразовое, оплачивается отдельно.Секции:после 17:30 – таэквондо, гимнастика, волейбол, баскетбол.Развоз:есть, за дополнительную плату.Язык обучения:обучение ведется на русском языке, отдельные предметы - на английском языке (вторая программа Cambridge). Большое внимание уделяется изучению кыргызского языка.1из14УВК ""Приоритет""УВК ""Приоритет"" входит в число лучших частных школ Бишкека по академическим и олимпиадным результатам и в топ-10 сильнейших школ по итогам международных математических олимпиад Bilimtech.Ученики школы являются призерами Национальной олимпиады Кыргызской Республики. В этом году команда школы заняла 3-е место в стране на престижной олимпиаде AMC 8. Только за последний учебный год (2025/2026) учащиеся завоевали более 70 международных медалей по математике, английскому языку и другим предметам.Школа ""Приоритет"" входит втоп-5 лучших школ по версии EdNet- независимого образовательного портала, ежегодно анализирующего учебные заведения. Рейтинг формируется по оригинальной методологии, основанной на опыте оценки школ США, Великобритании, ОАЭ, России и других стран.Основой обучения является сильная математическая база, углубленное изучение английского языка, а также развитие логического, стратегического и критического мышления и soft skills. При этом школа уделяет особое внимание раскрытию индивидуального потенциала каждого ребенка.В школе ""Приоритет"" создана поддерживающая и безопасная образовательная среда, где важен каждый ребенок. Педагоги помогают ученикам раскрывать таланты, развивать уверенность в себе и формировать внутреннюю мотивацию к знаниям.Отличительные особенности школы: гимназическая программа, сотрудничество с европейскими университетами, проектное образование, мотивационная система оценивания.Адреса:первый филиал: пр. Ч. Айтматова, 56 / Айни; второй филиал: пр. Молодой Гвардии, 37а / Токтогула; третий филиал: мкр. ""Улан-2"", 25/1.Телефоны:0703 01 92 65, 0703 54 45 45.Соцсети:Instagram:@prioritet.shkola.kg, Facebook:@prioritetschool.Классы:с 1-го по 12-й класс.Допуроки:дополнительные уроки по основным предметам, подготовка к TOEFL и IELTS, Talking club, олимпиадный резерв (подготовка к олимпиадам), Art Club, курс финансовой грамотности.Стоимость обучения:$4 100 - годовая оплата.Вступительный взнос:$160 однократно.Ежегодный взнос:нет.Количество учеников в классе:20-24.Время пребывания в школе:с 08:00 до 18:00.Питание, включенное в стоимость:сбалансированное, полезное, трехразовое.Секции:футбол, хореография, таэквондо, волейбол, актерское мастерство, рукоделие, кулинария, шахматы, танцы, чирлидинг, комуз, дебаты и др.Трансфер:есть, за дополнительную плату.Язык обучения:обучение ведется на русском языке, с углубленным изучением английского языка.УВК ""Приоритет"".УВК ""Приоритет"".УВК ""Приоритет"".УВК ""Приоритет"".УВК ""Приоритет"".УВК ""Приоритет"".УВК ""Приоритет"".1из9""Абитуриент плюс""Частная начальная школа ""Абитуриент плюс"" - школа сильного академического фундамента, работающая в Бишкеке с 2014 года и специализирующаяся на обучении детей 1–4-х классов.В 2025 году ""Абитуриент плюс"" заняла1-е место в независимом рейтинге частных школБишкека в категории ""Начальная школа (1–4-й классы)"", подтвердив высокий уровень подготовки учеников и доверие родителей.Школа удобно расположена в центре города, что делает ее доступной для семей из разных районов. Для родителей предусмотрена удобная парковка, позволяющая комфортно привозить и забирать детей.Образовательная программа школы направлена на формирование сильной академической базы. Особое внимание уделяется углубленному изучению математики, развитию логического мышления, внимательности и навыков решения задач.В учебную программу также входят:английский язык по кембриджской программе:французский язык как второй иностранный со 2-го класса;предмет Soft Skills, направленный на развитие коммуникации, эмоционального интеллекта и навыков взаимодействия;сопровождение школьного психолога, помогающего детям мягко адаптироваться к школьной среде и учебной нагрузке.Одним из ключевых преимуществ школы является сильный педагогический состав. Учителя имеют большой опыт работы в начальном образовании и умеют выстраивать учебный процесс так, чтобы ребенок не только усваивал программу, но и формировал учебную дисциплину, усидчивость и уверенность в собственных силах.Результаты обучения подтверждаются объективными показателями: ученики школы демонстрируют стабильно высокие результаты независимого образовательного мониторинга НООДУ, где качество знаний не опускается ниже 75%.Для комфортного обучения и развития детей школа располагает современной инфраструктурой.На территории школы находится собственное футбольное поле, где проходят занятия физической культурой и спортивные тренировки.В школе организовано правильное и сбалансированное питание, соответствующее возрастным потребностям детей.Особое внимание уделяется адаптации первоклассников. Для учеников 1-х классов по новой 12-летней системе обучения предусмотрено отдельное здание, что позволяет создать более спокойную образовательную среду, соблюдать режим дня и обеспечить мягкий переход ребенка к школьной жизни.Классы в школе малокомплектные, что позволяет учителям уделять внимание каждому ученику и сопровождать его академическое развитие.""Абитуриент плюс"" - это школа, где формируется фундамент будущих успехов ребенка.Здесь дети получают сильную начальную подготовку, которая становится прочной основой для дальнейшего обучения и развития.Адрес:ул. Исанова, 4.Телефоны:0312 31 63 70, 0551 40 41 42.Соцсети:Instagram:@abiturient_kg/.Сайт:https://abiturient.kg.Классы:с 1-го по 4-й класс.Стоимость обучения:40 000 сомов в месяц, оплачивается девять месяцев.Вступительный и ежегодный взносы:нет.Количество учеников в классе:до 24 учеников.Допуроки:шахматы, хореография, музыка, Talking club, Soft skills.Время пребывания в школе:с 08:30 до 17:00.Питание, включенное в стоимость:трехразовое.Секции:ушу, художественная гимнастика, изостудия, шахматный клуб, робототехника.Трансфер:нет.Язык обучения:обучение ведется на русском языке с углубленным изучением английского языка по кембриджской системе. Большое внимание уделяется изучению кыргызского языка. Второй иностранный язык - французский.Начальная школа ""Абитуриент плюс"".Начальная школа ""Абитуриент плюс"".Начальная школа ""Абитуриент плюс"".Начальная школа ""Абитуриент плюс"".Начальная школа ""Абитуриент плюс"".1из5""Точка роста""Учебно-воспитательный комплекс ""Точка роста"" - это современное образовательное пространство, где академические знания сочетаются с развитием креативного мышления, исследовательских навыков и уверенности в себе. Наша задача - не только дать ребенку сильную базу знаний, но и сформировать компетенции, которые будут востребованы в будущем.Образовательный процесс в школе строится на STEAM-подходе, объединяющем науку, технологии, инженерию, искусство и математику. Такой формат обучения развивает у детей системное мышление, умение анализировать, экспериментировать и находить решения.Особое внимание уделяется английскому языку. В расписании предусмотрены занятия с носителями языка, что позволяет ученикам погружаться в языковую среду, развивать свободную разговорную речь и уверенно использовать английский в реальном общении.Важной частью программы является курс Social Studies, который расширяет кругозор учащихся и формирует понимание современных общественных процессов, мировой культуры и глобального контекста. Ученики учатся рассуждать, аргументировать свою позицию и видеть взаимосвязи между событиями.Значительное место в образовательной программе занимает проектная деятельность. Работа над проектами развивает у детей навыки исследования, командного взаимодействия, публичных выступлений и самостоятельного мышления - ключевые компетенции XXI века.Школа ""Точка роста"" создает среду, в которой дети становятся интеллектуально сильными, самостоятельными и конкурентными в современном мире, а также развивают уверенность в своих возможностях, получая образование, ориентированное на высокий результат и успешное будущее.Адрес:с. Кок-Жар, ул. Бейшена Егимбаева, 147.Телефоны:0999 55 61 16, 0557 55 61 16.Соцсети:Instagram:@tochkarostaschool.kg.Сайт:https://tochka-rosta.kg.Классы:1-12-й классы.Стоимость обучения:37 000 сомов в месяц, или 333 000 сомов в год.Ежегодный взнос:9 000 сомов (входят комплект формы и аренда учебников).Количество учеников в классе:до 24.Допуроки:шахматы, хореография, Social Studies, уроки по детской безопасности.Время пребывания в школе:с 08:00 до 16:30, допкружки и секции - с 16:30 до 18:00.Питание, включенное в стоимость:трехразовое, разработанное с нутрициологом.Секции:футбол, рукоделие, вязание, художественная студия, таэквондо, танцы, хоровое пение, ушу - кунг-фу, гимнастика, хореография, English club, корейский язык.Трансфер:есть, оплачивается отдельно.Язык обучения:русский.1из2American-European SchoolAmerican-European School - современная частная школа с обучением с 1-го до 12-го класса, ориентированная на углубленное изучение математики и английского языка.Преимущества школы:штатные психолог и логопед;10 видов кружков;выполнение домашних заданий под контролем учителей;электронный дневник;подготовка к поступлению в зарубежные вузы.Школа объединяет европейские и американские образовательные подходы, создавая сильную академическую базу и комфортную среду для развития каждого ученика.Адрес:ул. Бегматова, 65.Телефоны:0559 990 364, 0704 750 075.Соцсети:Instagram:@aes.kg.Классы:с 1-го по 12-й класс.Стоимость обучения в год:$5 000.Вступительный взнос:нет.Членский взнос:3 000 сомов (депозит за книги).Количество учеников в классе:20-22.Допуроки:подготовка к олимпиадам, по всем предметам, углубленная математика, подготовка к НЦТ, ОРТ, STEAM-проекты, английский язык.Время пребывания в школе:с 08:00 до 17:00.Питание, включенное в стоимость:трехразовое.Секции, входящие в стоимость:шахматы, фортепиано, рок-группа, тхэквандо, клуб ""Юный химик"", хореография, футбол, арт-искусство.Трансфер:есть, оплачивается отдельно - от 4 600 сомов.Язык обучения:русский.1из5Kyrgyz American SchoolKyrgyz American School - это пространство, где сочетаются академическая сильная база, современные методики и глубокое уважение к кыргызской культуре и наследию.Обучение на русском языке с усиленным изучением английского и кыргызского.Мы выстраиваем обучение так, чтобы ребенок свободно владел сразу несколькими языками. Основная программа ведется на русском языке, при этом особое внимание уделяется углубленному изучению английского и кыргызского - для уверенного будущего как в международной, так и в национальной среде.STEAM-подход - обучение через практику.Школа использует современную STEAM-модель (наука, технологии, инженерия, искусство и математика), которая развивает не только знания, но и навыки будущего: критическое мышление, креативность, умение работать в команде и находить нестандартные решения.Современные методы обучения. В школе дети не заучивают - они понимают. Интерактивные уроки, проектная деятельность и индивидуальный подход помогают раскрыть потенциал каждого ученика.Комфортная среда и забота о здоровье.Школа расположена в верхней части города - это чистый воздух, тишина и безопасная атмосфера, идеально подходящая для обучения и развития детей.Воспитание через культуру и традиции. Kyrgyz American School бережно передает кыргызские ценности, традиции и культурное наследие. Дети растут с уважением к своим корням, формируя сильную личность и национальную идентичность.Адрес:ул. Институт сейсмостойкого строительства, 10.Телефон:0704 75 00 75.Соцсети:Instagram:@kyrgyz.american.school/Классы:с 1-го по 12-й класс.Стоимость обучения в год:$5 000.Вступительный взнос:нет.Членский взнос:3 000 сомов (депозит за книги).Количество учеников в классе:20-22.Допуроки:кыргызский язык, углубленный английский, подготовка к олимпиадам по всем предметам, углубленная математика, подготовка к НЦТ, ОРТ, STEAM-проекты, подготовка к поступлению в международные вузы.Время пребывания в школе:с 08:00 до 17:00.Питание, включенное в стоимость:трехразовое.Секции (входят в стоимость): тхэквондо, войлок, шахматы, хореография, искусство, футбол, фортепиано и вокал, робототехника, подготовка к олимпиадам, подготовка в НЦТ, ОРТ, подготовка к SAT, подготовка IELTS и TOEFL.Трансфер:есть, оплачивается отдельно - от 4 600 сомов.Язык обучения:русский.Kyrgyz American School.Kyrgyz American School.Kyrgyz American School.Kyrgyz American School.Kyrgyz American School.Kyrgyz American School.1из6""Келечек MIT""""Келечек MIT"" - современная частная школа с обучением с 1-го класса, ориентированная на сильную академическую базу, углубленную математику, IT-направление и трилингвальное образование.Преимущества школы:трилингвальные классы (русский/английский/кыргызский);робототехника и IT с 1-го класса;подготовка к ОРТ, IELTS, SAT;сопровождение при поступлении в зарубежные вузы;более 20 кружков и секций, включенных в стоимость;небольшие классы (20-24 ученика);современная инфраструктура (лаборатории по химии/биологии, IT и робототехнике);отдельные здания для младшей + средней школы и старшей школы (с 2026 года);охраняемая территория и видеонаблюдение;организованный трансфер;трехразовое питание (завтрак, обед и полдник).Школа работает по принципу селективного образования, формируя среду, где стремление к знаниям и высокий результат становятся нормой.Адрес:8-й микрорайон, 39.Телефоны:0709 00 46 00, 0551 00 46 00.Соцсети:Instagram:@kelechek.mit/Сайт:https://kelechek.edu.kg.Классы:с 1-го класса.Стоимость обучения:от 49 500 сомов в месяц; питание и кружки входят в стоимость.Вступительный взнос:19 500 сомов.Членский взнос:нет.Количество учеников в классе:20-24.Допуроки:олимпиадная математика, программирование, робототехника, языки, подготовка к ОРТ/IELTS/SAT, футбол, волейбол, хореография, рисование, шахматы, беби-балет.Время пребывания в школе:с 08:00 до 17:00.Питание, включенное в стоимость:трехразовое.Трансфер:есть.Язык обучения:русский, английский, кыргызский.Келечек MIT.Келечек MIT.Келечек MIT.1из3Академия будущих лидеровАкадемия будущих лидеров - современная частная школа в Бишкеке, где качественное образование сочетается с развитием личности, лидерства и мышления. Проект создан при поддержке компании Logos и команды ""Школы будущих лидеров"", которая за восемь лет помогла более 800 ученикам поступить в престижные университеты мира, включая MIT, Princeton, Columbia, UPenn и другие, с общими грантами на сумму свыше $20 млн.В прошлом году открылся первый филиал Академии будущих лидеров в мкр. ""Улан"" - современная начальная школа, быстро завоевавшая доверие родителей. Это подтвердило, что такой образовательный подход действительно востребован: сильная академическая база, индивидуальное внимание к каждому ребенку и среда, в которой детям интересно учиться, развиваться и раскрывать свой потенциал.Сегодня проект выходит на новый этап развития и открывает вторую школу - для учеников с 1-го по 11-й класс.Главная цель Академии будущих лидеров - с ранних лет готовить детей к поступлению в топовые зарубежные университеты на грант.Поэтому обучение здесь строится не только вокруг школьной программы, но и вокруг формирования прочной базы по английскому языку и математике, развитию критического мышления, лидерских качеств, самостоятельности и умения добиваться высоких результатов.Встроенная в учебный процесс система подготовки помогает каждому ученику шаг за шагом формировать сильный академический и личностный профиль, который в будущем дает реальные преимущества при поступлении в зарубежные вузы на грант.Почему выбирают Академию будущих лидеров:сильная академическая база;английский язык с первых классов;развитие критического мышления, креативности и лидерских качеств;индивидуальный подход к каждому ребенку;дружелюбная и мотивирующая атмосфера;опыт крупного образовательного проекта с международными результатами;большая менторская команда из Кыргызстана, Казахстана, США и Европы..Адрес:ул. Байтика Баатыра, 4а/8, выше парка Гейдара Алиева, рядом с новой большой мечетью.Телефон:+996 559 700 800.Соцсети: Instagram:@futureleaderskg.Классы:с 1-го по 12-й.Стоимость обучения:1–4-й классы - $4 500 в год; 5–11-й классы - $5 200.Ежегодный взнос:нет.Количество учеников в классе:20–24.Время пребывания в школе:с 08:00 до 17:00.Питание, включенное в стоимость:трехразовое.Транспорт:есть, оплачивается отдельно.Языки обучения:русский и английский.Академия будущих лидеров.Академия будущих лидеров.Академия будущих лидеров.Академия будущих лидеров.1из4 В школе активно развивается ученическое самоуправление. Работает школьный парламент, где ученики участвуют в обсуждении школьных инициатив, учатся принимать решения, выступать публично и брать ответственность за общие проекты. Также действуют дебатный клуб, футбольная команда и шахматный клуб, развивающие стратегическое мышление, лидерство и культуру аргументированного диалога. После 17:00 ученики могут посещать разнообразные спортивные и творческие секции: ушу, футбол, художественную гимнастику, изостудию, театральную студию и гончарный класс. Для удобства семей действует система развоза. У школы собственное современное здание, охраняемая территория и стабильный профессиональный педагогический коллектив. Классы малокомплектные: до 24 учеников, а в начальной школе работают два педагога на класс, что позволяет уделять внимание каждому ребенку и поддерживать высокий уровень обучения. Миссия школы - не только передавать знания, но и воспитывать уверенных, самостоятельных и думающих людей, способных принимать решения и справляться с жизненными задачами без постоянной помощи взрослых. ""Светоч"" готовит детей не только к экзаменам - мы готовим их к жизни. Адрес:ул. Белорусская, 102/2.Телефон:0555 166 111.Соцсети:Instagram: @ok_svetoch.Сайт:https://svetoch.kg.Классы:с 1-го по 12-й.Стоимость обучения:от 30 000 до 45 000 сомов в месяц (в зависимости от класса), оплата за девять месяцев.Вступительный и ежегодный взносы:отсутствуют.Количество учеников в классе:до 24. В начальной школе работают два педагога на класс.Допуроки:шахматы, хореография, французский язык (второй иностранный), Talking Club (разговорный английский), soft skills, финансовая грамотность, основы программирования.Время пребывания в школе:с 08:30 до 17:00, с 17:00 до 18:00 - секции.Питание, включенное в стоимость:трехразовое.Секции:ушу, художественная гимнастика, футбол, изостудия, театральная студия, гончарный класс.Трансфер:есть, за дополнительную плату.Язык обучения:обучение ведется на русском языке, с большим вниманием к кыргызскому языку и углубленному изучению английского.Школа ""Светоч"".Школа ""Светоч"".Школа ""Светоч"".Школа ""Светоч"".Школа ""Светоч"".Школа ""Светоч"".1из6""ЭРУДИТ – ISIT""""ЭРУДИТ - INTERNATIONAL SCHOOL OF INNOVATIVE TECHNOLOGIES"" - школа создала лучшую образовательную программу, учитывающую каждую возрастную категорию и дающую возможность каждому ребенку получить блестящее образование международного уровня. ""ЭРУДИТ – ISIT"" – это не как можно больше информации обо всем на свете, это самая важная информация об основных явлениях – то, что обязательно пригодится в жизни вне зависимости от будущей профессии. ""ЭРУДИТ – ISIT"" работает на знания, а не на оценки. Готовят три направления: бизнес-управление, финансы, медицина и IT.Английский язык от 1,5 до 3 часов в день в зависимости от класса.С начальной школы - робототехника, программирование, история и бизнес для детей.С 5-го класса - science и talking club преподают носители.С 7-го класса начинается подготовка к TOEFL.Большое внимание уделяют предметам, развивающим SOFT SKlLLS.Участие в научных международных проектах и олимпиадах.В ""ЭРУДИТ – ISIT"" работают только опытные и высококвалифицированные педагоги, владеющие глубокими знаниями и современной методикой обучения. Триместровая система и переход на новый формат оценивания, повышающие уровень мотивации. Международная школа инновационных технологий - это пространство возможностей, исследования и практики.""Эрудит"" - если быть, то быть первым!Адрес:ул. Каралаева, 21.Телефоны:0553 10 35 35, 0555 40 00 50.Соцсети:Instagram:@erudite_isit.Сайт:https://erudite-school.tilda.ws.Классы:с 1-го по 12-й класс.Стоимость обучения:от 315 000 сомов в год (в зависимости от класса).Вступительный взнос:нет.Ежегодный взнос:есть. Включает в себя: закуп нового оборудования, износ и амортизация мебели, оборудования и техники, техническая поддержка и сервисное обслуживание в течение года оборудования и техники, оснащение лабораторий химии и физики реактивами, посудой и комплектующими, дополнительные приложения к интерактивным доскам.Количество учеников в классе:до 20 учеников, в начальной школе по два педагога на класс.Допуроки:школа работает без единого репетитора извне. В основную программу включены шахматы, робототехника, хореография, музыка, МХК, нейрокомплекс, science и talking club, полная подготовка к TOEFL, предметы, развивающие SOFT SKlLLS, лидерство и переговоры, основы предпринимательства, Debate.Время пребывания в школе:с 08:00 до 17:30.Питание:трехразовое, оплачивается отдельно.Секции:после 17:30 – таэквондо, гимнастика, волейбол, баскетбол.Развоз:есть, за дополнительную плату.Язык обучения:обучение ведется на русском языке, отдельные предметы - на английском языке (вторая программа Cambridge). Большое внимание уделяется изучению кыргызского языка.1из14УВК ""Приоритет""УВК ""Приоритет"" входит в число лучших частных школ Бишкека по академическим и олимпиадным результатам и в топ-10 сильнейших школ по итогам международных математических олимпиад Bilimtech.Ученики школы являются призерами Национальной олимпиады Кыргызской Республики. В этом году команда школы заняла 3-е место в стране на престижной олимпиаде AMC 8. Только за последний учебный год (2025/2026) учащиеся завоевали более 70 международных медалей по математике, английскому языку и другим предметам.Школа ""Приоритет"" входит втоп-5 лучших школ по версии EdNet- независимого образовательного портала, ежегодно анализирующего учебные заведения. Рейтинг формируется по оригинальной методологии, основанной на опыте оценки школ США, Великобритании, ОАЭ, России и других стран.Основой обучения является сильная математическая база, углубленное изучение английского языка, а также развитие логического, стратегического и критического мышления и soft skills. При этом школа уделяет особое внимание раскрытию индивидуального потенциала каждого ребенка.В школе ""Приоритет"" создана поддерживающая и безопасная образовательная среда, где важен каждый ребенок. Педагоги помогают ученикам раскрывать таланты, развивать уверенность в себе и формировать внутреннюю мотивацию к знаниям.Отличительные особенности школы: гимназическая программа, сотрудничество с европейскими университетами, проектное образование, мотивационная система оценивания.Адреса:первый филиал: пр. Ч. Айтматова, 56 / Айни; второй филиал: пр. Молодой Гвардии, 37а / Токтогула; третий филиал: мкр. ""Улан-2"", 25/1.Телефоны:0703 01 92 65, 0703 54 45 45.Соцсети:Instagram:@prioritet.shkola.kg, Facebook:@prioritetschool.Классы:с 1-го по 12-й класс.Допуроки:дополнительные уроки по основным предметам, подготовка к TOEFL и IELTS, Talking club, олимпиадный резерв (подготовка к олимпиадам), Art Club, курс финансовой грамотности.Стоимость обучения:$4 100 - годовая оплата.Вступительный взнос:$160 однократно.Ежегодный взнос:нет.Количество учеников в классе:20-24.Время пребывания в школе:с 08:00 до 18:00.Питание, включенное в стоимость:сбалансированное, полезное, трехразовое.Секции:футбол, хореография, таэквондо, волейбол, актерское мастерство, рукоделие, кулинария, шахматы, танцы, чирлидинг, комуз, дебаты и др.Трансфер:есть, за дополнительную плату.Язык обучения:обучение ведется на русском языке, с углубленным изучением английского языка.УВК ""Приоритет"".УВК ""Приоритет"".УВК ""Приоритет"".УВК ""Приоритет"".УВК ""Приоритет"".УВК ""Приоритет"".УВК ""Приоритет"".1из9""Абитуриент плюс""Частная начальная школа ""Абитуриент плюс"" - школа сильного академического фундамента, работающая в Бишкеке с 2014 года и специализирующаяся на обучении детей 1–4-х классов.В 2025 году ""Абитуриент плюс"" заняла1-е место в независимом рейтинге частных школБишкека в категории ""Начальная школа (1–4-й классы)"", подтвердив высокий уровень подготовки учеников и доверие родителей.Школа удобно расположена в центре города, что делает ее доступной для семей из разных районов. Для родителей предусмотрена удобная парковка, позволяющая комфортно привозить и забирать детей.Образовательная программа школы направлена на формирование сильной академической базы. Особое внимание уделяется углубленному изучению математики, развитию логического мышления, внимательности и навыков решения задач.В учебную программу также входят:английский язык по кембриджской программе:французский язык как второй иностранный со 2-го класса;предмет Soft Skills, направленный на развитие коммуникации, эмоционального интеллекта и навыков взаимодействия;сопровождение школьного психолога, помогающего детям мягко адаптироваться к школьной среде и учебной нагрузке.Одним из ключевых преимуществ школы является сильный педагогический состав. Учителя имеют большой опыт работы в начальном образовании и умеют выстраивать учебный процесс так, чтобы ребенок не только усваивал программу, но и формировал учебную дисциплину, усидчивость и уверенность в собственных силах.Результаты обучения подтверждаются объективными показателями: ученики школы демонстрируют стабильно высокие результаты независимого образовательного мониторинга НООДУ, где качество знаний не опускается ниже 75%.Для комфортного обучения и развития детей школа располагает современной инфраструктурой.На территории школы находится собственное футбольное поле, где проходят занятия физической культурой и спортивные тренировки.В школе организовано правильное и сбалансированное питание, соответствующее возрастным потребностям детей.Особое внимание уделяется адаптации первоклассников. Для учеников 1-х классов по новой 12-летней системе обучения предусмотрено отдельное здание, что позволяет создать более спокойную образовательную среду, соблюдать режим дня и обеспечить мягкий переход ребенка к школьной жизни.Классы в школе малокомплектные, что позволяет учителям уделять внимание каждому ученику и сопровождать его академическое развитие.""Абитуриент плюс"" - это школа, где формируется фундамент будущих успехов ребенка.Здесь дети получают сильную начальную подготовку, которая становится прочной основой для дальнейшего обучения и развития.Адрес:ул. Исанова, 4.Телефоны:0312 31 63 70, 0551 40 41 42.Соцсети:Instagram:@abiturient_kg/.Сайт:https://abiturient.kg.Классы:с 1-го по 4-й класс.Стоимость обучения:40 000 сомов в месяц, оплачивается девять месяцев.Вступительный и ежегодный взносы:нет.Количество учеников в классе:до 24 учеников.Допуроки:шахматы, хореография, музыка, Talking club, Soft skills.Время пребывания в школе:с 08:30 до 17:00.Питание, включенное в стоимость:трехразовое.Секции:ушу, художественная гимнастика, изостудия, шахматный клуб, робототехника.Трансфер:нет.Язык обучения:обучение ведется на русском языке с углубленным изучением английского языка по кембриджской системе. Большое внимание уделяется изучению кыргызского языка. Второй иностранный язык - французский.Начальная школа ""Абитуриент плюс"".Начальная школа ""Абитуриент плюс"".Начальная школа ""Абитуриент плюс"".Начальная школа ""Абитуриент плюс"".Начальная школа ""Абитуриент плюс"".1из5""Точка роста""Учебно-воспитательный комплекс ""Точка роста"" - это современное образовательное пространство, где академические знания сочетаются с развитием креативного мышления, исследовательских навыков и уверенности в себе. Наша задача - не только дать ребенку сильную базу знаний, но и сформировать компетенции, которые будут востребованы в будущем.Образовательный процесс в школе строится на STEAM-подходе, объединяющем науку, технологии, инженерию, искусство и математику. Такой формат обучения развивает у детей системное мышление, умение анализировать, экспериментировать и находить решения.Особое внимание уделяется английскому языку. В расписании предусмотрены занятия с носителями языка, что позволяет ученикам погружаться в языковую среду, развивать свободную разговорную речь и уверенно использовать английский в реальном общении.Важной частью программы является курс Social Studies, который расширяет кругозор учащихся и формирует понимание современных общественных процессов, мировой культуры и глобального контекста. Ученики учатся рассуждать, аргументировать свою позицию и видеть взаимосвязи между событиями.Значительное место в образовательной программе занимает проектная деятельность. Работа над проектами развивает у детей навыки исследования, командного взаимодействия, публичных выступлений и самостоятельного мышления - ключевые компетенции XXI века.Школа ""Точка роста"" создает среду, в которой дети становятся интеллектуально сильными, самостоятельными и конкурентными в современном мире, а также развивают уверенность в своих возможностях, получая образование, ориентированное на высокий результат и успешное будущее.Адрес:с. Кок-Жар, ул. Бейшена Егимбаева, 147.Телефоны:0999 55 61 16, 0557 55 61 16.Соцсети:Instagram:@tochkarostaschool.kg.Сайт:https://tochka-rosta.kg.Классы:1-12-й классы.Стоимость обучения:37 000 сомов в месяц, или 333 000 сомов в год.Ежегодный взнос:9 000 сомов (входят комплект формы и аренда учебников).Количество учеников в классе:до 24.Допуроки:шахматы, хореография, Social Studies, уроки по детской безопасности.Время пребывания в школе:с 08:00 до 16:30, допкружки и секции - с 16:30 до 18:00.Питание, включенное в стоимость:трехразовое, разработанное с нутрициологом.Секции:футбол, рукоделие, вязание, художественная студия, таэквондо, танцы, хоровое пение, ушу - кунг-фу, гимнастика, хореография, English club, корейский язык.Трансфер:есть, оплачивается отдельно.Язык обучения:русский.1из2American-European SchoolAmerican-European School - современная частная школа с обучением с 1-го до 12-го класса, ориентированная на углубленное изучение математики и английского языка.Преимущества школы:штатные психолог и логопед;10 видов кружков;выполнение домашних заданий под контролем учителей;электронный дневник;подготовка к поступлению в зарубежные вузы.Школа объединяет европейские и американские образовательные подходы, создавая сильную академическую базу и комфортную среду для развития каждого ученика.Адрес:ул. Бегматова, 65.Телефоны:0559 990 364, 0704 750 075.Соцсети:Instagram:@aes.kg.Классы:с 1-го по 12-й класс.Стоимость обучения в год:$5 000.Вступительный взнос:нет.Членский взнос:3 000 сомов (депозит за книги).Количество учеников в классе:20-22.Допуроки:подготовка к олимпиадам, по всем предметам, углубленная математика, подготовка к НЦТ, ОРТ, STEAM-проекты, английский язык.Время пребывания в школе:с 08:00 до 17:00.Питание, включенное в стоимость:трехразовое.Секции, входящие в стоимость:шахматы, фортепиано, рок-группа, тхэквандо, клуб ""Юный химик"", хореография, футбол, арт-искусство.Трансфер:есть, оплачивается отдельно - от 4 600 сомов.Язык обучения:русский.1из5Kyrgyz American SchoolKyrgyz American School - это пространство, где сочетаются академическая сильная база, современные методики и глубокое уважение к кыргызской культуре и наследию.Обучение на русском языке с усиленным изучением английского и кыргызского.Мы выстраиваем обучение так, чтобы ребенок свободно владел сразу несколькими языками. Основная программа ведется на русском языке, при этом особое внимание уделяется углубленному изучению английского и кыргызского - для уверенного будущего как в международной, так и в национальной среде.STEAM-подход - обучение через практику.Школа использует современную STEAM-модель (наука, технологии, инженерия, искусство и математика), которая развивает не только знания, но и навыки будущего: критическое мышление, креативность, умение работать в команде и находить нестандартные решения.Современные методы обучения. В школе дети не заучивают - они понимают. Интерактивные уроки, проектная деятельность и индивидуальный подход помогают раскрыть потенциал каждого ученика.Комфортная среда и забота о здоровье.Школа расположена в верхней части города - это чистый воздух, тишина и безопасная атмосфера, идеально подходящая для обучения и развития детей.Воспитание через культуру и традиции. Kyrgyz American School бережно передает кыргызские ценности, традиции и культурное наследие. Дети растут с уважением к своим корням, формируя сильную личность и национальную идентичность.Адрес:ул. Институт сейсмостойкого строительства, 10.Телефон:0704 75 00 75.Соцсети:Instagram:@kyrgyz.american.school/Классы:с 1-го по 12-й класс.Стоимость обучения в год:$5 000.Вступительный взнос:нет.Членский взнос:3 000 сомов (депозит за книги).Количество учеников в классе:20-22.Допуроки:кыргызский язык, углубленный английский, подготовка к олимпиадам по всем предметам, углубленная математика, подготовка к НЦТ, ОРТ, STEAM-проекты, подготовка к поступлению в международные вузы.Время пребывания в школе:с 08:00 до 17:00.Питание, включенное в стоимость:трехразовое.Секции (входят в стоимость): тхэквондо, войлок, шахматы, хореография, искусство, футбол, фортепиано и вокал, робототехника, подготовка к олимпиадам, подготовка в НЦТ, ОРТ, подготовка к SAT, подготовка IELTS и TOEFL.Трансфер:есть, оплачивается отдельно - от 4 600 сомов.Язык обучения:русский.Kyrgyz American School.Kyrgyz American School.Kyrgyz American School.Kyrgyz American School.Kyrgyz American School.Kyrgyz American School.1из6""Келечек MIT""""Келечек MIT"" - современная частная школа с обучением с 1-го класса, ориентированная на сильную академическую базу, углубленную математику, IT-направление и трилингвальное образование.Преимущества школы:трилингвальные классы (русский/английский/кыргызский);робототехника и IT с 1-го класса;подготовка к ОРТ, IELTS, SAT;сопровождение при поступлении в зарубежные вузы;более 20 кружков и секций, включенных в стоимость;небольшие классы (20-24 ученика);современная инфраструктура (лаборатории по химии/биологии, IT и робототехнике);отдельные здания для младшей + средней школы и старшей школы (с 2026 года);охраняемая территория и видеонаблюдение;организованный трансфер;трехразовое питание (завтрак, обед и полдник).Школа работает по принципу селективного образования, формируя среду, где стремление к знаниям и высокий результат становятся нормой.Адрес:8-й микрорайон, 39.Телефоны:0709 00 46 00, 0551 00 46 00.Соцсети:Instagram:@kelechek.mit/Сайт:https://kelechek.edu.kg.Классы:с 1-го класса.Стоимость обучения:от 49 500 сомов в месяц; питание и кружки входят в стоимость.Вступительный взнос:19 500 сомов.Членский взнос:нет.Количество учеников в классе:20-24.Допуроки:олимпиадная математика, программирование, робототехника, языки, подготовка к ОРТ/IELTS/SAT, футбол, волейбол, хореография, рисование, шахматы, беби-балет.Время пребывания в школе:с 08:00 до 17:00.Питание, включенное в стоимость:трехразовое.Трансфер:есть.Язык обучения:русский, английский, кыргызский.Келечек MIT.Келечек MIT.Келечек MIT.1из3Академия будущих лидеровАкадемия будущих лидеров - современная частная школа в Бишкеке, где качественное образование сочетается с развитием личности, лидерства и мышления. Проект создан при поддержке компании Logos и команды ""Школы будущих лидеров"", которая за восемь лет помогла более 800 ученикам поступить в престижные университеты мира, включая MIT, Princeton, Columbia, UPenn и другие, с общими грантами на сумму свыше $20 млн.В прошлом году открылся первый филиал Академии будущих лидеров в мкр. ""Улан"" - современная начальная школа, быстро завоевавшая доверие родителей. Это подтвердило, что такой образовательный подход действительно востребован: сильная академическая база, индивидуальное внимание к каждому ребенку и среда, в которой детям интересно учиться, развиваться и раскрывать свой потенциал.Сегодня проект выходит на новый этап развития и открывает вторую школу - для учеников с 1-го по 11-й класс.Главная цель Академии будущих лидеров - с ранних лет готовить детей к поступлению в топовые зарубежные университеты на грант.Поэтому обучение здесь строится не только вокруг школьной программы, но и вокруг формирования прочной базы по английскому языку и математике, развитию критического мышления, лидерских качеств, самостоятельности и умения добиваться высоких результатов.Встроенная в учебный процесс система подготовки помогает каждому ученику шаг за шагом формировать сильный академический и личностный профиль, который в будущем дает реальные преимущества при поступлении в зарубежные вузы на грант.Почему выбирают Академию будущих лидеров:сильная академическая база;английский язык с первых классов;развитие критического мышления, креативности и лидерских качеств;индивидуальный подход к каждому ребенку;дружелюбная и мотивирующая атмосфера;опыт крупного образовательного проекта с международными результатами;большая менторская команда из Кыргызстана, Казахстана, США и Европы..Адрес:ул. Байтика Баатыра, 4а/8, выше парка Гейдара Алиева, рядом с новой большой мечетью.Телефон:+996 559 700 800.Соцсети: Instagram:@futureleaderskg.Классы:с 1-го по 12-й.Стоимость обучения:1–4-й классы - $4 500 в год; 5–11-й классы - $5 200.Ежегодный взнос:нет.Количество учеников в классе:20–24.Время пребывания в школе:с 08:00 до 17:00.Питание, включенное в стоимость:трехразовое.Транспорт:есть, оплачивается отдельно.Языки обучения:русский и английский.Академия будущих лидеров.Академия будущих лидеров.Академия будущих лидеров.Академия будущих лидеров.1из4 ""ЭРУДИТ - INTERNATIONAL SCHOOL OF INNOVATIVE TECHNOLOGIES"" - школа создала лучшую образовательную программу, учитывающую каждую возрастную категорию и дающую возможность каждому ребенку получить блестящее образование международного уровня. ""ЭРУДИТ – ISIT"" – это не как можно больше информации обо всем на свете, это самая важная информация об основных явлениях – то, что обязательно пригодится в жизни вне зависимости от будущей профессии. ""ЭРУДИТ – ISIT"" работает на знания, а не на оценки. Готовят три направления: бизнес-управление, финансы, медицина и IT. Английский язык от 1,5 до 3 часов в день в зависимости от класса.С начальной школы - робототехника, программирование, история и бизнес для детей.С 5-го класса - science и talking club преподают носители.С 7-го класса начинается подготовка к TOEFL.Большое внимание уделяют предметам, развивающим SOFT SKlLLS.Участие в научных международных проектах и олимпиадах.В ""ЭРУДИТ – ISIT"" работают только опытные и высококвалифицированные педагоги, владеющие глубокими знаниями и современной методикой обучения. Триместровая система и переход на новый формат оценивания, повышающие уровень мотивации. Международная школа инновационных технологий - это пространство возможностей, исследования и практики.""Эрудит"" - если быть, то быть первым!Адрес:ул. Каралаева, 21.Телефоны:0553 10 35 35, 0555 40 00 50.Соцсети:Instagram:@erudite_isit.Сайт:https://erudite-school.tilda.ws.Классы:с 1-го по 12-й класс.Стоимость обучения:от 315 000 сомов в год (в зависимости от класса).Вступительный взнос:нет.Ежегодный взнос:есть. Включает в себя: закуп нового оборудования, износ и амортизация мебели, оборудования и техники, техническая поддержка и сервисное обслуживание в течение года оборудования и техники, оснащение лабораторий химии и физики реактивами, посудой и комплектующими, дополнительные приложения к интерактивным доскам.Количество учеников в классе:до 20 учеников, в начальной школе по два педагога на класс.Допуроки:школа работает без единого репетитора извне. В основную программу включены шахматы, робототехника, хореография, музыка, МХК, нейрокомплекс, science и talking club, полная подготовка к TOEFL, предметы, развивающие SOFT SKlLLS, лидерство и переговоры, основы предпринимательства, Debate.Время пребывания в школе:с 08:00 до 17:30.Питание:трехразовое, оплачивается отдельно.Секции:после 17:30 – таэквондо, гимнастика, волейбол, баскетбол.Развоз:есть, за дополнительную плату.Язык обучения:обучение ведется на русском языке, отдельные предметы - на английском языке (вторая программа Cambridge). Большое внимание уделяется изучению кыргызского языка.1из14УВК ""Приоритет""УВК ""Приоритет"" входит в число лучших частных школ Бишкека по академическим и олимпиадным результатам и в топ-10 сильнейших школ по итогам международных математических олимпиад Bilimtech.Ученики школы являются призерами Национальной олимпиады Кыргызской Республики. В этом году команда школы заняла 3-е место в стране на престижной олимпиаде AMC 8. Только за последний учебный год (2025/2026) учащиеся завоевали более 70 международных медалей по математике, английскому языку и другим предметам.Школа ""Приоритет"" входит втоп-5 лучших школ по версии EdNet- независимого образовательного портала, ежегодно анализирующего учебные заведения. Рейтинг формируется по оригинальной методологии, основанной на опыте оценки школ США, Великобритании, ОАЭ, России и других стран.Основой обучения является сильная математическая база, углубленное изучение английского языка, а также развитие логического, стратегического и критического мышления и soft skills. При этом школа уделяет особое внимание раскрытию индивидуального потенциала каждого ребенка.В школе ""Приоритет"" создана поддерживающая и безопасная образовательная среда, где важен каждый ребенок. Педагоги помогают ученикам раскрывать таланты, развивать уверенность в себе и формировать внутреннюю мотивацию к знаниям.Отличительные особенности школы: гимназическая программа, сотрудничество с европейскими университетами, проектное образование, мотивационная система оценивания.Адреса:первый филиал: пр. Ч. Айтматова, 56 / Айни; второй филиал: пр. Молодой Гвардии, 37а / Токтогула; третий филиал: мкр. ""Улан-2"", 25/1.Телефоны:0703 01 92 65, 0703 54 45 45.Соцсети:Instagram:@prioritet.shkola.kg, Facebook:@prioritetschool.Классы:с 1-го по 12-й класс.Допуроки:дополнительные уроки по основным предметам, подготовка к TOEFL и IELTS, Talking club, олимпиадный резерв (подготовка к олимпиадам), Art Club, курс финансовой грамотности.Стоимость обучения:$4 100 - годовая оплата.Вступительный взнос:$160 однократно.Ежегодный взнос:нет.Количество учеников в классе:20-24.Время пребывания в школе:с 08:00 до 18:00.Питание, включенное в стоимость:сбалансированное, полезное, трехразовое.Секции:футбол, хореография, таэквондо, волейбол, актерское мастерство, рукоделие, кулинария, шахматы, танцы, чирлидинг, комуз, дебаты и др.Трансфер:есть, за дополнительную плату.Язык обучения:обучение ведется на русском языке, с углубленным изучением английского языка.УВК ""Приоритет"".УВК ""Приоритет"".УВК ""Приоритет"".УВК ""Приоритет"".УВК ""Приоритет"".УВК ""Приоритет"".УВК ""Приоритет"".1из9""Абитуриент плюс""Частная начальная школа ""Абитуриент плюс"" - школа сильного академического фундамента, работающая в Бишкеке с 2014 года и специализирующаяся на обучении детей 1–4-х классов.В 2025 году ""Абитуриент плюс"" заняла1-е место в независимом рейтинге частных школБишкека в категории ""Начальная школа (1–4-й классы)"", подтвердив высокий уровень подготовки учеников и доверие родителей.Школа удобно расположена в центре города, что делает ее доступной для семей из разных районов. Для родителей предусмотрена удобная парковка, позволяющая комфортно привозить и забирать детей.Образовательная программа школы направлена на формирование сильной академической базы. Особое внимание уделяется углубленному изучению математики, развитию логического мышления, внимательности и навыков решения задач.В учебную программу также входят:английский язык по кембриджской программе:французский язык как второй иностранный со 2-го класса;предмет Soft Skills, направленный на развитие коммуникации, эмоционального интеллекта и навыков взаимодействия;сопровождение школьного психолога, помогающего детям мягко адаптироваться к школьной среде и учебной нагрузке.Одним из ключевых преимуществ школы является сильный педагогический состав. Учителя имеют большой опыт работы в начальном образовании и умеют выстраивать учебный процесс так, чтобы ребенок не только усваивал программу, но и формировал учебную дисциплину, усидчивость и уверенность в собственных силах.Результаты обучения подтверждаются объективными показателями: ученики школы демонстрируют стабильно высокие результаты независимого образовательного мониторинга НООДУ, где качество знаний не опускается ниже 75%.Для комфортного обучения и развития детей школа располагает современной инфраструктурой.На территории школы находится собственное футбольное поле, где проходят занятия физической культурой и спортивные тренировки.В школе организовано правильное и сбалансированное питание, соответствующее возрастным потребностям детей.Особое внимание уделяется адаптации первоклассников. Для учеников 1-х классов по новой 12-летней системе обучения предусмотрено отдельное здание, что позволяет создать более спокойную образовательную среду, соблюдать режим дня и обеспечить мягкий переход ребенка к школьной жизни.Классы в школе малокомплектные, что позволяет учителям уделять внимание каждому ученику и сопровождать его академическое развитие.""Абитуриент плюс"" - это школа, где формируется фундамент будущих успехов ребенка.Здесь дети получают сильную начальную подготовку, которая становится прочной основой для дальнейшего обучения и развития.Адрес:ул. Исанова, 4.Телефоны:0312 31 63 70, 0551 40 41 42.Соцсети:Instagram:@abiturient_kg/.Сайт:https://abiturient.kg.Классы:с 1-го по 4-й класс.Стоимость обучения:40 000 сомов в месяц, оплачивается девять месяцев.Вступительный и ежегодный взносы:нет.Количество учеников в классе:до 24 учеников.Допуроки:шахматы, хореография, музыка, Talking club, Soft skills.Время пребывания в школе:с 08:30 до 17:00.Питание, включенное в стоимость:трехразовое.Секции:ушу, художественная гимнастика, изостудия, шахматный клуб, робототехника.Трансфер:нет.Язык обучения:обучение ведется на русском языке с углубленным изучением английского языка по кембриджской системе. Большое внимание уделяется изучению кыргызского языка. Второй иностранный язык - французский.Начальная школа ""Абитуриент плюс"".Начальная школа ""Абитуриент плюс"".Начальная школа ""Абитуриент плюс"".Начальная школа ""Абитуриент плюс"".Начальная школа ""Абитуриент плюс"".1из5""Точка роста""Учебно-воспитательный комплекс ""Точка роста"" - это современное образовательное пространство, где академические знания сочетаются с развитием креативного мышления, исследовательских навыков и уверенности в себе. Наша задача - не только дать ребенку сильную базу знаний, но и сформировать компетенции, которые будут востребованы в будущем.Образовательный процесс в школе строится на STEAM-подходе, объединяющем науку, технологии, инженерию, искусство и математику. Такой формат обучения развивает у детей системное мышление, умение анализировать, экспериментировать и находить решения.Особое внимание уделяется английскому языку. В расписании предусмотрены занятия с носителями языка, что позволяет ученикам погружаться в языковую среду, развивать свободную разговорную речь и уверенно использовать английский в реальном общении.Важной частью программы является курс Social Studies, который расширяет кругозор учащихся и формирует понимание современных общественных процессов, мировой культуры и глобального контекста. Ученики учатся рассуждать, аргументировать свою позицию и видеть взаимосвязи между событиями.Значительное место в образовательной программе занимает проектная деятельность. Работа над проектами развивает у детей навыки исследования, командного взаимодействия, публичных выступлений и самостоятельного мышления - ключевые компетенции XXI века.Школа ""Точка роста"" создает среду, в которой дети становятся интеллектуально сильными, самостоятельными и конкурентными в современном мире, а также развивают уверенность в своих возможностях, получая образование, ориентированное на высокий результат и успешное будущее.Адрес:с. Кок-Жар, ул. Бейшена Егимбаева, 147.Телефоны:0999 55 61 16, 0557 55 61 16.Соцсети:Instagram:@tochkarostaschool.kg.Сайт:https://tochka-rosta.kg.Классы:1-12-й классы.Стоимость обучения:37 000 сомов в месяц, или 333 000 сомов в год.Ежегодный взнос:9 000 сомов (входят комплект формы и аренда учебников).Количество учеников в классе:до 24.Допуроки:шахматы, хореография, Social Studies, уроки по детской безопасности.Время пребывания в школе:с 08:00 до 16:30, допкружки и секции - с 16:30 до 18:00.Питание, включенное в стоимость:трехразовое, разработанное с нутрициологом.Секции:футбол, рукоделие, вязание, художественная студия, таэквондо, танцы, хоровое пение, ушу - кунг-фу, гимнастика, хореография, English club, корейский язык.Трансфер:есть, оплачивается отдельно.Язык обучения:русский.1из2American-European SchoolAmerican-European School - современная частная школа с обучением с 1-го до 12-го класса, ориентированная на углубленное изучение математики и английского языка.Преимущества школы:штатные психолог и логопед;10 видов кружков;выполнение домашних заданий под контролем учителей;электронный дневник;подготовка к поступлению в зарубежные вузы.Школа объединяет европейские и американские образовательные подходы, создавая сильную академическую базу и комфортную среду для развития каждого ученика.Адрес:ул. Бегматова, 65.Телефоны:0559 990 364, 0704 750 075.Соцсети:Instagram:@aes.kg.Классы:с 1-го по 12-й класс.Стоимость обучения в год:$5 000.Вступительный взнос:нет.Членский взнос:3 000 сомов (депозит за книги).Количество учеников в классе:20-22.Допуроки:подготовка к олимпиадам, по всем предметам, углубленная математика, подготовка к НЦТ, ОРТ, STEAM-проекты, английский язык.Время пребывания в школе:с 08:00 до 17:00.Питание, включенное в стоимость:трехразовое.Секции, входящие в стоимость:шахматы, фортепиано, рок-группа, тхэквандо, клуб ""Юный химик"", хореография, футбол, арт-искусство.Трансфер:есть, оплачивается отдельно - от 4 600 сомов.Язык обучения:русский.1из5Kyrgyz American SchoolKyrgyz American School - это пространство, где сочетаются академическая сильная база, современные методики и глубокое уважение к кыргызской культуре и наследию.Обучение на русском языке с усиленным изучением английского и кыргызского.Мы выстраиваем обучение так, чтобы ребенок свободно владел сразу несколькими языками. Основная программа ведется на русском языке, при этом особое внимание уделяется углубленному изучению английского и кыргызского - для уверенного будущего как в международной, так и в национальной среде.STEAM-подход - обучение через практику.Школа использует современную STEAM-модель (наука, технологии, инженерия, искусство и математика), которая развивает не только знания, но и навыки будущего: критическое мышление, креативность, умение работать в команде и находить нестандартные решения.Современные методы обучения. В школе дети не заучивают - они понимают. Интерактивные уроки, проектная деятельность и индивидуальный подход помогают раскрыть потенциал каждого ученика.Комфортная среда и забота о здоровье.Школа расположена в верхней части города - это чистый воздух, тишина и безопасная атмосфера, идеально подходящая для обучения и развития детей.Воспитание через культуру и традиции. Kyrgyz American School бережно передает кыргызские ценности, традиции и культурное наследие. Дети растут с уважением к своим корням, формируя сильную личность и национальную идентичность.Адрес:ул. Институт сейсмостойкого строительства, 10.Телефон:0704 75 00 75.Соцсети:Instagram:@kyrgyz.american.school/Классы:с 1-го по 12-й класс.Стоимость обучения в год:$5 000.Вступительный взнос:нет.Членский взнос:3 000 сомов (депозит за книги).Количество учеников в классе:20-22.Допуроки:кыргызский язык, углубленный английский, подготовка к олимпиадам по всем предметам, углубленная математика, подготовка к НЦТ, ОРТ, STEAM-проекты, подготовка к поступлению в международные вузы.Время пребывания в школе:с 08:00 до 17:00.Питание, включенное в стоимость:трехразовое.Секции (входят в стоимость): тхэквондо, войлок, шахматы, хореография, искусство, футбол, фортепиано и вокал, робототехника, подготовка к олимпиадам, подготовка в НЦТ, ОРТ, подготовка к SAT, подготовка IELTS и TOEFL.Трансфер:есть, оплачивается отдельно - от 4 600 сомов.Язык обучения:русский.Kyrgyz American School.Kyrgyz American School.Kyrgyz American School.Kyrgyz American School.Kyrgyz American School.Kyrgyz American School.1из6""Келечек MIT""""Келечек MIT"" - современная частная школа с обучением с 1-го класса, ориентированная на сильную академическую базу, углубленную математику, IT-направление и трилингвальное образование.Преимущества школы:трилингвальные классы (русский/английский/кыргызский);робототехника и IT с 1-го класса;подготовка к ОРТ, IELTS, SAT;сопровождение при поступлении в зарубежные вузы;более 20 кружков и секций, включенных в стоимость;небольшие классы (20-24 ученика);современная инфраструктура (лаборатории по химии/биологии, IT и робототехнике);отдельные здания для младшей + средней школы и старшей школы (с 2026 года);охраняемая территория и видеонаблюдение;организованный трансфер;трехразовое питание (завтрак, обед и полдник).Школа работает по принципу селективного образования, формируя среду, где стремление к знаниям и высокий результат становятся нормой.Адрес:8-й микрорайон, 39.Телефоны:0709 00 46 00, 0551 00 46 00.Соцсети:Instagram:@kelechek.mit/Сайт:https://kelechek.edu.kg.Классы:с 1-го класса.Стоимость обучения:от 49 500 сомов в месяц; питание и кружки входят в стоимость.Вступительный взнос:19 500 сомов.Членский взнос:нет.Количество учеников в классе:20-24.Допуроки:олимпиадная математика, программирование, робототехника, языки, подготовка к ОРТ/IELTS/SAT, футбол, волейбол, хореография, рисование, шахматы, беби-балет.Время пребывания в школе:с 08:00 до 17:00.Питание, включенное в стоимость:трехразовое.Трансфер:есть.Язык обучения:русский, английский, кыргызский.Келечек MIT.Келечек MIT.Келечек MIT.1из3Академия будущих лидеровАкадемия будущих лидеров - современная частная школа в Бишкеке, где качественное образование сочетается с развитием личности, лидерства и мышления. Проект создан при поддержке компании Logos и команды ""Школы будущих лидеров"", которая за восемь лет помогла более 800 ученикам поступить в престижные университеты мира, включая MIT, Princeton, Columbia, UPenn и другие, с общими грантами на сумму свыше $20 млн.В прошлом году открылся первый филиал Академии будущих лидеров в мкр. ""Улан"" - современная начальная школа, быстро завоевавшая доверие родителей. Это подтвердило, что такой образовательный подход действительно востребован: сильная академическая база, индивидуальное внимание к каждому ребенку и среда, в которой детям интересно учиться, развиваться и раскрывать свой потенциал.Сегодня проект выходит на новый этап развития и открывает вторую школу - для учеников с 1-го по 11-й класс.Главная цель Академии будущих лидеров - с ранних лет готовить детей к поступлению в топовые зарубежные университеты на грант.Поэтому обучение здесь строится не только вокруг школьной программы, но и вокруг формирования прочной базы по английскому языку и математике, развитию критического мышления, лидерских качеств, самостоятельности и умения добиваться высоких результатов.Встроенная в учебный процесс система подготовки помогает каждому ученику шаг за шагом формировать сильный академический и личностный профиль, который в будущем дает реальные преимущества при поступлении в зарубежные вузы на грант.Почему выбирают Академию будущих лидеров:сильная академическая база;английский язык с первых классов;развитие критического мышления, креативности и лидерских качеств;индивидуальный подход к каждому ребенку;дружелюбная и мотивирующая атмосфера;опыт крупного образовательного проекта с международными результатами;большая менторская команда из Кыргызстана, Казахстана, США и Европы..Адрес:ул. Байтика Баатыра, 4а/8, выше парка Гейдара Алиева, рядом с новой большой мечетью.Телефон:+996 559 700 800.Соцсети: Instagram:@futureleaderskg.Классы:с 1-го по 12-й.Стоимость обучения:1–4-й классы - $4 500 в год; 5–11-й классы - $5 200.Ежегодный взнос:нет.Количество учеников в классе:20–24.Время пребывания в школе:с 08:00 до 17:00.Питание, включенное в стоимость:трехразовое.Транспорт:есть, оплачивается отдельно.Языки обучения:русский и английский.Академия будущих лидеров.Академия будущих лидеров.Академия будущих лидеров.Академия будущих лидеров.1из4 В ""ЭРУДИТ – ISIT"" работают только опытные и высококвалифицированные педагоги, владеющие глубокими знаниями и современной методикой обучения. Триместровая система и переход на новый формат оценивания, повышающие уровень мотивации. Международная школа инновационных технологий - это пространство возможностей, исследования и практики. ""Эрудит"" - если быть, то быть первым! Адрес:ул. Каралаева, 21.Телефоны:0553 10 35 35, 0555 40 00 50.Соцсети:Instagram:@erudite_isit.Сайт:https://erudite-school.tilda.ws.Классы:с 1-го по 12-й класс.Стоимость обучения:от 315 000 сомов в год (в зависимости от класса).Вступительный взнос:нет.Ежегодный взнос:есть. Включает в себя: закуп нового оборудования, износ и амортизация мебели, оборудования и техники, техническая поддержка и сервисное обслуживание в течение года оборудования и техники, оснащение лабораторий химии и физики реактивами, посудой и комплектующими, дополнительные приложения к интерактивным доскам.Количество учеников в классе:до 20 учеников, в начальной школе по два педагога на класс.Допуроки:школа работает без единого репетитора извне. В основную программу включены шахматы, робототехника, хореография, музыка, МХК, нейрокомплекс, science и talking club, полная подготовка к TOEFL, предметы, развивающие SOFT SKlLLS, лидерство и переговоры, основы предпринимательства, Debate.Время пребывания в школе:с 08:00 до 17:30.Питание:трехразовое, оплачивается отдельно.Секции:после 17:30 – таэквондо, гимнастика, волейбол, баскетбол.Развоз:есть, за дополнительную плату.Язык обучения:обучение ведется на русском языке, отдельные предметы - на английском языке (вторая программа Cambridge). Большое внимание уделяется изучению кыргызского языка.1из14УВК ""Приоритет""УВК ""Приоритет"" входит в число лучших частных школ Бишкека по академическим и олимпиадным результатам и в топ-10 сильнейших школ по итогам международных математических олимпиад Bilimtech.Ученики школы являются призерами Национальной олимпиады Кыргызской Республики. В этом году команда школы заняла 3-е место в стране на престижной олимпиаде AMC 8. Только за последний учебный год (2025/2026) учащиеся завоевали более 70 международных медалей по математике, английскому языку и другим предметам.Школа ""Приоритет"" входит втоп-5 лучших школ по версии EdNet- независимого образовательного портала, ежегодно анализирующего учебные заведения. Рейтинг формируется по оригинальной методологии, основанной на опыте оценки школ США, Великобритании, ОАЭ, России и других стран.Основой обучения является сильная математическая база, углубленное изучение английского языка, а также развитие логического, стратегического и критического мышления и soft skills. При этом школа уделяет особое внимание раскрытию индивидуального потенциала каждого ребенка.В школе ""Приоритет"" создана поддерживающая и безопасная образовательная среда, где важен каждый ребенок. Педагоги помогают ученикам раскрывать таланты, развивать уверенность в себе и формировать внутреннюю мотивацию к знаниям.Отличительные особенности школы: гимназическая программа, сотрудничество с европейскими университетами, проектное образование, мотивационная система оценивания.Адреса:первый филиал: пр. Ч. Айтматова, 56 / Айни; второй филиал: пр. Молодой Гвардии, 37а / Токтогула; третий филиал: мкр. ""Улан-2"", 25/1.Телефоны:0703 01 92 65, 0703 54 45 45.Соцсети:Instagram:@prioritet.shkola.kg, Facebook:@prioritetschool.Классы:с 1-го по 12-й класс.Допуроки:дополнительные уроки по основным предметам, подготовка к TOEFL и IELTS, Talking club, олимпиадный резерв (подготовка к олимпиадам), Art Club, курс финансовой грамотности.Стоимость обучения:$4 100 - годовая оплата.Вступительный взнос:$160 однократно.Ежегодный взнос:нет.Количество учеников в классе:20-24.Время пребывания в школе:с 08:00 до 18:00.Питание, включенное в стоимость:сбалансированное, полезное, трехразовое.Секции:футбол, хореография, таэквондо, волейбол, актерское мастерство, рукоделие, кулинария, шахматы, танцы, чирлидинг, комуз, дебаты и др.Трансфер:есть, за дополнительную плату.Язык обучения:обучение ведется на русском языке, с углубленным изучением английского языка.УВК ""Приоритет"".УВК ""Приоритет"".УВК ""Приоритет"".УВК ""Приоритет"".УВК ""Приоритет"".УВК ""Приоритет"".УВК ""Приоритет"".1из9""Абитуриент плюс""Частная начальная школа ""Абитуриент плюс"" - школа сильного академического фундамента, работающая в Бишкеке с 2014 года и специализирующаяся на обучении детей 1–4-х классов.В 2025 году ""Абитуриент плюс"" заняла1-е место в независимом рейтинге частных школБишкека в категории ""Начальная школа (1–4-й классы)"", подтвердив высокий уровень подготовки учеников и доверие родителей.Школа удобно расположена в центре города, что делает ее доступной для семей из разных районов. Для родителей предусмотрена удобная парковка, позволяющая комфортно привозить и забирать детей.Образовательная программа школы направлена на формирование сильной академической базы. Особое внимание уделяется углубленному изучению математики, развитию логического мышления, внимательности и навыков решения задач.В учебную программу также входят:английский язык по кембриджской программе:французский язык как второй иностранный со 2-го класса;предмет Soft Skills, направленный на развитие коммуникации, эмоционального интеллекта и навыков взаимодействия;сопровождение школьного психолога, помогающего детям мягко адаптироваться к школьной среде и учебной нагрузке.Одним из ключевых преимуществ школы является сильный педагогический состав. Учителя имеют большой опыт работы в начальном образовании и умеют выстраивать учебный процесс так, чтобы ребенок не только усваивал программу, но и формировал учебную дисциплину, усидчивость и уверенность в собственных силах.Результаты обучения подтверждаются объективными показателями: ученики школы демонстрируют стабильно высокие результаты независимого образовательного мониторинга НООДУ, где качество знаний не опускается ниже 75%.Для комфортного обучения и развития детей школа располагает современной инфраструктурой.На территории школы находится собственное футбольное поле, где проходят занятия физической культурой и спортивные тренировки.В школе организовано правильное и сбалансированное питание, соответствующее возрастным потребностям детей.Особое внимание уделяется адаптации первоклассников. Для учеников 1-х классов по новой 12-летней системе обучения предусмотрено отдельное здание, что позволяет создать более спокойную образовательную среду, соблюдать режим дня и обеспечить мягкий переход ребенка к школьной жизни.Классы в школе малокомплектные, что позволяет учителям уделять внимание каждому ученику и сопровождать его академическое развитие.""Абитуриент плюс"" - это школа, где формируется фундамент будущих успехов ребенка.Здесь дети получают сильную начальную подготовку, которая становится прочной основой для дальнейшего обучения и развития.Адрес:ул. Исанова, 4.Телефоны:0312 31 63 70, 0551 40 41 42.Соцсети:Instagram:@abiturient_kg/.Сайт:https://abiturient.kg.Классы:с 1-го по 4-й класс.Стоимость обучения:40 000 сомов в месяц, оплачивается девять месяцев.Вступительный и ежегодный взносы:нет.Количество учеников в классе:до 24 учеников.Допуроки:шахматы, хореография, музыка, Talking club, Soft skills.Время пребывания в школе:с 08:30 до 17:00.Питание, включенное в стоимость:трехразовое.Секции:ушу, художественная гимнастика, изостудия, шахматный клуб, робототехника.Трансфер:нет.Язык обучения:обучение ведется на русском языке с углубленным изучением английского языка по кембриджской системе. Большое внимание уделяется изучению кыргызского языка. Второй иностранный язык - французский.Начальная школа ""Абитуриент плюс"".Начальная школа ""Абитуриент плюс"".Начальная школа ""Абитуриент плюс"".Начальная школа ""Абитуриент плюс"".Начальная школа ""Абитуриент плюс"".1из5""Точка роста""Учебно-воспитательный комплекс ""Точка роста"" - это современное образовательное пространство, где академические знания сочетаются с развитием креативного мышления, исследовательских навыков и уверенности в себе. Наша задача - не только дать ребенку сильную базу знаний, но и сформировать компетенции, которые будут востребованы в будущем.Образовательный процесс в школе строится на STEAM-подходе, объединяющем науку, технологии, инженерию, искусство и математику. Такой формат обучения развивает у детей системное мышление, умение анализировать, экспериментировать и находить решения.Особое внимание уделяется английскому языку. В расписании предусмотрены занятия с носителями языка, что позволяет ученикам погружаться в языковую среду, развивать свободную разговорную речь и уверенно использовать английский в реальном общении.Важной частью программы является курс Social Studies, который расширяет кругозор учащихся и формирует понимание современных общественных процессов, мировой культуры и глобального контекста. Ученики учатся рассуждать, аргументировать свою позицию и видеть взаимосвязи между событиями.Значительное место в образовательной программе занимает проектная деятельность. Работа над проектами развивает у детей навыки исследования, командного взаимодействия, публичных выступлений и самостоятельного мышления - ключевые компетенции XXI века.Школа ""Точка роста"" создает среду, в которой дети становятся интеллектуально сильными, самостоятельными и конкурентными в современном мире, а также развивают уверенность в своих возможностях, получая образование, ориентированное на высокий результат и успешное будущее.Адрес:с. Кок-Жар, ул. Бейшена Егимбаева, 147.Телефоны:0999 55 61 16, 0557 55 61 16.Соцсети:Instagram:@tochkarostaschool.kg.Сайт:https://tochka-rosta.kg.Классы:1-12-й классы.Стоимость обучения:37 000 сомов в месяц, или 333 000 сомов в год.Ежегодный взнос:9 000 сомов (входят комплект формы и аренда учебников).Количество учеников в классе:до 24.Допуроки:шахматы, хореография, Social Studies, уроки по детской безопасности.Время пребывания в школе:с 08:00 до 16:30, допкружки и секции - с 16:30 до 18:00.Питание, включенное в стоимость:трехразовое, разработанное с нутрициологом.Секции:футбол, рукоделие, вязание, художественная студия, таэквондо, танцы, хоровое пение, ушу - кунг-фу, гимнастика, хореография, English club, корейский язык.Трансфер:есть, оплачивается отдельно.Язык обучения:русский.1из2American-European SchoolAmerican-European School - современная частная школа с обучением с 1-го до 12-го класса, ориентированная на углубленное изучение математики и английского языка.Преимущества школы:штатные психолог и логопед;10 видов кружков;выполнение домашних заданий под контролем учителей;электронный дневник;подготовка к поступлению в зарубежные вузы.Школа объединяет европейские и американские образовательные подходы, создавая сильную академическую базу и комфортную среду для развития каждого ученика.Адрес:ул. Бегматова, 65.Телефоны:0559 990 364, 0704 750 075.Соцсети:Instagram:@aes.kg.Классы:с 1-го по 12-й класс.Стоимость обучения в год:$5 000.Вступительный взнос:нет.Членский взнос:3 000 сомов (депозит за книги).Количество учеников в классе:20-22.Допуроки:подготовка к олимпиадам, по всем предметам, углубленная математика, подготовка к НЦТ, ОРТ, STEAM-проекты, английский язык.Время пребывания в школе:с 08:00 до 17:00.Питание, включенное в стоимость:трехразовое.Секции, входящие в стоимость:шахматы, фортепиано, рок-группа, тхэквандо, клуб ""Юный химик"", хореография, футбол, арт-искусство.Трансфер:есть, оплачивается отдельно - от 4 600 сомов.Язык обучения:русский.1из5Kyrgyz American SchoolKyrgyz American School - это пространство, где сочетаются академическая сильная база, современные методики и глубокое уважение к кыргызской культуре и наследию.Обучение на русском языке с усиленным изучением английского и кыргызского.Мы выстраиваем обучение так, чтобы ребенок свободно владел сразу несколькими языками. Основная программа ведется на русском языке, при этом особое внимание уделяется углубленному изучению английского и кыргызского - для уверенного будущего как в международной, так и в национальной среде.STEAM-подход - обучение через практику.Школа использует современную STEAM-модель (наука, технологии, инженерия, искусство и математика), которая развивает не только знания, но и навыки будущего: критическое мышление, креативность, умение работать в команде и находить нестандартные решения.Современные методы обучения. В школе дети не заучивают - они понимают. Интерактивные уроки, проектная деятельность и индивидуальный подход помогают раскрыть потенциал каждого ученика.Комфортная среда и забота о здоровье.Школа расположена в верхней части города - это чистый воздух, тишина и безопасная атмосфера, идеально подходящая для обучения и развития детей.Воспитание через культуру и традиции. Kyrgyz American School бережно передает кыргызские ценности, традиции и культурное наследие. Дети растут с уважением к своим корням, формируя сильную личность и национальную идентичность.Адрес:ул. Институт сейсмостойкого строительства, 10.Телефон:0704 75 00 75.Соцсети:Instagram:@kyrgyz.american.school/Классы:с 1-го по 12-й класс.Стоимость обучения в год:$5 000.Вступительный взнос:нет.Членский взнос:3 000 сомов (депозит за книги).Количество учеников в классе:20-22.Допуроки:кыргызский язык, углубленный английский, подготовка к олимпиадам по всем предметам, углубленная математика, подготовка к НЦТ, ОРТ, STEAM-проекты, подготовка к поступлению в международные вузы.Время пребывания в школе:с 08:00 до 17:00.Питание, включенное в стоимость:трехразовое.Секции (входят в стоимость): тхэквондо, войлок, шахматы, хореография, искусство, футбол, фортепиано и вокал, робототехника, подготовка к олимпиадам, подготовка в НЦТ, ОРТ, подготовка к SAT, подготовка IELTS и TOEFL.Трансфер:есть, оплачивается отдельно - от 4 600 сомов.Язык обучения:русский.Kyrgyz American School.Kyrgyz American School.Kyrgyz American School.Kyrgyz American School.Kyrgyz American School.Kyrgyz American School.1из6""Келечек MIT""""Келечек MIT"" - современная частная школа с обучением с 1-го класса, ориентированная на сильную академическую базу, углубленную математику, IT-направление и трилингвальное образование.Преимущества школы:трилингвальные классы (русский/английский/кыргызский);робототехника и IT с 1-го класса;подготовка к ОРТ, IELTS, SAT;сопровождение при поступлении в зарубежные вузы;более 20 кружков и секций, включенных в стоимость;небольшие классы (20-24 ученика);современная инфраструктура (лаборатории по химии/биологии, IT и робототехнике);отдельные здания для младшей + средней школы и старшей школы (с 2026 года);охраняемая территория и видеонаблюдение;организованный трансфер;трехразовое питание (завтрак, обед и полдник).Школа работает по принципу селективного образования, формируя среду, где стремление к знаниям и высокий результат становятся нормой.Адрес:8-й микрорайон, 39.Телефоны:0709 00 46 00, 0551 00 46 00.Соцсети:Instagram:@kelechek.mit/Сайт:https://kelechek.edu.kg.Классы:с 1-го класса.Стоимость обучения:от 49 500 сомов в месяц; питание и кружки входят в стоимость.Вступительный взнос:19 500 сомов.Членский взнос:нет.Количество учеников в классе:20-24.Допуроки:олимпиадная математика, программирование, робототехника, языки, подготовка к ОРТ/IELTS/SAT, футбол, волейбол, хореография, рисование, шахматы, беби-балет.Время пребывания в школе:с 08:00 до 17:00.Питание, включенное в стоимость:трехразовое.Трансфер:есть.Язык обучения:русский, английский, кыргызский.Келечек MIT.Келечек MIT.Келечек MIT.1из3Академия будущих лидеровАкадемия будущих лидеров - современная частная школа в Бишкеке, где качественное образование сочетается с развитием личности, лидерства и мышления. Проект создан при поддержке компании Logos и команды ""Школы будущих лидеров"", которая за восемь лет помогла более 800 ученикам поступить в престижные университеты мира, включая MIT, Princeton, Columbia, UPenn и другие, с общими грантами на сумму свыше $20 млн.В прошлом году открылся первый филиал Академии будущих лидеров в мкр. ""Улан"" - современная начальная школа, быстро завоевавшая доверие родителей. Это подтвердило, что такой образовательный подход действительно востребован: сильная академическая база, индивидуальное внимание к каждому ребенку и среда, в которой детям интересно учиться, развиваться и раскрывать свой потенциал.Сегодня проект выходит на новый этап развития и открывает вторую школу - для учеников с 1-го по 11-й класс.Главная цель Академии будущих лидеров - с ранних лет готовить детей к поступлению в топовые зарубежные университеты на грант.Поэтому обучение здесь строится не только вокруг школьной программы, но и вокруг формирования прочной базы по английскому языку и математике, развитию критического мышления, лидерских качеств, самостоятельности и умения добиваться высоких результатов.Встроенная в учебный процесс система подготовки помогает каждому ученику шаг за шагом формировать сильный академический и личностный профиль, который в будущем дает реальные преимущества при поступлении в зарубежные вузы на грант.Почему выбирают Академию будущих лидеров:сильная академическая база;английский язык с первых классов;развитие критического мышления, креативности и лидерских качеств;индивидуальный подход к каждому ребенку;дружелюбная и мотивирующая атмосфера;опыт крупного образовательного проекта с международными результатами;большая менторская команда из Кыргызстана, Казахстана, США и Европы..Адрес:ул. Байтика Баатыра, 4а/8, выше парка Гейдара Алиева, рядом с новой большой мечетью.Телефон:+996 559 700 800.Соцсети: Instagram:@futureleaderskg.Классы:с 1-го по 12-й.Стоимость обучения:1–4-й классы - $4 500 в год; 5–11-й классы - $5 200.Ежегодный взнос:нет.Количество учеников в классе:20–24.Время пребывания в школе:с 08:00 до 17:00.Питание, включенное в стоимость:трехразовое.Транспорт:есть, оплачивается отдельно.Языки обучения:русский и английский.Академия будущих лидеров.Академия будущих лидеров.Академия будущих лидеров.Академия будущих лидеров.1из4 УВК ""Приоритет"" входит в число лучших частных школ Бишкека по академическим и олимпиадным результатам и в топ-10 сильнейших школ по итогам международных математических олимпиад Bilimtech. Ученики школы являются призерами Национальной олимпиады Кыргызской Республики. В этом году команда школы заняла 3-е место в стране на престижной олимпиаде AMC 8. Только за последний учебный год (2025/2026) учащиеся завоевали более 70 международных медалей по математике, английскому языку и другим предметам. Школа ""Приоритет"" входит втоп-5 лучших школ по версии EdNet- независимого образовательного портала, ежегодно анализирующего учебные заведения. Рейтинг формируется по оригинальной методологии, основанной на опыте оценки школ США, Великобритании, ОАЭ, России и других стран. Основой обучения является сильная математическая база, углубленное изучение английского языка, а также развитие логического, стратегического и критического мышления и soft skills. При этом школа уделяет особое внимание раскрытию индивидуального потенциала каждого ребенка. В школе ""Приоритет"" создана поддерживающая и безопасная образовательная среда, где важен каждый ребенок. Педагоги помогают ученикам раскрывать таланты, развивать уверенность в себе и формировать внутреннюю мотивацию к знаниям. Отличительные особенности школы: гимназическая программа, сотрудничество с европейскими университетами, проектное образование, мотивационная система оценивания. Адреса:первый филиал: пр. Ч. Айтматова, 56 / Айни; второй филиал: пр. Молодой Гвардии, 37а / Токтогула; третий филиал: мкр. ""Улан-2"", 25/1.Телефоны:0703 01 92 65, 0703 54 45 45.Соцсети:Instagram:@prioritet.shkola.kg, Facebook:@prioritetschool.Классы:с 1-го по 12-й класс.Допуроки:дополнительные уроки по основным предметам, подготовка к TOEFL и IELTS, Talking club, олимпиадный резерв (подготовка к олимпиадам), Art Club, курс финансовой грамотности.Стоимость обучения:$4 100 - годовая оплата.Вступительный взнос:$160 однократно.Ежегодный взнос:нет.Количество учеников в классе:20-24.Время пребывания в школе:с 08:00 до 18:00.Питание, включенное в стоимость:сбалансированное, полезное, трехразовое.Секции:футбол, хореография, таэквондо, волейбол, актерское мастерство, рукоделие, кулинария, шахматы, танцы, чирлидинг, комуз, дебаты и др.Трансфер:есть, за дополнительную плату.Язык обучения:обучение ведется на русском языке, с углубленным изучением английского языка.УВК ""Приоритет"".УВК ""Приоритет"".УВК ""Приоритет"".УВК ""Приоритет"".УВК ""Приоритет"".УВК ""Приоритет"".УВК ""Приоритет"".1из9""Абитуриент плюс""Частная начальная школа ""Абитуриент плюс"" - школа сильного академического фундамента, работающая в Бишкеке с 2014 года и специализирующаяся на обучении детей 1–4-х классов.В 2025 году ""Абитуриент плюс"" заняла1-е место в независимом рейтинге частных школБишкека в категории ""Начальная школа (1–4-й классы)"", подтвердив высокий уровень подготовки учеников и доверие родителей.Школа удобно расположена в центре города, что делает ее доступной для семей из разных районов. Для родителей предусмотрена удобная парковка, позволяющая комфортно привозить и забирать детей.Образовательная программа школы направлена на формирование сильной академической базы. Особое внимание уделяется углубленному изучению математики, развитию логического мышления, внимательности и навыков решения задач.В учебную программу также входят:английский язык по кембриджской программе:французский язык как второй иностранный со 2-го класса;предмет Soft Skills, направленный на развитие коммуникации, эмоционального интеллекта и навыков взаимодействия;сопровождение школьного психолога, помогающего детям мягко адаптироваться к школьной среде и учебной нагрузке.Одним из ключевых преимуществ школы является сильный педагогический состав. Учителя имеют большой опыт работы в начальном образовании и умеют выстраивать учебный процесс так, чтобы ребенок не только усваивал программу, но и формировал учебную дисциплину, усидчивость и уверенность в собственных силах.Результаты обучения подтверждаются объективными показателями: ученики школы демонстрируют стабильно высокие результаты независимого образовательного мониторинга НООДУ, где качество знаний не опускается ниже 75%.Для комфортного обучения и развития детей школа располагает современной инфраструктурой.На территории школы находится собственное футбольное поле, где проходят занятия физической культурой и спортивные тренировки.В школе организовано правильное и сбалансированное питание, соответствующее возрастным потребностям детей.Особое внимание уделяется адаптации первоклассников. Для учеников 1-х классов по новой 12-летней системе обучения предусмотрено отдельное здание, что позволяет создать более спокойную образовательную среду, соблюдать режим дня и обеспечить мягкий переход ребенка к школьной жизни.Классы в школе малокомплектные, что позволяет учителям уделять внимание каждому ученику и сопровождать его академическое развитие.""Абитуриент плюс"" - это школа, где формируется фундамент будущих успехов ребенка.Здесь дети получают сильную начальную подготовку, которая становится прочной основой для дальнейшего обучения и развития.Адрес:ул. Исанова, 4.Телефоны:0312 31 63 70, 0551 40 41 42.Соцсети:Instagram:@abiturient_kg/.Сайт:https://abiturient.kg.Классы:с 1-го по 4-й класс.Стоимость обучения:40 000 сомов в месяц, оплачивается девять месяцев.Вступительный и ежегодный взносы:нет.Количество учеников в классе:до 24 учеников.Допуроки:шахматы, хореография, музыка, Talking club, Soft skills.Время пребывания в школе:с 08:30 до 17:00.Питание, включенное в стоимость:трехразовое.Секции:ушу, художественная гимнастика, изостудия, шахматный клуб, робототехника.Трансфер:нет.Язык обучения:обучение ведется на русском языке с углубленным изучением английского языка по кембриджской системе. Большое внимание уделяется изучению кыргызского языка. Второй иностранный язык - французский.Начальная школа ""Абитуриент плюс"".Начальная школа ""Абитуриент плюс"".Начальная школа ""Абитуриент плюс"".Начальная школа ""Абитуриент плюс"".Начальная школа ""Абитуриент плюс"".1из5""Точка роста""Учебно-воспитательный комплекс ""Точка роста"" - это современное образовательное пространство, где академические знания сочетаются с развитием креативного мышления, исследовательских навыков и уверенности в себе. Наша задача - не только дать ребенку сильную базу знаний, но и сформировать компетенции, которые будут востребованы в будущем.Образовательный процесс в школе строится на STEAM-подходе, объединяющем науку, технологии, инженерию, искусство и математику. Такой формат обучения развивает у детей системное мышление, умение анализировать, экспериментировать и находить решения.Особое внимание уделяется английскому языку. В расписании предусмотрены занятия с носителями языка, что позволяет ученикам погружаться в языковую среду, развивать свободную разговорную речь и уверенно использовать английский в реальном общении.Важной частью программы является курс Social Studies, который расширяет кругозор учащихся и формирует понимание современных общественных процессов, мировой культуры и глобального контекста. Ученики учатся рассуждать, аргументировать свою позицию и видеть взаимосвязи между событиями.Значительное место в образовательной программе занимает проектная деятельность. Работа над проектами развивает у детей навыки исследования, командного взаимодействия, публичных выступлений и самостоятельного мышления - ключевые компетенции XXI века.Школа ""Точка роста"" создает среду, в которой дети становятся интеллектуально сильными, самостоятельными и конкурентными в современном мире, а также развивают уверенность в своих возможностях, получая образование, ориентированное на высокий результат и успешное будущее.Адрес:с. Кок-Жар, ул. Бейшена Егимбаева, 147.Телефоны:0999 55 61 16, 0557 55 61 16.Соцсети:Instagram:@tochkarostaschool.kg.Сайт:https://tochka-rosta.kg.Классы:1-12-й классы.Стоимость обучения:37 000 сомов в месяц, или 333 000 сомов в год.Ежегодный взнос:9 000 сомов (входят комплект формы и аренда учебников).Количество учеников в классе:до 24.Допуроки:шахматы, хореография, Social Studies, уроки по детской безопасности.Время пребывания в школе:с 08:00 до 16:30, допкружки и секции - с 16:30 до 18:00.Питание, включенное в стоимость:трехразовое, разработанное с нутрициологом.Секции:футбол, рукоделие, вязание, художественная студия, таэквондо, танцы, хоровое пение, ушу - кунг-фу, гимнастика, хореография, English club, корейский язык.Трансфер:есть, оплачивается отдельно.Язык обучения:русский.1из2American-European SchoolAmerican-European School - современная частная школа с обучением с 1-го до 12-го класса, ориентированная на углубленное изучение математики и английского языка.Преимущества школы:штатные психолог и логопед;10 видов кружков;выполнение домашних заданий под контролем учителей;электронный дневник;подготовка к поступлению в зарубежные вузы.Школа объединяет европейские и американские образовательные подходы, создавая сильную академическую базу и комфортную среду для развития каждого ученика.Адрес:ул. Бегматова, 65.Телефоны:0559 990 364, 0704 750 075.Соцсети:Instagram:@aes.kg.Классы:с 1-го по 12-й класс.Стоимость обучения в год:$5 000.Вступительный взнос:нет.Членский взнос:3 000 сомов (депозит за книги).Количество учеников в классе:20-22.Допуроки:подготовка к олимпиадам, по всем предметам, углубленная математика, подготовка к НЦТ, ОРТ, STEAM-проекты, английский язык.Время пребывания в школе:с 08:00 до 17:00.Питание, включенное в стоимость:трехразовое.Секции, входящие в стоимость:шахматы, фортепиано, рок-группа, тхэквандо, клуб ""Юный химик"", хореография, футбол, арт-искусство.Трансфер:есть, оплачивается отдельно - от 4 600 сомов.Язык обучения:русский.1из5Kyrgyz American SchoolKyrgyz American School - это пространство, где сочетаются академическая сильная база, современные методики и глубокое уважение к кыргызской культуре и наследию.Обучение на русском языке с усиленным изучением английского и кыргызского.Мы выстраиваем обучение так, чтобы ребенок свободно владел сразу несколькими языками. Основная программа ведется на русском языке, при этом особое внимание уделяется углубленному изучению английского и кыргызского - для уверенного будущего как в международной, так и в национальной среде.STEAM-подход - обучение через практику.Школа использует современную STEAM-модель (наука, технологии, инженерия, искусство и математика), которая развивает не только знания, но и навыки будущего: критическое мышление, креативность, умение работать в команде и находить нестандартные решения.Современные методы обучения. В школе дети не заучивают - они понимают. Интерактивные уроки, проектная деятельность и индивидуальный подход помогают раскрыть потенциал каждого ученика.Комфортная среда и забота о здоровье.Школа расположена в верхней части города - это чистый воздух, тишина и безопасная атмосфера, идеально подходящая для обучения и развития детей.Воспитание через культуру и традиции. Kyrgyz American School бережно передает кыргызские ценности, традиции и культурное наследие. Дети растут с уважением к своим корням, формируя сильную личность и национальную идентичность.Адрес:ул. Институт сейсмостойкого строительства, 10.Телефон:0704 75 00 75.Соцсети:Instagram:@kyrgyz.american.school/Классы:с 1-го по 12-й класс.Стоимость обучения в год:$5 000.Вступительный взнос:нет.Членский взнос:3 000 сомов (депозит за книги).Количество учеников в классе:20-22.Допуроки:кыргызский язык, углубленный английский, подготовка к олимпиадам по всем предметам, углубленная математика, подготовка к НЦТ, ОРТ, STEAM-проекты, подготовка к поступлению в международные вузы.Время пребывания в школе:с 08:00 до 17:00.Питание, включенное в стоимость:трехразовое.Секции (входят в стоимость): тхэквондо, войлок, шахматы, хореография, искусство, футбол, фортепиано и вокал, робототехника, подготовка к олимпиадам, подготовка в НЦТ, ОРТ, подготовка к SAT, подготовка IELTS и TOEFL.Трансфер:есть, оплачивается отдельно - от 4 600 сомов.Язык обучения:русский.Kyrgyz American School.Kyrgyz American School.Kyrgyz American School.Kyrgyz American School.Kyrgyz American School.Kyrgyz American School.1из6""Келечек MIT""""Келечек MIT"" - современная частная школа с обучением с 1-го класса, ориентированная на сильную академическую базу, углубленную математику, IT-направление и трилингвальное образование.Преимущества школы:трилингвальные классы (русский/английский/кыргызский);робототехника и IT с 1-го класса;подготовка к ОРТ, IELTS, SAT;сопровождение при поступлении в зарубежные вузы;более 20 кружков и секций, включенных в стоимость;небольшие классы (20-24 ученика);современная инфраструктура (лаборатории по химии/биологии, IT и робототехнике);отдельные здания для младшей + средней школы и старшей школы (с 2026 года);охраняемая территория и видеонаблюдение;организованный трансфер;трехразовое питание (завтрак, обед и полдник).Школа работает по принципу селективного образования, формируя среду, где стремление к знаниям и высокий результат становятся нормой.Адрес:8-й микрорайон, 39.Телефоны:0709 00 46 00, 0551 00 46 00.Соцсети:Instagram:@kelechek.mit/Сайт:https://kelechek.edu.kg.Классы:с 1-го класса.Стоимость обучения:от 49 500 сомов в месяц; питание и кружки входят в стоимость.Вступительный взнос:19 500 сомов.Членский взнос:нет.Количество учеников в классе:20-24.Допуроки:олимпиадная математика, программирование, робототехника, языки, подготовка к ОРТ/IELTS/SAT, футбол, волейбол, хореография, рисование, шахматы, беби-балет.Время пребывания в школе:с 08:00 до 17:00.Питание, включенное в стоимость:трехразовое.Трансфер:есть.Язык обучения:русский, английский, кыргызский.Келечек MIT.Келечек MIT.Келечек MIT.1из3Академия будущих лидеровАкадемия будущих лидеров - современная частная школа в Бишкеке, где качественное образование сочетается с развитием личности, лидерства и мышления. Проект создан при поддержке компании Logos и команды ""Школы будущих лидеров"", которая за восемь лет помогла более 800 ученикам поступить в престижные университеты мира, включая MIT, Princeton, Columbia, UPenn и другие, с общими грантами на сумму свыше $20 млн.В прошлом году открылся первый филиал Академии будущих лидеров в мкр. ""Улан"" - современная начальная школа, быстро завоевавшая доверие родителей. Это подтвердило, что такой образовательный подход действительно востребован: сильная академическая база, индивидуальное внимание к каждому ребенку и среда, в которой детям интересно учиться, развиваться и раскрывать свой потенциал.Сегодня проект выходит на новый этап развития и открывает вторую школу - для учеников с 1-го по 11-й класс.Главная цель Академии будущих лидеров - с ранних лет готовить детей к поступлению в топовые зарубежные университеты на грант.Поэтому обучение здесь строится не только вокруг школьной программы, но и вокруг формирования прочной базы по английскому языку и математике, развитию критического мышления, лидерских качеств, самостоятельности и умения добиваться высоких результатов.Встроенная в учебный процесс система подготовки помогает каждому ученику шаг за шагом формировать сильный академический и личностный профиль, который в будущем дает реальные преимущества при поступлении в зарубежные вузы на грант.Почему выбирают Академию будущих лидеров:сильная академическая база;английский язык с первых классов;развитие критического мышления, креативности и лидерских качеств;индивидуальный подход к каждому ребенку;дружелюбная и мотивирующая атмосфера;опыт крупного образовательного проекта с международными результатами;большая менторская команда из Кыргызстана, Казахстана, США и Европы..Адрес:ул. Байтика Баатыра, 4а/8, выше парка Гейдара Алиева, рядом с новой большой мечетью.Телефон:+996 559 700 800.Соцсети: Instagram:@futureleaderskg.Классы:с 1-го по 12-й.Стоимость обучения:1–4-й классы - $4 500 в год; 5–11-й классы - $5 200.Ежегодный взнос:нет.Количество учеников в классе:20–24.Время пребывания в школе:с 08:00 до 17:00.Питание, включенное в стоимость:трехразовое.Транспорт:есть, оплачивается отдельно.Языки обучения:русский и английский.Академия будущих лидеров.Академия будущих лидеров.Академия будущих лидеров.Академия будущих лидеров.1из4 Частная начальная школа ""Абитуриент плюс"" - школа сильного академического фундамента, работающая в Бишкеке с 2014 года и специализирующаяся на обучении детей 1–4-х классов. В 2025 году ""Абитуриент плюс"" заняла1-е место в независимом рейтинге частных школБишкека в категории ""Начальная школа (1–4-й классы)"", подтвердив высокий уровень подготовки учеников и доверие родителей. Школа удобно расположена в центре города, что делает ее доступной для семей из разных районов. Для родителей предусмотрена удобная парковка, позволяющая комфортно привозить и забирать детей. Образовательная программа школы направлена на формирование сильной академической базы. Особое внимание уделяется углубленному изучению математики, развитию логического мышления, внимательности и навыков решения задач. В учебную программу также входят:английский язык по кембриджской программе:французский язык как второй иностранный со 2-го класса;предмет Soft Skills, направленный на развитие коммуникации, эмоционального интеллекта и навыков взаимодействия;сопровождение школьного психолога, помогающего детям мягко адаптироваться к школьной среде и учебной нагрузке.Одним из ключевых преимуществ школы является сильный педагогический состав. Учителя имеют большой опыт работы в начальном образовании и умеют выстраивать учебный процесс так, чтобы ребенок не только усваивал программу, но и формировал учебную дисциплину, усидчивость и уверенность в собственных силах.Результаты обучения подтверждаются объективными показателями: ученики школы демонстрируют стабильно высокие результаты независимого образовательного мониторинга НООДУ, где качество знаний не опускается ниже 75%.Для комфортного обучения и развития детей школа располагает современной инфраструктурой.На территории школы находится собственное футбольное поле, где проходят занятия физической культурой и спортивные тренировки.В школе организовано правильное и сбалансированное питание, соответствующее возрастным потребностям детей.Особое внимание уделяется адаптации первоклассников. Для учеников 1-х классов по новой 12-летней системе обучения предусмотрено отдельное здание, что позволяет создать более спокойную образовательную среду, соблюдать режим дня и обеспечить мягкий переход ребенка к школьной жизни.Классы в школе малокомплектные, что позволяет учителям уделять внимание каждому ученику и сопровождать его академическое развитие.""Абитуриент плюс"" - это школа, где формируется фундамент будущих успехов ребенка.Здесь дети получают сильную начальную подготовку, которая становится прочной основой для дальнейшего обучения и развития.Адрес:ул. Исанова, 4.Телефоны:0312 31 63 70, 0551 40 41 42.Соцсети:Instagram:@abiturient_kg/.Сайт:https://abiturient.kg.Классы:с 1-го по 4-й класс.Стоимость обучения:40 000 сомов в месяц, оплачивается девять месяцев.Вступительный и ежегодный взносы:нет.Количество учеников в классе:до 24 учеников.Допуроки:шахматы, хореография, музыка, Talking club, Soft skills.Время пребывания в школе:с 08:30 до 17:00.Питание, включенное в стоимость:трехразовое.Секции:ушу, художественная гимнастика, изостудия, шахматный клуб, робототехника.Трансфер:нет.Язык обучения:обучение ведется на русском языке с углубленным изучением английского языка по кембриджской системе. Большое внимание уделяется изучению кыргызского языка. Второй иностранный язык - французский.Начальная школа ""Абитуриент плюс"".Начальная школа ""Абитуриент плюс"".Начальная школа ""Абитуриент плюс"".Начальная школа ""Абитуриент плюс"".Начальная школа ""Абитуриент плюс"".1из5""Точка роста""Учебно-воспитательный комплекс ""Точка роста"" - это современное образовательное пространство, где академические знания сочетаются с развитием креативного мышления, исследовательских навыков и уверенности в себе. Наша задача - не только дать ребенку сильную базу знаний, но и сформировать компетенции, которые будут востребованы в будущем.Образовательный процесс в школе строится на STEAM-подходе, объединяющем науку, технологии, инженерию, искусство и математику. Такой формат обучения развивает у детей системное мышление, умение анализировать, экспериментировать и находить решения.Особое внимание уделяется английскому языку. В расписании предусмотрены занятия с носителями языка, что позволяет ученикам погружаться в языковую среду, развивать свободную разговорную речь и уверенно использовать английский в реальном общении.Важной частью программы является курс Social Studies, который расширяет кругозор учащихся и формирует понимание современных общественных процессов, мировой культуры и глобального контекста. Ученики учатся рассуждать, аргументировать свою позицию и видеть взаимосвязи между событиями.Значительное место в образовательной программе занимает проектная деятельность. Работа над проектами развивает у детей навыки исследования, командного взаимодействия, публичных выступлений и самостоятельного мышления - ключевые компетенции XXI века.Школа ""Точка роста"" создает среду, в которой дети становятся интеллектуально сильными, самостоятельными и конкурентными в современном мире, а также развивают уверенность в своих возможностях, получая образование, ориентированное на высокий результат и успешное будущее.Адрес:с. Кок-Жар, ул. Бейшена Егимбаева, 147.Телефоны:0999 55 61 16, 0557 55 61 16.Соцсети:Instagram:@tochkarostaschool.kg.Сайт:https://tochka-rosta.kg.Классы:1-12-й классы.Стоимость обучения:37 000 сомов в месяц, или 333 000 сомов в год.Ежегодный взнос:9 000 сомов (входят комплект формы и аренда учебников).Количество учеников в классе:до 24.Допуроки:шахматы, хореография, Social Studies, уроки по детской безопасности.Время пребывания в школе:с 08:00 до 16:30, допкружки и секции - с 16:30 до 18:00.Питание, включенное в стоимость:трехразовое, разработанное с нутрициологом.Секции:футбол, рукоделие, вязание, художественная студия, таэквондо, танцы, хоровое пение, ушу - кунг-фу, гимнастика, хореография, English club, корейский язык.Трансфер:есть, оплачивается отдельно.Язык обучения:русский.1из2American-European SchoolAmerican-European School - современная частная школа с обучением с 1-го до 12-го класса, ориентированная на углубленное изучение математики и английского языка.Преимущества школы:штатные психолог и логопед;10 видов кружков;выполнение домашних заданий под контролем учителей;электронный дневник;подготовка к поступлению в зарубежные вузы.Школа объединяет европейские и американские образовательные подходы, создавая сильную академическую базу и комфортную среду для развития каждого ученика.Адрес:ул. Бегматова, 65.Телефоны:0559 990 364, 0704 750 075.Соцсети:Instagram:@aes.kg.Классы:с 1-го по 12-й класс.Стоимость обучения в год:$5 000.Вступительный взнос:нет.Членский взнос:3 000 сомов (депозит за книги).Количество учеников в классе:20-22.Допуроки:подготовка к олимпиадам, по всем предметам, углубленная математика, подготовка к НЦТ, ОРТ, STEAM-проекты, английский язык.Время пребывания в школе:с 08:00 до 17:00.Питание, включенное в стоимость:трехразовое.Секции, входящие в стоимость:шахматы, фортепиано, рок-группа, тхэквандо, клуб ""Юный химик"", хореография, футбол, арт-искусство.Трансфер:есть, оплачивается отдельно - от 4 600 сомов.Язык обучения:русский.1из5Kyrgyz American SchoolKyrgyz American School - это пространство, где сочетаются академическая сильная база, современные методики и глубокое уважение к кыргызской культуре и наследию.Обучение на русском языке с усиленным изучением английского и кыргызского.Мы выстраиваем обучение так, чтобы ребенок свободно владел сразу несколькими языками. Основная программа ведется на русском языке, при этом особое внимание уделяется углубленному изучению английского и кыргызского - для уверенного будущего как в международной, так и в национальной среде.STEAM-подход - обучение через практику.Школа использует современную STEAM-модель (наука, технологии, инженерия, искусство и математика), которая развивает не только знания, но и навыки будущего: критическое мышление, креативность, умение работать в команде и находить нестандартные решения.Современные методы обучения. В школе дети не заучивают - они понимают. Интерактивные уроки, проектная деятельность и индивидуальный подход помогают раскрыть потенциал каждого ученика.Комфортная среда и забота о здоровье.Школа расположена в верхней части города - это чистый воздух, тишина и безопасная атмосфера, идеально подходящая для обучения и развития детей.Воспитание через культуру и традиции. Kyrgyz American School бережно передает кыргызские ценности, традиции и культурное наследие. Дети растут с уважением к своим корням, формируя сильную личность и национальную идентичность.Адрес:ул. Институт сейсмостойкого строительства, 10.Телефон:0704 75 00 75.Соцсети:Instagram:@kyrgyz.american.school/Классы:с 1-го по 12-й класс.Стоимость обучения в год:$5 000.Вступительный взнос:нет.Членский взнос:3 000 сомов (депозит за книги).Количество учеников в классе:20-22.Допуроки:кыргызский язык, углубленный английский, подготовка к олимпиадам по всем предметам, углубленная математика, подготовка к НЦТ, ОРТ, STEAM-проекты, подготовка к поступлению в международные вузы.Время пребывания в школе:с 08:00 до 17:00.Питание, включенное в стоимость:трехразовое.Секции (входят в стоимость): тхэквондо, войлок, шахматы, хореография, искусство, футбол, фортепиано и вокал, робототехника, подготовка к олимпиадам, подготовка в НЦТ, ОРТ, подготовка к SAT, подготовка IELTS и TOEFL.Трансфер:есть, оплачивается отдельно - от 4 600 сомов.Язык обучения:русский.Kyrgyz American School.Kyrgyz American School.Kyrgyz American School.Kyrgyz American School.Kyrgyz American School.Kyrgyz American School.1из6""Келечек MIT""""Келечек MIT"" - современная частная школа с обучением с 1-го класса, ориентированная на сильную академическую базу, углубленную математику, IT-направление и трилингвальное образование.Преимущества школы:трилингвальные классы (русский/английский/кыргызский);робототехника и IT с 1-го класса;подготовка к ОРТ, IELTS, SAT;сопровождение при поступлении в зарубежные вузы;более 20 кружков и секций, включенных в стоимость;небольшие классы (20-24 ученика);современная инфраструктура (лаборатории по химии/биологии, IT и робототехнике);отдельные здания для младшей + средней школы и старшей школы (с 2026 года);охраняемая территория и видеонаблюдение;организованный трансфер;трехразовое питание (завтрак, обед и полдник).Школа работает по принципу селективного образования, формируя среду, где стремление к знаниям и высокий результат становятся нормой.Адрес:8-й микрорайон, 39.Телефоны:0709 00 46 00, 0551 00 46 00.Соцсети:Instagram:@kelechek.mit/Сайт:https://kelechek.edu.kg.Классы:с 1-го класса.Стоимость обучения:от 49 500 сомов в месяц; питание и кружки входят в стоимость.Вступительный взнос:19 500 сомов.Членский взнос:нет.Количество учеников в классе:20-24.Допуроки:олимпиадная математика, программирование, робототехника, языки, подготовка к ОРТ/IELTS/SAT, футбол, волейбол, хореография, рисование, шахматы, беби-балет.Время пребывания в школе:с 08:00 до 17:00.Питание, включенное в стоимость:трехразовое.Трансфер:есть.Язык обучения:русский, английский, кыргызский.Келечек MIT.Келечек MIT.Келечек MIT.1из3Академия будущих лидеровАкадемия будущих лидеров - современная частная школа в Бишкеке, где качественное образование сочетается с развитием личности, лидерства и мышления. Проект создан при поддержке компании Logos и команды ""Школы будущих лидеров"", которая за восемь лет помогла более 800 ученикам поступить в престижные университеты мира, включая MIT, Princeton, Columbia, UPenn и другие, с общими грантами на сумму свыше $20 млн.В прошлом году открылся первый филиал Академии будущих лидеров в мкр. ""Улан"" - современная начальная школа, быстро завоевавшая доверие родителей. Это подтвердило, что такой образовательный подход действительно востребован: сильная академическая база, индивидуальное внимание к каждому ребенку и среда, в которой детям интересно учиться, развиваться и раскрывать свой потенциал.Сегодня проект выходит на новый этап развития и открывает вторую школу - для учеников с 1-го по 11-й класс.Главная цель Академии будущих лидеров - с ранних лет готовить детей к поступлению в топовые зарубежные университеты на грант.Поэтому обучение здесь строится не только вокруг школьной программы, но и вокруг формирования прочной базы по английскому языку и математике, развитию критического мышления, лидерских качеств, самостоятельности и умения добиваться высоких результатов.Встроенная в учебный процесс система подготовки помогает каждому ученику шаг за шагом формировать сильный академический и личностный профиль, который в будущем дает реальные преимущества при поступлении в зарубежные вузы на грант.Почему выбирают Академию будущих лидеров:сильная академическая база;английский язык с первых классов;развитие критического мышления, креативности и лидерских качеств;индивидуальный подход к каждому ребенку;дружелюбная и мотивирующая атмосфера;опыт крупного образовательного проекта с международными результатами;большая менторская команда из Кыргызстана, Казахстана, США и Европы..Адрес:ул. Байтика Баатыра, 4а/8, выше парка Гейдара Алиева, рядом с новой большой мечетью.Телефон:+996 559 700 800.Соцсети: Instagram:@futureleaderskg.Классы:с 1-го по 12-й.Стоимость обучения:1–4-й классы - $4 500 в год; 5–11-й классы - $5 200.Ежегодный взнос:нет.Количество учеников в классе:20–24.Время пребывания в школе:с 08:00 до 17:00.Питание, включенное в стоимость:трехразовое.Транспорт:есть, оплачивается отдельно.Языки обучения:русский и английский.Академия будущих лидеров.Академия будущих лидеров.Академия будущих лидеров.Академия будущих лидеров.1из4 английский язык по кембриджской программе:французский язык как второй иностранный со 2-го класса;предмет Soft Skills, направленный на развитие коммуникации, эмоционального интеллекта и навыков взаимодействия;сопровождение школьного психолога, помогающего детям мягко адаптироваться к школьной среде и учебной нагрузке.Одним из ключевых преимуществ школы является сильный педагогический состав. Учителя имеют большой опыт работы в начальном образовании и умеют выстраивать учебный процесс так, чтобы ребенок не только усваивал программу, но и формировал учебную дисциплину, усидчивость и уверенность в собственных силах.Результаты обучения подтверждаются объективными показателями: ученики школы демонстрируют стабильно высокие результаты независимого образовательного мониторинга НООДУ, где качество знаний не опускается ниже 75%.Для комфортного обучения и развития детей школа располагает современной инфраструктурой.На территории школы находится собственное футбольное поле, где проходят занятия физической культурой и спортивные тренировки.В школе организовано правильное и сбалансированное питание, соответствующее возрастным потребностям детей.Особое внимание уделяется адаптации первоклассников. Для учеников 1-х классов по новой 12-летней системе обучения предусмотрено отдельное здание, что позволяет создать более спокойную образовательную среду, соблюдать режим дня и обеспечить мягкий переход ребенка к школьной жизни.Классы в школе малокомплектные, что позволяет учителям уделять внимание каждому ученику и сопровождать его академическое развитие.""Абитуриент плюс"" - это школа, где формируется фундамент будущих успехов ребенка.Здесь дети получают сильную начальную подготовку, которая становится прочной основой для дальнейшего обучения и развития.Адрес:ул. Исанова, 4.Телефоны:0312 31 63 70, 0551 40 41 42.Соцсети:Instagram:@abiturient_kg/.Сайт:https://abiturient.kg.Классы:с 1-го по 4-й класс.Стоимость обучения:40 000 сомов в месяц, оплачивается девять месяцев.Вступительный и ежегодный взносы:нет.Количество учеников в классе:до 24 учеников.Допуроки:шахматы, хореография, музыка, Talking club, Soft skills.Время пребывания в школе:с 08:30 до 17:00.Питание, включенное в стоимость:трехразовое.Секции:ушу, художественная гимнастика, изостудия, шахматный клуб, робототехника.Трансфер:нет.Язык обучения:обучение ведется на русском языке с углубленным изучением английского языка по кембриджской системе. Большое внимание уделяется изучению кыргызского языка. Второй иностранный язык - французский.Начальная школа ""Абитуриент плюс"".Начальная школа ""Абитуриент плюс"".Начальная школа ""Абитуриент плюс"".Начальная школа ""Абитуриент плюс"".Начальная школа ""Абитуриент плюс"".1из5""Точка роста""Учебно-воспитательный комплекс ""Точка роста"" - это современное образовательное пространство, где академические знания сочетаются с развитием креативного мышления, исследовательских навыков и уверенности в себе. Наша задача - не только дать ребенку сильную базу знаний, но и сформировать компетенции, которые будут востребованы в будущем.Образовательный процесс в школе строится на STEAM-подходе, объединяющем науку, технологии, инженерию, искусство и математику. Такой формат обучения развивает у детей системное мышление, умение анализировать, экспериментировать и находить решения.Особое внимание уделяется английскому языку. В расписании предусмотрены занятия с носителями языка, что позволяет ученикам погружаться в языковую среду, развивать свободную разговорную речь и уверенно использовать английский в реальном общении.Важной частью программы является курс Social Studies, который расширяет кругозор учащихся и формирует понимание современных общественных процессов, мировой культуры и глобального контекста. Ученики учатся рассуждать, аргументировать свою позицию и видеть взаимосвязи между событиями.Значительное место в образовательной программе занимает проектная деятельность. Работа над проектами развивает у детей навыки исследования, командного взаимодействия, публичных выступлений и самостоятельного мышления - ключевые компетенции XXI века.Школа ""Точка роста"" создает среду, в которой дети становятся интеллектуально сильными, самостоятельными и конкурентными в современном мире, а также развивают уверенность в своих возможностях, получая образование, ориентированное на высокий результат и успешное будущее.Адрес:с. Кок-Жар, ул. Бейшена Егимбаева, 147.Телефоны:0999 55 61 16, 0557 55 61 16.Соцсети:Instagram:@tochkarostaschool.kg.Сайт:https://tochka-rosta.kg.Классы:1-12-й классы.Стоимость обучения:37 000 сомов в месяц, или 333 000 сомов в год.Ежегодный взнос:9 000 сомов (входят комплект формы и аренда учебников).Количество учеников в классе:до 24.Допуроки:шахматы, хореография, Social Studies, уроки по детской безопасности.Время пребывания в школе:с 08:00 до 16:30, допкружки и секции - с 16:30 до 18:00.Питание, включенное в стоимость:трехразовое, разработанное с нутрициологом.Секции:футбол, рукоделие, вязание, художественная студия, таэквондо, танцы, хоровое пение, ушу - кунг-фу, гимнастика, хореография, English club, корейский язык.Трансфер:есть, оплачивается отдельно.Язык обучения:русский.1из2American-European SchoolAmerican-European School - современная частная школа с обучением с 1-го до 12-го класса, ориентированная на углубленное изучение математики и английского языка.Преимущества школы:штатные психолог и логопед;10 видов кружков;выполнение домашних заданий под контролем учителей;электронный дневник;подготовка к поступлению в зарубежные вузы.Школа объединяет европейские и американские образовательные подходы, создавая сильную академическую базу и комфортную среду для развития каждого ученика.Адрес:ул. Бегматова, 65.Телефоны:0559 990 364, 0704 750 075.Соцсети:Instagram:@aes.kg.Классы:с 1-го по 12-й класс.Стоимость обучения в год:$5 000.Вступительный взнос:нет.Членский взнос:3 000 сомов (депозит за книги).Количество учеников в классе:20-22.Допуроки:подготовка к олимпиадам, по всем предметам, углубленная математика, подготовка к НЦТ, ОРТ, STEAM-проекты, английский язык.Время пребывания в школе:с 08:00 до 17:00.Питание, включенное в стоимость:трехразовое.Секции, входящие в стоимость:шахматы, фортепиано, рок-группа, тхэквандо, клуб ""Юный химик"", хореография, футбол, арт-искусство.Трансфер:есть, оплачивается отдельно - от 4 600 сомов.Язык обучения:русский.1из5Kyrgyz American SchoolKyrgyz American School - это пространство, где сочетаются академическая сильная база, современные методики и глубокое уважение к кыргызской культуре и наследию.Обучение на русском языке с усиленным изучением английского и кыргызского.Мы выстраиваем обучение так, чтобы ребенок свободно владел сразу несколькими языками. Основная программа ведется на русском языке, при этом особое внимание уделяется углубленному изучению английского и кыргызского - для уверенного будущего как в международной, так и в национальной среде.STEAM-подход - обучение через практику.Школа использует современную STEAM-модель (наука, технологии, инженерия, искусство и математика), которая развивает не только знания, но и навыки будущего: критическое мышление, креативность, умение работать в команде и находить нестандартные решения.Современные методы обучения. В школе дети не заучивают - они понимают. Интерактивные уроки, проектная деятельность и индивидуальный подход помогают раскрыть потенциал каждого ученика.Комфортная среда и забота о здоровье.Школа расположена в верхней части города - это чистый воздух, тишина и безопасная атмосфера, идеально подходящая для обучения и развития детей.Воспитание через культуру и традиции. Kyrgyz American School бережно передает кыргызские ценности, традиции и культурное наследие. Дети растут с уважением к своим корням, формируя сильную личность и национальную идентичность.Адрес:ул. Институт сейсмостойкого строительства, 10.Телефон:0704 75 00 75.Соцсети:Instagram:@kyrgyz.american.school/Классы:с 1-го по 12-й класс.Стоимость обучения в год:$5 000.Вступительный взнос:нет.Членский взнос:3 000 сомов (депозит за книги).Количество учеников в классе:20-22.Допуроки:кыргызский язык, углубленный английский, подготовка к олимпиадам по всем предметам, углубленная математика, подготовка к НЦТ, ОРТ, STEAM-проекты, подготовка к поступлению в международные вузы.Время пребывания в школе:с 08:00 до 17:00.Питание, включенное в стоимость:трехразовое.Секции (входят в стоимость): тхэквондо, войлок, шахматы, хореография, искусство, футбол, фортепиано и вокал, робототехника, подготовка к олимпиадам, подготовка в НЦТ, ОРТ, подготовка к SAT, подготовка IELTS и TOEFL.Трансфер:есть, оплачивается отдельно - от 4 600 сомов.Язык обучения:русский.Kyrgyz American School.Kyrgyz American School.Kyrgyz American School.Kyrgyz American School.Kyrgyz American School.Kyrgyz American School.1из6""Келечек MIT""""Келечек MIT"" - современная частная школа с обучением с 1-го класса, ориентированная на сильную академическую базу, углубленную математику, IT-направление и трилингвальное образование.Преимущества школы:трилингвальные классы (русский/английский/кыргызский);робототехника и IT с 1-го класса;подготовка к ОРТ, IELTS, SAT;сопровождение при поступлении в зарубежные вузы;более 20 кружков и секций, включенных в стоимость;небольшие классы (20-24 ученика);современная инфраструктура (лаборатории по химии/биологии, IT и робототехнике);отдельные здания для младшей + средней школы и старшей школы (с 2026 года);охраняемая территория и видеонаблюдение;организованный трансфер;трехразовое питание (завтрак, обед и полдник).Школа работает по принципу селективного образования, формируя среду, где стремление к знаниям и высокий результат становятся нормой.Адрес:8-й микрорайон, 39.Телефоны:0709 00 46 00, 0551 00 46 00.Соцсети:Instagram:@kelechek.mit/Сайт:https://kelechek.edu.kg.Классы:с 1-го класса.Стоимость обучения:от 49 500 сомов в месяц; питание и кружки входят в стоимость.Вступительный взнос:19 500 сомов.Членский взнос:нет.Количество учеников в классе:20-24.Допуроки:олимпиадная математика, программирование, робототехника, языки, подготовка к ОРТ/IELTS/SAT, футбол, волейбол, хореография, рисование, шахматы, беби-балет.Время пребывания в школе:с 08:00 до 17:00.Питание, включенное в стоимость:трехразовое.Трансфер:есть.Язык обучения:русский, английский, кыргызский.Келечек MIT.Келечек MIT.Келечек MIT.1из3Академия будущих лидеровАкадемия будущих лидеров - современная частная школа в Бишкеке, где качественное образование сочетается с развитием личности, лидерства и мышления. Проект создан при поддержке компании Logos и команды ""Школы будущих лидеров"", которая за восемь лет помогла более 800 ученикам поступить в престижные университеты мира, включая MIT, Princeton, Columbia, UPenn и другие, с общими грантами на сумму свыше $20 млн.В прошлом году открылся первый филиал Академии будущих лидеров в мкр. ""Улан"" - современная начальная школа, быстро завоевавшая доверие родителей. Это подтвердило, что такой образовательный подход действительно востребован: сильная академическая база, индивидуальное внимание к каждому ребенку и среда, в которой детям интересно учиться, развиваться и раскрывать свой потенциал.Сегодня проект выходит на новый этап развития и открывает вторую школу - для учеников с 1-го по 11-й класс.Главная цель Академии будущих лидеров - с ранних лет готовить детей к поступлению в топовые зарубежные университеты на грант.Поэтому обучение здесь строится не только вокруг школьной программы, но и вокруг формирования прочной базы по английскому языку и математике, развитию критического мышления, лидерских качеств, самостоятельности и умения добиваться высоких результатов.Встроенная в учебный процесс система подготовки помогает каждому ученику шаг за шагом формировать сильный академический и личностный профиль, который в будущем дает реальные преимущества при поступлении в зарубежные вузы на грант.Почему выбирают Академию будущих лидеров:сильная академическая база;английский язык с первых классов;развитие критического мышления, креативности и лидерских качеств;индивидуальный подход к каждому ребенку;дружелюбная и мотивирующая атмосфера;опыт крупного образовательного проекта с международными результатами;большая менторская команда из Кыргызстана, Казахстана, США и Европы..Адрес:ул. Байтика Баатыра, 4а/8, выше парка Гейдара Алиева, рядом с новой большой мечетью.Телефон:+996 559 700 800.Соцсети: Instagram:@futureleaderskg.Классы:с 1-го по 12-й.Стоимость обучения:1–4-й классы - $4 500 в год; 5–11-й классы - $5 200.Ежегодный взнос:нет.Количество учеников в классе:20–24.Время пребывания в школе:с 08:00 до 17:00.Питание, включенное в стоимость:трехразовое.Транспорт:есть, оплачивается отдельно.Языки обучения:русский и английский.Академия будущих лидеров.Академия будущих лидеров.Академия будущих лидеров.Академия будущих лидеров.1из4 Одним из ключевых преимуществ школы является сильный педагогический состав. Учителя имеют большой опыт работы в начальном образовании и умеют выстраивать учебный процесс так, чтобы ребенок не только усваивал программу, но и формировал учебную дисциплину, усидчивость и уверенность в собственных силах. Результаты обучения подтверждаются объективными показателями: ученики школы демонстрируют стабильно высокие результаты независимого образовательного мониторинга НООДУ, где качество знаний не опускается ниже 75%. Для комфортного обучения и развития детей школа располагает современной инфраструктурой. На территории школы находится собственное футбольное поле, где проходят занятия физической культурой и спортивные тренировки. В школе организовано правильное и сбалансированное питание, соответствующее возрастным потребностям детей. Особое внимание уделяется адаптации первоклассников. Для учеников 1-х классов по новой 12-летней системе обучения предусмотрено отдельное здание, что позволяет создать более спокойную образовательную среду, соблюдать режим дня и обеспечить мягкий переход ребенка к школьной жизни. Классы в школе малокомплектные, что позволяет учителям уделять внимание каждому ученику и сопровождать его академическое развитие. ""Абитуриент плюс"" - это школа, где формируется фундамент будущих успехов ребенка. Здесь дети получают сильную начальную подготовку, которая становится прочной основой для дальнейшего обучения и развития. Адрес:ул. Исанова, 4.Телефоны:0312 31 63 70, 0551 40 41 42.Соцсети:Instagram:@abiturient_kg/.Сайт:https://abiturient.kg.Классы:с 1-го по 4-й класс.Стоимость обучения:40 000 сомов в месяц, оплачивается девять месяцев.Вступительный и ежегодный взносы:нет.Количество учеников в классе:до 24 учеников.Допуроки:шахматы, хореография, музыка, Talking club, Soft skills.Время пребывания в школе:с 08:30 до 17:00.Питание, включенное в стоимость:трехразовое.Секции:ушу, художественная гимнастика, изостудия, шахматный клуб, робототехника.Трансфер:нет.Язык обучения:обучение ведется на русском языке с углубленным изучением английского языка по кембриджской системе. Большое внимание уделяется изучению кыргызского языка. Второй иностранный язык - французский.Начальная школа ""Абитуриент плюс"".Начальная школа ""Абитуриент плюс"".Начальная школа ""Абитуриент плюс"".Начальная школа ""Абитуриент плюс"".Начальная школа ""Абитуриент плюс"".1из5""Точка роста""Учебно-воспитательный комплекс ""Точка роста"" - это современное образовательное пространство, где академические знания сочетаются с развитием креативного мышления, исследовательских навыков и уверенности в себе. Наша задача - не только дать ребенку сильную базу знаний, но и сформировать компетенции, которые будут востребованы в будущем.Образовательный процесс в школе строится на STEAM-подходе, объединяющем науку, технологии, инженерию, искусство и математику. Такой формат обучения развивает у детей системное мышление, умение анализировать, экспериментировать и находить решения.Особое внимание уделяется английскому языку. В расписании предусмотрены занятия с носителями языка, что позволяет ученикам погружаться в языковую среду, развивать свободную разговорную речь и уверенно использовать английский в реальном общении.Важной частью программы является курс Social Studies, который расширяет кругозор учащихся и формирует понимание современных общественных процессов, мировой культуры и глобального контекста. Ученики учатся рассуждать, аргументировать свою позицию и видеть взаимосвязи между событиями.Значительное место в образовательной программе занимает проектная деятельность. Работа над проектами развивает у детей навыки исследования, командного взаимодействия, публичных выступлений и самостоятельного мышления - ключевые компетенции XXI века.Школа ""Точка роста"" создает среду, в которой дети становятся интеллектуально сильными, самостоятельными и конкурентными в современном мире, а также развивают уверенность в своих возможностях, получая образование, ориентированное на высокий результат и успешное будущее.Адрес:с. Кок-Жар, ул. Бейшена Егимбаева, 147.Телефоны:0999 55 61 16, 0557 55 61 16.Соцсети:Instagram:@tochkarostaschool.kg.Сайт:https://tochka-rosta.kg.Классы:1-12-й классы.Стоимость обучения:37 000 сомов в месяц, или 333 000 сомов в год.Ежегодный взнос:9 000 сомов (входят комплект формы и аренда учебников).Количество учеников в классе:до 24.Допуроки:шахматы, хореография, Social Studies, уроки по детской безопасности.Время пребывания в школе:с 08:00 до 16:30, допкружки и секции - с 16:30 до 18:00.Питание, включенное в стоимость:трехразовое, разработанное с нутрициологом.Секции:футбол, рукоделие, вязание, художественная студия, таэквондо, танцы, хоровое пение, ушу - кунг-фу, гимнастика, хореография, English club, корейский язык.Трансфер:есть, оплачивается отдельно.Язык обучения:русский.1из2American-European SchoolAmerican-European School - современная частная школа с обучением с 1-го до 12-го класса, ориентированная на углубленное изучение математики и английского языка.Преимущества школы:штатные психолог и логопед;10 видов кружков;выполнение домашних заданий под контролем учителей;электронный дневник;подготовка к поступлению в зарубежные вузы.Школа объединяет европейские и американские образовательные подходы, создавая сильную академическую базу и комфортную среду для развития каждого ученика.Адрес:ул. Бегматова, 65.Телефоны:0559 990 364, 0704 750 075.Соцсети:Instagram:@aes.kg.Классы:с 1-го по 12-й класс.Стоимость обучения в год:$5 000.Вступительный взнос:нет.Членский взнос:3 000 сомов (депозит за книги).Количество учеников в классе:20-22.Допуроки:подготовка к олимпиадам, по всем предметам, углубленная математика, подготовка к НЦТ, ОРТ, STEAM-проекты, английский язык.Время пребывания в школе:с 08:00 до 17:00.Питание, включенное в стоимость:трехразовое.Секции, входящие в стоимость:шахматы, фортепиано, рок-группа, тхэквандо, клуб ""Юный химик"", хореография, футбол, арт-искусство.Трансфер:есть, оплачивается отдельно - от 4 600 сомов.Язык обучения:русский.1из5Kyrgyz American SchoolKyrgyz American School - это пространство, где сочетаются академическая сильная база, современные методики и глубокое уважение к кыргызской культуре и наследию.Обучение на русском языке с усиленным изучением английского и кыргызского.Мы выстраиваем обучение так, чтобы ребенок свободно владел сразу несколькими языками. Основная программа ведется на русском языке, при этом особое внимание уделяется углубленному изучению английского и кыргызского - для уверенного будущего как в международной, так и в национальной среде.STEAM-подход - обучение через практику.Школа использует современную STEAM-модель (наука, технологии, инженерия, искусство и математика), которая развивает не только знания, но и навыки будущего: критическое мышление, креативность, умение работать в команде и находить нестандартные решения.Современные методы обучения. В школе дети не заучивают - они понимают. Интерактивные уроки, проектная деятельность и индивидуальный подход помогают раскрыть потенциал каждого ученика.Комфортная среда и забота о здоровье.Школа расположена в верхней части города - это чистый воздух, тишина и безопасная атмосфера, идеально подходящая для обучения и развития детей.Воспитание через культуру и традиции. Kyrgyz American School бережно передает кыргызские ценности, традиции и культурное наследие. Дети растут с уважением к своим корням, формируя сильную личность и национальную идентичность.Адрес:ул. Институт сейсмостойкого строительства, 10.Телефон:0704 75 00 75.Соцсети:Instagram:@kyrgyz.american.school/Классы:с 1-го по 12-й класс.Стоимость обучения в год:$5 000.Вступительный взнос:нет.Членский взнос:3 000 сомов (депозит за книги).Количество учеников в классе:20-22.Допуроки:кыргызский язык, углубленный английский, подготовка к олимпиадам по всем предметам, углубленная математика, подготовка к НЦТ, ОРТ, STEAM-проекты, подготовка к поступлению в международные вузы.Время пребывания в школе:с 08:00 до 17:00.Питание, включенное в стоимость:трехразовое.Секции (входят в стоимость): тхэквондо, войлок, шахматы, хореография, искусство, футбол, фортепиано и вокал, робототехника, подготовка к олимпиадам, подготовка в НЦТ, ОРТ, подготовка к SAT, подготовка IELTS и TOEFL.Трансфер:есть, оплачивается отдельно - от 4 600 сомов.Язык обучения:русский.Kyrgyz American School.Kyrgyz American School.Kyrgyz American School.Kyrgyz American School.Kyrgyz American School.Kyrgyz American School.1из6""Келечек MIT""""Келечек MIT"" - современная частная школа с обучением с 1-го класса, ориентированная на сильную академическую базу, углубленную математику, IT-направление и трилингвальное образование.Преимущества школы:трилингвальные классы (русский/английский/кыргызский);робототехника и IT с 1-го класса;подготовка к ОРТ, IELTS, SAT;сопровождение при поступлении в зарубежные вузы;более 20 кружков и секций, включенных в стоимость;небольшие классы (20-24 ученика);современная инфраструктура (лаборатории по химии/биологии, IT и робототехнике);отдельные здания для младшей + средней школы и старшей школы (с 2026 года);охраняемая территория и видеонаблюдение;организованный трансфер;трехразовое питание (завтрак, обед и полдник).Школа работает по принципу селективного образования, формируя среду, где стремление к знаниям и высокий результат становятся нормой.Адрес:8-й микрорайон, 39.Телефоны:0709 00 46 00, 0551 00 46 00.Соцсети:Instagram:@kelechek.mit/Сайт:https://kelechek.edu.kg.Классы:с 1-го класса.Стоимость обучения:от 49 500 сомов в месяц; питание и кружки входят в стоимость.Вступительный взнос:19 500 сомов.Членский взнос:нет.Количество учеников в классе:20-24.Допуроки:олимпиадная математика, программирование, робототехника, языки, подготовка к ОРТ/IELTS/SAT, футбол, волейбол, хореография, рисование, шахматы, беби-балет.Время пребывания в школе:с 08:00 до 17:00.Питание, включенное в стоимость:трехразовое.Трансфер:есть.Язык обучения:русский, английский, кыргызский.Келечек MIT.Келечек MIT.Келечек MIT.1из3Академия будущих лидеровАкадемия будущих лидеров - современная частная школа в Бишкеке, где качественное образование сочетается с развитием личности, лидерства и мышления. Проект создан при поддержке компании Logos и команды ""Школы будущих лидеров"", которая за восемь лет помогла более 800 ученикам поступить в престижные университеты мира, включая MIT, Princeton, Columbia, UPenn и другие, с общими грантами на сумму свыше $20 млн.В прошлом году открылся первый филиал Академии будущих лидеров в мкр. ""Улан"" - современная начальная школа, быстро завоевавшая доверие родителей. Это подтвердило, что такой образовательный подход действительно востребован: сильная академическая база, индивидуальное внимание к каждому ребенку и среда, в которой детям интересно учиться, развиваться и раскрывать свой потенциал.Сегодня проект выходит на новый этап развития и открывает вторую школу - для учеников с 1-го по 11-й класс.Главная цель Академии будущих лидеров - с ранних лет готовить детей к поступлению в топовые зарубежные университеты на грант.Поэтому обучение здесь строится не только вокруг школьной программы, но и вокруг формирования прочной базы по английскому языку и математике, развитию критического мышления, лидерских качеств, самостоятельности и умения добиваться высоких результатов.Встроенная в учебный процесс система подготовки помогает каждому ученику шаг за шагом формировать сильный академический и личностный профиль, который в будущем дает реальные преимущества при поступлении в зарубежные вузы на грант.Почему выбирают Академию будущих лидеров:сильная академическая база;английский язык с первых классов;развитие критического мышления, креативности и лидерских качеств;индивидуальный подход к каждому ребенку;дружелюбная и мотивирующая атмосфера;опыт крупного образовательного проекта с международными результатами;большая менторская команда из Кыргызстана, Казахстана, США и Европы..Адрес:ул. Байтика Баатыра, 4а/8, выше парка Гейдара Алиева, рядом с новой большой мечетью.Телефон:+996 559 700 800.Соцсети: Instagram:@futureleaderskg.Классы:с 1-го по 12-й.Стоимость обучения:1–4-й классы - $4 500 в год; 5–11-й классы - $5 200.Ежегодный взнос:нет.Количество учеников в классе:20–24.Время пребывания в школе:с 08:00 до 17:00.Питание, включенное в стоимость:трехразовое.Транспорт:есть, оплачивается отдельно.Языки обучения:русский и английский.Академия будущих лидеров.Академия будущих лидеров.Академия будущих лидеров.Академия будущих лидеров.1из4 Учебно-воспитательный комплекс ""Точка роста"" - это современное образовательное пространство, где академические знания сочетаются с развитием креативного мышления, исследовательских навыков и уверенности в себе. Наша задача - не только дать ребенку сильную базу знаний, но и сформировать компетенции, которые будут востребованы в будущем. Образовательный процесс в школе строится на STEAM-подходе, объединяющем науку, технологии, инженерию, искусство и математику. Такой формат обучения развивает у детей системное мышление, умение анализировать, экспериментировать и находить решения. Особое внимание уделяется английскому языку. В расписании предусмотрены занятия с носителями языка, что позволяет ученикам погружаться в языковую среду, развивать свободную разговорную речь и уверенно использовать английский в реальном общении. Важной частью программы является курс Social Studies, который расширяет кругозор учащихся и формирует понимание современных общественных процессов, мировой культуры и глобального контекста. Ученики учатся рассуждать, аргументировать свою позицию и видеть взаимосвязи между событиями. Значительное место в образовательной программе занимает проектная деятельность. Работа над проектами развивает у детей навыки исследования, командного взаимодействия, публичных выступлений и самостоятельного мышления - ключевые компетенции XXI века. Школа ""Точка роста"" создает среду, в которой дети становятся интеллектуально сильными, самостоятельными и конкурентными в современном мире, а также развивают уверенность в своих возможностях, получая образование, ориентированное на высокий результат и успешное будущее. Адрес:с. Кок-Жар, ул. Бейшена Егимбаева, 147.Телефоны:0999 55 61 16, 0557 55 61 16.Соцсети:Instagram:@tochkarostaschool.kg.Сайт:https://tochka-rosta.kg.Классы:1-12-й классы.Стоимость обучения:37 000 сомов в месяц, или 333 000 сомов в год.Ежегодный взнос:9 000 сомов (входят комплект формы и аренда учебников).Количество учеников в классе:до 24.Допуроки:шахматы, хореография, Social Studies, уроки по детской безопасности.Время пребывания в школе:с 08:00 до 16:30, допкружки и секции - с 16:30 до 18:00.Питание, включенное в стоимость:трехразовое, разработанное с нутрициологом.Секции:футбол, рукоделие, вязание, художественная студия, таэквондо, танцы, хоровое пение, ушу - кунг-фу, гимнастика, хореография, English club, корейский язык.Трансфер:есть, оплачивается отдельно.Язык обучения:русский.1из2American-European SchoolAmerican-European School - современная частная школа с обучением с 1-го до 12-го класса, ориентированная на углубленное изучение математики и английского языка.Преимущества школы:штатные психолог и логопед;10 видов кружков;выполнение домашних заданий под контролем учителей;электронный дневник;подготовка к поступлению в зарубежные вузы.Школа объединяет европейские и американские образовательные подходы, создавая сильную академическую базу и комфортную среду для развития каждого ученика.Адрес:ул. Бегматова, 65.Телефоны:0559 990 364, 0704 750 075.Соцсети:Instagram:@aes.kg.Классы:с 1-го по 12-й класс.Стоимость обучения в год:$5 000.Вступительный взнос:нет.Членский взнос:3 000 сомов (депозит за книги).Количество учеников в классе:20-22.Допуроки:подготовка к олимпиадам, по всем предметам, углубленная математика, подготовка к НЦТ, ОРТ, STEAM-проекты, английский язык.Время пребывания в школе:с 08:00 до 17:00.Питание, включенное в стоимость:трехразовое.Секции, входящие в стоимость:шахматы, фортепиано, рок-группа, тхэквандо, клуб ""Юный химик"", хореография, футбол, арт-искусство.Трансфер:есть, оплачивается отдельно - от 4 600 сомов.Язык обучения:русский.1из5Kyrgyz American SchoolKyrgyz American School - это пространство, где сочетаются академическая сильная база, современные методики и глубокое уважение к кыргызской культуре и наследию.Обучение на русском языке с усиленным изучением английского и кыргызского.Мы выстраиваем обучение так, чтобы ребенок свободно владел сразу несколькими языками. Основная программа ведется на русском языке, при этом особое внимание уделяется углубленному изучению английского и кыргызского - для уверенного будущего как в международной, так и в национальной среде.STEAM-подход - обучение через практику.Школа использует современную STEAM-модель (наука, технологии, инженерия, искусство и математика), которая развивает не только знания, но и навыки будущего: критическое мышление, креативность, умение работать в команде и находить нестандартные решения.Современные методы обучения. В школе дети не заучивают - они понимают. Интерактивные уроки, проектная деятельность и индивидуальный подход помогают раскрыть потенциал каждого ученика.Комфортная среда и забота о здоровье.Школа расположена в верхней части города - это чистый воздух, тишина и безопасная атмосфера, идеально подходящая для обучения и развития детей.Воспитание через культуру и традиции. Kyrgyz American School бережно передает кыргызские ценности, традиции и культурное наследие. Дети растут с уважением к своим корням, формируя сильную личность и национальную идентичность.Адрес:ул. Институт сейсмостойкого строительства, 10.Телефон:0704 75 00 75.Соцсети:Instagram:@kyrgyz.american.school/Классы:с 1-го по 12-й класс.Стоимость обучения в год:$5 000.Вступительный взнос:нет.Членский взнос:3 000 сомов (депозит за книги).Количество учеников в классе:20-22.Допуроки:кыргызский язык, углубленный английский, подготовка к олимпиадам по всем предметам, углубленная математика, подготовка к НЦТ, ОРТ, STEAM-проекты, подготовка к поступлению в международные вузы.Время пребывания в школе:с 08:00 до 17:00.Питание, включенное в стоимость:трехразовое.Секции (входят в стоимость): тхэквондо, войлок, шахматы, хореография, искусство, футбол, фортепиано и вокал, робототехника, подготовка к олимпиадам, подготовка в НЦТ, ОРТ, подготовка к SAT, подготовка IELTS и TOEFL.Трансфер:есть, оплачивается отдельно - от 4 600 сомов.Язык обучения:русский.Kyrgyz American School.Kyrgyz American School.Kyrgyz American School.Kyrgyz American School.Kyrgyz American School.Kyrgyz American School.1из6""Келечек MIT""""Келечек MIT"" - современная частная школа с обучением с 1-го класса, ориентированная на сильную академическую базу, углубленную математику, IT-направление и трилингвальное образование.Преимущества школы:трилингвальные классы (русский/английский/кыргызский);робототехника и IT с 1-го класса;подготовка к ОРТ, IELTS, SAT;сопровождение при поступлении в зарубежные вузы;более 20 кружков и секций, включенных в стоимость;небольшие классы (20-24 ученика);современная инфраструктура (лаборатории по химии/биологии, IT и робототехнике);отдельные здания для младшей + средней школы и старшей школы (с 2026 года);охраняемая территория и видеонаблюдение;организованный трансфер;трехразовое питание (завтрак, обед и полдник).Школа работает по принципу селективного образования, формируя среду, где стремление к знаниям и высокий результат становятся нормой.Адрес:8-й микрорайон, 39.Телефоны:0709 00 46 00, 0551 00 46 00.Соцсети:Instagram:@kelechek.mit/Сайт:https://kelechek.edu.kg.Классы:с 1-го класса.Стоимость обучения:от 49 500 сомов в месяц; питание и кружки входят в стоимость.Вступительный взнос:19 500 сомов.Членский взнос:нет.Количество учеников в классе:20-24.Допуроки:олимпиадная математика, программирование, робототехника, языки, подготовка к ОРТ/IELTS/SAT, футбол, волейбол, хореография, рисование, шахматы, беби-балет.Время пребывания в школе:с 08:00 до 17:00.Питание, включенное в стоимость:трехразовое.Трансфер:есть.Язык обучения:русский, английский, кыргызский.Келечек MIT.Келечек MIT.Келечек MIT.1из3Академия будущих лидеровАкадемия будущих лидеров - современная частная школа в Бишкеке, где качественное образование сочетается с развитием личности, лидерства и мышления. Проект создан при поддержке компании Logos и команды ""Школы будущих лидеров"", которая за восемь лет помогла более 800 ученикам поступить в престижные университеты мира, включая MIT, Princeton, Columbia, UPenn и другие, с общими грантами на сумму свыше $20 млн.В прошлом году открылся первый филиал Академии будущих лидеров в мкр. ""Улан"" - современная начальная школа, быстро завоевавшая доверие родителей. Это подтвердило, что такой образовательный подход действительно востребован: сильная академическая база, индивидуальное внимание к каждому ребенку и среда, в которой детям интересно учиться, развиваться и раскрывать свой потенциал.Сегодня проект выходит на новый этап развития и открывает вторую школу - для учеников с 1-го по 11-й класс.Главная цель Академии будущих лидеров - с ранних лет готовить детей к поступлению в топовые зарубежные университеты на грант.Поэтому обучение здесь строится не только вокруг школьной программы, но и вокруг формирования прочной базы по английскому языку и математике, развитию критического мышления, лидерских качеств, самостоятельности и умения добиваться высоких результатов.Встроенная в учебный процесс система подготовки помогает каждому ученику шаг за шагом формировать сильный академический и личностный профиль, который в будущем дает реальные преимущества при поступлении в зарубежные вузы на грант.Почему выбирают Академию будущих лидеров:сильная академическая база;английский язык с первых классов;развитие критического мышления, креативности и лидерских качеств;индивидуальный подход к каждому ребенку;дружелюбная и мотивирующая атмосфера;опыт крупного образовательного проекта с международными результатами;большая менторская команда из Кыргызстана, Казахстана, США и Европы..Адрес:ул. Байтика Баатыра, 4а/8, выше парка Гейдара Алиева, рядом с новой большой мечетью.Телефон:+996 559 700 800.Соцсети: Instagram:@futureleaderskg.Классы:с 1-го по 12-й.Стоимость обучения:1–4-й классы - $4 500 в год; 5–11-й классы - $5 200.Ежегодный взнос:нет.Количество учеников в классе:20–24.Время пребывания в школе:с 08:00 до 17:00.Питание, включенное в стоимость:трехразовое.Транспорт:есть, оплачивается отдельно.Языки обучения:русский и английский.Академия будущих лидеров.Академия будущих лидеров.Академия будущих лидеров.Академия будущих лидеров.1из4 American-European School - современная частная школа с обучением с 1-го до 12-го класса, ориентированная на углубленное изучение математики и английского языка. Преимущества школы:штатные психолог и логопед;10 видов кружков;выполнение домашних заданий под контролем учителей;электронный дневник;подготовка к поступлению в зарубежные вузы.Школа объединяет европейские и американские образовательные подходы, создавая сильную академическую базу и комфортную среду для развития каждого ученика.Адрес:ул. Бегматова, 65.Телефоны:0559 990 364, 0704 750 075.Соцсети:Instagram:@aes.kg.Классы:с 1-го по 12-й класс.Стоимость обучения в год:$5 000.Вступительный взнос:нет.Членский взнос:3 000 сомов (депозит за книги).Количество учеников в классе:20-22.Допуроки:подготовка к олимпиадам, по всем предметам, углубленная математика, подготовка к НЦТ, ОРТ, STEAM-проекты, английский язык.Время пребывания в школе:с 08:00 до 17:00.Питание, включенное в стоимость:трехразовое.Секции, входящие в стоимость:шахматы, фортепиано, рок-группа, тхэквандо, клуб ""Юный химик"", хореография, футбол, арт-искусство.Трансфер:есть, оплачивается отдельно - от 4 600 сомов.Язык обучения:русский.1из5Kyrgyz American SchoolKyrgyz American School - это пространство, где сочетаются академическая сильная база, современные методики и глубокое уважение к кыргызской культуре и наследию.Обучение на русском языке с усиленным изучением английского и кыргызского.Мы выстраиваем обучение так, чтобы ребенок свободно владел сразу несколькими языками. Основная программа ведется на русском языке, при этом особое внимание уделяется углубленному изучению английского и кыргызского - для уверенного будущего как в международной, так и в национальной среде.STEAM-подход - обучение через практику.Школа использует современную STEAM-модель (наука, технологии, инженерия, искусство и математика), которая развивает не только знания, но и навыки будущего: критическое мышление, креативность, умение работать в команде и находить нестандартные решения.Современные методы обучения. В школе дети не заучивают - они понимают. Интерактивные уроки, проектная деятельность и индивидуальный подход помогают раскрыть потенциал каждого ученика.Комфортная среда и забота о здоровье.Школа расположена в верхней части города - это чистый воздух, тишина и безопасная атмосфера, идеально подходящая для обучения и развития детей.Воспитание через культуру и традиции. Kyrgyz American School бережно передает кыргызские ценности, традиции и культурное наследие. Дети растут с уважением к своим корням, формируя сильную личность и национальную идентичность.Адрес:ул. Институт сейсмостойкого строительства, 10.Телефон:0704 75 00 75.Соцсети:Instagram:@kyrgyz.american.school/Классы:с 1-го по 12-й класс.Стоимость обучения в год:$5 000.Вступительный взнос:нет.Членский взнос:3 000 сомов (депозит за книги).Количество учеников в классе:20-22.Допуроки:кыргызский язык, углубленный английский, подготовка к олимпиадам по всем предметам, углубленная математика, подготовка к НЦТ, ОРТ, STEAM-проекты, подготовка к поступлению в международные вузы.Время пребывания в школе:с 08:00 до 17:00.Питание, включенное в стоимость:трехразовое.Секции (входят в стоимость): тхэквондо, войлок, шахматы, хореография, искусство, футбол, фортепиано и вокал, робототехника, подготовка к олимпиадам, подготовка в НЦТ, ОРТ, подготовка к SAT, подготовка IELTS и TOEFL.Трансфер:есть, оплачивается отдельно - от 4 600 сомов.Язык обучения:русский.Kyrgyz American School.Kyrgyz American School.Kyrgyz American School.Kyrgyz American School.Kyrgyz American School.Kyrgyz American School.1из6""Келечек MIT""""Келечек MIT"" - современная частная школа с обучением с 1-го класса, ориентированная на сильную академическую базу, углубленную математику, IT-направление и трилингвальное образование.Преимущества школы:трилингвальные классы (русский/английский/кыргызский);робототехника и IT с 1-го класса;подготовка к ОРТ, IELTS, SAT;сопровождение при поступлении в зарубежные вузы;более 20 кружков и секций, включенных в стоимость;небольшие классы (20-24 ученика);современная инфраструктура (лаборатории по химии/биологии, IT и робототехнике);отдельные здания для младшей + средней школы и старшей школы (с 2026 года);охраняемая территория и видеонаблюдение;организованный трансфер;трехразовое питание (завтрак, обед и полдник).Школа работает по принципу селективного образования, формируя среду, где стремление к знаниям и высокий результат становятся нормой.Адрес:8-й микрорайон, 39.Телефоны:0709 00 46 00, 0551 00 46 00.Соцсети:Instagram:@kelechek.mit/Сайт:https://kelechek.edu.kg.Классы:с 1-го класса.Стоимость обучения:от 49 500 сомов в месяц; питание и кружки входят в стоимость.Вступительный взнос:19 500 сомов.Членский взнос:нет.Количество учеников в классе:20-24.Допуроки:олимпиадная математика, программирование, робототехника, языки, подготовка к ОРТ/IELTS/SAT, футбол, волейбол, хореография, рисование, шахматы, беби-балет.Время пребывания в школе:с 08:00 до 17:00.Питание, включенное в стоимость:трехразовое.Трансфер:есть.Язык обучения:русский, английский, кыргызский.Келечек MIT.Келечек MIT.Келечек MIT.1из3Академия будущих лидеровАкадемия будущих лидеров - современная частная школа в Бишкеке, где качественное образование сочетается с развитием личности, лидерства и мышления. Проект создан при поддержке компании Logos и команды ""Школы будущих лидеров"", которая за восемь лет помогла более 800 ученикам поступить в престижные университеты мира, включая MIT, Princeton, Columbia, UPenn и другие, с общими грантами на сумму свыше $20 млн.В прошлом году открылся первый филиал Академии будущих лидеров в мкр. ""Улан"" - современная начальная школа, быстро завоевавшая доверие родителей. Это подтвердило, что такой образовательный подход действительно востребован: сильная академическая база, индивидуальное внимание к каждому ребенку и среда, в которой детям интересно учиться, развиваться и раскрывать свой потенциал.Сегодня проект выходит на новый этап развития и открывает вторую школу - для учеников с 1-го по 11-й класс.Главная цель Академии будущих лидеров - с ранних лет готовить детей к поступлению в топовые зарубежные университеты на грант.Поэтому обучение здесь строится не только вокруг школьной программы, но и вокруг формирования прочной базы по английскому языку и математике, развитию критического мышления, лидерских качеств, самостоятельности и умения добиваться высоких результатов.Встроенная в учебный процесс система подготовки помогает каждому ученику шаг за шагом формировать сильный академический и личностный профиль, который в будущем дает реальные преимущества при поступлении в зарубежные вузы на грант.Почему выбирают Академию будущих лидеров:сильная академическая база;английский язык с первых классов;развитие критического мышления, креативности и лидерских качеств;индивидуальный подход к каждому ребенку;дружелюбная и мотивирующая атмосфера;опыт крупного образовательного проекта с международными результатами;большая менторская команда из Кыргызстана, Казахстана, США и Европы..Адрес:ул. Байтика Баатыра, 4а/8, выше парка Гейдара Алиева, рядом с новой большой мечетью.Телефон:+996 559 700 800.Соцсети: Instagram:@futureleaderskg.Классы:с 1-го по 12-й.Стоимость обучения:1–4-й классы - $4 500 в год; 5–11-й классы - $5 200.Ежегодный взнос:нет.Количество учеников в классе:20–24.Время пребывания в школе:с 08:00 до 17:00.Питание, включенное в стоимость:трехразовое.Транспорт:есть, оплачивается отдельно.Языки обучения:русский и английский.Академия будущих лидеров.Академия будущих лидеров.Академия будущих лидеров.Академия будущих лидеров.1из4 штатные психолог и логопед;10 видов кружков;выполнение домашних заданий под контролем учителей;электронный дневник;подготовка к поступлению в зарубежные вузы.Школа объединяет европейские и американские образовательные подходы, создавая сильную академическую базу и комфортную среду для развития каждого ученика.Адрес:ул. Бегматова, 65.Телефоны:0559 990 364, 0704 750 075.Соцсети:Instagram:@aes.kg.Классы:с 1-го по 12-й класс.Стоимость обучения в год:$5 000.Вступительный взнос:нет.Членский взнос:3 000 сомов (депозит за книги).Количество учеников в классе:20-22.Допуроки:подготовка к олимпиадам, по всем предметам, углубленная математика, подготовка к НЦТ, ОРТ, STEAM-проекты, английский язык.Время пребывания в школе:с 08:00 до 17:00.Питание, включенное в стоимость:трехразовое.Секции, входящие в стоимость:шахматы, фортепиано, рок-группа, тхэквандо, клуб ""Юный химик"", хореография, футбол, арт-искусство.Трансфер:есть, оплачивается отдельно - от 4 600 сомов.Язык обучения:русский.1из5Kyrgyz American SchoolKyrgyz American School - это пространство, где сочетаются академическая сильная база, современные методики и глубокое уважение к кыргызской культуре и наследию.Обучение на русском языке с усиленным изучением английского и кыргызского.Мы выстраиваем обучение так, чтобы ребенок свободно владел сразу несколькими языками. Основная программа ведется на русском языке, при этом особое внимание уделяется углубленному изучению английского и кыргызского - для уверенного будущего как в международной, так и в национальной среде.STEAM-подход - обучение через практику.Школа использует современную STEAM-модель (наука, технологии, инженерия, искусство и математика), которая развивает не только знания, но и навыки будущего: критическое мышление, креативность, умение работать в команде и находить нестандартные решения.Современные методы обучения. В школе дети не заучивают - они понимают. Интерактивные уроки, проектная деятельность и индивидуальный подход помогают раскрыть потенциал каждого ученика.Комфортная среда и забота о здоровье.Школа расположена в верхней части города - это чистый воздух, тишина и безопасная атмосфера, идеально подходящая для обучения и развития детей.Воспитание через культуру и традиции. Kyrgyz American School бережно передает кыргызские ценности, традиции и культурное наследие. Дети растут с уважением к своим корням, формируя сильную личность и национальную идентичность.Адрес:ул. Институт сейсмостойкого строительства, 10.Телефон:0704 75 00 75.Соцсети:Instagram:@kyrgyz.american.school/Классы:с 1-го по 12-й класс.Стоимость обучения в год:$5 000.Вступительный взнос:нет.Членский взнос:3 000 сомов (депозит за книги).Количество учеников в классе:20-22.Допуроки:кыргызский язык, углубленный английский, подготовка к олимпиадам по всем предметам, углубленная математика, подготовка к НЦТ, ОРТ, STEAM-проекты, подготовка к поступлению в международные вузы.Время пребывания в школе:с 08:00 до 17:00.Питание, включенное в стоимость:трехразовое.Секции (входят в стоимость): тхэквондо, войлок, шахматы, хореография, искусство, футбол, фортепиано и вокал, робототехника, подготовка к олимпиадам, подготовка в НЦТ, ОРТ, подготовка к SAT, подготовка IELTS и TOEFL.Трансфер:есть, оплачивается отдельно - от 4 600 сомов.Язык обучения:русский.Kyrgyz American School.Kyrgyz American School.Kyrgyz American School.Kyrgyz American School.Kyrgyz American School.Kyrgyz American School.1из6""Келечек MIT""""Келечек MIT"" - современная частная школа с обучением с 1-го класса, ориентированная на сильную академическую базу, углубленную математику, IT-направление и трилингвальное образование.Преимущества школы:трилингвальные классы (русский/английский/кыргызский);робототехника и IT с 1-го класса;подготовка к ОРТ, IELTS, SAT;сопровождение при поступлении в зарубежные вузы;более 20 кружков и секций, включенных в стоимость;небольшие классы (20-24 ученика);современная инфраструктура (лаборатории по химии/биологии, IT и робототехнике);отдельные здания для младшей + средней школы и старшей школы (с 2026 года);охраняемая территория и видеонаблюдение;организованный трансфер;трехразовое питание (завтрак, обед и полдник).Школа работает по принципу селективного образования, формируя среду, где стремление к знаниям и высокий результат становятся нормой.Адрес:8-й микрорайон, 39.Телефоны:0709 00 46 00, 0551 00 46 00.Соцсети:Instagram:@kelechek.mit/Сайт:https://kelechek.edu.kg.Классы:с 1-го класса.Стоимость обучения:от 49 500 сомов в месяц; питание и кружки входят в стоимость.Вступительный взнос:19 500 сомов.Членский взнос:нет.Количество учеников в классе:20-24.Допуроки:олимпиадная математика, программирование, робототехника, языки, подготовка к ОРТ/IELTS/SAT, футбол, волейбол, хореография, рисование, шахматы, беби-балет.Время пребывания в школе:с 08:00 до 17:00.Питание, включенное в стоимость:трехразовое.Трансфер:есть.Язык обучения:русский, английский, кыргызский.Келечек MIT.Келечек MIT.Келечек MIT.1из3Академия будущих лидеровАкадемия будущих лидеров - современная частная школа в Бишкеке, где качественное образование сочетается с развитием личности, лидерства и мышления. Проект создан при поддержке компании Logos и команды ""Школы будущих лидеров"", которая за восемь лет помогла более 800 ученикам поступить в престижные университеты мира, включая MIT, Princeton, Columbia, UPenn и другие, с общими грантами на сумму свыше $20 млн.В прошлом году открылся первый филиал Академии будущих лидеров в мкр. ""Улан"" - современная начальная школа, быстро завоевавшая доверие родителей. Это подтвердило, что такой образовательный подход действительно востребован: сильная академическая база, индивидуальное внимание к каждому ребенку и среда, в которой детям интересно учиться, развиваться и раскрывать свой потенциал.Сегодня проект выходит на новый этап развития и открывает вторую школу - для учеников с 1-го по 11-й класс.Главная цель Академии будущих лидеров - с ранних лет готовить детей к поступлению в топовые зарубежные университеты на грант.Поэтому обучение здесь строится не только вокруг школьной программы, но и вокруг формирования прочной базы по английскому языку и математике, развитию критического мышления, лидерских качеств, самостоятельности и умения добиваться высоких результатов.Встроенная в учебный процесс система подготовки помогает каждому ученику шаг за шагом формировать сильный академический и личностный профиль, который в будущем дает реальные преимущества при поступлении в зарубежные вузы на грант.Почему выбирают Академию будущих лидеров:сильная академическая база;английский язык с первых классов;развитие критического мышления, креативности и лидерских качеств;индивидуальный подход к каждому ребенку;дружелюбная и мотивирующая атмосфера;опыт крупного образовательного проекта с международными результатами;большая менторская команда из Кыргызстана, Казахстана, США и Европы..Адрес:ул. Байтика Баатыра, 4а/8, выше парка Гейдара Алиева, рядом с новой большой мечетью.Телефон:+996 559 700 800.Соцсети: Instagram:@futureleaderskg.Классы:с 1-го по 12-й.Стоимость обучения:1–4-й классы - $4 500 в год; 5–11-й классы - $5 200.Ежегодный взнос:нет.Количество учеников в классе:20–24.Время пребывания в школе:с 08:00 до 17:00.Питание, включенное в стоимость:трехразовое.Транспорт:есть, оплачивается отдельно.Языки обучения:русский и английский.Академия будущих лидеров.Академия будущих лидеров.Академия будущих лидеров.Академия будущих лидеров.1из4 Школа объединяет европейские и американские образовательные подходы, создавая сильную академическую базу и комфортную среду для развития каждого ученика. Адрес:ул. Бегматова, 65.Телефоны:0559 990 364, 0704 750 075.Соцсети:Instagram:@aes.kg.Классы:с 1-го по 12-й класс.Стоимость обучения в год:$5 000.Вступительный взнос:нет.Членский взнос:3 000 сомов (депозит за книги).Количество учеников в классе:20-22.Допуроки:подготовка к олимпиадам, по всем предметам, углубленная математика, подготовка к НЦТ, ОРТ, STEAM-проекты, английский язык.Время пребывания в школе:с 08:00 до 17:00.Питание, включенное в стоимость:трехразовое.Секции, входящие в стоимость:шахматы, фортепиано, рок-группа, тхэквандо, клуб ""Юный химик"", хореография, футбол, арт-искусство.Трансфер:есть, оплачивается отдельно - от 4 600 сомов.Язык обучения:русский.1из5Kyrgyz American SchoolKyrgyz American School - это пространство, где сочетаются академическая сильная база, современные методики и глубокое уважение к кыргызской культуре и наследию.Обучение на русском языке с усиленным изучением английского и кыргызского.Мы выстраиваем обучение так, чтобы ребенок свободно владел сразу несколькими языками. Основная программа ведется на русском языке, при этом особое внимание уделяется углубленному изучению английского и кыргызского - для уверенного будущего как в международной, так и в национальной среде.STEAM-подход - обучение через практику.Школа использует современную STEAM-модель (наука, технологии, инженерия, искусство и математика), которая развивает не только знания, но и навыки будущего: критическое мышление, креативность, умение работать в команде и находить нестандартные решения.Современные методы обучения. В школе дети не заучивают - они понимают. Интерактивные уроки, проектная деятельность и индивидуальный подход помогают раскрыть потенциал каждого ученика.Комфортная среда и забота о здоровье.Школа расположена в верхней части города - это чистый воздух, тишина и безопасная атмосфера, идеально подходящая для обучения и развития детей.Воспитание через культуру и традиции. Kyrgyz American School бережно передает кыргызские ценности, традиции и культурное наследие. Дети растут с уважением к своим корням, формируя сильную личность и национальную идентичность.Адрес:ул. Институт сейсмостойкого строительства, 10.Телефон:0704 75 00 75.Соцсети:Instagram:@kyrgyz.american.school/Классы:с 1-го по 12-й класс.Стоимость обучения в год:$5 000.Вступительный взнос:нет.Членский взнос:3 000 сомов (депозит за книги).Количество учеников в классе:20-22.Допуроки:кыргызский язык, углубленный английский, подготовка к олимпиадам по всем предметам, углубленная математика, подготовка к НЦТ, ОРТ, STEAM-проекты, подготовка к поступлению в международные вузы.Время пребывания в школе:с 08:00 до 17:00.Питание, включенное в стоимость:трехразовое.Секции (входят в стоимость): тхэквондо, войлок, шахматы, хореография, искусство, футбол, фортепиано и вокал, робототехника, подготовка к олимпиадам, подготовка в НЦТ, ОРТ, подготовка к SAT, подготовка IELTS и TOEFL.Трансфер:есть, оплачивается отдельно - от 4 600 сомов.Язык обучения:русский.Kyrgyz American School.Kyrgyz American School.Kyrgyz American School.Kyrgyz American School.Kyrgyz American School.Kyrgyz American School.1из6""Келечек MIT""""Келечек MIT"" - современная частная школа с обучением с 1-го класса, ориентированная на сильную академическую базу, углубленную математику, IT-направление и трилингвальное образование.Преимущества школы:трилингвальные классы (русский/английский/кыргызский);робототехника и IT с 1-го класса;подготовка к ОРТ, IELTS, SAT;сопровождение при поступлении в зарубежные вузы;более 20 кружков и секций, включенных в стоимость;небольшие классы (20-24 ученика);современная инфраструктура (лаборатории по химии/биологии, IT и робототехнике);отдельные здания для младшей + средней школы и старшей школы (с 2026 года);охраняемая территория и видеонаблюдение;организованный трансфер;трехразовое питание (завтрак, обед и полдник).Школа работает по принципу селективного образования, формируя среду, где стремление к знаниям и высокий результат становятся нормой.Адрес:8-й микрорайон, 39.Телефоны:0709 00 46 00, 0551 00 46 00.Соцсети:Instagram:@kelechek.mit/Сайт:https://kelechek.edu.kg.Классы:с 1-го класса.Стоимость обучения:от 49 500 сомов в месяц; питание и кружки входят в стоимость.Вступительный взнос:19 500 сомов.Членский взнос:нет.Количество учеников в классе:20-24.Допуроки:олимпиадная математика, программирование, робототехника, языки, подготовка к ОРТ/IELTS/SAT, футбол, волейбол, хореография, рисование, шахматы, беби-балет.Время пребывания в школе:с 08:00 до 17:00.Питание, включенное в стоимость:трехразовое.Трансфер:есть.Язык обучения:русский, английский, кыргызский.Келечек MIT.Келечек MIT.Келечек MIT.1из3Академия будущих лидеровАкадемия будущих лидеров - современная частная школа в Бишкеке, где качественное образование сочетается с развитием личности, лидерства и мышления. Проект создан при поддержке компании Logos и команды ""Школы будущих лидеров"", которая за восемь лет помогла более 800 ученикам поступить в престижные университеты мира, включая MIT, Princeton, Columbia, UPenn и другие, с общими грантами на сумму свыше $20 млн.В прошлом году открылся первый филиал Академии будущих лидеров в мкр. ""Улан"" - современная начальная школа, быстро завоевавшая доверие родителей. Это подтвердило, что такой образовательный подход действительно востребован: сильная академическая база, индивидуальное внимание к каждому ребенку и среда, в которой детям интересно учиться, развиваться и раскрывать свой потенциал.Сегодня проект выходит на новый этап развития и открывает вторую школу - для учеников с 1-го по 11-й класс.Главная цель Академии будущих лидеров - с ранних лет готовить детей к поступлению в топовые зарубежные университеты на грант.Поэтому обучение здесь строится не только вокруг школьной программы, но и вокруг формирования прочной базы по английскому языку и математике, развитию критического мышления, лидерских качеств, самостоятельности и умения добиваться высоких результатов.Встроенная в учебный процесс система подготовки помогает каждому ученику шаг за шагом формировать сильный академический и личностный профиль, который в будущем дает реальные преимущества при поступлении в зарубежные вузы на грант.Почему выбирают Академию будущих лидеров:сильная академическая база;английский язык с первых классов;развитие критического мышления, креативности и лидерских качеств;индивидуальный подход к каждому ребенку;дружелюбная и мотивирующая атмосфера;опыт крупного образовательного проекта с международными результатами;большая менторская команда из Кыргызстана, Казахстана, США и Европы..Адрес:ул. Байтика Баатыра, 4а/8, выше парка Гейдара Алиева, рядом с новой большой мечетью.Телефон:+996 559 700 800.Соцсети: Instagram:@futureleaderskg.Классы:с 1-го по 12-й.Стоимость обучения:1–4-й классы - $4 500 в год; 5–11-й классы - $5 200.Ежегодный взнос:нет.Количество учеников в классе:20–24.Время пребывания в школе:с 08:00 до 17:00.Питание, включенное в стоимость:трехразовое.Транспорт:есть, оплачивается отдельно.Языки обучения:русский и английский.Академия будущих лидеров.Академия будущих лидеров.Академия будущих лидеров.Академия будущих лидеров.1из4 Kyrgyz American School - это пространство, где сочетаются академическая сильная база, современные методики и глубокое уважение к кыргызской культуре и наследию. Обучение на русском языке с усиленным изучением английского и кыргызского. Мы выстраиваем обучение так, чтобы ребенок свободно владел сразу несколькими языками. Основная программа ведется на русском языке, при этом особое внимание уделяется углубленному изучению английского и кыргызского - для уверенного будущего как в международной, так и в национальной среде. STEAM-подход - обучение через практику.Школа использует современную STEAM-модель (наука, технологии, инженерия, искусство и математика), которая развивает не только знания, но и навыки будущего: критическое мышление, креативность, умение работать в команде и находить нестандартные решения. Современные методы обучения. В школе дети не заучивают - они понимают. Интерактивные уроки, проектная деятельность и индивидуальный подход помогают раскрыть потенциал каждого ученика. Комфортная среда и забота о здоровье.Школа расположена в верхней части города - это чистый воздух, тишина и безопасная атмосфера, идеально подходящая для обучения и развития детей. Воспитание через культуру и традиции. Kyrgyz American School бережно передает кыргызские ценности, традиции и культурное наследие. Дети растут с уважением к своим корням, формируя сильную личность и национальную идентичность. Адрес:ул. Институт сейсмостойкого строительства, 10.Телефон:0704 75 00 75.Соцсети:Instagram:@kyrgyz.american.school/Классы:с 1-го по 12-й класс.Стоимость обучения в год:$5 000.Вступительный взнос:нет.Членский взнос:3 000 сомов (депозит за книги).Количество учеников в классе:20-22.Допуроки:кыргызский язык, углубленный английский, подготовка к олимпиадам по всем предметам, углубленная математика, подготовка к НЦТ, ОРТ, STEAM-проекты, подготовка к поступлению в международные вузы.Время пребывания в школе:с 08:00 до 17:00.Питание, включенное в стоимость:трехразовое.Секции (входят в стоимость): тхэквондо, войлок, шахматы, хореография, искусство, футбол, фортепиано и вокал, робототехника, подготовка к олимпиадам, подготовка в НЦТ, ОРТ, подготовка к SAT, подготовка IELTS и TOEFL.Трансфер:есть, оплачивается отдельно - от 4 600 сомов.Язык обучения:русский.Kyrgyz American School.Kyrgyz American School.Kyrgyz American School.Kyrgyz American School.Kyrgyz American School.Kyrgyz American School.1из6""Келечек MIT""""Келечек MIT"" - современная частная школа с обучением с 1-го класса, ориентированная на сильную академическую базу, углубленную математику, IT-направление и трилингвальное образование.Преимущества школы:трилингвальные классы (русский/английский/кыргызский);робототехника и IT с 1-го класса;подготовка к ОРТ, IELTS, SAT;сопровождение при поступлении в зарубежные вузы;более 20 кружков и секций, включенных в стоимость;небольшие классы (20-24 ученика);современная инфраструктура (лаборатории по химии/биологии, IT и робототехнике);отдельные здания для младшей + средней школы и старшей школы (с 2026 года);охраняемая территория и видеонаблюдение;организованный трансфер;трехразовое питание (завтрак, обед и полдник).Школа работает по принципу селективного образования, формируя среду, где стремление к знаниям и высокий результат становятся нормой.Адрес:8-й микрорайон, 39.Телефоны:0709 00 46 00, 0551 00 46 00.Соцсети:Instagram:@kelechek.mit/Сайт:https://kelechek.edu.kg.Классы:с 1-го класса.Стоимость обучения:от 49 500 сомов в месяц; питание и кружки входят в стоимость.Вступительный взнос:19 500 сомов.Членский взнос:нет.Количество учеников в классе:20-24.Допуроки:олимпиадная математика, программирование, робототехника, языки, подготовка к ОРТ/IELTS/SAT, футбол, волейбол, хореография, рисование, шахматы, беби-балет.Время пребывания в школе:с 08:00 до 17:00.Питание, включенное в стоимость:трехразовое.Трансфер:есть.Язык обучения:русский, английский, кыргызский.Келечек MIT.Келечек MIT.Келечек MIT.1из3Академия будущих лидеровАкадемия будущих лидеров - современная частная школа в Бишкеке, где качественное образование сочетается с развитием личности, лидерства и мышления. Проект создан при поддержке компании Logos и команды ""Школы будущих лидеров"", которая за восемь лет помогла более 800 ученикам поступить в престижные университеты мира, включая MIT, Princeton, Columbia, UPenn и другие, с общими грантами на сумму свыше $20 млн.В прошлом году открылся первый филиал Академии будущих лидеров в мкр. ""Улан"" - современная начальная школа, быстро завоевавшая доверие родителей. Это подтвердило, что такой образовательный подход действительно востребован: сильная академическая база, индивидуальное внимание к каждому ребенку и среда, в которой детям интересно учиться, развиваться и раскрывать свой потенциал.Сегодня проект выходит на новый этап развития и открывает вторую школу - для учеников с 1-го по 11-й класс.Главная цель Академии будущих лидеров - с ранних лет готовить детей к поступлению в топовые зарубежные университеты на грант.Поэтому обучение здесь строится не только вокруг школьной программы, но и вокруг формирования прочной базы по английскому языку и математике, развитию критического мышления, лидерских качеств, самостоятельности и умения добиваться высоких результатов.Встроенная в учебный процесс система подготовки помогает каждому ученику шаг за шагом формировать сильный академический и личностный профиль, который в будущем дает реальные преимущества при поступлении в зарубежные вузы на грант.Почему выбирают Академию будущих лидеров:сильная академическая база;английский язык с первых классов;развитие критического мышления, креативности и лидерских качеств;индивидуальный подход к каждому ребенку;дружелюбная и мотивирующая атмосфера;опыт крупного образовательного проекта с международными результатами;большая менторская команда из Кыргызстана, Казахстана, США и Европы..Адрес:ул. Байтика Баатыра, 4а/8, выше парка Гейдара Алиева, рядом с новой большой мечетью.Телефон:+996 559 700 800.Соцсети: Instagram:@futureleaderskg.Классы:с 1-го по 12-й.Стоимость обучения:1–4-й классы - $4 500 в год; 5–11-й классы - $5 200.Ежегодный взнос:нет.Количество учеников в классе:20–24.Время пребывания в школе:с 08:00 до 17:00.Питание, включенное в стоимость:трехразовое.Транспорт:есть, оплачивается отдельно.Языки обучения:русский и английский.Академия будущих лидеров.Академия будущих лидеров.Академия будущих лидеров.Академия будущих лидеров.1из4 ""Келечек MIT"" - современная частная школа с обучением с 1-го класса, ориентированная на сильную академическую базу, углубленную математику, IT-направление и трилингвальное образование. Преимущества школы:трилингвальные классы (русский/английский/кыргызский);робототехника и IT с 1-го класса;подготовка к ОРТ, IELTS, SAT;сопровождение при поступлении в зарубежные вузы;более 20 кружков и секций, включенных в стоимость;небольшие классы (20-24 ученика);современная инфраструктура (лаборатории по химии/биологии, IT и робототехнике);отдельные здания для младшей + средней школы и старшей школы (с 2026 года);охраняемая территория и видеонаблюдение;организованный трансфер;трехразовое питание (завтрак, обед и полдник).Школа работает по принципу селективного образования, формируя среду, где стремление к знаниям и высокий результат становятся нормой.Адрес:8-й микрорайон, 39.Телефоны:0709 00 46 00, 0551 00 46 00.Соцсети:Instagram:@kelechek.mit/Сайт:https://kelechek.edu.kg.Классы:с 1-го класса.Стоимость обучения:от 49 500 сомов в месяц; питание и кружки входят в стоимость.Вступительный взнос:19 500 сомов.Членский взнос:нет.Количество учеников в классе:20-24.Допуроки:олимпиадная математика, программирование, робототехника, языки, подготовка к ОРТ/IELTS/SAT, футбол, волейбол, хореография, рисование, шахматы, беби-балет.Время пребывания в школе:с 08:00 до 17:00.Питание, включенное в стоимость:трехразовое.Трансфер:есть.Язык обучения:русский, английский, кыргызский.Келечек MIT.Келечек MIT.Келечек MIT.1из3Академия будущих лидеровАкадемия будущих лидеров - современная частная школа в Бишкеке, где качественное образование сочетается с развитием личности, лидерства и мышления. Проект создан при поддержке компании Logos и команды ""Школы будущих лидеров"", которая за восемь лет помогла более 800 ученикам поступить в престижные университеты мира, включая MIT, Princeton, Columbia, UPenn и другие, с общими грантами на сумму свыше $20 млн.В прошлом году открылся первый филиал Академии будущих лидеров в мкр. ""Улан"" - современная начальная школа, быстро завоевавшая доверие родителей. Это подтвердило, что такой образовательный подход действительно востребован: сильная академическая база, индивидуальное внимание к каждому ребенку и среда, в которой детям интересно учиться, развиваться и раскрывать свой потенциал.Сегодня проект выходит на новый этап развития и открывает вторую школу - для учеников с 1-го по 11-й класс.Главная цель Академии будущих лидеров - с ранних лет готовить детей к поступлению в топовые зарубежные университеты на грант.Поэтому обучение здесь строится не только вокруг школьной программы, но и вокруг формирования прочной базы по английскому языку и математике, развитию критического мышления, лидерских качеств, самостоятельности и умения добиваться высоких результатов.Встроенная в учебный процесс система подготовки помогает каждому ученику шаг за шагом формировать сильный академический и личностный профиль, который в будущем дает реальные преимущества при поступлении в зарубежные вузы на грант.Почему выбирают Академию будущих лидеров:сильная академическая база;английский язык с первых классов;развитие критического мышления, креативности и лидерских качеств;индивидуальный подход к каждому ребенку;дружелюбная и мотивирующая атмосфера;опыт крупного образовательного проекта с международными результатами;большая менторская команда из Кыргызстана, Казахстана, США и Европы..Адрес:ул. Байтика Баатыра, 4а/8, выше парка Гейдара Алиева, рядом с новой большой мечетью.Телефон:+996 559 700 800.Соцсети: Instagram:@futureleaderskg.Классы:с 1-го по 12-й.Стоимость обучения:1–4-й классы - $4 500 в год; 5–11-й классы - $5 200.Ежегодный взнос:нет.Количество учеников в классе:20–24.Время пребывания в школе:с 08:00 до 17:00.Питание, включенное в стоимость:трехразовое.Транспорт:есть, оплачивается отдельно.Языки обучения:русский и английский.Академия будущих лидеров.Академия будущих лидеров.Академия будущих лидеров.Академия будущих лидеров.1из4 трилингвальные классы (русский/английский/кыргызский);робототехника и IT с 1-го класса;подготовка к ОРТ, IELTS, SAT;сопровождение при поступлении в зарубежные вузы;более 20 кружков и секций, включенных в стоимость;небольшие классы (20-24 ученика);современная инфраструктура (лаборатории по химии/биологии, IT и робототехнике);отдельные здания для младшей + средней школы и старшей школы (с 2026 года);охраняемая территория и видеонаблюдение;организованный трансфер;трехразовое питание (завтрак, обед и полдник).Школа работает по принципу селективного образования, формируя среду, где стремление к знаниям и высокий результат становятся нормой.Адрес:8-й микрорайон, 39.Телефоны:0709 00 46 00, 0551 00 46 00.Соцсети:Instagram:@kelechek.mit/Сайт:https://kelechek.edu.kg.Классы:с 1-го класса.Стоимость обучения:от 49 500 сомов в месяц; питание и кружки входят в стоимость.Вступительный взнос:19 500 сомов.Членский взнос:нет.Количество учеников в классе:20-24.Допуроки:олимпиадная математика, программирование, робототехника, языки, подготовка к ОРТ/IELTS/SAT, футбол, волейбол, хореография, рисование, шахматы, беби-балет.Время пребывания в школе:с 08:00 до 17:00.Питание, включенное в стоимость:трехразовое.Трансфер:есть.Язык обучения:русский, английский, кыргызский.Келечек MIT.Келечек MIT.Келечек MIT.1из3Академия будущих лидеровАкадемия будущих лидеров - современная частная школа в Бишкеке, где качественное образование сочетается с развитием личности, лидерства и мышления. Проект создан при поддержке компании Logos и команды ""Школы будущих лидеров"", которая за восемь лет помогла более 800 ученикам поступить в престижные университеты мира, включая MIT, Princeton, Columbia, UPenn и другие, с общими грантами на сумму свыше $20 млн.В прошлом году открылся первый филиал Академии будущих лидеров в мкр. ""Улан"" - современная начальная школа, быстро завоевавшая доверие родителей. Это подтвердило, что такой образовательный подход действительно востребован: сильная академическая база, индивидуальное внимание к каждому ребенку и среда, в которой детям интересно учиться, развиваться и раскрывать свой потенциал.Сегодня проект выходит на новый этап развития и открывает вторую школу - для учеников с 1-го по 11-й класс.Главная цель Академии будущих лидеров - с ранних лет готовить детей к поступлению в топовые зарубежные университеты на грант.Поэтому обучение здесь строится не только вокруг школьной программы, но и вокруг формирования прочной базы по английскому языку и математике, развитию критического мышления, лидерских качеств, самостоятельности и умения добиваться высоких результатов.Встроенная в учебный процесс система подготовки помогает каждому ученику шаг за шагом формировать сильный академический и личностный профиль, который в будущем дает реальные преимущества при поступлении в зарубежные вузы на грант.Почему выбирают Академию будущих лидеров:сильная академическая база;английский язык с первых классов;развитие критического мышления, креативности и лидерских качеств;индивидуальный подход к каждому ребенку;дружелюбная и мотивирующая атмосфера;опыт крупного образовательного проекта с международными результатами;большая менторская команда из Кыргызстана, Казахстана, США и Европы..Адрес:ул. Байтика Баатыра, 4а/8, выше парка Гейдара Алиева, рядом с новой большой мечетью.Телефон:+996 559 700 800.Соцсети: Instagram:@futureleaderskg.Классы:с 1-го по 12-й.Стоимость обучения:1–4-й классы - $4 500 в год; 5–11-й классы - $5 200.Ежегодный взнос:нет.Количество учеников в классе:20–24.Время пребывания в школе:с 08:00 до 17:00.Питание, включенное в стоимость:трехразовое.Транспорт:есть, оплачивается отдельно.Языки обучения:русский и английский.Академия будущих лидеров.Академия будущих лидеров.Академия будущих лидеров.Академия будущих лидеров.1из4 Школа работает по принципу селективного образования, формируя среду, где стремление к знаниям и высокий результат становятся нормой. Адрес:8-й микрорайон, 39.Телефоны:0709 00 46 00, 0551 00 46 00.Соцсети:Instagram:@kelechek.mit/Сайт:https://kelechek.edu.kg.Классы:с 1-го класса.Стоимость обучения:от 49 500 сомов в месяц; питание и кружки входят в стоимость.Вступительный взнос:19 500 сомов.Членский взнос:нет.Количество учеников в классе:20-24.Допуроки:олимпиадная математика, программирование, робототехника, языки, подготовка к ОРТ/IELTS/SAT, футбол, волейбол, хореография, рисование, шахматы, беби-балет.Время пребывания в школе:с 08:00 до 17:00.Питание, включенное в стоимость:трехразовое.Трансфер:есть.Язык обучения:русский, английский, кыргызский.Келечек MIT.Келечек MIT.Келечек MIT.1из3Академия будущих лидеровАкадемия будущих лидеров - современная частная школа в Бишкеке, где качественное образование сочетается с развитием личности, лидерства и мышления. Проект создан при поддержке компании Logos и команды ""Школы будущих лидеров"", которая за восемь лет помогла более 800 ученикам поступить в престижные университеты мира, включая MIT, Princeton, Columbia, UPenn и другие, с общими грантами на сумму свыше $20 млн.В прошлом году открылся первый филиал Академии будущих лидеров в мкр. ""Улан"" - современная начальная школа, быстро завоевавшая доверие родителей. Это подтвердило, что такой образовательный подход действительно востребован: сильная академическая база, индивидуальное внимание к каждому ребенку и среда, в которой детям интересно учиться, развиваться и раскрывать свой потенциал.Сегодня проект выходит на новый этап развития и открывает вторую школу - для учеников с 1-го по 11-й класс.Главная цель Академии будущих лидеров - с ранних лет готовить детей к поступлению в топовые зарубежные университеты на грант.Поэтому обучение здесь строится не только вокруг школьной программы, но и вокруг формирования прочной базы по английскому языку и математике, развитию критического мышления, лидерских качеств, самостоятельности и умения добиваться высоких результатов.Встроенная в учебный процесс система подготовки помогает каждому ученику шаг за шагом формировать сильный академический и личностный профиль, который в будущем дает реальные преимущества при поступлении в зарубежные вузы на грант.Почему выбирают Академию будущих лидеров:сильная академическая база;английский язык с первых классов;развитие критического мышления, креативности и лидерских качеств;индивидуальный подход к каждому ребенку;дружелюбная и мотивирующая атмосфера;опыт крупного образовательного проекта с международными результатами;большая менторская команда из Кыргызстана, Казахстана, США и Европы..Адрес:ул. Байтика Баатыра, 4а/8, выше парка Гейдара Алиева, рядом с новой большой мечетью.Телефон:+996 559 700 800.Соцсети: Instagram:@futureleaderskg.Классы:с 1-го по 12-й.Стоимость обучения:1–4-й классы - $4 500 в год; 5–11-й классы - $5 200.Ежегодный взнос:нет.Количество учеников в классе:20–24.Время пребывания в школе:с 08:00 до 17:00.Питание, включенное в стоимость:трехразовое.Транспорт:есть, оплачивается отдельно.Языки обучения:русский и английский.Академия будущих лидеров.Академия будущих лидеров.Академия будущих лидеров.Академия будущих лидеров.1из4 Академия будущих лидеров - современная частная школа в Бишкеке, где качественное образование сочетается с развитием личности, лидерства и мышления. Проект создан при поддержке компании Logos и команды ""Школы будущих лидеров"", которая за восемь лет помогла более 800 ученикам поступить в престижные университеты мира, включая MIT, Princeton, Columbia, UPenn и другие, с общими грантами на сумму свыше $20 млн. В прошлом году открылся первый филиал Академии будущих лидеров в мкр. ""Улан"" - современная начальная школа, быстро завоевавшая доверие родителей. Это подтвердило, что такой образовательный подход действительно востребован: сильная академическая база, индивидуальное внимание к каждому ребенку и среда, в которой детям интересно учиться, развиваться и раскрывать свой потенциал. Сегодня проект выходит на новый этап развития и открывает вторую школу - для учеников с 1-го по 11-й класс. Главная цель Академии будущих лидеров - с ранних лет готовить детей к поступлению в топовые зарубежные университеты на грант. Поэтому обучение здесь строится не только вокруг школьной программы, но и вокруг формирования прочной базы по английскому языку и математике, развитию критического мышления, лидерских качеств, самостоятельности и умения добиваться высоких результатов. Встроенная в учебный процесс система подготовки помогает каждому ученику шаг за шагом формировать сильный академический и личностный профиль, который в будущем дает реальные преимущества при поступлении в зарубежные вузы на грант. Почему выбирают Академию будущих лидеров:сильная академическая база;английский язык с первых классов;развитие критического мышления, креативности и лидерских качеств;индивидуальный подход к каждому ребенку;дружелюбная и мотивирующая атмосфера;опыт крупного образовательного проекта с международными результатами;большая менторская команда из Кыргызстана, Казахстана, США и Европы..Адрес:ул. Байтика Баатыра, 4а/8, выше парка Гейдара Алиева, рядом с новой большой мечетью.Телефон:+996 559 700 800.Соцсети: Instagram:@futureleaderskg.Классы:с 1-го по 12-й.Стоимость обучения:1–4-й классы - $4 500 в год; 5–11-й классы - $5 200.Ежегодный взнос:нет.Количество учеников в классе:20–24.Время пребывания в школе:с 08:00 до 17:00.Питание, включенное в стоимость:трехразовое.Транспорт:есть, оплачивается отдельно.Языки обучения:русский и английский.Академия будущих лидеров.Академия будущих лидеров.Академия будущих лидеров.Академия будущих лидеров.1из4 сильная академическая база;английский язык с первых классов;развитие критического мышления, креативности и лидерских качеств;индивидуальный подход к каждому ребенку;дружелюбная и мотивирующая атмосфера;опыт крупного образовательного проекта с международными результатами;большая менторская команда из Кыргызстана, Казахстана, США и Европы..Адрес:ул. Байтика Баатыра, 4а/8, выше парка Гейдара Алиева, рядом с новой большой мечетью.Телефон:+996 559 700 800.Соцсети: Instagram:@futureleaderskg.Классы:с 1-го по 12-й.Стоимость обучения:1–4-й классы - $4 500 в год; 5–11-й классы - $5 200.Ежегодный взнос:нет.Количество учеников в классе:20–24.Время пребывания в школе:с 08:00 до 17:00.Питание, включенное в стоимость:трехразовое.Транспорт:есть, оплачивается отдельно.Языки обучения:русский и английский.Академия будущих лидеров.Академия будущих лидеров.Академия будущих лидеров.Академия будущих лидеров.1из4 . Адрес:ул. Байтика Баатыра, 4а/8, выше парка Гейдара Алиева, рядом с новой большой мечетью. Телефон:+996 559 700 800. Соцсети: Instagram:@futureleaderskg. Классы:с 1-го по 12-й. Стоимость обучения:1–4-й классы - $4 500 в год; 5–11-й классы - $5 200. Ежегодный взнос:нет. Количество учеников в классе:20–24. Время пребывания в школе:с 08:00 до 17:00. Питание, включенное в стоимость:трехразовое. Транспорт:есть, оплачивается отдельно. Языки обучения:русский и английский.",kaktus.media,https://kaktus.media/doc/338956_gid_kaktus._chastnye_shkoly_bishkeka_s_effektivnymi_tehnologiiami_obycheniia.html,2026-03-27T09:56:48+06:00,kyrgyz,0,high,news_site
dd4f7c38-82a5-412c-8d3d-dd3aad8747ca,Артисты театра оперы и балета выступят в трех городах Кыргызстана. Программа гастролей,"Гастроли Кыргызского национального академического театра оперы и балета имени А. Малдыбаева пройдут с 3 по 9 мая в Оше, Баткене и Манасе. Сообщается, что предстоящее мероприятие посвящено президентской доктрине ""Уңгужол"" - ""Национальный дух – мировые высоты"" и VI Всемирным играм кочевников. 3 мая в 18:00на сцене Ошского национального драматического театра им. Султана Ибраимова состоится показ балета Михаила Раухвергера ""Чолпон"". В главных партиях на сцену выйдут Мээрим Султакаева (Чолпон), Атабек Садыркулов (Нурдин), Айгерим Сагынбаева (Айдай), заслуженный артист КР Фарух Садыркулов (Джинн). Дирижер – народный артист КР Нурматбек Полотов. Балетмейстер-постановщик - народный артист Киргизской ССР Н. Тугелов. Редакция - народный артист Киргизской ССР, лауреат Государственной премии СССР У. Сарбагышев.4 маязрителей Оша ждет встреча с произведением классического музыкального наследия - оперой ""Травиата"" Джузеппе Верди. В главных партиях выступят заслуженная артистка КР Айзирек Момунова (Виолетта Валери), заслуженный артист КР Тилек Найманбаев (Альфред Жермон), народный артист КР Бактыбек Ыбыкеев (Жорж Жермон). Дирижер – Захар Бутенко.5 маясостоится гала-концерт, в котором примут участие солисты театра оперы и балета, академический хор и симфонический оркестр театра. Прозвучат шедевры мировой классики, произведения кыргызских композиторов.7 и 9 маявпервые за годы независимости флагман театральной сцены Кыргызстана выступит для жителей Баткена и Манаса.7 мая в 18:00с мастерами искусств смогут познакомиться баткенцы. Для них состоится большой концерт под открытым небом. В программе выступят лучшие голоса кыргызской оперы в сопровождении симфонического оркестра.9 мая в 11:00в Манасе театр представит большой праздничный концерт. В исполнении солистов оперы прозвучат песни военных лет: ""Эх, дороги"", ""Темная ночь"", ""Катюша"", ""Журавли"", ""Смуглянка"", ""В землянке"", ""Синий платочек"", ""День Победы"" и другие.Генеральный директор театра - народный артист КР, лауреат государственной премии им. Токтогула, профессор Муратбек Бегалиев. Художественный руководитель гастролей - народный артист КР Нурлан Асанбеков. Главный дирижер – Захар Бутенко, дирижер - народный артист КР Нурматбек Полотов. Главный балетмейстер – народная артистка КР Айзада Тумакова. Главный хормейстер – народный артист КР Карагул Тиленчиев. Концертмейстеры – заслуженные артистки КР Юлия Бабич и Набира Джаксалиева, Нуржан Токтобекова, Антон Степанов.Вход на мероприятия свободный. Генеральный директор театра - народный артист КР, лауреат государственной премии им. Токтогула, профессор Муратбек Бегалиев. Художественный руководитель гастролей - народный артист КР Нурлан Асанбеков. Главный дирижер – Захар Бутенко, дирижер - народный артист КР Нурматбек Полотов. Главный балетмейстер – народная артистка КР Айзада Тумакова. Главный хормейстер – народный артист КР Карагул Тиленчиев. Концертмейстеры – заслуженные артистки КР Юлия Бабич и Набира Джаксалиева, Нуржан Токтобекова, Антон Степанов. Вход на мероприятия свободный.",kaktus.media,https://kaktus.media/doc/545031_artisty_teatra_opery_i_baleta_vystypiat_v_treh_gorodah_kyrgyzstana._programma_gastroley.html,2026-04-24T09:40:17+06:00,kyrgyz,0,high,news_site
2764366d-028f-487e-b3a4-437db3e2c9c0,В Бишкеке задержали подозреваемых в краже аккумуляторов с грузовых авто,"В Бишкеке задержали подозреваемых в краже аккумулятора с грузового автомобиля Volvo. Об этом сообщили в УВД Первомайского района. По данным милиции, с заявлением обратился житель столицы Н. К. Он сообщил, что 26 апреля неизвестные похитили аккумулятор с грузового автомобиля Volvo, припаркованного на улице Серегина. По данному факту возбуждено уголовное дело по статье 205 ""Кража"" УК КР. В ходе следственных и оперативно-разыскных мероприятий сотрудники УУР ГУВД Бишкека установили и задержали подозреваемых - Е. В. и Г. Т. По данным милиции, они ранее неоднократно были судимы. Задержанных доставили в следственную службу УВД Первомайского района. На основании статьи 96 УПК КР их водворили в ИВС ГУВД Бишкека. В ходе дальнейшего расследования установлена возможная причастность задержанных к 15 аналогичным фактам краж. Также милиция выявила места сбыта похищенного имущества. На одном из пунктов приема металлолома обнаружили и изъяли восемь аккумуляторов. Следственно-оперативные мероприятия продолжаются. Милиция устанавливает возможных соучастников и дополнительные эпизоды преступной деятельности.",kaktus.media,https://kaktus.media/doc/545568_v_bishkeke_zaderjali_podozrevaemyh_v_kraje_akkymyliatorov_s_gryzovyh_avto.html,2026-05-04T16:00:18+06:00,kyrgyz,0,high,news_site
a81fe536-5a85-476b-97ce-2e3ae4013dbb,Внимание! На ремонт закрывается участок улицы Гоголя,"Движение автотранспорта на участке улицы Гоголя временно закрывается. Об этом сообщает муниципальное предприятие ""Бишкектеплосеть"". Сообщается, что начинаются реабилитация и ремонт асфальтобетонного покрытия по улице Гоголя на участке от улицы Московской до улицы Жумабека. На участке между улицей Фрунзе и жилым домом №127 по улице Гоголя проходит тепловая сеть (2Ду150 мм - 108 м и 2Ду125 мм - 106 м), введенная в эксплуатацию в 1980 году. Данный участок находится в неудовлетворительном техническом состоянии и должен быть заменен. С 30 апреля 2026 года будет введено временное закрытие движения автотранспорта на участке улицы Гоголя от улицы Огонбаева до улицы Фрунзе. Ограничение связано с проведением плановых земляных работ по замене тепловой сети, которые будут выполнены до начала устройства нового асфальтобетонного покрытия. МП ""Бишкектеплосеть"" просит жителей и гостей столицы с пониманием отнестись к временным неудобствам и заранее учитывать изменения при планировании маршрутов передвижения.",kaktus.media,https://kaktus.media/doc/545404_vnimanie_na_remont_zakryvaetsia_ychastok_ylicy_gogolia.html,2026-04-30T12:07:09+06:00,kyrgyz,0,high,news_site
