id,headline,body_text,source,url,date,language,label,label_confidence,evidence_url,source_type
9f6958f8-d1eb-4f07-9798-767f61c7cccb,Виза жана миграция маселелери ТИМде Пакистандын элчиси менен талкууланды,"Кыргыстандын Тышкы иштер министрлигинин Консулдук департаментинин директору Сейтек Жумакадыр уулу Пакистандын Атайын жана Ыйгарым укуктуу элчиси Алтамаш Визир Хан менен жолугушту. Бул тууралуу Тышкы иштер министрлигинин басма сөз кызматы билдирди. Маалыматка ылайык, тараптар кыргыз-пакистан консулдук кызматташтыгынын маселелерин, анын ичинде визаларды иштетүү жана виза жана миграция жаатындагы кызматташтыктын башка аспектилерин талкуулашты. «Эки өлкөнүн жарандарынын укуктарын коргоодо координациялоого өзгөчө көңүл бурулду» — деп айтылат билдирүүдө.",24.kg,,,kyrgyz,0,high,,news_site
b079eb43-011f-402e-a9cf-2fe9d2127932,Ошто «Ала-Тоо жазы» фестивалы өтөт,"29—30-апрелде Ош шаарында «Ала-Тоо жазы» студенттердин фестивалы өтөт. Бул тууралуу Маданият, маалымат жана жаштар саясаты министрлигинен билдиришти.Маалыматка ылайык, маданий иш-чара Кыргызстандын ар кайсы аймактарынан келген таланттуу жаштарды бириктирип, алардын чыгармачылык мүмкүнчүлүктөрүн кеңири коомчулукка тартуулоону максат кылат.Фестивалда вокалдык искусство, классикалык музыкалык аспаптарды ойноо, фольклордук аткаруучулук жана хореография багыттарында чыгармалар тартууланат.Иш-чара эки баскычта уюштурулат: биринчи баскычта жогорку жана орто кесиптик окуу жайлардын ичинде тандоо турлары өтсө, экинчи баскычта финалдык этапка өткөн мыкты командалар күч сынашат.Белгилей кетсек, сынакка Б.Бейшеналиева атындагы Кыргыз улуттук маданият жана искусство университетинин, К.Молдобасанов атындагы Кыргыз улуттук консерваториясынын студенттери жана музыкалык же искусство багытындагы факультеттерде окуган студенттер катыша алышпайт.",24.kg,,,kyrgyz,0,high,,news_site
983cb533-6ceb-4c12-9b6a-2416c8dc762e,Качууга аракет кылды: Мас жана баңгизат колдонгон айдоочу күбөлүгүнөн ажыратылат,"Бишкек шаарындагы рейддердин биринде Милициянын кайгуул кызмат башкармалыгынын (МККБ) кызматкерлери «Subaru» үлгүсүндөгү унааны токтотушкан. Бирок айдоочу токтоо боюнча мыйзамдуу талапка баш ийбей, качып кетүүгө аракет кылган. Бул тууралуу Бишкек шаардык МККБнын басма сөз кызматы билдирди. Маалыматка ылайык, куугунтуктун натыйжасында унаа токтотулган. Ошол эле учурда айдоочу унааны тротуарга айдап чыгып, дагы бир жолу качууга аракет кылган. Унаа токтогондон кийин ал ичинен чыгып, жөө качууга аракет кылган жеринен кайгуул кызматкерлери тарабынан дароо кармалган.  Текшерүү учурунда айдоочунун бир эле учурда алкоголдук жана баңгилик мас абалында экени аныкталган. Унаа айып токтотуучу жайына киргизилди. Айдоочуга карата укук бузуулар тууралуу тийиштүү протоколдор түзүлдү. Материалдар айдоочуну унаа башкаруу укугунан ажыратуу маселесин кароо үчүн сотко жөнөтүлөт.",24.kg,,,kyrgyz,0,high,,news_site
49d24f00-f589-4d98-9c61-a9946e28ddd9,Кыргызстандык спортчулар Кытайдагы VI Азия пляж оюндарына жөнөп кетишти,"22-30-апрель күндөрү Кытайдын Санья шаарында өтүүчү VI Азия пляждык оюндарына катышуучу спортсмендерди узатуу аземи болуп өттү. Бул тууралуу Дене тарбия жана спорт боюнча мамлекеттик агенттиктин басма сөз кызматы билдирди. Маалыматка ылайык, мелдешке 45 өлкөнүн спортчулары катышат. Программага 14 спорт түрү кирет. Оюндарда Кыргызстандык кырк спортчу күч сынашат. Иш-чарада Кыргыз Республикасынын Министрлер Кабинетине караштуу дене- тарбия жана спорт мамлекеттик агенттигинин директорунун орун басары Улан Кыдырбаев спортсмендерге мамлекеттик тууну салтанаттуу түрдө тапшырып, аларга чоң ишеним артылганын белгиледи. Ошондой эле, алдыдагы мелдештерде мекендин намысын татыктуу коргоп, жогорку жыйынтыктарды көрсөтүшүнө ишеним билдирди, Белгилей кетсек, пляждык оюндарга бул жылы 45 өлкөнүн спортсмендери катышып, 14 оюндун түрү боюнча мелдештер өтөт. Кыргызстандын атынан жалпы 40 спортсмен катышат.",24.kg,,,kyrgyz,0,high,,news_site
56b96721-9b1d-4d7b-8eba-87cdd44e049d,Шашылыш билдирүү! Тоолуу аймактарда сел жүрүшү мүмкүн,"Кыргызстандын аймагында 15-апрелдин экинчи жарымынан тарта 17-апрелге чейин аба ырайы туруксуз болуп, нөшөрлөгөн жаан жаашы күтүлүүдө. Бул тууралуу Кыргызгидромет кызматы шашылыш билдирүү таратты. Маалыматка ылайык, айрым аймактарда жаан-чачын катуу жаайт. Буга байланыштуу республиканын тоолуу жана тоо этектериндеги райондорунда сел жүрүү коркунучу бар экени айтылды. Ошондой эле дарыяларда суунун деңгээли көтөрүлүшү ыктымал. Өзгөчө кырдаалдар министрлиги жарандарды сак болууга жана арыктарды тазалап, алдын алуу чараларын көрүүгө чакырат.",24.kg,,,kyrgyz,0,high,,news_site
28dbbc5e-47f8-4055-a396-4e7c5f27c099,"Тажикстанда жер титирөө катталып, күчү Кыргызстанда сезилди","Тажикстанда жер титирөө катталып, анын күчү Кыргызстанда да сезилди. Бул тууралуу Улуттук илимдер академиясынын Сейсмология институту билдирди. Маалыматка ылайык, күчү 3,5 баллга жеткен жер титирөө бүгүн, 29-апрелде түнкү саат 2:22де катталган. Жер титирөөнүн очогу Тажикстандын аймагында, Кара-Тейит айылынан 20 чакырым түштүк-батыш тарапта, ал эми Баткен шаарынан 110 чакырым түштүк-чыгыш тарапта жайгашкан. Жер титирөөнүн күчү Кара-Тейит жана Карамык айылдарында болжол менен 2,5 баллды түздү. Сейсмологдор ошондой эле 28-апрелде саат 11:43тө Кыргызстандын аймагында күчү 3,5 баллга жеткен жер титирөө болгонун кабарлашты. Анын очогу Такталы кырка тоосунун аймагында — Көк-Бел айылынан 8 чакырым түштүк-чыгышта, Кетмен-Төбө айылынан 12 чакырым түштүк-батышта, Токтогул районунун борборунан 25 чакырым түштүк-чыгышта жана Манас шаарынан 80 чакырым түндүк тарапта жайгашкан. Жер титирөөнүн күчү Көк-Бел айылында болжол менен 3 балл, Кетмен-Төбө айылында болжол менен 2,5 балл деп бааланды.",24.kg,,,kyrgyz,0,high,,news_site
7a180a0f-f9a5-4b02-974a-16584d278a1b,Бишкектин Жибек Жолу проспектисинин бир бөлүгү убактылуу жабылды,"Бишкектеги Жибек Жолу проспектисинин Жаш Гвардия бульварынан Калык Акиев көчөсүнө чейинки бөлүгү жол кыймылы үчүн жабылды. Бул тууралуу мэриядан билдиришти. Маалыматка ылайык, ал тилкеде диаметри 600 мм болгон канализация коллекторун орнотуу үчүн курулуш-монтаждоо иштери жүргүзүлөт. «Бишкексууканалы» ишканасы борбор калаанын тургундарынан жана конокторунан келтирилген ыңгайсыздыктарды түшүнүү менен кабыл алып, каттамды алдын ала пландаштырууну суранат.",24.kg,,,kyrgyz,0,high,,news_site
a3030195-b23a-474f-86ac-a331797246c7,"Кыргызстанда жумушсуздуктун жалпы деңгээли 3,7 пайызды түзөт","Кыргызстандагы жалпы жумушсуздуктун деңгээли 3,7 пайызды түзөт. Бул тууралуу Эмгек министрлигинин маалыматтарында айтылат. Ага ылайык, 2025-жылдын аягында өлкөдөгү расмий жумушсуздуктун деңгээли 1,3 пайызды түзгөн. Улуттук статистика комитетинин эсептөөлөрүнө ылайык, 2025-жылдын 1-февралына карата Кыргыз Республикасынын калкынын саны 7 миллион 404 миң 300 адамды түзгөн. Жумушчу күчүнүн жалпы саны 2 миллион 860 миң 700 адамды түзгөн. Жумуш менен камсыз болгон калктын саны 2 миллион 756 миң, ал эми жумушсуз калктын саны 104 миң 700 болгон. Жумуш менен камсыз кылуу органдарында катталган жумушсуздардын саны 57 миң 700 адамды түзгөн (25 миң 521 аял жана 33 миң 752 жаштар). Расмий түрдө жумушсуз деп жарыялангандардын саны 38 миң 270 адамды түзгөн (17 миң 591 аял жана 23 миң 488 жаштар).",24.kg,,,kyrgyz,0,high,,news_site
ef987651-1d79-4224-b1fc-2e6f29d2da8b,XVII КИТЕП FEST — 2026: Бүгүн эл аралык китеп фестивалы башталат,"Бүгүн, 23-апрелде Жалал-Абад облусундагы Манас шаарында жыл сайын өткөрүлүп келе жаткан Эл аралык «XVII КИТЕП FEST — 2026» китеп фестивалы башталат. Бул тууралуу Маданият, маалымат жана жаштар саясаты министрлиги билдирди. Маалыматка ылайык, иш-чара Жалал-Абад облустук китепканасынын 100 жылдык мааракесине арналат. Фестивалдын негизги максаты — улуттук китеп басып чыгаруунун жетишкендиктерин кеңири жайылтуу, басмаканалар ортосундагы кызматташтыкты чыңдоо жана коомдо китеп окуу маданиятын өнүктүрүү. Фестивалга Россия, Казакстан, Өзбекстан өлкөлөрүнөн акын-жазуучулар, басмаканалардын өкүлдөрү, ошондой эле маданият жана адабият чөйрөсүнүн ишмерлери катышат. Мындан тышкары, Кыргызстандын бардык аймактарынан — республикалык, облустук, райондук, шаардык жана айылдык китепканалардын өкүлдөрү да катышат. Иш-чаранын алкагында китеп көргөзмөлөрү,белгилүү акын-жазуучулар менен жолугушуулар, концерттик программалар, адабий конкурстар ,театрлаштырылган оюн-зооктор, китеп окууну жайылткан интерактивдүү иш-чаралар уюштурулат Ошондой эле китеп жумалыгынын алкагында республика боюнча бардык деңгээлдеги китепканаларда параллелдүү түрдө китеп фестивалдары жана маданий иш-чаралар өткөрүлөт.",24.kg,,,kyrgyz,0,high,,news_site
76c30d5d-9677-474a-b6a1-e07e2c8477b1,«Кыргызсериал» мекемеси сериалдарды тартууга сынак жарыялады,"«Кыргызсериал» мамлекеттик мекемеси тик форматтагы сериалдарды тартуу боюнча сынак жарыялады. Бул тууралуу Маданият, маалымат жана жаштар саясаты министрлигинен билдиришти. Маалыматка ылайык, сынак социалдык тармактар жана санарип платформалар үчүн кыска, динамикалуу жана заманбап сериалдарды жаратуу максатын көздөйт. Ошондой эле бул демилге жаш режиссёр, сценарист жана продюсерлерди колдоого багытталган. Сынактын шарттары: Тематика жана мазмун: Сынакка юридикалык жактар (жеке студиялар) катыша алышат. Ар бир катышуучу бир гана долбоор сунуштай алат. Талап кылынган материалдар: Белгиленгендей, документтерди кабыл алуу мөөнөтү 30-апрелде аяктайт. Өтүнмөлөрдү kyrgyzserialredakcia@gmail.com дарегине жөнөтүү керек. Байланыш телефондору: 0312 54 57 53, 0705 49 67 49, 0706 88 08 78.",24.kg,,,kyrgyz,0,high,,news_site
123b58d5-a59d-400c-af7d-20519acf8705,Садыр Жапаров Владимир Путин менен сүйлөшүүлөрдү өткөрдү. Эмнелер талкууланды?,"Садыр Жапаров Россияга болгон иш сапарынын алкагында Россиянын президенти Владимир Путин менен сүйлөшүүлөрдү жүргүздү. Бул тууралуу КР Президентинин басма сөз кызматы билдирди. Жолугушууда кыргыз-орус өз ара аракеттенүү маселелери талкууланып, муну менен катар соода-экономикалык кызматташтыкты тереңдетүүгө өзгөчө көңүл бурулду. Ошондой эле мурда жетишилген макулдашууларды ишке ашыруунун жүрүшү каралды. Тараптар регионалдык күн тартибиндеги маселелер жана көп тараптуу форматтагы өз ара аракеттенүү боюнча позициялары тууралуу пикир алышты. Президент Садыр Жапаров жылуу кабыл алуу үчүн ыраазычылыгын билдирди жана Владимир Путинди үстүбүздөгү жылдын 31-август — 1-сентябрь күндөрү Бишкек шаарында өтө турган Шанхай кызматташтык уюмуна мүчө-мамлекеттердин башчыларынын саммитине катышууга чакырды. Өз кезегинде Владимир Путин чакыруу үчүн ыраазычылык билдирип, Россия тараптын интеграциялык бирикмелердин алкагында активдүү өз ара аракеттенүүгө берилгендигин, ошондой эле алардын ишмердүүлүгүнүн негизги багыттары боюнча күч-аракеттерди координациялоону жана практикалык кызматташтыкты мындан ары да арттырууга даяр экендигин ырастады.  Сүйлөшүүлөрдүн жыйынтыгында лидерлер кыргыз-россиялык кызматташтыкка кошумча динамика берүүгө жана өз ара аракеттенүүнүн бардык багыттары боюнча биргелешкен демилгелерди ырааттуу илгерилетүүгө өз ара багыт алышканын билдиришти.",24.kg,,,kyrgyz,0,high,,news_site
52044e0a-83ef-46d3-8a0f-f450207d6eda,Улуу Жеңиштин 81 жылдыгы Бишкекте кантип белгиленет?,"Улуу Ата Мекендик согуштагы Жеңиштин 81 жылдыгын белгилөөнүн алкагында Бишкекте бир катар иш-чаралар өткөрүлөрүн борбор калаанын мэриясы билдирди. Маалыматка ылайык, 6-майында саат 11: 00дө К. Молдобасанов атындагы Кыргыз улуттук консерваториясында «Кызыл гвоздика — муундардын эсинде» аттуу сынак-фестивалдын гала-концерти өтөт.",24.kg,,,kyrgyz,0,high,,news_site
7d06c2fa-45dc-41c6-8813-3ad0f60e4b04,Кореяда иштеп келген кыргызстандык жарандар бир жолку төлөмдөрдү алды,"Түштүк Кореяда расмий түрдө иштеп, эмгек акысынан пенсиялык төгүмдөрү кармалган Кыргызстандын жарандары кайтып келгенден кийин бир жолку төлөмдөрдү алышууда. Бул тууралуу Социалдык фонддон билдиришти. Маалыматка ылайык, бүгүнкү күнгө карата Кореянын Улуттук пенсиялык кызматынан пенсиялык топтомолор боюнча бир жолку төлөм алуу үчүн 144 жаран кайрылган. Анын ичинен 107 жаранга төлөм дайындалып, толугу менен төлөндү, 37 жаран учурда чечимди күтүүдө. Бир жолку төлөмдүн орточо өлчөмү 3 789 долларды түздү.",24.kg,,,kyrgyz,0,high,,news_site
71cca02e-0f7c-43b9-97e2-0b8c9f6eee6e,"Кыргызстандын ЕАЭБ өлкөлөрү менен өз ара соодасы 11,3 пайызга жогорулады","Кыргызстандын ЕАЭБ өлкөлөрү менен өз ара соодасы 11,3 пайызга өстү. Бул тууралуу Улуттук статистика комитетинин маалыматтарында камтылган. Белгилей кетсек, 2026-жылдын январь айында өз ара соода 396,8 миллион долларды түзүп, мурунку жылга салыштырмалуу 11,3 пайызга өскөн. Биримдиктин ичиндеги соода Кыргызстандын жалпы тышкы соодасынан тезирээк өстү, ал 2 пайызга жогорулаган. ЕАЭБге мүчө мамлекеттердин жалпы соода жүгүртүүсүндөгү Кыргызстандын үлүшү 37,7 пайызды түздү. Орусия жана Казакстан биздин негизги өнөктөштөрүбүз бойдон калууда.",24.kg,,,kyrgyz,0,high,,news_site
702cba07-fc2b-4661-aaf7-253ce43c296e,Быйыл мектептерде биринчи коңгуроо 15-сентябрда кагылат,"2026-жылы жаңы окуу жылы 15-сентябрда башталат. Бул тууралуу бүгүн өткөн маалымат жыйынында Агартуу министри Догдуркүл Кендирбаева билдирди. Анын айтымында, окуу жылы мурдагыдай эле 25-майда аяктайт. Окуу жылынын башталышын жылдыруу Бишкекте Шанхай кызматташтык уюмунун (ШКУ) саммитинин жана Дүйнөлүк көчмөндөр оюндарынын өткөрүлүшү менен байланыштуу болууда. Белгилей кетсек, ШКУнун саммити 2026-жылдын 31-августунан 1-сентябрына чейин, ал эми Көчмөндөр оюндары 31-августтан 6-сентябрга чейин өтөрү пландалган.",24.kg,,,kyrgyz,0,high,,news_site
a57c2f1e-f3d6-4af3-86bc-2e284f3de039,Азия чемпионаты: Бишкекте өткөн спорттук мелдештер жыйынтыкталды,"Бишкек шаарында спорттук күрөш боюнча Азия чемпионаты жыйынтыкталды. Бул тууралуу Дене тарбия жана спорт мамлекеттик агенттигинен билдиришти. Маалыматка ылайык, мелдеш 6-апрелден 12-апрелге чейин «Жаштык» аренасында өттү. Континенттик биринчиликке Азиянын 31ден ашык өлкөсүнөн 350дөн ашык балбан катышып, күч сынашты. Кыргызстандын курама командасы жалпы 12 медаль жеңди: Грек-рим күрөшү боюнча: 4 алтын медаль жана командалык эсепте 2-орун; Кыз-келиндер күрөшү боюнча: 1 алтын, 1 күмүш жана 2 коло медаль, командалык эсепте 4-орун; Эркин күрөш боюнча: 4 коло медаль жана командалык эсепте 5-орун камсыздалды.",24.kg,,,kyrgyz,0,high,,news_site
1b27913c-9871-4afb-b3d7-9220fdcfb25e,Бишкек техникаларын жаңылоодо: Кызматтарга унаалар жана велосипеддер тапшырылды,"Бишкектин муниципалдык кызматтарына жаңы техникалар берилди. Кызматтык унаалардын жана велосипеддердин ачкычтарын бөлүмдөрдүн жетекчилерине калаа башчысы Айбек Жунушалиев тапшырды. Ал баарын Бишкек шаар күнү менен куттуктап, муниципалдык кызматтардын биргелешкен жана так иштешинин маанилүүлүгүн белгиледи. Шаар башчысы муниципалдык инспекциянын ишмердүүлүгүнө өзгөчө токтолуп, тартипти камсыз кылууда жана шаардык ченемдердин сакталышында анын ролу чоң экенин айтты.  «Биздин негизги милдетибиз — айып пул салуу эмес, тартипти орнотуу жана борбор калааны көрктөндүрүү», — деп билдирди Айбек Жунушалиев. Кызматтар үчүн белгиленген артыкчылыктуу багыттардын арасында — жашыл өсүмдүктөрдү мыйзамсыз кыюуга көзөмөлдү күчөтүү жана Бишкектеги экологиялык кырдаал үчүн жоопкерчиликти жогорулатуу бар. Мэриядан белгилешкендей, автопаркты жаңылоо иштин ыкчамдыгын арттырууга, кызмат көрсөтүүлөрдүн сапатын жакшыртууга жана көрктөндүрүү эрежелеринин сакталышына көзөмөлдү күчөтүүгө мүмкүндүк берет.",24.kg,,,kyrgyz,0,high,,news_site
4388c0a0-7a80-442d-a488-dea534b4675f,Казакстан Кыргызстанга дан жана ун жеткирүүнү көбөйттү,"Казакстан Кыргызстанга дан жана ун жеткирүүнү көбөйттү. 2025-жылдын сентябрь айынан 2026-жылдын март айына чейин Казакстан 9,9 миллион тонна дан жана ун экспорттогон. Бул сандарды Казакстан Республикасынын Айыл чарба министрлиги берген. Кыргызстанга дан жана ун экспорту 233 миңден 393 миң тоннага чейин көбөйгөнү белгиленди. Бул өткөн жылдын ушул мезгилине салыштырмалуу 13 пайызга көп. Казакстан ошондой эле Өзбекстанга, Түркмөнстанга жана Ооганстанга экспортту көбөйттү. Мекеменин маалыматы боюнча, быйыл 23,8 миллион гектар жерге себүү пландаштырылууда, ал эми дан эгиндеринин аянты 15,9 миллион гектарга чейин кыскарат.",24.kg,,,kyrgyz,0,high,,news_site
c5264c2d-c069-486c-bc30-2f7666690508,ӨКМ: Кыргызстанда соңку суткада 6 өрт кырсыгы катталды,Кыргызстанда соңку суткада 6 өрт кырсыгы катталды. Бул тууралуу Өзгөчө кырдаалдар министрлигинен билдиришти. Анын ичинен: Тилсиз жоону өчүрүүгө 6 бөлүм тартылган. Ал эми куткаруу кызматтары тарабынан 2 чыгуу болгон.,24.kg,,,kyrgyz,0,high,,news_site
05a6eca1-91b3-4886-b56c-523491c1fbe1,Бүгүн Бишкектин бир бөлүгүндө суу өчүрүлөт,"Бүгүн, 7-апрелде турак жайларда, мектептерде, мектепке чейинки билим берүү мекемелеринде, саламаттыкты сактоо мекемелеринде жана башка социалдык жана өнөр жай объектилеринде ичүүчү суу берүү саат 09:00дөн 02:00гө чейин токтотулат. Бул тууралуу Бишкек мэриясынан билдирди. Өчүрүү аймагы: — Алыкулов көчөсү — Кустанай көчөсү — Муромск көчөсү — Садыгалиев көчөсү — Л. Толстой көчөсү — Кока-Кола аймагы; — Садыгалиев көчөсү — Д. Сяопин проспектиси — П. Лумумбы көчөсү — Волков көчөсү — Кустанай көчөсү андан ары Алимжан-Ата көчөсү — ЧЧК — Ленская көчөсү — Космонавттар көчөсү — Коммунаров көчөсү — ЧЧК — Ала-Арча дарыясы — Рыскулов көчөсү — Д. Сяопин проспектиси — Пишпек көчөсү — Джамгырчинов көчөсү — Кайназарова көчөсү — Гатчинский тилкеси — П. Лумумбы көчөсү — Джамгырчинов көчөсүнөн Садыгалиев көчөсүнө чейин. — «Аскер шаарчасы», «Кызыл Аскер», 110-квартал, «Достук» кичи району. Өчүрүү «Западный» суу алгычында жана шаардын суу менен камсыздоо тармактарында оңдоо иштерине байланыштуу болууда. «Бишкексууканал» муниципалдык ишканасы келтирилген ыңгайсыздык үчүн кечирим сурайт жана ишканаларды жана тургундарды ичүүчү сууну алдын ала камдап алууну суранат.",24.kg,,,kyrgyz,0,high,,news_site
f18c1ca5-5154-4d44-bdab-84a62d5fc90d,Бүгүнкү доллардын курсу,"Бүгүн, 13-апрель саат 09:30га карата Кыргызстандын коммерциялык банктарда жана акча алмаштыруучу жайларда 1 долларды сатып алуу 87 сом 37 тыйын болсо, сатуу 87 сом 73 тыйындан болууда. Ал эми Улуттук банкта 1 доллардын курсу 87 сом 45 тыйын деп көрсөтүлгөн",24.kg,,,kyrgyz,0,high,,news_site
43dfadc3-2602-4ef6-a659-be8fadd5dbd5,Дүйнө чемпионаты −2026: ФИФА калыстарын дайындады,"Футбол боюнча Эл аралык Федерация (ФИФА) 2026-жылкы Дүйнөлүк чемпионаттын калыстарынын тизмесин жарыялады. Турнирге алты конфедерациянын жана ФИФАнын 50 мүчө ассоциациясынын өкүлдөрү болгон 52 башкы калыс, 88 жардамчы калыс жана 30 видео жардамчы калыс катышат. Өзбекстандан келген калыстар тобу Илгиз Танташев, Андрей Цапенко жана Тимур Гайнуллин Дүйнөлүк Кубокко калыстык кылат. ФИФАнын Калыстар комитетинин төрагасы Пьерлуиджи Коллина тандоо процессин түшүндүрдү. «Тандалып алынган калыстар дүйнөдөгү эң мыктылар. Алар акыркы үч жылда түзүлгөн жана көзөмөлдөнгөн кеңири калыстар тобунун бир бөлүгү болгон. Алар семинарларга катышып, ФИФАнын турнирлеринде иштешкен. Андан тышкары, алардын ички жана эл аралык беттештердеги көрсөткүчтөрү үзгүлтүксүз бааланып турган. Тандалган калыстар биздин фитнес машыктыруучуларыбыздан жана медициналык кызматкерлерден, анын ичинде физиотерапевттерден жана психикалык саламаттык боюнча адистен ар тараптуу колдоо алып келишкен жана ала беришет. Биздин максатыбыз — алардын 31-майда Майамиге келгенден кийин оптималдуу физикалык жана психикалык абалда болушун камсыз кылуу», — деп билдирди ФИФА Коллинанын сөздөрүн келтирет. 2026-жылдагы Дүйнөлүк чемпионат 11-июндан 19-июлга чейин АКШда, Канадада жана Мексикада өтөт.",24.kg,,,kyrgyz,0,high,,news_site
de901a56-7003-4d7c-bfe2-8a85ba2d13a5,Боом капчыгайы кайрадан жабылат: Бишкек-Нарын жолунда таштар түшүрүлөт,"6-апрелден 10-апрелге чейин Бишкек — Нарын — Торугарт унаа жолунун 131-чакырымында, Боом капчыгайында кооптуу таштар түшүрүлөт. Бул тууралуу «Кыргыз темир жолу» ишканасынан билдиришти. Маалыматка ылайык, иштер саат 10:00дөн 16:00гө чейин жүргүзүлөт. Бул учурда Жол кыймылынын коопсуздугун камсыздоо башкармалыгынын кызматкерлери тарабынан жол жарым-жартылай жабылат. Эгерде 30-40тан ашык унаа топтолсо, таш түшүрүү иштери токтотулуп, унаалардын өтүшүнө жол ачылат. Ишкана жарандарды сапарга чыгарда алдын ала пландоону суранат.",24.kg,,,kyrgyz,0,high,,news_site
9b8c76a8-434e-4fe9-8868-73bd6c0a9bee,«Нелегал» операциясы. Баткен облусунда төрт кылмыш жана 37 эреже бузуу аныкталды,"Баткен облусунда 2026-жылдын 13-апрелинен 16-апрелине чейин жүргүзүлгөн «Нелегал» алдын алуу операциясы аяктады. Бул тууралуу Баткен облусунун Ички иштер департаментинин басма сөз кызматы билдирди. Маалыматка ылайык, операциянын алкагында укук коргоо органдарынын кызматкерлери чет элдик жарандардын аймакта болушунун жана иштөөсүнүн мыйзамдуулугун текшеришти. Өзгөчө көңүл Кыргызстандын миграция мыйзамдарынын сакталышына бурулду. Аталган операциянын жыйынтыгында КРнын Жоруктар жөнүндө кодексине ылайык 37 административдик протокол түзүлүп, эреже бузгандарга айып пул салынды. Ошондой эле, операциянын жүрүшүндө төрт кылмыштын бети ачылды.  Мындай иш-чаралар миграция чөйрөсүндөгү көзөмөлдү күчөтүүгө жана кылмыштуулуктун алдын алууга багытталганы белгиленди.",24.kg,,,kyrgyz,0,high,,news_site
7268b4ae-ba37-4530-b446-0d3ef449438f,УКМК: Түшүндүрүүдөн кийин «Якын-Инкардын» жактоочуларынын бир бөлүгү баш тартты,"Нарында «Якын-Инкар» (Кыргызстанда тыюу салынган) диний-экстремисттик уюмунун жактоочулары алдын алуу боюнча сүйлөшүүдөн кийин ага катышуудан баш тартышты. Бул тууралуу Улуттук коопсуздук боюнча мамлекеттик комитеттин басма сөз борбору билдирди.  Иш-чаранын жүрүшүндө расмий мусулман дин кызматкерлери тарабынан диний бөлүнүүгө жол берилбестиги, коомдук ынтымактын маанилүүлүгү жана ханафи масхабына негизделген салттуу исламды кармануу жөнүндө маалымат берилди.",24.kg,,,kyrgyz,0,high,,news_site
f7e43330-6877-471b-a7be-b6255388f314,Доор мурасы: Москвада Семён Чуйковго арналган көргөзмө өтөт,"Бүгүн, 7-апрелде Москва шаарындагы Мамлекеттик Третьяков галереясынын Кадашевская жээктеги корпусунда көрүнүктүү сүрөтчү Семён Афанасьевич Чуйковке арналган «Доор мурасы. Семён Чуйков» аттуу көргөзмөнүн салтанаттуу ачылышы өтөт. Бул тууралуу Маданият, маалымат жана жаштар саясаты министрлиги билдирди. Көргөзмө РОСИЗО мамлекеттик музей-көргөзмө борбору менен Третьяков галереясынын биргелешкен долбоору болуп саналат жана сүрөтчүнүн бай чыгармачылык мурасын кеңири таанытууну максат кылат. Көргөзмөдө сүрөтчүнүн ар кыл мезгилдердеги чыгармалары сунушталып, анын эң белгилүү эмгектеринин бири — «Советтик Кыргызстандын кызы» да көрсөтүлөт. Ошондой эле «Кыргыз колхоз сюитасы» сериясынан тандалган эмгектер экспозициянын өзөгүн түзөт. Мындан тышкары, экспозиция Чуйковдун түздөн-түз катышуусу менен топтолгон коллекциялар менен толукталат. Алардын ичинде белгилүү сүрөтчүлөрдүн чыгармалары жана анын ысымын алып жүргөн окуу жайдын бүтүрүүчү жаш сүрөтчүлөрүнүн эмгектери бар. Бул көргөзмө — көрүүчүлөр үчүн Семён Чуйковдун чыгармачылык дүйнөсүнө жаңыча көз караш менен баа берүү мүмкүнчүлүгү, ошондой эле кыргыз жана совет көркөм өнөрүнүн тарыхый мурасын тереңирээк түшүнүүгө шарт түзгөн маанилүү маданий окуя.",24.kg,,,kyrgyz,0,high,,news_site
f0ecbce1-dff1-4fc0-9e5e-3d7e9b3317a1,Франция чет өлкөлүк студенттер үчүн окуу баасын дээрлик 20 эсеге көбөйттү,"Францияда Европа Биримдигине кирбеген мамлекеттерден келген чет өлкөлүк студенттер үчүн окуунун баасын олуттуу жогорулатуу пландалууда. Бул тууралуу өлкөнүн Жогорку билим берүү министрлиги «Жогорку билим алуу үчүн Францияны танда» деп аталган жаңы өнүктүрүү стратегиясын сунуштоодо билдирди. Евробиримдикке кирбеген өлкөлөрдөн келген студенттер окуу үчүн көбүрөөк төлөшү керек болот. Франциянын Жогорку билим берүү министри Филипп Баптисттин айтымында, чет өлкөлүк студенттердин 90 пайызга жакыны окуунун толук наркын төлөшөт. Бул мамлекеттик стратегиянын бир бөлүгү болуп саналат. Европалык эмес өлкөлөрдөн келген студенттердин көпчүлүгү төмөнкү сумманы төлөшү пландалууда: Жогорку билим берүү министри Франциянын университеттеринде Евробиримдикке кирбеген өлкөлөрдүн студенттери үчүн дифференцияланган (айырмаланган) окуу акысын киргизүүнү каалайт. Ал 2019-жылы киргизилген, бирок буга чейин чоң таасирин тийгизген эмес, деп айтылат «Le Parisien» гезитине берген маегинде. «Университеттер мындан ары өтө өзгөчө учурлар үчүн каралган массалык жеңилдиктерди бере алышпайт... Биз акыркы жылдары бир аз четтеп кеткен мыйзамга жана фундаменталдык принциптерге кайтып жатабыз. Дифференцияланган төлөм — бул эреже, ал эми жеңилдиктер — өзгөчө учур», — деди Филипп Баптист.",24.kg,,,kyrgyz,0,high,,news_site
dec23758-3e20-4905-9707-6d9ddb031312,Садыр Жапаров Өзгөн районунун социалдык-экономикалык өнүгүүсү менен таанышты,"Президент Садыр Жапаров Ош облусуна болгон иш сапарынын алкагында Өзгөн районунун социалдык-экономикалык өнүгүү абалы жана динамикасы менен таанышты. Мамлекет башчысына Өзгөн районунун акими Каныбек Апбасов маалымат берди. Презентацияда инфраструктуралык жана инвестициялык долбоорлорду ишке ашыруунун жыйынтыктары айтылып, ошондой эле районду мындан ары өнүктүрүүнүн артыкчылыктуу багыттары белгиленди. Маалыматка ылайык, 2025-жылы райондо социалдык жана инфраструктуралык багыттагы бир катар объекттер пайдаланууга берилген. Өнөр жай тармагын өнүктүрүүгө өзгөчө көңүл бурулууда. Муниципалдык башкарууну өнүктүрүүнүн алкагында бир нече муниципалдык ишканалар түзүлүп, алардын катарында кум-шагыл аралашмасын казып алуучу ишкана да бар. 2026-жылга карата негизги милдеттер да белгиленди. Тактап айтканда, 5 мектепти жана 4 бала бакчаны пайдаланууга берүү, ошондой эле жаңы чакан жана орто ишканаларды ачуу пландалууда. Муниципалдык жана инвестициялык долбоорлорду ишке ашырууга өзгөчө көңүл бурулду. Алардын катарында Жазы айыл аймагында муниципалдык мал базарын куруу, Төрт-Көл айыл аймагында «Береке» муниципалдык базарын пайдаланууга берүү, ошондой эле Өзгөн күрүчүн таңгактоо жана экспорттоо боюнча ""Eco Uzgen Kuruch«муниципалдык ишканасын ишке киргизүү бар. Мындан тышкары, Өзгөн шаарындагы жалпы аянты 9 га болгон Н. Азнабакиев атындагы паркты реконструкциялоо каралган. Бул шаардык инфраструктураны өнүктүрүүгө жана калктын эс алуусу үчүн шарттарды жакшыртууга маанилүү салым болот. Ормуз кысыгын блокадалоого 10 000ден ашык америкалык моряктар жана аскер кызматкерлери катышууда. Report агенттигинин маалыматы боюнча, бул тууралуу АКШнын Борбордук командачылыгынын (CENTCOM) социалдык медиадагы билдирүүсүндө айтылган. «10 000ден ашык америкалык моряктар, деңиз жөө аскерлери жана АКШнын аба күчтөрүнүн кызматкерлери, ошондой эле ондон ашык согуштук кемелер жана ондогон учактар ​​Иран портторуна кирип-чыгып жаткан кемелерди (Ормуз кысыгы аркылуу — ред.) тосуу милдетин аткарышкан. Алгачкы 24 сааттын ичинде бир дагы кеме АКШнын блокадасын бузуп өтө алган жок, ал эми алты соода кемеси АКШнын буйругун аткарып, Оман булуңундагы Иран портуна кайтып келди», — деп белгиленет билдирүүдө. Бирок, CENTCOM Перс булуңундагы жана Оман булуңундагы Иран портторуна кирип-чыгып жаткан кемелер гана тосулуп жатканын айтууда. «АКШнын күчтөрү Ормуз кысыгынан Ирандан башка портторго же андан чыгып жаткан кемелердин кемелердин эркин жүрүшүн камсыз кылып жатышат», — деп айтылат билдирүүдө.",24.kg,,,kyrgyz,0,high,,news_site
a583e422-da6a-46f6-9d42-7a0fe1778793,14-апрелге карата аба ырайы,"Эртең, 14-апрелде өлкөнүн көпчүлүк аймактарында күн ачык болот. Бул тууралуу Кыргызгидромет кызматы билдирди. Ал эми Ысык-Көл, Нарын облустарынын айрым аймактарында жаан-чачын күтүлөт. Абанын температурасы: Чүй өрөөнүндө түнкүсүн +5... +10, күндүз +21... +26; Талас жергесинде түнкүсүн +4... +9, күндүз +20... +25; Баткен, Ош, Жалал-Абад облустарында түнкүсүн +7... +12, күндүз +22... +27; Нарын аймагында түнкүсүн 0... +5, күндүз +14 .. +19; Ысык-Көл облусунда түнкүсүн +2... +7, күндүз +12... +17; Бишкек шаарында түнкүсүн +8... +10, күндүз +24... +26 градус жылуу болот.",24.kg,,,kyrgyz,0,high,,news_site
12cf58b5-db24-4267-a42f-ff2e79259e4d,Акыйкатчы Минскте Тергөө абагында олтурган кыргыз жарандары менен жолугушту,"Минск шаарында болгон жумушчу сапарынын алкагында Кыргызстандын Акыйкатчысы Жамиля Жаманбаева тергөө камак жайында кармалып турган кыргыз жарандары менен жолугуп, Орусиянын Адам укуктары боюнча ыйгарым укуктуу өкүлү Татьяна Москалькова менен жолугушуу өткөрдү. Укук коргоочулардын жолугушуусу 2-апрелде КМШнын Адам укуктары боюнча комиссиясынын жыйынынын алкагында өттү. Жамиля Жаманбаева менен Москалькова кызматташуунун учурдагы маселелерин талкуулашты. Жамиля Жаманбаева орусиялык кесиптешинен эки кыргыз жаранын көйгөйлөрүн чечүүгө жана алардын укуктарын коргоого жардам берүүнү өтүндү. Акыйкатчы Татьяна Москальковадан Сахалин обласында камакка алынган 33 жаштагы Кыргызстандын жараны З.у.К.нын укугун коргоого жана кармоо шарттарын текшерүүнү уюштурууга көмөк көрсөтүүнү суранды. Орусияда кармалган кыргыз жараны З.у.К.нын апасы Акыйкатчыга 2026-жылдын 25-мартында уулунан кабар ала албай жатканын айтып кайрылган. Анын айтымында уулу 2025-жылдын сентябрь айында кармалган. Кыргызстанда ага карата 278-берене (Массалык баш аламандыктар) боюнча кылмыш иши козголуп, эл аралык издөө жарыяланган. Ошону менен катары эле Акыйкатчы РФнын Адам укукары боюнча ыйгарым укуктуу өкүлүнө энесинен ажыраган 10 жашар бала тууралуу маалымат берди. Азыркы учурда өспүрүм Челябинскте жакын туугандары жок, өгөй атасынын камкордугунда жашап жатат. Анын тайенеси Кыргызстандын жараны Б.О.В. Бишкекте турат. Ал небересине мыйзамдуу камкорчу болуп, Кыргызстанга алып келүүнү көздөөдө. Жамиля Жаманбаева кесиптешинен бул маселе боюнча РФнын тиешелүү органдарына кайрылуу мүмкүнчүлүгүн карап чыгып, өспүрүмдү Кыргызстанга кайтарууга ара тараптуу көмөк көрсөтүүнү өтүндү. Өз учурунда Татьяна Москалькова өз ыйгарым укуктарынын алкагында кыргыз жарандарына укуктук жардам көрсөтөрүн убадалады. Ошол эле күнү Акыйкатчы Беларусядагы Кыргызстандын Элчилигинин өкүлдөрү менен биргеликте Минск районундагы СИЗОго барды. Тергөө абагында үч кыргыз жараны кармалып турат: алардын бири киши өлтүрүүгө, экөө баңги заттарды таратууга шектелүүдө. Акыйкатчы менен болгон жолугушууда алар кармоо шарттарына жана медициналык тейлөөгө байланыштуу даттанууларын билдиришкен жок. Жамиля Жаманбаева аларга өз укуктарын, анын ичинде экстрадицияга болгон укугун түшүндүрүп берди. Эске салсак, КМШнын Адам укуктары боюнча комиссиясынын VI жыйынында Жамиля Жаманбаева үч темада баяндама жасаган.",24.kg,,,kyrgyz,0,high,,news_site
dcd63e68-ccf2-4e89-a5bc-f29afdf3e219,ИИМ: Эс алуу күндөрү балдардын коопсуздугуна көңүл буруңуз,"Ички иштер министрлиги 1-10-май аралыгындагы узак эс алуу күндөрүндө ата-энелерди балдардын коопсуздугуна өзгөчө көңүл бурууга чакырды. Ведомствонун маалыматына караганда, май айындагы эс алуу күндөрүнө байланыштуу балдар көп убактыларын көчөдө өткөрүшөт. Андай учурда чоңдордун тынымсыз көзөмөлү зарыл. Ата-энелер үчүн негизги сунуштар: «Урматтуу ата-энелер! Сиздердин көңүл бурууңуздар жана коопсуздук эрежелерин өз убагында түшүндүрүүңүздөр кырсыктардын алдын алат», — деп айтылат маалыматта.",24.kg,,,kyrgyz,0,high,,news_site
b44e938e-1379-4edc-93c1-2a4ccc7eb19c,Кыргыз фермерлерине жогорку сапаттагы вакциналар берилет,"Кыргыз Республикасынын Президенти Садыр Жапаровдун тапшырмасы боюнча Кыргыз Республикасынын Министрлер Кабинетинин Төрагасынын орун басары —суу ресурстары, айыл чарба жана кайра иштетүү өнөр жайы министри Эрлист Акунбеков баштаган делегация Россия Федерациясынын Владимир шаарындагы Россиянын малдарды коргоо илимий-изилдөө институтун (ВНИИЗЖ), Россия Федерациясынын Ветеринардык жана фитосанитардык көзөмөл федералдык кызматынын (Россельхознадзор) ишин өз көзү менен көрдү. Иш сапардын алкагында вакцина жана ветеринардык препараттарды иштеп чыгуу жана өндүрүүдө колдонулуучу заманбап технологияларды көрүп чыкты. Өзгөчө көңүл малдардын өзгөчө коркунучтуу ылаңдарын изилдөө жана көзөмөлдөө боюнча иштерине бурулду. Жолугушууда тараптар региондогу эпизоотиялык абалдын актуалдуу маселелерин, ошондой эле аны туруктуу кармоо жана алдын алуу чараларын талкуулашты. Өзгөчө шарп (ящур) ылаңын алдын алуу үчүн өлкөгө вакцина жеткирүү маселелери каралды. Азыркы учурда Кыргыз Республикасынын суу ресурстары, айыл чарба жана кайра иштетүү өнөр жайы министрлигине караштуу Ветеринардык кызмат, мал чарбасын өнүктүрүү, жайыт жана мал азыктарын башкаруу кызматы менен шарп ылаңына каршы 1 миллион доза вакцинаны жеткирүү боюнча келишим түзүлгөн жана ал жакынкы убакта жеткирилет деп күтүлүүдө. Мындан тышкары, 2026-жылдын жай мезгилинин соңуна чейин айыл чарба жаныбарларын масштабдуу вакцинациялоо үчүн 3,5 миллион доза кошумча вакцина жеткирүү пландалууда. Министр Эрлист Акунбеков институттун жогорку илимий потенциалын жана ВНИИЗЖдин биологиялык коопсуздукту камсыз кылуу, ошондой эле эпизоотиялык коркунучтарга каршы күрөшүүдө маанилүү салымын белгиледи. Жолугушуунун жыйынтыгында институттун адистери менен Кыргыз Республикасынын адистерин биргелешип балык ооруларын изилдөө багытында кызматташуу келишими түзүлдү. Бул багыт Кыргызстандын аквакультура продукциясын экспорттоону өнүктүрүү үчүн стратегикалык мааниге ээ, анын ичинде Россия Федерациясы жана башка эл аралык рыноктор. Тараптар кызматташтыкты мындан ары өнүктүрүү боюнча макулдашып, вакцина жеткирүү гана эмес, ВНИИЗЖ базасында кыргыз адистерин окутуу жана квалификациясын жогорулатуу, ошондой эле ветеринария жана биологиялык коопсуздук боюнча тажрыйба алмашууну да камтышы пландалууда.",24.kg,,,kyrgyz,0,high,,news_site
f6dfce0f-d809-420e-9846-b5c202b13628,Китеп майрамы: Ош шаарында китеп фестивалы өтөт,"Ош шаарында 22—23-апрель күндөрү Бүткүл дүйнөлүк китеп күнүнө арналган «Окурман Ош» китеп фестивалы өтөт. Бул тууралуу КР Улуттук жазуучулар союзу билдирди. Маалыматка ылайык, китеп майрамында сиздерди китеп жарманкеси, тематикалык көргөзмөлөр, кызыктуу оюндар, конкурстар жана концерттик программа күтөт. Фестивалдын программасы:",24.kg,,,kyrgyz,0,high,,news_site
adec6ae9-c070-4b20-b41a-83f5797736bc,«Манас» үчилтиги дунган тилинде жарык көрдү,"Кыргыз элинин баа жеткис руханий мурасы болгон Манас эпосу жаңы тилде жаңырып, окурмандарга жол тартат. Улуу үчилтик — «Манас», «Семетей», «Сейтек» — дунган тилине которулуп, өзүнчө китеп болуп жарык көрдү. Бул тууралуу Маданият, маалымат жана жаштар саясаты министрлигинен билдирди. Маалыматка ылайык, бул маанилүү маданий окуяга байланыштуу Кыргыз улуттук Манас театры салтанаттуу бет ачар аземин өткөрөт. Иш-чаранын негизги максаты — кыргыз элинин улуттук баалуулуктарын даңазалоо, ошондой эле элдер ортосундагы маданий байланыштарды бекемдөө. Бет ачарда китеп тууралуу кеңири маалымат берилип, коноктор үчүн маданий программа да сунушталат. Күнү: 20-апрель Башталышы: 11:00 Дареги: Самойленко көчөсү, 2/9",24.kg,,,kyrgyz,0,high,,news_site
11b248be-f515-4666-9db7-3fb73f119f04,"Баткенде өрүк бышып, алгачкы түшүм жыйнала баштады","Кадамжай районуна караштуу Кыргыз-Кыштак айылында өрүктүн эрте бышуучу сорттору бышып, түшүм жыйноо башталды. Бул тууралуу Президенттин Баткен облусундагы өкүлчүлүгү билдирди. Маалыматка ылайык, багбан Толубай Жалилов өткөн жылы 20 гектар жерди өздөштүрүп, анын 7 гектарына өрүк бак тиккен.  Быйыл алгачкы түшүм мол болуп, жемиштер жыйналууда. Ал Түркиядан «Фуего», «Приция» жана «Микадо» сортторун алып келип өстүргөн. Учурда жыйналган түшүм Казакстан жана Орусияга экспорттолуп жатат.",24.kg,,,kyrgyz,0,high,,news_site
8f9d0c21-76b4-4de6-a7a2-5fefd91a1e25,Бишкекте 128 адамды кене чакты,"Бишкек шаардык мамлекеттик санитардык-эпидемиологиялык көзөмөл борборуна кене чаккандыгы тууралуу 128 адам кайрылды. Мекеменин маалыматы боюнча, алардын ичинен сегиз кишиге (төрт чоң адам жана төрт бала) кене энцефалитине каршы иммуноглобулин сайылган. Жалпысынан кене энцефалитине каршы 189 адам эмдөөдөн өтсө, алардын бешөө ревакцинациядан (бир жылдан кийин кайра эмдөө) өттү. Эмдөөгө Жусуп Баласагын атындагы Кыргыз улуттук университетинин биология, география, экология жана туризм факультеттеринин студенттери, «НУР Телеком» ЖЧКсынын жана Өзгөчө коркунучтуу карантиндик инфекциялардын алдын алуу жана көзөмөлдөө боюнча республикалык борбордун кызматкерлери өтүштү. Кене энцефалити — бул борбордук нерв системасын жабыркатуучу курч вирустук инфекциялык оору. Инфекциянын негизги ташуучусу болуп жаратылыш очокторунда жашаган иксод кенелери эсептелет. Оорунун кесепеттери: толук айыгып кетүүдөн баштап, ден соолуктун майыптыкка же өлүмгө алып келүүчү оор бузулууларына чейин жетиши мүмкүн. 1. Жугуу жолдору: 2. Оорунун негизги белгилери: 3. Алдын алуу чаралары: 4. Өзгөчө (спецификалык) алдын алуу: Вакцинация — кене энцефалитинен коргонуунун эң натыйжалуу жолу. Ал эндемикалык очоктордо иштеген жана ал жакка бара турган айрым кесиптин ээлерине, ошондой эле КУУнун биология жана геология факультеттеринин студенттерине жасалат. Иммуноглобулин — кене энцефалити боюнча кооптуу аймактарда кене чагып алгандыгына байланыштуу кайрылган адамдарга берилет.",24.kg,,,kyrgyz,0,high,,news_site
f370161e-71e2-49e8-9273-2c98bec8d83c,Бишкек бийлиги шаар тургундарды жана коноктору вальс кечесине чакырат,"Бишкек шаарынын күнүнө карата 29-апрелде Ала-Тоо аянтында вальс кечеси өтөт. Бул тууралуу шаардын администрациясы билдирди. Маалыматка ылайык, бий өнөрүн көрсөтүүнү каалагандардын бардыгы үчүн сынак уюштурулат. Сынакка катышуу үчүн алдын ала каттоодон өтүү зарыл. Каттоодо байланыш маалыматтарын, жашын, аты-жөнүн көрсөтүү талап кылынат. Милдеттүү шарттар: жуп болуп катышуу, белгиленген дресс-кодду сактоо жана алдын ала даярдыкка ээ болуу. Сынактын программасында төмөнкү номинациялар каралган: Сынактын алдында репетиция өткөрүлөт. Анын датасы жана убактысы катышуучуларга кошумча билдирилет. Катталуу жана кошумча маалымат алуу үчүн төмөнкү телефон номерине кайрылсаңыздар болот: 0312 510 178.",24.kg,,,kyrgyz,0,high,,news_site
dc152675-86a2-431d-bf00-92eeac90f9db,Бишкектеги Ч. Айтматов атындагы орус драма театрынын май айы репертуары,"Ч.Айтматов атындагы Мамлекеттик улуттук орус драма театры 2026-жылдын май айына карата репертуарын жарыялады. Мекеменин маалыматына караганда, анда көрүүчүлөргө бир катар кызыктуу спектаклдер тартууланат. Анын ичинде: Белгилей кетсек, 9-майда өтө турган майрамдык концерт ачык асман алдында өтөт.",24.kg,,,kyrgyz,0,high,,news_site
98f4d3c9-3095-4a69-842b-f80b698d6a79,Жогорку Кеңеште жаңы депутат ант берди,"Жаңы депутат Мирлан Жээнчороев Жогорку Кенеште ант берди. Бир нече күн мурун Борбордук шайлоо комиссиясы (БШК) Мирлан Жээнчороевди № 21 бир мандаттуу шайлоо округу боюнча Жогорку Кенештин депутаты катары каттаган. Эске салсак, буга чейин аталган округдан шайланган депутат Кубанычбек Конгантиев өз ыктыяры менен мөөнөтүнөн мурда мандатын тапшырган. Тизме боюнча кезектеги талапкер Чыңгыз Айдарбеков болушу керек эле. БШК Ички иштер министрлиги тарабынан текшерүү жүрүп жатканын жүйө келтирип, ага мандат бербей келген. Чыңгыз Айдарбековго карата кылмыш иши козголгон. Кийинчерээк ал мандаттан өз ыктыяры менен баш тартканын билдирген.",24.kg,,,kyrgyz,0,high,,news_site
abc19123-962a-48de-b5ab-5811a726ba0a,Садыр Жапаров Ош — Кара-Суу автожолунун курулушунун жүрүшү менен таанышты,"Президент Садыр Жапаров Ош облусуна болгон иш сапарынын алкагында Ош — Кара-Суу унаа жолунун курулушунун жүрүшү менен таанышты. Бул тууралуу президенттин басма сөз кызматы билдирди. Мамлекет башчысына учурда жолдун тилкесин кеңейтүү жана эски асфальтты алуу иштери жүргүзүлүп жатканы маалымдалды. Транспорт жана коммуникациялар министри Талантбек Солтобаев долбоордо тротуарлар жана велосипед жолу да каралганын айтты. Мындан тышкары, жол кыймылынын коопсуздугун камсыз кылуу максатында рельефтик шарттары ылайык келген жерлерде ортосуна бөлүүчү тосмо коюлат. Ошондой эле жолдун бүткүл узундугу боюнча жарыктандыруу орнотулат. Трассанын бул бөлүгүнүн маанилүүлүгү баса белгиленди. Төрт тилкелүү жол өткөрүү жөндөмдүүлүгүн бир топ жогорулатып, тыгындарды азайтып, жол кыймылынын коопсуздук деңгээлин жогорулатат. Бул өз кезегинде Кара-Суу районунун транспорттук каттамдарын жакшыртат, ошондой эле шаарлар жана региондор аралык жүк жана жүргүнчү ташуу процессин тездетет. Долбоорду ишке ашыруунун жүрүшү менен таанышкан Президент Садыр Жапаров тиешелүү министрликке бир катар тапшырмаларды берди, анын ичинде жолдун курулушун ушул жылдын аягына чейин бүтүрүүнү, ошол эле учурда аткарылып жаткан иштердин сапатына өзгөчө көңүл бурууну тапшырды.",24.kg,,,kyrgyz,0,high,,news_site
660b4d45-4eb9-4f92-8665-f32eb4499fe1,Депутат Кыргызстанда климаттык фонд түзүүнү сунуштады,"Жогорку Кеңештин депутаты Кыргызстанда климаттык фонд түзүүнү сунуш кылды. Бул тууралуу Гүлшаркан Култаева парламенттин жыйынында билдирди. Анын айтымында, кесиптештери климаттык аракеттер жөнүндө мыйзам сунуштап жатышат. «Климаттык кырдаалды жакшыртуу үчүн жакшы стандарттар сунушталууда; программалар иштелип чыгат жана каржылоо бөлүнөт. Бирок, каражаттарды топтоп, аларды натыйжалуу бөлүштүрө турган өзүнчө климаттык фонд түзүү жакшы болмок», — деди Гүлшаркан Култаева. Мыйзам долбоорунун авторлору фондду түзүү маселесин эске алууга убада беришти.",24.kg,,,kyrgyz,0,high,,news_site
93a911d5-79d9-4d36-ae7a-7a79de0fd3fc,Пайдалуу кеңеш: Улгайган куракта арыктоонун сыры айтылды,"Белоктун жетиштүү көлөмү камтылган тең салмактуу диета жана кандайдыр бир өзгөрүүлөрдүн алдында дарыгер менен кеңешүү — улгайган куракта арыктоонун башкы сыры болуп саналат. Бул тууралуу «НСН» маалымат агенттигине берген маегинде диетолог Марият Мухина билдирди. Адистин айтымында, «дени сак тарелка» принцибин сактоо маанилүү. Мында тамак-аштын: Жарымын — жашылча-жемиштер; Төрттөн бир бөлүгүн — белоктор; Калган бөлүгүн — татаал углеводдор түзүшү керек. Дарыгер арыктоону баштоодон мурун кандын анализин тапшырып, липиддик спектрди жана инсулиндин деңгээлин текшерүүнү, ошондой эле эндокринолог жана гастроэнтерологдон кеңеш алууну сунуштады. Диетолог кошумчалагандай, отуз жаштан кийин организм булчуң ткандарын жогото баштайт. Ал эми кырк жаштан кийин метаболизм (зат алмашуу) төмөндөйт. Гормоналдык өзгөрүүлөр жана стресстин фонунда май негизинен курсак тармагына чогулат. Мухина физикалык активдүүлүк адамга ырахат тартуулап, муундарга ашыкча күч келтирбеши керектигин баса белгиледи.",24.kg,,,kyrgyz,0,high,,news_site
ad1403f0-9329-4700-b28f-c62919c57158,Дыйкандарга сугат системалары үчүн 2 пайыз жеңилдетилген насыялар бериле баштады,"Суу үнөмдөөчү технологияларды, анын ичинде заманбап сугат системаларын киргизүүгө багытталган жеңилдетилген насыялар бериле баштады. Бул тууралуу Суу ресурстары, айыл чарба жана кайра иштетүү өнөр жайы министрлиги билдирди. Маалыматка ылайык, бул программа суу ресурстарын натыйжалуу пайдаланууну жогорулатуу жана айыл чарба өндүрүүчүлөрүн колдоо максатында ишке ашырылууда. Программанын жалпы каржылоо көлөмү 500 млн сомду түзөт. Программанын шарттары төмөнкүлөрдү камтыйт: максаты — сугат системаларын (анын ичинде жамгырлатма) сатып алуу жана орнотуу Арыз берүүчүлөрдү тандоо жергиликтүү өз алдынча башкаруу органдары менен биргеликте жүргүзүлөт. Насыяларды берүү «Мамлекеттик финансылык холдинг» ААК аркылуу ишке ашырылат.",24.kg,,,kyrgyz,0,high,,news_site
27498533-4cf2-4ad0-a42e-c666eac7a1bc,Пайдалуу кеңеш: Килемди кандай тандоо керек?,"Килем тандоодо 2026-жылдын модалуу негизги хиттери айтылды. Конок бөлмөсүнүн килеми жөн гана пол жабуу эмес. Ал маанайды жаратат, эмерек элементтерин бириктирет жана негизги акцентке айлана алат. Бирок туура эмес тандоо стилдүү интерьерди түзүү үчүн бардык аракетиңизди жокко чыгарышы мүмкүн. Өтө кичинекей же өтө чоң оймо-чийме Эгерде оймо-чийме өтө кичинекей болсо, көздөр ар түрдүүлүктөн тез эле тажайт. Өтө чоң оймо-чийме бөлмөдөгү негизги каарманга айланат, башка нерселердин баарын басып салат. Тынч геометриялык оймо-чиймелерди, тилкелерди же абстракттуу дизайндарды карап чыгуу керек. Адаттан тыш текстуралары бар бир түстөр да жакшы жарашат — мисалы, жарыкта жаркыраган текстуралуу бет же үймөк менен. Ачык, кызгылт же негизги түстөр Неон кызгылт же кислоталуу жашыл сыяктуу кислоталуу түстөр интерьер үчүн начар тандоо болуп саналат. Алар тез эле модадан чыгып кетет, эң негизгиси, алар мейкиндикти даамсыз жана өтө агрессивдүү кылат. Тынч түстөргө көңүл бурган жакшы: боз, зайтун, чаңдуу кызгылт түстөр. Терракота, горчица жана кочкул көк сыяктуу табигый өңдөр да кооз. Алар ар дайым модалуу жана интерьерге көрк кошот. Туура эмес өлчөм Кичинекей килем орунсуз көрүнөт жана эмеректерди бириктирбейт. Өтө чоң килем бөлмөнү визуалдык жактан тарылтып, интерьерди оорлотот. Негизги эреже — өлчөмүн эмеректерге дал келтирүү. Дивандар жана креслолор алдыңкы буттары килемге тийип тургандай кылып жайгаштырылышы керек. Чоң конок бөлмөлөрү үчүн отургуч аянтын толугу менен жабууга болот, бирок дубалдарды жаппаңыз — периметрин таза калтырыңыз. Галометрдик логотиптер жана жазуулар Чоң бренд жазуулары же логотип басылмалары тез эле эскирип, даамсыз көрүнөт. Алар интерьерден алаксытып, аны анчалык жайлуу жана ойлонулган эмес кылат. Керексиз деталдары жок минималисттик дизайндар алда канча жакшы көрүнөт. Эгер сиз тайманбас акцент кааласаңыз, абстракттуу оймо-чиймени же геометриялык басылманы тандаңыз. Стиль менен шайкеш келбестик Классикалык конок бөлмөсүндөгү бохо стилиндеги килем же Провансалдык интерьердеги катуу геометриялык оймо-чийме орунсуз көрүнөт. Бири-бирине карама-каршы келген стилдер жалпы эстетиканы бузат. Гүлдүү оймо-чиймелер жана чыгыш мотивдери классикалык стилдерге ылайыктуу. Заманбап интерьер бир түстүү же геометриялык оймо-чиймелерди талап кылат. Жөнөкөй оймо-чиймелери бар ачык түстөгү килемдер скандинавиялык стилде ылайыктуу, ал эми өнөр жайлык акценттери бар абстракттуу дизайндар лофттордо ылайыктуу.",24.kg,,,kyrgyz,0,high,,news_site
6b358ade-0799-40f6-90a7-cc74cc5f84ec,Садыр Жапаров Чоң-Алайдагы «Кара-Мык» чек ара бекетине барды,"Президент Садыр Жапаров Ош облусуна болгон иш сапарынын алкагында «Кара-Мык» чек ара бекетинин инфратүзүмүн жакшыртуу долбоору менен таанышты. Мамлекет башчысына объекттин социалдык жана инженердик инфраструктурасын модернизациялоого багытталган чаралар комплекси этап-этабы менен ишке ашырылып жатканы тууралуу маалымат берилди. Тактап айтканда, өздүк курамдын кызмат өтөө жана жашоо шарттарын жакшыртууга багытталган бир катар объекттер пайдаланууга берилген. Алардын катарына кызматтык турак жайлар, бала бакча, ошондой эле жашоо-тиричиликти камсыздоочу жана коммуналдык инфраструктура объекттери кирет. Азыркы учурда долбоордун кийинки баскычы уланууда. Анда кошумча аскердик жана чарбалык багыттагы объекттерди куруу жана модернизациялоо, ошондой эле мурдагы имараттарды жаңылоо каралган. Бардык иштерди ушул жылдын ичинде аяктоо пландалууда. Чек ара бекетин кыдыруунун жүрүшүндө президент Садыр Жапаров жаңы объекттердин курулушуна баштап берип, имараттардын биринин пайдубалына алгачкы курулуш аралашмасын куйду. Ошондой эле мамлекет башчысы өткөн жылы курулган турак жайда аскер кызматкерлеринин жашоо шарттары менен таанышып, түзүлгөн тиричилик шарттарына баа берди. Иш сапардын соңунда Садыр Жапаров чек арачылардын үй-бүлө мүчөлөрү менен баарлашып, алардын жашоо шарттары жана аскер кызматкерлеринин айлык маянасы боюнча маселелерге көңүл бурду. Президент Садыр Жапаров мамлекеттик чек арада кызмат өтөп жаткан аскер кызматкерлери үчүн заманбап жана ыңгайлуу шарттарды түзүүнүн маанилүүлүгүн баса белгилеп, чек ара бөлүктөрүнүн материалдык-техникалык базасын чыңдоо улуттук коопсуздук жаатындагы мамлекеттик саясаттын артыкчылыктуу багыттарынын бири экенин айтты.",24.kg,,,kyrgyz,0,high,,news_site
dd9e6940-db59-4050-8c65-1a32e6e3d2cf,Бүгүн Бишкектин айрым райондорунда суу болбойт. Даректер,"Бүгүн, 16-апрелде Бишкек шаарынын айрым аймактарында ичүүчү суу берүү убактылуу токтотулат. Бул тууралуу муниципалитеттен билдиришти. Маалыматка ылайык, бүгүн саат 09:00дөн 22:00гө чейин турак жай имараттарына, мектептерге, бала бакчаларга, саламаттык сактоо мекемелерине жана башка социалдык-тиричилик объекттерине ичүүчү суу берилбейт. Суу өчүрүлө турган аймактар:",24.kg,,,kyrgyz,0,high,,news_site
545f49ec-1458-46a6-be13-e2d006ade4bc,Долон ашуусунда кар жаап жатат,"Долон ашуусунда кар жаап жатат. Кардын калыңдыгы 5-6 см болду. Бул тууралуу Транспорт жана коммуникациялар министрлиги билдирди. Маалыматка ылайык, учурда № 41 Жол тейлөө ишканасы тарабынан таңдан бери жолду тазалоо иштери аткарылууда.  Учурда каттам бар,жолго кум-туз себүүиштери жүрүүдө.",24.kg,,,kyrgyz,0,high,,news_site
b19d265b-1e2b-4f27-b35e-35207c65f4f1,12 жылдык окууга өтүү: 5-класстар үчүн «Табигый илимдер» китептери басылып чыкты,"Агартуу министрлигинин өкүлдөрү 5-класстар үчүн «Табигый илимдер» предмети боюнча окуу китептерин кабыл алышты. Окуу китептери «Учкун» ачык акционердик коомунун басмаканасында жаңы басылып чыгып, жалпы билим берүү уюмдарындагы окутуу кыргыз жана орус тилдеринде жүргүзүлгөн класстар үчүн каралган. Жалпы 153 180 нуска окуу китеби басылып чыкты. Анын ичинен 87 150 нускасы окутуу кыргыз тилинде жүргүзүлгөн мектептер үчүн, ал эми 66 030 нускасы окутуу орус тилинде жүргүзүлгөн мектептер үчүн арналган. Окуу китептери өлкөнүн бардык аймактарындагы билим берүү уюмдарына таратылат.",24.kg,,,kyrgyz,0,high,,news_site
b1fc197c-456c-4ea7-9b82-c371b81f0299,ӨКМ: Өлкө аймагында сел жүрүү коркунучу сакталууда,"Өлкө аймагында сел жүрүү коркунучу сакталууда. Бул тууралуу Өзгөчө кырдаалдар министрлигинен билдиришти. Маалыматка ылайык, 24-апрелде туруксуз аба ырайына жана күтүлүп жаткан локалдык нөшөрлүү жаан-чачынга байланыштуу республиканын тоолуу жана тоо этектериндеги райондорунда сел жүрүшү жана дарыяларда суунун деңгээли көтөрүлүшү күтүлөт. Мындан тышкары, 25-апрелге чейин күтүлүп жаткан жаан-чачынга жана абанын температурасынын жогорулашына байланыштуу Кыргызстандын тоолуу райондорунда, атап айтканда: Жолдор тайгак болуп, муз тоңот. Унаалардын ортосунда 500 метрлик аралыкты сактоо менен кыймыл чектелиши зарыл.",24.kg,,,kyrgyz,0,high,,news_site
65fc7ffc-d027-4a4d-9c12-c774a503e387,ЖК комитети БШК мүчөлөрүнүн санын кыскартууну колдоду,"Жогорку Кеңештин Конституциялык мыйзамдар, мамлекеттик түзүлүш, жергиликтүү өз алдынча башкаруу жана регламент боюнча комитетинин бүгүн, 21-апрелдеги жыйынында депутаттар «Жогорку Кеңештин регламенти жөнүндө» мыйзамга өзгөртүүлөрдү киргизүү тууралуу"" мыйзам долбоорун жана «Кыргыз Республикасынын Шайлоо жана референдум өткөрүү боюнча борбордук комиссиясы жөнүндө» конституциялык мыйзамга өзгөртүүлөрдү киргизүү тууралуу"" конституциялык мыйзам долбоорун үчүнчү окууда карап, кабыл алышты. Мыйзам долбоорлорунун демилгечилери депутаттар Марлен Маматалиев, Талант Мамытов, Акылбек Түмөнбаев, Дастан Жумабеков, Нурбек Сыдыгалиев, Талайбек Масабиров болду. Эскерте кетсек, документке ылайык, БШК мүчөлөрүнүн саны 12ден 8ге чейин кыскартылат. Бул Борбордук шайлоо комиссиясынын ишин оптималдаштырууга байланыштуу. Демилгечилер белгилегендей, чет өлкөлүк тажрыйбаны талдоо көрсөткөндөй, чечимдерди кабыл алуунун ыкчамдыгы жана натыйжалуулугу дайыма эле коллегиялык органдын мүчөлөрүнүн көптүгүнө көз каранды боло бербейт. БШКнын курамын кыскартуу төмөнкүдөй артыкчылыктарды берет: Сунушталып жаткан сан коллегиялуулук менен башкаруунун натыйжалуулугунун ортосундагы оптималдуу баланска төп келет. Буга чейин шайлоо комиссиясынан мүчөлөрдүн санынын кыскарышы мекеменин ишине терс таасирин тийгизбей турганын ишендиришкен.",24.kg,,,kyrgyz,0,high,,news_site
e221fc84-4565-48d9-bda8-0a1e9f1bb751,Криштиану Роналду уулу менен бир командада ойношу мүмкүн,"Португалиялык жылдыздын уулу «Аль-Насрдын» негизги курамына кириши ыктымал. Бул тууралуу чет элдик спорт басылмалары жазып чыкты. Маалыматка ылайык, кийинки сезондо «Аль-Наср» клубу Криштиану Роналду-кенжесин негизги курамдагы оюнчулардын тизмесине кошуу мүмкүнчүлүгүн карап жатат. Ал 2023-жылдан бери Сауд Арабиянын клубунда ойноп жаткан португалиялык жылдыз Криштиану Роналдунун уулу. Июнь айында Криштиану Роналду-кенжеси 16 жашка толот. Буга чейин ал «Ювентус» жана «Аль-Насрдын» жаштар командаларында ойногон. Чабуулчу бул эки команда үчүн өткөргөн 50 беттеште 114 гол киргизген. Эске салсак, 41 жаштагы Криштиану Роналду бул сезондо да «Аль-Насрдын» лидерлеринин бири бойдон калууда. Форвард Сауд Арабиясынын чемпионатында 25 оюн өткөрүп, 24 гол киргизди жана 2 натыйжалуу пас берди.",24.kg,,,kyrgyz,0,high,,news_site
c56f2f6b-5197-487c-80b9-1ac065ac9e6c,«Эл үмүтү» эл аралык стипендиясына кабыл алуу башталды. Жол-жобосу жана шарттары,"Кыргыз Республикасынын Президентинин «Эл үмүтү» эл аралык стипендиясына кабыл алуу башталды. Бул тууралуу Илим, жогорку билим берүү жана инновациялар министрлиги билдирди. «Эл үмүтү» стипендиясынын максаты Кыргыз Республикасынын таланттуу жаштарына жогорку билим берүү уюмдарынын (мындан ары — билим берүү уюмдары) QS World University Rankings, Times Higher Education топ-100 дүйнөлүк рейтингине кирген чет өлкөлүк билим берүү уюмдарында, билим берүү программаларында магистр жана PhD доктору деңгээлинде билим алуусуна көмөк көрсөтүү болуп саналат. «Эл үмүтү» стипендиясы жыл сайын Кыргыз Республикасынын Президентинин фондунун каражатынан бөлүнүп турат. «Эл үмүтү» стипендиясы жекече болуп саналат жана жыл сайын Республикалык комиссия тарабынан конкурстук тандоодон өткөн кыйла таланттуу жаштарга ыйгарылат. Жыл сайын 50 «Эл үмүтү» стипендиясы бөлүнөт, алардын ичинен техникалык жана инженердик багыттар боюнча магистрлерди даярдоого — 20 стипендия, экономикалык багыттар боюнча магистрлерди даярдоого — 10 стипендия, социалдык-гуманитардык багыттар боюнча магистрлерди даярдоого — 10 стипендия, философия доктору PhD программалары боюнча окутуу үчүн — 10 стипендия. «Эл үмүтү» стипендиясына талапкерлерге коюлуучу талаптар: 1. «Эл үмүтү» стипендиясына конкурска катышуу үчүн Кыргыз Республикасынын магистратурада окууга 40 жашка чейинки, PhD докторантурада окууга 45 жашка чейинки жарандарына уруксат берилет. 2. Стипендия магистрлерди даярдоо багыттары боюнча 2 жылга чейинки мөөнөткө жана философия доктору PhD программалары боюнча 3 жылга чейин окутуу үчүн ыйгарылат, бирок чет өлкөлүк окуу жайынын окуу планында каралган мөөнөттөн ашпоого тийиш. 3. Талапкерлер төмөнкү талаптарга ылайык келиши керек: — кабыл алуучу тараптын тиешелүү тесттерин жана экзамендерин тапшыргандыгы жөнүндө сертификаттар же башка документтер менен тастыкталган чет тилдердин бирин (англис, немис, француз ж.б.) эркин билүү; — жарыялоолор, автордук күбөлүктөр, баяндамалардын тезистери, дипломдор жана башкалар менен тастыкталган илимий-изилдөө иштерине активдүү жана натыйжалуу катышуу; — стипендия ыйгарылганга чейинки эки жылдын ичинде илимий-изилдөө ишинин натыйжаларын башка ачык билдирүү, анын ичинде эл аралык, республикалык же ведомстволук конференцияда, семинарда, тиешелүү деңгээлдеги башка иш-чараларда баяндама (билдирүү) менен чыгып сүйлөө; — Билим берүү уюмунун профессордук-окутуучулук курамынын сунуштамасынын болушу. «Эл үмүтү» стипендиясына тандоодо артыкчылык ушул Жобонун 4-пунктунда көрсөтүлгөн Кыргыз Республикасын социалдык-экономикалык өнүктүрүүнүн артыкчылыктуу багыттары боюнча адистешкен талапкерлерге берилет. Талапкерлер конкурска катышуу үчүн төмөнкү документтерди берет: 1) ыйгарым укуктуу орган бекиткен форма боюнча эл аралык стипендияны ыйгаруу конкурсуна катышуу үчүн талапкердин толтурулган анкетасы; 2) паспорт/инсандын күбөлүгү; 3) транскриптти тиркөө менен бакалавр/адис/магистр диплому; 4) программаны, адистикти, окуу мезгилин көрсөтүү менен мамлекеттик же расмий тилге нотариалдык күбөлөндүрүлгөн котормолору менен академиялык окууга кабыл алынгандыгын ырастаган документтердин көчүрмөлөрү; 5) чет өлкөлүк жогорку окуу жай тарабынан берилген жетишкендиктер жөнүндө расмий документ/адистигин, курсун (окуу жылын), ошол окуу жайда пайдаланылган баалоо системасы жөнүндө маалыматты, ошондой эле чет өлкөнүн алдынкы жогорку окуу жайларында академиялык окууда окуп жаткан адамдар үчүн мамлекеттик же расмий тилге нотариалдык күбөлөндүрүлгөн котормолору менен ошол окуу жайда учурдагы жетишкендиктин орточо баллын көрсөткөн белгиленген үлгүдөгү маалымкат (кийинки курстарга); 6) жарыялоолор, автордук күбөлүктөр, баяндамалардын тезистери, дипломдор ж.б. менен ырасталган илимий-изилдөө иштерине активдүү жана натыйжалуу катышуу жөнүндө маалыматтар; 7) эл аралык стипендияны ыйгарганга чейин эки жыл ичинде башка коомдук сунуштар жөнүндө, илимий-изилдөө иштеринин натыйжалары жөнүндө маалыматтар, анын ичинде эл аралык, республикалык же ведомстволук конференцияда, семинарда, тиешелүү деңгээлдеги тегерек столдо баяндама (билдирүү) менен чыгып сүйлөө аркылуу; 8 ) Кыргыз Республикасынын Президентинин «Эл үмүтү» эл аралык стипендиясын ыйгаруу үчүн талапкердин арызы, программанын окуу мөөнөтүн, багытын жана контракттын суммасын көрсөтүү менен, эгерде жеңилдик болсо, ошондой эле жеңилдикти көрсөтүү боюнча; 9) Резюме; 10) Эссе. Арыз берүүчү тарабынын документтери ыйгарым укуктуу органдын веб-порталы аркылуу документтерди кабыл алуу үчүн белгиленген мөөнөттө берилет. Тапшырылган документтерди кароонун жыйынтыгы боюнча ыйгарым укуктуу органдын веб-порталынын жеке кабинетине арыз ээсине документтерди кабыл алуу жана конкурска катышууга уруксат берүү же аларды кабыл алуудан жүйөлүү баш тартуу жөнүндө билдирүү жөнөтүлөт. Документтерди кабыл алуу үчүн ушул Эрежелердин талаптарына жана шарттарына ылайык келбеген, ошондой эле документтердин толук эмес пакети берилген учурда, арыз ээси белгиленген мөөнөттө бузууларды четтетүүгө жана документтердин пакетин кайра берүүгө укуктуу. Конкурска катышууга уруксат берүү үчүн өтүнмө ээсинин жана документтердин пакети ушул Эрежелердин талаптарына ылайык келүүсүн кароо ыйгарым укуктуу орган тарабынан жүзөгө ашырылат. Документтер топтомун: https://umut.edu.gov.kg/ шилтемесиндеги формага тиркейт. Документтерди онлайн кабыл алуу 2026-жылдын 11-майынан баштап 10-июнга чейин жүргүзүлөт. Андан тышкары документтердин түп нускасын министрликтин 1-кабатында жайгашкан 102-кабинетке тапшыруу зарыл. Тиешелүү документтин тиркемелери шилтемеде: https://docs.google.com/.../1nc6kapzaWRjat80ux8sp.../edit... Маалымат алуу үчүн төмөнкү телефонго чалуу керек: 996708888063",24.kg,,,kyrgyz,0,high,,news_site
160af6f4-f3a9-4fde-b10c-561bbccdc93d,Селден жабыркаган аймактарда санитардык-эпидемиологиялык кырдаал туруктуу,"Кыргызстандын сел жүргөн райондорунда санитардык-эпидемиологиялык абал туруктуу бойдон калууда. Бул тууралуу Саламаттык сактоо министрлигинен билдиришти. Маалыматка ылайык, Ош, Жалал-Абад жана Баткен облустарында катуу жаан-чачынга байланыштуу медициналык жана санитардык иштер күчөтүлдү. Аймактарда:  Баткен областында кооптуу аймактардан 35 үй-бүлө эвакуацияланды. Эвакуацияланган жарандар медициналык коштоого алынып, алардын саламаттык абалы көзөмөлдөнүүдө. Медициналык жардам алууга 37 адам кайрылып, алардын бардыгына зарыл жардам көрсөтүлдү, оор учурлар катталган жок.",24.kg,,,kyrgyz,0,high,,news_site
bf7cb9b2-7a3b-4bd2-a5a9-d8034e4cef82,Бишкектеги үч мектепти жаңыртууга тендер жарыяланды,"Бишкектеги үч мектепти модернизациялоого тендер жарыяланды. Бул тууралуу шаардык мэриянын басма сөз кызматы билдирди. Маалыматка ылайык, муниципалдык имараттардын энергия натыйжалуулугун жогорулатуу программасын ишке ашыруунун алкагында үч мектепти реконструкциялоо боюнча тендерге билдирмелерди кабыл алуу башталды. Төмөн көмүртектүү муниципалдык имараттарды модернизациялоо боюнча пилоттук долбоор билим берүү мекемелеринин техникалык абалын түп тамырынан бери жакшыртууга жана алардын курчап турган чөйрөгө тийгизген таасирин азайтууга багытталган. «Модернизациялоо окуу үчүн ыңгайлуу шарттарды түзүүгө гана эмес, жылытуу жана электр энергиясына кеткен шаардык бюджеттин чыгымдарын кыйла кыскартууга мүмкүндүк берет», — деп айтылат билдирүүдө. Тендерге төмөнкү лоттор коюлган: 1-лот (№ 34 мектеп) — энергия натыйжалуулугун толук модернизациялоо, жылуулук насосторун жана энергия керектөөнү башкаруу тутумдарын орнотуу; 2-лот (№ 92 мектеп) — имараттын тышкы контурун изоляциялоо, кошумча курулушту реконструкциялоо жана жылуулукту рекуперациялоонун заманбап тутумдарын киргизүү; 3-лот (№ 16 мектеп) — техникалык тутумдарды жаңылоо, анын ичинде жарыктандырууну алмаштыруу, дубалдарды жана чердактын жапкычтарын изоляциялоо. Катышуучулар билдирмелерди айрым лотторго да, үчөөнө тең да бере алышат. Билдирмелер 22-майга чейин кабыл алынат.",24.kg,,,kyrgyz,0,high,,news_site
3b06a2e6-65c4-46d5-b807-94bf4afca9e8,Эмгек министринин жаңы орун басары жамаатка тааныштырылды,"Бүгүн, 13-апрелде Эмгек, социалдык камсыздоо жана миграция министрлигинде кадрдык өзгөрүү болуп, жаңы министрдин орун басары жамаатка тааныштырылды. Ведомстводон билдиришкендей, жаңы орун басарды жамаатка президенттин администрациясынын жана министрлер кабинетинин чечимдерин даярдоо боюнча башкармалыгынын тармактык саясат бөлүмүнүн социалдык секторунун башчысы Жыпариса Рыспекова тааныштырды. Бул кызматты мурда Айнура Орозбаева аркалап келген. Белгиленгендей, дайындоо министрлер кабинетинин төрагасы Адылбек Касымалиевдин тескемесине ылайык жүргүзүлгөн. Аида Исатбек кызы көрсөтүлгөн ишеним үчүн ыраазычылык билдирип, эмгек, социалдык камсыздоо жана миграция тармагындагы мамлекеттик саясатты натыйжалуу ишке ашырууга бардык күч-аракетин жумшай турганын белгиледи.",24.kg,,,kyrgyz,0,high,,news_site
f788175e-8bbb-41dc-93eb-bf1be394a0e2,18-апрелге карата аба ырайы,"Эртең, 18-апрелде түнкүсүн Чүй облусунун көпчүлүк аймактарында, Талас, Ош, Жалал-Абад, Ысык-Көл облустарынын айрым жерлеринде жаан жаап, күн күркүрөйт. Күндүз Ош, Жалал-Абад, Баткен облустарынын айрым жерлеринде жаан жаап, күн күркүрөйт. Абанын температурасы: Чүйдө түнкүсүн 7...12, күндүз 12...17 Таласта түнкүсүн 1...6, күндүз 10...15 Баткен, Ош, Жалал-Абад облустарында түнкүсүн 4...9, күндүз 16...21 Ысык-Көлдө түнкүсүн 1...6, күндүз 12...17 Нарында түнкүсүн 0...5, күндүз 12...17 Бишкекте түнкүсүн 5...7°, күндүз 14...16° болот.",24.kg,,,kyrgyz,0,high,,news_site
6952a13d-6c8a-4b05-9f60-4e78b2dc9f90,«Кыргызфармация» 86 миллион сомго дары-дармек сатып алууну көздөп жатат,"Мамлекеттик «Кыргызфармация» ишканасы 2026-жылдын экинчи кварталы үчүн дары-дармек сатып алууну пландап жатат. Сатып алуунун жалпы суммасы 86 миллион сомду түзөрү мамлекеттик сатып алуулар порталында маалымдалган. Тизмеге өлкөнүн саламаттык сактоо системасынын реалдуу муктаждыктарын чагылдырган дары-дармектер кирген. Алардын ичинде антибиотиктер (амикацин, амоксициллин, цефалоспориндер), жүрөк ооруларына каршы дарылар (эналаприл, лозартан, аторвастатин), гормоналдык жана сезгенүүгө каршы каражаттар (преднизолон, гидрокортизон), интенсивдүү терапия жана анестезиология үчүн каражаттар (изофлуран, севофлуран, атракурий, бупивакаин) Ошондой эле көзөмөлдөнүүчү заттар — кетамин, фентанил, трамадол, тримепиридин бар. Бул препараттар наркоз жана ооруну басаңдатуу үчүн колдонулат. Мындан тышкары тизмеде психотроптук дарылар болгон диазепам, клоназепам, галоперидол, хлорпромазин, антидепрессант пароксетин да бар. «Кыргызфармация» ошондой эле парентералдык тамактандыруу үчүн эритмелерди, антикоагулянттарды (гепарин, эноксапарин), ошондой эле парацетамол жана активдештирилген көмүр сыяктуу негизги каражаттарды да сатып алат. Тендерге арыздар 16-апрелге чейин кабыл алынат.",24.kg,,,kyrgyz,0,high,,news_site
f6c2d180-2494-4fc4-842c-4f696c8b6f35,Бишкектиктерди жума башында эмне күтөт? 4 −6-майга карата аба ырайы,"Бишкекте дүйшөмбү күнү жаан-чачын күтүлөт, андан кийин бир аз жылыйт. Синоптиктер ушундай алдын ала божомол беришүүдө. 4-май:күн күркүрөп, жамгыр жаайт. Түнкүсүн абанын температурасы +11 градуска чейин, күндүз +22 градуска чейин жылыйт. 5-май:күн булуттуу болот. Түнкүсүн термометрдин көрсөткүчү +12 градусту көрсөтүп, күндүз +25 градус тегерегинде болот деп күтүлөт. 6-май:ала булуттуу болот. Түнкүсүн +11 градус, күндүз +27 градуска чейин жетет.",24.kg,,,kyrgyz,0,high,,news_site
3fae6d2b-fca8-4408-a53c-901e76c1cc16,Айыл чарба министрлигине 63төн ашык атайын техника тапшырылды,"Министрлер кабинетинин төрагасы Адылбек Касымалиев Суу ресурстары, айыл чарба жана кайра иштетүү өнөр жай министрлигине 63 даана атайын техниканын ачкычтарын тапшырды. Жаңы сатып алынган атайын техникалардын абалы менен таанышкан минкаб төрагасына министрлер кабинетинин төрагасынын орун басары — суу ресурстары, айыл чарба жана кайра иштетүү өнөр жай министри Эрлист Акунбеков маалымат берди. Белгилей кетсек, 40 даана техника — мамлекеттик бюджеттин эсебинен алынды, ага 128 млн сом жумшалды. Ал эми, калган 23 даана техника — эл аралык институттардын колдоосу менен алынды. Атайын техникалар Айыл чарба министрлигинин райондук суу чарба башкармалыктарына берилет. Адылбек Касымалиев президенттин жана жалпы министрлер кабинетинин атынан тармактын жаңы техникалуу болушу менен куттуктап, өлкө жетекчилиги ирригацияга өзгөчө көңүл буруп, мамлекеттик колдоону ар тараптан жогорулатып келе жатканын белгиледи. «Өзүңүздөр жакшы билесиздер, 2021—2025-жылдар аралыгында республикалык бюджеттен Суу ресурстары кызматына 21,4 млрд сом бөлүндү. Бул каражаттар ирригациялык объектилерди тейлөөнү, каналдарды оңдоп-түздөөнү жана суу ресурстарын натыйжалуу пайдаланууну камсыз кылууга багытталган. Ошондой эле, акыркы 5 жылда 270 жаңы техника алынды. Мамлекет үчүн ирригацияны өнүктүрүүгө мындан да көп каражаттарды жумшоо — приоритет деп эсептеймин. Суу чарба кызматында — тажрыйбалуу кадрлар бар деп билем. Мамлекет сиздердин ишти жакшыртуу үчүн материалдык-техникалык жактан камсыздоону жогорулатууну улантат», — деди минкаб төрагасы. Адылбек Касымалиев министрликтин алдында тармакты өнүктүрүү боюнча бир катар милдеттер турганын айтып, алдыга коюлган пландарды ишке ашыруу үчүн тийиштүү тапшырмаларды берди. Суу ресурстары, айыл чарба жана кайра иштетүү өнөр жай министрлиги — жакынкы аралыкта ирригация жаатында Баткенде 4200 гектар жерди сугат суу менен камсыз кылган «Алга Кадам» ирригациялык ири долбоордун негизги иштерин бүткөрөт, ал 2027-жылы толук ишке берилет. 2026-жылга 5 270 гектар жерге тамчылатып жана жамгырлатып сугаруу системаларды орнотуу пландар коюлган. Президенттин тапшырмасына ылайык министрлер кабинетине 2030-жылга чейин 2 жүз миң гектарга тамчылатып сугаруу системасын орнотуу милдети коюлган.",24.kg,,,kyrgyz,0,high,,news_site
2b71ef9c-a767-472b-942f-4e0d92d17b52,Бишкектеги Орус драма театры «Мама» спектаклинин премьерасына чакырат,"Чыңгыз Айтматов атындагы Орус драма театры 6 −7-май күндөрү заманбап драматургиянын көрүнүктүү өкүлү, «Оскар» жана «Тони» сыйлыктарынын лауреаты Флориан Зеллер жазган пьесанын негизинде коюлган «Мама» спектаклинин премьерасын тартуулайт. «Мама» — бул адамдын ички дүйнөсүн терең ачып берген психологиялык драма. Спектакль «бош калган уя» синдромуна туш болгон аялдын тагдырын баяндайт. Балдары чоңоюп, өз алдынча жашоого кеткенден кийин, жолдошу менен болгон мамилеси да муздап, башкы каарман Анна жалгыздык жана чындык менен элестин ортосунда жашап калат. Режиссёр Артем Бруно белгилегендей, бул спектакль сүйүү, көз карандылык жана керексиз болуп калуудан коркуу сыяктуу темаларды козгойт.",24.kg,,,kyrgyz,0,high,,news_site
cf2657ee-ead1-4440-941b-62ab076d1e32,Президент Кара-Кулжада Калкты тейлөө боюна маданий борборду ачты,"Президент Садыр Жапаров бүгүн, 14-апрелде Ош облусуна болгон иш сапарынын алкагында Кара-Кулжа айылындагы Калкты тейлөө боюнча маданий борбордун ачылыш аземине катышты. Борбор мамлекеттик кызматтарды комплекстүү түрдө көрсөтүүнү камсыздап, социалдык багыттагы объекттерди бир жерде жайгаштырууга багытталган. Садыр Жапаров үч кабаттуу имараттын инфраструктурасы менен таанышып, андагы калкты тейлөө бөлүмдөрүн, кинотеатр, машыгуу залын, банк бөлүмдөрүн, конференц-залды жана башка коомдук жайларды көрүп чыкты.  Курулуш, архитектура жана турак жай-коммуналдык чарба министри Нурдан Орунтаев мамлекет башчысына жер тилкесинин жалпы аянты 0,45 гектарды түзөрүн маалымдап, долбоор район тургундары жана коноктору үчүн ыңгайлуу шарттарды түзүүгө багытталганын белгиледи. Андан соң президент жергиликтүү тургундар менен баарлашып, мындай борборлор өлкөнүн башка райондорунда да ачыларын айтты. Өз кезегинде жашоочулар ишке ашырылып жаткан демилгелердин калктын жашоо шартын жакшыртуудагы маанисин белгилешип, аймактарды өнүктүрүүгө көңүл буруп жатканы үчүн ыраазычылык билдиришти.",24.kg,,,kyrgyz,0,high,,news_site
ed30e2d1-aa5f-4ef6-9ffa-d93ef4749cac,Бишкектеги «Тазалык» ишканасы жумушка чакырат: Эмгек акысы 40-45 миң сом,"Бишкек шаарындагы «Тазалык» муниципалдык ишканасы шаарды тазалоо, көрктөндүрүү жана санитардык абалды жакшыртуу иштерин жүргүзүү үчүн жоопкерчиликтүү жана эмгекчил жарандарды жумушка чакырат. Бул тууралуу мэриядан билдирди. Маалыматка ылайык, учурда төмөнкү бош жумуш орундары бар: Эмгек акысы 40-45 миң сом. Кошумча маалымат алуу үчүн төмөнкү дарекке кайрылууга болот: Ростовская көчөсү, 19Б.",24.kg,,,kyrgyz,0,high,,news_site
e00f48e3-05e8-437b-b48a-01d8598f32dd,Кыргызстандын энергетиктери майрам күндөрү күчөтүлгөн режимде иштешет,"1, 5 жана 9-май күндөрү энергетиктер күчөтүлгөн режимде иштешет. Бул тууралуу Энергетика министрлиги билдирди. Маалыматка ылайык, мындай чаралар майрам күндөрү калкты үзгүлтүксүз электр энергиясы менен камсыз кылуу максатында кабыл алынган. «Кыргызстандын улуттук электр тармагы» ААКнын бардык филиалдары өзгөчө иштөө режимине өткөрүлдү. Бардык райондук электр тармактарында ыкчам-чыгуучу бригадалардын нөөмөтү уюштурулду. Аларга филиалдардын жетекчилери да кошумча тартылды. Мүмкүн болгон аварияларга ыкчам жооп кайтаруу үчүн атайын техникалар жана нөөмөттөгү автоунаалар даярдалды, ошондой эле бригадалар керектүү жабдуулар менен камсыздалды. Электр энергиясы менен камсыздоо боюнча суроолор болсо, жашоочулар күнү-түнү «КЭТ» ААКтын 105 номерине, ошондой эле мобилдик телефондорго: 0772001209, 0556001209 жана WhatsApp аркылуу 0702001209 номерине кайрыла алышат. Филиалдардын диспетчерлеринин байланыш номерлери:",24.kg,,,kyrgyz,0,high,,news_site
f53198a8-5b5c-4701-94e1-39030d984a93,Кыргызстанда 401 миң гектар жайыт калыбына келтирүү режимине өткөрүлдү,"Кыргызстанда 401 миң гектар жайыт калыбына келтирүү режимине өткөрүлдү. Бул тууралуу Манас шаарында өткөн тоолуу аймактарда улуттук «Жашыл мурас» кампаниясын ишке ашыруу боюнча симпозиумда жарыяланды. Суу ресурстары, айыл чарба жана кайра иштетүү өнөр жай министринин орун басары Рустам Балтабаевдин айтымында, президент тарабынан демилгеленген бул өнөктүк тоолуу аймактарда деградацияланган жерлерди калыбына келтирүү жана туруктуу өнүктүрүү үчүн негизги куралга айланды. Бул иш тоолуу аймактарды өнүктүрүүнүн беш жылдык планынын (2025–2029) алкагында жүргүзүлүүдө. Айыл чарба министрлигинин маалыматы боюнча, Кыргыз Республикасында 11 960 гектардан ашык жерге мөмөлүү дарактар ​​отургузулган. 400 000 гектардан ашык жайыт жерлери калыбына келтирилген. Төмөнкүлөр артыкчылыктуу бойдон калууда:",24.kg,,,kyrgyz,0,high,,news_site
4d8a63be-e31e-4194-8c4b-e839983b2fe5,Жогорку Кеңеште жарандар үчүн заманбап коомдук кабылдама ачылат,"Парламенттин төрагасы Марлен Маматалиев Жогорку Кеңеште жарандарды кабыл алуу максатында жасалып жаткан коомдук кабылдама менен таанышты. Бул тууралуу парламенттин басма сөз кызматы билдирди. Маалыматка ылайык, коомдук кабылдамада акылдуу интеллект менен иш алып барган заманбап технологиялар жайгаштырылып, жарандарды кабыл алуу иши толугу менен санариптешет. Ошону менен бирге балалуу энелерге да ыңгайлуу шарттар түзүлөт. ""Жасалма интеллект менен коштолгон санариптик технологиялар жарандарды сапаттуу тейлөөгө кызмат кылып, баарлашуу жана кат алмашуу процессин ыкчам жүргүзүүгө өбөлгө түзөт. Тагыраагы, пилоттук негизде бардык процесс санариптешип, документ жүгүртүү иши толугу менен электрондук форматка өткөрүлөт. Ошондой эле жарандардын кайрылуулары аудио түрүндө да кабыл алынып, жасалма интеллект аркылуу автоматтык түрдө тексттик форматка айландырылат«,— деди Марлен Маматалиев. Коомдук кабылдаманын көрүп чыккандан соң Төрага жарандарды кабыл алып, алардын көйгөйлөрүн укту. Жарандар тарабынан жеке мүнөздөгү маселелер, ар кандай социалдык жагдайлар айтылып, айрыкча саламаттыкты сактоо жана билим берүү тармагына тиешелүү көйгөйлөр көтөрүлдү. Төрага айтылган бардык маселе көңүл сыртында калбай тургандыгын билдирип, ар бири боюнча тийиштүү иштер жүргүзүлөрүн кошумчалады. «Парламент эл менен бийликти байланыштарган башкы өкүлчүлүктүү орган. Биздин башкы максатыбыз мыйзам чыгаруу менен катар калктын көйгөйүн көтөрүп, алардын чечилишине ар тараптан көмөк көрсөтүү. Андыктан айтылган маселелерге тийиштүү мамлекеттик органдардын көңүлүн буруп, зарыл болгон учурда мыйзамдарга тиешелүү өзгөртүүлөрдү ыкчам түрдө киргизебиз», — деди Марлен Маматалиев.",24.kg,,,kyrgyz,0,high,,news_site
637c6305-233e-4755-a570-7d0b6447b22c,Пайдалуу кеңеш: Балдардын лунатизми жана кантип жардам берүү керек?,"Балдардын лунатизми ата-энелерди коркутат: бала күтүүсүздөн ойгонуп, көзүн ачып басып жүрөт, жөнөкөй аракеттерди жасайт, бирок эртеси эртең менен эч нерсе эстебейт. Неврологдор муну терең уйку учурунда бирдей эмес «ойгонгон» нерв системасынын жетиле электиги менен байланыштырышат. Түнкү «басуунун» себептери Негизги фактор 3-12 жаштагы балдардын жашка байланыштуу мээсинин өнүгүшү: жай толкундуу уйку фазасында кыймыл борборлору активдешет. Ал эми аң-сезим иштебей калат. Бул басуу же ал тургай кийим алмаштыруу сыяктуу автоматизмге алып келет. Көйгөйдү күчөтүүчү факторлор: Эмоционалдык стресс:талаш-тартыштар, мектептеги тапшырмалар, коркунучтуу мультфильмдер. Күн тартибин бузуулар:уйкунун жетишсиздиги, ашыкча чарчоо, кеч кечки тамак. Генетика:Эгерде ата-энелер уйку басышса, баланын коркунучу эки эсеге көбөйөт. Медициналык себептерге баштын жаракаттары, невроздор, эпилепсия же төрөттүн татаалдашуулары кирет; бөлмөдөгү түнкү жарык мелатонинди бөгөттөө менен абалды ого бетер начарлатат. Эгерде мындай абал улана берсе, бүт үй-бүлөнүн уйкусун жана балаңыздын ден соолугун коргоо үчүн адиске кайрылыңыз.",24.kg,,,kyrgyz,0,high,,news_site
2b0dbec0-97ac-4751-a95d-2a601d0a59ba,Бишкекте бокс боюнча эл аралык турнир өтөт,"Бишкекте Советтер Союзунун баатыры Дүйшөнкул Шопоковдун жаркын элесине арналган бокс боюнча эл аралык турнир өтөт. Бул тууралуу Дене тарбия жана спорт мамлекеттик агенттиги билдирди. Маалыматка ылайык, мелдештер 26-апрелден 1-майга чейин Каба уулу Кожомкул атындагы спорт ордосунда өткөрүлөт. Мелдешке 19 жаштан 40 жашка чейинки мушкерлер 50 кг, 55 кг, 60 кг, 65 кг. 70 кг, 75 кг, 80 кг, 85 кг, 90 кг чейинки жана 90 килограммдан жогору он салмак чен бирдигинде күч сынашат. Турнирдин жыйынтыгында жеңүүчүлөр жана байге ээлери тиешелүү даражадагы медалдар жана дипломдор менен сыйланышат.",24.kg,,,kyrgyz,0,high,,news_site
e66d52b2-8089-451a-a968-6cffc3e46681,ӨКМ: Тоолуу райондордо сел жана кар көчкү коркунучу бар,"Өлкөнүн тоолуу райондорунда сел жүрүү жана кар көчкү түшүү коркунучу бар. Бул тууралуу Өзгөчө кырдаалдар министрлиги билдирет. Маалыматка ылайык, 8-апрелден 10-апрелге чейин күтүлүп жаткан нөшөрлүү жаан-чачынга байланыштуу республиканын тоолуу жана тоо этектериндеги райондорунда сел жүрүшү мүмкүн, дарыяларда суунун деңгээли көтөрүлүшү күтүлөт. Ошондой эле Бишкек-Ош унаа жолунун 121-138-чакырымдарында (Төө-Ашуу ашуусу), 198-255-чакырымдарында (Чычкан капчыгайы, Ала-Бел ашуусу),Балыкчы-Казарман-Жалал-Абад унаа жолунун 326-349-чакырымдарында (Көк-Арт ашуусу) жана Каракол-Эңилчек унаа жолунун 45-90-чакырымдарында (Чоң-Ашуу ашуусу) кар көчкү түшүүсү жана кар күрткүсү күтүлөт, жолдор тайгак болуп муз тоңот. Унаалардын ортосунда 500 метр аралык кыймыл чектелиши зарыл.",24.kg,,,kyrgyz,0,high,,news_site
5041d1fd-c539-4d7f-81c9-6a4d9c5545a7,Калкты тейлөө борборлору алдыдагы майрам күндөрү да иштейт,"Май айындагы эс алуу күндөрүндө калкты тейлөө борборлору штаттык режимде иштейт. Бул тууралуу «Кызмат» мамлекеттик мекемеси билдирди. Маалыматка ылайык, аталган күндөрү калкты тейлөө борборлору саат 09:00дөн саат 18:00гө чейин жарандарга кызмат көрсөтөт. Мындай чечим калкка мамлекеттик кызматтарды үзгүлтүксүз жана жеткиликтүү көрсөтүүнү камсыз кылууга багытталган. Белгилей кетсек, буга чейин Эмгек министрлиги өлкө аймагында 1-майдан 10-майга чейин эс алуу күнү болорун билдирген.",24.kg,,,kyrgyz,0,high,,news_site
4aa3d928-52c2-421f-ab9d-13a9ba244796,Кыргызстанда 20—25-апрель аралыгында кар көчкү коркунучу сакталат,"20—25-апрелде өлкө аймагында жаан жаашы жана тоолуу аймактарда абанын температурасынын жогорулашы күтүлүп жаткандыктан, айрым аймактарда кар көчкү түшүп, жолдор тайгак болот. Бул тууралуу ӨКМдин маалымат борбору билдирди. Өзгөчөкооптуулукбараймактар: Министрлик унаа айдоочуларды аралыкты кеминде 500 метрден сактоого, ылдамдыкты чектен ашырбоого жана тоолуу жолдордо өзгөчө этият болууга чакырат.",24.kg,,,kyrgyz,0,high,,news_site
b903d696-b9f2-482b-9187-3d24d7ff2891,Дүйнө чемпионаты: Кыргызстандык спортчулар Стамбулда 33 медаль утту,"Каратэ-до шотокан WSF боюнча XVI дүйнө чемпионаты жыйынтыкталып, Кыргызстандын курама команды ийгиликтүү жыйынтык көрсөттү. Бул тууралуу Дене тарбия жана спорт мамлекеттик агенттиги билдирди. Маалыматка ылайык, 24-26 апрель күндөрү Түркиянын Стамбул шаарында Каратэ-до шотокан WSF боюнча XVI дүйнө чемпионаты жана биринчилигине 21 мамлекеттин спортсмендери катышты. Мелдештердин жыйынтыгы боюнча Кыргызстандын курама командасы жалпы 33 медаль утуп, командалык эсеп боюнча 4-орунду ээледи. Жеңүүчүлөрдүн тизмеси: Эркектер арасында алтын медаль ээлери: Күмүш медаль ээлери: Коло медаль ээлери: Кыз келиндер: Алтын медаль ээлери: Күмүш медаль ээлери: Коло медаль ээлери: Жалпысынан, кыргызстандык каратэчилер эл аралык аренада жогорку деңгээл көрсөтүп, өлкөнүн намысын татыктуу коргоду.",24.kg,,,kyrgyz,0,high,,news_site
1dd83bdf-3cf3-40cb-a07c-7accd49b3416,ӨКМ: Кыргызстанда бир суткада 16 өрт кырсыгы катталды,"Кыргызстанда сутка ичинде 16 өрт кырсыгы катталып, тилсиз жоо менен күрөшүүгө 19 бөлүм тартылды. Бул тууралуу Өзгөчө кырдаалдар министрлигинен билдиришти. Өрткырсыктарынынаймактарбоюнчакөрсөткүчү: Ал эми куткаруу кызматтары тарабынан 4 чыгуу болду.",24.kg,,,kyrgyz,0,high,,news_site
5b0e7ed1-1a30-4c53-b9bc-e61e85bc72e0,Чүй облусунда 1 миң 250 гектар жер чегирткеден куткарылууда,"Өсүмдүктөрдү химиялаштыруу, коргоо жана карантин департаментинин адистери Чүй облусунун Панфилов жана Сокулук райондорунда чегирткелердин массалык түрдө жайылганын аныкташты. Масштабтуу текшерүүлөрдүн жыйынтыгында, ведомство зыянкечтерди жок кылуу боюнча шашылыш чараларды даярдап жатканын Суу ресурстары, айыл чарба жана кайра иштетүү өнөр жайы министрлигинин басма сөз кызматы билдирди. Инспекторлор жана жергиликтүү бийлик өкүлдөрү 2 миң 610 гектар жерди текшерүүдөн өткөрүштү. Зыяндуу курт-кумурскалардын очоктору Панфилов районунун жогорку зоналарында, анын ичинде Фрунзе, Курама жана Орто-Кайыңды аймактарында катталды. Ошондой эле зыянкечтер Сокулук районунун Төмөнкү Чүй аймагындагы жайыттарга чабуул жасаган. Жалпысынан чегирткелер 1 миң 250 гектар аянтты ээлеп алган. Текшерүүнүн жыйынтыгы боюнча департаменттин кызматкерлери актыларды түзүштү. Жакынкы күндөрү мобилдик топтор жабыркаган аймактарды химиялык иштетүүдөн өткөрө баштайт. Эксперттер аймактарга ыкчам мониторинг жүргүзүүнү улантууда. Мындай изилдөөлөр курт-кумурскалар айыл чарба эгиндерине өтүп кете электе, очокторду чектөөгө мүмкүндүк берет. Буга чейин чегирткелер Кыргызстандын түштүгүнө чабуул жасаганы кабарланган. Расмий маалыматтар боюнча, ал жакта 7 миң 320 гектар жер жабыркаган. Быйыл зыянкечтер адаттагыдан эрте пайда болду. Чегирткелердин жайылышын токтотуу үчүн жабыркаган аймактарды химиялык иштетүү иштери башталды.",24.kg,,,kyrgyz,0,high,,news_site
c6285026-ce87-4130-9115-c4ffad71c5d4,Биринчи класска 61 миңден ашык бала катталды: Бишкекте 17 миң орун бош,"Биринчи класска 61,7 миңден ашык бала катталды. Мындай маалымат 1mektep.edu.gov.kg порталындагы ачык маалыматтарында көрсөтүлгөн. Анын ичинде Бишкек шаары боюнча 9,4 миңге жакын бала мектепке кабыл алынды. Алардын ичинен 3,9 миң орун кыргыз тилинде окутуучу класстарга, 5,5 миңге жакыны орус тилдүү класстарга туура келет. Учурда борбор калаада 17 миңден бир аз ашык бош орун бар. 2026/27-окуу жылына карата жалпы квоталардын саны — 192,3 миңди түзөт. Белгилей кетсек, республиканын түштүгүндө окутуу өзбек жана тажик тилдеринде жүргүзүлүүчү класстарга да кабыл алуу жүрүп жатат. Биринчи класска электрондук каттоо 1-апрелде башталган. Учурда 2019 жана 2020-жылдары туулган балдар каттоого алынууда. Биринчи этапта ата-энесинин биринин (мыйзамдуу өкүлүнүн) тиешелүү мектептин микроучастогу боюнча туруктуу каттоосу бар балдар кабыл алынат. Каттоонун экинчи этабы — жашаган дарегине карабастан кабыл алуу — 1-июндан тарта башталат.",24.kg,,,kyrgyz,0,high,,news_site
41a1af40-eca8-451c-8c43-7773bc4c7e7f,Бишкекте өтө турган күрөш боюнча Азия чемпионатынын программасы жарыяланды,"6—12-апрель күндөрү Бишкек шаарындагы «Жаштык» аренада спорттук күрөш боюнча Азия чемпионаты өтөт. Бул тууралуу Дене тарбия жана спорт мамлекеттик агенттигинен билдиришти. Мелдешке Азиянын эң күчтүү балбандары катышып, грек-рим, эркин жана кыз-келиндер күрөшү боюнча күч сынашат. Жалпысынан 350гө жакын балбан катышып, 30 комплект медаль ойнотулат. Чемпионаттын программасы күрөштүн түрлөрүнө жараша төмөнкүдөй бөлүштүрүлгөн: Кыргызстандын улуттук курама командасынын намысын өлкөнүн мыкты балбандары коргойт, грек-рим күрөшү боюнча 10, кыз-келиндер күрөшү боюнча 9 жана эркин күрөш боюнча 10 балбан күч сынашат.",24.kg,,,kyrgyz,0,high,,news_site
04f6f56b-84ed-4077-8a5f-91a8482f6285,Чемпиондор лигасы: «Атлетико» менен «Арсенал» 1/2 финалында тең чыгышты,"Испаниянын «Атлетико» клубунун футболчулары өз талаасында Англиянын «Арсенал» командасы менен Чемпиондор лигасынын жарым финалдык стадиясынын алгачкы беттешинде 1:1 эсебинде тең чыкты. Оюн 1:1 эсеби менен аяктап, командалар пенальти аркылуу голдору менен алмашышты. Мадриддеги жолугушууда үй ээлеринин курамынан Хулиан Альварес гол киргизсе, «канонирлердин» катарынан Виктор Дьекереш айырмаланды. Эки топ тең пенальтиден киргизилди. Эске салсак, «Атлетико» менен «Арсеналдын» ортосундагы жооптук беттеш 5-майда Лондондо өтөт.",24.kg,,,kyrgyz,0,high,,news_site
d738614e-514b-4684-80bd-4e52a7a0bf17,Быйыл Кыргызстан 26 миңге жакын унаа импорттоду,"2026-жылдын январь-февраль айларында Кыргызстандын автоунаа базарында транспорт каражаттарын алып келүү (импорт) жана алып чыгуу (экспорт) көлөмүнүн ортосунда чоң айырма катталды. Импорттун негизги агымын Азия өлкөлөрү камсыздаса, экспорт Орусиянын рыногуна багытталган. Бул тууралуу Улуттук статистика комитетинин маалыматында айтылат. Канча унаа жана кайдан келди? Жылдын алгачкы эки айында республикага 25 миң 892 жеңил унаа алынып келинген. Бул 2025-жылдын ушул мезгилине салыштырмалуу 39 пайызга көп. Акчалай алганда импорттун баасы 17 миллиард 776,3 миллион сомду (болжол менен 203,3 миллион доллар) түздү. Кыргызстанга жеңил унааларды жеткирүү боюнча абсолюттук лидерлер: Ошондой эле өлкөгө 50,7 миллион долларга бааланган 3 миң 936 жүк ташуучу унаа (негизги берүүчүлөр — КНР жана Түштүк Корея) жана 473 атайын багыттагы техника импорттолгон. Унаалар каякка экспорттолууда? Миңдеген импорттолгон унаалардын фонунда расмий экспорт бир кыйла аз көрүнөт. Эки айдын ичинде Кыргызстандан болгону 10,4 миллион долларга бааланган 623 жеңил унаа чыгарылган. Негизги сатып алуучу Орусия болду — ал жакка 8 миллион долларга бааланган 524 машина жөнөтүлгөн. Жүк ташуучу унаалардын экспорту болгону 12 даананы (138,9 миң долларга), ал эми атайын техниканыкы — 8 даананы түздү. Тетиктер рыногу Кыргызстан автотетиктерди да жигердүү сатып алууда. Автоунаа тетиктеринин жана керектүү жабдыктарынын импорту 20,6 миллион долларга бааланып, дээрлик 6 миң тоннаны түздү (анын көбүн Кытай жеткирген — 3 миң 574,5 тонна). Ошол эле учурда республика 12 миллион долларга бааланган 2 миң 958,6 тонна автотетик экспорттогон. Анын дээрлик бардык көлөмү (2 миң 727,1 тоннасы) Орусияга жөнөтүлгөн.",24.kg,,,kyrgyz,0,high,,news_site
e7a0b265-4c9f-4847-9e8b-f40bae75d3bf,Транспорт министрлиги: «Тоолуу аймактарда кар көчкү түшүү коркунучу жогору»,"16-19-апрелде тоолуу аймактарда кар көчкү түшүү коркунучу жана кооптуу тилкелерде жер көчкү жүрүү ыктымалдыгы жогору. Бул тууралуу Транспорт жана коммуникациялар министрлигинен билдиришти. Маалыматка ылайык, Жол тейлөө ишканалары керектүү техникалар жана жабдыктар менен камсыздалып, бардык ашууларда кар тазалоочу машиналар, жүктөгүчтөр жана башка атайын техникалар толук даярдыкта. Ошондой эле жолдорго себүү үчүн туз жана кум аралашмаларынын жетиштүү запасы камдалды. Министрлик айдоочуларды унаалардын ортосундагы 500 метрлик коопсуз аралыкты сактоого чакырат.",24.kg,,,kyrgyz,0,high,,news_site
e8d58661-b048-4237-a874-f0ed9c2b9b91,FT: Трамптын уулдары Казакстанда вольфрам иштеткен компаниянын үлүшүн алган,"Financial Times басылмасы АКШнын президенти Дональд Трамптын уулдары Эрик Трамп менен кичүү Дональд Трамп Казакстанда вольфрам кендерин иштетүү менен алектенген компаниядан үлүш алганын жазды. Басылманын маалыматына ылайык, алар Караганды облусундагы кендерди иштетүүнү пландап жаткан металлургиялык холдингге кирген ишканадан үлүштү 2025-жылдын август айында сатып алышкан. Бейшемби күнү үч компания, анын ичинде Трамптын уулдары катышкан ишкана Kaz Resources брендине бириккенин жарыялашты. Ал акцияларын Nasdaq биржасына чыгарат деп күтүлүүдө. Жогорку Кайракты жана Түндүк Катпар кендерин иштетүү боюнча келишимге ноябрда америкалык Cove Kaz Capital Group LLC компаниясы менен казакстандык улуттук Tau-Ken Samruk ишканасынын ортосунда кол коюлган. Америкалык тарап биргелешкен ишкананын 70% үлүшүн алып, аны иштетүү жана маркетинг боюнча милдеттенмелерди өзүнө алган. Financial Times гезитинин маалыматы боюнча, Cove Kaz Capital ошондой эле АКШнын Экспорттук-импорттук банкы жана АКШнын Эл аралык өнүктүрүү каржы корпорациясы менен долбоорду 1,6 миллиард долларга чейин колдоо боюнча алдын ала өз ара түшүнүшүү меморандумдарына кол койгон. (BTo)",azattyk.org,,,kyrgyz,0,high,,news_site
62f88284-ff21-46f1-b197-1a5b5402d0f8,Ташиев Кылмыш-жаза кодексинин эки беренеси менен айыпталууда,"Улуттук коопсуздук боюнча мамлекеттик комитеттин (УКМК) экс-төрагасы Камчыбек Ташиев Кылмыш-жаза кодексинин 326-беренеси («Кыргыз Республикасынын Конституциясын бузуу менен бийликти күч менен басып алуу же күч менен кармап туруу, ошого тете конституциялык түзүлүштү күч колдонуп өзгөртүүгө багытталган аракеттер») жана 337-беренеси («Кызмат абалын кыянаттык менен пайдалануу») боюнча айыпталып жатат. Бул тууралуу «Азаттыкка» анын жактоочусу Икрамидин Айткулов билдирди. Ташиевге өлкөдөн чыкпоо тил каты түрүндө бөгөт чарасы тандалды. Айткулов мурдагы башкы прокурор Курманкул Зулушев жана экс-спикер Нурланбек Тургунбек уулу жөнүндө маалыматы жок экенин айтты. 29-апрелде Ташиев, Зулушев, Тургунбек уулу ИИМде сурак берип жатканы кабарланган. Мурунку күнү дагы алар сурак берип чыкканы маалым болгон. Ташиев кылмыш иши козголгонун 29-апрелде ырастаган. Анын кайрылуусун жакын санаалаштарынын бири, “Регион” телеканалынын жетекчиси Өткүрбек Рахманов Фейсбуктагы баракчасына жарыялаган. “Бүгүн эртең менен маалымат чыккандан бери көптөгөн адамдар тынчсызданып жатканын билдиришүүдө. Бул кылмыш иши боюнча менин юридикалык жактан толук коргонууга мүмкүнчүлүгүм бар жана Аллахым буюрса, менин эч бир күнөөм жок, акталып чыгам. Кимдин күнөөсү болсо, ал жазасын тартат, ал эми таза болсо акталат. Себеби мамлекетибизде акыйкат сот системасын түзүүгө мамлекет башчыбыздын аракеттери көрүлгөн. Мисалы, 25 адамдан турган «кемпирабадчылар» да акталышты. Ошондуктан баарыңыздарды мыйзамдын чегинде гана болууңуздарды суранамын. Эч кандай коомдук же башка адамдардын кыймыл-аракеттеринин зарылдыгы жок деп эсептейм”, - деп жазылган Камчыбек Ташиевдин кайрылуусунда. Айрым сайттар айыптоолорду 75 адамдын кайрылуусу менен байланыштырып жатышат. Камчыбек Ташиев бирок кайсыл ишке байланыштуу иш ачылганын тактаган жок. Нурланбек Тургунбек уулу менен Курманкул Зулушев комментарий бере элек. Тургунбек уулунун иниси Жыргалбек Шакиев ал суракка чакырылып жүргөнүн ""Азаттыкка"" бышыктаган. Президент Садыр Жапаров 27-апрелде Kaktus.media порталына маек куруп, “75чилердин катына” Камчыбек Ташиевдин тиешеси бар-жогун тергөө жана сот аныктай турганын билдирген. 9-февралда мурдагы премьер-министрлер, парламенттин экс-депутаттары, саясатчылар жана коомдук ишмерлер болуп 75 адамдан турган топ президент Садыр Жапаровго жана Жогорку Кеңештин ошол кездеги төрагасы Нурланбек Тургунбек уулуна кайрылып, жакынкы убакта президенттик шайлоо өткөрүүгө чакырган. Алардын айрымдары кийин кайрылуунун мазмунун окубай туруп эле ага кошулууга макул болгонун айтып чыгышкан. Ички иштер министрлиги бул кайрылууга байланыштуу кылмыш ишин козгоп, анда аты аталган коомдук ишмер Бекболот Талгарбековду, Кыргызстандын Өзбекстандагы мурдагы элчиси, мурдагы айыл чарба министри Эмилбек Узакбаевди жана Жогорку Кеңештин экс-депутаты Курманбек Дыйканбаевди, мурдагы вице-премьер, экс-депутат Аалы Карашевди жана ички иштер министринин мурдагы орун басары Курсан Асановду кармаган. 10-февралда Садыр Жапаров Камчыбек Ташиевди Министрлер кабинетинин төрагасынын орун басары - Улуттук коопсуздук мамлекеттик комитетинин төрагасы кызматынан бошоткон. Андан кийинки маектеринде Жогорку Кеңеште депутаттар “президент жана атайын кызматтын кишиси” болуп бөлүнүү башталганын, кийин андай аракет парламенттен сыртка чыгып кеткенин айтып, 75 адамдын кайрылуусун мисал кылган. Бул окуялардан кийин Нурланбек Тургунбек уулу алгач төрагалык кызматтан кетип, андан соң депутаттык мандатын да тапшырган. Фейсбуктагы баракчасына пост жазып, 75 кишинин кайрылуусуна тиешеси жок экенин билдирген. Акыркы саясий окуялардын фонунда Кундузбек Сулайманов, Элдар Сулайманов, Куванычбек Конгантиев, Шаирбек Ташиев, Курманкул Зулушев, Нурланбек Азыгалиев, Гүлсүнкан Жунушалиева, Абдылдабек Эгембердиев өздөрү жазган арыз менен депутаттык мандатынан ажыратылды. Алардын ичинен “Кыргызнефтегаз” ишканасындагы коррупциялык ишке байланыштуу Камчыбек Ташиевдин иниси, экс-депутат Шаирбек Ташиев, Камбар-Ата-1 ГЭСин даярдоо этабындагы иштерге байланыштуу Кундузбек Сулайманов жана жер тилкелерине байланышкан мыйзамсыз схемаларды уюштурган деген айып менен Куванычбек Конгантиев кармалды. “75чилердин каты” Жогорку Кеңешке түшкөн учурда Курманкул Зулушев парламенттин Конституциялык мыйзамдар, мамлекеттик түзүлүш, жергиликтүү өз алдынча башкаруу жана Жогорку Кеңештин регламенти боюнча комитетинин төрагасы болуп турган. (TSh) ",azattyk.org,,,kyrgyz,0,high,,news_site
6b024971-f972-4a66-9fad-4444f8026022,Кыргызстанда үч айда жол кырсыгынан 18 баланын өмүрү кыйылды,"2026-жылдын январь-март айларында жол кырсыгынан 148 адам көз жумду, анын 18и балдар. Улуттук статистикалык комитети маалымдагандай, жол кырсыктарынын жалпы саны азайганы менен, андан жарандардын каза болгон учурлар көбөйгөн. Маалыматка ылайык, жыл башынан берки үч айда Кыргызстанда 1 150 жол кырсыгы катталган, бул былтыркы үч айдагы көрсөткүчтөн 22,9% аз. Жол кырсыктарынын басымдуу бөлүгү - 44% Бишкекте болгон. Чүй облусунда 19,7%, Ош облусунда 11,5% жана Жалал-Абад облусунда 9,6%. Маалыматта айтылгандай, жол кырсыктарынан жалпы 1 482 адам түрдүү жаракат алган. Анын ичинде 293 бала бар. Улуттук статистика комитети жол кырсыктарынын саны кыскаруусун мас абалында рулга отурган айдоочулардын азаюусу менен байланыштырган. Былтыркы үч айда мас айдоочунун кесепетинен улам болгон жол кырсыктары былтыркыдан 33,3% азайган. Бишкек – Кара-Балта жолунда 23-мартта күндүз жолдогу жөө адамдар өтүүчү тилкеден өтүп бараткан окуучу кызды катуу келе жатканжүк ташуучу унаа коюпкеткен. Секелек ошол жерден көз жумган.Расмий маалымат боюнча, Кыргызстанда 2025-жылы 8 456 жол кырсыгы болуп, андан 900 киши каза тапты. Дагы 12 миң 169 адам ар кандай жараат алды. Кырсыктарга автоунааны катуу айдоо, каршы тилкеге чыгуу, ичимдик ичип алып рулга отуруу жана айрым автожолдордун талапка жооп бербегени негизги себеп экени айтылып келет.(ZKo) ",azattyk.org,,,kyrgyz,0,high,,news_site
ac0f98f0-1ad7-4297-8468-79b8e0576341,Бишкек Европа Биримдигинин санкциясын сынга алды,"Тышкы иштер министрлиги (ТИМ) расмий Бишкек Европа Биримдигинин Орусияга каршы санкциялардын 20-пакетинде Кыргызстанга байланыштуу да чектөөлөрдүн киргизилишин өкүнүч менен кабыл алганын билдирди. Мекеме кыргыз тарап санкциялык чектөөлөргө байланышкан тобокелдиктерди биргелешип алдын алуу маселелери боюнча Европа Биримдиги менен диалогго ачык экенин кошумчалады. “Ушуга байланыштуу, туруктуу сүйлөшүүлөргө, европалык өнөктөштөр менен үзгүлтүксүз сапарлардын алмашуусуна, ошондой эле Европа комиссиясынын талаптарына ылайык суралган бардык документтештирилген маалыматтардын өз убагында берилишине карабастан, анын ичинде Кыргызстандын мамлекеттик органдары тарабынан көрүлгөн чаралар тууралуу маалыматтар да берилгенине карабай, кыргыз тараптын позициясы мурдагыдай эле эске алынбай, иш жүзүндө көңүл сыртында калып жатканы олуттуу түшүнбөстүктү жаратат”, - деп айтылат маалыматта. ТИМ мындай бир тараптуу чечимдер ишенимди солгундатып эле тим болбостон, Европа Биримдигинин Кыргызстан жана жалпы Борбор Азия өлкөлөрү менен кызматташууну өнүктүрүү ниетине каршы келерин кабарлады. “Өз кезегинде Кыргызстан ачык-айкын, кесипкөй, саясатташтырылбаган диалогду жактайт жана Европа Биримдигин ырааттуу, салмактуу жана чыныгы конструктивдүү мамиле кылууга, кыргыз тараптын позициясын тиешелүү түрдө эске алууну камсыз кылууга, ошондой эле Кыргызстан менен Европа Биримдигинин делегацияларынын ортосундагы сүйлөшүүлөрдүн жүрүшүндө жетишилген макулдашууларды иш жүзүндө ишке ашырууга өтүүгө чакырат”, - деди ТИМ. Европа Биримдигинин дипломаттары Орусияга каршы санкциялардын 20-пакетин макулдашкан. Анын алкагында Кыргызстанга да металл кесүүчү станокторду жана үн, сүрөт, видео маалыматтарын берүүчү модем, маршрутизатор сыяктуу байланыш каражаттарынсатууга тыюу салынат. Кыргыз бийлиги Батыш өлкөлөрүнүн дооматын четке кагып, соңку чаранын кесепети деле жок экенин билдирген. Батыш өлкөлөрү Орусиянын өзүнө санкция салгандан сырткары ага көмөктөшкөн деп эсептеген өлкөлөрдөгү компанияларга жана жеке адамдарга экинчи деңгээлдеги санкцияларды салып келет. 2026-жылдын башына карата 28 кыргызстандык компания АКШнын, Улуу Британиянын жана Европа Биримдигинин “кара тизмесине” кирди. 28 ишкананын 14ү санкциялык товарларды Орусияга жеткирүүгө айыпталса, 4 компания акчаны адалдоо жана алтынды мыйзамсыз сатууга байланыштуу, 2 ишкана Орусиянын мунай компанияларынын туунду ишканалары катары санкцияга илинген. (BTo)",azattyk.org,,,kyrgyz,0,high,,news_site
27f9fe39-215f-4e9e-ab98-258ef49b52c7,Түндүк Кореяда Украинадагы согушка катышкан аскерлерге арналган эстелик ачылды,"26-апрелде Пхеньян шаарында ""Чет өлкөдөгү аскердик операциянын баатырларынын согуштагы эрдигине арналган"" музей менен мемориалдык комплекс салтанаттуу ачылды. Ага Түндүк Кореянын лидери Ким Чен Ын катышты. Түндүк Кореяда орус армиясынын катарында Украинага каршы согушкан аскерлерди ушинтип аташат. Салтанат «Курск облусунун украин куралдуу күчтөрү ээлеп алган бөлүгүн толук бошотуу» окуясына арналган. Бул салгылашта орус командачылыгы түндүк кореялык аскерлерди өзгөчө жигердүү колдонгон. Иш-чарага Орусиянын Мамлекеттик думанын төрагасы Вячеслав Володин жана коргоо министри Андрей Белоусов да катышты. Мемориалда бул кагылыштарда курман болгон орус жана түндүк кореялык аскерлердин ысымдары чегилип жазылган. Владимир Путин Ким Чен Ынга «эстеликти кыска убакытта тургузганы үчүн» расмий ыраазычылык билдирип, аны «эки элдин достугунун жана биримдигинин символу» деп атады. Түштүк Кореянын чалгын кызматынын (NIS) жана Батыштын атайын кызматтарынынсоңку эсебине ылайык,Пхеньян жиберген кеминде эки миң аскер бул согушта курман болгон. Жалпы жоготуулар (курман болгондор жана жаракат алгандар) алты миңге жакын. 2026-жылдын башына карата Орусиянын Курск облусундагы майданга жакын аймакта кеминде 11 миң түндүк кореялык аскер болгон. Анын ичинен 10 миңи жоокерлер, ал эми болжол менен миңдейи инженердик бөлүктөрдүн кызматкерлери экени айтылат. 2024-жылдын 6-августта украин армиясы Орусиянын Курск аймагына кирип барып, анын жарымын өз карамагына алган. Орус күчтөрү айрым райондорду кайтарууга жетишкен, бирок бир нече айыл-кыштак, анын ичинен Суджа районунун борбору украин аскерлеринин көзөмөлүндө бир топко болду. Зеленский бул операцияны Харьковдон орус ракеталарын оолактатуу үчүн буфердик зона түзүү аракети катары түшүндүргөн. Былтыр апрелде Орусиянын президенти Владимир ПутинКурск толугу менен украин армиясынан бошотулганын жарыялаган. ",azattyk.org,,,kyrgyz,0,high,,news_site
dd95cb2c-b55d-4712-a9c1-a7c2274375ad,Перм крайында өнөр жай ишканасына сокку урулду,"Орусиянын Перм крайынын губернатору Дмитрий Махонин  “өнөр жай аянтчаларынын бирине” дрон чабуулу коюлганынбилдирди. Анын айтымында, ишкананы өрт чалды, жумушчулары эвакуацияланды, эч ким жабыркаган жок. Губернатор кеп кайсы жай тууралуу жүргөнүн тактаган жок. Украиналык Exilenova+ Телеграм каналынынмаалыматынаылайык, өрт ""Перм"" станциясына таандык “Транснефть” заводунда тутанды. Бирок бул маалымат расмий ырастала элек. Перм крайында “Лукойл” компаниясынын мунай иштетүүчү заводу жана мунай ташуучу “Перм” диспетчердик станциясы жайгашкан. Станцияда мунайдын түрлөрү аралаштырылып куурлар менен ташылат. Анын аймагында кара май сакталуучу резервуарлар орун алган. Оренбург облусунун губернатору Евгений Солнцев украиналык дрондор “бир нече өнөр жай ишканаларына сокку урууга аракеттенгенин”билдирди. “Орусиянын Коргоо министрлигинин маалыматына караганда, төрт пилотсуз учак облустун үстүндө атып түшүрүлдү. Курман болгондор жана жабыркагандар жок”, - деп жазды Солнцев. Украиналык Supernova+ Телеграм каналы Орск шаарында машина куруучу завод чабуулга кабылганын маалымдады. Орус Коргоо министрлиги 29-апрелге караган түнү украиналык 98 дрон атып түшүрүлгөнүн билдирди. Украина Орусиянын агрессиясына жооп иретинде ал өлкөнүн согуш машинасын күйүүчү май менен камсыздаган ишканаларды бутага алып келет. ",azattyk.org,,,kyrgyz,0,high,,news_site
5ffe43b5-be3c-4aa6-afdd-f16a6849f97b,Германияда Орусиянын пайдасына тыңчылык кылган деген шек менен казак жараны кармалды,"Берлинде Орусиянын пайдасына тыңчылык кылган деген шек менен казак жараны кармалды. Бул тууралуу шаршембиде Германиянын Федералдык прокуратурасыбилдирди. Маалыматка караганда, Сергей К. аттуу киши “кеминде былтыркы майдан тарта орусиялык атайын кызматтардын бири менен такай байланышып турган”. Шектүүнү камакка алуу ордеринде ал түрдүү маалыматты берип турганы айтылат. “Алардын арасында Германиянын Украинага берген аскердик жардамы, немис коргоо жана аскер өнөр жайы, өзгөчө дрон менен робот чыгарган ишканалар тууралуу маалымат бар. Сергей К. ошондой эле Берлиндеги коомдук имараттардын же кан жолдордогу аскердик техниканын, анын ичинде НАТОго мүчө бир мамлекеттин техникасынын кербенинин сүрөттөрүн берип турчу. Мындан тышкары атайын кызматтагы адамга Германияда диверсия кылууга ыңгайлуу жайлар тууралуу маалыматты өткөрүп берип, тыңчылык жана диверсия үчүн кишилерди табууну сунуш кылган”, - деп айтылат документте. Der Spiegelбасылмасы коопсуздук кызматындагы булактарга шилтеме менен жазгандай, казак жараны диверсия кылуунун буталары үстүнөн иштеген деген белгилер жок. “Ал көбүнесе идеялар менен бөлүшүп турчу. Ал өткөрүп берген маалыматтардын көбү ачык булактарга жарыяланган”, - деп жазды басылма. Шектүүнүн батиринде тинтүү жүргөнү кабарланды. Коопсуздук кызматындагы дагы бир булактар Сергей К. буга чейин Украинанын Донецк облусунда Орусиянын тарабында согушкан болушу мүмкүн деп билдиришти. 29-апрелде Федералдык сот палатасы анын баш коргоо чарасын аныктамакчы. ",azattyk.org,,,kyrgyz,0,high,,news_site
eb6e6545-a2d4-4fba-883a-1223c4d3a77a,Алтынчы кабаттан кулаган кыз ооруканадан чыгарылды,"Бишкектин Жал кичи районунда 6-кабаттан кулап, шаардык балдар ооруканасында жаткан кыз бейтапканадан чыгарылды. Саламаттык сактоо министрлигинин маалыматында, кыздын абалы канааттандырарлык, ал мындан ары үй-бүлөлүк медицина борборунун дарыгерлеринин көзөмөлүндө болот. 4-апрелде кечке жуук Бишкектин Жал кичи районунда көп кабаттуу үйдөн 27 жаштагы келин жана эки баласы кулаган. Өзү жана 2025-жылы төрөлгөн ымыркайы ошол жерде жан берген, төрт жашар кызы ооруканага жеткирилген. Балдардын клиникалык ооруканасында жандандыруу бөлүмүндө жаткан кыздын мээси жабыркаганын, жаагы сынганын, оң ийини сынып, ордунан жылып кеткенин дарыгерлер билдиришкен. Мындан тышкары өпкөсү жана ички органдары, ооз көңдөйү жабыркаганы айтылган. Наристе дээрлик бир жумадан кийин, 10-апрелдеэсине келген. Милиция окуяга байланыштуу кылмыш ишин адамды өзүн өзү өлтүрүүгө жеткирүү деген негизде козгоп,маркум келиндин күйөөсүн камакка алган. Келиндин жакындары ал күйөөсүнүн зомбулугуна кабылып келгенин айтышкан, ал эми жолдошунун жакындары андайды байкабаганын билдиришкен. (ZKo)",azattyk.org,,,kyrgyz,0,high,,news_site
032784e0-fb64-48db-b599-d4880cdf7f51,АКШдан депортация болгон дагы 26 өзбек жараны мекенине кайтты,"Өзбекстандын дагы 26 жараны АКШда миграция мыйзамдарын бузганы үчүн депортация болуп, 1-майда Ташкентке кайтышканын""Азаттык Азия"" маалымдады. Бул жолу да АКШдан депортацияланган өзбек жарандарын америкалык чартердик Omni Air International авиакомпаниясы жеткиргени, жалпысынан алар жолдо 36 саат жүрүшкөнү кабарланды. АКШнын Мексика менен чектеш Техас штатынан жолго чыккан учак Польша, Молдова, Румыния жана Армения өлкөлөрү аркылуу өтүп барганы, өзбек жарандарын мекенине кайтаруу ""Өзбекстандын жана АКШнын компетенттүү органдарынын бирге макулдашылган аракетинин натыйжасында ишке ашкан операция"" болгону белгиленди. Быйыл январь айында да Өзбекстан АКШдан өзүнүн депортация болгон 44 жаранын, март айында дагы 65 жаранын кабыл алган. Январдагы депортация тууралуу маалыматта Кошмо Штаттарда президенттик кызматка Дональд Трамп киришкенден берки 11-депортация экени айтылган. Эң алгачкы топ былтыр февраль айында кайткан. Анда Өзбекстандын Тышкы иштер министрлиги өзбек тарап өз жарандарын депортациялоо маселесинде АКШ бийлиги менен тыгыз кызматташып, алардын мекенине коопсуз кайтып келишин камсыз кылып жатканынбилдирген. Былтыр январда Fox News телеканалы АКШ бул өлкөдө мыйзамсыз жашаган 975 өзбекстандык жакынкы арада мекенине депортация болорунмаалымдаган. АКШда бийликке Дональд Трамп келген 2025-жылдын январь айында анын администрациясы мыйзамсыз мигранттарды депортациялоо боюнча кеңири масштабдуу программаны ишке ашыра баштаган. Расмий маалыматтарга караганда, Трамптын азыркы экинчи мөөнөтүнүн биринчи жылында Кошмо Штаттардан 600 миңден ашык адам депортацияланды, ал эми дагы 1,9 миллион мыйзамсыз мигрант өлкөдөн өз ыктыяры менен кетүүнү чечкен. ",azattyk.org,,,kyrgyz,0,high,,news_site
a8af6ec0-18b4-4bc4-80c5-39381bb7b763,"Алайда сел жүрүп, 25 үйдү суу каптады","Алай районундагы Гүлчө шаарында нөшөрлөп жааган жаандын кесепетинен улам сел жүрүп, үйлөрдүн короолорун суу каптады. Өзгөчө кырдаалдар министрлигинин (ӨКМ) маалымдашынча, 27-апрелде кыска мөөнөттө кокту-колоттон жүргөн сел Гүлчө шаарындагы 25 үйдүн короосун каптаган, бир үйдүн ичине чейин кирген.Түзүлгөн кырдаалга байланыштуу Алай райондук Өзгөчө кырдаалдар бөлүмүндө “Айгай” режими жарыяланып, селдин кесепеттерин жоюу иштери жүрүүдө.Баштапкы маалымат боюнча, жабыркагандар жок, абал туруктуу. ӨКМ буга чейин өлкө аймагында туруксуз аба ырайы күтүлөрүн билдирип, ​дарыяларда суу көтөрүлүп, ташкын болушу мүмкүн экенин эскерткен. Мекеме белгилегендей, тоолуу жана тоо этектериндеги райондордо сел жүрүү коркунучу сакталууда. 2024-жылы Ноокат районунда сел жүрүп,тогуз кишинин өмүрү кыйылган. Айрым айылдарда үйлөрдү сел каптаган.(ZKo) ",azattyk.org,,,kyrgyz,0,high,,news_site
31ef140c-7a40-4125-8027-333151432bfb,Иранда интернет өчүрүлгөнүнө 60 күн болду,"NetBlocks мониторинг тобу Ирандын интернетти өчүргөнүнө 60 күн болгонун билдирди. “Туура эки ай мурун, 28-февралда Ирандын бийлиги глобалдык желени бөгөттөгөндө өлкө санарип караңгылыгына баткан”, - деп жазды уюм Х социалдык тармагына. Интернет АКШ менен Израил Ислам жумуриятына каршы чабуул баштаганда кесилип, Тегеран аны согуш абалы менен түшүндүргөн. Элдик толкундоолор маалында, январда да интернет өчүрүлгөн. Бирок эксперттер андан айрымаланып, Иран көзөмөлдөө жолдорун бекемдегенин, “ак тизмени” түзгөнүн белгилешет. Айрым адамдар, арасында аткаминерлер, тандалма мекемелер, компаниялар дүйнөлүк желени колдоно алышат. Жакында бул система расмийлешип, эми Internet Pro схемасына ылайык, ишкерлер жана изилдөөчү, окумуштуулар акы төлөп интернетти буга чейинкидей эле пайдаланса болот. Ок атышуу убактылуу токтогон 8-апрелден кийин катардагы ирандыктардын айрымдары интернет эмне үчүн калыбына келтирилбей жатат деген маселени козгошууда. Дүйнөлүк желенин бөгөттөлүшү дигиталдык жана жалпы экономикага да миллиарддаган доллар зыян алып келди. ",azattyk.org,,,kyrgyz,0,high,,news_site
dd4a0cd6-3fbe-44af-a18d-b6f1afc2eaf2,Иран Пакистанга АКШ менен сүйлөшүүнүн жаңы планын сунуштады,"Ирандын мамлекеттик IRNA маалымат агенттиги билдиргендей, Тегеран Пакистандын ортомчуларына АКШ менен сүйлөшүү боюнча жаңы сунуш берди. Сунуш 30-апрель күнү кечинде берилгени кабарланууда жана анын мазмуну белгисиз. The Guardian басылмасынын маалыматы боюнча, план согуштук аракеттерди токтотууга жана Ормуз кысыгын кайра ачууга багытталган деп болжолдонууда. Ал эми Ирандын өзөктүк программасы боюнча деталдуу сүйлөшүүлөр кийинки этапка жылдырылат. Ирандын Тышкы иштер министрлигинин басма сөз катчысы Эсмаил Багаи маегинде “согушту токтотуу жана узак мөөнөттүү тынчтык” Тегерандын АКШ менен болгон ар кандай сүйлөшүүлөрүндөгү башкы артыкчылыгы бойдон каларын айтты. CBS телеканалынын маалыматына караганда, ортомчулар сунушту АКШга берди. Пакистандын дипломаттары жаңы сунуш тынчтык келишимине жетүүгө көмөк болорун билдиришти. Ак үй жаңы сунуш боюнча комментарий берүүдөн баш тартты. Кийинчерээк, 1-майда АКШнын президенти Дональд Трамп Ирандын жаңы сунушуна канааттанбай турганын айтты. Буга чейин ал эгер Тегеран сүйлөшүүнү кааласа “байланышка чыкса болорун”, бирок адегенде өзөктүк курал жасоо пландарынан баш тартууга тийиш экенин белгилеген. (BTo)",azattyk.org,,,kyrgyz,0,high,,news_site
5aea27d8-ffa7-4bdd-9729-4fd93aff7b82,"Мунайдын баасы өсүп, баррели 111 долларга жетти","Мунайдын баасы шейшембиде да өсүү тенденциясын улантты. АКШ менен Иран согушту токтотуу жана Ормуз кысыгын ачуу тууралуу мунаса таба алары арсар болуп турган маалда Brent маркасындагы мунайдын баасы европалык рынокто 3% өсүп, бир баррели 111 долларга жетти. Кара май 7 күн катары менен кымбаттап келатат, ал эми Азиянын финансы рынокторунда 28-апрелде акциялар арзандап жатты. Америка менен Ирандын сүйлөшүүлөрүнөн майнап чыкпай, Ормуз кысыгынын жабылышынын экономикалык кесепеттерине байланышкан тынчсыздануу өлкөлөрдүн борбордук банктары саясатын өзгөртүшү мүмкүн деген айың кептердин күчөшүнө жем таштады. Ошол жаңы саясатка ылайык, инфляцияга туруштук берүү үчүн үстөк пайызды көтөрүү каралууда. Ормуз кысыгынан дүйнөдөгү мунай менен газдын дээрлик 20% ташылат. АКШ менен Израил чабуул баштаган 28-февралда Иран кысыкты кемелер менен мунай танкерлери үчүн иш жүзүндө жаап салган. Ок атышууну токтотуу макулдашуусунан кийин, 17-апрелде ачып, көп өтпөй кайра жапкан. Анын алдында АКШ менен Ирандын сүйлөшүүлөрү майнапсыз аяктаганда америкалык аскерлер ирандык портторду бөгөттөгөн. Мунун айынан пайда болгон глобалдык кризис өзгөчө Азиянын өлкөлөрүндө сезилүүдө. ",azattyk.org,,,kyrgyz,0,high,,news_site
8c0246eb-0809-4827-94ff-de434788227d,Кызыл аянттагы парад быйыл аскердик техникасыз өтөт,"Москвада быйыл 9-Май Улуу Жеңиш күнүнө карата парадга адаттагыдай аскердик техника катышпайт. Бул тууралуу Орусиянын Коргоо министрлиги 28-апрелде өзүнүн Telegram каналына жазды. Мындай көрүнүш орус бийлиги Украинага кол салгандан бери алгачкы жолу болууда. Мекеменин маалыматына караганда, Суворов жана Нахимов аскердик окуу жайларынын студенттери, ошондой эле кадет корпусунун студенттери да Кызыл аянтта жүрүшкө чыкпайт. Муну министрлик ""азыркы кырдаалга"" байланыштуу деп түшүндүрүп, бирок парадга согуштук учактар катышарын билдирди. Парад бул жолу ""кыскартылган"" форматта өткөрүлүшү мүмкүн экени буга чейин да кабарланган. Айрымдар жыл сайын апрель айынын соңунда өткөрүлүүчү репетиция да уюштурулбаганына көнүл бурушкан. Ал тапта Орусиянын аймактарында 9-майга карата көп киши катышуучу майрамдык иш-чаралар да быйыл өткөрүлбөй турган болду. Нижний Новгород, Саратов, Чувашия жана Калуга облустарында, мисалы, парад болбойт. Воронеж, Курск, Брянск жана Белгород облустарында майрамдык фейерверктерге тыюу салынды. Жергиликтүү бийлик мунун коопсуздук чаралары менен түшүндүрүүдө. Былтыр Москвадагы парадга Түндүк Кореядан келгендерди кошкондо 10 миңдей аскер, 200гө жакын аскердик техника катышкан. Жеңиш күнүн майрамдоо парадына Орусиянын борбор калаасында аскердик техника 2008-жылдан бери катышып келген. ",azattyk.org,,,kyrgyz,0,high,,news_site
25d5f95c-439d-4ca7-b27c-295597118a4b,Израил Газага гумжардам ташып бараткан кемелерди кармады,"Израилдин Аскер-деңиз күчтөрү Газа секторуна гуманитардык жардам менен бара жаткан Global Sumud Flotilla тобунун бир нече кемесин кармады. Бул тууралуу 30-апрелде аталган топ X социалдык тармагында билдирди. ""Израилдин куралдуу күчтөрү Газага карата деңиз блокадасын жүргүзүп жатат. Катерлер менен байланыш үзүлдү, SOS сигналы жөнөтүлдү"", - деп билдирди уюм. 26-апрелде ондогон кеме активисттер менен Сицилиянын портторунун биринен Газа секторуна багыт алган. Уюмдун айтымында, бул анклавга жетүүгө аракет кылган эң ири флотилия эле. Израил тарап кемелерди кармоо расмий жана пландалган операция экенин, алар деңиз блокадасын бузганын жана согуштук аракеттер жүрүп жаткан аймакка бараткандыктан коопсуздугуна коркунуч жаралганын билдирди жана активисттердин демилгесин гуманитардык миссия эмес, чагым деп атады. Израил 2023-жылдын октябрында Газа тараптан ХАМАСтын (АКШда жана Европа Биримдигинде террордук деп жарыяланган) кандуу кол салуусуна кабылганын жарыялап, ага каршы согуш баштаган. 2025-жылдын октябрь айында Израил жана ХАМАС АКШнын президенти Дональд Трамптын администрациясы иштеп чыккан тынчтык планынын алкагында атышууну токтотууга макул болушкан. АКШ, Түркия, Катар жана Египет Израил менен ХАМАСтын ортосундагы келишимдин кепилдиги катары чыгышкан. Быйыл январдын ортосунда Ак үй Трамптын Газа тилкеси боюнча пландын экинчи этабы башталганын жарыялаган. (RK) ",azattyk.org,,,kyrgyz,0,high,,news_site
55d09fa5-2caa-49bd-aea9-6008c5b780fa,БУУ: Жаңжал курчугандан бери Иранда кеминде 21 киши дарга асылды,"Жакынкы  Чыгыштагы жаңжал курчугандан бери Иранда кеминде 21 киши дарга асылды жана 4 миңден көп киши кармалды. Мындай маалыматты БУУнун Адам укуктары боюнча кеңсеси таратты. Ага ылайык, бери дегенде 9 киши быйыл январда болгон толкундоолорго байланыштуу дарга асылды, 10 кишиге оппозициялык топко кирген, экөөнө тыңчылык кылган деген айып тагылган. Ал эми 4 миңден ашуун киши улуттук коопсуздукка байланышкан дооматтын негизинде кармалды. «Бийлик Иран элинин укуктарын аеосуз жана катаал жол менен чектөөнү улантууда», - депайттыБУУнун Адам укуктары боюнча жогорку комиссары Волкер Түрк. Буга чейин Amnesty International эл аралык укук коргоо уюму ок атышпоо келишими гуманитардык кризистин курчушун токтото албасын, Ирандын эли бир жагынан согуштан, экинчи жагынан репрессиялардан жапа чеккенин билдирген. Укук коргоочулар Ислам жумурияты өлүм жазасын ишке ашыруу боюнча жан башына алганда дүйнөдө алдыңкы орундарда турганын белгилешет. Ирандагы адам укуктарынын абалына байкоо салган Норвегиядагы уюм жана Парижде жайгашкан Өлүм жазасына биргелешип каршы туруу уюму өткөн жылы Иранда кеминде 1 миң 639 киши дарга асылганын кабарлашкан. ",azattyk.org,,,kyrgyz,0,high,,news_site
f7afee5d-5800-4cce-8477-d27ab1b04bf0,Казакстандын Актөбө облусунда дагы бир дрондун сыныгы табылды,"Казакстандын Актөбө облусунда учкучсуз учак кулады. Полициянын жергиликтүү башкармалыгы тараткан маалыматка караганда, жабдыктын сыныктары Алимбет айылынын сыртында табылды. Тартип коргоочулар окуяны териштирип жатышат. Дрондун сыныктары жерге түшүп жатат делген видеону Mash Телеграм каналы жарыялады. Каргалы районундагы Алимбет айылы Орусиянын Орск шаарына 24 чакырым жакын жерде жайгашкан. Шаршембиде ал жер укрианалык учкучсуз учактардын чабуулуна туш болгону кабарланган. Шаардын башчысы Артем Воробьёв бул маалыматтыбышыктап,элди көчөгө чыкпоого жана терезелерден оолак болууга чакырган. Орск аэропортунун иши убактылуу чектелди. Казакстанда буга чейин да дрондордун сыныктары табылган учурлар болгон. Былтыр Батыш Казакстан облусуна бери дегенде беш учкучсуз учактын калдыктары кулаган. Облустун чек арага жакын райондорунда ракетанын калдыктарын бир нече жолу табышкан. Орусиянын коңшулаш Астрахан аймагында Капустин Яр деген аскердик полигон орун алган. 2018-жылы Казакстандын батышында табылган жабдыктардын бири ракетанын сыныгы болуп чыккан. ",azattyk.org,,,kyrgyz,0,high,,news_site
adbb11be-afe5-482e-a9cb-85bb2e36c7c3,Орусия Борбор Азияда бөтөн аскерлердин болушу кабыл алынгыс деп эсептейт,"Орусиянын коргоо министри Андрей Белоусов региондун сыртындагы мамлекеттердин Борбор Азияга аскерлерин жайгаштыруу аракеттерин жана ал жакта логистикалык максаттарын чечүүнү кабыл алынгыс деп атады. Бул тууралуу министр 28-апрелде Шанхай кызматташтык уюмунун Бишкекте өтүп жаткан жыйынындабилдирди. Бир нече күн мурун Өзбекстандын президенти Шавкат Мирзиёев коргоо министри Баходир Холмухамедовдун Түркия менен кызматташтыкты өнүктүрүү тууралуу докладын уккан. Ал жыйынга Түркиянын куралдуу күчтөрүнүн жогорку өкүлү катышкан. Өзбек президентинин маалымат кызматыкабарлагандай,аймактык коопсуздукту жана стабилдүүлүктү бекемдөө максатында эки өлкөнүн коргонуу мекемелеринин байланыштарын өөрчүтүүгө басым жасалды. «Аскердик-техникалык алакалардын динамикасын, министрликтер аралык кызматташтыкты, биргелешкен иш-чараларды уюштуруу жана аскер адистерин даярдоону өзгөчө белгилөө зарыл. Тараптар аскердик чөйрөдөгү өнөктөштүктү тереңдетүү жөнүндө макулдашты», - деп билдирди өзбек президентинин маалымат кызматы. ",azattyk.org,,,kyrgyz,0,high,,news_site
c3c7279f-afd9-43f4-98ef-6d487fbcd24a,"Зеленский ""көмүскө флоттогу"" эки орусиялык танкерге сокку урулганын билдирди","Украинанын президенти Владимир Зеленский 3-майда эртең менен социалдык тармактарда украин аскерлери Кара деңиздеги Новороссийск портуна жакын жерде Орусиянын “көмүскө флотуна” таандык делген эки танкерге сокку урганын билдирди. Зеленскийдин айтымында, операцияны Башкы штабдын башчысы Андрей Гнатовдун жетекчилиги менен Украинанын Коопсуздук кызматы жана Аскер-деңиз күчтөрү ишке ашырган. Ал ошондой эле деңиз учкучсуз аппаратынын чоң кемеге – болжол менен танкерге жакындап келе жатканы көрүнгөн видеону жарыялады. Зеленский бул окуя качан болгонун тактаган жок, ошондой эле танкерлердин аталыштары жана аларга келтирилген болжолдуу зыян тууралуу маалымат берилген жок. “Бул танкерлер мунай ташуу үчүн активдүү колдонулуп келген. Эми андай болбойт”, - деп белгиледи украин лидери. Украина Куралдуу күчтөрүнүн Башкы штабы операция тууралуу азырынча расмий билдире элек. Орусиялык бийлик өкүлдөрү да эч кандай маалымат жарыялаган жок. 3-майда эртең менен Новороссийск шаарында ракеталык коркунуч жарыяланып, көп өтпөй кайра токтотулган. Новороссийскиге жасалган буга чейинки ири соккулар апрелдин башында болгон. Анда “Шесхарис” мунай терминалы жана порту бутага алынган. Украин аскерлеринин ырастоосунда, Орусиянын “Адмирал Эссен” жана “Адмирал Макаров” фрегаттары жабыркаган.",azattyk.org,,,kyrgyz,0,high,,news_site
937a3d33-5632-4cd4-a885-c5e2a7ee3dd7,Орусияда Starlink терминалдарын импорттоого тыюу салынды,"Орусияда чет өлкөдөн спутник байланыш каражаттарын алып кирүүгө жарым жылга тыюу салынды. 29-апрелде премьер-министр Михаил Мишустин кол койгонтоктомгоылайык, тыюу салынган каражаттардын катарында Starlink терминалдары да бар. Токтомдо мындай чара ""Орусиянын улуттук коопсуздугун коргоого"" багытталганы белгиленди. Тыюу салуу тууралуу токтом иштей баштагандан кийин алты ай бою күчүндө болот. Starlink Орусияда иштебейт деп расмий айтылганы менен орус армиясы анын терминалдарын Украинага каршы дрон учуруу үчүн колдонгон. Бул каражаттар Орусияга үчүнчү өлкөлөр аркылуу кирет. Быйыл январдын аягында Украинанын коргоо министри Михаил Федоров Starlink системасынын ээси Илон Маскка аны Орусияда колдонууну чектөө өтүнүчү менен кайрылган жана ошондон кийин фронтто терминалдар өчүрүлгөнү тууралуу кабарлар тараган. Өткөн айда Starlink түйүнүнүн аналогун иштеп чыгып жаткан орусиялык ""Бюро 1440"" компаниясы ""Рассвет"" деген аталыштагы төмөнкү орбиталык байланыш тобунун алгачкы 16 спутнигин учурганы жарыяланган. 2030-жылдын аягына чейин топтун курамында 292 спутник болот деп болжолдонууда. ",azattyk.org,,,kyrgyz,0,high,,news_site
6ee5fe0b-3b33-4181-90ab-e105005ee62a,Тажикстанда соңку апталарда үч аскер кызматкери каза болду,"Тажикстанда үч күн ичинде аскерде кызмат өтөп жаткан кеминде эки жоокердин өлүмү катталганын ""Азаттыктын"" тажик кызматыжазды. Алардын жакындары аскердеги шарттын начардыгы, медициналык жардамдын жетишсиздиги тууралуу айтып жатышат. 25-апрелде аскердик госпиталда Өзгөчө кырдаалдар комитетинде кызмат өтөп жаткан 23 жаштагы Галибон Иброхимов көз жумду. Маркумдун жакындарынын айтымында, ал сөөк жутуп алып, абалы начарлап кеткен, тийиштүү медициналык жардам ала албай, үйүнө чалып, дарыланууга бир нече жолу акча сураган. Андан мурдараак Коргоо министрлигинин инженердик батальонунда кызмат өтөп жаткан 23 жаштагы Шахбоз Жонмахмадзода дарыяга секирип, каза тапканы маалымдалган. 28-апрелде, он күндүк өргүүдөн кийин ал аскердик бөлүгүнө кайтмак, бирок көпүрөдөн боюн таштап, күбөлөрдүн айтымында, 500-600 метрден кийин суу алдында көрүнбөй калган. Ал да аскердеги шартка, медициналык тейлөөгө нааразы экенин, бөйрөгү ооруй турганын айтып жүргөн. Апрель айынын ортосунда Тажикстанда 25 жаштагы аскер кызматкери Исрофил Азимзода ""төртүнчү кабаттан кулап"" көз жумганы кабарланган. Ал аскерге 30-мартта эле чакырылган. Апасы жана жубайы Азимзода катуу сабалганын айтып жатышат. Тажикстандын акыйкатчысынын маалыматына караганда, 2025-жылы аскердеги мыйзам бузуулар тууралуу 123 факт катталган, алардын 66сы зомбулукка байланыштуу болгон. ",azattyk.org,,,kyrgyz,0,high,,news_site
91cdcc4a-9c5f-48ad-8dd0-5331a4ae588a,"Украинада дрон соккусунан адам өмүрү кыйылды, жараат алгандар бар","29-апрелге караган түнү Украинанын Сумы аймагында Орусиянын дрон жана ракета соккусунан жарандык инфраструктура зыянга учураганын, өрт чыгып, бир адам каза болгонун аймактык аскердик администрациянын башчысы Олег Григоров билдирди. ""Чабуулдун кесепетинен турак жай аймагында ири өрт чыккан. Тилекке каршы, имараттардын биринде жашаган 65 жаштагы аял көмүртек кычкыл газынан ууланып каза болгон... Дагы эки адам медициналык жардамга кайрылган. Калган тургундар тез арада эвакуацияланган"", - деп жазды Григоров Telegram баракчасына. Чабуул коюлган Шостка аймагы Украина менен Орусиянын чек арасына жакын жайгашкан жана орусиялык дрондордун чабуулуна көп кабылат. Өткөн Орусия Украинанын Харьков аймагынын бир нече районуна да дрон менен чабуул койгонун мэр Игорь Терехов билдирди. Анын айтымында, чабуулдан бир адам жаракат алды. Соккулар инфраструктуралык объектилерге жана турак жайларга тийген: көп кабаттуу үйлөрдөгү терезелер талкаланган, ал эми даракка тийген дрондун калдыктары жеке сектордогу бир нече үйгө зыян келтирген. Орусиянын чек арасына жакын жайгашкан Харьковго орусиялык аскерлердин чабуулдары жана соккулары дайыма болуп турат. (RK) ",azattyk.org,,,kyrgyz,0,high,,news_site
87a1ea79-54dc-4ab8-b008-18b9140b3c14,"29-апрелдин аба ырайы: Жаан жаап, күн күркүрөйт","29-апрелде түнкүсүн Ош, Жалал-Абад, Ысык-Көл, Нарын облустарынын көпчүлүк аймактарында, Баткен облусунун айрым жерлеринде жаан жаап, күн күркүрөйт, бийик тоолуу райондорунда кар жаайт. Ош, Жалал-Абад, Ыссык-Көл, Нарын облустарынын айрым жерлеринде жаан-чачын катуу жаайт. Күндүз Ош, Жалал-Абад, Баткен облустарынын көпчүлүк аймактарында, Чүй, Ысык-Көл, Нарын облустарынын айрым жерлеринде жаан жаап, күн күркүрөйт, бийик тоолуу райондорунда кар жаайт, Ош облусунун айрым жерлеринде жаан-чачын катуу жаайт.Бийик тоолуу райондордо жолдор тайгак болот. Батыштан соккон шамалдын ылдамдыгы секундасына 4-9 метрге жетет.Абанын температурасы:Чүй өрөөнүндө түнкүсүн 9…14, күндүз 23…28Талас өрөөнүндө түнкүсүн 6…11, күндүз 21…26Баткен, Ош, Жалал-Абад облустарында түнкүсүн 12…17, күндүз 22…27Ысык-Көл облусунда түнкүсүн 7…12, күндүз 19…24Нарын облусунда түнкүсүн 7…12, күндүз 20…25Бишкек шаарында жаан-чачын жаабайт. Батыштан соккон шамалдын ылдамдыгы секундасына 4-9 метрге жетет. Абанын температурасы түнкүсүн 11…13°, күндүз 24…26° болот. ",azattyk.org,,,kyrgyz,0,high,,news_site
e70e58c6-9435-4e14-86af-781d66c4558d,Кадамжайда селден улам ички жол убактылуу жабылды,"30-апрелде  Кадамжай районунун Орозбеков айыл  аймагында нөшөрлөп  жааган жамгырдын улам кокту-колоттон сел жүрдү. Тамаша-Кызыл-Булак жолундагы сайдан жана Пүшкөүт, Таш-Булак сайлары аркылуу сел жүрүп, жол убактылуу жабылганын Өзгөчө кырдаалдар министрлигинин Баткен облустук башкармалыгы билдирди. Калыбына келтирүү иштери жүрүп жатканы кабарланды. Мекеме буга чейин Пүшкөүт сайынын 750 метр, Таш-Булак сайынын 650 метр аралыгы тазаланганын, натыйжада сел өз нугунда өтүп, турак жай жана социалдык объектилерге зыян келтирилбегенин кошумчалады. Нөшөрлөгөн жаандан улам соңку күндөрү Кыргызстандын бир нече айылдарында сел жүрдү.",azattyk.org,,,kyrgyz,0,high,,news_site
bebe16e7-081a-4a65-9bbd-162bbb0e0248,ИИМ Бишкек электр тармактар ишканасынын директорун кармады,"Ички иштер министрлиги (ИИМ) Бишкек электр тармактар ишканасынын директору (А.М.), башкы эсепчиси (Ч.И.) жана анын орун басары (Д.Ш.) кармалганын кабарлады. Мекеме 29-апрелде жарыялаган маалыматына ылайык, алар 2023-жылдан бери алдын ала сүйлөшүп алып, мамлекеттик ишкананын каражатын мыйзамсыз чыгарып кетүү боюнча кылмыштуу схема уюштурган деп шек саналууда. Тергөөдө бухгалтерия аркылуу жасалма документтер түзүлүп, акча маяна катары көрсөтүлүп, башкы эсепчинин орун басарынын (Д.Ш.) банктык эсебине которулуп турганы аныкталган. ИИМ кийин шектүүлөр аны бөлүштүрүп алып келгени, жыйынтыгында ишканага көп суммада зыян келтирилгени белгилүү болгонун кошумчалады. Бул факты боюнча Кылмыш-жаза кодексинин “Кызмат абалын кыянаттык менен пайдалануу” беренеси менен кылмыш иши козголуп, шектүүлөр эки айга камакка алынды. Ушул тапта Бишкек электр тармактар ишканасынын директору Паизов Азамат Мамазакирович. ИИМ тараткан инициал анын аты-жөнүнө туура келет. Шектүүлөрдүн жакындары менен адвокаттары комментарий бере элек. (BTo)",azattyk.org,,,kyrgyz,0,high,,news_site
b5a1f4b4-f258-4d91-a5f1-a050a8e31d27,"Ташиев, Тургунбек уулу жана Зулушев ИИМде сурак бергени кабарланууда","Улуттук коопсуздук боюнча мамлекеттик комитеттин (УКМК) мурдагы төрагасы Камчыбек Ташиев, Жогорку Кеңештин мурдагы спикери Нурланбек Тургунбек уулу жана парламенттин экс-депутаты Курманкул Зулушев 28-апрелде Ички иштер министрлигинде (ИИМ) бир нече саат сурак берип чыкканы кабарланды. Бир катар жергиликтүү сайттар алар кайсыл иш боюнча сурак бергени так эмес экенин жазып, бирок муну президенттик шайлоону быйыл өткөрүү демилгесин көтөргөн 75 адамдын кайрылуусу менен байланыштырып жатышат. ИИМ “Азаттыкка” маалыматты ырастаган да, четке каккан да жок. Мекеменин басма сөз кызматы комментарий бербей турганын гана билдирди. 28-апрелдин кечинде адвокат Шердор Абдыкапаров Фейсбуктагы баракчасына сурак тууралуу видео жарыялап, сөз болуп жаткан үч саясатчы сурак эле бербестен аларга “бийликти күч менен басып алууга аракет кылган” деген кине менен айыбы угузулганын айтты. Бирок кийинчерээк видеону баракчасынан өчүрүп салды. Камчыбек Ташиев, Нурланбек Тургунбек уулу, Курманкул Зулушев жана алардын тарапташтары комментарий бере элек. Президент Садыр Жапаров 27-апрелде Kaktus.media порталына маек куруп, “75чилердин катына” Камчыбек Ташиевдин тиешеси бар-жогун тергөө жана сотаныктай турганын билдирген. 9-февралда мурдагы премьер-министрлер, парламенттин экс-депутаттары, саясатчылар жана коомдук ишмерлер болуп 75 адамдан турган топ президент Садыр Жапаровго жана Жогорку Кеңештин ошол кездеги төрагасы Нурланбек Тургунбек уулуна кайрылып, жакынкы убакта президенттикшайлоо өткөрүүгө чакырган.Алардын айрымдары кийин кайрылуунун мазмунун окубай туруп эле ага кошулууга макул болгонун айтып чыгышкан. Ички иштер министрлиги бул кайрылууга байланыштуу кылмыш ишин козгоп, анда аты аталган коомдук ишмер Бекболот Талгарбековду, Кыргызстандын Өзбекстандагы мурдагы элчиси, мурдагы айыл чарба министри Эмилбек Узакбаевди жана Жогорку Кеңештин экс-депутаты Курманбек Дыйканбаевди, мурдагы вице-премьер, экс-депутат Аалы Карашевди жана ички иштер министринин мурдагы орун басарыКурсан Асановду кармаган. 10-февралда Садыр Жапаров Камчыбек Ташиевди Министрлер кабинетинин төрагасынын орун басары - Улуттук коопсуздук мамлекеттик комитетининтөрагасы кызматынан бошоткон.Андан кийинки маектеринде Жогорку Кеңеште депутаттар “президент жана атайын кызматтын кишиси” болуп бөлүнүү башталганын, кийин ал парламенттен сыртка чыкканын айтып, 75 адамдын кайрылуусун мисал кылган. Бул окуялардан кийин Нурланбек Тургунбек уулу алгач төрагалык кызматтан кетип, андан соң депутаттык мандатын да тапшырган. Фейсбуктагы баракчасына пост жазып, 75 кишинин кайрылуусуна тиешеси жок экенин билдирген. Акыркы саясий окуялардын фонунда Кундузбек Сулайманов, Элдар Сулайманов, Куванычбек Конгантиев, Шаирбек Ташиев, Курманкул Зулушев, Нурланбек Азыгалиев, Гүлсүнкан Жунушалиева, Абдылдабек Эгембердиев өздөрү жазган арыз менен депутаттык мандатынан ажыратылды. Алардын ичинен “Кыргызнефтегаз” ишканасындагы коррупциялык ишке байланыштуу Камчыбек Ташиевдин иниси, экс-депутат Шаирбек Ташиев, Камбар-Ата-1 ГЭСин даярдоо этабындагы иштерге байланыштуу Кундузбек Сулайманов жана жер тилкелерине байланышкан мыйзамсыз схемаларды уюштурган деген айып менен Куванычбек Конгантиев кармалды. “75чилердин каты” Жогорку Кеңешке түшкөн учурда Курманкул Зулушев парламенттин Конституциялык мыйзамдар, мамлекеттик түзүлүш, жергиликтүү өз алдынча башкаруу жана Жогорку Кеңештин регламенти боюнча комитетинин төрагасы болуп турган. (BTo)",azattyk.org,,,kyrgyz,0,high,,news_site
7605d6b5-2d28-4da5-bb67-802a896144d5,Орусиянын Туапсе аймагында өзгөчө кырдаал жарыяланды,"Орусиянын Туапсе аймагында 28-апрелде өзгөчө кырдаал жарыяланды. Буга дрон чабуулунан кийин мунай иштетүүчү заводдо чыккан өрт себеп болду. Өлкөнүн Өзгөчө кырдаалдар министрлиги Туапседе жолго мунай төгүлгөнүн билдирди, бирок кайсы жер экенин тактаган жок. Astra Telegram каналы да көчөдө айрым жерлерде мунай азыгы күйүп жатканын, анын баары резервуарларында мазут сакталуучу Туапсе мунай иштетүүчү заводунан агып чыккан болушу мүмкүн экенин жазды. Дал ошол көчөлөрдөн кечээ тургундар эвакуация болгон. Краснодар крайынын губернатору Вениамин Кондратьев Туапсе заводундагы өрттү 164 адам өчүрүп жатканын, 46 техника тартылганын билдирип, куткаруучу топ 29-апрелде 300 адамга көбөйтүлөрүн кошумчалады. Ал эми Орусиянын өзгөчө кырдаалдар министри Александр Куренков Туапседе көрүлүп жаткан чаралар ""азырынча жетиштүү болбошу мүмкүн"" деп билдирди. Ал ""мунай төгүлгөн жок, баары токтотулду"" деп айтты. 28-апрелдин түнүндө Туапседеги заводго дрон калдыктары кулап, өрт чыккан, мунай сакталуучу төрт ири резервуар жабыркаганы, шаардын 30дан ашык көчөсүндө суу өчүрүлгөнү маалымдалган. Ушуну менен Туапседеги мунай иштетүүчү заводго үчүнчү жолу чабуул коюлду. Орусия коңшусу Украинага каршы толук масштабдуу согуш ачып, анын аймагын күн сайын дрон жана ракета менен аткылап келатканына бешинчи жыл болуп баратат. Соңку жылдары Орусиянын өзүнүн аймагы да бутага көп алынууда. Украина Орусиядагы чабуулдарга адатта комментарий бербейт, болгону, Москванын согуш машинасын токтотуу үчүн анын мунай жана аскердик продукция чыгаруучу ишканаларын жарактан чыгаруу керек деп эсептей турганын айтып калат. (RK) ",azattyk.org,,,kyrgyz,0,high,,news_site
f14c5f25-88b2-43c3-a551-6fe39d5136f9,Кыргызстанда бүтүрүүчүлөрдүн билимин тестирлөө май айында өтөт,"Мектеп бүтүрүүчүлөрүнүн билим деңгээлин аныктоочу жалпы республикалык тестирлөө сынагы 16-майдан 23-майга чейин өтөт. Бул тууралуу Агартуу министрлиги маалымдады. Ага ылайык, быйылкы тестирлөөгө 65 412 бүтүрүүчү катталды. Жалпы республикалык тестирлөө мектеп бүтүрүүчүлөрүнө жогорку окуу жайга өтүүгө мүмкүнчүлүк берген сынак. Тест уюштуруучуну Агартуу министрлиги сынак аркылуу тандайт. Соңку жылдары бул укук Билимди баалоо жана окутуу усулдары борборуна берилип келет. Былтыр жалпы тестирлөөдө54 окуучу эң жогорку упай топтоп, “Алтын сертификатка” жетишкен. Алардын ичинен эң жогорку – 242 упайды Бишкек шаарындагы №70 жалпы билим берүү орто мектебинин бүтүрүүчүсү Атай Эстебесов алган. (ZKo)",azattyk.org,,,kyrgyz,0,high,,news_site
607d3f66-147e-4989-8e0b-844d4be2f975,Швейцария соту Гүлнара Каримова боюнча ишти кароону токтотту,"Швейцарияда федералдык кылмыш трибуналы Өзбекстандын туңгуч президенти Ислам Каримовдун кызы Гүлнара Каримовага каршы козголгон кылмыш ишин жабуу чечимин кабыл алды. Бул тууралуу 28-апрелде Швейцариянын улуттук телеканалынынэфириндеайтылды. Каримовага арам акчаны адалдоо аракети, кыянаттык менен башкаруу, жемкорлук жана кылмыштуу топту башкаруу тууралуу айыптар тагылган. Судья ишти кароо мөөнөтү өтүп кеткенин, Каримова өзү сотко катыша албай турганын жүйө келтирди. 2014-жылдан бери мекенинде камакта отурган Каримовага каршы иш Швейцарияда 2012-жылы козголгон. Бул өлкөнүн прокуратурасы ал жетектеген топ Өзбекстанда иштегиси келген эл аралык телекоммуникациялык компаниялардан пара тарап кылганын жүйө келтирген. Иш 2023-жылы тергелип бүтүп, сотко өткөрүлүп берилген. Гүлнара Каримовага мекенинде да каржылык мыйзам бузууларга жана жемкорлукка байланыштуу иш козголуп, 2015-жылы ал 10 жылга соттолгон. 2020-жылы Ташкент шаардык соту аны 13 жылга эркинен ажыраткан. Өзбекстандын Башкы прокуратурасынын эсебине караганда, Каримова ""мамлекеттин жана жарандардын кызыкчылыгына"" келтирген зыяндын жалпы суммасы 2 миллиард долларга чукул. ",azattyk.org,,,kyrgyz,0,high,,news_site
15a242cc-dc50-4335-beae-ed1a7d6f15b5,"""Камбар-Ата 1"": Өкмөттүк макулдашуу долбоору Ташкентте талкууланды","Энергетика министрлиги “Камбар-Ата 1 ГЭСи” долбоору боюнча Өзбекстандын борбору Ташкентте үч күндүк сүйлөшүү өткөнүн билдирди. 28-30-апрелде долбоорду ишке ашыруу боюнча өкмөттөр аралык макулдашуунун долбоору талкууланганы маалымдалды. “Жолугушуунун жүрүшүндө тараптар макулдашуунун долбоорунун бардык беренелерин кеңири талкуулашты. Пикир алмашуу учурунда долбоордун макулдашылбаган жоболору конструктивдүү түрдө иштелип чыкты. Андан ары өз ара урматтоо жана алгылыктуу чечимдерди табууга умтулуу принциптерине негизделген ар кандай ыкмалар сунушталды. Ошондой эле кийинки сүйлөшүүлөр үчүн маселелер белгиленди”, - деп жазылган маалыматта. Жолугушууга Дүйнөлүк банктын өкүлдөрү да байкоочу катары катышкан. Тараптар өкмөттөр аралык макулдашуунун долбоорунун жоболору боюнча ишти улантууга даяр экенин белгилешти. Сүйлөшүүлөрдүн буга чейинки айлампасы 31-марттан 2-апрелге чейин Бишкекте өткөн. “Камбар-Ата-1” ГЭСин Кыргызстан, Казакстан жана Өзбекстанбиргелешип куруу чечимин кабылалган. Ага ылайык, үч өлкөнүн ортосунда биргелешкен ишкана түзүлөт. Компания “Камбар-Ата-1” ГЭСин башкарат жана анын 34% Кыргызстанга таандык болот. Ал эми Казакстан менен Өзбекстанга 33% бөлүнөт. Буга чейин айрым депутаттар менен энергетиктер үлүштөрдүн пайызы боюнча тынчсыздануусун билдиришкен. ГЭСти куруу 2024-жылы башталып, биринчи агрегаты 2028-жылы ишке берилет деп пландалган. ГЭС курулуп бүтсө 1880 МВт кубаттуулукта болуп, жылына 5,6 миллиард кВт саат электр энергиясын өндүрөт. Баштапкы эсеп боюнча, ГЭСтин плотинасынын бийиктиги 256 метрди түзүп, 5,4 млрд кубдан ашуун көлөмдө суу чогултат.",azattyk.org,,,kyrgyz,0,high,,news_site
ebee28a0-19a1-4cfc-a18c-d8565441fd47,Тажикстанда сел төрт кишинин өмүрүн алды,"Тажикстанда катуу жааган жамгырдан кийин жүргөн сел төрт адамдын өмүрүн алды. Куляб шаарында табият кырсыгынан дагы беш киши жабыркап, ооруканага түштү. Бийлик билдиргендей, 450дөй тургун коопсуз жайларга эвакуацияланды. Жалпысынан шаарда 850гө жакын үйдү суу каптаган. Тажикстандын президенти Эмомали Рахмон каза болгондордун жакындарына көңүл айтып, жабыркагандарга жардам көрсөтүүнү тапшырды. Ошол эле учурда катуу жаан-чачындын кедергиси Дүйшөмбү баш болгон башка аймактарга да тийди. Ооруканалар, мектептер, турак жайлар жана жолдор талкаланганы кабарланууда. Айрым райондордо көпүрөлөр бузулуп, айдоо жерлерин суу каптаган. Катуу жаан-чачындан улам Кыргызстанда да сел жүрдү. Баткенде табият кырсыгынан кийинки калыбына келтирүү иштери уланууда. Баткен районунун Ак-Татыр айыл аймагынын Өрүкзар, Керме-Тоо, Үч-Дөбө айылдарында болжол менен 50 турак жайдын короолорун сел каптап, анын ичинен 10 үйдүн жертөлөсүнө суу кирген. Сел жүргөн айылдардан жалпы 149 адам эвакуацияланып, туугандарынын үйлөрүнө жайгаштырылган. Ошондой эле Ак-Татыр айылындагы Садыков атындагы орто мектепке адамдарды убактылуу жайгаштыруу жайы уюштурулган.  ",azattyk.org,,,kyrgyz,0,high,,news_site
e65e1e51-6610-407b-9bdb-4532509a6e45,Израилдин соккусунан Ливанда 14 киши мерт болду,"Ливандын бийликтери жекшембиде Израилдин аба соккуларынан 14 киши каза болуп, дагы 37 адам жараат алганын кабарлашты. Анын алдында Израил Ливандын жети калаасынын жашоочуларын ""буфердик зонадан"" чыгып кетүүгө үндөп, эскертүү тараткан. Ливандын Саламаттыкты сактоо министрлиги өлгөндөр арасында эки жаш бала, эки аял бар экенин, Израил өзү тараптан бир аскер мерт болгонун билдиришти. Израил армиясы ""ок атуууну токтотуу келишиминин шарттарын бузду"" деп Батышта террорчул уюм деп таанылган ХАМАСты айыптап, жети калаанын тургундарын түндүк жана батыш тарапка көчүп кетүүгө үндөгөн. ХАМАСтын аскерлери негизинен Израил аскердик операция жүргүзүп жаткан Ливандын түштүк тарабында жайгашкан.",azattyk.org,,,kyrgyz,0,high,,news_site
1fb3129e-07ad-45f0-8d89-9fbe97c4d008,"Амангелдиев ""Керемет Банк"" АКШ менен Британиянын санкциясынан чыгышы ыктымалдыгын билдирди","Министрлер кабинетинин төрагасынын биринчи орун басары Данияр Амангелдиев “Керемет Банк” АКШнын жана Улуу Британиянын санкцияларынан чыгып калышы мүмкүн экенин билдирди. Бул тууралуу ал 30-апрелде “Азаттык” радиосунун “Эксперттер талдайт” программасында айтты. Амангелдиев Кыргызстан санкцияга байланыштуу диалогду улантып жатканын жана атайын жол картасы иштелип чыкканын кошумчалады: “АКШга, Улуу Британияга, Брюсселге бир нече жолу бардык. Диалог, жылыш бар. Мисалы, булар деле “Керемет Банкты” далили жок эле санкцияга киргизип алыптырбыз” деп атат. Санкцияларды айланып өткөнгө “Керемет Банктын” тиешеси бар экенине далил жок. Ошонун баарын далилдеп, жакын арада “Керемет Банк” санкциядан чыгып калышы мүмкүн. Бул ишти уланта беришибиз керек. Арыз-доомат койгондон пайда жок. Диалог болушу керек”. Данияр Амангелдиев Европа Биримдигинин Орусияга каршы санкциялардын 20-пакетинде Кыргызстандын да аты аталганы тууралуу комментарий берип, коюлуп жаткан чектөөлөр негизсиз экенин кошумчалады. Орусия Крымды аннексиялап алган 2014-жылдан кийин Москвага санкция салып баштаган Батыш өлкөлөрү 2022-жылы орус аскерлери Украинага басып кирген соң бул чараларын дагы күчөткөн. Кийин Орусия башка өлкөлөр менен кызматташуусун жанданткан соң аны менен кызматташкан мамлекеттердин компанияларына экинчи деңгээлдеги санкциялар салына баштаган. Кыргызстандын мамлекеттик “Керемет Банк”, “Капитал Банк” банктары “криптоактивдер жана төлөм системалар жаатында кызмат көрсөтүп, Орусиянын Украинага каршысогушун колдогон” деген кине менен АКШнын, Улуу Британиянын санкциясына илинген. Европа Биримдигинин дипломаттары жакында Орусияга каршы санкциялардын 20-пакетин макулдашкан. Анын алкагында Кыргызстанга да металл кесүүчү станокторду жана үн, сүрөт, видео маалыматтарын берүүчү модем, маршрутизатор сыяктуу байланыш каражаттарынсатууга тыюу салынат. Кыргыз бийлиги Батыш өлкөлөрүнүн дооматын четке кагып, соңку чаранын кесепети деле жок экенин билдирген. 2026-жылдын башына карата 28 кыргызстандык компания АКШнын, Улуу Британиянын жана Европа Биримдигинин “кара тизмесине” кирди. 28 ишкананын 14ү санкциялык товарларды Орусияга жеткирүүгө айыпталса, 4 компания акчаны адалдоо жана алтынды мыйзамсыз сатууга байланыштуу, 2 ишкана Орусиянын мунай компанияларынын туунду ишканалары катары санкцияга илинген. (BTo)",azattyk.org,,,kyrgyz,0,high,,news_site
ff969d6e-7c42-4a4c-b74c-bd400a642261,Тажикстан менен Өзбекстан чек арадан ички паспорт менен каттоо тартибин киргизет,"Тажикстан менен Өзбекстандын бийликтери чек арадан ички паспорт же ID-карта менен каттоо тартибин киргизүүнү макулдашышты. Тиешелүү өзгөрүүлөр жарандардын эки жакка катоосу тууралуу укуктук протоколго киргизилди, бирок күчүнө кире элек. «Озоди» радиосу документтин көчүрмөсү менен таанышып чыкты. Ага ылайык, Тажикстандын жарандары Өзбекстанга ички паспорт менен кире алышат. Бирок андан ары үчүнчү өлкөгө, анын ичинде Орусияга чыкпайт деген шарт коюлат. Ушундай эле тартип өзбек жарандары үчүн каралууда. Журналисттер жазгандай, Тажикстандын тургундары бул жаңылыкты кубануу менен кабыл алышты. Жаңы эреже кошуна өлкөгө шашылыш иш менен жол тарткан кишилерге өзгөчө ыңгайлуу болмокчу. Буга чейин Өзбекстандын Дүйшөмбүдөгү элчилигинин өкүлү өзбек тарап документке кол койгонун, Тажикстандын жактыруусун күтүп жатышканын билдирген. 2024-жылы Өзбекстандын президенти Шавкат Мирзиеев өзбек жарандарынын Тажикстан жана Казакстанга ички паспорт менен каттоосуна шарт түзүүнү көздөгөнүн айтып келген. 2018-жылы Өзбекстан менен Тажикстан виза режимин алып салышканы менен жарандар сырткы паспорт менен гана кире алышат. Расмий статистикага караганда, былтыр Тажикстанга Өзбекстандын бир миллиондон ашуун жараны кирип чыккан. Ошол эле жылы Тажикстандын 2,7 миллион жараны Өзбексатнга саякаттаган. ",azattyk.org,,,kyrgyz,0,high,,news_site
96f51905-e8c6-4686-945a-4794c7a78b03,Баткен районунда селден улам өзгөчө кырдаал режими жарыяланды,"Баткен районунда 2-майда нөшөрлөп жааган жаандын кесепетинен сел жүрүп, аймактагы бир катар айылдарда кооптуу абал жаралды, жарандар эвакуацияланып, өзгөчө кырдаал режими киргизилди. Бул тууралуу ""Азаттыкка"" Баткен райондук мамлекеттик администрациясынын басма сөз кызматы билдирди. Мекеменин маалыматына караганда, Ак-Татыр жана Самаркандек айыл аймактарында сел суусу айрым үйлөргө жана короо-жайларга кирип, адамдарды коопсуз жайларга эвакуациялоо иштери жүргүзүлдү. ""Кырдаалга байланыштуу район акими Данир Иманалиев баштаган жетекчилик жана жарандык коргонуунун жооптуу кызматкерлери жеринде ыкчам иш алып барууда. Ошондой эле Өзгөчө кырдаалдар министрлигинин аймактык бөлүмдөрүнүн өкүлдөрү жана куткаруучулар тартылып, абалды көзөмөлгө алуу аракеттери күчөтүлдү. Жаралган кырдаалдын негизинде район аймагында өзгөчө кырдаал режими киргизилип, тиешелүү буйрук чыгарылды"", - деп билдирди акимчилик. Учурда сел жүргөн аймактарда атайын техника ишке тартылып, кесепеттерин жоюу, жолдорду тазалоо жана жарандардын коопсуздугун камсыз кылуу иштери үзгүлтүксүз улантылууда. Синоптиктер соңку күндөрү республиканын айрым аймактарында жаан-чачынга байланыштуу сел жүрүү коркунучу жогору экенин эскертишкен. Нөшөрлөп жааган жаандан улам 1-майда Жалал-Абад облусунда Манас шаарында да сел жүргөн. 30-апрелде Баткен облусунун Кадамжай районунда сел суусу каптаган кээ бир жолдор убактылуу жабылган. 29-апрелде Ош облусунун Алай районунун Гүлчө шаарында селге байланыштуу өзгөчө кырдаал режими киргизилген. (JsA) ",azattyk.org,,,kyrgyz,0,high,,news_site
4f635c86-3144-482c-8688-ba8b0deb27f0,Арменияда 30дан ашуун европалык жана башка лидерлер чогулду,"4-майда Армениянын башкалаасы Ереванда Европалык саясий коомчулуктун 8-саммити башталды. Ага Евробиримдиктин лидерлеринен башка Украинанын президенти Владимир Зеленский, Канаданын премьер-министри Марк Карни катышууда. Жыйында кеңири аймакта демократия, энергетикалык коопсуздук жана экономикалык кызматташтыкты күчөтүү маселелери талкууланууда. Ал эми 5-май күнү тарыхта биринчи жолу Европа Биримдиги - Армения саммити өтөрү күтүлүүдө. Ал жыйын эки тараптуу мамилени чыңдоого багытталат. Өткөн жылы Армения Евробиримдикке кошулуу ниетин билдирип, Орусиянын таасиринен оолактоого багыт алган. Еревандагы бул жыйынга Европа комиссиясынын төрайымы Урсула фон дер Ляйен жана Европалык кеңештин төрагасы Антониу Кошта да катышат. 2025-жылдын март айында Армениянын парламенти шаркетке кошулуу жараянын баштоо тууралуу мыйзам кабыл алган. Армения Орусия башында турган Евразия экономикалык биримдигине мүчө өлкө. Расмий Москва муну ар дайым эскертип, Ереван геосаясий жактан эки башка уюмга мүчө боло албастыгын белгилеп келет. Армениянын премьер-министри Никол Пашинян Орусиянын лидери Владимир Путин менен болгон соңку жолугушуусунда бул боюнча чечимди убагы келгенде армян эли кабыл аларын билдирген.",azattyk.org,,,kyrgyz,0,high,,news_site
27c5d988-33b7-439e-aa4d-747c40107bb7,Швейцария: Гүлнара Каримовага козголгон иш сотто карала баштады,"Швейцарияда Өзбекстандын мурдагы президенти Ислам Каримовдун тун кызына байланышкан акча адалдоо иши боюнчасот процесси башталды. 27-апрелде Швейцариянын Федералдык кылмыш сотунда Гүлнара Каримова жана Lombard Odier жеке банкынын үстүнөн козголгон иш карала баштады. Каримова пара алуу жана «Кеңсе» деп аталган кылмыштуу түзүмдү жетектөө боюнча айыпталууда. Тергөөчүлөрдүн маалыматы боюнча, бул түзүм 2005–2013-жылдары жүз миллиондогон доллар каражатты Швейцариядагы эсептерге өткөрүп турган. Женева шаарында жайгашкан Lombard Odier банкы жана анын мурдагы кызматкери Каримованын болжолдуу кылмыштуу кирешелерин жашырууга көмөктөшкөн деп шектелип жатышат. Өзбекстанды чейрек кылымдан ашык башкарган Ислам Каримовдун саясий мураскери саналган Гүлнара Каримованы 2020-жылы Ташкент шаардык соту13 жыл 4 айга эркинен ажыраткан. Ал ""мамлекеттик каражатты уурдаган жана бирөөнүн мүлкүн тартып алуу менен Өзбекстандын кызыкчылыгына каршы макулдашууларга барган"" деген беренелер менен күнөөлүү деп табылган. Ал алты жылдайТашкент облусунун Зангиата районундагы аялдар колониясында жазасын өтөп, былтыр жатак абакка чыгарылган. Швейцариянын соту процесс канча убакытка созулары жана өкүм качан чыгары белгисиз экенин билдирди. Өзбекстандын Башкы прокуратурасы Гүлнара Каримова мамлекетке, жарандарга келтирген зыяндын жалпы суммасы 1 трлн 270 млрд 200 млн сумду, 1 млрд 651,8 млн АКШ долларын, 26,1 млн еврону түзөрүн маалымдаган.",azattyk.org,,,kyrgyz,0,high,,news_site
4dc26041-ff6a-4db4-b686-847dde8a9c85,Орусиянын чабуулунан Одессада эки адам набыт болду,"Украинанын Одесса облусунда 3-майга караган түнү Орусиянын чабуулунан эки адам набыт болуп, дагы беш киши жараат алды. Дрондор үч турак жайга тийип, дагы эки имаратка зыян келтирилгенин облустук аскердик администрациянын төрагасы Олег Кипер маалымдады. Херсон облустук администрациясынын башчысы Александр Прокудин Днепровский районунда орусиялык дрон жарандык автоунаага тийип бир эркек киши мүрт кеткенин, дагы бир нече адам жаракат алганын айтты. Ал эми Харьков облусундагы Балаклея шаарында Орусиянын чабуулунан үч адам жараат алды. Днепропетров облустук аскердик администрациясынын башчысы Александр Ганжанын маалыматында, 3-майдын таңында Орусиянын аба соккусунан болжол менен 40 чакты бала кетип бараткан автобус жабыркап, балдар машинеден качып чыкканга үлгүрүшкөн. Алты киши жаракат алган, арасында 10 жаштагы өспүрүм жана кош бойлуу аял бар. Украина жана эл аралык уюмдар Орусиянын жарандык инфраструктурага жана жай тургундарга багытталган соккуларын согуш кылмышы деп эсептейт. Далилдерге карабай Москва муну танып, соккулар аскердик буталарга урулуп жатканын билдирип келет. (BTo)",azattyk.org,,,kyrgyz,0,high,,news_site
e00a2d01-94c7-4586-b347-31c81220516f,Кыргызстан менен Тогонун ортосунда бир катар документтерге кол коюлду,"Тогонун Министрлер кеңешинин төрагасы Фор Эссозимна Гнассингбенин Кыргызстанга болгон расмий сапарында сегиз документкекол коюлду. Кыргызстан менен Тогонун ортосундагы дипломаттык, расмий жана кызматтык паспорттордун ээлерин визалык талаптардан өз ара бошотуу жөнүндөгү макулдашуу, инвестиция, маданият жаатынды кызматташуу, эки өлкөнүн Саламаттык сактоо министрликтеринин кызматташтыгы боюнча макулдашуу бар. Фор Эссозимна Гнассингбе Кыргызстанга 28-апрелде расмий сапар менен келген. 29-апрелде ал президент Садыр Жапаров менен жолугушту. Садыр Жапаров сүйлөшүүлөрдүн жыйынтыгы боюнча жалпыга маалымдоо каражаттары үчүн билдирүү жасап, Кыргызстан Бириккен Улуттар Уюмунун (БУУ) Коопсуздук кеңешинин 2027-2028-жылдарга туруктуу эмес мүчөлүгүнө талапкерлигин койгонун жана бул демилгени Того колдой турганын айтты. Того Батыш Африкада жайгашкан чакан өлкө жана калкынын саны 9 миллиондон ашат. Кыргызстандын аталган өлкө менен дипломатиялык алакасы 1997-жылы 30-сентябрда түзүлгөн. (BTo) ",azattyk.org,,,kyrgyz,0,high,,news_site
b7787a1e-d4b4-42ed-be19-b2da665b7847,Баткендин сел жүргөн айылдарынан 149 адам эвакуация болду,"2-майда Баткен районунун Ак-Татыр жана Самаркандек айыл аймактарында жүргөн селден кийинки калыбына келтирүү иштери жүрүп жатат. Ак-Татыр айыл аймагынын Өрүкзар, Керме-Тоо, Үч-Дөбө айылдарында болжол менен 50 турак жайдын короолорун сел каптап, анын ичинен 10 үйдүн жер төлөсүнө сел суулары кирген. Сел жүргөн айылдардан жалпы 149 адам эвакуацияланып, (35 үй-бүлө), туугандарынын үйлөрүнө жайгаштырылган. Ошондой эле Ак-Татыр айылындагы Садыков атындагы орто мектепке адамдарды убактылуу жайгаштыруу жайы уюштурулган. Селдин кесепеттерин жоюу иштерине жарандык коргонуу кызматтарынан жана жергиликтүү бийликтен жалпы 134 кызматкер, 22 техника тартылды. Селден улам Баткен районуна өзгөчө кырдаал режими киргизилген. Синоптиктер соңку күндөрү республиканын айрым аймактарында жаан-чачынга байланыштуу сел жүрүү коркунучу жогору экенин эскертишкен. Нөшөрлөп жааган жаандан улам 1-майда Жалал-Абад облусунун Манас шаарында да сел жүргөн. 30-апрелде Баткен облусунун Кадамжай районунда сел суусу каптаган кээ бир жолдор убактылуу жабылган. 29-апрелде Ош облусунун Алай районунун Гүлчө шаарында селге байланыштуу өзгөчө кырдаал режими киргизилген. (JsA)",azattyk.org,,,kyrgyz,0,high,,news_site
b2043034-2e4b-4fb6-9e00-4d56fbae9ef8,"Трамп Ормузда калган бейтарап кемелерди ""алып чыга баштаарын"" айтты","АКШ президенти Дональд Трамп Вашингтон Ормуз кысыгында кармалып турган кемелерди коштоп, ал аймактан аман-эсен алып чыга турганын билдирди. Бул тууралуу ал Truth Social баракчасына жазып, операцияны “Эркиндик долбоору” деп атады жана ал дүйшөмбү күндөн башталарын тактады. “Ирандын, Жакынкы Чыгыштын жана Америка Кошмо Штаттарынын кызыкчылыгы үчүн биз бейтарап өлкөлөргө алардын кемелерин бул чектелген суу жолдорунан аман-эсен алып чыгарыбызды билдирдик. Муну менен алар өз иштерин эркин жана ишенимдүү уланта алышат”, - деп жазды Трамп. Ал эгер Иран АКШнын бул миссиясына тоскоолдук кылууга аракет кылса тийиштүү чаралар көрүлөрүн эскертти. Трамптын мындай билдирүүсүнөн көп өтпөй Ирандын жогорку кызматтагы чиновниги Тегеран АКШнын Ормуз кысыгындагы кырдаалга кийлигишүү аракетин атышууну токтотуу режимин бузуу катары баалай турганын билдиргенин Би-Би-Си жазды. “Ормуз кысыгындагы жаңы деңиз режимине Американын ар кандай кийлигишүүсү келишимди бузуу катары каралат”, - деп билдирген Иран парламентинин улуттук коопсуздук боюнча комиссиясынын башчысы Ибрахим Азизи. АКШ менен Израил чабуул баштаган 28-февралда Иран кысыкты кемелер менен мунай танкерлери үчүн иш жүзүндө жаап салган. Ок атышууну токтотуу макулдашуусунан кийин, 17-апрелде ачып, көп өтпөй кайра жапкан. Анын алдында АКШ менен Ирандын сүйлөшүүлөрү майнапсыз аяктаганда америкалык аскерлер ирандык портторду бөгөттөгөн. 29-апрелде Трамп Тегеран өзөктүк программасы боюнча кепке келбесе деңиз аскерлери Ирандын портторун бөгөттөөнү улантарын билдирди. Анын айтымында, Иран Ормуз кысыгын ачтырууну көздөп, атомдук программасын талкуулоону кийинкиге калтырууну каалайт. АКШ президенти ал планды четке какканын айтты.",azattyk.org,,,kyrgyz,0,high,,news_site
37302181-c6f8-4abb-945a-c47be34f3989,Камила Талиева үй-бүлөлүк зомбулукту алдын алууну күчөтүү керектигин айтты,"Жогорку Кеңештин депутаты Камила Талиева өкмөттү үй-бүлөлүк зордук-зомбулукту алдын алуу иштерин күчөтүүгө чакырды. Депутат парламенттин 29-апрелдеги отурумунда жакында эле Баткен районундагы Чоң-Кара айылында күйөөсү жубайын өлтүрүп, кийин өзү асынып калган окуяны мисал кылып, алардын артында калган беш баласын мамлекет камкордукка алышы керектигин билдирди. Баткен облустук ички иштер башкармалыгынын маалыматында,  26-апрелге караган түнү үйдө балдар уктап жатканда жолдошу аялын бир нече жолу бычак менен сайып,аял ошол жерде каза болгон.Андан соң өзү үйүнүн короосундагы өрүк бакка асынып каза тапкан. Окуя болгон жерден далил катары ашкана бычагы жана жип алынган. Бул факты боюнча Кылмыш-жаза кодексинин “Адам өлтүрүү” беренеси менен кылмыш иши козголуп, тиешелүү соттук-медициналык экспертизалар дайындалган. Башкы прокуратуранынмаалыматына караганда,Кыргызстанда 2025-жылы үй-бүлөлүк зомбулукка байланыштуу 656 кылмыш иши козголгон. Мында 458 аял, 104 бала жана 94 эркек киши жабыркаган. Ошондой эле былтыр Кылмыш-жаза кодексинин “Үй-бүлөлүк зомбулук” беренеси менен 36 кылмыш иши козголгон. Жалпысынан бул багыттагы укук бузууларга байланыштуу 6 миңден ашуун протокол түзүлгөн. (BTo)",azattyk.org,,,kyrgyz,0,high,,news_site
df093b7f-ea7a-466d-aad8-99ca7f6655cf,Хаменеи Иран Ормуз кысыгын коргой турганын билдирди,"Ирандын жогорку лидери Можтаба Хаменеи 30-апрелде жарыяланган кайрылуусунда Тегеран Перс булуңундагы коопсуздукту камсыз кыларын жана «душмандын деңиз жолун пайдалануу аракетин токтоторун» билдирди. Можтаба атасы Али Хаменеи 28-февралда АКШ жана Израил жүргүзгөн аба соккуларында каза болгондон кийин жогорку лидерликке келгенден берки сейрек жасаган кайрылууларынын бири болду. Ал X социалдык түйүнүндөгү баракчасына жарыяланды. Ал ирандыктар өлкөнүн деңиздеги, жердеги жана абадагы чек араларын коргой турганын белгиледи. 56 жаштагы Хаменеи атасынын өлүмүнөн бери эл алдына чыга элек. АКШ расмий өкүлдөрүнүн айтымында, ал ошол соккуларда оор жаракат алган болушу мүмкүн. Иран Ормуз кысыгы жаап, өзү уруксат берген кемелерден башкасынын баарын өткөрбөй келет. Мындан улам дүйнөдө, мунай баасынын өсүп, согуштун экономикага тийгизген таасири боюнча кооптонуулар күчөдү.",azattyk.org,,,kyrgyz,0,high,,news_site
655dd695-208a-400d-81ed-615596410b6b,Түштүк Кореянын мурдагы биринчи айымынын өкүмү 4 жылга узартылды,"Түштүк Кореянын экс-президенти Юн Сок Ёлдун жубайы Ким Гон Хинин сот өкүмү 4 жылга чейин узартылды. Шейшембиде апелляциялык сот аны көз боемочулук үчүн айыптуу деп тапты. Январда мурдагы биринчи айым диний уюмдан эки Chanel сумкасын, бриллиант шуру жана башка белектерди алганы үчүн паракорлук беренеси менен бир жыл 8 айга кесилген. Ошондо сотто баалуу кагаздардын көз боемочулугу жана саясий фонддор тууралуу мыйзамды бузуу беренелери боюнча акталган. Ким Гон Хи апелляциялык арыз берген. Бирок прокуратура да өкүмдү талашып, аны катаалдатууну сураган. Хинин адвокаттары апелляциялык соттун чечимине каршы Жогорку сотко кайрылышарын билдирди. Экс-президенттин аялы былтыр августта камакка алынган. Тергөөнүн версиясына ылайык, ал 2 миң 200 доллар турган Dior брендинин сумкасын белекке алган. Президенттин администрациясы ага чейин белек берилгенин бышыктап, бирок ал өкмөттүн мүлкү катары сакталганын билдирген. Андан тышкары Ким Гон Хи акциялар менен көз боемочулук кылуу жана мыйзамсыз киреше алуу максатында Deutsch Motors компаниясынын башчысы менен кутумга барган деп күнөөлөнгөн. Мурдагы президент Юн Сок Ёл 2024-жылдын декабрында конституциялык түзүлүштү бузууга күнөөлүү деп табылып, быйыл февралда өмүр бою эркинен ажыратылган. Тергөө версиясына ылайык, ал парламентке аскерлерди киргизип, саясий атаандаштарын кармоого аракет кылган. Мунун натыйжасында кызматынан четтетилип, камакка алынган. Бир кезде прокурор болуп иштеген Юн коюлган айыптарды четке кагып, президент катары аскердик абал жарыялоого укугу бар экенин билдирген. Анын айтымында, бул кадам оппозициялык партиялардын өкмөттүн ишине тоскоолдук жаратып жатканы үчүн жасалган. ",azattyk.org,,,kyrgyz,0,high,,news_site
a11a15f5-eab2-4b3c-b555-2bf2599cefb3,Сөз эркиндиги боюнча жаңы рейтингде Кыргызстан эки баскычка ылдыйлады,"""Чек арасыз кабарчылар"" (RSF) эл аралык уюму басма сөз эркиндиги боюнча жаңы докладын жана 180 өлкөнүн рейтингин жарыялады. Кыргызстандын көрсөткүчү былтыркыга салыштырмалуу эки баскычка ылдыйлап, 146-сапка жайгашты. Уюм өз классификациясын 25 жылдан бери чыгарып келет. RSF белгилегендей, биринчи жолу тарыхта өлкөлөрдүн жарымындагы басма сөз эркиндигинин абалы “кыйын” же ""өтө оор” деп сыпатталды, орточо упай эч качан мынчалык төмөн болгон эмес. Уюм улам бир жерде болуп жаткан журналистиканы муунтуу аракеттерин, кабарчыларга кесибин аркалоодо түзүлгөн тоскоолдуктарды, улуттук коопсуздукка шилтеп сөз эркиндигин чектеген мыйзамдардын кабыл алынышын сындады. ""Европа жана Борбор Азия аймагы калыптанган баалуулуктар өзгөртүлүп, мыйзамдар бийликтин кызыкчылыгында пайдаланып, жөнөкөй жарандардын маалымат алуу укуктары чектелип жаткан масштабдуу экспериментти эске салат"", - деп жазды докладдын авторлору. Алсак, 135-орундагы Грузиянын көрсөткүчү былтыркыга караганда 21 баскычка төмөндөдү. Өлкө демократиялык кризиске туш болуп, чет өлкөлүк агенттер тууралуу мыйзам долбооруна каршы чыккан элдик демонстрациялар күч менен басылган. RSF Өзбекстанды 147, Казакстанды 149, Тажикстанды 155 жана Түркмөнстанды 173-орунга жайгаштырды. Казакстан рейтингде 8 сапка түштү. Авторлор ал өлкөдө мыйзамдар күчөтүлүп, журналисттерге кыйыр басым болгонун, интернет мейкиндигинде репрессивдүү саясат жүргүзүлгөнүн, прессага каршы кылмыштар жазасыз калып жатканын белгилешти. Кыргызстанда да ушундай эле тенденция байкалганы белгиленип, журналисттердин укуктук кепилдиктери чабал болуп калганы айтылды. Докладда Орусия жана Беларус журналисттер үчүн эң ири абакка айланганы айтылды. Эл аралык Amnesty International укук коргоо уюму 21-апрелде жарыялаган жылдык баяндамасында дүйнө жүзүндө, анын ичинде Борбор Азияда жарандык коомго кысым күчөп жатканын билдирди.State of the World’s Human Rights деп аталган документтеБорбор Азиянын бардык өлкөлөрүндө укук жана эркиндик чектелип жатканы белгиленген. Кыргызстандын бийлиги өлкөдө сөз эркиндиги жана адам укуктары корголорун такай кайталайт. 29-январда президент Садыр Жапаров ""Кабар"" агенттигине курган маегинде сөз эркиндиги жана демократия деген ""биринчи кезекте жоопкерчилик"" деп эскерткен. ",azattyk.org,,,kyrgyz,0,high,,news_site
56b8dab0-c40d-4a24-87ba-247846fc3280,Депутат Бекешев паспорт же башка документ алуу эселеп кымбаттаганын айтты,"Жогорку Кеңештин депутаты Дастан Бекешев мамлекеттик документтерге, түрдүү маалымкат кагаздарга баа көтөрүлгөнүн белгилеп, өкмөттү сынга алды. Бул тууралуу ал 28-апрелде парламенттин Финансы, бюджет, ишкердик жана атаандаштыкты өнүктүрүүкомитетинин жыйынындасүйлөп жатып айтты. Бекешев Министрлер кабинетинин тѳрагасы демилгелеген “Баа түзүү жөнүндө” мыйзамга өзгөртүүлөрдү киргизүү тууралуу” мыйзам долбоору каралып жатканда мамлекеттик кызмат көрсөтүү акысы эселеп өскөнүн айтты: ""Түрдүү маалымкаттар, өзүбүз басып чыгарып жаткан паспорт жана башка бардык документтер эселеп кымбаттады. Кадимки эле маалымкат 500 сом турат. Калкты тейлөө борборуна (ЦОН) кирсең баа 34% чейин өсүп кеткен. ЦОН өзүнчө эле бизнес-долбоор болуп алды. Мамлекеттик тейлөө акысы кайда өсүп баратат? Эл нааразы. Монополияга каршы тескөө кызматы эмне үчүн унчукпайт?""Депутаттын суроосуна экономика жана коммерция министринин орун басары Беназир Нурланова жооп берип, азыркы каралып жаткан мыйзам кызмат көрсөтүү акысын түзүүгө кийлигишүүгө багытталбаганын айтты.Дастан Бекешев кызмат көрсөтүү да товар, азык-түлүк сыяктуу эле сатыларын белгилеп, социалдык маанидеги товарлардын баасын 34% көтөрүүгө каршылыгын билдирди. Ал Монополияга каршы тескөө органы мамлекеттик кызмат акыны жана башка бааларды да карап, тескөөгө тийиштигин эскертти.Баалардын ооздуктоосуз өсүп бара жатканын белгилеген дагы бир депутат Улан Жаанбаев бул боюнча парламенттик угуу өткөрүүнү сунуштады. Улуттук банктын 28-апрелдегимаалыматына караганда, жыл башынан бери Кыргызстанда инфляция (17-апрелге карата) 3,9% түздү (жылдык мааниде 11,3%). Азык-түлүк 10,8%, андан башка товарлардын баасы 9,2%, тамеки жана алкоголдук продукцияныкы 8,9% жогорулады. Кызмат көрсөтүү чөйрөсүндө 17,2% түздү.(ZKo) ",azattyk.org,,,kyrgyz,0,high,,news_site
6eeb169a-b6f5-42ac-9ad5-1635f51d5540,Одессада орус армиясынын соккуларынан 14 киши жабыркады,"27-апрелге караган түнү Орусияын куралдуу күчтөрү Украинанын Одесса шаарына  жапырт чабуул коюшту. Одесса облусунун аскердик администрациясы билдиргендей, аба соккуларынан кеминде 14 киши жабыркады, бешөө ооруканага жеткирилди. Чабуулдан эки көп кабаттуу үй, мейманкана, фуникулер, кампалар зыян тартты. Украинанын куралдуу күчтөрү бул түнү Одесса жана башка аймактарга Орусия бардыгы 94 учкучсуз аппарат, дрондор менен чабуул койгонун, алардын 74ү асманда атылып түшүрүлгөнүн билдиришти. Орусия тарап дүйшөмбүнүн таңында украин армиясынын учкучсуз аппараты Запорожье атомдук станциясынын транспорттук цехин бутага алып, бир айдоочу мерт болгонун маалымдады. Атомдук энергетика боюнча эл аралык агенттик окуя болгон жерге адистерин жөнөткөнүн, алар атомдук станциядагы жагдайды иликтей турганын билдирди.",azattyk.org,,,kyrgyz,0,high,,news_site
b7f013a6-5ead-4176-b22f-adcf1223cf99,"Өкмөт ""Бала ырысы"" жөлөкпулу үчүн 3 млрд сомдон ашык каражат бөлөт","Быйылкы жылы үч жашка чыга элек балдарга жөлөкпул берүү үчүн Министрлер кабинети бюджеттен 3 миллиард 316 миллион сом бөлөт. Бул тууралуу токтом долбоору коомдук талкууга чыкты. Бул документ буга чейин президент Садыр Жапаровдун мартта “Бала ырысы” деп аталган мамлекеттик жөлөкпул берүү жөнүндөгү  жарлыгын ишке ашыруу үчүн даярдалган. Жарлыкка ылайык, 1-июлдан тартып 1200 сом өлчөмүндөгү жөлөкпул үй-бүлөнүн кирешесине карабастан берилет. Улуттук статистика комитетинин маалыматына ылайык, Кыргызстанда болжолдуу үч жашка чейинки 445 миңдей бала бар. Учурда 16 жашка чейинки балдары бар муктаж үй-бүлөлөргө ""Үй-бүлөгө көмөк"" деп аталган 1200 сом өлчөмүндө мамлекеттик жөлөкпул берилет. Бийик тоолуу жана алыскы райондордо жашаган үй-бүлөлөр үчүн жөлөкпулдун өлчөмү аймактык коэффициент менен эсептелинет. Бирок жөлөкпул алуудагы түйшүк, кыйынчылыктар тууралуу нааразылык айтылып турат. 1200 сом өлчөмүндөгү жөлөкпулду алуу үчүн үй-бүлөнүн кирешеси жан башына 1000 сомдон жогору болбошу керек деген жобосу элдин нааразычылыгын жаратып келген. Быйыл 1-январдан тартып күчүнө кирген ""Мамлекеттик жөлөкпулдар жөнүндө"" мыйзамга ылайык, үй-бүлөнүн социалдык-экономикалык абалына карабастан үчүнчү жана ар бир кийинки бала төрөлгөндөн тартып үч жашка чыкканга чейин ай сайын берилүүчү ""бийик тоолуу аймактардын жашоочуларына көмөк"" жөлөкпулу берилүүдө. 2018-жылдын башынан тартып ымыркай төрөлгөндө ""Балага сүйүнчү"" деп аталган жөлөкпул – 4000 сом берилет. Мындан тышкары 2019-жылы күздөн тартып үй-бүлөдө үч же андан ашык эм төрөлгөн шартта ар бир бала үчүн 50 миң сомдон берилет. Улуттук статистика комитетинин маалыматына ылайык, Кыргызстанда жашоо минимуму 8 769 сомду түзөт.",azattyk.org,,,kyrgyz,0,high,,news_site
b5a862a4-52e1-4402-8b2a-02f859be1cbc,Кыргызстан Сейшел аралдары менен визасыз каттам тууралуу макулдашты,"Сейшел аралдарынын тышкы иштер жана диаспора министри Барри Фор Кыргызстанга келди. 4-майда тышкы иштер министри Жээнбек Кулубаев аны кабыл алганын Кыргызстандын дипломатиялык мекемеси билдирди. Тараптар саясий диалогду өнүктүрүү, келишимдик-укуктук базаны кеңейтүү, ошондой эле айыл чарба, туризм, климат, билим берүү жана санариптик башкаруу тармактарын камтыган соода-экономикалык жана гуманитардык кызматташууну чыңдоону талкуулашты. Жолугушуунун жыйынтыгында Кыргызстан менен Сейшел аралдары ортосунда кыска мөөнөттүү сапарлар үчүн визалык талаптарды жокко чыгаруу макулдашылды. ТИМ Сейшел аралдарынын башкы дипломаты Кыргызстанга алгачкы ирет келгенин, бул визит министр Кулубаевдин чакыруусу менен уюштурулганын белгиледи. Сейшел аралдары 1976-жылы Улуу Британиядан көз карандысыздык алган, карамагында 115 арал бар. Анда 135 миңдей калк жашайт.",azattyk.org,,,kyrgyz,0,high,,news_site
1d8e8226-2d7d-4cec-8101-4e8dd692efc4,Израилдин президенти Ицхак Герцог Астанага барды,"Израилдин президенти Ицхак Герцог 27-апрелде Астанага барды. Эки өлкөнүн кызматташтыгы казак мамлекет башчысы Касым-Жомарт Токаев менен расмий сүйлөшүүлөрдө талкууланды. Израил-казак алакасы акыркы айларда, өзгөчө былтыр ноябрда Астана Израил менен мусулман өлкөлөрдүн ортосундагы байланышты жакшыртуу максатында АКШнын ортомчулугу менен түзүлгөн дипломатиялык пакт - Авраам (Abraham)макулдашуусунакол койгондонкийин активдешти. Казакстан ал документке кошулар алдында Токаев АКШнын президенти Дональд Трамп жана Израилдин премьери Биньямин Нетаньяху менен телефондон сүйлөшкөн. Январда Израилдин тышкы иштер министри Гидеон Саар 16 жылдан бери биринчи жолу Казакстанга барып кеткен. Визиттин жүрүшүндө визасыз режим тууралуу меморандумга кол коюлган. Ицхак Герцогдун сапары Жакынкы Чыгыштагы абал курчуп турган маалга туш келди. 28-февралда АКШ менен Израил Иранга каршы чабуул баштап, апрелдин башында убактылуу жарашуу жарыяланган. Вашингтон менен Тегерандын сүйлөшүүлөрү азыр туңгуюкта. Тышкы саясатта көп векторлуу багытты карманарын айтып келген Казакстан Ирандын соккуларына кабылган Перс булуңундагы өлкөлөргө колдоосун билдирген. Уруш башталганда Тегеран жооп иретинде Израилге жана америкалык базалар жайгашкан араб мамлекеттерине чабуул койгон. Борбор Азиядан жалгыз Астана Иранга гуманитардык жардам жөнөткөн жок. ",azattyk.org,,,kyrgyz,0,high,,news_site
15650593-83c6-428b-8ada-0d25764ef068,"Камчыбек Ташиев кайрылуу таратып, өзүнө кылмыш иши козголгонун ырастады","“Регион” телеканалынын жетекчиси, Улуттук коопсуздук боюнча мамлекеттик комитеттин (УКМК) мурдагы төрагасы Камчыбек Ташиевге жакын журналист Өткүрбек Рахманов Фейсбуктагы баракчасына 29-апрелде анын кайрылуусун жарыялады. Анда Ташиев ага каршы кылмыш иши козголгонун ырастаган. “Бул кылмыш иши боюнча менин юридикалык жактан толук коргонууга мүмкүнчүлүгүм бар жана Аллахым буюрса, менин эч бир күнөөм жок, акталып чыгам. Кимдин күнөөсү болсо, ал жазасын тартат, ал эми таза болсо акталат. Себеби мамлекетибизде акыйкат сот системасын түзүүгө мамлекет башчыбыздын аракеттери көрүлгөн. Мисалы, 25 адамдан турган “кемпирабадчылар” да акталышты. Ошондуктан баарыңыздарды мыйзамдын чегинде гана болууңуздарды суранамын. Эч кандай коомдук же башка адамдардын кыймыл аракеттеринин зарылдыгы жок деп эсептейм”, - деп жазылган кайрылууда. Камчыбек Ташиев, Жогорку Кеңештин мурдагы спикери Нурланбек Тургунбек уулу жана парламенттин экс-депутаты Курманкул Зулушев 28-апрелде Ички иштер министрлигинде (ИИМ) бир нече саат сурак берип чыкканы кабарланган. Айрым сайттар алар 75 адамдын кайрылуусу менен байланыштырып жатышат. Камчыбек Ташиев бирок кайсыл ишке байланыштуу иш ачылганын тактаган жок. Нурланбек Тургунбек уулу менен Курманкул Зулушев комментарий бере элек. Тургунбек уулунун иниси Жыргалбек Шакиев ал суракка чакырылып жүргөнүн ""Азаттыкка"" бышыктады. Бирок кайсы иш боюнча чакырылганын билбей турганын айтты. 28-апрелдин кечинде адвокат Шердор Абдыкапаров Фейсбуктагы баракчасына сурак тууралуу видео жарыялап, сөз болуп жаткан үч саясатчы сурак эле бербестен аларга “бийликти күч менен басып алууга аракет кылган” деген кине менен айыбы угузулганын айтты. Бирок кийинчерээк видеону баракчасынан өчүрүп салды. Президент Садыр Жапаров 27-апрелде Kaktus.media порталына маек куруп, “75чилердин катына” Камчыбек Ташиевдин тиешеси бар-жогун тергөө жана сотаныктай турганын билдирген. 9-февралда мурдагы премьер-министрлер, парламенттин экс-депутаттары, саясатчылар жана коомдук ишмерлер болуп 75 адамдан турган топ президент Садыр Жапаровго жана Жогорку Кеңештин ошол кездеги төрагасы Нурланбек Тургунбек уулуна кайрылып, жакынкы убакта президенттикшайлоо өткөрүүгө чакырган.Алардын айрымдары кийин кайрылуунун мазмунун окубай туруп эле ага кошулууга макул болгонун айтып чыгышкан. Ички иштер министрлиги бул кайрылууга байланыштуу кылмыш ишин козгоп, анда аты аталган коомдук ишмер Бекболот Талгарбековду, Кыргызстандын Өзбекстандагы мурдагы элчиси, мурдагы айыл чарба министри Эмилбек Узакбаевди жана Жогорку Кеңештин экс-депутаты Курманбек Дыйканбаевди, мурдагы вице-премьер, экс-депутат Аалы Карашевди жана ички иштер министринин мурдагы орун басарыКурсан Асановду кармаган. 10-февралда Садыр Жапаров Камчыбек Ташиевди Министрлер кабинетинин төрагасынын орун басары - Улуттук коопсуздук мамлекеттик комитетининтөрагасы кызматынан бошоткон.Андан кийинки маектеринде Жогорку Кеңеште депутаттар “президент жана атайын кызматтын кишиси” болуп бөлүнүү башталганын, кийин ал парламенттен сыртка чыкканын айтып, 75 адамдын кайрылуусун мисал кылган. Бул окуялардан кийин Нурланбек Тургунбек уулу алгач төрагалык кызматтан кетип, андан соң депутаттык мандатын да тапшырган. Фейсбуктагы баракчасына пост жазып, 75 кишинин кайрылуусуна тиешеси жок экенин билдирген. Акыркы саясий окуялардын фонунда Кундузбек Сулайманов, Элдар Сулайманов, Куванычбек Конгантиев, Шаирбек Ташиев, Курманкул Зулушев, Нурланбек Азыгалиев, Гүлсүнкан Жунушалиева, Абдылдабек Эгембердиев өздөрү жазган арыз менен депутаттык мандатынан ажыратылды. Алардын ичинен “Кыргызнефтегаз” ишканасындагы коррупциялык ишке байланыштуу Камчыбек Ташиевдин иниси, экс-депутат Шаирбек Ташиев, Камбар-Ата-1 ГЭСин даярдоо этабындагы иштерге байланыштуу Кундузбек Сулайманов жана жер тилкелерине байланышкан мыйзамсыз схемаларды уюштурган деген айып менен Куванычбек Конгантиев кармалды. “75чилердин каты” Жогорку Кеңешке түшкөн учурда Курманкул Зулушев парламенттин Конституциялык мыйзамдар, мамлекеттик түзүлүш, жергиликтүү өз алдынча башкаруу жана Жогорку Кеңештин регламенти боюнча комитетинин төрагасы болуп турган. (BTo)",azattyk.org,,,kyrgyz,0,high,,news_site
4cc953d4-4ea3-4a19-8966-341626947204,Былтыр ишкерлерди текшерген 247 кызмат адамы жоопко тартылды,"Башкы прокуратура 2025-жылы ишкерлердин укуктарын коргоо боюнча 233 текшерүү жүргүзүлүп, 577 мыйзам бузуу аныкталганын билдирди. Анын жыйынтыгында ишкерлердин укуктарын калыбына келтирүү үчүн 349 прокурордук акт түзүлүп, 247 кызмат адамы жоопкерчиликке тартылган. Бул тууралуу Баткен облусунда ишкерлердин жана инвесторлордун укуктарын коргоо боюнча консультативдик кеңештин кезектеги отурумунда айтылды. Башкы көзөмөл органы ишкерлердин укугун бузгандарга карата кандай чара колдонулганын тактаган жок. Башкы прокуратура буга чейин 2026-жылдын аягына чейин ишкерлерди пландан тышкары салыктык текшерүүлөргө тыюу салынганын билдирип, бизнеске кысым көрсөткөндөржоопкерчиликке тартыларын эскерткен. Президент Садыр Жапаров 18-февралда укук коргоо органдары менен күч түзүмдөрүн ишкерлерге басым-кысым кылбоого чакырып, ошол эле учурда бизнесмендерди да салыктарын жаап-жашырбайтаза иштөөгө үндөгөн. Кыргызстанда айрым бизнесмендер соңку жылдары укук коргоо органдарынын ар кандай текшерүүлөрүнөн жапа чегип жатканын айтып келишет. (BTo)",azattyk.org,,,kyrgyz,0,high,,news_site
69615585-2f67-4586-bdd6-f07af01e943c,Москвада көп кабаттуу үйгө дрон тийди,"Москвада 4-майга караган түнү көп кабаттуу үйлөрдүн бирине дрон менен сокку урулду. Маалыматка караганда, жабыркаган турак жай комплекси Кремлден болжол менен алты чакырым алыстыкта жайгашкан. Калаа мэри Сергей Собяниндинайтымында,жараат алгандар жок. Ал дагы эки дрон асмандан атып түшүрүлгөнүн кошумчалады. Дрон тийген үй борбордун абройлуу деп саналган Раменки районунда жайгашкан. Бул аймакта Мосфильм киностудиясынан тышкары көптөгөн элчиликтер жана консулдуктар бар. Орусиянын баш калаасына дрон менен чабуул буга чейин да коюлуп келген. Ал соккулардан кийин Москва «Панцирь» сыяктуу зениттик-ракеталык комплекстер менен абадан коргонуусун күчөткөнү кабарланган. Коопсуздук чараларынан, ошол эле дрон чабуулдарынан улам быйыл Кызыл аянттагы Жеңиш парады дачектелген форматта өтөт.Тактап айтканда, анда бул жолу аскердик техника көрсөтүлбөйт. Орусиянын Коргоо министрлиги өлкөнүн ар кайсы аймактарында жана Москва облусунда өткөн түнү жалпысынан 117 учкучсуз аппарат атып түшүрүлгөнүн билдирди. Москва Украинага согуш ачканы Орусиянын ар кайсы аймактары дрон соккуларына көп дуушар боло баштады.",azattyk.org,,,kyrgyz,0,high,,news_site
41f4ca3b-de80-42c8-a9b9-562f8109eed0,Казакстанда мыйзамсыз лотереяга айыпталган блогерлерге сот өкүмү чыкты,"Казакстанда «мыйзамсыз ишкердик жүргүзгөн» жана «мыйзамсыз жол менен табылган каражатты адалдаштырган» деп айыпталган блогер жубайларга соттун өкүмү чыкты. Ага ылайык Ерболат Жанабилов 2 жылга шарттуу кесилсе, ал эми Элмира Төлегенова 2 жылга эркинен ажыратылды. Жубайлардын жашы жете элек балдары бар экенин эске алып, Төлегенованын жаза өтөө мөөнөтү эки жылга жылды. Экөөнүн тең мүлкү конфискацияланат. Прокурорлор блогерлер «пайдасы жок курстарды сатып, утуп алуу мүмкүнчүлүгү өтө төмөн лотерея уюштурганын» билдирген. Тергөөнүн маалыматына ылайык, Жанабилов менен Төлегенова 2025-жылдын август айында баш байгеге автоунаа коюп, лотерея уюштурган. Ага катышууну каалагандар 60 долларлык курс сатып алышы керек эле. Прокуратуранын маалыматы боюнча, бул схема аркылуу блогерлер 247 миллион 653 миң теңге (520-550 миң доллар) тапкан. Башында аларга административдик иш козголуп, кийин Кылмыш кодексинин беренелери менен айып тагылган. Сот отурумдарынын биринде Төлегенова күнөөсүн жарым-жартылай моюнга алган. Мамлекеттик айыптоочу Олжас Хайруллаев жубайларды 4 жылга эркинен ажыратууну сураган. Бирок айыпталуучулар прокурор менен процессуалдык келишим түзүүнү сунуштап, ал канааттандырылган.",azattyk.org,,,kyrgyz,0,high,,news_site
6aed3e01-9054-4401-a2a2-48df003be8ac,"Санарип министрлиги жоюлуп, анын милдети Президенттин иш башкармасына жүктөлдү","Санариптик өнүктүрүү жана инновациялык технологиялар министрлиги жоюлуп, Президенттин иш башкармасына кошулду. Тиешелүү жарлыкка президент Садыр Жапаров кол койгонун “Ынтымак ордонун” басма сөз кызматы кабарлады. Жарлыкта мамлекеттик кызмат көрсөтүүлөрдү санариптештирүүдө олуттуу өсүш болгону, бирок бизнес үчүн бюрократиялык жол-жоболор дагы эле тоскоол болуп жатканы айтылган. Андан тышкары жергиликтүү өз алдынча башкаруу органдарынын деңгээлинде олуттуу кемчиликтер аныкталганы белгиленген. Министрликтин бардык милдеттери, штаттык саны иш башкармалыкка өттү. Ички иштер министрлигин кошпогондо мамлекеттик мекемелердеги санариптик өнүктүрүү боюнча орун басарлардын кызматтары кыскартылат. Санариптик өнүктүрүү министрлиги 2021-жылы Мамлекеттик санариптик өнүктүрүү кызматы менен Юстиция министрлигине караштуу Мамлекеттик каттоо кызматын бириктирүүнүн натыйжасында түзүлгөн. 2025-жылы Санариптик өнүктүрүү жана инновациялык технологиялар министрлиги деп кайра аталган.  Акыркы жылдары Президенттин иш башкармасына бир катар мамлекеттик мекемелер менен кызматтар өттү. Кыргызстан эгемендик алган жылдары Президенттин иш башкармалыгы мамлекет башчынын ишин камсыздоо үчүн уюшулган. Садыр Жапаровдун жарлыгына ылайык, 2021-жылдан тарта башкармалык президентти, өкмөттү жана парламентти да тейлей баштаган. Беш жылда башкармалыкка “Мамлекеттик ипотекалык компания”, “Асман” шаарын куруучу дирекция, “Учкун” басмаканасы, “Унаа” ишканасы, “Кызмат” ишканасы, “ЭлКат” компаниясы жана башка мекемелер берилди. “Азаттык” жакында эле бул боюнча атайын программа даярдап, Президенттин башкармалыгы 4 резиденцияны, 5 мекемени, 3 кызмат-сервисти, 2 дирекцияны, 5 компанияны, 7 ишкананы, 2 бала бакчаны, 7 эс алуу жайды түздөн-түз башкарып жатканын көрсөткөн. (BTo)",azattyk.org,,,kyrgyz,0,high,,news_site
d7a5c184-d103-4bbc-bf09-8d5962aec1d0,"""Проект"": Кыргызстандагы А7 компаниясынын артында Абрамович турушу ыктымал","Батыштын санкцияларын кыйгап өтүү үчүн негизделген орусиялык А7 төлөм платформасынын миллиардер Роман Абрамовичке байланышы бар болушу мүмкүн. Мындай тыянакка «Проект» басылмасы журналисттикиликтөөдөнкийин келди. Басылманын булактары А7 чет өлкөлөр менен эсеп жүргүзүү рыногундагы эң маанилүү оюнчу деп сыпатташты. “Азаттыктын” былтыр июлда жарыяланган журналисттик иликтөөсүндө молдовалык ишкер Илан Шордун Орусиядагы А7 компаниясы Бишкекте “А7-Кыргызстан” аттуу компания ачып, “Олд Вектор” аттуу фирма аркылуу A7A5 токенин же стейблкоинди сатыкка чыгарганы аныкталган. Шор Молдовада 15 жылга соттолгон, анын аты коррупциялык иштерде аталган. Расмий түрдө А7 компаниясына ал жана мамлекеттик Промсвязбанк ээлик кылганы менен, журналисттер маектешкен булактардын бири Абрамовичти анын «демөөрчүсү жана калканы» деп атады. Ал Шорду «схемаларды түзүү» жөндөмү үчүн тандаганын кошумчалады булак. Финансылык документтерге таянып, «Проект» А7 компаниясына таандык кеңселер адегенде Абрамовичтин бизнес борборлордунда жайгашканын аныктаган. Кийин Геленжиктеги даректе катталганы менен олигархтын кеңселеринде анын эки филиалы калууда. А7нин кардарлары арасында Еврошаркет менен АКШнын «кара тизмесине» киргизилген орусиялык 25 фирма бар. Анын бешөө орус армиясы Украинага каршы колдонгон дрондорду чыгарат. «Проекттин» маалыматына ылайык, ошол компаниялар А7 аркылуу бир нече миллиондон эки млрд долларга чейин которгон болушу мүмкүн. Абрамовичтин расмий өкүлү олигархтын бул төлөм платформасына байланышы бар деген маалымат чындыкка туура келбейт деп четке какты. 2024-жылы катталган Grinex криптобиржасында рублге теңме-тең байланган A7A5 аттуу стейблкоин жүгүртүүгө чыгарылган.Кыргызстанда катталган А7А5эл аралык криптовалюта базарында чоң көрсөткүчтөргө жетип, жылдык жүгүртүүсү 100 млрд долларга чукулдаганы быйыл март айында жарыяланган. Былтыр июнда Financial Times басылмасы өз иликтөөсүндө криптобиржа санкциялардан буйтоо үчүн Орусиядан Кыргызстанга жер которгонун, анын артында күмөн иштерде аты аталган молдовалык ишкерИлан Шортурарын билдирген. Кыргыз бийлиги Орусияга каршы салынган санкцияларды кыйгап өтүү боюнча кыргызстандык банктар менен компанияларга коюлган дооматтарды четке кагып келет. 24-апрелде Кыргызстан президентинин администрациясынын маалыматтык саясат кызматынын башчысы Дайырбек Орунбеков Илан Шор Кыргызстанда жашап жатканы жөнүндөгү маалымат чындыкка дал келбей турганын билдирген.  ",azattyk.org,,,kyrgyz,0,high,,news_site
334ff509-321d-4cca-b481-49d6bc77b239,Депутат Сариев Чүй дарыясынын жээгин бекемдөөгө көбүрөөк каражат бөлүүгө чакырды,"Жогорку Кеңештин депутаты Улан Сариев өкмөттү Чүй дарыясынын жээктерин бекемдөө иштерине бөлүнгөн каражатты көбөйтүүгө чакырды. Ал парламенттин 29-апрелдеги жыйынында дарыянын кемирилген жерлерин 1-2 жылдын ичинде бекемдеп бүтпөсө Кыргызстан тараптан көп жер желип кетерин айтты. Өзгөчө кырдаалдар министрлиги (ӨКМ) Сокулук районунун Төмөнкү-Чүй айыл аймагынан жана Аламүдүн районунун Сүймөнкул Чокморов айыл аймагынан агып өткөн Чүй дарыясынын жээгиндеги кооптуу тилкелеринин эрозиясын токтотуу максатында жээк бекемдөө иштерин жүргүзүп жатканын билдирген. “Азаттык” 2023-жылы “Чүй дарыясы: жүздөгөн гектар жер казак тарапта калды” деп аталган иликтөө жарыялаган. Анда суу Чүй дарыясынын сол жээгин жеп, гектарлаган жер Казакстан тарапта калганын иликтеп чыккан. Буга чейин мурдагы өзгөчө кырдаалдар министри Бообек Ажикеев өлкө кеминде 800 гектардай жеринен ажыраганын билдирген жана бул жагдайды президент Садыр Жапаров жеке көзөмөлүнө алганын айткан. 2012-жылы Жогорку Кеңештин тармактык комитети өкмөттү жыл сайын Чүй дарыясын бекемдөө иштерине 200 миллион сом бөлүп берип турууга милдеттендирген. Буга карабай, 2024-жылы жээкти бекемдөөгө 80 миллион, 2023-жылы 50 миллион сом гана берилгени белгилүү болгон. Кыргыз тарап 2013-жылы дарыянын сол жээгин иликтеп чыгып, кооптуу, дамба курулушу керек деген жалпы узундугу 65,5 чакырымды түзгөн 193 тилкени тактаган. (BTo)",azattyk.org,,,kyrgyz,0,high,,news_site
ee9d9481-4d2b-4582-93be-e61d4ca9d901,Иранда түрмөдө отурган Наргиз Мохаммади ооруканага которулду,"Нобелдин тынчтык сыйлыгынын лауреаты, Иранда түрмөдө отурган укук коргоочу Наргиз Мохаммадинин ден соолугу кескин начарлап кеткендиктен ооруканага жаткырылды. Бул тууралуу Наргис Мохаммади фондунун сайтына анын үй-бүлөсүнүн жана адвокатынын билдирүүсү жарыяланды. Укук коргоочу жума күнү жүрөк оорусунан улам эки жолу эсин жоготкондон кийин Зенжандагы оорукананын реанимация бөлүмүнө жеткирилген. Маалыматка ылайык, бийлик укук коргоочуну Тегерандагы шарты жакшы Парс ооруканасына которуудан баш тарткан. Зенжандагы кардиологдор мурда шаардын ооруканаларында аны дарылоо үчүн зарыл болгон атайын жабдуулар жетишсиз экенин эскертишкени айтылат. Наргиз Мохаммади быйыл февралда “улуттук коопсуздукка каршы кутум жана жыйындарды уюштурган, пропаганда жүргүзгөн” деп айыпталыпжети жарым жылга кесилген.Ал өзү бул дооматтарды четке кагып келет. Аялдардын укуктары, өлүм жазасын алып салуу үчүн узак жылдардан бери күрөшүп келген 53 жаштагы Наргиз Мохаммади 2023-жылы Нобел тынчтык сыйлыгын алган. (BTo)",azattyk.org,,,kyrgyz,0,high,,news_site
7647813f-040f-4947-9f09-efa2c59803c4,Трамп Бириккен Араб Эмирлигинин ОПЕКтен чыгуу чечимин колдоду,"Кошмо Штаттардын президенти Дональд Трамп Бириккен Араб Эмирликтеринин (БАЭ) ОПЕКтен чыгуу чечимин колдоду. «Бул эң сонун чечим», - деди ал басма сөз жыйынында. Трамп БАЭнин лидери Мохаммед бин Зайед Аль Нахайянды «абдан акылдуу» деп атап, «балким өз жолу менен кеткиси келип жаткандыр» деген пикирин бөлүштү. ОПЕК - мунай өндүргөн ири өлкөлөрдүн уюму дүйнөлүк баага таасир этүү үчүн өндүрүш көлөмүн координациялап турат. Трамп БАЭнин бул кадамын «бензиндин баасын төмөндөтүүгө жардам бере турган жакшы нерсе» деп баалады. Бириккен Араб Эмирликтери 28-апрелде 1-майдан тарта ОПЕК жана ОПЕК+танчыгарын жарыялаган.Бул чечим эксперттер үчүн күтүүсүз болгон жок, анткени өлкөнүн мунай өндүрүү мүмкүнчүлүгү ОПЕК койгон чектөөлөрдөн жогору. Трамп бул кадам ОПЕК үчүн көйгөйлөрдү жаратышы мүмкүн экенин да белгиледи. Чечим жарыялангандан кийин мунай баасы убактылуу төмөндөгөн. Бирок Иран менен АКШ ортосундагы сүйлөшүүлөрдүн туюкка кептелиши жана Трамптын Иран портторуна каршы блокадасын улантары тууралуу билдирүүлөрүнөн улам мунай баасы кайрадан кескин көтөрүлдү.",azattyk.org,,,kyrgyz,0,high,,news_site
0c2706cb-51ce-46e2-b45d-d9206da5f504,"Кинотеатрларда тыюу салынган ""Өч 2""  тасмасын интернеттен көрсөтүүгө уруксат берилди","“Өч 2” тасмасын онлайн “Этномедиа” платформасынан көрсөтүүгө уруксат берилди. Бул тууралуу “Азаттыкка” тасманын продюсери Ренат Русланов билдирди.Анын айтымында, тасма платформада “21+” деген чек менен көрсөтүлөт.Маданият, маалымат жана жаштар саясаты министрлиги “Өч 2” көркөм тасмасын өлкө аймагында көрсөтүүгө 13-апрелде тыюу салган.Чечим Кинематография департаментинин комиссиясы “тасмада зомбулук жана адеп-ахлакка жат көрүнүштөр бар, тарбиялык мааниси жетишсиз” деп тапкандан кийин кабыл алынган.Эксперттик комиссия тасманын мазмуну коомчулукта терс реакция жаратып, айрыкча жаштар арасында терс психологиялык жана моралдык таасир тийгизүү коркунучу бар деген тыянакка келген.Буга байланыштуу “Кыргызтасмасы” киноборбору мамлекеттик мекемесинин директору Алмаз Түлекеев кызматынан бошотулган. Кинотеатрларга эки жумага жакын прокатта турган тасманы көрсөтүүдөн алып салуу милдети коюлган.Тасманы тарткан топ бул чечимге нааразы болгон. Алар фильмди тартуу үчүн банктан кредит алышканын, 100 миң доллардан ашык чыгымы акталбай калганын айтышкан. Кырдаалга байланыштуу Кыргыз кинопродюсерлеринин ассоциациясы министрликке кат жолдоп, цензурага жол бербөөнү өтүнүшкөн.“Өч 2” тасмасы драма, триллер жанрында тартылган. Режиссерлору Илгиз Куватбек жана Шамилбек Бекболсун уулу.Реалдуу окуяга негизделген тасмада баш каармандын карындашын уурдап, кордогон адамдардан өч алганы баяндалат.Кинематография департаментинин кабарлашынча, өлкөдө жылына 70тей тасма тартылат, быйыл алардын саны жүзгө жетери болжолдонууда. Коммерциялык тасмалар жеке студияларда, ал эми мамлекеттик тасмалар “Кыргызфильм” студиясында тартылат. (ST)",azattyk.org,,,kyrgyz,0,high,,news_site
f0d6e3fa-1678-4c12-8783-bf30222ef3a6,Орусиялык генерал Азатбек Омурбековду жок кылуу аракети көрүлгөнү маалымдалды,"Орусиянын Хабаровск аймагындагы аскердик гарнизондо жардыруу болуп, бир адам каза тапты, бир нече адам жаракат алды. Бул тууралуу «ВЧК-ОГПУ» жана Khabara Телеграм каналдары жазышты. Маалыматка караганда, чабуул генерал-майор Азатбек Омурбековду жок кылуу максатында коюлган болушу мүмкүн. Жардыруу гарнизондогу №55 үйдүн кире беришинде болгон. Бомба тепкичке коюлган. Натыйжада подполковник Кузьменко каза болуп, Омурбеков аман калган. Бирок анын абалы тууралуу маалымат жок. Khabara жазгандай, жардыруу 28-апрелде эртең менен болгон. Үч-төрт киши жаракат алган. Расмий бийлик бул окуя боюнча азырынча маалымат бере элек. Азатбек Омурбеков 2022-жылы Хабаровск крайында жайгашкан №64 өзүнчө мото аткычтар бригадасын жетектеген. Ал Украинанын Буча шаарындагы кыргынга айыпталып келет. Орусиянын Коргоо министрлиги бул айыптоолорду четке каккан. Бирок Associated Press жана Би-би-си сыяктуу эл аралык медиалар өз иликтөөлөрүндө жарандардын өлүмүнө орус аскерлери тиешеси бардыгын көрсөтүшкөн. Украинанын прокуратурасы оккупация маалында Бучада 600дөн ашуун карапайым киши өлтүрүлгөнүн, көбү кыйноого кабылганын аныктаган. 2022-жылдын жай айларында ошол эле бригаданын жоокери Даниил Фролкин журналисттерге интервью берип, оккупациядагы Андреевка айылында жаранды өлтүргөнүн мойнуна алган. Ал ошондой эле Омурбеков жоокерлерди сабап, кемсинткенин жана фронттогу кырдаал тууралуу бурмаланган маалымат бергенин айткан. Кийин Фролкин «жалган маалымат таратты» деген айып менен 5,5 жылга соттолгон. Аны менен бирге кызмат өтөгөн аскерлер Омурбеков жарандарды, айрыкча уюлдук телефону бар адамдарды атууга буйрук бергенин билдиришкен. Бучадагы окуялардан кийин ага орус президенти Владимир Путин «Орусиянын Баатыры» наамын ыйгарган. Омурбековго АКШ, Улуу Британия жана Евробиримдиксанкция киргизген. Омурбеков 1983-жылы Өзбекстандын Каракалпак автоном облусунун башкы каласы Нукус шаарында төрөлгөн. ",azattyk.org,,,kyrgyz,0,high,,news_site
fa9399f3-1da0-4db2-9b8a-8c271b836035,Жапония өз кемеси Ормуз кысыгынан өткөнүн билдирди,"Жапониянын премьер-министри Санаэ Такаичи Ормуз кысыгында калган кемеси 29-апрелде каналдан аман-эсен өткөнүн билдирди. Маалыматка караганда, бортто команданын жапониялык үч мүчөсү бар. Х социалдык тармагына жарыялаганпостундаөкмөт башчы кысыкты бардык өлкөлөрдүн, аныны ичинде жапон кемелеринин коопсуз жана эркин өтүшү үчүн ачуунун маанисин белгиледи. Мындай позициясын Ирандын президенти Масуд Пезешкиан менен бөлүшкөнүн айтты. “Биздин өкмөт Жапонияга байланышкан кеменин Ормуздан өткөнүн оң жышаан катары баалайт”, - деп билдирди жапон Тышкы иштер министрлиги. АКШ менен Израил чабуул баштаган 28-февралда Иран кысыкты кемелер менен мунай танкерлери үчүн иш жүзүндө жаап салган. Ок атышууну токтотуу макулдашуусунан кийин, 17-апрелде ачып, көп өтпөй кайра жапкан. Анын алдында АКШ менен Ирандын сүйлөшүүлөрү майнапсыз аяктаганда америкалык аскерлер ирандык портторду бөгөттөгөн. Мунун айынан пайда болгон глобалдык кризис өзгөчө Азиянын өлкөлөрүндө сезилүүдө.",azattyk.org,,,kyrgyz,0,high,,news_site
0858de70-b29a-42a8-a3e6-742a8c85fbb9,Ицхак Герцог Иран Кыргызстанды санкциядан буйтоо үчүн колдонушу мүмкүн экенин айтты,"Израилдин президенти Ицхак Герцог Казакстанга болгон мамлекеттик сапарында “Иран Кыргызстанды санкцияларды айланып өтүү максатында колдонушу мүмкүн” экенин билдирди. Бул тууралуу ал Астанада Борбор Азия өлкөлөрүнүн раввиндери менен жолугушууда айтканынJNS басылмасы жазды. Анда Кыргызстандагы раввин Арье Райхман Ирандын коргоо министринин орун басары Реза Талаи Ник жакында эле Бишкекке иш сапары менен келгенин белгилеген. Ал учурдагы геосаясий кырдаалды жана Иран менен АКШ-Израил  альянсынын ортосундагы жакында эле болгон атышууну токтотууну эске алганда бул сапар күтүлбөгөн окуя болгонун айткан. Ицхак Герцогдун сөзүнө байланыштуу Кыргызстандын Тышкы иштер министрлиги (ТИМ) комментарий бере элек. Мурдагы тышкы иштер министри Аликбек Жекшенкулов пикирин билдирип, Ицхак Герцогдун сөзүн “Кыргызстандын өз алдынча тышкы саясат жүргүзүү боюнча суверендүү укугуна одоно кийлигишүү жана бурмалоо” деп баалады. Ирандын коргоо министринин орун басары Реза Талаи Ник 27-апрелде Бишкекке Шанхай кызматташтык уюмуна (ШКУ) мүчө мамлекеттердин коргоо министрлеринин саммитине катышуу үчүн келген. 28-апрелде уюмга мүчө өлкөлөрдүн коргоо министрлери менен бирге президент Садыр Жапаровдун кабыл алуусунда болгон. (BTo)",azattyk.org,,,kyrgyz,0,high,,news_site
a52f86c1-4d56-4039-94a8-456891c019d3,Туапседеги мунай иштетүүчү заводго үчүнчү жолу сокку урулду,"Украин куралдуу күчтөрүнүн Башкы штабы Орусиянын Краснодар крайындагы Туапсе мунай иштетүүчү заводго дагы бир сокку урулганын, кесепеттин масштабы аныкталып жатканын билдирди. Ага чейин аймактын бийлиги ишканада өрт тутанганын, эч ким жабыркабаганынмаалымдаган. Региондун губернатору Вениамин Кондратьев Туапсе округунун башчысына шилтеме менен билдиргендей, заводго жакын жашаган кишилерэвакуацияланды. Ал жай үстүбүздөгү айда эки ирет соккугакабылган. Натыйжада өрттү бир нече күн бою өчүрүшкөн, суу менен аба булганганы кабарланган. Нөшөр жаандан улам Туапсе дарыясы кирип, мунай менен аралаш суу ага чейин орнотулган тосмолордон ашып төгүлүп, Кара деңиздин акваториясына аккан. «Кедр» басылмасы жарыялаган сүрөттөрдө шаардын үстүнөн калың түтүн көтөрүлүп жатканы көрүнүп турат. Орусиянын бийлиги чет өлкөлүк агенттер тизмесине киргизген басылманын кабарчысын полицияга маектешүүгө алып кетишкенимаалымдалды. Туапседеги мунай иштетүүчү завод экспортко иштейт. Украин куралдуу күчтөрү аны бутага алуу менен Орусиянын «аскердик-экономикалык дараметин төмөндөтүүнү» көздөгөнүн айтууда. Рейтер агенттигинин маалыматына ылайык, завод 16-апрелде болгон биринчи соккудан кийин мунай иштетүүнү токтоткон. Орусиянын Коргоо министрлиги 28-апрелге караган түнү 186 пилотсуз учак атып түшүрүлгөнүн билдирди. Маалыматка караганда, Брянск облусунда бир кишижарадарболду, Белгороддо үч кишиказа тапты, үчөө жаракат алды.  ",azattyk.org,,,kyrgyz,0,high,,news_site
7befd825-f508-42d6-b6b2-67b269417089,Касымалиев Кытайдын коргоо министри менен эки өлкө алакасын талкуулады,"Кыргызстандын Министрлер кабинетинин төрагасы Адылбек Касымалиев 27-апрелде Кытайдын коргоо министри – мамлекеттик кеңешинин мүчөсү Дун Цзюн менен жолукту.Жолугушууда кыргыз-кытай кызматташтыгы акыркы жылдары түрдүү чөйрөдө тездик менен өсүп жатканы белгиленип, буга эки өлкөнүн мамлекет башчыларынын жолугушууларында жетишилген макулдашуулар себеп болгону айтылды.Адылбек Касымалиев Кыргызстандын экономикасындагы жогорку көрсөткүчтөрдө Кытайдан тартылып жаткан инвестициянын да ролу чоң экенин белгиледи:“Кыргызстан Кытай менен кызматташууну өнүктүрүүгө өзгөчө маани берет жана негизги стратегиялык өнөктөштөрүнүн бири катары карайт. Биз ошондой эле эл аралык уюмдардын, биринчи кезекте БУУ, ШКУ, “Кытай – Борбор Азия” кызматташтык форматы жана башкалардын алкагында активдүү кызматташып жатабыз. Биз кыргыз-кытай соода-экономикалык, илимий-техникалык, маданий-гуманитардык чөйрөлөрдө, мындан тышкары коопсуздук жана коргонуу жаатында да стратегиялык өнөктөштүктү мындан ары тереңдетүүгө умтулабыз”.Кытайдын коргоо министри Дун Цзюн Адылбек Касымалиевге Кытайдын Мамлекеттик кеңешинин премьери Ли Цяндын саламын жолдоду. Ошондой эле Кытай Кыргызстан менен ар тараптуу кызматташууга кызыкдар экенин, анын ичинде аскердик, коргоо жана коопсуздук багытында өнөктөштүктү улантуунун маанилүүлүгүн белгиледи.Дун Цзюн Кыргызстанга Шанхай кызматташтык уюмуна мүчө өлкөлөрдүн коргоо министрлеринин жыйынына катышуу үчүн келген. Быйыл бул уюмга Кыргызстан төрагалык кылып жатат.(ZKo)",azattyk.org,,,kyrgyz,0,high,,news_site
ac1b1630-34f2-4bea-8bab-044f8059ae95,Газа: Аббастын тарапкерлери муниципалдык шайлоодо алдыга чыкты,"Газа тилкесиндеги Дейр-эль-Балах шаарындагы муниципалдык шайлоодо Палестин автономиясынын лидери Махмуд Аббастын тарапкерлери (ФАТХ кыймылы) жеңишке жетти. Шайлоо Израил окупациялап алган Батыш жээкте да өтүп, ФАТХ кыймылынын өкүлдөрү көпчүлүк добуш алышты. Бул тууралуу шайлоо комиссиясынын өкүлдөрүнө таяныпReuters жазды. Бул соңку 20 жылда Дейр-эль-Балах шаарында (Газанын бир бөлүгүндө) өткөн алгачкы добуш берүү. Ага катышуу деңгээли Газада 23%, ал эми Батыш жээкте 56% түзгөнүн Рамаллада жайгашкан Борбордук шайлоо комиссиясынын башчысы Рами аль-Хамдалла билдирди. ХАМАСка жакын деп эсептелген «Дейр-эль-Балах бизди бириктирет» аттуу кыймыл шаардык кеңештеги 15 орундун болгону экөөнү гана алды. ХАМАС АКШ менен Евробиримдикте террордук деп эсептелет. Ал эми ФАТХ кыймылы колдогон «Нахдат Дейр-эль-Балах» тизмеси алты мандат алып жеңишке жетти. Калган орундарды көз карандысыз талапкерлер бөлүштүрдү. ФАТХ партиясы 1950-60-жылдары түзүлгөн. Анын негиздөөчүлөрүнүн бири Ясир Арафат болгон. Учурда ФАТХ Батыш жээкте бийлик жүргүзүп, эл аралык коомчулук менен сүйлөшүүлөрдү алып барган негизги саясий күч болуп эсептелет. ХАМАС шайлоону расмий бойкот кылып, Газада да, Батыш жээкте да талапкерлерди көрсөтпөдү. Ошентсе да Дейр-эль-Балахтагы жыйынтыктар бул топко болгон колдоонун деңгээлин көрсөтүшү мүмкүн деп бааланууда. Палестин автономиясынын премьер-министри Мохаммед Мустафа шайлоо «өтө татаал шартта, оор маселелердин жана өзгөчө кырдаалдын фонунда» өткөнүн айтып, аны демократиялык институттарды жана улуттук биримдикти бекемдөөгө карай «маанилүү алгачкы кадам» деп атады. Эксперттердин айтымында, ФАТХтын жеңиши шайлоочулар эл аралык колдоого жана акырындык менен саясий өзгөрүүлөргө умтулуп жатканын көрсөтүшү мүмкүн. Муниципалдык шайлоолор 183 конушта өттү. Айрым шаарларда атаандаштык болбогондуктан добуш берүү болгон жок. Ал жакта талапкерлер автоматтык түрдө шайланды.",azattyk.org,,,kyrgyz,0,high,,news_site
836254e9-0c31-4c2d-91c2-fea7b7cb5531,Орунбеков өкмөт BELES автобусун эмнеге сатып албай жатканын айтты,"Президенттин администрациясынын маалыматтык саясат кызматынын башчысы Дайырбек Орунбеков өкмөт Кыргызстанда чогултулган BELES автобусун эмнеге сатып албаганы тууралуу түшүндүрмө берди. Ал Фейсбуктагы баракчасына жазган билдирүүсүндө президент Садыр Жапаров кызматка жаңы киришкенде BELES ишканасына барганын, анда кол менен чогултулган бир гана автобус болгонун жана Бишкек шаарын тейлеш үчүн жетиштүү сандагы автобус керек экенин айтты. “Экинчиси, бул автобустар тиешелүү сыноодон өтүп, сертификат алган эмес. Тетиктери сырттан алып келинип, бул жакта жөн гана кол менен чогултулган. Стандарттарга жооп берген завод жок. Ар ким эле үйүнөн бир автобус чогултуп алып, “меникин алгыла”, - дей берсе болобу? Мындай транспорт эл ташууга толук жооп бере албайт. Анткени жүздөгөн адамдардын коопсуздугу биринчи орунда турушу керек. Үчүнчүдөн, BELES автобустары азыр алынып жаткан автобустарга караганда 1,5 эсе кымбат сунушталган. Төртүнчү, BELES автобусунун мотору дизель менен жүрөт. Билесиздер, буга чейин шаарды булгаган дизелдик маршруттук таксилерди тазалап, газ жана электр энергиясы менен жүргөн автобустарга өткөнбүз”, - деди ал. 2022-жылы Чүй облусунда жергиликтүү “Белес.kg” деп аталган компания автобус кураштыруучу завод ачкан.Компаниянын иши менен таанышканы баргандапрезидент Садыр Жапаров мамлекет сыноо иретинде андан 10 автобус сатып аларын билдирген. Бишкек шаардык мэриясы кийин атамекендик компания чыгарган транспорттун баасы жана башка шарттары туура келбей жатканын билдирип,андан автобус сатып алуудан баш тарткан. BELES ишканасынын негиздөөчүсү Мирбек Аскалиев 2026-жылдын башында президентке кайрылуу кылып, өкмөт BELES автобусунан бирди да сатып алаэлектигин айткан.Ал BELES автобусунун баасы 168 000 евро экенин, Бишкек мэриясы Түркиядан алган, комплектациясы BELESке окшош Isuzu Citiport автобустары 317 500 евродон сатып алынганын, чет жактан сатып алынган транспорт 85% кымбат экенин билдирген. (BTo)",azattyk.org,,,kyrgyz,0,high,,news_site
c25e11f0-75ed-42f0-b905-250b8faeb4b0,Акыркы жылдары мамлекетке кайтарылган мүлктүн 221и сатылды,"Кыргызстанда 2020-жылы келген бийликтин тушунда мурда-кийин мыйзамсыз менчиктештерилген делген 1488 мүлк кайра мамлекетке алынган. Бул тууралуу мамлекеттик мүлктү башкаруу боюнча мамлекеттик агенттиктин директорунун биринчи орун басары Замирбек Кененбаев Жогорку Кеңештин 30-апрелдеги жыйынында депутаттардын суроолоруна жооп берип жатып айтты. Анын сөзүнө караганда, мунун ичинен 221 объект сатылып, 1048и мамлекеттик мекемелерге берилсе калган 219 мүлк Мамлекеттик мүлктү башкаруу боюнча мамлекеттик агенттиктин карамагында турат. Парламенттин депутаты Кубанычбек Самаков мамлекетке алынган мүлктөр кимге сатылганы же кайсы мамлекеттик органга берилгени тууралуу ачык маалымат жок экенин, айрымдары мамлекеттик кызматкерлердин үйүнөн чыккан фактылар бар экенин айтты. Мурда-кийин мыйзамсыз менчиктештирилген делген мүлктөрдү мамлекетке алуу ишин негизинен Улуттук коопсуздук боюнча мамлекеттик комитет (УКМК) жүргүзүп келет. Атайын кызмат Кыргызстанда акыркы беш жылда коррупцияга каршы күрөштөн мал-мүлк, каражат түрүндө мамлекетке 352 млрд сом (4,14 млрд доллар) кайтарылганын билдирген. (BTo)",azattyk.org,,,kyrgyz,0,high,,news_site
e478d4e8-c6ba-4585-bef7-ada3de9d1820,ИИМ коомдук жайларда кайыр сурагандар жоопко тартыларын билдирди,"Ички иштер министрлигинин (ИИМ) Кыргызстандагы коомдук жайлардагы тилемчиликтин деңгээлин төмөндөтүү үчүн аларга айып пул салуу, чет жактан келген кайырчыларды мекенине депортациялоо жөнүндө сунушунун негизинде бир катармыйзамдарга өзгөртүү киргизилип, 23-апрелде кол коюлду. Мыйзамдар менен жолдун автоунаа өткөн бөлүгүндө тилемчилик кылууга, коомдук жайларда кайырчылык кылууга тыюу салынат. Аны бузгандар 20дан 30 саатка чейинки мөөнөткө коомдук иштерге тартылат же үч суткага чейин камакка алынат. Ошондой эле улгайган жарандарды, кош бойлуу аялдарды, психикалык жактан жабыркаган адамдарды, майыптыгы барларды тилемчиликке тарткандарга 200 эсептик көрсөткүч (20 миң сом) өлчөмүндө айып пул салынат. Мындан тышкары Кыргызстандын аймагында тилемчилик кылган чет өлкөлүк жарандар өлкөдөн чыгарылат. Мыйзам расмий жарыяланган күндөн он күн өткөндөн кийин күчүнө кирет. ИИМ бул мыйзам долбоору жакыр, муктаж жарандарды жазалоого эмес, коомдук тартипти бузган жана элдин коопсуздугуна коркунуч жараткан аракеттерди токтотуугабагытталганын белгилеген. Кыргызстанда базарларда, көчөлөрдө, мечиттердин жанында, автоунаа жүргөн жолдордо жаш балдар, балалуу аялдар, улгайган адамдар жана башка тилемчилер көбөйүп жатканы тууралуу нааразылыктар айтылып келген. (ZKo)",azattyk.org,,,kyrgyz,0,high,,news_site
832ace21-b763-413a-9471-f163afa12617,"Украинада Одесса, Орусияда Туапсе кайрадан дрон чабуулуна кабылды","1-майга караган түнү Украинада Одесса облусунун Измаил районундагы порт инфраструктурасы Орусиянын чабуулуна кабылды. ""Душман Измаил районундагы порт инфраструктурасына абадан сокку урду. Мамлекеттик өзгөчө кырдаалдар кызматы өрттү тез арада өчүрдү"", - деп билдирди райондук мамлекеттик администрация. Баштапкы маалыматтарга караганда, жабыркагандар катталган жок. Анын алдында Одессада көп кабаттуу эки турак жайга дрон менен сокку урулуп, өрт чыкканын шаардык аскер администрациясынын башчысы Сергей Лысак жана Украинанын Аба күчтөрүнүн маалымат кызматы билдирген. ""Учурда биз курмандыктар жана келтирилген зыяндын көлөмү тууралуу маалыматты тактап жатабыз"", - деп жазган Лысак Telegram баракчасына. Ал тапта Орусияда Краснодар крайынын ыкчам штабынын маалыматы боюнча, Туапсе деңиз терминалына кайрадан дрон чабуулу жасалды. Штаб соккудан өрт чыкканын, буга украин тарап айыптуу экенин билдирди. Ушуну менен соңку эки жумада орусиялык деңиз порту төртүнчү жолу учкучсуз учактардын чабуулуна кабылды. Өрттү өчүрүүгө 128 адам жана 41 техника тартылганы, адамдар арасында жабыркагандар жок экени маалымдалды. Туапседе соңку кырдаалды экологиялык кырсык деп атап, ""мунай жамгыры"" жааганын, деңизде мунай калдыктары пайда болгонун кабарлап жатышат. (RK) ",azattyk.org,,,kyrgyz,0,high,,news_site
cd695985-f81b-4453-bf07-1ef81158e2e7,Булак: Президент Трамп Ирандын соңку сунушуна канааттанган жок,"АКШнын президенти Дональд Трамп согушту токтотуу боюнча Тегерандын соңку сунушуна наарызылыгынбилдирди. «Азаттык» менен маектешкен жогорку расмий өкүлдүн айтымында, мындай реакцияны планда Ирандын өзөктүк программасы тууралуу сөз болбогону жаратты. Америкалык администрация жаңжалды дипломатиялык жол менен чечүү үчүн уранды байытууну катуу көзөмөлдөө жана чектөө маселесин камтышы керек деген позицияны карманат. 27-апрелде Ак үйдүн басма сөз катчысы Кэролайн Левитт Трамп коопсуздук боюнча кеңешчилери менен Ирандын жаңы сунушун талкуулаганын ырастаган. Ушу тапта ок атышууну убактылуу токтотуу режими иштеп жатат. Тегеран жаңы план тууралуу маалыматты бышыктай элек. Axios басылмасы өз булактарына таянып жазгандай, Ислам жумурияты АКШ Ормуз кысыгынын блокадасын алууга тийиш жана өзөктүк программа боюнча сүйлөшүүлөр кийинки мөөнөткө жылсын деген шарт койгон. Ал арада АКШнын мамлекеттик катчысы Марко Рубио дүйшөмбүдө Fox News телеканалына бергенинтервьюдаазыркы жаңжалды жөнгө салууда өзөктүк маселе борбордук орунду ээлерин билдирди. Мамлекеттик департаменттин жетекчиси Ирандын башында радикалдуу лидерлердин турганы өзү эле кооптонуу жаратарын, бирок Тегерандын өз таасирин өлкөнүн сыртында жайылтуу аракети ого бетер каматама кыларын белгиледи. Ирандын бийлиги атомдук куралдын үстүнөн иштеп жатканын четке кагууда. Ошол эле маалда уранды жарандык максаттар үчүн зарыл болгон деңгээлден жогору байытпоо талабына көнбөй жатат. ",azattyk.org,,,kyrgyz,0,high,,news_site
565a4cef-d348-4ad4-92ab-cbe0b0b2d123,Антимонополия билет баасы боюнча авиакомпанияларга эскертүү берди,"Монополияга каршы жөнгө салуу кызматы Бишкек-Ош-Бишкек ички багыты боюнча жүргүнчүлөрдү ташыган авиакомпанияларга эскертүү берилгенин билдирди. Мекеме адамдардын кайрылуулары, жалпыга маалымдоо каражаттарына чыккан маалыматтар менен социалдык тармактардагы талкуулардын негизинде мониторинг жүргүзүлгөнүн кошумчалады. Анын жыйынтыгында Бишкек-Ош-Бишкек багытында авиабилеттердин баасы кескин кымбаттаганы аныкталган. Айрым авиакомпанияларда бир тарапка 8 820 сомго чейин жетсе, кээ бирлери 6 000 сом деп койгон. Буга байланыштуу AVIA TRAFFIC COMPANY, TEZJET, “АЭРО НОМАД ЭЙРЛАЙНС”, Sky FRU жана “Асман эйрлайнс” компанияларына эскертүү берилди. Монополияга каршы жөнгө салуу кызматынын эсебинде Бишкек-Ош-Бишкек багыты боюнча бир тарапка билеттин баасы болжол менен 6 000 сом. Ички каттамдарда билеттин баасы кымбат болуп жатканы жакында эле Жогорку Кеңеште дакөтөрүлгөн. Буга чейин президент Садыр Жапаровдун басма сөз катчысы Аскат Алагөзов 2026-жылдан тартып көпчүлүк аймактаргаички аба каттамдардын билет баасы арзан жана туруктуу болорунжарыялаган. Ал бул президенттин жеке колдоосу менен өлкөнүн Турукташтыруу фондунун дотацияларынын алкагында ишке ашарын билдирген. (BTo)",azattyk.org,,,kyrgyz,0,high,,news_site
25d48883-6460-4c0a-81e5-fa9f98049f9b,"Сүлүктүдө көмүр кенинде шахта урап, бир киши набыт болду","27-апрелде Сүлүктү шаарындагы ""Кара-Садак"" көмүр шахтасында кырсык болуп, бир киши уранды алдында калып набыт болду. Бул тууралуу Өзгөчө кырдаалдар министрлиги (ӨКМ) 28-апрелде маалымдады. 41 жаштагы шахтердун сөөгүн куткаруучулар ошол эле күнү уранды алдынан алып чыгышкан. Маркумдун сөөгү ""Тез жардам"" кызматкерлерине өткөрүлүп берилген. Учурда кырсыктын себептери такталууда. Сүлүктү шаарында бир нече көмүр шахтасы жайгашкан. Буга чейин шахталарда иштеп жатып газга ууланып өмүрү кыйылган окуялар бир нече жолу катталган. Былтыр январда шаардагы шахталардын биринде уранды алдында калган кен казуучу куткарылган. 2020-жылы ""Кенчилер-Береке"" шахтасында газ чыгып, кырсыктын кесепетинен эң кичүүсү 19, эң улуусу 73 жаштагы үч эркек жана кош бойлуу бир келин газга ууланып каза болгон.(ZKo)",azattyk.org,,,kyrgyz,0,high,,news_site
d7838894-14a8-47c9-9e98-8422afd00f1a,Акыйкатчы: Алимент өндүрүү маселеси жапырт социалдык көйгөйгө айланууда,"Акыйкатчы Жамиля Жаманбаева Кыргызстанда жашы жете элек балдарга алимент өндүрүү жылдап созулган көйгөйгө айланганын белгиледи.Акыйкатчынын 28-апрелде таратылган билдирүүсүндө азыркы иштеп жаткан алимент өндүрүү механизми жетиштүү натыйжа бербей, ""жарандар ата-энелик жоопкерчиликтен качып, баланын укуктары толук корголбой, маселе массалык социалдык көйгөйгө айланып бара жатканы"" белгиленген.Мекеме алимент өндүрүү боюнча сот чечимдеринин аткарылышына былтыр мониторинг жүргүзгөн. Анда Башкы прокуратурага караштуу Сот аткаруучулар кызматынын жана Улуттук статистикалык комитеттин маалыматтарына талдоо жүргүзүлгөн. Соттор, ИИМдин өкүлдөрү, адвокаттар, ошондой эле алимент өндүрүү көйгөйлөрүнө кабылган аялдар менен маектешүү жүргүзүлгөн.""Алимент өндүрүү жолу соттук териштирүүсүз ишке ашпай, ата-энелик милдеттин мыйзам чегинде аткаруу маданияты өнүкпөй, балага каражат бөлдүрүү үчүн жарандар соттошууда. Соттун чечими чыгарылган менен алардын басымдуу бөлүгү ишке ашпай жатат. Бул алиментке байланыштуу негизги көйгөйлөрдүн бири. Акыйкатчы институтуна кайрылгандардын баарында сот чечими болгон жана ал учурда алар аткарылган эмес"", - деп жазылган омбудсмендин билдирүүсүндө.2024-жылы, акыйкатчынын маалыматына караганда, сот аткаруучулар 36 613 чечимдин 4 152синен гана алимент өндүрө алган. 2025-жылдын аягында алимент боюнча сот чечиминин саны 60 миңден ашкан. Муну белгилеген омбудсмен алимент өндүрүү механизмдери алгылыктуу натыйжа бербей жатканын, сот чечимин жылдап күткөн өндүрүүчүлөр андан ары сот чечимдеринин аткарылышын жылдап күтүүгө мажбур болушарын билдирүүдө.""Ал арада бала бой жетип, алимент өндүрүү иши токтотулат. Сот аткаруучулар кызматынын маалыматында, 2025-жылдын жыйынтыгы менен 1543 иш боюнча бала 18ге чыккандыктан өндүрүү аракети токтотулган. Адвокаттардын айтымында, бул маселеге сот аткаруучулардын кайдыгерлиги же коррупциялык фактор дагы өз салымын кошууда. Алименттен качуу үчүн карызкор жасалма “жумушсуз” болуп, чыныгы кирешесин жашырып, мүлкүн туугандарына каттатып, өзү чет өлкөгө чыгып кетет"", - деп белгилейт акыйкатчы.Маалыматка ылайык, 2025-жылы карызкорлордун 99 пайызы (2024-жылы 72 %) расмий жумушсуз болгон. Алимент төлөөдөн баш тарткан кырызкорду кылмыш жоопкерчилигине тартуу сунушу менен өткөн жылы укук коргоо органдарына 604 иш жөнөтүлгөн. Бирок анын 368ине гана кылмыш иши козголуп, калган 236сына баш тартылган.Акыйкатчынын мониторингине катышкан милиция кызматкерлери алимент төлөбөй жүргөндөрдү жоопкерчиликке тартуу татаал экенин, чет өлкөгө чыгып кетсе издөө кыйынчылыкка турарын, телефон номурларын тез-тез алмаштырышарын айтышкан. Ошонун негизинде Министрлер кабинетине бир катар сунуштар жөнөтүлгөнү кабарланды.Буга чейин акыйкатчынын кийлигишүүсү менен төрт жаранга жалпы суммасы 200 миң сомдон ашык каражат өндүрүлүп берилип, ата-энелик милдетин аткаруудан баш тарткан бир карызкор кылмыш жоопкерчилигине тартылган.Сот аткаруучулар кызматынын маалыматына караганда, Кыргызстанда алимент төлөбөгөн 1204 кишиге издөө жарыяланган. Ал эми алиментке байланыштуу жалпы 60 миң 720 иш өндүрүшкө алынган. Алимент төлөбөгөн жарандарды сот аркылуу эркинен ажыратуу тажрыйбасы Кыргызстанда 2026-жылдан тартып ишке аша баштады. Буга чейин Баткен облусунун, Манас шаарынын, Сузак районунун тургундары кесилип, сот залынан камакка алынышкан. Ошондой эле 400-500 миң сомдон 1 миллион сомго чейинки алимент карызы бар жарандардан каражат өндүрүлгөнү маалымдалган. Өлкөдө ажырашкандардын 2% гана балдарына алимент төлөй турганы расмий айтылган. (ZКo) ",azattyk.org,,,kyrgyz,0,high,,news_site
bc03011d-a487-406b-980d-e046a96fb1fa,Бишкек: Мэрия курган алгачкы көп кабаттуу унаа жай сынга алынууда,"Жогорку Кеңештин депутаты Дастан Бекешев да Бишкекте ачылган алгачкы муниципалдык көп кабаттуу унаа жайды талапка жооп бербейт деп эсептей турганын билдирди. Бул тууралуу ал соцтармактагы баракчасына жазып, аталган жай машинелердин, өзгөчө чоңураак жол тандабастардын кирип чыгуусу үчүн ыңгайсыз экенин белгиледи.Депутат ошондой эле мэриянын демилгеси менен курулган көп кабаттуу унаа токтотуучу жай бизнес долбоор катары кызмат кылып каларын да белгилеп, буга имараттын сырткы дубалына чоң көлөмдөгү жарнамалык LED экран орнотулушун мисал келтирди.""Мен буга каршы эмесмин, бирок шаардык кеңештин чечими бар - мындай экрандар соода жана оюн-зоок борборлорунун дубалдарына гана жайгаштырылышы керек. Бул имарат андай эмес, мыйзам баарына бирдей болушу керек да"", - деп жазды Бекешев. 24-апрель күнү Бишкекте көп кабаттуу унаа токтотуучужайдын расмий ачылышыболгон. Имарат 245 автоунаага ыңгайлашканы, анын курулушуна 220 млн сом сарпталганы айтылган.Бишкектин Орто-Сай базарынын жанына курулган көп кабаттуу автоунаа токтотуучу жайдын ыңгайсыздыгынсындаган пикирлербуга чейин да соцтармактарга жарыяланган.(ZKo) ",azattyk.org,,,kyrgyz,0,high,,news_site
798cab9f-952e-488c-8491-cbc2695cbc16,ЖМК: Путин айланасындагы адамдардан чочулоодо,"Financial Times басылмасы эки булагына таянып, Орусиянын президенти Владимир Путин жеке коопсуздугунан чочулап жумалап бункерде иштеши мүмкүн экенинжазды. Ал эми ""Важные истории"" басылмасы европалык чалгын кызматынын маалыматына шилтеме кылып, Путиндин кайтаруусу күчөтүлгөнүнкабарлады. Маалыматтарга караганда, Орусиянын лидери өлкө ичиндеги элита мамлекеттик төңкөрүш уюштурушу мүмкүн деп кооптонууда. Ошондой эле ал өзүнө жакын адамдар дрон менен кол салышы ыктымал деп шектенип жатканы айтылат. Басылмалар жазгандай, Путин соңку кездери Москвага жакын аймактардагы жана Валдайдагы резиденцияларына барбай калды. Батыш чалгын кызматтары ал Краснодар крайындагы бункерде жумалап иштеши мүмкүн экенин божомолдошууда. Ошондой эле Москвада Путин жүргөн аймактарда интернет жана байланыш өчүрүлгөн учурлар көбөйгөнү айтылууда. Анын жакын айланасында иштеген адамдардын, ашпозчулардын, фотографтардын жана күзөтчүлөрдүн үйлөрүнө көзөмөл системалары орнотулганы да кабарланууда. Европалык чалгын кызматтарынын баамында, Путин үчүн негизги коркунуч катары мурдагы коргоо министри Сергей Шойгу каралууда. Анын аскер жетекчилеринин арасында таасири күчтүү экени белгиленет.",azattyk.org,,,kyrgyz,0,high,,news_site
bfadc7c2-5ad5-4ba7-889b-427071d9f883,Көп аялдуулук боюнча кол топтогон Чотонов милицияга чакырылды,"Көп аялдуулукту кылмыш жоопкерчилигинен алуу демилгеси менен кол топтогон Өзбек Чотонов милицияга чакырылып, түшүндүрүү иштери жүргүзүлдү. Бул тууралуу Бишкек шаардык ички иштер башкармалыгы 27-апрелде кабарлады. “Текшерүүнүн алкагында аталган акцияга катышкан бардык жарандар, анын ичинде диний ишмер Өзүбек ажы Чотонов түшүндүрүү маегине чакырылды. Мындан тышкары, милиция кызматкерлери жарандарга Кыргыз Республикасынын мыйзамдарына ылайык көп аялдуулук кылмыш жоопкерчилигине алып келерин түшүндүрүштү”, - деп айтылат милициянын билдирүүсүндө. Социалдык тармактарда Өзүбек Чотоновдун көп аялдуулуктун жазасын жеңилдетүү боюнча кол топтоп жатканын билдирген видеосу тарап, социалдык тармактарда кызуу талкууга жем таштаган. Кыргызстанда “Үй-бүлө жөнүндө кодекс” бир гана расмий никеге уруксат берет. Мыйзамга ылайык, эки же андан көп аял алган адам коомдук, түзөтүү жумуштарына же айыпка тартылат. Бул кылмыш үчүн айып пулдун өлчөмү 50 миң сомдон 100 миң сомго чейин деп аныкталган. Коомчулукта көп аялдуулук темасы ачык талкууланып же иликтене элек. Ошондон улам маселени ачык көрсөткөн статистика жок. 2025-жылы сентябрда президент Садыр Жапаров көп аялдуулук үчүн кылмыш-жаза жоопкерчилигин жоюу жөнүндөгү мыйзам долбоорун Жогорку Кеңешке кайтарган. Документтин авторлору Нурланбек Азыгалиев менен Медербек Саккараев экени жана парламент аны 25-июнда эч талкуусуз кабыл алганы белгилүү болгон. Долбоордо ""эки же андан көп аял алуу үчүн кылмыш-жаза жоопкерчилигин караган Кылмыш-жаза кодексинин 176-беренесин күчүн жоготту"" деп таануу тууралуу жазылган. Президенттин аппараты көп аял алуу үчүн кылмыш-жаза жоопкерчилигин сактап калуу Кыргызстандын эл аралык милдеттенмелерине ылайык келерин белгилеген. Ошондой эле бул мыйзам аялдарды жана балдарды укуктук жана социалдык теңсиздиктен коргой турганы жазылган. Мыйзам долбооруна акыйкатчы, Башкы прокуратура, президентке караштуу Дин иштери жана этностор аралык мамилелер боюнча улуттук агенттик, Улуттук илимдер академиясы, Юстиция министрлиги жана Конституциялык соттун аппараты каршы пикирин билдиришкен. (TSh) ",azattyk.org,,,kyrgyz,0,high,,news_site
d721d496-9f8e-4adc-a9d9-56322f16f4f3,Польшада тыңчылыкка айыпталган казакстандык дипломат бошотулду,"Польша бийлиги тыңчылыкка айыптап, былтыркы жылдын август айынан бери камакта кармап отурган казакстандык дипломатты бошотконун 2-майда ""Азаттыктын"" казак кызматы Акордонун басма сөз катчысы Айбер Смадияровдун Телеграмгажазганына таянып кабарлады. Смадияров Польша менен Беларус ортосунда абакта жаткандарды айырбаштоо болгонун, арасында Казакстандын да жараны мамлекет башчы Касым-Жомарт Токаевдин көмөктөшүүсү менен бошотулганын жазды. Бирок ал казак дипломаты өткөрүлүп берилгенин ачык белгилеген жок. Сөз, ""Азаттык"" билдиргендей, Казакстандын Украинадагы элчилигинде атташенин жардамчысы болуп иштеген Ануар Бакибай тууралуу болууда. Беларустун мамлекеттик БелТА маалымат агенттигибилдиргендей,ар бир тараптан бештен киши өткөрүлүп берилди жана бул жараян Беларус менен Польшанын атайын кызматтарынын ортосунда жүргүзүлгөн ""татаал жана узак сүйлөшүү процессинин кульминациясы"" болуп калды. Ulysmedia басылмасы белгилегендей, айырбашталуучулардын тизмесине кирген казакстандык дипломаттын аты-жөнүн көпкө чейин купуя кармашты. ""Аны алып чыгышканда жүзү жабык болду. Бирок польшалык журналисттер ал адам Польша тыңчылыкка айыптаган Бакибай Ануар Кайратович экенин аныкташты"", - деп жазды аталган басылма. Казакстандык саясат талдоочу Арсен Сарсеков дипломатка тагылган айыптардын баары алынганынкабарлады. Ануар Бакибай кармалганы 2025-жылы 2-августтабелгилүү болгон. Варшава аны ""дипломатиялык макамга жамынып алып сыртка чыгышы Польшанын жана анын союздаштарынын коопсуздугуна коркунуч жарата турган маалыматтарды чогултуп жүргөн"" деп айыптаган. Ал кайсы өлкөнүн пайдасына тыңчылык кылган деп шектелип жатканы ачык айтылган эмес. ",azattyk.org,,,kyrgyz,0,high,,news_site
19dccb49-c0ae-4cb8-bc46-d5d65c2c46da,Алай: Гүлчөдө кайра сел жүрдү,"28-апрелде Алай районунун Гүлчө шаарында саат 16:45 чамасында кайра сел жүрүп, Абдиев көчөсүн каптады. Шаарда 27-апрелде нөшөрлөгөн жаандын кесепетинен сел жүрүп, Абдиев, Сатаров көчөлөрүндө жана Курманжан Датка айылында бир катар турак үйлөрдүн короолорун суу каптаган болчу. Бул тууралуу Өзгөчө кырдаалдар министрлиги билдирди. Маалыматта селдин кесепетин жоюу иштерине 223 адам жана атайын техника тартылып, тазалоо жана калыбына келтирүү иштери жүргүзүлүп жатканы, абал көзөмөлдө экени, жабыркагандар жоктугу айтылат. Өзгөчө кырдаалдар министринин орун басары Искендер Сулайманов Алай районунда жарандык коргонуу кызматтары менен чукул жыйын өткөрүп, күч-каражаттарды даяр абалга келтирүү, күтүлүп жаткан жаан-чачынга карата даярдыкты күчөтүү жана сел кесепеттерин ыкчам жоюу боюнча тапшырмаларды берди. ",azattyk.org,,,kyrgyz,0,high,,news_site
f1f07014-cef0-4479-990a-339d093f56b6,Иш учурунда дарыгерлерди сабагандарга жазаны күчөтүү сунушталды,"Жумуш учурунда медицина кызматкерлеринин ишине тоскоолдук кылып, кол көтөргөндөргө жазаныкүчөтүү сунушу берилди. Тиешелүү мыйзам долбоорун Жогорку Кеңештин бир нече депутаты иштеп чыгып, коомдук талкууга чыгарды. Ага ылайык, дарыгерге иш учурунда тоскоолдук кылып, ден соолугуна жеңил жаракат келтиргендерди эки айдан бир жылга чейин түзөтүү жумуштарына тартып же 20 миңден 50 миң сомго чейин айып пул салуу сунушталды. Дарыгердин ден соолугуна оор залал келтирип, көп көлөмдө зыян учураткандарды үч жылдан беш жылга чейин, бейтаптын ден соолугуна залака тийгизгендерди беш жылдан сегиз жылга чейин абакка кесүү демилгеси көтөрүлдү. Кыргызстанда буга чейин дарыгерлер иш учурунда ур-токмокко кабылган бир катар окуялар катталган. Коомчулукта медицина кызматкерлеринин укугун коргоо талабы айтылып келет. (BTo)",azattyk.org,,,kyrgyz,0,high,,news_site
a3f58631-c940-4953-a9e6-ce8fdba08181,"Украинанын Запорожье, Сумы, Чернигов облустарына сокку урулду","Орус аскерлери шейшембиге караган түнү Украинага 123 дрон менен чабуул койду, 95и атып түшүрүлдү. Бул тууралуу украин куралдуу күчтөрүбилдирди. Запорожье облусунун аскердик администрациясынын жетекчиси Иван Федоровдунмаалыматынакараганда, соккулардан эки киши жарадар болду, экөө тең орточо оор абалда ооруканада жатат. Чукул кырдаал боюнча мамлекеттик кызмат орус аскерлери Сумы облусундагы жарандык инфраструктурага сокку урганынкабарлады. Натыйжада бала бакча менен бир нече турак жай зыян тартты, төрт киши дарыгерлерге кайрылды. Чернигов аймагында айыл чарба ишканасы чабуулгакабылды. Өрт буудай кампаларын чалды. Дагы бир райондо жер тамдар менен чарбалык курулуштар өрттөнгөнү маалымдалды. Орус армиясы кошуна өлкөсүнүн жарандык инфраструктурасын бутага алганын танып келет. ",azattyk.org,,,kyrgyz,0,high,,news_site
97d54dc3-28d5-4c40-b8fa-e4122937f002,Ормуз кысыгындагы абал курч бойдон экени кабарланды,"Ормуз кысыгындагы абал курч бойдон калууда. Бул тууралуу Британиянын деңиз соодасы боюнча операцияларын координациялоо борбору (United Kingdom Maritime Trade Operations) билдирди. Анын маалыматына ылайык, аймакта аскердик активдүүлүк күчөп, деңизде аскер кемелеринин саны көбөйдү. Ошондой эле кемелерди коопсуздук күчтөрү радиобайланыш аркылуу текшериши мүмкүн. АКШ негизги деңиз жолдорунун түштүгүндө кошумча коопсуздук аймагын түзгөнү айтылды. Кемелерге Омандын суулары аркылуу өтүүнү карап, тиешелүү органдар менен байланышта болуу сунушталууда. 4-майдагы билдирүүгө ылайык, аймакта мина коюлган болушу мүмкүн деген маалыматтар бар болгондуктан кеме каттамдары «өтө кооптуу» деп бааланууда. Буга чейин UKMTO Бириккен Араб Эмирликтеринин Фужейра шаарынын түндүгүндө мунай ташуучу танкер белгисиз снаряддар менен аткыланганын кабарлаган. Маалыматка ылайык, экипаж жабыркаган эмес жана айлана-чөйрөгө зыян келтирилген жок. Кийинчерээк Бириккен Араб Эмирликтери бул окуяны кескин айыптап, мамлекеттик мунай компаниясына тиешелүү танкерге Ормуз кысыгы аркылуу өтүп бара жатканда кол салуу болгонун билдирди.",azattyk.org,,,kyrgyz,0,high,,news_site
4bdf5993-0a03-4250-8022-3c33b2c98368,ИИМ Ысык-Көлдө браконьерлик кескин азайганын билдирди,"Ички иштер министрлиги (ИИМ) Ысык-Көлдө туристтик-экологиялык милиция кызматы түзүлүп, балык уулоого мораторий киргизилгенден бери браконьерлик кескин азайганын кабарлады. Мекеменин маалыматында ички иштер органдары, өзгөчө кырдаалдар, жол-транспорт коопсуздугу, экологиялык көзөмөл жана саламаттык сактоо тармактарынын аймактык түзүмдөрү кирген коопсуздук кызматы түзүлгөндөн бери көлдөн эски синтетикалык торлор, таштандылар тазаланып, мыйзамсыз балык уулоо азайды. Президент Садыр Жапаров 16-апрелде билдирүү кылып, тиешелүү кызматтар акыркы беш жылдан бери Ысык-Көлдү синтетикалык торлордон тазалап бүтө албай жатканын айтып, элди экологиянытаза кармоого чакырган. ИИМ буга чейин мыйзамсыз балык уулаган браконьерлерге жазаны күчөтүү сунушун берип, тиешелүү мыйзам долбоорун иштеп чыккан. Азыр иштеп жаткан Кылмыш-жаза кодекси боюнча олуттуу зыян келтирүү менен мыйзамсыз аңчылык кылып, балыктарды же суу жаныбарларын кармагандарга 20 миң сомдон 50 миң сомго чейин айып салынат. 1998-жылы өкмөттүн токтому менен Ысык-Көл облусунун аймагында биосфералык аймак түзүлгөн. Аймак 43,1 чакырым чарчы аянтты ээлейт. “Ысык-Көл” биосфералык аймагы Кыргызстанда мыйзам менен өзгөчө корголгон улуттук маанидеги табигый аймак болуп эсептелет. 2001-жылы ЮНЕСКОнун “Адам жана биосфера” программасынын алкагында Бүткүл дүйнөлүк биосфералык резерваттар тутумуна киргизилген. Ысык-Көлдө башаламан салынган эс алуу жайлары, алардан чыккан саркынды суулар көлдү булгап жатканы, балык уулаган браконьерлер көлдүн уникалдуу экологиясын талкалап жатканы айтылып келет. (BTo)  ",azattyk.org,,,kyrgyz,0,high,,news_site
a0251227-620d-4881-9b14-d96efe552642,Элчи Эдил Байсалов президенттин эл аралык демилгелер боюнча атайын өкүлү болду,"“Ынтымак ордо” 27-апрелде президент Садыр Жапаров Кыргызстандын Америка Кошмо Штаттарындагы жаңы дайындалган элчиси Эдил Байсаловду кабыл алганын кабарлады. Эдил Байсалов мамлекет башчыга өткөн аптада өткөрүлгөн кыргыз-америкалык саясий консультациялардын жыйынтыктары, Министрлер кабинетинин төрагасы Адылбек Касымалиевдин АКШнын мамлекеттик катчысы Марко Рубио менен сүйлөшүүлөрүнүн жыйынтыктары тууралуу маалымат берди. Садыр Жапаров эки өлкөнүн кызматташтыгын мындан ары өнүктүрүү маанилүү экенин айтып, АКШ менен өнөктөштүктү бекемдөө боюнча ишти активдештирүү тапшырмасын берди. Жапаров Эдил Байсаловго президенттин эл аралык демилгелер боюнча атайын өкүлүнүн кошумча функцияларын жүктөп, ага Кыргызстандын атайын жана ыйгарым укуктуу элчиси жогорку дипломатиялык рангын ыйгарды. Эдил Байсалов апрель айынында башында Кыргызстандын АКШдагы элчиси болуп дайындалган. Ал 2021-жылдан бери вице-премьерлик кызматты ээлеп келаткан. 15-апрелде Вашингтондо АКШнын мамлекеттик катчысы Марко Рубио Адылбек Касымалиев менен жолугушуп, Америка-Кыргызстан кызматташтыгы талкууланган. АКШ Кыргызстандын эгемендигин биринчилерден болуп тааныган мамлекет. Стратегиялык кызматташтык келишимине 1993-жылы 19-майда Вашингтондо кол коюлган. 2015-жылдын 21-июлунда кыргыз бийлиги стратегиялык келишимден бир тараптуу чыгып кеткен. Азырынча Вашингтон менен Бишкек жаңы келишимди даярдоо процесси уланып жатканын гана билдирип келет. (BTo)",azattyk.org,,,kyrgyz,0,high,,news_site
425ea12b-264d-41f5-896a-a7c414a81ec8,Нөшөрлөп жааган жаандан улам Манас шаарында да сел жүрдү,"30-апрелдин кечинде нөшөрлөп жааган жаандан улам Жалал-Абад облусунун Манас шаарында сел жүрүп, төрт социалдык объектке жана 39 турак жайга зыян келтирген. Анын арасынан 16 үйдүн ичине сел суусу кирип, 23 турак жайдын короолоруна суу толгон. Кырсыктын кесепетин жоюу үчүн Өзгөчө кырдаалдар министрлигинен (ӨКМ) 69 куткаруучу тартылган. Ошондой эле шаардык жарандык коргонуу кызматтарынан 125 кызматкер, 15 техника жана жергиликтүү тургундардан 35 адам жардам берди. Жаандан улам соңку күндөрү Кыргызстандын бир нече айылдарын сел каптады. 30-апрелде Баткендин Кадамжай районунун Орозбеков айыл аймагында нөшөрлөп жааган жамгырдын улам кокту-колоттон сел жүргөн. Тамаша—Кызыл-Булак жолундагы сайдан жана Пүшкөүт, Таш-Булак сайлары аркылуу сел жүрүп, жол убактылуу жабылган. 27-28-апрель күндөрү Ош облусундагы Алай районунун Гүлчө шаарында нөшөрлөп жааган жаандын кесепетинен сел жүрүп, өзгөчө кырдаал режими киргизилген. (BTo)",azattyk.org,,,kyrgyz,0,high,,news_site
3517f06f-a05d-45ac-8e2f-957aa512d315,"Малиде коргоо министри өлтүрүлдү, орус аскерлери Кидалдан чыгып кетти","Орусиянын аскерлери Малидеги Кидаль шаарынан чыгып кеткенин ырасташты. Орусиянын Коргоо министрлигине караштуу «Африка корпусу» өз билдирүүсүндө өз жоокерлери өкмөткө каршы куралдуу топтордун чабуулунан кийин өлкөнүн түндүк-чыгышындагы бул шаардан чыгып кеткенин бышыктады. «Мали Республикасынын жетекчилиги менен биргелешкен чечимге ылайык, Кидаль шаарында жайгашып, согуштук аракеттерди жүргүзүп жаткан Африка корпусунун бөлүктөрү бул калктуу конуштан чыгып кетти», — деп жазылат Telegram аркылуу таратылган билдирүүдө. Кидаль аймактагы маанилүү стратегиялык шаар болуп саналат. 25-апрелде куралдуу топтор өлкөнүн борбору Бамако шаарына жана түндүктөгү бир катар калааларга чабуул койгон. Жекшембиде «Африка корпусунун» Telegram каналы билдирүү таратып, Малиде «Батыштын атайын кызматтары даярдаган мамлекеттик төңкөрүш аракети» болгонун билдирген. Ошол эле билдирүүдө орус аскерлери «маанилүү позициялардын баарын сактап калганы» айтылган. Ошондой эле жекшемби күнү кечиндеги чабуулдардын биринде Мали бийлиги өлкөнүн коргоо министри Садио Камара каза болгонун расмий тастыктады. Буга чейин бир катар басылмалар өз булактарына таянып жазгандай, министр 25-апрелде Кати аскер базасындагы жардыруудан каза тапкан. Маалыматтарга караганда, анын үйүнүн жанында жардыргыч затка шыкалган жүк ташуучу автоунаа жарылган. Акыркы кол салуулар үчүн жоопкерчиликти расмий түрдө эч бир топ өзүнө алган жок. Reuters агенттигинин коопсуздук тармагындагы булактары бул чабуулдарды «Жамаат Нусрат аль-Ислам валь-Муслимин» (JNIM) деп аталган жихадчыл топ менен байланыштырат. Бул топ Аль-Каидага жакын деп эсептелет. Ошондой эле Азавадды бошотуу фронту альянсы менен тактикалык кызматташары айтылат. Мали бийлиги акыркы он жылдан ашуун убакыттан бери «Аль-Каида» жана «Ислам мамлекети» сыяктуу террордук топторго байланышкан куралдуу түзүмдөр, ошондой эле туарег жикчилдери менен күрөшүп келет. Өлкөдө бийликке Ассими Гоита жетектеген аскердик топ 2020 жана 2021-жылдардагы төңкөрүштөрдөн кийин келген. Алар кырдаалды турукташтырууну убада кылышкан, бирок өлкөдөгү абал дагы эле бейстабилдүү бойдон калууда. Малинин аскердик бийлиги Орусиянын жалданма аскерлеринин колдоосуна таянып келет. Өлкөдө ""Вагнер"" жеке аскердик компаниясынын отряддары иш алып барган. 2024-жылдын июль айында бул жалданма күчтөр малилик жихадчылар жана Азавадды координациялоо кыймылы менен болгон салгылашта ондогон жоокерин жоготкону маалымдалган. Кийинчерээк Малиге «Африка корпусунун» күчтөрү жайгаштырылганы айтылган. Reuters маалымдагандай, учурда Мали бийлиги АКШ менен жакындашууга аракет кылууда.",azattyk.org,,,kyrgyz,0,high,,news_site
6b06db55-4028-476a-8afc-368a005d9aca,Мерц: Американын Иран боюнча так стратегиясы жок,"Германиянын канцлери Фридрих Мерц 27-апрелде АКШ Иран менен болгон согушта так стратегияга ээ эмес экенин айтып, жаңжал жакын арада бүтпөшү мүмкүн экенинэскертти. «Ирандыктар күтүлгөндөн күчтүүрөөк болуп чыкты, ал эми америкалыктардын ишенимдүү стратегиясы көрүнбөйт», — деди Мерц Марсберг шаарындагы мектепте жасаган билдирүүсүндө. Ал мындай жаңжалдардын негизги көйгөйүн да белгиледи. Мерцтин айтуусуна караганда, «мындай жаңжалдардан кантип чыгууну да билиш керек». Ал Ооганстандагы жана Ирактагы согуштарды мисал келтирди. «АКШ бул жаңжалга так стратегиясыз кирди. Учурда абдан татаал кырдаал түзүлдү жана бул бизге чоң чыгым алып келүүдө. Бул жаңжал биздин экономикалык көрсөткүчтөргө түз таасирин тийгизип жатат», — деди Фридрих Мерц, Ал Германиянын Ормуз кысыгын кайра ачууга жардам берүү үчүн миналарды тазалоочу кемелерди жөнөтүү сунушу күчүндө экенин айтты. Бирок ал бул согуш аяктаганда гана ишке ашарын белгиледи. Январь айында Иранда жалпы өлкө боюнча өткөн нааразылык акциялары күч менен басылган соң, Мерц Ислам республикасынын бийликти сактап калуу үчүн зомбулук колдонушу режимдин аяктап баратканынын белгиси экенин айткан. Ал мындай билдирүү жасаган алгачкы жогорку деңгээлдеги эл аралык саясатчылардын бири болгон. Ормуз кысыгы жабылгандан кийин ал Евробиримдик санкцияларды жеңилдетүүгө даяр экенин да билдирген. Ал арада 27-апрелде Еврокомиссиянын төрайымы Урсула фон дер Ляйен санкцияларды алып салуу Иран «негизги өзгөрүүлөргө» барган шартта гана мүмкүн болорун айтып, азырынча аларды жеңилдетүүгө «эрте» экенин белгиледи.",azattyk.org,,,kyrgyz,0,high,,news_site
54c837e6-e435-4709-b5e1-56cadde5fe4e,Херсондо кичи автобуска жасалган соккудан эки адам мүрт кетти,"2-майдын таңында Херсондо Орусиянын дрону кичи автобуска тийип, эки адам мүрт кетти. Бул тууралуу калаанын аскердик администрация башчысы Ярослав Шанько билдирди. Ал дагы жети жүргүнчү жаракат алганын кошумчалады. Харьков түнү бою дрон чабуулуна кабылды. Дрон Шевченко районундагы көп кабаттуу имаратка тийген. Харьков аймактык аскер администрациясынын башчысы Олег Синегубовдун айтымында, бир киши жаракат алды. Андан тышкары, Украинанын Өзгөчө кырдаалдар боюнча мамлекеттик кызматынын маалыматында, Харьков облусундагы Васищево айылына жасалган дрон чабуулунан алты адам, анын ичинде бир бала жараат алды. Украинанын Аскердик-аба күчтөрү түндө Орусия Украинага 163 дрон атканын, анын 142си жок кылынганын кабарлады. Украина жана эл аралык уюмдар Орусиянын жарандык инфраструктурага жана жай тургундарга багытталган соккуларын согуш кылмышы деп эсептейт. Далилдерге карабай Москва муну танып, соккулар аскердик буталарга урулуп жатканын билдирип келет. (BTo)",azattyk.org,,,kyrgyz,0,high,,news_site
afd02043-4bef-41df-baba-7f7d3dd8f336,Орусияда чет өлкөлүктөргө мамлекеттик төлөмдөрдү жогорулатуу сунушталды,"Мамлекеттик Думага өкмөт сунуштаган мыйзам долбооруна ылайык, чет өлкөлүктөргө туруктуу жашоого уруксат (ВНЖ) жана жарандык алуу үчүн төлөмдөрдү кескин көбөйтүү каралган. Бийлик муну Ички иштер министрлигинин чет элдиктерди текшерүүгө жана миграциялык базаларды жүргүзүүгө кеткен чыгымдары көбөйгөнү менен түшүндүрүүдө. Долбоор кабыл алынса ВНЖ алуу үчүн төлөм 30 миң рублга чейин өсөт, бул азыркыдан беш эсе кымбат. Ал эми Орусиянын жарандыгы үчүн төлөм дээрлик 12 эсе өсүп, 50 миң рублга жетет. Мындан тышкары, башка кызматтар да кымбаттайт. Маселен, убактылуу жашоого уруксат 15 миң рубль, өлкөгө чакыруу кагазы 8 миң рубль, студенттик ВНЖ 8 миң рубль, көп жолку кирип-чыгуу визасы 6 миң рублду түзөт. Ошол эле учурда бийлик айрым категориядагы чет элдиктерди төлөмдөн бошотууну сунуштоодо. Атап айтканда, Коргоо министрлиги менен келишим түзүп, Украинадагы согушка катышууга кеткендер, ошондой эле мурдагы СССРдин жарандары бул төлөмдөрдү төлөбөйт. Буга чейин Ички иштер министрлиги мыйзамсыз жүргөн чет элдиктердин реестрин түзгөн. Бул тизмеге киргендердин укуктары чектелип, мисалы, никеге турууга, кыймылсыз мүлк сатып алууга же банктан эсеп ачууга тыюу салынат. Айрым чет элдиктер бул тизмеге негизсиз киргизилип жатканын айтыпдаттанып келишет.Мындай учурларда алар кармалып, өлкөгө киргизилбей же жумуштан бошотулган окуялар катталган. Крокус Сити Холлдогу кол салууданкийин Орусияда миграция саясаты дагы катуулап, текшерүү көбөйгөн. Ошондой эле Тергөө комитетинин башчысы Александр Бастрыкин сыяктуу расмий адамдар мигранттар тууралуу кескин билдирүүлөрдү көбүрөөк жасап келишет.",azattyk.org,,,kyrgyz,0,high,,news_site
d0ca71e9-7c2a-4662-93cf-9f1a213df836,Путин Кыргыз-орус славян университетинин жаңы кампусун куруу келишимине кол койду,"Орусиянын президенти Владимир Путин Борис Ельцин атындагы кыргыз-орус славян университетинин жаңы кампусун куруу боюнча Кыргызстан менен түзүлгөн келишимди ратификациялоо тууралуу мыйзамга кол койду. Ага ылайык, орус тарап кампусту курууну жана материалдык-техникалык жактан жабдуу милдетин алат. Университеттин жаңы кампусун куруу боюнча макулдашууга Владмир Путиндин 2023-жылы Бишкекке сапары учурунда жетишилген. Кыргызстан Байтиктен 30 гектар жер бөлүп берип, инфратүзүмүнө байланыштуу маселелерди чечип бериши керек. Апрель айында “Ельцин атындагы кыргыз-орус славян университетинин кампусу боюнча келишимди ратификациялоо” мыйзам долбоору Орусиянын Мамлекеттик думасында каралып жатканда айрым орус депутаттары буга каршы болуп, Кыргызстанда орус тилине каршы иштер жасалып жатканынайтып чыгышкан. Кыргыз-орус славян университети 1993-жылы түзүлгөн. Ага кийин Орусиянын биринчи президенти Борис Ельциндин аты берилген. Алгач сапаттуу билим берери айтылып келген окуу жайга байланыштуу соңку жылдарда бир топ жаңжалдар болгон. 2025-жылы отуздай студенти окуу жайдын кабыл алуу процессиндеги мүчүлүштүктөрдөн улам бир жыл билим алгандан кийин чыгарылып калганын айтып чыгышкан. Окуу жайдын жаңы жетекчилиги аларды окууга “мыйзамсыз кирген” деп күнөөлөгөн. 2025-жылы университетинин ректору болуп Сергей Волков шайланган. Ошондой эле бул окуу жайда Камкорчулар кеңеши түзүлүп, анын төрагалыгына УКМКнын мурдагы төрагасы Камчыбек Ташиев бекитилгени белгилүү болгон. Анын орун басарлыгына Кыргыз-орус өнүктүрүү фондунун жетекчиси Артем Новиков тандалган. (BTo)",azattyk.org,,,kyrgyz,0,high,,news_site
8e01df9a-1c56-47d2-9373-ee1008ab1978,Ирандын тышкы иштер министри Орусияга барды,"Ирандын башкы дипломаты Аббас Аракчи 27-апрелде Санкт-Петербургга барды. Ал Ирандын башкы өнөктөшү Орусиянын президенти Владимир Путин менен жолугушууга киргенин Дмитрий Песков билдирди. Аракчинин сапары Иран менен АКШ ортосундагы сүйлөшүү токтоп калган маалга туш келди. ""Тегеран биз менен сүйлөшкүсү келсе, телефон чалса болот. Мунасага келиш үчүн бир эле шарт бар: Иран өзөктүк курал жасоо ниетинен баш тартышы керек. Ансыз сүйлөшүүгө себеп жок"", - деп билдирди Трамп жекшембиде Fox News телеканалына берген интервьюсунда. Британиянын премьер-министри Кир Стармер жекшембиде телефондон АКШ президенти менен сүйлөшүп, Ормуз кысыгы жакын арада ачылбаса, глобалдык экономикага олуттуу зыян келтирилээрин талкуулады.",azattyk.org,,,kyrgyz,0,high,,news_site
d95d8d74-d4a9-462a-bfa7-a8ffdbc09f6e,"Трамп катышкан иш-чарада ок чыгарган адамга ""президенттин өмүрүнө кол салуу"" айыбы тагылды","Вашингтондо АКШ президенти Дональд Трамп катышкан иш-чарага кирүүгө аракет кылып ок чыгарган адамга мамлекет башчыны өлтүрүүгө аракет кылган жана ок атуучу куралды мыйзамсыз сактаган деген айып тагылганын Reuters маалымдады. Окуя 25-апрелде Ак үйдүн кабарчылар ассоциациясынын Трамп катышкан жылдык кечки тамагы учурунда болгон. Кол салууга аракет кылган деп Калифорния штатынын Торранс шаарынын тургуну, 31 жаштагы Коул Томас Аллен шектелүүдө. Ал иш-чара өтүп жаткан мейманкананын ичинде текшерип өткөрүүчү жердеги коопсуздук кызматкерин аткан (кызматкер зоот кийими болгону үчүн жеңил жаракат алган), андан кийин кармалган. Трамп жарыялаган видеотасмада шектүү коридор менен чуркап баратканы көрүнөт. 2024-жылы президенттик шайлоо өнөктүгү учурунда да Трампка эки жолу кол салуу болгон, биринде ал жеңил жаракат алган. Мылтыктан тышкары тапанча жана бир нече бычак менен куралданган Аллен да атышуудан кийин жергиликтүү ооруканага текшерүүдөн өткөрүү үчүн жеткирилген. Reuters жазгандай, Аллен азырынча айыптоолорго жооп бере элек. Мурдараак ал бардык суроолорго ачык жооп берерин, өзү компьютер оюндарын ойлоп табуучу программист экенин билдирген. Судья Мэтью Шарбо Алленди иш каралып жаткан кезде камакта калтырууну чечти. Анын андан аркы бөгөт чарасын кароо бейшембиге дайындалды. Башкы прокурордун милдетин аткаруучу Тодд Бланш жекшембиде кол салуунун максаты тастыкталбаганын билдирген, бирок Аллен президент Трампка жана администрациянын башка кызматкерлерине кол салууну көздөгөнүн айткан. Буга чейин Аллен үй-бүлөсүнө өзүн ""Достуктагы федералдык өлтүргүч"" деп атаган манифест калтырган. Ал Трамптын администрациясындагы кечки иш-чарага катышуучу жогорку кызматкерлерге кол салууну талкуулаганы, анын бутасына алынгандардын арасында президент да болгону болжолдонууда.",azattyk.org,,,kyrgyz,0,high,,news_site
964a59c9-403f-4826-a45e-43c05319f7b0,Орус армиясынын аба соккусунан Харьковдо алты киши мүрт кетти,"Украинанын Харьков облусунда ракета чабуулунан төрт адамдын өмүрү кыйылды. Бул тууралуу 4-майда облустук аскердик администрациянын башчысы Олег Синегубов билдирди. Ал кошумчалагандай, кыркка жакын адам жаракат алды. Ошондой эле жеке үйлөр, көп кабаттуу имараттар, төрт дүкөн жана техникалык тейлөө жайы жабыркады. Ал эми Чернигов облусундагы Новгород-Север районунда орус күчтөрүнүн чабуулунан кийин 14 миңдей тургун электр жарыгысыз калды. Жергиликтүү бийликтин маалыматына ылайык, шаар түн ичинде бир нече жолу дрондор менен аткыланып, жарандык инфраструктура зыян тартты. Бир адам жараат алды. Мындан тышкары, Донецк, Днепропетровск, Херсон жана Харьков облусунун айрым аймактарында да электр энергиясы үзгүлтүккө учурады. Чугуев районунда орус дрону нан ташыган машиненин жанына кулап, айдоочу менен кошо дагы бир адам жаракат алды. Ал эми Сумы облусунда көп кабаттуу үйлөр жана башка имараттар орус армиясынын чабуулунан зыян тартты. Украин армиясы билдиргендей, 4-майга караган түнү орус армиясы жалпысынан 155 дрон менен чабуул койгон. Алардын 135и атып түшүрүлгөнү айтылды. Орусиянын Коргоо министрлиги Украинада адатта аскердик гана жайларды бутага аларын билдирип, жарандык инфраструктурага урулган соккуларды четке кагып келет.",azattyk.org,,,kyrgyz,0,high,,news_site
3a8df9c9-d1f5-4492-9f5c-4ed2f5c7f485,Өкмөттө жер-жерлердеги соңку сел кырсыктары талкууланды,"Министрлер кабинетинин төрагасы Адылбек Касымалиев Ош, Жалал-Абад жана Баткен облустарындагы сел кырсыгына байланыштуу жыйын өткөрүп, калыбына келтирүү иштери жана кырсыкты алдын алуу боюнча чараларды иштеп чыгууну тапшырды. Бул тууралуу 4-майда таратылган маалыматта кабарланды. Жыйында президенттин Баткен облусундагы өкүлү Мамыржан Рахимов билдиргендей, Баткендин Ак-Татыр айыл аймагында сел агымы каптаган он турак үй толук тазаланып бүттү. “Азыркы тапта жол каттамдары толук ачылды. Үзгүлтүккө учураган электр энергиясы калыбына келтирилди. Сугат жана таза суу объектилерин калыбына келтирүү иштери уланууда. Саламаттыкты сактоо кызматкерлери жеринде жарандарга керектүү медициналык жардам көрсөтүүдө. Ал эми санитардык-эпидемиологиялык кызматтын адистери аймакта залалсыздандыруу иштерин жүргүзүп жатышат”, - деп жазылган өкүлчүлүктүн маалыматында. 29-апрелден бери жааган жаан-чачындан улам Баткен, Кадамжай, Лейлек райондорунда жана Кызыл-Кыя шаарынын аймагында сел жүргөн. Баткен районунда өзгөчө кырдаал режими киргизилген. Соңку күндөрү нөшөрлөп жааган жаандан улам жер-жерлерде сел жүрүүдө. 2-майда Баткен районунун Ак-Татыр жана Самаркандек айыл аймактарында 50 турак жайдын короолорун сел каптап, анын ичинен 10 үйдүн жертөлөсүнө суу кирген. Сел жүргөн айылдардан жалпысынан 149 адам эвакуацияланган. 1-майда Жалал-Абад облусунун Манас шаарында да сел жүргөн. 30-апрелде Баткен облусунун Кадамжай районунда суу каптаган кээ бир жолдор убактылуу жабылган. 29-апрелде Ош облусунун Алай районунун Гүлчө шаарында селге байланыштуу өзгөчө кырдаал режими киргизилген.",azattyk.org,,,kyrgyz,0,high,,news_site
d5e7419b-bd92-4caa-ab99-cc232da9d414,Кыргызстанда 1-майдан тартып электр энергиясы 27 тыйынга кымбаттады,"Кыргызстанда 1-майдан тартып электр энергиясы 27 тыйынга кымбаттады. Катардагы карапайым керектөөчүлөр 700 кВт саатка чейин колдонгон электр жарыгына 1 сом 64 тыйындан, андан ашса 2 сом 94 тыйындан төлөйт. Бийик тоолуу жана жолу татаал аймактардын тургундары үчүн 1 сом 64 тыйын, аз камсыз болгон (""Үй-бүлөгө көмөк"" жөлөк пулун алган) үй-бүлөлөр 700 кВт саатка чейин 50 тыйындан, андан көп колдонсо 2 сом 94 тыйындан төлөйт. Социалдык жана коомдук мекемелер үчүн 1 кВт саат электр энергиясы 2 сом 96 тыйын, өндүрүштүк керектөөчүлөргө 3 сом 65 тыйын, коммерциялык керектөөчүлөргө 4 сом 33 тыйын, бюджеттик керектөөчүлөргө 4 сом 62 тыйын жана автоунаа кубаттоочу жабдуулар үчүн тариф 5 сом 99 тыйын болду. Өлкөдө инфляциянын көрсөткүчүнө жараша жыл сайын 2030-жылга чейин 1-майдан тарта электр жарыгынын баасы көтөрүлүп турат. Ага ылайык, 2027-жылы 33 тыйын, 2028-жылы 39 тыйын кошулат. 2029-жылы 47 тыйынга жана 2030-жылы 57 тыйынга көтөрүлөт. Расмий маалымат боюнча, Кыргызстан 2026-жылы 19,6 млрд кВт саат электр жарыгын колдонот деп эсептелген. Анын ичинен 15,7 млрд кВт саатты Кыргызстан өзү өндүргөн электр энергиясы менен жабат деп күтүлүүдө. Калган 4 млрд кВт саатты коңшу өлкөлөрдөн сатып алат. Кыргызстан өзү өндүргөн электр энергиясы керектөөнү жаппайт. Ушундан улам жыл сайын күз-кыш мезгилинде Казакстандан, Түркмөнстандан, Өзбекстандан жана Орусиядан электр жарыгын сатып алат. (BTo)",azattyk.org,,,kyrgyz,0,high,,news_site
0e499fd9-d6fb-4ee0-af19-1041f873e973,Экс-депутат Сатыбалдиев коомдук жайда тамеки чеккени үчүн айыпка жыгылды,"Жогорку Кеңештин мурдагы депутаты Элмурза Сатыбалдиев 1-майда Өзгөн шаарындагы борбордук стадиондо майрамга карата уюштурулган иш-чарада тамеки чеккени үчүн 3000 сом айыпка жыгылды. Бул тууралуу Ош облусунун ички иштер башкармалыгы билдирди. Элмурза Сатыбалдиев 2007-2009-жылдары башкы прокурор болгон. 2021-жылы Жогорку Кеңештин VII чакырылышына өткөн шайлоодо №12 Өзгөн шайлоо округунан катышып, депутат болуп шайланган. Ушул жылдын март айында Бишкектеги Токтоболот Абдумомунов атындагы кыргыз драма театрынын имаратынын алдында тамеки чеккени үчүн ички иштер министри Улан Ниязбеков даайыпка жыгылган. Коомдук жайларда тамеки тартууга тыюу салган мыйзам 2021-жылы иштей баштаган. Ага ылайык, тыюу салынган жерлерде чылым чеккендерге 3000 сом айып пул салынат. (BTo)",azattyk.org,,,kyrgyz,0,high,,news_site
35b89242-75d2-4b9d-9dd4-c976bffb1984,Окуу жайларда контрактты көтөрүүгө мораторий киргизилди,"Кыргызстанда 2026–2027-окуу жылында кесиптик жогорку жана орто билим берүү уюмдарында окуу үчүн акыны жогорулатууга мораторий киргизилди. Тиешелүү жарлыкка президент Садыр Жапаров кол койду. Жарлык окуу жайлардын формасына жана статусуна карабастан жайылтылат. Мындай чечим жарандарды социалдык коргоону күчөтүү, билим алуучулардын укуктарын жана муктаждыктарын ишке ашыруу максатында кабыл алынганы айтылды. Акыркы жылдары өлкөдөгү жогорку окуу жайларда контракт бир топ жогорулап кеткени айтылып келет. Бул маселе Жогорку Кеңеште да көтөрүлгөн. Айрым алдыңкы жогорку окуу жайлары 2026–2027-окуу жылына карата келишим акысын буга чейин эле жогорулатып койгон. Андыктан ата-энелер арасында президенттин жарлыгынан кийин ошол баа кайра былтыркы калыбына келеби деген суроо жаралып, социалдык түйүндөрдө кызуу талкууланууда. Расмий бекитиле элек дегени менен жогорулатылган жаңы баа абитуриенттерге тараткан маалыматында так көрсөтүлүп турат. (BTo)",azattyk.org,,,kyrgyz,0,high,,news_site
b556c151-a84b-42ec-bea7-1ebd80a9d780,Өзбекстанда каракалпак активисти Тажимуратовдун абак мөөнөтүнө дагы беш жыл кошулду,"Өзбекстанда 2022-жылдагы Каракалпакстан окуяларына байланыштуу ошол акциялардын лидери катары кармалып, 16 жылдык жаза мөөнөтүн өтөп жаткан каракалпак активисти Даулетмурат Тажимуратовго дагы кошумча беш жыл кошулду. Навоиде сот аны ""өтө кооптуу рецидивист"" деп атап, шарты катаалыраак колонияга которууну токтом кылды. Укук коргоочулар жаңы өкүм активисттин абактагы жаза мөөнөтүн узартуу гана эмес, аны мындан ары да изоляцияда кармап, басымды күчөтүүгө түзүлгөн шарт деп атап жатышат. 46 жаштагы Тажимуратов Навои шаарындагы күчөтүлгөн тартиптеги колонияда отурат. Бул жолу ага жаза аткаруу мекемесинин ишин уюштурууга тоскоолдук жараткан деген мазмундагы айып тагылды. Тажимуратов Каракалпакстандагы 2022-жылдагы нааразылык акциясы учурундагы окуялар боюнча айыптуу дептабылган. Ал «Өзбекстанда бийликти басып алуу жана конституциялык түзүлүштү кулатуу максатында кутум уюштуруу» жана «жапырт башаламандык уюштуруу» деген айыптардын негизинде 2023-жылы 16 жылга эркинен ажыратылган. Өзбекстанда 2022-жылы Конституцияны өзгөртүү демилгеси көтөрүлүп, өлкө курамындагы Каракалпакстан автоном республикасында нааразылык чыккан. 1-2-июлдагы борбор калаа Нукустагы митингдер күч менен басылганда кан төгүлгөн. Өзбек бийлиги 21 адам каза тапканын, 243 адам жараат алганын кабарлаган. 500дөн ашуун адам кармалган. Президент Шавкат Мирзиёев Каракалпакстанга барып, Баш мыйзамдагы бул республикага таандык мурдагы беренелер өзгөртүүсүз калтырыларын айткан. ",azattyk.org,,,kyrgyz,0,high,,news_site
e5701805-3c5b-48a6-8f6a-098eeb02fe9d,"Улуттук банк эсептик ченди 12% калтырып, азык-түлүк 10,8% өскөнүн билдирди","Улуттук банк эсептик ченди 12% деңгээлинде калтырып, чечим 28-апрелде күчүнө кирди. Өлкөнүн негизги банкы дүйнөдөгү геосаясий чыңалуу азык-түлүк жана чийки зат рынокторунда баалардын өсүшүн шарттаганын билдирди. Мекеменин маалыматында акыркы эки айда Жакынкы Чыгыштагы кырдаалдын курчушунан дүйнөдө дан эгиндеринин, өсүмдүк майынын баасы кымбаттады. 2026-жылдын башынан бери Кыргызстанда инфляция (17-апрелине карата) 3,9% түздү (жылдык мааниде 11,3%). Азык-түлүк 10,8%, андан башка товарлардын баасы 9,2%, тамеки жана алкоголдук продукция 8,9% жогорулаган. Кызмат көрсөтүү чөйрөнсүндө баалардын өсүшү мындан да көп болуп - 17,2% түздү. Январь-март айларында өлкөнүн реалдуу Ички дүң өнүмү 10,1% өстү. Экономиканын өсүшүнө мурдагыдай эле кызмат көрсөтүүлөр, өнөр жай жана курулуш негизги салым кошууда. Эсептик чен - инфляциялык процессти жөнгө салуучу негизги финансылык куралдардын бири болуп саналат. Ал коммерциялык банктардагы насыялар менен депозиттердин пайыздык ченине түз таасир этет. Коммерциялык банктар өзүнүн пайыздык чендерин аныктап жаткан учурда Улуттук банктын эсептик ченине багыт алышы кажет. Улуттук банктын эсептик чени жогору болсо, коммерциялык банктардын насыялары менен депозиттеринин пайыздык чендери да жогору болот, төмөн болсо төмөндөйт. (BTo)",azattyk.org,,,kyrgyz,0,high,,news_site
f66baf57-7933-4a37-82bc-7ff01a17db72,Орусияда Кыргызстандын үч жараны өрттөн каза болду,"Тышкы иштер министрлиги (ТИМ) Подмосковье аймагында өрттөн каза болгон Кыргызстандын үч жараны тууралуу комментарий берди. Расмий маалыматка ылайык, өрттөн каза болгондор 20 (Ж.У.М.), 30 (З.У.А.) жана 48 (З.У.А.) жаштагы кыргыз жарандары болгон. Алар Орусияда эмгек миграциясында жүргөн. Орусиянын Тергөө комитетинин Москва облусу боюнча башкы тергөө башкармалыгы бул окуяда кылмыштын курамы жок экенин, маркумдар көмүр кычкыл газына ууланып каза болгонун билдирген. Бул факты боюнча Орусиянын Кылмыш-жаза кодексинин “Кокусунан өлүмгө алып келүү” беренеси менен кылмыш иши козголуп, тергөө жүрүп жатат. Кыргызстандын Орусиядагы элчилиги каза болгондордун сөөгүн мекенине жөнөтүүгө көмөк көрсөтүүдө. (BTo)",azattyk.org,,,kyrgyz,0,high,,news_site
0231497b-7056-4cd8-ade2-d8678dead24c,Жаңылыктар. Чыгарылыш 09:00,"Бишкек калаасында экономика жана коммерция министринин орун басары Искендер Асылкулов менен Беларустун өнөр жай министринин орун басары Леонид Рыжковский бир нече долбоорлорду талкуулады. Бул туурасында Кыргызстандын аталган ведомстводон кабарлашты. Өнөр жай тармагындагы кызматташтык боюнча кыргыз-беларусь биргелешкен кичи комиссиясынын экинчи жыйыны Кыргызстанда өттү. Иш-чарага эки республиканын өнөр жай ишканаларынын жетекчилери катышты. Өнөр жай кооперациясынын алкагында тараптар Минск шаарындагы завод менен биргеликте кыргызстандык ишкананын базасында май трансформаторлорун чогултуу өндүрүшүн баштоо маселеси, эскирип калган лифт паркын алмаштыруу программасын кабыл алуу менен лифт жабдууларын чогултуу долбоору талкууланды. Мындан тышкары, алардан эл ташый турган, айыл чарба жана атайын техникаларды алуу боюнча сүйлөшүлдү. Ага Беларустун ири өнөр жай ишканаларынын жетекчилери жана кыргыз өндүрүш секторунун өкүлдөрү катышты. Бул — продукцияларды жеткирүү жана комплектилөөчү бөлүктөрдү сатып алуу боюнча өз ара иш алып барууну бекемдөөгө мүмкүндүк берет. Өндүрүштүк милдеттерден тышкары, катышуучулар квалификациялуу кадрларды даярдоо маселесине да токтолушту. Рыжковский кыргызстандыктарга беларустун жогорку окуу жайларында билим алууга жана талап кылынган техникалык адистиктерди өздөштүрүүгө тартуу боюнча сунуштарын айтты. Жаратылышка, тоого чыгып, андан соң таштандыны туш келди ыргыткандарды эми дрон менен таап, карап турушат. Бул туурасында Экология жана техникалык көзөмөл кызматы эскертти.  Эгерде мындай факт катталса, 23 000 сомго чейин айып төлөшөт. ""Тазалыкты сактаңыз! Таштандыларды башаламан ыргытуу үчүн мыйзам чегинде жаза каралган. Жаратылышты аяп, тазалыкты бирге сактайлы!"" — деп мекеме элге кайрылган. Алар дрондон көзөмөлдөө май айындагы эс алуу күндөрүндө өзгөчө күчөтүлгөнүн кошумчалашты. Буга чейин президент Садыр Жапаров да тоо аралап, таштанды чогултуп, эс алуучуларды аны туш келди ыргытпоого, табиятка аяр мамиле жасоого чакырган. 3-6-май аралыгында тоолуу аймактарда жана тоо этектеринде нөшөргө байланыштуу сел жүрүшү мүмкүн, андыктан эл майрам жана эс алуу күндөрү коопсуздук чараларын сакташы керек. Бул туурасында ӨКМден кабарлашты. Синоптиктер тоолуу жана тоо этектериндеги райондордо аба ырайынын өзгөрүшүнө, күтүлүп жаткан нөшөрлүү жаан-чачынга байланыштуу сел жүрүшү мүмкүн, дарыяларда суунун деңгээли көтөрүлүшү күтүлөрүн эскерткен. Мындан улам ӨКМ калкка майрам жана эс алуу күндөрү коопсуздук чараларын сактоо сунуштады. Россиянын президенти Владимир Путин Бишкектин түштүгүндө Кыргыз-Россия Славян университетинин кампусун куруу тууралуу макулдашууну ратификациялады. Тиешелүү документ расмий укуктук маалымат порталына жарыяланды. Россия менен Кыргызстан ортосундагы макулдашууга өткөн жылдын 26-ноябрында кол коюлган. РФ тарап кампусту долбоорлоо, куруу жана материалдык-техникалык жактан камсыздоону өзүнө алат. Ал эми Кыргызстан кеминде 30 гектар жер бөлүп берүүгө жана ка",sputnik.kg,,08:59 04.05.2026(Жаңыртылды:09:16 04.05.2026),kyrgyz,0,high,,news_site
25ed9781-07cc-41a2-b00c-631d9c04eaaf,Адам өлүмүнө себепкер болгон мас айдоочу эми 10 жылга кесилиши мүмкүн,"БИШКЕК, 4-май — Sputnik.Кыргызстанда мас болуп унаа айдаган айдоочуларга жаза күчөтүлөт. Бул тууралуу ЖКККББдан билдиришти. Жол милициясы маалымдагандай, Жогорку Кеңеш тиешелүү мыйзам долбоорун үч окууда жактырып, президенттин кароосуна жөнөткөн. Учурда ичип алып унаа айдаган айдоочулар бир жылга айдоочулук күбөлүгүнөн ажыратылат. Жаңы өзгөртүүлөргө ылайык, үч жылдан 10 жылга чейин унаа айдай албайт. Ал эми адамдар жаракат алса же каза тапса, айыпкер 10 жылга чейин эркинен ажыратылышы мүмкүн. Жол милициясы акыркы жылдары мас айдоочулардын катышуусундагы жол кырсыктарынын саны кескин көбөйгөнүн билдирди. Бул жагдай жаза чараларын күчөтүүгө негиз болгон. Кыргызстанда сталкинг үчүн жоопко тартуу каралууда. Мыйзам долбоору3 Бугу, 18:36",sputnik.kg,,14:21 04.05.2026,kyrgyz,0,high,,news_site
08691aaf-2c99-4426-9d3b-457dfefb7988,Кайгуул милициянын кызматкери сууга секирген чет элдик кызды сактап калды. Видео,"БИШКЕК, 5-май — Sputnik. Түндө Бишкектин батышында Кайгуул милициясынын кызматкери көпүрөдөн сууга боюн таштаган чет элдик кыздын артынан кошо секирип, аман алып калды. Бул туурасында кабарлаган аталган башкармалык окуянын видеосу менен бөлүштү. Аларга маалымат болжол менен 20:30да түшкөн. Кыз Шабдан баатыр менен Ауэзов көчөлөрүндөгү көпүрөдөн Чоң Чүй каналына секирүү ниетинде турганын айтышкан. Кызды оюнан айнытуу үчүн жасалган аракеттер майнап берген эмес. Ал жерге жетип келген кайгуулчулардын бири сууга секирип, кызды куткарып калган. Баткенде кудуктан чыга албай калган киши 16 күндөн кийин куткарылды9 Чын Куран, 19:45",sputnik.kg,,11:36 05.05.2026(Жаңыртылды:11:55 05.05.2026),kyrgyz,0,high,,news_site
d6feb496-779d-42eb-819c-8aa277be5c5b,Захарова АКШ РФ дипломаттарынын балдарына жарандык таңуулап жатканын айтты,"БИШКЕК, 4-май. — Sputnik.Мамлекеттик департамент ""туулган жер укугун"" шылтоолоп АКШнын юрисдикциясында төрөлгөн россиялык өкүлчүлүктөрдүн кызматкерлеринин балдарына Америка жарандыгын таңуулоодо. Бул тууралуу РФ ТИМинин расмий өкүлү Мария Захарова""Ведомости""гезити үчүн жазган макаласында билдирди. ""Мамдепартаментпи, айтор, америкалык дипломатиянын артында тургандар россиялык өкүлчүлүктө иштеген кызматкерлердин АКШнын юрисдикциясында жарыкка келген балдарына жарандыгын күчтөп таңуулап жатышат. Буга АКШ Конституциясында каралган ""туулган жер укугу"" жана консулдук иммунитеттин чектелүүлүгү себеп имиш"", — деди Захарова. Өкүлдүн айтымында, мажбурлоо Дональд Трамп бийликке келгенге чейин эле 2023-жылы башталган. Захарова мындай аракет мигранттардын агымы менен күрөшөрүн айткан Трампты жаманатты кылуу үчүн жасалганын боолголоду. ТИМ өкүлү бул убакыт аралыгында АКШ Баш мыйзамына да, эки өлкөнүн дипломатиялык жана консулдук мамилелери тууралуу конвенциясына да эч кандай өзгөртүү кирбегенин белгилеген. Захарова жарандык таңуулоо процесси Москва менен Вашингтондун ортодогу мамилени жакшыртуу аракети күчөгөн маалда жасалып жатканына көңүл бурду. Ал чет элдик дипломаттардын балдарынын жарандыгы боюнча пункт АКШнын ички нормативдик эрежесинин дээрлик баарында каралганын билдирди. Өкүлдүн айтымында, бул документтерде дипломаттардын балдары ""туулган жер укугу"" боюнча жарандык албайт, себеби иммунитке ээ болуп, жүргөн өлкөнүн юрисдикциясына толук кандуу баш ийбейт. Захарова: Батышта дүйнөлүк элита катышкан иш иликтенбейт, буга Эпштейн мисал6 Бирдин айы, 10:43",sputnik.kg,,13:14 04.05.2026,kyrgyz,0,high,,news_site
281f8284-f4ee-4278-bc76-aa9d28a9336b,Ошто таштанды иштетип электр энергиясын өндүргөн завод курула баштады. Видео,"БИШКЕК, 4-май. — Sputnik.Ош шаарында таштандыны кайра иштеткен заводдун курулушуна даярдык жүрүп жатат. Бул тууралуу калаа мэриясы билдирди. Иштерди бүгүн шаар мэри Жанар Акаев көрүп чыккан. Курулушту кытай компаниясы ишке ашырат. ""Аталган долбоордун алкагында катуу тиричилик калдыктарын кайра иштетүү аркылуу электр энергиясын өндүрүүчү завод курулат. Бул ыкма таштандыны энергетикалык ресурс катары пайдаланууга мүмкүндүк берип, айлана-чөйрөгө тийгизген терс таасирди кыйла азайтат"", — деп айтылат маалыматта. Ош шаарында жыл сайын орто эсеп менен 252 миң тонна таштанды чыгат. Мурда ал ачык полигондордо сакталса, эми заманбап технологиялардын жардамы менен кайра иштетилип, экологиялык коопсуздук жогорулайт. Биринчи этапта суткасына 850 тоннага чейин таштанды иштетүү мүмкүнчүлүгү каралып, саатына 30 МВт электр энергиясын өндүрүү пландалууда. Аны Энергетика министрлигинин сатып алышы каралып жатат. Заводдун курулушуна Кытай тараптан жалпы 95 миллион доллар өлчөмүндө инвестиция тартылат. Оштун аэропортунда авиапарк менен музейден турган чоң комплекс ачылды. Видео26 Чын Куран, 17:38",sputnik.kg,,17:19 04.05.2026(Жаңыртылды:10:22 05.05.2026),kyrgyz,0,high,,news_site
768bb376-caf6-4965-9c56-3de68a81e33a,Чехия премьери: ТИМ Казакстанга кысым көрсөтүүмдү өтүнүп таң калтырды,"БИШКЕК, 4-май. — Sputnik.Чехия премьери Андрей Бабиш өлкөнүн Тышкы иштер министрлиги Казакстандан Россия менен алакасын чектөөнү талап кылышымды өтүндү. Бул тууралуу ал TV Nova телеканалына маек куруп жатып айтканынРИА Новостижазды. ""Астанага баратканымда Тышкы иштер министрлигинен деп документ беришти. Анда Казакстанга Россия жана Кытай менен мамилесин солгундатууну айтышым керектиги жазылыптыр. Документти мага мурунку тышкы иштер министри Ян Липавский башында турган аткаминерлер беришти. Сөз да кылгым келбейт, уят иш"", — деди саясатчы. Бабиш буга чейинки өкмөттүн тышкы саясий багытын сынга алып, өлкө кызыкчылыгына доо кетиргенин белгиледи. Чехия премьери Астанага апрелдин соңунда барган. Өлкө башчысы Касым-Жомарт Токаев жана премьер-министри Олжас Бектенов менен жолугуп, экономикалык кызматташууну жана энергоресурс маселесиин талкуулаган. Андрей Бабиш Европаны Россия президенти Владимир Путин менен Украина маселесин жөнгө салуу боюнча сүйлөшүүлөрдү баштоого чакырганы маалым. Мындан тышкары, Европа өлкөлөрүнө Москва менен диалогду жандантууну сунуштап, бул согушту токтотуунун зарыл шарты экенин белгилеген. Бабиштин айтымында, Путин менен Европанын алдыңкы мамлекеттери сүйлөшө алат. Башка өлкөлөр антироссиялык санкцияны сактоого милдеттүү эмес. ЕБдин өзүнөн айтышты5 Бирдин айы, 13:31",sputnik.kg,,19:58 04.05.2026(Жаңыртылды:10:06 05.05.2026),kyrgyz,0,high,,news_site
8a846bdd-73d6-4c01-8c16-a2052d5c9765,Купуялык саясаты( 2023 ред.),"119021, Россия, Москва шаары, Зубовский бульвары, 4 үй, 1,2,3- имараттар дареги боюнча катталган ""Россия сегодня"" Эл аралык маалымат агенттиги"" Федералдык мамлекеттик унитардык ишканасы (мындан ары - Агенттик, биз, биздики, биздики) сиздин турмушуңузду коргоого жана жеке маалыматтарыңыздын коопсуздугуна чоң маани берет. Купуялык саясаты Россия Федерациясынын жеке маалыматтарды коргоо жаатындагы ченемдик укуктук актыларынын талаптарына жана эл аралык укуктун нормаларына, анын ичинде, бирок алар менен чектелбестен: Россия Федерациясынын 2006-жылдын 27-июлундагы № 152-ФЗ ""Жеке маалыматтар жөнүндө"" Федералдык Мыйзамы, GDPR нормалары - 2016-жылдын 27-апрелиндеги Европалык парламенттин жана Европа Бирлигинин Кеңешинин N 2016/679 ""Жеке маалыматтарды иштетүүгө байланыштуу жеке адамдарды коргоо жана мындай берилмелердин эркин айлануусу, ошондой эле 95/46 / EC Директивасын жокко чыгаруу жөнүндө (Берилмелерди коргоо боюнча жалпы жобо)” Регламентине ылайык иштелип чыккан. Биз Сиздин жеке маалыматтарыңызды ушул Купуялык саясатына (мындан ары - Саясат) жана колдонуудагы мыйзамдарга ылайык коргоо үчүн өз убагында чараларды көрөбүз жана жеке маалыматтарды иштетүү жана коргоо жогорку эл аралык стандарттарга жооп берерине кепилдик беребиз. Сиздин жеке маалыматыңызды кандай максаттарда иштетип жатканыбызды, ошондой эле Агенттик тарабынан иштетиле турган жеке маалыматтарыңызга карата укуктарды кантип ишке ашыра аларыңызды түшүнүү үчүн Саясатты кылдат изилдеп чыгууну суранабыз. Биз Саясатты түшүнүү үчүн мүмкүн болушунча жөнөкөй кылууга аракет кылдык. Саясат орус тилиндеги редакцияда бекитилет жана зарыл болгон учурда чет тилдерге которулат. Эгерде сизде биздин жеке маалыматтарыңызды иштетүү жана аларды коргоо боюнча суроолоруңуз болсо, Саясаттын баяндалышын жакшыртуу боюнча сунуштарыңызды, ошондой эле бекитилген редакцияга суроо-талапты бизге""Байланыштар"" 13-бөлүмүндөкөрсөтүлгөн ыкманы колдонуу менен жөнөтсөңүз болот. 1. Колдонуу аймагы Саясат Сиз биздин маалымат ресурсубузду (сайт, мобилдик тиркеме) колдонгон учурда, ошондой эле биз маалымат ресурсун пайдаланууга байланышпаган иш-аракеттерди жасаган учурда Сиздин жеке маалыматтарыңызды чогултуу жана иштетүү боюнча иш-аракеттерибиз жөнүндө Сизге маалымат берүү үчүн арналган. Саясат колдонулуучу процесстер""Купуялык жөнүндө эскертүү"" 5-бөлүмүндөкелтирилген. Биздин маалымат ресурста (сайт, мобилдик тиркеме) биз көзөмөлдөбөгөн жана Саясат менен камтылбаган башка кызмат көрсөтүүчүлөрдүн ресурстарына шилтемелерди камтышы мүмкүн экенине көңүл буруңуз. Биз өнөктөштөрүбүздөн колдонуучулардын берилмелерине кылдат мамиле кылууну талап кылабыз жана абийири далилденген компаниялар менен гана иштейбиз. 2. Иштетилген жеке маалыматтардын категориялары Биз расага, улуттук текке, саясий көз караштарга, диний же философиялык ишенимдерге, ден соолук абалына, интимдик жашоого, биологиялык мүнөздөмөлөргө тиешелүү, инсандыгыңызды аныктоого жардам берүүчү жеке маалыматтарыңызды иштетпейбиз. ММКнын ишмердүүлүгү жөнүндөгү колдонуудагы мыйзамдарда башкача каралбаса, биз Сиздин жеке маалыматыңызды жалпыга жеткиликтүү булактардан максаттуу чогултууну ишке ашырбайбыз. 3. Жеке маалыматтардын субъекттеринин категориялары Жеке маалыматтардын субъекттерине Агенттиктин жана анын өкүлчүлүктөрүнүн, филиалдарынын, корреспонденттик пункттарынын кызматкерлери, Агенттиктин сайттарын, мобилдик тиркемелерин жана кызматтарын колдонуучулар, Агенттиктин өнөктөштөрү, клиенттери, контрагенттери жана алардын өкүлдөрү, журналисттер, блогерлер (социалдык тармактарда жеке сайт, баракчаны, басып чыгаруу аянтын өнүктүрүүчү жеке адамдар), жалпыга маалымдоо каражаттарынын өкүлдөрү, Агенттик өткөргөн иш-чаралардын катышуучулары, жеке маалыматтарды иштетүү максаттарын ишке ашырууну камсыз кылуу үчүн жеке маалыматтардын башка субъекттери кирет. Жеке маалыматтарды иштетүүнүн максаттары""Купуялык жөнүндө эскертүү"" 5-бөлүмдөкелтирилген. Агенттик бойго жеткен адамдардын жеке маалыматтарын иштетүүнү ишке ашырат. 4. Жашы жете электердин жеке маалыматтарын чогултуу Биздин маалымат ресурсубуз (сайт, мобилдик тиркеме) колдонуудагы мыйзамдарда же ата-энелердин же аларды алмаштырган адамдардын макулдугу менен каралган учурларды кошпогондо, жашы жете электердин жеке маалыматтарын иштетүү үчүн арналбаган. Эгерде колдонуудагы мыйзамдарда башкача каралбаса, жашы жете элек адам 18 жашка чыга элек адам болуп саналат. Эгерде Сиздин балаңыз бизге өзүнүн жеке маалыматтарын берди деп ишенүүгө негизиңиз бар болсо,""Байланыштар"" 13-бөлүмүндөкөрсөтүлгөн ыкманы колдонуу менен биз менен байланышыңыз. 5. Купуялык жөнүндө эскертүү 5.1. Сиздин инсандыгыңызды идентификациялоо менен жеке маалыматтарды иштетүү. Агенттиктин маалымат ресурсу (сайт, мобилдик тиркеме) төмөнкү максаттарга жетүү үчүн сизди жеке адам катары идентификациялоо үчүн жеке маалыматтарды иштетүүнү ишке ашырат: 5.1.1. Жаңылыктар сайтында жеке кабинеттин функционалын берүү. Жаңылыктар сайты деп Агенттиктин интернет-басылмасын түшүнүү керек, анын адистиги жаңылыктарды же жаңылыктык материалдарды чогултуу жана жайылтуу болуп саналат. Жеке маалыматтарды иштетүү максаты. Жаңылыктарды талкуулоого катышууга, жаңылыктарга түшүндүрмө берүүгө мүмкүнчүлүк берүү. Көрсөтүлгөн максат үчүн иштетилүүчү жеке маалыматтар. Сайтта катталуу үчүн төмөнкүлөрдү камсыз кылышыңыз керек: атыңыз же лакап атыңыз жана электрондук почта дареги. Каттоо эсебиңизди түзгөндөн кийин, Сиз өзүңүздүн жеке кабинетиңизде кошумча маалыматтарды көрсөтсөңүз болот: сүрөт, жашыңыз тууралуу маалымат; жынысыңыз; туулган күнүңүз; өлкөңүз; Google ID, Apple ID, социалдык тармактардагы аккаунт IDси. Кошумча маалыматтар милдеттүү болуп саналбайт. Эгер сиз Google ID, Apple ID, социалдык тармактагы аккаунт IDсин көрсөтсөңүз, анда сайт Сиздин социалдык тармактагы аккаунтуңуздагы маалыматтар: атыңыз, фамилияңыз, сүрөтүңүз, туулган күнүңүз, жынысыңыз, электрондук почта дареги, жазылуулар иштетилет. Жеке маалыматтарды иштетүү үчүн мыйзамдык негиздер. Сиздин макулдугуңуз. Жеке маалыматтарды сактоо мөөнөтү. Каттоо эсебиңизди өзүңүз жок кылмайынча же сиз макулдукту кайтарып алууга суроо-талап жөнөткөнгө чейин (маалыматтарды жок кылуу). Макулдукту кайтарып алуу тартиби.""Макулдукту кайтарып алуу укугу"" 8.7-пунктундакөрсөтүлгөн. Жеке маалыматтарды үчүнчү жактарга өткөрүп берүү. Эгерде сиз жеке кабинетиңиздин баптоолорунда өзүңүздүн Google ID, Apple ID, социалдык тармактагы аккаунт IDсин көрсөтсөңүз, анда сиздин жеке маалыматтарыңыз үчүнчү жактарга, атап айтканда: Google LLC (Firebase, Google Analytics); Twitter Inc. (Твиттер); Вконтакте ЖЧК (Вконтакте), Apple Inc. өткөрүлүп берилет. Сиздин жеке кабинетиңиздин баптоолорунда социалдык тармактар тууралуу маалыматтар болбосо, үчүнчү жактарга өткөрүп берүү жүргүзүлбөйт. Жеке маалыматтарды үчүнчү өлкөлөргө жана эл аралык уюмдарга өткөрүп берүү. Эгерде Сиздин жеке кабинетиңиздин баптоолорунда социалдык тармак тууралуу маалымат болсо, жеке маалыматтарды иштетүү Россия Федерациясынын аймагында, АКШда жана социалдык тармактын провайдери бар болгон башка өлкөлөрдө жүргүзүлөт. Жеке кабинетиңиздин баптоолорунда социалдык тармактар тууралуу маалымат болбосо, жеке маалыматтарды иштетүү Россия Федерациясынын аймагында гана жүргүзүлөт. 5.1.2. Медиасайтта жеке кабинеттин функционалын берүү. Медиасайт деп Агенттиктин маалымат ресурсу түшүнүлүшү керек, анда Агенттик тарабынан аларды андан аркы пайдалануу жана кийинки жайылтуу максатында түзүлгөн санариптик форматтагы маалымат продуктулары (фото, видео, аудио ж.б.) жайгаштырылган. Фотоматериалдарды, графикалык, инфографикалык, аудиовизуалдык материалдарды колдонуу укугуна лицензия берүү. Аты, фамилиясы, электрондук почта дареги, логин, компаниянын аталышы, компаниянын өнөр жайы, шаар, өлкөсү, иштеген жери, ээлеген кызматы, почта индекси, дареги, байланыш телефонунун номери. Келишим (лицензиялык макулдашуу). Келишим (лицензиялык макулдашуу) аракети токтотулганга чейин. Келишим токтотулгандан кийин келишим ички архивдик сактоого өткөрүлүп берилет. Келишимди сактоо мөөнөтү колдонуудагы мыйзамдардын талаптарына ылайык иштердин ички номенклатурасы менен аныкталат. Жеке маалыматтарды үчүнчү жактарга өткөрүп берүү жүргүзүлбөйт. Жеке маалыматтарды иштетүү Россия Федерациясынын аймагында гана жүргүзүлөт. 5.1.3. Коммерциялык маалымат ресурсундагы жеке кабинеттин функционалын уюмга берүү. Коммерциялык кызматтарды көрсөтүү. Электрондук почта; уюм; логин; колдонулуучу жаңылык каналдары жөнүндөгү маалыматтар. Келишим (лицензиялык макулдашуу) токтотулганга чейин. 5.1.4. Конкурстар же башка иш-чараларды өткөрүү. Маркетинг конкурстары жана акцияларын өткөрүү. Социалдык тармактардагы аккаунттардын IDси, фамилиясы, аты, атасынын аты, жашы, өлкөсү, интернет-мессенджерлер жана социалдык тармактардагы байланыштар тууралуу маалыматтар, байланыш телефондорунун номерлери, электрондук почта дареги, фото, видео. Сиздин жеке маалыматтарыңызды иштетүү үчүн мыйзамдуу негиздер. Конкурска же башка иш-чарага катышуу эрежелери. Иш-чаранын аягына чейин. Жеңүүчүлөрдүн берилмелери аларга сыйлыктарды бергенге чейин иштетилет. Үчүнчү жактар иш-чараларды уюштурууга (өнөктөштөр, үчүнчү тараптардын аянттары) же сыйлыктарды берүүгө (почта кызматтары, курьердик кызматтар же өнөктөштөр) тартылган учурда, жеке маалыматтар үчүнчү жактарга өткөрүлүп берилет. Конкурстун бардык этаптарын, анын ичинде жеңүүчүлөргө сыйлыктарды берүүнү уюштуруу убагында Агенттик жеке маалыматтарды үчүнчү жактарга өз алдынча өткөрбөйт. Үчүнчү жактар иш-чараларды уюштурууга (өнөктөштөр, үчүнчү тараптардын аянттары) же сыйлыктарды берүүгө (почта кызматтары, курьердик кызматтар же өнөктөштөр) тартылган учурда, жеке маалыматтарды иштетүү Россия Федерациясынын аймагында жана үчүнчү жактар бар өлкөлөрдө жүргүзүлөт. Тартылган үчүнчү жактар болбогон учурда жеке маалыматтарды иштетүү Россия Федерациясынын аймагында гана жүргүзүлөт. 5.1.5. Электрондук каттар- жөнөтмөлөр жана эскертүүлөрдү жөнөтүү. Маалыматтык жөнөтмөлөрдү ишке ашыруу. Фамилиясы, аты; электрондук почта дареги; турган жеринин дареги; почталык клиент тууралуу маалыматтар. Сиздин макулдугуңуз кайтарып алынганга чейин. The Rocket Science Group (Mailchimp); SendPulse Inc. (Sendpulse). Жеке маалыматтарды үчүнчү өлкөлөргө жана эларалык уюмдарга өткөрүп берүү. Жеке маалыматтарды иштетүү Россия Федерациясынын, АКШ, Германия жана Литва Республикасынын аймагында жүргүзүлөт. 5.1.6. Кайра байланыш мүмкүнчүлүгүн камсыз кылуу. Жеке адамдын же уюмдун өкүлүнүн кайрылууларын (даттанууларын, сунуштарын) кароо. Фамилиясы, аты; иштеген жери жана ээлеген кызматы; дареги; өлкөсү; байланыш телефон номерлери; электрондук почтанын дареги. Маселеңизди чечүү үчүн Сиз менен кайра байланышты камсыз кылуу. Кайрылууда бизге жиберилген сурооңуз чечилгенге чейин. 5.2. Сиздин инсандыгыңызды идентификациялоосуз жеке маалыматтарды иштетүү. Биздин сайт төмөнкү максаттарга жетүү үчүн Сизди жеке адам катары идентификациялоосуз автоматтык түрдө маалыматтарды чогултууну жүргүзөт: 5.2.1. Ички аналитикалык тутумдардын жардамы менен маалымат ресурсун (сайттар жана мобилдик тиркемелер) колдонуучунун жүрүм-турумун талдоо. Сайттын/мобилдик тиркеменин ишин жакшыртуу, контент берүү, эң тиешелүү жаңылык материалдарын көрсөтүү, Агенттиктин сайтында/мобилдик тиркемесинде жана жарнама тармактарында максаттуу жарнамаларды көрсөтүү. Cookie, IP дареги, жайгашкан жери тууралуу маалыматтар, ОТ түрү жана версиясы, браузердин түрү жана версиясы, түзмөктүн түрү жана экрандын токтому, колдонуучунун сайтка кайдан, кайсы сайттан же кайсы жарнама аркылуу келгени, ОТ жана браузердин тили, колдонуучунун Интернет тармагындагы активдүүлүгү. Мыйзамдуу кызыкчылык. Сиздин маалыматыңызды чогултуу убагында биз мыйзамдуу кызыкчылыкты жетекчиликке алабыз, анткени бул учурда башка негиздер колдонула албайт. Биздин иш-аракеттер сиздин берилген мазмунга болгон кызыгууңуз, аны колдонуунун ыңгайлуулугуна байланыштуу болот. Биздин сайтта колдонуучунун жүрүм-турумун талдоо жалпыга маалымдоо каражаттарынын иш-аракети үчүн кеңири таралган практика болуп саналат, бул жагынан биз сиздердин бул тууралуу кабардар болушуңузга таянабыз. Биз белгилеген максатка жетүү үчүн жүргүзүлгөн Сиздин маалыматтарыңыздын талдоосу Сиздин укуктарыңыз жана эркиндиктериңизге олуттуу таасир этпей турганын ырастайбыз. Сактоо мөөнөтү cookie файл түрүнө байланыштуу болот. Тийиштүү акысыз тышкы сервистерди колдонуп, cookie-файлдардын түрлөрүнүн сүрөттөмөсү менен өз алдынча таанышсаңыз болот, мисалы:https://www.hotcleaner.com/cookie-editor/. 5.2.2. Маалымат ресурсун (сайттар жана мобилдик тиркемелер) колдонуучунун жүрүм-турумун үчүнчү тараптын ресурстарынын жардамы менен талдоо. Сайттын/мобилдик тиркеменин иштешин жакшыртуу, контент берүү, эң тиешелүү жаңылык материалдарын көрсөтүү, максаттуу жарнаманы көрсөтүү. Cookie, IP дареги, жайгашкан жери тууралуу маалымат, ОТ түрү жана версиясы, браузердин түрү жана версиясы, түзмөктүн түрү жана экрандын токтому, колдонуучу сайтка кайдан, кайсы сайттан же кайсы жарнама аркылуу келгени, ОТ жана браузердин тили, колдонуучунун Интернет тармагындагы активдүүлүгү. 1) Cookie-файлдын түрүнө жараша анын сактоо мөөнөтү аяктаганга чейин. Тийиштүү акысыз тышкы сервистерди колдонуп, cookie-файлдын түрүнө жараша сактоо мөөнөтү менен өз алдынча таанышсаңыз болот, мисалы:https://www.hotcleaner.com/cookie-editor/. 2) Макулдук кайтарып алынганга чейин (иштетүүдөн баш тартуу). Макулдукту кайтарып алуу тартиби""Макулдукту кайтарып алуу укугу"" 8.7-пунктундакөрсөтүлгөн. Үчүнчү жактарга жеке маалыматтарга жетүүнү камсыз кылуу. Бул максатка жетүү үчүн үчүнчү тарап кызматтарынын маалымат ресурстарына туташуу колдонулат. Бул кызматтарга талдоо жүргүзүү максатында жеке маалыматтарыңызды чогултуу мүмкүнчүлүгү берилет. Бул учурда, Сиздин жеке маалыматтарыңызды иштетүү үчүнчү тарап кызматтарынын Купуялык саясаты менен жөнгө салынат. Жеке маалыматтарды иштетүү Россия Федерациясынын аймагында, АКШда, Египетте жана үчүнчү тараптын кызматтары бар башка өлкөлөрдө жүргүзүлөт. 5.3. Маалымат ресурстарын пайдаланбастан Агенттиктин ишинин алкагында маалыматтарды иштетүү. Биз сиздин Жеке маалыматтарыңызды төмөнкү максаттарга жетүү үчүн маалымат ресурстарын пайдаланбастан иштетебиз: 5.3.1. Агенттиктин өзүнүн иш-чарасына же Агенттик тарабынан уюштурулган иш-чарага ЖМКнын өкүлүн, блогерди аккредитациялоо. Агенттиктин өзүнүн иш-чарасына же Агенттик тарабынан уюштурулган иш-чарага ЖМКнын өкүлүн, блогерди аккредитациялоо. Фамилиясы, аты, Атасынын аты; жынысы; жарандыгы; инсандыгын ырастоочу документтин реквизиттери; сүрөт; паспорт барактарынын көчүрмөлөрү; иштеген жери жана ээлеген кызматы; визанын категориясы жана номери; электрондук почтанын дареги; байланыш телефондорунун номерлери; кирүү максаты. Аккредитациялоо жүргүзүү мөөнөтүнүн ичинде жана аккредитациялоо аяктагандан кийин бир жылдын ичинде. Жеке маалыматтарды үчүнчү жактарга өткөрүп берүү, эгерде алар Агенттиктин иш-чараларын өткөрүү процессине тартылган болсо, жүзөгө ашырылат. Жеке маалыматтарды иштетүү Россия Федерациясынын аймагында жана иш-чаралар өтүп жаткан өлкөнүн аймагында жүргүзүлөт. 5.3.2. Агенттиктин иш-чарасына чакыруу. Агенттиктин иш-чарасын уюштуруу. Фамилиясы, аты, атасынын аты; сүрөт; иштеген жери жана ээлеген кызматы; электрондук почтанын дареги; байланыш телефондорунун номерлери; илимий даражалары жөнүндө маалымат; өмүр баяны жөнүндө маалымат; Интернет-мессенджерлердеги жана социалдык тармактардагы байланыштары жөнүндө маалымат. Жеке маалыматтарды үчүнчү жактарга өткөрүп берүү, эгерде алар Агенттиктин иш-чарасын өткөрүү процессине тартылса, жүзөгө ашырылат. Жеке маалыматтарды иштетүү Россия Федерациясынын аймагында жана иш-чара өтүп жаткан өлкөнүн аймагында жүргүзүлөт. 5.3.3. Агенттиктин өнөктөштөрүнүн өкүлдөрүнүн, контрагенттеринин жана клиенттеринин маалыматтарын иштетүү. Жарандык-укуктук келишимди түзүү, аткаруу жана бузуу; келишимди контрагент менен макулдашуу. Фамилиясы, аты, атасынын аты; иштеген жери жана ээлеген кызматы; электрондук почтанын дареги; байланыш телефонунун номери. Келишим түзүүгө, ошондой эле келишимди аткарууга багытталган аракеттер (келишимдин ар кандай түрү). Келишим түзүлгөнгө чейин, келишимдин аракети токтогонго чейин. 5.3.4. Жалпыга маалымдоо каражаттарынын ишмердүүлүгүнүн алкагында материалдарды даярдоо. ЖМК ишин жүргүзүү. Фамилиясы, аты, атасынын аты; иштеген жери жана ээлеген кызматы; сүрөтү; интервьюнун аудио жазуусу; интервьюну же сөздү видео жазуусу; өмүр баяны; электрондук почтанын дареги; байланыш телефонунун номери; Интернет-мессенджерлердеги жана социалдык тармактардагы байланыштар жөнүндө маалымат. Сиздин маалыматыңызды чогултуу убагында биз мыйзамдуу кызыкчылыкты жетекчиликке алабыз, анткени бул учурда башка негиздер колдонула албайт. Биздин ишмердүүлүк коомдун түрдүү чөйрөлөрүндө болуп жаткан окуяларга оперативдүү жооп кайтарууга жана аларды жаңылык материалдар түрүндө көрсөтүүгө негизделген. Жалпыга маалымдоо каражаттарынын ишмердүүлүгүнүн алкагында материалды түзүүдө жеке маалыматтар колдонулушу мүмкүн жана бул жеке маалыматтар, эгерде бул жеке адамдын укуктарын жана эркиндиктерин бузбаса, жалпыга жеткиликтүү болуп калат жана биз бул тууралуу Сиздин кабардар болушуңузга таянабыз. ММКнын журналисттик ишмердүүлүгүн жүргүзүүнүн алкагында мөөнөтсүз. 5.3.5. ЖМК өкүлдөрүнө жөнөтмөлөрдү ишке ашыруу. Жаңылык жөнөтмөлөрүн ишке ашыруу. Фамилиясы, аты, атасынын аты; иштеген жери; байланыш телефонунун номери; электрондук почтанын дареги; өлкө. Макулдукту кайтарып алуу тартиби""Макулдукту кайтарып алуу укугу"" 8.7-пунктундакөрсөтүлгөн. 6. Профилдештирүүнү кошкондо жекече чечимдерди автоматташтырылган түрдө кабыл алуу Биз максаттарыбызга жетүү үчүн Сиздин жеке маалыматыңызды иштеткен убакта, биз профилдештирүүү кошкондо жекече чечимдерди автоматташтырылган түрдө, анын ичинде кабыл албайбыз. 7. Жеке маалыматтарды жок кылуу Жеке маалыматтарды жок кылуу, эгерде колдонуудагы мыйзамдарда башка шарттар каралбаса, иштетүү максатына жеткенден кийин, аларды сактоо мөөнөтү аяктагандан кийин, жеке маалыматтар субъектинин макулдугун кайтарып алган учурда же келишим бузулганда жүргүзүлөт. Ошондой эле, жеке маалыматтар мыйзамсыз иштетилгени аныкталган учурда жок кылынууга тийиш. 8. Сиздин укуктарыңыз 8.1. Сиз жөнүндө маалыматтарга жетүү укугу. Сиз жеке маалыматтарыңызды иштетүү тартиби: иштетүүнүн максаттары, категориялары, анын ичинде башка өлкөлөрдөн же эл аралык уюмдардан алуучулар же алуучулардын категориялары, сактоо мөөнөтү, иштетүүнү токтотуу шарттары, жеке маалыматтарды алуу булагы жөнүндө бизден маалымат алууга укуктуусуз. Сиз бизден электрондук түрдө иштетилип жаткан маалыматтарыңыздын кеңири колдонулган форматындагы электрондук көчүрмөсүн, эгер бул укук колдонуудагы мыйзамдарда ачык аныкталган болсо, алууга укугуңуз бар. 8.2. Сиздин жеке маалыматтарыңызды оңдоо укугу. Эгерде Сиздин жеке маалыматтарыңыз так эмес, толук эмес же эскирип калган болсо, Сиз аларды биз тараптан кечиктирбестен оңдоону талап кылууга укугуңуз бар же ылайыктуу болсо, аларды өзүңүз, мисалы, жеке кабинетиңиздин баптоолорунан оңдой аласыз. Жеке маалыматыңызды оңдогондон кийин, биз сизге бул тууралуу кабарлайбыз. 8.3. Сиздин жеке маалыматтарыңызды жок кылуу укугу. Сиздин жеке маалыматтарыңызды биз тараптан кечиктирбестен жок кылууну талап кылууга укугуңуз бар, же ылайыктуу болсо, аны өзүңүз, мисалы, жеке кабинетиңиздин баптоолорунан жок кыла аласыз. Эгерде биз Сиздин жеке маалыматыңызды жок кыла албасак, анда анын ээсин аныктоо мүмкүн болбой тургандай кылып, Сиздин жеке маалыматыңызды анонимдүү кылабыз. Жеке маалыматтарыңызды жок кылгандан же анонимдөөдөн кийин, биз бул тууралуу Сизге кабарлайбыз. 8.4. Иштетүүнү чектөө (бөгөттөө) укугу. Сиздин жеке маалыматтарыңызды иштетүүнү чектөөнү (бөгөттөө) бизден талап кылууга укугуңуз бар. Сиз бул укуктан төмөнкү учурларда гана пайдалана аласыз: 1) жеке маалыматтардын тууралыгы бизге маалыматтардын тууралыгын текшерүүгө мүмкүндүк берген мөөнөт ичинде сиз тарабынан талашып-тартылып жаткан болсо; 2) иштетүү мыйзамсыз жана Сиз жеке маалыматтарыңыздын жок кылынышына каршы болуп, аларды колдонууну чектөөнү сурансаңыз; 3) бизге мындан ары кайра иштетүү максаттары үчүн жеке маалыматтар керек болбосо, бирок алар юридикалык талаптарды аныктоо, жүзөгө ашыруу же коргоо үчүн зарыл болсо; 4) Биздин мыйзамдуу негиздер сиздин негиздериңизден жогору экендигин текшерүүдөн мурун кайра иштетүүгө каршы болсоңуз. Сиздин жеке маалыматыңызды иштетүүгө чектөөлөр (бөгөттөө) орнотулган учурда, биз тарабынан иштетүү бөгөттөө алынып салынганга чейин токтотулат, бирок анда биз Сиздин жеке маалыматыңызды сактайбыз. Сиз алардан жеке маалыматтарыңызды иштетүүгө чектөөнү (бөгөт коюуну) каалаган убакта""Байланыштар"" 13-бөлүмүндөкөрсөтүлгөн тартипте суроо-талап жөнөтүү аркылуу алып салсаңыз болот. 8.5. Маалыматтарды көчүрүү укугу. Сиздин жеке маалыматтарыңызды структураланган жана машина окуй турган форматта алууга, ошондой эле бул маалыматтарды башка уюмга өткөрүп берүүгө укугуңуз бар. Сиз бул укукту Сиздин маалыматтарыңыз макулдугуңуздун же кол коюлган келишимдин негизинде электрондук түрдө иштетилген убакта, Сиз тараптардын бири болуп саналган жана бул укук колдонуудагы мыйзамдарда так аныкталган жана техникалык жактан ишке ашышы мүмкүн болгон учурда пайдалана аласыз. 8.6. Каршы чыгуу укугу. Сиз каалаган убакта жүйөлүү каршы пикириңиздин негизинде жеке маалыматтарыңызды иштетүүгө каршы чыгууга укугуңуз бар, эгерде: 1) коомдук кызыкчылык үчүн милдеттер аткарылса же бизге жүктөлгөн расмий ыйгарым укуктарды ишке ашырылса; 2) биз же үчүнчү тарап көздөгөн мыйзамдуу кызыкчылыктар болсо, бирок мындай кызыкчылыктар сиздин укуктарыңызды жана эркиндиктериңизди коргоо үчүн зарыл болбосо. Биз Сиздин жеке маалыматыңызды иштетүү үчүн ынандырарлык мыйзамдуу негиздерди көрсөтө албасак, аларды иштетпейбиз. Сиз ошондой эле жеке маалыматтарыңыздын маркетинг максаттарында, анын ичинде профилдештирүүү үчүн иштетилишине каалаган убакта, эгерде мындай каршылык колдонуудагы мыйзамдарда ачык каралган болсо, каршы чыга аласыз. 8.7. Макулдукту кайтарып алуу укугу Эгер Сиздин маалыматтарыңыз Сиздин макулдугуңуздун негизинде иштетилсе, Сиз аны кайтарып алууга укуктуусуз. Биз макулдукту жөнөкөй кайтарып алуу функционалын ишке ашырабыз: 1) электрондук кат -жөнөтмөлөр дарегине жазуу аркылуу макулдукту кайтарып алуу. Сиз макулдугуңуздан бир нече жол менен кайтарып ала аласыз: а) ар бир жөнөтүлгөн электрондук почтада бар ""Жазылууну токтотуу"" шилтемесин басуу менен; б) электрондук кат -жөнөтмөлөр дарегине жооп каты менен кайтарып алуу пикириңизди жөнөтүү аркылуу; в) орундуу болсо, сиздин жеке кабинетиңиздин баптоолорунан өз алдынча жөнөтмөнү өчүрүү аркылуу. 2) сайттагы жеке кабинетте жеке маалыматтарды иштетүүгө макулдукту кайтарып алуу. а) сайттын жеке кабинет баптоолорунда аккаунтту жок кылуу менен (""Баптоолор"" бөлүмүндөгү ""аккаунтту өчүрүү"" шилтемеси); б)""Байланыштар"" 13-бөлүмүндөкөрсөтүлгөн тартипте бизге суроо-талап жөнөтүү аркылуу. 3) cookie иштетүүгө макулдукту кайтарып алуу (cookie иштетүүдөн баш тартуу). Сайттагы көз салуу баптоолорунун жардамы менен жеке маалыматтарыңызды иштетүү категорияларын өчүрүү жеCookie колдонуу жана автоматтык логирлөө саясатындакөрсөтүлгөн нускама боюнча макулдугуңузду кайтарып ала аласыз (иштетүүдөн баш тарта аласыз). Cookie файлдарынын түрүнө жараша, алар түзмөгүңүздөгү браузерди жапкандан кийин автоматтык түрдө жок кылынышы мүмкүн. Эгер автоматтык түрдө өчүрүү каралбаган болсо, анда сиздин макулдугуңуз кайтарып алынгандан кийин иштетүү токтотулат. 4) маалымат ресурстарын пайдаланууга байланышпаган максаттарда жеке маалыматтарды иштетүүгө макулдукту кайтарып алуу. Сиз""Байланыштар"" 13-бөлүмүндөкөрсөтүлгөн тартипте бизге суроо-талап жөнөтүү менен макулдугуңузду кайтарып ала аласыз. 8.8. Көзөмөл органына арыз берүү укугу. Маалыматтарыңызды кантип иштетип жатканыбызга, укуктарыңызды коргогонубузга жана ишке ашыруубузга шектенсеңиз, өлкөңүздүн ыйгарым укукту көзөмөл органына арыз берүү укугуңуз бар. Эгер сиз Россия Федерациясынын жараны болсоңуз же Россия Федерациясынын аймагында болсоңуз, андаРоскомнадзордунсайтынан көзөмөл органынын байланыштарын карай аласыз. Эгер сиз Европа Бирлигинин жараны болсоңуз же Европа Бирлигинин аймагында болсоңуз, андаЕвропалык маалыматтарды коргоо кеңешинин сайтынанкөзөмөл органынын байланыштарын карай аласыз. Эгер сиз Европа Бирлигинин мүчө-өлкөлөрүнүн тизмесине кирбеген мамлекеттин жараны болсоңуз же сиз ушул мамлекеттин аймагында болсоңуз, анда көзөмөл органынын байланыштарын ушул мамлекеттин ыйгарым укуктуу органынын расмий сайтынан таба аласыз. 8.9. Маалыматтын субъектин идентификациялоо үчүн кошумча маалыматты суроо. Эгерде сиз берген маалыматтар Сиздин укуктарыңызды ишке ашыруу үчүн жетишсиз болсо, инсандыгыңызды ишенимдүү тастыктоо үчүн сизден кошумча маалыматты талап кылышыбыз мүмкүн. Биз кошумча маалыматтын керектүү минималдуу курамын суроого аракет кылабыз. Эгер Сиз кошумча маалыматтарды бербесеңиз, биз Сиздин укуктарыңызды ишке ашыра албайбыз. Кошумча маалыматты талап кылуу менен биз Сиздин укугуңузду бузуп жатабыз деп ойлосоңуз, тиешелүү көзөмөл органына арыз менен кайрылсаңыз болот. 8.10. Сиздин укуктарыңыз боюнча маалымат берүүнүн шарттары. Сиздин укуктарыңызды ишке ашырууга байланыштуу маалыматтар бекер берилет. Эгерде сиздин өтүнүчүңүз ачык эле негизсиз же ашыкча болсо, атап айтканда, анын кайталануучу мүнөзүнөн улам, биз жооп берүүдөн баш тартышыбыз же суралган маалыматты бергенибиз үчүн сизден акы алуубуз мүмкүн. 8.11. Сиз өз укугуңузду кантип ишке ашыра аласыз. Сиздин укуктарыңызды ишке ашыруу үчүн биз бир нече жолду сунуштайбыз: 1) Сиз жеке маалыматтарыңыздын корголушуна байланыштуу бизге кайрылуу жөнөтүү үчүн сайтта жайгаштырылганкайра байланышформасын колдоно аласыз; 2) өзүңүздүн жеке кабинетиңиздин функционалын колдонуу убагында орундуу болсо, өз укуктарыңызды өз алдынча ишке ашыра аласыз; 3) Олуттуу суроолор боюнча,""Байланыштар"" 13-бөлүмүндөкөрсөтүлгөн жол менен маалыматтарды коргоо үчүн жооптуу адам менен түздөн-түз байланыша аласыз. 8.12. Биз сиздин укугуңузду ишке ашыра албай калганда. Колдонуудагы мыйзамдар талап кылса, биз милдеттерибиздин көлөмүн жана Сиздин укуктарыңызды чектей алабыз. Бул чектөөлөр Сиздин жеке маалыматтарыңыз төмөнкүдөй иштетилсе, колдонулушу мүмкүн: 1) улуттук коопсуздукту камсыз кылуунун алкагында; 2) коргоо үчүн; 3) коомдук коопсуздук үчүн; 4) алдын ала текшерүү, тергөө, инсандыгын аныктоо жүзөгө ашырылган учурда же кылмыш жасагандыгы үчүн соттук артынан түшүү же жазык-укуктук жазаларды аткаруу, анын ичинде коомдук коопсуздукка коркунучтардын алдын алуу жана коргоо учурунда; 5) сиз турган мамлекет үчүн мыйзамдуу коомдук кызыкчылыктын башка маанилүү максаттары үчүн, атап айтканда, маанилүү экономикалык же финансылык кызыкчылыктар, анын ичинде акча-кредит, бюджеттик жана салык маселелери, саламаттыкты сактоо жана социалдык камсыздоо; 6) соттун жана сот өндүрүшүнүн көз карандысыздыгын коргоо максатында; 7) жөнгө салынуучу кесиптер боюнча этикалык бузуулардын алдын алуу, тергөө, аныктоо жана куугунтуктоо; 8) расмий ыйгарым укуктарды жүзөгө ашырууга байланышкан мониторинг, текшерүү же жөнгө салуу функциясын аткаруу үчүн; 9) Сизди же Сиздин укуктарыңыз менен башка адамдардын эркиндиктерин коргоо үчүн; 10) жарандык-укуктук доо коюу укугун ишке ашыруу жана сот чечимдерин аткаруу үчүн. Ошондой эле, кээ бир укуктарды ишке ашыруу үчүн өзгөчө шарттар бар, аларды аткарбастан укукту ишке ашыруу мүмкүн эмес, атап айтканда: Жок кылуу укугу үчүн өзгөчөлүктөр: 1) сөз эркиндигине жана маалыматка болгон укукту ишке ашыруу үчүн; 2) колдонуудагы мыйзамдарга ылайык иштетүүнү талап кылган юридикалык милдеттенмени аткаруу же коомдук кызыкчылыкта же колдонуудагы мыйзам тарабынан бизге жүктөлгөн расмий ыйгарым укуктарды жүзөгө ашыруу тартибинде аткарылган тапшырманы аткаруу үчүн; 3) калктын саламаттыгын сактоо жаатындагы коомдук кызыкчылыктын себептери боюнча; 4) коомдук кызыкчылык үчүн архивдөө максатында, илимий же тарыхый изилдөө максаттарында же статистикалык максаттарда; 5) соттук доолорду козгоо, жүзөгө ашыруу же коргоо үчүн. Иштетүүнү чектөө (бөгөттөө) укугу үчүн өзгөчөлүктөр: 1) Сиздин макулдугуңуз менен юридикалык талаптарды коюу, ишке ашыруу же коргоо үчүн; 2) башка жеке же юридикалык жактын укуктарын коргоо үчүн; 3) мамлекеттин маанилүү мыйзамдуу коомдук кызыкчылыктарын камсыз кылуу максатында. Эгерде биз Сиздин талабыңыз боюнча укугуңузду ишке ашыра албасак, анда биз сизге жүйөлүү баш тартуу жазабыз. 9. Cookie жана автоматтык логирлөө Саясаттын5.2-пунктундакөрсөтүлгөн максаттарга жетүү үчүн, биз cookie жана берилмелерди автоматтык логирлөө технологияларын колдонобуз. Cookie – бул түзмөктө (компьютерде, планшетте, смартфондо ж.б.) сакталуучу кичинекей тексттик файл. Автоматтык логирлөө лог-файл көрүнүшүнө ээ жана биздин веб-серверлер жана коопсуздук тутумдары тарабынан колдонулат. Бул берилмелерди иштетүү биздин сайтты коопсуз пайдалануу үчүн, ошондой эле анын ишинин сапатын жогорулатуу үчүн гана арналган. Биз бул маалыматты жеке Сиздин инсандыгыңызды идентификациялоо үчүн колдонбойбуз жана бул берилмелерди башка берилмелер менен бириктирбейбиз, өткүрүп бербейбиз жана колдонуучулардын жеке профилдерин түзбөйбүз. Бул технологияларды колдонуубуз тууралуу көбүрөөк маалымат менен Cookie колдонуу жана автоматтык логирлөө Саясатында тааныша аласыз. 10. Жеке маалыматтарды үчүнчү өлкөлөргө өткөрүп берүү кепилдиктери жөнүндө маалымат Катышкан өлкөлөрү жеке маалыматтарды коргоонун тийиштүү деңгээлин камсыз кылган өлкөлөрдүн катарына кирбеген контрагенттер менен өз ара аракеттенүүдө биз Европа Комиссиясы, Роскомнадзор жана улуттук мыйзамдар тарабынан сунушталган стандарттык келишим шарттарын колдонобуз. Биз Сиздин жеке маалыматтарыңызды коргоо үчүн эң мыкты коопсуздук жана купуялык практикасына ылайык коопсуздук чараларын көрдүк. Биз сиздин маалыматыңызды коргоо үчүн алдын алуу чараларын колдонобуз. 11. Маалыматтын коопсуздугу Биз чогулта турган жана сактаган жеке маалыматтар купуя маалымат болуп эсептелет. Алар жоготуудан, өзгөртүүдөн же уруксатсыз кирүүдөн корголгон. Бул учун техникалык каражаттарды жана уюштуруу чараларын колдонобуз. Биз маалыматтарды коргоо тутумдарыбызды дайыма өркүндөтүп жатабыз. Биз иштетүү убагында Сиз үчүн коркунучтарды аныктоо үчүн маалыматтарды коргоонун таасирин баалоо процедурасын жүргүзөбүз. Биз аныкталган тобокелдиктерди техникалык жана уюштуруу коргоо чараларын колдонуу жардамы менен азайтабыз. Биз Сизге берген сайтыбыздагы каттоо эсебиңиздин купуя сөзүн сактоого сиз жооптуусуз. Сиз бул купуя сөздү сыр сактап, аны эч кимге бербешиңиз керек. 12. Саясаттын өзгөрүшү Биз саясатка өзгөртүүлөрдү киргизүү укугун өзүбүзгө калтырабыз. Саясатка киргизилген өзгөртүүлөр жөнүндө бизде жеткиликтүү болгон бардык каражаттарды колдонуу менен Сизге кабарлайбыз (каттоо учурунда көрсөткөн электрондук почта дарегиңиз аркылуу; Сиз киргенде биздин сайт аркылуу). Дайыма саясаттын ар бир жаңыртуусун карап турушуңузду сурайбыз. 13. Байланыштар Бизге жеке маалыматтарды коргоого байланыштуу суроо-талапты жөнөтүү үчүн, Сизкайра байланышформасын колдоно аласыз. Жеке маалыматтарды коргоого байланыштуу эң маанилүү суроолор боюнча, маалыматты коргоо үчүн жооптуу адам менен түздөн-түз электрондук почта дареги боюнча байланышсаңыз болот: Аты: Дмитрий Фамилиясы: Наймушин Электрондук почта дареги:privacy@sputniknews.com Бул байланыштар жеке маалыматтарды иштетүү жана коргоо боюнча өз ара аракеттенүү үчүн гана колдонулаарын эске алыңыз. Жеке маалыматтарды коргоого тиешеси жок суроо-талаптар каралбайт. Жеке маалыматтарды коргоого тиешеси жок суроо-талаптар үчүн Агенттиктинбайланыш тизмесиндеги даректиколдонууну сурайбыз. Көңүл бургула! Кайрылуунун темасына жараша туура бөлүмдү тандаңыз. Эгерде сиз туура эмес бөлүмдү тандасаңыз, сиздин сурооңуз жоопсуз калышы мүмкүн, анткени бөлүмдөр өздөрүнүн компетенциясынын чегинде гана жооп беришет. 23.01.2023",sputnik.kg,,,kyrgyz,0,high,,news_site
bfdb2966-ccf8-49ae-aef3-333f27047657,5-майга карата аба ырайы,"БИШКЕК, 4-май. — Sputnik.Шейшемби күнү өлкөнүн көпчүлүк аймактарында жамгыр жаап, күн күркүрөп, бийик тоолуу райондорунда кар жаайт. Бул тууралуу Кыргызгидромет билдирди. Абанын температурасы Чүйдө +21...+26, Ош, Жалал-Абад, Баткен облустарында +23...+28, Таласта +19...+24, Ысык-Көлдө +17...+22, Нарын регионунда +14...+19 градус жылыйт. Бишкек менен Ошто жамгыр жаап, күн күркүрөйт, күндүз ала булут каптап турат. Термометрдин көрсөткүчү Бишкекте +23...+25, Ош калаасында +25…+27 градуска жетет. 4-10-май ичи жаан-чачын көп болот. Бир аптанын аба ырайы3 Бугу, 16:49",sputnik.kg,,21:07 04.05.2026,kyrgyz,0,high,,news_site
5a80c1d0-6198-41f4-a458-17c510cafa3a,"Климакс: белгилери, кооптуулугу жана алдын алуу жолдору","Климакс — табигый процесс болгону менен, ал организмде олуттуу өзгөрүүлөрдү жаратат жана айрым учурларда ден соолукка таасирин тийгизиши мүмкүн. Дарыгер климакстын белгилери, анын кооптуулугу, ошондой эле остеопороз сыяктуу оорулардын пайда болуу коркунучу тууралуу айтты. Мындан тышкары, аялдар бул мезгилди кантип жеңилирээк өткөрө ала турганы, туура тамактануу, жашоо образы жана дарылоо жолдору боюнча пайдалуу кеңештерди берди. Төрөт климаксты токтотот же кечеңдетет деген туура эмес. Ал организмге жараша өз убагында болот. Айрым учурда менопаузанын башталышында да бойго бүтүп калышы мүмкүн экен. “Ачык кеп” программасында Чолпон Авазова климакстын эрте да, кеч келгени да зыян экенин айтты.Бул маек аялдарга ден соолугуна көңүл бурууга жана климакс мезгилин туура кабыл алууга жардам берет.",sputnik.kg,,15:04 04.05.2026(Жаңыртылды:15:16 04.05.2026),kyrgyz,0,high,,news_site
dab69587-b146-429d-9e12-5ded6ee999ec,Ар бир беренени урматтоо — милдетибиз. Жапаров Баш мыйзам күнү менен элди куттуктады,"БИШКЕК, 5-май — Sputnik.Президент Садыр Жапаров кыргызстандыктарды Конституция күнү менен куттуктап, ушу тапта мыйзамдын кол тийбестиги биринчи орунга коюлган демократиялык жана укуктук мамлекет түзүлгөнүн айтты. Бүгүн, 5-майда, Баш мыйзамдын кабыл алынгандыгына 33 жыл болду. Төмөндө мамлекет башчынын куттуктоосун толук беребиз: ""Урматтуу кыргызстандыктар! Ардактуу мекендештер! Сиздерди бүгүнкү мамлекеттик маанилүү майрамыбыз – Кыргыз Республикасынын Конституция күнү менен чын дилимден куттуктаймын! 33 жыл мурда Конституциябызды кабыл алып, өз тагдырыбызды аныктап, ошону менен бирге көз каранды эмес мамлекеттүүлүгүбүздүн пайдубалын түптөп, адам укуктары менен эркиндигин жогорку баалуулуктар деп жарыялаганбыз. Конституциябыз – эң жогорку юридикалык күчкө ээ укуктук акт. Ал – улуттук идеологиябыздын булагы жана улуттук иденттүүлүктүн негизги өзгөчөлүктөрүн айкындаган документ. Көп этностуу өлкөбүздө ар бир жаран өзүнүн корголушуна ишенген, биримдик менен туруктуулукту бекемдеген идеялык өзөк болуп саналат. Мына ошондуктан анын ар бир беренесин урматтоо баарыбыз үчүн маанилүү принцип болушу абзел. Бүгүнкү күндө дүйнө жүзү тездик менен өзгөрүп жаткан маалда биздин Конституция өлкөбүздүн укуктук системасынын туу чокусу жана өнүгүүнүн пайдубалы болуп калды, себеби анда улуттун бүгүнкүсү менен эртеңки келечегин аныктаган баалуулуктар сиңирилген. Жаңы Кыргызстанды куруу жолунда Конституциябыз заман агымы менен катар агууну, ошол эле маалда улуттук кызыкчылыктарыбызды кошо алып жүрүүнү шарттайт. Ушу тапта мыйзамдын кол тийбестиги биринчи орунга коюлган демократиялык жана укуктук мамлекетти түзүп, эгемен элибиздин эрки менен кабыл алынган Конституцияны урматтоо аркылуу алдыга койгон максаттарыбызды ишке ашырып келебиз. Конституциянын ар бир тамгасын жана бийик демин так кабыл алып, бекем сактоо аркылуу кийинки муундарды Баш мыйзамды, элибиздин кылымдарды карыткан бай тарыхын, нарк-насилин жана ак ниет эмгегин урматтоого тарбиялоо – сиздер менен биздин эң башкы милдетибиз. Конституциянын жоболоруна жана элибиздин кеменгерлигине таянуу менен биз көз карандысыз, коопсуз жана өнүккөн жаңы Кыргызстанды кура алабыз деп бекем ишенем. Ар бир мекендешиме чың ден соолук, бакубат турмуш каалайм. Сүйүктүү Кыргызстаныбыз өркүндөп өсө берсин! Өнүгүүдө башкы багыт, негизги таяныч болгон Конституциябыз баарыбызга кут болсун! Майрамыңыздар менен!"" Жаркын келечекке дагы бир даңгыр жол чабабыз. Жапаровдун Нооруздагы куттуктоосу21 Жалган Куран, 12:30",sputnik.kg,,10:29 05.05.2026(Жаңыртылды:10:39 05.05.2026),kyrgyz,0,high,,news_site
343da00f-7a8b-42fa-8bd2-8663189361d4,Ветеринардык дары каражаттары Россиядан келет — лабораториялардын абалы кандай?,"Кыргызстанда ветеринардык дары-дармектердин сапаты, алардын каттоосу жана көзөмөлү акыркы жылдары өзгөчө көңүл чордонунда. Лабораториялардын техникалык абалы, дары каражаттарынын мамлекеттик реестринин иштеши жана рынокко түшүп жаткан продукциянын коопсуздугу боюнча суроолор көп. Адистердин айтымында, өлкөгө Россиядан жогорку сапаттагы ветеринардык препараттар импорттолууда, бирок аларды текшерүү, каттоо жана колдонуу тартибинде дагы деле чечүүнү талап кылган маселелер бар. Бул багыттагы жалпы абал жана жүргүзүлүп жаткан иштер тууралуу маектешебиз. Ветеринардык кызматтын Ветеринардык дары каражаттары жана тоют кошулмалары борборунун Ветеринардык дары каражаттарын каттоо жана сертификациялоо бөлүмүнүн башчысы Адылбек Иманалы уулу кененирээк айтып берди.",sputnik.kg,,11:33 05.05.2026(Жаңыртылды:11:46 05.05.2026),kyrgyz,0,high,,news_site
27269550-1fb6-4240-94e4-bbf2bb395a5f,Cookie колдонуу жана автоматтык логирлөө саясаты,"Cookie колдонуу жана автоматтык логирлөө саясаты (мындан ары - Саясат) ""Россия сегодня"" ЭМА (Эл аралык маалымат агенттиги) (мындан ары - Агенттик) маалымат ресурстарына карата колдонулат. Сиздин жеке маалыматыңызды кантип колдонушубузду жакшыраак түшүнүү үчүн, сиз Саясатты Купуялык саясаты менен бирге окушуңуз керек. Cookie технологиясын колдонуу Агенттик өзүнүн маалымат ресурстарында cookie технологиясын колдонот. Cookie – бул биздин маалыматтык ресурстарга киргениңизде түзмөгүңүзгө (компьютер, мобилдик түзмөк) жайгаштырылуучу кичинекей тексттик файл. Ал маалыматтык ресурстарга кийинки жолу киргениңизде, аларды колдонуу ыңгайлуу болушу үчүн Сиздин түзмөгүңүздү таанууга жардам берет. Cookie сиздин Интернеттеги активдүүлүгүңүз тууралуу маалыматты сактайт, атап айтканда: · IP-дарек; · ОТ (операциялык тутум) түрү жана версиясы; · браузердин түрү жана версиясы; ·ОТ жана браузердин тили; · түзмөк түрү жана экранынын токтому; · жайгашкан жери тууралуу маалымат · колдонуучу сайтка кайдан келгенин көрсөтүүчү булак; · колдонуучу кайсы сайттан же кайсы жарнамадан келгени; · колдонуучу кандай баракчаларды ачат жана колдонуучу кандай баскычтарды басат. Маалымат ресурстары автоматтык түрдө маалыматтарды чогултат жана берилмелерди cookieлерге жазат. Cookie жеке жакты аныктоо же колдонуучунун профилин түзүү үчүн колдонулбайт, ошондой эле маалыматты башка берилмелер менен бириктирбейт. Cookie берилмелерин чогултуу максаттары Купуялык саясатынын 5.2 бөлүмүндө көрсөтүлгөн. Сайт cookie чогултуу жана талдоо куралдарын колдонот - бул ички жана тышкы кеңеш берүү тутумдары жана аналитика тутумдары, жарнамалык пикселдер жана трекерлер. Тийиштүү акысыз тышкы сервистерди колдонуп, cookie-файлдардын түрлөрүнүн сүрөттөмөсү менен өз алдынча таанышсаңыз болот, мисалы:https://www.hotcleaner.com/cookie-editor/. Өзүнүн кызматтарынан тышкары, маалыматтар ресурсу cookieни чогултуу жана талдоо үчүн үчүнчү тарап кызматтарын колдоно алат: · Google Analytics (https://www.google.com/analytics/) · Google Adsense (https://www.google.com/adsense/) · comScore (https://www.comscore.com/) · Doubleclick by Google (https://www.doubleclickbygoogle.com/) · Taboola (https://www.taboola.com/) · AdRiver (http://www.adriver.ru) · Yandex.Metrika (https://metrika.yandex.ru/) · LiveInternet (https://www.liveinternet.ru/) · Postquare (http://www.postquare.com/) · AdFox (https://www.adfox.ru/) · Yandex.Direct (https://direct.yandex.ru/) · Flurry* (http://flurry.com) · BEACONSPARK LTD (Engageya; Postquare) · WMG International, inc. (WMG) · ""ССП Нетворк"" ЖШК (Between Exchange) * Бул кызмат Android же iOS үчүн биздин мобилдик тиркемени пайдалануу учурунда гана колдонулат Биздин сайттарыбызда берилмелердин тийиштүү коопсуздук чараларын колдонуу менен берилмелерди иштетүүчү үчүнчү тарап кызматтары гана көрсөтүлгөн. Биз сиздин макулдугуңуз менен гана үчүнчү тараптын кызматтары тарабынан cookie чогултууну ишке ашырабыз. Cookie жана аларды кантип башкаруу жөнүндө маалымат https://www.allaboutcookies.org/ жалпыга жеткиликтүү ресурста жайгаштырылган. Онлайн жүрүм-турум жарнамалары жөнүндө көбүрөөк маалымат берүүчү уюмдар жөнүндө маалыматты жалпыга жеткиликтүү ресурстардан таанышсаңыз болот: · Evidon купуялыкты камсыздоо үчүн чечимдерди иштеп чыгуучу болуп саналат. · Интернет жарнама бюросунун (IAB) "" Your Online Choices "" баракчасы IAB тарабынан сунушталган ар бир жарнама тармагынан жүрүм-турум жарнамаларын алуудан баш тартууга мүмкүндүк берет. · Тармак жарнамалык демилгесинен (NAI) баш тартуу баракчасы NAI тарабынан сунушталган ар бир жарнама тармагынан жүрүм-турум жарнамаларын алуудан баш тартууга мүмкүндүк берет. · Интернетте жүрүм-турум жарнамасы тандоо баракчасы үчүн Digital Advertising Alliance өзүн-өзү жөнгө салуучу программасы. Cookie колдонууга макулдук берүү Маалымат ресурсуна биринчи жолу киргениңизде, cookie иштетүүгө макулдугуңузду сурайбыз. Экранда биз чогулта турган cookie жөнүндө эскертүү көрсөтүлөт. Cookieни иштетүүдөн баш тартуу Сиз браузериңиздин баптоолорунда cookieни өчүрүү же жок кылуу аркылуу cookieни иштетүүдөн баш тартууга укугуңуз бар. Бул параметрлер көбүнчө браузердин: ""Опциялар"", “Куралдар”, ""Баптоолор"" же ""Артыкчылыктар"" жана сиз колдонуп жаткан ж.б. менюсунда болот. Кээ бир браузерлер үчүн cookie чогултууну өчүрүү баптоолору төмөндө келтирилген: · Fire Fox · Internet Explorer · Google Chrome · Safari Cookiени өчүргөндөн же жок кылгандан кийин, маалымат ресурсуна ар жолу киргениңизде экранда cookie иштетүү жөнүндө эскертүү көрсөтүлөт. Cookieни сактоо Браузерди жапканыңызда кээ бир cookie түзмөгүңүздөн автоматтык түрдө жок кылынат. Кээ бир cookie белгилүү бир убакыттан кийин жок кылынат. Бул аралык сайтта өткөргөн убакыттан жана 3 жылга чейин өзгөрүшү мүмкүн. Браузериңиздин баптоолору аркылуу cookieни өчүрүп же жок кылганыңызда, файлдар аракеттериңизден кийин дароо жок кылынат. Сактоо мөөнөтү cookie файлынын түрүнө жараша болот. Тийиштүү акысыз тышкы сервистерди колдонуп, cookie-файлдын түрүнө жараша сактоо мөөнөтү менен өз алдынча таанышсаңыз болот, мисалы:https://www.hotcleaner.com/cookie-editor/. Автоматтык логирлөө Биздин web-серверлер жана коопсуздук тутумдары техникалык берилмелерди убактылуу сактайт. Техникалык берилмелерди иштетүү маалымат ресурстарынын иштешин жана алардын коопсуздугун камсыз кылууга арналган. Техникалык берилмелер төмөнкүлөрдү камтыйт: · Компьютериңиздин/ түзмөгүңүздүн IP дареги; · сиз сурай турган контент (сайтта суралган файлдын аталышы жана URL); ·суроо-талаптын датасы жана убактысы; · GMT убакыт алкагы; · байланыш абалы; · берилүүчү маалыматтардын көлөмү; · түзмөктүн техникалык мүнөздөмөлөрү, анын ичинде компьютериңиздин же түзмөгүңүздүн тили, браузер версиясы жана операциялык тутуму; · веб-сайттын URL дареги, эгерде веб-сайт шилтеме аркылуу жеткиликтүү болсо; · биздин мобилдик тиркемени орнотуп жатканда Сизге ыйгарылуучу түзмөктүн жеке номери.* * Бул маалымат Android же iOS үчүн мобилдик тиркемени колдонуу учурунда гана чогултулат. Техникалык берилмелер жеке жакты идентификациялоо же колдонуучунун профилин түзүү үчүн пайдаланылбайт, башка берилмелер менен бириктирилбейт жана өткөрүлүп берилбейт. Техникалык берилмелер чогултулган күндөн тартып 12 айга чейин сакталат. Сактоо мөөнөтү колдонуудагы архив мыйзамдарында талап кылынган учурда гана узартылышы мүмкүн. Бизге техникалык берилмелерди берүүдөн баш тартуунун бирден бир жолу – бул маалымат ресурсун колдонууну токтотуу.",sputnik.kg,,,kyrgyz,0,high,,news_site
a6b249d2-1359-47ed-87ca-57eff45002c5,Жаңылыктар. Чыгарылыш 11:00,"Ташкент шаарында Камбар-Ата-1 ГЭСин куруу долбоору боюнча сүйлөшүүлөрдүн кезектеги айлампасы өттү. Бул тууралуу Энергетика министрлиги кабарлады. Кыргызстан менен Өзбекстандын делегациялары бул долбоор эки өлкө үчүн тең пайдалуу экенин, ал экономиканын өнүгүшүнө мультипликативдик таасир берерин белгилешти. Тараптар ГЭСти куруу боюнча өкмөттөр аралык макулдашуунун беренелерин бир пикирге келип, кеңири талкуулады. Макулдашыла элек жоболор боюнча сүйлөшүүлөр улантылат. Кыргызстан үчүн аталган долбоор энергетикалык көз карандысыздыкты бекемдеп, ""жашыл"" энергетиканы өнүктүрүү үчүн стратегиялык мааниге ээ экени белгиленген. Жолугушууга байкоочу катары Дүйнөлүк банктын өкүлдөрү катышты. Баткенде сел кесепеттерин жоюу иштери уланууда.  Өкүлчүлүктөн билдиришкендей, өзгөчө кырдаалдар министри Канатбек Чыныбаев жана президенттин Баткен облусундагы ыйгарым укуктуу өкүлү Мамыржан Рахимов сел жүргөн Баткен районунун Ак-Татыр айыл аймагындагы абалды чогуу көрүп чыгышты.  Жетекчилер селдин кесепеттерин жоюу боюнча ыкчам иштерди жүргүзүү, жарандардын турак жайларын калыбына келтирүү, ошондой эле аймактагы жол, таза суу, сугат суу жана электр энергиясы менен камсыздоону калыбына келтирүү багытындагы иштер биргеликте, активдүү улантыларын белгилешти.  Ошондой эле аймакты сел сууларынан коргоо боюнча пландалган долбоорлорду талкуулашты.  Андан соң, жарандык коргонуу кызматы менен жыйын өтүп, сел кесепеттерин тактоо, келтирилген чыгымдарды аныктоо,сайлардын жээгин бекемдөө менен,селдин нугун тазалоо маселелери каралды. Курулуш министрлиги аталган тармактагы бардык субъектилерди белгиленген талаптарды так сактоого чакырып, ал эми мыйзам бузуулар болсо дароо билдирүү керектигин айтып, элге кайрылды. Имараттарды, объектилерди салып жатканда тиешелүү талаптар жана эрежелер бузулган учурда мыйзам чегинде чаралар көрүлөрүн эскертти. ""Урматтуу жарандар! Эгер курулуш объектилериндеги мыйзам бузууларга күбө болсоңуз, сүрөткө, видеого тартып Мамлекеттик курулуш көзөмөл департаментинин (0221) 328-256 WhatsApp номерине жөнөтсөңүз болот"", — деп министрликтен кайрылышты. Жакында эле көп кабат үй салып жаткан компанияга курулуштан чыккан таштандыны ыргытканы үчүн эскертүү берилди. Ал жерге барган Бишкек шаардык архитектура-курулуш көзөмөлдөө башкармалыгынын адистери талаптар жана мыйзамдык ченемдер сакталбагандыгын аныктаган. Видео №4 шаардык ооруканага жакын жерде тартылган. Анын кесепетинен айланага чаң, кир тарап жатканын көрүүгө болот. Россия менен АКШнын президенттери Владимир Путин жана Дональд Трамптын Киев бийлигинин аракеттерине берген баасы окшош, себеби аны башкача баалоо кыйын. Бул тууралуу РФ президентинин маалымат катчысы Дмитрий Песков билдирди. Ал ""Вести"" маалымат ресурсунун автору Павел Зарубинге берген комментарийинде, Путин менен Трамп телефондон сүйлөшкөндө Киев бийлигинин жасап жаткан иштерине окшош пикирлерин билдиришкенин ырастады. ""Алар окшош. Негизинен эле Киев бийлигинин иштерине башкача, ар кандай баа берилишин элестетүү кыйын"", — деп белгиледи Песков. Шаршемби күнү Путин менен Трамп телефондон сүйлөштү. Бул Трамптын 2025-жылы президенттик кызматка киришкенден берки 12-сүйлөшүүсү болду.",sputnik.kg,,11:00 04.05.2026(Жаңыртылды:11:16 04.05.2026),kyrgyz,0,high,,news_site
4979e371-69e6-4651-a6f5-44d6f557c44c,Мугалимдердин айлыгы көтөрүлдү — ал кантип эсептелет?,"Мугалимдердин эмгек акысы орточо 35 миң сомдон 100 миң сомго чейин, ал эми дарыгерлердики 40 миң сомдон 90 миң сомго чейин жана андан жогору деңгээлге чыкты. Социалдык чөйрөдө иштеген 300 миңге жакын кызматкердин эмгек акысы жогорулатылган. Шаардагы жаш мугалимдердин айлыгы 14 миң сомдон 39 миң сомго чейин жогорулап, салык кармалгандан кийин орто эсеп менен 32 миң сомду түзөт. Бийик тоолуу аймакта 30 жылдан ашык тажрыйбасы бар мугалимдердин эмгек акысы 65 миң сомдон 104 миң сомго чейин жетип, колуна болжол менен 90 миң сом тиет. Мугалимдеридин айлыгы кантип эсептелинерин Агартуу министрлигинин Бюджеттик саясат, финансылык талдоо жана инфраструктура башкармалыгынын башкы адиси Азизбек Мураталиев түшүндүрдү.",sputnik.kg,,11:04 05.05.2026(Жаңыртылды:11:16 05.05.2026),kyrgyz,0,high,,news_site
870b2ed3-d56e-473d-90c3-7b3f3e8650e9,Кыргыз форелине чет өлкөдө суроо-талап өсүп жатат,"БИШКЕК, 4-май — Sputnik.Чет өлкөлөрдө кыргыз форелине болгон суроо-талап өстү. Бул тууралуу Улуттук статистика комитети кабарлады. Маалыматка ылайык, 2025-жылы балык экспорту 85-90 пайызга чейин кыскарган. Бирок быйылкы жылдын январь-февраль айларында абал өзгөрүп, тоңдурулган балыктын экспорту 5 эсе, ал эми муздатылган балык 3 эсе жогорулады. Жалпысынан 75 тонна продукция чет өлкөлөргө жөнөтүлгөн. Анын баары ЕАЭБге мүчө Россия менен Казакстанга экспорттолду. Кыргызстан айыл чарба продукциясын 80ден ашык өлкөгө сатат29 Чын Куран, 14:55",sputnik.kg,,18:48 04.05.2026,kyrgyz,0,high,,news_site
db9d05ea-f15f-4b4b-b7ea-bf1b6d9f0b75,Кызматкердин укугу — биринчи орунда: бүгүнкү күндө кесиптик бирликтердин ролу кандай?,"1-май — Эмгекчилердин эл аралык тилектештиги күнү. Бүгүнкү күндө эмгек укуктарын коргоо маселеси өзгөчө актуалдуу бойдон калууда. Кызматкерлердин коопсуздугу, адилеттүү эмгек шарты жана укуктарынын сакталышы — коомдун туруктуу өнүгүүсүнүн маанилүү бөлүгү. Бул багытта профсоюздардын ролу зор. Алар кызматкерлер менен иш берүүчүлөрдүн ортосундагы көпүрө болуп, укуктук колдоо көрсөтүп келет. ""Күн башат"" уктуруусунда кесиптик бирликтердин бүгүнкү ишмердүүлүгү, жаңылыктары жана алдыдагы пландары тууралуу Кыргызстан кесиптик бирликтер федерациясынын төрагасынын орун басары Ализа Солтонбекова менен маек курдук.",sputnik.kg,,09:04 01.05.2026(Жаңыртылды:09:16 01.05.2026),kyrgyz,0,high,,news_site
b09ad24d-9d47-4edc-8f20-7ba5084569c5,Жаңылыктар. Чыгарылыш 17:00,"Кыргызстанда анализдерди туура эмес чыгарып берген лабораторияларды жабуу сунушталды. Демилге депутат Азамжан Жалиловго таандык. Эл өкүлү Укук бузуулар кодексине өзгөртүү киргизүүнү демилгелеп жатат. Мыйзам долбооруна ылайык: медициналык стандарттардын бузулушунан улам анализдерди туура эмес чыгарып бергени үчүн жеке жактарга 10 миң сом, юридикалык жактарга 35 миң сом айып салуу; диагнозу коюлган лабораториялык изилдөөлөрдүн ката жыйынтыгын жашырган жеке жактарга 20 миң сом, юридикалык жактарга 65 миң сом айып салуу. Долбоордо эгер бул аракеттер жыл ичинде кайталанса, айып пул 50/200 миң сомго чейин көтөрүлүп, лицензия сот аркылуу жокко чыгарылары айтылган. Депутат Жылдыз Эгенбердиева дарыгерлердин ишине тоскоолдук жаратып, кол көтөргөндөргө жазаны күчөтүүнү сунуштады. Тиешелүү мыйзам долбоору коомдук талкууга чыкты. Негиздемеде шыпаагерлерге кол салуу тенденцияга айланып бара жатканы белгиленип, бул медиктердин ишин солгундатып, бейтаптардын сакайышына терс таасирин тийгизери айтылган. Мындан улам өз ишин кылып жаткан медиктерге кол салгандарга келтирген чыгымына жараша эки айдан өйдө түзөтүү иштерине тартуу же 20 миң сомдон 100 миң сомго чейин айып салуу сунушталды. Ал эми кол салуудан медиктин ден соолугуна залал келсе үч жылдан сегиз жылга чейин кылмыш жоопкерчилигине тартуу каралган. Ошондой эле бейтаптар жана алардын жакындары тарабынан дарыгердин ден соолугу жабыркаса камсыздандыруу төлөмдөрүн алууга укуктуу болору айтылган. Борбор калаада 16-майда 500дөн ашык адамдын тынч митингге чыгышы пландалып жатат. Бул туурасында Жогорку Кеңештин депутаты Исманали Жороев айты. Акциянын төркүнү — баңгизат боюнча соттолгон жаштардын жазасы. Максим Горький сейил багындагы акцияга балдары жалаага кабылып айыпталды делген ата-энелер катышары айтылды. Сөз Кылмыш-жаза кодексинин 154, 155, 157 жана 158-беренелери тууралуу болуп жатат. ""Соттолгондордун арасында күнөөлүүлөр бар, бирок ата-энелер айрым жаштар негизсиз айыпталып калганын айтышууда. Алардын бири беш жылга эркинен ажыратылган, дагы бири учурда СИЗОдо кармалып жатат"", — деди эл өкүлү. Жороевдин айтымында, 10 миң доллардан 2 миллион сомго чейин сураган учурлар кездешип жатканын кошумчалады. Эл өкүлү санаган беренелер оор жана өтө оор категориядагылар.Алар зордуктоо, сексуалдык мүнөздөгү зомбулук аракеттер, он алты жашка толо элек бала менен сексуалдык мүнөздөгү аракеттер жана ыплас аракеттер. Ырайым демекчи, жылдын башында президент Садыр Жапаров баңгизаттарды мыйзамсыз жүгүртүүгө байланыштуу жоопкерчиликке тартылгандардын ата-энелерин жана жакын туугандарын кабыл алган. Жолугушууга келгендер мамлекеттин кармалгандарга карата камакка алуу түрүндөгү бөгөт коюу чарасын үй камагына өзгөртүү мүмкүнчүлүгүн кароону, ошондой эле соттолгондор үчүн жазаны жеңилдетүүнү өтүнүшкөн. Мамлекет башчысы биринчи жолу кылмыш жасаган адамдарды, эгерде негиздер болсо жана мыйзамда белгиленген тартиптер сакталса, айрым учурларда ырайым кылуу мүмкүнчүлүгүн кароого даяр экенин баса белгилеген. 9-май — Жеңиш күнүнө карата Каракол шаарында Кыргызстан менен Россиянын өнөрпоздору катышкан чоң программадагы концерт тартууланат. Ысык-Көлгө россиялык ""Любэ"", ""Блестящие"" топтору жана белгилүү ырчы Николай Басков келип ырдаары айтылды. Иш-чараны ""Евразия"" уюму менен мэрия биргеликте уюштурууда.",sputnik.kg,,16:59 04.05.2026(Жаңыртылды:17:16 04.05.2026),kyrgyz,0,high,,news_site
f4d922f1-deae-4e77-9f6b-a70f611d48fe,Бишкекте Жеңиш күнүнө карата бир топ иш-чаралар өтөт. Тизме,"БИШКЕК, 5-май — Sputnik.Кыргызстанда Улуу Ата Мекендик согуштагы Жеңиштин 81 жылдыгын белгилөө боюнча иш-чаралар расмий эртеңден, 6-майдан тарта, башталат. Бишкек мэриясы иш-чаралардын тизмесин берди. Алар: 6-май саат 11:00дө К. Молдобасанов атындагы улуттук консерваторияда ""Кызыл гвоздика — муундардын эсинде"" аттуу сынак-фестивалдын гала-концерти болот;6-май саат 10:30да Ч. Түлөбердиев атындагы паркта ""Эскерүү оту"" аттуу акция өткөрүлөт;7-май саат 10:00дө ""1941–1945"" жана ""Түбөлүк эскеребиз"" эстеликтерине гүлчамбар коюлат;7-май саат 10:00дө Төмөнкү Ала-Арчадагы монументтин жанында митинг-реквием өтөт;8-май саат 11:00дө ""1941–1945"" эстелигине гүлчамбар коюлат;8-май саат 10:00дө Д. Асанов атындагы аскер лицейинде митинг-реквием болот;9-май саат 09:30да Жеңиш аянтында Улуу Ата Мекендик согуштагы Жеңиштин 81 жылдыгына арналган негизги иш-чара өтөт;9-май саат 11:00дө Ч. Түлөбердиев атындагы паркта жоокер боткосу берилет;10-май саат 14:00дө ""Диалог"" шаардык маданият үйүндө ""Эстейбиз"" аттуу Жеңиш күнүнө арналган майрамдык кече өтөт. Бишкек: согуш ардагерлерин боордоштор көрүстөнүндө эскеришип, ага РФ элчиси катышты1 Бугу, 15:20",sputnik.kg,,12:15 05.05.2026,kyrgyz,0,high,,news_site
71ba3451-7363-45fb-987e-7e5e69f91faa,Россия Жеңиш күнүнүн урматына ок атылбай турганын жар салды,"БИШКЕК, 4-май. — Sputnik.Россия совет элинин Улуу Ата Мекендик согуштагы Жеңишинин урматына 8-9-майга Украина менен убактылуу элдеше турганын жарыялады. Бул тууралуу Коргоо министрлиги билдирди. Ведомство Киев да бул кадамды колдойт деп ишеним артууда. Деген менен Владимир Зеленскийдин дал ушул 9-Май күнү Москвага сокку уруу тууралуу сөзү да көз жаздымда калган жок. Министрлик Россия майрам маалындагы коопсуздукту сактоо үчүн бардык керектүү чараларды көрөрүн, болбосо Киевге катуу чабуул жасаларын белгиледи. РФ ТИМи: Одессанын Профсоюздар үйүндөгү трагедия Хатындагы апааттан кем калбайт2 Бугу, 14:33",sputnik.kg,,23:41 04.05.2026(Жаңыртылды:10:04 05.05.2026),kyrgyz,0,high,,news_site
5c7bf330-ba19-49f2-861e-4bcf0f86ab2b,Кыргызстан менен Сейшел Аралдары өз ара визасыз режим киргизүүдө,"БИШКЕК, 4-май. — Sputnik.Кыргызстан менен Сейшел Аралдары Республикасы өз ара визасыз режим киргизүүдө. Бул тууралуу тышкы иштер министри Жээнбек Кулубаевдин Сейшел Аралдары Республикасынын тышкы иштер жана диаспора министри Барри Фор менен жолугушуусунда белгилүү болду. Дипломаттар саясий диалогду өнүктүрүү, келишимдик-укуктук базаны кеңейтүү, ошондой эле айыл чарба, туризм, билим берүү жана санариптик башкаруу тармактарын камтыган соода-экономикалык жана гуманитардык кызматташууну чыңдоо маселелерин, мындан тышкары, туруктуу өнүгүү жана климат маселелери боюнча өз ара аракеттенүүнү талкуулашкан. ""Жолугушуунун жыйынтыгында Кыргызстан менен Сейшел Аралдары Республикасынын жарандары үчүн кыска мөөнөттүү сапарларга визалык талаптарды өз ара жокко чыгаруу жөнүндө макулдашууга кол коюлду"", — деп айтылат маалыматта. Эскерте кетсек, Барри Фор Кыргызстанга 3-майда келген. Расмий сапар 6-майга чейин уланат. Касымалиев АКШнын мамкатчысы менен визаны жөнөкөйлөтүүнү сүйлөштү16 Чын Куран, 09:49",sputnik.kg,,15:34 04.05.2026,kyrgyz,0,high,,news_site
ed8f6d4d-6ffa-49b6-9848-171054f73638,Кумтөрчүлөр көчкү алдында калган беш чет элдик туристти аман алып калышты,"БИШКЕК, 4-май. — Sputnik.Кумтөр кенинин кызматкерлери кар көчкү алдында калган беш италиялык туристти куткарып калышканын компания билдирди. Маалыматта гиддер кырсык тууралуу Кумтөр кенинин коопсуздук кызматынын диспетчердик бөлүмүнө кабарлашканы айтылат. Туристтер кенден 23 чакырым алыстыкта калган. ""Кендин кызматкерлери медициналык бригада менен дароо жардамга жөнөп кетишкен. Дрон менен кароодо алгач төрт турист табылган. Бешинчисин издөө иши уланып, саат 16:24тө анын да жүргөн жери аныкталган. Мойнунан жаракат алган туристке медициналык жардам көрсөтүлүп, баары ӨКМге өткөрүлдү"", — деп айтылат кабарда. ӨКМ бутун кокустатып алган россиялык туристти куткарды. Видео9 Жетинин айы 2025, 11:43",sputnik.kg,,19:12 04.05.2026(Жаңыртылды:10:09 05.05.2026),kyrgyz,0,high,,news_site
54bee97f-9398-4cb9-b51d-280205d52581,Бизнес кеңешчи учактагы экинчи учкучтайбы?,"Ишкерликте так түзүлгөн план, көп жылдык стратегия жана ар бир тыйынына чейин эсептелген аналитика болбосо канчалык каражатың көп, идеяң жаркын болсо да ийгилике жетүү мүмкүн эмес. Бизнести баштап алган уурда да мындай абалда ал көпкө узабайт. Көп ишкерлер мына ушул жерден ката кетиришет. Алар ал тармакта жасап алган азын-оолак тажрыйбасына таянуу менен “көрүнгөн тоонун ыраагы жок” деп компаниясын илгерилеткенге аттанышат. Бирок канчалык максатың чоң болсо, ошончолук жоопкерчилик да күчөгөндөй бул жерде терең анализ жана теория да керек. Андыктан бизнес ээлери бул учурда бизнес консультанттардын кызматынан колдонгону дурус. Ал ишкердин идеясын ишке ашыруу канчалык мүмкүн экенин андагы тобокелчиликтер менен мүмкүнчүлүктөрдү терең изилдеп, илимге жана тажрыйбага негизделген бизнес план бере турган киши. Биз бүгүн кыргыз коомундагы чакан жана ири бизнесте бизнес кеңешчилердин орду, сунуштаган кызматтары, потенциалдары жана мүмкүнчүлүктөрү тууралуу экономист-изилөөчү Улукман Мамытов менен маек курдук.",sputnik.kg,,19:05 04.05.2026(Жаңыртылды:19:16 04.05.2026),kyrgyz,0,high,,news_site
a42b2837-c23e-40b8-9c19-e0ee31496da7,"ЕАЭБдеги транспорттук-логистикалык интеграция кандай абалда — транспорттук коридорлорду өнүктүрүү, санариптештирүү","Эл аралык транспорттук коридорлорду өнүктүрүү, санариптештирүү, транспорт жана логистика тармактарынын иштөө өзгөчөлүктөрү, ошондой эле Евразия аймагындагы интеграциялык процесстер – Санкт-Петербург шаарында өткөн Эл аралык транспорттук-логистикалык форумдун негизги темалары болду. ЕАЭБ өлкөлөрүндө ташуу процессинин коопсуздугунун тийиштүү деңгээлин сактоо – аймакта туруктуу транспорттук байланыштарды түзүүнүн негизги шарты болуп саналат. Транспорт жана коммуникациялар министрлигинин Жерде жүрүүчү жана суу транспорту департаментинин транспорттук көзөмөл башкармалыгынын башчысы Кеңешбек Доолетов ЕАЭБдеги жүк ташуулар тууралуу айтып берди.",sputnik.kg,,11:04 21.04.2026(Жаңыртылды:11:16 21.04.2026),kyrgyz,0,high,,news_site
08340f1b-bd1f-4335-9b78-147f61a6d8c2,"Өкмөттө Ош, Жалал-Абад жана Баткендеги селге байланыштуу кеңешме өттү","БИШКЕК, 4-май. — Sputnik.Министрлер кабинетинин төрагасы Адылбек Касымалиев Ош, Жалал-Абад жана Баткен облустарында жүргөн селге байланыштуу ыкчам кеңешме өткөргөнүн өкмөттүн маалымат кызматы кабарлады. Жыйындын жүрүшүндө өзгөчө кырдаалдар министринин жана тиешелүү мамлекеттик органдардын өкүлдөрүнүн учурдагы кырдаал жана табигый кырсыктын кесепеттерин жоюу боюнча көрүлүп жаткан чаралар тууралуу маалымат угулду. ""Жер-жерлерде сел агызып келген ылайларды тазалоо, унаа жолдорун жана жабыркаган инфраструктураны калыбына келтирүү боюнча иштер кызуу жүрүп жатканы белгиленди. Кесепеттерди жоюуга ӨКМ, ИИМ, Коргоо министрлигинин бөлүмдөрү, жергиликтүү бийлик органдары жана атайын техникалар тартылган"", — деп айтылат кабарда. Соңунда тиешелүү органдар кырдаалга мониторинг жүргүзүү, калыбына келтирүү иштерин ыкчам жана сапаттуу аткаруу, келтирилген зыянды баалоо жана селдин келип чыгышын алдын алуу боюнча кошумча чараларды иштеп чыгуу милдеттендирилди. Эскерте кетсек, кечээ Баткен районуна табигый шарттардан улам өзгөчө кырдаалкиргизилген. Ак-Татыр айылында сел жүрүп, Ош – Баткен – Раззаков жолунун 280-чакырымында каттам жабылып ачылган. Мындан тышкары, Үч-Дөбө айылында сел жүргөн сайдын жээгинде жайгашкан кооптуу аймактан 35 үй-бүлө (149 жаран) эвакуацияланган. 3-6-майда тоолуу аймактарга, суу жээктерине эс алууга чыкпай тургула. ӨКМ эскертти2 Бугу, 16:49",sputnik.kg,,16:13 04.05.2026(Жаңыртылды:10:29 05.05.2026),kyrgyz,0,high,,news_site
f18f7d42-f808-4cfe-bae4-dd20129e3f02,Жаңылыктар. Чыгарылыш 13:00,"Кыргызстанда мас абалда унаа башкаргандарга карата жаза күчөтүлөт. Анда 10 жылга чейин эркинен ажыратуу каралууда. Бул тууралуу Жол кыймылынын коопсуздугун камсыздоо башкы башкармалыгы билдирди.  Жогорку Кеңеш мыйзам долбоорун үч окууда жактырып, документ президенттин кароосуна жөнөтүлдү.  Азыркы учурда мас абалда унаа айдаган айдоочулар 1 жылга айдоочулук күбөлүгүнөн ажыратылат. Эгерде президент Садыр Жапаров мыйзамга кол койсо, бул мөөнөт 3 жылдан 10 жылга чейин узартылат.  Эгер мас айдоочу жол кырсыгына себеп болуп, анын кесепетинен адамдар каза болсо же оор жаракат алса, анда ал 10 жылга чейин эркинен ажыратылат.  Жол кыймылынын коопсуздугун камсыздоо башкы башкармалыгынын маалыматына ылайык, акыркы жылдары мас айдоочулардын катышуусундагы жол кырсыктары кескин көбөйгөн. Бул жагдай катуу чараларды киргизүүгө негиз болууда. ИИМ ата-энелерди май айындагы эс алуу күндөрү балдардын коопсуздугуна өзгөчө көңүл бурууга чакырды. Маалыматка ылайык, бул мезгилде балдар көбүнчө көчөдө жүргөндүктөн, чоңдордун туруктуу көзөмөлү зарыл.Ведомство балдарды кароосуз калтырбоо, алардын кайда жана ким менен жүргөнүн көзөмөлдөө, жол коопсуздугу эрежелерин түшүндүрүү, кооптуу буюмдарды жеткиликтүү жерге калтырбоо жана бейтааныш адамдар менен байланыштан сактанууну эскертти. Ошондой эле интернет коопсуздугуна көңүл буруп, суу жээгинде жана жаратылышта балдарды жалгыз калтырбоо керектиги белгиленди.ИИМ ата-энелердин жоопкерчилиги жана алдын алуу чаралары кырсыктардын алдын аларын белгилеп, жарандарды сак болууга чакырды. Бишкекте 18 жашка чейинкилер арасында хоккей боюнча Азия кубогу жыйынтыкталды. Бул тууралуу Дене тарбия жана спорт мамлекеттик агенттигинен билдиришти. 3-майда Nomad Arena муз аянтчасында өткөн мелдештин финалында кыргызстандыктар Өзбекстандын командасына 2:3 эсебинде утулуп калышкан. Ал эми III орунду Монголиядан келген курама алды. Эл аралык турнирге Кыргызстан, Өзбекстан, Кытай, Индонезия, Монголия жана Индия мамлекеттеринин командалары катышкан. Мелдештер курч атаандаштыкта өтүп, жаш хоккейчилердин жогорку деңгээлдеги даярдыгын көрсөткөнү белгиленди. АКШ Ормуз кысыгында калып кеткен кемелерди чыгаруу боюнча операция баштай турганын өлкө президенти Дональд Трамп соцтармагына жазды. Анын айтымында, АКШ менен Ирандын тирешинен улам кысыкта калып калган кемелерин чыгарып берүү өтүнүчү менен Вашингтонго бир топ мамлекет кайрылган. Операцияга эсминецтер, учактар жана 15 миң аскер кызматкери тартылмакчы. Өлкө башчысы АКШга тоскоолдук жараткандар катаал жооп аларын эскертти. Ал арада Тегеран АКШнын Ормуз кысыгындагы кыймылга кийлигишүүсү элдешүүнүн шартын бузарын билдирди. ""Ормуз кысыгы менен Перс булуңу Трамптын алжыган билдирүүлөрү менен башкарылбайт!"" — деди Иран парламентинин улуттук коопсуздук жана тышкы саясат боюнча комиссиясынын төрагасы Эбрахим Азизи.  Белгилей кетсек, Блумберг агенттиги өзүнүн маалымат булактарына таянуу менен Ормуз кысыгындагы кыймыл Трамп Ирандын тынчтык планын кабыл алуудан баш тарткандан кийин биротоло токтоп калганын жазган.",sputnik.kg,,13:00 04.05.2026(Жаңыртылды:13:16 04.05.2026),kyrgyz,0,high,,news_site
395d87ee-3b4e-4adf-9faa-6d0c3a38fea9,Баш мыйзамга 33 жыл: Конституция — туруктуулуктун негизи,"Конституция күнүнө карата Конституциялык соттун ишмердүүлүгү тууралуу сөз кылдык. Баш мыйзамдын сакталышын көзөмөлдөө, конституциялык мыйзамдуулуктун учурдагы абалы, жарандардан келип түшкөн кайрылуулар, эл аралык кызматташтык жана сот адилеттигин камсыз кылуу — бул багыттарда аткарылып жаткан иштер талдоого алынат. Кененирээк Конституциялык соттун судьясы Чынара Айдарбекова айтып берди.",sputnik.kg,,09:04 05.05.2026(Жаңыртылды:09:16 05.05.2026),kyrgyz,0,high,,news_site
2c462627-f2f1-4560-8baa-4eb55e15809f,Жаңылыктар. Чыгарылыш 15:00,"иштер жана диаспора министри Барри Фор менен жолугушту.  Ведомстводон маалымдашкандай, сүйлөшүүлөрдүн жүрүшүндө тараптар саясий диалогду өнүктүрүү, келишимдик-укуктук базаны кеңейтүү, ошондой эле айыл чарба, туризм, билим берүү жана санариптик башкаруу тармактарын камтыган соода-экономикалык жана гуманитардык кызматташууну чыңдоо маселелерин, мындан тышкары туруктуу өнүгүү жана климат маселелери боюнча өз ара аракеттенүүнү талкуулашты.  Бул сапар Сейшел Аралдарынын тышкы саясий ведомствосунун башчысынын Кыргызстанга эки тараптуу мамилелердин тарыхындагы алгачкы сапары экени белгиленди.  Жолугушуунун жыйынтыгында Кыргыз Республикасынын жана Сейшел Аралдарынын жарандары үчүн кыска мөөнөттүү сапарларга визалык талаптарды өз ара жокко чыгаруу жөнүндө макулдашууга кол коюлду.  Сапардын алкагында жогорку жана эң жогорку деңгээлдерде жолугушууларды өткөрүү да пландалууда. Министрлер кабинетинин төрагасы Адылбек Касымалиев Саламаттык сактоо министрлигинде саламаттык сактоо тутумунун актуалдуу маселелери боюнча кеңешме өткөрдү.  Жыйындын жүрүшүндө медициналык кызмат көрсөтүүнүн сапатын жана жеткиликтүүлүгүн жогорулатууга, “Кыргызфармация” мамлекеттик ишканасынын ишине жана калкты дары-дармек менен камсыздоого байланыштуу маселелер, ошондой эле тармактын кадрдык потенциалын чыңдоо боюнча чаралар каралды.  Кеңешменин жыйынтыгы боюнча бир катар тапшырмалар берилди. 2026-жылдын башынан бүгүнкү күнгө чейин өлкө аймактары боюнча жалпы 110,2 чакырым жолго асфальт-бетон катмары төшөлдү.  Транспорт жана коммуникациялар министрлигинен билдиришкендей, былтыр ушул мезгилге карата 40 чакырым жол асфальтталган.  “Битум менен 15 000 тонна камсыздалды. Сатып алынган битумдар асфальт-бетон заводдоруна чейин жеткирилүүдө”, - деп айтылат маалыматта.  Жалпысынан Титулдук тизмеге кирген региондордогу бардык унаа жолдорунда иштер планга ылайык аткарылууда. Мамлекеттик департамент ""туулган жер укугун"" шылтоолоп АКШнын юрисдикциясында төрөлгөн россиялык өкүлчүлүктөрдүн кызматкерлеринин балдарына Америка жарандыгын таңуулоодо. Бул тууралуу РФ ТИМинин расмий өкүлү Мария Захарова ""Ведомости"" гезити үчүн жазган макаласында билдирди. ""Мамдепартаментпи, айтор, америкалык дипломатиянын артында тургандар россиялык өкүлчүлүктө иштеген кызматкерлердин АКШнын юрисдикциясында жарыкка келген балдарына жарандыгын күчтөп таңуулап жатышат. Буга АКШ Конституциясында каралган ""туулган жер укугу"" жана консулдук иммунитеттин чектелүүлүгү себеп имиш"", — деди Захарова. Өкүлдүн айтымында, мажбурлоо Дональд Трамп бийликке келгенге чейин эле 2023-жылы башталган. Захарова мындай аракет мигранттардын агымы менен күрөшөрүн айткан Трампты жаманатты кылуу үчүн жасалганын боолголоду. ТИМ өкүлү бул убакыт аралыгында АКШ Баш мыйзамына да, эки өлкөнүн дипломатиялык жана консулдук мамилелери тууралуу конвенциясына да эч кандай өзгөртүү кирбегенин белгилеген. Захарова жарандык таңуулоо процесси Москва менен Вашингтондун ортодогу мамилени жакшыртуу аракети күчөгөн маалда жасалып жатканына көңүл бурду.",sputnik.kg,,15:00 04.05.2026(Жаңыртылды:15:16 04.05.2026),kyrgyz,0,high,,news_site
938b4ea7-694a-40ff-8312-4e59cf062125,"Баткенде ""Айгүл гүлү"" эл аралык фестивалы өтөт. Иш-чараны дүйнөлүк деңгээлдеги брендге айлантуу мүмкүнбү?","20–21-апрель күндөрү Баткен шаарында “Айгүл гүлү” эл аралык фестивалы өтөт. Саамалык жергиликтүү бийликтин демилгеси менен аймакта туризмди өнүктүрүү максатында бир нече жылдан бери уюштурулуп келе жатат. Иш-чаранын негизги максаты Кызыл китепке кирген сейрек кездешүүчү Айгүл гүлүн эл аралык деңгээлде таанытуу, коңшу мамлекеттер менен маданий байланышты чыңдоо жана достук-ынтымакты бекемдөө. Фестивалга Кыргызстан, Өзбекстан жана Тажикстандан да кол өнөрчүлөр, өнөрпоздор катышары белгилүү болду. Иш-чарада түрдүү кароо-сынактар уюштурулат. Биз гүлдүн тарыхый, маданий мааниси кандай? Эл аралык деңгээлде Кыргызстанды таанытууга кандай салым кошууда? Ушул жана башка суроолорубузга Баткен райондук маданият бөлүмүнүн жетекчисиАйсулуу Ходжаевадан маалымат алдык.",sputnik.kg,,11:33 21.04.2026(Жаңыртылды:11:46 21.04.2026),kyrgyz,0,high,,news_site
fd112bdf-d875-46fc-b368-b61183233f26,Зеленский менен Миндичтин көз боемочулугу канчалык жайылганы айтылды,"БИШКЕК, 4-май. — Sputnik.Украина энергетикасындагы коорупциялык иштин фигуранттары Тимур Миндич менен Владимир Зеленскийдин көз боемочулук аракеттери жүздөгөн миллион долларды чапчыйт. Бул тууралуу РФ ТИМинин Киев режиминин кылмыштарын иликтөө боюнча өкүлү Родион Мирошник билдиргенинРИА Новостижазды. ""Миндич-Зеленский тобунун коррупциялык шылуунчулугунун кулачы кеңири жайылган. Украинага чет жактан келген жардамдын жана украин бюджетинин эсебинен жүздөгөн миллион долларга жетет"", — деген ал. Мирошник бул чет элдик донорлордун ""Украина менен Европаны сактап калуу үчүн"" өз өлкөсүнүн бюджетинен бөлүнгөн каражат экенин эске салды. ""Коррупциялык топ Украинанын энергетика тармагына эле эмес, ондогон миллиард доллар каралган бюджеттин майлуу жери — коргонуу секторуна да тырмак салган"", — деди өкүл. ""Украинская правда"" басылмасы коррупция тууралуу чуулуу иштин баш каарманы жана Зеленскийдин үзөңгүлөшү Миндич ошол кездеги Украинанын коргоо министри, азыркы Улуттук коопсуздук жана коргоо кеңешинин катчысы Рустем Умеров менен коргонуу жаатындагы бир нече миллиондук келишимдерди талкуулаганын жарыялаган. Мирошник күзүндө Зеленскийдин кеңсе башчысы Андрей Ермак кызматынан алынса, эми кезек Умеровго жеткенин белгиледи. Эскерте кетсек, Украинанын антикоррупциялык бюросу 11-ноябрда өлкө энергетикасындагы коррупцияга тиешеси бар кылмыштуу топтун жети мүчөсүнө айып таккан. Булардын арасында ишкер Миндич менен бирге мурунку вице-премьер Алексей Чернышов да бар. 19-ноябрда Жогорку Рада чуулуу иште аты аталган Герман Галущенкону юстиция министри, ал эми Светлана Гринчукту энергетика министри кызматынан алган. Евродепутат: Зеленскийдин колуна ЕБден насыя тийсе, бир бөлүгүн жакындарына берет19 Чын Куран, 16:56",sputnik.kg,,18:02 04.05.2026(Жаңыртылды:10:18 05.05.2026),kyrgyz,0,high,,news_site
701faa06-27d6-4494-acac-b88f12987800,Жаңылыктар. Чыгарылыш 19:00,"Садыр Жапаров 9-майда Жеңиш аянтында болчу митинг-реквиемге катышат. Президенттик администрациядан иш-чаранын алкагында Өчпөс отко гүлчамбар коюлуп, 2000дей жоокер марш менен өтөрү кабарланды. Келген коноктор жоокер боткосунан даам татып, майрам концерт менен жыйынтыкталат.Ошондой эле, Бишкекте ""Өчпөс полк"" акциясын өткөрүлөт. Жүрүш 9-майда саат 9:00дө башталып, кадимки маршрут боюнча – Түштүк дарбазадан Жеңиш аянтына чейин Байтик баатыр/Абдрахманов көчөлөрү менен өтөт. Министрлер кабинети Кыргызстан менен Россиянын ортосунда жарандардын өз ара жүрүү тартибин жаңыртуу боюнча макулдашууну жактырды. Документ ратификациялоо үчүн Жогорку Кенешке жөнөтүлдү. Макулдашуу күчүнө киргенден кийин эки өлкөнүн жашы жете элек жарандары үчүн чек арадан өтүү талаптары өзгөрөт. Тактап айтканда, Россия жарандарынын балдары эми Кыргызстанга туулгандыгы тууралуу күбөлүк менен кире албайт. Ушул эле талап Кыргызстан жарандарынын балдары Россияга барганда да колдонулат. Мындан ары чек арадан өтүү үчүн жашы жете электерге инсандыгын тастыктаган башка документтер, анын ичинде чет өлкөгө чыгуучу паспорт талап кылынат. Майрам күндөрүнө байланыштуу 30-апрелден тарта Бишкектеги автобекеттерде каттамдардын саны көбөйтүлөрүн шаардык мэрия билдирди. Маалыматка ылайык, негизинен Ысык-Көл жана Нарын багыттары боюнча кошумча каттамдар уюштурулат. Иш күндөрү бул багыттарга 100гө жакын унаа чыкса, майрам күндөрү алардын саны дээрлик эки эсеге көбөйөт. Автобекеттер кадимки режимде, күн сайын саат 07:00дөн 23:30га чейин иштейт. Күндүз негизинен кичи автобустар каттаса, кечкисин автобустар жүрөт. Ошондой эле Алматы, Тюмень, Кашкар жана Артуш багыттары боюнча эл аралык каттамдар туруктуу иш алып барууда. Батыш багытындагы ""Аккула"" автобекетинен Талас облусуна, ошондой эле Ташкент жана Жизак шаарларына каттамдар бар. Мындан тышкары, 15-майдан 15-октябрга чейин Ысык-Көл, Талас, Ош, Жалал-Абад жана Баткен багыттары боюнча сезондук каттамдар ишке киргизилери кошумчаланды. Россия президенти Владимир Путин АКШ лидери Дональд Трамп менен телефон аркылуу сүйлөшүп, Жеңиш күнүнө карата Украина менен убактылуу элдешүүгө даяр экенин билдирди. Бул тууралуу РФ жетекчисинин жардамчысы Юрий Ушаков маалымдаганын РИА Новости жазды. ""Трамп майрам Экинчи дүйнөлүк согуштагы нацизм кыйраган жалпы жеңишти түшүндүрөрүн билдирип, сунушту кубануу менен колдоп берди"", — деди Ушаков. Лидерлердин 1,5 саатка созулган сүйлөшүүсүнүн урунттуу учурлары: Путин Трампка кол салынышын айыптап, буга байланыштуу колдоо сөздөрүн айткан; Россия президенти Трамптын Иранга карата ок чыгарбоо режимин узартуу боюнча чечимин туура деп эсептейт; Москва АКШнын Иранга каршы пландалган кургактагы операциясын кооптуу деп санайт; Россия Иран, Перс булуңундагы өлкөлөр, Израиль жана АКШ менен байланышын улантат; Трамп Украинадагы жаңжалга чекит кое турган келишимге аз калды деген ишенимде; Путин Трампка россиялык аскерлер үстөмдүк кылып, каршылаштардын жолун бууп жатканын а",sputnik.kg,,18:59 04.05.2026(Жаңыртылды:19:16 04.05.2026),kyrgyz,0,high,,news_site
5b34ba0a-9415-4607-80cc-49b868d0a63f,Кыргызстандын жапайы жоогазындары: жоголуп кетүү коркунучу жана аларды коргоо чаралары,"Кыргызстан табияты өзүнүн өзгөчө кооздугу жана байлыгы менен айырмаланат. Анын ичинде жапайы жоогазындар өзгөчө орунду ээлейт. Адистердин айтымында, дал ушул Борбор Азия, анын ичинде Кыргызстан, дүйнөдөгү жоогазындардын мекени болуп саналат. Бирок акыркы жылдары бул кооз гүлдөр жоголуп кетүү коркунучуна кептелип, алардын саны улам азайып бара жатат. Жапайы жоогазындардын азайышына климаттын өзгөрүшү, адам фактору жана экологиялык көйгөйлөр себеп болууда. Бул болсо жаратылыштын тең салмактуулугуна гана эмес, биологиялык ар түрдүүлүккө да олуттуу таасирин тийгизет. Бүгүн биз жапайы жоогазындардын азыркы абалы, аларды сактап калуу жолдору жана көрүлүп жаткан чаралар тууралуу кененирээк сүйлөшөбүз. Маегибиздин коногу Дүйнөлүк жаратылышты коргоо уюмунун жапайы жоогазындар боюнча адистер тобунун тең-төрагасы, Улуттук илимдер академиясынын Биология институтунун илимий кызматкери Ормон Султангазиев суроолорубузга жооп берди.",sputnik.kg,,09:04 04.05.2026(Жаңыртылды:09:16 04.05.2026),kyrgyz,0,high,,news_site
