2026-05-05 13:47:04,580 [master] INFO ======================================================================
2026-05-05 13:47:04,580 [master] INFO KYRGYZ FAKE NEWS DATASET COLLECTOR
2026-05-05 13:47:04,580 [master] INFO ======================================================================
2026-05-05 13:47:04,868 [master] INFO Running scraper: scraper_24kg
2026-05-05 13:47:04,868 [master] INFO ============================================================
2026-05-05 13:47:04,868 [master] INFO 24.KG KYRGYZ SCRAPER
2026-05-05 13:47:04,868 [master] INFO ============================================================
2026-05-05 13:47:04,870 [master] INFO Fetching page 1: https://24.kg/kyrgyzcha/page_1/
2026-05-05 13:47:05,698 [master] INFO   → Running total: 56 unique links
2026-05-05 13:47:06,701 [master] INFO Fetching page 2: https://24.kg/kyrgyzcha/page_2/
2026-05-05 13:47:07,263 [master] INFO   → Running total: 106 unique links
2026-05-05 13:47:08,270 [master] INFO Fetching page 3: https://24.kg/kyrgyzcha/page_3/
2026-05-05 13:47:08,812 [master] INFO   → Running total: 156 unique links
2026-05-05 13:47:09,813 [master] INFO Fetching page 4: https://24.kg/kyrgyzcha/page_4/
2026-05-05 13:47:10,551 [master] INFO   → Running total: 206 unique links
2026-05-05 13:47:11,554 [master] INFO Fetching page 5: https://24.kg/kyrgyzcha/page_5/
2026-05-05 13:47:12,101 [master] INFO   → Running total: 257 unique links
2026-05-05 13:47:13,102 [master] INFO Fetching page 6: https://24.kg/kyrgyzcha/page_6/
2026-05-05 13:47:13,730 [master] INFO   → Running total: 308 unique links
2026-05-05 13:47:14,733 [master] INFO Fetching page 7: https://24.kg/kyrgyzcha/page_7/
2026-05-05 13:47:15,322 [master] INFO   → Running total: 359 unique links
2026-05-05 13:47:16,324 [master] INFO Fetching page 8: https://24.kg/kyrgyzcha/page_8/
2026-05-05 13:47:16,948 [master] INFO   → Running total: 410 unique links
2026-05-05 13:47:17,950 [master] INFO Fetching page 9: https://24.kg/kyrgyzcha/page_9/
2026-05-05 13:47:18,569 [master] INFO   → Running total: 461 unique links
2026-05-05 13:47:19,571 [master] INFO Fetching page 10: https://24.kg/kyrgyzcha/page_10/
2026-05-05 13:47:20,248 [master] INFO   → Running total: 512 unique links
2026-05-05 13:47:21,249 [master] INFO Fetching page 11: https://24.kg/kyrgyzcha/page_11/
2026-05-05 13:47:22,042 [master] INFO   → Running total: 563 unique links
2026-05-05 13:47:23,048 [master] INFO Fetching page 12: https://24.kg/kyrgyzcha/page_12/
2026-05-05 13:47:23,618 [master] INFO   → Running total: 614 unique links
2026-05-05 13:47:24,618 [master] INFO Fetching page 13: https://24.kg/kyrgyzcha/page_13/
2026-05-05 13:47:25,183 [master] INFO   → Running total: 665 unique links
2026-05-05 13:47:26,190 [master] INFO Fetching page 14: https://24.kg/kyrgyzcha/page_14/
2026-05-05 13:47:27,029 [master] INFO   → Running total: 716 unique links
2026-05-05 13:47:28,037 [master] INFO Fetching page 15: https://24.kg/kyrgyzcha/page_15/
2026-05-05 13:47:28,675 [master] INFO   → Running total: 767 unique links
2026-05-05 13:47:29,676 [master] INFO Fetching page 16: https://24.kg/kyrgyzcha/page_16/
2026-05-05 13:47:30,267 [master] INFO   → Running total: 818 unique links
2026-05-05 13:47:31,275 [master] INFO Fetching page 17: https://24.kg/kyrgyzcha/page_17/
2026-05-05 13:47:31,821 [master] INFO   → Running total: 869 unique links
2026-05-05 13:47:32,823 [master] INFO Fetching page 18: https://24.kg/kyrgyzcha/page_18/
2026-05-05 13:47:33,494 [master] INFO   → Running total: 920 unique links
2026-05-05 13:47:34,496 [master] INFO Fetching page 19: https://24.kg/kyrgyzcha/page_19/
2026-05-05 13:47:35,181 [master] INFO   → Running total: 971 unique links
2026-05-05 13:47:36,182 [master] INFO Fetching page 20: https://24.kg/kyrgyzcha/page_20/
2026-05-05 13:47:36,848 [master] INFO   → Running total: 1022 unique links
2026-05-05 13:47:37,850 [master] INFO Total links collected: 1022
2026-05-05 13:47:37,852 [master] INFO Scraping (1/150): https://24.kg/kyrgyzcha/371554_bugun_butkul_duynoluk_kitep_kunu_kitep_tuuraluu_oylor/
2026-05-05 13:47:38,582 [master] INFO   ✓ Бүгүн бүткүл дүйнөлүк китеп күнү: Китеп тууралуу ойлор
2026-05-05 13:47:41,083 [master] INFO Scraping (2/150): https://24.kg/kyrgyzcha/page_11/
2026-05-05 13:47:41,905 [master] INFO   ✗ Skipped (no content or too short)
2026-05-05 13:47:44,407 [master] INFO Scraping (2/150): https://24.kg/kyrgyzcha/372072_28-aprelge_karata_aba_yirayyi/
2026-05-05 13:47:44,748 [master] INFO   ✓ 28-апрелге карата аба ырайы
2026-05-05 13:47:47,250 [master] INFO Scraping (3/150): https://24.kg/kyrgyzcha/365616_sotsialdyik_kelishim_programmasyina_katyishuu_uchun_1min_825_aryiz_tushtu/
2026-05-05 13:47:48,077 [master] INFO   ✓ «Социалдык келишим» программасына катышуу үчүн 1 миң 825 арыз түштү
2026-05-05 13:47:50,591 [master] INFO Scraping (4/150): https://24.kg/kyrgyzcha/370662_bshk_chyingyiz_aydarbekovdun_deputattyikka_talapkerligin_jokko_chyigardyi/
2026-05-05 13:47:52,482 [master] INFO   ✓ БШК Чыңгыз Айдарбековдун депутаттыкка талапкерлигин жокко чыгарды
2026-05-05 13:47:54,984 [master] INFO Scraping (5/150): https://24.kg/kyrgyzcha/368397_paydaluu_kenesh_suunun_organizmge_kanday_taasiri_bar/
2026-05-05 13:47:55,353 [master] INFO   ✓ Пайдалуу кеңеш: Суунун организмге кандай таасири бар?
2026-05-05 13:47:57,855 [master] INFO Scraping (6/150): https://24.kg/kyrgyzcha/367506_kyirgyiz_elartisti_teatr_jana_kino_akteru_abdyikalyik_akmatovgo_jazyilgan_nekrolog/
2026-05-05 13:47:58,656 [master] INFO   ✓ Кыргыз эл артисти, театр жана кино актеру Абдыкалык Акматовго жазылган
2026-05-05 13:48:01,168 [master] INFO Scraping (7/150): https://24.kg/kyrgyzcha/366149_byiyyil_bishkektegi_eki_seyil_bagyi_ondop-tuzoodon_otot/
2026-05-05 13:48:02,447 [master] INFO   ✓ Быйыл Бишкектеги эки сейил багы оңдоп-түзөөдөн өтөт
2026-05-05 13:48:04,964 [master] INFO Scraping (8/150): https://24.kg/kyrgyzcha/371058_kyirgyizstanda_uluu_ata_mekendik_sogushtun_24ardageri_kaldyi/
2026-05-05 13:48:07,153 [master] INFO   ✓ Кыргызстанда Улуу Ата Мекендик согуштун 24 ардагери калды
2026-05-05 13:48:09,655 [master] INFO Scraping (9/150): https://24.kg/kyrgyzcha/367514_jakyinkyi_chyigyish_buunun_bash_katchyisyi_diplomatiyalyik_suyloshuulordu_bashtoogo_chakyirdyi/
2026-05-05 13:48:10,033 [master] INFO   ✓ Жакынкы Чыгыш: БУУнун баш катчысы дипломатиялык сүйлөшүүлөрдү баштоого
2026-05-05 13:48:12,535 [master] INFO Scraping (10/150): https://24.kg/kyrgyzcha/page_20/
2026-05-05 13:48:13,091 [master] INFO   ✗ Skipped (no content or too short)
2026-05-05 13:48:15,591 [master] INFO Scraping (10/150): https://24.kg/kyrgyzcha/369014_aziya_chempionatyi_bugun_grek-rim_kuroshu_boyuncha_meldeshter_bashtalat/
2026-05-05 13:48:15,907 [master] INFO   ✗ Skipped (no content or too short)
2026-05-05 13:48:18,423 [master] INFO Scraping (10/150): https://24.kg/kyrgyzcha/365866_jknyin_murdagyi_deputatyi_kuvanyichbek_kongantiev_10-mayga_cheyin_kamakka_alyindyi/
2026-05-05 13:48:19,783 [master] INFO   ✓ ЖКнын мурдагы депутаты Куванычбек Конгантиев 10-майга чейин камакка ал
2026-05-05 13:48:22,296 [master] INFO Scraping (11/150): https://24.kg/kyrgyzcha/367204_orto-tokoy_gesinin_kurulushu_akyirkyi_baskyichyina_ottu/
2026-05-05 13:48:24,226 [master] INFO   ✓ Орто-Токой ГЭСинин курулушу акыркы баскычына өттү
2026-05-05 13:48:26,739 [master] INFO Scraping (12/150): https://24.kg/kyrgyzcha/370249_sonku_eki_jumada_jugushtuu_oorular_oorukanasyina_kene_chakkan_41adam_kayryilgan/
2026-05-05 13:48:28,771 [master] INFO   ✓ Соңку эки жумада жугуштуу оорулар ооруканасына кене чаккан 41 адам кай
2026-05-05 13:48:31,273 [master] INFO Scraping (13/150): https://24.kg/kyrgyzcha/371683_bugun_bishkekte_jash_manaschyilardyin_respublikalyik_karoo-syinagyi_bashtalat/
2026-05-05 13:48:32,774 [master] INFO   ✗ Skipped (no content or too short)
2026-05-05 13:48:35,274 [master] INFO Scraping (13/150): https://24.kg/kyrgyzcha/369407_aziya_chempionatyi_bugun_kilemge_ayperi_bashtagan_balban_kyizdar_chyigyishat/
2026-05-05 13:48:35,719 [master] INFO   ✓ Азия чемпионаты: Бүгүн килемге Айпери баштаган балбан кыздар чыгышат
2026-05-05 13:48:38,220 [master] INFO Scraping (14/150): https://24.kg/kyrgyzcha/367085_bishkekte_manas_madaniy_borboru_kurula_bashtadyi/
2026-05-05 13:48:38,789 [master] INFO   ✓ Бишкекте «Манас» маданий борбору курула баштады
2026-05-05 13:48:41,290 [master] INFO Scraping (15/150): https://24.kg/kyrgyzcha/368367_iranga_kol_saluu_arab_aymagyi_194_milliard_dollarga_cheyin_jogotushu_mumkun/
2026-05-05 13:48:41,647 [master] INFO   ✓ Иранга кол салуу. Араб аймагы 194 миллиард долларга чейин жоготушу мүм
2026-05-05 13:48:44,159 [master] INFO Scraping (16/150): https://24.kg/kyrgyzcha/370109_byiyyil_onuchchakan_gidroelektrostantsiya_ishke_kirgizilet/
2026-05-05 13:48:44,667 [master] INFO   ✓ Быйыл он үч чакан гидроэлектростанция ишке киргизилет
2026-05-05 13:48:47,168 [master] INFO Scraping (17/150): https://24.kg/kyrgyzcha/372385_bishkekte_olbos_polk_jurushuno_uruksat_berildi_ish-chara_9-mayda_otot/
2026-05-05 13:48:49,317 [master] INFO   ✓ Бишкекте «Өлбөс полк» жүрүшүнө уруксат берилди: Иш-чара 9-майда өтөт
2026-05-05 13:48:51,819 [master] INFO Scraping (18/150): https://24.kg/kyrgyzcha/371801_44uy_kooptuu_abalda_okm_bashchyisyi_aksyidagyi_kooptuu_tilkelerdi_kyidyirdyi/
2026-05-05 13:48:52,216 [master] INFO   ✓ 44 үй кооптуу абалда: ӨКМ башчысы Аксыдагы кооптуу тилкелерди кыдырды
2026-05-05 13:48:54,719 [master] INFO Scraping (19/150): https://24.kg/kyrgyzcha/366503_paydaluu_kenesh_bolmo_guldorunun_jalbyiraktaryi_emnege_sargayat/
2026-05-05 13:48:57,645 [master] INFO   ✓ Пайдалуу кеңеш: Бөлмө гүлдөрүнүн жалбырактары эмнеге саргайат?
2026-05-05 13:49:00,158 [master] INFO Scraping (20/150): https://24.kg/kyrgyzcha/page_21/
2026-05-05 13:49:01,779 [master] INFO   ✗ Skipped (no content or too short)
2026-05-05 13:49:04,293 [master] INFO Scraping (20/150): https://24.kg/kyrgyzcha/368451_ukmk_uchmedreseni_jaap_diniy_okuu_jaylardagyi_myiyzam_buzuulardyi_anyiktadyi/
2026-05-05 13:49:04,706 [master] INFO   ✓ УКМК үч медресени жаап, диний окуу жайлардагы мыйзам бузууларды аныкта
2026-05-05 13:49:07,207 [master] INFO Scraping (21/150): https://24.kg/kyrgyzcha/365214_bugun_bishkektin_ayryim_jerlerinde_ubaktyiluu_suu_ochurulot/
2026-05-05 13:49:09,097 [master] INFO   ✓ Бүгүн Бишкектин айрым жерлеринде убактылуу суу өчүрүлөт
2026-05-05 13:49:11,608 [master] INFO Scraping (22/150): https://24.kg/kyrgyzcha/367677_kyirgyizstandyik_turistter_uchun_ozbekstan_populyarduu_bagyit_boydon_kaluuda/
2026-05-05 13:49:17,309 [master] INFO   ✓ Кыргызстандык туристтер үчүн Өзбекстан популярдуу багыт бойдон калууда
2026-05-05 13:49:19,812 [master] INFO Scraping (23/150): https://24.kg/kyrgyzcha/370336_sadyir_japarov_ozgon_rayonunun_turgundaryi_menen_jolugushtu_emneler_talkuulandyi/
2026-05-05 13:49:23,992 [master] INFO   ✓ Садыр Жапаров Өзгөн районунун тургундары менен жолугушту. Эмнелер талк
2026-05-05 13:49:26,498 [master] INFO Scraping (24/150): https://24.kg/kyrgyzcha/367785_erten_boks_boyuncha_aziya_chempionatyi_bashtalat_kyirgyiz_kuramasyinyin_tizmesi/
2026-05-05 13:49:34,996 [master] INFO   ✓ Эртең бокс боюнча Азия чемпионаты башталат. Кыргыз курамасынын тизмеси
2026-05-05 13:49:37,501 [master] INFO Scraping (25/150): https://24.kg/kyrgyzcha/370082_paydaluu_kenesh_jumurtkanyin_negizgi_korkunuchu_aytyildyi/
2026-05-05 13:49:43,660 [master] INFO   ✓ Пайдалуу кеңеш: Жумуртканын негизги коркунучу айтылды
2026-05-05 13:49:46,168 [master] INFO Scraping (26/150): https://24.kg/kyrgyzcha/370569_bugunku_dollardyin_kursu/
2026-05-05 13:49:51,388 [master] INFO   ✓ Бүгүнкү доллардын курсу
2026-05-05 13:49:53,891 [master] INFO Scraping (27/150): https://24.kg/kyrgyzcha/370179_paydaluu_kenesh_dayyima_oturup_ishtoo_tameki_cheguudon_dazyiyanduuraak/
2026-05-05 13:49:55,482 [master] INFO   ✓ Пайдалуу кеңеш: Дайыма отуруп иштөө тамеки чегүүдөн да зыяндуураак
2026-05-05 13:49:57,987 [master] INFO Scraping (28/150): https://24.kg/kyrgyzcha/369194_door_murasyi_moskvada_semen_chuykovgo_arnalgan_korgozmo_otot/
2026-05-05 13:49:58,842 [master] INFO   ✓ Доор мурасы: Москвада Семён Чуйковго арналган көргөзмө өтөт
2026-05-05 13:50:01,344 [master] INFO Scraping (29/150): https://24.kg/kyrgyzcha/370169_bugun_bishkektin_ayryim_jerlerinde_suu_bolboyt/
2026-05-05 13:50:01,766 [master] INFO   ✓ Бүгүн Бишкектин айрым жерлеринде суу болбойт
2026-05-05 13:50:04,268 [master] INFO Scraping (30/150): https://24.kg/kyrgyzcha/367934_aziya_chempionatyi_kyirgyizstandyik_bokschulardyin_betteshterinin_yiraattamasyi/
2026-05-05 13:50:04,806 [master] INFO   ✓ Азия чемпионаты: Кыргызстандык боксчулардын беттештеринин ырааттамасы
2026-05-05 13:50:07,321 [master] INFO Scraping (31/150): https://24.kg/kyrgyzcha/372296_aydoochulardyin_esine_bishkek_naryin_torugart_unaa_jolu_ubaktyiluu_jabyilat/
2026-05-05 13:50:08,267 [master] INFO   ✓ Айдоочулардын эсине! Бишкек — Нарын — Торугарт унаа жолу убактылуу жаб
2026-05-05 13:50:10,769 [master] INFO Scraping (32/150): https://24.kg/kyrgyzcha/371155_bishkekke_148jyil_ala-too_ayantyinda_kontsert_tartuulanat_programma/
2026-05-05 13:50:13,399 [master] INFO   ✗ Skipped (no content or too short)
2026-05-05 13:50:15,910 [master] INFO Scraping (32/150): https://24.kg/kyrgyzcha/367518_uluttuk_banktyin_eks-toragasyi_melis_turgunbaev_kyirgyizneftegaz_ishi_boyuncha_karmaldyi/
2026-05-05 13:50:17,822 [master] INFO   ✗ Skipped (no content or too short)
2026-05-05 13:50:20,323 [master] INFO Scraping (32/150): https://24.kg/kyrgyzcha/365830_manas_ordo_muzeyi_3ese_keneytilet_kompleks_egemenduuluk_kununo_karata_achyilat/
2026-05-05 13:50:23,568 [master] INFO   ✗ Skipped (no content or too short)
2026-05-05 13:50:26,078 [master] INFO Scraping (32/150): https://24.kg/kyrgyzcha/365020_apta_bashyinda_bishkekte_kayradan_suuk_bolot_9-11-martka_karata_aba_yirayyi/
2026-05-05 13:50:27,233 [master] INFO   ✓ Апта башында Бишкекте кайрадан суук болот. 9-11-мартка карата аба ырай
2026-05-05 13:50:29,747 [master] INFO Scraping (33/150): https://24.kg/kyrgyzcha/364705_shashyilyish_bildiruu_kar_kochku_tushuu_kooptuulugu_saktaluuda/
2026-05-05 13:50:32,743 [master] INFO   ✓ Шашылыш билдирүү! Кар көчкү түшүү кооптуулугу сакталууда
2026-05-05 13:50:35,246 [master] INFO Scraping (34/150): https://24.kg/kyrgyzcha/372145_dolon_ashuusunda_kar_jaap_jatat/
2026-05-05 13:50:40,020 [master] INFO   ✓ Долон ашуусунда кар жаап жатат
2026-05-05 13:50:42,521 [master] INFO Scraping (35/150): https://24.kg/kyrgyzcha/366049_duyno_chempionatyi_2026_irandyin_orduna_talapker_komanda_ataldyi/
2026-05-05 13:50:48,112 [master] INFO   ✓ Дүйнө чемпионаты −2026: Ирандын ордуна талапкер команда аталды
2026-05-05 13:50:50,614 [master] INFO Scraping (36/150): https://24.kg/kyrgyzcha/364594_bugun_akkalpak_kyirgyiz_murasyi_attuu_jashtar_forumu_otot/
2026-05-05 13:50:52,859 [master] INFO   ✗ Skipped (no content or too short)
2026-05-05 13:50:55,361 [master] INFO Scraping (36/150): https://24.kg/kyrgyzcha/371389_aziya_kubogu_2027_chuchukulak_tartuu_azemi_9-mayda_otot/
2026-05-05 13:50:55,706 [master] INFO   ✓ Азия Кубогу −2027: Чучукулак тартуу аземи 9-майда өтөт
2026-05-05 13:50:58,208 [master] INFO Scraping (37/150): https://24.kg/kyrgyzcha/366726_orozo_2026_erten_bishkekte_38jana_203_avtobustaryi_beker_kyizmat_korsotot/
2026-05-05 13:51:00,247 [master] INFO   ✓ Орозо −2026: Эртең Бишкекте № 38 жана № 203 автобустары бекер кызмат к
2026-05-05 13:51:02,753 [master] INFO Scraping (38/150): https://24.kg/kyrgyzcha/365494_bishkekte_kayradan_tamak-ashtan_massalyik_uulanuu_kattaldyi/
2026-05-05 13:51:03,601 [master] INFO   ✓ Бишкекте кайрадан тамак-аштан массалык уулануу катталды
2026-05-05 13:51:06,113 [master] INFO Scraping (39/150): https://24.kg/kyrgyzcha/368727_bishkekte_oto_turgan_kurosh_boyuncha_aziya_chempionatyinyin_programmasyi_jaryiyalandyi/
2026-05-05 13:51:06,432 [master] INFO   ✓ Бишкекте өтө турган күрөш боюнча Азия чемпионатынын программасы жарыял
2026-05-05 13:51:08,939 [master] INFO Scraping (40/150): https://24.kg/kyrgyzcha/366959_altyin_top_2026_garri_keyn_reytingdin_sap_bashyina_chyiktyi/
2026-05-05 13:51:11,069 [master] INFO   ✓ Алтын топ −2026: Гарри Кейн рейтингдин сап башына чыкты
2026-05-05 13:51:13,575 [master] INFO Scraping (41/150): https://24.kg/kyrgyzcha/365852_ayperi_medet_kyizyi_kayradan_olimpiada_chempionu_menen_kilemge_chyigat/
2026-05-05 13:51:13,896 [master] INFO   ✗ Skipped (no content or too short)
2026-05-05 13:51:16,405 [master] INFO Scraping (41/150): https://24.kg/kyrgyzcha/367792_28-martka_karata_aba_yirayyi/
2026-05-05 13:51:16,767 [master] INFO   ✓ 28-мартка карата аба ырайы
2026-05-05 13:51:19,279 [master] INFO Scraping (42/150): https://24.kg/kyrgyzcha/371698_byiyyil_kyirgyizstanda_17chakan_ges_paydalanuuga_berilet/
2026-05-05 13:51:20,313 [master] INFO   ✗ Skipped (no content or too short)
2026-05-05 13:51:22,815 [master] INFO Scraping (42/150): https://24.kg/kyrgyzcha/371062_birinchi_kvartaldyin_jyiyyintyigyi_boyuncha_kyirgyizstandyin_idpsyi_101_payyizga_ostu/
2026-05-05 13:51:23,306 [master] INFO   ✗ Skipped (no content or too short)
2026-05-05 13:51:25,816 [master] INFO Scraping (42/150): https://24.kg/kyrgyzcha/369776_bugun_bishkekte_kitep_kununo_arnalgan_okuu_dekadasyi_bashtalat/
2026-05-05 13:51:26,652 [master] INFO   ✓ Бүгүн Бишкекте Китеп күнүнө арналган Окуу декадасы башталат
2026-05-05 13:51:29,159 [master] INFO Scraping (43/150): https://24.kg/kyrgyzcha/369573_aziya_chempionatyi_razzak_beyshekeev_kyirgyizstanga_tortunchu_altyin_medaldyi_alyip_keldi/
2026-05-05 13:51:29,494 [master] INFO   ✓ Азия чемпионаты. Раззак Бейшекеев Кыргызстанга төртүнчү алтын медалды 
2026-05-05 13:51:31,997 [master] INFO Scraping (44/150): https://24.kg/kyrgyzcha/372306_paydaluu_kenesh_ulgaygan_kurakta_aryiktoonun_syiryi_aytyildyi/
2026-05-05 13:51:32,315 [master] INFO   ✓ Пайдалуу кеңеш: Улгайган куракта арыктоонун сыры айтылды
2026-05-05 13:51:34,826 [master] INFO Scraping (45/150): https://24.kg/kyrgyzcha/365698_internet_aldamchyilyigyi_byiltyir_kyirgyiz_jarandaryinan_826_million_som_uurdalgan/
2026-05-05 13:51:35,267 [master] INFO   ✓ Интернет алдамчылыгы. Былтыр кыргыз жарандарынан 826 миллион сом уурда
2026-05-05 13:51:37,779 [master] INFO Scraping (46/150): https://24.kg/kyrgyzcha/365571_oshuluttuk_drama_teatryi_bishkekte_gastrolduk_jumalyik_otkorot_programma/
2026-05-05 13:51:38,177 [master] INFO   ✗ Skipped (no content or too short)
2026-05-05 13:51:40,690 [master] INFO Scraping (46/150): https://24.kg/kyrgyzcha/365747_U-23_kyirgyizstandyin_futbol_boyuncha_kuramasyi_serbiya_jana_albaniya_menen_betteshet/
2026-05-05 13:51:41,026 [master] INFO   ✓ U-23: Кыргызстандын футбол боюнча курамасы Сербия жана Албания менен б
2026-05-05 13:51:43,527 [master] INFO Scraping (47/150): https://24.kg/kyrgyzcha/364597_bugun_akkalpak_kunu/
2026-05-05 13:51:43,840 [master] INFO   ✓ Бүгүн Ак калпак күнү
2026-05-05 13:51:46,341 [master] INFO Scraping (48/150): https://24.kg/kyrgyzcha/372001_orusiyanyin_korgoo_ministri_rasmiy_saparyi_menen_bishkekke_keldi/
2026-05-05 13:51:47,032 [master] INFO   ✗ Skipped (no content or too short)
2026-05-05 13:51:49,543 [master] INFO Scraping (48/150): https://24.kg/kyrgyzcha/369468_okm_tooluu_rayondordo_sel_jana_kar_kochku_korkunuchu_bar/
2026-05-05 13:51:49,926 [master] INFO   ✓ ӨКМ: Тоолуу райондордо сел жана кар көчкү коркунучу бар
2026-05-05 13:51:52,427 [master] INFO Scraping (49/150): https://24.kg/kyrgyzcha/365457_jogorku_keneshte_janyi_dayyindalgan_ministrler_ant_berishti/
2026-05-05 13:51:52,764 [master] INFO   ✓ Жогорку Кеңеште жаңы дайындалган министрлер ант беришти
2026-05-05 13:51:55,267 [master] INFO Scraping (50/150): https://24.kg/kyrgyzcha/365170_byiyyil_kyirgyizstanda_9million_bak_-darak_oturguzuu_plandaluuda/
2026-05-05 13:51:58,809 [master] INFO   ✓ Быйыл Кыргызстанда 9 миллион бак -дарак отургузуу пландалууда
2026-05-05 13:52:01,310 [master] INFO Scraping (51/150): https://24.kg/kyrgyzcha/372006_batkende_ayalyin_olturgon_adam_ozjanyin_kyiydyi_besh_bala_jetim_kaldyi/
2026-05-05 13:52:02,004 [master] INFO   ✓ Баткенде аялын өлтүргөн адам өз жанын кыйды. Беш бала жетим калды
2026-05-05 13:52:04,505 [master] INFO Scraping (52/150): https://24.kg/kyrgyzcha/368480_2-aprelge_karata_aba_yirayyi/
2026-05-05 13:52:04,885 [master] INFO   ✓ 2-апрелге карата аба ырайы
2026-05-05 13:52:07,387 [master] INFO Scraping (53/150): https://24.kg/kyrgyzcha/364570_5-martka_karata_aba_yirayyi/
2026-05-05 13:52:07,817 [master] INFO   ✓ 5-мартка карата аба ырайы
2026-05-05 13:52:10,323 [master] INFO Scraping (54/150): https://24.kg/kyrgyzcha/365483_prezident_kelechekte_16jashka_cheyinki_baldar_jolokpuldar_menen_kamsyizdalat/
2026-05-05 13:52:10,694 [master] INFO   ✓ Президент: «Келечекте 16 жашка чейинки балдар жөлөкпулдар менен камсыз
2026-05-05 13:52:13,195 [master] INFO Scraping (55/150): https://24.kg/kyrgyzcha/369610_orusiyanyin_vitse-premeri_aleksey_overchuk_kyirgyizstanga_jumushchu_sapar_menen_keldi/
2026-05-05 13:52:13,853 [master] INFO   ✓ Орусиянын вице-премьери Алексей Оверчук Кыргызстанга жумушчу сапар мен
2026-05-05 13:52:16,365 [master] INFO Scraping (56/150): https://24.kg/kyrgyzcha/366168_sadyir_japarov_gananyin_tyishkyi_ishter_ministrin_kabyil_aldyi_emneler_talkuulandyi/
2026-05-05 13:52:17,203 [master] INFO   ✓ Садыр Жапаров Гананын тышкы иштер министрин кабыл алды. Эмнелер талкуу
2026-05-05 13:52:19,704 [master] INFO Scraping (57/150): https://24.kg/kyrgyzcha/371945_kyitaydyin_korgoo_ministri_ishsaparyi_menen_kyirgyizstanga_keldi/
2026-05-05 13:52:20,164 [master] INFO   ✓ Кытайдын коргоо министри иш сапары менен Кыргызстанга келди
2026-05-05 13:52:22,670 [master] INFO Scraping (58/150): https://24.kg/kyrgyzcha/370338_chempiondor_ligasyinyin_jaryim_finalyinyin_algachkyi_juptaryi_anyiktaldyi/
2026-05-05 13:52:23,027 [master] INFO   ✓ Чемпиондор Лигасынын жарым финалынын алгачкы жуптары аныкталды
2026-05-05 13:52:25,529 [master] INFO Scraping (59/150): https://24.kg/kyrgyzcha/371570_byiyyil_kyirgyizstan_26minge_jakyin_unaa_importtodu/
2026-05-05 13:52:25,933 [master] INFO   ✓ Быйыл Кыргызстан 26 миңге жакын унаа импорттоду
2026-05-05 13:52:28,442 [master] INFO Scraping (60/150): https://24.kg/kyrgyzcha/370386_bishkekte_aldamchyilyikka_shektelgen_jaran_karmaldyi/
2026-05-05 13:52:28,786 [master] INFO   ✗ Skipped (no content or too short)
2026-05-05 13:52:31,301 [master] INFO Scraping (60/150): https://24.kg/kyrgyzcha/367255_kyirgyizstan_jashyilcha_eksportun_koboytuudo/
2026-05-05 13:52:33,202 [master] INFO   ✓ Кыргызстан жашылча экспортун көбөйтүүдө
2026-05-05 13:52:35,704 [master] INFO Scraping (61/150): https://24.kg/kyrgyzcha/366361_bishkek_meriyasyi_jyiluuluk_kachan_ochurulorun_tushundurdu/
2026-05-05 13:52:36,681 [master] INFO   ✓ Бишкек мэриясы жылуулук качан өчүрүлөрүн түшүндүрдү
2026-05-05 13:52:39,182 [master] INFO Scraping (62/150): https://24.kg/kyrgyzcha/366487_jogorku_keneshtin_deputatyi_bakyit_tentishev_elumutu_ata_jurt_tobuna_koshuldu/
2026-05-05 13:52:39,572 [master] INFO   ✓ Жогорку Кеңештин депутаты Бакыт Тентишев «Эл үмүтү — Ата журт» тобуна 
2026-05-05 13:52:42,078 [master] INFO Scraping (63/150): https://24.kg/kyrgyzcha/369195_bugun_bishkektin_bir_bolugundo_suu_ochurulot/
2026-05-05 13:52:42,445 [master] INFO   ✓ Бүгүн Бишкектин бир бөлүгүндө суу өчүрүлөт
2026-05-05 13:52:44,945 [master] INFO Scraping (64/150): https://24.kg/kyrgyzcha/364793_bugunku_dollardyin_kursu/
2026-05-05 13:52:45,315 [master] INFO   ✓ Бүгүнкү доллардын курсу
2026-05-05 13:52:47,816 [master] INFO Scraping (65/150): https://24.kg/kyrgyzcha/372294_bugundon_tarta_bishkektegi_fontandar_ishtey_bashtayt/
2026-05-05 13:52:49,937 [master] INFO   ✓ Бүгүндөн тарта Бишкектеги фонтандар иштей баштайт
2026-05-05 13:52:52,441 [master] INFO Scraping (66/150): https://24.kg/kyrgyzcha/366126_chunkurchak_kapchyigayyinda_sporttuk_turizm_boyuncha_achyik_chempionatyi_otot/
2026-05-05 13:52:53,006 [master] INFO   ✗ Skipped (no content or too short)
2026-05-05 13:52:55,508 [master] INFO Scraping (66/150): https://24.kg/kyrgyzcha/366329_byiyyil_dyiykandarga_37_milliard_somduk_1089_daana_tehnika_berildi/
2026-05-05 13:52:55,890 [master] INFO   ✓ Быйыл дыйкандарга 3,7 миллиард сомдук 1089 даана техника берилди
2026-05-05 13:52:58,392 [master] INFO Scraping (67/150): https://24.kg/kyrgyzcha/368265_tosmo_jana_salondor_bishkekte_ala-archa_daryiyasyinyin_jeegindegi_kurulushtar_alyindyi/
2026-05-05 13:52:59,587 [master] INFO   ✓ Тосмо жана салондор: Бишкекте Ала-Арча дарыясынын жээгиндеги курулушта
2026-05-05 13:53:02,101 [master] INFO Scraping (68/150): https://24.kg/kyrgyzcha/372843_selden_jabyirkagan_aymaktarda_sanitardyik-epidemiologiyalyik_kyirdaal_turuktuu/
2026-05-05 13:53:02,717 [master] INFO   ✓ Селден жабыркаган аймактарда санитардык-эпидемиологиялык кырдаал турук
2026-05-05 13:53:05,223 [master] INFO Scraping (69/150): https://24.kg/kyrgyzcha/369885_bishkekte_altyi_kundon_beri_izdelip_jatkan_ospurumdun_soogu_tabyildyi/
2026-05-05 13:53:07,279 [master] INFO   ✓ Бишкекте алты күндөн бери изделип жаткан өспүрүмдүн сөөгү табылды
2026-05-05 13:53:09,791 [master] INFO Scraping (70/150): https://24.kg/kyrgyzcha/365247_bugunku_dollardyin_kursu/
2026-05-05 13:53:10,184 [master] INFO   ✓ Бүгүнкү доллардын курсу
2026-05-05 13:53:12,685 [master] INFO Scraping (71/150): https://24.kg/kyrgyzcha/371014_toktogul_suu_saktagyichyina_tor_salgan_brakonerler_karmaldyi/
2026-05-05 13:53:14,670 [master] INFO   ✗ Skipped (no content or too short)
2026-05-05 13:53:17,171 [master] INFO Scraping (71/150): https://24.kg/kyrgyzcha/372199_kyirgyizstanda_kurman_ayt_kachan_mayramdalaryi_belgiluu_boldu/
2026-05-05 13:53:18,265 [master] INFO   ✓ Кыргызстанда Курман айт качан майрамдалары белгилүү болду
2026-05-05 13:53:20,768 [master] INFO Scraping (72/150): https://24.kg/kyrgyzcha/367025_dachada_komulgon_sook_chuy_oblusunda_kishi_olturuugo_shektuu_karmaldyi/
2026-05-05 13:53:22,132 [master] INFO   ✗ Skipped (no content or too short)
2026-05-05 13:53:24,641 [master] INFO Scraping (72/150): https://24.kg/kyrgyzcha/372373_chuy_oblusunda_1min_250_gektar_jer_chegirtkeden_kutkaryiluuda/
2026-05-05 13:53:27,661 [master] INFO   ✓ Чүй облусунда 1 миң 250 гектар жер чегирткеден куткарылууда
2026-05-05 13:53:30,161 [master] INFO Scraping (73/150): https://24.kg/kyrgyzcha/370791_okm_tooluu_rayondordo_kar_kochku_jana_sel_juruu_korkunuchu_bar/
2026-05-05 13:53:33,280 [master] INFO   ✓ ӨКМ: Тоолуу райондордо кар көчкү жана сел жүрүү коркунучу бар
2026-05-05 13:53:35,782 [master] INFO Scraping (74/150): https://24.kg/kyrgyzcha/370685_17-aprelge_karata_aba_yirayyi/
2026-05-05 13:53:36,144 [master] INFO   ✓ 17-апрелге карата аба ырайы
2026-05-05 13:53:38,645 [master] INFO Scraping (75/150): https://24.kg/kyrgyzcha/369821_bishkekte_reyd_uchsaatta_tuura_emes_toktotulgan_37unaa_evakuatsiyalandyi/
2026-05-05 13:53:39,067 [master] INFO   ✓ Бишкекте рейд: Үч саатта туура эмес токтотулган 37 унаа эвакуацияланды
2026-05-05 13:53:41,572 [master] INFO Scraping (76/150): https://24.kg/kyrgyzcha/369519_jogorku_kenesh_bashkyi_prokuraturanyin_2025-jyilga_karata_otchetun_ugup_eske_aldyi/
2026-05-05 13:53:42,051 [master] INFO   ✓ Жогорку Кеңеш Башкы прокуратуранын 2025-жылга карата отчетун угуп, эск
2026-05-05 13:53:44,551 [master] INFO Scraping (77/150): https://24.kg/kyrgyzcha/366138_okm_ashuularda_kar_kochku_tushuusu_mumkun/
2026-05-05 13:53:44,949 [master] INFO   ✓ ӨКМ: Ашууларда кар көчкү түшүүсү мүмкүн
2026-05-05 13:53:47,450 [master] INFO Scraping (78/150): https://24.kg/kyrgyzcha/369584_bishkek_biyligi_shaar_turgundardyi_jana_konoktoru_vals_kechesine_chakyirat/
2026-05-05 13:53:47,779 [master] INFO   ✓ Бишкек бийлиги шаар тургундарды жана коноктору вальс кечесине чакырат
2026-05-05 13:53:50,281 [master] INFO Scraping (79/150): https://24.kg/kyrgyzcha/366130_kerme-too_meymankanasyi_jana_anyin_235_gektar_jer_tilkesi_mamleketke_kaytaryildyi/
2026-05-05 13:53:50,664 [master] INFO   ✗ Skipped (no content or too short)
2026-05-05 13:53:53,166 [master] INFO Scraping (79/150): https://24.kg/kyrgyzcha/365254_bugun_bishkektin_jibek_jolu_kochosundogu_kopuronun_bir_tarabyi_achyilat/
2026-05-05 13:53:54,346 [master] INFO   ✓ Бүгүн Бишкектин Жибек Жолу көчөсүндөгү көпүрөнүн бир тарабы ачылат
2026-05-05 13:53:56,848 [master] INFO Scraping (80/150): https://24.kg/kyrgyzcha/372878_beksultan_jakievdin_90jyildyigyi_kyirgyiz-kazak_tokmo_akyindaryinyin_aytyishyi_otot/
2026-05-05 13:53:57,458 [master] INFO   ✓ Бексултан Жакиевдин 90 жылдыгы: Кыргыз-казак төкмө акындарынын айтышы 
2026-05-05 13:53:59,970 [master] INFO Scraping (81/150): https://24.kg/kyrgyzcha/368555_kyirgyizstanda_turizmdi_onukturuu_boyuncha_mamlekettik_agenttik_tuzuldu/
2026-05-05 13:54:01,662 [master] INFO   ✓ Кыргызстанда Туризмди өнүктүрүү боюнча мамлекеттик агенттик түзүлдү
2026-05-05 13:54:04,172 [master] INFO Scraping (82/150): https://24.kg/kyrgyzcha/366842_iranga_kol_saluu_tegeran_dagyi_bir_atkaminerdin_olturulgonun_tastyiktadyi/
2026-05-05 13:54:05,269 [master] INFO   ✗ Skipped (no content or too short)
2026-05-05 13:54:07,770 [master] INFO Scraping (82/150): https://24.kg/kyrgyzcha/367988_chuy_oblusunda_bangizat_satuuga_shektuu_karmaldyi/
2026-05-05 13:54:08,144 [master] INFO   ✗ Skipped (no content or too short)
2026-05-05 13:54:10,645 [master] INFO Scraping (82/150): https://24.kg/kyrgyzcha/366107_stambulda_kyirgyiz_kino_kundoru_otot/
2026-05-05 13:54:11,002 [master] INFO   ✓ Стамбулда Кыргыз кино күндөрү өтөт
2026-05-05 13:54:13,503 [master] INFO Scraping (83/150): https://24.kg/kyrgyzcha/365748_bugun_bishkek_shaardyik_teatryi_oturguchtar_spektaklin_tartuulayt/
2026-05-05 13:54:15,504 [master] INFO   ✓ Бүгүн Бишкек шаардык театры «Отургучтар» спектаклин тартуулайт
2026-05-05 13:54:18,005 [master] INFO Scraping (84/150): https://24.kg/kyrgyzcha/368777_1-klasska_elektronduk_kattoo_eki_kundo_29minge_jakyin_bala_kattaldyi/
2026-05-05 13:54:18,546 [master] INFO   ✓ 1-класска электрондук каттоо: Эки күндө 29 миңге жакын бала катталды
2026-05-05 13:54:21,055 [master] INFO Scraping (85/150): https://24.kg/kyrgyzcha/364551_kyirgyizstanda_kurulush_tarmagyindagyi_idp_4385_milliard_somdu_tuzdu/
2026-05-05 13:54:22,577 [master] INFO   ✓ Кыргызстанда курулуш тармагындагы ИДП 438,5 миллиард сомду түздү
2026-05-05 13:54:25,079 [master] INFO Scraping (86/150): https://24.kg/kyrgyzcha/364822_dem_alyish_kundoru_bishkekte_azyik-tuluk_jarmankesi_otot/
2026-05-05 13:54:27,051 [master] INFO   ✗ Skipped (no content or too short)
2026-05-05 13:54:29,555 [master] INFO Scraping (86/150): https://24.kg/kyrgyzcha/366472_bugun_jogorku_keneshte_janyi_deputattar_ant_berishti/
2026-05-05 13:54:33,394 [master] INFO   ✓ Бүгүн Жогорку Кеңеште жаңы депутаттар ант беришти
2026-05-05 13:54:35,905 [master] INFO Scraping (87/150): https://24.kg/kyrgyzcha/369351_8-aprelge_karata_aba_yirayyi/
2026-05-05 13:54:41,177 [master] INFO   ✓ 8-апрелге карата аба ырайы
2026-05-05 13:54:43,685 [master] INFO Scraping (88/150): https://24.kg/kyrgyzcha/367522_kyirgyizstanda_sonku_sutkada_20dan_ashyik_ort_kyirsyigyi_kattaldyi/
2026-05-05 13:54:46,010 [master] INFO   ✓ Кыргызстанда соңку суткада 20дан ашык өрт кырсыгы катталды
2026-05-05 13:54:48,513 [master] INFO Scraping (89/150): https://24.kg/kyrgyzcha/page_16/
2026-05-05 13:54:49,515 [master] INFO   ✗ Skipped (no content or too short)
2026-05-05 13:54:52,016 [master] INFO Scraping (89/150): https://24.kg/kyrgyzcha/365836_paydaluu_kenesh_uyulduk_telefondu_tuura_kubattoonun_joldoru/
2026-05-05 13:54:52,383 [master] INFO   ✓ Пайдалуу кеңеш: Уюлдук телефонду туура кубаттоонун жолдору
2026-05-05 13:54:54,884 [master] INFO Scraping (90/150): https://24.kg/kyrgyzcha/364640_okm_kyirgyizstanda_bir_katar_ashuularda_kar_kochku_korkunuchu_bar/
2026-05-05 13:54:55,316 [master] INFO   ✓ ӨКМ: Кыргызстанда бир катар ашууларда кар көчкү коркунучу бар
2026-05-05 13:54:57,817 [master] INFO Scraping (91/150): https://24.kg/kyrgyzcha/365106_kyirgyizstanda_akilbirstin_sanyi_550don_ashtyi/
2026-05-05 13:54:58,354 [master] INFO   ✗ Skipped (no content or too short)
2026-05-05 13:55:00,857 [master] INFO Scraping (91/150): https://24.kg/kyrgyzcha/368384_duyno_chempionatyi_2026_evropanyin_16komandasyi_tolugu_menen_jaryiyalandyi/
2026-05-05 13:55:01,207 [master] INFO   ✓ Дүйнө чемпионаты −2026: Европанын 16 командасы толугу менен жарыяланды
2026-05-05 13:55:03,711 [master] INFO Scraping (92/150): https://24.kg/kyrgyzcha/367395_izildoolor_ayaktadyi_barskoon-bedel_jolunda_tunnel_kazuu_ishteri_bashtaldyi/
2026-05-05 13:55:04,649 [master] INFO   ✓ Изилдөөлөр аяктады. Барскоон-Бедел жолунда туннель казуу иштери баштал
2026-05-05 13:55:07,159 [master] INFO Scraping (93/150): https://24.kg/kyrgyzcha/365573_iran_kurama_komandasyi_2026-jyilkyi_duyno_chempionatyina_katyishuudan_bash_tarttyi/
2026-05-05 13:55:07,512 [master] INFO   ✓ Иран курама командасы 2026-жылкы Дүйнө чемпионатына катышуудан баш тар
2026-05-05 13:55:10,017 [master] INFO Scraping (94/150): https://24.kg/kyrgyzcha/364759_UWW_ernazar_akmataliev_duynoluk_reytingde_ekinchi_orunga_kotoruldu/
2026-05-05 13:55:10,381 [master] INFO   ✓ UWW: Эрназар Акматалиев дүйнөлүк рейтингде экинчи орунга көтөрүлдү
2026-05-05 13:55:12,889 [master] INFO Scraping (95/150): https://24.kg/kyrgyzcha/365060_toodon_tash_kuladyi_naryin_shaaryindagyi_janyi-jol_jolu_jabyildyi/
2026-05-05 13:55:15,248 [master] INFO   ✓ Тоодон таш кулады. Нарын шаарындагы Жаңы-Жол жолу жабылды
2026-05-05 13:55:17,750 [master] INFO Scraping (96/150): https://24.kg/kyrgyzcha/364847_aydoochularga_eskertuu_bishkekti_jana_chuydu_koyuu_tuman_kaptayt/
2026-05-05 13:55:18,173 [master] INFO   ✓ Айдоочуларга эскертүү! Бишкекти жана Чүйдү коюу туман каптайт
2026-05-05 13:55:20,676 [master] INFO Scraping (97/150): https://24.kg/kyrgyzcha/364469_byiyyil_kadyir_tun_17-martka_karagan_tunu_belgilenet/
2026-05-05 13:55:21,824 [master] INFO   ✓ Быйыл Кадыр түн 17-мартка караган түнү белгиленет
2026-05-05 13:55:24,325 [master] INFO Scraping (98/150): https://24.kg/kyrgyzcha/page_14/
2026-05-05 13:55:25,149 [master] INFO   ✗ Skipped (no content or too short)
2026-05-05 13:55:27,650 [master] INFO Scraping (98/150): https://24.kg/kyrgyzcha/368567_kyirgyizstandyin_prokuraturasyi_10jetim_balanyin_ukuktaryin_korgodu/
2026-05-05 13:55:28,713 [master] INFO   ✗ Skipped (no content or too short)
2026-05-05 13:55:31,215 [master] INFO Scraping (98/150): https://24.kg/kyrgyzcha/372825_paydaluu_kenesh_kocho_tamaktaryi_emne_uchun_kooptuu_bolushu_mumkun/
2026-05-05 13:55:31,553 [master] INFO   ✓ Пайдалуу кеңеш: Көчө тамактары эмне үчүн кооптуу болушу мүмкүн?
2026-05-05 13:55:34,058 [master] INFO Scraping (99/150): https://24.kg/kyrgyzcha/370193_kyirgyizstan_jana_saud_arabiyanyin_tim_bashchyilaryi_jakyinkyi_chyigyishtagyi_abaldyi_talkuuladyi/
2026-05-05 13:55:34,491 [master] INFO   ✗ Skipped (no content or too short)
2026-05-05 13:55:36,992 [master] INFO Scraping (99/150): https://24.kg/kyrgyzcha/371007_bugun_bishkektin_ayryim_kocholorundo_suu_ochurulot/
2026-05-05 13:55:39,267 [master] INFO   ✓ Бүгүн Бишкектин айрым көчөлөрүндө суу өчүрүлөт
2026-05-05 13:55:41,778 [master] INFO Scraping (100/150): https://24.kg/kyrgyzcha/368123_bugun_bishkektin_7-aprel_kochosunun_bir_bolugu_ubaktyiluu_jabyilat/
2026-05-05 13:55:43,758 [master] INFO   ✓ Бүгүн Бишкектин 7-апрель көчөсүнүн бир бөлүгү убактылуу жабылат
2026-05-05 13:55:46,259 [master] INFO Scraping (101/150): https://24.kg/kyrgyzcha/368214_aziya_chempionatyi_2026_bugun_nursultan_asanakunov_ringge_chyigat/
2026-05-05 13:55:46,605 [master] INFO   ✓ Азия чемпионаты −2026: Бүгүн Нурсултан Асанакунов рингге чыгат
2026-05-05 13:55:49,106 [master] INFO Scraping (102/150): https://24.kg/kyrgyzcha/365477_sadyir_japarov_korruptsiyaga_karshyi_kuroshto_bir_tuuganyimdyi_daayabaym/
2026-05-05 13:55:49,498 [master] INFO   ✓ Садыр Жапаров: «Коррупцияга каршы күрөштө бир тууганымды да аябайм»
2026-05-05 13:55:51,999 [master] INFO Scraping (103/150): https://24.kg/kyrgyzcha/371254_bishkektegi_chyingyiz_aytmatovdun_uy-muzeyi_janyilanat/
2026-05-05 13:55:52,504 [master] INFO   ✗ Skipped (no content or too short)
2026-05-05 13:55:55,005 [master] INFO Scraping (103/150): https://24.kg/kyrgyzcha/370283_bshk_ulan_sarievdi_jogorku_keneshtin_deputatyi_dep_taanyidyi/
2026-05-05 13:55:55,438 [master] INFO   ✗ Skipped (no content or too short)
2026-05-05 13:55:57,940 [master] INFO Scraping (103/150): https://24.kg/kyrgyzcha/366820_bishkekte_ayt_namazyi_okuldu_eski_ayantka_30minden_ashyik_adam_keldi/
2026-05-05 13:55:59,479 [master] INFO   ✓ Бишкекте айт намазы окулду: Эски аянтка 30 миңден ашык адам келди
2026-05-05 13:56:01,980 [master] INFO Scraping (104/150): https://24.kg/kyrgyzcha/365530_12-martka_karata_aba_yirayyi/
2026-05-05 13:56:02,322 [master] INFO   ✓ 12-мартка карата аба ырайы
2026-05-05 13:56:04,823 [master] INFO Scraping (105/150): https://24.kg/kyrgyzcha/370797_kyirgyizstanda_jumushsuzduktun_jalpyi_dengeeli_37_payyizdyi_tuzot/
2026-05-05 13:56:06,463 [master] INFO   ✓ Кыргызстанда жумушсуздуктун жалпы деңгээли 3,7 пайызды түзөт
2026-05-05 13:56:08,965 [master] INFO Scraping (106/150): https://24.kg/kyrgyzcha/367983_kazakstandan_kelgen_25tonna_piyaz_kayra_kaytaryildyi_sebebi/
2026-05-05 13:56:09,354 [master] INFO   ✓ Казакстандан келген 25 тонна пияз кайра кайтарылды. Себеби
2026-05-05 13:56:11,858 [master] INFO Scraping (107/150): https://24.kg/kyrgyzcha/370822_elaralyik_turistterdi_tashyigan_poezd_balyikchyidan_bishkekke_keldi/
2026-05-05 13:56:13,141 [master] INFO   ✓ Эл аралык туристтерди ташыган поезд Балыкчыдан Бишкекке келди
2026-05-05 13:56:15,652 [master] INFO Scraping (108/150): https://24.kg/kyrgyzcha/365171_10-martka_karata_aba_yirayyi/
2026-05-05 13:56:16,000 [master] INFO   ✓ 10-мартка карата аба ырайы
2026-05-05 13:56:18,501 [master] INFO Scraping (109/150): https://24.kg/kyrgyzcha/372155_bugun_togo_ministrler_keneshinin_toragasyi_kyirgyizstanga_ishsaparyi_menen_kelet/
2026-05-05 13:56:19,040 [master] INFO   ✓ Бүгүн Того министрлер кеңешинин төрагасы Кыргызстанга иш сапары менен 
2026-05-05 13:56:21,543 [master] INFO Scraping (110/150): https://24.kg/kyrgyzcha/369452_ayyil_charba_ministrligine_63ton_ashyik_atayyin_tehnika_tapshyiryildyi/
2026-05-05 13:56:21,933 [master] INFO   ✓ Айыл чарба министрлигине 63төн ашык атайын техника тапшырылды
2026-05-05 13:56:24,435 [master] INFO Scraping (111/150): https://24.kg/kyrgyzcha/371772_bishkek_naryin_torugart_unaa_jolunda_tashtar_tushurulup_kattamga_chektoo_kiret/
2026-05-05 13:56:26,566 [master] INFO   ✓ Бишкек — Нарын — Торугарт унаа жолунда таштар түшүрүлүп, каттамга чект
2026-05-05 13:56:29,066 [master] INFO Scraping (112/150): https://24.kg/kyrgyzcha/372413_mayram_kundoruno_karata_bishkek_avtobeketinde_kattamdardyin_sanyi_koboyot/
2026-05-05 13:56:29,900 [master] INFO   ✗ Skipped (no content or too short)
2026-05-05 13:56:32,401 [master] INFO Scraping (112/150): https://24.kg/kyrgyzcha/368165_uluttuk_bankyi_jyil_bashyinan_beri_valyuta_ryinoguna_beshinchi_jolu_interventsiya_jasadyi/
2026-05-05 13:56:32,855 [master] INFO   ✓ Улуттук банкы жыл башынан бери валюта рыногуна бешинчи жолу интервенци
2026-05-05 13:56:35,369 [master] INFO Scraping (113/150): https://24.kg/kyrgyzcha/368126_kitep_kunu_bishkekte_okuu_dekadasyi_otot/
2026-05-05 13:56:36,059 [master] INFO   ✓ Китеп күнү: Бишкекте окуу декадасы өтөт
2026-05-05 13:56:38,559 [master] INFO Scraping (114/150): https://24.kg/kyrgyzcha/365792_oshto_korktonduruu_jana_tazaloo_ishembilikteri_kuchotulot/
2026-05-05 13:56:40,194 [master] INFO   ✓ Ошто көрктөндүрүү жана тазалоо ишембиликтери күчөтүлөт
2026-05-05 13:56:42,696 [master] INFO Scraping (115/150): https://24.kg/kyrgyzcha/page_15/
2026-05-05 13:56:43,358 [master] INFO   ✗ Skipped (no content or too short)
2026-05-05 13:56:45,859 [master] INFO Scraping (115/150): https://24.kg/kyrgyzcha/369778_ukrainadagyi_kyirdaal_putin_pasha_mayramyina_karata_eldeshuu_jaryiyaladyi/
2026-05-05 13:56:47,751 [master] INFO   ✓ Украинадагы кырдаал. Путин Пасха майрамына карата элдешүү жарыялады
2026-05-05 13:56:50,252 [master] INFO Scraping (116/150): https://24.kg/kyrgyzcha/page_12/
2026-05-05 13:56:50,962 [master] INFO   ✗ Skipped (no content or too short)
2026-05-05 13:56:53,466 [master] INFO Scraping (116/150): https://24.kg/kyrgyzcha/372587_jenish_kunu_kyirgyizstanda_georgiy_tasmasyi_onoktugu_bashtaldyi/
2026-05-05 13:56:55,140 [master] INFO   ✗ Skipped (no content or too short)
2026-05-05 13:56:57,645 [master] INFO Scraping (116/150): https://24.kg/kyrgyzcha/368779_jazuuchu_kasyim_kaimovdun_100_jyildyigyina_karata_eskeruu_ish-charasyi_otot/
2026-05-05 13:56:57,937 [master] INFO   ✓ Жазуучу Касым Каимовдун 100 жылдыгына карата эскерүү иш-чарасы өтөт
2026-05-05 13:57:00,452 [master] INFO Scraping (117/150): https://24.kg/kyrgyzcha/365021_irandyin_janyi_jogorku_lideri_shaylandyi_altuuraluu_emne_belgiluu/
2026-05-05 13:57:00,896 [master] INFO   ✗ Skipped (no content or too short)
2026-05-05 13:57:03,402 [master] INFO Scraping (117/150): https://24.kg/kyrgyzcha/372051_kyirgyizstanda_sotsialdyik_kyizmatkerlerdin_aylyigyi_jogoruladyi/
2026-05-05 13:57:03,858 [master] INFO   ✓ Кыргызстанда социалдык кызматкерлердин айлыгы жогорулады
2026-05-05 13:57:06,360 [master] INFO Scraping (118/150): https://24.kg/kyrgyzcha/369263_ata-beyitte_aprel_okuyalaryinda_kurman_bolgondor_eskerildi/
2026-05-05 13:57:08,465 [master] INFO   ✓ «Ата-Бейитте» Апрель окуяларында курман болгондор эскерилди
2026-05-05 13:57:10,974 [master] INFO Scraping (119/150): https://24.kg/kyrgyzcha/368326_kyirgyiz_drama_teatryinyin_aprel_ayyindagyi_repertuaryi/
2026-05-05 13:57:12,933 [master] INFO   ✗ Skipped (no content or too short)
2026-05-05 13:57:15,436 [master] INFO Scraping (119/150): https://24.kg/kyrgyzcha/366670_iim_mayramda_arkanday_provokatsiyalar_myiyzam_buzuularga_ubagyinda_bogot_koyulat/
2026-05-05 13:57:16,002 [master] INFO   ✗ Skipped (no content or too short)
2026-05-05 13:57:18,504 [master] INFO Scraping (119/150): https://24.kg/kyrgyzcha/371604_jogorku_keneshte_zamanbap_koomduk_kabyil_aluu_bolumu_ishke_kirdi/
2026-05-05 13:57:18,895 [master] INFO   ✓ Жогорку Кеңеште заманбап коомдук кабыл алуу бөлүмү ишке кирди
2026-05-05 13:57:21,395 [master] INFO Scraping (120/150): https://24.kg/kyrgyzcha/371456_kalktyi_teyloo_borborloru_aldyidagyi_mayram_kundoru_daishteyt/
2026-05-05 13:57:23,563 [master] INFO   ✓ Калкты тейлөө борборлору алдыдагы майрам күндөрү да иштейт
2026-05-05 13:57:26,064 [master] INFO Scraping (121/150): https://24.kg/kyrgyzcha/370289_prezident_kara-kuljada_kalktyi_teyloo_boyuna_madaniy_borbordu_achtyi/
2026-05-05 13:57:26,473 [master] INFO   ✓ Президент Кара-Кулжада Калкты тейлөө боюна маданий борборду ачты
2026-05-05 13:57:28,974 [master] INFO Scraping (122/150): https://24.kg/kyrgyzcha/371391_jogorku_keneshte_janyi_deputat_ant_berdi/
2026-05-05 13:57:29,340 [master] INFO   ✓ Жогорку Кеңеште жаңы депутат ант берди
2026-05-05 13:57:31,847 [master] INFO Scraping (123/150): https://24.kg/kyrgyzcha/366682_bulak_akyisyiz_mobildik_tirkemesi_jrtga_dayardanuuga_jardam_beret/
2026-05-05 13:57:32,787 [master] INFO   ✓ «Булак» акысыз мобилдик тиркемеси ЖРТга даярданууга жардам берет
2026-05-05 13:57:35,299 [master] INFO Scraping (124/150): https://24.kg/kyrgyzcha/367066_mahabat_tajibek_kyizyinyin_sotu_7-aprelde_ulanat/
2026-05-05 13:57:37,443 [master] INFO   ✓ Махабат Тажибек кызынын соту 7-апрелде уланат
2026-05-05 13:57:39,944 [master] INFO Scraping (125/150): https://24.kg/kyrgyzcha/369609_bishkektegi_korustondorgo_videobaykoo_kameralaryi_ornotulat/
2026-05-05 13:57:41,637 [master] INFO   ✓ Бишкектеги көрүстөндөргө видеобайкоо камералары орнотулат
2026-05-05 13:57:44,138 [master] INFO Scraping (126/150): https://24.kg/kyrgyzcha/370079_kubanyichbek_atajanov_jkkudagyi_kyirgyizstandyin_okulu_kyizmatyinan_boshotuldu/
2026-05-05 13:57:44,672 [master] INFO   ✓ Кубанычбек Атажанов ЖККУдагы Кыргызстандын өкүлү кызматынан бошотулду
2026-05-05 13:57:47,183 [master] INFO Scraping (127/150): https://24.kg/kyrgyzcha/366798_nooruz_2026_bugun_manas_teatryinda_mayramdyik_saltanat_otot/
2026-05-05 13:57:47,869 [master] INFO   ✓ Нооруз −2026: Бүгүн Манас театрында майрамдык салтанат өтөт
2026-05-05 13:57:50,372 [master] INFO Scraping (128/150): https://24.kg/kyrgyzcha/366961_bugun_kyirgyizstanga_chernogoriyanyin_tyishkyi_ishter_ministri_kelet/
2026-05-05 13:57:50,806 [master] INFO   ✗ Skipped (no content or too short)
2026-05-05 13:57:53,307 [master] INFO Scraping (128/150): https://24.kg/kyrgyzcha/366796_24kg_kyirgyizstandyiktardyi_orozo_ayt_mayramyi_menen_kuttuktayt/
2026-05-05 13:57:55,347 [master] INFO   ✗ Skipped (no content or too short)
2026-05-05 13:57:57,847 [master] INFO Scraping (128/150): https://24.kg/kyrgyzcha/365038_bugunku_dollardyin_kursu/
2026-05-05 13:57:58,199 [master] INFO   ✓ Бүгүнкү доллардын курсу
2026-05-05 13:58:00,700 [master] INFO Scraping (129/150): https://24.kg/kyrgyzcha/369010_munarbek_seyitbek_uulu_turkiyada_otkon_elaralyik_turnirde_jenuuchusu_boldu/
2026-05-05 13:58:01,129 [master] INFO   ✓ Мунарбек Сейитбек уулу Түркияда өткөн эл аралык турнирде жеңүүчүсү бол
2026-05-05 13:58:03,631 [master] INFO Scraping (130/150): https://24.kg/kyrgyzcha/372328_aylyikka_koshumcha_5min_som_prezidenttin_atyinan_kimder_tolom_alat/
2026-05-05 13:58:04,190 [master] INFO   ✓ Айлыкка кошумча 5 миң сом: Президенттин атынан кимдер төлөм алат?
2026-05-05 13:58:06,693 [master] INFO Scraping (131/150): https://24.kg/kyrgyzcha/371185_bishkekte_128_adamdyi_kene_chaktyi/
2026-05-05 13:58:08,586 [master] INFO   ✓ Бишкекте 128 адамды кене чакты
2026-05-05 13:58:11,100 [master] INFO Scraping (132/150): https://24.kg/kyrgyzcha/368416_jknyin_deputatyi_aydoochuluk_kuboluktu_akyisyiz_almashtyiruu_moonotun_uzartuunu_surandyi/
2026-05-05 13:58:11,745 [master] INFO   ✓ ЖКнын депутаты айдоочулук күбөлүктү акысыз алмаштыруу мөөнөтүн узартуу
2026-05-05 13:58:14,252 [master] INFO Scraping (133/150): https://24.kg/kyrgyzcha/369130_aziya_chempionatyi_jaryim_finalga_kimder_chyiktyi/
2026-05-05 13:58:14,609 [master] INFO   ✓ Азия чемпионаты: Жарым финалга кимдер чыкты?
2026-05-05 13:58:17,111 [master] INFO Scraping (134/150): https://24.kg/kyrgyzcha/365299_alamudun_rayonundagyi_jer_tilkesi_mamleketke_kaytaryildyi/
2026-05-05 13:58:17,542 [master] INFO   ✓ Аламүдүн районундагы жер тилкеси мамлекетке кайтарылды
2026-05-05 13:58:20,044 [master] INFO Scraping (135/150): https://24.kg/kyrgyzcha/369125_bishkek-kant-tokmok_unaa_jolunun_bir_bolugun_keneytuu_ishter_kachan_butot/
2026-05-05 13:58:21,665 [master] INFO   ✓ Бишкек-Кант-Токмок унаа жолунун бир бөлүгүн кеңейтүү: Иштер качан бүтө
2026-05-05 13:58:24,181 [master] INFO Scraping (136/150): https://24.kg/kyrgyzcha/365274_orozo_2026_yiyyik_ramazandyin_akyirkyi_10kundugu_bashtaldyi/
2026-05-05 13:58:24,583 [master] INFO   ✓ Орозо −2026: Ыйык Рамазандын акыркы 10 күндүгү башталды
2026-05-05 13:58:27,085 [master] INFO Scraping (137/150): https://24.kg/kyrgyzcha/372549_batkende_oruk_byishyip_algachkyi_tushum_jyiynala_bashtadyi/
2026-05-05 13:58:29,168 [master] INFO   ✓ Баткенде өрүк бышып, алгачкы түшүм жыйнала баштады
2026-05-05 13:58:31,670 [master] INFO Scraping (138/150): https://24.kg/kyrgyzcha/369891_oshtogu_ak-buura_daryiyasyinan_323_min_tonnadan_ashyik_tashtandyi_chyigaryildyi/
2026-05-05 13:58:32,134 [master] INFO   ✓ Оштогу Ак-Буура дарыясынан 323 миң тоннадан ашык таштанды чыгарылды
2026-05-05 13:58:34,638 [master] INFO Scraping (139/150): https://24.kg/kyrgyzcha/368518_akilbirs_VIduynoluk_kochmondor_oyundaryinyin_tumaryi_bolup_tandaldyi/
2026-05-05 13:58:34,977 [master] INFO   ✓ Ак илбирс VI Дүйнөлүк көчмөндөр оюндарынын тумары болуп тандалды
2026-05-05 13:58:37,487 [master] INFO Scraping (140/150): https://24.kg/kyrgyzcha/365229_kyirgyizstanda_3ballga_jetken_jer_titiroo_kattaldyi/
2026-05-05 13:58:37,997 [master] INFO   ✓ Кыргызстанда 3 баллга жеткен жер титирөө катталды
2026-05-05 13:58:40,500 [master] INFO Scraping (141/150): https://24.kg/kyrgyzcha/372895_bugunku_dollardyin_kursu/
2026-05-05 13:58:40,897 [master] INFO   ✓ Бүгүнкү доллардын курсу
2026-05-05 13:58:43,400 [master] INFO Scraping (142/150): https://24.kg/kyrgyzcha/371632_kyitaydyin_korgoo_ministri_dun_tszyun_rasmiy_sapar_menen_kyirgyizstanga_kelet/
2026-05-05 13:58:44,253 [master] INFO   ✗ Skipped (no content or too short)
2026-05-05 13:58:46,754 [master] INFO Scraping (142/150): https://24.kg/kyrgyzcha/372652_bugunku_dollardyin_kursu/
2026-05-05 13:58:47,188 [master] INFO   ✓ Бүгүнкү доллардын курсу
2026-05-05 13:58:49,689 [master] INFO Scraping (143/150): https://24.kg/kyrgyzcha/371955_bugun_kyirgyizstanda_kuchu_35_ballga_jetken_jer_titiroo_kattaldyi/
2026-05-05 13:58:50,256 [master] INFO   ✓ Бүгүн Кыргызстанда күчү 3,5 баллга жеткен жер титирөө катталды
2026-05-05 13:58:52,757 [master] INFO Scraping (144/150): https://24.kg/kyrgyzcha/365652_paydaluu_kenesh_limondordu_kantip_tuura_saktoo_kerek/
2026-05-05 13:58:53,222 [master] INFO   ✓ Пайдалуу кеңеш: Лимондорду кантип туура сактоо керек?
2026-05-05 13:58:55,724 [master] INFO Scraping (145/150): https://24.kg/kyrgyzcha/372662_manas_shaaryinda_katuu_jaagan_jamgyirdan_kiyin_turak_jaylardyi_suu_kaptadyi/
2026-05-05 13:58:57,259 [master] INFO   ✓ Манас шаарында катуу жааган жамгырдан кийин турак жайларды суу каптады
2026-05-05 13:58:59,761 [master] INFO Scraping (146/150): https://24.kg/kyrgyzcha/372877_chempiondor_ligasyi_bugun_jaryim_finalda_atletiko_menen_arsenal_betteshet/
2026-05-05 13:59:00,183 [master] INFO   ✓ Чемпиондор лигасы: Бүгүн жарым финалда «Атлетико» менен «Арсенал» бетт
2026-05-05 13:59:02,684 [master] INFO Scraping (147/150): https://24.kg/kyrgyzcha/364414_umut_bugun_bishkekte_XIIIel_aralyik_jashtardyin_kino_forumu_bashtalat/
2026-05-05 13:59:03,139 [master] INFO   ✗ Skipped (no content or too short)
2026-05-05 13:59:05,641 [master] INFO Scraping (147/150): https://24.kg/kyrgyzcha/371345_jalpyi_respublikalyik_testirloogo_61min_412_adam_kattaldyi/
2026-05-05 13:59:06,166 [master] INFO   ✓ Жалпы республикалык тестирлөөгө 61 миң 412 адам катталды
2026-05-05 13:59:08,668 [master] INFO Scraping (148/150): https://24.kg/kyrgyzcha/372132_bugun_bishkektin_bir_bolugundo_suu_ochurulot/
2026-05-05 13:59:09,151 [master] INFO   ✗ Skipped (no content or too short)
2026-05-05 13:59:11,654 [master] INFO Scraping (148/150): https://24.kg/kyrgyzcha/370023_UWW_reytingi_kyirgyizstandyik_balban_razzak_beyshekeev_aldyinkyi_beshtikke_kirdi/
2026-05-05 13:59:12,083 [master] INFO   ✓ UWW рейтинги: Кыргызстандык балбан Раззак Бейшекеев алдыңкы бештикке к
2026-05-05 13:59:14,587 [master] INFO Scraping (149/150): https://24.kg/kyrgyzcha/364409_kyirgyizstan_orusiyaga_janyi_unaalardyi_eksporttoo_boyuncha_aldyinkyi_orunda_turat/
2026-05-05 13:59:15,009 [master] INFO   ✓ Кыргызстан Орусияга жаңы унааларды экспорттоо боюнча алдыңкы орунда ту
2026-05-05 13:59:17,511 [master] INFO Scraping (150/150): https://24.kg/kyrgyzcha/371943_kyirgyizstandyik_sportchu_erlan_sultangaziev_aziya_chempionatyinda_kumush_medal_uttu/
2026-05-05 13:59:17,972 [master] INFO   ✓ Кыргызстандык спортчу Эрлан Султангазиев Азия чемпионатында күмүш меда
2026-05-05 13:59:20,488 [master] INFO 
Saved 150 articles → 24kg_kyrgyz_data.csv
2026-05-05 13:59:20,502 [master] INFO   24kg: 150 rows (label=0)
2026-05-05 13:59:20,510 [master] INFO Running scraper: scraper_azattyk
2026-05-05 13:59:20,510 [master] INFO ============================================================
2026-05-05 13:59:20,510 [master] INFO AZATTYK.ORG KYRGYZ SCRAPER
2026-05-05 13:59:20,510 [master] INFO ============================================================
2026-05-05 13:59:20,511 [master] INFO Fetching listing page 0: https://www.azattyk.org/news?p=0
2026-05-05 13:59:21,383 [master] INFO   → Found 12 new links (total: 12)
2026-05-05 13:59:22,885 [master] INFO Fetching listing page 1: https://www.azattyk.org/news?p=1
2026-05-05 13:59:23,449 [master] INFO   → Found 12 new links (total: 24)
2026-05-05 13:59:24,951 [master] INFO Fetching listing page 2: https://www.azattyk.org/news?p=2
2026-05-05 13:59:25,596 [master] INFO   → Found 10 new links (total: 34)
2026-05-05 13:59:27,098 [master] INFO Fetching listing page 3: https://www.azattyk.org/news?p=3
2026-05-05 13:59:27,990 [master] INFO   → Found 12 new links (total: 46)
2026-05-05 13:59:29,492 [master] INFO Fetching listing page 4: https://www.azattyk.org/news?p=4
2026-05-05 13:59:30,239 [master] INFO   → Found 12 new links (total: 58)
2026-05-05 13:59:31,742 [master] INFO Fetching listing page 5: https://www.azattyk.org/news?p=5
2026-05-05 13:59:32,626 [master] INFO   → Found 12 new links (total: 70)
2026-05-05 13:59:34,127 [master] INFO Fetching listing page 6: https://www.azattyk.org/news?p=6
2026-05-05 13:59:34,934 [master] INFO   → Found 12 new links (total: 82)
2026-05-05 13:59:36,434 [master] INFO Fetching listing page 7: https://www.azattyk.org/news?p=7
2026-05-05 13:59:37,355 [master] INFO   → Found 12 new links (total: 94)
2026-05-05 13:59:38,857 [master] INFO Fetching listing page 8: https://www.azattyk.org/news?p=8
2026-05-05 13:59:39,690 [master] INFO   → Found 12 new links (total: 106)
2026-05-05 13:59:41,192 [master] INFO Fetching listing page 9: https://www.azattyk.org/news?p=9
2026-05-05 13:59:42,023 [master] INFO   → Found 12 new links (total: 118)
2026-05-05 13:59:43,525 [master] INFO Fetching listing page 10: https://www.azattyk.org/news?p=10
2026-05-05 13:59:44,389 [master] INFO   → Found 12 new links (total: 130)
2026-05-05 13:59:45,890 [master] INFO Fetching listing page 11: https://www.azattyk.org/news?p=11
2026-05-05 13:59:46,692 [master] INFO   → Found 12 new links (total: 142)
2026-05-05 13:59:48,193 [master] INFO Fetching listing page 12: https://www.azattyk.org/news?p=12
2026-05-05 13:59:48,968 [master] INFO   → Found 12 new links (total: 154)
2026-05-05 13:59:50,470 [master] INFO Fetching listing page 13: https://www.azattyk.org/news?p=13
2026-05-05 13:59:51,252 [master] INFO   → Found 12 new links (total: 166)
2026-05-05 13:59:52,754 [master] INFO Fetching listing page 14: https://www.azattyk.org/news?p=14
2026-05-05 13:59:53,554 [master] INFO   → Found 12 new links (total: 178)
2026-05-05 13:59:55,056 [master] INFO Fetching listing page 15: https://www.azattyk.org/news?p=15
2026-05-05 13:59:55,923 [master] INFO   → Found 12 new links (total: 190)
2026-05-05 13:59:57,432 [master] INFO Fetching listing page 16: https://www.azattyk.org/news?p=16
2026-05-05 13:59:58,192 [master] INFO   → Found 12 new links (total: 202)
2026-05-05 13:59:59,704 [master] INFO Fetching listing page 17: https://www.azattyk.org/news?p=17
2026-05-05 14:00:00,937 [master] INFO   → Found 12 new links (total: 214)
2026-05-05 14:00:02,438 [master] INFO Fetching listing page 18: https://www.azattyk.org/news?p=18
2026-05-05 14:00:03,282 [master] INFO   → Found 12 new links (total: 226)
2026-05-05 14:00:04,783 [master] INFO Fetching listing page 19: https://www.azattyk.org/news?p=19
2026-05-05 14:00:05,569 [master] INFO   → Found 12 new links (total: 238)
2026-05-05 14:00:07,072 [master] INFO Total article links: 238
2026-05-05 14:00:07,072 [master] INFO Scraping (1/150): https://www.azattyk.org/a/33743403.html
2026-05-05 14:00:07,785 [master] INFO   ✓ Израилдин соккусунан Ливанда 14 киши мерт болду
2026-05-05 14:00:10,787 [master] INFO Scraping (2/150): https://www.azattyk.org/a/33744064.html
2026-05-05 14:00:11,785 [master] INFO   ✓ Трамп катышкан иш-чарада ок чыгарган адамга "президенттин өмүрүнө кол 
2026-05-05 14:00:14,786 [master] INFO Scraping (3/150): https://www.azattyk.org/a/33746072.html
2026-05-05 14:00:15,586 [master] INFO   ✓ Иш учурунда дарыгерлерди сабагандарга жазаны күчөтүү сунушталды
2026-05-05 14:00:18,590 [master] INFO Scraping (4/150): https://www.azattyk.org/a/33737891.html
2026-05-05 14:00:19,359 [master] INFO   ✓ "Кыргызиндустрия" мамлекеттик ишканасы Президенттин иш башкармасына өт
2026-05-05 14:00:22,365 [master] INFO Scraping (5/150): https://www.azattyk.org/a/33743500.html
2026-05-05 14:00:23,100 [master] INFO   ✓ Клара Сооронкулова мурдагы башкы прокурор Зулушевди сотко бере турганы
2026-05-05 14:00:26,115 [master] INFO Scraping (6/150): https://www.azattyk.org/a/33737759.html
2026-05-05 14:00:27,034 [master] INFO   ✓ Депутат Сурабалдиева 13 жаштагы кыз Дубайга сойкулукка тартылганын бил
2026-05-05 14:00:30,036 [master] INFO Scraping (7/150): https://www.azattyk.org/a/33742286.html
2026-05-05 14:00:30,770 [master] INFO   ✓ Борбор Азия аймагындагы суу-энергетика абалы талкууланды
2026-05-05 14:00:33,770 [master] INFO Scraping (8/150): https://www.azattyk.org/a/33740695.html
2026-05-05 14:00:34,526 [master] INFO   ✓ Көк бөрү федерациясынын мурдагы президенти Талас Бегалиев 14 жылга кес
2026-05-05 14:00:37,527 [master] INFO Scraping (9/150): https://www.azattyk.org/a/33738139.html
2026-05-05 14:00:38,233 [master] INFO   ✓ Италия Соловьевдун премьер  Мелониге акарат келтиргенине нааразылык би
2026-05-05 14:00:41,235 [master] INFO Scraping (10/150): https://www.azattyk.org/a/33743363.html
2026-05-05 14:00:41,929 [master] INFO   ✓ ИИМ коомдук жайларда кайыр сурагандар жоопко тартыларын билдирди
2026-05-05 14:00:44,933 [master] INFO Scraping (11/150): https://www.azattyk.org/a/33743206.html
2026-05-05 14:00:45,716 [master] INFO   ✓ Илим Карыпбековго Орусияга кирүүгө өмүр бою тыюу салынды
2026-05-05 14:00:48,718 [master] INFO Scraping (12/150): https://www.azattyk.org/a/33737748.html
2026-05-05 14:00:49,579 [master] INFO   ✓ Мамлекеттик сыйлыктардын түрү 46дан 22ге кыскарды
2026-05-05 14:00:52,592 [master] INFO Scraping (13/150): https://www.azattyk.org/a/33747532.html
2026-05-05 14:00:53,381 [master] INFO   ✓ Иран Пакистанга АКШ менен сүйлөшүүнүн жаңы планын сунуштады
2026-05-05 14:00:56,382 [master] INFO Scraping (14/150): https://www.azattyk.org/a/33742684.html
2026-05-05 14:00:57,081 [master] INFO   ✓ Бишкекте концерт учурунда бомба тууралуу жалган маалымат берген адам к
2026-05-05 14:01:00,092 [master] INFO Scraping (15/150): https://www.azattyk.org/a/33743223.html
2026-05-05 14:01:00,885 [master] INFO   ✓ Үлүш жери бар кош бойлуу аялдар жөлөк пул алышат
2026-05-05 14:01:03,887 [master] INFO Scraping (16/150): https://www.azattyk.org/a/33743226.html
2026-05-05 14:01:04,729 [master] INFO   ✓ Баткенде жубайлардын өлүмү боюнча кылмыш иши козголду
2026-05-05 14:01:07,731 [master] INFO Scraping (17/150): https://www.azattyk.org/a/33745314.html
2026-05-05 14:01:08,967 [master] INFO   ✓ Сөз эркиндиги боюнча жаңы рейтингде Кыргызстан эки баскычка ылдыйлады
2026-05-05 14:01:11,974 [master] INFO Scraping (18/150): https://www.azattyk.org/a/33737109.html
2026-05-05 14:01:12,813 [master] INFO   ✓ Даун синдрому бар балдардын ата-энелери коомчулуктан жардам сурады
2026-05-05 14:01:15,814 [master] INFO Scraping (19/150): https://www.azattyk.org/a/33738045.html
2026-05-05 14:01:16,614 [master] INFO   ✓ Сакчылар корпусу Ормузда эки кеме кармалганын билдирди
2026-05-05 14:01:19,615 [master] INFO Scraping (20/150): https://www.azattyk.org/a/33742679.html
2026-05-05 14:01:20,394 [master] INFO   ✓ Алайда күчү 3 баллдык жер титирөө катталды
2026-05-05 14:01:23,399 [master] INFO Scraping (21/150): https://www.azattyk.org/a/33745830.html
2026-05-05 14:01:24,138 [master] INFO   ✓ Былтыр ишкерлерди текшерген 247 кызмат адамы жоопко тартылды
2026-05-05 14:01:27,139 [master] INFO Scraping (22/150): https://www.azattyk.org/a/33740784.html
2026-05-05 14:01:27,919 [master] INFO   ✓ Тамчыда көл жээгине кум төгүлүп жатканы тууралуу видео боюнча түшүндүр
2026-05-05 14:01:30,920 [master] INFO Scraping (23/150): https://www.azattyk.org/a/33737989.html
2026-05-05 14:01:31,680 [master] INFO   ✓ Ысык-Көл милициясы Дубайда сойкулукка сатылган кыз боюнча маалымат бер
2026-05-05 14:01:34,682 [master] INFO Scraping (24/150): https://www.azattyk.org/a/33737030.html
2026-05-05 14:01:35,558 [master] INFO   ✓ Мамлекеттик ишканаларга электр транспорт жабдууларын сатып келүү жобол
2026-05-05 14:01:38,559 [master] INFO Scraping (25/150): https://www.azattyk.org/a/33744373.html
2026-05-05 14:01:39,319 [master] INFO   ✓ Түштүк Кореянын мурдагы биринчи айымынын өкүмү 4 жылга узартылды
2026-05-05 14:01:42,319 [master] INFO Scraping (26/150): https://www.azattyk.org/a/33737741.html
2026-05-05 14:01:43,453 [master] INFO   ✓ Депутат Өмүрзаков Кыргызстанга сапатсыз азыктар кирип жатканын айтты
2026-05-05 14:01:46,455 [master] INFO Scraping (27/150): https://www.azattyk.org/a/33737923.html
2026-05-05 14:01:47,177 [master] INFO   ✓ Садыр Жапаров Борбор Азия өлкөлөрүн суу маселесинде чогуу аракеттенүүг
2026-05-05 14:01:50,180 [master] INFO Scraping (28/150): https://www.azattyk.org/a/33736978.html
2026-05-05 14:01:50,981 [master] INFO   ✓ Amnesty International Кыргызстанда журналисттерге басым уланып жатканы
2026-05-05 14:01:53,997 [master] INFO Scraping (29/150): https://www.azattyk.org/a/33748946.html
2026-05-05 14:01:54,663 [master] INFO   ✓ Орус армиясынын аба соккусунан Харьковдо алты киши мүрт кетти
2026-05-05 14:01:57,679 [master] INFO Scraping (30/150): https://www.azattyk.org/a/33746875.html
2026-05-05 14:01:58,418 [master] INFO   ✓ Нөшөрлөп жааган жаандан улам Манас шаарында да сел жүрдү
2026-05-05 14:02:01,423 [master] INFO Scraping (31/150): https://www.azattyk.org/a/33744264.html
2026-05-05 14:02:02,150 [master] INFO   ✓ Туапседеги мунай иштетүүчү заводго үчүнчү жолу сокку урулду
2026-05-05 14:02:05,152 [master] INFO Scraping (32/150): https://www.azattyk.org/a/33750091.html
2026-05-05 14:02:05,983 [master] INFO   ✓ Бишкек–Ош жолу: Таш кулаган тилкени тазалоо иштери жүрүүдө
2026-05-05 14:02:08,983 [master] INFO Scraping (33/150): https://www.azattyk.org/a/33744209.html
2026-05-05 14:02:09,720 [master] INFO   ✓ Депутат Бекешев паспорт же башка документ алуу эселеп кымбаттаганын ай
2026-05-05 14:02:12,721 [master] INFO Scraping (34/150): https://www.azattyk.org/a/33748012.html
2026-05-05 14:02:13,603 [master] INFO   ✓ Путин Кыргыз-орус славян университетинин жаңы кампусун куруу келишимин
2026-05-05 14:02:16,613 [master] INFO Scraping (35/150): https://www.azattyk.org/a/33743370.html
2026-05-05 14:02:17,480 [master] INFO   ✓ Ирандын тышкы иштер министри Орусияга барды
2026-05-05 14:02:20,483 [master] INFO Scraping (36/150): https://www.azattyk.org/a/33740673.html
2026-05-05 14:02:21,194 [master] INFO   ✓ Аба ырайы: жаан жаайт
2026-05-05 14:02:24,200 [master] INFO Scraping (37/150): https://www.azattyk.org/a/33747603.html
2026-05-05 14:02:25,058 [master] INFO   ✓ АКШдан депортация болгон дагы 26 өзбек жараны мекенине кайтты
2026-05-05 14:02:28,060 [master] INFO Scraping (38/150): https://www.azattyk.org/a/33742794.html
2026-05-05 14:02:28,892 [master] INFO   ✓ Аба ырайы: айрым жерлерде өткүн өтөт
2026-05-05 14:02:31,905 [master] INFO Scraping (39/150): https://www.azattyk.org/a/33744444.html
2026-05-05 14:02:32,707 [master] INFO   ✓ Бириккен Араб Эмирликтери 1-майда ОПЕКтен чыгарын жарыялады
2026-05-05 14:02:35,709 [master] INFO Scraping (40/150): https://www.azattyk.org/a/33740707.html
2026-05-05 14:02:36,462 [master] INFO   ✓ Орусия Днепр жана Житомирге сокку урду, бир нече кишинин өмүрү кыйылды
2026-05-05 14:02:39,464 [master] INFO Scraping (41/150): https://www.azattyk.org/a/33743610.html
2026-05-05 14:02:40,262 [master] INFO   ✓ Мерц: Американын Иран боюнча так стратегиясы жок
2026-05-05 14:02:43,269 [master] INFO Scraping (42/150): https://www.azattyk.org/a/33738026.html
2026-05-05 14:02:43,994 [master] INFO   ✓ Еврошаркет Орусияга каршы санкциялардын 20-пакетин жактырды. Тизмеде К
2026-05-05 14:02:46,996 [master] INFO Scraping (43/150): https://www.azattyk.org/a/33744067.html
2026-05-05 14:02:47,728 [master] INFO   ✓ Орунбеков өкмөт BELES автобусун эмнеге сатып албай жатканын айтты
2026-05-05 14:02:50,730 [master] INFO Scraping (44/150): https://www.azattyk.org/a/33744099.html
2026-05-05 14:02:51,473 [master] INFO   ✓ Улуттук банк эсептик ченди 12% калтырып, азык-түлүк 10,8% өскөнүн билд
2026-05-05 14:02:54,475 [master] INFO Scraping (45/150): https://www.azattyk.org/a/33737760.html
2026-05-05 14:02:55,223 [master] INFO   ✓ УКМК жана ИИМ ортодо тиреш жок экенин, чогуу тазаланып жатканын билдир
2026-05-05 14:02:58,236 [master] INFO Scraping (46/150): https://www.azattyk.org/a/33748058.html
2026-05-05 14:02:58,967 [master] INFO   ✓ Орусиянын чабуулунан Одессада эки адам набыт болду
2026-05-05 14:03:01,974 [master] INFO Scraping (47/150): https://www.azattyk.org/a/33745026.html
2026-05-05 14:03:02,853 [master] INFO   ✓ Жапония өз кемеси Ормуз кысыгынан өткөнүн билдирди
2026-05-05 14:03:05,858 [master] INFO Scraping (48/150): https://www.azattyk.org/a/33744153.html
2026-05-05 14:03:06,585 [master] INFO   ✓ Кыргыз–кытай чек арасы убактылуу жабылат
2026-05-05 14:03:09,601 [master] INFO Scraping (49/150): https://www.azattyk.org/a/33743431.html
2026-05-05 14:03:10,296 [master] INFO   ✓ Одессада орус армиясынын соккуларынан 14 киши жабыркады
2026-05-05 14:03:13,299 [master] INFO Scraping (50/150): https://www.azattyk.org/a/33737782.html
2026-05-05 14:03:14,121 [master] INFO   ✓ Парламент өкмөт башчынын орун басарлыгына Маматкановдун талапкерлигин 
2026-05-05 14:03:17,131 [master] INFO Scraping (51/150): https://www.azattyk.org/a/33737003.html
2026-05-05 14:03:17,844 [master] INFO   ✓ ФБР башчысы Пател The Atlantic басылмасын сотко берди
2026-05-05 14:03:20,845 [master] INFO Scraping (52/150): https://www.azattyk.org/a/33748005.html
2026-05-05 14:03:21,536 [master] INFO   ✓ Баткендин сел жүргөн айылдарынан 149 адам эвакуация болду
2026-05-05 14:03:24,539 [master] INFO Scraping (53/150): https://www.azattyk.org/a/33749056.html
2026-05-05 14:03:25,343 [master] INFO   ✓ ЖМК: Путин айланасындагы адамдардан чочулоодо
2026-05-05 14:03:28,344 [master] INFO Scraping (54/150): https://www.azattyk.org/a/33740805.html
2026-05-05 14:03:29,088 [master] INFO   ✓ Гимн боюнча комиссия жаңыланды, аны мамкатчы Койчиев жетектейт
2026-05-05 14:03:32,094 [master] INFO Scraping (55/150): https://www.azattyk.org/a/33744901.html
2026-05-05 14:03:32,816 [master] INFO   ✓ ИИМ Бишкек электр тармактар ишканасынын директорун кармады
2026-05-05 14:03:35,818 [master] INFO Scraping (56/150): https://www.azattyk.org/a/33741428.html
2026-05-05 14:03:36,543 [master] INFO   ✓ Ливан менен Израил атышууну дагы үч аптага токтоткону жарыяланды
2026-05-05 14:03:39,544 [master] INFO Scraping (57/150): https://www.azattyk.org/a/33748665.html
2026-05-05 14:03:40,362 [master] INFO   ✓ Өкмөт "Бала ырысы" жөлөкпулу үчүн 3 млрд сомдон ашык каражат бөлөт
2026-05-05 14:03:43,364 [master] INFO Scraping (58/150): https://www.azattyk.org/a/33743212.html
2026-05-05 14:03:44,083 [master] INFO   ✓ Көк-бөрү федерациясынын президенти кызматтан кетүү боюнча арыз жазды
2026-05-05 14:03:47,085 [master] INFO Scraping (59/150): https://www.azattyk.org/a/33744091.html
2026-05-05 14:03:47,777 [master] INFO   ✓ Кыргызстанда ымыркай өлүмү боюнча көрсөткүч өсүүдө
2026-05-05 14:03:50,778 [master] INFO Scraping (60/150): https://www.azattyk.org/a/33741452.html
2026-05-05 14:03:51,504 [master] INFO   ✓ Орусия Украинанын эки аймагын ракета жана дрон менен аткылады
2026-05-05 14:03:54,506 [master] INFO Scraping (61/150): https://www.azattyk.org/a/33740763.html
2026-05-05 14:03:55,343 [master] INFO   ✓ Орусияда мунай заводдоруна  соккуда бир киши каза таап, өрт чыкты
2026-05-05 14:03:58,345 [master] INFO Scraping (62/150): https://www.azattyk.org/a/33748542.html
2026-05-05 14:03:59,093 [master] INFO   ✓ Трамп Ормузда калган бейтарап кемелерди "алып чыга баштаарын" айтты
2026-05-05 14:04:02,095 [master] INFO Scraping (63/150): https://www.azattyk.org/a/33743641.html
2026-05-05 14:04:02,905 [master] INFO   ✓ Малиде коргоо министри өлтүрүлдү, орус аскерлери Кидалдан чыгып кетти
2026-05-05 14:04:05,906 [master] INFO Scraping (64/150): https://www.azattyk.org/a/33748512.html
2026-05-05 14:04:07,085 [master] INFO   ✓ Зеленский "көмүскө флоттогу" эки орусиялык танкерге сокку урулганын би
2026-05-05 14:04:10,088 [master] INFO Scraping (65/150): https://www.azattyk.org/a/33744061.html
2026-05-05 14:04:10,997 [master] INFO   ✓ Бишкек Европа Биримдигинин санкциясын сынга алды
2026-05-05 14:04:13,998 [master] INFO Scraping (66/150): https://www.azattyk.org/a/33737035.html
2026-05-05 14:04:14,766 [master] INFO   ✓ Ак-Ордонун тургуну үйүн бузууга келген сот аткаруучулар алдында өз өмү
2026-05-05 14:04:17,780 [master] INFO Scraping (67/150): https://www.azattyk.org/a/33749647.html
2026-05-05 14:04:18,547 [master] INFO   ✓ Орусияда чет өлкөлүктөргө мамлекеттик төлөмдөрдү жогорулатуу сунушталд
2026-05-05 14:04:21,555 [master] INFO Scraping (68/150): https://www.azattyk.org/a/33742764.html
2026-05-05 14:04:22,282 [master] INFO   ✓ Бишкекте Чернобыл апаатынын 40 жылдыгы эскерилди
2026-05-05 14:04:25,293 [master] INFO Scraping (69/150): https://www.azattyk.org/a/33747521.html
2026-05-05 14:04:25,972 [master] INFO   ✓ Экс-депутат Сатыбалдиев коомдук жайда тамеки чеккени үчүн айыпка жыгыл
2026-05-05 14:04:28,974 [master] INFO Scraping (70/150): https://www.azattyk.org/a/33737829.html
2026-05-05 14:04:29,723 [master] INFO   ✓ Көмүр экспортун тыюу мөөнөтүн узартуу сунушталды
2026-05-05 14:04:32,732 [master] INFO Scraping (71/150): https://www.azattyk.org/a/33737219.html
2026-05-05 14:04:33,467 [master] INFO   ✓ Трамп Иран менен атышууну токтотуу келишимин узарткысы келбей турганын
2026-05-05 14:04:36,467 [master] INFO Scraping (72/150): https://www.azattyk.org/a/33745058.html
2026-05-05 14:04:37,172 [master] INFO   ✓ Ошто ыдыкка кабылган милициянын иши боюнча 8 кызматкер тартиптик жазаг
2026-05-05 14:04:40,187 [master] INFO Scraping (73/150): https://www.azattyk.org/a/33745900.html
2026-05-05 14:04:40,890 [master] INFO   ✓ Дрон соккусунан кийин Перм мунай станциясында жарылуу болду
2026-05-05 14:04:43,898 [master] INFO Scraping (74/150): https://www.azattyk.org/a/33737719.html
2026-05-05 14:04:44,643 [master] INFO   ✓ Жогорку Кеңеште Жээнчороев ант берип, депутаттык кызматка расмий кириш
2026-05-05 14:04:47,644 [master] INFO Scraping (75/150): https://www.azattyk.org/a/33743203.html
2026-05-05 14:04:48,534 [master] INFO   ✓ АКШ мамдепартаменти: Өзөктүк энергетика ишеничтүү колдо болушу керек
2026-05-05 14:04:51,535 [master] INFO Scraping (76/150): https://www.azattyk.org/a/33744097.html
2026-05-05 14:04:52,285 [master] INFO   ✓ Алайда сел жүрүп, 25 үйдү суу каптады
2026-05-05 14:04:55,287 [master] INFO Scraping (77/150): https://www.azattyk.org/a/33746084.html
2026-05-05 14:04:55,997 [master] INFO   ✓ Пезешкиан АКШнын деңиз курчоосу "ийгиликсиз болорун" билдирди
2026-05-05 14:04:59,002 [master] INFO Scraping (78/150): https://www.azattyk.org/a/33742177.html
2026-05-05 14:04:59,888 [master] INFO   ✓ CNN: Уиткофф жана Кушнер Иран менен сүйлөшүү үчүн Исламабадга жөнөдү
2026-05-05 14:05:02,896 [master] INFO Scraping (79/150): https://www.azattyk.org/a/33741459.html
2026-05-05 14:05:03,707 [master] INFO   ✓ Жеке ветеринарлар ассоциациясы эпизоотиялык абалга кооптонуусун билдир
2026-05-05 14:05:06,711 [master] INFO Scraping (80/150): https://www.azattyk.org/a/33743358.html
2026-05-05 14:05:07,568 [master] INFO   ✓ Кыргызстан быйыл коңшу өлкөлөрдөн 4 млрд кВт саат электр энергиясын са
2026-05-05 14:05:10,570 [master] INFO Scraping (81/150): https://www.azattyk.org/a/33746097.html
2026-05-05 14:05:11,543 [master] INFO   ✓ Орусияда Кыргызстандын үч жараны өрттөн каза болду
2026-05-05 14:05:14,544 [master] INFO Scraping (82/150): https://www.azattyk.org/a/33745194.html
2026-05-05 14:05:15,092 [master] INFO   ✓ "Проект": Кыргызстандагы А7 компаниясынын артында Абрамович турушу ыкт
2026-05-05 14:05:18,100 [master] INFO Scraping (83/150): https://www.azattyk.org/a/33745828.html
2026-05-05 14:05:18,837 [master] INFO   ✓ Трамп менен Путин Украина жана Иран маселелерин талкуулашты
2026-05-05 14:05:21,839 [master] INFO Scraping (84/150): https://www.azattyk.org/a/33744888.html
2026-05-05 14:05:22,687 [master] INFO   ✓ Камила Талиева үй-бүлөлүк зомбулукту алдын алууну күчөтүү керектигин а
2026-05-05 14:05:25,689 [master] INFO Scraping (85/150): https://www.azattyk.org/a/33747520.html
2026-05-05 14:05:26,458 [master] INFO   ✓ Окуу жайларда контрактты көтөрүүгө мораторий киргизилди
2026-05-05 14:05:29,461 [master] INFO Scraping (86/150): https://www.azattyk.org/a/33744194.html
2026-05-05 14:05:30,186 [master] INFO   ✓ Сүлүктүдө көмүр кенинде шахта урап, бир киши набыт болду
2026-05-05 14:05:33,202 [master] INFO Scraping (87/150): https://www.azattyk.org/a/33746009.html
2026-05-05 14:05:34,047 [master] INFO   ✓ Трамп Бириккен Араб Эмирлигинин ОПЕКтен чыгуу чечимин колдоду
2026-05-05 14:05:37,062 [master] INFO Scraping (88/150): https://www.azattyk.org/a/33744284.html
2026-05-05 14:05:37,783 [master] INFO   ✓ Кыргызстанда үч айда жол кырсыгынан 18 баланын өмүрү кыйылды
2026-05-05 14:05:40,784 [master] INFO Scraping (89/150): https://www.azattyk.org/a/33740832.html
2026-05-05 14:05:41,553 [master] INFO   ✓ Кремлдин өкүлү Москвада Путин менен Садыр Жапаров жолугарын билдирди
2026-05-05 14:05:44,555 [master] INFO Scraping (90/150): https://www.azattyk.org/a/33745067.html
2026-05-05 14:05:45,312 [master] INFO   ✓ Орусия Борбор Азияда бөтөн аскерлердин болушу кабыл алынгыс деп эсепте
2026-05-05 14:05:48,314 [master] INFO Scraping (91/150): https://www.azattyk.org/a/33743526.html
2026-05-05 14:05:49,062 [master] INFO   ✓ Казакстанда мыйзамсыз лотереяга айыпталган блогерлерге сот өкүмү чыкты
2026-05-05 14:05:52,064 [master] INFO Scraping (92/150): https://www.azattyk.org/a/33742222.html
2026-05-05 14:05:52,826 [master] INFO   ✓ Сурабалдиева Ташиевдин кетишин "мамлекеттик төңкөрүш" аракети менен ба
2026-05-05 14:05:55,828 [master] INFO Scraping (93/150): https://www.azattyk.org/a/33743300.html
2026-05-05 14:05:56,703 [master] INFO   ✓ Өкмөттө эл аралык санкцияларга байланыштуу кеңешме өттү
2026-05-05 14:05:59,706 [master] INFO Scraping (94/150): https://www.azattyk.org/a/33750077.html
2026-05-05 14:06:00,446 [master] INFO   ✓ Москва менен Санкт-Петербургда 9-майга чейин мобилдик интернет өчүрүлө
2026-05-05 14:06:03,447 [master] INFO Scraping (95/150): https://www.azattyk.org/a/33743240.html
2026-05-05 14:06:04,231 [master] INFO   ✓ Садыр Жапаров Ташиевдин “75чилерге” тиешеси бар-жогун тергөө аныктай т
2026-05-05 14:06:07,244 [master] INFO Scraping (96/150): https://www.azattyk.org/a/33740585.html
2026-05-05 14:06:08,025 [master] INFO   ✓ ЖК төрагасы мугалимдин маяна маселеси боюнча 300дөй кайрылуу түшкөнүн 
2026-05-05 14:06:11,026 [master] INFO Scraping (97/150): https://www.azattyk.org/a/33743502.html
2026-05-05 14:06:11,795 [master] INFO   ✓ Швейцария: Гүлнара Каримовага козголгон иш сотто карала баштады
2026-05-05 14:06:14,798 [master] INFO Scraping (98/150): https://www.azattyk.org/a/33742782.html
2026-05-05 14:06:15,511 [master] INFO   ✓ Бишкекте бир жашар баласын сабоого шектүү келин кармалды
2026-05-05 14:06:18,520 [master] INFO Scraping (99/150): https://www.azattyk.org/a/33736986.html
2026-05-05 14:06:19,392 [master] INFO   ✓ 22-апрелдин аба ырайы: Көпчүлүк аймактарда жаан жаайт
2026-05-05 14:06:22,394 [master] INFO Scraping (100/150): https://www.azattyk.org/a/33747536.html
2026-05-05 14:06:23,100 [master] INFO   ✓ Амангелдиев санкцияга тиешеси бар компаниялардын каттоосу жокко чыгары
2026-05-05 14:06:26,100 [master] INFO Scraping (101/150): https://www.azattyk.org/a/33744278.html
2026-05-05 14:06:26,843 [master] INFO   ✓ Иранда интернет өчүрүлгөнүнө 60 күн болду
2026-05-05 14:06:29,845 [master] INFO Scraping (102/150): https://www.azattyk.org/a/33743349.html
2026-05-05 14:06:30,597 [master] INFO   ✓ Касымалиев Кытайдын коргоо министри менен эки өлкө алакасын талкуулады
2026-05-05 14:06:33,599 [master] INFO Scraping (103/150): https://www.azattyk.org/a/33745422.html
2026-05-05 14:06:34,430 [master] INFO   ✓ БУУ: Жаңжал курчугандан бери Иранда кеминде 21 киши дарга асылды
2026-05-05 14:06:37,431 [master] INFO Scraping (104/150): https://www.azattyk.org/a/33740702.html
2026-05-05 14:06:38,190 [master] INFO   ✓ Ош облсоту: Сайпидинов камакта, иши келерки аптада каралат
2026-05-05 14:06:41,197 [master] INFO Scraping (105/150): https://www.azattyk.org/a/33747711.html
2026-05-05 14:06:42,007 [master] INFO   ✓ Баткен районунда селден улам өзгөчө кырдаал режими жарыяланды
2026-05-05 14:06:45,009 [master] INFO Scraping (106/150): https://www.azattyk.org/a/33745834.html
2026-05-05 14:06:45,751 [master] INFO   ✓ Израил Газага гумжардам ташып бараткан кемелерди кармады
2026-05-05 14:06:48,753 [master] INFO Scraping (107/150): https://www.azattyk.org/a/33737086.html
2026-05-05 14:06:49,472 [master] INFO   ✓ "Жалал-Абад" эл аралык финансы борборун түзүү мыйзам долбоору парламен
2026-05-05 14:06:52,488 [master] INFO Scraping (108/150): https://www.azattyk.org/a/33740556.html
2026-05-05 14:06:53,277 [master] INFO   ✓ АКШ Ирандан согушту токтотуу боюнча "бирдиктүү" сунуш күтүп жатканын б
2026-05-05 14:06:56,279 [master] INFO Scraping (109/150): https://www.azattyk.org/a/33745875.html
2026-05-05 14:06:57,011 [master] INFO   ✓ Одессада Орусиянын чабуулунан жабыркагандар саны 20га жетти
2026-05-05 14:07:00,012 [master] INFO Scraping (110/150): https://www.azattyk.org/a/33748547.html
2026-05-05 14:07:00,784 [master] INFO   ✓ Кинотеатрларда тыюу салынган "Өч 2"  тасмасын интернеттен көрсөтүүгө у
2026-05-05 14:07:03,788 [master] INFO Scraping (111/150): https://www.azattyk.org/a/33742265.html
2026-05-05 14:07:04,663 [master] INFO   ✓ Украин дрондору Екатеринбургга чабуул койду, жараат алгандар бар
2026-05-05 14:07:07,666 [master] INFO Scraping (112/150): https://www.azattyk.org/a/33746868.html
2026-05-05 14:07:08,424 [master] INFO   ✓ Украинада Одесса, Орусияда Туапсе кайрадан дрон чабуулуна кабылды
2026-05-05 14:07:11,426 [master] INFO Scraping (113/150): https://www.azattyk.org/a/33744082.html
2026-05-05 14:07:12,200 [master] INFO   ✓ Акыйкатчы: Алимент өндүрүү маселеси жапырт социалдык көйгөйгө айланууд
2026-05-05 14:07:15,203 [master] INFO Scraping (114/150): https://www.azattyk.org/a/33744268.html
2026-05-05 14:07:15,934 [master] INFO   ✓ Бишкек: Мэрия курган алгачкы көп кабаттуу унаа жай сынга алынууда
2026-05-05 14:07:18,934 [master] INFO Scraping (115/150): https://www.azattyk.org/a/33743265.html
2026-05-05 14:07:19,707 [master] INFO   ✓ Аба ырайы: Көпчүлүк аймактарда жаан жаайт
2026-05-05 14:07:22,708 [master] INFO Scraping (116/150): https://www.azattyk.org/a/33737947.html
2026-05-05 14:07:23,464 [master] INFO   ✓ Бишкекте чет элдик жаранды өлтүрүүгө шектүүлөр кармалды
2026-05-05 14:07:26,481 [master] INFO Scraping (117/150): https://www.azattyk.org/a/33744923.html
2026-05-05 14:07:27,387 [master] INFO   ✓ Украинада дрон соккусунан адам өмүрү кыйылды, жараат алгандар бар
2026-05-05 14:07:30,391 [master] INFO Scraping (118/150): https://www.azattyk.org/a/33750070.html
2026-05-05 14:07:31,220 [master] INFO   ✓ БАЭ Ирандын дрон жана ракета чабуулуна кабылганын кабарлады
2026-05-05 14:07:34,222 [master] INFO Scraping (119/150): https://www.azattyk.org/a/33741748.html
2026-05-05 14:07:35,922 [master] INFO   ✓ NYT: Можтаба Хаменеиге кеп бут салып, пластикалык операция жасоо керек
2026-05-05 14:07:38,923 [master] INFO Scraping (120/150): https://www.azattyk.org/a/33737038.html
2026-05-05 14:07:39,767 [master] INFO   ✓ Иран парламентинин төрагасы согушта Тегеран "жаңы карталарын" чыгарары
2026-05-05 14:07:42,767 [master] INFO Scraping (121/150): https://www.azattyk.org/a/33744425.html
2026-05-05 14:07:43,502 [master] INFO   ✓ Мунайдын баасы өсүп, баррели 111 долларга жетти
2026-05-05 14:07:46,504 [master] INFO Scraping (122/150): https://www.azattyk.org/a/33737808.html
2026-05-05 14:07:47,333 [master] INFO   ✓ 23-апрелдин аба ырайы: Жаан жаап, күн күркүрөйт
2026-05-05 14:07:50,335 [master] INFO Scraping (123/150): https://www.azattyk.org/a/33736964.html
2026-05-05 14:07:51,104 [master] INFO   ✓ Орусиянын "көзөмөл реестрине" кирген кыргыз жарандарынын саны 93 миңде
2026-05-05 14:07:54,111 [master] INFO Scraping (124/150): https://www.azattyk.org/a/33745836.html
2026-05-05 14:07:54,862 [master] INFO   ✓ Агартуу министрлиги мектеп окуучуларынын формасын өзгөртүүсүз калтырды
2026-05-05 14:07:57,872 [master] INFO Scraping (125/150): https://www.azattyk.org/a/33743296.html
2026-05-05 14:07:58,727 [master] INFO   ✓ "Түндүк" аркылуу 261 миң адам өзүнө насыя алууга тыюу салды
2026-05-05 14:08:01,729 [master] INFO Scraping (126/150): https://www.azattyk.org/a/33746870.html
2026-05-05 14:08:02,445 [master] INFO   ✓ Амангелдиев "Керемет Банк" АКШ менен Британиянын санкциясынан чыгышы ы
2026-05-05 14:08:05,448 [master] INFO Scraping (127/150): https://www.azattyk.org/a/33741780.html
2026-05-05 14:08:06,294 [master] INFO   ✓ Орусия менен Украина туткун  айырбаштады
2026-05-05 14:08:09,298 [master] INFO Scraping (128/150): https://www.azattyk.org/a/33741595.html
2026-05-05 14:08:10,121 [master] INFO   ✓ Кыргызстанда чет элдик студенттерди кабыл алуу борбору түзүлдү
2026-05-05 14:08:13,132 [master] INFO Scraping (129/150): https://www.azattyk.org/a/33741775.html
2026-05-05 14:08:13,928 [master] INFO   ✓ Тажикстандын үч банкы Евробиримдиктин санкциялык тизмесинен чыгарылды
2026-05-05 14:08:16,930 [master] INFO Scraping (130/150): https://www.azattyk.org/a/33737773.html
2026-05-05 14:08:17,673 [master] INFO   ✓ Самарада дрон чабуулунан кабат үйдүн кире бериши урап, 11 киши жараат 
2026-05-05 14:08:20,675 [master] INFO Scraping (131/150): https://www.azattyk.org/a/33746173.html
2026-05-05 14:08:21,385 [master] INFO   ✓ Хаменеи Иран Ормуз кысыгын коргой турганын билдирди
2026-05-05 14:08:24,387 [master] INFO Scraping (132/150): https://www.azattyk.org/a/33740597.html
2026-05-05 14:08:25,101 [master] INFO   ✓ Менчик мектептердин окутуу акысын тескөө сунушталды
2026-05-05 14:08:28,104 [master] INFO Scraping (133/150): https://www.azattyk.org/a/33737280.html
2026-05-05 14:08:28,814 [master] INFO   ✓ Сот аткаруу кызматы Ак-Ордодогу мыйзамсыз делген үйлөрдү бузуу боюнча 
2026-05-05 14:08:31,823 [master] INFO Scraping (134/150): https://www.azattyk.org/a/33743251.html
2026-05-05 14:08:32,659 [master] INFO   ✓ Президент Жапаров жакындары жеке бизнес менен гана алектенерин билдирд
2026-05-05 14:08:35,667 [master] INFO Scraping (135/150): https://www.azattyk.org/a/33746865.html
2026-05-05 14:08:36,806 [master] INFO   ✓ Кыргызстанда 1-майдан тартып электр энергиясы 27 тыйынга кымбаттады
2026-05-05 14:08:39,818 [master] INFO Scraping (136/150): https://www.azattyk.org/a/33743343.html
2026-05-05 14:08:40,578 [master] INFO   ✓ Элчи Эдил Байсалов президенттин эл аралык демилгелер боюнча атайын өкү
2026-05-05 14:08:43,594 [master] INFO Scraping (137/150): https://www.azattyk.org/a/33740651.html
2026-05-05 14:08:44,296 [master] INFO   ✓ Ош шаарында Oxford мектебин ачуу тууралуу сүйлөшүү жүрдү
2026-05-05 14:08:47,303 [master] INFO Scraping (138/150): https://www.azattyk.org/a/33747602.html
2026-05-05 14:08:48,104 [master] INFO   ✓ Польшада тыңчылыкка айыпталган казакстандык дипломат бошотулду
2026-05-05 14:08:51,110 [master] INFO Scraping (139/150): https://www.azattyk.org/a/33744318.html
2026-05-05 14:08:51,898 [master] INFO   ✓ Аракчи Орусияга “колдоо” жана “тилектештик” үчүн ыраазычылык айтты
2026-05-05 14:08:54,899 [master] INFO Scraping (140/150): https://www.azattyk.org/a/33742290.html
2026-05-05 14:08:55,661 [master] INFO   ✓ Баткен шаарына Алымкул аталыктын айкели тургузулат
2026-05-05 14:08:58,662 [master] INFO Scraping (141/150): https://www.azattyk.org/a/33737124.html
2026-05-05 14:08:59,585 [master] INFO   ✓ Гросси Иран боюнча келишим МАГАТЭнин катышуусунда түзүлүшү керек экени
2026-05-05 14:09:02,599 [master] INFO Scraping (142/150): https://www.azattyk.org/a/33748010.html
2026-05-05 14:09:03,343 [master] INFO   ✓ Иранда түрмөдө отурган Наргиз Мохаммади ооруканага которулду
2026-05-05 14:09:06,355 [master] INFO Scraping (143/150): https://www.azattyk.org/a/33745101.html
2026-05-05 14:09:07,108 [master] INFO   ✓ Перм крайында өнөр жай ишканасына сокку урулду
2026-05-05 14:09:10,110 [master] INFO Scraping (144/150): https://www.azattyk.org/a/33747007.html
2026-05-05 14:09:10,980 [master] INFO   ✓ 11-майдан тартып жергиликтүү бийлик эл менен жолугушууларды өткөрө баш
2026-05-05 14:09:13,981 [master] INFO Scraping (145/150): https://www.azattyk.org/a/33744200.html
2026-05-05 14:09:14,725 [master] INFO   ✓ Булак: Президент Трамп Ирандын соңку сунушуна канааттанган жок
2026-05-05 14:09:17,726 [master] INFO Scraping (146/150): https://www.azattyk.org/a/33748685.html
2026-05-05 14:09:18,460 [master] INFO   ✓ Өкмөттө жер-жерлердеги соңку сел кырсыктары талкууланды
2026-05-05 14:09:21,476 [master] INFO Scraping (147/150): https://www.azattyk.org/a/33748627.html
2026-05-05 14:09:22,204 [master] INFO   ✓ Москвада көп кабаттуу үйгө дрон тийди
2026-05-05 14:09:25,205 [master] INFO Scraping (148/150): https://www.azattyk.org/a/33749637.html
2026-05-05 14:09:25,790 [master] INFO   ✓ Ормуз кысыгындагы абал курч бойдон экени кабарланды
2026-05-05 14:09:28,791 [master] INFO Scraping (149/150): https://www.azattyk.org/a/33741535.html
2026-05-05 14:09:29,769 [master] INFO   ✓ Алайдагы ата-энелер менен мугалимдер жаңжалы боюнча маалымат берилди
2026-05-05 14:09:32,770 [master] INFO Scraping (150/150): https://www.azattyk.org/a/33737731.html
2026-05-05 14:09:33,682 [master] INFO   ✓ Мамлекеттик катчы Оштогу тергөө абагынын имаратын музейге айлантууну с
2026-05-05 14:09:36,689 [master] INFO 
Saved 150 articles → azattyk_kyrgyz_data.csv
2026-05-05 14:09:36,693 [master] INFO   azattyk: 150 rows (label=0)
2026-05-05 14:09:36,698 [master] INFO Running scraper: scraper_sputnik
2026-05-05 14:09:36,698 [master] INFO ============================================================
2026-05-05 14:09:36,699 [master] INFO SPUTNIK.KG KYRGYZ SCRAPER
2026-05-05 14:09:36,699 [master] INFO ============================================================
2026-05-05 14:09:36,700 [master] INFO Fetching page 1: https://sputnik.kg/news/?page=1
2026-05-05 14:09:37,650 [master] INFO   → 36 new links (total: 36)
2026-05-05 14:09:39,158 [master] INFO Fetching page 2: https://sputnik.kg/news/?page=2
2026-05-05 14:09:39,874 [master] INFO   → 0 new links (total: 36)
2026-05-05 14:09:41,375 [master] INFO Fetching page 3: https://sputnik.kg/news/?page=3
2026-05-05 14:09:42,048 [master] INFO   → 0 new links (total: 36)
2026-05-05 14:09:43,550 [master] INFO Fetching page 4: https://sputnik.kg/news/?page=4
2026-05-05 14:09:44,254 [master] INFO   → 0 new links (total: 36)
2026-05-05 14:09:45,755 [master] INFO Fetching page 5: https://sputnik.kg/news/?page=5
2026-05-05 14:09:46,460 [master] INFO   → 0 new links (total: 36)
2026-05-05 14:09:47,966 [master] INFO Fetching page 6: https://sputnik.kg/news/?page=6
2026-05-05 14:09:48,676 [master] INFO   → 0 new links (total: 36)
2026-05-05 14:09:50,178 [master] INFO Fetching page 7: https://sputnik.kg/news/?page=7
2026-05-05 14:09:50,845 [master] INFO   → 0 new links (total: 36)
2026-05-05 14:09:52,359 [master] INFO Fetching page 8: https://sputnik.kg/news/?page=8
2026-05-05 14:09:53,098 [master] INFO   → 0 new links (total: 36)
2026-05-05 14:09:54,600 [master] INFO Fetching page 9: https://sputnik.kg/news/?page=9
2026-05-05 14:09:55,233 [master] INFO   → 0 new links (total: 36)
2026-05-05 14:09:56,736 [master] INFO Fetching page 10: https://sputnik.kg/news/?page=10
2026-05-05 14:09:57,416 [master] INFO   → 0 new links (total: 36)
2026-05-05 14:09:58,918 [master] INFO Fetching page 11: https://sputnik.kg/news/?page=11
2026-05-05 14:09:59,654 [master] INFO   → 0 new links (total: 36)
2026-05-05 14:10:01,156 [master] INFO Fetching page 12: https://sputnik.kg/news/?page=12
2026-05-05 14:10:01,902 [master] INFO   → 0 new links (total: 36)
2026-05-05 14:10:03,403 [master] INFO Fetching page 13: https://sputnik.kg/news/?page=13
2026-05-05 14:10:04,050 [master] INFO   → 0 new links (total: 36)
2026-05-05 14:10:05,557 [master] INFO Fetching page 14: https://sputnik.kg/news/?page=14
2026-05-05 14:10:06,254 [master] INFO   → 0 new links (total: 36)
2026-05-05 14:10:07,759 [master] INFO Fetching page 15: https://sputnik.kg/news/?page=15
2026-05-05 14:10:08,494 [master] INFO   → 0 new links (total: 36)
2026-05-05 14:10:09,996 [master] INFO Total article links: 36
2026-05-05 14:10:09,996 [master] INFO Scraping (1/150): https://sputnik.kg/20260504/1101114442.html
2026-05-05 14:10:11,025 [master] INFO   ✓ Жаңылыктар. Чыгарылыш 11:00
2026-05-05 14:10:16,026 [master] INFO Scraping (2/150): https://sputnik.kg/20260421/1100906838.html
2026-05-05 14:10:17,032 [master] INFO   ✓ Баткенде "Айгүл гүлү" эл аралык фестивалы өтөт. Иш-чараны дүйнөлүк дең
2026-05-05 14:10:22,036 [master] INFO Scraping (3/150): https://sputnik.kg/20260505/1101125976.html
2026-05-05 14:10:23,078 [master] INFO   ✓ Жаңылыктар. Чыгарылыш 09:00
2026-05-05 14:10:28,080 [master] INFO Scraping (4/150): https://sputnik.kg/20250715/1095310801.html
2026-05-05 14:10:29,073 [master] INFO   ✗ Skipped (too short or no content)
2026-05-05 14:10:34,083 [master] INFO Scraping (4/150): https://sputnik.kg/20260505/1101128562.html
2026-05-05 14:10:35,108 [master] INFO   ✓ Ветеринардык дары каражаттары Россиядан келет — лабораториялардын абал
2026-05-05 14:10:40,108 [master] INFO Scraping (5/150): https://sputnik.kg/20260504/1101120910.html
2026-05-05 14:10:41,180 [master] INFO   ✗ Skipped (too short or no content)
2026-05-05 14:10:46,182 [master] INFO Scraping (5/150): https://sputnik.kg/20230201/1074546257.html
2026-05-05 14:10:47,235 [master] INFO   ✓ Cookie колдонуу жана автоматтык логирлөө саясаты
2026-05-05 14:10:52,246 [master] INFO Scraping (6/150): https://sputnik.kg/20260504/1101118860.html
2026-05-05 14:10:53,220 [master] INFO   ✓ Климакс: белгилери, кооптуулугу жана алдын алуу жолдору
2026-05-05 14:10:58,224 [master] INFO Scraping (7/150): https://sputnik.kg/20260505/kayguul-militsiyasynyn-kyzmatkeri-suuga-sekirgen-kyzdy-saktap-kaldy-1101128213.html
2026-05-05 14:10:59,145 [master] INFO   ✓ Кайгуул милициянын кызматкери сууга секирген чет элдик кызды сактап ка
2026-05-05 14:11:04,147 [master] INFO Scraping (8/150): https://sputnik.kg/20260504/1101113044.html
2026-05-05 14:11:04,431 [master] INFO   ✓ Кыргызстандын жапайы жоогазындары: жоголуп кетүү коркунучу жана аларды
2026-05-05 14:11:09,434 [master] INFO Scraping (9/150): https://sputnik.kg/20260504/1101120641.html
2026-05-05 14:11:09,716 [master] INFO   ✓ Жаңылыктар. Чыгарылыш 17:00
2026-05-05 14:11:14,717 [master] INFO Scraping (10/150): https://sputnik.kg/20260504/rossiya-ok-atylbaj-turganyn-zhar-saldy-1101124646.html
2026-05-05 14:11:15,761 [master] INFO   ✓ Россия Жеңиш күнүнүн урматына ок атылбай турганын жар салды
2026-05-05 14:11:20,763 [master] INFO Scraping (11/150): https://sputnik.kg/20260504/oshto-tashtandy-ishtetuuchu-zavod-kurulat-1101120282.html
2026-05-05 14:11:21,788 [master] INFO   ✓ Ошто таштанды иштетип электр энергиясын өндүргөн завод курула баштады.
2026-05-05 14:11:26,789 [master] INFO Scraping (12/150): https://sputnik.kg/20260505/tegeran-akshnyn-araketin-kunoolodu-1101130927.html
2026-05-05 14:11:27,754 [master] INFO   ✓ "БАЭдеги мунай аймактарын өрттөдү". Тегеран АКШнын кылгандарын ачыктап
2026-05-05 14:11:32,755 [master] INFO Scraping (13/150): https://sputnik.kg/20260421/1100906167.html
2026-05-05 14:11:33,706 [master] INFO   ✓ ЕАЭБдеги транспорттук-логистикалык интеграция кандай абалда — транспор
2026-05-05 14:11:38,708 [master] INFO Scraping (14/150): https://sputnik.kg/20260501/1101081579.html
2026-05-05 14:11:39,904 [master] INFO   ✓ Кызматкердин укугу — биринчи орунда: бүгүнкү күндө кесиптик бирликтерд
2026-05-05 14:11:44,906 [master] INFO Scraping (15/150): https://sputnik.kg/20260504/selge-bajlanyshtuu-keneshme-1101119352.html
2026-05-05 14:11:45,932 [master] INFO   ✓ Өкмөттө Ош, Жалал-Абад жана Баткендеги селге байланыштуу кеңешме өттү
2026-05-05 14:11:50,933 [master] INFO Scraping (16/150): https://sputnik.kg/20260504/sejshel-araldaryna-baruuga-ehmi-viza-talap-kylynbajt-1101117029.html
2026-05-05 14:11:51,911 [master] INFO   ✓ Кыргызстан менен Сейшел Аралдары өз ара визасыз режим киргизүүдө
2026-05-05 14:11:56,913 [master] INFO Scraping (17/150): https://sputnik.kg/20260504/1101116315.html
2026-05-05 14:11:57,852 [master] INFO   ✓ Жаңылыктар. Чыгарылыш 13:00
2026-05-05 14:12:02,861 [master] INFO Scraping (18/150): https://sputnik.kg/20260505/1101130721.html
2026-05-05 14:12:03,871 [master] INFO   ✓ Жаңылыктар. Чыгарылыш 13:00
2026-05-05 14:12:08,884 [master] INFO Scraping (19/150): https://sputnik.kg/20260504/1101122376.html
2026-05-05 14:12:09,906 [master] INFO   ✓ Жаңылыктар. Чыгарылыш 19:00
2026-05-05 14:12:14,908 [master] INFO Scraping (20/150): https://sputnik.kg/20260505/1101126245.html
2026-05-05 14:12:15,984 [master] INFO   ✓ Баш мыйзамга 33 жыл: Конституция — туруктуулуктун негизи
2026-05-05 14:12:20,984 [master] INFO Scraping (21/150): https://sputnik.kg/20260504/chet-ehldik-turistter-kumtor-1101121984.html
2026-05-05 14:12:22,020 [master] INFO   ✓ Кумтөрчүлөр көчкү алдында калган беш чет элдик туристти аман алып калы
2026-05-05 14:12:27,027 [master] INFO Scraping (22/150): https://sputnik.kg/20260505/1101127973.html
2026-05-05 14:12:27,981 [master] INFO   ✓ Мугалимдердин айлыгы көтөрүлдү — ал кантип эсептелет?
2026-05-05 14:12:32,990 [master] INFO Scraping (23/150): https://sputnik.kg/20260504/5-mayga-karata-aba-yrayy-1101117694.html
2026-05-05 14:12:34,180 [master] INFO   ✓ 5-майга карата аба ырайы
2026-05-05 14:12:39,182 [master] INFO Scraping (24/150): https://sputnik.kg/20230201/1074537452.html
2026-05-05 14:12:40,371 [master] INFO   ✓ Купуялык саясаты( 2023 ред.)
2026-05-05 14:12:45,372 [master] INFO Scraping (25/150): https://sputnik.kg/20260504/mas-aydoochularga-chara-kuchotulot-1101115559.html
2026-05-05 14:12:46,286 [master] INFO   ✓ Адам өлүмүнө себепкер болгон мас айдоочу эми 10 жылга кесилиши мүмкүн
2026-05-05 14:12:51,292 [master] INFO Scraping (26/150): https://sputnik.kg/20260504/zelenskij-menen-mindichtin-koz-boemochulugu-1101115692.html
2026-05-05 14:12:52,395 [master] INFO   ✓ Зеленский менен Миндичтин көз боемочулугу канчалык жайылганы айтылды
2026-05-05 14:12:57,405 [master] INFO Scraping (27/150): https://sputnik.kg/20260504/1101122645.html
2026-05-05 14:12:58,351 [master] INFO   ✓ Бизнес кеңешчи учактагы экинчи учкучтайбы?
2026-05-05 14:13:03,360 [master] INFO Scraping (28/150): https://sputnik.kg/20260504/1101112775.html
2026-05-05 14:13:04,363 [master] INFO   ✓ Жаңылыктар. Чыгарылыш 09:00
2026-05-05 14:13:09,365 [master] INFO Scraping (29/150): https://sputnik.kg/20260505/bishkekte-9-mayga-karata-otchu-ish-charalardyn-tizmesi-1101128652.html
2026-05-05 14:13:10,664 [master] INFO   ✓ Бишкекте Жеңиш күнүнө карата бир топ иш-чаралар өтөт. Тизме
2026-05-05 14:13:15,677 [master] INFO Scraping (30/150): https://sputnik.kg/20260504/rossiyadan-ulam-kazakstanga-kysym-korsotuu-chekhiya-1101118228.html
2026-05-05 14:13:16,814 [master] INFO   ✓ Чехия премьери: ТИМ Казакстанга кысым көрсөтүүмдү өтүнүп таң калтырды
2026-05-05 14:13:21,816 [master] INFO Scraping (31/150): https://sputnik.kg/20260504/1101118591.html
2026-05-05 14:13:22,792 [master] INFO   ✓ Жаңылыктар. Чыгарылыш 15:00
2026-05-05 14:13:27,805 [master] INFO Scraping (32/150): https://sputnik.kg/20260505/1101127695.html
2026-05-05 14:13:28,878 [master] INFO   ✓ Жаңылыктар. Чыгарылыш 11:00
2026-05-05 14:13:33,886 [master] INFO Scraping (33/150): https://sputnik.kg/20260504/kyrgyz-foreline-suroo-talap-ostu-1101116615.html
2026-05-05 14:13:34,905 [master] INFO   ✓ Кыргыз форелине чет өлкөдө суроо-талап өсүп жатат
2026-05-05 14:13:39,906 [master] INFO Scraping (34/150): https://sputnik.kg/20260505/zhaparov-bash-miyzam-kunu-menen-eldi-kuttuktady-1101126781.html
2026-05-05 14:13:40,928 [master] INFO   ✓ Ар бир беренени урматтоо — милдетибиз. Жапаров Баш мыйзам күнү менен э
2026-05-05 14:13:45,934 [master] INFO 
Saved 34 articles → sputnik_kyrgyz_data.csv
2026-05-05 14:13:45,937 [master] INFO   sputnik: 34 rows (label=0)
2026-05-05 14:13:45,940 [master] INFO Running scraper: scraper_kaktus
2026-05-05 14:13:45,940 [master] INFO ============================================================
2026-05-05 14:13:45,940 [master] INFO KAKTUS.MEDIA KYRGYZ SCRAPER
2026-05-05 14:13:45,940 [master] INFO ============================================================
2026-05-05 14:13:45,940 [master] INFO Fetching page 1: https://kaktus.media/ky/
2026-05-05 14:13:46,778 [master] INFO   → 88 new links (total: 88)
2026-05-05 14:13:47,783 [master] INFO Fetching page 2: https://kaktus.media/ky/?page=2
2026-05-05 14:13:48,516 [master] INFO   → 0 new links (total: 88)
2026-05-05 14:13:48,516 [master] INFO No new links — stopping.
2026-05-05 14:13:48,516 [master] INFO Total links: 88
2026-05-05 14:13:48,516 [master] INFO Scraping (1/150): https://kaktus.media/doc/545432_chast_bishkeka_ostanetsia_na_nedelu_bez_gaza_rayon_daty.html
2026-05-05 14:13:49,277 [master] INFO   ✓ Часть Бишкека останется на неделю без газа (район, даты)
2026-05-05 14:13:52,280 [master] INFO Scraping (2/150): https://kaktus.media/doc/545544_gryzovik_s_pricepom_vrezalsia_v_drygoy_gryzovik_na_trasse_bishkek_naryn_torygart_video.html
2026-05-05 14:13:53,053 [master] INFO   ✓ Грузовик с прицепом врезался в другой грузовик на трассе Бишкек - Нары
2026-05-05 14:13:56,055 [master] INFO Scraping (3/150): https://kaktus.media/doc/545493_shtormovoe_predyprejdenie_iz_za_livney_v_gorah_kyrgyzstana_vozmojny_selevye_iavleniia.html
2026-05-05 14:13:56,805 [master] INFO   ✓ Штормовое предупреждение! Из-за ливней в горах Кыргызстана возможны се
2026-05-05 14:13:59,808 [master] INFO Scraping (4/150): https://kaktus.media/doc/545566_kyrgyzstan_i_seyshely_podpisali_soglashenie_o_bezvizovom_rejime.html
2026-05-05 14:14:00,673 [master] INFO   ✓ Кыргызстан и Сейшелы подписали соглашение о безвизовом режиме
2026-05-05 14:14:03,676 [master] INFO Scraping (5/150): https://kaktus.media/doc/545580_unye_kyrgyzstanki_zaniali_vtoroe_mesto_na_tyrnire_po_esteticheskoy_gimnastike_v_parije.html
2026-05-05 14:14:04,413 [master] INFO   ✓ Юные кыргызстанки заняли второе место на турнире по эстетической гимна
2026-05-05 14:14:07,416 [master] INFO Scraping (6/150): https://kaktus.media/doc/545422_nikolay_baskov_lube_i_blestiashie_vystypiat_v_karakole_na_koncerte_ko_dnu_pobedy_9_maia.html
2026-05-05 14:14:08,184 [master] INFO   ✓ Николай Басков, "Любэ" и "Блестящие" выступят в Караколе на концерте к
2026-05-05 14:14:11,185 [master] INFO Scraping (7/150): https://kaktus.media/doc/545590_v_karakolskom_zooparke_poiavilsia_kengyry_albinos._video.html
2026-05-05 14:14:11,926 [master] INFO   ✓ В Каракольском зоопарке появился кенгуру-альбинос. Видео
2026-05-05 14:14:14,927 [master] INFO Scraping (8/150): https://kaktus.media/doc/543525_remont_dorog_i_teplosetey._kakie_trassy_zakryty_v_bishkeke_obnovleno_30_aprelia_.html
2026-05-05 14:14:15,859 [master] INFO   ✓ Ремонт дорог и теплосетей. Какие трассы закрыты в Бишкеке (обновлено 3
2026-05-05 14:14:18,861 [master] INFO Scraping (9/150): https://kaktus.media/doc/545594_doklad_molodogo_yrologa_iz_kyrgyzstana_priznali_lychshim_na_mejdynarodnom_kongresse.html
2026-05-05 14:14:19,780 [master] INFO   ✓ Доклад молодого уролога из Кыргызстана признали лучшим на международно
2026-05-05 14:14:22,782 [master] INFO Scraping (10/150): https://kaktus.media/doc/545556_v_aeroporty_almaty_posle_silnogo_dojdia_protekla_krysha_video.html
2026-05-05 14:14:23,531 [master] INFO   ✓ В аэропорту Алматы после сильного дождя протекла крыша (видео)
2026-05-05 14:14:26,533 [master] INFO Scraping (11/150): https://kaktus.media/doc/543885_kfc_football_cup_2026:_vash_moment_nastal.html
2026-05-05 14:14:27,280 [master] INFO   ✓ KFC FOOTBALL CUP 2026: ваш момент настал!
2026-05-05 14:14:30,281 [master] INFO Scraping (12/150): https://kaktus.media/doc/544354_nytriciolog_rasskazala_chto_vliiaet_na_zdorove_kishechnika.html
2026-05-05 14:14:31,104 [master] INFO   ✓ Нутрициолог рассказала, что влияет на здоровье кишечника
2026-05-05 14:14:34,106 [master] INFO Scraping (13/150): https://kaktus.media/doc/545257_kyda_obrashatsia_s_zabolevshim_rebenkom_v_prazdnichnye_dni_informaciia_foms.html
2026-05-05 14:14:35,301 [master] INFO   ✓ Куда обращаться с заболевшим ребенком в праздничные дни? Информация ФО
2026-05-05 14:14:38,302 [master] INFO Scraping (14/150): https://kaktus.media/doc/545015_vody_vse_menshe_chto_bydet_s_energetikoy_kyrgyzstana_i_kak_nam_sotrydnichat_s_sosediami.html
2026-05-05 14:14:39,541 [master] INFO   ✓ Воды все меньше? Что будет с энергетикой Кыргызстана и как нам сотрудн
2026-05-05 14:14:42,550 [master] INFO Scraping (15/150): https://kaktus.media/doc/545172_severnaia_obezdnaia._kak_stroiat_novyu_transportnyu_razviazky_i_k_chemy_eto_privelo_video.html
2026-05-05 14:14:43,348 [master] INFO   ✓ Северная объездная. Как строят новую транспортную развязку и к чему эт
2026-05-05 14:14:46,350 [master] INFO Scraping (16/150): https://kaktus.media/doc/545542_amangeldiev:_keremet_bank_mojet_vyyti_iz_pod_sankciy_ssha_i_velikobritanii.html
2026-05-05 14:14:47,164 [master] INFO   ✓ Амангельдиев: "Керемет Банк" может выйти из-под санкций США и Великобр
2026-05-05 14:14:50,167 [master] INFO Scraping (17/150): https://kaktus.media/doc/545569_zelenskiy:_v_kremle_opasautsia_chto_ykrainskie_drony_proletiat_nad_krasnoy_ploshadu_9_maia.html
2026-05-05 14:14:51,008 [master] INFO   ✓ Зеленский: В Кремле опасаются, что украинские дроны пролетят над Красн
2026-05-05 14:14:54,021 [master] INFO Scraping (18/150): https://kaktus.media/doc/545573_v_bishkeke_zaderjali_podozrevaemyu_v_moshennichestve_na_40_tys..html
2026-05-05 14:14:54,791 [master] INFO   ✓ В Бишкеке задержали подозреваемую в мошенничестве на $40 тыс.
2026-05-05 14:14:57,793 [master] INFO Scraping (19/150): https://kaktus.media/doc/545391_gotova_li_shkola_k_rebenky_principy_obycheniia_i_miagkoy_adaptacii_v_shkole_edison.html
2026-05-05 14:14:59,510 [master] INFO   ✓ Готова ли школа к ребенку? Принципы обучения и мягкой адаптации в школ
2026-05-05 14:15:02,521 [master] INFO Scraping (20/150): https://kaktus.media/doc/545593_trydno_hodit_v_dojd._bishkekchane_pojalovalis_na_dorogi_okolo_kydaybergena_video.html
2026-05-05 14:15:03,311 [master] INFO   ✓ "Трудно ходить в дождь". Бишкекчане пожаловались на дороги около "Куда
2026-05-05 14:15:06,314 [master] INFO Scraping (21/150): https://kaktus.media/doc/545200_kak_bydyt_rabotat_bolnicy_i_skoraia_pomosh_na_dlinnyh_mayskih_vyhodnyh.html
2026-05-05 14:15:07,242 [master] INFO   ✓ Как будут работать больницы и скорая помощь на длинных майских выходны
2026-05-05 14:15:10,244 [master] INFO Scraping (22/150): https://kaktus.media/doc/545497_vozle_cholpon_aty_nashli_drevnie_kyrgannye_zahoroneniia.html
2026-05-05 14:15:11,060 [master] INFO   ✓ Возле Чолпон-Аты нашли древние курганные захоронения
2026-05-05 14:15:14,063 [master] INFO Scraping (23/150): https://kaktus.media/doc/534245_bangkok_pattayia:_kak_vybrat_otel_rayon_i_chto_posmotret.html
2026-05-05 14:15:14,934 [master] INFO   ✓ Бангкок + Паттайя: как выбрать отель, район и что посмотреть
2026-05-05 14:17:09,081 [master] INFO Scraping (24/150): https://kaktus.media/doc/545578_gossekretar_ssha_marko_rybio_vystypil_v_kachestve_didjeia_na_svadbe_video.html
2026-05-05 14:17:10,330 [master] INFO   ✓ Госсекретарь США Марко Рубио выступил в качестве диджея на свадьбе (ви
2026-05-05 14:17:13,332 [master] INFO Scraping (25/150): https://kaktus.media/doc/545429_zao_mpc_elkart_rasshiriaet_partnerstvo_na_mejdynarodnom_rynke.html
2026-05-05 14:17:14,229 [master] INFO   ✓ ЗАО "МПЦ" ("Элкарт") расширяет партнерство на международном рынке
2026-05-05 14:17:17,230 [master] INFO Scraping (26/150): https://kaktus.media/doc/544962_14_letnemy_chyngyzy_s_agressivnym_rakom_srochno_nyjna_pomosh_s_operaciey_video.html
2026-05-05 14:17:18,016 [master] INFO   ✓ 14-летнему Чынгызу с агрессивным раком срочно нужна помощь с операцией
2026-05-05 14:17:21,017 [master] INFO Scraping (27/150): https://kaktus.media/doc/545515_v_bishkeke_proydet_riad_meropriiatiy_ko_dnu_pobedy.html
2026-05-05 14:17:21,839 [master] INFO   ✓ В Бишкеке пройдет ряд мероприятий ко Дню Победы
2026-05-05 14:17:24,844 [master] INFO Scraping (28/150): https://kaktus.media/doc/545288_zarplaty_ychiteley_vyrosli._chto_izmenilos_i_skolko_bydyt_polychat_pedagogi_kartochki.html
2026-05-05 14:17:25,727 [master] INFO   ✓ Зарплаты учителей выросли. Что изменилось и сколько будут получать пед
2026-05-05 14:17:28,729 [master] INFO Scraping (29/150): https://kaktus.media/doc/545587_rossiia_i_ykraina_obiavili_rejimy_prekrasheniia_ognia_s_raznymi_ysloviiami_i_srokami.html
2026-05-05 14:17:29,508 [master] INFO   ✓ Россия и Украина объявили режимы прекращения огня с разными условиями 
2026-05-05 14:17:32,509 [master] INFO Scraping (30/150): https://kaktus.media/doc/545434_central_asia_capital_zavershil_restavraciu_pamiatnika_general_mayory_panfilovy.html
2026-05-05 14:17:33,265 [master] INFO   ✓ Central Asia Capital завершил реставрацию памятника генерал-майору Пан
2026-05-05 14:17:36,268 [master] INFO Scraping (31/150): https://kaktus.media/doc/545588_sadyr_japarov_pozdravil_kyrgyzstancev_s_dnem_konstitycii.html
2026-05-05 14:17:37,338 [master] INFO   ✓ Садыр Жапаров поздравил кыргызстанцев с Днем Конституции
2026-05-05 14:17:40,339 [master] INFO Scraping (32/150): https://kaktus.media/doc/545591_v_germanii_avtomobil_vehal_v_tolpy_v_centre_goroda_est_pogibshie.html
2026-05-05 14:17:41,108 [master] INFO   ✓ В Германии автомобиль въехал в толпу в центре города, есть погибшие
2026-05-05 14:17:44,111 [master] INFO Scraping (33/150): https://kaktus.media/doc/545570_kasymaliev_provel_soveshanie_po_povody_shoda_seley_na_uge_kyrgyzstana.html
2026-05-05 14:17:44,876 [master] INFO   ✓ Касымалиев провел совещание по поводу схода селей на юге Кыргызстана
2026-05-05 14:17:47,878 [master] INFO Scraping (34/150): https://kaktus.media/doc/545058_jenshina_obviniaet_myja_v_razvratnyh_deystviiah_v_otnoshenii_ih_obshey_piatiletney_docheri.html
2026-05-05 14:17:48,820 [master] INFO   ✓ Женщина  обвиняет мужа в развратных действиях в отношении их общей пят
2026-05-05 14:17:51,822 [master] INFO Scraping (35/150): https://kaktus.media/doc/545581_oblachno_mestami_dojdi._prognoz_pogody_v_bishkeke_i_po_kyrgyzstany.html
2026-05-05 14:17:52,616 [master] INFO   ✓ Облачно, местами дожди. Прогноз погоды в Бишкеке и по Кыргызстану
2026-05-05 14:17:55,618 [master] INFO Scraping (36/150): https://kaktus.media/doc/545150_rysskiy_teatr_dramy_im._ch._aytmatova_predstavil_repertyar_na_may.html
2026-05-05 14:17:56,544 [master] INFO   ✗ Skipped
2026-05-05 14:17:59,551 [master] INFO Scraping (36/150): https://kaktus.media/doc/545561_po_ylicam_nevozmojno_proyti:_bishkek_snova_topit_posle_dojdia_video.html
2026-05-05 14:18:00,322 [master] INFO   ✓ По улицам невозможно пройти: Бишкек снова топит после дождя (видео)
2026-05-05 14:18:03,327 [master] INFO Scraping (37/150): https://kaktus.media/doc/545425_2_11_maia_v_chasti_bishkeka_otkluchat_svet_spisok_ylic.html
2026-05-05 14:18:04,136 [master] INFO   ✓ 2-11 мая в части Бишкека отключат свет (список улиц)
2026-05-05 14:18:07,141 [master] INFO Scraping (38/150): https://kaktus.media/doc/545562_shakira_sobrala_21_mln_zriteley_na_besplatnom_koncerte_v_rio_de_janeyro_video.html
2026-05-05 14:18:07,949 [master] INFO   ✓ Шакира собрала 2,1 млн зрителей на бесплатном концерте в Рио-де-Жанейр
2026-05-05 14:18:10,950 [master] INFO Scraping (39/150): https://kaktus.media/doc/545169_vajno_znat._foms_o_poriadke_okazaniia_medicinskoy_pomoshi_vo_vremia_mayskih_prazdnikov.html
2026-05-05 14:18:11,722 [master] INFO   ✓ Важно знать. ФОМС о порядке оказания медицинской помощи во время майск
2026-05-05 14:18:14,723 [master] INFO Scraping (40/150): https://kaktus.media/doc/545259_pynkty_propyska_na_granice_s_kitaem_bydyt_vremenno_zakryty._daty.html
2026-05-05 14:18:15,626 [master] INFO   ✓ Пункты пропуска на границе с Китаем будут временно закрыты. Даты
2026-05-05 14:18:18,629 [master] INFO Scraping (41/150): https://kaktus.media/doc/545334_glamyrnyy_kemping:_kyrgyzstan_aktivnee_vsego_razvivaet_perspektivnyy_rynok.html
2026-05-05 14:18:19,400 [master] INFO   ✓ Гламурный кэмпинг: Кыргызстан активнее всего развивает перспективный р
2026-05-05 14:18:22,403 [master] INFO Scraping (42/150): https://kaktus.media/doc/545564_minstroy_ispytyvaet_beton_s_bazaltovym_voloknom_video.html
2026-05-05 14:18:23,144 [master] INFO   ✓ Минстрой испытывает бетон с базальтовым волокном (видео)
2026-05-05 14:18:26,156 [master] INFO Scraping (43/150): https://kaktus.media/doc/545527_v_karakol_vezyt_30_novyh_avtobysov._kogda_oni_vyydyt_na_linii.html
2026-05-05 14:18:27,062 [master] INFO   ✓ В Каракол везут 30 новых автобусов. Когда они выйдут на линии?
2026-05-05 14:18:30,066 [master] INFO Scraping (44/150): https://kaktus.media/doc/543794_pochemy_voznikaet_pelenochnyy_dermatit_i_kak_zashitit_kojy_rebenka_otvety_pediatra.html
2026-05-05 14:18:30,817 [master] INFO   ✓ Почему возникает пеленочный дерматит и как защитить кожу ребенка? Отве
2026-05-05 14:18:33,819 [master] INFO Scraping (45/150): https://kaktus.media/doc/545164_ekskluzivnoe_intervu_s_prezidentom._o_zolote_fevralskih_sobytiiah_tashieve_i_ego_seme.html
2026-05-05 14:18:34,580 [master] INFO   ✓ Эксклюзивное интервью с президентом. О золоте, февральских событиях, Т
2026-05-05 14:18:37,583 [master] INFO Scraping (46/150): https://kaktus.media/doc/545413_kak_bydyt_rabotat_cony_osoo_gazprom_kyrgyzstan_na_dlinnyh_vyhodnyh_grafik_i_adresa.html
2026-05-05 14:18:38,536 [master] INFO   ✓ Как будут работать ЦОНы ОсОО "Газпром Кыргызстан" на длинных выходных 
2026-05-05 14:18:41,538 [master] INFO Scraping (47/150): https://kaktus.media/doc/545596_v_bishkeke_otkroetsia_vystavka_hydojnicy_ayi_ibraimovoy_pamiat_zemli._kyrgyzskie_istorii.html
2026-05-05 14:18:42,409 [master] INFO   ✓ В Бишкеке откроется выставка художницы Айи Ибраимовой "Память земли. К
2026-05-05 14:18:45,411 [master] INFO Scraping (48/150): https://kaktus.media/doc/545584_na_issyk_kyle_spasli_tyrista_iz_italii_popavshego_pod_laviny_video.html
2026-05-05 14:18:46,125 [master] INFO   ✓ На Иссык-Куле спасли туриста из Италии, попавшего под лавину (видео)
2026-05-05 14:18:49,126 [master] INFO Scraping (49/150): https://kaktus.media/doc/545388_energetiki_pereydyt_na_ysilennyy_rejim_raboty_v_prazdnichnye_dni_maia._telefony_slyjb.html
2026-05-05 14:18:49,899 [master] INFO   ✓ Энергетики перейдут на усиленный режим работы в праздничные дни мая. Т
2026-05-05 14:18:52,901 [master] INFO Scraping (50/150): https://kaktus.media/doc/545571_kasymaliev_provel_soveshanie_po_voprosam_razvitiia_zdravoohraneniia.html
2026-05-05 14:18:53,641 [master] INFO   ✓ Касымалиев провел совещание по вопросам развития здравоохранения
2026-05-05 14:18:56,642 [master] INFO Scraping (51/150): https://kaktus.media/doc/545450_vesna_i_detskiy_travmatizm._chto_nyjno_pomnit_roditeliam.html
2026-05-05 14:18:57,527 [master] INFO   ✓ Весна и детский травматизм. Что нужно помнить родителям
2026-05-05 14:19:00,528 [master] INFO Scraping (52/150): https://kaktus.media/doc/545350_na_mayskie_prazdniki_iz_bishkeka_pystiat_bolshe_avtobysov_i_bysov_na_issyk_kyl_i_v_naryn.html
2026-05-05 14:19:01,264 [master] INFO   ✓ На майские праздники из Бишкека пустят больше автобусов и бусов на Исс
2026-05-05 14:19:04,271 [master] INFO Scraping (53/150): https://kaktus.media/doc/545343_bytik_oteli_centralnoy_azii:_chto_eto_takoe_i_chto_predlagaet_region.html
2026-05-05 14:19:05,027 [master] INFO   ✓ Бутик-отели Центральной Азии: что это такое и что предлагает регион
2026-05-05 14:19:08,039 [master] INFO Scraping (54/150): https://kaktus.media/doc/545579_v_kyrgyzstane_yjestochaut_nakazanie_za_pianoe_vojdenie_video.html
2026-05-05 14:19:08,770 [master] INFO   ✓ В Кыргызстане ужесточают наказание за пьяное вождение (видео)
2026-05-05 14:19:11,774 [master] INFO Scraping (55/150): https://kaktus.media/doc/543968_v_kyrgyzstane_ojidaut_povysheniia_cen_na_gsm._chto_proishodit_i_chto_delat.html
2026-05-05 14:19:13,035 [master] INFO   ✓ В Кыргызстане ожидают повышения цен на ГСМ. Что происходит и что делат
2026-05-05 14:19:16,039 [master] INFO Scraping (56/150): https://kaktus.media/doc/545545_call_centr:_zasohshee_derevo_vozle_ostanovki_mojet_ypast_v_luboy_moment_video.html
2026-05-05 14:19:16,783 [master] INFO   ✓ Call-центр: засохшее дерево возле остановки может упасть в любой момен
2026-05-05 14:19:19,785 [master] INFO Scraping (57/150): https://kaktus.media/doc/545252_kakie_meropriiatiia_proydyt_v_bishkeke_9_maia.html
2026-05-05 14:19:20,575 [master] INFO   ✓ Какие мероприятия пройдут в Бишкеке 9 Мая?
2026-05-05 14:19:23,588 [master] INFO Scraping (58/150): https://kaktus.media/doc/545273_v_bishkeke_propal_69_letniy_myjchina._ego_ishyt_rodnye.html
2026-05-05 14:19:24,399 [master] INFO   ✓ В Бишкеке пропал 69-летний мужчина. Его ищут родные
2026-05-05 14:19:27,405 [master] INFO Scraping (59/150): https://kaktus.media/doc/462046_pravila_kommentirovaniia.html
2026-05-05 14:19:28,153 [master] INFO   ✓ Правила комментирования
2026-05-05 14:19:31,154 [master] INFO Scraping (60/150): https://kaktus.media/doc/545558_v_tashkente_posle_silnogo_dojdia_zatopilo_ylicy_i_chast_stancii_metro_video.html
2026-05-05 14:19:31,901 [master] INFO   ✓ В Ташкенте после сильного дождя затопило улицы и часть станции метро (
2026-05-05 14:19:34,902 [master] INFO Scraping (61/150): https://kaktus.media/doc/545572_minzdrav_napomnil_kak_pravilno_myt_ovoshi_i_frykty.html
2026-05-05 14:19:35,684 [master] INFO   ✓ Минздрав напомнил, как правильно мыть овощи и фрукты
2026-05-05 14:19:38,686 [master] INFO Scraping (62/150): https://kaktus.media/doc/545554_na_ploshadi_ala_too_proydet_myzykalnyy_vecher.html
2026-05-05 14:19:39,446 [master] INFO   ✓ На площади Ала-Тоо пройдет музыкальный вечер
2026-05-05 14:19:42,448 [master] INFO Scraping (63/150): https://kaktus.media/doc/545595_smi:_vspyshka_predpolagaemoy_hantavirysnoy_infekcii_zablokirovala_kryiznyy_layner.html
2026-05-05 14:19:43,197 [master] INFO   ✓ СМИ: Вспышка предполагаемой хантавирусной инфекции заблокировала круиз
2026-05-05 14:19:46,199 [master] INFO Scraping (64/150): https://kaktus.media/doc/545585_na_issyk_kyle_ochistili_bereg_i_dno_ozera_ot_mysora_i_brakonerskih_setey.html
2026-05-05 14:19:47,113 [master] INFO   ✓ На Иссык-Куле очистили берег и дно озера от мусора и браконьерских сет
2026-05-05 14:19:50,127 [master] INFO Scraping (65/150): https://kaktus.media/doc/534277_otdyh_na_shri_lanke:_glavnyy_gid_dlia_kyrgyzstancev.html
2026-05-05 14:19:51,066 [master] INFO   ✓ Отдых на Шри-Ланке: главный гид для кыргызстанцев
2026-05-05 14:19:54,077 [master] INFO Scraping (66/150): https://kaktus.media/doc/545586_smi:_ssha_i_iran_vozobnovili_ataki_v_persidskom_zalive.html
2026-05-05 14:19:54,907 [master] INFO   ✓ СМИ: США и Иран возобновили атаки в Персидском заливе
2026-05-05 14:19:57,909 [master] INFO Scraping (67/150): https://kaktus.media/doc/545563_jiteli_doma_na_ylice_ibraimova_pojalovalis_na_podtoplenie._otvet_merii_video.html
2026-05-05 14:19:58,795 [master] INFO   ✓ Жители дома на улице Ибраимова пожаловались на подтопление. Ответ мэри
2026-05-05 14:20:01,796 [master] INFO Scraping (68/150): https://kaktus.media/doc/545491_vpervye_v_bishkeke_cirk_uriia_nikylina_bez_jivotnyh.html
2026-05-05 14:20:02,547 [master] INFO   ✓ Впервые в Бишкеке цирк Юрия Никулина без животных
2026-05-05 14:20:05,549 [master] INFO Scraping (69/150): https://kaktus.media/doc/545576_v_bishkeke_y_cyma_vo_vremia_dojdia_zatopilo_trotyar_video.html
2026-05-05 14:20:06,316 [master] INFO   ✓ В Бишкеке у ЦУМа во время дождя затопило тротуар (видео)
2026-05-05 14:20:09,318 [master] INFO Scraping (70/150): https://kaktus.media/doc/545250_stala_izvestna_predvaritelnaia_data_kyrman_ayta.html
2026-05-05 14:20:10,108 [master] INFO   ✓ Стала известна предварительная дата Курман айта
2026-05-05 14:20:13,109 [master] INFO Scraping (71/150): https://kaktus.media/doc/545592_v_kitae_pri_vzryve_na_fabrike_feyerverkov_pogib_21_chelovek_video.html
2026-05-05 14:20:13,891 [master] INFO   ✓ В Китае при взрыве на фабрике фейерверков погиб 21 человек (видео)
2026-05-05 14:20:16,892 [master] INFO Scraping (72/150): https://kaktus.media/doc/536005_otdyh_v_niachange:_oteli_ekskyrsii_rekomendacii.html
2026-05-05 14:20:17,803 [master] INFO   ✓ Отдых в Нячанге: отели, экскурсии, рекомендации
2026-05-05 14:20:20,805 [master] INFO Scraping (73/150): https://kaktus.media/doc/545020_napominaem:_v_mae_kyrgyzstancev_jdyt_dlinnye_kanikyly.html
2026-05-05 14:20:21,653 [master] INFO   ✓ Напоминаем: в мае кыргызстанцев ждут длинные каникулы
2026-05-05 14:20:24,654 [master] INFO Scraping (74/150): https://kaktus.media/doc/545538_zastroyshiky_vynesli_predyprejdenie_za_sbros_stroitelnogo_mysora_s_verhnih_etajey.html
2026-05-05 14:20:25,393 [master] INFO   ✓ Застройщику вынесли предупреждение за сброс строительного мусора с вер
2026-05-05 14:20:28,395 [master] INFO Scraping (75/150): https://kaktus.media/doc/545541_model_iz_kyrgyzstana_poiavilas_v_filme_diavol_nosit_prada_2.html
2026-05-05 14:20:29,142 [master] INFO   ✓ Модель из Кыргызстана появилась в фильме "Дьявол носит Prada-2"
2026-05-05 14:20:32,144 [master] INFO Scraping (76/150): https://kaktus.media/doc/545577_na_mayskih_kanikylah_bydyt_rabotat_14_filialov_gosagentstva_po_zemelnym_resyrsam.html
2026-05-05 14:20:32,904 [master] INFO   ✓ На майских каникулах будут работать 14 филиалов Госагентства по земель
2026-05-05 14:20:35,905 [master] INFO Scraping (77/150): https://kaktus.media/doc/545188_riad_otdeleniy_ynaa_bydyt_rabotat_v_mayskie_vyhodnye._grafik.html
2026-05-05 14:20:36,733 [master] INFO   ✓ Ряд отделений "Унаа" будут работать в майские выходные. График
2026-05-05 14:20:39,734 [master] INFO Scraping (78/150): https://kaktus.media/doc/535813_otdyh_v_goa:_gid_dlia_kyrgyzstancev_o_glavnom_tyristicheskom_meste_indii.html
2026-05-05 14:20:40,560 [master] INFO   ✓ Отдых в Гоа: гид для кыргызстанцев о главном туристическом месте Индии
2026-05-05 14:20:43,562 [master] INFO Scraping (79/150): https://kaktus.media/doc/545567_razvedka_odnoy_iz_stran_es:_vladimir_pytin_boitsia_pokysheniia_i_perevorota.html
2026-05-05 14:20:44,848 [master] INFO   ✓ Разведка одной из стран ЕС: Владимир Путин боится покушения и переворо
2026-05-05 14:20:47,863 [master] INFO Scraping (80/150): https://kaktus.media/doc/545575_na_avtosportivnom_meropriiatii_v_gansi_voditel_sbil_zritelia_video.html
2026-05-05 14:20:48,602 [master] INFO   ✓ На автоспортивном мероприятии в "Ганси" водитель сбил зрителя (видео)
2026-05-05 14:20:51,604 [master] INFO Scraping (81/150): https://kaktus.media/doc/544870_cony_bydyt_rabotat_v_mayskie_prazdniki._grafik.html
2026-05-05 14:20:52,354 [master] INFO   ✓ ЦОНы будут работать в майские праздники. График
2026-05-05 14:20:55,357 [master] INFO Scraping (82/150): https://kaktus.media/doc/545060_gosmonopoliia_na_medobrazovanie_i_akkreditaciia_vyzov._chto_ob_etom_izvestno_na_segodnia.html
2026-05-05 14:20:56,100 [master] INFO   ✓ Госмонополия на медобразование и аккредитация вузов. Что об этом извес
2026-05-05 14:20:59,102 [master] INFO Scraping (83/150): https://kaktus.media/doc/545559_v_sele_gavrilovka_proizoshlo_jestkoe_dtp_video.html
2026-05-05 14:21:00,233 [master] INFO   ✓ В селе Гавриловка произошло жесткое ДТП (видео)
2026-05-05 14:21:03,242 [master] INFO Scraping (84/150): https://kaktus.media/doc/338956_gid_kaktus._chastnye_shkoly_bishkeka_s_effektivnymi_tehnologiiami_obycheniia.html
2026-05-05 14:21:04,091 [master] INFO   ✓ Гид Kaktus. Частные школы Бишкека с эффективными технологиями обучения
2026-05-05 14:21:07,092 [master] INFO Scraping (85/150): https://kaktus.media/doc/545031_artisty_teatra_opery_i_baleta_vystypiat_v_treh_gorodah_kyrgyzstana._programma_gastroley.html
2026-05-05 14:21:07,926 [master] INFO   ✓ Артисты театра оперы и балета выступят в трех городах Кыргызстана. Про
2026-05-05 14:21:10,927 [master] INFO Scraping (86/150): https://kaktus.media/doc/545568_v_bishkeke_zaderjali_podozrevaemyh_v_kraje_akkymyliatorov_s_gryzovyh_avto.html
2026-05-05 14:21:11,656 [master] INFO   ✓ В Бишкеке задержали подозреваемых в краже аккумуляторов с грузовых авт
2026-05-05 14:21:14,671 [master] INFO Scraping (87/150): https://kaktus.media/doc/545404_vnimanie_na_remont_zakryvaetsia_ychastok_ylicy_gogolia.html
2026-05-05 14:21:15,442 [master] INFO   ✓ Внимание! На ремонт закрывается участок улицы Гоголя
2026-05-05 14:21:18,450 [master] INFO 
Saved 87 articles → kaktus_kyrgyz_data.csv
2026-05-05 14:21:18,450 [master] INFO   kaktus: 87 rows (label=0)
2026-05-05 14:21:18,466 [master] INFO Running scraper: scraper_factcheck
2026-05-05 14:21:18,466 [master] INFO ============================================================
2026-05-05 14:21:18,466 [master] INFO FACTCHECK.KG SCRAPER
2026-05-05 14:21:18,466 [master] INFO ============================================================
2026-05-05 14:21:18,466 [master] INFO Fetching listing page 1: https://factcheck.kg/category/factcheck/
2026-05-05 14:21:19,973 [master] INFO   → 26 new links (total: 26)
2026-05-05 14:21:21,473 [master] INFO Fetching listing page 2: https://factcheck.kg/category/factcheck/page/2/
2026-05-05 14:21:22,565 [master] INFO   → 1 new links (total: 27)
2026-05-05 14:21:24,072 [master] INFO Fetching listing page 3: https://factcheck.kg/category/factcheck/page/3/
2026-05-05 14:21:25,178 [master] INFO   → 1 new links (total: 28)
2026-05-05 14:21:26,679 [master] INFO Fetching listing page 4: https://factcheck.kg/category/factcheck/page/4/
2026-05-05 14:21:27,766 [master] INFO   → 12 new links (total: 40)
2026-05-05 14:21:29,273 [master] INFO Fetching listing page 5: https://factcheck.kg/category/factcheck/page/5/
2026-05-05 14:21:30,412 [master] INFO   → 12 new links (total: 52)
2026-05-05 14:21:31,914 [master] INFO Fetching listing page 6: https://factcheck.kg/category/factcheck/page/6/
2026-05-05 14:21:33,115 [master] INFO   → 11 new links (total: 63)
2026-05-05 14:21:34,617 [master] INFO Fetching listing page 7: https://factcheck.kg/category/factcheck/page/7/
2026-05-05 14:21:35,621 [master] INFO   → 11 new links (total: 74)
2026-05-05 14:21:37,134 [master] INFO Fetching listing page 8: https://factcheck.kg/category/factcheck/page/8/
2026-05-05 14:21:38,216 [master] INFO   → 10 new links (total: 84)
2026-05-05 14:21:39,718 [master] INFO Fetching listing page 9: https://factcheck.kg/category/factcheck/page/9/
2026-05-05 14:21:40,991 [master] INFO   → 12 new links (total: 96)
2026-05-05 14:21:42,493 [master] INFO Fetching listing page 10: https://factcheck.kg/category/factcheck/page/10/
2026-05-05 14:21:43,463 [master] INFO   → 12 new links (total: 108)
2026-05-05 14:21:44,970 [master] INFO Fetching listing page 11: https://factcheck.kg/category/factcheck/page/11/
2026-05-05 14:21:46,107 [master] INFO   → 11 new links (total: 119)
2026-05-05 14:21:47,609 [master] INFO Fetching listing page 12: https://factcheck.kg/category/factcheck/page/12/
2026-05-05 14:21:48,574 [master] INFO   → 11 new links (total: 130)
2026-05-05 14:21:50,075 [master] INFO Fetching listing page 13: https://factcheck.kg/category/factcheck/page/13/
2026-05-05 14:21:51,301 [master] INFO   → 10 new links (total: 140)
2026-05-05 14:21:52,802 [master] INFO Fetching listing page 14: https://factcheck.kg/category/factcheck/page/14/
2026-05-05 14:21:53,939 [master] INFO   → 11 new links (total: 151)
2026-05-05 14:21:55,444 [master] INFO Fetching listing page 15: https://factcheck.kg/category/factcheck/page/15/
2026-05-05 14:21:56,419 [master] INFO   → 10 new links (total: 161)
2026-05-05 14:21:57,921 [master] INFO Fetching listing page 16: https://factcheck.kg/category/factcheck/page/16/
2026-05-05 14:21:59,001 [master] INFO   → 11 new links (total: 172)
2026-05-05 14:22:00,503 [master] INFO Fetching listing page 17: https://factcheck.kg/category/factcheck/page/17/
2026-05-05 14:22:01,488 [master] INFO   → 10 new links (total: 182)
2026-05-05 14:22:02,990 [master] INFO Fetching listing page 18: https://factcheck.kg/category/factcheck/page/18/
2026-05-05 14:22:04,100 [master] INFO   → 11 new links (total: 193)
2026-05-05 14:22:05,602 [master] INFO Fetching listing page 19: https://factcheck.kg/category/factcheck/page/19/
2026-05-05 14:22:06,581 [master] INFO   → 10 new links (total: 203)
2026-05-05 14:22:08,083 [master] INFO Fetching listing page 20: https://factcheck.kg/category/factcheck/page/20/
2026-05-05 14:22:09,178 [master] INFO   → 11 new links (total: 214)
2026-05-05 14:22:10,685 [master] INFO Fetching listing page 21: https://factcheck.kg/category/factcheck/page/21/
2026-05-05 14:22:11,660 [master] INFO   → 10 new links (total: 224)
2026-05-05 14:22:13,170 [master] INFO Fetching listing page 22: https://factcheck.kg/category/factcheck/page/22/
2026-05-05 14:22:14,310 [master] INFO   → 11 new links (total: 235)
2026-05-05 14:22:15,816 [master] INFO Fetching listing page 23: https://factcheck.kg/category/factcheck/page/23/
2026-05-05 14:22:16,894 [master] INFO   → 10 new links (total: 245)
2026-05-05 14:22:18,397 [master] INFO Fetching listing page 24: https://factcheck.kg/category/factcheck/page/24/
2026-05-05 14:22:19,407 [master] INFO   → 10 new links (total: 255)
2026-05-05 14:22:20,910 [master] INFO Fetching listing page 25: https://factcheck.kg/category/factcheck/page/25/
2026-05-05 14:22:22,141 [master] INFO   → 11 new links (total: 266)
2026-05-05 14:22:23,643 [master] INFO Fetching listing page 26: https://factcheck.kg/category/factcheck/page/26/
2026-05-05 14:22:24,616 [master] INFO   → 10 new links (total: 276)
2026-05-05 14:22:26,117 [master] INFO Fetching listing page 27: https://factcheck.kg/category/factcheck/page/27/
2026-05-05 14:22:27,245 [master] INFO   → 11 new links (total: 287)
2026-05-05 14:22:28,746 [master] INFO Fetching listing page 28: https://factcheck.kg/category/factcheck/page/28/
2026-05-05 14:22:29,866 [master] INFO   → 10 new links (total: 297)
2026-05-05 14:22:31,380 [master] INFO Fetching listing page 29: https://factcheck.kg/category/factcheck/page/29/
2026-05-05 14:22:32,580 [master] INFO   → 11 new links (total: 308)
2026-05-05 14:22:34,086 [master] INFO Fetching listing page 30: https://factcheck.kg/category/factcheck/page/30/
2026-05-05 14:22:35,218 [master] INFO   → 10 new links (total: 318)
2026-05-05 14:22:36,719 [master] INFO Fetching listing page 31: https://factcheck.kg/category/factcheck/page/31/
2026-05-05 14:22:37,841 [master] INFO   → 10 new links (total: 328)
2026-05-05 14:22:39,350 [master] INFO Fetching listing page 32: https://factcheck.kg/category/factcheck/page/32/
2026-05-05 14:22:40,430 [master] INFO   → 11 new links (total: 339)
2026-05-05 14:22:41,941 [master] INFO Fetching listing page 33: https://factcheck.kg/category/factcheck/page/33/
2026-05-05 14:22:43,029 [master] INFO   → 10 new links (total: 349)
2026-05-05 14:22:44,543 [master] INFO Fetching listing page 34: https://factcheck.kg/category/factcheck/page/34/
2026-05-05 14:22:45,505 [master] INFO   → 10 new links (total: 359)
2026-05-05 14:22:47,005 [master] INFO Fetching listing page 35: https://factcheck.kg/category/factcheck/page/35/
2026-05-05 14:22:48,092 [master] INFO   → 11 new links (total: 370)
2026-05-05 14:22:49,594 [master] INFO Fetching listing page 36: https://factcheck.kg/category/factcheck/page/36/
2026-05-05 14:22:50,553 [master] INFO   → 10 new links (total: 380)
2026-05-05 14:22:52,055 [master] INFO Fetching listing page 37: https://factcheck.kg/category/factcheck/page/37/
2026-05-05 14:22:53,139 [master] INFO   → 10 new links (total: 390)
2026-05-05 14:22:54,642 [master] INFO Fetching listing page 38: https://factcheck.kg/category/factcheck/page/38/
2026-05-05 14:22:55,663 [master] INFO   → 11 new links (total: 401)
2026-05-05 14:22:57,165 [master] INFO Fetching listing page 39: https://factcheck.kg/category/factcheck/page/39/
2026-05-05 14:22:58,417 [master] INFO   → 10 new links (total: 411)
2026-05-05 14:22:59,931 [master] INFO Fetching listing page 40: https://factcheck.kg/category/factcheck/page/40/
2026-05-05 14:23:01,023 [master] INFO   → 11 new links (total: 422)
2026-05-05 14:23:02,534 [master] INFO Fetching listing page 41: https://factcheck.kg/category/factcheck/page/41/
2026-05-05 14:23:03,535 [master] INFO   → 10 new links (total: 432)
2026-05-05 14:23:05,036 [master] INFO Fetching listing page 42: https://factcheck.kg/category/factcheck/page/42/
2026-05-05 14:23:06,131 [master] INFO   → 11 new links (total: 443)
2026-05-05 14:23:07,644 [master] INFO Fetching listing page 43: https://factcheck.kg/category/factcheck/page/43/
2026-05-05 14:23:08,686 [master] INFO   → 10 new links (total: 453)
2026-05-05 14:23:10,189 [master] INFO Fetching listing page 44: https://factcheck.kg/category/factcheck/page/44/
2026-05-05 14:23:11,292 [master] INFO   → 10 new links (total: 463)
2026-05-05 14:23:12,799 [master] INFO Fetching listing page 45: https://factcheck.kg/category/factcheck/page/45/
2026-05-05 14:23:13,886 [master] INFO   → 11 new links (total: 474)
2026-05-05 14:23:15,388 [master] INFO Fetching listing page 46: https://factcheck.kg/category/factcheck/page/46/
2026-05-05 14:23:16,355 [master] INFO   → 10 new links (total: 484)
2026-05-05 14:23:17,858 [master] INFO Fetching listing page 47: https://factcheck.kg/category/factcheck/page/47/
2026-05-05 14:23:19,072 [master] INFO   → 10 new links (total: 494)
2026-05-05 14:23:20,575 [master] INFO Fetching listing page 48: https://factcheck.kg/category/factcheck/page/48/
2026-05-05 14:23:21,702 [master] INFO   → 11 new links (total: 505)
2026-05-05 14:23:23,204 [master] INFO Fetching listing page 49: https://factcheck.kg/category/factcheck/page/49/
2026-05-05 14:23:24,199 [master] INFO   → 10 new links (total: 515)
2026-05-05 14:23:25,700 [master] INFO Fetching listing page 50: https://factcheck.kg/category/factcheck/page/50/
2026-05-05 14:23:26,779 [master] INFO   → 10 new links (total: 525)
2026-05-05 14:23:28,282 [master] INFO Fetching listing page 51: https://factcheck.kg/category/factcheck/page/51/
2026-05-05 14:23:29,370 [master] INFO   → 11 new links (total: 536)
2026-05-05 14:23:30,872 [master] INFO Fetching listing page 52: https://factcheck.kg/category/factcheck/page/52/
2026-05-05 14:23:31,980 [master] INFO   → 10 new links (total: 546)
2026-05-05 14:23:33,482 [master] INFO Fetching listing page 53: https://factcheck.kg/category/factcheck/page/53/
2026-05-05 14:23:34,482 [master] INFO   → 10 new links (total: 556)
2026-05-05 14:23:35,984 [master] INFO Fetching listing page 54: https://factcheck.kg/category/factcheck/page/54/
2026-05-05 14:23:37,274 [master] INFO   → 11 new links (total: 567)
2026-05-05 14:23:38,777 [master] INFO Fetching listing page 55: https://factcheck.kg/category/factcheck/page/55/
2026-05-05 14:23:39,976 [master] INFO   → 10 new links (total: 577)
2026-05-05 14:23:41,490 [master] INFO Fetching listing page 56: https://factcheck.kg/category/factcheck/page/56/
2026-05-05 14:23:42,463 [master] INFO   → 11 new links (total: 588)
2026-05-05 14:23:43,973 [master] INFO Fetching listing page 57: https://factcheck.kg/category/factcheck/page/57/
2026-05-05 14:23:45,413 [master] INFO   → 10 new links (total: 598)
2026-05-05 14:23:46,921 [master] INFO Fetching listing page 58: https://factcheck.kg/category/factcheck/page/58/
2026-05-05 14:23:48,029 [master] INFO   → 10 new links (total: 608)
2026-05-05 14:23:49,536 [master] INFO Fetching listing page 59: https://factcheck.kg/category/factcheck/page/59/
2026-05-05 14:23:50,515 [master] INFO   → 11 new links (total: 619)
2026-05-05 14:23:52,017 [master] INFO Fetching listing page 60: https://factcheck.kg/category/factcheck/page/60/
2026-05-05 14:23:53,098 [master] INFO   → 10 new links (total: 629)
2026-05-05 14:23:54,599 [master] INFO Fetching listing page 61: https://factcheck.kg/category/factcheck/page/61/
2026-05-05 14:23:55,703 [master] INFO   → 10 new links (total: 639)
2026-05-05 14:23:57,206 [master] INFO Fetching listing page 62: https://factcheck.kg/category/factcheck/page/62/
2026-05-05 14:23:58,208 [master] INFO   → 10 new links (total: 649)
2026-05-05 14:23:59,709 [master] INFO Fetching listing page 63: https://factcheck.kg/category/factcheck/page/63/
2026-05-05 14:24:00,704 [master] INFO   → 10 new links (total: 659)
2026-05-05 14:24:02,205 [master] INFO Fetching listing page 64: https://factcheck.kg/category/factcheck/page/64/
2026-05-05 14:24:03,359 [master] INFO   → 11 new links (total: 670)
2026-05-05 14:24:04,860 [master] INFO Fetching listing page 65: https://factcheck.kg/category/factcheck/page/65/
2026-05-05 14:24:06,066 [master] INFO   → 10 new links (total: 680)
2026-05-05 14:24:07,568 [master] INFO Fetching listing page 66: https://factcheck.kg/category/factcheck/page/66/
2026-05-05 14:24:08,531 [master] INFO   → 11 new links (total: 691)
2026-05-05 14:24:10,032 [master] INFO Fetching listing page 67: https://factcheck.kg/category/factcheck/page/67/
2026-05-05 14:24:11,025 [master] INFO   → 10 new links (total: 701)
2026-05-05 14:24:12,532 [master] INFO Fetching listing page 68: https://factcheck.kg/category/factcheck/page/68/
2026-05-05 14:24:13,602 [master] INFO   → 11 new links (total: 712)
2026-05-05 14:24:15,111 [master] INFO Fetching listing page 69: https://factcheck.kg/category/factcheck/page/69/
2026-05-05 14:24:16,207 [master] INFO   → 10 new links (total: 722)
2026-05-05 14:24:17,710 [master] INFO Fetching listing page 70: https://factcheck.kg/category/factcheck/page/70/
2026-05-05 14:24:18,684 [master] INFO   → 10 new links (total: 732)
2026-05-05 14:24:20,186 [master] INFO Fetching listing page 71: https://factcheck.kg/category/factcheck/page/71/
2026-05-05 14:24:21,419 [master] INFO   → 11 new links (total: 743)
2026-05-05 14:24:22,922 [master] INFO Fetching listing page 72: https://factcheck.kg/category/factcheck/page/72/
2026-05-05 14:24:24,020 [master] INFO   → 9 new links (total: 752)
2026-05-05 14:24:25,522 [master] INFO Fetching listing page 73: https://factcheck.kg/category/factcheck/page/73/
2026-05-05 14:24:26,492 [master] INFO   → 11 new links (total: 763)
2026-05-05 14:24:28,004 [master] INFO Fetching listing page 74: https://factcheck.kg/category/factcheck/page/74/
2026-05-05 14:24:29,126 [master] INFO   → 10 new links (total: 773)
2026-05-05 14:24:30,633 [master] INFO Fetching listing page 75: https://factcheck.kg/category/factcheck/page/75/
2026-05-05 14:24:32,255 [master] INFO   → 11 new links (total: 784)
2026-05-05 14:24:33,771 [master] INFO Fetching listing page 76: https://factcheck.kg/category/factcheck/page/76/
2026-05-05 14:24:34,853 [master] INFO   → 10 new links (total: 794)
2026-05-05 14:24:36,362 [master] INFO Fetching listing page 77: https://factcheck.kg/category/factcheck/page/77/
2026-05-05 14:24:37,333 [master] INFO   → 10 new links (total: 804)
2026-05-05 14:24:38,841 [master] INFO Fetching listing page 78: https://factcheck.kg/category/factcheck/page/78/
2026-05-05 14:24:39,941 [master] INFO   → 11 new links (total: 815)
2026-05-05 14:24:41,442 [master] INFO Fetching listing page 79: https://factcheck.kg/category/factcheck/page/79/
2026-05-05 14:24:42,483 [master] INFO   → 10 new links (total: 825)
2026-05-05 14:24:43,986 [master] INFO Fetching listing page 80: https://factcheck.kg/category/factcheck/page/80/
2026-05-05 14:24:45,101 [master] INFO   → 11 new links (total: 836)
2026-05-05 14:24:46,603 [master] INFO Fetching listing page 81: https://factcheck.kg/category/factcheck/page/81/
2026-05-05 14:24:47,584 [master] INFO   → 10 new links (total: 846)
2026-05-05 14:24:49,088 [master] INFO Fetching listing page 82: https://factcheck.kg/category/factcheck/page/82/
2026-05-05 14:24:50,166 [master] INFO   → 10 new links (total: 856)
2026-05-05 14:24:51,678 [master] INFO Fetching listing page 83: https://factcheck.kg/category/factcheck/page/83/
2026-05-05 14:24:52,645 [master] INFO   → 11 new links (total: 867)
2026-05-05 14:24:54,154 [master] INFO Fetching listing page 84: https://factcheck.kg/category/factcheck/page/84/
2026-05-05 14:24:55,263 [master] INFO   → 10 new links (total: 877)
2026-05-05 14:24:56,769 [master] INFO Fetching listing page 85: https://factcheck.kg/category/factcheck/page/85/
2026-05-05 14:24:57,874 [master] INFO   → 10 new links (total: 887)
2026-05-05 14:24:59,376 [master] INFO Fetching listing page 86: https://factcheck.kg/category/factcheck/page/86/
2026-05-05 14:25:00,387 [master] INFO   → 10 new links (total: 897)
2026-05-05 14:25:01,889 [master] INFO Fetching listing page 87: https://factcheck.kg/category/factcheck/page/87/
2026-05-05 14:25:02,962 [master] INFO   → 11 new links (total: 908)
2026-05-05 14:25:04,470 [master] INFO Fetching listing page 88: https://factcheck.kg/category/factcheck/page/88/
2026-05-05 14:25:05,656 [master] INFO   → 10 new links (total: 918)
2026-05-05 14:25:07,165 [master] INFO Fetching listing page 89: https://factcheck.kg/category/factcheck/page/89/
2026-05-05 14:25:08,244 [master] INFO   → 11 new links (total: 929)
2026-05-05 14:25:09,757 [master] INFO Fetching listing page 90: https://factcheck.kg/category/factcheck/page/90/
2026-05-05 14:25:10,845 [master] INFO   → 11 new links (total: 940)
2026-05-05 14:25:12,346 [master] INFO Fetching listing page 91: https://factcheck.kg/category/factcheck/page/91/
2026-05-05 14:25:13,314 [master] INFO   → 11 new links (total: 951)
2026-05-05 14:25:14,823 [master] INFO Fetching listing page 92: https://factcheck.kg/category/factcheck/page/92/
2026-05-05 14:25:15,967 [master] INFO   → 10 new links (total: 961)
2026-05-05 14:25:17,468 [master] INFO Fetching listing page 93: https://factcheck.kg/category/factcheck/page/93/
2026-05-05 14:25:18,673 [master] INFO   → 11 new links (total: 972)
2026-05-05 14:25:20,184 [master] INFO Fetching listing page 94: https://factcheck.kg/category/factcheck/page/94/
2026-05-05 14:25:21,460 [master] INFO   → 12 new links (total: 984)
2026-05-05 14:25:22,961 [master] INFO Fetching listing page 95: https://factcheck.kg/category/factcheck/page/95/
2026-05-05 14:25:24,060 [master] INFO   → 11 new links (total: 995)
2026-05-05 14:25:25,562 [master] INFO Fetching listing page 96: https://factcheck.kg/category/factcheck/page/96/
2026-05-05 14:25:26,536 [master] INFO   → 11 new links (total: 1006)
2026-05-05 14:25:28,038 [master] INFO Fetching listing page 97: https://factcheck.kg/category/factcheck/page/97/
2026-05-05 14:25:29,005 [master] INFO   → 10 new links (total: 1016)
2026-05-05 14:25:30,507 [master] INFO Fetching listing page 98: https://factcheck.kg/category/factcheck/page/98/
2026-05-05 14:25:31,613 [master] INFO   → 11 new links (total: 1027)
2026-05-05 14:25:33,115 [master] INFO Fetching listing page 99: https://factcheck.kg/category/factcheck/page/99/
2026-05-05 14:25:34,192 [master] INFO   → 10 new links (total: 1037)
2026-05-05 14:25:35,693 [master] INFO Fetching listing page 100: https://factcheck.kg/category/factcheck/page/100/
2026-05-05 14:25:36,678 [master] INFO   → 10 new links (total: 1047)
2026-05-05 14:25:38,179 [master] INFO Total article links: 1047
2026-05-05 14:25:38,179 [master] INFO Scraping (1): https://factcheck.kg/smi-tadzhikistana-myagko-osveshhali-prigranichnyj-konflikt-nepravda-ot-chinovnika-mid-rt/
2026-05-05 14:25:39,187 [master] INFO   [FAKE] СМИ Таджикистана «мягко» освещали приграничный конфликт? Неправда
2026-05-05 14:25:43,188 [master] INFO Scraping (2): https://factcheck.kg/vooruzhennyj-tazhikskij-general-s-voennymi-vtorgsya-v-selo-maksat/
2026-05-05 14:25:44,805 [master] INFO   [UNCERTAIN] Вооруженные таджикские военные во главе с генералом вторглись в с
2026-05-05 14:25:48,819 [master] INFO Scraping (3): https://factcheck.kg/starye-novye-deputaty-bgk-iz-kakih-staryh-partij-prishli-deputaty-v-novyj-sozyv/
2026-05-05 14:25:49,849 [master] INFO   [UNCERTAIN] «Эмгек»— из десяти прошедших кандидатов почти половина уже работа
2026-05-05 14:25:53,850 [master] INFO Scraping (4): https://factcheck.kg/v-padenii-rublya-vinovaty-migranty-proveryaem/
2026-05-05 14:25:54,934 [master] INFO   [FAKE] «Мигранты и их диаспоры в России скупают в наших банках десятки м
2026-05-05 14:25:58,935 [master] INFO Scraping (5): https://factcheck.kg/vtoraya-popytka-alkogolnoj-monopolii-gosudarstva-nachalas-s-zaderzhanij-i-podarkov-rassledovanie-analitika/
2026-05-05 14:26:00,129 [master] INFO   [UNCERTAIN] Таким образом ни страна фирмы, ни ее официальные хозяева неизвест
2026-05-05 14:26:04,135 [master] INFO Scraping (6): https://factcheck.kg/gulya-almambetova-zavershaetsya-proekt-na-22-mln-evro-stroitelstvo-sortirovochnogo-zavoda-ostanovleno-iz-za-pandemii/
2026-05-05 14:26:05,074 [master] INFO   [UNCERTAIN] Гуля Алмамбетова: Завершается проект на 22 млн евро. Строительств
2026-05-05 14:26:09,085 [master] INFO Scraping (7): https://factcheck.kg/papa-rimskij-postavil-lajk-na-otkrovennoe-foto-modeli-pravda/
2026-05-05 14:26:10,301 [master] INFO   [REAL] Папа римский поставил лайк на откровенное фото модели? Полуправда
2026-05-05 14:26:14,302 [master] INFO Scraping (8): https://factcheck.kg/iz-kakih-partij-dejstvuyushhie-deputaty-pojdut-kandidatami-v-odnomandatnye-okruga/
2026-05-05 14:26:15,480 [master] INFO   [UNCERTAIN] Больше всего одномандатников баллотируется среди тех, кто сейчас 
2026-05-05 14:26:19,483 [master] INFO Scraping (9): https://factcheck.kg/pochti-1-5-mln-somov-v-den-skolko-nalogoplatelshhiki-tratyat-na-soderzhanie-goskanalov/
2026-05-05 14:26:20,735 [master] INFO   [UNCERTAIN] Почти 1.5 млн сомов в ДЕНЬ: сколько налогоплательщики тратят на с
2026-05-05 14:26:24,744 [master] INFO Scraping (10): https://factcheck.kg/manipulyaczii-i-plagiat-v-zakonoproekte-gulshat-asylbaevoj-o-manipulirovanii-informacziej/
2026-05-05 14:26:25,848 [master] INFO   [UNCERTAIN] Актуальность данного законопроекта обусловлена тем, что действующ
2026-05-05 14:26:29,850 [master] INFO Scraping (11): https://factcheck.kg/vlasti-ssha-obyavili-chrezvychajnuyu-situacziyu-v-oblasti-zdravoohraneniya-iz-za-ospy-obezyan-proveryaem/
2026-05-05 14:26:30,950 [master] INFO   [REAL] «Мы готовы вывести наш ответ на новый уровень в борьбе с этим вир
2026-05-05 14:26:34,953 [master] INFO Scraping (12): https://factcheck.kg/minzdrav-kr-utverzhdaet-chto-ospa-obezyan-aerozolnaya-infekcziya-proveryaem/
2026-05-05 14:26:36,069 [master] INFO   [UNCERTAIN] «Хотя тесный физический контакт является известным фактором риска
2026-05-05 14:26:40,071 [master] INFO Scraping (13): https://factcheck.kg/mozg-mozhet-raspoznavat-dipfejki-luchshe-chem-glaza-proveryaem/
2026-05-05 14:26:41,204 [master] INFO   [FAKE] «Хотя уровень точности мозга в этом исследовании низок — 54% — он
2026-05-05 14:26:45,218 [master] INFO Scraping (14): https://factcheck.kg/zhenishbek-bajguttiev-u-nas-vsego-6-zemel-prigodny-dlya-selhoz-deyatelnosti-ne-schitaya-pastbishh-pravda/
2026-05-05 14:26:46,266 [master] INFO   [REAL] Женишбек Байгуттиев У нас всего 6% земель пригодны для сельхоз де
2026-05-05 14:26:50,280 [master] INFO Scraping (15): https://factcheck.kg/https-factcheck-kg-rozygrysh-ot-kumtora-k-30-letiyu-k-kompanii-fejk-ili-pravda/
2026-05-05 14:26:51,362 [master] INFO   [UNCERTAIN] Розыгрыш от Кумтора к 30-летию к компании. Фейк или правда?
2026-05-05 14:26:55,372 [master] INFO Scraping (16): https://factcheck.kg/ocherednaya-chistaya-deklaracziya-deputatka-sultanbekova-skryla-ot-nalogovoj-biznes/
2026-05-05 14:26:56,393 [master] INFO   [UNCERTAIN] Очередная «чистая» декларация: Депутатка Султанбекова скрыла от н
2026-05-05 14:27:00,399 [master] INFO Scraping (17): https://factcheck.kg/proverka-sluchaev-koronavirusa-po-soobshheniyam-v-soczialnyh-setyah-na-24-03-2020/
2026-05-05 14:27:01,458 [master] INFO   [FAKE] Проверка случаев коронавируса по сообщениям в социальных сетях на
2026-05-05 14:27:05,468 [master] INFO Scraping (18): https://factcheck.kg/obratnaya-svyaz/
2026-05-05 14:27:06,476 [master] INFO   ✗ Skipped
2026-05-05 14:27:10,478 [master] INFO Scraping (18): https://factcheck.kg/germaniya-uvelichivaet-eksport-v-kyrgyzstan-kakie-tovary-na-pike-populyarnosti/
2026-05-05 14:27:11,559 [master] INFO   [UNCERTAIN] «Немецкий экспорт автомобилей и запчастей (синий) в Кыргызстан вы
2026-05-05 14:27:15,561 [master] INFO Scraping (19): https://factcheck.kg/tri-deputata-gorkenesha-osha-poluchili-mandaty-nezakonno/
2026-05-05 14:27:16,546 [master] INFO   [UNCERTAIN] Так, председатель Ошской территориальной комиссии Урмат Аттокуров
2026-05-05 14:27:20,547 [master] INFO Scraping (20): https://factcheck.kg/uchenye-nashli-dokazatelstva-laboratornogo-proishozhdeniya-covid-19-proveryaem/
2026-05-05 14:27:21,805 [master] INFO   [REAL] В итоге никаких доказательств правоты ученых этот ресурс не предо
2026-05-05 14:27:25,806 [master] INFO Scraping (21): https://factcheck.kg/nurzhigit-kadyrbekov-yjman-nuru-u-nashego-politobedineniya-na-tekushhih-vyborah-net-shtaba-nepravda/
2026-05-05 14:27:26,867 [master] INFO   [UNCERTAIN] Нуржигит Кадырбеков, «Ыйман нуру»: «У нашего политобъединения на 
2026-05-05 14:27:30,868 [master] INFO Scraping (22): https://factcheck.kg/video-na-kotorom-yakoby-taliby-zabirayut-maloletnyuyu-devochku-dlya-vstupleniya-v-brak-staroe/
2026-05-05 14:27:31,933 [master] INFO   [FAKE] “Пусть забирает! Отдайте ему! Ты не трогай!”
2026-05-05 14:27:35,935 [master] INFO Scraping (23): https://factcheck.kg/moskva-sdaet-poziczii-almaty-nazvan-samym-dorogim-gorodom-sng/
2026-05-05 14:27:37,026 [master] INFO   [UNCERTAIN] Москва сдает позиции? Алматы назван «самым дорогим» городом СНГ
2026-05-05 14:27:41,028 [master] INFO Scraping (24): https://factcheck.kg/manipulyacziya-prezident-horvatii-ne-ostanavlival-vakczinacziyu-v-strane/
2026-05-05 14:27:42,118 [master] INFO   [FAKE] Манипуляция: Президент Хорватии не останавливал вакцинацию в стра
2026-05-05 14:27:46,119 [master] INFO Scraping (25): https://factcheck.kg/mirlan-orozbaev-uluu-zhurt-nashi-grazhdane-iz-za-graniczy-vysylayut-ezhegodno-bolee-2-mlrd-strana-dolzhna-byla-uzhe-davno-podnyatsya-nedokazuemo/
2026-05-05 14:27:47,188 [master] INFO   [REAL] Мирлан Орозбаев, «Улуу журт»: «Наши граждане из-за границы высыла
2026-05-05 14:27:51,189 [master] INFO Scraping (26): https://factcheck.kg/v-mediczinskih-maskah-obnaruzheny-chervi-nanochasticzy-nepravda/
2026-05-05 14:27:52,281 [master] INFO   [FAKE] В медицинских масках обнаружены черви (наночастицы) — неправда
2026-05-05 14:27:56,283 [master] INFO Scraping (27): https://factcheck.kg/kyrgyzstan-otkazyvalsya-ot-peregovorov-s-tadzhikskoj-storonoj-nepravda/
2026-05-05 14:27:57,342 [master] INFO   [UNCERTAIN] Напомним, что ранее мы ужеопровергали утверждения таджикских СМИо
2026-05-05 14:28:01,345 [master] INFO Scraping (28): https://factcheck.kg/deputaty-30-let-nazad-i-sejchas-kak-izmenilsya-kachestvennyj-sostav/
2026-05-05 14:28:02,441 [master] INFO   [REAL] Со скандальными высказываниями депутатов вы можете ознакомиться п
2026-05-05 14:28:06,446 [master] INFO Scraping (29): https://factcheck.kg/2023/01/
2026-05-05 14:28:07,757 [master] INFO   [UNCERTAIN] Месяц:January 2023
2026-05-05 14:28:11,758 [master] INFO Scraping (30): https://factcheck.kg/videochek-devushka-hotela-sdelat-selfi-i-upala-v-lavu/
2026-05-05 14:28:12,780 [master] INFO   [FAKE] Текст, сопровождавший публикацию, был с шуточным подтекстом: ”На 
2026-05-05 14:28:16,791 [master] INFO Scraping (31): https://factcheck.kg/investiczii-na-1-mlrd-kak-direktor-gosrynka-turatali-bazar-cherez-gchp-vzyal-ego-v-arendu-na-49-let/
2026-05-05 14:28:17,897 [master] INFO   [UNCERTAIN] Рынок«Кара-Суу»находится на юге Кыргызстана и является одним из с
2026-05-05 14:28:21,909 [master] INFO Scraping (32): https://factcheck.kg/stat-deputatami-parlamenta-hotyat-pochti-400-bezrabotnyh/
2026-05-05 14:28:23,126 [master] INFO   [UNCERTAIN] Всего ЦИКзарегистрировала списки кандидатов 21-й партии — в совок
2026-05-05 14:28:27,127 [master] INFO Scraping (33): https://factcheck.kg/ulukbek-karybek-uulu-el-umutu-v-nashej-partii-net-ni-staryh-politikov-ni-detej-politikov-nepravda/
2026-05-05 14:28:28,194 [master] INFO   [UNCERTAIN] Улукбек Карыбек уулу, «Эл Умуту»: «В нашей партии нет ни старых п
2026-05-05 14:28:32,195 [master] INFO Scraping (34): https://factcheck.kg/faktchek-meriya-ignoriruet-proekt-gchp-po-resheniyu-transportnyh-problem-s-2017-goda/
2026-05-05 14:28:33,240 [master] INFO   [REAL] «Однако, по неизвестным причинам, мэрия до сих пор не определилас
2026-05-05 14:28:37,245 [master] INFO Scraping (35): https://factcheck.kg/category/factcheck/factchekkr/
2026-05-05 14:28:38,191 [master] INFO   [UNCERTAIN] Factcheck в КР
2026-05-05 14:28:42,193 [master] INFO Scraping (36): https://factcheck.kg/kyrgyz-tro-ya-llc-pervaya-kompaniya-iz-kyrgyzstana-kotoraya-voshla-v-sankczionnyj-spisok-ssha-chto-o-nej-izvestno/
2026-05-05 14:28:43,312 [master] INFO   [UNCERTAIN] Что известно о кыргызстанской компании, которая вошла в санкционн
2026-05-05 14:28:47,321 [master] INFO Scraping (37): https://factcheck.kg/pustye-kapsuly-essenczial-forte-n/
2026-05-05 14:28:48,466 [master] INFO   [REAL] Пустые капсулы Эссенциал Форте Н
2026-05-05 14:28:52,468 [master] INFO Scraping (38): https://factcheck.kg/elochnye-ukrasheniya-za-5-mln-somov-tendery-merii-vyigryvaet-odna-i-ta-zhe-kompaniya/
2026-05-05 14:28:53,437 [master] INFO   [UNCERTAIN] Отметим, что ОсОО “Аманат транс” в 2019 году уже выигрвала тендер
2026-05-05 14:28:57,438 [master] INFO Scraping (39): https://factcheck.kg/baktybek-kalmamatov-gosudarstvo-imeet-potenczial-proizvodit-200-mlrd-kvt-chasov-v-god-no-segodnya-my-proizvodim-menee-15-mlrd-kvt-chasov-polupravda/
2026-05-05 14:28:58,632 [master] INFO   [REAL] Бактыбек Калмаматов: Государство имеет потенциал производить 200 
2026-05-05 14:29:02,634 [master] INFO Scraping (40): https://factcheck.kg/category/factcheck/factworld/
2026-05-05 14:29:03,695 [master] INFO   [UNCERTAIN] Factcheck в Мире
2026-05-05 14:29:07,697 [master] INFO Scraping (41): https://factcheck.kg/ocherednaya-afera-komu-pravitelstvo-doverit-tecz-bishkeka/
2026-05-05 14:29:09,015 [master] INFO   [UNCERTAIN] “Hampton Resources Limitedявляется единственным торговым представ
2026-05-05 14:29:13,018 [master] INFO Scraping (42): https://factcheck.kg/novaya-glava-minzdrava-s-2021-goda-nigde-ne-rabotala/
2026-05-05 14:29:14,038 [master] INFO   [REAL] Factcheck.kg ознакомился сбиографиейновой руководительницы ведомс
2026-05-05 14:29:18,047 [master] INFO Scraping (43): https://factcheck.kg/czitata-chek-sadyr-zhaparov-proczitiroval-cherchillya-no-cherchill-takogo-ne-govoril/
2026-05-05 14:29:19,093 [master] INFO   [UNCERTAIN] Цитата-чек: Садыр Жапаров процитировал Черчилля, но Черчилль тако
2026-05-05 14:29:23,094 [master] INFO Scraping (44): https://factcheck.kg/rasizm-v-slovah-orunbekova-razbiraemsya-kto-na-fotografii-i-gde-byl-sdelan-snimok/
2026-05-05 14:29:24,229 [master] INFO   [UNCERTAIN] Расизм в словах Орунбекова. Разбираемся, кто на фотографии и где 
2026-05-05 14:29:28,231 [master] INFO Scraping (45): https://factcheck.kg/rossiya-privyazala-rubl-k-zolotu-nepravda/
2026-05-05 14:29:29,318 [master] INFO   [FAKE] «Банк России в целях обеспечения сбалансированности спроса и пред
2026-05-05 14:29:33,318 [master] INFO Scraping (46): https://www.facebook.com/factcheck.kg
2026-05-05 14:29:34,118 [master] WARNING Failed https://www.facebook.com/factcheck.kg: 400 Client Error: Bad Request for url: https://www.facebook.com/factcheck.kg
2026-05-05 14:29:34,118 [master] INFO   ✗ Skipped
2026-05-05 14:29:38,122 [master] INFO Scraping (46): https://factcheck.kg/metapnevmovirus-opasnee-koronavirusa-proveryaem/
2026-05-05 14:29:39,312 [master] INFO   [UNCERTAIN] Метапневмовирус опаснее коронавируса? Проверяем
2026-05-05 14:29:43,313 [master] INFO Scraping (47): https://factcheck.kg/chto-izvestno-ob-organizacziyah-podpisavshih-zayavlenie-o-zaprete-tiktok-v-kyrgyzstane/
2026-05-05 14:29:44,379 [master] INFO   [REAL] Что известно об организациях, подписавших заявление о запрете Тик
2026-05-05 14:29:48,383 [master] INFO Scraping (48): https://factcheck.kg/czitata-chek-tetcher-predlagala-zabrat-u-rebenka-morozhennoe-proveryaem/
2026-05-05 14:29:49,465 [master] INFO   [REAL] “Один из главных споров нашего времени касается того, сколько ваш
2026-05-05 14:29:53,469 [master] INFO Scraping (49): https://factcheck.kg/czitata-chek-tolstoj-dejstvitelno-pisal-o-svoej-leni-v-dnevnikah/
2026-05-05 14:29:54,603 [master] INFO   [REAL] Цитата-чек: Толстой действительно писал о своей лени в дневниках
2026-05-05 14:29:58,607 [master] INFO Scraping (50): https://factcheck.kg/shutku-adahana-madumarova-vydali-za-skandalnuyu-czitatu-dnya/
2026-05-05 14:29:59,740 [master] INFO   [UNCERTAIN] «Шутку с долей правды» Адахана Мадумарова выдали за скандальную ц
2026-05-05 14:30:03,742 [master] INFO Scraping (51): https://factcheck.kg/indeks-doveriya-naseleniya-k-ministerstvu-soczrazvitiya-vozros-na-17-za-gody-pravleniya-ulukbeka-kochkorova-nepravda/
2026-05-05 14:30:04,756 [master] INFO   [REAL] Индекс доверия населения к министерству соцразвития возрос на 17%
2026-05-05 14:30:08,757 [master] INFO Scraping (52): https://factcheck.kg/obvalilsya-potolok-chi-kompanii-prinimali-uchastie-v-rekonstrukczii-aeroporta-osh/
2026-05-05 14:30:09,847 [master] INFO   [UNCERTAIN] «Наш контракт предусматривал 24-месячную гарантию. Что касается к
2026-05-05 14:30:13,847 [master] INFO Scraping (53): https://factcheck.kg/v-kazahstane-legalizovali-eskort-uslugi-razbiraemsya/
2026-05-05 14:30:14,940 [master] INFO   [UNCERTAIN] В Казахстане легализовали эскорт услуги? Разбираемся
2026-05-05 14:30:18,943 [master] INFO Scraping (54): https://factcheck.kg/vakczinirovannyj-chelovek-stanovitsya-nositelem-covid-19-i-istochaet-iz-sebya-virus-fejk/
2026-05-05 14:30:20,140 [master] INFO   [FAKE] “Это означает, что вакцина против COVID-19 не может вызвать забол
2026-05-05 14:30:24,142 [master] INFO Scraping (55): https://factcheck.kg/2020/05/
2026-05-05 14:30:25,176 [master] INFO   [UNCERTAIN] Месяц:May 2020
2026-05-05 14:30:29,183 [master] INFO Scraping (56): https://factcheck.kg/kakova-rol-kyrgyzstana-v-parallelnom-importe-rossii/
2026-05-05 14:30:30,291 [master] INFO   [FAKE] «Нет признаков того, что массовый поток немецкого экспорта в Цент
2026-05-05 14:30:34,298 [master] INFO Scraping (57): https://factcheck.kg/tak-li-velika-blagotvoritelnaya-deyatelnost-leo-messi-kak-o-nej-govoryat-proveryaem/
2026-05-05 14:30:35,436 [master] INFO   [REAL] В 2014 году фондом Лионеля Месси былопожертвовано $135 тысячгоспи
2026-05-05 14:30:39,441 [master] INFO Scraping (58): https://factcheck.kg/vse-taki-30-ili-40-mln-somov-sobral-minzdrav-dlya-zapuska-altyn-balalyk-proveryaem/
2026-05-05 14:30:40,570 [master] INFO   [UNCERTAIN] Все таки 30 или 40 млн сомов собрал Минздрав для запуска «Алтын б
2026-05-05 14:30:44,577 [master] INFO Scraping (59): https://factcheck.kg/akuly-evolyuczionirovali-i-stali-vyhodit-na-sushu/
2026-05-05 14:30:45,615 [master] INFO   [REAL] Акулы эволюционировали и стали выходить на сушу
2026-05-05 14:30:49,616 [master] INFO Scraping (60): https://factcheck.kg/2023/06/
2026-05-05 14:30:50,669 [master] INFO   [UNCERTAIN] Месяц:June 2023
2026-05-05 14:30:54,670 [master] INFO Scraping (61): https://factcheck.kg/ocherednoj-prognoz-dolgoj-holodnoj-zimy-stoit-li-emu-verit/
2026-05-05 14:30:55,845 [master] INFO   [UNCERTAIN] Очередной прогноз долгой холодной зимы. Стоит ли ему верить?
2026-05-05 14:30:59,846 [master] INFO Scraping (62): https://factcheck.kg/zemlya-parka-pozhar-otravlenie-smert-istoriya-czentra-otdyha-ala-too/
2026-05-05 14:31:00,969 [master] INFO   [UNCERTAIN] Она – ресторатор идочьнародного кыргызского писателя Сагындыка Ом
2026-05-05 14:31:04,970 [master] INFO Scraping (63): https://factcheck.kg/sultanbekov-zayavil-chto-vneshnij-dolg-za-god-vyros-na-950-mln-proveryaem/
2026-05-05 14:31:06,138 [master] INFO   [FAKE] Султанбеков заявил, что внешний долг за год вырос на $950 млн. Пр
2026-05-05 14:31:10,144 [master] INFO Scraping (64): https://factcheck.kg/shojgu-vruchil-medal-devochke-kotoraya-donesla-na-otcza-uklonista-proveryaem/
2026-05-05 14:31:11,237 [master] INFO   [UNCERTAIN] “В тот день Саша и Давид ехали на тренировку. До занятия оставалс
2026-05-05 14:31:15,240 [master] INFO Scraping (65): https://factcheck.kg/ahunbaj-koshoev-mekenchil-el-my-sami-napisali-predvybornuyu-programmu-partii-a-ne-skopirovali-nepravda/
2026-05-05 14:31:16,191 [master] INFO   [REAL] Ахунбай Кошоев, «Мекенчил Эл»: «Мы сами написали предвыборную про
2026-05-05 14:31:20,192 [master] INFO Scraping (66): https://factcheck.kg/chto-izvestno-pro-kompanii-kotorye-sobirayutsya-stroit-musoropererabatyvayushhij-zavod-v-bishkeke/
2026-05-05 14:31:21,693 [master] INFO   [UNCERTAIN] «Стоимость проекта разнится. Одна предлагает $50 млн, другая − $3
2026-05-05 14:31:25,694 [master] INFO Scraping (67): https://factcheck.kg/nad-kaaboj-ne-sposobny-letat-samolety-i-pticzy-proveryaem/
2026-05-05 14:31:26,811 [master] INFO   [REAL] “А так как это центр тяжести, то естественно притягивает магнитны
2026-05-05 14:31:30,812 [master] INFO Scraping (68): https://factcheck.kg/shvecziya-otkazalas-ot-borby-s-koronavirusom-fejk/
2026-05-05 14:31:32,046 [master] INFO   [FAKE] Швеция отказалась от борьбы с коронавирусом — фейк?
2026-05-05 14:31:36,048 [master] INFO Scraping (69): https://factcheck.kg/alabuga-kak-kyrgyzstanok-privlekayut-na-rabotu-v-meste-sborki-iranskih-dronov/
2026-05-05 14:31:37,091 [master] INFO   [UNCERTAIN] “ОЭЗ «Алабуга» вошла в число самых эффективных особых экономическ
2026-05-05 14:31:41,093 [master] INFO Scraping (70): https://factcheck.kg/uchastniki-mitinga-protiv-kaktus-media-kto-oni/
2026-05-05 14:31:43,135 [master] INFO   [UNCERTAIN] Участники митинга против Kaktus.media — кто они
2026-05-05 14:31:47,136 [master] INFO Scraping (71): https://factcheck.kg/ochen-zhal-skazochnyj-snimok-iz-bosteri-s-molniej-i-dvumya-radugami-fotofejk/
2026-05-05 14:31:48,170 [master] INFO   [REAL] Иссык-Куль. Село Бостери.pic.twitter.com/OmuAdR5YFa— Kamil Ruziev
2026-05-05 14:31:52,172 [master] INFO Scraping (72): https://factcheck.kg/yaponskim-studentam-i-shkolnikam-zapreshheno-krasit-volosy/
2026-05-05 14:31:53,098 [master] INFO   [REAL] Японским студентам и школьникам запрещено красить волосы?
2026-05-05 14:31:57,101 [master] INFO Scraping (73): https://factcheck.kg/faktchek-kitaj-stolknulsya-s-novoj-volnoj-zabolevaemosti-covid-19/
2026-05-05 14:31:58,160 [master] INFO   [REAL] Фактчек: Китай столкнулся с новой волной заболеваемости COVID-19
2026-05-05 14:32:02,162 [master] INFO Scraping (74): https://factcheck.kg/2024/12/
2026-05-05 14:32:03,187 [master] INFO   [REAL] Месяц:December 2024
2026-05-05 14:32:07,189 [master] INFO Scraping (75): https://factcheck.kg/kanybek-imanaliev-segodnya-po-dannym-pisa-my-zanimaem-62-mesto-lozh/
2026-05-05 14:32:08,287 [master] INFO   [REAL] Каныбек Иманалиев: Сегодня по данным PISA мы занимаем 62 место — 
2026-05-05 14:32:12,288 [master] INFO Scraping (76): https://factcheck.kg/dimash-kudajbergenov-rodom-iz-kazahskogo-plemeni-kyrgyz-pravda/
2026-05-05 14:32:13,226 [master] INFO   [REAL] Димаш Кудайбергенов родом из казахского племени кыргыз?
2026-05-05 14:32:17,227 [master] INFO Scraping (77): https://factcheck.kg/vse-svoi-kakie-imeyutsya-rodstvennye-svyazi-v-bolshoj-politike/
2026-05-05 14:32:18,337 [master] INFO   [UNCERTAIN] Все свои. Какие имеются родственные связи в большой политике
2026-05-05 14:32:22,338 [master] INFO Scraping (78): https://factcheck.kg/vybory-v-bgk-pochemu-czik-dolzhen-otkazat-partii-yntymak-v-registraczii/
2026-05-05 14:32:23,585 [master] INFO   [REAL] Выборы в БГК: почему ЦИК должна отказать партии “Ынтымак” в регис
2026-05-05 14:32:27,587 [master] INFO Scraping (79): https://factcheck.kg/skolko-let-na-samom-dele-zhenshhine-proveryaem/
2026-05-05 14:32:28,632 [master] INFO   [UNCERTAIN] Сколько лет на самом деле женщине? Проверяем
2026-05-05 14:32:32,639 [master] INFO Scraping (80): https://factcheck.kg/reczept-ot-koronavirusa-v-sovetskih-gazetah-proveryaem/
2026-05-05 14:32:33,600 [master] INFO   [FAKE] Рецепт от коронавируса в советских газетах? Проверяем
2026-05-05 14:32:37,615 [master] INFO Scraping (81): https://factcheck.kg/7440-2/
2026-05-05 14:32:38,642 [master] INFO   [REAL] Самаган Асанов, «Багыт»: «Внешний долг Кыргызстана составляет 4 м
2026-05-05 14:32:42,655 [master] INFO Scraping (82): https://factcheck.kg/na-kumtore-ne-ostalos-zapasov-zolota-nepravda/
2026-05-05 14:32:43,702 [master] INFO   [REAL] На Кумторе не осталось запасов золота? Неправда
2026-05-05 14:32:47,704 [master] INFO Scraping (83): https://factcheck.kg/letuchaya-mysh-s-filippin-mozhet-dostigat-chelovecheskih-razmerov-proveryaem/
2026-05-05 14:32:48,776 [master] INFO   [FAKE] Летучая мышь с Филиппин может достигать человеческих размеров? Пр
2026-05-05 14:32:52,777 [master] INFO Scraping (84): https://factcheck.kg/kazahstan-perebrasyvaet-vojska-v-ukrainu-nepravda/
2026-05-05 14:32:53,867 [master] INFO   [UNCERTAIN] «Для проведения практических занятий с учащимися Военного колледж
2026-05-05 14:32:57,868 [master] INFO Scraping (85): https://factcheck.kg/verhovnyj-muftij-kyrgyzstana-imitiroval-vakczinacziyu-proveryaem/
2026-05-05 14:32:59,072 [master] INFO   [FAKE] Муфтий Кыргызстана имитировал вакцинацию? Проверяем
2026-05-05 14:33:03,087 [master] INFO Scraping (86): https://factcheck.kg/povysit-li-topolinyj-puh-zarazhaemost-koronavirusom-ne-dokazano/
2026-05-05 14:33:04,141 [master] INFO   [REAL] Повысит ли тополиный пух заражаемость коронавирусом? — Не доказан
2026-05-05 14:33:08,144 [master] INFO Scraping (87): https://factcheck.kg/faktchek-pochemu-policziya-izbivaet-passazhirov-v-metro/
2026-05-05 14:33:09,200 [master] INFO   [UNCERTAIN] Фактчек. Почему полиция избивает пассажиров в метро?
2026-05-05 14:33:13,206 [master] INFO Scraping (88): https://factcheck.kg/v-parlamente-novye-deputaty-chto-o-nih-izvestno/
2026-05-05 14:33:14,457 [master] INFO   [UNCERTAIN] В парламенте новые депутаты. Что о них известно?
2026-05-05 14:33:18,465 [master] INFO Scraping (89): https://factcheck.kg/kak-rossijskie-biznesmeny-kontroliruyut-sajt-zakupok-dlya-gospredpriyatij/
2026-05-05 14:33:19,557 [master] INFO   [UNCERTAIN] Как российские бизнесмены контролируют сайт закупок для госпредпр
2026-05-05 14:33:23,572 [master] INFO Scraping (90): https://factcheck.kg/kartina-okazalas-shutkoj-stalin-nikogda-ne-byl-na-issyk-kule/
2026-05-05 14:33:24,752 [master] INFO   [UNCERTAIN] «Легенда», по словам автора, такова: «всемирно-известный художник
2026-05-05 14:33:28,753 [master] INFO Scraping (91): https://factcheck.kg/kanczler-germanii-bismark-zagovoril-v-internete-cherez-100-let-posle-smerti/
2026-05-05 14:33:29,888 [master] INFO   [FAKE] Когда Бисмарк говорил о “мы”, он имел в виду Пруссию и Германию. 
2026-05-05 14:33:33,902 [master] INFO Scraping (92): https://factcheck.kg/uregulirovaniya-internet-prostranstva-v-zakonoproekte-o-smi/
2026-05-05 14:33:34,951 [master] INFO   [UNCERTAIN] При этом результатом подобных исследований должно стать не доскон
2026-05-05 14:33:38,965 [master] INFO Scraping (93): https://factcheck.kg/v-avstralii-chislo-smertej-ot-koronavirusa-uvelichilos-v-desyatki-raz/
2026-05-05 14:33:40,173 [master] INFO   [REAL] В Австралии число смертей от коронавируса увеличилось в десятки р
2026-05-05 14:33:44,174 [master] INFO Scraping (94): https://factcheck.kg/narushenie-pravil-agitaczii-spikerom-parlamenta-dastanom-dzhumabekovym/
2026-05-05 14:33:45,308 [master] INFO   [REAL] Нарушение правил агитации спикером парламента Дастаном Джумабеков
2026-05-05 14:33:49,310 [master] INFO Scraping (95): https://factcheck.kg/prezidentskij-detskij-sad-pokupaet-proektor-za-570-tysyach-somov/
2026-05-05 14:33:50,393 [master] INFO   [UNCERTAIN] Также выяснилось, что впервыеинтерактивный видеопроекторпоказали 
2026-05-05 14:33:54,395 [master] INFO Scraping (96): https://factcheck.kg/ocherednoe-neizvestnoe-nauke-sushhestvo-nepravda/
2026-05-05 14:33:55,639 [master] INFO   [REAL] Очередное неизвестное науке существо? Неправда
2026-05-05 14:33:59,651 [master] INFO Scraping (97): https://factcheck.kg/2021/03/
2026-05-05 14:34:00,718 [master] INFO   [UNCERTAIN] Месяц:March 2021
2026-05-05 14:34:04,729 [master] INFO Scraping (98): https://factcheck.kg/predznamenovanie-katastrofy-ili-obychnoe-yavlenie-pochemu-molniya-udarila-v-statuyu-hrista-iskupitelya-proveryaem/
2026-05-05 14:34:05,856 [master] INFO   [UNCERTAIN] ПоданнымБразильского института космических исследований (Inpe), к
2026-05-05 14:34:09,858 [master] INFO Scraping (99): https://factcheck.kg/kadrovye-perestanovki-predprinimateli-tehnologi-prodyusery-i-slesari-teper-krupnye-rukovoditeli-2/
2026-05-05 14:34:10,911 [master] INFO   [UNCERTAIN] Кадровые перестановки: предприниматели, технологи, продюсеры и сл
2026-05-05 14:34:14,917 [master] INFO Scraping (100): https://factcheck.kg/kanczler-germanii-otkazalas-vakczinirovatsya-astrazeneca-proveryaem/
2026-05-05 14:34:15,961 [master] INFO   [FAKE] Канцлер Германии отказалась вакцинироваться AstraZeneca? Проверяе
2026-05-05 14:34:19,967 [master] INFO Scraping (101): https://factcheck.kg/govorit-o-chudodejstvennyh-svojstvah-lekarstva-mesencure-poka-rano/
2026-05-05 14:34:21,149 [master] INFO   [UNCERTAIN] Говорить о «чудодейственных свойствах» лекарства MesenCure пока р
2026-05-05 14:34:25,150 [master] INFO Scraping (102): https://factcheck.kg/gvozdi-v-kapsulah-lekarstva-enterofuril/
2026-05-05 14:34:26,209 [master] INFO   [UNCERTAIN] Гвозди в капсулах лекарства Энтерофурил?
2026-05-05 14:34:30,211 [master] INFO Scraping (103): https://factcheck.kg/letayushhij-korabl-illyuziya-ili-fotomontazh/
2026-05-05 14:34:31,133 [master] INFO   [FAKE] Летающий корабль – иллюзия или фотомонтаж?
2026-05-05 14:34:35,135 [master] INFO Scraping (104): https://factcheck.kg/pryamoj-ugrozy-napast-na-tadzhikistan-so-storony-talibov-poka-ne-postupalo/
2026-05-05 14:34:36,165 [master] INFO   [REAL] Прямой угрозы напасть на Таджикистан со стороны талибов пока не п
2026-05-05 14:34:40,176 [master] INFO Scraping (105): https://factcheck.kg/evropu-nakryvaet-obezyanya-ospa-proveryaem/
2026-05-05 14:34:41,125 [master] INFO   [REAL] Впервые данный вирус обнаружили в 1970 году в десяти африканских 
2026-05-05 14:34:45,126 [master] INFO Scraping (106): https://factcheck.kg/bogatye-amerikanczy-hotyat-obuchat-svoih-detej-po-sovetskim-uchebnikam-matematiki-proveryaem/
2026-05-05 14:34:46,091 [master] INFO   [REAL] “Обучение математике по советской учебной программе приобретает в
2026-05-05 14:34:50,101 [master] INFO Scraping (107): https://factcheck.kg/sushhestvuet-li-ugroza-pandemii-bubonnoj-chumy-net/
2026-05-05 14:34:51,168 [master] INFO   [REAL] Существует ли угроза пандемии бубонной чумы? Нет
2026-05-05 14:34:55,168 [master] INFO Scraping (108): https://factcheck.kg/boroda-uvelichivaet-v-tysyachu-raz-risk-podhvatit-koronavirus-proveryaem/
2026-05-05 14:34:56,123 [master] INFO   [UNCERTAIN] “Причина риска заражения из-за волос бороды или длинных усов – за
2026-05-05 14:35:00,124 [master] INFO Scraping (109): https://factcheck.kg/novyj-glava-tamozhni-krupnyj-biznesmen-i-hozyain-parka-silk-way/
2026-05-05 14:35:01,610 [master] INFO   [UNCERTAIN] Новый глава Таможни — крупный бизнесмен и хозяин парка Silk Way
2026-05-05 14:35:05,611 [master] INFO Scraping (110): https://factcheck.kg/klony-kak-svyazany-partii-bizdin-kyrgyzstan-i-mekenim-kyrgyzstan/
2026-05-05 14:35:06,922 [master] INFO   [UNCERTAIN] Напомним, «Кыргыз каганат» — это строительная компания, входит в 
2026-05-05 14:35:10,923 [master] INFO Scraping (111): https://factcheck.kg/sotrudniki-gosohrany-agitiruyut-za-sadyra-zhaparova/
2026-05-05 14:35:12,059 [master] INFO   [FAKE] Сотрудники Госохраны агитируют за Садыра Жапарова?
2026-05-05 14:35:16,060 [master] INFO Scraping (112): https://factcheck.kg/s-kem-kyrgyzstan-sobiraetsya-podpisyvat-dogovor-na-2-3-mlrd/
2026-05-05 14:35:17,138 [master] INFO   [UNCERTAIN] С кем Кыргызстан собирается подписывать договор на 2.3 млрд$?
2026-05-05 14:35:21,140 [master] INFO Scraping (113): https://factcheck.kg/prezident-podelilsya-provokaczionnoj-informacziej-o-tekebaeve-proveryaem/
2026-05-05 14:35:22,557 [master] INFO   [FAKE] Президент поделился провокационной информацией о Текебаеве? Прове
2026-05-05 14:35:26,559 [master] INFO Scraping (114): https://factcheck.kg/sudit-legko-pochemu-zhenshhiny-ostavlyayut-mladenczev-na-ulicze-na-samom-dele-i-kakie-est-resheniya-problemy/
2026-05-05 14:35:27,732 [master] INFO   [UNCERTAIN] “Это дети, родившиеся у матерей, которые не имеют возможности вос
2026-05-05 14:35:31,739 [master] INFO Scraping (115): https://factcheck.kg/kyrgyz-mitingde-atazovdu-koldogondor-buga-chejin-provokacziyalyk-akcziyalarga-katyshkan-faktchek/
2026-05-05 14:35:32,820 [master] INFO   [UNCERTAIN] «Сторонники» Атазова — участники провокационных митингов. Фактчек
2026-05-05 14:35:36,822 [master] INFO Scraping (116): https://factcheck.kg/avtor-zakona-o-smi-murat-ukushov-opyat-popalsya-na-etot-raz-na-plagiate-statej-ria-novosti/
2026-05-05 14:35:37,931 [master] INFO   [FAKE] Напомним, читатели Factcheck.kg знают Мурата Укушова пофактчекинг
2026-05-05 14:35:41,933 [master] INFO Scraping (117): https://factcheck.kg/2023/07/
2026-05-05 14:35:42,955 [master] INFO   [FAKE] Месяц:July 2023
2026-05-05 14:35:46,958 [master] INFO Scraping (118): https://factcheck.kg/fotofejk-taliby-ne-pisali-na-svoem-avtomobile-spasibo-dedu-za-pobedu/
2026-05-05 14:35:48,012 [master] INFO   [FAKE] Фотофейк: талибы не писали на своем автомобиле «Спасибо деду за п
2026-05-05 14:35:52,017 [master] INFO Scraping (119): https://factcheck.kg/voennaya-tehnika-na-uliczah-samary-dlya-podavleniya-volnenij-iz-za-koronavirusa-fejk/
2026-05-05 14:35:53,089 [master] INFO   [FAKE] Военная техника на улицах Самары для подавления волнений из-за ко
2026-05-05 14:35:57,092 [master] INFO Scraping (120): https://factcheck.kg/kiprskij-sled-strojkompanii-deputata-zhk-zhusupbeka-korgonbaj-uulu/
2026-05-05 14:35:58,237 [master] INFO   [UNCERTAIN] Почему это важно?Во время правления Курманбека Бакиева Национальн
2026-05-05 14:36:02,239 [master] INFO Scraping (121): https://factcheck.kg/pro-derevya-tualetnuyu-bumagu-i-gretu-tunberg-prizyvala-li-ekoaktivistka-kitajczev-otkazatsya-ot-palochek-dlya-edy/
2026-05-05 14:36:03,309 [master] INFO   [FAKE] Про деревья, туалетную бумагу и Грету Тунберг. Призывала ли экоак
2026-05-05 14:36:07,313 [master] INFO Scraping (122): https://factcheck.kg/chto-izvestno-o-novom-lyambda-variante-koronavirusa/
2026-05-05 14:36:08,394 [master] INFO   [REAL] Что известно о новом Лямбда-варианте коронавируса?
2026-05-05 14:36:12,401 [master] INFO Scraping (123): https://factcheck.kg/deputaty-trebuyut-unichtozhit-svoi-deklaraczii-a-vse-chto-nazhito-do-etogo-legalizovat/
2026-05-05 14:36:13,551 [master] INFO   [UNCERTAIN] Депутаты требуют уничтожить свои декларации, а все что нажито до 
2026-05-05 14:36:17,561 [master] INFO Scraping (124): https://factcheck.kg/kubatbek-alymbekov-patrioticheskoj-partii-edineniya-kyrgyzstana-my-vyberem-novye-kadry-unichtozhim-starye-kadry-nepravda/
2026-05-05 14:36:18,601 [master] INFO   [UNCERTAIN] Кубатбек Алымбеков, «Патриотической партии единения Кыргызстана»:
2026-05-05 14:36:22,605 [master] INFO Scraping (125): https://factcheck.kg/zhanybek-abirov-emgek-my-zhdem-150-tysyach-vakczin-ot-rossijskoj-federaczii/
2026-05-05 14:36:23,810 [master] INFO   [UNCERTAIN] Жаныбек Абиров, «Эмгек»: Мы ждем 150 тысяч вакцин от Российской Ф
2026-05-05 14:36:27,810 [master] INFO Scraping (126): https://factcheck.kg/v-kakie-skandaly-byli-vovlecheny-deputaty-v-uhodyashhem-godu/
2026-05-05 14:36:28,874 [master] INFO   [FAKE] «Уважаемый Садыр Нургожоевич, Камчыбек Кыдыршаевич. Считаю, что в
2026-05-05 14:36:32,881 [master] INFO Scraping (127): https://factcheck.kg/v-rossii-zapretyat-dvernye-glazki-proveryaem/
2026-05-05 14:36:33,918 [master] INFO   [FAKE] В России запретят дверные глазки? Проверяем
2026-05-05 14:36:37,918 [master] INFO Scraping (128): https://factcheck.kg/samoe-staroe-zdanie-vo-franczii-proveryaem/
2026-05-05 14:36:39,268 [master] INFO   [UNCERTAIN] Самое старое здание во Франции? Проверяем
2026-05-05 14:36:43,269 [master] INFO Scraping (129): https://factcheck.kg/popolnenie-byudzheta-do-milliarda-somov-kto-v-kyrgyzstane-dobyvaet-chernoe-zoloto/
2026-05-05 14:36:44,428 [master] INFO   [UNCERTAIN] Пополнение бюджета до миллиарда сомов: кто в Кыргызстане добывает
2026-05-05 14:36:48,430 [master] INFO Scraping (130): https://factcheck.kg/mnogozhenecz-i-motivator-chto-izvestno-ob-inicziatorah-zakrytiya-fonda-soros-kyrgyzstan/
2026-05-05 14:36:49,661 [master] INFO   [UNCERTAIN] Многоженец и мотиватор: что известно об инициаторах закрытия Фонд
2026-05-05 14:36:53,662 [master] INFO Scraping (131): https://factcheck.kg/mihail-gorbachyov-poluchil-grazhdanstvo-ssha-nepravda/
2026-05-05 14:36:54,770 [master] INFO   [FAKE] Михаил Горбачёв получил гражданство США? Неправда
2026-05-05 14:36:58,780 [master] INFO Scraping (132): https://factcheck.kg/faktchek-pticzy-narushayut-zakony-fiziki-zavisaya-v-vozduhe/
2026-05-05 14:36:59,808 [master] INFO   [REAL] Фактчек: Птицы нарушают законы физики, зависая в воздухе?
2026-05-05 14:37:03,819 [master] INFO Scraping (133): https://factcheck.kg/v-kitae-sozdali-gmo-detej-proveryaem/
2026-05-05 14:37:04,952 [master] INFO   [UNCERTAIN] «Они ведут нормальную, мирную, безмятежную жизнь. Это их желание,
2026-05-05 14:37:08,956 [master] INFO Scraping (134): https://factcheck.kg/snova-plagiat-administracziya-prezidenta-skopirovala-zakon-o-smi-s-rossijskogo-zakonodatelstva/
2026-05-05 14:37:10,642 [master] INFO   [UNCERTAIN] Так, к примеру, в статье №1 разница лишь в первом предложении. В 
2026-05-05 14:37:14,642 [master] INFO Scraping (135): https://factcheck.kg/chto-svyazyvaet-spikera-parlamenta-s-izvestnoj-peviczej/
2026-05-05 14:37:15,771 [master] INFO   [UNCERTAIN] Что связывает спикера парламента с известной певицей?
2026-05-05 14:37:19,772 [master] INFO Scraping (136): https://factcheck.kg/chto-takoe-sdvg-kak-predrassudki-mogut-povliyat-na-nepravilnoe-vospriyatie-i-stigmatizacziyu/
2026-05-05 14:37:20,861 [master] INFO   [UNCERTAIN] Чтобы получить диагноз СДВГ, симптомы невнимательности и/или гипе
2026-05-05 14:37:24,862 [master] INFO Scraping (137): https://factcheck.kg/lozh-minzdrava-o-testah-ot-fonda-matraimovyh/
2026-05-05 14:37:26,066 [master] INFO   [FAKE] Обратите внимание, что Айгуль Жумаканова говорит не о коронавирус
2026-05-05 14:37:30,071 [master] INFO Scraping (138): https://factcheck.kg/v-sokuluke-iz-za-anomalnoj-zhary-rasplavilsya-svetofor-proveryaem/
2026-05-05 14:37:31,094 [master] INFO   [UNCERTAIN] Фоточек: В Сокулуке из-за аномальной жары расплавился светофор?
2026-05-05 14:37:35,105 [master] INFO Scraping (139): https://factcheck.kg/obysk-v-ofise-24-kg-prevyshenie-polnomochij-i-ugroza-pravam-grazhdan-i-smi/
2026-05-05 14:37:36,314 [master] INFO   [UNCERTAIN] Что касается статьи 407 «Пропаганда войны» УК КР, по которой возб
2026-05-05 14:37:40,320 [master] INFO Scraping (140): https://factcheck.kg/baktybek-kalmamatov-azattyk-v-kyrgyzstane-nuzhno-provesti-inventarizacziyu-zakonoproektov-nepravda/
2026-05-05 14:37:41,465 [master] INFO   [UNCERTAIN] Бактыбек Калмаматов, «Азаттык»: «В Кыргызстане нужно провести инв
2026-05-05 14:37:45,466 [master] INFO Scraping (141): https://factcheck.kg/ukrainczy-mogut-otravlyat-vodu-boepripasy-i-edu-botulotoksinom-eto-pravda/
2026-05-05 14:37:46,499 [master] INFO   [UNCERTAIN] Украинцы могут отравлять воду, боеприпасы и еду ботулотоксином. Э
2026-05-05 14:37:50,506 [master] INFO Scraping (142): https://factcheck.kg/vybory-v-bgk-lozh-kandidata-v-deputaty-tyuleevskoj-partii-ak-bata/
2026-05-05 14:37:51,690 [master] INFO   [UNCERTAIN] Выборы в БГК: история с земельными участками и почему кандидат в 
2026-05-05 14:37:55,691 [master] INFO Scraping (143): https://factcheck.kg/deputat-zhk-nurbek-alimbekov-skryl-v-deklaraczii-realnye-dohody-rodstvennikov/
2026-05-05 14:37:56,659 [master] INFO   [UNCERTAIN] Депутат ЖК Нурбек Алимбеков скрыл в декларациях реальные доходы р
2026-05-05 14:38:00,661 [master] INFO Scraping (144): https://factcheck.kg/vsego-za-sutki-naibolee-postradavshij-vo-vremya-konflikta-histevarz-vospryanul-iz-ruin-proveryaem/
2026-05-05 14:38:02,018 [master] INFO   [UNCERTAIN] Всего за сутки «наиболее пострадавший» во время конфликта Хистева
2026-05-05 14:38:06,020 [master] INFO Scraping (145): https://factcheck.kg/prekrashhajte-chernyj-piar-v-otnoshenii-tashieva-chem-izvestny-uchastniki-press-konferenczii-vystupivshie-v-zashhitu-glavy-gknb/
2026-05-05 14:38:07,230 [master] INFO   [UNCERTAIN] “Прекращайте черный пиар в отношении Ташиева”. Чем известны участ
2026-05-05 14:38:11,240 [master] INFO Scraping (146): https://factcheck.kg/baktybek-kalmamatov-my-pokupaem-gsm-na-600-mln-dollarov-pravda/
2026-05-05 14:38:12,527 [master] INFO   [REAL] Бактыбек Калмаматов: Мы покупаем ГСМ на 600 млн долларов. — Правд
2026-05-05 14:38:16,527 [master] INFO Scraping (147): https://factcheck.kg/2020/07/
2026-05-05 14:38:17,551 [master] INFO   [UNCERTAIN] Месяц:July 2020
2026-05-05 14:38:21,555 [master] INFO Scraping (148): https://factcheck.kg/shakiev-takoj-svobody-slova-net-vo-mnogih-stranah-mira-chto-proishodit-so-svobodoj-slova-v-kr/
2026-05-05 14:38:22,921 [master] INFO   [UNCERTAIN] “Дело в другом: как мы ею пользуемся. За свободой слова необходим
2026-05-05 14:38:26,922 [master] INFO Scraping (149): https://factcheck.kg/kyrgyzstan-eksportiroval-v-rossiyu-priczelov-dlya-oruzhiya-na-10-mln-somov/
2026-05-05 14:38:28,042 [master] INFO   [UNCERTAIN] Еще 285 штук на более чем 10 млн отправлены в Россию:
2026-05-05 14:38:32,043 [master] INFO Scraping (150): https://factcheck.kg/zatraty-na-predstavitelskie-rashody-i-komandirovki-deputatov-vyrosli-na-desyatki-millionov-somov-v-poslednie-gody/
2026-05-05 14:38:33,167 [master] INFO   [UNCERTAIN] Затраты на представительские расходы и командировки депутатов выр
2026-05-05 14:38:37,168 [master] INFO Scraping (151): https://factcheck.kg/kompaniya-mera-bishkeka-prodolzhaet-nezakonno-stroit-zhiloj-kompleks-na-territorii-doma-prestarelyh/
2026-05-05 14:38:38,208 [master] INFO   [FAKE] ОсОО “Romford Trade” (Ромфорд Трейд)  –компания, занимающаяся опт
2026-05-05 14:38:42,209 [master] INFO Scraping (152): https://factcheck.kg/restoranom-saltanat-vladeet-syn-ministra-energetiki-chto-eshhe-izvestno/
2026-05-05 14:38:43,302 [master] INFO   [UNCERTAIN] Рестораном «Салтанат» владеет сын министра энергетики. Что еще из
2026-05-05 14:38:47,305 [master] INFO Scraping (153): https://factcheck.kg/deputat-bgk-alymbek-baktybekov-prodaet-aviatoplivo-v-partnerstve-s-gazprom-neft/
2026-05-05 14:38:48,594 [master] INFO   [UNCERTAIN] «Одним из ключевых направлений стратегии развития «Газпромнефть-А
2026-05-05 14:38:52,595 [master] INFO Scraping (154): https://factcheck.kg/kfc-ukrainskie-kurochki-dobro-pozhalovat-v-germaniyu-fejk-ili-pravda/
2026-05-05 14:38:53,668 [master] INFO   [FAKE] “Это поддельная кампания, в которой незаконно используется логоти
2026-05-05 14:38:57,670 [master] INFO Scraping (155): https://factcheck.kg/podvergalis-li-zhiteli-donbassa-genoczidu-so-storony-ukrainy/
2026-05-05 14:38:58,861 [master] INFO   [UNCERTAIN] В своёмобращениио начале военной операции в Донбассе Владимир Пут
2026-05-05 14:39:02,875 [master] INFO Scraping (156): https://factcheck.kg/ocherednoj-biznes-mimo-nalogovoj-deputatka-ne-ukazala-v-deklaraczii-chetyre-firmy/
2026-05-05 14:39:03,978 [master] INFO   [UNCERTAIN] Очередной бизнес мимо налоговой: депутатка не указала в деклараци
2026-05-05 14:39:07,980 [master] INFO Scraping (157): https://factcheck.kg/kyrgyz-bolot-temirov-menen-kamchybek-tashievdin-tireshinin-ma%d2%a3yzy/
2026-05-05 14:39:09,142 [master] INFO   [UNCERTAIN] Журналист Ыдырыс Исаков пояснил, откуда Болот Темиров получает гр
2026-05-05 14:39:13,143 [master] INFO Scraping (158): https://factcheck.kg/polzovatel-sadyr-zhaparov-oskorbivshij-dastana-bekesheva-ne-fejkovyj-faktchek/
2026-05-05 14:39:14,229 [master] INFO   [FAKE] Пользователь “Садыр Жапаров”, оскорбивший Дастана Бекешева, не фе
2026-05-05 14:39:18,230 [master] INFO Scraping (159): https://factcheck.kg/kak-minprirody-uluchshilo-kachestvo-vozduha-v-bishkeke-videochek/
2026-05-05 14:39:19,362 [master] INFO   [REAL] «Мы ратифицировали соглашение о предоставлении кредита на 50 млн 
2026-05-05 14:39:23,364 [master] INFO Scraping (160): https://factcheck.kg/chto-izvestno-o-sude-kotoraya-otpustila-pod-domashnij-arest-podozrevaemogo-v-smerti-ajzy-ulan/
2026-05-05 14:39:24,525 [master] INFO   [UNCERTAIN] «Судья ссылалась на то, что ранее по делу подавалось встречное за
2026-05-05 14:39:28,528 [master] INFO Scraping (161): https://factcheck.kg/fotochek-loshad-v-narynskoj-oblasti-s-neobychnym-okrasom/
2026-05-05 14:39:29,469 [master] INFO   [UNCERTAIN] Фоточек: Лошадь в Нарынской области с необычным окрасом
2026-05-05 14:39:33,470 [master] INFO Scraping (162): https://factcheck.kg/rkfr-otkazalsya-raskryvat-imya-primova-poluchivshego-samyj-bolshoj-kredit-v-oshe/
2026-05-05 14:39:34,594 [master] INFO   [UNCERTAIN] Отметим, что в СМИ данные о кредитах для предпринимателей Оша и О
2026-05-05 14:39:38,596 [master] INFO Scraping (163): https://factcheck.kg/vrio-minobraza-mambetakunov-vladeet-alkokompaniej-podrobnosti-biografii/
2026-05-05 14:39:39,691 [master] INFO   [UNCERTAIN] Долгие годы работал в различных университетах Кыргызстана и Казах
2026-05-05 14:39:43,697 [master] INFO Scraping (164): https://factcheck.kg/video-chek-na-kameru-popal-moment-popadaniya-rakety-v-zhiloj-dom-v-harkove-proveryaem/
2026-05-05 14:39:44,762 [master] INFO   [UNCERTAIN] Видео-чек: На камеру попал момент попадания ракеты в жилой дом в 
2026-05-05 14:39:48,763 [master] INFO Scraping (165): https://factcheck.kg/povtornye-vybory-po-sverdlovskomu-okrugu-ballotiruyutsya-storonniki-matraimova-i-eks-chinovniki/
2026-05-05 14:39:49,869 [master] INFO   [UNCERTAIN] Повторные выборы. По Свердловскому округу баллотируются сторонник
2026-05-05 14:39:53,870 [master] INFO Scraping (166): https://factcheck.kg/otkryvali-ploshhadki-predlagali-menyat-nazvaniya-rajonov-otsuzhivali-mandaty-kakoj-byl-tolk-ot-deputatov-kotorye-povtorno-proshli-v-bgk/
2026-05-05 14:39:54,988 [master] INFO   [FAKE] Открывали площадки, предлагали менять названия районов, отсуживал
2026-05-05 14:39:59,000 [master] INFO Scraping (167): https://factcheck.kg/kak-v-kr-na-smenu-svobody-slova-prihodit-propaganda-i-czenzura/
2026-05-05 14:40:00,084 [master] INFO   [FAKE] “Создавал группы в «Одноклассниках», в Facebook, в Instagram. Я с
2026-05-05 14:40:04,085 [master] INFO Scraping (168): https://factcheck.kg/rossiya-perehodit-k-strategii-preventivnogo-yadernogo-udara-proveryaem/
2026-05-05 14:40:05,059 [master] INFO   [UNCERTAIN] «В Штатах есть теория и даже практика, у них в Стратегии, в докум
2026-05-05 14:40:09,062 [master] INFO Scraping (169): https://factcheck.kg/https-factcheck-kg-ky-kak-partii-manipuliruyut-spiskami-i-zamenyayut-pevczov-na-biznesmenov-pri-okonchatelnom-raspredelenii-mandatov/
2026-05-05 14:40:10,024 [master] INFO   [UNCERTAIN] Как партии манипулируют списками и заменяют певцов на бизнесменов
2026-05-05 14:40:14,025 [master] INFO Scraping (170): https://factcheck.kg/novyj-gubernator-talasskoj-oblasti-vladeet-turfirmoj/
2026-05-05 14:40:15,058 [master] INFO   [UNCERTAIN] Напомним, государственным чиновникамзапрещено заниматься коммерче
2026-05-05 14:40:19,068 [master] INFO Scraping (171): https://factcheck.kg/bishkekskij-morg-perepolnen-trupami-nepravda/
2026-05-05 14:40:20,330 [master] INFO   [FAKE] Бишкекский морг переполнен трупами? – Неправда
2026-05-05 14:40:24,332 [master] INFO Scraping (172): https://factcheck.kg/faktchek-ptichij-gripp-bet-po-evrope/
2026-05-05 14:40:25,614 [master] INFO   [REAL] «Мы сразу же отреагировали далеко идущими карантинными мерами. Вс
2026-05-05 14:40:29,615 [master] INFO Scraping (173): https://factcheck.kg/predsedatelyam-verhovnogo-suda-negde-zhit-deklaraczii-2019-2020/
2026-05-05 14:40:30,706 [master] INFO   [UNCERTAIN] Председателям Верховного суда негде жить, — Декларации 2019-2020
2026-05-05 14:40:34,709 [master] INFO Scraping (174): https://factcheck.kg/klara-sooronkulova-vy-zadaete-voprosy-kotorye-kasayutsya-raboty-pravitelstva-pravda/
2026-05-05 14:40:35,790 [master] INFO   [REAL] Клара Сооронкулова: “Вы задаете вопросы, которые касаются работы 
2026-05-05 14:40:39,791 [master] INFO Scraping (175): https://factcheck.kg/issyk-atinskij-razlom-naskolko-opasno-stroit-doma-v-yuzhnoj-chasti-stoliczy/
2026-05-05 14:40:41,242 [master] INFO   [UNCERTAIN] “Межведомственная комиссия осуществила проверку соблюдения законо
2026-05-05 14:40:45,256 [master] INFO Scraping (176): https://factcheck.kg/kompaniya-novogo-mera-stroit-zhilkompleks-kremlevskij-na-territorii-doma-prestarelyh-chto-eshhe-izvestno/
2026-05-05 14:40:46,200 [master] INFO   [FAKE] “Нур Строй Монтаж” занимается строительством многоэтажных зданий.
2026-05-05 14:40:50,213 [master] INFO Scraping (177): https://factcheck.kg/finpol-slabo-rassledovat-kak-iranskie-investory-poteryali-800-tysyach-vlozhiv-v-zdanie-zhaparova-i-ego-druzej/
2026-05-05 14:40:51,428 [master] INFO   [UNCERTAIN] Согласно документам о купле-продаже, в случае отказа продавца от 
2026-05-05 14:40:55,435 [master] INFO Scraping (178): https://factcheck.kg/meshki-s-zolotom-doma-u-temira-sarieva-nepravda/
2026-05-05 14:40:56,703 [master] INFO   [UNCERTAIN] Мешки с золотом дома у Темира Сариева? — Неправда
2026-05-05 14:41:00,706 [master] INFO Scraping (179): https://factcheck.kg/obychnye-mediczinskie-maski-ne-propuskayut-kislorod-nepravda/
2026-05-05 14:41:01,890 [master] INFO   [REAL] Обычные медицинские маски не пропускают кислород? — Неправда
2026-05-05 14:41:05,891 [master] INFO Scraping (180): https://factcheck.kg/https-factcheck-kg-profile-visitors-mozhno-li-uvidet-posetitelej-svoej-straniczy-v-facebook/
2026-05-05 14:41:06,962 [master] INFO   [UNCERTAIN] «Компания «Доктор Веб» предупреждает о появлении в самой популярн
2026-05-05 14:41:10,964 [master] INFO Scraping (181): https://factcheck.kg/izbiratelnyj-fond-partii-el-%d2%afm%d2%aft%d2%af-popolnili-bezrabotnye-vrachi-i-predprinimateli/
2026-05-05 14:41:12,062 [master] INFO   [UNCERTAIN] Избирательный фонд партии “Эл Үмүтү” пополнили безработные, врачи
2026-05-05 14:41:16,063 [master] INFO Scraping (182): https://factcheck.kg/google-trends-rossiyane-nachali-aktivno-interesovatsya-kak-uehat-iz-strany/
2026-05-05 14:41:17,192 [master] INFO   [REAL] “Это произошло на фоне новостей о грядущей мобилизации и референд
2026-05-05 14:41:21,195 [master] INFO Scraping (183): https://factcheck.kg/v-turczii-otelerov-zastavlyayut-otmenyat-bronirovaniya-rossijskih-turistov/
2026-05-05 14:41:22,637 [master] INFO   [REAL] «Вероятно, в TUI Tantur сочли, что у этих компаний есть «санкцион
2026-05-05 14:41:26,639 [master] INFO Scraping (184): https://factcheck.kg/doma-dlya-postradavshih-na-granicze-stroit-kompaniya-samozahvatchika-kyrgyzaltyna/
2026-05-05 14:41:27,730 [master] INFO   [UNCERTAIN] Дома для пострадавших на границе строит компания «самозахватчика»
2026-05-05 14:41:31,732 [master] INFO Scraping (185): https://factcheck.kg/terakt-v-krokus-siti-holle-razbiraem-lozhnye-i-nedokazannye-utverzhdeniya/
2026-05-05 14:41:32,732 [master] INFO   [FAKE] Однако видео оказалось дипфейком, о чём впоследствии сообщил и са
2026-05-05 14:41:36,735 [master] INFO Scraping (186): https://factcheck.kg/razvenchivaem-mify-ob-izmenenii-klimata-chto-pravda-a-chto-net/
2026-05-05 14:41:38,166 [master] INFO   [FAKE] “То есть на земле станет заметно холоднее и наступит новый Миниму
2026-05-05 15:04:49,150 [master] INFO ======================================================================
2026-05-05 15:04:49,150 [master] INFO KYRGYZ FAKE NEWS DATASET COLLECTOR
2026-05-05 15:04:49,150 [master] INFO ======================================================================
2026-05-05 15:04:49,351 [master] INFO Running scraper: scraper_24kg
2026-05-05 15:04:49,351 [master] INFO ============================================================
2026-05-05 15:04:49,351 [master] INFO 24.KG KYRGYZ SCRAPER
2026-05-05 15:04:49,351 [master] INFO ============================================================
2026-05-05 15:04:49,351 [master] INFO Fetching page 1: https://24.kg/kyrgyzcha/page_1/
2026-05-05 15:04:50,138 [master] INFO   → Running total: 56 unique links
2026-05-05 15:04:51,139 [master] INFO Fetching page 2: https://24.kg/kyrgyzcha/page_2/
2026-05-05 15:04:51,719 [master] INFO   → Running total: 106 unique links
2026-05-05 23:55:18,077 [master] INFO ======================================================================
2026-05-05 23:55:18,077 [master] INFO KYRGYZ FAKE NEWS DATASET COLLECTOR
2026-05-05 23:55:18,077 [master] INFO ======================================================================
2026-05-05 23:55:18,329 [master] INFO Running scraper: scraper_24kg
2026-05-05 23:55:18,329 [master] INFO ============================================================
2026-05-05 23:55:18,329 [master] INFO 24.KG KYRGYZ SCRAPER
2026-05-05 23:55:18,329 [master] INFO ============================================================
2026-05-05 23:55:18,329 [master] INFO Fetching page 1: https://24.kg/kyrgyzcha/page_1/
2026-05-05 23:55:19,301 [master] INFO   → Running total: 57 unique links
2026-05-05 23:55:20,307 [master] INFO Fetching page 2: https://24.kg/kyrgyzcha/page_2/
2026-05-05 23:55:21,307 [master] INFO   → Running total: 106 unique links
2026-05-05 23:55:22,308 [master] INFO Fetching page 3: https://24.kg/kyrgyzcha/page_3/
2026-05-05 23:55:23,061 [master] INFO   → Running total: 156 unique links
2026-05-05 23:55:24,069 [master] INFO Fetching page 4: https://24.kg/kyrgyzcha/page_4/
2026-05-05 23:55:25,107 [master] INFO   → Running total: 206 unique links
2026-05-05 23:55:26,111 [master] INFO Fetching page 5: https://24.kg/kyrgyzcha/page_5/
2026-05-05 23:55:28,128 [master] INFO   → Running total: 257 unique links
2026-05-05 23:55:29,131 [master] INFO Fetching page 6: https://24.kg/kyrgyzcha/page_6/
2026-05-05 23:55:30,549 [master] INFO   → Running total: 308 unique links
2026-05-05 23:55:31,563 [master] INFO Fetching page 7: https://24.kg/kyrgyzcha/page_7/
2026-05-05 23:55:32,915 [master] INFO   → Running total: 359 unique links
2026-05-05 23:55:33,921 [master] INFO Fetching page 8: https://24.kg/kyrgyzcha/page_8/
2026-05-05 23:55:35,288 [master] INFO   → Running total: 410 unique links
2026-05-05 23:55:36,292 [master] INFO Fetching page 9: https://24.kg/kyrgyzcha/page_9/
2026-05-05 23:55:39,227 [master] INFO   → Running total: 461 unique links
2026-05-05 23:55:40,229 [master] INFO Fetching page 10: https://24.kg/kyrgyzcha/page_10/
2026-05-05 23:55:43,497 [master] INFO   → Running total: 512 unique links
2026-05-05 23:55:44,498 [master] INFO Fetching page 11: https://24.kg/kyrgyzcha/page_11/
2026-05-05 23:55:45,832 [master] INFO   → Running total: 563 unique links
2026-05-05 23:55:46,838 [master] INFO Fetching page 12: https://24.kg/kyrgyzcha/page_12/
2026-05-05 23:55:48,831 [master] INFO   → Running total: 614 unique links
2026-05-05 23:55:49,833 [master] INFO Fetching page 13: https://24.kg/kyrgyzcha/page_13/
2026-05-05 23:55:51,407 [master] INFO   → Running total: 665 unique links
2026-05-05 23:55:52,419 [master] INFO Fetching page 14: https://24.kg/kyrgyzcha/page_14/
2026-05-05 23:55:53,906 [master] INFO   → Running total: 716 unique links
2026-05-05 23:55:54,912 [master] INFO Fetching page 15: https://24.kg/kyrgyzcha/page_15/
2026-05-05 23:55:56,329 [master] INFO   → Running total: 767 unique links
2026-05-05 23:55:57,337 [master] INFO Fetching page 16: https://24.kg/kyrgyzcha/page_16/
2026-05-05 23:55:58,879 [master] INFO   → Running total: 818 unique links
2026-05-05 23:55:59,883 [master] INFO Fetching page 17: https://24.kg/kyrgyzcha/page_17/
2026-05-05 23:56:01,381 [master] INFO   → Running total: 869 unique links
2026-05-05 23:56:02,384 [master] INFO Fetching page 18: https://24.kg/kyrgyzcha/page_18/
2026-05-05 23:56:03,895 [master] INFO   → Running total: 920 unique links
2026-05-05 23:56:04,896 [master] INFO Fetching page 19: https://24.kg/kyrgyzcha/page_19/
2026-05-05 23:56:06,358 [master] INFO   → Running total: 971 unique links
2026-05-05 23:56:07,360 [master] INFO Fetching page 20: https://24.kg/kyrgyzcha/page_20/
2026-05-05 23:56:08,757 [master] INFO   → Running total: 1022 unique links
2026-05-05 23:56:09,760 [master] INFO Total links collected: 1022
2026-05-05 23:56:09,762 [master] INFO Scraping (1/150): https://24.kg/kyrgyzcha/371345_jalpyi_respublikalyik_testirloogo_61min_412_adam_kattaldyi/
2026-05-05 23:56:11,055 [master] INFO   ✓ Жалпы республикалык тестирлөөгө 61 миң 412 адам катталды
2026-05-05 23:56:13,560 [master] INFO Scraping (2/150): https://24.kg/kyrgyzcha/365457_jogorku_keneshte_janyi_dayyindalgan_ministrler_ant_berishti/
2026-05-05 23:56:14,736 [master] INFO   ✓ Жогорку Кеңеште жаңы дайындалган министрлер ант беришти
2026-05-05 23:56:17,239 [master] INFO Scraping (3/150): https://24.kg/kyrgyzcha/372405_aksyida_sel_algan_joldun_bir_tarabyi_achyildyi/
2026-05-05 23:56:20,182 [master] INFO   ✓ Аксыда сел алган жолдун бир тарабы ачылды
2026-05-05 23:56:22,685 [master] INFO Scraping (4/150): https://24.kg/kyrgyzcha/368276_1-aprelge_karata_aba_yirayyi/
2026-05-05 23:56:23,833 [master] INFO   ✓ 1-апрелге карата аба ырайы
2026-05-05 23:56:26,339 [master] INFO Scraping (5/150): https://24.kg/kyrgyzcha/372869_tushtuktogu_sel_tashkyinyi_adyilbek_kasyimaliev_sel_boyuncha_yikcham_keneshme_otkordu/
2026-05-05 23:56:27,950 [master] INFO   ✗ Skipped (no content or too short)
2026-05-05 23:56:30,454 [master] INFO Scraping (5/150): https://24.kg/kyrgyzcha/370058_bubusara_beyshenalievanyin_100_jyildyigyina_arnalgan_elaralyik_teatr_festivalyi_otot/
2026-05-05 23:56:31,862 [master] INFO   ✗ Skipped (no content or too short)
2026-05-05 23:56:34,366 [master] INFO Scraping (5/150): https://24.kg/kyrgyzcha/366050_jakyinkyi_chyigyish_dagyi_142_kyirgyizstandyik_mekenge_kaytaryildyi/
2026-05-05 23:56:35,479 [master] INFO   ✓ Жакынкы Чыгыш: Дагы 142 кыргызстандык мекенге кайтарылды
2026-05-05 23:56:37,980 [master] INFO Scraping (6/150): https://24.kg/kyrgyzcha/370054_kyirgyizstandyin_suularyina_deerlik_2million_akbalyiktyin_chabaktaryi_koe_berildi/
2026-05-05 23:56:39,641 [master] INFO   ✗ Skipped (no content or too short)
2026-05-05 23:56:42,142 [master] INFO Scraping (6/150): https://24.kg/kyrgyzcha/366049_duyno_chempionatyi_2026_irandyin_orduna_talapker_komanda_ataldyi/
2026-05-05 23:56:43,799 [master] INFO   ✓ Дүйнө чемпионаты −2026: Ирандын ордуна талапкер команда аталды
2026-05-05 23:56:46,312 [master] INFO Scraping (7/150): https://24.kg/kyrgyzcha/372296_aydoochulardyin_esine_bishkek_naryin_torugart_unaa_jolu_ubaktyiluu_jabyilat/
2026-05-05 23:56:47,698 [master] INFO   ✓ Айдоочулардын эсине! Бишкек — Нарын — Торугарт унаа жолу убактылуу жаб
2026-05-05 23:56:50,201 [master] INFO Scraping (8/150): https://24.kg/kyrgyzcha/page_20/
2026-05-05 23:56:51,835 [master] INFO   ✗ Skipped (no content or too short)
2026-05-05 23:56:54,336 [master] INFO Scraping (8/150): https://24.kg/kyrgyzcha/365212_ilimder_akademiyasyinda_janyi_kyirgyizstandyin_keremetteri_attuu_kerege_kenesh_otot/
2026-05-05 23:56:57,108 [master] INFO   ✓ Илимдер академиясында «Жаңы Кыргызстандын кереметтери» аттуу кереге ке
2026-05-05 23:56:59,614 [master] INFO Scraping (9/150): https://24.kg/kyrgyzcha/364640_okm_kyirgyizstanda_bir_katar_ashuularda_kar_kochku_korkunuchu_bar/
2026-05-05 23:57:00,897 [master] INFO   ✓ ӨКМ: Кыргызстанда бир катар ашууларда кар көчкү коркунучу бар
2026-05-05 23:57:03,399 [master] INFO Scraping (10/150): https://24.kg/kyrgyzcha/366707_kyirgyizstanga95_min_kutu_tamekini_myiyzamsyiz_alyip_otuugo_araket_jasaldyi/
2026-05-05 23:57:04,660 [master] INFO   ✓ Кыргызстанга 9,5 миң куту тамекини мыйзамсыз алып өтүүгө аракет жасалд
2026-05-05 23:57:07,164 [master] INFO Scraping (11/150): https://24.kg/kyrgyzcha/364665_bishkek-torugart_unaa_joluna_kar_kochku_tushtu_jol_jabyildyi/
2026-05-05 23:57:08,385 [master] INFO   ✓ Бишкек-Торугарт унаа жолуна кар көчкү түштү. Жол жабылды
2026-05-05 23:57:10,888 [master] INFO Scraping (12/150): https://24.kg/kyrgyzcha/365632_kara-balta_shaaryinda_kuyoosun_olturgon_dep_shektelgen_ayal_karmaldyi/
2026-05-05 23:57:12,118 [master] INFO   ✗ Skipped (no content or too short)
2026-05-05 23:57:14,620 [master] INFO Scraping (12/150): https://24.kg/kyrgyzcha/365307_jogorku_keneshtin_deputatyi_kuvanyichbek_kongantiev_mandatyin_tapshyirdyi/
2026-05-05 23:57:15,855 [master] INFO   ✓ Жогорку Кеңештин депутаты Куванычбек Конгантиев мандатын тапшырды
2026-05-05 23:57:18,357 [master] INFO Scraping (13/150): https://24.kg/kyrgyzcha/367465_kyirgyizstan_evrobirimdiktin_aviatsiya_boyuncha_kara_tizmesinen_mayda_chyigyishyi_mumkun/
2026-05-05 23:57:20,001 [master] INFO   ✗ Skipped (no content or too short)
2026-05-05 23:57:22,503 [master] INFO Scraping (13/150): https://24.kg/kyrgyzcha/372069_kyirgyizstanda_bir_sutkada_ekinchi_jer_titiroo_kattaldyi/
2026-05-05 23:57:23,830 [master] INFO   ✓ Кыргызстанда бир суткада экинчи жер титирөө катталды
2026-05-05 23:57:26,332 [master] INFO Scraping (14/150): https://24.kg/kyrgyzcha/365658_chuy_oblusundagyi_1000_charchyi_metr_jer_tilkesi_mamleketke_kaytaryildyi/
2026-05-05 23:57:27,770 [master] INFO   ✓ Чүй облусундагы 1000 чарчы метр жер тилкеси мамлекетке кайтарылды
2026-05-05 23:57:30,271 [master] INFO Scraping (15/150): https://24.kg/kyrgyzcha/370060_aziya_chempionatyi_bishkekte_otkon_sporttuk_meldeshter_jyiyyintyiktaldyi/
2026-05-05 23:57:31,371 [master] INFO   ✓ Азия чемпионаты: Бишкекте өткөн спорттук мелдештер жыйынтыкталды
2026-05-05 23:57:33,878 [master] INFO Scraping (16/150): https://24.kg/kyrgyzcha/364760_too-ashuu_ashuusunda_kar_bishkek-osh_avto_joluna_ubaktyiluu_chektoo_kirgizildi/
2026-05-05 23:57:35,234 [master] INFO   ✓ Төө-Ашуу ашуусунда кар: Бишкек-Ош авто жолуна убактылуу чектөө киргизи
2026-05-05 23:57:37,737 [master] INFO Scraping (17/150): https://24.kg/kyrgyzcha/369092_alay_futbol_klubuna_janyi_avtobus_belekke_berildi/
2026-05-05 23:57:39,103 [master] INFO   ✓ «Алай» футбол клубуна жаңы автобус белекке берилди
2026-05-05 23:57:41,606 [master] INFO Scraping (18/150): https://24.kg/kyrgyzcha/369792_bugunku_dollardyin_kursu/
2026-05-05 23:57:42,871 [master] INFO   ✓ Бүгүнкү доллардын курсу
2026-05-05 23:57:45,373 [master] INFO Scraping (19/150): https://24.kg/kyrgyzcha/372015_balettin_janyi_jyildyizdaryi_kyirgyizstandyik_biychiler_rossiyada_syiylyikka_tatyidyi/
2026-05-05 23:57:46,862 [master] INFO   ✓ Балеттин жаңы жылдыздары: Кыргызстандык бийчилер Россияда сыйлыкка тат
2026-05-05 23:57:49,366 [master] INFO Scraping (20/150): https://24.kg/kyrgyzcha/367561_kyirgyizstan_kalkyinyin_turuktuu_sanyi_74_milliondon_ashtyi/
2026-05-05 23:57:51,736 [master] INFO   ✓ Кыргызстан калкынын туруктуу саны 7,4 миллиондон ашты
2026-05-05 23:57:54,240 [master] INFO Scraping (21/150): https://24.kg/kyrgyzcha/364670_jkdeputatyi_dastan_bekeshev_jrtnyi_akyisyiz_otkoruunu_sunushtadyi/
2026-05-05 23:57:55,550 [master] INFO   ✓ ЖК депутаты Дастан Бекешев ЖРТны акысыз өткөрүүнү сунуштады
2026-05-05 23:57:58,055 [master] INFO Scraping (22/150): https://24.kg/kyrgyzcha/371946_bishkekte_apta_bashyinda_jaan-chachyin_kutulboyt_27-29-aprelge_karata_aba_yirayyi/
2026-05-05 23:57:59,417 [master] INFO   ✓ Бишкекте апта башында жаан-чачын күтүлбөйт. 27-29-апрелге карата аба ы
2026-05-05 23:58:01,920 [master] INFO Scraping (23/150): https://24.kg/kyrgyzcha/367183_bishkektegi_aalyi_tokombaev_kochosu_bir_tungo_jabyilat/
2026-05-05 23:58:03,191 [master] INFO   ✓ Бишкектеги Аалы Токомбаев көчөсү бир түнгө жабылат
2026-05-05 23:58:05,694 [master] INFO Scraping (24/150): https://24.kg/kyrgyzcha/370406_toktogul_rayonunda_kalyibyina_keltirilgenbokonbay_kanalyi_ishke_berildi/
2026-05-05 23:58:08,166 [master] INFO   ✗ Skipped (no content or too short)
2026-05-05 23:58:10,669 [master] INFO Scraping (24/150): https://24.kg/kyrgyzcha/372544_bishkektin_gogol_kochosunun_bir_bolugu_jabyildyi_sebebi/
2026-05-05 23:58:12,045 [master] INFO   ✓ Бишкектин Гоголь көчөсүнүн бир бөлүгү жабылды. Себеби
2026-05-05 23:58:14,547 [master] INFO Scraping (25/150): https://24.kg/kyrgyzcha/366797_akjol_mahmudov_bishkekte_oto_turgan_aziya_chempionatyinda_kilimge_chyigat/
2026-05-05 23:58:15,791 [master] INFO   ✓ Акжол Махмудов Бишкекте өтө турган Азия чемпионатында килимге чыгат
2026-05-05 23:58:18,295 [master] INFO Scraping (26/150): https://24.kg/kyrgyzcha/372917_kyirgyizstandyik_sportchular_parijde_gimnastika_boyuncha_turnirde_2-orundu_eeleshti/
2026-05-05 23:58:19,517 [master] INFO   ✗ Skipped (no content or too short)
2026-05-05 23:58:22,019 [master] INFO Scraping (26/150): https://24.kg/kyrgyzcha/370042_kazakstan_kyirgyizstanga_dan_jana_unjetkiruunu_koboyttu/
2026-05-05 23:58:24,430 [master] INFO   ✓ Казакстан Кыргызстанга дан жана ун жеткирүүнү көбөйттү
2026-05-05 23:58:26,931 [master] INFO Scraping (27/150): https://24.kg/kyrgyzcha/369745_edil_baysalov_kyizmatyinan_boshotulup_akshdagyi_elchi_bolup_dayyindaldyi/
2026-05-05 23:58:28,215 [master] INFO   ✗ Skipped (no content or too short)
2026-05-05 23:58:30,717 [master] INFO Scraping (27/150): https://24.kg/kyrgyzcha/372655_bugun_birdiktuu_salyik_deklaratsiyasyin_tapshyiruu_moonotu_ayaktayt/
2026-05-05 23:58:32,036 [master] INFO   ✓ Бүгүн бирдиктүү салык декларациясын тапшыруу мөөнөтү аяктайт
2026-05-05 23:58:34,538 [master] INFO Scraping (28/150): https://24.kg/kyrgyzcha/371343_kitep_mayramyi_bugun_oshshaaryinda_kitep_festivalyi_bashtalat/
2026-05-05 23:58:35,754 [master] INFO   ✗ Skipped (no content or too short)
2026-05-05 23:58:38,260 [master] INFO Scraping (28/150): https://24.kg/kyrgyzcha/364457_akkalpak_kyirgyiz_murasyi_attuu_jashtar_forumu_otot/
2026-05-05 23:58:40,700 [master] INFO   ✗ Skipped (no content or too short)
2026-05-05 23:58:43,201 [master] INFO Scraping (28/150): https://24.kg/kyrgyzcha/368058_okm_tooluu_aymaktarda_kar_kochku_tushuu_korkunuchu_jogoru_boydon_kaluuda/
2026-05-05 23:58:44,382 [master] INFO   ✓ ӨКМ: Тоолуу аймактарда кар көчкү түшүү коркунучу жогору бойдон калууда
2026-05-05 23:58:46,896 [master] INFO Scraping (29/150): https://24.kg/kyrgyzcha/366844_erten_alyikul_osmonovdun_tuulgan_kunu_alp_akyindyi_azdekteyli_desek/
2026-05-05 23:58:48,644 [master] INFO   ✓ Эртең Алыкул Осмоновдун туулган күнү: Алп акынды аздектейли десек...
2026-05-05 23:58:51,160 [master] INFO Scraping (30/150): https://24.kg/kyrgyzcha/368367_iranga_kol_saluu_arab_aymagyi_194_milliard_dollarga_cheyin_jogotushu_mumkun/
2026-05-05 23:58:52,407 [master] INFO   ✓ Иранга кол салуу. Араб аймагы 194 миллиард долларга чейин жоготушу мүм
2026-05-05 23:58:54,909 [master] INFO Scraping (31/150): https://24.kg/kyrgyzcha/366101_orto-tokoy_suu_saktagyichyina_12_million_may-kanat_balyigyinyin_chabagyi_koe_berildi/
2026-05-05 23:58:56,646 [master] INFO   ✗ Skipped (no content or too short)
2026-05-05 23:58:59,148 [master] INFO Scraping (31/150): https://24.kg/kyrgyzcha/369407_aziya_chempionatyi_bugun_kilemge_ayperi_bashtagan_balban_kyizdar_chyigyishat/
2026-05-05 23:59:00,265 [master] INFO   ✓ Азия чемпионаты: Бүгүн килемге Айпери баштаган балбан кыздар чыгышат
2026-05-05 23:59:02,767 [master] INFO Scraping (32/150): https://24.kg/kyrgyzcha/369444_deputat_abdyildabek_egemberdiev_mandatyin_tapshyiruu_boyuncha_bshkga_aryiz_jazdyi/
2026-05-05 23:59:03,906 [master] INFO   ✗ Skipped (no content or too short)
2026-05-05 23:59:06,411 [master] INFO Scraping (32/150): https://24.kg/kyrgyzcha/364494_osumduk_jana_janyibarlardyi_korgoo_myiyzam_buzuuchularga_18mln_som_ayyip_salyingan/
2026-05-05 23:59:08,349 [master] INFO   ✓ Өсүмдүк жана жаныбарларды коргоо. Мыйзам бузуучуларга 18 млн сом айып 
2026-05-05 23:59:10,852 [master] INFO Scraping (33/150): https://24.kg/kyrgyzcha/368744_balyik_uuloodo_janyi_ereje_kuchuno_kirdi_emneler_janyilandyi/
2026-05-05 23:59:13,754 [master] INFO   ✓ Балык уулоодо жаңы эреже күчүнө кирди: Эмнелер жаңыланды?
2026-05-05 23:59:16,256 [master] INFO Scraping (34/150): https://24.kg/kyrgyzcha/367677_kyirgyizstandyik_turistter_uchun_ozbekstan_populyarduu_bagyit_boydon_kaluuda/
2026-05-05 23:59:18,014 [master] INFO   ✓ Кыргызстандык туристтер үчүн Өзбекстан популярдуу багыт бойдон калууда
2026-05-05 23:59:20,522 [master] INFO Scraping (35/150): https://24.kg/kyrgyzcha/365111_shashyilyish_bildiruu_bishkek_jana_chuydo_katuu_shamal_kutuluudo/
2026-05-05 23:59:21,773 [master] INFO   ✓ Шашылыш билдирүү! Бишкек жана Чүйдө катуу шамал күтүлүүдө
2026-05-05 23:59:24,281 [master] INFO Scraping (36/150): https://24.kg/kyrgyzcha/page_14/
2026-05-05 23:59:25,979 [master] INFO   ✗ Skipped (no content or too short)
2026-05-05 23:59:28,481 [master] INFO Scraping (36/150): https://24.kg/kyrgyzcha/369438_mahabat_mavlyanova_yintyimak_mekenchil_parlamenttik_tobunan_chyiktyi/
2026-05-05 23:59:29,651 [master] INFO   ✓ Махабат Мавлянова «Ынтымак Мекенчил» парламенттик тобунан чыкты
2026-05-05 23:59:32,154 [master] INFO Scraping (37/150): https://24.kg/kyrgyzcha/369217_bugunku_dollardyin_kursu/
2026-05-05 23:59:33,347 [master] INFO   ✓ Бүгүнкү доллардын курсу
2026-05-05 23:59:35,854 [master] INFO Scraping (38/150): https://24.kg/kyrgyzcha/372919_paydaluu_kenesh_baldar_kaysyi_kuraktan_bashtap_shishkebek_jese_bolot/
2026-05-05 23:59:37,057 [master] INFO   ✓ Пайдалуу кеңеш: Балдар кайсы курактан баштап шишкебек жесе болот?
2026-05-05 23:59:39,559 [master] INFO Scraping (39/150): https://24.kg/kyrgyzcha/369821_bishkekte_reyd_uchsaatta_tuura_emes_toktotulgan_37unaa_evakuatsiyalandyi/
2026-05-05 23:59:40,793 [master] INFO   ✓ Бишкекте рейд: Үч саатта туура эмес токтотулган 37 унаа эвакуацияланды
2026-05-05 23:59:43,296 [master] INFO Scraping (40/150): https://24.kg/kyrgyzcha/366549_akshnyin_mamlekettik_karyizyi_taryihta_birinchi_jolu_39trillion_dollardan_ashtyi/
2026-05-05 23:59:44,640 [master] INFO   ✓ АКШнын мамлекеттик карызы тарыхта биринчи жолу 39 триллион доллардан а
2026-05-05 23:59:47,143 [master] INFO Scraping (41/150): https://24.kg/kyrgyzcha/365859_kyirgyizstandyin_tundugundo_torot_korsotkuchu_keskin_tomondodu/
2026-05-05 23:59:48,362 [master] INFO   ✓ Кыргызстандын түндүгүндө төрөт көрсөткүчү кескин төмөндөдү
2026-05-05 23:59:50,864 [master] INFO Scraping (42/150): https://24.kg/kyrgyzcha/364793_bugunku_dollardyin_kursu/
2026-05-05 23:59:52,064 [master] INFO   ✓ Бүгүнкү доллардын курсу
2026-05-05 23:59:54,571 [master] INFO Scraping (43/150): https://24.kg/kyrgyzcha/364597_bugun_akkalpak_kunu/
2026-05-05 23:59:55,746 [master] INFO   ✓ Бүгүн Ак калпак күнү
2026-05-05 23:59:58,250 [master] INFO Scraping (44/150): https://24.kg/kyrgyzcha/368382_jkdeputatyi_yisyik_suunu_ochuruunu_kiyinkige_jyildyiruunu_surandyi/
2026-05-05 23:59:59,432 [master] INFO   ✓ ЖК депутаты ысык сууну өчүрүүнү кийинкиге жылдырууну суранды
2026-05-06 00:00:01,940 [master] INFO Scraping (45/150): https://24.kg/kyrgyzcha/368613_bishkektegi063_gektar_jer_tilkesi_mamleketke_kaytaryildyi/
2026-05-06 00:00:03,187 [master] INFO   ✓ Бишкектеги 0,63 гектар жер тилкеси мамлекетке кайтарылды
2026-05-06 00:00:05,696 [master] INFO Scraping (46/150): https://24.kg/kyrgyzcha/369897_oshshaaryinda_onmektep_kurulat_toluk_tizme/
2026-05-06 00:00:06,335 [master] INFO   ✓ Ош шаарында он мектеп курулат. Толук тизме
2026-05-06 00:00:08,836 [master] INFO Scraping (47/150): https://24.kg/kyrgyzcha/372660_bishkekte_ayryim_jerlerde_bir_juma_jaratyilyish_gazyi_bolboyt/
2026-05-06 00:00:11,053 [master] INFO   ✓ Бишкекте айрым жерлерде бир жума жаратылыш газы болбойт
2026-05-06 00:00:13,569 [master] INFO Scraping (48/150): https://24.kg/kyrgyzcha/372309_kyirgyizstandyin_uluttuk_gvardiyasyina_janyi_kol_bashchyi_dayyindaldyi/
2026-05-06 00:00:15,276 [master] INFO   ✗ Skipped (no content or too short)
2026-05-06 00:00:17,791 [master] INFO Scraping (48/150): https://24.kg/kyrgyzcha/369161_bishkektin_5-kichi_rayonundagyi_kop_kabattuu_uydo_ort_chyiktyi/
2026-05-06 00:00:19,443 [master] INFO   ✗ Skipped (no content or too short)
2026-05-06 00:00:21,948 [master] INFO Scraping (48/150): https://24.kg/kyrgyzcha/369330_bishkekte_bir_jyilda_4minden_ashyik_darak_kyiyyilgan/
2026-05-06 00:00:25,010 [master] INFO   ✓ Бишкекте бир жылда 4 миңден ашык дарак кыйылган
2026-05-06 00:00:27,525 [master] INFO Scraping (49/150): https://24.kg/kyrgyzcha/364827_kyirgyizstan_eki_aydyin_ichinde_200_minden_ashyik_gul_eksporttogon/
2026-05-06 00:00:30,019 [master] INFO   ✓ Кыргызстан эки айдын ичинде 200 миңден ашык гүл экспорттогон
2026-05-06 00:00:32,522 [master] INFO Scraping (50/150): https://24.kg/kyrgyzcha/365084_tmunun_tyishkyi_ishter_ministrleri_turkiyanyin_prezidenti_menen_jolugushtu/
2026-05-06 00:00:33,738 [master] INFO   ✓ ТМУнун тышкы иштер министрлери Түркиянын президенти менен жолугушту
2026-05-06 00:00:36,242 [master] INFO Scraping (51/150): https://24.kg/kyrgyzcha/370183_bugunku_dollardyin_kursu/
2026-05-06 00:00:38,854 [master] INFO   ✓ Бүгүнкү доллардын курсу
2026-05-06 00:00:41,356 [master] INFO Scraping (52/150): https://24.kg/kyrgyzcha/370569_bugunku_dollardyin_kursu/
2026-05-06 00:00:42,503 [master] INFO   ✓ Бүгүнкү доллардын курсу
2026-05-06 00:00:45,008 [master] INFO Scraping (53/150): https://24.kg/kyrgyzcha/370459_kamchyibek_tashiev_kyirgyiz_futbol_birimdiginin_jetekchiliginen_ketkenin_jaryiyaladyi/
2026-05-06 00:00:47,329 [master] INFO   ✗ Skipped (no content or too short)
2026-05-06 00:00:49,843 [master] INFO Scraping (53/150): https://24.kg/kyrgyzcha/367360_aybek_toychubekov_oshozbek_teatryina_korkom_jetekchi_bolup_dayyindaldyi/
2026-05-06 00:00:51,012 [master] INFO   ✗ Skipped (no content or too short)
2026-05-06 00:00:53,517 [master] INFO Scraping (53/150): https://24.kg/kyrgyzcha/364802_akyin_askat_jetigenge_yirayyim_berilebi_prezidenttin_joobu/
2026-05-06 00:00:55,224 [master] INFO   ✓ Акын Аскат Жетигенге ырайым берилеби? Президенттин жообу
2026-05-06 00:00:57,738 [master] INFO Scraping (54/150): https://24.kg/kyrgyzcha/367423_kyirgyizstanda_150_jeke_agenttik_jarandardyi_26olkogo_ishke_ornoshturat/
2026-05-06 00:01:00,990 [master] INFO   ✓ Кыргызстанда 150 жеке агенттик жарандарды 26 өлкөгө ишке орноштурат
2026-05-06 00:01:03,496 [master] INFO Scraping (55/150): https://24.kg/kyrgyzcha/366361_bishkek_meriyasyi_jyiluuluk_kachan_ochurulorun_tushundurdu/
2026-05-06 00:01:04,992 [master] INFO   ✓ Бишкек мэриясы жылуулук качан өчүрүлөрүн түшүндүрдү
2026-05-06 00:01:07,499 [master] INFO Scraping (56/150): https://24.kg/kyrgyzcha/368065_yisyik-koldo_75million_somduk_sanatoriy_jana_jer_tilkesi_mamleketke_kaytaryildyi/
2026-05-06 00:01:08,796 [master] INFO   ✗ Skipped (no content or too short)
2026-05-06 00:01:11,304 [master] INFO Scraping (56/150): https://24.kg/kyrgyzcha/372639_kyirgyizstanda_alpinizm_boyuncha_elaralyik_alpiniada_bashtaldyi/
2026-05-06 00:01:14,910 [master] INFO   ✓ Кыргызстанда альпинизм боюнча эл аралык Альпиниада башталды
2026-05-06 00:01:17,420 [master] INFO Scraping (57/150): https://24.kg/kyrgyzcha/371083_ukmk_tergoochu_25min_dollar_talap_kyiluuga_shektelip_karmaldyi/
2026-05-06 00:01:18,637 [master] INFO   ✓ УКМК: Тергөөчү 25 миң доллар талап кылууга шектелип кармалды
2026-05-06 00:01:21,139 [master] INFO Scraping (58/150): https://24.kg/kyrgyzcha/370780_kyirgyizstanda_jasalma_dokument_menen_jurgon_chet_eldik_jaran_karmaldyi/
2026-05-06 00:01:22,352 [master] INFO   ✗ Skipped (no content or too short)
2026-05-06 00:01:24,863 [master] INFO Scraping (58/150): https://24.kg/kyrgyzcha/365772_bishkekte_kottedjder_suu_jyiyyina_jakyin_kurulgan_mer_alardyi_buzuunu_tapshyirdyi/
2026-05-06 00:01:26,165 [master] INFO   ✓ Бишкекте коттедждер суу жыйына жакын курулган: мэр аларды бузууну тапш
2026-05-06 00:01:28,672 [master] INFO Scraping (59/150): https://24.kg/kyrgyzcha/370603_transport_ministrligi_tooluu_aymaktarda_kar_kochku_tushuu_korkunuchu_jogoru/
2026-05-06 00:01:29,812 [master] INFO   ✓ Транспорт министрлиги: «Тоолуу аймактарда кар көчкү түшүү коркунучу жо
2026-05-06 00:01:32,326 [master] INFO Scraping (60/150): https://24.kg/kyrgyzcha/371292_bishkekte_hokkey_boyuncha_aziya_kubogu_bashtalat/
2026-05-06 00:01:33,512 [master] INFO   ✓ Бишкекте хоккей боюнча Азия Кубогу башталат
2026-05-06 00:01:36,016 [master] INFO Scraping (61/150): https://24.kg/kyrgyzcha/366799_bugun_kyirgyizstanda_ayyil_charbanyi_kattoo_bashtalat/
2026-05-06 00:01:37,396 [master] INFO   ✓ Бүгүн Кыргызстанда айыл чарбаны каттоо башталат
2026-05-06 00:01:39,901 [master] INFO Scraping (62/150): https://24.kg/kyrgyzcha/364657_okm_bashchyisyi_ozgondogu_ortton_baldardyin_kaza_bolushuna_baylanyishtuu_konul_ayttyi/
2026-05-06 00:01:41,181 [master] INFO   ✗ Skipped (no content or too short)
2026-05-06 00:01:43,682 [master] INFO Scraping (62/150): https://24.kg/kyrgyzcha/367014_bishkekte_karyizyi_bar_6minden_ashuun_abonenttin_jaryigyi_ochurulushu_mumkun/
2026-05-06 00:01:44,942 [master] INFO   ✓ Бишкекте карызы бар 6 миңден ашуун абоненттин жарыгы өчүрүлүшү мүмкүн
2026-05-06 00:01:47,444 [master] INFO Scraping (63/150): https://24.kg/kyrgyzcha/369496_sadyir_japarov_15min_studenttik_krsu_kampusun_kuruu_jonundo_myiyzamga_kol_koydu/
2026-05-06 00:01:49,037 [master] INFO   ✓ Садыр Жапаров 15 миң студенттик КРСУ кампусун куруу жөнүндө мыйзамга к
2026-05-06 00:01:51,541 [master] INFO Scraping (64/150): https://24.kg/kyrgyzcha/369505_uchayda_transporttu_kozomoldoo_byudjetke_deerlik_70million_som_alyip_keldi/
2026-05-06 00:01:54,065 [master] INFO   ✗ Skipped (no content or too short)
2026-05-06 00:01:56,568 [master] INFO Scraping (64/150): https://24.kg/kyrgyzcha/368239_bishkektin_ayryim_rayondorunda_3kungo_gaz_ochurulot/
2026-05-06 00:01:59,506 [master] INFO   ✓ Бишкектин айрым райондорунда 3 күнгө газ өчүрүлөт
2026-05-06 00:02:02,010 [master] INFO Scraping (65/150): https://24.kg/kyrgyzcha/371456_kalktyi_teyloo_borborloru_aldyidagyi_mayram_kundoru_daishteyt/
2026-05-06 00:02:05,261 [master] INFO   ✓ Калкты тейлөө борборлору алдыдагы майрам күндөрү да иштейт
2026-05-06 00:02:07,764 [master] INFO Scraping (66/150): https://24.kg/kyrgyzcha/364832_paydaluu_kenesh_okumushtuular_uzak_jashoogo_negizgi_korkunuchtu_anyiktashtyi/
2026-05-06 00:02:09,001 [master] INFO   ✓ Пайдалуу кеңеш: Окумуштуулар узак жашоого негизги коркунучту аныкташты
2026-05-06 00:02:11,504 [master] INFO Scraping (67/150): https://24.kg/kyrgyzcha/367034_oshto_ak-buura_daryiyasyin_keniri_tazaloo_ishteri_ulanuuda/
2026-05-06 00:02:12,829 [master] INFO   ✓ Ошто Ак-Буура дарыясын кеңири тазалоо иштери уланууда
2026-05-06 00:02:15,333 [master] INFO Scraping (68/150): https://24.kg/kyrgyzcha/368518_akilbirs_VIduynoluk_kochmondor_oyundaryinyin_tumaryi_bolup_tandaldyi/
2026-05-06 00:02:16,464 [master] INFO   ✓ Ак илбирс VI Дүйнөлүк көчмөндөр оюндарынын тумары болуп тандалды
2026-05-06 00:02:18,968 [master] INFO Scraping (69/150): https://24.kg/kyrgyzcha/369014_aziya_chempionatyi_bugun_grek-rim_kuroshu_boyuncha_meldeshter_bashtalat/
2026-05-06 00:02:20,275 [master] INFO   ✗ Skipped (no content or too short)
2026-05-06 00:02:22,781 [master] INFO Scraping (69/150): https://24.kg/kyrgyzcha/372862_uluu_jenishtin_81jyildyigyi_bishkekte_kantip_belgilenet/
2026-05-06 00:02:25,249 [master] INFO   ✓ Улуу Жеңиштин 81 жылдыгы Бишкекте кантип белгиленет?
2026-05-06 00:02:27,751 [master] INFO Scraping (70/150): https://24.kg/kyrgyzcha/366311_tupto_uyundo_bangizat_saktap_jurgon_jarandar_karmaldyi/
2026-05-06 00:02:29,110 [master] INFO   ✓ Түптө үйүндө баңгизат сактап жүргөн жарандар кармалды
2026-05-06 00:02:31,613 [master] INFO Scraping (71/150): https://24.kg/kyrgyzcha/369710_kyirgyizstanda_232_charbaga_asyil_tukum_charba_makamyi_berildi/
2026-05-06 00:02:32,798 [master] INFO   ✓ Кыргызстанда 232 чарбага асыл тукум чарба макамы берилди
2026-05-06 00:02:35,299 [master] INFO Scraping (72/150): https://24.kg/kyrgyzcha/369409_bugunku_dollardyin_kursu/
2026-05-06 00:02:36,474 [master] INFO   ✓ Бүгүнкү доллардын курсу
2026-05-06 00:02:38,977 [master] INFO Scraping (73/150): https://24.kg/kyrgyzcha/366960_jibek_jolu_prospektisindegi_kopuro_tolugu_menen_achyildyi/
2026-05-06 00:02:40,208 [master] INFO   ✓ Жибек Жолу проспектисиндеги көпүрө толугу менен ачылды
2026-05-06 00:02:42,709 [master] INFO Scraping (74/150): https://24.kg/kyrgyzcha/371786_kyirgyizstanda_3minge_jakyin_veterinar_jetishpeyt/
2026-05-06 00:02:43,903 [master] INFO   ✓ Кыргызстанда 3 миңге жакын ветеринар жетишпейт
2026-05-06 00:02:46,407 [master] INFO Scraping (75/150): https://24.kg/kyrgyzcha/368397_paydaluu_kenesh_suunun_organizmge_kanday_taasiri_bar/
2026-05-06 00:02:47,585 [master] INFO   ✓ Пайдалуу кеңеш: Суунун организмге кандай таасири бар?
2026-05-06 00:02:50,089 [master] INFO Scraping (76/150): https://24.kg/kyrgyzcha/368173_kyirgyizstandyin_irandagyi_elchiligi_ishmerduulugun_ubaktyiluu_toktottu/
2026-05-06 00:02:52,074 [master] INFO   ✓ Кыргызстандын Ирандагы элчилиги ишмердүүлүгүн убактылуу токтотту
2026-05-06 00:02:54,576 [master] INFO Scraping (77/150): https://24.kg/kyrgyzcha/364650_deputat_jogorku_kenesh_tarabyinan_kabyil_alyingan_but_myiyzamdardyi_taldoonu_sunushtadyi/
2026-05-06 00:02:55,747 [master] INFO   ✓ Депутат Жогорку Кеңеш тарабынан кабыл алынган бүт мыйзамдарды талдоону
2026-05-06 00:02:58,250 [master] INFO Scraping (78/150): https://24.kg/kyrgyzcha/369918_aziya_chempionatyi_ernazar_akmataliev_jaryim_finalda_utulup_kaldyi/
2026-05-06 00:02:59,445 [master] INFO   ✓ Азия чемпионаты. Эрназар Акматалиев жарым финалда утулуп калды
2026-05-06 00:03:01,952 [master] INFO Scraping (79/150): https://24.kg/kyrgyzcha/371103_mektepke_kabyil_aluu56minden_ashyik_bala_birinchi_klasska_kattaldyi/
2026-05-06 00:03:03,363 [master] INFO   ✓ Мектепке кабыл алуу. 56 миңден ашык бала биринчи класска катталды
2026-05-06 00:03:05,872 [master] INFO Scraping (80/150): https://24.kg/kyrgyzcha/367938_bishkekte_kun_achyik_jana_jyiluu_bolot_30-mart_1-aprelge_karata_aba_yirayyi/
2026-05-06 00:03:07,027 [master] INFO   ✓ Бишкекте күн ачык жана жылуу болот. 30-март — 1-апрелге карата аба ыра
2026-05-06 00:03:09,536 [master] INFO Scraping (81/150): https://24.kg/kyrgyzcha/369891_oshtogu_ak-buura_daryiyasyinan_323_min_tonnadan_ashyik_tashtandyi_chyigaryildyi/
2026-05-06 00:03:10,726 [master] INFO   ✓ Оштогу Ак-Буура дарыясынан 323 миң тоннадан ашык таштанды чыгарылды
2026-05-06 00:03:13,227 [master] INFO Scraping (82/150): https://24.kg/kyrgyzcha/367518_uluttuk_banktyin_eks-toragasyi_melis_turgunbaev_kyirgyizneftegaz_ishi_boyuncha_karmaldyi/
2026-05-06 00:03:14,823 [master] INFO   ✗ Skipped (no content or too short)
2026-05-06 00:03:17,325 [master] INFO Scraping (82/150): https://24.kg/kyrgyzcha/page_6/
2026-05-06 00:03:19,142 [master] INFO   ✗ Skipped (no content or too short)
2026-05-06 00:03:21,647 [master] INFO Scraping (82/150): https://24.kg/kyrgyzcha/367939_aida_chodulova_kyirgyiz_fonduluk_birjasyinyin_bashkyi_direktoru_bolup_dayyindaldyi/
2026-05-06 00:03:22,856 [master] INFO   ✗ Skipped (no content or too short)
2026-05-06 00:03:25,359 [master] INFO Scraping (82/150): https://24.kg/kyrgyzcha/365430_bishkekte_kar_tazaloo_ishine_minden_ashyik_jumushchu_seksenden_ashyik_tehnika_tartyildyi/
2026-05-06 00:03:26,831 [master] INFO   ✓ Бишкекте кар тазалоо ишине миңден ашык жумушчу, сексенден ашык техника
2026-05-06 00:03:29,334 [master] INFO Scraping (83/150): https://24.kg/kyrgyzcha/369414_bishkektegi_universitette_chet_eldikter_ortosunda_janjal_eki_student_karmaldyi/
2026-05-06 00:03:31,168 [master] INFO   ✓ Бишкектеги университетте чет элдиктер ортосунда жаңжал: Эки студент ка
2026-05-06 00:03:33,672 [master] INFO Scraping (84/150): https://24.kg/kyrgyzcha/365787_iranga_kol_saluu_markum_ayatolla_ali_hameneinin_jubayyi_tiruu_ekeni_aytyiluuda/
2026-05-06 00:03:34,870 [master] INFO   ✗ Skipped (no content or too short)
2026-05-06 00:03:37,371 [master] INFO Scraping (84/150): https://24.kg/kyrgyzcha/371705_bugunku_dollardyin_kursu/
2026-05-06 00:03:38,496 [master] INFO   ✓ Бүгүнкү доллардын курсу
2026-05-06 00:03:41,000 [master] INFO Scraping (85/150): https://24.kg/kyrgyzcha/369887_aziya_chempionatyi_ernazar_akmataliev_menen_abdyimalik_karachov_jaryim_finalga_chyiktyi/
2026-05-06 00:03:42,448 [master] INFO   ✗ Skipped (no content or too short)
2026-05-06 00:03:44,950 [master] INFO Scraping (85/150): https://24.kg/kyrgyzcha/372877_chempiondor_ligasyi_bugun_jaryim_finalda_atletiko_menen_arsenal_betteshet/
2026-05-06 00:03:46,099 [master] INFO   ✓ Чемпиондор лигасы: Бүгүн жарым финалда «Атлетико» менен «Арсенал» бетт
2026-05-06 00:03:48,601 [master] INFO Scraping (86/150): https://24.kg/kyrgyzcha/367469_bugun_bishkektin_borborduk_bolugundo_suu_ochurulot/
2026-05-06 00:03:50,799 [master] INFO   ✗ Skipped (no content or too short)
2026-05-06 00:03:53,301 [master] INFO Scraping (86/150): https://24.kg/kyrgyzcha/368123_bugun_bishkektin_7-aprel_kochosunun_bir_bolugu_ubaktyiluu_jabyilat/
2026-05-06 00:03:55,155 [master] INFO   ✓ Бүгүн Бишкектин 7-апрель көчөсүнүн бир бөлүгү убактылуу жабылат
2026-05-06 00:03:57,664 [master] INFO Scraping (87/150): https://24.kg/kyrgyzcha/372231_29-aprelge_karata_aba_yirayyi/
2026-05-06 00:03:58,821 [master] INFO   ✓ 29-апрелге карата аба ырайы
2026-05-06 00:04:01,330 [master] INFO Scraping (88/150): https://24.kg/kyrgyzcha/370026_bishkekte_jaan-chachyin_kutulboyt_13-15-aprelge_karata_aba_yirayyi/
2026-05-06 00:04:02,523 [master] INFO   ✓ Бишкекте жаан-чачын күтүлбөйт. 13-15-апрелге карата аба ырайы
2026-05-06 00:04:05,031 [master] INFO Scraping (89/150): https://24.kg/kyrgyzcha/366329_byiyyil_dyiykandarga_37_milliard_somduk_1089_daana_tehnika_berildi/
2026-05-06 00:04:06,211 [master] INFO   ✓ Быйыл дыйкандарга 3,7 миллиард сомдук 1089 даана техника берилди
2026-05-06 00:04:08,718 [master] INFO Scraping (90/150): https://24.kg/kyrgyzcha/370591_sadyir_japarov_kyirgyizstan_oblus_jana_rayondor_joyulup_20aymak_tuzulot/
2026-05-06 00:04:09,900 [master] INFO   ✗ Skipped (no content or too short)
2026-05-06 00:04:12,403 [master] INFO Scraping (90/150): https://24.kg/kyrgyzcha/364759_UWW_ernazar_akmataliev_duynoluk_reytingde_ekinchi_orunga_kotoruldu/
2026-05-06 00:04:14,711 [master] INFO   ✓ UWW: Эрназар Акматалиев дүйнөлүк рейтингде экинчи орунга көтөрүлдү
2026-05-06 00:04:17,218 [master] INFO Scraping (91/150): https://24.kg/kyrgyzcha/366640_bugunku_dollardyin_kursu/
2026-05-06 00:04:19,627 [master] INFO   ✓ Бүгүнкү доллардын курсу
2026-05-06 00:04:22,131 [master] INFO Scraping (92/150): https://24.kg/kyrgyzcha/370254_kyirgyizfarmatsiya_86million_somgo_daryi-darmek_satyip_aluunu_kozdop_jatat/
2026-05-06 00:04:25,560 [master] INFO   ✓ «Кыргызфармация» 86 миллион сомго дары-дармек сатып алууну көздөп жата
2026-05-06 00:04:28,069 [master] INFO Scraping (93/150): https://24.kg/kyrgyzcha/368423_Euronews_kyirgyizstandyin_duynogo_achyilgan_terezesi_bolushu_mumkun/
2026-05-06 00:04:29,503 [master] INFO   ✗ Skipped (no content or too short)
2026-05-06 00:04:32,008 [master] INFO Scraping (93/150): https://24.kg/kyrgyzcha/372065_kosh_boyluuluk_jana_torot_boyuncha_jolok_puldu_kimder_alat/
2026-05-06 00:04:34,173 [master] INFO   ✓ Кош бойлуулук жана төрөт боюнча жөлөк пулду кимдер алат?
2026-05-06 00:04:36,678 [master] INFO Scraping (94/150): https://24.kg/kyrgyzcha/367160_ekkunun_bashkyi_katchyisyi_ishsaparyi_menen_kyirgyizstanga_kelet/
2026-05-06 00:04:37,840 [master] INFO   ✗ Skipped (no content or too short)
2026-05-06 00:04:40,349 [master] INFO Scraping (94/150): https://24.kg/kyrgyzcha/366984_kyirgyizstanda_ayyil_charbasyin_kattoo_onoktugu_ulanuuda/
2026-05-06 00:04:41,716 [master] INFO   ✓ Кыргызстанда айыл чарбасын каттоо өнөктүгү уланууда
2026-05-06 00:04:44,219 [master] INFO Scraping (95/150): https://24.kg/kyrgyzcha/368640_adyilbek_kasyimaliev_tmu_alkagyinda_azerbayjan_prezidenti_menen_jolugushtu/
2026-05-06 00:04:45,435 [master] INFO   ✗ Skipped (no content or too short)
2026-05-06 00:04:47,940 [master] INFO Scraping (95/150): https://24.kg/kyrgyzcha/371014_toktogul_suu_saktagyichyina_tor_salgan_brakonerler_karmaldyi/
2026-05-06 00:04:50,872 [master] INFO   ✗ Skipped (no content or too short)
2026-05-06 00:04:53,376 [master] INFO Scraping (95/150): https://24.kg/kyrgyzcha/368480_2-aprelge_karata_aba_yirayyi/
2026-05-06 00:04:54,482 [master] INFO   ✓ 2-апрелге карата аба ырайы
2026-05-06 00:04:56,985 [master] INFO Scraping (96/150): https://24.kg/kyrgyzcha/369832_paydaluu_kenesh_ishinizde_iygilikke_jetuunun_5syiryi/
2026-05-06 00:04:58,240 [master] INFO   ✓ Пайдалуу кеңеш: Ишиңизде ийгиликке жетүүнүн 5 сыры
2026-05-06 00:05:00,742 [master] INFO Scraping (97/150): https://24.kg/kyrgyzcha/365570_UWW_asan_janyishov_duynoluk_reytingde_3-orundu_eeledi/
2026-05-06 00:05:02,112 [master] INFO   ✓ UWW: Асан Жанышов дүйнөлүк рейтингде 3-орунду ээледи
2026-05-06 00:05:04,619 [master] INFO Scraping (98/150): https://24.kg/kyrgyzcha/369036_kyirgyizstanda_401_min_gektar_jayyit_kalyibyina_keltiruu_rejimine_otkoruldu/
2026-05-06 00:05:05,951 [master] INFO   ✓ Кыргызстанда 401 миң гектар жайыт калыбына келтирүү режимине өткөрүлдү
2026-05-06 00:05:08,458 [master] INFO Scraping (99/150): https://24.kg/kyrgyzcha/371628_akyirkyi_konguroo_iim_ata-enelerdi_baldaryina_unaa_achkyichtaryin_berboogo_chakyirat/
2026-05-06 00:05:10,781 [master] INFO   ✓ Акыркы коңгуроо: ИИМ ата-энелерди балдарына унаа ачкычтарын бербөөгө ч
2026-05-06 00:05:13,282 [master] INFO Scraping (100/150): https://24.kg/kyrgyzcha/page_17/
2026-05-06 00:05:15,081 [master] INFO   ✗ Skipped (no content or too short)
2026-05-06 00:05:17,585 [master] INFO Scraping (100/150): https://24.kg/kyrgyzcha/370051_bugunku_dollardyin_kursu/
2026-05-06 00:05:18,800 [master] INFO   ✓ Бүгүнкү доллардын курсу
2026-05-06 00:05:21,301 [master] INFO Scraping (101/150): https://24.kg/kyrgyzcha/372369_bishkek_tehnikalaryin_janyiloodo_kyizmattarga_unaalar_jana_velosipedder_tapshyiryildyi/
2026-05-06 00:05:22,827 [master] INFO   ✓ Бишкек техникаларын жаңылоодо: Кызматтарга унаалар жана велосипеддер т
2026-05-06 00:05:25,328 [master] INFO Scraping (102/150): https://24.kg/kyrgyzcha/372228_chempiondor_ligasyi_bugun_2025_2026-sezonunun_jaryim_finaldaryi_bashtalat/
2026-05-06 00:05:26,632 [master] INFO   ✗ Skipped (no content or too short)
2026-05-06 00:05:29,137 [master] INFO Scraping (102/150): https://24.kg/kyrgyzcha/369776_bugun_bishkekte_kitep_kununo_arnalgan_okuu_dekadasyi_bashtalat/
2026-05-06 00:05:30,702 [master] INFO   ✓ Бүгүн Бишкекте Китеп күнүнө арналган Окуу декадасы башталат
2026-05-06 00:05:33,206 [master] INFO Scraping (103/150): https://24.kg/kyrgyzcha/370360_viza_jana_migratsiya_maseleleri_timde_pakistandyin_elchisi_menen_talkuulandyi/
2026-05-06 00:05:34,611 [master] INFO   ✓ Виза жана миграция маселелери ТИМде Пакистандын элчиси менен талкуулан
2026-05-06 00:05:37,112 [master] INFO Scraping (104/150): https://24.kg/kyrgyzcha/366758_prezident_koopsuzduk_keneshinin_mucholoru_menen_jakyinkyi_chyigyish_kyirdaalyin_talkuuladyi/
2026-05-06 00:05:42,296 [master] INFO   ✓ Президент Коопсуздук кеңешинин мүчөлөрү менен Жакынкы Чыгыш кырдаалын 
2026-05-06 00:05:44,797 [master] INFO Scraping (105/150): https://24.kg/kyrgyzcha/365247_bugunku_dollardyin_kursu/
2026-05-06 00:05:46,045 [master] INFO   ✓ Бүгүнкү доллардын курсу
2026-05-06 00:05:48,553 [master] INFO Scraping (106/150): https://24.kg/kyrgyzcha/370394_ulan_mamatkanov_minkab_toragasyinyin_orun_basaryinyin_ma_bolup_dayyindaldyi/
2026-05-06 00:05:49,775 [master] INFO   ✗ Skipped (no content or too short)
2026-05-06 00:05:52,277 [master] INFO Scraping (106/150): https://24.kg/kyrgyzcha/371005_elaralyik_XVIIkitep_FEST_2026_kitep_festivalyi_otot/
2026-05-06 00:05:53,945 [master] INFO   ✓ Эл аралык «XVII КИТЕП FEST — 2026» китеп фестивалы өтөт
2026-05-06 00:05:56,446 [master] INFO Scraping (107/150): https://24.kg/kyrgyzcha/367330_kara-baltadagyi_seyil_bakka_ataktuu_akyin_alyikul_osmonovdun_yisyimyi_yiygaryildyi/
2026-05-06 00:05:58,308 [master] INFO   ✗ Skipped (no content or too short)
2026-05-06 00:06:00,809 [master] INFO Scraping (107/150): https://24.kg/kyrgyzcha/370867_18-aprelge_karata_aba_yirayyi/
2026-05-06 00:06:02,069 [master] INFO   ✓ 18-апрелге карата аба ырайы
2026-05-06 00:06:04,571 [master] INFO Scraping (108/150): https://24.kg/kyrgyzcha/367778_eaebdin_okmottor_aralyik_keneshinin_kiyinki_jyiyyinyi_kyirgyizstanda_otot/
2026-05-06 00:06:06,044 [master] INFO   ✗ Skipped (no content or too short)
2026-05-06 00:06:08,547 [master] INFO Scraping (108/150): https://24.kg/kyrgyzcha/369051_VIduynoluk_kochmondor_oyundaryi_baysalov_erdogan_menen_suyloshuulordu_otkordu/
2026-05-06 00:06:09,948 [master] INFO   ✗ Skipped (no content or too short)
2026-05-06 00:06:12,450 [master] INFO Scraping (108/150): https://24.kg/kyrgyzcha/372297_pishpek_frunze_jana_bishkek_borbor_kalaaga_148_jyil_toldu/
2026-05-06 00:06:14,433 [master] INFO   ✓ Пишпек, Фрунзе жана Бишкек. Борбор калаага 148 жыл толду
2026-05-06 00:06:16,935 [master] INFO Scraping (109/150): https://24.kg/kyrgyzcha/369426_kazakstandan_kelgen_22tonna_kartoshka_kayra_kaytaryildyi/
2026-05-06 00:06:18,252 [master] INFO   ✓ Казакстандан келген 22 тонна картошка кайра кайтарылды
2026-05-06 00:06:20,756 [master] INFO Scraping (110/150): https://24.kg/kyrgyzcha/369009_bugun_bishkekte_kurosh_boyuncha_aziya_chempionatyi_bashtalat/
2026-05-06 00:06:23,043 [master] INFO   ✗ Skipped (no content or too short)
2026-05-06 00:06:25,545 [master] INFO Scraping (110/150): https://24.kg/kyrgyzcha/366130_kerme-too_meymankanasyi_jana_anyin_235_gektar_jer_tilkesi_mamleketke_kaytaryildyi/
2026-05-06 00:06:26,823 [master] INFO   ✗ Skipped (no content or too short)
2026-05-06 00:06:29,326 [master] INFO Scraping (110/150): https://24.kg/kyrgyzcha/366815_prezident_sadyir_japarov_ayt_namazga_katyishtyi/
2026-05-06 00:06:30,676 [master] INFO   ✓ Президент Садыр Жапаров айт намазга катышты
2026-05-06 00:06:33,178 [master] INFO Scraping (111/150): https://24.kg/kyrgyzcha/364596_bugun_bishkektin_eki_konushunda_taza_suu_ochurulot/
2026-05-06 00:06:34,431 [master] INFO   ✓ Бүгүн Бишкектин эки конушунда таза суу өчүрүлөт
2026-05-06 00:06:36,931 [master] INFO Scraping (112/150): https://24.kg/kyrgyzcha/368803_akyiykatchyi_minskte_tergoo_abagyinda_olturgan_kyirgyiz_jarandaryi_menen_jolugushtu/
2026-05-06 00:06:38,259 [master] INFO   ✓ Акыйкатчы Минскте Тергөө абагында олтурган кыргыз жарандары менен жолу
2026-05-06 00:06:40,761 [master] INFO Scraping (113/150): https://24.kg/kyrgyzcha/365395_bugun_bishkekte_kyirgyizstandyin_universiadasyi_bashtalat/
2026-05-06 00:06:41,829 [master] INFO   ✓ Бүгүн Бишкекте Кыргызстандын Универсиадасы башталат
2026-05-06 00:06:44,330 [master] INFO Scraping (114/150): https://24.kg/kyrgyzcha/365528_kopuro_joldor_jana_tunnel_kambarata-1gesinin_kurulushu_kanday_juruudo/
2026-05-06 00:06:46,305 [master] INFO   ✓ Көпүрө, жолдор жана туннель: Камбарата-1 ГЭСинин курулушу кандай жүрүү
2026-05-06 00:06:48,810 [master] INFO Scraping (115/150): https://24.kg/kyrgyzcha/366659_kyirgyizstandan_birinchi_jolu_kyitayga_jugoru_eksporttoldu/
2026-05-06 00:06:50,469 [master] INFO   ✓ Кыргызстандан биринчи жолу Кытайга жүгөрү экспорттолду
2026-05-06 00:06:52,972 [master] INFO Scraping (116/150): https://24.kg/kyrgyzcha/370169_bugun_bishkektin_ayryim_jerlerinde_suu_bolboyt/
2026-05-06 00:06:54,319 [master] INFO   ✓ Бүгүн Бишкектин айрым жерлеринде суу болбойт
2026-05-06 00:06:56,821 [master] INFO Scraping (117/150): https://24.kg/kyrgyzcha/369757_aziya_chempionatyi_meerim_jumanazarova_aziyanyin_eki_jolku_chempionu_boldu/
2026-05-06 00:06:58,460 [master] INFO   ✓ Азия чемпионаты: Мээрим Жуманазарова Азиянын эки жолку чемпиону болду
2026-05-06 00:07:00,963 [master] INFO Scraping (118/150): https://24.kg/kyrgyzcha/page_19/
2026-05-06 00:07:02,485 [master] INFO   ✗ Skipped (no content or too short)
2026-05-06 00:07:04,987 [master] INFO Scraping (118/150): https://24.kg/kyrgyzcha/365698_internet_aldamchyilyigyi_byiltyir_kyirgyiz_jarandaryinan_826_million_som_uurdalgan/
2026-05-06 00:07:06,514 [master] INFO   ✓ Интернет алдамчылыгы. Былтыр кыргыз жарандарынан 826 миллион сом уурда
2026-05-06 00:07:09,016 [master] INFO Scraping (119/150): https://24.kg/kyrgyzcha/365616_sotsialdyik_kelishim_programmasyina_katyishuu_uchun_1min_825_aryiz_tushtu/
2026-05-06 00:07:10,691 [master] INFO   ✓ «Социалдык келишим» программасына катышуу үчүн 1 миң 825 арыз түштү
2026-05-06 00:07:13,194 [master] INFO Scraping (120/150): https://24.kg/kyrgyzcha/364619_bugunku_dollardyin_kursu/
2026-05-06 00:07:14,649 [master] INFO   ✓ Бүгүнкү доллардын курсу
2026-05-06 00:07:17,151 [master] INFO Scraping (121/150): https://24.kg/kyrgyzcha/372429_chempiondor_ligasyi_bugun_jaryim_finalda_atletiko_menen_arsenal_betteshet/
2026-05-06 00:07:18,359 [master] INFO   ✓ Чемпиондор лигасы: Бүгүн жарым финалда «Атлетико» менен «Арсенал» бетт
2026-05-06 00:07:20,862 [master] INFO Scraping (122/150): https://24.kg/kyrgyzcha/366796_24kg_kyirgyizstandyiktardyi_orozo_ayt_mayramyi_menen_kuttuktayt/
2026-05-06 00:07:24,379 [master] INFO   ✗ Skipped (no content or too short)
2026-05-06 00:07:26,880 [master] INFO Scraping (122/150): https://24.kg/kyrgyzcha/365019_bishkekte_umut_kinoforumunun_jenuuchuloru_anyiktaldyi/
2026-05-06 00:07:28,420 [master] INFO   ✓ Бишкекте «Үмүт» кинофорумунун жеңүүчүлөрү аныкталды
2026-05-06 00:07:30,930 [master] INFO Scraping (123/150): https://24.kg/kyrgyzcha/369351_8-aprelge_karata_aba_yirayyi/
2026-05-06 00:07:32,251 [master] INFO   ✓ 8-апрелге карата аба ырайы
2026-05-06 00:07:34,754 [master] INFO Scraping (124/150): https://24.kg/kyrgyzcha/page_9/
2026-05-06 00:07:36,455 [master] INFO   ✗ Skipped (no content or too short)
2026-05-06 00:07:38,956 [master] INFO Scraping (124/150): https://24.kg/kyrgyzcha/page_4/
2026-05-06 00:07:40,598 [master] INFO   ✗ Skipped (no content or too short)
2026-05-06 00:07:43,100 [master] INFO Scraping (124/150): https://24.kg/kyrgyzcha/370181_kambar-ata_ges-1_kurulushu_duynoluk_bank_uchun_artyikchyilyiktuu_masele_boluuda/
2026-05-06 00:07:44,459 [master] INFO   ✗ Skipped (no content or too short)
2026-05-06 00:07:46,963 [master] INFO Scraping (124/150): https://24.kg/kyrgyzcha/370278_batkende_elaralyik_aygul_gulu_festivalyi_otot/
2026-05-06 00:07:50,266 [master] INFO   ✗ Skipped (no content or too short)
2026-05-06 00:07:52,768 [master] INFO Scraping (124/150): https://24.kg/kyrgyzcha/365692_bishkekte_oogan_gashishi_iim_bangizattardyi_myiyzamsyiz_jugurtuu_tobun_karmadyi/
2026-05-06 00:07:54,271 [master] INFO   ✓ Бишкекте ооган гашиши: ИИМ баңгизаттарды мыйзамсыз жүгүртүү тобун карм
2026-05-06 00:07:56,773 [master] INFO Scraping (125/150): https://24.kg/kyrgyzcha/367255_kyirgyizstan_jashyilcha_eksportun_koboytuudo/
2026-05-06 00:08:00,229 [master] INFO   ✓ Кыргызстан жашылча экспортун көбөйтүүдө
2026-05-06 00:08:02,734 [master] INFO Scraping (126/150): https://24.kg/kyrgyzcha/369628_byiyyilkyi_shku_marafonun_uyushturuuga_2million_somdon_ashyik_karajat_bolunuudo/
2026-05-06 00:08:04,213 [master] INFO   ✓ Быйылкы ШКУ марафонун уюштурууга 2 миллион сомдон ашык каражат бөлүнүү
2026-05-06 00:08:06,718 [master] INFO Scraping (127/150): https://24.kg/kyrgyzcha/369582_bugun_bishkekte_chyingyiz_aytmatovgo_arnalgan_korgozmo_otot/
2026-05-06 00:08:08,109 [master] INFO   ✗ Skipped (no content or too short)
2026-05-06 00:08:10,613 [master] INFO Scraping (127/150): https://24.kg/kyrgyzcha/369461_bshk_abdyildabek_egemberdievdi_mandatyinan_ajyirattyi/
2026-05-06 00:08:11,911 [master] INFO   ✗ Skipped (no content or too short)
2026-05-06 00:08:14,413 [master] INFO Scraping (127/150): https://24.kg/kyrgyzcha/364519_jkdeputatyi_orusiya_abaktryindagyi_kyirgyiz_jarandaryina_konul_buruuga_chakyirdyi/
2026-05-06 00:08:17,200 [master] INFO   ✓ ЖК депутаты Орусия абактрындагы кыргыз жарандарына көңүл бурууга чакыр
2026-05-06 00:08:19,702 [master] INFO Scraping (128/150): https://24.kg/kyrgyzcha/366090_oskar_2026_jenuuchulorgo_syiylyik_tapshyiruu_azemi_los-anjeleste_ottu/
2026-05-06 00:08:20,997 [master] INFO   ✗ Skipped (no content or too short)
2026-05-06 00:08:23,500 [master] INFO Scraping (128/150): https://24.kg/kyrgyzcha/371966_bugunku_dollardyin_kursu/
2026-05-06 00:08:24,960 [master] INFO   ✓ Бүгүнкү доллардын курсу
2026-05-06 00:08:27,464 [master] INFO Scraping (129/150): https://24.kg/kyrgyzcha/369010_munarbek_seyitbek_uulu_turkiyada_otkon_elaralyik_turnirde_jenuuchusu_boldu/
2026-05-06 00:08:28,652 [master] INFO   ✓ Мунарбек Сейитбек уулу Түркияда өткөн эл аралык турнирде жеңүүчүсү бол
2026-05-06 00:08:31,153 [master] INFO Scraping (130/150): https://24.kg/kyrgyzcha/372936_kara-baltada_kafenin_dubalyi_kulap_bir_kishi_kaza_boldu/
2026-05-06 00:08:32,757 [master] INFO   ✓ Кара-Балтада кафенин дубалы кулап, бир киши каза болду
2026-05-06 00:08:35,259 [master] INFO Scraping (131/150): https://24.kg/kyrgyzcha/365679_doolot_kurulush_kurulush_kompaniyasyinyin_imarattaryinda_audit_jurguzuluudo/
2026-05-06 00:08:36,506 [master] INFO   ✗ Skipped (no content or too short)
2026-05-06 00:08:39,014 [master] INFO Scraping (131/150): https://24.kg/kyrgyzcha/371387_okm_sonku_sutkada_olko_aymagyinda_11ort_kyirsyigyi_kattaldyi/
2026-05-06 00:08:40,569 [master] INFO   ✓ ӨКМ: Соңку суткада өлкө аймагында 11 өрт кырсыгы катталды
2026-05-06 00:08:43,078 [master] INFO Scraping (132/150): https://24.kg/kyrgyzcha/372809_bishkek_shaaryinyin_merinin_turgundar_menen_jolugushuu_yiraattamasyi/
2026-05-06 00:08:44,381 [master] INFO   ✓ Бишкек шаарынын мэринин тургундар менен жолугушуу ырааттамасы
2026-05-06 00:08:46,887 [master] INFO Scraping (133/150): https://24.kg/kyrgyzcha/365477_sadyir_japarov_korruptsiyaga_karshyi_kuroshto_bir_tuuganyimdyi_daayabaym/
2026-05-06 00:08:48,069 [master] INFO   ✓ Садыр Жапаров: «Коррупцияга каршы күрөштө бир тууганымды да аябайм»
2026-05-06 00:08:50,572 [master] INFO Scraping (134/150): https://24.kg/kyrgyzcha/372554_may_mayramdaryinda_kalktyi_teyloo_borborloru_dem_alyishsyiz_ishteyt/
2026-05-06 00:08:53,183 [master] INFO   ✗ Skipped (no content or too short)
2026-05-06 00:08:55,685 [master] INFO Scraping (134/150): https://24.kg/kyrgyzcha/365674_bishkektegi_abanyin_bulganyishyi_borbor_shaar_birinchi_orunda_turat/
2026-05-06 00:08:58,250 [master] INFO   ✗ Skipped (no content or too short)
2026-05-06 00:09:00,752 [master] INFO Scraping (134/150): https://24.kg/kyrgyzcha/367973_tokmok_shaaryinda_unaa_mekemesinin_janyi_imaratyi_kurulat/
2026-05-06 00:09:01,951 [master] INFO   ✓ Токмок шаарында «Унаа» мекемесинин жаңы имараты курулат
2026-05-06 00:09:04,454 [master] INFO Scraping (135/150): https://24.kg/kyrgyzcha/366682_bulak_akyisyiz_mobildik_tirkemesi_jrtga_dayardanuuga_jardam_beret/
2026-05-06 00:09:05,804 [master] INFO   ✓ «Булак» акысыз мобилдик тиркемеси ЖРТга даярданууга жардам берет
2026-05-06 00:09:08,306 [master] INFO Scraping (136/150): https://24.kg/kyrgyzcha/371391_jogorku_keneshte_janyi_deputat_ant_berdi/
2026-05-06 00:09:09,477 [master] INFO   ✓ Жогорку Кеңеште жаңы депутат ант берди
2026-05-06 00:09:11,983 [master] INFO Scraping (137/150): https://24.kg/kyrgyzcha/372850_bugun_kyirgyiz-tajik_chek_arasyinda_jer_titiredi/
2026-05-06 00:09:13,309 [master] INFO   ✓ Бүгүн Кыргыз-тажик чек арасында жер титиреди
2026-05-06 00:09:15,811 [master] INFO Scraping (138/150): https://24.kg/kyrgyzcha/371971_kyirgyizstandyin_45shaar-kyishtagyinda_jenish_jonundo_jat_jazuu_aktsiyasyi_otup_jatat/
2026-05-06 00:09:18,416 [master] INFO   ✓ Кыргызстандын 45 шаар-кыштагында «Жеңиш жөнүндө жат жазуу» акциясы өтү
2026-05-06 00:09:20,919 [master] INFO Scraping (139/150): https://24.kg/kyrgyzcha/370023_UWW_reytingi_kyirgyizstandyik_balban_razzak_beyshekeev_aldyinkyi_beshtikke_kirdi/
2026-05-06 00:09:22,117 [master] INFO   ✓ UWW рейтинги: Кыргызстандык балбан Раззак Бейшекеев алдыңкы бештикке к
2026-05-06 00:09:24,619 [master] INFO Scraping (140/150): https://24.kg/kyrgyzcha/371039_paydaluu_kenesh_erten_menen_erte_tamaktanuunu_aryiktoogo_jardam_beret/
2026-05-06 00:09:26,141 [master] INFO   ✓ Пайдалуу кеңеш: Эртең менен эрте тамактанууну арыктоого жардам берет
2026-05-06 00:09:28,642 [master] INFO Scraping (141/150): https://24.kg/kyrgyzcha/364551_kyirgyizstanda_kurulush_tarmagyindagyi_idp_4385_milliard_somdu_tuzdu/
2026-05-06 00:09:30,319 [master] INFO   ✓ Кыргызстанда курулуш тармагындагы ИДП 438,5 миллиард сомду түздү
2026-05-06 00:09:32,821 [master] INFO Scraping (142/150): https://24.kg/kyrgyzcha/369196_aziya_chempionatyi_erkin_kurosh_boyuncha_kyirgyizstandyik_onbalban_kilemge_chyigat/
2026-05-06 00:09:34,243 [master] INFO   ✓ Азия чемпионаты: Эркин күрөш боюнча кыргызстандык он балбан килемге чы
2026-05-06 00:09:36,745 [master] INFO Scraping (143/150): https://24.kg/kyrgyzcha/372666_paydaluu_kenesh_emne_uchun_adam_jonokoy_suudan_dele_tolup_ketishi_mumkun/
2026-05-06 00:09:38,119 [master] INFO   ✓ Пайдалуу кеңеш: Эмне үчүн адам жөнөкөй суудан деле толуп кетиши мүмкүн
2026-05-06 00:09:40,620 [master] INFO Scraping (144/150): https://24.kg/kyrgyzcha/370830_kyirgyizstanda_algachkyi_jolu_mamlekettik_ulgudogu_PhD_diplomdor_tapshyiryildyi/
2026-05-06 00:09:42,892 [master] INFO   ✓ Кыргызстанда алгачкы жолу мамлекеттик үлгүдөгү PhD дипломдор тапшырылд
2026-05-06 00:09:45,394 [master] INFO Scraping (145/150): https://24.kg/kyrgyzcha/371077_boom_kapchyigayyinda_unaalardyin_kyiymyilyina_ubaktyiluu_chektoo_kirgizildi/
2026-05-06 00:09:47,168 [master] INFO   ✓ Боом капчыгайында унаалардын кыймылына убактылуу чектөө киргизилди
2026-05-06 00:09:49,670 [master] INFO Scraping (146/150): https://24.kg/kyrgyzcha/368567_kyirgyizstandyin_prokuraturasyi_10jetim_balanyin_ukuktaryin_korgodu/
2026-05-06 00:09:51,610 [master] INFO   ✗ Skipped (no content or too short)
2026-05-06 00:09:54,113 [master] INFO Scraping (146/150): https://24.kg/kyrgyzcha/365520_kazakstandan_kelgen_56tonna_piyaz_artka_kaytaryildyi/
2026-05-06 00:09:55,869 [master] INFO   ✗ Skipped (no content or too short)
2026-05-06 00:09:58,371 [master] INFO Scraping (146/150): https://24.kg/kyrgyzcha/372294_bugundon_tarta_bishkektegi_fontandar_ishtey_bashtayt/
2026-05-06 00:10:02,107 [master] INFO   ✓ Бүгүндөн тарта Бишкектеги фонтандар иштей баштайт
2026-05-06 00:10:04,608 [master] INFO Scraping (147/150): https://24.kg/kyrgyzcha/369584_bishkek_biyligi_shaar_turgundardyi_jana_konoktoru_vals_kechesine_chakyirat/
2026-05-06 00:10:06,303 [master] INFO   ✓ Бишкек бийлиги шаар тургундарды жана коноктору вальс кечесине чакырат
2026-05-06 00:10:08,805 [master] INFO Scraping (148/150): https://24.kg/kyrgyzcha/366084_talasta_elaralyik_dengeeldegi_5min_orunduu_stadion_kuruluuda/
2026-05-06 00:10:10,098 [master] INFO   ✓ Таласта эл аралык деңгээлдеги 5 миң орундуу стадион курулууда
2026-05-06 00:10:12,599 [master] INFO Scraping (149/150): https://24.kg/kyrgyzcha/365844_kyirgyizstanga_eki_mindey_uy-buloluk_daryiger_jetishpeyt/
2026-05-06 00:10:14,267 [master] INFO   ✓ Кыргызстанга эки миңдей үй-бүлөлүк дарыгер жетишпейт
2026-05-06 00:10:16,768 [master] INFO Scraping (150/150): https://24.kg/kyrgyzcha/364789_prezident_ajievdin_turmodon_tik_uchak_menen_uchushuna_kommentariy_berdi/
2026-05-06 00:10:18,923 [master] INFO   ✓ Президент Ажиевдин түрмөдөн тик учак менен учушуна комментарий берди.
2026-05-06 00:10:21,530 [master] INFO 
Saved 150 articles → data/24kg_kyrgyz_data.csv
2026-05-06 00:10:21,581 [master] INFO   24kg: 150 rows (label=0)
2026-05-06 00:10:21,598 [master] INFO Running scraper: scraper_azattyk
2026-05-06 00:10:21,598 [master] INFO ============================================================
2026-05-06 00:10:21,598 [master] INFO AZATTYK.ORG KYRGYZ SCRAPER
2026-05-06 00:10:21,598 [master] INFO ============================================================
2026-05-06 00:10:21,598 [master] INFO Fetching listing page 0: https://www.azattyk.org/news?p=0
2026-05-06 00:10:23,074 [master] INFO   → Found 12 new links (total: 12)
2026-05-06 00:10:24,577 [master] INFO Fetching listing page 1: https://www.azattyk.org/news?p=1
2026-05-06 00:10:25,960 [master] INFO   → Found 12 new links (total: 24)
2026-05-06 00:10:27,464 [master] INFO Fetching listing page 2: https://www.azattyk.org/news?p=2
2026-05-06 00:10:28,976 [master] INFO   → Found 12 new links (total: 36)
2026-05-06 00:10:30,481 [master] INFO Fetching listing page 3: https://www.azattyk.org/news?p=3
2026-05-06 00:10:31,944 [master] INFO   → Found 12 new links (total: 48)
2026-05-06 00:10:33,453 [master] INFO Fetching listing page 4: https://www.azattyk.org/news?p=4
2026-05-06 00:10:35,027 [master] INFO   → Found 12 new links (total: 60)
2026-05-06 00:10:36,537 [master] INFO Fetching listing page 5: https://www.azattyk.org/news?p=5
2026-05-06 00:10:38,400 [master] INFO   → Found 12 new links (total: 72)
2026-05-06 00:10:39,903 [master] INFO Fetching listing page 6: https://www.azattyk.org/news?p=6
2026-05-06 00:10:41,527 [master] INFO   → Found 12 new links (total: 84)
2026-05-06 00:10:43,029 [master] INFO Fetching listing page 7: https://www.azattyk.org/news?p=7
2026-05-06 00:10:44,673 [master] INFO   → Found 12 new links (total: 96)
2026-05-06 00:10:46,178 [master] INFO Fetching listing page 8: https://www.azattyk.org/news?p=8
2026-05-06 00:10:47,824 [master] INFO   → Found 12 new links (total: 108)
2026-05-06 00:10:49,332 [master] INFO Fetching listing page 9: https://www.azattyk.org/news?p=9
2026-05-06 00:10:50,934 [master] INFO   → Found 12 new links (total: 120)
2026-05-06 00:10:52,449 [master] INFO Fetching listing page 10: https://www.azattyk.org/news?p=10
2026-05-06 00:10:54,199 [master] INFO   → Found 12 new links (total: 132)
2026-05-06 00:10:55,700 [master] INFO Fetching listing page 11: https://www.azattyk.org/news?p=11
2026-05-06 00:10:57,298 [master] INFO   → Found 12 new links (total: 144)
2026-05-06 00:10:58,831 [master] INFO Fetching listing page 12: https://www.azattyk.org/news?p=12
2026-05-06 00:11:00,720 [master] INFO   → Found 12 new links (total: 156)
2026-05-06 00:11:02,230 [master] INFO Fetching listing page 13: https://www.azattyk.org/news?p=13
2026-05-06 00:11:03,860 [master] INFO   → Found 12 new links (total: 168)
2026-05-06 00:11:05,366 [master] INFO Fetching listing page 14: https://www.azattyk.org/news?p=14
2026-05-06 00:11:07,041 [master] INFO   → Found 12 new links (total: 180)
2026-05-06 00:11:08,554 [master] INFO Fetching listing page 15: https://www.azattyk.org/news?p=15
2026-05-06 00:11:10,255 [master] INFO   → Found 12 new links (total: 192)
2026-05-06 00:11:11,762 [master] INFO Fetching listing page 16: https://www.azattyk.org/news?p=16
2026-05-06 00:11:13,352 [master] INFO   → Found 12 new links (total: 204)
2026-05-06 00:11:14,868 [master] INFO Fetching listing page 17: https://www.azattyk.org/news?p=17
2026-05-06 00:11:16,441 [master] INFO   → Found 12 new links (total: 216)
2026-05-06 00:11:17,944 [master] INFO Fetching listing page 18: https://www.azattyk.org/news?p=18
2026-05-06 00:11:19,616 [master] INFO   → Found 12 new links (total: 228)
2026-05-06 00:11:21,118 [master] INFO Fetching listing page 19: https://www.azattyk.org/news?p=19
2026-05-06 00:11:22,930 [master] INFO   → Found 12 new links (total: 240)
2026-05-06 00:11:24,432 [master] INFO Total article links: 240
2026-05-06 00:11:24,435 [master] INFO Scraping (1/150): https://www.azattyk.org/a/33745861.html
2026-05-06 00:11:27,365 [master] INFO   ✓ Акыркы жылдары мамлекетке кайтарылган мүлктүн 221и сатылды
2026-05-06 00:11:30,373 [master] INFO Scraping (2/150): https://www.azattyk.org/a/33743431.html
2026-05-06 00:11:31,915 [master] INFO   ✓ Одессада орус армиясынын соккуларынан 14 киши жабыркады
2026-05-06 00:11:34,922 [master] INFO Scraping (3/150): https://www.azattyk.org/a/33738045.html
2026-05-06 00:11:36,440 [master] INFO   ✓ Сакчылар корпусу Ормузда эки кеме кармалганын билдирди
2026-05-06 00:11:39,442 [master] INFO Scraping (4/150): https://www.azattyk.org/a/33744883.html
2026-05-06 00:11:41,076 [master] INFO   ✓ Депутат Сариев Чүй дарыясынын жээгин бекемдөөгө көбүрөөк каражат бөлүү
2026-05-06 00:11:44,087 [master] INFO Scraping (5/150): https://www.azattyk.org/a/33740784.html
2026-05-06 00:11:45,673 [master] INFO   ✓ Тамчыда көл жээгине кум төгүлүп жатканы тууралуу видео боюнча түшүндүр
2026-05-06 00:11:48,679 [master] INFO Scraping (6/150): https://www.azattyk.org/a/33750071.html
2026-05-06 00:11:50,419 [master] INFO   ✓ Путин 8–9-майда, Зеленский 6-майдан тартып атышпоо режими кирерин жары
2026-05-06 00:11:53,420 [master] INFO Scraping (7/150): https://www.azattyk.org/a/33743591.html
2026-05-06 00:11:55,203 [master] INFO   ✓ Газа: Аббастын тарапкерлери муниципалдык шайлоодо алдыга чыкты
2026-05-06 00:11:58,205 [master] INFO Scraping (8/150): https://www.azattyk.org/a/33742195.html
2026-05-06 00:11:59,724 [master] INFO   ✓ Кыргызстан–Кытай–Пакистан транспорттук каттамы ачылды
2026-05-06 00:12:02,726 [master] INFO Scraping (9/150): https://www.azattyk.org/a/33744064.html
2026-05-06 00:12:04,453 [master] INFO   ✓ Трамп катышкан иш-чарада ок чыгарган адамга "президенттин өмүрүнө кол 
2026-05-06 00:12:07,455 [master] INFO Scraping (10/150): https://www.azattyk.org/a/33744395.html
2026-05-06 00:12:09,078 [master] INFO   ✓ Тажикстан менен Өзбекстан чек арадан ички паспорт менен каттоо тартиби
2026-05-06 00:12:12,080 [master] INFO Scraping (11/150): https://www.azattyk.org/a/33737741.html
2026-05-06 00:12:14,150 [master] INFO   ✓ Депутат Өмүрзаков Кыргызстанга сапатсыз азыктар кирип жатканын айтты
2026-05-06 00:12:17,154 [master] INFO Scraping (12/150): https://www.azattyk.org/a/33744170.html
2026-05-06 00:12:18,799 [master] INFO   ✓ Жапаров ШКУга мүчө өлкөлөрдүн коргоо министрлерин кабыл алды
2026-05-06 00:12:21,801 [master] INFO Scraping (13/150): https://www.azattyk.org/a/33737228.html
2026-05-06 00:12:23,330 [master] INFO   ✓ Reuters: Орусия казак мунайын Германияга жеткирүүнү токтотууну көздөйт
2026-05-06 00:12:26,334 [master] INFO Scraping (14/150): https://www.azattyk.org/a/33745481.html
2026-05-06 00:12:28,000 [master] INFO   ✓ Ташиев Кылмыш-жаза кодексинин эки беренеси менен айыпталууда
2026-05-06 00:12:31,002 [master] INFO Scraping (15/150): https://www.azattyk.org/a/33750384.html
2026-05-06 00:12:32,582 [master] INFO   ✓ Куткаруучулар жапониялык эки туристти Ала-Арча капчыгайынан алып түштү
2026-05-06 00:12:35,583 [master] INFO Scraping (16/150): https://www.azattyk.org/a/33750081.html
2026-05-06 00:12:37,330 [master] INFO   ✓ Жапаров Баш мыйзамдын ар бир беренесин урматтоо маанилүү экенин белгил
2026-05-06 00:12:40,332 [master] INFO Scraping (17/150): https://www.azattyk.org/a/33737923.html
2026-05-06 00:12:42,014 [master] INFO   ✓ Садыр Жапаров Борбор Азия өлкөлөрүн суу маселесинде чогуу аракеттенүүг
2026-05-06 00:12:45,024 [master] INFO Scraping (18/150): https://www.azattyk.org/a/33742695.html
2026-05-06 00:12:46,658 [master] INFO   ✓ Өзбекстандын эки компаниясы Евробиримдиктин санкциясына кирди
2026-05-06 00:12:49,659 [master] INFO Scraping (19/150): https://www.azattyk.org/a/33750321.html
2026-05-06 00:12:51,272 [master] INFO   ✓ Трамп Иран Ормуз кысыгында  америкалык кемелерди бутага алса аны "жер 
2026-05-06 00:12:54,282 [master] INFO Scraping (20/150): https://www.azattyk.org/a/33745101.html
2026-05-06 00:12:55,857 [master] INFO   ✓ Перм крайында өнөр жай ишканасына сокку урулду
2026-05-06 00:12:58,859 [master] INFO Scraping (21/150): https://www.azattyk.org/a/33747521.html
2026-05-06 00:13:00,449 [master] INFO   ✓ Экс-депутат Сатыбалдиев коомдук жайда тамеки чеккени үчүн айыпка жыгыл
2026-05-06 00:13:03,451 [master] INFO Scraping (22/150): https://www.azattyk.org/a/33744877.html
2026-05-06 00:13:05,082 [master] INFO   ✓ Ташиев, Тургунбек уулу жана Зулушев ИИМде сурак бергени кабарланууда
2026-05-06 00:13:08,085 [master] INFO Scraping (23/150): https://www.azattyk.org/a/33744901.html
2026-05-06 00:13:09,670 [master] INFO   ✓ ИИМ Бишкек электр тармактар ишканасынын директорун кармады
2026-05-06 00:13:12,684 [master] INFO Scraping (24/150): https://www.azattyk.org/a/33744082.html
2026-05-06 00:13:14,292 [master] INFO   ✓ Акыйкатчы: Алимент өндүрүү маселеси жапырт социалдык көйгөйгө айланууд
2026-05-06 00:13:17,294 [master] INFO Scraping (25/150): https://www.azattyk.org/a/33748633.html
2026-05-06 00:16:21,247 [master] WARNING Failed https://www.azattyk.org/a/33748633.html: ('Connection aborted.', RemoteDisconnected('Remote end closed connection without response'))
2026-05-06 00:16:21,268 [master] INFO   ✗ Skipped
2026-05-06 00:16:24,279 [master] INFO Scraping (25/150): https://www.azattyk.org/a/33742736.html
2026-05-06 00:16:25,479 [master] INFO   ✓ Баткенде жубайлардын өлүмүнүн чоо-жайы иликтенүүдө
2026-05-06 00:16:28,482 [master] INFO Scraping (26/150): https://www.azattyk.org/a/33737318.html
2026-05-06 00:16:29,617 [master] INFO   ✓ Жапаров Астанада Аймактык экологиялык саммитке катышат
2026-05-06 00:16:32,619 [master] INFO Scraping (27/150): https://www.azattyk.org/a/33744200.html
2026-05-06 00:16:33,791 [master] INFO   ✓ Булак: Президент Трамп Ирандын соңку сунушуна канааттанган жок
2026-05-06 00:16:36,793 [master] INFO Scraping (28/150): https://www.azattyk.org/a/33750070.html
2026-05-06 00:16:37,820 [master] INFO   ✓ БАЭ Ирандын дрон жана ракета чабуулуна кабылганын кабарлады
2026-05-06 00:16:40,821 [master] INFO Scraping (29/150): https://www.azattyk.org/a/33747603.html
2026-05-06 00:16:41,815 [master] INFO   ✓ АКШдан депортация болгон дагы 26 өзбек жараны мекенине кайтты
2026-05-06 00:16:44,818 [master] INFO Scraping (30/150): https://www.azattyk.org/a/33741748.html
2026-05-06 00:16:45,863 [master] INFO   ✓ NYT: Можтаба Хаменеиге кеп бут салып, пластикалык операция жасоо керек
2026-05-06 00:16:48,868 [master] INFO Scraping (31/150): https://www.azattyk.org/a/33737731.html
2026-05-06 00:16:49,785 [master] INFO   ✓ Мамлекеттик катчы Оштогу тергөө абагынын имаратын музейге айлантууну с
2026-05-06 00:16:52,786 [master] INFO Scraping (32/150): https://www.azattyk.org/a/33743500.html
2026-05-06 00:16:53,885 [master] INFO   ✓ Клара Сооронкулова мурдагы башкы прокурор Зулушевди сотко бере турганы
2026-05-06 00:16:56,889 [master] INFO Scraping (33/150): https://www.azattyk.org/a/33750235.html
2026-05-06 00:16:57,801 [master] INFO   ✓ Орусиялык журналист Маша Гессен Пулицер сыйлыгын алды
2026-05-06 00:17:00,803 [master] INFO Scraping (34/150): https://www.azattyk.org/a/33750299.html
2026-05-06 00:17:01,732 [master] INFO   ✓ Өскеменде "Казмырыш" заводундагы жарылуу эки кишинин өмүрүн алды
2026-05-06 00:17:04,737 [master] INFO Scraping (35/150): https://www.azattyk.org/a/33744416.html
2026-05-06 00:17:05,748 [master] INFO   ✓ Алай: Гүлчөдө кайра сел жүрдү
2026-05-06 00:17:08,749 [master] INFO Scraping (36/150): https://www.azattyk.org/a/33748946.html
2026-05-06 00:17:09,862 [master] INFO   ✓ Орус армиясынын аба соккусунан Харьковдо алты киши мүрт кетти
2026-05-06 00:17:12,866 [master] INFO Scraping (37/150): https://www.azattyk.org/a/33749647.html
2026-05-06 00:17:13,945 [master] INFO   ✓ Орусияда чет өлкөлүктөргө мамлекеттик төлөмдөрдү жогорулатуу сунушталд
2026-05-06 00:17:16,946 [master] INFO Scraping (38/150): https://www.azattyk.org/a/33742179.html
2026-05-06 00:17:17,864 [master] INFO   ✓ Бишкекте жети жашар кызды зордуктоого шектүү кармалды
2026-05-06 00:17:20,866 [master] INFO Scraping (39/150): https://www.azattyk.org/a/33745834.html
2026-05-06 00:17:21,947 [master] INFO   ✓ Израил Газага гумжардам ташып бараткан кемелерди кармады
2026-05-06 00:17:24,948 [master] INFO Scraping (40/150): https://www.azattyk.org/a/33744278.html
2026-05-06 00:17:26,196 [master] INFO   ✓ Иранда интернет өчүрүлгөнүнө 60 күн болду
2026-05-06 00:17:29,199 [master] INFO Scraping (41/150): https://www.azattyk.org/a/33740638.html
2026-05-06 00:17:30,506 [master] INFO   ✓ Адылбек Касымалиев инвесторлорго шарт түзүү чабал болуп жатканын айтып
2026-05-06 00:17:33,508 [master] INFO Scraping (42/150): https://www.azattyk.org/a/33744917.html
2026-05-06 00:17:34,514 [master] INFO   ✓ Орусиянын Туапсе аймагында өзгөчө кырдаал жарыяланды
2026-05-06 00:17:37,518 [master] INFO Scraping (43/150): https://www.azattyk.org/a/33740556.html
2026-05-06 00:17:38,602 [master] INFO   ✓ АКШ Ирандан согушту токтотуу боюнча "бирдиктүү" сунуш күтүп жатканын б
2026-05-06 00:17:41,604 [master] INFO Scraping (44/150): https://www.azattyk.org/a/33743212.html
2026-05-06 00:17:42,659 [master] INFO   ✓ Көк-бөрү федерациясынын президенти кызматтан кетүү боюнча арыз жазды
2026-05-06 00:17:45,671 [master] INFO Scraping (45/150): https://www.azattyk.org/a/33740707.html
2026-05-06 00:17:46,726 [master] INFO   ✓ Орусия Днепр жана Житомирге сокку урду, бир нече кишинин өмүрү кыйылды
2026-05-06 00:17:49,727 [master] INFO Scraping (46/150): https://www.azattyk.org/a/33746960.html
2026-05-06 00:17:50,768 [master] INFO   ✓ FT: Трамптын уулдары Казакстанда вольфрам иштеткен компаниянын үлүшүн 
2026-05-06 00:17:53,770 [master] INFO Scraping (47/150): https://www.azattyk.org/a/33748519.html
2026-05-06 00:17:54,942 [master] INFO   ✓ "Камбар-Ата 1": Өкмөттүк макулдашуу долбоору Ташкентте талкууланды
2026-05-06 00:17:57,943 [master] INFO Scraping (48/150): https://www.azattyk.org/a/33750531.html
2026-05-06 00:17:58,880 [master] INFO   ✓ Медиа: Тажикстандан ондогон ооган мигранты депортация болушу мүмкүн
2026-05-06 00:18:01,886 [master] INFO Scraping (49/150): https://www.azattyk.org/a/33742676.html
2026-05-06 00:18:02,943 [master] INFO   ✓ Трамп Уиткофф менен Кушнер Исламабадга барбай калганын билдирди
2026-05-06 00:18:05,946 [master] INFO Scraping (50/150): https://www.azattyk.org/a/33740569.html
2026-05-06 00:18:07,115 [master] INFO   ✓ Кыргызстан Кытай менен жеңил унаа кыймылынын тартибин талкуулады
2026-05-06 00:18:10,116 [master] INFO Scraping (51/150): https://www.azattyk.org/a/33737748.html
2026-05-06 00:18:11,147 [master] INFO   ✓ Мамлекеттик сыйлыктардын түрү 46дан 22ге кыскарды
2026-05-06 00:18:14,148 [master] INFO Scraping (52/150): https://www.azattyk.org/a/33737947.html
2026-05-06 00:18:15,725 [master] INFO   ✓ Бишкекте чет элдик жаранды өлтүрүүгө шектүүлөр кармалды
2026-05-06 00:18:18,730 [master] INFO Scraping (53/150): https://www.azattyk.org/a/33737760.html
2026-05-06 00:18:20,162 [master] INFO   ✓ УКМК жана ИИМ ортодо тиреш жок экенин, чогуу тазаланып жатканын билдир
2026-05-06 00:18:23,166 [master] INFO Scraping (54/150): https://www.azattyk.org/a/33742679.html
2026-05-06 00:18:24,406 [master] INFO   ✓ Алайда күчү 3 баллдык жер титирөө катталды
2026-05-06 00:18:27,412 [master] INFO Scraping (55/150): https://www.azattyk.org/a/33745900.html
2026-05-06 00:18:28,531 [master] INFO   ✓ Дрон соккусунан кийин Перм мунай станциясында жарылуу болду
2026-05-06 00:18:31,533 [master] INFO Scraping (56/150): https://www.azattyk.org/a/33748675.html
2026-05-06 00:18:32,458 [master] INFO   ✓ Тажикстанда сел төрт кишинин өмүрүн алды
2026-05-06 00:18:35,463 [master] INFO Scraping (57/150): https://www.azattyk.org/a/33750372.html
2026-05-06 00:18:36,495 [master] INFO   ✓ Нью-Йоркто өзбек ырчысы Юлдуз Усманованын концерти өтпөй турган болду
2026-05-06 00:18:39,508 [master] INFO Scraping (58/150): https://www.azattyk.org/a/33745067.html
2026-05-06 00:18:40,591 [master] INFO   ✓ Орусия Борбор Азияда бөтөн аскерлердин болушу кабыл алынгыс деп эсепте
2026-05-06 00:18:43,591 [master] INFO Scraping (59/150): https://www.azattyk.org/a/33740651.html
2026-05-06 00:18:44,756 [master] INFO   ✓ Ош шаарында Oxford мектебин ачуу тууралуу сүйлөшүү жүрдү
2026-05-06 00:18:47,757 [master] INFO Scraping (60/150): https://www.azattyk.org/a/33744097.html
2026-05-06 00:18:48,870 [master] INFO   ✓ Алайда сел жүрүп, 25 үйдү суу каптады
2026-05-06 00:18:51,872 [master] INFO Scraping (61/150): https://www.azattyk.org/a/33750252.html
2026-05-06 00:18:52,984 [master] INFO   ✓ Орусия Украинанын темир жолуна сокку урду, Полтавада төрт киши каза бо
2026-05-06 00:18:55,985 [master] INFO Scraping (62/150): https://www.azattyk.org/a/33744425.html
2026-05-06 00:18:57,426 [master] INFO   ✓ Мунайдын баасы өсүп, баррели 111 долларга жетти
2026-05-06 00:19:00,432 [master] INFO Scraping (63/150): https://www.azattyk.org/a/33750091.html
2026-05-06 00:19:01,562 [master] INFO   ✓ Бишкек–Ош жолу: Таш кулаган тилкени тазалоо иштери жүрүүдө
2026-05-06 00:19:04,564 [master] INFO Scraping (64/150): https://www.azattyk.org/a/33748651.html
2026-05-06 00:19:05,555 [master] INFO   ✓ Кыргызстан Сейшел аралдары менен визасыз каттам тууралуу макулдашты
2026-05-06 00:19:08,560 [master] INFO Scraping (65/150): https://www.azattyk.org/a/33741409.html
2026-05-06 00:19:09,617 [master] INFO   ✓ Трамп Ормуз кысыгына мина койгон бардык кемелер аткыланарын эскертти
2026-05-06 00:19:12,619 [master] INFO Scraping (66/150): https://www.azattyk.org/a/33748685.html
2026-05-06 00:19:13,670 [master] INFO   ✓ Өкмөттө жер-жерлердеги соңку сел кырсыктары талкууланды
2026-05-06 00:19:16,671 [master] INFO Scraping (67/150): https://www.azattyk.org/a/33746957.html
2026-05-06 00:19:17,850 [master] INFO   ✓ Орусияда Starlink терминалдарын импорттоого тыюу салынды
2026-05-06 00:19:20,856 [master] INFO Scraping (68/150): https://www.azattyk.org/a/33746084.html
2026-05-06 00:19:21,901 [master] INFO   ✓ Пезешкиан АКШнын деңиз курчоосу "ийгиликсиз болорун" билдирди
2026-05-06 00:19:24,902 [master] INFO Scraping (69/150): https://www.azattyk.org/a/33742678.html
2026-05-06 00:19:26,750 [master] INFO   ✓ АКШдагы иш-чара маалында ок атуу болгону кабарланып,  Трамп баштаган б
2026-05-06 00:19:29,752 [master] INFO Scraping (70/150): https://www.azattyk.org/a/33743203.html
2026-05-06 00:19:31,176 [master] INFO   ✓ АКШ мамдепартаменти: Өзөктүк энергетика ишеничтүү колдо болушу керек
2026-05-06 00:19:34,185 [master] INFO Scraping (71/150): https://www.azattyk.org/a/33742180.html
2026-05-06 00:19:35,469 [master] INFO   ✓ Жалал-Абадда 7,3 миң гектардан ашуун аянтты чегиртке каптады
2026-05-06 00:19:45,091 [master] INFO Scraping (72/150): https://www.azattyk.org/a/33746898.html
2026-05-06 00:19:46,659 [master] INFO   ✓ Ицхак Герцог Иран Кыргызстанды санкциядан буйтоо үчүн колдонушу мүмкүн
2026-05-06 00:19:49,674 [master] INFO Scraping (73/150): https://www.azattyk.org/a/33741524.html
2026-05-06 03:29:50,955 [master] WARNING Failed https://www.azattyk.org/a/33741524.html: ('Connection aborted.', ConnectionResetError(10054, 'Удаленный хост принудительно разорвал существующее подключение', None, 10054, None))
2026-05-06 03:29:50,955 [master] INFO   ✗ Skipped
2026-05-06 03:29:53,956 [master] INFO Scraping (73/150): https://www.azattyk.org/a/33740737.html
2026-05-06 03:29:53,959 [master] WARNING Failed https://www.azattyk.org/a/33740737.html: HTTPSConnectionPool(host='www.azattyk.org', port=443): Max retries exceeded with url: /a/33740737.html (Caused by NameResolutionError("<urllib3.connection.HTTPSConnection object at 0x0000022B80912DD0>: Failed to resolve 'www.azattyk.org' ([Errno 11001] getaddrinfo failed)"))
2026-05-06 03:29:53,959 [master] INFO   ✗ Skipped
2026-05-06 03:29:56,960 [master] INFO Scraping (73/150): https://www.azattyk.org/a/33750077.html
2026-05-06 03:29:56,967 [master] WARNING Failed https://www.azattyk.org/a/33750077.html: HTTPSConnectionPool(host='www.azattyk.org', port=443): Max retries exceeded with url: /a/33750077.html (Caused by NameResolutionError("<urllib3.connection.HTTPSConnection object at 0x0000022B80913250>: Failed to resolve 'www.azattyk.org' ([Errno 11001] getaddrinfo failed)"))
2026-05-06 03:29:56,967 [master] INFO   ✗ Skipped
2026-05-06 03:29:59,970 [master] INFO Scraping (73/150): https://www.azattyk.org/a/33744872.html
2026-05-06 03:29:59,970 [master] WARNING Failed https://www.azattyk.org/a/33744872.html: HTTPSConnectionPool(host='www.azattyk.org', port=443): Max retries exceeded with url: /a/33744872.html (Caused by NameResolutionError("<urllib3.connection.HTTPSConnection object at 0x0000022B80ACAF90>: Failed to resolve 'www.azattyk.org' ([Errno 11001] getaddrinfo failed)"))
2026-05-06 03:29:59,970 [master] INFO   ✗ Skipped
2026-05-06 06:49:39,234 [master] INFO Scraping (73/150): https://www.azattyk.org/a/33744373.html
2026-05-06 06:49:39,249 [master] WARNING Failed https://www.azattyk.org/a/33744373.html: HTTPSConnectionPool(host='www.azattyk.org', port=443): Max retries exceeded with url: /a/33744373.html (Caused by NameResolutionError("<urllib3.connection.HTTPSConnection object at 0x0000022B80912F10>: Failed to resolve 'www.azattyk.org' ([Errno 11001] getaddrinfo failed)"))
2026-05-06 06:49:39,249 [master] INFO   ✗ Skipped
2026-05-06 06:49:42,250 [master] INFO Scraping (73/150): https://www.azattyk.org/a/33743300.html
2026-05-06 06:49:42,252 [master] WARNING Failed https://www.azattyk.org/a/33743300.html: HTTPSConnectionPool(host='www.azattyk.org', port=443): Max retries exceeded with url: /a/33743300.html (Caused by NameResolutionError("<urllib3.connection.HTTPSConnection object at 0x0000022B80913950>: Failed to resolve 'www.azattyk.org' ([Errno 11001] getaddrinfo failed)"))
2026-05-06 06:49:42,252 [master] INFO   ✗ Skipped
2026-05-06 06:49:45,254 [master] INFO Scraping (73/150): https://www.azattyk.org/a/33742764.html
2026-05-06 06:49:45,257 [master] WARNING Failed https://www.azattyk.org/a/33742764.html: HTTPSConnectionPool(host='www.azattyk.org', port=443): Max retries exceeded with url: /a/33742764.html (Caused by NameResolutionError("<urllib3.connection.HTTPSConnection object at 0x0000022BFFE3CA10>: Failed to resolve 'www.azattyk.org' ([Errno 11001] getaddrinfo failed)"))
2026-05-06 06:49:45,258 [master] INFO   ✗ Skipped
2026-05-06 06:49:48,259 [master] INFO Scraping (73/150): https://www.azattyk.org/a/33741595.html
2026-05-06 06:49:48,259 [master] WARNING Failed https://www.azattyk.org/a/33741595.html: HTTPSConnectionPool(host='www.azattyk.org', port=443): Max retries exceeded with url: /a/33741595.html (Caused by NameResolutionError("<urllib3.connection.HTTPSConnection object at 0x0000022BFFE3DED0>: Failed to resolve 'www.azattyk.org' ([Errno 11001] getaddrinfo failed)"))
2026-05-06 06:49:48,259 [master] INFO   ✗ Skipped
2026-05-06 06:49:51,261 [master] INFO Scraping (73/150): https://www.azattyk.org/a/33741459.html
2026-05-06 06:49:51,263 [master] WARNING Failed https://www.azattyk.org/a/33741459.html: HTTPSConnectionPool(host='www.azattyk.org', port=443): Max retries exceeded with url: /a/33741459.html (Caused by NameResolutionError("<urllib3.connection.HTTPSConnection object at 0x0000022BFFE3DAD0>: Failed to resolve 'www.azattyk.org' ([Errno 11001] getaddrinfo failed)"))
2026-05-06 06:49:51,265 [master] INFO   ✗ Skipped
2026-05-06 06:49:54,265 [master] INFO Scraping (73/150): https://www.azattyk.org/a/33743502.html
2026-05-06 06:49:54,266 [master] WARNING Failed https://www.azattyk.org/a/33743502.html: HTTPSConnectionPool(host='www.azattyk.org', port=443): Max retries exceeded with url: /a/33743502.html (Caused by NameResolutionError("<urllib3.connection.HTTPSConnection object at 0x0000022BFFE3CD10>: Failed to resolve 'www.azattyk.org' ([Errno 11001] getaddrinfo failed)"))
2026-05-06 06:49:54,266 [master] INFO   ✗ Skipped
2026-05-06 06:49:57,267 [master] INFO Scraping (73/150): https://www.azattyk.org/a/33744888.html
2026-05-06 06:49:57,268 [master] WARNING Failed https://www.azattyk.org/a/33744888.html: HTTPSConnectionPool(host='www.azattyk.org', port=443): Max retries exceeded with url: /a/33744888.html (Caused by NameResolutionError("<urllib3.connection.HTTPSConnection object at 0x0000022BFFE3D950>: Failed to resolve 'www.azattyk.org' ([Errno 11001] getaddrinfo failed)"))
2026-05-06 06:49:57,268 [master] INFO   ✗ Skipped
2026-05-06 06:50:00,269 [master] INFO Scraping (73/150): https://www.azattyk.org/a/33744067.html
2026-05-06 06:50:00,272 [master] WARNING Failed https://www.azattyk.org/a/33744067.html: HTTPSConnectionPool(host='www.azattyk.org', port=443): Max retries exceeded with url: /a/33744067.html (Caused by NameResolutionError("<urllib3.connection.HTTPSConnection object at 0x0000022B809112D0>: Failed to resolve 'www.azattyk.org' ([Errno 11001] getaddrinfo failed)"))
2026-05-06 06:50:00,273 [master] INFO   ✗ Skipped
2026-05-06 06:50:03,273 [master] INFO Scraping (73/150): https://www.azattyk.org/a/33745960.html
2026-05-06 06:50:03,273 [master] WARNING Failed https://www.azattyk.org/a/33745960.html: HTTPSConnectionPool(host='www.azattyk.org', port=443): Max retries exceeded with url: /a/33745960.html (Caused by NameResolutionError("<urllib3.connection.HTTPSConnection object at 0x0000022B80ACA850>: Failed to resolve 'www.azattyk.org' ([Errno 11001] getaddrinfo failed)"))
2026-05-06 06:50:03,273 [master] INFO   ✗ Skipped
2026-05-06 06:50:06,276 [master] INFO Scraping (73/150): https://www.azattyk.org/a/33745144.html
2026-05-06 06:50:06,276 [master] WARNING Failed https://www.azattyk.org/a/33745144.html: HTTPSConnectionPool(host='www.azattyk.org', port=443): Max retries exceeded with url: /a/33745144.html (Caused by NameResolutionError("<urllib3.connection.HTTPSConnection object at 0x0000022B80C8E010>: Failed to resolve 'www.azattyk.org' ([Errno 11001] getaddrinfo failed)"))
2026-05-06 06:50:06,276 [master] INFO   ✗ Skipped
2026-05-06 06:50:09,279 [master] INFO Scraping (73/150): https://www.azattyk.org/a/33743403.html
2026-05-06 06:50:09,279 [master] WARNING Failed https://www.azattyk.org/a/33743403.html: HTTPSConnectionPool(host='www.azattyk.org', port=443): Max retries exceeded with url: /a/33743403.html (Caused by NameResolutionError("<urllib3.connection.HTTPSConnection object at 0x0000022B80C8FC50>: Failed to resolve 'www.azattyk.org' ([Errno 11001] getaddrinfo failed)"))
2026-05-06 06:50:09,279 [master] INFO   ✗ Skipped
2026-05-06 06:50:12,282 [master] INFO Scraping (73/150): https://www.azattyk.org/a/33743251.html
2026-05-06 06:50:12,283 [master] WARNING Failed https://www.azattyk.org/a/33743251.html: HTTPSConnectionPool(host='www.azattyk.org', port=443): Max retries exceeded with url: /a/33743251.html (Caused by NameResolutionError("<urllib3.connection.HTTPSConnection object at 0x0000022B807359D0>: Failed to resolve 'www.azattyk.org' ([Errno 11001] getaddrinfo failed)"))
2026-05-06 06:50:12,283 [master] INFO   ✗ Skipped
2026-05-06 06:50:15,285 [master] INFO Scraping (73/150): https://www.azattyk.org/a/33737719.html
2026-05-06 06:50:15,285 [master] WARNING Failed https://www.azattyk.org/a/33737719.html: HTTPSConnectionPool(host='www.azattyk.org', port=443): Max retries exceeded with url: /a/33737719.html (Caused by NameResolutionError("<urllib3.connection.HTTPSConnection object at 0x0000022B80910250>: Failed to resolve 'www.azattyk.org' ([Errno 11001] getaddrinfo failed)"))
2026-05-06 06:50:15,285 [master] INFO   ✗ Skipped
2026-05-06 06:50:18,288 [master] INFO Scraping (73/150): https://www.azattyk.org/a/33750453.html
2026-05-06 06:50:18,288 [master] WARNING Failed https://www.azattyk.org/a/33750453.html: HTTPSConnectionPool(host='www.azattyk.org', port=443): Max retries exceeded with url: /a/33750453.html (Caused by NameResolutionError("<urllib3.connection.HTTPSConnection object at 0x0000022B80910610>: Failed to resolve 'www.azattyk.org' ([Errno 11001] getaddrinfo failed)"))
2026-05-06 06:50:18,288 [master] INFO   ✗ Skipped
2026-05-06 06:50:21,290 [master] INFO Scraping (73/150): https://www.azattyk.org/a/33743288.html
2026-05-06 06:50:22,466 [master] INFO   ✓ Кендирбаева мугалимдердин айлыгы бирдей жогорулаганын айтты
2026-05-06 06:50:25,468 [master] INFO Scraping (74/150): https://www.azattyk.org/a/33744210.html
2026-05-06 06:50:26,331 [master] INFO   ✓ Украинанын Запорожье, Сумы, Чернигов облустарына сокку урулду
2026-05-06 06:50:29,334 [master] INFO Scraping (75/150): https://www.azattyk.org/a/33744061.html
2026-05-06 06:50:30,122 [master] INFO   ✓ Бишкек Европа Биримдигинин санкциясын сынга алды
2026-05-06 06:50:33,124 [master] INFO Scraping (76/150): https://www.azattyk.org/a/33745007.html
2026-05-06 06:50:33,902 [master] INFO   ✓ Казакстандын Актөбө облусунда дагы бир дрондун сыныгы табылды
2026-05-06 06:50:36,904 [master] INFO Scraping (77/150): https://www.azattyk.org/a/33742782.html
2026-05-06 06:50:37,665 [master] INFO   ✓ Бишкекте бир жашар баласын сабоого шектүү келин кармалды
2026-05-06 06:50:40,677 [master] INFO Scraping (78/150): https://www.azattyk.org/a/33742265.html
2026-05-06 06:50:41,481 [master] INFO   ✓ Украин дрондору Екатеринбургга чабуул койду, жараат алгандар бар
2026-05-06 06:50:44,483 [master] INFO Scraping (79/150): https://www.azattyk.org/a/33737725.html
2026-05-06 06:50:45,322 [master] INFO   ✓ ЖК депутаты "Манас" аркылуу жол салууда эки тараптуу келишимге көңүл б
2026-05-06 06:50:48,324 [master] INFO Scraping (80/150): https://www.azattyk.org/a/33737723.html
2026-05-06 06:50:49,084 [master] INFO   ✓ Германия кыргызстандык айыл чарба адистерин окутат
2026-05-06 06:50:52,086 [master] INFO Scraping (81/150): https://www.azattyk.org/a/33748687.html
2026-05-06 06:50:52,860 [master] INFO   ✓ Арменияда 30дан ашуун европалык жана башка лидерлер чогулду
2026-05-06 06:50:55,865 [master] INFO Scraping (82/150): https://www.azattyk.org/a/33746009.html
2026-05-06 06:50:56,842 [master] INFO   ✓ Трамп Бириккен Араб Эмирлигинин ОПЕКтен чыгуу чечимин колдоду
2026-05-06 06:50:59,843 [master] INFO Scraping (83/150): https://www.azattyk.org/a/33737212.html
2026-05-06 06:51:00,816 [master] INFO   ✓ Украина Герасимовдун Орусия Луганскты толук көзөмөлгө алды  деген билд
2026-05-06 06:51:03,817 [master] INFO Scraping (84/150): https://www.azattyk.org/a/33744099.html
2026-05-06 06:51:04,858 [master] INFO   ✓ Улуттук банк эсептик ченди 12% калтырып, азык-түлүк 10,8% өскөнүн билд
2026-05-06 06:51:07,861 [master] INFO Scraping (85/150): https://www.azattyk.org/a/33742183.html
2026-05-06 06:51:09,110 [master] INFO   ✓ Сирия Хмеймим авиабазасын машыгуу борборуна айландырууну көздөп жаткан
2026-05-06 06:51:12,116 [master] INFO Scraping (86/150): https://www.azattyk.org/a/33748542.html
2026-05-06 06:51:13,360 [master] INFO   ✓ Трамп Ормузда калган бейтарап кемелерди "алып чыга баштаарын" айтты
2026-05-06 06:51:16,362 [master] INFO Scraping (87/150): https://www.azattyk.org/a/33740785.html
2026-05-06 06:51:17,606 [master] INFO   ✓ Депутат Сурабалдиева Эмгек министрлигин "ортомчу" деп сынга алды
2026-05-06 06:51:20,606 [master] INFO Scraping (88/150): https://www.azattyk.org/a/33740597.html
2026-05-06 06:51:21,810 [master] INFO   ✓ Менчик мектептердин окутуу акысын тескөө сунушталды
2026-05-06 06:51:24,811 [master] INFO Scraping (89/150): https://www.azattyk.org/a/33750397.html
2026-05-06 06:51:25,976 [master] INFO   ✓ Лейпцигде машина жөө бараткан кишилерди атайылап сүзгөндө экөө каза та
2026-05-06 06:51:28,978 [master] INFO Scraping (90/150): https://www.azattyk.org/a/33742723.html
2026-05-06 06:51:30,241 [master] INFO   ✓ Орусиянын Ярославлдагы мунай заводуна сокку урулду
2026-05-06 06:51:33,248 [master] INFO Scraping (91/150): https://www.azattyk.org/a/33742243.html
2026-05-06 06:51:34,409 [master] INFO   ✓ Орус армиясынын аткылоосунан Днепрде төрт киши каза болду
2026-05-06 06:51:37,410 [master] INFO Scraping (92/150): https://www.azattyk.org/a/33750485.html
2026-05-06 06:51:38,822 [master] INFO   ✓ Ереванда Армения менен Еврошаркеттин биринчи саммити өттү
2026-05-06 06:51:41,824 [master] INFO Scraping (93/150): https://www.azattyk.org/a/33748627.html
2026-05-06 06:51:43,013 [master] INFO   ✓ Москвада көп кабаттуу үйгө дрон тийди
2026-05-06 06:51:46,028 [master] INFO Scraping (94/150): https://www.azattyk.org/a/33743370.html
2026-05-06 06:51:47,191 [master] INFO   ✓ Ирандын тышкы иштер министри Орусияга барды
2026-05-06 06:51:50,192 [master] INFO Scraping (95/150): https://www.azattyk.org/a/33743343.html
2026-05-06 06:51:51,456 [master] INFO   ✓ Элчи Эдил Байсалов президенттин эл аралык демилгелер боюнча атайын өкү
2026-05-06 06:51:54,460 [master] INFO Scraping (96/150): https://www.azattyk.org/a/33743254.html
2026-05-06 06:51:55,703 [master] INFO   ✓ Президент Жапаров Шаирбек Ташиев күнөөсүн мойнуна алганын айтты
2026-05-06 06:51:58,705 [master] INFO Scraping (97/150): https://www.azattyk.org/a/33738085.html
2026-05-06 06:51:59,965 [master] INFO   ✓ Өзбекстанда шарп ылаңын жайылтпоо аракети көрүлүүдө
2026-05-06 06:52:02,966 [master] INFO Scraping (98/150): https://www.azattyk.org/a/33743358.html
2026-05-06 06:52:04,148 [master] INFO   ✓ Кыргызстан быйыл коңшу өлкөлөрдөн 4 млрд кВт саат электр энергиясын са
2026-05-06 06:52:07,150 [master] INFO Scraping (99/150): https://www.azattyk.org/a/33744209.html
2026-05-06 06:52:08,341 [master] INFO   ✓ Депутат Бекешев паспорт же башка документ алуу эселеп кымбаттаганын ай
2026-05-06 06:52:11,356 [master] INFO Scraping (100/150): https://www.azattyk.org/a/33743235.html
2026-05-06 06:52:12,688 [master] INFO   ✓ Саммитке байланыштуу быйыл жаңы окуу жылы 15-сентябрда башталат
2026-05-06 06:52:15,688 [master] INFO Scraping (101/150): https://www.azattyk.org/a/33737808.html
2026-05-06 06:52:16,925 [master] INFO   ✓ 23-апрелдин аба ырайы: Жаан жаап, күн күркүрөйт
2026-05-06 06:52:19,927 [master] INFO Scraping (102/150): https://www.azattyk.org/a/33748512.html
2026-05-06 06:52:21,142 [master] INFO   ✓ Зеленский "көмүскө флоттогу" эки орусиялык танкерге сокку урулганын би
2026-05-06 06:52:24,143 [master] INFO Scraping (103/150): https://www.azattyk.org/a/33750312.html
2026-05-06 06:52:24,843 [master] INFO   ✓ Ысык-Көлдө сел кесепети, алдын алуу чаралары талкууланды
2026-05-06 06:52:27,844 [master] INFO Scraping (104/150): https://www.azattyk.org/a/33737773.html
2026-05-06 06:52:28,737 [master] INFO   ✓ Самарада дрон чабуулунан кабат үйдүн кире бериши урап, 11 киши жараат 
2026-05-06 06:52:31,738 [master] INFO Scraping (105/150): https://www.azattyk.org/a/33745828.html
2026-05-06 06:52:32,652 [master] INFO   ✓ Трамп менен Путин Украина жана Иран маселелерин талкуулашты
2026-05-06 06:52:35,654 [master] INFO Scraping (106/150): https://www.azattyk.org/a/33745422.html
2026-05-06 06:52:36,428 [master] INFO   ✓ БУУ: Жаңжал курчугандан бери Иранда кеминде 21 киши дарга асылды
2026-05-06 06:52:39,437 [master] INFO Scraping (107/150): https://www.azattyk.org/a/33744980.html
2026-05-06 06:52:40,242 [master] INFO   ✓ АКШ Ирандын мунайын иштеткен Кытайдагы заводдорго эскертүү берди
2026-05-06 06:52:43,249 [master] INFO Scraping (108/150): https://www.azattyk.org/a/33747711.html
2026-05-06 06:52:44,560 [master] INFO   ✓ Баткен районунда селден улам өзгөчө кырдаал режими жарыяланды
2026-05-06 06:52:47,563 [master] INFO Scraping (109/150): https://www.azattyk.org/a/33742177.html
2026-05-06 06:52:48,874 [master] INFO   ✓ CNN: Уиткофф жана Кушнер Иран менен сүйлөшүү үчүн Исламабадга жөнөдү
2026-05-06 06:52:51,880 [master] INFO Scraping (110/150): https://www.azattyk.org/a/33748005.html
2026-05-06 06:52:53,242 [master] INFO   ✓ Баткендин сел жүргөн айылдарынан 149 адам эвакуация болду
2026-05-06 06:52:56,244 [master] INFO Scraping (111/150): https://www.azattyk.org/a/33745909.html
2026-05-06 06:52:57,458 [master] INFO   ✓ Орусиялык генерал Азатбек Омурбековду жок кылуу аракети көрүлгөнү маал
2026-05-06 06:53:00,459 [master] INFO Scraping (112/150): https://www.azattyk.org/a/33744075.html
2026-05-06 06:53:01,712 [master] INFO   ✓ Финляндия согушту айыптаган орусиялык эне-баланы өлкөдөн чыгарууну уба
2026-05-06 06:53:04,721 [master] INFO Scraping (113/150): https://www.azattyk.org/a/33743240.html
2026-05-06 06:53:06,042 [master] INFO   ✓ Садыр Жапаров Ташиевдин “75чилерге” тиешеси бар-жогун тергөө аныктай т
2026-05-06 06:53:09,055 [master] INFO Scraping (114/150): https://www.azattyk.org/a/33737759.html
2026-05-06 06:53:10,203 [master] INFO   ✓ Депутат Сурабалдиева 13 жаштагы кыз Дубайга сойкулукка тартылганын бил
2026-05-06 06:53:13,204 [master] INFO Scraping (115/150): https://www.azattyk.org/a/33737280.html
2026-05-06 06:53:14,542 [master] INFO   ✓ Сот аткаруу кызматы Ак-Ордодогу мыйзамсыз делген үйлөрдү бузуу боюнча 
2026-05-06 06:53:17,543 [master] INFO Scraping (116/150): https://www.azattyk.org/a/33743206.html
2026-05-06 06:53:18,959 [master] INFO   ✓ Илим Карыпбековго Орусияга кирүүгө өмүр бою тыюу салынды
2026-05-06 06:53:21,960 [master] INFO Scraping (117/150): https://www.azattyk.org/a/33741780.html
2026-05-06 06:53:23,161 [master] INFO   ✓ Орусия менен Украина туткун  айырбаштады
2026-05-06 06:53:26,162 [master] INFO Scraping (118/150): https://www.azattyk.org/a/33743444.html
2026-05-06 06:53:27,560 [master] INFO   ✓ Кыргызстанда бүтүрүүчүлөрдүн билимин тестирлөө май айында өтөт
2026-05-06 06:53:30,562 [master] INFO Scraping (119/150): https://www.azattyk.org/a/33746072.html
2026-05-06 06:53:31,755 [master] INFO   ✓ Иш учурунда дарыгерлерди сабагандарга жазаны күчөтүү сунушталды
2026-05-06 06:53:34,756 [master] INFO Scraping (120/150): https://www.azattyk.org/a/33743207.html
2026-05-06 06:53:36,169 [master] INFO   ✓ Саратовдогу абак ооруканасында чыккынчылык үчүн соттолгон адам көз жум
2026-05-06 06:53:39,170 [master] INFO Scraping (121/150): https://www.azattyk.org/a/33743226.html
2026-05-06 06:53:40,554 [master] INFO   ✓ Баткенде жубайлардын өлүмү боюнча кылмыш иши козголду
2026-05-06 06:53:43,555 [master] INFO Scraping (122/150): https://www.azattyk.org/a/33738139.html
2026-05-06 06:53:44,733 [master] INFO   ✓ Италия Соловьевдун премьер  Мелониге акарат келтиргенине нааразылык би
2026-05-06 06:53:47,739 [master] INFO Scraping (123/150): https://www.azattyk.org/a/33745314.html
2026-05-06 06:53:49,074 [master] INFO   ✓ Сөз эркиндиги боюнча жаңы рейтингде Кыргызстан эки баскычка ылдыйлады
2026-05-06 06:53:52,075 [master] INFO Scraping (124/150): https://www.azattyk.org/a/33744086.html
2026-05-06 06:53:53,405 [master] INFO   ✓ Кылычбек Cултан Пакистандагы элчи кызматынан кетти
2026-05-06 06:53:56,406 [master] INFO Scraping (125/150): https://www.azattyk.org/a/33743610.html
2026-05-06 06:53:57,915 [master] INFO   ✓ Мерц: Американын Иран боюнча так стратегиясы жок
2026-05-06 06:54:00,919 [master] INFO Scraping (126/150): https://www.azattyk.org/a/33744091.html
2026-05-06 06:54:02,402 [master] INFO   ✓ Кыргызстанда ымыркай өлүмү боюнча көрсөткүч өсүүдө
2026-05-06 06:54:05,403 [master] INFO Scraping (127/150): https://www.azattyk.org/a/33741535.html
2026-05-06 06:54:06,768 [master] INFO   ✓ Алайдагы ата-энелер менен мугалимдер жаңжалы боюнча маалымат берилди
2026-05-06 06:54:09,770 [master] INFO Scraping (128/150): https://www.azattyk.org/a/33748010.html
2026-05-06 06:54:11,038 [master] INFO   ✓ Иранда түрмөдө отурган Наргиз Мохаммади ооруканага которулду
2026-05-06 06:54:14,040 [master] INFO Scraping (129/150): https://www.azattyk.org/a/33744230.html
2026-05-06 06:54:15,613 [master] INFO   ✓ Израилдин президенти Ицхак Герцог Астанага барды
2026-05-06 06:54:18,614 [master] INFO Scraping (130/150): https://www.azattyk.org/a/33743218.html
2026-05-06 06:54:20,155 [master] INFO   ✓ 1-апрелден тартып социалдык кызматкерлердин да айлыгы көбөйдү
2026-05-06 06:54:23,157 [master] INFO Scraping (131/150): https://www.azattyk.org/a/33746532.html
2026-05-06 06:54:24,583 [master] INFO   ✓ Кадамжайда селден улам ички жол убактылуу жабылды
2026-05-06 06:54:27,585 [master] INFO Scraping (132/150): https://www.azattyk.org/a/33744080.html
2026-05-06 06:54:28,794 [master] INFO   ✓ Антимонополия билет баасы боюнча авиакомпанияларга эскертүү берди
2026-05-06 06:54:31,796 [master] INFO Scraping (133/150): https://www.azattyk.org/a/33740673.html
2026-05-06 06:54:32,980 [master] INFO   ✓ Аба ырайы: жаан жаайт
2026-05-06 06:54:35,983 [master] INFO Scraping (134/150): https://www.azattyk.org/a/33748547.html
2026-05-06 06:54:37,181 [master] INFO   ✓ Кинотеатрларда тыюу салынган "Өч 2"  тасмасын интернеттен көрсөтүүгө у
2026-05-06 06:54:40,182 [master] INFO Scraping (135/150): https://www.azattyk.org/a/33738150.html
2026-05-06 06:54:41,467 [master] INFO   ✓ Кишинёвдун соту Илан Шордун шериги, олигарх Владимир Плахотнюкту 19 жы
2026-05-06 06:54:44,470 [master] INFO Scraping (136/150): https://www.azattyk.org/a/33749637.html
2026-05-06 06:54:45,682 [master] INFO   ✓ Ормуз кысыгындагы абал курч бойдон экени кабарланды
2026-05-06 06:54:48,683 [master] INFO Scraping (137/150): https://www.azattyk.org/a/33748639.html
2026-05-06 06:54:49,753 [master] INFO   ✓ Чаткал–Ала-Бука жолуна таш түшүп, каттам жабылды
2026-05-06 06:54:52,754 [master] INFO Scraping (138/150): https://www.azattyk.org/a/33745836.html
2026-05-06 06:54:53,884 [master] INFO   ✓ Агартуу министрлиги мектеп окуучуларынын формасын өзгөртүүсүз калтырды
2026-05-06 06:54:56,885 [master] INFO Scraping (139/150): https://www.azattyk.org/a/33744951.html
2026-05-06 06:54:58,014 [master] INFO   ✓ Тажикстанда соңку апталарда үч аскер кызматкери каза болду
2026-05-06 06:55:01,018 [master] INFO Scraping (140/150): https://www.azattyk.org/a/33737989.html
2026-05-06 06:55:02,364 [master] INFO   ✓ Ысык-Көл милициясы Дубайда сойкулукка сатылган кыз боюнча маалымат бер
2026-05-06 06:55:05,365 [master] INFO Scraping (141/150): https://www.azattyk.org/a/33743482.html
2026-05-06 06:55:06,522 [master] INFO   ✓ Түндүк Кореяда Украинадагы согушка катышкан аскерлерге арналган эстели
2026-05-06 06:55:09,532 [master] INFO Scraping (142/150): https://www.azattyk.org/a/33748058.html
2026-05-06 06:55:10,734 [master] INFO   ✓ Орусиянын чабуулунан Одессада эки адам набыт болду
2026-05-06 06:55:13,735 [master] INFO Scraping (143/150): https://www.azattyk.org/a/33740763.html
2026-05-06 06:55:14,913 [master] INFO   ✓ Орусияда мунай заводдоруна  соккуда бир киши каза таап, өрт чыкты
2026-05-06 06:55:17,914 [master] INFO Scraping (144/150): https://www.azattyk.org/a/33741450.html
2026-05-06 06:55:19,094 [master] INFO   ✓ Миграция: Ата-энеси жакындарына калтырып кеткен балдар 84 миңге жетти
2026-05-06 06:55:22,095 [master] INFO Scraping (145/150): https://www.azattyk.org/a/33737801.html
2026-05-06 06:55:23,346 [master] INFO   ✓ Жогорку Кеңеш БШК курамын кыскартууну колдоду
2026-05-06 06:55:26,354 [master] INFO Scraping (146/150): https://www.azattyk.org/a/33744942.html
2026-05-06 06:55:27,502 [master] INFO   ✓ Кыргызстан менен Тогонун ортосунда бир катар документтерге кол коюлду
2026-05-06 06:55:30,504 [master] INFO Scraping (147/150): https://www.azattyk.org/a/33740695.html
2026-05-06 06:55:31,700 [master] INFO   ✓ Көк бөрү федерациясынын мурдагы президенти Талас Бегалиев 14 жылга кес
2026-05-06 06:55:34,702 [master] INFO Scraping (148/150): https://www.azattyk.org/a/33743349.html
2026-05-06 06:55:36,134 [master] INFO   ✓ Касымалиев Кытайдын коргоо министри менен эки өлкө алакасын талкуулады
2026-05-06 06:55:39,135 [master] INFO Scraping (149/150): https://www.azattyk.org/a/33743296.html
2026-05-06 06:55:40,507 [master] INFO   ✓ "Түндүк" аркылуу 261 миң адам өзүнө насыя алууга тыюу салды
2026-05-06 06:55:43,509 [master] INFO Scraping (150/150): https://www.azattyk.org/a/33746875.html
2026-05-06 06:55:44,907 [master] INFO   ✓ Нөшөрлөп жааган жаандан улам Манас шаарында да сел жүрдү
2026-05-06 06:55:47,992 [master] INFO 
Saved 150 articles → data/azattyk_kyrgyz_data.csv
2026-05-06 06:55:48,045 [master] INFO   azattyk: 150 rows (label=0)
2026-05-06 06:55:48,091 [master] INFO Running scraper: scraper_sputnik
2026-05-06 06:55:48,092 [master] INFO ============================================================
2026-05-06 06:55:48,093 [master] INFO SPUTNIK.KG KYRGYZ SCRAPER
2026-05-06 06:55:48,093 [master] INFO ============================================================
2026-05-06 06:55:48,093 [master] INFO Fetching page 1: https://sputnik.kg/news/?page=1
2026-05-06 06:55:49,668 [master] INFO   → 30 new links (total: 30)
2026-05-06 06:55:51,170 [master] INFO Fetching page 2: https://sputnik.kg/news/?page=2
2026-05-06 06:55:52,606 [master] INFO   → 0 new links (total: 30)
2026-05-06 06:55:54,108 [master] INFO Fetching page 3: https://sputnik.kg/news/?page=3
2026-05-06 06:55:55,578 [master] INFO   → 0 new links (total: 30)
2026-05-06 06:55:57,079 [master] INFO Fetching page 4: https://sputnik.kg/news/?page=4
2026-05-06 06:55:58,621 [master] INFO   → 0 new links (total: 30)
2026-05-06 06:56:00,122 [master] INFO Fetching page 5: https://sputnik.kg/news/?page=5
2026-05-06 06:56:01,716 [master] INFO   → 0 new links (total: 30)
2026-05-06 06:56:03,217 [master] INFO Fetching page 6: https://sputnik.kg/news/?page=6
2026-05-06 06:56:04,774 [master] INFO   → 0 new links (total: 30)
2026-05-06 06:56:06,275 [master] INFO Fetching page 7: https://sputnik.kg/news/?page=7
2026-05-06 06:56:07,768 [master] INFO   → 0 new links (total: 30)
2026-05-06 06:56:09,270 [master] INFO Fetching page 8: https://sputnik.kg/news/?page=8
2026-05-06 06:56:10,741 [master] INFO   → 0 new links (total: 30)
2026-05-06 06:56:12,243 [master] INFO Fetching page 9: https://sputnik.kg/news/?page=9
2026-05-06 06:56:13,677 [master] INFO   → 0 new links (total: 30)
2026-05-06 06:56:15,179 [master] INFO Fetching page 10: https://sputnik.kg/news/?page=10
2026-05-06 06:56:16,658 [master] INFO   → 0 new links (total: 30)
2026-05-06 06:56:18,160 [master] INFO Fetching page 11: https://sputnik.kg/news/?page=11
2026-05-06 06:56:19,514 [master] INFO   → 0 new links (total: 30)
2026-05-06 06:56:21,016 [master] INFO Fetching page 12: https://sputnik.kg/news/?page=12
2026-05-06 06:56:22,555 [master] INFO   → 0 new links (total: 30)
2026-05-06 06:56:24,056 [master] INFO Fetching page 13: https://sputnik.kg/news/?page=13
2026-05-06 06:56:25,522 [master] INFO   → 0 new links (total: 30)
2026-05-06 06:56:27,026 [master] INFO Fetching page 14: https://sputnik.kg/news/?page=14
2026-05-06 06:56:28,530 [master] INFO   → 0 new links (total: 30)
2026-05-06 06:56:30,031 [master] INFO Fetching page 15: https://sputnik.kg/news/?page=15
2026-05-06 06:56:31,536 [master] INFO   → 0 new links (total: 30)
2026-05-06 06:56:33,038 [master] INFO Total article links: 30
2026-05-06 06:56:33,042 [master] INFO Scraping (1/150): https://sputnik.kg/20260505/tegeran-akshnyn-araketin-kunoolodu-1101130927.html
2026-05-06 06:56:34,768 [master] INFO   ✓ "БАЭдеги мунай аймактарын өрттөдү". Тегеран АКШнын кылгандарын ачыктап
2026-05-06 06:56:39,770 [master] INFO Scraping (2/150): https://sputnik.kg/20260505/6-mayga-karata-aba-yrayy-1101136304.html
2026-05-06 06:56:41,451 [master] INFO   ✓ 6-майга карата аба ырайы
2026-05-06 06:56:46,452 [master] INFO Scraping (3/150): https://sputnik.kg/20260505/1101135982.html
2026-05-06 06:56:48,126 [master] INFO   ✓ Унчукпай калба жана коркпо: жумушта жана коомдук транспортто харассмен
2026-05-06 06:56:53,131 [master] INFO Scraping (4/150): https://sputnik.kg/20260505/1101130721.html
2026-05-06 06:56:54,893 [master] INFO   ✓ Жаңылыктар. Чыгарылыш 13:00
2026-05-06 06:56:59,894 [master] INFO Scraping (5/150): https://sputnik.kg/20260505/1101133149.html
2026-05-06 06:57:01,646 [master] INFO   ✓ Жаңылыктар. Чыгарылыш 15:00
2026-05-06 06:57:06,650 [master] INFO Scraping (6/150): https://sputnik.kg/20260505/1101127695.html
2026-05-06 06:57:08,345 [master] INFO   ✓ Жаңылыктар. Чыгарылыш 11:00
2026-05-06 06:57:13,346 [master] INFO Scraping (7/150): https://sputnik.kg/20260505/1101135722.html
2026-05-06 06:57:14,822 [master] INFO   ✓ Жаңылыктар. Чыгарылыш 17:00
2026-05-06 06:57:19,829 [master] INFO Scraping (8/150): https://sputnik.kg/20260504/1101113044.html
2026-05-06 06:57:21,324 [master] INFO   ✓ Кыргызстандын жапайы жоогазындары: жоголуп кетүү коркунучу жана аларды
2026-05-06 06:57:26,326 [master] INFO Scraping (9/150): https://sputnik.kg/20260505/zhk-spikeri-bash-miyzam-kunu-menen-eldi-kuttuktady-1101131786.html
2026-05-06 06:57:27,819 [master] INFO   ✓ ЖК төрагасы: Кыргызстандын тарыхы — мамлекеттин туруктуу моделин издөө
2026-05-06 06:57:32,820 [master] INFO Scraping (10/150): https://sputnik.kg/20260505/kara-baltada-restorandyn-bastyrmasy-urap-19-zhashta-ulandy-oldu-1101130389.html
2026-05-06 06:57:34,355 [master] INFO   ✓ Кара-Балтада ресторандын бастырмасы урап 19 жаштагы улан каза тапты
2026-05-06 06:57:39,358 [master] INFO Scraping (11/150): https://sputnik.kg/20260505/kayguul-militsiyasynyn-kyzmatkeri-suuga-sekirgen-kyzdy-saktap-kaldy-1101128213.html
2026-05-06 06:57:40,905 [master] INFO   ✓ Кайгуул милициянын кызматкери сууга секирген чет элдик кызды сактап ка
2026-05-06 06:57:45,907 [master] INFO Scraping (12/150): https://sputnik.kg/20260505/bishkek-meri-11-maydan-bashtap-shaardyktar-menen-zholugat-1101129913.html
2026-05-06 06:57:47,534 [master] INFO   ✓ Бишкек мэри 11-майдан баштап шаардыктар менен жолуга баштайт. Сааты, о
2026-05-06 06:57:52,536 [master] INFO Scraping (13/150): https://sputnik.kg/20260505/kiyev-moskvadagy-paraddy-uzgultukko-uchuratsa-kesepeti-katuu-bolot-1101139136.html
2026-05-06 06:57:54,039 [master] INFO   ✓ ЕБден Киев Москвадагы парадды үзгүлтүккө учуратса кесепети кандай боло
2026-05-06 06:57:59,055 [master] INFO Scraping (14/150): https://sputnik.kg/20260505/zhumash-asanaliev-baatyr-9-maj-sogush-1101131233.html
2026-05-06 06:58:00,530 [master] INFO   ✓ Жумаш Асаналиевдин баатырдыгы. Жоокердин кылымга калган эрдиги тууралу
2026-05-06 06:58:05,546 [master] INFO Scraping (15/150): https://sputnik.kg/20260505/1101127973.html
2026-05-06 06:58:07,124 [master] INFO   ✓ Мугалимдердин айлыгы көтөрүлдү — ал кантип эсептелет?
2026-05-06 06:58:12,128 [master] INFO Scraping (16/150): https://sputnik.kg/20260505/zhaparov-bash-miyzam-kunu-menen-eldi-kuttuktady-1101126781.html
2026-05-06 06:58:13,669 [master] INFO   ✓ Ар бир беренени урматтоо — милдетибиз. Жапаров Баш мыйзам күнү менен э
2026-05-06 06:58:18,670 [master] INFO Scraping (17/150): https://sputnik.kg/20260505/kyrgyzstan-seyshel-araldary-menen-alakany-keneytuunu-kaalayt-1101135313.html
2026-05-06 06:58:20,172 [master] INFO   ✓ Кыргызстан Сейшел Аралдары менен алаканы кеңейтүүгө кызыкдар
2026-05-06 06:58:25,173 [master] INFO Scraping (18/150): https://sputnik.kg/20260505/1101137825.html
2026-05-06 06:58:26,806 [master] INFO   ✓ Жаңылыктар. Чыгарылыш 19:00
2026-05-06 06:58:31,810 [master] INFO Scraping (19/150): https://sputnik.kg/20260505/1101133419.html
2026-05-06 06:58:33,269 [master] INFO   ✓ “Арашан” эмнеге кымбат — Асыл тукум мал чарбаларды колдоо күчөтүлөт
2026-05-06 06:58:38,283 [master] INFO Scraping (20/150): https://sputnik.kg/20260505/1101137347.html
2026-05-06 06:58:39,907 [master] INFO   ✓ Все, что нас окружает — незримое действие Конституции — разговор о гла
2026-05-06 06:58:44,921 [master] INFO Scraping (21/150): https://sputnik.kg/20260505/1101138085.html
2026-05-06 06:58:46,390 [master] INFO   ✓ Согушта ага лейтенант наамына жеткен Султан Сарыбаев
2026-05-06 06:58:51,395 [master] INFO Scraping (22/150): https://sputnik.kg/20230201/1074537452.html
2026-05-06 06:58:53,044 [master] INFO   ✓ Купуялык саясаты( 2023 ред.)
2026-05-06 06:58:58,052 [master] INFO Scraping (23/150): https://sputnik.kg/20260505/1101128562.html
2026-05-06 06:58:59,511 [master] INFO   ✓ Ветеринардык дары каражаттары Россиядан келет — лабораториялардын абал
2026-05-06 06:59:04,512 [master] INFO Scraping (24/150): https://sputnik.kg/20260505/1101126245.html
2026-05-06 06:59:06,070 [master] INFO   ✓ Баш мыйзамга 33 жыл: Конституция — туруктуулуктун негизи
2026-05-06 06:59:11,079 [master] INFO Scraping (25/150): https://sputnik.kg/20260505/akshnyn-askerleri-ormuz-arkyluu-bir-kemeni-koshtop-otkorgonu-aytyldy-1101130176.html
2026-05-06 06:59:12,760 [master] INFO   ✓ ЖМК: АКШнын аскерлери коштоп Ормуз аркылуу кемени алып өтүп кетти
2026-05-06 06:59:17,766 [master] INFO Scraping (26/150): https://sputnik.kg/20260505/kyrgyzstandyn-eksportunun-zharymy-eaebdegiler-alat-1101136149.html
2026-05-06 06:59:19,306 [master] INFO   ✓ Кыргызстандын экспортунун жарымы ЕАЭБ өлкөлөрүнө кетет
2026-05-06 06:59:24,321 [master] INFO Scraping (27/150): https://sputnik.kg/20260505/kyrgyzstandyk-chabandester-tashkentten-olzholuu-kaytty-1101133990.html
2026-05-06 06:59:25,819 [master] INFO   ✓ Төрт медаль. Кыргызстандык чабандестер Өзбекстандан олжолуу кайтты
2026-05-06 06:59:30,821 [master] INFO Scraping (28/150): https://sputnik.kg/20260505/bishkekte-9-mayga-karata-otchu-ish-charalardyn-tizmesi-1101128652.html
2026-05-06 06:59:32,268 [master] INFO   ✓ Бишкекте Жеңиш күнүнө карата бир топ иш-чаралар өтөт. Тизме
2026-05-06 06:59:37,270 [master] INFO Scraping (29/150): https://sputnik.kg/20260505/1101125976.html
2026-05-06 06:59:38,792 [master] INFO   ✓ Жаңылыктар. Чыгарылыш 09:00
2026-05-06 06:59:43,796 [master] INFO Scraping (30/150): https://sputnik.kg/20230201/1074546257.html
2026-05-06 06:59:45,583 [master] INFO   ✓ Cookie колдонуу жана автоматтык логирлөө саясаты
2026-05-06 06:59:50,585 [master] INFO 
Saved 30 articles → data/sputnik_kyrgyz_data.csv
2026-05-06 06:59:50,585 [master] INFO   sputnik: 30 rows (label=0)
2026-05-06 06:59:50,601 [master] INFO Running scraper: scraper_kaktus
2026-05-06 06:59:50,601 [master] INFO ============================================================
2026-05-06 06:59:50,615 [master] INFO KAKTUS.MEDIA KYRGYZ SCRAPER
2026-05-06 06:59:50,615 [master] INFO ============================================================
2026-05-06 06:59:50,615 [master] INFO Fetching page 1: https://kaktus.media/ky/
2026-05-06 06:59:51,763 [master] INFO   → 94 new links (total: 94)
2026-05-06 06:59:52,764 [master] INFO Fetching page 2: https://kaktus.media/ky/?page=2
2026-05-06 06:59:53,942 [master] INFO   → 0 new links (total: 94)
2026-05-06 06:59:53,942 [master] INFO No new links — stopping.
2026-05-06 06:59:53,942 [master] INFO Total links: 94
2026-05-06 06:59:53,945 [master] INFO Scraping (1/150): https://kaktus.media/doc/545597_v_oae_tyristam_razreshili_otkryvat_bankovskie_scheta_i_polychat_karty_srazy_po_pribytii.html
2026-05-06 06:59:55,199 [master] INFO   ✓ В ОАЭ туристам разрешили открывать банковские счета и получать карты с
2026-05-06 06:59:58,202 [master] INFO Scraping (2/150): https://kaktus.media/doc/545164_ekskluzivnoe_intervu_s_prezidentom._o_zolote_fevralskih_sobytiiah_tashieve_i_ego_seme.html
2026-05-06 06:59:59,520 [master] INFO   ✓ Эксклюзивное интервью с президентом. О золоте, февральских событиях, Т
2026-05-06 07:00:02,521 [master] INFO Scraping (3/150): https://kaktus.media/doc/545432_chast_bishkeka_ostanetsia_na_nedelu_bez_gaza_rayon_daty.html
2026-05-06 07:00:03,847 [master] INFO   ✓ Часть Бишкека останется на неделю без газа (район, даты)
2026-05-06 07:00:06,848 [master] INFO Scraping (4/150): https://kaktus.media/doc/545610_v_gyobdd_rasskazali_kyda_i_kak_soobshat_o_narysheniiah_pdd_kontakty.html
2026-05-06 07:00:08,082 [master] INFO   ✓ В ГУОБДД рассказали, куда и как сообщать о нарушениях ПДД (контакты)
2026-05-06 07:00:11,084 [master] INFO Scraping (5/150): https://kaktus.media/doc/462046_pravila_kommentirovaniia.html
2026-05-06 07:00:12,394 [master] INFO   ✓ Правила комментирования
2026-05-06 07:00:15,395 [master] INFO Scraping (6/150): https://kaktus.media/doc/545599_gorojane_jalyutsia_na_nochnye_motogonki_po_prospekty_aytmatova_video.html
2026-05-06 07:00:16,615 [master] INFO   ✓ Горожане жалуются на ночные мотогонки по проспекту Айтматова (видео)
2026-05-06 07:00:19,619 [master] INFO Scraping (7/150): https://kaktus.media/doc/338956_gid_kaktus._chastnye_shkoly_bishkeka_s_effektivnymi_tehnologiiami_obycheniia.html
2026-05-06 07:00:21,029 [master] INFO   ✓ Гид Kaktus. Частные школы Бишкека с эффективными технологиями обучения
2026-05-06 07:00:24,029 [master] INFO Scraping (8/150): https://kaktus.media/doc/545425_6_i_11_maia_v_chasti_bishkeka_otkluchat_svet_spisok_ylic.html
2026-05-06 07:00:26,144 [master] INFO   ✓ 6 и 11 мая в части Бишкека отключат свет (список улиц)
2026-05-06 07:00:29,147 [master] INFO Scraping (9/150): https://kaktus.media/doc/545600_ne_remontirovalas_so_vremen_sssr._jiteli_uga_2_jalyutsia_na_razbityu_dorogy_foto.html
2026-05-06 07:00:30,360 [master] INFO   ✓ "Не ремонтировалась со времен СССР". Жители "Юга-2" жалуются на разбит
2026-05-06 07:00:33,361 [master] INFO Scraping (10/150): https://kaktus.media/doc/543968_v_kyrgyzstane_ojidaut_povysheniia_cen_na_gsm._chto_proishodit_i_chto_delat.html
2026-05-06 07:00:34,657 [master] INFO   ✓ В Кыргызстане ожидают повышения цен на ГСМ. Что происходит и что делат
2026-05-06 07:00:37,665 [master] INFO Scraping (11/150): https://kaktus.media/doc/545548_prognoz_magnitnyh_byr_na_may_2026_goda_grafik.html
2026-05-06 07:00:38,846 [master] INFO   ✓ Прогноз магнитных бурь на май 2026 года (график)
2026-05-06 07:00:41,858 [master] INFO Scraping (12/150): https://kaktus.media/doc/544870_cony_bydyt_rabotat_v_mayskie_prazdniki._grafik.html
2026-05-06 07:00:43,092 [master] INFO   ✓ ЦОНы будут работать в майские праздники. График
2026-05-06 07:00:46,100 [master] INFO Scraping (13/150): https://kaktus.media/doc/545591_v_germanii_avtomobil_vehal_v_tolpy_v_centre_goroda_est_pogibshie.html
2026-05-06 07:00:47,372 [master] INFO   ✓ В Германии автомобиль въехал в толпу в центре города, есть погибшие
2026-05-06 07:00:50,376 [master] INFO Scraping (14/150): https://kaktus.media/doc/545621_shatdayn_ko_dnu_pobedy_po_vsey_territorii_rossii_otkluchaut_mobilnyu_sviaz.html
2026-05-06 07:00:51,618 [master] INFO   ✓ Шатдаун ко Дню Победы? По всей территории России отключают мобильную с
2026-05-06 07:00:54,630 [master] INFO Scraping (15/150): https://kaktus.media/doc/545602_sadyr_japarov_priglasil_lidera_eshe_odnoy_afrikanskoy_strany_v_kyrgyzstan_foto.html
2026-05-06 07:00:55,864 [master] INFO   ✓ Садыр Жапаров пригласил лидера еще одной африканской страны в Кыргызст
2026-05-06 07:00:58,869 [master] INFO Scraping (16/150): https://kaktus.media/doc/545567_razvedka_odnoy_iz_stran_es:_vladimir_pytin_boitsia_pokysheniia_i_perevorota.html
2026-05-06 07:01:00,152 [master] INFO   ✓ Разведка одной из стран ЕС: Владимир Путин боится покушения и переворо
2026-05-06 07:01:03,153 [master] INFO Scraping (17/150): https://kaktus.media/doc/545188_riad_otdeleniy_ynaa_bydyt_rabotat_v_mayskie_vyhodnye._grafik.html
2026-05-06 07:01:04,641 [master] INFO   ✓ Ряд отделений "Унаа" будут работать в майские выходные. График
2026-05-06 07:01:07,656 [master] INFO Scraping (18/150): https://kaktus.media/doc/545564_minstroy_ispytyvaet_beton_s_bazaltovym_voloknom_video.html
2026-05-06 07:01:08,886 [master] INFO   ✓ Минстрой испытывает бетон с базальтовым волокном (видео)
2026-05-06 07:01:11,895 [master] INFO Scraping (19/150): https://kaktus.media/doc/545596_v_bishkeke_otkroetsia_vystavka_hydojnicy_ayi_ibraimovoy_pamiat_zemli._kyrgyzskie_istorii.html
2026-05-06 07:01:13,188 [master] INFO   ✓ В Бишкеке откроется выставка художницы Айи Ибраимовой "Память земли. К
2026-05-06 07:01:16,189 [master] INFO Scraping (20/150): https://kaktus.media/doc/545586_smi:_ssha_i_iran_vozobnovili_ataki_v_persidskom_zalive.html
2026-05-06 07:01:17,772 [master] INFO   ✓ СМИ: США и Иран возобновили атаки в Персидском заливе
2026-05-06 07:01:20,774 [master] INFO Scraping (21/150): https://kaktus.media/doc/545413_kak_bydyt_rabotat_cony_osoo_gazprom_kyrgyzstan_na_dlinnyh_vyhodnyh_grafik_i_adresa.html
2026-05-06 07:01:22,328 [master] INFO   ✓ Как будут работать ЦОНы ОсОО "Газпром Кыргызстан" на длинных выходных 
2026-05-06 07:01:25,331 [master] INFO Scraping (22/150): https://kaktus.media/doc/545620_na_zavode_kazcink_v_yst_kamenogorske_progremel_vzryv._est_pogibshie_i_ranenye_foto.html
2026-05-06 07:01:26,751 [master] INFO   ✓ На заводе "Казцинк" в Усть-Каменогорске прогремел взрыв. Есть погибшие
2026-05-06 07:01:29,753 [master] INFO Scraping (23/150): https://kaktus.media/doc/545257_kyda_obrashatsia_s_zabolevshim_rebenkom_v_prazdnichnye_dni_informaciia_foms.html
2026-05-06 07:01:31,093 [master] INFO   ✓ Куда обращаться с заболевшим ребенком в праздничные дни? Информация ФО
2026-05-06 07:01:34,094 [master] INFO Scraping (24/150): https://kaktus.media/doc/543885_kfc_football_cup_2026:_vash_moment_nastal.html
2026-05-06 07:01:35,407 [master] INFO   ✓ KFC FOOTBALL CUP 2026: ваш момент настал!
2026-05-06 07:01:38,409 [master] INFO Scraping (25/150): https://kaktus.media/doc/545561_po_ylicam_nevozmojno_proyti:_bishkek_snova_topit_posle_dojdia_video.html
2026-05-06 07:01:39,932 [master] INFO   ✓ По улицам невозможно пройти: Бишкек снова топит после дождя (видео)
2026-05-06 07:01:42,934 [master] INFO Scraping (26/150): https://kaktus.media/doc/545594_doklad_molodogo_yrologa_iz_kyrgyzstana_priznali_lychshim_na_mejdynarodnom_kongresse.html
2026-05-06 07:01:44,219 [master] INFO   ✓ Доклад молодого уролога из Кыргызстана признали лучшим на международно
2026-05-06 07:01:47,221 [master] INFO Scraping (27/150): https://kaktus.media/doc/545429_zao_mpc_elkart_rasshiriaet_partnerstvo_na_mejdynarodnom_rynke.html
2026-05-06 07:01:48,640 [master] INFO   ✓ ЗАО "МПЦ" ("Элкарт") расширяет партнерство на международном рынке
2026-05-06 07:01:51,642 [master] INFO Scraping (28/150): https://kaktus.media/doc/545616_jestokoe_izbienie_v_kante._zaderjan_podozrevaemyy_foto.html
2026-05-06 07:01:53,096 [master] INFO   ✓ Жестокое избиение в Канте. Задержан подозреваемый (фото)
2026-05-06 07:01:56,097 [master] INFO Scraping (29/150): https://kaktus.media/doc/545558_v_tashkente_posle_silnogo_dojdia_zatopilo_ylicy_i_chast_stancii_metro_video.html
2026-05-06 07:01:57,684 [master] INFO   ✓ В Ташкенте после сильного дождя затопило улицы и часть станции метро (
2026-05-06 07:02:00,685 [master] INFO Scraping (30/150): https://kaktus.media/doc/545058_jenshina_obviniaet_myja_v_razvratnyh_deystviiah_v_otnoshenii_ih_obshey_piatiletney_docheri.html
2026-05-06 07:02:01,985 [master] INFO   ✓ Женщина  обвиняет мужа в развратных действиях в отношении их общей пят
2026-05-06 07:02:04,985 [master] INFO Scraping (31/150): https://kaktus.media/doc/545542_amangeldiev:_keremet_bank_mojet_vyyti_iz_pod_sankciy_ssha_i_velikobritanii.html
2026-05-06 07:02:06,395 [master] INFO   ✓ Амангельдиев: "Керемет Банк" может выйти из-под санкций США и Великобр
2026-05-06 07:02:09,396 [master] INFO Scraping (32/150): https://kaktus.media/doc/545200_kak_bydyt_rabotat_bolnicy_i_skoraia_pomosh_na_dlinnyh_mayskih_vyhodnyh.html
2026-05-06 07:02:10,749 [master] INFO   ✓ Как будут работать больницы и скорая помощь на длинных майских выходны
2026-05-06 07:02:13,750 [master] INFO Scraping (33/150): https://kaktus.media/doc/545617_v_bishkeke_sbili_podrostka_na_peshehodnom_perehode_video.html
2026-05-06 07:02:15,041 [master] INFO   ✓ В Бишкеке сбили подростка на пешеходном переходе (видео)
2026-05-06 07:02:18,042 [master] INFO Scraping (34/150): https://kaktus.media/doc/545343_bytik_oteli_centralnoy_azii:_chto_eto_takoe_i_chto_predlagaet_region.html
2026-05-06 07:02:19,363 [master] INFO   ✓ Бутик-отели Центральной Азии: что это такое и что предлагает регион
2026-05-06 07:02:22,366 [master] INFO Scraping (35/150): https://kaktus.media/doc/545060_gosmonopoliia_na_medobrazovanie_i_akkreditaciia_vyzov._chto_ob_etom_izvestno_na_segodnia.html
2026-05-06 07:02:23,919 [master] INFO   ✓ Госмонополия на медобразование и аккредитация вузов. Что об этом извес
2026-05-06 07:02:26,922 [master] INFO Scraping (36/150): https://kaktus.media/doc/545422_nikolay_baskov_lube_i_blestiashie_vystypiat_v_karakole_na_koncerte_ko_dnu_pobedy_9_maia.html
2026-05-06 07:02:28,306 [master] INFO   ✓ Николай Басков, "Любэ" и "Блестящие" выступят в Караколе на концерте к
2026-05-06 07:02:31,309 [master] INFO Scraping (37/150): https://kaktus.media/doc/545588_sadyr_japarov_pozdravil_kyrgyzstancev_s_dnem_konstitycii.html
2026-05-06 07:02:32,589 [master] INFO   ✓ Садыр Жапаров поздравил кыргызстанцев с Днем Конституции
2026-05-06 07:02:35,590 [master] INFO Scraping (38/150): https://kaktus.media/doc/545527_v_karakol_vezyt_30_novyh_avtobysov._kogda_oni_vyydyt_na_linii.html
2026-05-06 07:02:36,891 [master] INFO   ✓ В Каракол везут 30 новых автобусов. Когда они выйдут на линии?
2026-05-06 07:02:39,892 [master] INFO Scraping (39/150): https://kaktus.media/doc/545622_kak_proshel_myzykalnyy_vecher_v_centre_bishkeka_dyshevnyy_fotoreportaj.html
2026-05-06 07:02:41,216 [master] INFO   ✓ Как прошел музыкальный вечер в центре Бишкека (душевный фоторепортаж)
2026-05-06 07:02:44,218 [master] INFO Scraping (40/150): https://kaktus.media/doc/545613_v_kara_balte_administratora_kafe_nasmert_pridavilo_obryshivsheysia_stenoy._nachata_proverka.html
2026-05-06 07:02:45,530 [master] INFO   ✓ В Кара-Балте администратора кафе насмерть придавило обрушившейся стено
2026-05-06 07:02:48,532 [master] INFO Scraping (41/150): https://kaktus.media/doc/545556_v_aeroporty_almaty_posle_silnogo_dojdia_protekla_krysha_video.html
2026-05-06 07:02:51,406 [master] INFO   ✓ В аэропорту Алматы после сильного дождя протекла крыша (видео)
2026-05-06 07:02:54,409 [master] INFO Scraping (42/150): https://kaktus.media/doc/543794_pochemy_voznikaet_pelenochnyy_dermatit_i_kak_zashitit_kojy_rebenka_otvety_pediatra.html
2026-05-06 07:02:57,308 [master] INFO   ✓ Почему возникает пеленочный дерматит и как защитить кожу ребенка? Отве
2026-05-06 07:03:00,311 [master] INFO Scraping (43/150): https://kaktus.media/doc/534277_otdyh_na_shri_lanke:_glavnyy_gid_dlia_kyrgyzstancev.html
2026-05-06 07:03:01,609 [master] INFO   ✓ Отдых на Шри-Ланке: главный гид для кыргызстанцев
2026-05-06 07:03:04,611 [master] INFO Scraping (44/150): https://kaktus.media/doc/545334_glamyrnyy_kemping:_kyrgyzstan_aktivnee_vsego_razvivaet_perspektivnyy_rynok.html
2026-05-06 07:03:07,226 [master] INFO   ✓ Гламурный кэмпинг: Кыргызстан активнее всего развивает перспективный р
2026-05-06 07:03:10,227 [master] INFO Scraping (45/150): https://kaktus.media/doc/545584_na_issyk_kyle_spasli_tyrista_iz_italii_popavshego_pod_laviny_video.html
2026-05-06 07:03:11,602 [master] INFO   ✓ На Иссык-Куле спасли туриста из Италии, попавшего под лавину (видео)
2026-05-06 07:03:14,603 [master] INFO Scraping (46/150): https://kaktus.media/doc/545404_vnimanie_na_remont_zakryvaetsia_ychastok_ylicy_gogolia.html
2026-05-06 07:03:16,395 [master] INFO   ✓ Внимание! На ремонт закрывается участок улицы Гоголя
2026-05-06 07:03:19,397 [master] INFO Scraping (47/150): https://kaktus.media/doc/545590_v_karakolskom_zooparke_poiavilsia_kengyry_albinos._video.html
2026-05-06 07:03:21,583 [master] INFO   ✓ В Каракольском зоопарке появился кенгуру-альбинос. Видео
2026-05-06 07:03:24,584 [master] INFO Scraping (48/150): https://kaktus.media/doc/545585_na_issyk_kyle_ochistili_bereg_i_dno_ozera_ot_mysora_i_brakonerskih_setey.html
2026-05-06 07:03:26,120 [master] INFO   ✓ На Иссык-Куле очистили берег и дно озера от мусора и браконьерских сет
2026-05-06 07:03:29,123 [master] INFO Scraping (49/150): https://kaktus.media/doc/545273_v_bishkeke_propal_69_letniy_myjchina._ego_ishyt_rodnye.html
2026-05-06 07:03:30,846 [master] INFO   ✓ В Бишкеке пропал 69-летний мужчина. Его ищут родные
2026-05-06 07:03:33,847 [master] INFO Scraping (50/150): https://kaktus.media/doc/545615_v_bishkeke_otkryli_dlia_proezda_ychastok_yl._shopokova_ot_yl._kievskoy_do_pr._chyy_video.html
2026-05-06 07:03:35,182 [master] INFO   ✓ В Бишкеке открыли для проезда участок ул. Шопокова от ул. Киевской до 
2026-05-06 07:03:38,184 [master] INFO Scraping (51/150): https://kaktus.media/doc/545169_vajno_znat._foms_o_poriadke_okazaniia_medicinskoy_pomoshi_vo_vremia_mayskih_prazdnikov.html
2026-05-06 07:03:39,364 [master] INFO   ✓ Важно знать. ФОМС о порядке оказания медицинской помощи во время майск
2026-05-06 07:03:42,366 [master] INFO Scraping (52/150): https://kaktus.media/doc/543525_remont_dorog_i_teplosetey._kakie_trassy_zakryty_v_bishkeke_obnovleno_30_aprelia_.html
2026-05-06 07:03:43,741 [master] INFO   ✓ Ремонт дорог и теплосетей. Какие трассы закрыты в Бишкеке (обновлено 3
2026-05-06 07:03:46,743 [master] INFO Scraping (53/150): https://kaktus.media/doc/545593_trydno_hodit_v_dojd._bishkekchane_pojalovalis_na_dorogi_okolo_kydaybergena_video.html
2026-05-06 07:03:48,089 [master] INFO   ✓ "Трудно ходить в дождь". Бишкекчане пожаловались на дороги около "Куда
2026-05-06 07:03:51,090 [master] INFO Scraping (54/150): https://kaktus.media/doc/545150_rysskiy_teatr_dramy_im._ch._aytmatova_predstavil_repertyar_na_may.html
2026-05-06 07:03:52,488 [master] INFO   ✗ Skipped
2026-05-06 07:03:55,490 [master] INFO Scraping (54/150): https://kaktus.media/doc/545250_stala_izvestna_predvaritelnaia_data_kyrman_ayta.html
2026-05-06 07:03:56,821 [master] INFO   ✓ Стала известна предварительная дата Курман айта
2026-05-06 07:03:59,822 [master] INFO Scraping (55/150): https://kaktus.media/doc/545491_vpervye_v_bishkeke_cirk_uriia_nikylina_bez_jivotnyh.html
2026-05-06 07:04:02,349 [master] INFO   ✓ Впервые в Бишкеке цирк Юрия Никулина без животных
2026-05-06 07:04:05,350 [master] INFO Scraping (56/150): https://kaktus.media/doc/545541_model_iz_kyrgyzstana_poiavilas_v_filme_diavol_nosit_prada_2.html
2026-05-06 07:04:06,639 [master] INFO   ✓ Модель из Кыргызстана появилась в фильме "Дьявол носит Prada-2"
2026-05-06 07:04:09,640 [master] INFO Scraping (57/150): https://kaktus.media/doc/545350_na_mayskie_prazdniki_iz_bishkeka_pystiat_bolshe_avtobysov_i_bysov_na_issyk_kyl_i_v_naryn.html
2026-05-06 07:04:10,972 [master] INFO   ✓ На майские праздники из Бишкека пустят больше автобусов и бусов на Исс
2026-05-06 07:04:13,973 [master] INFO Scraping (58/150): https://kaktus.media/doc/545595_smi:_vspyshka_predpolagaemoy_hantavirysnoy_infekcii_zablokirovala_kryiznyy_layner.html
2026-05-06 07:04:16,258 [master] INFO   ✓ СМИ: Вспышка предполагаемой хантавирусной инфекции заблокировала круиз
2026-05-06 07:04:19,260 [master] INFO Scraping (59/150): https://kaktus.media/doc/545547_do_32_c_i_shtormovoe_predyprejdenie._prognoz_pogody_v_bishkeke_i_po_kyrgyzstany.html
2026-05-06 07:04:20,582 [master] INFO   ✓ До +32 °C и штормовое предупреждение. Прогноз погоды в Бишкеке и по Кы
2026-05-06 07:04:23,583 [master] INFO Scraping (60/150): https://kaktus.media/doc/545576_v_bishkeke_y_cyma_vo_vremia_dojdia_zatopilo_trotyar_video.html
2026-05-06 07:04:25,522 [master] INFO   ✓ В Бишкеке у ЦУМа во время дождя затопило тротуар (видео)
2026-05-06 07:04:28,523 [master] INFO Scraping (61/150): https://kaktus.media/doc/534245_bangkok_pattayia:_kak_vybrat_otel_rayon_i_chto_posmotret.html
2026-05-06 07:04:30,308 [master] INFO   ✓ Бангкок + Паттайя: как выбрать отель, район и что посмотреть
2026-05-06 07:04:33,310 [master] INFO Scraping (62/150): https://kaktus.media/doc/545515_v_bishkeke_proydet_riad_meropriiatiy_ko_dnu_pobedy.html
2026-05-06 07:04:34,652 [master] INFO   ✓ В Бишкеке пройдет ряд мероприятий ко Дню Победы
2026-05-06 07:04:37,654 [master] INFO Scraping (63/150): https://kaktus.media/doc/545587_rossiia_i_ykraina_obiavili_rejimy_prekrasheniia_ognia_s_raznymi_ysloviiami_i_srokami.html
2026-05-06 07:04:39,084 [master] INFO   ✓ Россия и Украина объявили режимы прекращения огня с разными условиями 
2026-05-06 07:04:42,086 [master] INFO Scraping (64/150): https://kaktus.media/doc/545549_dyet_dnia_prezident_francii_spel_pod_akkompanement_nikola_pashiniana_video.html
2026-05-06 07:04:43,341 [master] INFO   ✓ Дуэт дня - президент Франции спел под аккомпанемент Никола Пашиняна (в
2026-05-06 07:04:46,343 [master] INFO Scraping (65/150): https://kaktus.media/doc/545391_gotova_li_shkola_k_rebenky_principy_obycheniia_i_miagkoy_adaptacii_v_shkole_edison.html
2026-05-06 07:04:47,791 [master] INFO   ✓ Готова ли школа к ребенку? Принципы обучения и мягкой адаптации в школ
2026-05-06 07:04:50,793 [master] INFO Scraping (66/150): https://kaktus.media/doc/545608_skandal_s_reperom_de_lacure_v_kazahstane_i_shoy_mne_stydno._chto_proishodit.html
2026-05-06 07:04:52,167 [master] INFO   ✓ Скандал с рэпером De Lacure в Казахстане и шоу "Мне стыдно". Что проис
2026-05-06 07:04:55,173 [master] INFO Scraping (67/150): https://kaktus.media/doc/545572_minzdrav_napomnil_kak_pravilno_myt_ovoshi_i_frykty.html
2026-05-06 07:04:56,038 [master] INFO   ✓ Минздрав напомнил, как правильно мыть овощи и фрукты
2026-05-06 07:04:59,040 [master] INFO Scraping (68/150): https://kaktus.media/doc/545580_unye_kyrgyzstanki_zaniali_vtoroe_mesto_na_tyrnire_po_esteticheskoy_gimnastike_v_parije.html
2026-05-06 07:04:59,876 [master] INFO   ✓ Юные кыргызстанки заняли второе место на турнире по эстетической гимна
2026-05-06 07:05:02,889 [master] INFO Scraping (69/150): https://kaktus.media/doc/545566_kyrgyzstan_i_seyshely_podpisali_soglashenie_o_bezvizovom_rejime.html
2026-05-06 07:05:03,744 [master] INFO   ✓ Кыргызстан и Сейшелы подписали соглашение о безвизовом режиме
2026-05-06 07:05:06,756 [master] INFO Scraping (70/150): https://kaktus.media/doc/545612_sotrydnika_podozrevaut_v_napadenii_s_nojom_na_direktora_kompanii._on_zaderjan_foto.html
2026-05-06 07:05:08,811 [master] INFO   ✓ Сотрудника подозревают в нападении с ножом на директора компании. Он з
2026-05-06 07:05:11,813 [master] INFO Scraping (71/150): https://kaktus.media/doc/545603_spasateli_mchs_evakyirovali_dvyh_tyristov_iz_iaponii_iz_parka_ala_archa_video.html
2026-05-06 07:05:14,070 [master] INFO   ✓ Спасатели МЧС эвакуировали двух туристов из Японии из парка "Ала-Арча"
2026-05-06 07:05:17,072 [master] INFO Scraping (72/150): https://kaktus.media/doc/545554_na_ploshadi_ala_too_proydet_myzykalnyy_vecher.html
2026-05-06 07:05:17,915 [master] INFO   ✓ На площади Ала-Тоо пройдет музыкальный вечер
2026-05-06 07:05:20,916 [master] INFO Scraping (73/150): https://kaktus.media/doc/545450_vesna_i_detskiy_travmatizm._chto_nyjno_pomnit_roditeliam.html
2026-05-06 07:05:21,766 [master] INFO   ✓ Весна и детский травматизм. Что нужно помнить родителям
2026-05-06 07:05:24,768 [master] INFO Scraping (74/150): https://kaktus.media/doc/545609_myjchina_napygal_devyshky_voditelia_taksi_s_rebenkom._milicionery_zaderjali_podozrevaemogo.html
2026-05-06 07:05:25,604 [master] INFO   ✓ Мужчина напугал девушку - водителя такси с ребенком. Милиционеры задер
2026-05-06 07:05:28,617 [master] INFO Scraping (75/150): https://kaktus.media/doc/545015_vody_vse_menshe_chto_bydet_s_energetikoy_kyrgyzstana_i_kak_nam_sotrydnichat_s_sosediami.html
2026-05-06 07:05:29,567 [master] INFO   ✓ Воды все меньше? Что будет с энергетикой Кыргызстана и как нам сотрудн
2026-05-06 07:05:32,573 [master] INFO Scraping (76/150): https://kaktus.media/doc/544354_nytriciolog_rasskazala_chto_vliiaet_na_zdorove_kishechnika.html
2026-05-06 07:05:33,429 [master] INFO   ✓ Нутрициолог рассказала, что влияет на здоровье кишечника
2026-05-06 07:05:36,431 [master] INFO Scraping (77/150): https://kaktus.media/doc/535813_otdyh_v_goa:_gid_dlia_kyrgyzstancev_o_glavnom_tyristicheskom_meste_indii.html
2026-05-06 07:05:37,355 [master] INFO   ✓ Отдых в Гоа: гид для кыргызстанцев о главном туристическом месте Индии
2026-05-06 07:05:40,356 [master] INFO Scraping (78/150): https://kaktus.media/doc/545563_jiteli_doma_na_ylice_ibraimova_pojalovalis_na_podtoplenie._otvet_merii_video.html
2026-05-06 07:05:41,180 [master] INFO   ✓ Жители дома на улице Ибраимова пожаловались на подтопление. Ответ мэри
2026-05-06 07:05:44,195 [master] INFO Scraping (79/150): https://kaktus.media/doc/545252_kakie_meropriiatiia_proydyt_v_bishkeke_9_maia.html
2026-05-06 07:05:45,028 [master] INFO   ✓ Какие мероприятия пройдут в Бишкеке 9 Мая?
2026-05-06 07:05:48,035 [master] INFO Scraping (80/150): https://kaktus.media/doc/545434_central_asia_capital_zavershil_restavraciu_pamiatnika_general_mayory_panfilovy.html
2026-05-06 07:05:48,935 [master] INFO   ✓ Central Asia Capital завершил реставрацию памятника генерал-майору Пан
2026-05-06 07:05:51,937 [master] INFO Scraping (81/150): https://kaktus.media/doc/545614_portygaliia_yvelichila_sroki_projivaniia_v_strane_dlia_polycheniia_grajdanstva.html
2026-05-06 07:05:52,803 [master] INFO   ✓ Португалия увеличила сроки проживания в стране для получения гражданст
2026-05-06 07:05:55,814 [master] INFO Scraping (82/150): https://kaktus.media/doc/545605_v_bishkeke_proshel_chempionat_goroda_po_sportivnym_balnym_tancam_foto.html
2026-05-06 07:05:56,725 [master] INFO   ✓ В Бишкеке прошел чемпионат города по спортивным бальным танцам (фото)
2026-05-06 07:05:59,727 [master] INFO Scraping (83/150): https://kaktus.media/doc/545592_v_kitae_pri_vzryve_na_fabrike_feyerverkov_pogib_21_chelovek_video.html
2026-05-06 07:06:00,589 [master] INFO   ✓ В Китае при взрыве на фабрике фейерверков погиб 21 человек (видео)
2026-05-06 07:06:03,591 [master] INFO Scraping (84/150): https://kaktus.media/doc/545020_napominaem:_v_mae_kyrgyzstancev_jdyt_dlinnye_kanikyly.html
2026-05-06 07:06:05,311 [master] INFO   ✓ Напоминаем: в мае кыргызстанцев ждут длинные каникулы
2026-05-06 07:06:08,313 [master] INFO Scraping (85/150): https://kaktus.media/doc/536005_otdyh_v_niachange:_oteli_ekskyrsii_rekomendacii.html
2026-05-06 07:06:09,329 [master] INFO   ✓ Отдых в Нячанге: отели, экскурсии, рекомендации
2026-05-06 07:06:12,335 [master] INFO Scraping (86/150): https://kaktus.media/doc/545606_samye_iarkie_i_neodnoznachnye_obrazy_zvezd_s_krasnoy_dorojki_met_gala_2026_foto.html
2026-05-06 07:06:14,504 [master] INFO   ✓ Самые яркие и неоднозначные образы звезд с красной дорожки Met Gala 20
2026-05-06 07:06:17,519 [master] INFO Scraping (87/150): https://kaktus.media/doc/545601_call_centr:_v_balykchy_avtobysnye_ostanovki_ystanovili_v_opasnoy_blizosti_k_dorogam_video.html
2026-05-06 07:06:18,378 [master] INFO   ✓ Call-центр: в Балыкчы автобусные остановки установили в опасной близос
2026-05-06 07:06:21,380 [master] INFO Scraping (88/150): https://kaktus.media/doc/545259_pynkty_propyska_na_granice_s_kitaem_bydyt_vremenno_zakryty._daty.html
2026-05-06 07:06:22,278 [master] INFO   ✓ Пункты пропуска на границе с Китаем будут временно закрыты. Даты
2026-05-06 07:06:25,280 [master] INFO Scraping (89/150): https://kaktus.media/doc/545575_na_avtosportivnom_meropriiatii_v_gansi_voditel_sbil_zritelia_video.html
2026-05-06 07:06:26,101 [master] INFO   ✓ На автоспортивном мероприятии в "Ганси" водитель сбил зрителя (видео)
2026-05-06 07:06:29,105 [master] INFO Scraping (90/150): https://kaktus.media/doc/545031_artisty_teatra_opery_i_baleta_vystypiat_v_treh_gorodah_kyrgyzstana._programma_gastroley.html
2026-05-06 07:06:30,035 [master] INFO   ✓ Артисты театра оперы и балета выступят в трех городах Кыргызстана. Про
2026-05-06 07:06:33,040 [master] INFO Scraping (91/150): https://kaktus.media/doc/545388_energetiki_pereydyt_na_ysilennyy_rejim_raboty_v_prazdnichnye_dni_maia._telefony_slyjb.html
2026-05-06 07:06:33,889 [master] INFO   ✓ Энергетики перейдут на усиленный режим работы в праздничные дни мая. Т
2026-05-06 07:06:36,892 [master] INFO Scraping (92/150): https://kaktus.media/doc/545569_zelenskiy:_v_kremle_opasautsia_chto_ykrainskie_drony_proletiat_nad_krasnoy_ploshadu_9_maia.html
2026-05-06 07:06:37,849 [master] INFO   ✓ Зеленский: В Кремле опасаются, что украинские дроны пролетят над Красн
2026-05-06 07:06:40,859 [master] INFO Scraping (93/150): https://kaktus.media/doc/545579_v_kyrgyzstane_yjestochaut_nakazanie_za_pianoe_vojdenie_video.html
2026-05-06 07:06:41,729 [master] INFO   ✓ В Кыргызстане ужесточают наказание за пьяное вождение (видео)
2026-05-06 07:06:44,751 [master] INFO 
Saved 93 articles → data/kaktus_kyrgyz_data.csv
2026-05-06 07:06:44,753 [master] INFO   kaktus: 93 rows (label=0)
2026-05-06 07:06:44,754 [master] ERROR Could not import scraper_saat: No module named 'scraper_saat'
2026-05-06 07:06:44,755 [master] INFO Loading existing CSV for saat...
2026-05-06 07:06:44,755 [master] WARNING   File not found: data/saat_kyrgyz_data.csv
2026-05-06 07:06:44,755 [master] WARNING   saat: No data available — skipping.
2026-05-06 07:06:44,761 [master] INFO Running scraper: scraper_factcheck
2026-05-06 07:06:44,761 [master] INFO ============================================================
2026-05-06 07:06:44,761 [master] INFO FACTCHECK.KG SCRAPER
2026-05-06 07:06:44,761 [master] INFO ============================================================
2026-05-06 07:06:44,762 [master] INFO Fetching listing page 1: https://factcheck.kg/ky/category/factcheck/
2026-05-06 07:06:46,150 [master] INFO   → 25 new links (total: 25)
2026-05-06 07:06:47,652 [master] INFO Fetching listing page 2: https://factcheck.kg/ky/category/factcheck/page/2/
2026-05-06 07:06:48,774 [master] INFO   → 2 new links (total: 27)
2026-05-06 07:06:50,277 [master] INFO Fetching listing page 3: https://factcheck.kg/ky/category/factcheck/page/3/
2026-05-06 07:06:51,476 [master] INFO   → 13 new links (total: 40)
2026-05-06 07:06:52,977 [master] INFO Fetching listing page 4: https://factcheck.kg/ky/category/factcheck/page/4/
2026-05-06 07:06:54,191 [master] INFO   → 11 new links (total: 51)
2026-05-06 07:06:55,694 [master] INFO Fetching listing page 5: https://factcheck.kg/ky/category/factcheck/page/5/
2026-05-06 07:06:56,842 [master] INFO   → 11 new links (total: 62)
2026-05-06 07:06:58,343 [master] INFO Fetching listing page 6: https://factcheck.kg/ky/category/factcheck/page/6/
2026-05-06 07:06:59,564 [master] INFO   → 12 new links (total: 74)
2026-05-06 07:07:01,065 [master] INFO Fetching listing page 7: https://factcheck.kg/ky/category/factcheck/page/7/
2026-05-06 07:07:02,298 [master] INFO   → 12 new links (total: 86)
2026-05-06 07:07:03,800 [master] INFO Fetching listing page 8: https://factcheck.kg/ky/category/factcheck/page/8/
2026-05-06 07:07:05,058 [master] INFO   → 12 new links (total: 98)
2026-05-06 07:07:06,572 [master] INFO Fetching listing page 9: https://factcheck.kg/ky/category/factcheck/page/9/
2026-05-06 07:07:07,765 [master] INFO   → 11 new links (total: 109)
2026-05-06 07:07:09,267 [master] INFO Fetching listing page 10: https://factcheck.kg/ky/category/factcheck/page/10/
2026-05-06 07:07:10,419 [master] INFO   → 11 new links (total: 120)
2026-05-06 07:07:11,933 [master] INFO Fetching listing page 11: https://factcheck.kg/ky/category/factcheck/page/11/
2026-05-06 07:07:13,077 [master] INFO   → 10 new links (total: 130)
2026-05-06 07:07:14,583 [master] INFO Fetching listing page 12: https://factcheck.kg/ky/category/factcheck/page/12/
2026-05-06 07:07:15,733 [master] INFO   → 11 new links (total: 141)
2026-05-06 07:07:17,246 [master] INFO Fetching listing page 13: https://factcheck.kg/ky/category/factcheck/page/13/
2026-05-06 07:07:18,460 [master] INFO   → 10 new links (total: 151)
2026-05-06 07:07:19,961 [master] INFO Fetching listing page 14: https://factcheck.kg/ky/category/factcheck/page/14/
2026-05-06 07:07:21,256 [master] INFO   → 11 new links (total: 162)
2026-05-06 07:07:22,760 [master] INFO Fetching listing page 15: https://factcheck.kg/ky/category/factcheck/page/15/
2026-05-06 07:07:23,849 [master] INFO   → 10 new links (total: 172)
2026-05-06 07:07:25,359 [master] INFO Fetching listing page 16: https://factcheck.kg/ky/category/factcheck/page/16/
2026-05-06 07:07:26,587 [master] INFO   → 11 new links (total: 183)
2026-05-06 07:07:28,088 [master] INFO Fetching listing page 17: https://factcheck.kg/ky/category/factcheck/page/17/
2026-05-06 07:07:29,214 [master] INFO   → 10 new links (total: 193)
2026-05-06 07:07:30,715 [master] INFO Fetching listing page 18: https://factcheck.kg/ky/category/factcheck/page/18/
2026-05-06 07:07:31,808 [master] INFO   → 11 new links (total: 204)
2026-05-06 07:07:33,309 [master] INFO Fetching listing page 19: https://factcheck.kg/ky/category/factcheck/page/19/
2026-05-06 07:07:34,508 [master] INFO   → 10 new links (total: 214)
2026-05-06 07:07:36,009 [master] INFO Fetching listing page 20: https://factcheck.kg/ky/category/factcheck/page/20/
2026-05-06 07:07:37,204 [master] INFO   → 11 new links (total: 225)
2026-05-06 07:07:38,706 [master] INFO Fetching listing page 21: https://factcheck.kg/ky/category/factcheck/page/21/
2026-05-06 07:07:39,815 [master] INFO   → 10 new links (total: 235)
2026-05-06 07:07:41,328 [master] INFO Fetching listing page 22: https://factcheck.kg/ky/category/factcheck/page/22/
2026-05-06 07:07:42,544 [master] INFO   → 11 new links (total: 246)
2026-05-06 07:07:44,045 [master] INFO Fetching listing page 23: https://factcheck.kg/ky/category/factcheck/page/23/
2026-05-06 07:07:45,268 [master] INFO   → 10 new links (total: 256)
2026-05-06 07:07:46,776 [master] INFO Fetching listing page 24: https://factcheck.kg/ky/category/factcheck/page/24/
2026-05-06 07:07:48,027 [master] INFO   → 11 new links (total: 267)
2026-05-06 07:07:49,529 [master] INFO Fetching listing page 25: https://factcheck.kg/ky/category/factcheck/page/25/
2026-05-06 07:07:50,613 [master] INFO   → 10 new links (total: 277)
2026-05-06 07:07:52,115 [master] INFO Fetching listing page 26: https://factcheck.kg/ky/category/factcheck/page/26/
2026-05-06 07:07:53,387 [master] INFO   → 11 new links (total: 288)
2026-05-06 07:07:54,891 [master] INFO Fetching listing page 27: https://factcheck.kg/ky/category/factcheck/page/27/
2026-05-06 07:07:56,085 [master] INFO   → 10 new links (total: 298)
2026-05-06 07:07:57,586 [master] INFO Fetching listing page 28: https://factcheck.kg/ky/category/factcheck/page/28/
2026-05-06 07:07:58,685 [master] INFO   → 10 new links (total: 308)
2026-05-06 07:08:00,186 [master] INFO Fetching listing page 29: https://factcheck.kg/ky/category/factcheck/page/29/
2026-05-06 07:08:01,498 [master] INFO   → 11 new links (total: 319)
2026-05-06 07:08:03,005 [master] INFO Fetching listing page 30: https://factcheck.kg/ky/category/factcheck/page/30/
2026-05-06 07:08:04,202 [master] INFO   → 10 new links (total: 329)
2026-05-06 07:08:05,704 [master] INFO Fetching listing page 31: https://factcheck.kg/ky/category/factcheck/page/31/
2026-05-06 07:08:06,761 [master] INFO   → 11 new links (total: 340)
2026-05-06 07:08:08,269 [master] INFO Fetching listing page 32: https://factcheck.kg/ky/category/factcheck/page/32/
2026-05-06 07:08:09,462 [master] INFO   → 11 new links (total: 351)
2026-05-06 07:08:10,964 [master] INFO Fetching listing page 33: https://factcheck.kg/ky/category/factcheck/page/33/
2026-05-06 07:08:12,168 [master] INFO   → 10 new links (total: 361)
2026-05-06 07:08:13,682 [master] INFO Fetching listing page 34: https://factcheck.kg/ky/category/factcheck/page/34/
2026-05-06 07:08:14,791 [master] INFO   → 11 new links (total: 372)
2026-05-06 07:08:16,292 [master] INFO Fetching listing page 35: https://factcheck.kg/ky/category/factcheck/page/35/
2026-05-06 07:08:17,459 [master] INFO   → 10 new links (total: 382)
2026-05-06 07:08:18,962 [master] INFO Fetching listing page 36: https://factcheck.kg/ky/category/factcheck/page/36/
2026-05-06 07:08:20,148 [master] INFO   → 11 new links (total: 393)
2026-05-06 07:08:21,650 [master] INFO Fetching listing page 37: https://factcheck.kg/ky/category/factcheck/page/37/
2026-05-06 07:08:22,869 [master] INFO   → 11 new links (total: 404)
2026-05-06 07:08:24,370 [master] INFO Fetching listing page 38: https://factcheck.kg/ky/category/factcheck/page/38/
2026-05-06 07:08:25,468 [master] INFO   → 10 new links (total: 414)
2026-05-06 07:08:26,970 [master] INFO Fetching listing page 39: https://factcheck.kg/ky/category/factcheck/page/39/
2026-05-06 07:08:28,174 [master] INFO   → 11 new links (total: 425)
2026-05-06 07:08:29,676 [master] INFO Fetching listing page 40: https://factcheck.kg/ky/category/factcheck/page/40/
2026-05-06 07:08:30,747 [master] INFO   → 11 new links (total: 436)
2026-05-06 07:08:32,248 [master] INFO Fetching listing page 41: https://factcheck.kg/ky/category/factcheck/page/41/
2026-05-06 07:08:33,425 [master] INFO   → 11 new links (total: 447)
2026-05-06 07:08:34,927 [master] INFO Fetching listing page 42: https://factcheck.kg/ky/category/factcheck/page/42/
2026-05-06 07:08:36,142 [master] INFO   → 10 new links (total: 457)
2026-05-06 07:08:37,654 [master] INFO Fetching listing page 43: https://factcheck.kg/ky/category/factcheck/page/43/
2026-05-06 07:08:38,758 [master] INFO   → 11 new links (total: 468)
2026-05-06 07:08:40,262 [master] INFO Fetching listing page 44: https://factcheck.kg/ky/category/factcheck/page/44/
2026-05-06 07:08:41,462 [master] INFO   → 10 new links (total: 478)
2026-05-06 07:08:42,975 [master] INFO Fetching listing page 45: https://factcheck.kg/ky/category/factcheck/page/45/
2026-05-06 07:08:44,164 [master] INFO   → 11 new links (total: 489)
2026-05-06 07:08:45,667 [master] INFO Fetching listing page 46: https://factcheck.kg/ky/category/factcheck/page/46/
2026-05-06 07:08:46,757 [master] INFO   → 11 new links (total: 500)
2026-05-06 07:08:48,259 [master] INFO Fetching listing page 47: https://factcheck.kg/ky/category/factcheck/page/47/
2026-05-06 07:08:49,614 [master] INFO   → 11 new links (total: 511)
2026-05-06 07:08:51,116 [master] INFO Fetching listing page 48: https://factcheck.kg/ky/category/factcheck/page/48/
2026-05-06 07:08:52,268 [master] INFO   → 10 new links (total: 521)
2026-05-06 07:08:53,771 [master] INFO Fetching listing page 49: https://factcheck.kg/ky/category/factcheck/page/49/
2026-05-06 07:08:55,044 [master] INFO   → 11 new links (total: 532)
2026-05-06 07:08:56,546 [master] INFO Fetching listing page 50: https://factcheck.kg/ky/category/factcheck/page/50/
2026-05-06 07:08:57,800 [master] INFO   → 11 new links (total: 543)
2026-05-06 07:08:59,302 [master] INFO Fetching listing page 51: https://factcheck.kg/ky/category/factcheck/page/51/
2026-05-06 07:09:00,423 [master] INFO   → 10 new links (total: 553)
2026-05-06 07:09:01,939 [master] INFO Fetching listing page 52: https://factcheck.kg/ky/category/factcheck/page/52/
2026-05-06 07:09:03,128 [master] INFO   → 11 new links (total: 564)
2026-05-06 07:09:04,630 [master] INFO Fetching listing page 53: https://factcheck.kg/ky/category/factcheck/page/53/
2026-05-06 07:09:05,733 [master] INFO   → 11 new links (total: 575)
2026-05-06 07:09:07,239 [master] INFO Fetching listing page 54: https://factcheck.kg/ky/category/factcheck/page/54/
2026-05-06 07:09:08,437 [master] INFO   → 10 new links (total: 585)
2026-05-06 07:09:09,944 [master] INFO Fetching listing page 55: https://factcheck.kg/ky/category/factcheck/page/55/
2026-05-06 07:09:11,125 [master] INFO   → 11 new links (total: 596)
2026-05-06 07:09:12,630 [master] INFO Fetching listing page 56: https://factcheck.kg/ky/category/factcheck/page/56/
2026-05-06 07:09:13,750 [master] INFO   → 11 new links (total: 607)
2026-05-06 07:09:15,257 [master] INFO Fetching listing page 57: https://factcheck.kg/ky/category/factcheck/page/57/
2026-05-06 07:09:16,474 [master] INFO   → 9 new links (total: 616)
2026-05-06 07:09:17,976 [master] INFO Fetching listing page 58: https://factcheck.kg/ky/category/factcheck/page/58/
2026-05-06 07:09:19,204 [master] INFO   → 10 new links (total: 626)
2026-05-06 07:09:20,706 [master] INFO Fetching listing page 59: https://factcheck.kg/ky/category/factcheck/page/59/
2026-05-06 07:09:21,822 [master] INFO   → 11 new links (total: 637)
2026-05-06 07:09:23,331 [master] INFO Fetching listing page 60: https://factcheck.kg/ky/category/factcheck/page/60/
2026-05-06 07:09:24,427 [master] INFO   → 10 new links (total: 647)
2026-05-06 07:09:25,928 [master] INFO Fetching listing page 61: https://factcheck.kg/ky/category/factcheck/page/61/
2026-05-06 07:09:27,055 [master] INFO   → 11 new links (total: 658)
2026-05-06 07:09:28,562 [master] INFO Fetching listing page 62: https://factcheck.kg/ky/category/factcheck/page/62/
2026-05-06 07:09:29,748 [master] INFO   → 11 new links (total: 669)
2026-05-06 07:09:31,254 [master] INFO Fetching listing page 63: https://factcheck.kg/ky/category/factcheck/page/63/
2026-05-06 07:09:32,427 [master] INFO   → 11 new links (total: 680)
2026-05-06 07:09:33,944 [master] INFO Fetching listing page 64: https://factcheck.kg/ky/category/factcheck/page/64/
2026-05-06 07:09:35,141 [master] INFO   → 11 new links (total: 691)
2026-05-06 07:09:36,655 [master] INFO Fetching listing page 65: https://factcheck.kg/ky/category/factcheck/page/65/
2026-05-06 07:09:37,754 [master] INFO   → 11 new links (total: 702)
2026-05-06 07:09:39,260 [master] INFO Fetching listing page 66: https://factcheck.kg/ky/category/factcheck/page/66/
2026-05-06 07:09:40,456 [master] INFO   → 12 new links (total: 714)
2026-05-06 07:09:41,958 [master] INFO Fetching listing page 67: https://factcheck.kg/ky/category/factcheck/page/67/
2026-05-06 07:09:43,193 [master] INFO   → 11 new links (total: 725)
2026-05-06 07:09:44,703 [master] INFO Fetching listing page 68: https://factcheck.kg/ky/category/factcheck/page/68/
2026-05-06 07:09:45,891 [master] INFO   → 11 new links (total: 736)
2026-05-06 07:09:47,392 [master] INFO Fetching listing page 69: https://factcheck.kg/ky/category/factcheck/page/69/
2026-05-06 07:09:48,565 [master] INFO   → 10 new links (total: 746)
2026-05-06 07:09:50,080 [master] INFO Fetching listing page 70: https://factcheck.kg/ky/category/factcheck/page/70/
2026-05-06 07:09:51,266 [master] INFO   → 11 new links (total: 757)
2026-05-06 07:09:52,781 [master] INFO Fetching listing page 71: https://factcheck.kg/ky/category/factcheck/page/71/
2026-05-06 07:09:53,974 [master] INFO   → 13 new links (total: 770)
2026-05-06 07:09:55,478 [master] INFO Fetching listing page 72: https://factcheck.kg/ky/category/factcheck/page/72/
2026-05-06 07:09:56,833 [master] INFO   → 11 new links (total: 781)
2026-05-06 07:09:58,336 [master] INFO Fetching listing page 73: https://factcheck.kg/ky/category/factcheck/page/73/
2026-05-06 07:09:59,533 [master] INFO   → 12 new links (total: 793)
2026-05-06 07:10:01,036 [master] INFO Fetching listing page 74: https://factcheck.kg/ky/category/factcheck/page/74/
2026-05-06 07:10:02,234 [master] INFO   → 11 new links (total: 804)
2026-05-06 07:10:03,748 [master] INFO Fetching listing page 75: https://factcheck.kg/ky/category/factcheck/page/75/
2026-05-06 07:10:04,787 [master] INFO   → 10 new links (total: 814)
2026-05-06 07:10:06,298 [master] INFO Fetching listing page 76: https://factcheck.kg/ky/category/factcheck/page/76/
2026-05-06 07:10:07,606 [master] INFO   → 13 new links (total: 827)
2026-05-06 07:10:09,113 [master] INFO Fetching listing page 77: https://factcheck.kg/ky/category/factcheck/page/77/
2026-05-06 07:10:10,381 [master] INFO   → 12 new links (total: 839)
2026-05-06 07:10:11,886 [master] INFO Fetching listing page 78: https://factcheck.kg/ky/category/factcheck/page/78/
2026-05-06 07:10:13,272 [master] INFO   → 12 new links (total: 851)
2026-05-06 07:10:14,783 [master] INFO Fetching listing page 79: https://factcheck.kg/ky/category/factcheck/page/79/
2026-05-06 07:10:16,079 [master] INFO   → 12 new links (total: 863)
2026-05-06 07:10:17,591 [master] INFO Fetching listing page 80: https://factcheck.kg/ky/category/factcheck/page/80/
2026-05-06 07:10:18,749 [master] INFO   → 12 new links (total: 875)
2026-05-06 07:10:20,251 [master] INFO Fetching listing page 81: https://factcheck.kg/ky/category/factcheck/page/81/
2026-05-06 07:10:21,546 [master] INFO   → 3 new links (total: 878)
2026-05-06 07:10:23,061 [master] INFO Fetching listing page 82: https://factcheck.kg/ky/category/factcheck/page/82/
2026-05-06 07:10:24,200 [master] INFO   404 on page 82 — end of pagination.
2026-05-06 07:10:24,200 [master] INFO Total article links: 878
2026-05-06 07:10:24,200 [master] INFO Scraping (1): https://factcheck.kg/ky/velikobritaniya-snyala-sankczii-s-gazprombanka-chtoby-perejti-na-oplatu-gaza-v-rublyah-proveryaem/
2026-05-06 07:10:25,328 [master] INFO   [REAL] “Улуубританиянын каржылык операцияларды жүргүзүү боюнча башкармал
2026-05-06 07:10:29,333 [master] INFO Scraping (2): https://factcheck.kg/ky/glava-voz-ne-prizyval-strany-zakryt-shkoly-nakanune-novoj-volny-covid-19/
2026-05-06 07:10:30,496 [master] INFO   [REAL] Бүткүл дүйнөлүк саламаттык сактоо уюму мектептерди жабууну сунушт
2026-05-06 07:10:34,499 [master] INFO Scraping (3): https://factcheck.kg/ky/ssha-ispugalis-planov-rossii-chto-ne-tak-s-novostyami-o-strahe-ameriki-pered-rossijskimi-sverhzvukovymi-raketami/
2026-05-06 07:10:35,805 [master] INFO   [REAL] АКШ чындап эле Орусиянын пландарынан коркобу? Орусиянын гипер ылд
2026-05-06 07:10:39,816 [master] INFO Scraping (4): https://factcheck.kg/ky/sbor-sredstv-dlya-ukrainy-fejk-ili-ne-fejk/
2026-05-06 07:10:41,047 [master] INFO   [REAL] Украинага акча каражат топтолуп атканы чын
2026-05-06 07:10:45,051 [master] INFO Scraping (5): https://factcheck.kg/ky/informacziya-o-zaderzhanii-billa-gejtsa-kak-sozdatelya-koronavirusa-fejk/
2026-05-06 07:10:46,208 [master] INFO   [FAKE] Коронавирусту ойлоп тапкан адам кармалды деген маалымат — жалган
2026-05-06 07:10:50,223 [master] INFO Scraping (6): https://factcheck.kg/ky/deputat-sostoit-v-semejnom-stroitelnom-biznese-no-v-deklaraczii-net-ego-firmy/
2026-05-06 07:10:51,571 [master] INFO   [REAL] Депутаттын үй-бүлөлүк курулуш компаниясына тийиштиги бар, бирок а
2026-05-06 07:10:55,577 [master] INFO Scraping (7): https://factcheck.kg/ky/kyrgyz-ajmaktyk-medialar-emne-%d2%afch%d2%afn-%d3%a9n%d2%afkp%d3%a9j-zhatat/
2026-05-06 07:10:56,666 [master] INFO   [REAL] 2000-жылдары интернет адамдын күнүмдүк жашоосуна анчалык терең ки
2026-05-06 07:11:00,678 [master] INFO Scraping (8): https://factcheck.kg/ky/2022/12/
2026-05-06 07:11:01,956 [master] INFO   [UNCERTAIN] Month:December 2022
2026-05-06 07:11:05,958 [master] INFO Scraping (9): https://factcheck.kg/ky/tadzhikistan-vedet-obstrel-okrestnostej-batkena-iz-reaktivnyh-sistem-zalpovogo-ognya-pravda/
2026-05-06 07:11:07,205 [master] INFO   [REAL] Тажикстан Баткендин чет жакасын жапырт ок атуу реактивдүү система
2026-05-06 07:11:11,210 [master] INFO Scraping (10): https://factcheck.kg/ky/kyrgyz-akylbek-zhaparovdun-doktorluk-dissertacziyasy-plagiat-teksherebiz/
2026-05-06 07:11:12,454 [master] INFO   [REAL] «Акылбек Жапаровдун докторлук диссертациясы плагиат». Текшеребиз
2026-05-06 07:11:16,457 [master] INFO Scraping (11): https://factcheck.kg/ky/gosorgany-pokupayut-telefony-i-planshety-apple-za-schet-nalogoplatelshhikov/
2026-05-06 07:11:17,610 [master] INFO   [REAL] Мамлекеттик органдар салык төлөөчүлөрдүн эсебинен Apple телефондо
2026-05-06 07:11:21,622 [master] INFO Scraping (12): https://factcheck.kg/ky/rossiya-otmenila-konvencziyu-po-zashhite-prav-cheloveka-proveryaem/
2026-05-06 07:11:22,707 [master] INFO   [REAL] “Орусия Федерациясынын жарандары Орусиядан башка жерде өз укуктар
2026-05-06 07:11:26,715 [master] INFO Scraping (13): https://factcheck.kg/ky/indeks-doveriya-naseleniya-k-ministerstvu-soczrazvitiya-vozros-na-17-za-gody-pravleniya-ulukbeka-kochkorova-nepravda/
2026-05-06 07:11:27,910 [master] INFO   [REAL] Кочкоровдун тушунда министирликке болгон ишеним жогоруладыбы?
2026-05-06 07:11:31,913 [master] INFO Scraping (14): https://factcheck.kg/ky/ravshan-zheenbekov-v-rossii-net-gknb-oni-sozdali-nezavisimyj-sledstvennyj-komitet-razvedku-kontrazvedku-u-nih-vse-otdelno-nepravda/
2026-05-06 07:11:33,104 [master] INFO   [REAL] Равшан Жээнбеков: Россияда УКМК жок. Алар көз карандысыз тергөө к
2026-05-06 07:11:37,106 [master] INFO Scraping (15): https://factcheck.kg/ky/sem-sluchaev-povtornogo-zabolevaniya-covid-19-v-bishkeke-ne-dokazano/
2026-05-06 07:11:38,271 [master] INFO   [REAL] Бишкекте коронавирус илдетине кайрадан кабылгандардын саны жетиге
2026-05-06 07:11:42,285 [master] INFO Scraping (16): https://factcheck.kg/ky/glava-voz-obyavil-vspyshku-ospy-obezyan-chrezvychajnoj-situacziej/
2026-05-06 07:11:43,454 [master] INFO   [REAL] БДССУнун башчысы маймыл чечегинине байланыштуу өзгөчө кырдаал түз
2026-05-06 07:11:47,458 [master] INFO Scraping (17): https://factcheck.kg/ky/videochek-tanecz-lyudej-v-belom-prodolzhenie-koronovirusnogo-bezumiya/
2026-05-06 07:11:48,680 [master] INFO   [REAL] Видеочек: Ак кийимче адамдардын бийи – таажычан вируска байланышт
2026-05-06 07:11:52,693 [master] INFO Scraping (18): https://factcheck.kg/ky/finpol-slabo-rassledovat-kak-iranskie-investory-poteryali-800-tysyach-vlozhiv-v-zdanie-zhaparova-i-ego-druzej/
2026-05-06 07:11:53,987 [master] INFO   [REAL] Сатуу-сатып алуу документине ылайык,  сатуучу негизги келишимден 
2026-05-06 07:11:57,994 [master] INFO Scraping (19): https://factcheck.kg/ky/rostov-na-donu-ohvachen-protestami-protiv-izolyaczii-vo-vremya-epidemii-fejk/
2026-05-06 07:11:59,287 [master] INFO   [FAKE] Россияда изоляцияга каршы нааразычылык акциясы башталды деген маа
2026-05-06 07:12:03,296 [master] INFO Scraping (20): https://factcheck.kg/ky/aziz-surakmatov-i-konflikt-interesov/
2026-05-06 07:12:04,399 [master] INFO   [REAL] Азиз Суракматов жана кызыкчылыктар конфликти
2026-05-06 07:12:08,414 [master] INFO Scraping (21): https://factcheck.kg/ky/nurzhigit-kadyrbekov-yjman-nuru-u-nashego-politobedineniya-na-tekushhih-vyborah-net-shtaba-nepravda/
2026-05-06 07:12:09,584 [master] INFO   [FAKE] Нуржигит Кадырбеков, «Ыйман нуру»: “Биз штабдарды ачкан жокпуз” –
2026-05-06 07:12:13,598 [master] INFO Scraping (22): https://factcheck.kg/ky/kyrgyz-oshto-zhurnalistke-kol-salgan-zharan-kim-faktchek/
2026-05-06 07:12:14,874 [master] INFO   [REAL] “Мындай зөөкүрдүк бүгүн бизге болду, эртең сизге болот! Бул Айбек
2026-05-06 07:12:18,878 [master] INFO Scraping (23): https://factcheck.kg/ky/soavtorami-zakonoproekta-ob-nko-vystupili-frakcziya-ata-zhurt-kyrgyzstan-i-deputatskaya-gruppa-mekenchil-factcheck/
2026-05-06 07:12:20,131 [master] INFO   [REAL] “Коммерциялык эмес уюмдар жөнүндө” мыйзам долбоордун авторлоштору
2026-05-06 07:12:24,135 [master] INFO Scraping (24): https://factcheck.kg/ky/nashi-grazhdane-ne-mogut-popolnit-schet-partij-iz-za-rubezha-pravda/
2026-05-06 07:12:25,431 [master] INFO   [REAL] Саясий партиялардын эсебине каражат которулбай жаткандыгы чын
2026-05-06 07:12:29,431 [master] INFO Scraping (25): https://factcheck.kg/ky/ne-lavrov-kto-v-sharzhe-ispolzovannom-v-poste-prezidenta-proveryaem/
2026-05-06 07:12:30,562 [master] INFO   [REAL] Шарж сделан на публициста Наома Хомскогоhttps://t.co/HSQyy6ukmKpi
2026-05-06 07:12:34,575 [master] INFO Scraping (26): https://factcheck.kg/ky/v-vms-ssha-novobranczev-svyazyvayut-i-brosayut-ih-v-bassejn-proveryaem/
2026-05-06 07:12:35,769 [master] INFO   [REAL] АКШнын аскер-деңиз күчтөрү аскерге жаңы чакырылгандарды колу-буту
2026-05-06 07:12:39,771 [master] INFO Scraping (27): https://factcheck.kg/ky/marlen-mamataliev-yntymak-akimy-ne-mogut-reshat-problemy-na-mestah-my-dolzhny-im-dat-bolshe-polnomochij-nepravda/
2026-05-06 07:12:41,003 [master] INFO   [UNCERTAIN] Марлен Маматалиев, “Ынтымак”: “Акимдер жер-жерлерде маселелерди ч
2026-05-06 07:12:45,005 [master] INFO Scraping (28): https://factcheck.kg/ky/batken-otprazdnoval-nooruz-vtroe-dorozhe-bishkeka-ugadajte-gde-prazdnoval-prezident/
2026-05-06 07:12:46,330 [master] INFO   [UNCERTAIN] Ноорузду майрамдоого бийлик Баткенде 8.3 млн сом, Бишкекте 2.6 мл
2026-05-06 07:12:50,341 [master] INFO Scraping (29): https://factcheck.kg/ky/kuda-ischezli-1-3-mln-tonn-nefteproduktov-na-600-mln/
2026-05-06 07:12:51,447 [master] INFO   [UNCERTAIN] Кыргызстан мунайды бир гана чет жактан сатып албастан, башка өлкө
2026-05-06 07:12:55,450 [master] INFO Scraping (30): https://factcheck.kg/ky/mestnoe-samoupravlenie-chto-eto-takoe-i-zachem-ono-nam-nuzhno/
2026-05-06 07:12:56,695 [master] INFO   [REAL] Жергиликтүү өз алдынча башкаруу: бул эмне жана ал эмне үчүн керек
2026-05-06 07:13:00,696 [master] INFO Scraping (31): https://factcheck.kg/ky/rossiya-poobeshhala-podderzhat-terroristicheskij-taliban-v-borbe-s-terrorizmom/
2026-05-06 07:13:02,127 [master] INFO   [REAL] Россия терроризм менен күрөшүүдө “Талибан”* кыймылын колдорун бил
2026-05-06 07:13:06,128 [master] INFO Scraping (32): https://factcheck.kg/ky/otstavka-ombudsmena-borba-s-inoagentami-i-amnistiya-kapitalov-itogi-raboty-vtoroj-sessii-parlamenta/
2026-05-06 07:13:08,005 [master] INFO   [REAL] Акыйкатчыны кетирүү, чет элдик агенттер менен күрөшүү жана капита
2026-05-06 07:13:12,009 [master] INFO Scraping (33): https://factcheck.kg/ky/faktchek-kitaj-stolknulsya-s-novoj-volnoj-zabolevaemosti-covid-19/
2026-05-06 07:13:13,292 [master] INFO   [REAL] Фактчек: Кытайда COVID-19дун жаңы толкуну башталды
2026-05-06 07:13:17,298 [master] INFO Scraping (34): https://factcheck.kg/ky/vsego-za-sutki-naibolee-postradavshij-vo-vremya-konflikta-histevarz-vospryanul-iz-ruin-proveryaem/
2026-05-06 07:13:18,595 [master] INFO   [REAL] «Sputnik-Тажикстан» бир сутка ичинде макаланын өзөгүн алмаштырдыб
2026-05-06 07:13:22,597 [master] INFO Scraping (35): https://factcheck.kg/ky/avarijnoe-posobie-trudyashhimsya-ot-ministerstva-truda-fejk/
2026-05-06 07:13:24,036 [master] INFO   [FAKE] Министрликтен 70 миң сом берилет деген маалымат — фейк
2026-05-06 07:13:28,047 [master] INFO Scraping (36): https://factcheck.kg/ky/v-partii-reforma-41-molodezh-nepravda/
2026-05-06 07:13:29,889 [master] INFO   [REAL] «Реформа» партиясынын 41%ын жаштар түзөрү жалган
2026-05-06 07:13:33,904 [master] INFO Scraping (37): https://factcheck.kg/ky/koronavirus-v-kyrgyzstane-i-gibel-ptiz-iz-za-5g-fejk/
2026-05-06 07:13:35,210 [master] INFO   [UNCERTAIN] Коронавирус илдети менен куштардын өлүмүнө 5G тиешеси жок
2026-05-06 07:13:39,214 [master] INFO Scraping (38): https://factcheck.kg/ky/govoril-li-prezident-slova-v-polzu-bolshogo-chisla-mechetej-v-strane/
2026-05-06 07:13:40,394 [master] INFO   [FAKE] Президент чын эле “мечиттер мектептен көп жана бул жакшы көрүнүш”
2026-05-06 07:13:44,396 [master] INFO Scraping (39): https://factcheck.kg/ky/v-uzbekistane-zaplatyat-po-50-za-kazhdyj-kilogramm-sbroshennogo-vesa-proveryaem/
2026-05-06 07:13:45,713 [master] INFO   [REAL] Өзбекстанда салмак таштаган чиновниктерге компенсация төлөнөбү? Т
2026-05-06 07:13:49,714 [master] INFO Scraping (40): https://factcheck.kg/ky/fejk-pro-ris-iz-plastika/
2026-05-06 07:13:50,932 [master] INFO   [FAKE] КҮРҮЧ ТУУРАЛУУ ФЕЙК
2026-05-06 07:13:54,940 [master] INFO Scraping (41): https://factcheck.kg/ky/2021/09/
2026-05-06 07:13:56,004 [master] INFO   [REAL] Month:September 2021
2026-05-06 07:14:00,014 [master] INFO Scraping (42): https://factcheck.kg/ky/kyrgyz-oleg-pankratov-chynygy-k%d3%a9rs%d3%a9tk%d2%afcht%d3%a9rd%d2%af-zhashyrdy/
2026-05-06 07:14:01,155 [master] INFO   [UNCERTAIN] ОЛЕГ ПАНКРАТОВ ЧЫНЫГЫ КӨРСӨТКҮЧТӨРДҮ ЖАШЫРДЫ
2026-05-06 07:14:05,159 [master] INFO Scraping (43): https://factcheck.kg/ky/czitata-lva-tolstogo-ob-islame-fejk/
2026-05-06 07:14:06,320 [master] INFO   [REAL] Лев Толстойдун Ислам тууралуу пикири жалганбы?
2026-05-06 07:14:10,325 [master] INFO Scraping (44): https://factcheck.kg/ky/video-na-kotorom-yakoby-taliby-zabirayut-maloletnyuyu-devochku-dlya-vstupleniya-v-brak-staroe/
2026-05-06 07:14:11,623 [master] INFO   [REAL] Талибдер жаш кызды алып кетиштиби? Чуулгандуу видеону текшеребиз
2026-05-06 07:14:15,637 [master] INFO Scraping (45): https://factcheck.kg/ky/najden-meteorit-za-13-millionov-somov-pravda/
2026-05-06 07:14:16,791 [master] INFO   [REAL] 13 миллион сомдук метеорит табылды
2026-05-06 07:14:20,796 [master] INFO Scraping (46): https://factcheck.kg/ky/smert-pensionerki-v-ocheredi-k-vrachu-proveryaem/
2026-05-06 07:14:22,223 [master] INFO   [REAL] Фактчек: бейтапканада кезек күтүп жан берген пенсионердин окуясын
2026-05-06 07:14:26,229 [master] INFO Scraping (47): https://factcheck.kg/ky/faktchek-izvestnyj-zhurnalist-rassledovatel-obyavlen-v-rossii-v-rozysk/
2026-05-06 07:14:27,482 [master] INFO   [REAL] Фактчек: Орусияда белгилүү иликтөөчү-журналист Христо Грозевге из
2026-05-06 07:14:31,489 [master] INFO Scraping (48): https://factcheck.kg/ky/na-chto-vlasti-tratyat-grantovye-i-kreditnye-sredstva-factcheck/
2026-05-06 07:14:32,742 [master] INFO   [REAL] Бийлик гранттык жана кредиттик каражаттарды кайсы жакка колдонууд
2026-05-06 07:14:36,753 [master] INFO Scraping (49): https://factcheck.kg#content
2026-05-06 07:14:38,009 [master] INFO   [UNCERTAIN] Factcheck
2026-05-06 07:14:42,024 [master] INFO Scraping (50): https://factcheck.kg/ky/demir-bank-ne-vzimaet-komissiyu-s-perevodov-v-turcziyu-esli-eto-pomoshh-postradavshim/
2026-05-06 07:14:43,197 [master] INFO   [REAL] “Комбанктар Түркияга жардам жиберилип жаткан эсептерден өтө чоң п
2026-05-06 07:14:47,212 [master] INFO Scraping (51): https://factcheck.kg/ky/vybory-v-bgk-v-kakoj-partii-bolshe-vsego-nerabotayushhih-kandidatov/
2026-05-06 07:14:48,515 [master] INFO   [UNCERTAIN] Бишкек шаардык кеңешине аттанган кандидаттардын жарымы эч жерде и
2026-05-06 07:14:52,521 [master] INFO Scraping (52): https://factcheck.kg/ky/chatgpt-obsuzhdaet-poraboshhenie-mira-proveryaem/
2026-05-06 07:14:53,763 [master] INFO   [FAKE] ChatGPT дүйнө элин кулга айлантууну талкуулап жатабы? Текшеребиз
2026-05-06 07:14:57,770 [master] INFO Scraping (53): https://factcheck.kg/ky/iznasilovanie-nesovershennoletnego-proizoshlo-v-respublike-altaj-a-ne-v-altajskom-krae/
2026-05-06 07:14:59,106 [master] INFO   [REAL] Factcheck.kg  Кош-Агач райондук сотунун базасын карап чыгып, тиеш
2026-05-06 07:15:03,116 [master] INFO Scraping (54): https://factcheck.kg/ky/ostorozhno-moshenniki-i-podarochnye-podpiski-na-telegram-premium/
2026-05-06 07:15:04,389 [master] INFO   [FAKE] Этият болгула! Шылуундар жана Telegram Premium’га жазылууга «беле
2026-05-06 07:15:08,390 [master] INFO Scraping (55): https://factcheck.kg/ky/tak-li-velika-blagotvoritelnaya-deyatelnost-leo-messi-kak-o-nej-govoryat-proveryaem/
2026-05-06 07:15:09,553 [master] INFO   [REAL] Айтылгандай эле Лео Мессинин кайрымдуулук иштери ушунчалык зорбу?
2026-05-06 07:15:13,554 [master] INFO Scraping (56): https://factcheck.kg/ky/chto-takoe-czifrovye-prava-i-kak-oni-reguliruyutsya-v-kyrgyzstane/
2026-05-06 07:15:14,655 [master] INFO   [REAL] Санариптик укуктар деген эмне жана алар Кыргызстанда кантип жөнгө
2026-05-06 07:15:18,658 [master] INFO Scraping (57): https://factcheck.kg/ky/faktchek-ptichij-gripp-bet-po-evrope/
2026-05-06 07:15:19,794 [master] INFO   [REAL] Фактчек: Куш тумоосу Европада «күч алдыбы»?
2026-05-06 07:15:23,798 [master] INFO Scraping (58): https://factcheck.kg/ky/faktchek-kamchybek-tashiev-nosit-chasy-s-remeshkom-iz-kozhi-alligatora-stoimostyu-v-odnu-furu-gumpomoshhi/
2026-05-06 07:15:24,967 [master] INFO   [REAL] Фактчек: Камчыбек Ташиев боосу аллигатордун терисинен жасалган са
2026-05-06 07:15:28,968 [master] INFO Scraping (59): https://factcheck.kg/ky/fontan-za-6-5-mln-razbiraemsya-kakie-kompanii-zanimalis-ego-stroitelstvom/
2026-05-06 07:15:30,170 [master] INFO   [REAL] «Ак-Жол Нур» компаниясы жумушту убагында аткарбаганы үчүн бир кан
2026-05-06 07:15:34,177 [master] INFO Scraping (60): https://factcheck.kg/ky/ilon-mask-otpravil-kyrgyzstanku-v-kosmos-proveryaem/
2026-05-06 07:15:35,431 [master] INFO   [REAL] Кыргызстандык кыз космоско учту деген маалыматты текшеребиз
2026-05-06 07:15:39,435 [master] INFO Scraping (61): https://factcheck.kg/ky/fejk-pro-beremennuyu-devochku/
2026-05-06 07:15:40,653 [master] INFO   [FAKE] Боюнда бар кичинекей кыз тууралуу фейк
2026-05-06 07:15:44,664 [master] INFO Scraping (62): https://factcheck.kg/ky/faktchek-franczuzy-na-protestnyh-marshah-prizyvayut-ostanovit-vooruzhenie-ukrainy/
2026-05-06 07:15:45,684 [master] INFO   [REAL] Фактчек: Нааразылык марштарына чыккан француздар Украинага курал-
2026-05-06 07:15:49,687 [master] INFO Scraping (63): https://factcheck.kg/ky/imushhestvo-atambaeva-skolko-zemli-skryl-byvshij-prezident/
2026-05-06 07:15:50,872 [master] INFO   [REAL] Атамбаевдин жашырган мүлкү. Атайын иликтөө
2026-05-06 07:15:54,880 [master] INFO Scraping (64): https://factcheck.kg/ky/kakie-partii-povtorno-idut-na-vybory-v-bgk-i-chto-izvestno-o-novyh-sravnivaem-spiski/
2026-05-06 07:15:56,054 [master] INFO   [REAL] Шаардык кеңешке кайсы партиялар ат салышты? Текшеребиз
2026-05-06 07:16:00,066 [master] INFO Scraping (65): https://factcheck.kg/ky/oshibka-amerikanskih-kinematografistov-ili-fotomontazh-proveryaem/
2026-05-06 07:16:01,194 [master] INFO   [FAKE] Сүрөт монтажбы же америкалыктардын катасыбы? Текшеребиз
2026-05-06 07:16:05,198 [master] INFO Scraping (66): https://factcheck.kg/ky/elektronnoe-priglashenie-na-vojnu-eto-kosnetsya-vseh-kyrgyzstanczev-s-rossijskim-grazhdanstvom/
2026-05-06 07:16:06,510 [master] INFO   [REAL] Согушка электрондук чакыруу. Ал орусиянын жарандыгы бар бардык кы
2026-05-06 07:16:10,518 [master] INFO Scraping (67): https://factcheck.kg/ky/z-propaganda-sozdaet-fejkovyh-mankurtov-v-kyrgyzstane/
2026-05-06 07:16:11,702 [master] INFO   [FAKE] Z-пропаганда Кыргызстанда фейк “маңкурттарды” жаратып келет
2026-05-06 07:16:15,716 [master] INFO Scraping (68): https://factcheck.kg/ky/telefonnye-moshenniki-s-solomonovyh-ostrovov-ne-fejk-proveryaem/
2026-05-06 07:16:16,955 [master] INFO   [REAL] Телефон шылуундары тууралуу билдирүүлөрдү текшеребиз
2026-05-06 07:16:20,956 [master] INFO Scraping (69): https://factcheck.kg/ky/faktchek-na-foto-kamchybeka-tashieva-ryadom-dejstvitelno-stoyat-kostyli/
2026-05-06 07:16:22,354 [master] INFO   [REAL] Фактчек: Камчыбек Ташиевдин сүрөтүндө жанында чын эле балдактар т
2026-05-06 08:41:17,707 [master] INFO Scraping (70): https://factcheck.kg/ky/2022/10/
2026-05-06 08:41:19,371 [master] INFO   [REAL] Month:October 2022
2026-05-06 08:41:23,373 [master] INFO Scraping (71): https://factcheck.kg/ky/fejk-pro-malchika-musulmanina-izbitogo-kitajczami/
2026-05-06 08:41:24,935 [master] INFO   [FAKE] Кытайлыктар тарабынан сабалган мусулман бала тууралуу видео – ФЕЙ
2026-05-06 08:41:28,937 [master] INFO Scraping (72): https://factcheck.kg/ky/sozdateli-partii-ishenim-sovetniki-sadyra-zhaparova-chinovniki-i-krupnye-biznesmeny/
2026-05-06 08:41:30,212 [master] INFO   [REAL] Партия тууралуу дагы бир кызыктуу факт: “Ишенимдин” шайлоо фонду 
2026-05-06 08:41:34,221 [master] INFO Scraping (73): https://factcheck.kg/ky/angela-merkel-uverena-chto-prochnyj-mir-v-evrope-nevozmozhen-bez-rossii-proveryaem/
2026-05-06 08:41:36,425 [master] INFO   [REAL] Ангела Меркель Европада тынчтыкты Орусиясыз орнотуу мүмкүн эмес д
2026-05-06 08:41:40,431 [master] INFO Scraping (74): https://factcheck.kg/ky/vnimanie-moshenniki-kompaniya-shoro-ne-provodit-rozygryshej-denezhnyh-prizov-v-svyazi-s-ramazanom/
2026-05-06 08:41:41,676 [master] INFO   [REAL] Абайлагыла шылуундар! “Шоро” компаниясы Рамазанга карата акчалай 
2026-05-06 08:41:45,681 [master] INFO Scraping (75): https://factcheck.kg/ky/2021/01/
2026-05-06 08:41:46,749 [master] INFO   [UNCERTAIN] Month:January 2021
2026-05-06 08:41:50,762 [master] INFO Scraping (76): https://factcheck.kg/ky/v-kitae-sozdali-gmo-detej-proveryaem/
2026-05-06 08:41:51,939 [master] INFO   [REAL] Кытайда “ГМО-балдарды” өстүрүштүбү? Текшеребиз
2026-05-06 08:41:55,940 [master] INFO Scraping (77): https://factcheck.kg/ky/2020/11/
2026-05-06 08:41:57,140 [master] INFO   [UNCERTAIN] Month:November 2020
2026-05-06 08:42:01,148 [master] INFO Scraping (78): https://factcheck.kg/ky/dzhamilya-dzhamanbaeva-novyj-ombudsmen-no-kakie-kandidaty-ballotirovalis-na-etot-post/
2026-05-06 08:42:02,326 [master] INFO   [REAL] Жамиля Жаманбаева – жаңы акыйкатчы, бул кызматка дагы ким талапке
2026-05-06 08:42:06,332 [master] INFO Scraping (79): https://factcheck.kg/ky/pravda-li-chto-v-latvii-zapretili-prazdnovat-den-pobedy/
2026-05-06 08:42:07,493 [master] INFO   [REAL] 2004-жылы Латвия Евробиримдикке мүчө болуп кирип, “Европа күнү” к
2026-05-06 08:42:11,501 [master] INFO Scraping (80): https://factcheck.kg/ky/kyrgyz-tashievdin-hansarajy-tuuraluu-5-fakt/
2026-05-06 08:42:12,742 [master] INFO   [REAL] «Үй Кыдырша Ташиев 31-көчөсүндө жайгашкан […] Ал жерге атам үй са
2026-05-06 08:42:16,758 [master] INFO Scraping (81): https://factcheck.kg/ky/prezident-sadyr-zhaparov-skryl-v-deklaraczii-biznes-suprugi/
2026-05-06 08:42:18,038 [master] INFO   [REAL] Президент Садыр Жапаров декларацияда жубайынын бизнесин көрсөткөн
2026-05-06 08:42:22,051 [master] INFO Scraping (82): https://factcheck.kg/ky/videochek-devushka-hotela-sdelat-selfi-i-upala-v-lavu/
2026-05-06 08:42:23,317 [master] INFO   [REAL] Видеочек: Кыз селфи кылам деп лавага кулап кеттиби?
2026-05-06 08:42:27,323 [master] INFO Scraping (83): https://factcheck.kg/ky/faktchek-dzhordzh-soros-platil-bolee-chem-200-mirovyh-smi-dlya-vygodnogo-osveshheniya-sobytij/
2026-05-06 08:42:28,509 [master] INFO   [FAKE] «253 ЖМК тарабынан дүйнөлүк окуялар ал каалагандай нукта чагылдыр
2026-05-06 08:42:32,524 [master] INFO Scraping (84): https://factcheck.kg/ky/shahmatnyj-rasizm-manipulyacziya/
2026-05-06 08:42:33,614 [master] INFO   [REAL] Шахматтагы расизм эмес, чынында манипуляция
2026-05-06 08:42:37,629 [master] INFO Scraping (85): https://factcheck.kg/ky/arstanbek-abdyldaev-v-2020-godu-ischez-lozhnyj-mir-otkrylas-doroga-pravdivogo-mira-nedokazuemo/
2026-05-06 08:42:38,694 [master] INFO   [FAKE] Арстанбек Абдылдаев: “2020-жылдан баштап жалган дүйнөнүн жолу жаб
2026-05-06 08:42:42,695 [master] INFO Scraping (86): https://factcheck.kg/ky/fotochek-ukrainskij-politik-ispolzoval-fejkovoe-foto-v-novosti-o-sbitom-rossijskom-samolete/
2026-05-06 08:42:43,844 [master] INFO   [REAL] Украиналык саясатчы орусиялык учак тууралуу билдирүүсүндө фейк сү
2026-05-06 08:42:47,845 [master] INFO Scraping (87): https://factcheck.kg/ky/voditel-shirshova-chto-izvestno-o-budushhem-ministre-czifrovogo-razvitiya/
2026-05-06 08:42:49,048 [master] INFO   [REAL] Ширшовдун айдоочусу болгон жаңы министр тууралуу эмне белгилүү?
2026-05-06 08:42:53,065 [master] INFO Scraping (88): https://factcheck.kg/ky/babyrzhan-tolbaev-kyrgyzstan-v-rejtinge-korrupczii-nahoditsya-na-126-meste-pravda/
2026-05-06 08:42:54,121 [master] INFO   [UNCERTAIN] Бабыржан Төлбаев: Кыргызстан коррупция рейтингинде 126-орунда тур
2026-05-06 08:42:58,123 [master] INFO Scraping (89): https://factcheck.kg/ky/razzhigala-li-ajzhan-myrsalieva-mezhnaczionalnuyu-rozn-faktchek/
2026-05-06 08:42:59,498 [master] INFO   [REAL] “Биз Совет доорун жек көргөнүбүз менен, дал ошол Совет доору көп 
2026-05-06 08:43:03,502 [master] INFO Scraping (90): https://factcheck.kg/ky/chingiz-ajtmatov-ezdil-na-mazda-cronos-proveryaem/
2026-05-06 08:43:04,563 [master] INFO   [REAL] «Айтматов өзүнүн “Ягуары” менен Голландия, Бельгия, Германия, Авс
2026-05-06 08:43:08,574 [master] INFO Scraping (91): https://factcheck.kg/ky/fejkovaya-informacziya-i-pochemu-eyu-delyatsya/
2026-05-06 08:43:09,808 [master] INFO   [FAKE] Жалган маалымат жана эмне үчүн эл аны менен бөлүшөт?
2026-05-06 08:43:13,809 [master] INFO Scraping (92): https://factcheck.kg/ky/kaliforniya-obyavila-defolt-proveryaem/
2026-05-06 08:43:15,037 [master] INFO   [REAL] Калифорния дефолт жарыяладыбы? Текшеребиз
2026-05-06 08:43:19,039 [master] INFO Scraping (93): https://factcheck.kg/ky/kyrgyz-elektoratty-zhalgan-czifralar-menen-aldoo-3-b%d3%a9l%d2%afm/
2026-05-06 08:43:20,101 [master] INFO   [UNCERTAIN] Электоратты жалган цифралар менен алдоо. 3-Бөлүм
2026-05-06 08:43:24,104 [master] INFO Scraping (94): https://factcheck.kg/ky/taliban-prizval-kyrgyzstan-i-tadzhikistan-reshit-konflikt-mirnym-putem-proveryaem/
2026-05-06 08:43:25,523 [master] INFO   [REAL] “Талибан” Кыргызстан менен Тажикстанды арачалаганы чынбы? Текшере
2026-05-06 08:43:29,529 [master] INFO Scraping (95): https://factcheck.kg/ky/neizvestnoe-sushhestvo-vladeet-boevymi-iskusstvami/
2026-05-06 08:43:30,721 [master] INFO   [FAKE] Адамга айбат көрсөткөн белгисиз жандык
2026-05-06 08:43:34,723 [master] INFO Scraping (96): https://factcheck.kg/ky/foto-chek-kogda-byl-sdelan-snimok-brata-sadyra-zhaparova-s-zolotom/
2026-05-06 08:43:35,880 [master] INFO   [REAL] Фото-чек: Садыр Жапаровдун бир тууганынын алтын менен түшкөн сүрө
2026-05-06 08:43:39,881 [master] INFO Scraping (97): https://factcheck.kg/ky/2018/06/
2026-05-06 08:43:40,957 [master] INFO   [REAL] Month:June 2018
2026-05-06 08:43:44,973 [master] INFO Scraping (98): https://factcheck.kg/ky/2018/10/
2026-05-06 08:43:46,231 [master] INFO   [UNCERTAIN] Month:October 2018
2026-05-06 08:43:50,233 [master] INFO Scraping (99): https://factcheck.kg/ky/2018/11/
2026-05-06 08:43:51,306 [master] INFO   [UNCERTAIN] Month:November 2018
2026-05-06 08:43:55,321 [master] INFO Scraping (100): https://factcheck.kg/ky/2020/09/
2026-05-06 08:43:56,546 [master] INFO   [FAKE] Month:September 2020
2026-05-06 08:44:00,558 [master] INFO Scraping (101): https://factcheck.kg/ky/2020/01/
2026-05-06 08:44:01,669 [master] INFO   [REAL] Month:January 2020
2026-05-06 08:44:05,670 [master] INFO Scraping (102): https://factcheck.kg/ky/kyrgyz-t%d2%afrkiya-turisttik-sezondu-majda-achary-chyn-birok-algach-ichki-turizmge-gana-uruksat-berilet/
2026-05-06 08:44:06,952 [master] INFO   [REAL] Түркия туристтик сезонду майда ачары чын. Бирок, алгач ички туриз
2026-05-06 08:44:10,955 [master] INFO Scraping (103): https://factcheck.kg/ky/videochek-nlo-nad-cholpon-atoj-pravda-ili-net/
2026-05-06 08:44:12,164 [master] INFO   [FAKE] Видеочек: Чолпон-Атанын үстүндө БУО – чынбы же калппы?
2026-05-06 08:44:16,165 [master] INFO Scraping (104): https://factcheck.kg/ky/voz-prizvala-ves-mir-gotovitsya-k-smertelnoj-pandemii-strashnee-covid-19-proveryaem/
2026-05-06 08:44:17,268 [master] INFO   [REAL] “Андан да коркунучтуу жаңы патогендин пайда болушунун коркунучу с
2026-05-06 08:44:21,280 [master] INFO Scraping (105): https://factcheck.kg/ky/kak-izmenyalsya-uroven-doveriya-grazhdan-k-gosorganam/
2026-05-06 08:44:22,611 [master] INFO   [UNCERTAIN] Жарандардын маморгандарга ишеним деңгээли кандай өзгөрдү?
2026-05-06 08:44:26,612 [master] INFO Scraping (106): https://factcheck.kg/ky/kak-minprirody-uluchshilo-kachestvo-vozduha-v-bishkeke-videochek/
2026-05-06 08:44:27,791 [master] INFO   [REAL] Кантип Жаратылыш ресурстар министрлиги Бишкектин абасын «жакшырты
2026-05-06 08:44:31,808 [master] INFO Scraping (107): https://factcheck.kg/ky/kanybek-imanaliev-segodnya-po-dannym-pisa-my-zanimaem-62-mesto-lozh/
2026-05-06 08:44:32,951 [master] INFO   [REAL] Каныбек Иманалиев: Бүгүнкү күндө PISA боюнча Кыргызстан 62-орунду
2026-05-06 08:44:36,953 [master] INFO Scraping (108): https://factcheck.kg/ky/v-bgk-prohodit-kandidat-kotorogo-uzhe-lishali-mandata-za-dvojnoe-grazhdanstvo/
2026-05-06 08:44:38,153 [master] INFO   [REAL] 2018-жылдын 13-декабрында Россия Федерациясынын Юстиция министрли
2026-05-06 08:44:42,156 [master] INFO Scraping (109): https://factcheck.kg/ky/volodin-poobeshhal-udalit-aktrisu-brylsku-iz-filma-ironiya-sudby-nepravda/
2026-05-06 08:44:43,360 [master] INFO   [UNCERTAIN] “Ирония судьбы” тасмасынан Барбара Брыльсканы алып салуу демилгес
2026-05-06 08:44:47,361 [master] INFO Scraping (110): https://factcheck.kg/ky/bolezn-x-mozhet-vyzvat-smertej-v-20-raz-bolshe-chem-pandemiya-koronavirusa-proveryaem/
2026-05-06 08:44:48,631 [master] INFO   [REAL] «X оорусу» таажычан вирустун пандемиясына салыштырмалуу 20 эсе кө
2026-05-06 08:44:52,633 [master] INFO Scraping (111): https://factcheck.kg/ky/polet-prezidenta-v-shotlandiyu-obojdetsya-primerno-v-19-8-mln-somov/
2026-05-06 08:44:53,752 [master] INFO   [REAL] Президенттин Шотландияга болгон сапарына болжол менен 19.8 млн со
2026-05-06 08:44:57,756 [master] INFO Scraping (112): https://factcheck.kg/ky/imya-mera-bishkeka-nochyu-ischezlo-iz-registraczionnyh-dokumentov-ego-strojkompanii/
2026-05-06 08:44:59,214 [master] INFO   [REAL] “Менин юристтерим Юстиция министрлигине тиешелүү документтерди та
2026-05-06 08:45:03,217 [master] INFO Scraping (113): https://factcheck.kg/ky/mozhet-li-perecz-chili-prodlit-zhizn-cheloveka-ne-dokazano/
2026-05-06 08:45:04,358 [master] INFO   [REAL] Чили калемпири адам өмүрүн узартабы?
2026-05-06 08:45:08,361 [master] INFO Scraping (114): https://factcheck.kg/ky/faktchek-novyj-mer-g-karakol-dejstvitelno-zyat-prezidenta-kr/
2026-05-06 08:45:09,583 [master] INFO   [REAL] Фактчек. Каракол шаарынын жаңы мэри КР Президентинин агасынын күй
2026-05-06 08:45:13,588 [master] INFO Scraping (115): https://factcheck.kg/ky/masterskaya-po-faktcheku-v-almaty-s-30-noyabrya-po-2-dekabrya/
2026-05-06 08:45:14,764 [master] INFO   [UNCERTAIN] (Русский) Мастерская по фактчеку в Алматы с 30 ноября по 2 декабр
2026-05-06 08:45:18,766 [master] INFO Scraping (116): https://factcheck.kg/ky/vlasti-polshi-nachali-proveryat-bomboubezhishha-v-strane-proveryaem/
2026-05-06 08:45:19,920 [master] INFO   [REAL] Польшанын бийлиги бомбадан баш калкалоочу жайларды текшере баштад
2026-05-06 08:45:23,922 [master] INFO Scraping (117): https://factcheck.kg/ky/kontent-analiz-o-chem-pisal-ia-sputnik-tadzhikistana-i-kyrgyzstana-v-pervyj-den-prigranichnogo-konflikta/
2026-05-06 08:45:25,236 [master] INFO   [REAL] Контент-талдоо: чек ара жаңжалынын биринчи күнү Тажикстандын жана
2026-05-06 08:45:29,244 [master] INFO Scraping (118): https://factcheck.kg/ky/shyolkovye-maski-luchshe-zashhishhayut-ot-koronavirusa-dazhe-posle-stirki-pravda/
2026-05-06 08:45:30,452 [master] INFO   [FAKE] Жибектен тигилген беткаптар коронавирустан жакшы коргойбу?
2026-05-06 08:45:34,465 [master] INFO Scraping (119): https://factcheck.kg/ky/ulukbek-kochkorov-evropa-pokupaet-gaz-za-120-a-my-za-220-polupravda/
2026-05-06 08:45:35,634 [master] INFO   [REAL] Улукбек Кочкоров: Европа газды 120 долларга сатып алат, биз 220 д
2026-05-06 08:45:39,637 [master] INFO Scraping (120): https://factcheck.kg/ky/kak-propaganda-vliyaet-na-myshlenie-i-mozhno-li-s-nej-borotsya/
2026-05-06 08:45:40,830 [master] INFO   [REAL] Пропаганда адамдын ой жүгүртүүсүнө кандай таасир этет жана аны ме
2026-05-06 08:45:44,831 [master] INFO Scraping (121): https://factcheck.kg/ky/bajterek-vs-zhumanazarov-v-pervonachalnom-spiske-sostava-delegaczii-ne-bylo-ni-odnogo-iz-nih/
2026-05-06 08:45:46,038 [master] INFO   [REAL] Байтерек менен Жуманазаровдун манипуляциясы: алгачкы тизмекти тек
2026-05-06 08:45:50,040 [master] INFO Scraping (122): https://factcheck.kg/ky/soznatelnoe-unizhenie-zhenshhin-ili-obychnyj-religioznyj-obryad/
2026-05-06 08:45:51,165 [master] INFO   [REAL] Аялдарды атайлап басынтуубу же диний ырымбы?
2026-05-06 08:45:55,172 [master] INFO Scraping (123): https://factcheck.kg/ky/sovpadenie-na-96-deputat-gulshat-asylbaeva-skopirovala-eshhyo-odin-zakon-s-rossijskogo/
2026-05-06 08:45:56,397 [master] INFO   [FAKE] Депутаттын плагиаты. Россиялык мыйзамдын кезектеги көчүрмөсү
2026-05-06 08:46:00,400 [master] INFO Scraping (124): https://factcheck.kg/ky/videofejk-s-afganskimi-boevikami-napravlyayushhimisya-v-isfaru/
2026-05-06 08:46:01,603 [master] INFO   [FAKE] Афган согушкерлеринин Исфарага жөнөгөнү тууралуу тасма – фейк
2026-05-06 08:46:05,604 [master] INFO Scraping (125): https://factcheck.kg/ky/kyrgyzstan-otkazyvalsya-ot-peregovorov-s-tadzhikskoj-storonoj-nepravda/
2026-05-06 08:46:06,809 [master] INFO   [REAL] Кыргызстан тажик тарап менен сүйлөшүүлөрдөн качып жаттыбы? Калп
2026-05-06 08:46:10,825 [master] INFO Scraping (126): https://factcheck.kg/ky/hronologiya-za-15-let-kto-prodaet-ugol-na-tecz-bishkeka-pod-imenami-raznyh-firm-uzhe-mnogo-let/
2026-05-06 08:46:11,958 [master] INFO   [REAL] 15 жылдын хронологиясы: Ким башка фирмалардын атын жамынып көп жы
2026-05-06 08:46:15,959 [master] INFO Scraping (127): https://factcheck.kg/ky/luchshij-vtoroj-pasport-dlya-grazhdan-rf-kyrgyzskij-kak-i-za-skolko-prodayut-grazhdanstvo-kr/
2026-05-06 08:46:17,434 [master] INFO   [REAL] “СССР аймагында төрөлгөн жана жашаган Орусия Федерациясынын каала
2026-05-06 08:46:21,435 [master] INFO Scraping (128): https://factcheck.kg/ky/raspylenie-neizvestnogo-veshhestva-po-nocham-eto-ne-v-kyrgyzstane/
2026-05-06 08:46:22,848 [master] INFO   [REAL] Көчөгө белгисиз зат чачылган тасма Кыргызстанда тартылган эмес
2026-05-06 08:46:26,851 [master] INFO Scraping (129): https://factcheck.kg/ky/kozlenok-mutant-ili-videofejk-proveryaem/
2026-05-06 08:46:28,006 [master] INFO   [REAL] Мутант-улакпы же видеофейкпи? Текшеребиз
2026-05-06 08:46:32,007 [master] INFO Scraping (130): https://factcheck.kg/ky/2019/10/
2026-05-06 08:46:33,285 [master] INFO   [UNCERTAIN] Month:October 2019
2026-05-06 08:46:37,289 [master] INFO Scraping (131): https://factcheck.kg/ky/prezidentskij-detskij-sad-pokupaet-proektor-za-570-tysyach-somov/
2026-05-06 08:46:38,512 [master] INFO   [REAL] Президенттик бала бакча 570 миң сомго проектор сатып алгысы келет
2026-05-06 08:46:42,524 [master] INFO Scraping (132): https://factcheck.kg/ky/manipulyacziya-cziframi-o-dolge-strany-oshibka-ili-soznatelnyj-populizm/
2026-05-06 08:46:43,714 [master] INFO   [REAL] Ѳлкөнүн карызы тууралуу маалымат бурмаландыбы?
2026-05-06 08:46:47,716 [master] INFO Scraping (133): https://factcheck.kg/ky/sultanbekov-zayavil-chto-vneshnij-dolg-za-god-vyros-na-950-mln-proveryaem/
2026-05-06 08:46:48,964 [master] INFO   [REAL] Өлкөнүн тышкы карызы бир жылда 950 млн долларга өстүбү? Текшереби
2026-05-06 08:46:52,973 [master] INFO Scraping (134): https://factcheck.kg/ky/pravda-chto-v-koree-sorevnuyutsya-po-nichegonedelaniyu/
2026-05-06 08:46:54,154 [master] INFO   [REAL] Түштүк Кореяда бекерчилик боюнча таймаш уюштурулганы чынбы?
2026-05-06 08:46:58,155 [master] INFO Scraping (135): https://factcheck.kg/ky/2018/08/
2026-05-06 08:46:59,271 [master] INFO   [UNCERTAIN] Month:August 2018
2026-05-06 08:47:03,275 [master] INFO Scraping (136): https://factcheck.kg/ky/panorama-pub-fejki-radi-shutki/
2026-05-06 08:47:04,364 [master] INFO   [REAL] Panorama.pub – тамаша фейктер
2026-05-06 08:47:08,366 [master] INFO Scraping (137): https://factcheck.kg/ky/foto-chek-ukrainskih-bezhenczev-hoteli-razmestit-v-byvshem-naczistskom-konczlagere/
2026-05-06 08:47:09,536 [master] INFO   [FAKE] Фото-чек: Украин качкындарын мурунку улутчул концлагерде жашоого 
2026-05-06 08:47:13,537 [master] INFO Scraping (138): https://factcheck.kg/ky/bogatye-amerikanczy-hotyat-obuchat-svoih-detej-po-sovetskim-uchebnikam-matematiki-proveryaem/
2026-05-06 08:47:14,648 [master] INFO   [REAL] Бай америкалыктар балдарын математикага советтик окуу китептерин 
2026-05-06 08:47:18,650 [master] INFO Scraping (139): https://factcheck.kg/ky/vtoraya-popytka-alkogolnoj-monopolii-gosudarstva-nachalas-s-zaderzhanij-i-podarkov-rassledovanie-analitika/
2026-05-06 08:47:20,006 [master] INFO   [REAL] Ошентип фирманын өлкөсү жана анын расмий ээлери – белгисиз. Ачык 
2026-05-06 08:47:24,007 [master] INFO Scraping (140): https://factcheck.kg/ky/obuv-i-plastikovye-izdeliya-na-milliony-dollarov-kak-rossiya-obhodit-sankczii-cherez-kyrgyzstan/
2026-05-06 08:47:25,417 [master] INFO   [REAL] “Бул субпозицияларга кыймылдуу бөлүктөрү жана алынуучу кийимдери 
2026-05-06 08:47:29,428 [master] INFO Scraping (141): https://factcheck.kg/ky/imushhestvo-po-vygodnoj-czene-otkrytye-aukcziony-sudebnogo-departamenta-dostupny-ne-dlya-vseh/
2026-05-06 08:47:30,727 [master] INFO   [REAL] Сот департаментинин аукционундагы мүчүлүштүк
2026-05-06 08:47:34,728 [master] INFO Scraping (142): https://factcheck.kg/ky/faktchek-v-afganistane-proizoshla-vspyshka-neizvestnogo-zabolevaniya/
2026-05-06 08:47:35,977 [master] INFO   [REAL] Фактчек: Ооганстанда белгисиз оорунун очогу пайда болдубу?
2026-05-06 08:47:39,979 [master] INFO Scraping (143): https://factcheck.kg/ky/v-afrike-najdeno-plemya-lyudoedov-govoryashhih-na-chistejshem-russkom-yazyke-nepravda/
2026-05-06 08:47:41,080 [master] INFO   [REAL] “Биздин жаңылыктарыбыздагы каармандар жана окуялар биздин гана ма
2026-05-06 08:47:45,082 [master] INFO Scraping (144): https://factcheck.kg/ky/kto-ozvuchival-skandalnoe-video-o-bolote-temirove-utverzhdaetsya-chto-eto-zhurnalist-telekanala-region/
2026-05-06 08:47:46,339 [master] INFO   [REAL] Болот Темиров тууралуу чуулгандуу видеодогу үн “Регион” телеканал
2026-05-06 08:47:50,341 [master] INFO Scraping (145): https://factcheck.kg/ky/faktchek-voz-ne-zayavlyal-o-tom-chto-pandemii-koronavirusa-net/
2026-05-06 08:47:51,563 [master] INFO   [FAKE] Дүйнөлүк саламаттык сактоо уюму коронавирус пандемиясы жок деп би
2026-05-06 08:47:55,565 [master] INFO Scraping (146): https://factcheck.kg/ky/issyk-atinskij-razlom-naskolko-opasno-stroit-doma-v-yuzhnoj-chasti-stoliczy/
2026-05-06 08:47:56,806 [master] INFO   [REAL] Ысык-Ата жаракасы: борбор калаанын түштүк жагында үйлөрдү салуу к
2026-05-06 08:48:00,808 [master] INFO Scraping (147): https://factcheck.kg/ky/kyrgyz-prezidenttin-nasyya-tuuraluu-ajtkany-chyndykka-dal-kelbejt-faktchek/
2026-05-06 08:48:02,067 [master] INFO   [REAL] Президенттин насыя тууралуу айтканы чындыкка дал келбейт. Фактчек
2026-05-06 08:48:06,080 [master] INFO Scraping (148): https://factcheck.kg/ky/redakczionnaya-politika/
2026-05-06 08:48:07,067 [master] INFO   [REAL] Редакциялык принциптер
2026-05-06 08:48:11,069 [master] INFO Scraping (149): https://factcheck.kg/ky/kyrgyz-bolot-temirov-menen-kamchybek-tashievdin-tireshinin-ma%d2%a3yzy/
2026-05-06 08:48:12,292 [master] INFO   [REAL] Журналист Ыдырыс Исаков Болот Темировдун каржы булактары тууралуу
2026-05-06 08:48:16,294 [master] INFO Scraping (150): https://factcheck.kg/ky/vrio-minobraza-mambetakunov-vladeet-alkokompaniej-podrobnosti-biografii/
2026-05-06 08:48:17,540 [master] INFO   [REAL] Билим министринин милдетин аткаруучу Мамбетакуновдун алкокомпания
2026-05-06 08:48:21,541 [master] INFO Scraping (151): https://factcheck.kg/ky/gknb-perepechatal-sovety-po-bezopasnosti-bez-ssylki-na-istochnik-tekst-na-100-plagiat/
2026-05-06 08:48:22,881 [master] INFO   [REAL] УКМКнын сайтындагы коопсуздук боюнча кеңеши 100% плагиат
2026-05-06 08:48:26,895 [master] INFO Scraping (152): https://factcheck.kg/ky/krupnye-biznesmeny-proshli-v-parlament-po-odnomandatnym-okrugam/
2026-05-06 08:48:27,991 [master] INFO   [REAL] Бир мандаттуу округдардан бажы кызматкерлери, бизнесмендер жана а
2026-05-06 08:48:31,992 [master] INFO Scraping (153): https://factcheck.kg/ky/10-manipulyaczij-i-lzhi-ot-sadyra-zhaparova-v-eksklyuzivnom-intervyu-kabaru/
2026-05-06 08:48:33,088 [master] INFO   [FAKE] 1.Билдирүү: Негизи мен жыргал жашоого көнгөн эмесмин.Мындан ары д
2026-05-06 08:48:37,104 [master] INFO Scraping (154): https://factcheck.kg/ky/franczuzskaya-kompaniya-namerena-pomoch-v-stroitelstve-kambaratinskoj-ges-1-chto-o-nej-izvestno/
2026-05-06 08:48:38,289 [master] INFO   [REAL] “2022-жылдын жыйынтыгына электр энергиясын өндүрүү көлөмүнүн азай
2026-05-06 08:48:42,297 [master] INFO Scraping (155): https://factcheck.kg/ky/urmat-nasykulov-reforma-v-ndpk-pyat-kandidatov-idut-iz-partii-birimdik/
2026-05-06 08:48:43,445 [master] INFO   [REAL] Урмат Насыкулов, “Реформа”: “Биримдиктин” 5 өкүлү КЭДП курамында
2026-05-06 08:48:47,447 [master] INFO Scraping (156): https://factcheck.kg/ky/faktchek-pentagon-dolzhen-byt-gotov-k-boyu-s-kitaem-uzhe-segodnya-vecherom/
2026-05-06 08:48:48,644 [master] INFO   [REAL] Фактчек: Пентагон Кытай менен согушка “бүгүн кечинде” эле даяр бо
2026-05-06 08:48:52,646 [master] INFO Scraping (157): https://factcheck.kg/ky/samyj-vysokij-pryzhok-v-istorii-pravda-ili-fejk/
2026-05-06 08:48:53,859 [master] INFO   [FAKE] Дүйнөдөгү “эң бийик” секирикти текшеребиз
2026-05-06 08:48:57,861 [master] INFO Scraping (158): https://factcheck.kg/ky/umerla-na-rukah-u-muzha-novost-o-smerti-8-letnej-devochki-v-jemene-pravda-ili-fejk/
2026-05-06 08:48:59,151 [master] INFO   [REAL] Андан көп өтпөй йемендик укук коргоочулар окуяны иликтегени жана 
2026-05-06 08:49:03,158 [master] INFO Scraping (159): https://factcheck.kg/ky/kyrgyz-akshda-tiktok-zhana-wechatka-b%d3%a9g%d3%a9t-koyulary-chyndyk/
2026-05-06 08:49:04,297 [master] INFO   [REAL] АКШда TikTok жана WeChatка бөгөт коюлары чындык
2026-05-06 08:49:08,301 [master] INFO Scraping (160): https://factcheck.kg/ky/boevye-batyushki-v-rossii-budut-gotovit-voennyh-svyashhennikov/
2026-05-06 08:49:09,484 [master] INFO   [REAL] “Согуш батюшкалары”: Орусияда аскердик диний кызматкерлерди даярд
2026-05-06 08:49:13,497 [master] INFO Scraping (161): https://factcheck.kg/ky/gulya-almambetova-zavershaetsya-proekt-na-22-mln-evro-stroitelstvo-sortirovochnogo-zavoda-ostanovleno-iz-za-pandemii/
2026-05-06 08:49:14,830 [master] INFO   [FAKE] Гуля Алмамбетова: таштанды сорттоочу заводун куруу иштери пандеми
2026-05-06 08:49:18,832 [master] INFO Scraping (162): https://factcheck.kg/ky/czitaty-chek-iosif-stalin-est-chelovek-est-problema-net-cheloveka-net-problemy/
2026-05-06 08:49:20,029 [master] INFO   [REAL] Цитата-чек. «Адам жок болсо – көйгөй да жок» деп Иосиф Сталин айт
2026-05-06 08:49:24,031 [master] INFO Scraping (163): https://factcheck.kg/ky/minzdrav-kr-utverzhdaet-chto-ospa-obezyan-aerozolnaya-infekcziya-proveryaem/
2026-05-06 08:49:25,387 [master] INFO   [REAL] КР Саламаттык сактоо министрлиги маймыл чечегин аэрозолдук инфекц
2026-05-06 08:49:29,394 [master] INFO Scraping (164): https://factcheck.kg/ky/shutku-adahana-madumarova-vydali-za-skandalnuyu-czitatu-dnya/
2026-05-06 08:49:30,643 [master] INFO   [REAL] Мадумаровдун “жарым-жартылай тамашасы” чуу жаратты
2026-05-06 08:49:34,645 [master] INFO Scraping (165): https://factcheck.kg/ky/kyrgyz-tro-ya-llc-pervaya-kompaniya-iz-kyrgyzstana-kotoraya-voshla-v-sankczionnyj-spisok-ssha-chto-o-nej-izvestno/
2026-05-06 08:49:35,899 [master] INFO   [REAL] АКШнын санкциялык тизмегине кирген компания тууралуу эмне белгилү
2026-05-06 08:49:39,903 [master] INFO Scraping (166): https://factcheck.kg/ky/germaniya-uvelichivaet-eksport-v-kyrgyzstan-kakie-tovary-na-pike-populyarnosti/
2026-05-06 08:49:41,115 [master] INFO   [REAL] «Орусия Украинага кол салгандан бери немис автоунааларынын жана з
2026-05-06 08:49:45,129 [master] INFO Scraping (167): https://factcheck.kg/ky/faktchek-sushhestvoval-li-dvuhgolovyj-velikan-iz-patagonii/
2026-05-06 08:49:46,270 [master] INFO   [REAL] Фактчек: Патагониялык эки баштуу алп болгонбу?
2026-05-06 08:49:50,273 [master] INFO Scraping (168): https://factcheck.kg/ky/tadzhikistan-poluchil-modernizirovannye-tanki-proveryaem/
2026-05-06 08:49:51,517 [master] INFO   [REAL] Министрликтин маалыматы боюнча, эскирген техникаларды алмаштыруу 
2026-05-06 08:49:55,531 [master] INFO Scraping (169): https://factcheck.kg/ky/v-soczsetyah-snova-rasprostranyaetsya-video-o-dushivshej-rebenka-vospitatelnicze/
2026-05-06 08:49:56,756 [master] INFO   [REAL] Учурда Кыргызстандын интернет айдыңында бул тасма кайрадан жайылд
2026-05-06 08:50:00,758 [master] INFO Scraping (170): https://factcheck.kg/ky/voz-obyavila-rossijskuyu-vakczinu-ot-koronavirusa-bezopasnoj-i-effektivnoj-nepravda/
2026-05-06 08:50:02,025 [master] INFO   [REAL] Россия вакцинасы коопсуз жана натыйжалуу деп таанылганы жалган
2026-05-06 08:50:06,028 [master] INFO Scraping (171): https://factcheck.kg/ky/chto-delaet-s-nami-kofe-zashhishhaet-mozg-ili-vyzyvaet-rak/
2026-05-06 08:50:07,122 [master] INFO   [REAL] Кофе ден-соолукту бекемдейби же рак илдетин козгойбу? Текшеребиз
2026-05-06 08:50:11,139 [master] INFO Scraping (172): https://factcheck.kg/ky/google-trends-rossiyane-nachali-aktivno-interesovatsya-kak-uehat-iz-strany/
2026-05-06 08:50:12,336 [master] INFO   [REAL] Google Trends: Орусиялыктар өлкөдөн чыгып кетүүгө аракет кыла баш
2026-05-06 08:50:16,362 [master] INFO Scraping (173): https://factcheck.kg/ky/v-rossii-gryadet-globalnaya-naczionalizacziya-proveryaem/
2026-05-06 08:50:17,535 [master] INFO   [REAL] Орусия глобалдуу улутташтыруунун алдында турабы? Текшеребиз
2026-05-06 08:50:21,537 [master] INFO Scraping (174): https://factcheck.kg/ky/soobshhenie-ob-otravlennyh-maskah-fejk/
2026-05-06 08:50:22,891 [master] INFO   [FAKE] Ууланган маскалар тууралуу маалымат — фейк
2026-05-06 08:50:26,891 [master] INFO Scraping (175): https://factcheck.kg/ky/faktchek-franczuzy-vystraivayutsya-v-ochered-za-benzinom/
2026-05-06 08:50:28,041 [master] INFO   [REAL] Фактчек: Француздар бензинге кезекке туруп жатышабы?
2026-05-06 08:50:32,042 [master] INFO Scraping (176): https://factcheck.kg/ky/ssha-pytaetsya-vosstanovit-svoe-voennoe-prisutstvie-v-czentralnoj-azii-proveryaem/
2026-05-06 08:50:33,194 [master] INFO   [REAL] АКШ Орусияга Борбордук Азияда коркунуч жаратабы? Текшеребиз
2026-05-06 08:50:37,201 [master] INFO Scraping (177): https://factcheck.kg/ky/faktchek-zayavleniya-kitajskogo-posla-o-psevdonezavisimosti-postsovetskih-stran-kakie-dokumenty-dokazyvayut-ego-nepravotu/
2026-05-06 08:50:38,378 [master] INFO   [FAKE] “Мурдагы Советтер Союзунун курамындагы республикалар эл аралык ук
2026-05-06 08:50:42,430 [master] INFO Scraping (178): https://factcheck.kg/ky/https-factcheck-kg-ky-https-factcheck-kg-faktchek-smi-ne-nazyvali-sadyra-zhaparova-prezidentom-goda-ispravleno/
2026-05-06 08:50:43,648 [master] INFO   [REAL] Чет элдик ММКлар Жапаровду жылдын президенти атаганы тууралуу маа
2026-05-06 08:50:47,650 [master] INFO Scraping (179): https://factcheck.kg/ky/nlo-nad-karakolom-nepravda/
2026-05-06 08:50:48,783 [master] INFO   [FAKE] Белгисиз учуучу объект тартылган тасма — фейк
2026-05-06 08:50:52,786 [master] INFO Scraping (180): https://factcheck.kg/ky/2018/07/
2026-05-06 08:50:53,944 [master] INFO   [UNCERTAIN] Month:July 2018
2026-05-06 08:50:57,945 [master] INFO Scraping (181): https://factcheck.kg/ky/v-zagovore-protiv-chelovechestva-priznalsya-odin-iz-sozdatelej-vakcziny-ot-covid-19-proveryaem/
2026-05-06 08:50:59,004 [master] INFO   [REAL] COVID-19 вакцинасын жаратканардын бири адамзатка каршы экенин мою
2026-05-06 08:51:03,005 [master] INFO Scraping (182): https://factcheck.kg/ky/2023/02/
2026-05-06 08:51:04,033 [master] INFO   [UNCERTAIN] Month:February 2023
2026-05-06 08:51:08,035 [master] INFO Scraping (183): https://factcheck.kg/ky/s-rozhdestvom-coca-cola-daet-besplatnye-podarki-faktchek/
2026-05-06 08:51:09,232 [master] INFO   [UNCERTAIN] Эскертүү! Factcheck.kgмаалымат коопсуздугу үчүн бул кадамдарды ка
2026-05-06 08:51:13,234 [master] INFO Scraping (184): https://factcheck.kg/ky/v-filippinskih-korrupczionerov-mozhno-strelyat-pravda/
2026-05-06 08:51:14,496 [master] INFO   [REAL] Филиппин президенти элге жемкорлорду атууга уруксат берди
2026-05-06 08:51:18,498 [master] INFO Scraping (185): https://factcheck.kg/ky/kriterii-otbora-materiala-dlya-proverki/
2026-05-06 08:51:19,719 [master] INFO   [FAKE] Текшерүүдөн өтө турган материалдарды тандоо талаптары жана критер
2026-05-06 08:51:23,721 [master] INFO Scraping (186): https://factcheck.kg/ky/smi-tadzhikistana-myagko-osveshhali-prigranichnyj-konflikt-nepravda-ot-chinovnika-mid-rt/
2026-05-06 08:51:25,058 [master] INFO   [REAL] Тажикстандын ЖМКлары чек ара жаңжалын “аяр” чагылдырыштыбы? ТР ТИ
2026-05-06 08:51:29,059 [master] INFO Scraping (187): https://factcheck.kg/ky/minkultury-otklonilo-prosbu-eltr-o-blokirovke-sajta-politkliniki/
2026-05-06 08:51:30,251 [master] INFO   [REAL] Маданият министрлиги ЭлТРдин “ПолитКлиниканын” сайтын бөгөттөө өт
2026-05-06 08:51:34,253 [master] INFO Scraping (188): https://factcheck.kg/ky/kyrgyz-whatsapp-messenzherinin-medialar-%d2%afch%d2%afn-zha%d2%a3y-m%d2%afmk%d2%afnch%d2%afl%d2%afkt%d3%a9r%d2%af/
2026-05-06 08:51:35,491 [master] INFO   [FAKE] WhatsApp мессенжеринин медиалар үчүн жаңы мүмкүнчүлүктөрү
2026-05-06 08:51:39,493 [master] INFO Scraping (189): https://factcheck.kg/ky/nad-kaaboj-ne-sposobny-letat-samolety-i-pticzy-proveryaem/
2026-05-06 08:51:41,361 [master] INFO   [REAL] Каабанын үстүнөн учактар жана куштар учалбайбы? Текшеребиз
2026-05-06 08:51:45,364 [master] INFO Scraping (190): https://factcheck.kg/ky/kak-nami-manipuliruyut-vidy-dezinformaczii-i-sposoby-borby-s-nej/
2026-05-06 08:51:47,006 [master] INFO   [FAKE] Бизди кантип алдашат: жалган маалыматтардын түрлөрү жана алар мен
2026-05-06 08:51:51,008 [master] INFO Scraping (191): https://factcheck.kg/ky/kyrgyz-%e2%80%8broza-otunbaevany-ajyptagan-postko-zhaparovdun-akkauntunan-zhaktyruu-belgisi-koyulup-b%d3%a9l%d2%afsh%d2%aflg%d3%a9n%d2%af-chyndyk/
2026-05-06 08:51:52,469 [master] INFO   [REAL] Отунбаеваны айыптаган постко Жапаровдун аккаунтунан жактыруу белг
2026-05-06 08:51:56,471 [master] INFO Scraping (192): https://factcheck.kg/ky/dejstvitelno-li-v-mashine-proizoshel-pozhar-iz-za-kondiczionera-i-duhov/
2026-05-06 08:51:58,098 [master] INFO   [UNCERTAIN] Кондиционер менен атырдын кесепетинен чыккан өрт тууралуу видеону
2026-05-06 08:52:02,102 [master] INFO Scraping (193): https://factcheck.kg/ky/2021/05/
2026-05-06 08:52:03,597 [master] INFO   [REAL] Month:May 2021
2026-05-06 08:52:07,604 [master] INFO Scraping (194): https://factcheck.kg/ky/kyrgyz-mitinggestambul-chynynda-ele-5-million-adam-katyshkanby/
2026-05-06 08:52:09,144 [master] INFO   [REAL] МИТИНГГЕ(СТАМБУЛ) ЧЫНЫНДА ЭЛЕ 5 МИЛЛИОН АДАМ КАТЫШКАНБЫ?
2026-05-06 08:52:13,146 [master] INFO Scraping (195): https://factcheck.kg/ky/kyrgyzstanskie-soldaty-razrushili-doma-mirnyh-zhitelej-nepravda/
2026-05-06 08:52:14,794 [master] INFO   [UNCERTAIN] Кыргыз аскерлери жайкын тургундардын үйлөрүн талкаладыбы? Калп
2026-05-06 08:52:18,796 [master] INFO Scraping (196): https://factcheck.kg/ky/upravdelami-prezidenta-zakupit-60-planshetov-ekshn-kameru-i-mnogoe-drugoe-na-9-mln-somov/
2026-05-06 08:52:20,401 [master] INFO   [REAL] Калган каражат ар кандай аккумуляторлорго, кнопкаларга, жарык бер
2026-05-06 08:52:24,403 [master] INFO Scraping (197): https://factcheck.kg/ky/kyrgyz-faktchek-100-mi%d2%a3-somduk-boorsoktun-dajyny-zhok-tenderdegi-m%d2%afch%d2%afl%d2%afsht%d2%afk/
2026-05-06 08:52:26,035 [master] INFO   [UNCERTAIN] Фактчек: 100 миң сомдук боорсоктун дайыны жок. Тендердеги мүчүлүш
2026-05-06 08:52:30,037 [master] INFO Scraping (198): https://factcheck.kg/ky/kyrgyz-ichi-%d3%a9tk%d3%a9n-zhash-baldar-koronavirus-menen-oorujt-degen-maalymat-fejk/
2026-05-06 08:52:31,544 [master] INFO   [REAL] Ичи өткөн жаш балдар коронавирус менен ооруйт деген маалымат фейк
2026-05-06 08:52:35,546 [master] INFO Scraping (199): https://factcheck.kg/ky/kyrgyz-elektoratty-zhalgan-czifralar-menen-aldoo-1-b%d3%a9l%d2%afm/
2026-05-06 08:52:37,099 [master] INFO   [REAL] Электоратты жалган цифралар менен алдоо. 1-Бөлүм
2026-05-06 08:52:41,100 [master] INFO Scraping (200): https://factcheck.kg/ky/komissiya-oon-rossiya-sovershila-mnogo-voennyh-prestuplenij-v-ukraine-no-eto-ne-genoczid/
2026-05-06 08:52:42,642 [master] INFO   [REAL] БУУнун комиссиясы: Орусия Украинада көптөгөн согуш кылмыштарын жа
2026-05-06 08:52:46,647 [master] INFO Scraping (201): https://factcheck.kg/ky/aviakompaniya-medvuz-turagentstvo-chto-izvestno-o-novom-sovetnike-prezidenta/
2026-05-06 08:52:48,267 [master] INFO   [REAL] Авиакомпаниянын ээси президенттин кеңешчиси болуп дайындалды
2026-05-06 08:52:52,272 [master] INFO Scraping (202): https://factcheck.kg/ky/baktybek-kalmamatov-azattyk-kyrgyzstan-importozavisimyj-na-95-nepravda/
2026-05-06 08:52:53,798 [master] INFO   [REAL] Бактыбек Калмаматов, “Азаттык”: “Кыргызстанда импорт 95%ды түзөт”
2026-05-06 08:52:57,799 [master] INFO Scraping (203): https://factcheck.kg/ky/kyrgyz-aprel-tv-t-matsakovdun-orduna-a-beshimovdun-s%d2%afr%d3%a9t%d2%afn-k%d3%a9rs%d3%a9t%d2%afp-katuu-zha%d2%a3yldy/
2026-05-06 08:52:59,502 [master] INFO   [FAKE] “Апрель ТВ” Т. Матсаковдун ордуна А. Бешимовдун сүрөтүн көрсөтүп,
2026-05-06 08:53:03,505 [master] INFO Scraping (204): https://factcheck.kg/ky/v-kitae-iz-za-smeny-pogody-nasmert-zamerz-21-marafonecz-proveryaem/
2026-05-06 08:53:05,126 [master] INFO   [REAL] 21 runners have been confirmed dead after extreme weather hit an#
2026-05-06 08:53:09,136 [master] INFO Scraping (205): https://factcheck.kg/ky/mnogozhenecz-i-motivator-chto-izvestno-ob-inicziatorah-zakrytiya-fonda-soros-kyrgyzstan/
2026-05-06 08:53:10,832 [master] INFO   [REAL] Көп аялы бар жана мотиватор: “Сорос-Кыргызстан” фондунун жабылышы
2026-05-06 08:53:14,833 [master] INFO Scraping (206): https://factcheck.kg/ky/informacziya-o-postradavshih-detyah-vo-vremya-pogranichnogo-konflikta-fejk/
2026-05-06 08:53:16,358 [master] INFO   [FAKE] Чек ара чырынан жабыр тарткан балдар тууралуу маалымат – Фейк
2026-05-06 08:53:20,360 [master] INFO Scraping (207): https://factcheck.kg/ky/vybornyj-faktchek-kolichestvo-razvodov-i-detej-sirot-rastet-pravda/
2026-05-06 08:53:21,826 [master] INFO   [REAL] Ажырашуулардын жана жетим балдардын саны өсүүдө — чындык
2026-05-06 08:53:25,829 [master] INFO Scraping (208): https://factcheck.kg/ky/meder-aliev-ishenim-na-segodnya-tenevaya-ekonomika-po-oficzialnym-dannym-sostavlyaet-40-a-po-neoficzialnym-eshhe-bolshe-pravda/
2026-05-06 08:53:27,459 [master] INFO   [UNCERTAIN] Медер Алиев, “Ишеним”: “Расмий маалыматка ылайык, көмүскө экономи
2026-05-06 08:53:31,461 [master] INFO Scraping (209): https://factcheck.kg/ky/manipulyaczii-premer-ministra-s-cziframi-o-rabochih-mestah/
2026-05-06 08:53:33,003 [master] INFO   [REAL] Премьер-министр жумуш орундары тууралуу цифра менен манипуляция ж
2026-05-06 08:53:37,004 [master] INFO Scraping (210): https://factcheck.kg/ky/fotochek-unikalnye-fotografii-gigantskih-loshadej-ili-fotomontazh/
2026-05-06 08:53:38,546 [master] INFO   [FAKE] Фоточек: Алп жылкылардын уникалдуу сүрөттөрүбү же фотомонтажбы?
2026-05-06 08:53:42,547 [master] INFO Scraping (211): https://factcheck.kg/ky/skolko-chelovek-bylo-na-mitinge-protiv-korrupczii/
2026-05-06 08:53:44,238 [master] INFO   [REAL] #REакция митингине канча адам келди?
2026-05-06 08:53:48,239 [master] INFO Scraping (212): https://factcheck.kg/ky/ravshan-zheenbekov-v-mire-iz-20-razvityh-stran-17-schitayutsya-parlamentskimi-polupravda/
2026-05-06 08:53:49,793 [master] INFO   [REAL] Равшан Жээнбеков: Дүйнөдө 20 өнүккөн өлкөнүн 17синде парламенттик
2026-05-06 08:53:53,795 [master] INFO Scraping (213): https://factcheck.kg/ky/na-dvuh-stulyah-deputaty-vystupavshie-protiv-zapada-reshili-vstupit-v-gruppy-druzhby-s-parlamentami-ssha-i-kanady/
2026-05-06 08:53:55,303 [master] INFO   [REAL] “Бул мыйзамды кайра көтөрүп чыгып, аны комитетте экинчи окутууда 
2026-05-06 08:53:59,304 [master] INFO Scraping (214): https://factcheck.kg/ky/apparat-prezidenta-oboshelsya-byudzhetu-v-1-mlrd-somov-eto-v-sem-raz-bolshe-zaplanirovannogo/
2026-05-06 08:54:00,856 [master] INFO   [REAL] Президенттик Аппараттын чыгымдары 1 млрд сомдон ашык. Бул пландал
2026-05-06 08:54:04,857 [master] INFO Scraping (215): https://factcheck.kg/ky/2021/04/
2026-05-06 08:54:06,384 [master] INFO   [FAKE] Month:April 2021
2026-05-06 08:54:10,386 [master] INFO Scraping (216): https://factcheck.kg/ky/biznes-zulushevyh-chast-2-svyaz-s-eks-prokurorom/
2026-05-06 08:54:12,094 [master] INFO   [REAL] Зулушевдердин бизнеси, мурдагы прокурор менен байланышы
2026-05-06 08:54:16,094 [master] INFO Scraping (217): https://factcheck.kg/ky/dejstvitelno-li-kyrgyzstan-v-chernom-spiske-ssha/
2026-05-06 08:54:17,737 [master] INFO   [REAL] Кыргызстан АКШнын “кара тизмесине” түштүбү? Текшеребиз
2026-05-06 08:54:21,738 [master] INFO Scraping (218): https://factcheck.kg/ky/10558-2/
2026-05-06 08:54:23,420 [master] INFO   [REAL] Саякатчы чымчык. Фотомонтажбы же чындыкпы? Текшеребиз
2026-05-06 08:54:27,421 [master] INFO Scraping (219): https://factcheck.kg/ky/smertnost-privityh-ot-kovida-zashkalivaet-a-voz-peresmatrivayut-otnoshenie-k-vakczinaczii-proveryaem/
2026-05-06 08:54:29,120 [master] INFO   [REAL] “Журналисттердин пикиринде, бул тенденция азыркыга чейин сакталуу
2026-05-06 08:54:33,121 [master] INFO Scraping (220): https://factcheck.kg/ky/ural-motorcycles/
2026-05-06 08:54:34,503 [master] INFO   [REAL] “Урал” мотоциклинин өндүрүшү Казакстанга көчүрүлөбү? Текшеребиз
2026-05-06 08:54:38,504 [master] INFO Scraping (221): https://factcheck.kg/ky/opasnost-ne-otkryvajte-podobnye-soobshheniya/
2026-05-06 08:54:40,005 [master] INFO   [REAL] Factcheckkg ЭСКЕРТЕТ!!! Төмөнкүдөй билдирүүлөрдү ачпагыла!
2026-05-06 08:54:44,005 [master] INFO Scraping (222): https://factcheck.kg/ky/kitaj-ne-pustil-ekspertov-voz-polupravda/
2026-05-06 08:54:45,568 [master] INFO   [REAL] “Биз Кытай чиновниктеринин эксперттерге өлкөгө кирүү үчүн зарыл б
2026-05-06 08:54:49,569 [master] INFO Scraping (223): https://factcheck.kg/ky/kak-rossijskie-biznesmeny-kontroliruyut-sajt-zakupok-dlya-gospredpriyatij/
2026-05-06 08:54:51,184 [master] INFO   [REAL] Орусиялык ишкерлер мамлекеттик ишканалар үчүн сатып алуулар сайты
2026-05-06 08:54:55,186 [master] INFO Scraping (224): https://factcheck.kg/ky/2022/01/
2026-05-06 08:54:56,726 [master] INFO   [UNCERTAIN] Month:January 2022
2026-05-06 08:55:00,736 [master] INFO Scraping (225): https://factcheck.kg/ky/2021/03/
2026-05-06 08:55:02,204 [master] INFO   [FAKE] Month:March 2021
2026-05-06 08:55:06,205 [master] INFO Scraping (226): https://factcheck.kg/ky/dogovor-o-svobode-slova/
2026-05-06 08:55:07,783 [master] INFO   [REAL] СӨЗ ЭРКИНДИГИ БОЮНЧА КЕЛИШИМ
2026-05-06 08:55:11,785 [master] INFO Scraping (227): https://factcheck.kg/ky/chto-svyazyvaet-spikera-parlamenta-s-izvestnoj-peviczej/
2026-05-06 08:55:13,453 [master] INFO   [UNCERTAIN] Төрага менен Анжеликанын кандай байланышы бар?
2026-05-06 08:55:17,455 [master] INFO Scraping (228): https://factcheck.kg/ky/zatraty-na-predstavitelskie-rashody-i-komandirovki-deputatov-vyrosli-na-desyatki-millionov-somov-v-poslednie-gody/
2026-05-06 08:55:19,111 [master] INFO   [REAL] Акыркы жылдары депутаттардын чыгымдары ондогон миллион сомго өскө
2026-05-06 08:55:23,112 [master] INFO Scraping (229): https://factcheck.kg/ky/prezident-podelilsya-provokaczionnoj-informacziej-o-tekebaeve-proveryaem/
2026-05-06 08:55:24,514 [master] INFO   [REAL] Президент провокациялык маалыматты бөлүшкөн. Текшеребиз
2026-05-06 08:55:28,515 [master] INFO Scraping (230): https://factcheck.kg/ky/pravda-li-chto-vinogradom-sorta-shajn-muskat-kormyat-svinej/
2026-05-06 08:55:30,037 [master] INFO   [REAL] «Бул жылы күн розасына суроо-талап жок.»«Түшүм мол болду, бирок 2
2026-05-06 08:55:34,038 [master] INFO Scraping (231): https://factcheck.kg/ky/siriya-poluchila-ot-rossii-100-tysyach-tonn-psheniczy-ukradennoj-v-ukraine-proveryaem/
2026-05-06 08:55:35,627 [master] INFO   [REAL] Сирия Орусиядан Украинадан уурдалып чыккан 100 миң тонна буудайын
2026-05-06 08:55:39,628 [master] INFO Scraping (232): https://factcheck.kg/ky/czitaty-chek-bylo-li-vse-izobreteno-v-koncze-xix-veka-na-samom-dele/
2026-05-06 08:55:41,158 [master] INFO   [REAL] Ойлоп табылчу нерсенин баары XIX кылымда ишке ашканбы? Текшеребиз
2026-05-06 08:55:45,160 [master] INFO Scraping (233): https://factcheck.kg/ky/faktchek-pro-chernyh-vodolazov-na-issyk-kule/
2026-05-06 08:55:46,647 [master] INFO   [REAL] Фактчек. Ысык-Көлдөгү кара суучулдар тууралуу
2026-05-06 08:55:50,651 [master] INFO Scraping (234): https://factcheck.kg/ky/google-obvinili-v-vorovstve-dannyh-millionov-polzovatelej-dlya-obucheniya-svoih-instrumentov-ii-proveryaem/
2026-05-06 08:55:52,236 [master] INFO   [FAKE] Clarkson’дун сайтындакайрылуу жарыяланган: “Биз ЖИнин күчүнө ишен
2026-05-06 08:55:56,238 [master] INFO Scraping (235): https://factcheck.kg/ky/eksport-posudomoechnyh-mashin-iz-kyrgyzstana-v-rossiyu-vyros-na-26-tysyach-proczentov-i-sostavil-51-mln-vsego-za-pyat-mesyaczev-analiz-etoj-i-drugih-eksportnyh-anomalij/
2026-05-06 08:55:57,920 [master] INFO   [UNCERTAIN] Ошентип быйыл бул товардын экспорту 260 эсе же 25 854%га өскөн.
2026-05-06 08:56:01,922 [master] INFO Scraping (236): https://factcheck.kg/ky/ministr-bejshenaliev-britanskij-shtamm-virusa-bolee-opasen-ne-dokazano/
2026-05-06 08:56:03,490 [master] INFO   [UNCERTAIN] Бүгүнкү күндө вирустун жаңы штаммы мурдагыдан тез тарайт деген да
2026-05-06 08:56:07,492 [master] INFO Scraping (237): https://factcheck.kg/ky/dejstvitelno-li-est-svyaz-partii-zhanara-akaeva-s-matraimovymi/
2026-05-06 08:56:08,685 [master] INFO   [UNCERTAIN] Жанар Акаевдин партиясынын Матраимовдор менен байланышы барбы?
2026-05-06 08:56:12,686 [master] INFO Scraping (238): https://factcheck.kg/ky/publichnye-kazni-pedofilov-v-jemene-pravda-ili-popytka-napugat/
2026-05-06 08:56:13,936 [master] INFO   [REAL] Йеменде педофилдер өлтүрүлдү делген маалыматты текшеребиз
2026-05-06 08:56:17,937 [master] INFO Scraping (239): https://factcheck.kg/ky/bolee-80-akkauntov-podderzhivayushhih-matraimovyh-v-soczsetyah-fejkovye/
2026-05-06 08:56:19,485 [master] INFO   [FAKE] Соцтармактарда Матраимовдорду калкалагандардын 80%дан көбү – фейк
2026-05-06 08:56:23,487 [master] INFO Scraping (240): https://factcheck.kg/ky/sovetoval-li-lavrov-malahovu-izvinitsya-pered-vsem-narodom-kyrgyzstana-proveryaem-publikacziyu-v-soczsetyah/
2026-05-06 08:56:25,170 [master] INFO   [REAL] Лавров Малаховду кыргыз элинен кечирим суроого үндөдүбү? Текшереб
2026-05-06 08:56:29,171 [master] INFO Scraping (241): https://factcheck.kg/ky/za-chto-nadire-narmatovoj-dali-otlichnika-obrazovaniya-razbiraemsya/
2026-05-06 08:56:30,727 [master] INFO   [REAL] Ошентип Нарматова акыркы жолу билим берүү тармагында 1994-жылы иш
2026-05-06 08:56:34,728 [master] INFO Scraping (242): https://factcheck.kg/ky/telekanal-rossiya-1-pokazal-kadry-iz-umani-vydav-ih-za-obstrel-donbassa-ukrainskimi-boevikami/
2026-05-06 08:56:36,334 [master] INFO   [REAL] Өйдө жагында “Россия 1” телеканалында көрсөтүлгөн кадр, алдында У
2026-05-06 08:56:40,335 [master] INFO Scraping (243): https://factcheck.kg/ky/v-kieve-nachali-vosstanavlivat-doma-posle-obstrelov-proveryaem/
2026-05-06 08:56:41,916 [master] INFO   [REAL] Киевде аткылоодон кийин үйлөрдү калыбына келтире башташтыбы? Текш
2026-05-06 08:56:45,918 [master] INFO Scraping (244): https://factcheck.kg/ky/2025/01/
2026-05-06 08:56:47,264 [master] INFO   [UNCERTAIN] Month:January 2025
2026-05-06 08:56:51,265 [master] INFO Scraping (245): https://factcheck.kg/ky/2022/03/
2026-05-06 08:56:52,733 [master] INFO   [UNCERTAIN] Month:March 2022
2026-05-06 08:56:56,734 [master] INFO Scraping (246): https://factcheck.kg/ky/videochek-na-aviashou-stolknulis-dva-samoleta-vremen-vtoroj-mirovoj-vojny/
2026-05-06 08:56:58,264 [master] INFO   [REAL] Видеочек: Авиашоуда Экинчи дүйнөлүк согушка тиешеси бар эки учак 
2026-05-06 08:57:02,266 [master] INFO Scraping (247): https://factcheck.kg/ky/pervyj-kanal-lishili-akkreditaczii-v-belarusi-polupravda/
2026-05-06 08:57:03,802 [master] INFO   [REAL] Беларуста Биринчи канал аккредитациядан айрылды деген маалымат — 
2026-05-06 08:57:07,802 [master] INFO Scraping (248): https://factcheck.kg/ky/predprinimateli-iz-rossii-stali-registrirovat-svoi-kompanii-v-kyrgyzstane/
2026-05-06 08:57:09,428 [master] INFO   [REAL] Орусиялык ишкерлер компанияларын Кыргызстанда каттай башташты
2026-05-06 08:57:13,429 [master] INFO Scraping (249): https://factcheck.kg/ky/kakie-kresla-doma-u-izvestnoj-ekoaktivistki-grety-tunberg-proveryaem/
2026-05-06 08:57:15,015 [master] INFO   [FAKE] “Кымбат баалуу эмеректердин фонунда “уурдалган балалык” жана “уур
2026-05-06 08:57:19,016 [master] INFO Scraping (250): https://factcheck.kg/ky/elochnye-ukrasheniya-za-5-mln-somov-tendery-merii-vyigryvaet-odna-i-ta-zhe-kompaniya/
2026-05-06 08:57:20,609 [master] INFO   [REAL] Белгилей кетсек, “Аманат Транс” ЖЧКсы 2019-жылы жаңы жылдык балат
2026-05-06 08:57:24,611 [master] INFO Scraping (251): https://factcheck.kg/ky/my-ne-vstupim-v-etot-soyuz-govoril-shavkat-mirzieev-eto-ili-net-proveryaem/
2026-05-06 08:57:26,291 [master] INFO   [REAL] Ал эмиKun.uzөзбек басылмасы Мирзиеевдин сөзүн мындайча берген: «Б
2026-05-06 08:57:30,292 [master] INFO Scraping (252): https://factcheck.kg/ky/liczo-ranee-razyskivaemogo-sulajmanova-na-fotografii-ne-v-fokuse-ili-speczialno-razmyto-faktchek/
2026-05-06 08:57:31,870 [master] INFO   [REAL] Издөөдө жүргөн Сулаймановдун жүзү монтаждалганбы? Текшеребиз
2026-05-06 08:57:35,872 [master] INFO Scraping (253): https://factcheck.kg/ky/otkrytie-igornogo-biznesa-v-saudovskoj-aravii-proveryaem/
2026-05-06 08:57:37,482 [master] INFO   [REAL] Сауд Арабиясында кумаркана ачылганы чынбы? Текшеребиз
2026-05-06 08:57:41,484 [master] INFO Scraping (254): https://factcheck.kg/ky/kfc-ukrainskie-kurochki-dobro-pozhalovat-v-germaniyu-fejk-ili-pravda/
2026-05-06 08:57:43,003 [master] INFO   [REAL] KFC: “Украинанын тооктору, Германияга кош келиңиз”. Фейкпи же чын
2026-05-06 08:57:47,004 [master] INFO Scraping (255): https://factcheck.kg/ky/biznes-v-anglii-i-kyrgyzstane-chem-zanimayutsya-eks-partnery-maksima-bakieva/
2026-05-06 08:57:48,626 [master] INFO   [REAL] Максим Бакиевдин мурдагы өнөктөштөрү Кыргызстанда жана Англияда б
2026-05-06 08:57:52,630 [master] INFO Scraping (256): https://factcheck.kg/ky/marlen-mamataliev-yntymak-u-nas-net-nefti-i-gaza-u-nas-est-voda-nepravda/
2026-05-06 08:57:54,147 [master] INFO   [REAL] Марлен Маматалиев, “Ынтымак”: “Бизде нефть менен газ жок. Бизде с
2026-05-06 08:57:58,148 [master] INFO Scraping (257): https://factcheck.kg/ky/mozg-mozhet-raspoznavat-dipfejki-luchshe-chem-glaza-proveryaem/
2026-05-06 08:57:59,852 [master] INFO   [FAKE] Мээ көзгө караганда дипфейктерди жакшырак аныктай алабы? Текшереб
2026-05-06 08:58:03,854 [master] INFO Scraping (258): https://factcheck.kg/ky/ocherednoj-plagiat-mekenchil-el-skopirovala-programmu-u-edinoj-rossii-i-uzbekskoj-partii-adolat/
2026-05-06 08:58:05,519 [master] INFO   [REAL] “Мекенчил Эл” партиясы өзбекстандык жана россиялык партиялардын п
2026-05-06 08:58:09,521 [master] INFO Scraping (259): https://factcheck.kg/ky/atazov-v-uzbekistane-i-kazahstane-net-tiktok-proveryaem/
2026-05-06 08:58:11,118 [master] INFO   [REAL] Атазов: Өзбекстан менен Казакстанда TikTok жок. Текшеребиз
2026-05-06 08:58:15,120 [master] INFO Scraping (260): https://factcheck.kg/ky/2022/08/
2026-05-06 08:58:16,649 [master] INFO   [UNCERTAIN] Month:August 2022
2026-05-06 08:58:20,649 [master] INFO Scraping (261): https://factcheck.kg/ky/zhenishbek-bajguttiev-u-nas-vsego-6-zemel-prigodny-dlya-selhoz-deyatelnosti-ne-schitaya-pastbishh-pravda/
2026-05-06 08:58:22,336 [master] INFO   [REAL] Жеңишбек Байгуттиев: Бизде жайыттарды эске албаганда, айыл чарба 
2026-05-06 08:58:26,337 [master] INFO Scraping (262): https://factcheck.kg/ky/foto-chek-v-seti-poyavilos-foto-sergeya-shnurova-i-evgeniya-prigozhina-v-samoprovozglashennoj-lnr/
2026-05-06 08:58:27,962 [master] INFO   [FAKE] Фото-чек: Интернетте Сергей Шнуров жана Евгений Пригожиндин  өзүн
2026-05-06 08:58:31,963 [master] INFO Scraping (263): https://factcheck.kg/ky/fejk-pro-kitajskie-mandariny-ubijczy/
2026-05-06 08:58:33,535 [master] INFO   [FAKE] Кытай мандариндери өлүмгө алып келеби?
2026-05-06 08:58:37,537 [master] INFO Scraping (264): https://factcheck.kg/ky/kak-obvinenie-v-nasilstvennom-zahvate-vlasti-stalo-instrumentom-davleniya-na-oppoziczionerov-i-aktivistov/
2026-05-06 08:58:39,238 [master] INFO   [REAL] Кантип “Бийликти күч менен басып алууга” айыптоо оппозициячыларга
2026-05-06 08:58:43,239 [master] INFO Scraping (265): https://factcheck.kg/ky/skolko-let-na-samom-dele-zhenshhine-proveryaem/
2026-05-06 08:58:44,736 [master] INFO   [FAKE] Айымдын жаш курагы канчада?
2026-05-06 08:58:48,741 [master] INFO Scraping (266): https://factcheck.kg/ky/2021/11/
2026-05-06 08:58:50,284 [master] INFO   [REAL] Month:November 2021
2026-05-06 08:58:54,285 [master] INFO Scraping (267): https://factcheck.kg/ky/uchenye-obnaruzhili-naturalnyj-produkt-ubivayushhij-koronavirus-manipulyacziya/
2026-05-06 08:58:56,003 [master] INFO   [REAL] Коронавирусту өлтүргөн табигый продукт табылды деген маалымат — м
2026-05-06 08:59:00,005 [master] INFO Scraping (268): https://factcheck.kg/ky/rossiya-obnulila-poshliny-na-import-tovarov-iz-afganistana-proveryaem/
2026-05-06 08:59:01,562 [master] INFO   [REAL] Орусия Ооганстандан импорттолгон товарларга төлөмдөрдү жокко чыга
2026-05-06 08:59:05,566 [master] INFO Scraping (269): https://factcheck.kg/ky/abdygulova-zakazali/
2026-05-06 08:59:07,093 [master] INFO   [FAKE] Абдыгуловго карата “чабуул”
2026-05-06 08:59:11,096 [master] INFO Scraping (270): https://factcheck.kg/ky/eksport-elektrotovarov-iz-kyrgyzstana-v-rossiyu-znachitelno-vyros-poslednee-svyazyvayut-s-vojnoj-v-ukraine/
2026-05-06 08:59:12,839 [master] INFO   [REAL] Кыргызстандан Орусияга электр товарлардын экспорту кыйла өскөн. М
2026-05-06 08:59:16,842 [master] INFO Scraping (271): https://factcheck.kg/ky/chto-izvestno-pro-kompanii-kotorye-sobirayutsya-stroit-musoropererabatyvayushhij-zavod-v-bishkeke/
2026-05-06 08:59:18,402 [master] INFO   [REAL] Бишкекте таштандыны кайра иштетүүчү заводду кургусу келген компан
2026-05-06 08:59:22,404 [master] INFO Scraping (272): https://factcheck.kg/ky/kyrgyzstanskie-voennye-zastavlyayut-voevat-mirnoe-naselenie-nepravda/
2026-05-06 08:59:24,143 [master] INFO   [FAKE] Кыргыз аскерлери жайкын тургундарды куралды колго алганга мажбурл
2026-05-06 08:59:28,146 [master] INFO Scraping (273): https://factcheck.kg/ky/razoblachenie-ukrainskih-fejkov-na-kanale-rossiya-24-samo-okazalos-fejkom/
2026-05-06 08:59:29,712 [master] INFO   [FAKE] “Бул биз 20-мартта Всеволожск шаарында сериал тартуу учурунда каа
2026-05-06 08:59:33,713 [master] INFO Scraping (274): https://factcheck.kg/ky/baktybek-kalmamatov-gosudarstvo-imeet-potenczial-proizvodit-200-mlrd-kvt-chasov-v-god-no-segodnya-my-proizvodim-menee-15-mlrd-kvt-chasov-polupravda/
2026-05-06 08:59:35,221 [master] INFO   [REAL] Бактыбек Калмаматов: “Мамлекет жылына 200 млрд кВт-саат электроэн
2026-05-06 08:59:39,223 [master] INFO Scraping (275): https://factcheck.kg/ky/povyshenie-zarabotnoj-platy-uchitelyam-do-100-proveryaem/
2026-05-06 08:59:40,754 [master] INFO   [REAL] “Билим берүү тармагынын кызматкерлеринин эмгек акысы орточо 80 па
2026-05-06 08:59:44,756 [master] INFO Scraping (276): https://factcheck.kg/ky/kyrgyz-chek-ara-chyryna-bajlanyshtuu-fejkter-tarady-faktchek/
2026-05-06 08:59:46,299 [master] INFO   [FAKE] Чек ара чырына байланыштуу фейктер тарады. Фактчек
2026-05-06 08:59:50,301 [master] INFO Scraping (277): https://factcheck.kg/ky/2019/09/
2026-05-06 08:59:51,623 [master] INFO   [UNCERTAIN] Month:September 2019
2026-05-06 08:59:55,624 [master] INFO Scraping (278): https://factcheck.kg/ky/skolko-zarabotali-bednye-deputaty-zhogorku-kenesha/
2026-05-06 08:59:57,231 [master] INFO   [REAL] Жогорку Кеңештин мурдагы чакырылышынын “кедей” депутаттары канча 
2026-05-06 09:00:01,233 [master] INFO Scraping (279): https://factcheck.kg/ky/muzhchina-pohozhij-na-zhanysha-bakieva-byl-zamechen-v-kazahstane-pravda/
2026-05-06 09:00:02,716 [master] INFO   [UNCERTAIN] Жаныш Бакиевге түспөлдөш адам коңшу өлкөдө болгону чын
2026-05-06 09:00:06,717 [master] INFO Scraping (280): https://factcheck.kg/ky/eks-glava-roskosmosa-rogozin-byl-ranen-v-doneczke-v-rezultate-obstrela/
2026-05-06 09:00:08,309 [master] INFO   [REAL] “Роскосмостун” экс-жетекчиси Рогозин Донецктеги аткылоо учурунда 
2026-05-06 09:00:12,310 [master] INFO Scraping (281): https://factcheck.kg/ky/novyj-glava-tamozhni-krupnyj-biznesmen-i-hozyain-parka-silk-way/
2026-05-06 09:00:13,901 [master] INFO   [UNCERTAIN] Бажы кызматынын жаңы жетекчиси – ири бизнесмен. Фактчек
2026-05-06 09:00:17,901 [master] INFO Scraping (282): https://factcheck.kg/ky/klara-sooronkulova-my-zhili-30-let-ne-v-prezidentskom-a-v-superprezidenstkom-pravlenii/
2026-05-06 09:00:19,456 [master] INFO   [REAL] Клара Сооронкулова: 30 жылдан бери президенттик эмес, супер прези
2026-05-06 09:00:23,457 [master] INFO Scraping (283): https://factcheck.kg/ky/mediczinskij-samolet-byl-v-dushanbe-pravda-bolezn-rahmona-ne-dokazano/
2026-05-06 09:00:25,152 [master] INFO   [FAKE] Душанбеге медициналык учактын келгени чын. Бирок, Эмомали Рахмонд
2026-05-06 09:00:29,153 [master] INFO Scraping (284): https://factcheck.kg/ky/ocherednoj-biznes-mimo-nalogovoj-deputatka-ne-ukazala-v-deklaraczii-chetyre-firmy/
2026-05-06 09:00:30,377 [master] INFO   [REAL] Салыкчыларды айланып өткөн кезектеги бизнес: депутат айым төрт би
2026-05-06 09:00:34,382 [master] INFO Scraping (285): https://factcheck.kg/ky/predznamenovanie-katastrofy-ili-obychnoe-yavlenie-pochemu-molniya-udarila-v-statuyu-hrista-iskupitelya-proveryaem/
2026-05-06 09:00:35,463 [master] INFO   [REAL] Кырсыктын белгисиби же кадыресе көрүнүшбү: эмне үчүн чагылган Кут
2026-05-06 09:00:39,477 [master] INFO Scraping (286): https://factcheck.kg/ky/priobretenie-keremet-banka-za-7-mlrd-i-obzor-effektivnosti-gosbankov/
2026-05-06 09:00:40,640 [master] INFO   [UNCERTAIN] «Бул туура эмес. Чечилбей жаткан социалдык көйгөйлөр турганда, ме
2026-05-06 09:00:44,657 [master] INFO Scraping (287): https://factcheck.kg/ky/sudit-legko-pochemu-zhenshhiny-ostavlyayut-mladenczev-na-ulicze-na-samom-dele-i-kakie-est-resheniya-problemy/
2026-05-06 09:00:45,795 [master] INFO   [REAL] Соттоо жеңил: Эмне үчүн чынында аялдар ымыркайларды көчөдө калтыр
2026-05-06 09:00:49,806 [master] INFO Scraping (288): https://factcheck.kg/ky/analiz-propagandy-publikacziya-na-stranicze-dmitriya-medvedeva/
2026-05-06 09:00:50,953 [master] INFO   [REAL] Пропаганданын анализи: Дмитрий Медведевдин баракчасындагы билдирү
2026-05-06 09:00:54,955 [master] INFO Scraping (289): https://factcheck.kg/ky/chto-izvestno-o-sude-kotoraya-otpustila-pod-domashnij-arest-podozrevaemogo-v-smerti-ajzy-ulan/
2026-05-06 09:00:56,129 [master] INFO   [REAL] “Судьянын түшүндүрүүсү боюнча, мурда бул иш боюнча каршы арыз бер
2026-05-06 09:01:00,131 [master] INFO Scraping (290): https://factcheck.kg/ky/pochemu-otrk-osvetil-miting-reakcziya-3-0/
2026-05-06 09:01:01,359 [master] INFO   [REAL] КТРК эмне себептен  #Reакция 3.0 митингин чагылдырган?
2026-05-06 09:01:05,365 [master] INFO Scraping (291): https://factcheck.kg/ky/pochti-1-5-mln-somov-v-den-skolko-nalogoplatelshhiki-tratyat-na-soderzhanie-goskanalov/
2026-05-06 09:01:06,585 [master] INFO   [REAL] Мамлекеттик ЖМКларга КҮНҮНӨ дээрлик 1.5 миллион сом сарпталат
2026-05-06 09:01:10,600 [master] INFO Scraping (292): https://factcheck.kg/ky/pro-derevya-tualetnuyu-bumagu-i-gretu-tunberg-prizyvala-li-ekoaktivistka-kitajczev-otkazatsya-ot-palochek-dlya-edy/
2026-05-06 09:01:11,819 [master] INFO   [REAL] Грета Тунберг кытай элин таякчалардан баш тартууга чакырганбы? Те
2026-05-06 09:01:15,821 [master] INFO Scraping (293): https://factcheck.kg/ky/kyrgyz-dagy-bir-etikalyk-kodeks-bul-zholu-genderdik/
2026-05-06 09:01:17,028 [master] INFO   [REAL] «Журналисттин жалпыга маалымдоо каражаттарынкоомдун мүдөөсүнө, ад
2026-05-06 09:01:21,030 [master] INFO Scraping (294): https://factcheck.kg/ky/sovetbek-zakirov-aruuzat-el-kutu-v-yntymake-10-deputatov-v-ishenim-10-deputatov-v-alyanse-9-deputatov-tekushhego-sozyva-idut-na-vybory-polupravda/
2026-05-06 09:01:22,410 [master] INFO   [UNCERTAIN] Советбек Зикиров, “Аруузат-Эл-Куту”: “Ынтымакта 10 депутат, Ишени
2026-05-06 09:01:26,417 [master] INFO Scraping (295): https://factcheck.kg/ky/2020/02/
2026-05-06 09:01:27,547 [master] INFO   [FAKE] Month:February 2020
2026-05-06 09:01:31,548 [master] INFO Scraping (296): https://factcheck.kg/ky/temirlan-sultanbekov-soczial-demokraty-pri-askare-akaeve-i-kurmanbeke-bakieve-dengi-ne-razdavali/
2026-05-06 09:01:32,671 [master] INFO   [FAKE] Темирлан Султанбеков: Акаев жана Бакиевдин тушунда акча таратылга
2026-05-06 09:01:36,672 [master] INFO Scraping (297): https://factcheck.kg/ky/snova-plagiat-narmatova-spisala-inostrannyh-agentov-s-rossijskogo-zakona/
2026-05-06 09:01:37,925 [master] INFO   [REAL] Маалымкатта андан ары белгиленгендей, ушуга байланыштуу мыйзамга 
2026-05-06 09:01:41,927 [master] INFO Scraping (298): https://factcheck.kg/ky/top-10-youtube-kanalov-kyrgyzstana/
2026-05-06 09:01:43,090 [master] INFO   [REAL] Кыргызстандагы Youtube сайтынын ТОП-10 каналы
2026-05-06 09:01:47,105 [master] INFO Scraping (299): https://factcheck.kg/ky/temirlan-sultanbekov-dvazhdy-sovral-vo-vremya-debatov/
2026-05-06 09:01:48,339 [master] INFO   [REAL] Темирлан Султанбековдун түз эфирдеги калпы
2026-05-06 09:01:52,340 [master] INFO Scraping (300): https://factcheck.kg/ky/v-kr-obem-eksporta-zolota-snizilsya-na-rekordnoe-kolichestvo/
2026-05-06 09:01:53,362 [master] INFO   [REAL] КРде алтындын экспорту рекорддук санга азайды
2026-05-06 09:01:57,368 [master] INFO Scraping (301): https://factcheck.kg/ky/konczert-v-podderzhku-rossii-v-bishkeke-kto-zanimaetsya-organizacziej/
2026-05-06 09:01:58,575 [master] INFO   [REAL] “Уюштуруучулар биз менен байланышкан жок. Маданият министрлигинин
2026-05-06 09:02:02,577 [master] INFO Scraping (302): https://factcheck.kg/ky/vnimanie-moshenniki-nikto-ne-darit-musulmanam-noutbuki-na-ramazan/
2026-05-06 09:02:03,796 [master] INFO   [REAL] Абайлагыла, шылуундар! Рамазан айында мусулмандарга ноутбуктарды 
2026-05-06 09:02:07,796 [master] INFO Scraping (303): https://factcheck.kg/ky/skolko-chelovek-sobralos-na-miting-druzhinnikov-15-maya-v-bishkeke/
2026-05-06 09:02:08,997 [master] INFO   [REAL] Бийликти колдогон антимитингге канча адам катышты?
2026-05-06 09:02:13,000 [master] INFO Scraping (304): https://factcheck.kg/ky/glava-mid-avstrii-dopustil-postepennoe-snyatie-sankczij-s-rossii-proveryaem/
2026-05-06 09:02:14,237 [master] INFO   [FAKE] Австриянын тышкы иштер министрлиги Орусиядан санкцияларды акырынд
2026-05-06 09:02:18,253 [master] INFO Scraping (305): https://factcheck.kg/ky/dinastiya-deputatov-kak-semya-sydykovyh-sovmeshhaet-vlast-i-biznes/
2026-05-06 09:02:19,453 [master] INFO   [REAL] Депутаттардын династиясы. Сыдыковдордун үй-бүлөсү бийлик менен би
2026-05-06 09:02:23,454 [master] INFO Scraping (306): https://factcheck.kg/ky/omurbek-tekebaev-ata-meken-v-kyrgyzstane-v-god-zhenyatsya-50-tysyach-par-a-razvodyatsya-10-tysyach-to-est-kazhdaya-pyataya-semya-pravda/
2026-05-06 09:02:24,764 [master] INFO   [REAL] Өмүрбек Текебаев, “Ата Мекен”: “Кыргызстанда жылына баш кошкон ар
2026-05-06 09:02:28,765 [master] INFO Scraping (307): https://factcheck.kg/ky/polzovateli-soczsetej-oshiblis-najdya-kostyum-zhaparova-na-sajte-stefano-ricci-razbiraemsya/
2026-05-06 09:02:29,837 [master] INFO   [REAL] “10 миң долларлык костюм”. Талкуу жараткан кийимдин баасын текшер
2026-05-06 09:02:33,843 [master] INFO Scraping (308): https://factcheck.kg/ky/manipulyaczii-s-byudzhetom-zayavlenie-sokratim-rashody-na-chinovnikov-na-14-mlrd-fakt-rashody-vyrastut-na-49-mlrd/
2026-05-06 09:02:35,015 [master] INFO   [FAKE] Каржы министри чиновниктердин чыгашасы кыскарат деди эле, бирок ч
2026-05-06 09:02:39,021 [master] INFO Scraping (309): https://factcheck.kg/ky/a-v-sudi-kto-idet-chast-1-ya/
2026-05-06 09:02:40,197 [master] INFO   [REAL] “БИЗ КӨПЧҮЛҮК ОРУНДАР ЖОГОРКУ БИЙЛИКТИН ЧИНОВНИКТЕРИ, ТАКТАП АЙТК
2026-05-06 09:02:44,200 [master] INFO Scraping (310): https://factcheck.kg/ky/videofejk-s-raketnymi-kompleksami-iskander-v-aeroportu-tadzhikskogo-goroda-hudzhand/
2026-05-06 09:02:45,459 [master] INFO   [FAKE] “Искендер” ракета комплекстери Худжанд аэропортуна түшүрүлдү деге
2026-05-06 09:02:49,461 [master] INFO Scraping (311): https://factcheck.kg/ky/sotrudniki-gosohrany-agitiruyut-za-sadyra-zhaparova/
2026-05-06 09:02:50,727 [master] INFO   [REAL] Мамлекеттик күзөт кызматкерлери үгүт иштерине катышып жүрөбү?
2026-05-06 09:02:54,731 [master] INFO Scraping (312): https://factcheck.kg/ky/faktchek-chinovnik-apparata-prezidenta-proczitiroval-gitlera-obsuzhdaya-zakon-o-smi/
2026-05-06 09:02:55,983 [master] INFO   [FAKE] “Йозеф Геббельс ким экенин баарыңар билет болушуңар керек – пропа
2026-05-06 09:02:59,984 [master] INFO Scraping (313): https://factcheck.kg/ky/2020/07/
2026-05-06 09:03:01,223 [master] INFO   [FAKE] Month:July 2020
2026-05-06 09:03:05,225 [master] INFO Scraping (314): https://factcheck.kg/ky/obychnye-mediczinskie-maski-ne-propuskayut-kislorod-nepravda/
2026-05-06 09:03:06,526 [master] INFO   [FAKE] Медициналык маскалар кычкылтекти өткөрбөйт деген маалымат жалган
2026-05-06 09:03:10,528 [master] INFO Scraping (315): https://factcheck.kg/ky/skolko-poluchali-by-zhenshhiny-esli-by-im-platili-za-domashnij-trud-2/
2026-05-06 09:03:11,739 [master] INFO   [REAL] Так ушул жумуш эстелбей да, төлөнбөй калат. Factcheck.kg редакция
2026-05-06 09:03:15,742 [master] INFO Scraping (316): https://factcheck.kg/ky/2019/08/
2026-05-06 09:03:16,734 [master] INFO   [REAL] Month:August 2019
2026-05-06 09:03:20,750 [master] INFO Scraping (317): https://factcheck.kg/ky/chem-zanimalsya-sadyr-zhaparov-i-glavy-gknb-minoborony-i-mchs-poka-na-granicze-velis-boi/
2026-05-06 09:03:22,158 [master] INFO   [REAL] Чек арада ок атышуу болуп жатканда Садыр Жапаров жана УКМКнын, ко
2026-05-06 09:03:26,160 [master] INFO Scraping (318): https://factcheck.kg/ky/mediakritika-syuzhetov-na-zhetinchi-kanale-otsutstvie-balansa-i-ispolzovanie-metodov-manipulyaczii/
2026-05-06 09:03:27,284 [master] INFO   [REAL] “Каршылаш тараптардын, анын ичинде журналисттин сынына кабыл алын
2026-05-06 09:03:31,286 [master] INFO Scraping (319): https://factcheck.kg/ky/2023/08/
2026-05-06 09:03:32,404 [master] INFO   [UNCERTAIN] Month:August 2023
2026-05-06 09:03:36,406 [master] INFO Scraping (320): https://factcheck.kg/ky/mihail-gorbachyov-poluchil-grazhdanstvo-ssha-nepravda/
2026-05-06 09:03:37,651 [master] INFO   [REAL] Михаил Горбачев АКШ жарандыгын алды деген маалымат — фейк
2026-05-06 09:03:41,656 [master] INFO Scraping (321): https://factcheck.kg/ky/tranzit-ili-kontrabanda/
2026-05-06 09:03:42,823 [master] INFO   [REAL] Транзит же контрабандабы?
2026-05-06 09:03:46,826 [master] INFO Scraping (322): https://factcheck.kg/ky/13-faktov-ugroz-lzhi-i-manipulyaczii-glavy-gknb-v-ekslyuzivnom-intervyu/
2026-05-06 09:03:47,962 [master] INFO   [FAKE] 1.Цитата:«УКМКнын СИЗОсуна бардык бизнесмендер жана мурдагы мамле
2026-05-06 09:03:51,966 [master] INFO Scraping (323): https://factcheck.kg/ky/faktchek-mozhno-li-hodit-na-rabotu-dva-raza-v-god-i-poluchat-za-eto-20-000/
2026-05-06 09:03:53,177 [master] INFO   [REAL] Фактчек: Жумушка жылына эки жолу гана барып $20 000 алса болобу?
2026-05-06 09:03:57,180 [master] INFO Scraping (324): https://factcheck.kg/ky/videochek-v-tortah-soderzhatsya-tabletki-vyzyvayushhie-paralich-proveryaem/
2026-05-06 09:03:58,512 [master] INFO   [FAKE] “Жебегиле жана сатып албагыла!!! Сураныч, досторуңар жана топтор 
2026-05-06 09:04:02,513 [master] INFO Scraping (325): https://factcheck.kg/ky/semya-tenevogo-magnata-abdukadyra-stala-partnerom-vlastej-uzbekistana/
2026-05-06 09:04:03,777 [master] INFO   [REAL] Көмүскөдөгү магнат Абдукадырдын үй-бүлөсү Өзбекстанда бийликке ка
2026-05-06 09:04:07,779 [master] INFO Scraping (326): https://factcheck.kg/ky/v-velikobritanii-budet-otpravleno-na-mobilnyj-telefon-soobshhenie-s-preduprezhdeniem-o-mirovoj-vojne/
2026-05-06 09:04:09,006 [master] INFO   [REAL] Улуу Британияда дүйнөлүк согуш тууралуу эскертүү мобилдик телефон
2026-05-06 09:04:13,008 [master] INFO Scraping (327): https://factcheck.kg/ky/kashkar-dzhunushaliev-byl-v-moskve-15-oktyabrya-2020-goda-fejk/
2026-05-06 09:04:14,242 [master] INFO   [REAL] Кашкар Жунушалиев быйыл Москвадагы концертке катышты деген маалым
2026-05-06 09:04:18,252 [master] INFO Scraping (328): https://factcheck.kg/ky/biznes-glavy-minselhoza-i-ego-semi-myasokombinat-elektroenergiya-ohrannoe-agentstvo/
2026-05-06 09:04:19,471 [master] INFO   [REAL] Эт комбинаты, электр энергиясы, коопсуздук агенттиги. Айыл чарба 
2026-05-06 09:04:23,474 [master] INFO Scraping (329): https://factcheck.kg/ky/evrosoyuz-planiruet-zakupit-vakcziny-dlya-postavki-na-ukrainu-na-50-mln-evro-proveryaem/
2026-05-06 09:04:24,734 [master] INFO   [REAL] Евробиримдик Украинага жибериш үчүн 50 млн еврого вакцина сатып а
2026-05-06 09:04:28,743 [master] INFO Scraping (330): https://factcheck.kg/ky/sobaka-s-chelovecheskim-liczom-sushhestvuet-proveryaem/
2026-05-06 09:04:29,956 [master] INFO   [REAL] Yogi the dog with a human-like face(https://t.co/geQc8nzg7z…)pic.
2026-05-06 09:04:33,962 [master] INFO Scraping (331): https://factcheck.kg/ky/chto-takoe-dipfejki-i-pochemu-oni-opasny/
2026-05-06 09:04:35,191 [master] INFO   [FAKE] Дипфейктер деген эмне жана эмнеси менен алар коркунучтуу?
2026-05-06 09:04:39,193 [master] INFO Scraping (332): https://factcheck.kg/ky/deputat-biznesmen-sulajmanov-ukazal-v-deklaraczii-20-nulej-i-bolshe-nichego/
2026-05-06 09:04:40,343 [master] INFO   [REAL] Журналисттер компаниянын ишмердүүлүгү менен таанышып чыгып, 2021-
2026-05-06 09:04:44,356 [master] INFO Scraping (333): https://factcheck.kg/ky/nezakonnoe-stroitelstvo-doma-v-bishkeke-protekayushhij-potolok-oshskogo-aeroporta-u-strojkompanij-obshhij-vladelecz/
2026-05-06 09:04:45,589 [master] INFO   [REAL] Бишкектеги мыйзамсыз курулуш менен Ош аэропортун реконструкциялаг
2026-05-06 09:04:49,590 [master] INFO Scraping (334): https://factcheck.kg/ky/dom-shirshova-v-bishkeke-kak-on-vyglyadit-sejchas/
2026-05-06 09:04:50,822 [master] INFO   [REAL] Андан телевизор менен приставканы алып чыгышты. Анын “бирөөнүн мү
2026-05-06 09:04:54,825 [master] INFO Scraping (335): https://factcheck.kg/ky/soobshheniya-o-priznanii-talibana-v-mire-nepravda/
2026-05-06 09:04:55,992 [master] INFO   [FAKE] Дүйнө “Талибан*” кыймылын тааныганы жалган
2026-05-06 09:04:59,993 [master] INFO Scraping (336): https://factcheck.kg/ky/skolko-chelovek-bylo-na-mitinge-v-oshe-v-podderzhku-matraimova/
2026-05-06 09:05:01,193 [master] INFO   [REAL] Ош шаарында Матраимовду колдогон митингге канча адам келди?
2026-05-06 09:05:05,198 [master] INFO Scraping (337): https://factcheck.kg/ky/faktchek-peviczu-madonnu-obvinyayut-v-torgovle-detmi/
2026-05-06 09:05:06,350 [master] INFO   [REAL] “Биз, глобалдык диаспора, Эфиопиянын бүткүл дүйнөлүк федерациясын
2026-05-06 09:05:10,351 [master] INFO Scraping (338): https://factcheck.kg/ky/kyrgyz-kyrgyz-kyzy-t%d2%afrkiyada-zorduktaldy-delgen-videonu-teksherebiz/
2026-05-06 09:05:11,561 [master] INFO   [REAL] Кыргыз кызы Түркияда зордукталды делген видеону текшеребиз
2026-05-06 09:05:15,563 [master] INFO Scraping (339): https://factcheck.kg/ky/mid-rossii-dopustil-neczenzurnuyu-leksiku-v-telegram-kanale/
2026-05-06 09:05:16,730 [master] INFO   [REAL] Орусиянын Тышкы иштер министрлиги Наталья Синдеевага карата уят с
2026-05-06 09:05:20,732 [master] INFO Scraping (340): https://factcheck.kg/ky/rol-belarusi-v-vojne-v-ukraine/
2026-05-06 09:05:21,992 [master] INFO   [REAL] Беларуссиянын Украинадагы согуштагы ролу
2026-05-06 09:05:25,993 [master] INFO Scraping (341): https://factcheck.kg/ky/faktchek-pticzy-narushayut-zakony-fiziki-zavisaya-v-vozduhe/
2026-05-06 09:05:27,140 [master] INFO   [FAKE] Фактчек: Куштар бир орунда калкып туруп калып физиканын мыйзамдар
2026-05-06 09:05:31,142 [master] INFO Scraping (342): https://factcheck.kg/ky/kto-byl-na-mitinge-protiv-kaktus-media-faktchek/
2026-05-06 09:05:32,297 [master] INFO   [REAL] “Бул публикациянын жалгыз максаты – тажик тарап кандай маалыматты
2026-05-06 09:05:36,298 [master] INFO Scraping (343): https://factcheck.kg/ky/naznachenie-vicze-mera-sharshenalieva-protivorechit-dvum-zakonam/
2026-05-06 09:05:37,418 [master] INFO   [REAL] Вице-мэр Шаршеналиевдин дайындалышы эки мыйзамга каршы келет
2026-05-06 09:05:41,420 [master] INFO Scraping (344): https://factcheck.kg/ky/kompaniya-daniyara-usenova-poluchila-20-ga-zemli-proveryaem/
2026-05-06 09:05:42,638 [master] INFO   [REAL] Данияр Үсөновдун компаниясы 20 гектар жер алганы кабарланды. Комп
2026-05-06 09:05:46,642 [master] INFO Scraping (345): https://factcheck.kg/ky/masshtabnyj-sboj-raboty-messendzhera-whatsapp-chto-sluchilos/
2026-05-06 09:05:47,849 [master] INFO   [REAL] WhatsApp мессенджеринин иши үзгүлтүккө учурады. Эмне болду?
2026-05-06 09:05:51,857 [master] INFO Scraping (346): https://factcheck.kg/ky/kyrgyz-kytaj-zhmklary-tazhikstandy-ajyptagany-zhalgan/
2026-05-06 09:05:52,996 [master] INFO   [UNCERTAIN] Кытай ЖМКлары Тажикстанды айыптаганы жалган
2026-05-06 09:05:56,997 [master] INFO Scraping (347): https://factcheck.kg/ky/kyrgyz-abajlagyla-k%d3%a9z-boemochular/
2026-05-06 09:05:58,155 [master] INFO   [UNCERTAIN] АБАЙЛАГЫЛА! КӨЗ БОЕМОЧУЛАР!
2026-05-06 09:06:02,156 [master] INFO Scraping (348): https://factcheck.kg/ky/fotochek-aktrisa-skarlett-johansson-pravnuchka-suprugi-lenina-nadezhdy-krupskoj/
2026-05-06 09:06:03,323 [master] INFO   [REAL] Фоточек: Актриса Скарлетт Йоханссон — Лениндин жубайы Надежда Кру
2026-05-06 09:06:07,325 [master] INFO Scraping (349): https://factcheck.kg/ky/factcheck-kg-ne-utverzhdal-chto-dobycha-urana-na-mestorozhdenii-kyzyl-ompol-ne-neset-ugrozy-dlya-ekologii/
2026-05-06 09:06:08,585 [master] INFO   [REAL] Factcheck.kg Кызыл-Омпол кенинде уранды казып алуу экологияга кор
2026-05-06 09:06:12,586 [master] INFO Scraping (350): https://factcheck.kg/ky/faktchek-nato-priznala-rossiyu-gosudarstvom-terroristom/
2026-05-06 09:06:13,806 [master] INFO   [REAL] Фактчек: НАТО Орусияны террорист-мамлекет катары тааныдыбы?
2026-05-06 09:06:17,808 [master] INFO Scraping (351): https://factcheck.kg/ky/2024/06/
2026-05-06 09:06:18,893 [master] INFO   [UNCERTAIN] Month:June 2024
2026-05-06 09:06:22,896 [master] INFO Scraping (352): https://factcheck.kg/ky/syna-olega-gazmanova-rodiona-izbili-v-chikago-za-kofejnyu-sssr-proveryaem/
2026-05-06 09:06:24,151 [master] INFO   [FAKE] “Чикагодогу кофейня” тууралуу жаңылыкты таратып жаткан макоолорду
2026-05-06 09:06:28,165 [master] INFO Scraping (353): https://factcheck.kg/ky/boroda-uvelichivaet-v-tysyachu-raz-risk-podhvatit-koronavirus-proveryaem/
2026-05-06 09:06:29,247 [master] INFO   [FAKE] “Сакал-мурутка байланыштуу ооруну жуктуруп алуу тобокелчилигинин 
2026-05-06 09:06:33,252 [master] INFO Scraping (354): https://factcheck.kg/ky/manipulyaczii-o-pokazatelyah-detskoj-smertnosti-v-kyrgyzstane/
2026-05-06 09:06:34,428 [master] INFO   [REAL] Балдар өлүмүнө тиешелүү статистика кантип бурмаланган?
2026-05-06 09:06:38,439 [master] INFO Scraping (355): https://factcheck.kg/ky/kyrgyz-kyrgyz-tili-zha%d2%a3ylyk-tili-bolo-aldyby/
2026-05-06 09:06:40,208 [master] INFO   [REAL] Кыргыз тили жаңылык тили боло алдыбы?
2026-05-06 09:06:44,218 [master] INFO Scraping (356): https://factcheck.kg/ky/lozh-i-manipulyacziya-ministra-zdravoohraneniya-vo-vremya-vizita-v-osh/
2026-05-06 09:06:45,396 [master] INFO   [REAL] Башкы дарыгердин уу коргошун тууралуу манипуляциясы
2026-05-06 09:06:49,399 [master] INFO Scraping (357): https://factcheck.kg/ky/proslushka-servis-ili-shpionskaya-programma-chto-obnaruzhil-abonent/
2026-05-06 09:06:50,464 [master] INFO   [REAL] Чөнтөк телефонуңузда кошумча кызмат, шпиондук программа же болбос
2026-05-06 09:06:54,465 [master] INFO Scraping (358): https://factcheck.kg/ky/v-severnoj-koree-rasstrelyali-chinovnika-iz-za-koronavirusa-proveryaem/
2026-05-06 09:06:55,621 [master] INFO   [REAL] Коронавирустун айынан өлтүрүлгөн аткаминер тууралуу жаңылыкты тек
2026-05-06 09:06:59,624 [master] INFO Scraping (359): https://factcheck.kg/ky/kakoj-imenno-kitajskoj-vakczinoj-privivayut-kyrgyzstanczev-ot-covid-19-proveryaem/
2026-05-06 09:07:00,863 [master] INFO   [REAL] Кыргызстандыктар эмделген Кытай вакцинасы тууралуу эмне биле алды
2026-05-06 09:07:04,874 [master] INFO Scraping (360): https://factcheck.kg/ky/bet-znachit-lyubit-kak-saltanat-nukenova-stala-simvolom-borby-protiv-domashnego-nasiliya/
2026-05-06 09:07:06,107 [master] INFO   [REAL] «Мен жанына басып келип, чачынан алып бетин төрт жолу чапканмын –
2026-05-06 09:07:10,108 [master] INFO Scraping (361): https://factcheck.kg/ky/2021/10/
2026-05-06 09:07:11,123 [master] INFO   [UNCERTAIN] Month:October 2021
2026-05-06 09:07:15,129 [master] INFO Scraping (362): https://factcheck.kg/ky/vladelczy-domashnih-pitomczev-bolee-ustojchivy-k-koronavirusu-ne-dokazano/
2026-05-06 09:07:16,260 [master] INFO   [REAL] «Биздин байкашыбызга караганда арабыздан илдет табылса да, мышык 
2026-05-06 09:07:20,261 [master] INFO Scraping (363): https://factcheck.kg/ky/faktchek-zavorazhivayushhij-sinij-kit-pod-mostom/
2026-05-06 09:07:21,556 [master] INFO   [REAL] Фактчек. Көпүрө астындагы көк киттер
2026-05-06 09:07:25,564 [master] INFO Scraping (364): https://factcheck.kg/ky/ocherednaya-rassylka-ot-moshennikov-v-messendzherah-akcziya-disney-ko-dnyu-zashhity-detej/
2026-05-06 09:07:26,654 [master] INFO   [REAL] Балдарга арналган Диснейдин акциясы — шылуундардын кезектеги амал
2026-05-06 09:07:30,662 [master] INFO Scraping (365): https://factcheck.kg/ky/dosrochnaya-reklama-partii-mekenim-kyrgyzstan-v-odnom-iz-czonov-nepravda/
2026-05-06 09:07:31,833 [master] INFO   [REAL] “Мекеним Кыргызстан” партиясы мөөнөтүнөн мурда үгүт иштерин башта
2026-05-06 09:07:35,835 [master] INFO Scraping (366): https://factcheck.kg/ky/faktchek-v-ssha-hotyat-zablokirovat-tiktok/
2026-05-06 09:07:37,037 [master] INFO   [REAL] Рэйдин айтымында, кытайлыктар тиркеменин сунуштоо алгоритмин көзө
2026-05-06 09:07:41,039 [master] INFO Scraping (367): https://factcheck.kg/ky/czitata-chek-tetcher-predlagala-zabrat-u-rebenka-morozhennoe-proveryaem/
2026-05-06 09:07:42,222 [master] INFO   [REAL] “Бүгүнкү күндө сиз тапкан акчанын канчасын мамлекет коротуп, канч
2026-05-06 09:07:46,235 [master] INFO Scraping (368): https://factcheck.kg/ky/ocherednaya-chistaya-deklaracziya-deputatka-sultanbekova-skryla-ot-nalogovoj-biznes/
2026-05-06 09:07:47,502 [master] INFO   [REAL] Кезектеги “таза” декларация: депутат Султанбекова салыкчылардан ө
2026-05-06 09:07:51,505 [master] INFO Scraping (369): https://factcheck.kg/ky/chto-takoe-zakon-saltanat-i-kak-nakazyvayut-za-semejnoe-nasilie-v-kyrgyzstane/
2026-05-06 09:07:52,663 [master] INFO   [REAL] «Салтанат мыйзамы» деген эмне жана үй-бүлөдөгү зомбулук үчүн Кырг
2026-05-06 09:07:56,674 [master] INFO Scraping (370): https://factcheck.kg/ky/pravda-li-chto-voz-priznala-vakczinu-protiv-sovid-19-vrednoj/
2026-05-06 09:07:57,796 [master] INFO   [FAKE] …COVID-19га каршы вакцина боюнча сунуштардын бардыгы убактылуу мү
2026-05-06 09:08:01,798 [master] INFO Scraping (371): https://factcheck.kg/ky/tiktok-uhodit-iz-ssha-razbiraemsya/
2026-05-06 09:08:03,161 [master] INFO   [REAL] Tiktok АКШдан кетип жатабы? Текшеребиз
2026-05-06 09:08:07,163 [master] INFO Scraping (372): https://factcheck.kg/ky/zemlya-parka-pozhar-otravlenie-smert-istoriya-czentra-otdyha-ala-too/
2026-05-06 09:08:08,387 [master] INFO   [REAL] 2016-жылыаквапарктаөрт чыгып, анын кесепетинен келтирилген чыгым 
2026-05-06 09:08:12,388 [master] INFO Scraping (373): https://factcheck.kg/ky/kitajskij-premer-molitsya-v-mecheti-proveryaem/
2026-05-06 09:08:13,569 [master] INFO   [UNCERTAIN] Кытайдын премьер-министри мечитке барып, намаз окудубу? Текшереби
2026-05-06 09:08:17,570 [master] INFO Scraping (374): https://factcheck.kg/ky/kyrgyz-izhara-akysyn-buu-t%d3%a9l%d3%a9m%d3%a9k/
2026-05-06 09:08:18,767 [master] INFO   [REAL] ИЖАРА АКЫСЫН БУУ ТӨЛӨМӨК
2026-05-06 09:08:22,767 [master] INFO Scraping (375): https://factcheck.kg/ky/tret-vyzdorovevshih-ot-koronavirusa-snova-popadaet-v-bolniczu-ne-dokazano/
2026-05-06 09:08:24,039 [master] INFO   [REAL] “Эң негизгиси, изилдөө “узак ковидге” даярдануу керектигин көрсөт
2026-05-06 09:08:28,041 [master] INFO Scraping (376): https://factcheck.kg/ky/2019/07/
2026-05-06 09:08:29,181 [master] INFO   [REAL] Month:July 2019
2026-05-06 09:08:33,182 [master] INFO Scraping (377): https://factcheck.kg/ky/kreml-vyplatit-semyam-pogibshih-v-ukraine-po-11-tysyach-rublej-proveryaem/
2026-05-06 09:08:34,361 [master] INFO   [REAL] Украинада мерт болгон орусиялык аскерлердин жакындарына 11 миң ру
2026-05-06 09:08:38,363 [master] INFO Scraping (378): https://factcheck.kg/ky/video-chek-v-set-vylozhili-kadry-tonushhego-krejsera-moskva-proveryaem/
2026-05-06 09:08:39,576 [master] INFO   [REAL] Сууга чөккөн “Москва” аскердик кемеси тартылган видеону текшереби
2026-05-06 09:08:43,591 [master] INFO Scraping (379): https://factcheck.kg/ky/kyrgyz-est-chto-skryvat/
2026-05-06 09:08:44,820 [master] INFO   [FAKE] ЖАШЫРУУГА СЕБЕП БАРБЫ?
2026-05-06 09:08:48,822 [master] INFO Scraping (380): https://factcheck.kg/ky/klara-sooronkulova-vy-zadaete-voprosy-kotorye-kasayutsya-raboty-pravitelstva-pravda/
2026-05-06 09:08:49,914 [master] INFO   [REAL] Клара Сооронкулова: “Сиз өкмөткө тиешелүү суроолорду берип атасыз
2026-05-06 09:13:32,218 [master] INFO Scraping (381): https://factcheck.kg/ky/v-padenii-rublya-vinovaty-migranty-proveryaem/
2026-05-06 09:13:33,861 [master] INFO   [UNCERTAIN] «Орусиядагы мигранттар жана алардын диаспоралары жыл сайын биздин
2026-05-06 09:13:37,868 [master] INFO Scraping (382): https://factcheck.kg/ky/tadzhikskoe-smi-ispolzuet-psevdoeksperta-dlya-dezinformaczii/
2026-05-06 09:13:38,905 [master] INFO   [FAKE] Дезинформация кылыш үчүн тажик ЖМКлары жалган экспертти колдонушу
2026-05-06 09:13:42,906 [master] INFO Scraping (383): https://factcheck.kg/ky/podmena-detej-v-roddome-%e2%84%962-pravda-ili-lozh/
2026-05-06 09:13:44,148 [master] INFO   [REAL] Төрөт үйүндө ымыркайлар алмашылганбы?
2026-05-06 09:13:48,150 [master] INFO Scraping (384): https://factcheck.kg/ky/dejstvitelno-li-matraimov-sobiraetsya-kupit-futbolnyj-klub-chelsi/
2026-05-06 09:13:49,376 [master] INFO   [FAKE] Матраимов Абрамовичтин футбол клубун сатып алабы?
2026-05-06 09:13:53,384 [master] INFO Scraping (385): https://factcheck.kg/ky/krokodil-v-kanalah-veneczii-pravda-ili-fejk/
2026-05-06 09:13:54,590 [master] INFO   [FAKE] Венеция каналдарында крокодилдер пайда болдубу? Текшеребиз
2026-05-06 09:13:58,590 [master] INFO Scraping (386): https://factcheck.kg/ky/al-fadzhr-blagotvoritelnaya-organizacziya-ili/
2026-05-06 09:13:59,903 [master] INFO   [REAL] “Аль Фаджр” уюму чын эле кайрымдуулук менен алекпи?
2026-05-06 09:14:03,917 [master] INFO Scraping (387): https://factcheck.kg/ky/ostorozhno-fejk-kak-v-meksike-sozhgli-dvuh-muzhchin-iz-za-sluhov-v-whatsapp/
2026-05-06 09:14:05,102 [master] INFO   [FAKE] Абайла, фейк: WhatsApp аркылуу тараган каңшаардан эки киши тирүүл
2026-05-06 09:14:09,111 [master] INFO Scraping (388): https://factcheck.kg/ky/eshhe-odin-god-prezidentstva-sadyra-zhaparova-kak-obstoyat-dela-s-obeshhaniyami/
2026-05-06 09:14:10,411 [master] INFO   [REAL] “Силерге иш шарттары түзүлүүдө. Бир жыл мурун чыдай тургула деп с
2026-05-06 09:14:14,413 [master] INFO Scraping (389): https://factcheck.kg/ky/kyrgyz-elektoratty-zhalgan-czifralar-menen-aldoo-2-b%d3%a9l%d2%afm/
2026-05-06 09:14:15,547 [master] INFO   [REAL] Электоратты жалган цифралар менен алдоо. 2-Бөлүм
2026-05-06 09:14:19,555 [master] INFO Scraping (390): https://factcheck.kg/ky/mozhet-li-magate-posetit-zaporozhskuyu-aes/
2026-05-06 09:14:20,734 [master] INFO   [FAKE] Атомдук энергия боюнча эл аралык агенттик (МАГАТЭ) Запорожьедеги 
2026-05-06 09:14:24,745 [master] INFO Scraping (391): https://factcheck.kg/ky/papa-rimskij-czeluet-ruku-rotshildu-nepravda/
2026-05-06 09:14:26,074 [master] INFO   [FAKE] Рим папасынын Ротшильдге сый көрсөткөнү жалган
2026-05-06 09:14:30,091 [master] INFO Scraping (392): https://factcheck.kg/ky/pravda-li-chto-zemletryaseniya-v-turczii-i-sirii-byli-vyzvany-tektonicheskim-oruzhiem/
2026-05-06 09:14:31,237 [master] INFO   [REAL] Тектоникалык куралга байланыштуу кутум теориялар такай жаралып, а
2026-05-06 09:14:35,252 [master] INFO Scraping (393): https://factcheck.kg/ky/2024/02/
2026-05-06 09:14:36,266 [master] INFO   [UNCERTAIN] Month:February 2024
2026-05-06 09:14:40,268 [master] INFO Scraping (394): https://factcheck.kg/ky/deputat-nadira-narmatova-32-raza-menyala-post-v-facebook-pravda/
2026-05-06 09:14:41,521 [master] INFO   [REAL] “Надира эженин сөзү эл арасында күлкү болду, көңүл көтөрдү, бирок
2026-05-06 09:14:45,522 [master] INFO Scraping (395): https://factcheck.kg/ky/v-kakie-strany-evropy-rossiyane-ne-mogut-vyezzhat/
2026-05-06 09:14:46,767 [master] INFO   [UNCERTAIN] «Аларөздөрүнүнфилософиясынөзгөртмөйүнчө өз дүйнөсүндө жашай берси
2026-05-06 09:14:50,768 [master] INFO Scraping (396): https://factcheck.kg/ky/franczuzy-potrebovali-pozhiznennogo-zaklyucheniya-dlya-zelenskogo-proveryaem/
2026-05-06 09:14:51,982 [master] INFO   [REAL] “Интернет колдонуучулардын көпчүлүгү бул конфликтте Батыш күнөөлү
2026-05-06 09:14:55,985 [master] INFO Scraping (397): https://factcheck.kg/ky/kyrgyz-mitingde-atazovdu-koldogondor-buga-chejin-provokacziyalyk-akcziyalarga-katyshkan-faktchek/
2026-05-06 09:14:57,067 [master] INFO   [FAKE] Митингде Атазовду колдогондор буга чейин провокациялык акцияларга
2026-05-06 09:15:01,070 [master] INFO Scraping (398): https://factcheck.kg/ky/kanatnaya-doroga-v-bishkeke-kto-kogda-i-za-kakuyu-summu-postroit/
2026-05-06 09:15:02,299 [master] INFO   [REAL] Бишкектеги асма жол: ким, качан, канчага аны салат?
2026-05-06 09:15:06,300 [master] INFO Scraping (399): https://factcheck.kg/ky/kyrgyzstan-prodolzhaet-postavlyat-priczely-dlya-oruzhiya-v-rossiyu/
2026-05-06 09:15:07,580 [master] INFO   [UNCERTAIN] Кыргызстан 2022-жылдын 10 айында (январь-октябрь) Орусияга 13.7 м
2026-05-06 09:15:11,582 [master] INFO Scraping (400): https://factcheck.kg/ky/fejk-pro-mstitelnogo-pensionera/
2026-05-06 09:15:12,787 [master] INFO   [REAL] Кекчил пенсионердин жалган окуясы
2026-05-06 09:15:16,790 [master] INFO Scraping (401): https://factcheck.kg/ky/s-2009-goda-mery-bishkeka-obeshhayut-reshit-problemu-s-obshhestvennym-transportom-vspominaem-vseh/
2026-05-06 09:15:18,044 [master] INFO   [REAL] “Алар биз шаардын кызыкчылыгын ойлоп жатканыбызды жана [маршрутка
2026-05-06 09:15:22,046 [master] INFO Scraping (402): https://factcheck.kg/ky/epidemiya-fejkov-infokalipsis-v-mire-i-kyrgyzstane/
2026-05-06 09:15:23,387 [master] INFO   [FAKE] Буга байланыштууинфокалипсисдеген жаңы термин пайда болду. Арзан 
2026-05-06 09:15:27,390 [master] INFO Scraping (403): https://factcheck.kg/ky/muzhchina-s-golym-torsom-odin-iz-sponsorov-predvybornoj-kampanii-s-zhaparova-on-pozhertvoval-66-mln-somov/
2026-05-06 09:15:28,667 [master] INFO   [REAL] Жапаров менен көл жээгинде эс алган адам шайлоо фондуна эң ири су
2026-05-06 09:15:32,681 [master] INFO Scraping (404): https://factcheck.kg/ky/kyrgyzstan-v-razy-narastil-eksport-voennoj-tehniki-v-rossiyu-samolety-chasti-letatelnyh-apparatov-optika/
2026-05-06 09:15:33,946 [master] INFO   [REAL] Кыргызстан Орусияга аскердик техниканын: учактардын, учак тетикте
2026-05-06 09:15:37,959 [master] INFO Scraping (405): https://factcheck.kg/ky/https-factcheck-kg-https-factcheck-kg-samozvanecz-hashim-zajnaliev-predlagaet-spasti-mir-ot-covid-19-s-pomoshhyu-issyk-kulskogo-kornya/
2026-05-06 09:15:39,099 [master] INFO   [REAL] «Оо, эл-журт!!! COVID-19 вирусу эл аралык чуу жаратканына 1,7 жыл
2026-05-06 09:15:43,101 [master] INFO Scraping (406): https://factcheck.kg/ky/informacziya-o-tom-chto-italiya-stala-musulmanskoj-stranoj-fejk/
2026-05-06 09:15:44,253 [master] INFO   [FAKE] Италия толугу менен ислам динин кабыл алды деген маалымат фейк
2026-05-06 09:15:48,254 [master] INFO Scraping (407): https://factcheck.kg/ky/milliardy-na-goszakupkah-skolko-zarabotali-farmkompanii-na-gostenderah-i-komu-oni-prinadlezhat/
2026-05-06 09:15:49,479 [master] INFO   [REAL] Дары-дармекке жумшалган миллиарддар кимдин капчыгына түшкөн? Текш
2026-05-06 09:15:53,489 [master] INFO Scraping (408): https://factcheck.kg/ky/italyanskaya-mafiya-besplatno-razdaet-produkty-maloimushhim-semyam-pravda/
2026-05-06 09:15:54,760 [master] INFO   [REAL] Италия мафиясы муктаж үй-бүлөлөргө азык-түлүк таратканы чын
2026-05-06 09:15:58,762 [master] INFO Scraping (409): https://factcheck.kg/ky/v-messendzherah-rasprostranyaetsya-fejkovoe-obrashhenie-vladimira-putina-k-zemlyanam/
2026-05-06 09:15:59,974 [master] INFO   [FAKE] Мессенджерлер аркылуу Владимир Путиндин жердиктерге фейк кайрылуу
2026-05-06 09:16:03,976 [master] INFO Scraping (410): https://factcheck.kg/ky/deputaty-30-let-nazad-i-sejchas-kak-izmenilsya-kachestvennyj-sostav/
2026-05-06 09:16:05,223 [master] INFO   [REAL] Улан Бакасов, анынөмүр таржымалыбоюнча, депутат болгонго чейин 17
2026-05-06 09:16:09,239 [master] INFO Scraping (411): https://factcheck.kg/ky/kitaj-shpionit-za-kyrgyzstanczami-proveryaem/
2026-05-06 09:16:10,341 [master] INFO   [REAL] Кыргызстандыктарды Кытай аңдыганы чынбы? Текшеребиз
2026-05-06 09:16:14,342 [master] INFO Scraping (412): https://factcheck.kg/ky/2023/12/
2026-05-06 09:16:15,324 [master] INFO   [UNCERTAIN] Month:December 2023
2026-05-06 09:16:19,325 [master] INFO Scraping (413): https://factcheck.kg/ky/mozhno-li-sprognozirovat-zemletryasenie-skazhutsya-li-zemletryaseniya-v-turczii-i-sirii-na-kyrgyzstane-net-ne-otrazyatsya/
2026-05-06 09:16:20,476 [master] INFO   [REAL] “Эртеби-кечпи бул чөлкөмдө (Түркиянын түштүгү жана борбору, Иорда
2026-05-06 09:16:24,478 [master] INFO Scraping (414): https://factcheck.kg/ky/polzovatel-sadyr-zhaparov-oskorbivshij-dastana-bekesheva-ne-fejkovyj-faktchek/
2026-05-06 09:16:25,609 [master] INFO   [FAKE] Бекешевди кемсинткен “Садыр Жапаров” аттуу колдонуучу фейк эмес —
2026-05-06 09:16:29,614 [master] INFO Scraping (415): https://factcheck.kg/ky/britanskij-shtamm-koronavirusa-na-30-bolee-smertonosen-ne-dokazano/
2026-05-06 09:16:30,758 [master] INFO   [REAL] Коронавирустун жаңы штаммынан каза болгондор көп болобу?
2026-05-06 09:16:34,767 [master] INFO Scraping (416): https://factcheck.kg/ky/gulya-almambetova-ndpk-v-bishkeke-est-97-shkol-ne-hvataet-eshhe-rovno-97-shkol/
2026-05-06 09:16:35,894 [master] INFO   [FAKE] Гуля Алмамбетова, Бишкекте 97 мектеп бар, дагы 97 жетишпейт
2026-05-06 09:16:39,895 [master] INFO Scraping (417): https://factcheck.kg/ky/kyrgyz-faktchek-atajyn-kyzmat-telefonduk-chaluulardy-ty%d2%a3shap-zhataby/
2026-05-06 09:16:41,126 [master] INFO   [FAKE] ФАКТЧЕК. Атайын кызмат телефондук чалууларды тыңшап жатабы?
2026-05-06 09:16:45,128 [master] INFO Scraping (418): https://factcheck.kg/ky/provokaczionnyj-fejk-ot-ia-panorama-po-kyrgyzsko-tadzhikskomu-prigranichnomu-konfliktu/
2026-05-06 09:16:46,339 [master] INFO   [FAKE] Чек ара чырынан “хайп” кармаган “Панорама” сайты
2026-05-06 09:16:50,346 [master] INFO Scraping (419): https://factcheck.kg/ky/v-sokuluke-iz-za-anomalnoj-zhary-rasplavilsya-svetofor-proveryaem/
2026-05-06 09:16:51,494 [master] INFO   [REAL] Фоточек: Сокулукта күндүн катуу ысыганынан жолчырак эрип кеттиби?
2026-05-06 09:16:55,495 [master] INFO Scraping (420): https://factcheck.kg/ky/moshenniki-sobirayut-dannye-bankovskih-kart-kyrgyzstanczev/
2026-05-06 09:16:56,498 [master] INFO   [REAL] Шылуундар жарандардын банк карталары боюнча маалымат чогултууда
2026-05-06 09:17:00,499 [master] INFO Scraping (421): https://factcheck.kg/ky/restoranom-saltanat-vladeet-syn-ministra-energetiki-chto-eshhe-izvestno/
2026-05-06 09:17:01,738 [master] INFO   [REAL] “Салатанат” рестораны энергетика министринин уулуна таандык. Мини
2026-05-06 09:17:05,745 [master] INFO Scraping (422): https://factcheck.kg/ky/v-kakom-biznese-zanyaty-rodstvenniki-sadyra-zhaparova/
2026-05-06 09:17:07,011 [master] INFO   [REAL] Садыр Жапаровдун жакындары кандай бизнес менен алектенет?
2026-05-06 09:17:11,020 [master] INFO Scraping (423): https://factcheck.kg/ky/v-rodovom-sele-stydlivogo-deputata-kamchybeka-zholdoshbaeva-nazvali-v-ego-chest-uliczu-pravda/
2026-05-06 09:17:12,185 [master] INFO   [REAL] “Уялчаак” депутаттын ысымы көчөлөрдүн бирине ыйгарылдыбы?
2026-05-06 09:17:16,186 [master] INFO Scraping (424): https://factcheck.kg/ky/amantur-shergaziev-nelzya-v-hode-debatov-agitirovat-protiv-drugogo-kandidata-pravda/
2026-05-06 09:17:17,340 [master] INFO   [REAL] Амантур Шергазиев: “Дебаттын жүрүшүндө кайсы бир талапкерге каршы
2026-05-06 09:17:21,342 [master] INFO Scraping (425): https://factcheck.kg/ky/suvanaliev-sposobstvoval-rostu-prestupnosti/
2026-05-06 09:17:22,630 [master] INFO   [FAKE] Суваналиевдин тушунда кылмыштуулук болуп көрбөгөндөй өскөнбү?
2026-05-06 09:17:26,633 [master] INFO Scraping (426): https://factcheck.kg/ky/na-kumtore-ne-ostalos-zapasov-zolota-nepravda/
2026-05-06 09:17:27,781 [master] INFO   [UNCERTAIN] Кумтөрдө алтындын запасы калган жок деген маалымат жалган
2026-05-06 09:17:31,783 [master] INFO Scraping (427): https://factcheck.kg/ky/otorval-ruku-pasport-v-rossii-poyavilis-diversanty-podkladyvayushhie-zamaskirovannuyu-vzryvchatku/
2026-05-06 09:17:33,029 [master] INFO   [REAL] “Паспорт колдо жарылды”. Орусияда жардыргыч затты жашырган диверс
2026-05-06 09:17:37,038 [master] INFO Scraping (428): https://factcheck.kg/ky/kyrgyz-zhi-zhardamchyby-zhe-korkunuchpu-zhurnalistikanyn-kelechegi-kandaj-bolot/
2026-05-06 09:17:38,201 [master] INFO   [REAL] ЖИ жардамчыбы же коркунучпу? Журналистиканын келечеги кандай боло
2026-05-06 09:17:42,202 [master] INFO Scraping (429): https://factcheck.kg/ky/boty-ne-otdyhayut-czifrovaya-fabrika-fejkov-revolyucziya-na-rynke-politicheskogo-piara/
2026-05-06 09:17:43,397 [master] INFO   [FAKE] Жыйынтыгында биз фабрикада иштеген кызматкердин бирин кепке тартт
2026-05-06 09:17:47,399 [master] INFO Scraping (430): https://factcheck.kg/ky/abdil-segizbaev-huan-czzyanhun-vozmozhno-inostrannyj-grazhdanin-provereno/
2026-05-06 09:17:48,579 [master] INFO   [REAL] Абдиль Сегизбаев: “Хуан Цзяньхун чет элдик жаран болушу мүмкүн”. 
2026-05-06 09:17:52,584 [master] INFO Scraping (431): https://factcheck.kg/ky/kakim-biznesom-vladeet-novaya-deputatka-ot-ata-mekena-ballotirovavshayasya-ot-birimdik/
2026-05-06 09:17:53,689 [master] INFO   [REAL] Эске салсак, мамлекеттик кызматка ээ болгондон кийин, бизнес ээси
2026-05-06 09:17:57,690 [master] INFO Scraping (432): https://factcheck.kg/ky/https-factcheck-kg-rozygrysh-ot-kumtora-k-30-letiyu-k-kompanii-fejk-ili-pravda/
2026-05-06 09:17:58,876 [master] INFO   [REAL] “Кумтөр” 30 жылдыгына карата белектерди ойноткону – фейк маалымат
2026-05-06 09:18:02,877 [master] INFO Scraping (433): https://factcheck.kg/ky/sushhestvuet-li-ugroza-pandemii-bubonnoj-chumy-net/
2026-05-06 09:18:04,193 [master] INFO   [REAL] Кара тумоо пандемиясынын коркунучу жок
2026-05-06 09:18:08,195 [master] INFO Scraping (434): https://factcheck.kg/ky/v-sankt-peterburge-prodazha-dollara-dostigla-300-rublej-proveryaem/
2026-05-06 09:18:09,390 [master] INFO   [UNCERTAIN] Санкт-Петербургда доллардын баасы 300 рублга жеттиби? Текшеребиз
2026-05-06 09:18:13,393 [master] INFO Scraping (435): https://factcheck.kg/ky/prizy-k-135-letiyu-coca-cola-novaya-rassylka-ot-moshennikov-v-whatsapp/
2026-05-06 09:18:14,555 [master] INFO   [REAL] Factcheck.kg маалымат коопсуздугу үчүн бул шилтемеден өтүүнү суну
2026-05-06 09:18:18,561 [master] INFO Scraping (436): https://factcheck.kg/ky/s-zavtrashnego-dnya-nas-budut-proslushivat-v-messendzherah-rasprostranyaetsya-ocherednaya-rassylka/
2026-05-06 09:18:19,822 [master] INFO   [UNCERTAIN] Эртеңки күндөн баштап бизди тыңшай башташабы? Мессенжерлерде кезе
2026-05-06 09:18:23,823 [master] INFO Scraping (437): https://factcheck.kg/ky/draka-s-uchastiem-kyrgyzstanczev-v-turczii/
2026-05-06 09:18:25,164 [master] INFO   [FAKE] Түркияда кыргызстандыктар катышкан мушташ
2026-05-06 09:18:29,166 [master] INFO Scraping (438): https://factcheck.kg/ky/podarki-ot-tajnogo-santy-ili-kak-neizvestnye-sponsory-zadarivayut-gosorgany/
2026-05-06 09:18:30,447 [master] INFO   [REAL] Посмотреть эту публикацию в InstagramПубликация от УПСМ г.Бишкек 
2026-05-06 09:18:34,449 [master] INFO Scraping (439): https://factcheck.kg/ky/mediakritika-kak-goskanaly-osvetili-miting-reakcziya-3-0/
2026-05-06 09:18:35,616 [master] INFO   [FAKE] Медиакритика: Как госканалы осветили митинг #Reакция 3.0
2026-05-06 09:18:39,633 [master] INFO Scraping (440): https://factcheck.kg/ky/lichinki-vo-rtu-u-paczienta-bozhie-nakazanie-ili-otsutstvie-gigieny-proveryaem/
2026-05-06 09:18:40,811 [master] INFO   [REAL] Ооз көңдөйүндөгү сейрек дарт Алланын жазасыбы же гигиенанын жокту
2026-05-06 09:18:44,816 [master] INFO Scraping (441): https://factcheck.kg/ky/mat-ubila-detej-smesyu-moloka-i-siropa-ot-kashlya-proveryaem/
2026-05-06 09:18:46,027 [master] INFO   [FAKE] Жөтөлгө каршы сироп менен сүттүн аралашмасы 4 баланын өмүрүн алды
2026-05-06 09:18:50,028 [master] INFO Scraping (442): https://factcheck.kg/ky/kyrgyz-kyrgyzstanda-chyndygynda-ele-%d3%a9l%d2%afm-de%d2%a3geeli-eaeb-%d3%a9lk%d3%a9l%d3%a9r%d2%afn%d3%a9-salyshtyrmaluu-t%d3%a9m%d3%a9n/
2026-05-06 09:18:51,216 [master] INFO   [REAL] КЫРГЫЗСТАНДА ЧЫНДЫГЫНДА ЭЛЕ ӨЛҮМ ДЕҢГЭЭЛИ ЕАЭБ ӨЛКӨЛӨРҮНӨ САЛЫШТЫ
2026-05-06 09:18:55,231 [master] INFO Scraping (443): https://factcheck.kg/ky/top-10-samyh-bogatyh-deputatov-vi-i-vii-sozyva-zhogorku-kenesha/
2026-05-06 09:18:56,478 [master] INFO   [REAL] Жогорку Кеңештин VI жана VII чакырылышындагы эң бай депутаттардын
2026-05-06 09:19:00,489 [master] INFO Scraping (444): https://factcheck.kg/ky/tretij-god-v-kuvejte-iz-za-anomalnoj-zhary-plavyatsya-odni-i-te-zhe-avtomobili-staryj-fejk-opyat-poyavilsya-v-novostyah/
2026-05-06 09:19:01,715 [master] INFO   [REAL] Ысыктан жабыркаган унаалар тууралуу маалымат – фейк
2026-05-06 10:52:13,365 [master] INFO Scraping (445): https://factcheck.kg/ky/2023/10/
2026-05-06 10:52:15,000 [master] INFO   [REAL] Month:October 2023
2026-05-06 10:52:19,004 [master] INFO Scraping (446): https://factcheck.kg/ky/kyrgyz-chto-takoe-snv-iii-v-kotorom-rossiya-priostanovila-uchastie-i-pochemu-eto-nuzhno-znat/
2026-05-06 10:52:20,473 [master] INFO   [REAL] СЧК-III эки тарапка тең башка тараптын стратегиялык куралдарына ж
2026-05-06 10:52:24,474 [master] INFO Scraping (447): https://factcheck.kg/ky/kak-mid-kitaya-manipuliruet-cziframi-o-sankcziyah-protiv-rossii-v-ee-polzu/
2026-05-06 10:52:26,052 [master] INFO   [REAL] Кытай ТИМи Орусияга каршы санкциялар тууралуу сандарды анын кызык
2026-05-06 10:52:30,054 [master] INFO Scraping (448): https://factcheck.kg/ky/glava-minzdrava-vladeet-chastnoj-shkoloj-a-ego-supruga-kottedzhnym-posyolkom-na-163-zhilyh-pomeshheniya/
2026-05-06 10:52:31,730 [master] INFO   [REAL] Саламаттык сактоо министри Бейшеналиевдин бизнеси ачыкка чыкты
2026-05-06 10:52:35,731 [master] INFO Scraping (449): https://factcheck.kg/ky/vybory-v-bgk-lozh-kandidata-v-deputaty-tyuleevskoj-partii-ak-bata/
2026-05-06 10:52:36,766 [master] INFO   [REAL] “Ак Бата” партиясынын мүчөсү “Түлеевдин жер мафиясы” иликтөөсүндө
2026-05-06 10:52:40,782 [master] INFO Scraping (450): https://factcheck.kg/ky/videochek-v-kakom-godu-byli-snyaty-kadry-goroda-frunze-v-1951-ili-1959/
2026-05-06 10:52:41,987 [master] INFO   [FAKE] Видеочек: Фрунзе жөнүндө кадрлар качан тартылган, 1951-жылыбы, же
2026-05-06 10:52:45,991 [master] INFO Scraping (451): https://factcheck.kg/ky/chto-transliruet-rossijskoe-televidenie-v-kr-i-kak-manipuliruet-mneniem-zritelej/
2026-05-06 10:52:47,203 [master] INFO   [REAL] “Гуманитардык билими начар Зеленский. Ал өтө аз билет. Ал манкурт
2026-05-06 10:52:51,214 [master] INFO Scraping (452): https://factcheck.kg/ky/kakaya-svyaz-u-partii-el-%d2%afm%d2%aft%d2%af-s-prezidentom-proveryaem/
2026-05-06 10:52:52,490 [master] INFO   [REAL] “Эл Үмүтү” партиясынын президент менен кандай байланышы бар? Текш
2026-05-06 10:52:56,492 [master] INFO Scraping (453): https://factcheck.kg/ky/2020/06/
2026-05-06 10:52:57,472 [master] INFO   [UNCERTAIN] Month:June 2020
2026-05-06 10:53:01,473 [master] INFO Scraping (454): https://factcheck.kg/ky/srochnoe-obrashhenie-k-kollegam-zhurnalistam-kyrgyzstana-i-tadzhikistana/
2026-05-06 10:53:02,579 [master] INFO   [REAL] Зыян келтирбе!”. Кыргыз өлкөсүнүн медиа коомчулугу эки өлкөнүн жу
2026-05-06 10:53:06,579 [master] INFO Scraping (455): https://factcheck.kg/ky/fotochek-shedevry-kamennogo-veka-ili-iskusstvo-epohi-vozrozhdeniya/
2026-05-06 10:53:07,691 [master] INFO   [UNCERTAIN] Фоточек: Таш доорунун шедеврлериби же Кайтадан жаралуу доорунун к
2026-05-06 10:53:11,693 [master] INFO Scraping (456): https://factcheck.kg/ky/stat-deputatami-parlamenta-hotyat-pochti-400-bezrabotnyh/
2026-05-06 10:53:12,806 [master] INFO   [UNCERTAIN] Депутаттыкка аттангандардын 400гө чукулун жумушсуздар түзөт
2026-05-06 10:53:16,822 [master] INFO Scraping (457): https://factcheck.kg/ky/novyj-akim-leninskogo-rajona-doverennyj-sadyra-zhaparova-i-biznesmen-chto-eshhe-izvestno/
2026-05-06 10:53:18,038 [master] INFO   [REAL] Биздин редакция муниципалитетке кайрылып, Тагаевдин мурдагы иштег
2026-05-06 10:53:22,049 [master] INFO Scraping (458): https://factcheck.kg/ky/videofejk-draka-na-mezhnaczionalnoj-pochve-v-asanbaj-czentre-v-dni-konflikta-na-granicze/
2026-05-06 10:53:23,090 [master] INFO   [FAKE] Бишкекте кыргыздардын тажик жаранын ур-токмокко алганы фейк
2026-05-06 10:53:27,094 [master] INFO Scraping (459): https://factcheck.kg/ky/poluchivshij-ot-rkfr-kredit-chp-primov-b-veroyatno-otecz-deputata-ulana-primova/
2026-05-06 10:53:28,286 [master] INFO   [UNCERTAIN] Примовдун үй-бүлөсү Кыргызстанда көмүр магнаттары каймана аты мен
2026-05-06 10:53:32,288 [master] INFO Scraping (460): https://factcheck.kg/ky/glavnye-czifry-kak-izmenilsya-kyrgyzstan-za-13-let-so-dnya-aprelskoj-revolyuczii/
2026-05-06 10:53:33,940 [master] INFO   [UNCERTAIN] Президент Садыр Жапаров бул күнгө карата элгекайрылуукылды. Анын 
2026-05-06 10:53:37,951 [master] INFO Scraping (461): https://factcheck.kg/ky/kubatbek-alymbekov-patrioticheskoj-partii-edineniya-kyrgyzstana-v-gruzii-mvd-doveryat-80-naseleniya-pravda/
2026-05-06 10:53:39,082 [master] INFO   [REAL] Кубатбек Алымбеков, “Кыргызстанды бириктирүүчү патриоттук партия”
2026-05-06 10:53:43,083 [master] INFO Scraping (462): https://factcheck.kg/ky/fotofejk-biznesmeny-v-nyu-jorke-ne-zagovorili-po-kyrgyzski/
2026-05-06 10:53:44,326 [master] INFO   [FAKE] Фотофейк: Нью-Йорктогу ишкерлер кыргыз тилинде жазган эмес
2026-05-06 10:53:48,331 [master] INFO Scraping (463): https://factcheck.kg/ky/2024/01/
2026-05-06 10:53:49,453 [master] INFO   [UNCERTAIN] Month:January 2024
2026-05-06 10:53:53,454 [master] INFO Scraping (464): https://factcheck.kg/ky/fotofejk-kadyr-malikov-s-plakatom-pro-islam/
2026-05-06 10:53:54,502 [master] INFO   [FAKE] Фотофейк. Кадыр Маликов жана ислам тууралуу плакат
2026-05-06 10:53:58,505 [master] INFO Scraping (465): https://factcheck.kg/ky/musoropererabatyvayushhij-zavod-v-bishkeke-mnogomillionnyj-proekt-bez-vidimyh-rezultatov/
2026-05-06 10:53:59,852 [master] INFO   [REAL] Бишкектеги таштандыны кайра иштетүүчү завод: жыйынтыгы байкалбага
2026-05-06 10:54:03,868 [master] INFO Scraping (466): https://factcheck.kg/ky/kyrgyz-%e2%80%8bkoronaviruska-karshy-vakczina-sajylat-degen-maalymat-fejk/
2026-05-06 10:54:05,021 [master] INFO   [FAKE] ​Коронавируска каршы вакцина сайылат деген маалымат — фейк
2026-05-06 10:54:09,036 [master] INFO Scraping (467): https://factcheck.kg/ky/bezrabotnye-studenty-vrachi-kto-popolnyal-izbiratelnyj-fond-partii-emgek/
2026-05-06 10:54:10,336 [master] INFO   [REAL] Эске салсак, мыйзамга ылайык, партиялардын шайлоо фонду партиянын
2026-05-06 10:54:14,350 [master] INFO Scraping (468): https://factcheck.kg/ky/prekrashhajte-chernyj-piar-v-otnoshenii-tashieva-chem-izvestny-uchastniki-press-konferenczii-vystupivshie-v-zashhitu-glavy-gknb/
2026-05-06 10:54:15,596 [master] INFO   [REAL] “Ташиевди каралаганды токтоткула”. УКМК башчысын колдоп, пресс-ко
2026-05-06 10:54:19,609 [master] INFO Scraping (469): https://factcheck.kg/ky/chetvertaya-volna-koronavirusa-v-ssha-proveryaem/
2026-05-06 10:54:21,377 [master] INFO   [REAL] АКШда коронавирустун төртүнчү толкуну башталдыбы? — Текшеребиз
2026-05-06 10:54:25,378 [master] INFO Scraping (470): https://factcheck.kg/ky/kanat-isaev-nezavisimosti-svyshe-30-let-nepravda/
2026-05-06 10:54:26,889 [master] INFO   [REAL] Канат Исаев: эгемендүүлүккө 30 жылдан ашты. Жалган
2026-05-06 10:54:30,891 [master] INFO Scraping (471): https://factcheck.kg/ky/redzhep-tajip-erdogan-vydal-pasport-deportirovannoj-ujgurke-pravda/
2026-05-06 10:54:32,512 [master] INFO   [REAL] Эрдоган депортацияланган уйгур келинге түрк жарандыгын бердиби?
2026-05-06 10:54:36,513 [master] INFO Scraping (472): https://factcheck.kg/ky/faktchek-ptichij-gripp-mutiruet-voz-zhdet-novoj-pandemii-a-ssha-uskorenno-razrabatyvayut-vakczinu/
2026-05-06 10:54:38,557 [master] INFO   [REAL] Фактчек: Куш тумоосу мутация болуп жатабы, БДССУ жаңы пандемияны 
2026-05-06 10:54:42,559 [master] INFO Scraping (473): https://factcheck.kg/ky/skolko-chelovek-bylo-na-mitinge-5-oktyabrya/
2026-05-06 10:54:44,056 [master] INFO   [REAL] Митингге канча адам катышты?
2026-05-06 10:54:48,056 [master] INFO Scraping (474): https://factcheck.kg/ky/baktybek-kalmamatov-my-pokupaem-gsm-na-600-mln-dollarov-pravda/
2026-05-06 10:54:49,703 [master] INFO   [REAL] Бактыбек Калмаматов: Биз күйүүчү майды 600 млн долларга сатып ала
2026-05-06 10:54:53,705 [master] INFO Scraping (475): https://factcheck.kg/ky/predok-cheloveka-byl-okolo-treh-metrov-rostom-i-vesil-bolshe-300-kg-proveryaem/
2026-05-06 10:54:55,522 [master] INFO   [REAL] “Изилдөөлөр көрсөткөндөй, бул изди калтырган адамдын бою болжолду
2026-05-06 10:54:59,530 [master] INFO Scraping (476): https://factcheck.kg/ky/informacziya-o-tom-chto-turcziya-dala-preduprezhdenie-tadzhikistanu-ne-dokazana/
2026-05-06 10:55:01,105 [master] INFO   [FAKE] Түркиянын Тажикстанга эскертүү бергени тууралуу маалымат далилден
2026-05-06 10:55:05,109 [master] INFO Scraping (477): https://factcheck.kg/ky/tri-deputata-gorkenesha-osha-poluchili-mandaty-nezakonno/
2026-05-06 10:55:06,723 [master] INFO   [UNCERTAIN] Ош шаардык кеңешинин үч депутаты мандатын мыйзамсыз алышкан
2026-05-06 10:55:10,726 [master] INFO Scraping (478): https://factcheck.kg/ky/zhanybek-abirov-emgek-my-zhdem-150-tysyach-vakczin-ot-rossijskoj-federaczii/
2026-05-06 10:55:12,332 [master] INFO   [UNCERTAIN] Жаныбек Абиров, “Эмгек”: Биз Россиядан 150 миң доза вакцина күтүп
2026-05-06 10:55:16,333 [master] INFO Scraping (479): https://factcheck.kg/ky/factcheck-kg-otmetil-mezhdunarodnyj-den-proverki-faktov/
2026-05-06 10:55:18,074 [master] INFO   [UNCERTAIN] (Русский) Factcheck.kg отметил Международный день проверки фактов
2026-05-06 10:55:22,075 [master] INFO Scraping (480): https://factcheck.kg/ky/mochalki-s-yadovitymi-tabletkami-pravda-ili-fejk/
2026-05-06 10:55:23,894 [master] INFO   [FAKE] Кытай жышыгычтарындагы зыяндуу заттар. Фактчек
2026-05-06 10:55:27,895 [master] INFO Scraping (481): https://factcheck.kg/ky/fotochek-loshad-v-narynskoj-oblasti-s-neobychnym-okrasom/
2026-05-06 10:55:29,275 [master] INFO   [REAL] Фоточек: Нарын облусундагы түсү өзгөчө жылкы
2026-05-06 10:55:33,277 [master] INFO Scraping (482): https://factcheck.kg/ky/moloko-ryba-kolbasa-kakoj-obem-eksporta-prihoditsya-na-rynok-rossii/
2026-05-06 10:55:34,946 [master] INFO   [REAL] Сүт, балык, колбаса: экспорттун канча көлөмү Орусиянын рыногуна т
2026-05-06 10:55:38,948 [master] INFO Scraping (483): https://factcheck.kg/ky/kazahstan-perebrasyvaet-vojska-v-ukrainu-nepravda/
2026-05-06 10:55:40,610 [master] INFO   [REAL] «Коргоо министрлигинин Щучинск шаарындагы Аскердик колледжинин ст
2026-05-06 10:55:44,611 [master] INFO Scraping (484): https://factcheck.kg/ky/korotkij-faktchek-tom-henks-zarazilsya-koronavirusom/
2026-05-06 10:55:46,213 [master] INFO   [REAL] Чакан фактчек. Том Хэнкс коронавируска кабылды
2026-05-06 10:55:50,215 [master] INFO Scraping (485): https://factcheck.kg/ky/desyat-stran-otkazalis-ot-karantina-vakczinaczii-i-testov-obyaviv-koronavirus-grippom-proveryaem/
2026-05-06 10:55:51,833 [master] INFO   [FAKE] Айрым өлкөлөр коронавуристу сасык тумоо деп атап, эмдөө, тест жан
2026-05-06 10:55:55,834 [master] INFO Scraping (486): https://factcheck.kg/ky/novyj-gubernator-talasskoj-oblasti-vladeet-turfirmoj/
2026-05-06 10:55:57,298 [master] INFO   [UNCERTAIN] Талас облусунун жаңы губернатору турфирмага ээлик кылат
2026-05-06 10:56:01,299 [master] INFO Scraping (487): https://factcheck.kg/ky/vakczinacziya-ot-covid-19-privedet-k-vymiraniyu-chasti-chelovechestva-proveryaem/
2026-05-06 10:56:02,822 [master] INFO   [REAL] “Дүйнө жүзүндө бүгүнкү күндө 6,8 млрд адам бар. Бул сан 9 миллиар
2026-05-06 10:56:06,824 [master] INFO Scraping (488): https://factcheck.kg/ky/fotochek-gigantskij-grib-samyj-bolshoj-organizm-v-mire/
2026-05-06 10:56:08,330 [master] INFO   [REAL] “Бул сүрөт 2000-жылдардын башында Улуттук Сьерра токоюндагы Динки
2026-05-06 10:56:12,332 [master] INFO Scraping (489): https://factcheck.kg/ky/skolko-deneg-potratit-gosudarstvo-na-noutbuki-dlya-uchitelej/
2026-05-06 10:56:13,954 [master] INFO   [REAL] «Техника биринчи кезекте STEM-предметтер (физика, химия, биология
2026-05-06 10:56:17,956 [master] INFO Scraping (490): https://factcheck.kg/ky/faktchek-kyrgyzstan-ne-ispolzoval-v-prigranichnom-konflikte-bespilotniki/
2026-05-06 10:56:19,464 [master] INFO   [REAL] Мындан тышкары, россиялык басылмалар каза болгондордун жана жарад
2026-05-06 10:56:23,465 [master] INFO Scraping (491): https://factcheck.kg/ky/snova-plagiat-administracziya-prezidenta-skopirovala-zakon-o-smi-s-rossijskogo-zakonodatelstva/
2026-05-06 10:56:25,258 [master] INFO   [REAL] Кайра плагиат: Президенттин администрациясы “ЖМК жөнүндө” мыйзамд
2026-05-06 10:56:29,266 [master] INFO Scraping (492): https://factcheck.kg/ky/category/factcheck/factworld/
2026-05-06 10:56:30,894 [master] INFO   [UNCERTAIN] Factcheck в Мире
2026-05-06 10:56:34,895 [master] INFO Scraping (493): https://factcheck.kg/ky/afganskij-logotip-i-audit-za-2-8-mln-somov-ntrk-nachala-novuyu-zhizn/
2026-05-06 10:56:36,582 [master] INFO   [REAL] Ооган логотиби жана 2.8 млн сомго аудит – УТРК жаңы жашоосун башт
2026-05-06 10:56:40,583 [master] INFO Scraping (494): https://factcheck.kg/ky/pentagon-otkryl-otdel-po-izucheniyu-anomalij-svyazannyh-s-nlo-proveryaem/
2026-05-06 10:56:42,145 [master] INFO   [REAL] Пентагон БУОго байланыштуу аномалияларды изилдөө боюнча бөлүм ачт
2026-05-06 10:56:46,147 [master] INFO Scraping (495): https://factcheck.kg/ky/kyrgyz-covid-19-d%d2%afjn%d3%a9d%d3%a9-baldar-%d2%afch%d2%afn-vakczina-ishtelip-chyga-elek/
2026-05-06 10:56:47,821 [master] INFO   [REAL] COVID-19: дүйнөдө балдар үчүн вакцина иштелип чыга элек
2026-05-06 10:56:51,822 [master] INFO Scraping (496): https://factcheck.kg/ky/vybory-2020-manipulyaczii-bakyta-torobaeva-o-deyatelnosti-onuguu-progress-v-shestom-sozyve/
2026-05-06 10:56:53,463 [master] INFO   [UNCERTAIN] Бакыт Төрөбаевдин “Өнүгүү-прогресс” партиясынын иши тууралуу мани
2026-05-06 10:56:57,465 [master] INFO Scraping (497): https://factcheck.kg/ky/pochti-chetvert-deputatov-zhk-vii-sozyva-imeyut-biznes/
2026-05-06 10:56:59,045 [master] INFO   [REAL] ЖК депутаттарынын дээрлик бир чейрегинде бизнеси бар
2026-05-06 10:57:03,046 [master] INFO Scraping (498): https://factcheck.kg/ky/derzhateli-kriptovalyut-obespokoeny-rassylkoj-o-beskontrolnoj-blokirovke-koshelkov-proveryaem/
2026-05-06 10:57:04,741 [master] INFO   [REAL] Капчыктардын блокко салынып жаткандыгы тууралуу кабарлар криптова
2026-05-06 10:57:08,744 [master] INFO Scraping (499): https://factcheck.kg/ky/kto-podderzhivaet-sadyra-zhaparova-v-soczialnyh-setyah-realnye-polzovateli-ili-fejk-akkaunty/
2026-05-06 10:57:10,590 [master] INFO   [FAKE] Садыр Жапаровдун социалдык тармактардагы колдоочулары кимдер — чы
2026-05-06 10:57:14,591 [master] INFO Scraping (500): https://factcheck.kg/ky/czementnyj-zavod-za-150-mln-postroyat-deti-sergeya-ibragimova-i-azamata-arapbaeva/
2026-05-06 10:57:16,301 [master] INFO   [REAL] Сергей Ибрагимовдун жана Азамат Арапбаевдин балдары 150 млн долла
2026-05-06 10:57:20,303 [master] INFO Scraping (501): https://factcheck.kg/ky/ukrainczy-mogut-otravlyat-vodu-boepripasy-i-edu-botulotoksinom-eto-pravda/
2026-05-06 10:57:21,913 [master] INFO   [REAL] Украиндиктер ботулотоксин менен сууну, ок-дарыларды жана тамак-аш
2026-05-06 10:57:25,915 [master] INFO Scraping (502): https://factcheck.kg/ky/horoshie-propagandisty-bot-fermy-i-fabriki-trollej-diskussiya-v-smi-iz-za-rassledovaniya-chekit-media/
2026-05-06 10:57:27,457 [master] INFO   [UNCERTAIN] “Чекит.медиа” редакциясы 2020-жылы “Кыргызстандагы Интерньюс” сун
2026-05-06 10:57:31,459 [master] INFO Scraping (503): https://factcheck.kg/ky/manipulyaczii-i-plagiat-v-zakonoproekte-gulshat-asylbaevoj-o-manipulirovanii-informacziej/
2026-05-06 10:57:33,097 [master] INFO   [FAKE] Башкача айтканда, кыргыз тилиндеги вариантта учурдагы мыйзамдар И
2026-05-06 10:57:37,099 [master] INFO Scraping (504): https://factcheck.kg/ky/kanat-isaev-on-sadyr-zhaparov-zayavil-chto-vyvezet-rudu-iz-zhetim-too-pravda/
2026-05-06 10:57:38,601 [master] INFO   [REAL] Канат Исаев: “Ал (Садыр Жапаров) Жетим-Тоону иштетерин айткан”. —
2026-05-06 10:57:42,603 [master] INFO Scraping (505): https://factcheck.kg/ky/2020/04/
2026-05-06 10:57:44,251 [master] INFO   [UNCERTAIN] Month:April 2020
2026-05-06 10:57:48,253 [master] INFO Scraping (506): https://factcheck.kg/ky/rashody-apparata-prezidenta-dostigli-2-6-mlrd-somov-za-god-na-chto-tratili/
2026-05-06 10:57:49,953 [master] INFO   [UNCERTAIN] Президенттик аппараттын бир жыл ичиндеги чыгашасы 2.6 миллиард со
2026-05-06 10:57:53,955 [master] INFO Scraping (507): https://factcheck.kg/ky/kyrgyzstanczev-chipiruyut-s-pomoshhyu-vakczin-ot-covid-19-proveryaem/
2026-05-06 10:57:55,598 [master] INFO   [REAL] Эске салсак, адамдарга чип салынары тууралуу маалымат пандемия ба
2026-05-06 10:57:59,600 [master] INFO Scraping (508): https://factcheck.kg/ky/chem-zanimayutsya-bratya-genprokurora-kurmankula-zulusheva-factcheck/
2026-05-06 10:58:01,527 [master] INFO   [REAL] Башкы прокурор Курманкул Зулушевдин инилеринин бизнеси
2026-05-06 10:58:05,528 [master] INFO Scraping (509): https://factcheck.kg/ky/skrytaya-ugroza-dejstvitelno-li-u-kyrgyzstanczev-sedyat-mozg-i-pechen-proveryaem-informacziyu/
2026-05-06 10:58:07,094 [master] INFO   [REAL] Боор менен баш мээге залакасын тийгизген паразитти текшеребиз
2026-05-06 10:58:11,096 [master] INFO Scraping (510): https://factcheck.kg/ky/kyrgyz-tazhik-sajty-kyrgyzstanda-meningit-tuuraluu-fejk-zharyyalady/
2026-05-06 10:58:12,588 [master] INFO   [FAKE] ТАЖИК САЙТЫ КЫРГЫЗСТАНДА МЕНИНГИТ ТУУРАЛУУ ФЕЙК ЖАРЫЯЛАДЫ
2026-05-06 10:58:16,589 [master] INFO Scraping (511): https://factcheck.kg/ky/novaya-glava-minzdrava-s-2021-goda-nigde-ne-rabotala/
2026-05-06 10:58:18,233 [master] INFO   [REAL] Жаңы Саламаттык сактоо министри 2021-жылдан бери эч жерде иштеген
2026-05-06 10:58:22,237 [master] INFO Scraping (512): https://factcheck.kg/ky/lozh-deputata-ajnury-osmonovoj-po-povodu-zakonoproekta-o-manipulirovanii-informacziej/
2026-05-06 10:58:23,756 [master] INFO   [FAKE] Мыйзам кабыл алынса, сөз эркиндигине доо кетпейт
2026-05-06 10:58:27,761 [master] INFO Scraping (513): https://factcheck.kg/ky/ssha-isklyuchil-ramzana-kadyrova-iz-sankczionnogo-spiska-proveryaem/
2026-05-06 10:58:29,212 [master] INFO   [REAL] АКШ Рамзан Кадыровду санкциялык тизмектен чыгарып салдыбы? Текшер
2026-05-06 10:58:33,215 [master] INFO Scraping (514): https://factcheck.kg/ky/2024/11/
2026-05-06 10:58:34,643 [master] INFO   [UNCERTAIN] Month:November 2024
2026-05-06 10:58:38,645 [master] INFO Scraping (515): https://factcheck.kg/ky/kyrgyz-tik-uchaktardy-izharaga-ber%d2%af%d2%af-zhana-chyndykka-kooshpogon-czifralar/
2026-05-06 10:58:40,074 [master] INFO   [REAL] ТИК УЧАКТАРДЫ ИЖАРАГА БЕРҮҮ ЖАНА ЧЫНДЫККА КООШПОГОН ЦИФРАЛАР
2026-05-06 10:58:44,076 [master] INFO Scraping (516): https://factcheck.kg/ky/gora-myshcz-pochti-v-poltory-tonny-vesom-kotoruyu-nazyvayut-korovoj-vozmozhno-li-takoe/
2026-05-06 10:58:45,782 [master] INFO   [REAL] Салмагы 1,5 тоннага жеткен булчуңдуу буканын бар-жогун текшеребиз
2026-05-06 10:58:49,783 [master] INFO Scraping (517): https://factcheck.kg/ky/2021/07/
2026-05-06 10:58:50,970 [master] INFO   [UNCERTAIN] Month:July 2021
2026-05-06 10:58:54,972 [master] INFO Scraping (518): https://factcheck.kg/ky/v-gosdume-predlozhili-razdavat-zemli-rossii-evropejczam-i-amerikanczam-proveryaem/
2026-05-06 10:58:56,418 [master] INFO   [REAL] Билдирүүдө “Адилет Россия – Чындык үчүн” (“Справедливая Россия – 
2026-05-06 10:59:00,425 [master] INFO Scraping (519): https://factcheck.kg/ky/2022/04/
2026-05-06 10:59:01,856 [master] INFO   [UNCERTAIN] Month:April 2022
2026-05-06 10:59:05,877 [master] INFO Scraping (520): https://factcheck.kg/ky/zayavlenie-deputata-shajloobeka-atazova-o-vakczinaczii-i-ee-posledstviyah-lozh/
2026-05-06 10:59:07,407 [master] INFO   [FAKE] I believe the very limited regions of homology between#SARSCoV2sp
2026-05-06 10:59:11,408 [master] INFO Scraping (521): https://factcheck.kg/ky/shakiev-takoj-svobody-slova-net-vo-mnogih-stranah-mira-chto-proishodit-so-svobodoj-slova-v-kr/
2026-05-06 10:59:12,952 [master] INFO   [REAL] Шакиев: “Биздегидей сөз эркиндиги дүйнөдөгү көп өлкөлөрдө жок”. К
2026-05-06 10:59:16,956 [master] INFO Scraping (522): https://factcheck.kg/ky/sadyr-zhaparov-odobril-vsekitajskoe-sobranie-proveryaem/
2026-05-06 10:59:18,712 [master] INFO   [REAL] Садыр Жапаров “Бүткүл кытайлык жыйынга” макулдугун бердиби? – Тек
2026-05-06 10:59:22,712 [master] INFO Scraping (523): https://factcheck.kg/ky/2023/01/
2026-05-06 10:59:24,073 [master] INFO   [UNCERTAIN] Month:January 2023
2026-05-06 10:59:28,074 [master] INFO Scraping (524): https://factcheck.kg/ky/slovo-i-delo-sadyra-zhaparova-faktchek/
2026-05-06 10:59:29,726 [master] INFO   [REAL] Садыр Жапаровдун сөзү менен иши
2026-05-06 10:59:33,727 [master] INFO Scraping (525): https://factcheck.kg/ky/novyj-vrio-ministra-energetiki-taalajbek-ibraev-i-ego-dela-bakievskih-vremen/
2026-05-06 10:59:35,333 [master] INFO   [REAL] Текшерүүаныктагандай, ААКтын жетекчилери – гендиректордун орун ба
2026-05-06 10:59:39,335 [master] INFO Scraping (526): https://factcheck.kg/ky/foto-chek-ogromnaya-probka-na-rossijsko-kazahskoj-granicze-proveryaem/
2026-05-06 10:59:40,842 [master] INFO   [FAKE] Фото-чек: Орусия-Казакстан чек арасында чоң тыгынбы? Текшеребиз
2026-05-06 10:59:44,844 [master] INFO Scraping (527): https://factcheck.kg/ky/kyrgyz-kelechek-budushhee-partiyasynyn-eki-ayal-aluu-tuuraluu-demilgesi-manipulyacziya/
2026-05-06 10:59:46,367 [master] INFO   [REAL] «Келечек-Будущее» партиясынын эки аял алуу тууралуу демилгеси — м
2026-05-06 10:59:50,369 [master] INFO Scraping (528): https://factcheck.kg/ky/category/factcheck/factchekkr/
2026-05-06 10:59:51,939 [master] INFO   [UNCERTAIN] Factcheck в КР
2026-05-06 10:59:55,940 [master] INFO Scraping (529): https://factcheck.kg/ky/liderom-talibov-polzovateli-soczsetej-naznachili-abbasa-stanikzaya-a-za-ego-doch-vydayut-foto-raznyh-devushek/
2026-05-06 10:59:57,584 [master] INFO   [FAKE] Социалдык тармактарда “Талибан”* лидеринин кызы деп ар кайсы кызд
2026-05-06 11:00:01,585 [master] INFO Scraping (530): https://factcheck.kg/ky/mediakritika-materialov-bbc-i-sputnik-kg-ili-pro-seksizm-v-kyrgyzstanskih-smi/
2026-05-06 11:00:03,099 [master] INFO   [REAL] МЕДИАСЫН: ВВС, Sputnik жана башка кыргызстандык ЖМКлардагы кыз-ке
2026-05-06 11:00:07,112 [master] INFO Scraping (531): https://factcheck.kg/ky/https-factcheck-kg-ky-kak-partii-manipuliruyut-spiskami-i-zamenyayut-pevczov-na-biznesmenov-pri-okonchatelnom-raspredelenii-mandatov/
2026-05-06 11:00:08,994 [master] INFO   [UNCERTAIN] Шайлоодогу манипуляция: акыркы тизмек кандай өзгөрдү?
2026-05-06 11:00:13,006 [master] INFO Scraping (532): https://factcheck.kg/ky/2024/04/
2026-05-06 11:00:14,450 [master] INFO   [UNCERTAIN] Month:April 2024
2026-05-06 11:00:18,452 [master] INFO Scraping (533): https://factcheck.kg/ky/starye-novye-deputaty-bgk-iz-kakih-staryh-partij-prishli-deputaty-v-novyj-sozyv/
2026-05-06 11:00:19,968 [master] INFO   [UNCERTAIN] «Эмгек»– шайлоодон жеңген 10 талапкердин дээрлик жарымы буга чейи
2026-05-06 11:00:23,969 [master] INFO Scraping (534): https://factcheck.kg/ky/otvetstvennaya-dolzhnost-nelzya-otstranyat-proveryaem-slova-tashieva/
2026-05-06 11:00:25,856 [master] INFO   [REAL] “Жоопкерчиликтүү кызматта турам, четтегенге болбойт” – Ташиевдин 
2026-05-06 11:00:29,857 [master] INFO Scraping (535): https://factcheck.kg/ky/rozygryshi-prizov-v-soczialnyh-setyah-kak-ne-popast-na-ulovki-moshennikov/
2026-05-06 11:00:31,307 [master] INFO   [FAKE] Коомдук тармактарда белектердин ойнотулушу. Шылуундардын тузагына
2026-05-06 11:00:35,315 [master] INFO Scraping (536): https://factcheck.kg/ky/kyrgyzstan-prodolzhaet-eksportirovat-zoloto-v-shvejczariyu-no-naczstatkom-eto-skryvaet/
2026-05-06 11:00:36,857 [master] INFO   [REAL] Кыргызстан алтынды Швейцарияга экспорттогонун улантууда, бирок Ул
2026-05-06 11:00:40,859 [master] INFO Scraping (537): https://factcheck.kg/ky/rotshild-hozyain-mira-nepravda/
2026-05-06 11:00:42,468 [master] INFO   [FAKE] Дүйнөнү Ротшильд аттуу жаран башкарат деген маалымат — фейк
2026-05-06 11:00:46,473 [master] INFO Scraping (538): https://factcheck.kg/ky/kyrgyzstan-eksportiroval-v-rossiyu-priczelov-dlya-oruzhiya-na-10-mln-somov/
2026-05-06 11:00:48,138 [master] INFO   [UNCERTAIN] Кыргызстан Орусияга куралдардын мээлөө дүрбүлөрүн 10 млн сомго эк
2026-05-06 11:00:52,140 [master] INFO Scraping (539): https://factcheck.kg/ky/dipfejki-kak-zashhitit-sebya/
2026-05-06 11:00:53,683 [master] INFO   [FAKE] Дипфейктер: кантип сактанса болот?
2026-05-06 11:00:57,696 [master] INFO Scraping (540): https://factcheck.kg/ky/poiskovyj-zapros-kak-pomoch-ukraine-populyaren-po-vsemu-miru-dazhe-na-territorii-rossii/
2026-05-06 11:00:59,239 [master] INFO   [REAL] “Украинага кантип жардам берсе болот” деген издөө сурамы дүйнө жү
2026-05-06 11:01:03,242 [master] INFO Scraping (541): https://factcheck.kg/ky/adahan-madumarov-esli-iz-kyrgyzstana-vyehalo-220-tysyach-chelovek-to-iz-nih-35-iz-batkenskoj-oblasti-po-mne-vse-54-nedokazuemo/
2026-05-06 11:01:04,794 [master] INFO   [REAL] Адахан Мадумаров: Бир жылда 220 миң жаран өлкөдөн чыгып кетти. Ан
2026-05-06 11:01:08,805 [master] INFO Scraping (542): https://factcheck.kg/ky/prizrak-kieva-eto-ukrainskaya-propaganda-ili-realnyj-chelovek-proveryaem/
2026-05-06 11:01:10,365 [master] INFO   [REAL] «Киевдин арбагы» — бул Украинанын пропагандасыбы же реалдуу адамб
2026-05-06 11:01:14,382 [master] INFO Scraping (543): https://factcheck.kg/ky/ne-poddavatsya-shok-kontentu-i-proveryat-informacziyu-glavnye-rekomendaczii-kyrgyzskih-faktchekerov-v-mezhdunarodnyj-den-faktchekinga/
2026-05-06 11:01:16,444 [master] INFO   [FAKE] Шок контентке азгырылба, маалыматты текшер: Эл аралык фактчекинг 
2026-05-06 11:01:20,445 [master] INFO Scraping (544): https://factcheck.kg/ky/manipulyaczii-i-domysly-tadzhikistanskogo-zhurnalista-o-prichinah-konflikta-na-granicze-i-pri-chem-tut-zhaparov-i-tashiev/
2026-05-06 11:01:22,208 [master] INFO   [REAL] Тажик журналистинин чек арадагы чыр-чатактын себептери тууралуу к
2026-05-06 11:01:26,213 [master] INFO Scraping (545): https://factcheck.kg/ky/faktchek-tadzhikskaya-storona-dejstvitelno-vodruzila-svoj-flag-na-shkole-kyrgyzstana-video/
2026-05-06 11:01:27,758 [master] INFO   [REAL] Фактчек: Тажикстан тарап кыргыз мектебине байрагын илгени чындык
2026-05-06 11:01:31,760 [master] INFO Scraping (546): https://factcheck.kg/ky/2021/02/
2026-05-06 11:01:33,201 [master] INFO   [FAKE] Month:February 2021
2026-05-06 11:01:37,202 [master] INFO Scraping (547): https://factcheck.kg/ky/gvozdi-v-kapsulah-lekarstva-enterofuril/
2026-05-06 11:01:38,758 [master] INFO   [REAL] Энтерофурил дарысынан мык чыктыбы?
2026-05-06 11:01:42,761 [master] INFO Scraping (548): https://factcheck.kg/ky/2022/11/
2026-05-06 11:01:44,237 [master] INFO   [FAKE] Month:November 2022
2026-05-06 11:01:48,239 [master] INFO Scraping (549): https://factcheck.kg/ky/kyrgyz-%d3%a9zbekstanda-internet-eki-ajga-akysyz-bolot-degen-zha%d2%a3ylyk-fejk/
2026-05-06 11:01:49,762 [master] INFO   [REAL] Өзбекстанда интернет эки айга акысыз болот деген жаңылык — фейк
2026-05-06 11:01:53,763 [master] INFO Scraping (550): https://factcheck.kg/ky/aleksej-navalnyj-mog-skonchatsya-iz-za-vakczinaczii-proveryaem/
2026-05-06 11:01:55,311 [master] INFO   [REAL] Алексей Навальныйдын өлүмүнө эмдөө себеп болдубу? Текшеребиз
2026-05-06 11:01:59,313 [master] INFO Scraping (551): https://factcheck.kg/ky/dejstvitelno-li-almazbek-atambaev-podaril-dom-venere-dzhumataevoj/
2026-05-06 11:02:00,895 [master] INFO   [REAL] Атамбаев Венера Жуматаевага үй бергенби?
2026-05-06 11:02:04,899 [master] INFO Scraping (552): https://factcheck.kg/ky/ilim-karypbekov-pro-belizgejt-zabyli-vse-krome-reformy/
2026-05-06 11:02:06,379 [master] INFO   [REAL] Илим Карыпбеков: “Реформа” партиясынан башкасынын баары “Белизгей
2026-05-06 11:02:10,380 [master] INFO Scraping (553): https://factcheck.kg/ky/rossiya-perehodit-k-strategii-preventivnogo-yadernogo-udara-proveryaem/
2026-05-06 11:02:11,973 [master] INFO   [REAL] Орусия “превентивдүү ядролук соккуга” өтүүдөбү? Текшеребиз
2026-05-06 11:02:15,977 [master] INFO Scraping (554): https://factcheck.kg/ky/kazahstan-priostanovil-tranzit-rossijskogo-uglya-proveryaem/
2026-05-06 11:02:17,624 [master] INFO   [REAL] Казакстан орус көмүрүн ташып өткөрүүгө тыюу салдыбы? Текшеребиз
2026-05-06 11:02:21,626 [master] INFO Scraping (555): https://factcheck.kg/ky/dejstvitelno-li-v-bolniczu-v-bishkeke-gospitalizirovan-grazhdanin-germanii-s-koronavirusom/
2026-05-06 11:02:22,998 [master] INFO   [FAKE] Германия жараны коронавирус диагнозу менен Бишкектеги ооруканага 
2026-05-06 11:02:26,999 [master] INFO Scraping (556): https://factcheck.kg/ky/fejk-pro-smert-ot-koronavirusa-v-uzbekistane/
2026-05-06 11:02:28,419 [master] INFO   [FAKE] Өзбекстан жараны коронавирустан көз жумганы тууралуу фейк
2026-05-06 11:02:32,434 [master] INFO Scraping (557): https://factcheck.kg/ky/manipulyaczii-zheenbekova-i-atambaeva-s-rejtingami/
2026-05-06 11:02:33,889 [master] INFO   [FAKE] Жээнбеков менен Атамбаевдин рейтинг боюнча жасаган манипуляциясы
2026-05-06 11:02:37,893 [master] INFO Scraping (558): https://factcheck.kg/ky/obnaruzheno-samoe-dolgozhivushhee-zhivotnoe-na-planete-proveryaem/
2026-05-06 11:02:39,352 [master] INFO   [REAL] Жер жүзүндө эң көп жашаган жаныбар табылдыбы? Текшеребиз
2026-05-06 11:02:43,355 [master] INFO Scraping (559): https://factcheck.kg/ky/foto-strashnyh-posledstvij-upotrebleniya-piva-fejk/
2026-05-06 11:02:44,763 [master] INFO   [REAL] Сыранын зыяндыгын «далидеген» сүрөттөрдү текшеребиз
2026-05-06 11:02:48,779 [master] INFO Scraping (560): https://factcheck.kg/ky/faktchek-taliban-sozdal-sobstvennuyu-kartu-mira/
2026-05-06 11:02:50,455 [master] INFO   [REAL] Бул глобуста Иран чыгыш тарабындагы Мешхед, Захедан жана Керман ш
2026-05-06 11:02:54,458 [master] INFO Scraping (561): https://factcheck.kg/ky/samagan-asanov-bagyt-v-kyrgyzstane-planiruetsya-sokratit-poryadka-10-tysyach-gossluzhashhih-pravda/
2026-05-06 11:02:56,057 [master] INFO   [REAL] Самаган Асанов, “Багыт”: “Кыргызстанда 10 миң мамлекеттик кызматк
2026-05-06 11:03:00,060 [master] INFO Scraping (562): https://factcheck.kg/ky/los-probezhal-po-poverhnosti-reki-opticheskij-obman/
2026-05-06 11:03:01,824 [master] INFO   [REAL] Багыштын дарыя бетин бойлой чуркаганы оптикалык иллюзия
2026-05-06 11:03:05,826 [master] INFO Scraping (563): https://factcheck.kg/ky/2020/05/
2026-05-06 11:03:07,358 [master] INFO   [FAKE] Month:May 2020
2026-05-06 11:03:11,360 [master] INFO Scraping (564): https://factcheck.kg/ky/fejk-sprognozirovat-zemletryasenie-nevozmozhno/
2026-05-06 11:03:12,847 [master] INFO   [REAL] Фейк. Жер титирөө качан болорун так айтуу мүмкүн эмес
2026-05-06 11:03:16,849 [master] INFO Scraping (565): https://factcheck.kg/ky/faktchek-novyj-premer-ministr-novoj-zelandii-planiruet-presledovat-ne-privityh-grazhdan/
2026-05-06 11:03:18,360 [master] INFO   [REAL] Фактчек: Жаңы Зеландиянын жаңы премьер-министри эмделбеген жаранд
2026-05-06 11:03:22,361 [master] INFO Scraping (566): https://factcheck.kg/ky/vruchayut-li-medal-za-vzyatie-kieva-rossijskim-soldatam-faktchek/
2026-05-06 11:03:23,989 [master] INFO   [FAKE] “Киевди алганы үчүн” медалы орус жоокерлерине ыйгарылабы? – Фактч
2026-05-06 11:03:27,990 [master] INFO Scraping (567): https://factcheck.kg/ky/2019/04/
2026-05-06 11:03:29,406 [master] INFO   [UNCERTAIN] Month:April 2019
2026-05-06 11:03:33,408 [master] INFO Scraping (568): https://factcheck.kg/ky/babyrzhan-tolbaev-uzbekistan-zakupaet-myaso-u-pakistana-nepravda/
2026-05-06 11:03:34,879 [master] INFO   [REAL] Бабыржан Төлбаев: Өзбекстан Пакистандан эт сатып алат. Жалган
2026-05-06 11:03:38,881 [master] INFO Scraping (569): https://factcheck.kg/ky/domysly-lenta-ru-lavrov-ne-govoril-chto-kyrgyzstan-podderzhivaet-speczoperacziyu-moskvy/
2026-05-06 11:03:40,539 [master] INFO   [REAL] “Украинадагы кырдаалга тынчсыздануу менен көз салып турабыз. Бири
2026-05-06 11:03:44,540 [master] INFO Scraping (570): https://factcheck.kg/ky/2019/02/
2026-05-06 11:03:46,003 [master] INFO   [UNCERTAIN] Month:February 2019
2026-05-06 11:03:50,005 [master] INFO Scraping (571): https://factcheck.kg/ky/kiprskij-sled-strojkompanii-deputata-zhk-zhusupbeka-korgonbaj-uulu/
2026-05-06 11:03:51,567 [master] INFO   [REAL] Депутат Жусупбек Коргонбай уулунун Кипрдеги компания менен байлан
2026-05-06 11:03:55,569 [master] INFO Scraping (572): https://factcheck.kg/ky/moya-zhizn-skazka-direktor-gp-kyrgyzkomur-podaril-docheri-avto-za-25-tysyach/
2026-05-06 11:03:57,011 [master] INFO   [REAL] “Кыялдануу пайдалуу. Кызыл салонуна чейин кыялданчу элем, баары м
2026-05-06 11:04:01,013 [master] INFO Scraping (573): https://factcheck.kg/ky/fakchtek-madumarov-ne-pervyj-na-sahaline/
2026-05-06 11:04:02,613 [master] INFO   [REAL] Мадумаров Сахалинде жеңди деген маалымат — фейк
2026-05-06 11:04:06,615 [master] INFO Scraping (574): https://factcheck.kg/ky/internet-patrul-fejki-zapreshhennyh-organizaczij-hizb-ut-tahrir-chast-1/
2026-05-06 11:04:08,251 [master] INFO   [FAKE] Internet-кайгуул. Тыюу салынган уюмдардын фейктери. Хизб ут Тахри
2026-05-06 11:04:12,252 [master] INFO Scraping (575): https://factcheck.kg/ky/kakie-granty-poluchil-kyrgyzstan-za-poslednie-neskolko-let/
2026-05-06 11:04:13,887 [master] INFO   [REAL] «Бул акчага биз лаборатордук жабдыктарды (гематологиялык талдагыч
2026-05-06 11:04:17,888 [master] INFO Scraping (576): https://factcheck.kg/ky/2022/09/
2026-05-06 11:04:19,335 [master] INFO   [REAL] Month:September 2022
2026-05-06 11:04:23,335 [master] INFO Scraping (577): https://factcheck.kg/ky/novyj-rukovoditel-municzipalnoj-administraczii-merii-bishkeka-26-letnij-zyat-eks-deputata-torobaya-zulpukarova/
2026-05-06 11:04:25,035 [master] INFO   [REAL] Бишкек Мэриясынын муниципалдык администрациянын жаңы жетекчиси – 
2026-05-06 11:04:29,036 [master] INFO Scraping (578): https://factcheck.kg/ky/upala-v-reku-fejk-video-ob-utonuvshej-shkolnicze/
2026-05-06 11:04:30,635 [master] INFO   [REAL] Сууга кулап түшкөн кыз тууралуу видеону текшеребиз
2026-05-06 11:04:34,635 [master] INFO Scraping (579): https://factcheck.kg/ky/2022/05/
2026-05-06 11:04:36,065 [master] INFO   [REAL] Month:May 2022
2026-05-06 11:04:40,067 [master] INFO Scraping (580): https://factcheck.kg/ky/bishkekskij-morg-perepolnen-trupami-nepravda/
2026-05-06 11:04:41,667 [master] INFO   [FAKE] Бишкек ооруканасына өлүктөр толгону тууралуу тасма —фейк
2026-05-06 11:04:45,671 [master] INFO Scraping (581): https://factcheck.kg/ky/glavy-v-semi-ministerstvah-menyalis-trizhdy-kak-vedetsya-kadrovaya-politika-s-prihodom-sadyra-zhaparova/
2026-05-06 11:04:47,205 [master] INFO   [REAL] Жети министрликтин жетекчилери үч жолу алмашты. Садыр Жапаровдун 
2026-05-06 11:04:51,218 [master] INFO Scraping (582): https://factcheck.kg/ky/evropu-nakryvaet-obezyanya-ospa-proveryaem/
2026-05-06 11:04:52,821 [master] INFO   [REAL] Эксперттерөз убагында көрүлгөн эпидемиологиялык чараларды эске ал
2026-05-06 11:04:56,826 [master] INFO Scraping (583): https://factcheck.kg/ky/faktchek-kto-priletel-v-kyrgyzstan-na-chastnom-samolete-s-maldiv-ne-amanda-turgunova/
2026-05-06 11:04:58,419 [master] INFO   [FAKE] Мальдив аралдарынан Аманда Тургунова учуп келген жок. Анда ким?
2026-05-06 11:05:02,423 [master] INFO Scraping (584): https://factcheck.kg/ky/mediakritika-stati-sentralasia-news-o-kitajskih-ohrannikah-investorov-iz-knr/
2026-05-06 11:05:03,788 [master] INFO   [REAL] Кыргызстандагы кытайлык күзөттү чагылдырган макалаларга МЕДИАСЫН
2026-05-06 11:05:07,790 [master] INFO Scraping (585): https://factcheck.kg/ky/nounejm-kompaniya-budet-pererabatyvat-hvostohranilishha-rudnika-solton-sary-factcheck-vyyasnil-podrobnosti/
2026-05-06 11:05:09,297 [master] INFO   [REAL] «Солтон-Сары» кенинин калдыктар сакталуучу жайын “Ноунейм-компани
2026-05-06 11:05:13,310 [master] INFO Scraping (586): https://factcheck.kg/ky/2022/06/
2026-05-06 11:05:14,657 [master] INFO   [REAL] Month:June 2022
2026-05-06 11:05:18,658 [master] INFO Scraping (587): https://factcheck.kg/ky/nasa-po-zakonam-fiziki-pchely-ne-dolzhny-letat-no-pchely-ob-etom-ne-znayut-pravda/
2026-05-06 11:05:19,755 [master] INFO   [FAKE] NASA: физиканын мыйзамдары боюнча аарылар учпашы керек, бирок аар
2026-05-06 11:05:23,757 [master] INFO Scraping (588): https://factcheck.kg/ky/v-kitae-snizyat-pensionnyj-vozrast-pravda-ili-fejk/
2026-05-06 11:05:25,049 [master] INFO   [REAL] Кытайда пенсия курагы чын эле төмөндөйбү?
2026-05-06 11:05:29,051 [master] INFO Scraping (589): https://factcheck.kg/ky/razvenchivaem-mify-ob-izmenenii-klimata-chto-pravda-a-chto-net/
2026-05-06 11:05:30,294 [master] INFO   [FAKE] Климаттын өзгөрүшүнө байланыштуу мифтердин бетин ачабыз: эмнеси ч
2026-05-06 11:05:34,297 [master] INFO Scraping (590): https://factcheck.kg/ky/dvojnik-bakieva-proveryaem-kto-zapechatlen-na-fotografii/
2026-05-06 11:05:35,396 [master] INFO   [REAL] Бакиевге түспөлдөш адам Кумтөрдө иштери чын
2026-05-06 11:05:39,403 [master] INFO Scraping (591): https://factcheck.kg/ky/dvizhenie-taliban-prizyvaet-rossiyu-i-ukrainu-k-miru-pravda/
2026-05-06 11:05:40,576 [master] INFO   [REAL] “Ислам Эмирлиги бейтарап тышкы саясатына ылайык, чыр-чатакты эки 
2026-05-06 11:05:44,577 [master] INFO Scraping (592): https://factcheck.kg/ky/zhestokoe-obrashhenie-s-musulmanami-v-indii-proveryaem-videorolik/
2026-05-06 11:05:46,016 [master] INFO   [FAKE] Индияда «сабалган» мусулмандар тууралуу тасманы текшеребиз
2026-05-06 11:05:50,018 [master] INFO Scraping (593): https://factcheck.kg/ky/chto-izvestno-ob-ordere-na-arest-putina-i-arestuyut-li-ego-v-kyrgyzstane/
2026-05-06 11:05:51,541 [master] INFO   [REAL] “Биз аларды бир аз эсине келишсин деп Москва облусунун аймагына а
2026-05-06 11:05:55,544 [master] INFO Scraping (594): https://factcheck.kg/ky/rassylka-ot-moshennikov-kyrgyzstanczam-razdadut-750-mln-ot-vsemirnogo-banka/
2026-05-06 11:05:57,157 [master] INFO   [REAL] Шылуундардын таркатмасы: Дүйнөлүк банк кыргызстандыктарга $750 мл
2026-05-06 11:06:01,163 [master] INFO Scraping (595): https://factcheck.kg/ky/koronavirus-peredaetsya-ot-norki-k-cheloveku-pravda/
2026-05-06 11:06:02,581 [master] INFO   [REAL] Коронавирус норкадан адамга жугары чын
2026-05-06 11:06:06,583 [master] INFO Scraping (596): https://factcheck.kg/ky/podarok-na-novyj-god-sadyr-zhaparov-planiruet-priobresti-samolet/
2026-05-06 11:06:08,961 [master] INFO   [REAL] Жаңы жылга белек. Садыр Жапаров учак сатып алганы жатат
2026-05-06 11:06:12,962 [master] INFO Scraping (597): https://factcheck.kg/ky/https-factcheck-kg-ky-https-factcheck-kg-kto-vladeleet-skanadalnym-kafe-manas-ata/
2026-05-06 11:06:14,513 [master] INFO   [REAL] Чуулгандуу “Манас ата” кафеси алгач турак-жай катары курулмак
2026-05-06 11:06:18,514 [master] INFO Scraping (598): https://factcheck.kg/ky/v-kyrgyzstane-razbrasyvayut-fonariki-so-vzryvnymi-ustrojstvami-proveryaem/
2026-05-06 11:06:19,962 [master] INFO   [FAKE] «Бул билдирүүлөр жалган. Жооптуу шаардык кызматтар билим берүү ме
2026-05-06 11:06:23,964 [master] INFO Scraping (599): https://factcheck.kg/ky/predsedatelyam-verhovnogo-suda-negde-zhit-deklaraczii-2019-2020/
2026-05-06 11:06:25,650 [master] INFO   [REAL] Турак-жайсыз Жогорку Соттун төрайымдары. Декларацияларды текшереб
2026-05-06 11:06:29,651 [master] INFO Scraping (600): https://factcheck.kg/ky/kak-kandidaty-ot-birimdik-i-mekenim-kyrgyzystan-pytalis-dvazhdy-popast-v-zhk-i-im-eto-udalos-no-po-spisku-ata-mekena-2015-goda/
2026-05-06 11:06:31,215 [master] INFO   [REAL] “Мекеним Кыргызстан” менен “Биримдиктин” кандидаттары акыры депут
2026-05-06 11:06:35,231 [master] INFO Scraping (601): https://factcheck.kg/ky/vakczina-ot-koronavirusa-sputnik-v-priznana-v-rossii-halyalnoj-nepravda/
2026-05-06 11:06:37,038 [master] INFO   [REAL] “Спутник V” вакцинасы Россияда “халал” деп таанылдыбы?
2026-05-06 11:06:41,040 [master] INFO Scraping (602): https://factcheck.kg/ky/2019/03/
2026-05-06 11:06:42,559 [master] INFO   [FAKE] Month:March 2019
2026-05-06 11:06:46,561 [master] INFO Scraping (603): https://factcheck.kg/ky/pochemu-lyudi-sklonny-verit-teoriyam-zagovora-i-fejkam/
2026-05-06 11:06:48,264 [master] INFO   [FAKE] Чындыгында,учак асманда учуп бараткандаанын моторлору абага колдо
2026-05-06 11:06:52,265 [master] INFO Scraping (604): https://factcheck.kg/ky/ochen-zhal-skazochnyj-snimok-iz-bosteri-s-molniej-i-dvumya-radugami-fotofejk/
2026-05-06 11:06:53,706 [master] INFO   [REAL] Иссык-Куль. Село Бостери.pic.twitter.com/OmuAdR5YFa— Kamil Ruziev
2026-05-06 11:06:57,726 [master] INFO Scraping (605): https://factcheck.kg/ky/faktchek-pochemu-policziya-izbivaet-passazhirov-v-metro/
2026-05-06 11:06:59,189 [master] INFO   [REAL] Фактчек. Полиция жүргүнчүлөргө эмнеге кол көтөрдү?
2026-05-06 11:07:03,191 [master] INFO Scraping (606): https://factcheck.kg/ky/iskusstvennyj-intellekt-po-kyrgyzski-kak-razvivaetsya-ii-v-kr/
2026-05-06 11:07:04,709 [master] INFO   [FAKE] Жасалма интеллект боюнча эки концепция бар –“алсыз” (Narrow AI)жа
2026-05-06 11:07:08,712 [master] INFO Scraping (607): https://factcheck.kg/ky/manipulyacziya-glavy-minzdrava-akonit-dejstvitelno-zaregistrirovan-vo-franczii-no-tolko-v-razdele-gomeopatii/
2026-05-06 11:07:10,124 [master] INFO   [FAKE] Министрдин манипуляциясы: аконит Францияда катталганы чын, бирок 
2026-05-06 11:07:14,125 [master] INFO Scraping (608): https://factcheck.kg/ky/kak-prokuror-po-delu-matraimova-svyazan-s-tamozhnej-i-partiej-mekenim-kyrgyzstan-vozmozhen-konflikt-interesov/
2026-05-06 11:07:15,957 [master] INFO   [FAKE] Матраимовдун ишин караган прокурор бажы кызматынын кызматкери мен
2026-05-06 11:07:19,958 [master] INFO Scraping (609): https://factcheck.kg/ky/v-whatsapp-rassylayut-fotografii-boev-v-evrejskih-poseleniyah-kotorye-mogut-vzlomat-vash-telefon-proveryaem/
2026-05-06 11:07:21,549 [master] INFO   [REAL] WhatsApp’та cиздин телефонуңузга бузуп кире алган еврей конуштары
2026-05-06 11:07:25,550 [master] INFO Scraping (610): https://factcheck.kg/ky/kompanii-ilona-maska-po-proizvodstvu-chipov-dlya-mozga-razreshili-ispytaniya-na-lyudyah-proveryaem/
2026-05-06 11:07:27,000 [master] INFO   [REAL] “FDA бизге адамдарда биринчи клиникалык изилдөөлөрүбүздү жүргүзүү
2026-05-06 11:07:31,002 [master] INFO Scraping (611): https://factcheck.kg/ky/atambaev-ne-prosil-uvolit-ulanbeka-egizbaeva/
2026-05-06 11:07:32,487 [master] INFO   [UNCERTAIN] Атамбаев  Уланбек Эгизбаевди жумуштан кетирүүнү суранган эмес
2026-05-06 11:07:36,488 [master] INFO Scraping (612): https://factcheck.kg/ky/2021/08/
2026-05-06 11:07:37,892 [master] INFO   [UNCERTAIN] Month:August 2021
2026-05-06 11:07:41,894 [master] INFO Scraping (613): https://factcheck.kg/ky/imushhestvo-atambaeva-dejstvitelno-li-seme-byvshego-prezidenta-negde-zhit/
2026-05-06 11:07:43,400 [master] INFO   [REAL] Атамбаевдин үй-бүлөсү турак-жайсыз калдыбы? Текшеребиз
2026-05-06 11:07:47,410 [master] INFO Scraping (614): https://factcheck.kg/ky/fotochek-czar-pushku-perevozyat-na-vagonnoj-platforme-sredi-drugoj-voennoj-tehniki/
2026-05-06 11:07:48,994 [master] INFO   [FAKE] Фоточек: Падыша-замбиректи вагон аянтчада башка аскерий техникала
2026-05-06 11:07:53,001 [master] INFO Scraping (615): https://factcheck.kg/ky/novyj-zakonoproekt-o-nepravitelstvennyh-organizacziyah-okazalsya-kopiej-zakona-rossijskoj-federaczii/
2026-05-06 11:07:54,476 [master] INFO   [FAKE] Бейөкмөт уюмдар жөнүндө жаңы мыйзам долбоору Орусия Федерациясыны
2026-05-06 11:07:58,481 [master] INFO Scraping (616): https://factcheck.kg/ky/otkuda-poyavilis-kreposti-v-forme-zvezd-i-est-li-v-etom-zagovor-proveryaem/
2026-05-06 11:08:00,045 [master] INFO   [UNCERTAIN] Жылдызга окшош чептер эмнеге курулган, бул кутумчулардын ишиби? Т
2026-05-06 11:08:04,053 [master] INFO Scraping (617): https://factcheck.kg/ky/baktybek-kalmamatov-svyshe-milliona-izbiratelej-ne-uchastvovalo-v-vyborah/
2026-05-06 11:08:05,593 [master] INFO   [REAL] Бактыбек Калмаматов: миллиондон ашуун адам шайлоого катышпай атат
2026-05-06 11:08:09,594 [master] INFO Scraping (618): https://factcheck.kg/ky/kitajskaya-pnevmoniya-ustojchivaya-k-antibiotikam-grozit-kazahstanu-proveryaem/
2026-05-06 11:08:11,192 [master] INFO   [REAL] «Узакка созулган изилдөөлөрдөн кийин массалык инфекциянын себепке
2026-05-06 11:08:15,194 [master] INFO Scraping (619): https://factcheck.kg/ky/kitajskaya-vakczina-sinopharm-ne-zashhishhaet-ot-koronavirusa-proveryaem/
2026-05-06 11:08:16,706 [master] INFO   [REAL] “Премьер-министр Имран Хан илдетке чалдыккан учурда эмдөөнү толук
2026-05-06 11:08:20,706 [master] INFO Scraping (620): https://factcheck.kg/ky/skolko-lyudej-uchastvovalo-v-stihijnom-proteste-17-18-maya-v-bishkeke/
2026-05-06 11:08:22,323 [master] INFO   [UNCERTAIN] Бул ыкмага ылайык, адамдар бири бирине жакын туруп, алардын арасы
2026-05-06 11:08:26,324 [master] INFO Scraping (621): https://factcheck.kg/ky/besplatnaya-obuv-ot-adidas-ili-pochemu-ne-stoit-doveryat-rassylkam-po-messendzheram/
2026-05-06 11:08:27,875 [master] INFO   [REAL] Аdidas фирмасынан акысыз бут кийим же тиркемелерден келген маалым
2026-05-06 11:08:31,875 [master] INFO Scraping (622): https://factcheck.kg/ky/ejnshtejn-predskazal-pokolenie-idiotov/
2026-05-06 11:08:33,355 [master] INFO   [REAL] Эйнштейн кемчонтойлордун заманын эскерткенби?
2026-05-06 11:08:37,356 [master] INFO Scraping (623): https://factcheck.kg/ky/v-ssha-arestovali-sozdatelya-koronavirusa-fejk-charlz-liber-zaderzhan-po-drugomu-obvineniyu/
2026-05-06 11:08:38,882 [master] INFO   [FAKE] АКШда коронавирустун жаратуучусу камакка алынды деген маалымат — 
2026-05-06 11:08:42,890 [master] INFO Scraping (624): https://factcheck.kg/ky/sbezhal-li-farid-niyazov-iz-strany/
2026-05-06 11:08:44,427 [master] INFO   [FAKE] Фарид Ниязов өлкөдөн качып кеттиби?
2026-05-06 11:08:48,447 [master] INFO Scraping (625): https://factcheck.kg/ky/https-factcheck-kg-ky-na-razvalivayushhiesya-tenevye-shatry-v-vostoke-5-potracheno-250-tysyach-somov/
2026-05-06 11:08:50,136 [master] INFO   [UNCERTAIN] Талкаланган чатырларга мэрия 250 миң сом сарптаган
2026-05-06 11:08:54,137 [master] INFO Scraping (626): https://factcheck.kg/ky/slovo-vs-delo-obeshhaniya-i-zayavleniya-sadyra-zhaparova-o-svobode-slova/
2026-05-06 11:08:55,726 [master] INFO   [FAKE] «Интернеттеги карикатура үчүн эч ким куугунтукка алынбай турганын
2026-05-06 11:08:59,728 [master] INFO Scraping (627): https://factcheck.kg/ky/kyrgyz-%e2%80%8bt%d2%afsht%d2%afk-koreyada-koronavirustan-ajykkandardan-virus-kajra-tabylgany-chyndyk-birok-anyn-sebebi-belgisiz/
2026-05-06 11:09:02,195 [master] INFO   [REAL] ​Түштүк Кореяда коронавирустан айыккандардан вирус кайра табылган
2026-05-06 11:09:06,197 [master] INFO Scraping (628): https://factcheck.kg/ky/koronavirus-peredaetsya-na-rasstoyanii-do-4-metrov-pravda-no-chastichno/
2026-05-06 11:09:08,471 [master] INFO   [UNCERTAIN] Айрым учурда коронавирус 4 метрге чейинки аралыкта жугат — чындык
2026-05-06 11:09:12,472 [master] INFO Scraping (629): https://factcheck.kg/ky/mirlan-orozbaev-uluu-zhurt-nashi-grazhdane-iz-za-graniczy-vysylayut-ezhegodno-bolee-2-mlrd-strana-dolzhna-byla-uzhe-davno-podnyatsya-nedokazuemo/
2026-05-06 11:09:14,307 [master] INFO   [REAL] Мирлан Орозбаев, “Улуу журт”: “Биздин жарандар чет өлкөдөн 2 млрд
2026-05-06 11:09:18,308 [master] INFO Scraping (630): https://factcheck.kg/ky/v-shveczii-projdet-chempionat-mira-po-seksu-proveryaem/
2026-05-06 11:09:20,145 [master] INFO   [REAL] Швецияда секс боюнча Европа чемпионаты өтөбү? Текшеребиз
2026-05-06 11:09:24,146 [master] INFO Scraping (631): https://factcheck.kg/ky/vspyshka-kori-v-kyrgyzstane-kto-vhodit-v-gruppu-riska-i-kak-izbezhat-zarazheniya/
2026-05-06 11:09:26,301 [master] INFO   [FAKE] Кыргызстанда кызамык оорусу күч алды: тобокел топко ким кирет жан
2026-05-06 11:09:30,303 [master] INFO Scraping (632): https://factcheck.kg/ky/https-factcheck-kg-ky-razrushennyj-histevarz-ili-kyrgyzskie-sela-proveryaem/
2026-05-06 11:09:32,042 [master] INFO   [FAKE] Талкаланды делген тажик айылы чынында кыргыз жериби? Текшеребиз
2026-05-06 11:09:36,045 [master] INFO Scraping (633): https://factcheck.kg/ky/vooruzhennyj-tazhikskij-general-s-voennymi-vtorgsya-v-selo-maksat/
2026-05-06 11:09:37,693 [master] INFO   [UNCERTAIN] ​Тажик генералы аскерлери менен Максат айылына куралчан келгени ч
2026-05-06 11:09:41,704 [master] INFO Scraping (634): https://factcheck.kg/ky/ezhegodno-v-mire-unichtozhaetsya-do-100-mln-akul-i-v-etom-vinovaty-sovremennye-vakcziny-ot-covid-19/
2026-05-06 11:09:43,262 [master] INFO   [REAL] 100 млн акуланын өлүмүнө Covid-19га каршы вакцина себепкерби?
2026-05-06 11:09:47,264 [master] INFO Scraping (635): https://factcheck.kg/ky/2024/03/
2026-05-06 11:09:48,882 [master] INFO   [FAKE] Month:March 2024
2026-05-06 11:09:52,883 [master] INFO Scraping (636): https://factcheck.kg/ky/kak-zashhitit-whatsapp-ot-vzloma-i-chto-delat-esli-akkaunt-vse-zhe-vzlomali-sovety-po-bezopasnosti/
2026-05-06 11:09:55,049 [master] INFO   [REAL] WhatsApp’ты бузуп кирүүдөн кантип коргосо болот жана болбой эле а
2026-05-06 11:09:59,050 [master] INFO Scraping (637): https://factcheck.kg/ky/v-uzbekistane-pospela-pomidor-vakczina-ot-covid-19-pravda-ili-fejk/
2026-05-06 11:10:00,771 [master] INFO   [REAL] Өзбекстанда COVID-19га каршы помидор-вакцина бышып калды. Чынбы ж
2026-05-06 11:10:04,771 [master] INFO Scraping (638): https://factcheck.kg/ky/professionalnaya-fabrika-trollej-v-kyrgyzstane/
2026-05-06 11:10:06,445 [master] INFO   [FAKE] Кыргызстанда адискөй троллдордун фабрикасы
2026-05-06 11:10:10,447 [master] INFO Scraping (639): https://factcheck.kg/ky/deputat-bgk-alymbek-baktybekov-prodaet-aviatoplivo-v-partnerstve-s-gazprom-neft/
2026-05-06 11:10:12,149 [master] INFO   [REAL] Бишкек шаардык кеңештин депутаты Алымбек Бактыбеков “Газпром нефт
2026-05-06 11:10:16,151 [master] INFO Scraping (640): https://factcheck.kg/ky/video-o-cherepahe-s-zhutkim-chelovecheskim-golosom-pravda-ili-fejk/
2026-05-06 11:10:18,596 [master] INFO   [REAL] Адамча үн салган таш бака. Тасманы текшеребиз
2026-05-06 11:10:22,609 [master] INFO Scraping (641): https://factcheck.kg/ky/gubernator-sogdijskoj-oblasti-na-fotografii-s-vooruzhennymi-pravda/
2026-05-06 11:10:24,298 [master] INFO   [UNCERTAIN] Согд облусунун губернатору ​куралчандар менен сүрөткө түшкөн
2026-05-06 11:10:28,299 [master] INFO Scraping (642): https://factcheck.kg/ky/ni-tyjyna-na-nalogi-razbor-zayavleniya-sadyra-zhaparova-o-tom-chto-nko-tratyat-donorskie-milliony-na-lichnye-nuzhdy/
2026-05-06 11:10:29,922 [master] INFO   [REAL] «Барган жеримде айтат, силер НПОлор менен НКОлорду кыйнап атасыңа
2026-05-06 11:10:33,927 [master] INFO Scraping (643): https://factcheck.kg/ky/video-opolznej-iz-za-silnyh-dozhdej-v-tadzhikskom-sele-pravda/
2026-05-06 11:10:35,650 [master] INFO   [REAL] Тажикстанда жер көчкү жүргөнү чын
2026-05-06 11:10:39,651 [master] INFO Scraping (644): https://factcheck.kg/ky/https-factcheck-kg-blestyashhij-fantik-i-igra-s-mashtabom-kak-manipuliruet-edil-bajsalov-faktchek/
2026-05-06 11:10:41,521 [master] INFO   [FAKE] 1.Цитата:“Биз жакырчылык синдромунан эбак эле арылганбыз!Мамлекет
2026-05-06 11:10:45,522 [master] INFO Scraping (645): https://factcheck.kg/ky/terakt-v-krokus-siti-holle-razbiraem-lozhnye-i-nedokazannye-utverzhdeniya/
2026-05-06 11:10:47,382 [master] INFO   [FAKE] RUSSIAN OFFICIALS HAVE CAPTURED THE THIRD ALLEGED TERRORISTHe was
2026-05-06 11:10:51,383 [master] INFO Scraping (646): https://factcheck.kg/ky/czvetok-v-forme-zhenshhiny-proveryaem-chudo-derevo/
2026-05-06 11:10:53,234 [master] INFO   [REAL] Кереметтүү гүл Жараткандын эмгегиби? Factcheck теришитирди
2026-05-06 11:10:57,238 [master] INFO Scraping (647): https://factcheck.kg/ky/2019/11/
2026-05-06 11:10:59,374 [master] INFO   [UNCERTAIN] Month:November 2019
2026-05-06 11:11:03,375 [master] INFO Scraping (648): https://factcheck.kg/ky/pravda-i-nepravda-atambaeva-pro-tecz-dopolneno/
2026-05-06 11:11:05,771 [master] INFO   [REAL] Атамбаевдин Бишкектеги Жылуулук борбору тууралуу калпы
2026-05-06 11:11:09,788 [master] INFO Scraping (649): https://factcheck.kg/ky/pravila-vneseniya-izmenenij-i-dopolnenij-v-teksty-statej-na-sajte-factcheck-kg/
2026-05-06 11:11:11,418 [master] INFO   [REAL] Текстке олуттуу өзгөртүүлөрдү киргизүү
2026-05-06 11:11:15,419 [master] INFO Scraping (650): https://factcheck.kg/ky/dom-matraimovyh-vystavlen-na-prodazhu-proveryaem/
2026-05-06 11:11:17,359 [master] INFO   [REAL] “Подвалда сауна, кампа бар. Мындан тышкары чоң, жабык гараж, коро
2026-05-06 11:11:21,360 [master] INFO Scraping (651): https://factcheck.kg/ky/finiki-iz-saudovskoj-aravii-zarazheny-virusom-korro-proveryaem/
2026-05-06 11:11:23,895 [master] INFO   [UNCERTAIN] Сауд Арабиясынан келген курмаларда вирус барбы? Текшеребиз
2026-05-06 11:11:27,904 [master] INFO Scraping (652): https://factcheck.kg/ky/vicze-premer-surabaldieva-poholodanie-pomozhet-v-borbe-s-covid-19-ne-dokazano/
2026-05-06 11:11:29,872 [master] INFO   [REAL] Сурабалдиеванын суукта коронавирус басаңдайт деген маалыматы дали
2026-05-06 11:11:33,886 [master] INFO Scraping (653): https://factcheck.kg/ky/mirlan-orozbaev-uluu-zhurt-partii-vse-vmeste-potratili-bolee-100-mln-somov-my-potratili-vsego-300-tysyach-nepravda/
2026-05-06 11:11:35,572 [master] INFO   [UNCERTAIN] Мирлан Орозбаев, “Улуу-Журт”: “Партиялар 100 млн сомдон ашуун кор
2026-05-06 11:11:39,574 [master] INFO Scraping (654): https://factcheck.kg/ky/avtor-zakona-o-smi-murat-ukushov-opyat-popalsya-na-etot-raz-na-plagiate-statej-ria-novosti/
2026-05-06 11:11:41,304 [master] INFO   [REAL] ЖМК жөнүндө мыйзамдын автору кайра кармалды. Бул жолу РИА-Новости
2026-05-06 11:11:45,317 [master] INFO Scraping (655): https://factcheck.kg/ky/baktybek-kalmamatov-predsedatel-verhovnogo-suda-pokazala-chto-odin-iz-kandidatov-ne-mozhet-pojti-na-vybory-ona-podverglas-goneniyam-so-storony-pravoj-ruki-toj-vlasti-nepravda/
2026-05-06 11:11:47,408 [master] INFO   [FAKE] Бактыбек Калмаматов: Талапкерлердин бирөөсүн шайлоого катышууга у
2026-05-06 11:11:51,410 [master] INFO Scraping (656): https://factcheck.kg/ky/https-factcheck-kg-razmer-grudi-ne-uvelichivaetsya-posle-vakczinaczii-rasskazyvaem-pochemu/
2026-05-06 11:11:53,570 [master] INFO   [FAKE] Вакцинадан кийин төш чоңоет деген маалымат чындыкка дал келбейт
2026-05-06 11:11:57,571 [master] INFO Scraping (657): https://factcheck.kg/ky/otkryvali-ploshhadki-predlagali-menyat-nazvaniya-rajonov-otsuzhivali-mandaty-kakoj-byl-tolk-ot-deputatov-kotorye-povtorno-proshli-v-bgk/
2026-05-06 11:11:59,393 [master] INFO   [UNCERTAIN] Шаардык кеңешке кайрадан өткөн депутаттар буга чейин эмне иш жаса
2026-05-06 11:12:03,395 [master] INFO Scraping (658): https://factcheck.kg/ky/meshki-s-zolotom-doma-u-temira-sarieva-nepravda/
2026-05-06 11:12:05,687 [master] INFO   [FAKE] Темир Сариевдин үйүнөн табылган алтын тууралуу маалымат — фейк
2026-05-06 11:12:09,688 [master] INFO Scraping (659): https://factcheck.kg/ky/https-factcheck-kg-obrazovannye-i-bezrabotnye-kto-hochet-popast-v-bgk-1/
2026-05-06 11:12:11,453 [master] INFO   [REAL] “Туран” партиясында бир гана кандидат иштейт. Башка партиялардачы
2026-05-06 11:12:15,456 [master] INFO Scraping (660): https://factcheck.kg/ky/2020/03/
2026-05-06 11:12:17,375 [master] INFO   [FAKE] Month:March 2020
2026-05-06 11:12:21,377 [master] INFO Scraping (661): https://factcheck.kg/ky/dejstvitelno-li-najdena-chudesnym-obrazom-sohranivshayasya-mumiya-ramzesa-ii/
2026-05-06 11:12:23,393 [master] INFO   [REAL] Кылым карытса да, өзгөрүүсүз сакталып келген Рамзес Экинчинин ден
2026-05-06 11:12:27,397 [master] INFO Scraping (662): https://factcheck.kg/ky/klony-kak-svyazany-partii-bizdin-kyrgyzstan-i-mekenim-kyrgyzstan/
2026-05-06 11:12:29,489 [master] INFO   [REAL] Эске салсак, “Кыргыз каганат” –  “Каганат инвест” компанияларынын
2026-05-06 11:12:33,491 [master] INFO Scraping (663): https://factcheck.kg/ky/kitajskie-turisty-plyli-ryadom-s-dikimi-gusyami-na-issyk-kule-proveryaem/
2026-05-06 11:12:35,217 [master] INFO   [REAL] Ысык-Көлдө кытайлык туристтер жапайы каздардын жанында сүзүп жүрд
2026-05-06 11:12:39,219 [master] INFO Scraping (664): https://factcheck.kg/ky/ocherednoj-prognoz-dolgoj-holodnoj-zimy-stoit-li-emu-verit/
2026-05-06 11:12:40,839 [master] INFO   [REAL] Эң суук кыш тууралуу маалымат 4 жылдан бери айтылып келет
2026-05-06 11:12:44,840 [master] INFO Scraping (665): https://factcheck.kg/ky/anomalnoe-yavlenie-v-nebe-nad-issyk-kulem-pravda/
2026-05-06 11:12:46,564 [master] INFO   [REAL] Ысык-Көлдө тартылган таң калычтуу сүрөттү текшеребиз
2026-05-06 11:12:50,565 [master] INFO Scraping (666): https://factcheck.kg/ky/akczii-amerikanskih-bankov-ruhnuli-posle-zayavleniya-bajdena-ob-ih-stabilnosti-proveryaem/
2026-05-06 11:12:52,479 [master] INFO   [REAL] Байдендин америкалык банктардын туруктуулугу тууралуу сөзүнөн кий
2026-05-06 11:12:56,482 [master] INFO Scraping (667): https://factcheck.kg/ky/samoe-staroe-zdanie-vo-franczii-proveryaem/
2026-05-06 11:12:58,237 [master] INFO   [FAKE] Франциядагы эң эски имарат деген чынбы? Текшеребиз
2026-05-06 11:13:02,238 [master] INFO Scraping (668): https://factcheck.kg/ky/u-glavy-rynka-gorda-kara-suu-dvojnoe-grazhdanstvo-faktchek/
2026-05-06 11:13:04,308 [master] INFO   [REAL] «Бир ай мурда тапшырып койдум эле. Бирок жооп келе элек. Кыргызст
2026-05-06 11:13:08,309 [master] INFO Scraping (669): https://factcheck.kg/ky/narushenie-pravil-agitaczii-spikerom-parlamenta-dastanom-dzhumabekovym/
2026-05-06 11:13:10,060 [master] INFO   [REAL] Үгүт жүргүзүү эрежелерин бузган төрага
2026-05-06 11:13:14,062 [master] INFO Scraping (670): https://factcheck.kg/ky/na-skolko-kyrgyzstanczy-stali-bogache-za-poslednie-10-let/
2026-05-06 11:13:15,591 [master] INFO   [REAL] Кыргызстандыктар акыркы 10 жылда канчалык байышты?
2026-05-06 11:13:19,594 [master] INFO Scraping (671): https://factcheck.kg/ky/urmat-nasykulov-reforma-70-gorozhan-eto-peshehody-30-avtomobilisty/
2026-05-06 11:13:21,282 [master] INFO   [REAL] “Биз элден алардын көйгөйлөрү тууралуу сурап чыктык. Эл жолдун же
2026-05-06 11:13:25,283 [master] INFO Scraping (672): https://factcheck.kg/ky/kyrgyz-daniyar-isanov-zhamanga-zhar-salsa%d2%a3-zhamandyk-ketpejt-bashy%d2%a3an/
2026-05-06 11:13:27,025 [master] INFO   [REAL] Данияр ИСАНОВ: Жаманга жар салсаң, жамандык кетпейт башыңан
2026-05-06 11:13:31,026 [master] INFO Scraping (673): https://factcheck.kg/ky/rossijskij-soldat-popavshij-v-plen-v-ukraine-rodom-iz-kyrgyzstana-faktchek/
2026-05-06 11:13:33,174 [master] INFO   [REAL] Украинада туткунга түшкөн орус аскери Кыргызстандан экени чын. Фа
2026-05-06 11:13:37,175 [master] INFO Scraping (674): https://factcheck.kg/ky/faktchek-omikron-ne-raspylyayut-v-bishkeke-samoletom/
2026-05-06 11:13:39,035 [master] INFO   [FAKE] Бишкекте самолеттор “омикрон” чачып жүрөбү? Текшеребиз
2026-05-06 11:13:43,037 [master] INFO Scraping (675): https://factcheck.kg/ky/v-kazahstane-legalizovali-eskort-uslugi-razbiraemsya/
2026-05-06 11:13:44,196 [master] INFO   [REAL] Казакстанда эскорт кызматы мыйзамдаштырылдыбы? Текшеребиз
2026-05-06 11:13:48,202 [master] INFO Scraping (676): https://factcheck.kg/ky/obvalilsya-potolok-chi-kompanii-prinimali-uchastie-v-rekonstrukczii-aeroporta-osh/
2026-05-06 11:13:49,750 [master] INFO   [REAL] “Урап түштү”. Ош аэропортун оңдогон компаниялардын депутаттар мен
2026-05-06 11:13:53,768 [master] INFO Scraping (677): https://factcheck.kg/ky/vspyshka-kori-v-kyrgyzstane-samye-rasprostranennye-mify/
2026-05-06 11:13:55,548 [master] INFO   [UNCERTAIN] Кыргызстанда кызамык оорусу күч алды: эң көп кезиккен мифтер
2026-05-06 11:13:59,549 [master] INFO Scraping (678): https://factcheck.kg/ky/czitata-chek-sadyr-zhaparov-proczitiroval-cherchillya-no-cherchill-takogo-ne-govoril/
2026-05-06 11:14:01,199 [master] INFO   [REAL] Цитата-чек: Садыр Жапаров Черчиллден цитата келтирди, бирок Черчи
2026-05-06 11:14:05,213 [master] INFO Scraping (679): https://factcheck.kg/ky/kanczler-germanii-bismark-zagovoril-v-internete-cherez-100-let-posle-smerti/
2026-05-06 11:14:06,607 [master] INFO   [FAKE] Бисмарктын “биз” деп айтканы, Пруссия менен Германия тууралуу сөз
2026-05-06 11:14:10,610 [master] INFO Scraping (680): https://factcheck.kg/ky/kanybek-imanaliev-na-segodnyashnij-den-sudebnaya-sistema-voennye-ministerstva-i-vnutri-nego-aks-gknb-napryamuyu-podchinyaetsya-prezidentu-manipulyacziya/
2026-05-06 11:14:12,172 [master] INFO   [REAL] Каныбек Иманалиев: Бүгүнкү күндө сот системасы, аскер министрликт
2026-05-06 11:14:16,182 [master] INFO Scraping (681): https://factcheck.kg/ky/v-avstralii-chislo-smertej-ot-koronavirusa-uvelichilos-v-desyatki-raz/
2026-05-06 11:14:17,758 [master] INFO   [REAL] Австралияда таажычан вирустан өлгөндөрдүн саны он эселеп өстүбү?
2026-05-06 11:14:21,759 [master] INFO Scraping (682): https://factcheck.kg/ky/sem-somov-v-den-predsedatel-gorkenesha-predlozhil-otmenit-finansirovanie-pitaniya-dlya-shkolnikov-i-doshkolnikov/
2026-05-06 11:14:23,533 [master] INFO   [REAL] Күнүнө 7 сом. Шаардык кеңештин төрагасы мектеп окуучуларынын жана
2026-05-06 11:14:27,534 [master] INFO Scraping (683): https://factcheck.kg/ky/otkrytye-bazy-dannyh-na-zamke-kakie-svedeniya-teper-skryvayut-vlasti/
2026-05-06 11:14:29,176 [master] INFO   [REAL] Кулпуланган ачык маалыматтар: Бийлик кайсы маалыматтарды жашыра б
2026-05-06 11:14:33,177 [master] INFO Scraping (684): https://factcheck.kg/ky/kak-rossiya-zashhishhaet-russkij-yazyk-v-kyrgyzstane/
2026-05-06 11:14:34,803 [master] INFO   [REAL] “Бизде азыркыга чейин айрым айрым конуштардын аталыштары башка ти
2026-05-06 11:14:38,806 [master] INFO Scraping (685): https://factcheck.kg/ky/2021/12/
2026-05-06 11:14:40,266 [master] INFO   [UNCERTAIN] Month:December 2021
2026-05-06 11:14:44,268 [master] INFO Scraping (686): https://factcheck.kg/ky/v-2022-godu-iz-gosbyudzheta-bylo-potracheno-179-millionov-na-aviaperelety-chinovnikov/
2026-05-06 11:14:45,781 [master] INFO   [FAKE] 2022-жылы аткаминерлердин авиа учууларына  бюджеттен 179 млн сом 
2026-05-06 11:14:49,782 [master] INFO Scraping (687): https://factcheck.kg/ky/skolko-mozhet-stoit-budushhij-samolet-sadyra-zhaparova-factcheck/
2026-05-06 11:14:51,365 [master] INFO   [REAL] Садыр Жапаровдун учагы канча турушу мүмкүн? Factcheck
2026-05-06 11:14:55,368 [master] INFO Scraping (688): https://factcheck.kg/ky/2023/07/
2026-05-06 11:14:56,931 [master] INFO   [FAKE] Month:July 2023
2026-05-06 11:15:00,932 [master] INFO Scraping (689): https://factcheck.kg/ky/novost-o-smerti-dzhordzha-sorosa-ne-sootvetstvuet-dejstvitelnosti/
2026-05-06 11:15:02,529 [master] INFO   [REAL] Жорж Соростун өлүмү тууралуу маалымат чындыкка жатпайт
2026-05-06 11:15:06,539 [master] INFO Scraping (690): https://factcheck.kg/ky/ajmen-kasenov-29-graniczy-s-uzbekistanom-i-47-s-tadzhikistanom-ne-delimitirovany-polupravda/
2026-05-06 11:15:08,053 [master] INFO   [REAL] Аймен Касенов: Өзбекстан менен чек арабыз 29%, Тажикстан менен 47
2026-05-06 11:15:12,054 [master] INFO Scraping (691): https://factcheck.kg/ky/proekt-zakona-o-strategicheskom-planirovanii-v-kyrgyzskoj-respublike-i-ego-spravka-obosnovanie-plagiat/
2026-05-06 11:15:13,708 [master] INFO   [REAL] “Кыргыз Республикасындагы стратегиялык пландаштыруу жөнүндө” мыйз
2026-05-06 11:15:17,716 [master] INFO Scraping (692): https://factcheck.kg/ky/stranicza-partii-kyrgyzstan-v-vikipedii-byla-otredaktirovana-zloumyshlennikami-pravda/
2026-05-06 11:15:19,442 [master] INFO   [REAL] Википедияда “Кыргызстан” партиясы тууралуу маалымат алмаштырылган
2026-05-06 11:15:23,443 [master] INFO Scraping (693): https://factcheck.kg/ky/razdacha-deneg-nuzhdayushhimsya-ot-organizaczii-islamskogo-sotrudnichestva-proveryaem/
2026-05-06 11:15:25,157 [master] INFO   [FAKE] Ислам кызматташуу уюму жардамга муктаждарга акча берип жатабы? Те
2026-05-06 11:15:29,158 [master] INFO Scraping (694): https://factcheck.kg/ky/deklaraczii-chinovnikov-kakoe-imushhestvo-skryl-zampredsedatelya-gkpen-amanbaj-kajypov/
2026-05-06 11:15:30,717 [master] INFO   [UNCERTAIN] Чиновниктердин декларациясы. Аманбай Кайыпов жашырган мүлк
2026-05-06 11:15:34,719 [master] INFO Scraping (695): https://factcheck.kg/ky/panika-po-hantavirusu-manipulyacziya-v-smi-hantavirus-ne-predstavlyaet-epidemiologicheskoj-opasnosti/
2026-05-06 11:15:36,236 [master] INFO   [FAKE] Бирок, алардын көбү хантавирус бир адамдан башка адамга жукпай ту
2026-05-06 11:15:40,237 [master] INFO Scraping (696): https://factcheck.kg/ky/na-shkoly-deneg-net/
2026-05-06 11:15:41,731 [master] INFO   [REAL] Сооронбай Жээнбеков убадасын аткарабы?
2026-05-06 11:15:45,732 [master] INFO Scraping (697): https://factcheck.kg/ky/grazhdanam-rossii-zapretili-sdavat-ekzamen-po-anglijskomu-yazyku-toefl/
2026-05-06 11:15:47,277 [master] INFO   [REAL] Орусиянын жарандарына TOEFL англис тил экзаменин тапшырууга тыюу 
2026-05-06 11:15:51,278 [master] INFO Scraping (698): https://factcheck.kg/ky/v-rossii-zapretyat-dvernye-glazki-proveryaem/
2026-05-06 11:15:52,853 [master] INFO   [FAKE] Россияда эшик көзчөлөрүнө тыюу салынабы? Текшеребиз
2026-05-06 11:15:56,854 [master] INFO Scraping (699): https://factcheck.kg/ky/meriya-ajdarkena-prodaet-drevesinu-v-uzbekistane-proveryaem/
2026-05-06 11:15:58,411 [master] INFO   [REAL] Айдаркен мэриясы кыйылган бактарды Өзбекстанга саттыбы? Фактчек
2026-05-06 11:16:02,412 [master] INFO Scraping (700): https://factcheck.kg/ky/policziya-odessy-podtverdila-fakt-smerti-kadyrzhana-batyrova/
2026-05-06 11:16:03,858 [master] INFO   [REAL] Одессанын полициясы Кадыржан Батыровдун өлүмүн тастыктады
2026-05-06 11:16:07,864 [master] INFO Scraping (701): https://factcheck.kg/ky/2021/06/
2026-05-06 11:16:09,336 [master] INFO   [UNCERTAIN] Month:June 2021
2026-05-06 11:16:13,338 [master] INFO Scraping (702): https://factcheck.kg/ky/2018/12/
2026-05-06 11:16:14,832 [master] INFO   [UNCERTAIN] Month:December 2018
2026-05-06 11:16:18,844 [master] INFO Scraping (703): https://factcheck.kg/ky/rahmon-dejstvitelno-poluchil-orden-ot-putina-u-lidera-tadzhikistana-70-letnij-yubilej/
2026-05-06 11:16:20,496 [master] INFO   [REAL] Рахмон чынында эле Путинден орден алды: Тажикстандын жетекчиси 70
2026-05-06 11:16:24,501 [master] INFO Scraping (704): https://factcheck.kg/ky/2019/06/
2026-05-06 11:16:26,117 [master] INFO   [REAL] Month:June 2019
2026-05-06 11:16:30,119 [master] INFO Scraping (705): https://factcheck.kg/ky/rashody-zhogorku-kenesha-v-aprele-na-2-mln-somov-bolshe-chem-v-marte-pravda/
2026-05-06 11:16:31,658 [master] INFO   [REAL] Жогорку Кеңештин апрелдеги чыгымы марттыкынан 2 млн сомго көп
2026-05-06 11:16:35,660 [master] INFO Scraping (706): https://factcheck.kg/ky/2024/05/
2026-05-06 11:16:37,091 [master] INFO   [UNCERTAIN] Month:May 2024
2026-05-06 11:16:41,106 [master] INFO Scraping (707): https://factcheck.kg/ky/kubatbek-alymbekov-patrioticheskoj-partii-edineniya-kyrgyzstana-my-vyberem-novye-kadry-unichtozhim-starye-kadry-nepravda/
2026-05-06 11:16:42,515 [master] INFO   [REAL] Кубатбек Алымбеков, “Кыргызстанды бириктирүүчү патриоттук партия”
2026-05-06 11:16:46,516 [master] INFO Scraping (708): https://www.facebook.com/factcheck.kg
2026-05-06 11:16:47,620 [master] WARNING Failed https://www.facebook.com/factcheck.kg: 400 Client Error: Bad Request for url: https://www.facebook.com/factcheck.kg
2026-05-06 11:16:47,620 [master] INFO   ✗ Skipped
2026-05-06 11:16:51,643 [master] INFO Scraping (708): https://factcheck.kg/ky/dejstvitelno-li-mumii-egipetskogo-faraona-ramzesa-ii-vydali-pasport/
2026-05-06 11:16:53,155 [master] INFO   [REAL] Египет фараонунун «паспортун» текшеребиз
2026-05-06 11:16:57,157 [master] INFO Scraping (709): https://factcheck.kg/ky/spravki-o-vakczinaczii-nedostatochno-pri-vezde-v-kyrgyzstan-chto-nuzhno-eshhe/
2026-05-06 11:16:58,627 [master] INFO   [REAL] Кыргызстанга кирүү үчүн эмделүү жетишсизби?
2026-05-06 11:17:02,632 [master] INFO Scraping (710): https://factcheck.kg/ky/lozh-i-manipulyacziya-v-vystuplenii-sadyra-zhaparova-v-oshe/
2026-05-06 11:17:04,321 [master] INFO   [FAKE] Жапаровдун Ошто сүйлөгөн сөзүндөгү калпы жана манипуляциясы
2026-05-06 11:17:08,323 [master] INFO Scraping (711): https://factcheck.kg/ky/garderob-sadyra-zhaparova-eshhe-odna-kurtka-moorer-za-158-tysyach-somov-2/
2026-05-06 11:17:10,001 [master] INFO   [REAL] Садыр Жапаровдун гардеробу: 158 миң сом турган дагы бир MooRER ку
2026-05-06 11:17:14,016 [master] INFO Scraping (712): https://factcheck.kg/ky/kak-moshenniki-ispolzuyut-dipfejki-i-pohishhayut-dengi-factcheck/
2026-05-06 11:17:15,597 [master] INFO   [FAKE] Кантип шылуундар дипфейктерди колдонуп, акчаны уурдашууда? Factch
2026-05-06 11:17:19,606 [master] INFO Scraping (713): https://factcheck.kg/ky/sotrudniki-mvd-hodyat-ot-dveri-k-dveri-i-prosyat-sdelat-fotografii-proveryaem/
2026-05-06 11:17:21,075 [master] INFO   [REAL] «Урматтуу жарандар, силер үчүн маанилүү маалымат:*Коопсуздук үчүн
2026-05-06 11:17:25,077 [master] INFO Scraping (714): https://factcheck.kg/ky/virusnoe-video-ukrainskij-bajraktar-otrabotal-po-rossijskim-czelyam-fejk/
2026-05-06 11:17:26,547 [master] INFO   [UNCERTAIN] “Украинада “Байрактар” Орусиянын танктарын талкалап жатат” делген
2026-05-06 11:17:30,550 [master] INFO Scraping (715): https://factcheck.kg/ky/chto-ne-tak-s-chastichnoj-mobilizacziej-manipulyacziya-prezidenta-rossii/
2026-05-06 11:17:32,102 [master] INFO   [UNCERTAIN] “Жарым-жартылай” мобилизация жөнүндө маалыматтар кайдан чыкты? Ор
2026-05-06 11:17:36,104 [master] INFO Scraping (716): https://factcheck.kg/ky/prizovaya-akcziya-ot-moshennikov-k-chetyrehletiyu-asia-mall/
2026-05-06 11:17:37,268 [master] INFO   [REAL] Asia Mall соода борборунан акция тууралуу маалымат – фейк
2026-05-06 11:17:41,270 [master] INFO Scraping (717): https://factcheck.kg/ky/manipulyacziya-slovami-melisa-myrzakmatova/
2026-05-06 11:17:42,414 [master] INFO   [FAKE] Мелис Мырзакматовдун сөзү кантип бурмаланды?
2026-05-06 11:17:46,415 [master] INFO Scraping (718): https://factcheck.kg/ky/posledstviya-razrusheniya-plotiny-kahovskoj-ges-hronologiya-do-segodnyashnego-dn/
2026-05-06 11:17:47,510 [master] INFO   [REAL] Каховка ГЭСи – Днепр ГЭСтер каскадынын алтынчысы (төмөнкүсү жана 
2026-05-06 11:17:51,511 [master] INFO Scraping (719): https://factcheck.kg/ky/lozh-minzdrava-o-testah-ot-fonda-matraimovyh/
2026-05-06 11:17:52,883 [master] INFO   [REAL] Саламаттык сактоо министрлигинин Матраимовдордун тести боюнча кал
2026-05-06 11:17:56,885 [master] INFO Scraping (720): https://factcheck.kg/ky/2023/06/
2026-05-06 11:17:58,372 [master] INFO   [FAKE] Month:June 2023
2026-05-06 11:18:02,373 [master] INFO Scraping (721): https://factcheck.kg/ky/neopoznannyj-obekt-v-nebe-moskvy-ili-obychnoe-fizicheskoe-yavlenie-vyyasnyaem/
2026-05-06 11:18:04,148 [master] INFO   [REAL] Үндөн да ылдам болгон импулстуу плазма агымдарынын белгилүү бир ш
2026-05-06 11:18:08,150 [master] INFO Scraping (722): https://factcheck.kg/ky/2020/12/
2026-05-06 11:18:09,515 [master] INFO   [REAL] Month:December 2020
2026-05-06 11:18:13,521 [master] INFO Scraping (723): https://factcheck.kg/ky/kakie-gosuchrezhdeniya-zakupili-ochistiteli-vozduha/
2026-05-06 11:18:15,084 [master] INFO   [UNCERTAIN] Кайсы мамлекеттик мекемелер аба тазалагычтарды сатып алышты?
2026-05-06 11:18:19,089 [master] INFO Scraping (724): https://factcheck.kg/ky/rukovodit-kompaniej-oshhushhaet-zapahi-vyyavlyaet-covid-na-chto-sposoben-ii-uzhe-segodnya/
2026-05-06 11:18:20,677 [master] INFO   [FAKE] Компанияны башкарат, жыттарды сезет, COVIDди аныктайт. ЖИ бүгүн д
2026-05-06 11:18:24,677 [master] INFO Scraping (725): https://factcheck.kg/ky/chto-proishodit-s-novymi-gospredpriyatiyami-i-proektami-pravitelstva-chast-2/
2026-05-06 11:18:26,018 [master] INFO   [REAL] Жаңы мамлекеттик ишканалар жана өкмөттүн долбоорлору – 2-бөлүк
2026-05-06 11:18:30,019 [master] INFO Scraping (726): https://factcheck.kg/ky/v-turczii-otelerov-zastavlyayut-otmenyat-bronirovaniya-rossijskih-turistov/
2026-05-06 11:18:31,155 [master] INFO   [REAL] Түркияда отельерлерди орус туристтердин брондорун жокко чыгарууга
2026-05-06 11:18:35,157 [master] INFO Scraping (727): https://factcheck.kg/ky/11765-2/
2026-05-06 11:18:36,385 [master] INFO   [UNCERTAIN] (Русский) Новостей нет. Есть давление на СМИ
2026-05-06 11:18:40,388 [master] INFO Scraping (728): https://factcheck.kg/ky/zhena-deputata-zhk-muradila-sydykova-vyigryvaet-gostendery-na-stroitelstvo/
2026-05-06 11:18:41,601 [master] INFO   [REAL] osoo.kg, негиздөөчү документтер
2026-05-06 11:18:45,604 [master] INFO Scraping (729): https://factcheck.kg/ky/2022/02/
2026-05-06 11:18:46,673 [master] INFO   [UNCERTAIN] Month:February 2022
2026-05-06 11:18:50,675 [master] INFO Scraping (730): https://factcheck.kg/ky/povtornye-vybory-po-sverdlovskomu-okrugu-ballotiruyutsya-storonniki-matraimova-i-eks-chinovniki/
2026-05-06 11:18:51,962 [master] INFO   [REAL] Свердлов районунан кайра шайлоого мурдагы чиновниктер жана Матраи
2026-05-06 11:18:55,963 [master] INFO Scraping (731): https://factcheck.kg/ky/faktchek-rossiya-s-9-yanvarya-ogranichivaet-vyezd-voennoobyazannym/
2026-05-06 11:18:57,310 [master] INFO   [FAKE] Фактчек: Орусия 9-январдан тарта аскер кызматына милдеттүүлөрдүн 
2026-05-06 11:19:01,312 [master] INFO Scraping (732): https://factcheck.kg/ky/v-kazahstane-iz-za-anomalnyh-vetrov-i-morozov-zhivotnye-zamerzayut-na-hodu-proveryaem/
2026-05-06 11:19:02,621 [master] INFO   [REAL] Казакстанда катуу шамалдан жана сууктан жаныбарлар басып бараткан
2026-05-06 11:19:06,623 [master] INFO Scraping (733): https://factcheck.kg/ky/pensiyu-perestanut-nachislyat-esli-ne-pereregistrirovatsya-v-soczfonde-fejk/
2026-05-06 11:19:08,137 [master] INFO   [UNCERTAIN] “Келишимде көрсөтүлгөндөй, пенсионерлер ар бир жарым жылда пенсия
2026-05-06 11:19:12,139 [master] INFO Scraping (734): https://factcheck.kg/ky/toktajym-umetalieva-zhashasyn-kyrgyzstan-v-nashej-politicheskoj-programme-osnovnoe-mesto-udeleno-pensionnoj-reforme-nepravda/
2026-05-06 11:19:13,643 [master] INFO   [FAKE] Токтайым Үмөталиева, “Жашасын Кыргызстан”: “Биздин программанын н
2026-05-06 11:19:17,655 [master] INFO Scraping (735): https://factcheck.kg/ky/elektroenergiya-po-czene-70-tyjynov-prodaetsya-na-170-tyjynov-dorozhe-nepravda/
2026-05-06 11:19:19,200 [master] INFO   [FAKE] 70 тыйындык электр энергиясына 170 тыйын кошулат деген маалымат ж
2026-05-06 11:19:23,209 [master] INFO Scraping (736): https://factcheck.kg/ky/popolnenie-byudzheta-do-milliarda-somov-kto-v-kyrgyzstane-dobyvaet-chernoe-zoloto/
2026-05-06 11:19:25,055 [master] INFO   [REAL] Бюджетти миллиард сомго чейин толтуруу: Кыргызстанда “кара алтынд
2026-05-06 11:19:29,060 [master] INFO Scraping (737): https://factcheck.kg/ky/pora-privykat-prezident-sadyr-zhaparov-snova-poletel-na-chastnom-samolete-za-2-59-mln-somov/
2026-05-06 11:19:30,650 [master] INFO   [REAL] Көнүмүш көрүнүш. Президент Садыр Жапаров кайра жеке менчик учак м
2026-05-06 11:19:34,654 [master] INFO Scraping (738): https://factcheck.kg/ky/indeks-svobody-pressy-2024-kakoe-mesto-zanyal-kyrgyzstan-sosedi-i-soyuzniki/
2026-05-06 11:19:36,141 [master] INFO   [REAL] Басма сөз эркиндигинин индекси-2024: Кыргызстан, кошуналары жана 
2026-05-06 11:19:40,142 [master] INFO Scraping (739): https://factcheck.kg/ky/bliznecz-gulnary-dzhurabaevoj-ili-fejkovyj-akkaunt-proveryaem/
2026-05-06 11:19:41,674 [master] INFO   [FAKE] “Фейсбукта” БШКнын мүчөсүнүн эгизи пайда болдубу? Текшеребиз
2026-05-06 11:19:45,675 [master] INFO Scraping (740): https://factcheck.kg/ky/minyust-sravnil-kyrgyzstan-s-zapadom-pravda-li-chto-kleveta-v-evrope-ugolovnoe-prestuplenie/
2026-05-06 11:19:46,777 [master] INFO   [FAKE] Юстиция министрлиги Кыргызстанды Батыш өлкөлөрү менен салыштырды:
2026-05-06 11:19:50,778 [master] INFO Scraping (741): https://factcheck.kg/ky/faktchek-kitaj-mozhet-stat-ezhegodnym-postavshhikom-novogo-shtamma-koronavirusa/
2026-05-06 11:19:51,932 [master] INFO   [REAL] “Азыр Кытай нөл сабырдуулук саясатынан кайтып, эпидемияга каршы ч
2026-05-06 11:19:55,943 [master] INFO Scraping (742): https://factcheck.kg/ky/kyrgyz-%d2%afch-adamdyn-%d3%a9l%d2%afm%d2%afn-chagyldyrgan-medialardyn-ishindegi-ojgo-salgan-ajrym-zhagdajlar/
2026-05-06 11:19:57,279 [master] INFO   [REAL] “Журналист кылмыштардын, кырсыктардын жана чукул кырдаалдардын ку
2026-05-06 11:20:01,280 [master] INFO Scraping (743): https://factcheck.kg/ky/uchenye-nashli-dokazatelstva-laboratornogo-proishozhdeniya-covid-19-proveryaem/
2026-05-06 11:20:03,131 [master] INFO   [REAL] Бирок The Nature макаласынын авторлору  SARS-CoV-2  вирусунун лаб
2026-05-06 11:20:07,145 [master] INFO Scraping (744): https://factcheck.kg/ky/deputaty-trebuyut-unichtozhit-svoi-deklaraczii-a-vse-chto-nazhito-do-etogo-legalizovat/
2026-05-06 11:20:08,534 [master] INFO   [REAL] Депутаттар декларацияларын жок кылууну, а мурда топтогон байлыгын
2026-05-06 11:20:12,536 [master] INFO Scraping (745): https://factcheck.kg/ky/faktchek-informacziya-podtverdilas-desyatnikov-grazhdanin-rf/
2026-05-06 11:20:13,904 [master] INFO   [FAKE] Фактчек. Маалымат чын болуп чыкты: Десятников – РФ жараны.
2026-05-06 11:20:17,906 [master] INFO Scraping (746): https://factcheck.kg/ky/2020/10/
2026-05-06 11:20:19,420 [master] INFO   [FAKE] Month:October 2020
2026-05-06 11:20:23,421 [master] INFO Scraping (747): https://factcheck.kg/ky/sibirskaya-yazva-v-kyrgyzstane-mozhno-li-est-kolbasnye-izdeliya-fastfud-i-samsy/
2026-05-06 11:20:25,176 [master] INFO   [REAL] «Этти жегенден кийин бир нече адамда сибирь жараларынын белгилери
2026-05-06 11:20:29,177 [master] INFO Scraping (748): https://factcheck.kg/ky/kyrgyz-kyrgyzstandagy-faktchek/
2026-05-06 11:20:30,685 [master] INFO   [FAKE] “2017-жылы улут, аймак аралык кастыкты козгогон фейктер толуп кет
2026-05-06 11:20:34,687 [master] INFO Scraping (749): https://factcheck.kg/ky/eskizy-novogo-stadiona-v-bishkeke-kopiya-ledovoj-areny-v-samare/
2026-05-06 11:20:36,276 [master] INFO   [REAL] «”Бишкекбашкыархитектура” муниципалдык ишканасынын адистери тараб
2026-05-06 11:20:40,279 [master] INFO Scraping (750): https://factcheck.kg/ky/kazahi-zabili-do-smerti-treh-arabov-kto-i-zachem-opublikoval-fejk-novost/
2026-05-06 11:20:41,906 [master] INFO   [REAL] «Казактардын ур-токмогунан үч араб көз жумду». Жалган маалыматты 
2026-05-06 11:20:45,908 [master] INFO Scraping (751): https://factcheck.kg/ky/alabuga-kak-kyrgyzstanok-privlekayut-na-rabotu-v-meste-sborki-iranskih-dronov/
2026-05-06 11:20:47,505 [master] INFO   [REAL] «Алабуга» ӨЭА Орусиянын эң натыйжалуу өзгөчө экономикалык аймакта
2026-05-06 11:20:51,506 [master] INFO Scraping (752): https://factcheck.kg/ky/kak-u-vlasti-poyavlyayutsya-sobstvennye-politologi-na-primere-odnogo-eksperta-i-gosudarstvennogo-sajta/
2026-05-06 11:20:53,333 [master] INFO   [REAL] Бийликти жактаган саясат талдоочулар кантип жаралат: Бир экспертт
2026-05-06 11:20:57,334 [master] INFO Scraping (753): https://factcheck.kg/ky/pyataya-versiya-zakonoproekta-o-smi-predlozheniya-grazhdan-ne-uchli-a-takzhe-dobavili-novye-ogranicheniya/
2026-05-06 11:20:58,918 [master] INFO   [REAL] Соттуулугу жоюлган адамдар шайлоого катыша алат, бирок “Массалык 
2026-05-06 11:21:02,924 [master] INFO Scraping (754): https://factcheck.kg/ky/obratnaya-svyaz/
2026-05-06 11:21:04,565 [master] INFO   [UNCERTAIN] Байланыш
2026-05-06 11:21:08,566 [master] INFO Scraping (755): https://factcheck.kg/ky/ocherednaya-rassylka-ot-moshennikov-v-whatsapp-podarochnye-karty-amazon/
2026-05-06 11:21:10,001 [master] INFO   [REAL] “Амазондон” белек тууралуу маалымат — фейк
2026-05-06 11:21:14,001 [master] INFO Scraping (756): https://factcheck.kg/ky/razyarennaya-tolpa-protiv-evakuirovannyh-iz-kitaya-pravda-ili-fejk/
2026-05-06 11:21:15,667 [master] INFO   [REAL] «Украина – бул Европа, бирок  Украина орто кылымда калган Европа 
2026-05-06 11:21:19,667 [master] INFO Scraping (757): https://factcheck.kg/ky/ovcza-v-marshrutke-fotoshop/
2026-05-06 11:21:21,506 [master] INFO   [FAKE] Коомдук транспорттогу койдун сүрөтү фейкпи?
2026-05-06 11:21:25,507 [master] INFO Scraping (758): https://factcheck.kg/ky/svinobaran-ili-ovczesvinya-razoblachaem-video-o-gennoj-mutaczii-ovecz/
2026-05-06 11:21:27,100 [master] INFO   [REAL] Фактчек. Кой менен чочко аргындаштырылганбы?
2026-05-06 11:21:31,101 [master] INFO Scraping (759): https://factcheck.kg/ky/fejk-video-pro-novorozhdennogo-iz-mogily/
2026-05-06 11:21:32,801 [master] INFO   [FAKE] Мүрзөдөгү ымыркай тууралуу фейк
2026-05-06 11:21:36,803 [master] INFO Scraping (760): https://factcheck.kg/ky/kto-vladeet-klinikoj-bikard-v-kotoroj-lezhat-osobennye-zaklyuchennye/
2026-05-06 11:21:38,567 [master] INFO   [FAKE] Kloop.kgмаалыматына ылайык, Бакырдин Бекбоев – мурдагы президент 
2026-05-06 11:21:42,568 [master] INFO Scraping (761): https://factcheck.kg/ky/obyavlyaem-zapusk-novogo-proekta-shkola-mediagramotnosti-i-czifrovoj-bezopasnosti/
2026-05-06 11:21:44,209 [master] INFO   [FAKE] “Медиасабаттуулук жана санариптик коопсуздук мектеби” жаңы долбоо
2026-05-06 11:21:48,211 [master] INFO Scraping (762): https://factcheck.kg/ky/shtraf-za-ispolzovanie-interneta-ilona-maska-v-rossii-nepravda/
2026-05-06 11:21:49,712 [master] INFO   [REAL] Илон Масктын интернетин колдонгондорго айып пул салынабы?
2026-05-06 11:21:53,715 [master] INFO Scraping (763): https://factcheck.kg/ky/7215-2/
2026-05-06 11:21:55,444 [master] INFO   [REAL] Болотбек Бийбосунов, “Кыргызстан жашылдар партиясы”: “Биздин парт
2026-05-06 11:21:59,446 [master] INFO Scraping (764): https://factcheck.kg/ky/onlajn-faktcheking-vyskazyvanij-deputatov-na-teledebatah/
2026-05-06 11:22:01,082 [master] INFO   [REAL] Депутаттыкка талапкерлердин билдирүүлөрүн онлайн-текшерүү
2026-05-06 11:22:05,082 [master] INFO Scraping (765): https://factcheck.kg/ky/2019/05/
2026-05-06 11:22:06,591 [master] INFO   [UNCERTAIN] Month:May 2019
2026-05-06 11:22:10,593 [master] INFO Scraping (766): https://factcheck.kg/ky/foto-gde-putin-smotrit-debaty-poroshenko-s-zelenskim-fejk/
2026-05-06 11:22:12,036 [master] INFO   [UNCERTAIN] Путин Зеленскийдин катышуусундагы дебатты көргөнбу?
2026-05-06 11:22:16,037 [master] INFO Scraping (767): https://factcheck.kg/ky/lishenie-zheenbekova-statusa-eks-prezidenta-prichiny-i-posledstviya/
2026-05-06 11:22:17,726 [master] INFO   [UNCERTAIN] Жээнбековду экс-президент макамынан ажыратуу: себептери жана кесе
2026-05-06 11:22:21,728 [master] INFO Scraping (768): https://factcheck.kg/ky/fejk-o-proizvodstve-iskusstvennogo-myasa-v-kitae/
2026-05-06 11:22:23,402 [master] INFO   [FAKE] Кытайда жасалма этти өндүрүү боюнча фейк
2026-05-06 11:22:27,403 [master] INFO Scraping (769): https://factcheck.kg/ky/bolotbek-bijbosunov-partiya-zelenyh-kyrgyzstana-po-dannym-naczstatkoma-srednyaya-zp-po-kr-kolebletsya-v-predelah-15-tysyach-somov-nepravda/
2026-05-06 11:22:29,073 [master] INFO   [REAL] Болотбек Бийбосунов, “Кыргызстан жашылдар партиясы”: “Кыргызстанд
2026-05-06 11:22:33,073 [master] INFO Scraping (770): https://factcheck.kg/ky/fejki-i-manipulyaczii-vo-vremya-vizita-putina-v-kyrgyzstan/
2026-05-06 11:22:34,594 [master] INFO   [REAL] Путиндин Кыргызстанга келген учурда жайылган фейктер жана манипул
2026-05-06 11:22:38,595 [master] INFO Scraping (771): https://factcheck.kg/ky/top-10-samyh-chitaemyh-materialov-na-sajte-factcheck-kg-za-4-goda/
2026-05-06 11:22:40,172 [master] INFO   [FAKE] Посмотреть эту публикацию в InstagramПубликация от FACTCHECK.KG Ф
2026-05-06 11:22:44,174 [master] INFO Scraping (772): https://factcheck.kg/ky/passazhirov-snimayut-s-aviarejsov-za-neuplatu-shtrafa-po-bezopasnomu-gorodu-proveryaem/
2026-05-06 11:22:45,955 [master] INFO   [REAL] “Коопсуз шаар” долбоору боюнча айып пул төлөбөгөндөр өлкөдөн чыга
2026-05-06 11:22:49,958 [master] INFO Scraping (773): https://factcheck.kg/ky/skolko-zarabotali-mery-i-vicze-mery-v-2021-godu-proveryaem/
2026-05-06 11:22:51,527 [master] INFO   [REAL] Мэрлер жана вице-мэрлер 2021-жылы канча табышты? Текшеребиз
2026-05-06 11:22:55,528 [master] INFO Scraping (774): https://factcheck.kg/ky/facebook-predlozhil-denezhnuyu-kompensacziyu-za-vremennuyu-deaktivacziyu-stranicz-pravda/
2026-05-06 11:22:57,071 [master] INFO   [UNCERTAIN] “Фейсбук” колдонуучуларга баракчаларды убактылуу өчүргөндүгү үчүн
2026-05-06 11:23:01,071 [master] INFO Scraping (775): https://factcheck.kg/ky/samyj-bolshoj-v-mire-samolet-an-225-mriya-byl-razrushen-pod-kievom-proveryaem/
2026-05-06 11:23:02,792 [master] INFO   [REAL] “Гостомелдеги аэродромдун аймагында салгылашуулар жүрүп жатат. Уч
2026-05-06 11:23:06,794 [master] INFO Scraping (776): https://factcheck.kg/ky/doma-dlya-postradavshih-na-granicze-stroit-kompaniya-samozahvatchika-kyrgyzaltyna/
2026-05-06 11:23:08,498 [master] INFO   [REAL] Чек арада жабыркагандарга үй кургандар кимдер? Текшеребиз
2026-05-06 11:23:12,499 [master] INFO Scraping (777): https://factcheck.kg/ky/4598-2/
2026-05-06 11:23:14,229 [master] INFO   [REAL] “Вашингтон Пост” Рахмонду кескин сынга алганы жалган
2026-05-06 11:23:18,230 [master] INFO Scraping (778): https://factcheck.kg/ky/metapnevmovirus-opasnee-koronavirusa-proveryaem/
2026-05-06 11:23:19,942 [master] INFO   [REAL] Метапневмовирус таажычан вирустан дагы коркунучтуубу? Текшеребиз
2026-05-06 11:23:23,943 [master] INFO Scraping (779): https://factcheck.kg/ky/apple-preduprezhdaet-o-massovyh-hakerskih-atakah-proveryaem/
2026-05-06 11:23:25,734 [master] INFO   [REAL] Жабыр тарткан кардарларына компания төмөнкү мазмундагы билдирүүлө
2026-05-06 11:23:29,735 [master] INFO Scraping (780): https://factcheck.kg/ky/byvshij-kyrgyzskij-chinovnik-popal-v-sankczionnyj-spisok-ssha-iz-za-prodazhi-zapreshhennyh-tovarov-v-rossiyu/
2026-05-06 11:23:31,247 [master] INFO   [REAL] Мурдагы кыргыз аткаминери тыюу салынган товарларды Орусияга сатка
2026-05-06 11:23:35,249 [master] INFO Scraping (781): https://factcheck.kg/ky/kyrgyz-ysyk-k%d3%a9ld%d3%a9-zhylkylardyn-oorugany-chyn-birok-alardan-koronavirus-anyktalgan-zhok/
2026-05-06 11:23:36,830 [master] INFO   [REAL] Ысык-Көлдө жылкылардын ооруганы чын. Бирок алардан коронавирус ан
2026-05-06 11:23:40,842 [master] INFO Scraping (782): https://factcheck.kg/ky/sovetbek-zakirov-aruuzat-el-kutu-programma-regionalnogo-razvitiya-ne-razrabotana-nepravda/
2026-05-06 11:23:42,339 [master] INFO   [REAL] Советбек Зикиров, “Аруузат-Эл-Куту”:  “Аймактарды өнүктүрүү прогр
2026-05-06 11:23:46,342 [master] INFO Scraping (783): https://factcheck.kg/ky/https-factcheck-kg-ky-nurzhigit-kadyrbekov-yjman-nuru-v-god-ot-migrantov-iz-rossii-v-kyrgyzstan-postupaet-3-mlrd-nepravda/
2026-05-06 11:23:47,878 [master] INFO   [UNCERTAIN] Нуржигит Кадырбеков, “Ыйман нуру”: “Жылына мигранттардан өлкөгө 3
2026-05-06 11:23:51,881 [master] INFO Scraping (784): https://factcheck.kg/ky/komanda-factcheck-kg/
2026-05-06 11:23:53,348 [master] INFO   [UNCERTAIN] Factcheck.kg командасы
2026-05-06 11:23:57,359 [master] INFO Scraping (785): https://factcheck.kg/ky/svat-sadyra-zhaparova-press-sekretar-bakieva-eks-chinovniki-kto-eshhe-proshel-po-odnomandatnym-okrugam/
2026-05-06 11:23:59,134 [master] INFO   [REAL] Жапаровдун кудасы, Бакиевдин катчысы. Бир мандаттуу округдардан к
2026-05-06 11:24:03,136 [master] INFO Scraping (786): https://factcheck.kg/ky/2023/11/
2026-05-06 11:24:04,541 [master] INFO   [FAKE] Month:November 2023
2026-05-06 11:24:08,552 [master] INFO Scraping (787): https://factcheck.kg/ky/nezakonnoe-stroitelstvo-v-kirgizii-1-kto-za-etim-stoit/
2026-05-06 11:24:09,996 [master] INFO   [REAL] Киргизия-1 жаңы конушундагы мыйзамсыз курулуштун артында ким тура
2026-05-06 11:24:13,998 [master] INFO Scraping (788): https://factcheck.kg/ky/byvshie-osuzhdennye-chinovniki-kandidaty-v-deputaty-kto-hozyaeva-domofonnyh-kompanij-bishkeka/
2026-05-06 11:24:15,684 [master] INFO   [REAL] Керектөөчү товардын (иштин, кызматтын) иш жүзүндө алынган саны үч
2026-05-06 11:24:19,688 [master] INFO Scraping (789): https://factcheck.kg/ky/fotofakt-sadyr-zhaparov-stoit-pozadi-askara-akaeva-kogda-i-gde-sdelano-foto/
2026-05-06 11:24:21,242 [master] INFO   [REAL] Фотофакт: Садыр Жапаров менен Аскар Акаевдин сүрөтүнүн таржымалы
2026-05-06 11:24:25,255 [master] INFO Scraping (790): https://factcheck.kg/ky/trebovanie-kitajskoj-storony-o-vakczinaczii-70-naseleniya-kyrgyzstana-eto-fejk/
2026-05-06 11:24:26,650 [master] INFO   [UNCERTAIN] Мындан көп өтпөй Мамлекеттик бажы кызматы эмдөө жалпы кыргыз элин
2026-05-06 11:24:30,651 [master] INFO Scraping (791): https://factcheck.kg/ky/dimash-kudajbergenov-rodom-iz-kazahskogo-plemeni-kyrgyz-pravda/
2026-05-06 11:24:32,198 [master] INFO   [REAL] Димаш Кудайбергенов Казакстандын кыргыз уруусунанбы?
2026-05-06 11:24:36,210 [master] INFO Scraping (792): https://factcheck.kg/ky/fotochek-simonyan-nachala-pereobuvatsya-i-usomnilas-v-neobhodimosti-vojny-s-ukrainoj/
2026-05-06 11:24:37,795 [master] INFO   [FAKE] Эскерте кетсек, Маргарита Симоньян Sputnik жана РИА «Новости» маа
2026-05-06 11:24:41,801 [master] INFO Scraping (793): https://factcheck.kg/ky/youtube-zapretyat-v-rossii-s-1-fevralya-2021-goda-nepravda/
2026-05-06 11:24:43,538 [master] INFO   [FAKE] Россияда 1 февралдан баштап YouTube жабылабы?
2026-05-06 11:24:47,539 [master] INFO Scraping (794): https://factcheck.kg/ky/kto-prihodit-v-belyj-dom-13-neliczepriyatnyh-faktov-o-novom-deputate-nurbeke-murasheve/
2026-05-06 11:24:49,284 [master] INFO   [REAL] 2014-жылдын февраль айында Улуттук госпиталдын дарыгеринин арызын
2026-05-06 11:24:53,285 [master] INFO Scraping (795): https://factcheck.kg/ky/professor-saudovskogo-universiteta-byl-prigovoren-k-smertnoj-kazni-proveryaem/
2026-05-06 11:24:54,829 [master] INFO   [REAL] “Реформаларды колдогон сауд университетинин профессору Авад Аль-К
2026-05-06 11:24:58,837 [master] INFO Scraping (796): https://factcheck.kg/ky/deklaraczii-sudej-u-nekotoryh-net-zhilya-no-pri-etom-vse-oni-bogache-prezidenta-v-neskolko-raz/
2026-05-06 11:25:00,444 [master] INFO   [REAL] Судьялардын декларациялары: Айрымдарынын үйлөрү жок, бирок аларды
2026-05-06 11:25:04,446 [master] INFO Scraping (797): https://factcheck.kg/ky/2020/08/
2026-05-06 11:25:06,504 [master] INFO   [REAL] Month:August 2020
2026-05-06 11:25:10,505 [master] INFO Scraping (798): https://factcheck.kg/ky/shvejczarskij-uchyonyj-dokazal-chudodejstvennoe-svojstvo-daarata-fejk/
2026-05-06 11:25:13,159 [master] INFO   [FAKE] Даараттын кереметтүү касиети тууралуу видео — фейк
2026-05-06 11:25:17,161 [master] INFO Scraping (799): https://factcheck.kg/ky/zhanar-akaev-alyans-gosdolg-kyrgyzstana-na-segodnya-sostavlyaet-4-5-mlrd-nepravda/
2026-05-06 11:25:18,730 [master] INFO   [FAKE] Жанар Акаев, “Альянс”: “Мамлекеттик карыз 4.5 млрд долларды түзөт
2026-05-06 11:25:22,741 [master] INFO Scraping (800): https://factcheck.kg/ky/chernyj-lev-mif-ili-realnost-proveryaem/
2026-05-06 11:25:24,690 [master] INFO   [REAL] Кара арстандын бар экени чынбы же имишпи? Текшеребиз
2026-05-06 11:25:28,691 [master] INFO Scraping (801): https://factcheck.kg/ky/pervyj-kanal-pokazal-fotografiyu-bonni-i-klajda-vo-vremya-prazdnichnogo-konczerta-ko-dnyu-pobedy/
2026-05-06 11:25:30,237 [master] INFO   [REAL] Эске салсак, Бонни Паркер жана Клайд Барроу (англ. Bonnie Parker 
2026-05-06 11:25:34,246 [master] INFO Scraping (802): https://factcheck.kg/ky/2018/09/
2026-05-06 11:25:35,699 [master] INFO   [REAL] Month:September 2018
2026-05-06 11:25:39,702 [master] INFO Scraping (803): https://factcheck.kg/ky/ocherednoj-zagovor-sozdatel-vakcziny-sputnik-v-svyazan-s-billom-gejtsom/
2026-05-06 11:25:41,190 [master] INFO   [REAL] “Спутник V” вакцинасынын жаратуучусу Билл Гейтс менен байланыштаб
2026-05-06 11:25:45,191 [master] INFO Scraping (804): https://factcheck.kg/ky/baktybek-kalmamatov-po-zakonu-i-o-prezidenta-ne-imeet-prava-naznachat-glavu-gknb-lozh/
2026-05-06 11:25:46,673 [master] INFO   [REAL] Бактыбек Калмаматов: Мыйзам боюнча президенттин милдетин аткарууч
2026-05-06 11:25:50,674 [master] INFO Scraping (805): https://factcheck.kg/ky/biznes-semi-toktobubu-orgalcha-problemy-s-bezopasnym-gorodom-i-svyazi-s-kitaem/
2026-05-06 11:25:52,261 [master] INFO   [REAL] Оргалчанын үй-бүлөлүк бизнеси: “Коопсуз шаар” жана Кытай менен бо
2026-05-06 11:25:56,263 [master] INFO Scraping (806): https://factcheck.kg/ky/8888-lozh-i-manipulyaczii-v-soobshheniyah-press-sluzhby-guobdd/
2026-05-06 11:25:57,637 [master] INFO   [REAL] Посмотреть эту публикацию в InstagramИнтернетте Руслан Харизов ат
2026-05-06 11:26:01,643 [master] INFO Scraping (807): https://factcheck.kg/ky/intervyu-batukaeva-ob-atambaeve-kto-rasprostranyaet-fejk/
2026-05-06 11:26:03,176 [master] INFO   [REAL] Батукаев Атамбаев тууралуу интервью бергенби? Фейк таратууга ким 
2026-05-06 11:26:07,176 [master] INFO Scraping (808): https://factcheck.kg/ky/golosovanie-na-domu-s-pristrastiem-chto-izvestno-o-planah-provesti-referendum-na-okkupirovannyh-territoriyah-ukrainy/
2026-05-06 11:26:08,854 [master] INFO   [FAKE] “Үйдөн добуш берүүгө” мажбурлоо? Украинанын оккупацияланган аймак
2026-05-06 11:26:12,865 [master] INFO Scraping (809): https://factcheck.kg/ky/lozhnye-ugrozy-nastoyashhaya-opasnost-posledstviya-zvonkov-o-bombah/
2026-05-06 11:26:14,431 [master] INFO   [REAL] Жалган коркутуулар – чыныгы коркунуч: бомба тууралуу чалуулардын 
2026-05-06 11:26:18,433 [master] INFO Scraping (810): https://factcheck.kg/ky/minzdrav-kyrgyzstana-manipuliruet-zayavleniyami-o-gotovnosti-k-ospe-obezyan/
2026-05-06 11:26:20,042 [master] INFO   [REAL] Кыргызстандын саламаттыкты сактоо министрлиги маймыл чечегине дая
2026-05-06 11:26:24,049 [master] INFO Scraping (811): https://factcheck.kg/ky/komu-iz-chinovnikov-prinadlezhit-bolshe-vsego-zemel/
2026-05-06 11:26:25,730 [master] INFO   [UNCERTAIN] Эске салсак, президент Садыр Жапаров дыйкандарды жерге болгон сал
2026-05-06 11:26:29,730 [master] INFO Scraping (812): https://factcheck.kg/ky/srok-hraneniya-vakcziny-pfizer-v-obychnom-holodilnike-ot-30-do-60-sutok-nepravda/
2026-05-06 11:26:31,199 [master] INFO   [REAL] “Вакцина үчүн -70 градус талап кылынат, биз аны Индияда жасай алб
2026-05-06 11:26:35,200 [master] INFO Scraping (813): https://factcheck.kg/ky/myu-variant-koronavirusa-chto-novogo-uznali-o-nem-uchenye-spustya-god/
2026-05-06 11:26:36,722 [master] INFO   [REAL] Таажычан вирустун Мю түрү. Бир жылдан кийин ал тууралуу кандай жа
2026-05-06 11:26:40,723 [master] INFO Scraping (814): https://factcheck.kg/ky/fejk-kitajskie-fejerverki-s-obratnym-effektom/
2026-05-06 11:26:42,215 [master] INFO   [FAKE] Фейк. Кытайдын коркунучтуу жардыргычтары
2026-05-06 11:26:46,217 [master] INFO Scraping (815): https://factcheck.kg/ky/2022/07/
2026-05-06 11:26:47,653 [master] INFO   [UNCERTAIN] Month:July 2022
2026-05-06 11:26:51,656 [master] INFO Scraping (816): https://factcheck.kg/ky/bakievskie-kadry-v-sovremennoj-vlasti-ministry-gubernator-spiker-parlamenta/
2026-05-06 11:26:53,277 [master] INFO   [REAL] Бакиевдин кадрлары азыркы бийликте: министрлер, губернатор, парла
2026-05-06 11:26:57,280 [master] INFO Scraping (817): https://factcheck.kg/ky/factcheck-priedut-li-v-kyrgyzstan-kuvejtskie-vrachi/
2026-05-06 11:26:58,850 [master] INFO   [FAKE] Factcheck. Кыргызстанга Кувейттен дарыгерлер келеби?
2026-05-06 11:27:02,864 [master] INFO Scraping (818): https://factcheck.kg/ky/a-v-sudi-kto-idet-chast-2/
2026-05-06 11:27:04,474 [master] INFO   [REAL] Болочок соттор кимдер? 2-бөлүм
2026-05-06 11:27:08,474 [master] INFO Scraping (819): https://factcheck.kg/ky/vse-svoi-kakie-imeyutsya-rodstvennye-svyazi-v-bolshoj-politike/
2026-05-06 11:27:10,158 [master] INFO   [REAL] Бардыгы өзүбүздүкү. Чоң саясаттагы тууганчылык
2026-05-06 11:27:14,159 [master] INFO Scraping (820): https://factcheck.kg/ky/saakashvili-nazval-zhaparova-er-zh%d2%afr%d3%a9k/
2026-05-06 11:27:15,789 [master] INFO   [REAL] Саакашвили Жапаровду “эр жүрөк” дегени чын
2026-05-06 11:27:19,790 [master] INFO Scraping (821): https://factcheck.kg/ky/manipulyacziya-ot-tekebaeva-ili-kak-perevernut-rezultaty-issledovaniya/
2026-05-06 11:27:21,502 [master] INFO   [REAL] Текебаевдин манипуляциясы: изилдөөнүн жыйынтыгы кантип бурмаланга
2026-05-06 11:27:25,503 [master] INFO Scraping (822): https://factcheck.kg/ky/daniyar-astarov-kuchtuu-region-respublikanskij-byudzhet-vyros-na-182-mlrd-somov-akylbek-zhaparov-skazal-chto-dovedem-do-400-mlrd-polupravda/
2026-05-06 11:27:27,012 [master] INFO   [REAL] Ал эми өкмөт башчы Акылбек Жапаров  13-октябрда чындап эле быйыл 
2026-05-06 11:27:31,018 [master] INFO Scraping (823): https://factcheck.kg/ky/v-shanhae-na-prinuditelnyj-karantin-v-aeroportu-zakryli-14-tysyach-chelovek-nepravda/
2026-05-06 11:27:32,464 [master] INFO   [REAL] Шанхай аэропортунда 14 миң адам мажбурланып карантинге алынган ка
2026-05-06 11:27:36,465 [master] INFO Scraping (824): https://factcheck.kg/ky/ocherednaya-rassylka-moshennikov-banki-kyrgyzstana-ne-razdayut-dengi-na-novyj-god/
2026-05-06 11:27:37,985 [master] INFO   [REAL] Көрсөтүлгөн бардык шилтемелер аркылуу өткөндө банктын жана төлөм 
2026-05-06 11:27:41,986 [master] INFO Scraping (825): https://factcheck.kg/ky/v-kyrgyzstane-bolee-legko-perenosimyj-shtamm-virusa-nepravda/
2026-05-06 11:27:43,526 [master] INFO   [REAL] Кыргызстандагы вирусту жеңүү жолу жеңилирээк — жалган
2026-05-06 11:27:47,529 [master] INFO Scraping (826): https://factcheck.kg/ky/klara-sooronkulova-svat-glavy-gknb-ostaetsya-odnim-iz-samyh-bogatyh-sudej-polupravda/
2026-05-06 11:27:49,127 [master] INFO   [REAL] Клара Сооронкулова: УКМК башчысынын кудасы — сот системасындагы э
2026-05-06 11:27:53,133 [master] INFO Scraping (827): https://factcheck.kg/ky/ocherednoe-neizvestnoe-nauke-sushhestvo-nepravda/
2026-05-06 11:27:54,889 [master] INFO   [FAKE] Сүрөттөгү табышмактуу жанды текшеребиз
2026-05-06 11:27:58,891 [master] INFO Scraping (828): https://factcheck.kg/ky/2024/12/
2026-05-06 11:28:00,465 [master] INFO   [REAL] Month:December 2024
2026-05-06 11:28:04,467 [master] INFO Scraping (829): https://factcheck.kg/ky/ocherednaya-lozh-i-manipulyaczii-glavy-minzdrava-alymkadyra-bejshenalieva/
2026-05-06 11:28:06,056 [master] INFO   [REAL] “Эмдөөдөн өткөндөр идлетке кабылбайт”.
2026-05-06 11:28:10,058 [master] INFO Scraping (830): https://factcheck.kg/ky/ocherednaya-draka-shkolnicz-v-kyrgyzstane-fejk/
2026-05-06 11:28:11,609 [master] INFO   [FAKE] Кыргызстандык кыздардын мушташы тууралуу тасма – фейк
2026-05-06 11:28:15,610 [master] INFO Scraping (831): https://factcheck.kg/ky/faktchek-babanov-ne-vernul-aviabilet-a-pomenyal/
2026-05-06 11:28:17,216 [master] INFO   [FAKE] Фактчек. Бабанов билетти кайтарган эмес, алмаштырган
2026-05-06 11:28:21,218 [master] INFO Scraping (832): https://factcheck.kg/ky/ocherednoe-gimalajskoe-chudo-dejstvitelno-li-czvetok-mahameru-czvetet-odin-raz-v-400-let/
2026-05-06 11:28:22,933 [master] INFO   [REAL] «400 жылда бир гүлдөгөн» Махамеру гүлүнүн таржымалы
2026-05-06 11:28:26,934 [master] INFO Scraping (833): https://factcheck.kg/ky/pustye-kapsuly-essenczial-forte-n/
2026-05-06 11:28:28,062 [master] INFO   [REAL] “Эссенциал Форте” дарысынан бош капсулалар чыктыбы?
2026-05-06 11:28:32,064 [master] INFO Scraping (834): https://factcheck.kg/ky/ugolovnye-dela-rastraty-vzyatki-chto-proishodit-s-novymi-gospredpriyatiyami-i-proektami-pravitelstva-chast-1/
2026-05-06 11:28:33,198 [master] INFO   [REAL] Кылмыш иштери, уурдоо, пара алуу: жаңы мамлекеттик ишканаларга жа
2026-05-06 11:28:37,206 [master] INFO Scraping (835): https://factcheck.kg/ky/mirlan-orozbaev-uluu-zhurt-po-statistike-v-den-proishodit-40-dtp-a-vo-vremya-dozhdej-80-nepravda/
2026-05-06 11:28:38,331 [master] INFO   [FAKE] Мирлан Орозбаев, “Улуу Журт”: “Күнүнө 40 жол кырсыгы катталат” – 
2026-05-06 11:28:42,332 [master] INFO Scraping (836): https://factcheck.kg/ky/kyrgyz-instagram-pablikter-mediaby-zhe-zhokpu/
2026-05-06 11:28:43,543 [master] INFO   [UNCERTAIN] Instagram пабликтер. Медиабы же жокпу?
2026-05-06 11:28:47,544 [master] INFO Scraping (837): https://factcheck.kg/ky/papa-rimskij-postavil-lajk-na-otkrovennoe-foto-modeli-pravda/
2026-05-06 11:28:48,681 [master] INFO   [REAL] Рим папасынын жылаңач моделге лайк койгону жартылай чындык
2026-05-06 11:28:52,683 [master] INFO Scraping (838): https://factcheck.kg/ky/kompanii-ekspress-stroj-kg-prinadlezhit-synu-glavy-naczagenstva-po-investicziyam-kr/
2026-05-06 11:28:53,866 [master] INFO   [FAKE] Бишкектеги мектептерди Инвестициялар боюнча улуттук агенттиктин д
2026-05-06 11:28:57,867 [master] INFO Scraping (839): https://factcheck.kg/ky/deputat-gosdumy-predlozhila-sazhat-v-tyurmu-roditelej-za-ispolzovanie-ih-detmi-vpn-proveryaem/
2026-05-06 11:28:59,174 [master] INFO   [REAL] Мамдуманын депутаты балдары VPN-ди колдонгон ата-энелерди түрмөгө
2026-05-06 11:29:03,183 [master] INFO Scraping (840): https://factcheck.kg/ky/2019/12/
2026-05-06 11:29:04,311 [master] INFO   [UNCERTAIN] Month:December 2019
2026-05-06 11:29:08,312 [master] INFO Scraping (841): https://factcheck.kg/ky/najdena-samaya-dorogaya-kurtka-sadyra-zhaparova-stoimostyu-15-tysyach/
2026-05-06 11:29:09,571 [master] INFO   [REAL] Садыр Жапаровдун $15 миң турган эң кымбат курткасы табылды
2026-05-06 11:29:13,572 [master] INFO Scraping (842): https://factcheck.kg/ky/fejk-ot-akipress-pro-yakutiyu/
2026-05-06 11:29:14,795 [master] INFO   [UNCERTAIN] AKIpress сайтында жарыяланган Якутия тууралуу фейк
2026-05-06 11:29:18,797 [master] INFO Scraping (843): https://factcheck.kg/ky/informacziya-o-tom-chto-turcziya-peredast-kyrgyzstanu-bespilotniki-fejk/
2026-05-06 11:29:19,892 [master] INFO   [FAKE] Түркия Кыргызстанга учкучу жок учактарды берет деген маалымат жал
2026-05-06 11:29:23,894 [master] INFO Scraping (844): https://factcheck.kg/ky/rabota-operativno-boevyh-grupp-gknb-protiv-kriminala-fejk/
2026-05-06 11:29:25,163 [master] INFO   [REAL] УКМК алдындагы криминалга каршы ыкчам топтун түзүлгөнү — фейк
2026-05-06 11:29:29,164 [master] INFO Scraping (845): https://factcheck.kg/ky/uzbekistan-postroit-plyazh-v-rajone-kempir-abadskogo-vodohranilishha-za-250-mlrd-sum-proveryaem/
2026-05-06 11:29:30,350 [master] INFO   [REAL] Бирок Өзбекстан Кемпирровот районунда 250 млрд сумга сууга түшчу 
2026-05-06 11:29:34,352 [master] INFO Scraping (846): https://factcheck.kg/ky/kyrgyz-tez-kabar-sajtyna-mediasyn-ke%d2%a3iri-manipulyacziya-zhana-kesiptik-etikanyn-buzulushu/
2026-05-06 11:29:35,490 [master] INFO   [FAKE] «Тез кабар» сайтына МЕДИАСЫН: кеңири манипуляция жана кесиптик эт
2026-05-06 11:29:39,491 [master] INFO Scraping (847): https://factcheck.kg/ky/shojgu-vruchil-medal-devochke-kotoraya-donesla-na-otcza-uklonista-proveryaem/
2026-05-06 11:29:40,687 [master] INFO   [REAL] Атасы армиядан качып жүргөнүн билдирген кызга Шойгу медаль тапшыр
2026-05-06 11:29:44,689 [master] INFO Scraping (848): https://factcheck.kg/ky/stroitelstvo-domov-v-batkenskoj-oblasti-chto-proishodit/
2026-05-06 11:29:45,899 [master] INFO   [FAKE] Баткен облусундагы үйлөрдүн курулушу. Абал кандай?
2026-05-06 11:29:49,900 [master] INFO Scraping (849): https://factcheck.kg/ky/vybory-v-bgk-pochemu-czik-dolzhen-otkazat-partii-yntymak-v-registraczii/
2026-05-06 11:29:51,210 [master] INFO   [REAL] БШК “Ынтымак” партиясын каттоодон баш тартышы керек (жаңыланды)
2026-05-06 11:29:55,218 [master] INFO Scraping (850): https://factcheck.kg/ky/zabota-o-podrastayushhem-pokolenii-ili-narushenie-prav-cheloveka-kak-deputaty-predlagayut-ogranichit-vyezd-iz-strany-dlya-molodezhi/
2026-05-06 11:29:56,731 [master] INFO   [REAL] Жаш муун үчүн кам көрүүбү же адам укуктарын бузуубу? Депутаттар ж
2026-05-06 11:30:00,735 [master] INFO Scraping (851): https://factcheck.kg/ky/glava-voz-ne-vakczinirovalsya-proveryaem/
2026-05-06 11:30:02,071 [master] INFO   [UNCERTAIN] БДССУнун башчысы вакцина алган эмеспи? Текшеребиз
2026-05-06 11:30:06,073 [master] INFO Scraping (852): https://factcheck.kg/ky/otkazyvalsya-li-kazahstan-vvodit-vojska-v-ukrainu-proveryaem/
2026-05-06 11:30:07,239 [master] INFO   [FAKE] Казакстан Украинага аскерлерин жиберүүдөн баш тарттыбы? Текшереби
2026-05-06 11:30:11,247 [master] INFO Scraping (853): https://factcheck.kg/ky/taliban-vyrazil-gotovnost-voevat-na-storone-lnr-i-dnr-proveryaem/
2026-05-06 11:30:12,450 [master] INFO   [REAL] «Талибан»* ЛЭР жана ДЭР тарапта согушууга даярдыгын билдиргени чы
2026-05-06 11:30:16,457 [master] INFO Scraping (854): https://factcheck.kg/ky/kyrgyz-shajloo-aldyndagy-fejk-maalymattardy-teksher%d2%af%d2%af-zholdoru/
2026-05-06 11:30:17,591 [master] INFO   [FAKE] Шайлоо алдындагы фейк маалыматтарды текшерүү жолдору
2026-05-06 11:30:21,593 [master] INFO Scraping (855): https://factcheck.kg/ky/simvoly-sytosti-nadira-narmatova-protiv-statistiki-bednosti-v-kyrgyzstane-i-vnov-obvinyaet-npo-v-iskazheniyah-razbor-faktov-i-manipulyaczij/
2026-05-06 11:30:23,064 [master] INFO   [FAKE] «Ал жерде Рафик деген Орто Азия боюнча эксперт бар экен. Ошол Орт
2026-05-06 11:30:27,072 [master] INFO Scraping (856): https://factcheck.kg/ky/rossijskuyu-vakczinu-odobril-analitik-iz-bloomberg-nepravda/
2026-05-06 11:30:28,199 [master] INFO   [REAL] Россиялык вакцинаны Bloomberg аналитиги жактады деген маалымат жа
2026-05-06 11:30:32,206 [master] INFO Scraping (857): https://factcheck.kg/ky/2023/04/
2026-05-06 11:30:33,446 [master] INFO   [UNCERTAIN] Month:April 2023
2026-05-06 11:30:37,455 [master] INFO Scraping (858): https://factcheck.kg/ky/chatgpt-dal-sovety-po-borbe-s-korrupcziej-v-kyrgyzstane/
2026-05-06 11:30:38,709 [master] INFO   [FAKE] ChatGPT Кыргызстанда жемкорлук менен күрөшүү боюнча кеңештерин бе
2026-05-06 11:30:42,712 [master] INFO Scraping (859): https://factcheck.kg/ky/kyrgyz-okurmandaryn-saktap-kalgan-ledi-kg/
2026-05-06 11:30:43,916 [master] INFO   [REAL] Окурмандарын сактап калган “Леди KG”
2026-05-06 11:30:47,917 [master] INFO Scraping (860): https://factcheck.kg/ky/kyrgyzstan-prodal-zoloto-na-1-2-mlrd-ne-v-neizvestnuyu-stranu-a-v-shvejczariyu/
2026-05-06 11:30:49,217 [master] INFO   [REAL] “Элестеткиле, Улуттук банк бир миллиард доллардын алтынын алып ке
2026-05-06 11:30:53,226 [master] INFO Scraping (861): https://factcheck.kg/ky/kyrgyz-t%d2%afrkiya-tazhikstanga-bajraktar-uchkuchsuz-uchaktardy-satyp-aluunu-sunushtadyby-teksherebiz/
2026-05-06 11:30:54,396 [master] INFO   [UNCERTAIN] Түркия Тажикстанга “Байрактар” учкучсуз учактарды сатып алууну су
2026-05-06 11:30:58,397 [master] INFO Scraping (862): https://factcheck.kg/ky/2023/05/
2026-05-06 11:30:59,612 [master] INFO   [UNCERTAIN] Month:May 2023
2026-05-06 11:31:03,624 [master] INFO Scraping (863): https://factcheck.kg/ky/2023/03/
2026-05-06 11:31:05,408 [master] INFO   [UNCERTAIN] Month:March 2023
2026-05-06 11:31:09,413 [master] INFO Scraping (864): https://factcheck.kg/ky/kak-rossiya-obhodit-sankczii-i-pokupaet-kosmetiku-i-sumki-cherez-kyrgyzstan/
2026-05-06 11:31:10,609 [master] INFO   [UNCERTAIN] Орусия кантип санкцияны айланып өтүп, косметика менен сумкаларды 
2026-05-06 11:31:14,622 [master] INFO Scraping (865): https://factcheck.kg/ky/https-factcheck-kg-ky-ocherednoj-armageddon-asteroid-stolknetsya-s-zemlej-v-mae-proveryaem/
2026-05-06 11:31:15,927 [master] INFO   [REAL] Май айында астероид Жер планетасы менен кагылышабы? Текшеребиз
2026-05-06 11:31:19,930 [master] INFO Scraping (866): https://factcheck.kg/ky/moshennichestvo-i-obeshhaniya-halyalnogo-zarabotka-naczbank-ne-razdaet-finansovuyu-pomoshh/
2026-05-06 11:31:21,442 [master] INFO   [FAKE] Алдамчылык жана “адал акча табууну” убадалоо. Улуттук банк каржыл
2026-05-06 11:31:25,444 [master] INFO Scraping (867): https://factcheck.kg/ky/kyrgyz-singapur-menen-belorusiyada-koronavirustan-kaza-bolgondor-zhok-degen-maalymat-fejk/
2026-05-06 11:31:26,758 [master] INFO   [FAKE] Сингапур менен Белорусияда коронавирустан каза болгондор жок деге
2026-05-06 11:31:30,768 [master] INFO Scraping (868): https://factcheck.kg/ky/internet-patrul-fejki-zapreshhennyh-organizaczij-hizb-ut-tahrir-chast-2/
2026-05-06 11:31:32,061 [master] INFO   [FAKE] Internet-кайгуул. Тыюу салынган уюмдардын фейктери. Хизб ут тахри
2026-05-06 11:31:36,077 [master] INFO Scraping (869): https://factcheck.kg/ky/virus-unes-zhizni-pyati-chelovek-v-tanzanii-chto-o-nem-izvestno/
2026-05-06 11:31:37,395 [master] INFO   [REAL] Кызыгы, бир катар орусиялык маалыматтык булактар Танзания тууралу
2026-05-06 11:31:41,407 [master] INFO Scraping (870): https://factcheck.kg/ky/klara-sooronkulova-reforma-azygaliev-skazal-chto-nado-vyrezat-botanicheskij-sad/
2026-05-06 11:31:42,637 [master] INFO   [REAL] Factcheck.kgбул маалыматты текшерип көрүп, Уланбек Азыгалиев 2019
2026-05-06 11:31:46,650 [master] INFO Scraping (871): https://factcheck.kg/ky/kompaniya-novogo-mera-stroit-zhilkompleks-kremlevskij-na-territorii-doma-prestarelyh-chto-eshhe-izvestno/
2026-05-06 11:31:47,853 [master] INFO   [REAL] “Нур Строй Монтаж” ЖЧКсы көп кабаттуу үйлөрдү куруу менен алектен
2026-05-06 11:31:51,854 [master] INFO Scraping (872): https://factcheck.kg/ky/yaponskim-studentam-i-shkolnikam-zapreshheno-krasit-volosy/
2026-05-06 11:31:53,088 [master] INFO   [REAL] Японияда окуучулар менен студенттерге чач боегонго тыюу салынабы?
2026-05-06 11:31:57,104 [master] INFO Scraping (873): https://factcheck.kg/ky/chto-izvestno-o-novom-variante-koronavirusa-aeterna/
2026-05-06 11:31:58,341 [master] INFO   [UNCERTAIN] Таажычан вирустун «Аэтерна» деген түрү тууралуу бизге эмне белгил
2026-05-06 11:32:02,342 [master] INFO Scraping (874): https://factcheck.kg/ky/sovmestnaya-fotografiya-ruslana-kazakbaeva-i-zhanysha-bakieva-na-otdyhe-pravda/
2026-05-06 11:32:03,550 [master] INFO   [FAKE] Жаныш Бакиевдин Руслан Казакбаев менен түшкөн сүрөтүн текшеребиз
2026-05-06 11:32:07,556 [master] INFO Scraping (875): https://factcheck.kg/ky/2019/01/
2026-05-06 11:32:08,697 [master] INFO   [UNCERTAIN] Month:January 2019
2026-05-06 11:32:12,705 [master] INFO Scraping (876): https://factcheck.kg/ky/investiczii-na-1-mlrd-kak-direktor-gosrynka-turatali-bazar-cherez-gchp-vzyal-ego-v-arendu-na-49-let/
2026-05-06 11:32:13,837 [master] INFO   [REAL] 1 миллиарддык инвестиция. Кантип “Туратали базары” мамлекеттик ба
2026-05-06 11:32:17,839 [master] INFO Scraping (877): https://factcheck.kg/ky/princzip-raboty-sajta-telegra-ph-ili-o-tom-kak-podstavili-indiru-dzholdubaevu/
2026-05-06 11:32:19,051 [master] INFO   [FAKE] Индира Жолдубаевага жабылган жалаа жана telegra.ph сайтынын иштөө
2026-05-06 11:32:23,086 [master] INFO 
Total scraped: 877
2026-05-06 11:32:23,142 [master] INFO Saved all 877 articles → factcheck_all.csv
2026-05-06 11:32:23,172 [master] INFO Saved 190 FAKE articles → factcheck_fake_news.csv
2026-05-06 11:32:23,187 [master] INFO Saved 187 Kyrgyz-language fake articles → factcheck_fake_kyrgyz.csv
2026-05-06 11:32:23,187 [master] INFO 
============================================================
2026-05-06 11:32:23,188 [master] INFO SUMMARY
2026-05-06 11:32:23,188 [master] INFO ============================================================
2026-05-06 11:32:23,188 [master] INFO Total articles: 877
2026-05-06 11:32:23,189 [master] INFO   FAKE    (1): 190
2026-05-06 11:32:23,190 [master] INFO   REAL    (0): 563
2026-05-06 11:32:23,191 [master] INFO   UNCERTAIN(-1): 124
2026-05-06 11:32:23,191 [master] INFO Language breakdown of FAKE:
2026-05-06 11:32:23,191 [master] INFO   Kyrgyz:  187
2026-05-06 11:32:23,191 [master] INFO   Russian: 3
2026-05-06 11:32:23,195 [master] INFO   factcheck: 190 rows (label=1)
2026-05-06 11:32:23,206 [master] INFO Deduplication: 613 → 601 rows (12 removed)
2026-05-06 11:32:23,262 [master] INFO 
✓ Final dataset saved → kyrgyz_fake_news_dataset.csv
2026-05-06 11:32:23,262 [master] INFO 
======================================================================
2026-05-06 11:32:23,262 [master] INFO DATASET STATISTICS
2026-05-06 11:32:23,263 [master] INFO ======================================================================
2026-05-06 11:32:23,263 [master] INFO Total articles:    601
2026-05-06 11:32:23,263 [master] INFO   Real news (0):   411
2026-05-06 11:32:23,264 [master] INFO   Fake news (1):   190
2026-05-06 11:32:23,264 [master] INFO 
By source:
2026-05-06 11:32:23,266 [master] INFO   factcheck.kg: 190
2026-05-06 11:32:23,266 [master] INFO   azattyk.org: 150
2026-05-06 11:32:23,266 [master] INFO   24.kg: 138
2026-05-06 11:32:23,266 [master] INFO   kaktus.media: 93
2026-05-06 11:32:23,266 [master] INFO   sputnik.kg: 30
2026-05-06 11:32:23,266 [master] INFO 
By language:
2026-05-06 11:32:23,267 [master] INFO   kyrgyz: 598
2026-05-06 11:32:23,267 [master] INFO   russian: 3
2026-05-06 11:32:23,268 [master] INFO 
Avg body_text length: 2705 chars
2026-05-06 11:32:23,270 [master] INFO Real:Fake ratio: 2.16:1
2026-05-06 11:32:23,271 [master] INFO ======================================================================
2026-05-06 12:11:45,877 [master] INFO ======================================================================
2026-05-06 12:11:45,878 [master] INFO KYRGYZ FAKE NEWS DATASET COLLECTOR
2026-05-06 12:11:45,878 [master] INFO ======================================================================
2026-05-06 12:11:46,185 [master] INFO Running scraper: source_scripts.scraper_24kg
2026-05-06 12:11:46,185 [master] INFO ============================================================
2026-05-06 12:11:46,187 [master] INFO 24.KG KYRGYZ SCRAPER
2026-05-06 12:11:46,187 [master] INFO ============================================================
2026-05-06 12:11:46,187 [master] INFO Fetching page 1: https://24.kg/kyrgyzcha/page_1/
2026-05-06 12:11:46,917 [master] INFO   → Running total: 56 unique links
2026-05-06 12:11:47,917 [master] INFO Fetching page 2: https://24.kg/kyrgyzcha/page_2/
2026-05-06 12:11:48,720 [master] INFO   → Running total: 106 unique links
2026-05-06 12:11:49,721 [master] INFO Fetching page 3: https://24.kg/kyrgyzcha/page_3/
2026-05-06 12:11:50,423 [master] INFO   → Running total: 156 unique links
2026-05-06 12:11:51,425 [master] INFO Fetching page 4: https://24.kg/kyrgyzcha/page_4/
2026-05-06 12:11:52,165 [master] INFO   → Running total: 206 unique links
2026-05-06 12:11:53,166 [master] INFO Fetching page 5: https://24.kg/kyrgyzcha/page_5/
2026-05-06 12:11:53,859 [master] INFO   → Running total: 257 unique links
2026-05-06 12:11:54,860 [master] INFO Fetching page 6: https://24.kg/kyrgyzcha/page_6/
2026-05-06 12:11:55,513 [master] INFO   → Running total: 308 unique links
2026-05-06 12:11:56,515 [master] INFO Fetching page 7: https://24.kg/kyrgyzcha/page_7/
2026-05-06 12:12:23,382 [master] INFO ======================================================================
2026-05-06 12:12:23,382 [master] INFO KYRGYZ FAKE NEWS DATASET COLLECTOR
2026-05-06 12:12:23,382 [master] INFO ======================================================================
2026-05-06 12:12:23,507 [master] INFO Running scraper: source_scripts.scraper_24kg
2026-05-06 12:12:23,507 [master] INFO ============================================================
2026-05-06 12:12:23,507 [master] INFO 24.KG KYRGYZ SCRAPER
2026-05-06 12:12:23,508 [master] INFO ============================================================
2026-05-06 12:12:23,508 [master] INFO Fetching page 1: https://24.kg/kyrgyzcha/page_1/
2026-05-06 12:12:24,947 [master] INFO   → Running total: 56 unique links
2026-05-06 12:12:25,949 [master] INFO Fetching page 2: https://24.kg/kyrgyzcha/page_2/
2026-05-06 12:12:26,660 [master] INFO   → Running total: 106 unique links
2026-05-06 12:12:27,660 [master] INFO Fetching page 3: https://24.kg/kyrgyzcha/page_3/
2026-05-06 12:12:28,345 [master] INFO   → Running total: 156 unique links
2026-05-06 12:12:29,346 [master] INFO Fetching page 4: https://24.kg/kyrgyzcha/page_4/
2026-05-06 12:12:29,994 [master] INFO   → Running total: 206 unique links
2026-05-06 12:12:30,995 [master] INFO Fetching page 5: https://24.kg/kyrgyzcha/page_5/
2026-05-06 12:12:31,727 [master] INFO   → Running total: 257 unique links
2026-05-06 12:12:32,728 [master] INFO Fetching page 6: https://24.kg/kyrgyzcha/page_6/
2026-05-06 12:12:33,457 [master] INFO   → Running total: 308 unique links
2026-05-06 12:12:34,459 [master] INFO Fetching page 7: https://24.kg/kyrgyzcha/page_7/
2026-05-06 12:12:35,421 [master] INFO   → Running total: 359 unique links
2026-05-06 12:12:36,422 [master] INFO Fetching page 8: https://24.kg/kyrgyzcha/page_8/
2026-05-06 12:12:37,470 [master] INFO   → Running total: 410 unique links
2026-05-06 12:12:38,471 [master] INFO Fetching page 9: https://24.kg/kyrgyzcha/page_9/
2026-05-06 12:12:39,484 [master] INFO   → Running total: 461 unique links
2026-05-06 12:12:40,485 [master] INFO Fetching page 10: https://24.kg/kyrgyzcha/page_10/
2026-05-06 12:12:41,747 [master] INFO   → Running total: 512 unique links
2026-05-06 12:12:42,749 [master] INFO Fetching page 11: https://24.kg/kyrgyzcha/page_11/
2026-05-06 12:12:43,779 [master] INFO   → Running total: 563 unique links
2026-05-06 12:12:44,780 [master] INFO Fetching page 12: https://24.kg/kyrgyzcha/page_12/
2026-05-06 12:12:46,018 [master] INFO   → Running total: 614 unique links
2026-05-06 12:12:47,021 [master] INFO Fetching page 13: https://24.kg/kyrgyzcha/page_13/
2026-05-06 12:12:48,171 [master] INFO   → Running total: 665 unique links
2026-05-06 12:12:49,172 [master] INFO Fetching page 14: https://24.kg/kyrgyzcha/page_14/
2026-05-06 12:12:50,296 [master] INFO   → Running total: 716 unique links
2026-05-06 12:12:51,297 [master] INFO Fetching page 15: https://24.kg/kyrgyzcha/page_15/
2026-05-06 12:12:52,516 [master] INFO   → Running total: 767 unique links
2026-05-06 12:12:53,517 [master] INFO Fetching page 16: https://24.kg/kyrgyzcha/page_16/
2026-05-06 12:12:54,440 [master] INFO   → Running total: 818 unique links
2026-05-06 12:12:55,441 [master] INFO Fetching page 17: https://24.kg/kyrgyzcha/page_17/
2026-05-06 12:12:56,225 [master] INFO   → Running total: 869 unique links
2026-05-06 12:12:57,226 [master] INFO Fetching page 18: https://24.kg/kyrgyzcha/page_18/
2026-05-06 12:12:58,034 [master] INFO   → Running total: 920 unique links
2026-05-06 12:12:59,035 [master] INFO Fetching page 19: https://24.kg/kyrgyzcha/page_19/
2026-05-06 12:12:59,813 [master] INFO   → Running total: 971 unique links
2026-05-06 12:13:00,815 [master] INFO Fetching page 20: https://24.kg/kyrgyzcha/page_20/
2026-05-06 12:13:01,540 [master] INFO   → Running total: 1022 unique links
2026-05-06 12:13:02,541 [master] INFO Total links collected: 1022
2026-05-06 12:13:02,543 [master] INFO Scraping (1/150): https://24.kg/kyrgyzcha/366707_kyirgyizstanga95_min_kutu_tamekini_myiyzamsyiz_alyip_otuugo_araket_jasaldyi/
2026-05-06 12:13:03,151 [master] INFO   ✓ Кыргызстанга 9,5 миң куту тамекини мыйзамсыз алып өтүүгө аракет жасалд
2026-05-06 12:13:05,652 [master] INFO Scraping (2/150): https://24.kg/kyrgyzcha/372826_eduard_kubatov_besh-tash_toolorundagyi_maraldardyin_uyurun_korsottu/
2026-05-06 12:13:08,018 [master] INFO   ✓ Эдуард Кубатов «Беш-Таш» тоолорундагы маралдардын үйүрүн көрсөттү
2026-05-06 12:13:10,520 [master] INFO Scraping (3/150): https://24.kg/kyrgyzcha/page_9/
2026-05-06 12:13:11,329 [master] INFO   ✗ Skipped (no content or too short)
2026-05-06 12:13:13,830 [master] INFO Scraping (3/150): https://24.kg/kyrgyzcha/366334_moskva_rayonunda_kishi_olturuugo_shektuu_karmaldyi/
2026-05-06 12:13:14,804 [master] INFO   ✗ Skipped (no content or too short)
2026-05-06 12:13:17,307 [master] INFO Scraping (3/150): https://24.kg/kyrgyzcha/368071_transport_ministrligi_byiyyil_kaysyi_joldor_ondolot/
2026-05-06 12:13:18,415 [master] INFO   ✓ Транспорт министрлиги: Быйыл кайсы жолдор оңдолот?
2026-05-06 12:13:20,917 [master] INFO Scraping (4/150): https://24.kg/kyrgyzcha/368350_bugundon_tarta_bishkekte_yisyik_suu_40kungo_ochurulot/
2026-05-06 12:13:21,612 [master] INFO   ✓ Бүгүндөн тарта Бишкекте ысык суу 40 күнгө өчүрүлөт
2026-05-06 12:13:24,114 [master] INFO Scraping (5/150): https://24.kg/kyrgyzcha/370683_mirlan_jeenchoroev_mandat_aldyi_bshk_anyi_21shayloo_okrugunda_kattadyi/
2026-05-06 12:13:24,612 [master] INFO   ✗ Skipped (no content or too short)
