id,headline,body_text,source,url,date,language,label,label_confidence,source_type
7c4fd245-1669-4a3f-ad5b-f1141ea8ffeb,Бишкекте бокс боюнча эл аралык турнир өтөт,"Бишкекте Советтер Союзунун баатыры Дүйшөнкул Шопоковдун жаркын элесине арналган бокс боюнча эл аралык турнир өтөт. Бул тууралуу Дене тарбия жана спорт мамлекеттик агенттиги билдирди. Маалыматка ылайык, мелдештер 26-апрелден 1-майга чейин Каба уулу Кожомкул атындагы спорт ордосунда өткөрүлөт. Мелдешке 19 жаштан 40 жашка чейинки мушкерлер 50 кг, 55 кг, 60 кг, 65 кг. 70 кг, 75 кг, 80 кг, 85 кг, 90 кг чейинки жана 90 килограммдан жогору он салмак чен бирдигинде күч сынашат. Турнирдин жыйынтыгында жеңүүчүлөр жана байге ээлери тиешелүү даражадагы медалдар жана дипломдор менен сыйланышат.",24.kg,https://24.kg/kyrgyzcha/371342_bishkekte_boks_boyuncha_elaralyik_turnir_otot/,,kyrgyz,0,high,news_site
a6d3b1ca-fa6b-4e0b-a366-b07d4108b864,Бишкек-Кант-Токмок унаа жолунун бир бөлүгүн кеңейтүү: Иштер качан бүтөт?,"Кыргызстандагы Бишкек-Кант-Токмок унаа жолунун кеңейтүү иштери уланууда. Бул тууралуу Транспорт жана коммуникация министрлиги билдирди. Маалыматка ылайык, аталган жерге асфальт-бетондун биринчи катмары төшөлдү. Ошол эле учурда электр жана байланыш линияларын жылдыруу, электр берүү линияларынын тирөөчтөрүн орнотуу жана тосмолорду орнотуу иштери жүрүп жатат. Мындан тышкары, тротуарлар, суу өткөргүчтөр жана сугат арык системалары курулууда. Чоң Чүй каналынын үстүнөн өткөн көпүрө да реконструкцияланууда. Транспорт министрлиги 3,85 чакырымдык бөлүгү ушул жылдын август айында бүткөрүлүшү пландалганын белгиледи.",24.kg,https://24.kg/kyrgyzcha/369125_bishkek-kant-tokmok_unaa_jolunun_bir_bolugun_keneytuu_ishter_kachan_butot/,,kyrgyz,0,high,news_site
08d11777-5c40-4e56-b92d-b3ca2d359b0b,ЖК Улуттук банктын төрагалыгына Алмаз Бакетаевдин талапкерлигин жактырды,"Бүгүн, 18-мартта Жогорку Кеңеш Улуттук банктын төрагасы кызматына Алмаз Бакетаевдин талапкерлигин жактырды. 78 депутат «макул» деп добуш берди. Эске салсак, буга чейин Улуттук банктын мурдагы төрагасы Мелис Тургунбаев кызматтан кетүү тууралуу арызы парламентте каралып, колдоого ээ болгон.",24.kg,https://24.kg/kyrgyzcha/366544_jkuluttuk_banktyin_toragalyigyina_almaz_baketaevdin_talapkerligin_jaktyirdyi/,,kyrgyz,0,high,news_site
cc95796e-1794-4f97-8b91-36b94cce9837,"Белгилүү казак акыны, коомдук ишмер Мухтар Шаханов чын дүйнө салды","Белгилүү казак акыны жана коомдук ишмер Мухтар Шаханов 83 жашында дүйнөдөн кайтты. Бул тууралуу Казакстандын Маданият министрлиги кабарлады. Шаханов поэзияны жигердүү жарандык позиция менен айкалыштыра билген залкар ишмер катары сыпатталды. Анын чыгармалары тереңдиги, оригиналдуулугу жана адабиятка болсо жаңыча көз карашы менен айырмаланып келген. Акын коомдук маанилүү маселелерди көтөрүп, өлкөнүн тагдыры жөнүндө ачык айтып, адилеттүүлүктү коргоп келген. Анын Казакстандын маданиятына кошкон салымы өзү кеткенден кийин да маанилүү бойдон кала берет. Мухтар Шаханов 1942-жылы Түштүк Казакстан облусунда туулган. Ал чыгармачылыгын аймактык гезиттерде кабарчы болуп иштеп жүргөндө баштаган. 1989-жылы СССРдин парламентине депутаты болуп шайланып, 1986-жылдагы Желтоксан окуяларына саясий баа берүү боюнча маселени алгачкылардан болуп көтөргөн. Казакстан эгемендик алган соң Нурсултан Назарбаевдин бийлигин сындап, казак коомундагы маселелерди ачык айтып келген. Шаханов 1993-2003-жылдары Казакстандын Кыргызстандагы элчиси катары эмгектенген. Ал кыргыздын залкар жазуучусу Чыңгыз Айтматов менен жакын чыгармачыл жана достук байланышта жүрүп, «Аскада калган аңчынын ыйы» аттуу жыйнакты жарыялашкан.",24.kg,https://24.kg/kyrgyzcha/371011_belgiluu_kazak_akyinyi_koomduk_ishmer_muhtar_shahanov_chyin_duyno_saldyi/,,kyrgyz,0,high,news_site
8cb852c8-7484-4525-9b20-4fc182b76600,"Бүгүн Бишкекте жылуулук өчүрүлүп, 1-апрелден тарта ысык суу токтотулат","Бишкек шаарында жылытуу мезгилинин аяктоо мөөнөтү аныкталды. Борбор калаанын басма сөз кызматынын маалыматына ылайык, 25-мартта жылытуу сезону аяктап, 1-апрелден тарта ысык суу өчүрүлөт. Бишкек шаарынын мэринин орун басары Нургазы Курманбековдун төрагалыгы алдында жылытуу мезгилин аяктоо боюнча штабдык жыйын өттү. Жыйындын жыйынтыгында борбор калаада жылытуу сезонун 2026-жылдын 25-мартында аяктоо чечими кабыл алынды. Жылытуу сезону аяктагандан кийин муниципалдык кызматтар кийинки мезгилге даярдык көрүп, тиешелүү оңдоо иштерин жүргүзө баштайт. Ошондой эле 1-апрелден 10-майга чейин шаарда ысык суу убактылуу өчүрүлөт. Бул аралыкта жылуулук тармактарында профилактикалык жана оңдоо иштери жүргүзүлөт.",24.kg,https://24.kg/kyrgyzcha/367139_bugun_bishkekte_jyiluuluk_ochurulup_1-aprelden_tarta_yisyik_suu_toktotulat/,,kyrgyz,0,high,news_site
d1ec2c30-4299-4eb3-acad-57cc37e983f5,Кош бойлуулук жана төрөт боюнча жөлөк пулду кимдер алат?,"Кыргызстанда кимдер кош бойлуулук жана төрөт боюнча жөлөк пул ала аларын Эмгек, социалдык камсыздоо жана миграция министрлиги түшүндүрүп берди. Ведомствонун маалыматы боюнча, кош бойлуулук жана төрөт боюнча жөлөк пулдарды берүү тартиби Өкмөттүн 2018-жылдын 18-сентябрындагы № 434 токтому менен бекитилген жобо аркылуу жөнгө салынат. Документтин ченемдерине ылайык, бул төлөмдү алууга төмөнкүлөр укуктуу: Белгиленгендей, расмий жумушсуздар үчүн милдеттүү шарт болуп жалпы камсыздандыруу стажынын кеминде 12 ай болушу саналат.",24.kg,https://24.kg/kyrgyzcha/372065_kosh_boyluuluk_jana_torot_boyuncha_jolok_puldu_kimder_alat/,,kyrgyz,0,high,news_site
fc7b1a36-8d0b-49af-b929-9dc8f861f999,Ак илбирс VI Дүйнөлүк көчмөндөр оюндарынын тумары болуп тандалды,"Ак илбирс VI Дүйнөлүк көчмөндөр оюндарынын тумары болуп тандалды. Бул тууралуу Дүйнөлүк көчмөндөр оюндарынын катчылыгынан билдиришти. Маалыматка ылайык, Көчмөндөр оюндарынын расмий тумары катары ак илбирс эми оюндардын визуалдык жана коммуникациялык идентификациясынын ажырагыс бөлүгүнө айланат. Тумарды тандоо 2026-жылдагы Дүйнөлүк көчмөндөр оюндарына даярдык көрүүнүн алкагында сунушталды. Оюндар Кыргызстанда өтүп, ар кайсы өлкөлөрдөн келген катышуучуларды спорттук, маданий жана илимий программалар аркылуу бириктирет. Катчылыктан белгилешкендей, ак илбирс кокусунан тандалган жок. Бул образ Кыргызстандын жаратылышы, анын ландшафты, мүнөзү жана маданий коду менен тыгыз байланышта. Оюндардын алкагында ал күчтү, кадыр-баркты, урматтоону жана ички тең салмактуулукту символдоштурат. Бул сапаттар спортко да, көчмөн маданиятынын философиясына да мүнөздүү. «Ак илбирс — бул күч менен урмат айкалышкан, салттары дүйнөгө ачык Кыргызстанды чагылдырган образ. Бул тумар аркылуу биз Дүйнөлүк көчмөндөр оюндарынын духун, кадыр-барк, тең салмактуулук жана өз ара аракеттенүүгө ачыктыгын жеткирүүнү кааладык», — деп белгилешти Дүйнөлүк көчмөндөр оюндарынын катчылыгынан. Тумардын визуалдык образы Кыргызстандын жаратылышын, көчмөн мурастарын жана долбоордун заманбап үндөлүшүн бириктирет. Ак илбирс — бул жөн гана тумар эмес, ал кабыл алуучу өлкөнүн мүнөзүн жана Дүйнөлүк көчмөндөр оюндарынын баалуулуктарын чагылдырган образ.",24.kg,https://24.kg/kyrgyzcha/368518_akilbirs_VIduynoluk_kochmondor_oyundaryinyin_tumaryi_bolup_tandaldyi/,,kyrgyz,0,high,news_site
ca4a4a72-61ea-48eb-a5da-964d056f88ef,Кыргызстанда паспорт алуу тартиби жеңилдеди,"23-январдан тартып, 16 жашка чейинки балдар үчүн жалпы жарандык паспортуна арыз берүү процесси жөнөкөйлөштүрүлдү. Бул тууралуу «Кызмат» мекемеси билдирет. Маалыматка ылайык, мындан ары паспортту алууда жашаган жери боюнча каттоонун (прописканын) болушу талап кылынбайт. «Жашы жете элек баласына жалпы жарандык паспорт алуу үчүн документ тапшырууда ата-энесинин биринин катышуусу мүмкүн болбосо, нотариалдык тартипте күбөлөндүрүлгөн макулдук «Электрондук нотариат» маалыматтык системинде жеткиликтүү болуп, арыз берүүчүдө уникалдуу код болгон шартта кызматкерлер аталган макулдук тууралуу маалыматты автоматтык түрдө ала алышат. Өлкө аймагында таризделген бардык ишеним каттар Калкты тейлөө борборлорунун автоматташтырылган маалыматтык системдери менен интеграцияланган. Ошондой эле нотариалдык күбөлөндүрүлгөн ишеним каттын негизинде жарандарды жашаган жери жана келген жери боюнча каттоодон чыгаруу мүмкүнчүлүгү каралды. Буга чейин катталган жаран КТБга жеке өзү кайрылууга тийиш болчу"",- деп айтылат маалыматта.",24.kg,https://24.kg/kyrgyzcha/359755_kyirgyizstanda_pasport_aluu_tartibi_jenildedi/,,kyrgyz,0,high,news_site
b4240f67-7bf2-459c-a23d-190a177899db,Бүгүн Эл аралык театр күнү,"Бүгүн, 27-март Эл аралык театр күнү. 1961-жылы Венада өткөн ЮНЕСКОнун Эл аралык театр институтунун IX конгрессинде 27-мартты эл аралык театр күнү катары белгилөө бекитилген. Мына ошол күндөн бери дүйнө жүзүндөгү көптөгөн театрлар, анын ичинде Кыргызстандагы театрлар 27-мартты кесиптик өнөр майрамы катарында белгилеп келет. Учурда Кыргызстанда 20дан ашуун профессионалдык театр бар Театр — көңүл ачуунун байыркы ыкмасына кирет. Эң алгачкы профессионалдуу театр байыркы Грецияда пайда болгон. Ал мезгилдеги театрлар абдан чоң масштабдуу болуп, ага жалаң байлар гана келе алышкан. Артисттер ойногон ролуна ушунчалык берилишкендиктен, керек болсо сахнада өлүүгө кайыл болушкан.",24.kg,https://24.kg/kyrgyzcha/367647_bugun_elaralyik_teatr_kunu/,,kyrgyz,0,high,news_site
bdb2e444-01d6-46fa-afdb-3ef7f40bca35,"Ашуулардагы абал: Каттам бар, жол ачык","Бүгүн саат 09:15ге карата өлкөнүн ашууларында каттам бар, жол ачык. Бул тууралуу Транспорт жана коммуникациялар министрлигинен билдиришти. Маалыматка ылайык, Жол тейлөө ишканалары тарабынан инерттик материалдарды чачуу, тазалоо, кеңейтүү иштери үзгүлтүксүз жүргүзүлүүдө. Кандай кырдаал жаралбасын каршы тилкеге чыкпай, жол эрежесин так сактоо менен керектүү шаймандарды ала жүрүү зарыл экендиги айтылды.",24.kg,https://24.kg/kyrgyzcha/363631_ashuulardagyi_abal_kattam_bar_jol_achyik/,,kyrgyz,0,high,news_site
7f008bdc-0c5d-4260-ba75-361570f9c303,Жыргалаң кени Ысык-Көл аймагында беш жер тилкесин аукционго койду,"Жыргалаң кени өзүнүн мүлкү боюнча ачык аукцион жарыялады. Компаниянын атайын администраторунун айтымында, аукционго беш жер тилкеси анан бирөө Ак-Суу районундагы имараты бар жер тилкеси да коюлду. Аукциондо эмнелер көрсөтүлөт: 1-лот — 1000 чарчы метр жер тилкеси, баштапкы баасы: 5,3 миллион сом; 2-лот — имараты бар 1000 чарчы метр жер тилкеси, баштапкы баасы: 6,74 миллион сом; 3-лот — 1000 чарчы метр жер тилкеси, баштапкы баасы: 5,15 миллион сом; 4-лот — 1000 чарчы метр жер тилкеси, баштапкы баасы: 5,15 миллион сом; 5-лот — 3000 чарчы метр жер тилкеси, баштапкы баасы: 7,1 миллион сом. Жеке жана юридикалык жактар ​​50 000 сом күрөө төгүү менен катышууга укуктуу. Арыздар 2026-жылдын 21-январына чейин кабыл алынат.",24.kg,https://24.kg/kyrgyzcha/356416_jyirgalan_keni_yisyik-kol_aymagyinda_besh_jer_tilkesin_auktsiongo_koydu/,,kyrgyz,0,high,news_site
ad6f2375-2fee-4b17-8abd-fa4c61afecc3,Пайдалуу кеңеш: Кулактагы чуулдоо эмнеден пайда болот?,"Кулактагы чуулдоо — бул ар бир экинчи адамда кездешүүчү кеңири таралган оору. Кээде ал кыска мөөнөттүү жана зыянсыз болот, ал эми башка учурларда угуу, кан тамырлар же башка органдар менен олуттуу көйгөйлөрдү билдирет. Туруктуу же күчөгөн кулактагы чуулдоо дарыгердин кеңешин талап кылат. Бул тууралуу Санкт-Петербургдагы SM-клиникасынын отоларингологу Екатерина Приказа түшүндүрүп берген. Кулактагы чуулдоонун себептери: Сезгенүү процесстери Отит, лабиринтит оорусу ызы-чуу, оору, бөлүнүп чыгуу жана угуунун начарлашы менен коштолушу мүмкүн. Жашка байланыштуу өзгөрүүлөр 65 жаштан ашкан адамдарда кулактагы шыңгыроо болжол менен 40% учурларда пайда болот жана көбүнчө жалпы угуунун начарлашы менен коштолот. Шишиктер Акустикалык нейрома бир тараптуу кулактын шыңгырашын пайда кылат жана убакыттын өтүшү менен өсүп, нерв талчаларына басым жасайт. Системалык оорулар Эмне кылуу керек? Кулактын чуулдашынан өз алдынча арылууга болбойт. Анын негизги себебин чечүү керек. Кээде кулактын кирин алып салуу жетиштүү, бирок башка учурларда ЛОР-адистин, невропатологдун же жалпы практиканын адисинин комплекстүү текшерүүсү зарыл. Эгерде ызы-чуу туруктуу болсо, күчөсө же угуунун начарлашы, баш айлануу же толуп кетүү сезими менен коштолгон болсо, дарыгерге кайрылуу зарыл.",24.kg,https://24.kg/kyrgyzcha/357186_paydaluu_kenesh_kulaktagyi_chuuldoo_emneden_payda_bolot/,,kyrgyz,0,high,news_site
fc94b649-e96c-4ecd-bf94-9affc4ae3ff0,Пайдалуу кеңеш: Балдардын лунатизми жана кантип жардам берүү керек?,"Балдардын лунатизми ата-энелерди коркутат: бала күтүүсүздөн ойгонуп, көзүн ачып басып жүрөт, жөнөкөй аракеттерди жасайт, бирок эртеси эртең менен эч нерсе эстебейт. Неврологдор муну терең уйку учурунда бирдей эмес «ойгонгон» нерв системасынын жетиле электиги менен байланыштырышат. Түнкү «басуунун» себептери Негизги фактор 3-12 жаштагы балдардын жашка байланыштуу мээсинин өнүгүшү: жай толкундуу уйку фазасында кыймыл борборлору активдешет. Ал эми аң-сезим иштебей калат. Бул басуу же ал тургай кийим алмаштыруу сыяктуу автоматизмге алып келет. Көйгөйдү күчөтүүчү факторлор: Эмоционалдык стресс:талаш-тартыштар, мектептеги тапшырмалар, коркунучтуу мультфильмдер. Күн тартибин бузуулар:уйкунун жетишсиздиги, ашыкча чарчоо, кеч кечки тамак. Генетика:Эгерде ата-энелер уйку басышса, баланын коркунучу эки эсеге көбөйөт. Медициналык себептерге баштын жаракаттары, невроздор, эпилепсия же төрөттүн татаалдашуулары кирет; бөлмөдөгү түнкү жарык мелатонинди бөгөттөө менен абалды ого бетер начарлатат. Эгерде мындай абал улана берсе, бүт үй-бүлөнүн уйкусун жана балаңыздын ден соолугун коргоо үчүн адиске кайрылыңыз.",24.kg,https://24.kg/kyrgyzcha/369464_paydaluu_kenesh_baldardyin_lunatizmi_jana_kantip_jardam_beruu_kerek/,,kyrgyz,0,high,news_site
bb34132b-1ed1-45d4-b949-402f25b68f53,Пайдалуу кеңеш: Шорпону канча жолу кайнатса болот?,"Негизинен шорпону кайнатуу же кайра ысытуу сунушталбайт. Бирок көп учурда биринчи тамакты бир нече күн колдонууга керек болгон жагдайлар пайда болот. Тамак-аш аркылуу жугуучу оорулардан коркуп, көптөгөн ашпозчулар этият болуп, аны абдан кайнатышат. Бул коопсуздук жагынан да, даамын жана азыктык баалуулугун сактоо жагынан да туура эмес. Кайнатуу бактерияларды өлтүрөт. Бирок, ал алардын айрымдары бөлүп чыгарган токсиндерди жок кылбайт. Бул токсиндер тамак сиңирүүнүн бузулушуна алып келиши мүмкүн. Жашылчалар боткого айланат — ар бир кайра ысытканда картошка, кабачки жана сабиз бышып, формасын жана консистенциясын жоготуп, даамсыз болуп калат. Эт жана канаттуулардын эти катуу болуп калат — белоктор ашыкча бышыруудан тыгыздалып, булалары кургап, «жыгач сымал» болуп калат. Жаңы жыт жоголот — учуучу эфир майлары жана чөптөрдөн жана татымалдардан биринчи кайнатуу учурунда бууланып кетет. Кайра-кайра ысытуу шорпонун даамын жоготуп, жөнөкөй кылат. Чөптөр түсүн жоготот, май эмульсияга айланышы мүмкүн жана шорпо табитсиз болуп калат.",24.kg,https://24.kg/kyrgyzcha/365302_paydaluu_kenesh_shorponu_kancha_jolu_kaynatsa_bolot/,,kyrgyz,0,high,news_site
18df678b-3848-4539-9107-59153df15079,Президенттик шайлоого кайрылуу: Анын авторлору кылмыш иши боюнча кармалды,"Массалык башаламандык уюштурууга шектелген жарандар кармалды. Бул тууралуу Ички иштер министрлигинен билдиришти. Маалыматка ылайык, 9-февралда интернет булактарына жана жалпыга маалымдоо каражаттарына "" президент Садыр Жапаровго жана Жогорку Кеңештин төрагасы Нурланбек Тургунбек уулуна Кыргызстанда жаңы президенттик шайлоону токтоосуз демилгелөө өтүнүчү менен 75 жарандын кайрылуусу жолдонду, ага илим ишмерлери, мурдагы премьер-министрлер, экс-депутаттар жана коомдук ишмерлер кол койгон"" деген маалымат тараган. Аталган кайрылуудагы айрым билдирүүлөрү калк арасында кызуу талкууга алынып, өлкө ичинде коомдук саясий кырдаалды курчуткан. Аталган факты боюнча ИИМдин Тергөө кызматы тарабынан Кылмыш-жаза кодексинин 278-беренесинин 1-бөлүмүндө (Массалык башаламандыктар) көрсөтүлгөн кылмыштын белгилери менен кылмыш иши козголгон. Бүгүн кылмыш иши боюнча ИИМдин Тергөө кызматына кайрылууда көрсөтүлгөн 75 жаран алынып келип, тергөө амалдары жүргүзүлгөн. Бул кылмыш ишинин демилгечилери жана активдүү катышуучулары катары аныкталган 1955-жылы туулган Т.Б. жана У.Э., 1960-жылы туулган Д.К. аттуу жарандар Жазык-процессуалдык кодексинин 96-беренесинин негизинде кармалып, убактылуу кармоочу жайга киргизилди. Кармалган жарандардын жашаган даректерине тинтүү иштери жүргүзүлдү. Учурда тергөө амалдары улантылууда. Эске сала кетсек, Бекболот Талгарбеков жаңы президенттик шайлоону тез арада өткөрүүгө чакырган жамааттык кайрылуунун демилгечилеринин бири болгон. Документке 75 адам — окумуштуулар, мурдагы премьер-министрлер, парламенттин мурдагы мүчөлөрү жана коомдук ишмерлер кол коюшкан. Буга чейин президенттин басма сөз катчысы Садыр Жапаров бөлүнүүнү болтурбоо жөнүндө айтканда, Камчыбек Ташиевди эмес, Бекболот Талгарбеков, Эмилбек Узакбаев жана башкаларды айтып жатканын билдирген.",24.kg,https://24.kg/kyrgyzcha/361600_prezidenttik_shayloogo_kayryiluu_anyin_avtorloru_kyilmyish_ishi_boyuncha_karmaldyi/,,kyrgyz,0,high,news_site
d7770266-dfa9-4b59-9f53-b346a7d8657c,ЖК депутаты ысык сууну өчүрүүнү кийинкиге жылдырууну суранды,"ЖК депутаты ысык сууну өчүрүүнү кийинкиге жылдырууну суранды. Бул тууралуу эл өкүлү Илимбек Кубанычбеков парламенттин жыйынында билдирди. Анын айтымында, апрель айындагы аба ырайы дагы эле салкын. «Бардык эле адамдарда суу жылыткычтар жок. Сууну өчүрүү адамдар үчүн бир топ ыңгайсыздыктарды жаратат. Ошондуктан, жарандар өчүрүүнү май же июнь айларына жылуураак болгонго чейин кийинкиге калтырууну суранышууда», — деп белгиледи Илимбек Кубанычбеков. Эскерте кетсек, Бишкекте ысык суу 1-апрелде 40 күнгө өчүрүлөт.",24.kg,https://24.kg/kyrgyzcha/368382_jkdeputatyi_yisyik_suunu_ochuruunu_kiyinkige_jyildyiruunu_surandyi/,,kyrgyz,0,high,news_site
e8dae616-146e-420f-bbf0-6a96d7833560,Орозо −2026: Бүгүн Кадыр түн белгиленет,"Бүгүн Кадыр түн 16-марттан 17-мартка караган түнү белгиленет. Бул тууралуу муфтияттын басма сөз кызматы билдирет. Кадыр түн ыйык Орозо айынын 26-күнүнөн 27-күнүнө караган түнү өткөрүлөт. Бул — Рамазан айынын акыркы он түнүнүн бири. Бул түндү жер шарындагы миллиарддаган мусулмандар чыдамсыздык менен күтүшөт. Анткени бул түн жылына бир гана жолу келип, анын баалуулугу 83 жылга тете. «Кадыр» деген сөз ислам окумуштуулары тарабынан ар түрдүү чечмеленген. Негизинен, «өтө кадырлуу, улуу түн» дегенди билдирет. Дагы бир чечмелөөдө «кысылуунун, тардыктын түнү» деп да айтылат. Бул ошол түнү жер бетине түшкөн сансыз периштелерге жер тардык кылары менен түшүндүрүлөт. Ислам түшүнүгүндө Кадыр түн — Куран түшүрүлгөн ыйык түн. Ошондуктан бул күнү мусулмандар Куран окуп, дуба кылып, ибадатка көбүрөөк көңүл бурушат.",24.kg,https://24.kg/kyrgyzcha/366052_orozo_2026_bugun_kadyir_tun_belgilenet/,,kyrgyz,0,high,news_site
ec013852-2b76-474c-a15a-0b1c60ff7182,Ашууда кар: Төө-Ашууда оор жүк ташуучу унааларга чектөө кирди,"Бүгүн, 11-февралда саат 09:00гө карата республиканын негизги ашууларында кар жаап жатат. Бишкек — Ош унаа жолунун Төө-Ашуу ашуусунда саат 03:40 дан тарта оор жүк ташуучу унааларга убактылуу чектөө киргизилди. Бул тууралуу Транспорт жана коммуникациялар министрлигинин маалымат кызматы билдирди. Маалыматка ылайык, учурда кар жаап жатат, тазалоо иштери тынымсыз жүрүүдө. Барскоон — Ак-Шыйрак унаа жолундагы Сөөк ашуусунда жана Каракол-Эңилчек унаа жолундагы Чоң-Ашуу ашуусунда күн бүркөк, каттам бар. Бишкек — Нарын — Торугарт унаа жолундагы Долон, Чар, Ак-Бейит, Кубакы ашуулары жана Боом капчыгайында күн бүркөк, жол кыймылы үзгүлтүксүз жүргүзүлүүдө. Ошондой эле Суусамыр — Талас — Тараз унаа жолундагы Өтмөк ашуусунда кар жаап, жолдо каттам бар.",24.kg,https://24.kg/kyrgyzcha/361482_ashuuda_kar_too-ashuuda_oor_juk_tashuuchu_unaalarga_chektoo_kirdi/,,kyrgyz,0,high,news_site
d8a066be-8945-4999-9e2b-fd7b7c1525e6,28-январга карата аба ырайы,"Эртең, 28-январда Жалал-Абад облусунун көпчүлүк аймагында, Чүй, Талас, Ош, Баткен, Ысык-Көл, Нарын облустарынын айрым жерлеринде кар жаашы күтүлөт. Күндүз Талас, Баткен облустарынын көпчүлүк аймагында, Чүй, Ош, Жалал-Абад, Ысык-Көл, Нарын облустарынын айрым жерлеринде кар жаашы күтүлөт. Абанын температурасы: Чүйдө түнкүсүн 0...-5 күндүз 3...8 Таласта түнкүсүн −2...-7 күндүз 1...6 Баткен облусунда түнкүсүн −3...+2 күндүз 2...7 Ош, Жалал-Абад облустарында түнкүсүн −3...+2 күндүз 2...7 Ысык-Көлдө түнкүсүн −1...-6 күндүз 0...5 Нарында түнкүсүн −15...-20 күндүз −3...-8 Бишкек шаарында түнкүсүн 0...-2°, күндүз 6...8° болот.",24.kg,https://24.kg/kyrgyzcha/359482_28-yanvarga_karata_aba_yirayyi/,,kyrgyz,0,high,news_site
18c19376-62e8-4cb7-9936-29399da4e143,"Нарын аймагында 3,5 баллга жеткен жер титирөө болду","Нарын аймагында 3,5 баллга жеткен жер титирөө болду. Бул тууралуу Кыргызстандын Улуттук илимдер академиясынын Сейсмология институтуну билдирди. Маалыматка ылайык, жер титирөө 31-мартта саат 13:20да катталган. Жер титирөөнүн очогу Кыргызстан аймагында, Кара-Кече айылынан чыгышка карай 17 чакырым, Сары-Иймек айылынан түндүк-батышка карай 19 чакырым, Чаек районунун борборунан түштүк-чыгышка карай 45 чакырым жана Нарындан түндүк-батышка карай 92 чакырым алыстыкта ​​жайгашкан. Жер титирөөнүн күчү Сары-Иймек жана Кара-Кече айылдарында 2,5 баллга жеткен.",24.kg,https://24.kg/kyrgyzcha/368343_naryin_aymagyinda_35_ballga_jetken_jer_titiroo_boldu/,,kyrgyz,0,high,news_site
8e22f1cb-26f8-48ea-aeff-6e0091a89c69,Окуучулардын жазгы каникулу узартылды,"Окуучулардын жазгы каникулу 2026-жылдын 2-мартынан 7-мартына чейин узартылды. Эс алуу мөөнөтүнө дагы төрт күн кошулду. Бул тууралуу Агартуу министрлигинен билдиришти. Маалыматка ылайык, окуучулардын жазгы эс алуусу кыскарып калганы боюнча келип түшкөн кайрылууларды жана өтүнүчтөрдү карап чыгып, тиешелүү чечим кабыл алынды. Окуучулардын жазгы каникулу 2026-жылдын 2-мартынан 7-мартына чейин узартылды. Мындайча айтканда, эс алуу мөөнөтүнө кошумча 4 күн берилди. Окуу планынын толук аткарылышын камсыз кылуу максатында, кошумча берилген 4 окуу күнү май айында окутулат. Натыйжада, 2025—2026-окуу жылы салттуу түрдө 25-майда эмес, 29-майда аяктайт.",24.kg,https://24.kg/kyrgyzcha/363429_okuuchulardyin_jazgyi_kanikulu_uzartyildyi/,,kyrgyz,0,high,news_site
e6896235-d7b3-42ab-ba97-21982ff28866,Пайдалуу кеңеш: Чайды кантип туура демдөө керек?,"Чайдын курамында бир катар маанилүү биохимиялык процесстерге катышкан витаминдер жана микроэлементтер бар. Бул тууралуу алдын алуу жана интеграциялык медицина боюнча адис Римма Мойсенко «Чемпионат» сайтына билдирди. Бирок, суусундук ченеми менен ичилгенде гана пайдалуу болот — күнүнө 1 литрге чейин орточо күчтүү чай. Аны күндүз ичкен жакшы, мүмкүн болсо, кечки саат 7:00дөн кийин ичүүдөн алыс болуңуз. Эгер сиз дагы эле жатар алдында тынчтандыруучу чай ичкиңиз келсе, дарыгер ромашка же жалбыз кошулган чөп чайды 20 граммдан ашык демдебөөнү сунуштады. Күндүз, мисалы, май жана туз кошуу менен суусундукту пайдалуураак кыла аласыз. Бул майлардын ашказандын былжыр челин каптап, токтук сезимин күчөтөт, деп түшүндүрдү адис. Корица, кардамон, лимон, лайм, имбирь, чычырканак, клюква жана жалбыз сыяктуу кошулмалар чайдын антиоксиданттык касиеттерин күчөтүп, вируска каршы таасир берет. Бирок, цитрус жемиштерин кайнак сууга демдөөгө болбойт, анткени бул С витаминин тез эле жок кылат, деп эскертти Моисенко. «Бир маанилүү эрежени эстен чыгарбоо керек: чайды тамактангандан бир саат өткөндөн кийин ичкен жакшы. Ашыкча суюктук тамак сиңирүү процессине тоскоол болот», — деп белгиледи дарыгер.",24.kg,https://24.kg/kyrgyzcha/358135_paydaluu_kenesh_chaydyi_kantip_tuura_demdoo_kerek/,,kyrgyz,0,high,news_site
12f7f60e-d728-4a3f-8ef3-6bfc75f7bd89,Пайдалуу кеңеш: Өмүрдү кантип оңой узартууга болот?,"Жаңы ири масштабдуу изилдөө күнүмдүк жашооңузга беш мүнөт физикалык активдүүлүктү кошуу өмүрүңүздү узартуу үчүн жетиштүү экенин тастыктайт. Бул тууралуу Championat.com сайты жазып чыкты. The Lancet журналында жарыяланган изилдөө көрсөткөндөй, бул минималдуу активдүүлүк дагы жалпы өлүм коркунучун 10 пайызга, ал эми эң аз кыймылдаган адамдар үчүн 6 пайызга азайтат. Норвегиянын спорт илимдери мектебинин окумуштуулары ошондой эле күн сайын 30 мүнөт отуруп, жеңил активдүүлүк менен алмаштыруу миңдеген эрте өлүмдөрдүн алдын ала аларын эсептеп чыгышты. Бул ачылыштар ден соолукка пайдасы кичинекей, үзгүлтүксүз кадамдардан башталарын көрсөтүп турат. Жыйынтыктар Улуу Британиядан, АКШдан жана Скандинавиядан келген 135 миң адамды камтыган сегиз жылдык изилдөөгө негизделген. Алар физикалык активдүүлүгүн көзөмөлдөө үчүн акселерометр тагынышкан. Изилдөөнүн башында катышуучулардын биринде да өнөкөт оорулардын же кыймылдуулук көйгөйлөрүнүн белгилери байкалган эмес.",24.kg,https://24.kg/kyrgyzcha/361700_paydaluu_kenesh_omurdu_kantip_onoy_uzartuuga_bolot/,,kyrgyz,0,high,news_site
f0184eb7-71be-4087-95af-d494c3619ee7,ЖКда «Ата Журт» жана «Мекенчил» депутаттык топторунун лидерлери алмашты,"«Ата Журт» жана «Мекенчил» парламенттик топторунун лидерлери алмашты. Дастанбек Жумабеков «Ата Журт» парламенттик тобунун жетекчиси болуп калды. Бул тууралуу депутат Алишер Козуев жыйында билдирди. Козуевдин айтымында, «Ата Журт» партиясынын лидери Нурлан Азыгалиев кечээ, өз ыктыяры менен кызматтан кетти. «Биздин депутаттык топ жыйында Дастан Жумабековдун талапкерлигин бир добуштан колдоду», — деп кошумчалады ал. Мындан тышкары депутат Кундузбек Сулайманов «Мекенчил» тобунун лидерлигинен өз ыктыяры менен кеткенин айтты. Ал ордуна Талант Мамытовду топтун жетекчиси кылып шайлоо чечими кабыл алынганын белгиледи.",24.kg,https://24.kg/kyrgyzcha/362675_jkda_ata_jurt_jana_mekenchil_deputattyik_toptorunun_liderleri_almashtyi/,,kyrgyz,0,high,news_site
d50195a0-4203-40c5-b243-f0dd51c85e44,Пайдалуу кеңеш: Жаңы жылдык майрамдан кийин боорду кантип тазалоо керек?,"Жаңы жылдык майрамдардан кийин бооруңузду калыбына келтирүүгө беш кадам жардам берет. Медицина илимдеринин доктору, интегративдик жана картаюуга каршы медицина боюнча адис, профессор Светлана Каневская бул тууралуу Championat.com сайтына жазды. Эксперт майлуу тамак-аштар жана алкоголдук ичимдиктердин боорго олуттуу жүк келтирип, майлуу боор оорусунун пайда болуу коркунучун жогорулатаарын белгилейт. Боорду толук калыбына келтирүү 400 күнгө чейин созулат, бирок белгилүү бир эрежелер сакталса, эки-үч жуманын ичинде байкаларлык жакшырууларга жетишүүгө болот. Профессор бир нече негизги кадамдарды белгиледи. 1. Алкоголдук ичимдиктерди жок дегенде бир ай бою толугу менен ичпеңиз, анткени аз өлчөмдөгүсү да регенерацияны токтотот. 2. Жетиштүү суу ичүү — күн бою бирдей бөлүштүрүлгөн 1 кг дене салмагына 30-50 мл. 3. Жер Ортолук деңизинин стилиндеги диетага өтүү: көбүрөөк жашылчалар, төмөн гликемиялык жемиштер, дан өсүмдүктөрү жана майсыз белоктор. Куурулган, ышталган, таттуу жана өтө кайра иштетилген тамак-аштардан алыс болуңуз. 4. Тамак-аш тизмеге белгилүү бир азыктарды кошуңуз: глутатиондун деңгээлин жогорулатуу үчүн чырым гүлдүү жашылчаларды (брокколи, капуста), ошондой эле кызылча, сарымсак, куркума, лимон жана күнүнө бирден үч стаканга чейин таттуусуз көк чай ичиңиз. 5. Уйку графигин сактаңыз (жетиден сегиз саатка чейин) жана салмагыңызды көзөмөлдөңүз, анткени ашыкча тамактануу жана ашыкча салмак майлуу боор оорусуна алып келет.",24.kg,https://24.kg/kyrgyzcha/357477_paydaluu_kenesh_janyi_jyildyik_mayramdan_kiyin_boordu_kantip_tazaloo_kerek/,,kyrgyz,0,high,news_site
f3310ccb-9469-47b3-89a2-ffd8b96d1fd8,Бишкекте бир жылда 4 миңден ашык дарак кыйылган,"2025-жылы Бишкекте 4 миң 66 дарак кыйылган. Бул 2024-жылга салыштырмалуу 197,7 пайызга көп. Бул тууралуу мэриянын шаардын социалдык-экономикалык өнүктүрүү программасын ишке ашыруу боюнча отчетунда айтылган. Муниципалитеттин маалыматы боюнча, 2023-жылы 1771 дарак, ал эми 2024-жылы 1366 дарак кыйылган. Аткаминерлердин пикиринде, бул «жашыл бак-дарактарды коопсуздукту камсыздоо жана санитардык абалды жакшыртуу боюнча чаралардын олуттуу күчөгөнүн» көрсөтөт. Анын натыйжасында авариялык учурлардын саны 53кө чейин азайган, бул 2024-жылга салыштырмалуу 73 учурга аз. Ошол эле учурда, пландалган көрсөткүч 12 миң 460 дарак болсо, өткөн жылы чындыгында 18 миң 835 дарак жана бадал отургузулган. Дарактарды оорулардан жана зыянкечтерден коргоо максатында 93,5 миң дарак иштетилген. Бирок шаар тургундары социалдык тармактарда дарак кесүү жана отургузулган көчөттөрдүн начар жашоосу боюнча нааразычылыгын айтышууда.",24.kg,https://24.kg/kyrgyzcha/369330_bishkekte_bir_jyilda_4minden_ashyik_darak_kyiyyilgan/,,kyrgyz,0,high,news_site
1baf748d-f333-44a3-ab86-4620cf6b1547,"Ашуулардагы абал айтылды: Жол ачык, каттам бар","Бүгүн, 22-январь саат 09:50гө карата өлкөнүн ашууларында жол ачык, каттам бар. Бул тууралуу Транспорт жана коммуникациялар министрлигинен билдирди. Маалыматка ылайык, жети дубандагы Жол тейлөө ишканалары өздөрүнө бөлүнгөн аймактарды толук көзөмөлдөп, атайын кезметке туруу менен күнү-түнү тазалоо, кум-туз аралашмасын себүү жумуштарын аткарып жатышат. Министрлик кандай кырдаал жаралбасын каршы тилкеге чыкпай, жол эрежесин так сактоого жана унаа дөңгөлөктөрүн кышкыга алмаштырып, керектүү шаймандарды ала жүрүүгө чакырат.",24.kg,https://24.kg/kyrgyzcha/358839_ashuulardagyi_abal_aytyildyi_jol_achyik_kattam_bar/,,kyrgyz,0,high,news_site
89c00007-d561-4f10-9cab-e6e56b6b669e,Бишкектин бардык унаа токтотуучу жайлары төлөмдөрдү QR-код менен гана кабыл алат,"Бишкектин бардык унаа токтотуучу жайлары эми QR-код менен гана төлөмдөрдү кабыл алат. «Шаардык жол жана транспорт инфраструктурасы» муниципалдык ишканасынын директору Бакай Асылбек уулу шаардык кеңештеги «Эмгек» жана «Жаңы күч» фракцияларынын биргелешкен жыйынында мэриянын пландарын жарыялады. Анын айтымында, учурда борбор калаада 3221 унаа токтотуучу жай бар. Шаар QR-код менен унаа токтотуучу жайды төлөөнү ишке ашыруу боюнча пилоттук долбоорду улантууда. Бакай Асылбек уулу бул ыкма учурда Бөкөнбаев көчөсүнөн Жибек Жолу проспектисине чейинки аймакта колдонулуп жатканын белгиледи. «Унаа токтотуучу жайлардын кызматкерлерин жок кылуу үчүн шаар боюнча QR-коддор орнотулат» — деп кошумчалады ал.",24.kg,https://24.kg/kyrgyzcha/360498_bishkektin_bardyik_unaa_toktotuuchu_jaylaryi_tolomdordu_QR-kod_menen_gana_kabyil_alat/,,kyrgyz,0,high,news_site
03c52790-803c-4a0f-bb50-c13e16d163fb,Азия чемпионаты: Бүгүн кыргызстандык кайсы балбандар күрөшөт?,"Бишкекте күрөш боюнча Азия чемпионаты эң күчтүү спортчуларынын башын бириктирип, 12-апрелге чейин «Жаштык Арена» спорт комплексинде өтүп жатат. Мелдеште балбандар грек-рим, эркин күрөш жана кыз-келиндер күрөшү боюнча күч сынашат. Жалпысынан 350гө жакын балбан катышып, 30 комплект медаль ойнотулат. Дене тарбия жана спорт мамлекеттик агенттигинен билдиришкендей, мелдештин экинчи күнү килемге грек-рим күрөшүнүн балбандары чыгып, 60, 67, 72, 82 жана 97 кг салмак чендеринде күч сынашат. Бул күнү Кыргызстандын курама командасынын атынан төмөнкү балбандар күч сынашат: Алдын ала беттештер саат 11:30да башталат.",24.kg,https://24.kg/kyrgyzcha/369219_aziya_chempionatyi_bugun_kyirgyizstandyik_kaysyi_balbandar_kuroshot/,,kyrgyz,0,high,news_site
39d4e665-b092-412e-aabb-c2984ac60931,Журналист Алтынай Арстанбекова 9-майга чейин камакка алынды,"Массалык башаламандыкка чакырык таштаган материалдарды жарыялаган деп шектелген журналист Алтынай Арстанбекова камакка алынды. Бишкектин Биринчи Май райондук соту аны 9-майга чейин камакка алуу чечимин чыгарды. Бул тууралуу Соттун басма сөз кызматы 24.kg агенттигине тастыктады. Алтынай Арстанбекова 11-мартта кармалган. ИИМдин маалыматына караганда, журналист Facebook тармагында Даниэль Жоошбаев аталышындагы фейк аккаунт аркылуу өлкө бийлигин каралоого жана коомдук-саясий кырдаалды курчутууга багытталган материалдарды жарыялаганы айтылат. 10-мартта анын үйү тинтүүгө алынып, уюлдук телефондор, планшеттер, ноутбуктар, видеокамера, документтер жана тергөөгө тиешелүү башка буюмдар алынган.",24.kg,https://24.kg/kyrgyzcha/365714_jurnalist_altyinay_arstanbekova_9-mayga_cheyin_kamakka_alyindyi/,,kyrgyz,0,high,news_site
7720d677-f08c-4612-95b7-fc77b1c461e7,М. Жангазиев атындагы куурчак театрынын февраль айындагы репертуары жарыяланды,"Бишкек шаарындагы Муса Жангазиев атындагы куурчак театрынын февраль айындагы репертуары жарыяланды. Бул тууралуу Маданият, маалымат жана жаштар саясаты министрлиги билдирди. 31-январь (Ишемби) 11:00 Премьера «Пиноккионун жыгач шаары» 12:30 Премьера «Деревяшки. Город для Пиноккио» 1-февраль (Жекшемби) 11:00 Премьера «Деревяшки. Город для Пиноккио» 12:30 Премьера «Пиноккионун жыгач шаары» 7-февраль (Ишемби) 11:00 «Кар балдар» 12:30 «Снежные человечки» 8 -февраль (Жекшемби) 11:00 «Снежные человечки» 12:30 «Кар балдар» 14-февраль (Ишемби) 11:00 «Саламатсызбы!» 12:30 «Маленький принц» 21-февраль (Ишемби) 11:00 «Алдар Көсөнүн жоруктары» 12:30 «Кот в сапогах» 22-февраль (Жекшемби) 11:00 «Кот в сапогах» 12:30 «Алдар Көсөнүн жоруктары» 28-февраль (Ишемби) 11:00 Премьера «Пиноккионун жыгач шаары» 12:30 Премьера «Деревяшки. Город для Пиноккио» 1 -март (Жекшемби) 11:00 Премьера «Деревяшки. Город для Пиноккио» 12:30 Премьера «Пиноккионун жыгач шаары» Билет баасы 200 сом. 3 жаштан баштап төлөнөт. Коштоп келгендер да билет менен киришет",24.kg,https://24.kg/kyrgyzcha/358299_mjangaziev_atyindagyi_kuurchak_teatryinyin_fevral_ayyindagyi_repertuaryi_jaryiyalandyi/,,kyrgyz,0,high,news_site
7b1f9e62-ddc1-40b6-954f-f87f20646595,Этият болуңуздар. Кыргызстанда кенелердин сезону башталды,"Аба ырайынын жылуу болушу менен өлкөдө кенелердин сезону башталып, курт-кумурскалардын чагуусу боюнча 17 учур катталды. Бул тууралуу Оорулардын алдын алуу жана мамлекеттик санитардык-эпидемиологиялык көзөмөл департаменти 24.kg маалымат агенттигине билдирди. Адистердин айтымында, чагуу учурлары Бишкек, Чүй жана Ысык-Көл облустарында катталган. Адатта, кенелердин активдүүлүгүнүн биринчи туу чокусу апрель айынын аягында — май айынын башында болуп, ал эми экинчи туу чокусу август — сентябрь айларында болот. Бирок, баардыгы аба ырайына байланыштуу. Департамент кене көп кездешкен аймактарга барганда баарына сактык чараларын көрүүнү эскертет: Кене чаккан жер бир катар кооптуу ооруларга алып келиши мүмкүн. Алардын эң катаалы — кене энцефалити. Бул оору борбордук нерв системасына таасир этет жана узак мөөнөттүү майыптыктан өлүмгө чейин оор кесепеттерге алып келиши мүмкүн. Кене чагуу коркунучун азайтуу үчүн: Эгер денеңизден кене тапсаңыз, аны мүмкүн болушунча тезирээк алып салыңыз. Ал үчүн учтары ичке пинцет колдонуңуз: кенени мүмкүн болушунча териге жакын кармап, акырын кыймылдатпай, түз өйдө тартыңыз. Ошондой эле жип колдонсоңуз болот (бекем жипти кененин тумшугуна мүмкүн болушунча жакын түйүнгө байлап, андан кийин акырын кыймылдатып, түз өйдө тартыңыз). Андан кийин чаккан жерди антисептик (йод, спирт) менен тазалап, колуңузду самын менен жууп коюңуз. Кенени кичинекей банкада же баштыкта ​​сактап, кенеден оору жуккан-жукпаганын аныктоо үчүн жергиликтүү санитардык-эпидемиологиялык кызматка кайрылуу сунушталат.",24.kg,https://24.kg/kyrgyzcha/367997_etiyat_bolunuzdar_kyirgyizstanda_kenelerdin_sezonu_bashtaldyi/,,kyrgyz,0,high,news_site
6fdc3765-91ca-4505-8ea7-c31dc27b1653,22-январга карата аба ырайы,"Эртең, 22-январда Талас, Баткен облустарынын айрым жерлеринде, Ош, Жалал-Абад облустарынын тоолуу райондорунда кар жаашы күтүлөт. Күндүз Талас, Жалал-Абад, Баткен облустарынын көпчүлүк аймактарында, Чүй, Ош облустарынын айрым жерлеринде кар жаайт. Абанын температурасы: Чүйдө түнкүсүн −6...-11 күндүз −3...+2 Таласта түнкүсүн −5...-10 күндүз −2...+3 Баткен облусунда түнкүсүн 0...-5 күндүз −1...+4 Ош, Жалал-Абад облустарында түнкүсүн 0...-5 күндүз −1...+4 Ысык-Көлдө түнкүсүн −1...-6 күндүз 0...5 Нарында түнкүсүн −16...-21 күндүз −2...-7 Бишкекте түнкүсүн −6...-8° суук, күндүз 0...2° болот.",24.kg,https://24.kg/kyrgyzcha/358775_22-yanvarga_karata_aba_yirayyi/,,kyrgyz,0,high,news_site
be5ae7aa-f3ee-44e7-a83f-5adfe2f61c8d,Криштиану Роналду футбол карьерасын жыйынтыктайбы же улантабы?,"Португалия жана «Аль-Наср» клубунун чабуулчусу Криштиану Роналдуга карьерасын жыйынтыктоо сунушталды. Бул тууралуу чет элдик спорт басылмалары жазууда. Маалыматка ылайык, «Арсеналдын» мурдагы жарым коргоочусу Андерс Лимпар бул пикирин билдирип, чабуулчу негизги максаттарына жеткенден кийин эс алууга чыгууну ойлонушу керек деп эсептейт. «Мен Лионель Месси жана Криштиану Роналду сыяктуу оюнчуларга суктанам. Алардын оюнун улантуу укмуш. Бирок, балким, Роналду Дүйнөлүк чемпионаттан кийин эс алууга кетиши керек», — деди Лимпар «Marca» басылмасына берген маегинде. Ал карьерасын дагы улантып, анын ичинде MLS клубуна өтүү анын мурастарына таасир этиши мүмкүн экенин кошумчалады. «Эмне үчүн MLS клубунда 41 жашында жаңы этапты баштоо керек? Бул көптөгөн күчтүү оюнчулары бар оор лига. Роналдуга менин кеңешим — 1000 голго жетип, эс алууга чыгуу», — деп кошумчалады ал. «Аль-Наср» клубу үчүн ойногон Роналду карьерасын улантууга шыктануусун жоготкон жок. Ал жакында эле жаракаттан айыгып, эки гол киргизип, жалпы голдорунун санын 967ге жеткирди. Португалиялык футболчу өзүнүн негизги максатын жашырган жок: 1000 голго жетүү! «Оюнду улантуу кыйын, бирок менде мотивация бар. Мен кубокторду утуп алып, ошол деңгээлге жетүүнү каалайм. Эгер жаракат албасам, муну жасай аларыма ишенем», — деп мурда Роналду айткан эле.",24.kg,https://24.kg/kyrgyzcha/370166_krishtianu_ronaldu_futbol_karerasyin_jyiyyintyiktaybyije_ulantabyi/,,kyrgyz,0,high,news_site
c8886107-200b-4e9f-af72-e97c1cd463d2,Бишкектеги университетте чет элдиктер ортосунда жаңжал: Эки студент кармалды,"Бишкек шаарындагы эл аралык медициналык университетте чет өлкөлүк студенттердин ортосунда түшүнбөстүктөн улам жаңжал чыккан. Бул тууралуу видео социалдык тармактарга тарады. Октябрь райондук ички иштер бөлүмүнүн маалыматы боюнча, окуя катталып, алдын ала тергөө башталды. Тергөө учурунда милиция жаңжалдын катышуучуларын чет элдик жарандар 2001-жылы туулган М.А. жана 2003-жылы туулган А.А. деп аныктады. Экөө тең Кыргыз Республикасынын Кылмыш-жаза кодексинин 126-беренеси «Майда бейбаштык» боюнча кармалып, райондук милиция бөлүмүндөгү убактылуу кармоочу жайга киргизилген. Бул окуя боюнча тергөө иштери уланууда.",24.kg,https://24.kg/kyrgyzcha/369414_bishkektegi_universitette_chet_eldikter_ortosunda_janjal_eki_student_karmaldyi/,,kyrgyz,0,high,news_site
536e2ca6-8b8e-4f00-92aa-4702a9306c64,Президент: «Келечекте 16 жашка чейинки балдар жөлөкпулдар менен камсыздалат»,"Президенти 16 жашка чейинки бардык балдарга жөлөкпулдардын берилишин камсыз кылууну көздөйт. Бул тууралуу Садыр Жапаров Жогорку Кеңештин бүгүнкү жыйынында билдирди. Ал депутат Дастан Бекешевдин мамлекеттин үч жашка чейинки бардык балдарга жөлөкпул берүү чечими коомчулук тарабынан абдан оң кабыл алынганы тууралуу билдирүүсүнө жооп берип жатып айтты. Садыр Жапаров совет доорунда үй-бүлөнүн каржылык абалына карабастан, 16 жашка чейинки балдарга жөлөкпулдар бериле турганын эске салды. Мамлекет башчысы белгилегендей, учурда өлкө экономикасы туруктуу өсүш жолуна түшүп, бул социалдык төлөмдөрдү этап-этабы менен көбөйтүүгө мүмкүнчүлүк түзүүдө. Президенттин айтымында, негизги максат балдарды колдоодо «бай-кедей» деп бөлбөстөн, жалпы камсыздоого өтүү. «Келечекте бюджетибиз көбөйгөн сайын 16 жашка чейинки балдарга бай-кедейине карабай, баарына бирдей жөлөк пул берүүгө аракет кылабыз», — деди Садыр Жапаров.",24.kg,https://24.kg/kyrgyzcha/365483_prezident_kelechekte_16jashka_cheyinki_baldar_jolokpuldar_menen_kamsyizdalat/,,kyrgyz,0,high,news_site
5522f266-5227-4586-86bc-06d91c42eb33,Бүгүн Бишкектин Ала-Тоо аянтында Жаңы жылдык концерт болот,"Бишкек мэриясы шаар тургундарын жана конокторун борбордук Ала-Тоо аянтында унутулгус Жаңы жыл түнүн өткөрүүгө чакырды. Бул тууралуу муниципалитет билдирди. Маалыматка ылайык, бүгүн, 31-декабрда саат 18:00дө чоң майрамдык концерт башталат, ал чыныгы Жаңы жылдык маанайды жаратып, келе жаткан жылга күч-кубат берет. «Борбор калаанын тургундары жана коноктору кыргыз эстрада жылдыздарынын катышуусундагы жандуу программаны чыдамсыздык менен күтө алышат. Алар унутулгус майрамдык маанай жаратат. Бүт үй-бүлөңүздү алып келиңиз, досторуңузду жана жакындарыңызды чакырыңыз жана 2026-жылдагы Жаңы жылды кубаныч, биримдик жана сыйкыр атмосферасында чогуу тосуңуз», — деп айтылат билдирүүдө.",24.kg,https://24.kg/kyrgyzcha/356738_bugun_bishkektin_ala-too_ayantyinda_janyi_jyildyik_kontsert_bolot/,,kyrgyz,0,high,news_site
7f061ec1-ee43-4254-a01a-2cdeedeab9d5,Бишкекте карызы бар 6 миңден ашуун абоненттин жарыгы өчүрүлүшү мүмкүн,"Энергетиктер борбор калаанын тургундарын төлөмдөрдү өз убагында жүргүзүүгө чакырат. Бул тууралуу «Бишкек электр тармактары» ишканасынын басма сөз кызматы билдирди. Маалыматка ылайык, бүгүндөн тарта дебитордук карызы бар 6 миңден ашык абоненттердин жарыгы аралыктан өчүрүлө баштайт. Абоненттер абалын текшерүү үчүн жазылуучулар төмөнкү кызматтарды колдоно алышат:",24.kg,https://24.kg/kyrgyzcha/367014_bishkekte_karyizyi_bar_6minden_ashuun_abonenttin_jaryigyi_ochurulushu_mumkun/,,kyrgyz,0,high,news_site
a996eb1a-d450-4169-a7d8-6c1d532e56f3,Коргоо министрлиги альтернативдик кызматтан түшкөн каражаттарды кайда жумшайт?,"Кыргыстандын Коргоо министрлиги альтернативдик кызматтан алынган каражаттар кандайча колдонулуп жатканын түшүндүрдү. Бул тууралуу министрдин биринчи орун басары Талайбек Шаршеев парламенттин бюджет комитетинде билдирди. Анын айтымында, 2024-жылы альтернативдик кызматтан 714 миллион сом чогултулган. Бул каражаттар аскер бөлүктөрүндөгү казармаларды жана башка жайларды оңдоого, ошондой эле кызмат шарттарын жана аскердик жайлардын материалдык-техникалык инфраструктурасын жакшыртууга жумшалат. Комитеттин жыйынында альтернативдик кызмат үчүн акчалай төгүмдөрдү көбөйтүүнү сунуштаган мыйзам долбоору каралды. Эске сала кетсек, депутат Дастан Бекешев бул демилгеге каршы чыккан. Мурда үй-бүлөлүк жагдайларга байланыштуу альтернативдик кызматка чакырылган жарандар үчүн төлөм 18 миң сом, ал эми ден соолугунун мүмкүнчүлүгү чектелген деп таанылган жарандар үчүн 25 миң сом экени кабарланган. Мыйзам долбоорунда бул жарандар үчүн төлөмдү тиешелүүлүгүнө жараша 25 миң жана 50 миң сом өлчөмүндө белгилөө сунушталууда. Ошондой эле, курал колдонууга жана Куралдуу Күчтөрдө кызмат кылууга тыюу салган окуусуна ылайык диний уюмга катталган жарандар үчүн төлөмдү 25 миң сомдон 50 миң сомго чейин көтөрүү сунушталууда. Коргоо министрлигинин маалыматы боюнча, учурдагы төлөм ченемдери 2017-жылы белгиленген жана жаңы төлөм өлчөмдөрүн учурдагы экономикалык өсүштү жана инфляцияны эске алуу менен тууралоо сунушталууда.",24.kg,https://24.kg/kyrgyzcha/360315_korgoo_ministrligi_alternativdik_kyizmattan_tushkon_karajattardyi_kayda_jumshayt/,,kyrgyz,0,high,news_site
b285569a-64a8-4ed0-bfc7-da44a47d372b,Орунтаев курулуш адистеринин 500 миң сомго чейин айлыктын чоо-жайын түшүндүрдү,"Социалдык тармактарда Курулуш, архитектура жана турак жай-коммуналдык чарба министрлигиндеги айлык акынын деңгээли боюнча талкуу күчөдү. Министрликтин башчысы Нурдан Орунтаев бул кырдаалга расмий түрдө жооп берди. Анын айтымында, министрликтин бардык бөлүмдөрү өзүн-өзү каржылоо негизинде иштейт. Бул кызматкерлердин эмгек акысына түздөн-түз таасир этет. Орточо айлык акы болжол менен 150 миң сомду түзөт, бирок айрым бөлүмдөрдө айлык акы 500 миңге сомго жетет. Министр чоң жана татаал обьектилердин долбоордук документтерин карап чыгууга жооптуу адистер — архитекторлор, инженерлер, дизайнерлер жана куруучулар жөнүндө айтып жатканын түшүндүрдү. "" Тагыраак айтканда, ким кандай иштесе, ошончо айлык алат. Биздин кызматкерлер рынокто суроо-талапка ээ болгон адистер. Тийиштүү билими бар жана иштөөгө даяр жарандар үчүн эшигибиз ар дайым ачык. Тиешелүү профилдеги адистер бизге келип иштеңиздер"", — деп түшүндүрдү ал.",24.kg,https://24.kg/kyrgyzcha/358710_oruntaev_kurulush_adisterinin_500_min_somgo_cheyin_aylyiktyin_choo-jayyin_tushundurdu/,,kyrgyz,0,high,news_site
2f535bbe-a800-444d-adb4-7316aa89be9a,Транспорт министрлиги: «Тоолуу аймактарда кар көчкү түшүү коркунучу жогору»,"16-19-апрелде тоолуу аймактарда кар көчкү түшүү коркунучу жана кооптуу тилкелерде жер көчкү жүрүү ыктымалдыгы жогору. Бул тууралуу Транспорт жана коммуникациялар министрлигинен билдиришти. Маалыматка ылайык, Жол тейлөө ишканалары керектүү техникалар жана жабдыктар менен камсыздалып, бардык ашууларда кар тазалоочу машиналар, жүктөгүчтөр жана башка атайын техникалар толук даярдыкта. Ошондой эле жолдорго себүү үчүн туз жана кум аралашмаларынын жетиштүү запасы камдалды. Министрлик айдоочуларды унаалардын ортосундагы 500 метрлик коопсуз аралыкты сактоого чакырат.",24.kg,https://24.kg/kyrgyzcha/370603_transport_ministrligi_tooluu_aymaktarda_kar_kochku_tushuu_korkunuchu_jogoru/,,kyrgyz,0,high,news_site
8c42a52f-2a73-4c65-b103-c9b75f831e7c,Пайдалуу кеңеш: Суунун организмге кандай таасири бар?,"Суу — жер бетиндеги бардык тиричиликтин кыймылдаткыч күчү. Ал кычкылтек менен бирге жаныбарлар жана өсүмдүктөр дүйнөсүнүн маанилүү процесстерин колдойт. 70% суудан турган адам үчүн бул жашоонун негизги булагы болуп саналат. Суу биздин органдарды жана ткандарды жашоо берүүчү ным менен каныктырат, туура метаболизмге жардам берет жана ашыкча салмак менен күрөшүүгө жардам берет! Ошол эле учурда, эгерде организмге суу жетишсиз болсо, суусагындык пайда болушу мүмкүн, анын оор түрү өлүмгө алып келет. Кошумчалай кетсек, медицина кызматкерлеринин изилдөөлөрүнүн жыйынтыгы боюнча оорулардын 80%дан ашыгы суу аркылуу жугат. Эч кандай шек жок: адамдын ден соолугу үчүн сууну үзгүлтүксүз ичүү гана эмес, керектелүүчү суунун сапатын да көзөмөлдөө зарыл. Эми суу тазалоо системаларынын аркасында муну жасоо кыйын эмес. Үйгө чыпка орнотуп, тазаланган сууну ичиңиз. Суу адамдын организминде маанилүү функцияларды аткарат:",24.kg,https://24.kg/kyrgyzcha/368397_paydaluu_kenesh_suunun_organizmge_kanday_taasiri_bar/,,kyrgyz,0,high,news_site
ef1e2097-cf66-42eb-b173-32902a426626,"Дүйнөлүк банк: «Кыргызстандын экономикасы 2026-жылы 6,5 пайызга өсөт»","Кыргыстандын экономикасы 2026-жылы ички суроо-талаптын, инвестициялардын жана мамлекеттик чыгымдардын эсебинен өсө берет. Бул божомолду Дүйнөлүк банк тобунун улук экономисти Бакыт Дубашов жарыялады. Анын айтымында, ички экономикалык стимул өсүштүн негизги кыймылдаткыч күчү болот. Тактап айтканда, жеке керектөө, инвестициялардын өсүшү жана мамлекеттик чыгымдардын кеңейиши күтүлүүдө. «Биздин божомолдор экономикалык активдүүлүк ички факторлор менен колдоого алынат деген пикирге негизделген. Реалдуу сектордо өсүш өнөр жай, курулуш жана тейлөө тармагы менен шартталат», — деп белгиледи Бакыт Дубашов. Дүйнөлүк банктын маалыматы боюнча, Кыргызстандын экономикалык өсүш темпи 2026-жылы болжол менен 6,5 пайызга жетиши мүмкүн. Бул экономикалык оң динамика уланып жатканын көрсөтүп турат.",24.kg,https://24.kg/kyrgyzcha/357747_duynoluk_bank_kyirgyizstandyin_ekonomikasyi_2026-jyilyi_65_payyizga_osot/,,kyrgyz,0,high,news_site
4802b9f8-c634-48fb-859e-acde8bea3c6b,Бишкекте 128 адамды кене чакты,"Бишкек шаардык мамлекеттик санитардык-эпидемиологиялык көзөмөл борборуна кене чаккандыгы тууралуу 128 адам кайрылды. Мекеменин маалыматы боюнча, алардын ичинен сегиз кишиге (төрт чоң адам жана төрт бала) кене энцефалитине каршы иммуноглобулин сайылган. Жалпысынан кене энцефалитине каршы 189 адам эмдөөдөн өтсө, алардын бешөө ревакцинациядан (бир жылдан кийин кайра эмдөө) өттү. Эмдөөгө Жусуп Баласагын атындагы Кыргыз улуттук университетинин биология, география, экология жана туризм факультеттеринин студенттери, «НУР Телеком» ЖЧКсынын жана Өзгөчө коркунучтуу карантиндик инфекциялардын алдын алуу жана көзөмөлдөө боюнча республикалык борбордун кызматкерлери өтүштү. Кене энцефалити — бул борбордук нерв системасын жабыркатуучу курч вирустук инфекциялык оору. Инфекциянын негизги ташуучусу болуп жаратылыш очокторунда жашаган иксод кенелери эсептелет. Оорунун кесепеттери: толук айыгып кетүүдөн баштап, ден соолуктун майыптыкка же өлүмгө алып келүүчү оор бузулууларына чейин жетиши мүмкүн. 1. Жугуу жолдору: 2. Оорунун негизги белгилери: 3. Алдын алуу чаралары: 4. Өзгөчө (спецификалык) алдын алуу: Вакцинация — кене энцефалитинен коргонуунун эң натыйжалуу жолу. Ал эндемикалык очоктордо иштеген жана ал жакка бара турган айрым кесиптин ээлерине, ошондой эле КУУнун биология жана геология факультеттеринин студенттерине жасалат. Иммуноглобулин — кене энцефалити боюнча кооптуу аймактарда кене чагып алгандыгына байланыштуу кайрылган адамдарга берилет.",24.kg,https://24.kg/kyrgyzcha/371185_bishkekte_128_adamdyi_kene_chaktyi/,,kyrgyz,0,high,news_site
2e21ba3f-8efc-485f-9678-fe496ee4fa53,Садыр Жапаров 15 миң студенттик КРСУ кампусун куруу жөнүндө мыйзамга кол койду,"Президент Садыр Жапаров «2025-жылдын 26-ноябрында Бишкек шаарында кол коюлган Кыргызстандын министрлер кабинети менен Россиянын өкмөтүнүн ортосундагы Кыргызстанда Россиянын биринчи президенти Б.Н. Ельцин атындагы Кыргыз-Россия Славян университетинин кампусун куруунун шарттары жөнүндө макулдашууну ратификациялоо тууралуу» мыйзамга кол койду. Мыйзам 2026-жылдын 18-мартында Жогорку Кеңеш тарабынан кабыл алынган. Жогоруда белгиленген макулдашуу кесиптик жогорку билим берүүнүн жана илимий иштин сапатын жогорулатууга, Кыргыз Республикасы менен Россия Федерациясынын ортосундагы гуманитардык кызматташтыкты өнүктүрүүгө, анын ичинде Кыргызстанда долбоордук кубаттуулугу 15 000 билим алуучу студентке Кыргыз-Россия Славян университетинин кампусун курууга, объектти заманбап материалдык-техникалык жабдуулар менен камсыз кылууга; объекттерди долбоорлоо, куруу, көзөмөлдөө, каржылоо жана пайдаланууга берүү бөлүгүндө тараптардын аракеттерин координациялоо үчүн аталган университеттин заманбап билим берүү, илимий жана социалдык инфраструктурасын түзүүгө багытталган.",24.kg,https://24.kg/kyrgyzcha/369496_sadyir_japarov_15min_studenttik_krsu_kampusun_kuruu_jonundo_myiyzamga_kol_koydu/,,kyrgyz,0,high,news_site
f4dded64-dcc9-4896-8486-e3f0b6bfc0e6,Жаңы жылдык майрамда Кыргызстандын энергетиктери штаттык режимде иштейт,"Энергетиктер 31-декабрь — майрам күнү жана январь айындагы эс алуу күндөрү штатык режимде иштешет. Бул тууралуу Энергетика министрлигинен билдиришти. Маалыматка ылайык, бүгүндөн тарта бардык райондук электр тармактарында ыкчам чыгуучу бригада жана жетекчиликтен бир адам кошулуп, нөөмөт уюштурулду. Мындан тышкары, кандайдыр бир өчүрүү катталса, авариялык абалды тез арада калыбына келтирүү үчүн атайын техника жана нөөмөттүк унаалар даярдалган, бригада керектүү жабдуулар менен камсыздалган. Эгерде электр энергиясы менен камсыздоо боюнча суроолор пайда болсо төмөнкү номерлерине кайрылсаңыз болот: 1209, 105, оператордун мобилдик номери: 0772 001209, 0556 001209, WhatsApp номер — 0702 001209.",24.kg,https://24.kg/kyrgyzcha/356696_janyi_jyildyik_mayramda_kyirgyizstandyin_energetikteri_shtattyik_rejimde_ishteyt/,,kyrgyz,0,high,news_site
219b480f-8cd6-4ee3-8909-454ee155374a,"Бишкекте Чоң Чүй каналына жеңил унаа кулап, айдоочу аман калды","Алардын айтымында, кырсык борбор калаанын райондорунун биринде болгон. Унаа сууга түшүп кеткен, бирок айдоочу аман калды. Окуя болгон жерде адамдар чогулуп жатышат, кырсыктын жагдайлары иликтенүүдө. Учурда өзгөчө кырдаалдар кызматтарынан же укук коргоо органдарынан расмий комментарийлер боло элек.",24.kg,https://24.kg/kyrgyzcha/370805_bishkekte_chon_chuy_kanalyina_jenil_unaa_kulap_aydoochu_aman_kaldyi/,,kyrgyz,0,high,news_site
c8ebbf30-1789-4b74-ad4a-36fee6c3e227,3-апрелге карата аба ырайы,"Эртең, 3-апрелде Баткен облусунун айрым жерлеринде өткүн өтүп, күн күркүрөйт, тоолуу райондорунда кар жаайт. Абанын температурасы: Чүйдө түнкүсүн 9...14, күндүз 25...30 Таласта түнкүсүн 7...12, күндүз 24...29 Баткен, Ош, Жалал-Абад облустарында түнкүсүн 7...12, күндүз 24...29 Ысык-Көлдө түнкүсүн 3...8, күндүз 18...23 Нарында түнкүсүн 0...5, күндүз 19...24 Бишкек шаарында түнкүсүн 11...13°, күндүз 27...29° болот.",24.kg,https://24.kg/kyrgyzcha/368654_3-aprelge_karata_aba_yirayyi/,,kyrgyz,0,high,news_site
a1390984-90a8-42bf-a7e8-aff46608f16b,Жогорку Кеңештин депутаты Куванычбек Конгантиев мандатын тапшырды,"Шайлоо жана референдумдар боюнча борбордук комиссияга Жогорку Кеңештин депутаты Куванычбек Конгантиевден мөөнөтүнөн мурда мандатын тапшырууга арыз жазды. Депутат бул маалыматты 24.kg агенттигине тастыктады. Анын арызы БШКнын 10-марттагы жыйынында каралат. Конгантиев Жогорку Кеңешке 13 миң 379 добуш алып, № 21 округ боюнча шайланып келген. Ал «Эл үмүт Ата Журт» депутаттык тобунун мүчөсү, Өнөр жай саясаты, транспорт, отун-энергетика комплекси, архитектура жана курулуш боюнча комитетинин төрагасы болуп иштеди. Дагы мурда төмөнкүлөр депутаттык мандаттарын тапшырышкан: Мындан тышкары, депутат Жанар Акаев Ош шаарынын мэри болуп дайындалгандыгына байланыштуу мандатынан баш тарткан.",24.kg,https://24.kg/kyrgyzcha/365307_jogorku_keneshtin_deputatyi_kuvanyichbek_kongantiev_mandatyin_tapshyirdyi/,,kyrgyz,0,high,news_site
992e56ec-0b80-475f-b591-d5b850f83890,Иранга кол салуу: Каза болгондордун саны 2 миң 76га жетти,"28-февралдан бери уланып келе жаткан Ирандагы АКШ менен Израилдин кол салууларынан каза болгондордун саны 2 миң 76га жетип, ал эми жаракат алгандардын саны 26 миң 500гө жетти. Бул тууралуу Катарда жайгашкан «Аль-Жазира» телеканалы Ирандын Саламаттыкты сактоо министрлигине шилтеме жасап билдиргендигин түркиялык ЖМКлары жазды. «Аль-Жазира» ошондой эле аймак боюнча каза болгондордун жана жаракат алгандардын санын жазган. Анда Ливанда 1 миң 345 адам, анын ичинде 125 бала каза болуп, 4 миң 40тан ашуун адам жаракат алганы, ал эми Бириккен Араб Эмираттарында (БАЭ) 12 адам каза болуп, 169 адам жаракат алганы айтылган. Мындан тышкары Иорданияда 20, Катарда 16 адам жаракат алганы, ал эми оккупацияланган Батыш Шериада 4, Бахрейнде 3, Сауд Арабиясында 2, Кувейтте 6, Оманда 3, Сирияда 4 жана Иракта 107ден ашык адам каза болгону айтылат. Ал эми Израилде 28 адам каза болгону, алардын бирөөнөн башкасынын баары жайкын тургундар экени, 3 миң 223 адам жаракат алганы белгиленген. Ошондой эле Ливанда 10 израилдик аскер каза болгону жазылды. Ал эми АКШнын 15 аскер каза болгону, 13ү согуштук аракеттерде, 2си согуштук эмес себептерден каза болгону, ошондой эле 200дөн ашык америкалык жаран жаракат алганы айтылган.",24.kg,https://24.kg/kyrgyzcha/368706_iranga_kol_saluu_kaza_bolgondordun_sanyi_2min_76ga_jetti/,,kyrgyz,0,high,news_site
759a47e0-b297-43b7-9175-824af86daee4,Кыргызстандын президенти АКШнын атайын өкүлү Сержио Горду кабыл алды,"Президент Садыр Жапаров бүгүн, 4-февралда Америка Кошмо Штаттарынын Түштүк жана Борбор Азия боюнча атайын өкүлү, элчи Сержио Горду кабыл алды. Жолугушуунун жүрүшүндө тараптар кыргыз-америкалык саясий жана экономикалык өз ара аракеттенүү, ошондой эле транспорт, санариптештирүү, финансылык технологиялар, жасалма интеллект жана саламаттык сактоо тармактарындагы кызматташуу маселелерин талкуулашты. Президент Садыр Жапаров Кыргызстан Америка Кошмо Штаттары менен өз ара пайдалуу жана тең укуктуу негизде эки жана көп тараптуу кызматташууга даяр экенин белгиледи. Садыр Жапаров тышкы өнөктөштөр менен соода-экономикалык жана инвестициялык байланыштарды өнүктүрүү өлкөнүн тышкы саясатынын артыкчылыктуу багыттарынын бири экенине көңүл бурду. Президент ошондой эле эки өлкөнүн ортосундагы экономикалык өз ара аракеттенүүнү активдештирүү үчүн олуттуу мүмкүнчүлүктөр бар экенин айтты. Бул контекстте ал «B5+1» (Business 5+1) платформасынын маанисине токтолуп, бүгүн Бишкек шаарында ишин баштаган «B5+1» экинчи диалогдук форуму Кыргызстан менен АКШнын ортосундагы соода-экономикалык кызматташтыкты кеңейтүүгө, биргелешкен долбоорлорду мындан ары ишке ашырууга, ошондой эле аймактык өз ара байланышты чыңдоого өбөлгө түзөрүнө ишенимин билдирди. Садыр Жапаров ошондой эле эки тараптуу кызматташтыкты кеңейтүү менен катар Кыргызстан «C5+1» (Борбордук Азия — АКШ) платформасынын алкагында өз ара аракеттенүүнү мындан ары да чыңдоого кызыкдар экенин белгиледи. Акыркы 10 жылда бул диалогдук аянтча Борбордук Азия өлкөлөрү менен Америка Кошмо Штаттарынын ортосундагы көп пландуу кызматташтыкты илгерилетүүгө багытталган натыйжалуу механизм катары өзүн көрсөттү. АКШнын Түштүк жана Борбордук Азия иштери боюнча атайын өкүлү, элчи Сержио Гор кыргыз тарапка жылуу кабыл алгандыгы үчүн ыраазычылык билдирип, президент Садыр Жапаровго АКШнын президенти Дональд Трамптын саламын жана эң жакшы каалоолорун жеткирди. Ал Америка Кошмо Штаттарынын Кыргызстан менен өз ара кызыкчылык туудурган бардык багыттар боюнча тыгыз кызматташууга даяр экендигин билдирди. Сержио Гор экономикалык дипломатияга басым жасап, Бишкекке «B5+1» форумуна катышуу үчүн АКШнын ири бизнес делегациясы келгенин айтып, бул эки өлкөнүн соода-экономикалык кызматташтыгын мындан ары өнүктүрүү үчүн жакшы негиз болот деген ишенимин билдирди. Андан соң президент Садыр Жапаров жана Америка Кошмо Штаттарынын Түштүк жана Борбордук Азия иштери боюнча атайын өкүлү, элчи Сержио Гор америкалык бизнес өкүлдөрүнүн катышуусунда сүйлөшүүлөрдү улантышты.",24.kg,https://24.kg/kyrgyzcha/360583_kyirgyizstandyin_prezidenti_akshnyin_atayyin_okulu_serjio_gordu_kabyil_aldyi/,,kyrgyz,0,high,news_site
5e1b604d-0176-4817-84c8-fba8c4b6dc03,Мектепке кабыл алуу. Биринчи класска 50 миңге жакын бала кабыл алынды,"Биринчи класска 50 миңге жакын бала кабыл алынды. Бул маалымат 1mektep.edu.gov.kg ачык маалыматтар порталынан жеткиликтүү болду. Бишкек шаарында 8 миң 400гө жакын бала кабыл алынган. Алардын ичинен кыргыз тилиндеги класстарда дээрлик 3 миң 400 орун, ал эми орус тилиндеги класстарда 5 миңге жакын орун бар. Борбор калаада дагы 18 миңден ашык орун бош калды. 2026/27-окуу жылына жалпы квоталардын саны 192 миң 300 булууда. Белгилей кетүүчү нерсе, республиканын түштүгүндө окутуу өзбек жана тажик тилдериндеги класстарга да кабыл алуу жүрүп жатат. Биринчи класска онлайн каттоо 1-апрелде башталды. Ага 2019 жана 2020-жылдары төрөлгөн балдар катыша алышат. Биринчи этап ата-энесинин (же мыйзамдуу камкорчусунун) тиешелүү мектептин кичи районунда туруктуу каттоосу бар балдар үчүн болот. Экинчи этап болсо жашаган жери боюнча каттоого негизделбеген каттоо үчүн, 1-июнда башталат.",24.kg,https://24.kg/kyrgyzcha/370104_mektepke_kabyil_aluu_birinchi_klasska_50minge_jakyin_bala_kabyil_alyindyi/,,kyrgyz,0,high,news_site
06c27ba5-dfea-4c6f-b9a2-20499aa80fd3,Кыргызстанда кайсы адистиктер талап кылынууда? Тизме,"Кыргызстанда өткөн айга карата 5 миң 547 бош иш орду бар. Бул тууралуу Эмгек, социалдык камсыздоо жана миграция министрлигинен билдиришти. Маалыматка ылайык, жумушсуздуктун расмий деңгээли 1,3 пайызды түзөт. Иш менен камсыз кылуу кызматтарында 56,5 миң адам каттоодо турса, анын ичинен 38,1 миңи жумушсуз деген расмий статуска ээ. Эмгек рыногундагы суроо-талаптын түзүмү бүгүнкү күндө экономика кол өнөрчүлүк жана өндүрүштүк багытка оогонун көрсөтүүдө. Жалпы вакансиялардын ичинен 4 251 орун жумушчу адистиктерине туура келет. Иш берүүчүлөр төмөнкү адистерди издешүүдө: Ал эми тейлөө тармагында 1 296 бош орун бар. Бул багытта тарбиячылар, медициналык кызматкерлер, бухгалтерлер, администраторлор жана стажёрлор жетишсиз болууда.",24.kg,https://24.kg/kyrgyzcha/363767_kyirgyizstanda_kaysyi_adistikter_talap_kyilyinuuda_tizme/,,kyrgyz,0,high,news_site
0c36bd5e-b23a-477a-8076-2aa67b38ee26,Өтмөк ашуусунда чектөө алынды: Жолдо каттам бар,"Суусамыр — Талас — Тараз унаа жолундагы Өтмөк ашуусунда саат 12:30дан тартып оор жүк ташуучу унаалар үчүн киргизилген убактылуу чектөө алынды. Бул тууралуу «Кыргызавтожол» мамлекеттик ишканасынан билдиришти. Маалыматка ылайык, кечээ аба ырайынын кескин өзгөрүшүнөн улам ашууда саат 13:00дөн тарта оор жүк ташуучу унааларга чектөө киргизилген. Учурда каттам бар, жолдор ачык. Тазалоо иштери «Кыргызавтожол-Түндүк» мамлекеттик ишканасына караштуу № 36 Жол тейлөө мекемеси тарабынан жүргүзүлүүдө. Жол тейлөө ишканасынын кызматкерлери тарабынан бардык унаа жолдордо жана ашууларда жол кыймылынын коопсуздугун камсыз кылуу боюнча тиешелүү иштер күн сайын, күнү-түнү жүргүзүлүүдө. Жол кырдаалы туруктуу көзөмөлдө турат. «Кыргызавтожол» ишканасы кышкы жол шарттарын эске алып, унааңызды кышка ылайык даярдап, кышкы дөңгөлөктөрдү колдонуп, керектүү шаймандарды ала жүрүүнү жана жол кыймылынын эрежелерин так сактоону өтүнөт.",24.kg,https://24.kg/kyrgyzcha/361716_otmok_ashuusunda_chektoo_alyindyi_joldo_kattam_bar/,,kyrgyz,0,high,news_site
c9db7738-880c-4e24-91e1-990c2942e017,14-январга карата аба ырайы,"Эртең, 14-январда Кыргызстанда жаан-чачын күтүлбөйт. Тоо этектерде жана тоолуу райондордо жолдор тоңголок, тайгак болот. Абанын температурасы: Чүйдө түнкүсүн −3...+2, күндүз 9...14; Таласта түнкүсүн −3...+2, күндүз 8...13; Баткен, Ош, Жалал-Абад облустарында түнкүсүн −4...+1, күндүз 9...14; Ысык-Көлдө түнкүсүн −1...-6, күндүз 1...6; Нарында түнкүсүн −20...-25, күндүз −10...-15. Бишкек шаарында түнкүсүн 0...2°, күндүз 12...14° жылуу болот.",24.kg,https://24.kg/kyrgyzcha/357690_14-yanvarga_karata_aba_yirayyi/,,kyrgyz,0,high,news_site
8aee271e-5603-4b4d-8c50-d7874ab8cf4d,Ошто «Ала-Тоо жазы» фестивалы өтөт,"29—30-апрелде Ош шаарында «Ала-Тоо жазы» студенттердин фестивалы өтөт. Бул тууралуу Маданият, маалымат жана жаштар саясаты министрлигинен билдиришти.Маалыматка ылайык, маданий иш-чара Кыргызстандын ар кайсы аймактарынан келген таланттуу жаштарды бириктирип, алардын чыгармачылык мүмкүнчүлүктөрүн кеңири коомчулукка тартуулоону максат кылат.Фестивалда вокалдык искусство, классикалык музыкалык аспаптарды ойноо, фольклордук аткаруучулук жана хореография багыттарында чыгармалар тартууланат.Иш-чара эки баскычта уюштурулат: биринчи баскычта жогорку жана орто кесиптик окуу жайлардын ичинде тандоо турлары өтсө, экинчи баскычта финалдык этапка өткөн мыкты командалар күч сынашат.Белгилей кетсек, сынакка Б.Бейшеналиева атындагы Кыргыз улуттук маданият жана искусство университетинин, К.Молдобасанов атындагы Кыргыз улуттук консерваториясынын студенттери жана музыкалык же искусство багытындагы факультеттерде окуган студенттер катыша алышпайт.",24.kg,https://24.kg/kyrgyzcha/369022_oshto_ala-too_jazyi_festivalyi_otot/,,kyrgyz,0,high,news_site
ac825d08-86f6-45e1-bdd0-00d864b7b4ad,"Кытайдын калкы 2025-жылы 3,3 миллиондон ашык адамга азайды","Кытайдын калкы 2025-жылы дагы азайды. Улуттук статистика бюросунун маалыматы боюнча, өткөн жылы өлкөдө 7,92 миллион адам төрөлүп, 11,31 миллион адам каза болгон. Бул калктын табигый түрдө 3,39 миллионго төмөндөшүн билдирет. Жылдын аягында республиканын жалпы калкынын саны болжол менен 1,4 миллиардды түзгөн. Болжол менен 716 миллион эркек жана 688 миллион аял бар. Жаш курагы боюнча бөлүштүрүү: Калктын 60,6 пайызы (болжол менен 851 миллион адам) 16 жаштан 59 жашка чейинки эмгекке жарамдуу куракта. 60 жаштан ашкан адамдардын үлүшү 23 пайызга (болжол менен 323 миллион) жеткен, алардын 15,9 пайызы (болжол менен 223 миллион) 65 жана андан жогорку курактагы жарандар. Кытайдын калкынын саны төртүнчү жыл катары менен азайып баратат. Адистер бул тенденцияны төрөлүүнүн туруктуу төмөндүгүнө, коомдун картайышына, турак жай жана билим берүү чыгымдарынын өсүшүнө жана жаштар арасындагы социалдык көз караштардын өзгөрүшүнө байланыштырышат.",24.kg,https://24.kg/kyrgyzcha/358372_kyitaydyin_kalkyi_2025-jyilyi_33_milliondon_ashyik_adamga_azaydyi/,,kyrgyz,0,high,news_site
05ba40a3-dbaa-40d2-b474-7ed27724bc41,Садыр Жапаров Владимир Путин менен сүйлөшүүлөрдү өткөрдү. Эмнелер талкууланды?,"Садыр Жапаров Россияга болгон иш сапарынын алкагында Россиянын президенти Владимир Путин менен сүйлөшүүлөрдү жүргүздү. Бул тууралуу КР Президентинин басма сөз кызматы билдирди. Жолугушууда кыргыз-орус өз ара аракеттенүү маселелери талкууланып, муну менен катар соода-экономикалык кызматташтыкты тереңдетүүгө өзгөчө көңүл бурулду. Ошондой эле мурда жетишилген макулдашууларды ишке ашыруунун жүрүшү каралды. Тараптар регионалдык күн тартибиндеги маселелер жана көп тараптуу форматтагы өз ара аракеттенүү боюнча позициялары тууралуу пикир алышты. Президент Садыр Жапаров жылуу кабыл алуу үчүн ыраазычылыгын билдирди жана Владимир Путинди үстүбүздөгү жылдын 31-август — 1-сентябрь күндөрү Бишкек шаарында өтө турган Шанхай кызматташтык уюмуна мүчө-мамлекеттердин башчыларынын саммитине катышууга чакырды. Өз кезегинде Владимир Путин чакыруу үчүн ыраазычылык билдирип, Россия тараптын интеграциялык бирикмелердин алкагында активдүү өз ара аракеттенүүгө берилгендигин, ошондой эле алардын ишмердүүлүгүнүн негизги багыттары боюнча күч-аракеттерди координациялоону жана практикалык кызматташтыкты мындан ары да арттырууга даяр экендигин ырастады. Сүйлөшүүлөрдүн жыйынтыгында лидерлер кыргыз-россиялык кызматташтыкка кошумча динамика берүүгө жана өз ара аракеттенүүнүн бардык багыттары боюнча биргелешкен демилгелерди ырааттуу илгерилетүүгө өз ара багыт алышканын билдиришти.",24.kg,https://24.kg/kyrgyzcha/371678_sadyir_japarov_vladimir_putin_menen_suyloshuulordu_otkordu_emneler_talkuulandyi/,,kyrgyz,0,high,news_site
a0bbfa5d-25ae-42ff-a221-147c4a8abd8d,Азия чемпионаты: Экинчи күнү эки кыргызстандык балбан жарым финалга чыкты,"Кыргызстандык балбандар Раззак Бейшекеев менен Амантур Исмаилов Бишкекте өтүп жаткан грек-рим күрөшү боюнча Азия чемпионатынын жарым финалына чыгышты. Бул тууралуу UWW сайтында кабарланды. Раззак Бейшекеев 67 кг чейинки салмак категориясында күч сынашып, мелдешти чейрек финал баскычынан баштады. Алгачкы беттешинде Бейшекеев кореялык спортчу менен кез келип, 5:1 эсебинде ишенимдүү жеңишке жетти. Бейшекеевдин кийинки атаандашы ирандык спортчу болмокчу. Ал эми Амантур Исмаилов (72 кг чейин) Алматбек Аманбек (Казакстан) менен беттешет. Алар тиешелүүлүгүнө жараша Корея жана Индиянын өкүлдөрүн жеңишти. Финалдар бүгүн кечинде аныкталат. Белгилей кетсек, ушул күндөрү Бишкектеги «Жаштык» аренада спорттук күрөш боюнча Азия чемпионаты өтүп жатат. Мелдешке жалпысынан 350гө жакын балбан катышып, 30 комплект медаль ойнотулууда.",24.kg,https://24.kg/kyrgyzcha/369350_aziya_chempionatyi_ekinchi_kunu_eki_kyirgyizstandyik_balban_jaryim_finalga_chyiktyi/,,kyrgyz,0,high,news_site
011fbf0a-ddd9-4417-bc7a-4cde909b1a80,УКМК кызматкерине пара катары алтын куймаларын берген жаран кармалды,"Кыргызстанда УКМКнын кызматкерине жалпысынан 200 грамм салмактагы эки алтын куймаларын пара катары берүүгө аракет кылган жаран кармалды. Бул тууралуу УКМКнын басма сөз борбору билдирди. Маалыматка ылайык, 23-февралда УКМК тарабынан иликтенип жаткан кылмыш ишинин алкагында оң чечим кабыл алуу үчүн атайын кызматтын кызматкерине пара катары алтын куймаларын берүү фактысы аныкталган. Жалпы салмагы 200 граммды түзгөн 2 даана алтын куймасын берип жаткан учурда 1978-жылы туулган Д.Р.Е. аттуу жаран кармалган. Алынган куймалардын болжолдуу баасы 3 миллион сомго жакын. Учурда кармалган жаран УКМКнын убактылуу кармоочу жайына киргизилди. Бул факт боюнча тиешелүү тергөө-ыкчам иш-чаралары улантылууда.",24.kg,https://24.kg/kyrgyzcha/363626_ukmk_kyizmatkerine_para_kataryi_altyin_kuymalaryin_bergen_jaran_karmaldyi/,,kyrgyz,0,high,news_site
29ac95a2-44c9-4ef1-b9d4-eed447c779f6,Ашуулардагы абал: Өтмөк жана Төө-Ашууда кар жаап жатат,"Өлкөнүн негизги жолдорундагы ашууларда кар жаап, күн бүркөк болууда. Бул тууралуу «Кыргызавтожол» мамлекеттик ишканасы бүгүн, саат 08:30га карата берген маалыматында билдирди. Ишкананын билдирүүсүнө ылайык, учурдагы кырдаал төмөнкүдөй: Учурда жол тейлөө ишканаларынын кызматкерлери коопсуздукту камсыз кылуу үчүн күнү-түнү иштеп жатышат. «Кыргызавтожол» ишканасы жол кырдаалы толук көзөмөлдө экенин кошумчалады.",24.kg,https://24.kg/kyrgyzcha/362095_ashuulardagyi_abal_otmok_jana_too-ashuuda_kar_jaap_jatat/,,kyrgyz,0,high,news_site
d060b1e5-e50e-4a8e-ad17-72c49d6558bf,ЖК Канат Чыныбаевди Өзгөчө кырдаалдар министри кызматына талапкерлигин жактырды,"Жогорку Кеңеш Канатбек Чыныбаевди өзгөчө кырдаалдар министри кызматына дайындоого макулдук берди.  Мындай чечим бүгүн, 11-мартта парламенттин жалпы жыйында кабыл алынды. Талапкерди парламенттин жыйынында президенттин жана министрлер кабинетинин Жогорку Кеңештеги туруктуу өкүлү Бектур Зулпиев тааныштырды. Эскерте кетсек, 10-мартта Президент Садыр Жапаров Канатбек Чыныбаевди Өзгөчө кырдаалдар министринин милдетин аткаруучу кылып дайындоо жөнүндө жарлыкка кол койгон. Ал мурда Өзгөчө кырдаалдар министринин орун басары болуп иштеген.",24.kg,https://24.kg/kyrgyzcha/365452_jkkanat_chyinyibaevdi_ozgocho_kyirdaaldar_ministri_kyizmatyina_talapkerligin_jaktyirdyi/,,kyrgyz,0,high,news_site
c0cc879f-84ee-48b6-b72c-756b3d92110a,Кыргызстанда 150 жеке агенттик жарандарды 26 өлкөгө ишке орноштурат,"Кыргызстанда 150 жеке агенттик жарандарды 26 өлкөгө ишке орноштурат. Бул тууралуу «Биринчи радиодо» Чет өлкөлөрдөгү жарандарды жумушка орноштуруу борборунун эмгек миграциясы бөлүмүнүн башчысы Эсенбек Эргешов билдирди. Анын айтымында, 2025-жылга чейин 19 миң 400 жаран жумуш менен камсыз болгон. Ошол эле учурда Эсенбек Эргешов уятсыз жөнөтүүчүлөрдүн да көйгөйүн белгиледи. «Алар мыйзамдуу жумушка орноштуруу агенттиктеринин ишмердүүлүгүнө көлөкө түшүрүшөт. Натыйжада, коомчулукта бул агенттиктер жарандардан акча табууга аракет кылып, алдамчылык жана алдоо менен гана алектенет деген ой калыптанат. Бирок бир компанияга таянып, бардык агенттиктерди айтууга болбойт — дээрлик 99 пайызы көп жылдардан бери жоопкерчиликтүү иштеп келет», — деди ал. Белгилей кетсек, бир жума мурун Ички иштер башкы башкармалыгынын кызматкерлери Бишкектеги жумушка орноштуруу агенттиктерин текшерип, бир катар мыйзам бузууларды аныкташкан. Алардын айрымдары тиешелүү уруксат кагаздары (лицензиялары) жок жарандарды Кыргыз Республикасынын чегинен тышкары жөнөтүп жатышкан. Аныкталган мыйзам бузуулардан улам беш агенттиктин иши убактылуу токтотулуп, фирмаларга айып пул салынган.",24.kg,https://24.kg/kyrgyzcha/367423_kyirgyizstanda_150_jeke_agenttik_jarandardyi_26olkogo_ishke_ornoshturat/,,kyrgyz,0,high,news_site
2f55d190-835a-421b-9247-20106b2b2d9c,ӨКМ: Тоолуу райондордо сел жүрүшү мүмкүн,"Өзгөчө кырдаалдар министрлиги сел жана кар көчкү коркунучуна байланыштуу шашылыш билдирүү таратты. Ага ылайык, 23-24-апрель күндөрү туруксуз аба ырайына жана күтүлүп жаткан нөшөрлүү жаан-чачынга байланыштуу өлкөнүн тоолуу жана тоо этектериндеги райондорунда сел жүрүп, дарыяларда суунун деңгээли көтөрүлүшү мүмкүн. Ошондой эле 25-апрелге чейин жаан-чачындын көптүгүнө жана абанын температурасынын жогорулашына байланыштуу төмөнкү унаа жолдордо кар көчкү түшүүсү жана кар күрткүсү күтүлөт: Жолдор тайгак болуп, муз тоңот. Буга байланыштуу унаалардын ортосунда 500 метрлик аралыкты сактоо талап кылынат.",24.kg,https://24.kg/kyrgyzcha/371592_okm_tooluu_rayondordo_sel_jurushu_mumkun/,,kyrgyz,0,high,news_site
64b293bc-984a-479d-9996-c41430c920ef,Бишкекте хоккей боюнча Азия Кубогу башталат,"27-апрелден 3-майга чейин «Номад Арена» муз айдыңында Эл аралык хоккей федерациясынын (IIHF) колдоосу астында Азия Кубогу өтөт. Бул тууралуу КРнын Хоккей федерациясы билдирди. Маалыматка ылайык, кыргыз хоккейи дүйнөлүк аренада өзүн ишенимдүү көрсөтүп, өзүнүн «алтын доорун» баштан кечирүүдө. «Чоңдордон куралган улуттук курама команда Дүйнө чемпионатынын экинчи дивизионунун «Б» тайпасындагы ордун ийгиликтүү бекемдеди. Жакында эле алтын медаль утуп, үчүнчү дивизиондун «Б» тайпасынан «А» тайпасына көтөрүлгөн U20 жаштар курамасы чоң секирик жасады. Эми муз үстүнө биз «жаңы муундун жылдыздары» деп атаган оюнчулардын чыга турган кезеги келди. Кыргызстандын курама командасынын жаш курамы үчүн бул оюндар даярдыктын маанилүү этабы жана келечектеги Дүйнө чемпионаттарындагы жеңиштерге трамплин болот», — деп айтылат маалыматта. Жети күндүн ичинде Бишкек континенттин эң амбициялуу командаларынын таймашына күбө болот. Кубок үчүн Өзбекстан, Монголия, Индия, Индонезия, Макао (Кытай) жана турнирдин кожоюну — Кыргызстандын курама командалары күч сынашат. Биздин жаш хоккейчилер агаларынан эстафетаны өткөрүп алып, кыргыз хоккейинин жеңиш руху чыңдалып жатканын далилдөөгө даяр.",24.kg,https://24.kg/kyrgyzcha/371292_bishkekte_hokkey_boyuncha_aziya_kubogu_bashtalat/,,kyrgyz,0,high,news_site
842b33c9-ed0f-4d97-86a0-5a72b78ff960,Бишкекте алты тилкелүү көпүрөнүн курулушу. Мэр сапаттын текшерип чыкты,"Бишкекте Шабдан баатыр жана Сагымбай манасчы көчөлөрүнүн ортосундагы тилкеде жаңы көпүрө куруу пландалууда. Курулуштун туурасы 28 метрди түзөт. Бул тууралуу бүгүн борбор калаанын мэри Айбек Жунушалиевдин көчмө жыйыны учурунда белгилүү болду. Калаа башчысы шаарды кыдыруу учурунда бир катар негизги инфраструктуралык объектилердеги иштердин жүрүшү менен таанышты. Курулуп жаткан көпүрө алты тилкелүү болот, бул аймактагы жол кыймылынын өткөрүү жөндөмдүүлүгүн бир топ жакшыртат. Долбоордо таксилер үчүн атайын унаа токтотуучу жайлар камтылган. Шаардын жетекчилери бул жол кыймылынын ыңгайлуулугун жана коопсуздугун жакшыртат деп эсептешет. Шаардык кызматтар курулуштун жүрүшүн жана жерде аткарылган иштердин сапатын көзөмөлдөөнү улантышат.",24.kg,https://24.kg/kyrgyzcha/358595_bishkekte_altyi_tilkeluu_kopuronun_kurulushu_mer_sapattyin_teksherip_chyiktyi/,,kyrgyz,0,high,news_site
8a658a11-e07d-427a-b73e-7a7518db876f,Садыр Жапаров: «Чакан ГЭСтер КР энергетикасынын стратегиялык маанилүү багыты»,"Кыргызстандын президенти Садыр Жапаров бүгүн, 20-апрелде, Чүй облусунун Сокулук районундагы «Сокулук» жана «Туюк» чакан ГЭСтерин ишке киргизүү аземине катышты. Мамлекет башчысы өз сөзүндө бүгүнкү күндө өлкөдө энергиянын кайра жаралуучу булактарынын үлүшүн көбөйтүү боюнча ырааттуу саясат жүргүзүлүп жатканын баса белгиледи. «Чакан ГЭСтерди куруу менен электр энергиясын өндүрүүнүн көлөмүн көбөйтүү натыйжалуу жана ыкчам инструменттердин бири болуп эсептелет. Бул долбоорлор энергетика системасынын туруктуулугун жогорулатып, муктаждыктарыбызды четинен азайтууга өбөлгө түзөт. Бүгүнкү күндө Кыргызстанда 48 чакан ГЭС иштейт, алардын жалпы кубаттуулугу 180 МВтты түзөт. Алар энергетикалык көз карандысыздыкты чыңдоодо, импортко болгон көз карандылыкты азайтууда бир топ роль ойнойт», — деди Президент. Ал бул тармактагы жетишкендиктер аймактарды тең салмактуу өнүктүрүүгө, инвестицияларды тартууга жана мамлекеттик-жеке өнөктөштүктү кеңейтүүгө шарт түзүп, «жашыл экономикага» өтүү боюнча мамлекеттик саясаттын ажырагыс бөлүгү болуп саналарын белгиледи. «Учурда жалпы республика боюнча 50 чакан ГЭС курулуп жатат. Быйылкы жылдын иш-планында алардын 13үн куруп, ишке киргизүү мерчемделген. Бул аймактардагы электр менен камсыздоонун сапатын жакшыртып, жаңы жумуш орундарын түзүп, жергиликтүү бюджеттердин кирешесин көбөйтөт», — деп баса белгиледи Садыр Жапаров. Мамлекет башчысы энергиянын кайра жаралуучу булактарын кеңири пайдалануу аркылуу Кыргызстан эл аралык экологиялык милдеттенмелерин аткарууга жана «жашыл өнүгүү» саясатын ишке ашырууга мүмкүнчүлүк аларын кошумчалады. Президент долбоор Улуттук инвестициялар агенттигинин көмөгү аркылуу «Сокулук ГЭС-3» ЖЧКсы менен түзүлгөн инвестициялык келишимдин негизинде ишке ашырылганын билдирди. «Келишимдин алкагында эки чакан гидроэлектр станциядан турган каскад курулду. Биринчиси — Сокулук дарыясында кубаттуулугу 9,7 МВт, экинчиси — анын куймасы Туюкта 5,9 МВт. Эки ГЭСтин жалпы кубаттуулугу 15,6 МВтты түзөт. Өндүрүлгөн электр энергиясы толугу менен улуттук энергетикалык системасына берилет. Бул долбоор электр энергиясынын тартыштыгын азайтып, энергия менен камсыздоонун ишенимдүүлүгүн жогорулатууга жана экономиканы өнүктүрүүгө кошумча мүмкүнчүлүктөрдү түзөт», — деди Президент. Ал долбоордун алкагында толук энергетикалык инфратүзүм: башкы курулмалар, гидроэлектр станциялардын имараттары, подстанциялар, ошондой эле электр берүү линиялары курулганын баса белгиледи. Бардык объекттер ата мекендик инвестордун каражатына курулду. Жалпы инвестициянын көлөмү болжол менен 1,7 млрд сомду түзөт. Мамлекет башчысы бул долбоор Чүй облусунун социалдык-экономикалык өнүгүүсүнө оң таасирин тийгизерин белгиледи. Президент ошондой эле кирешелерди легалдаштыруу тууралуу мыйзам жеке инвестициялардын жанданышына өбөлгө түзгөнүн айтты. Натыйжада гидроэнергетика, өнөр жай, туризм жана жол курулушу тармактарында бир катар долбоорлор ишке ашырылууда. Мыйзам иш жүзүндө натыйжаларын берип жатат. «Жалпысынан алганда, чакан ГЭСтерди өнүктүрүү — бул энергетика тармагын диверсификациялоо, туруктуулукту жогорулатуу жана өлкөнүн узак мөөнөттүү стратегиялык кызыкчылыктарын камсыз кылуу багытындагы мамлекеттик саясаттын маанилүү бөлүгү», — деп жыйынтыктады Садыр Жапаров. Андан соң Президент ГЭСтин ишмердүүлүгү менен таанышып, машина залын, башкаруу пультун жана бөлүштүрүүчү түзүлүштөрдү көрүп чыкты. Иш-чаранын соңунда Мамлекет башчысы жергиликтүү тургундар менен баарлашып, гидроэлектр станциялар активдүү курулуп жатканына карабастан, айрыкча кыш мезгилинде электр энергиясынын тартыштыгы сакталып жатканына токтолду. Бул мурдагы импорттук көз карандылыкка, ошондой эле экономиканын өсүшүнө, жаңы ишканалардын, көп кабаттуу үйлөрдүн курулушуна жана натыйжада ички энергиянын керектөөсүнүн көбөйүшүнө байланыштуу. Ошол эле учурда ал Камбар-Ата-1 ГЭСи сыяктуу ири долбоорлор ишке ашса, келечекте ички керектөөнү толук камсыздап, электр энергиясын экспорттоого чыгууга мүмкүн болоруна ишеним билдирди. Жергиликтүү тургундар жүргүзүлүп жаткан саясатты колдой турганын билдиришип, оң өзгөрүүлөрдү белгилешти. Президент Садыр Жапаров жарандарга ишеним үчүн ыраазычылык айтып, өлкөнүн мындан аркы өнүгүүсү үчүн туруктуулук жана коомдук ынтымак негизги шарт экенин баса белгиледи.",24.kg,https://24.kg/kyrgyzcha/371110_sadyir_japarov_chakan_gester_krenergetikasyinyin_strategiyalyik_maaniluu_bagyityi/,,kyrgyz,0,high,news_site
e026890b-050b-47cb-bb40-b60de3ae8b41,Бүгүнкү доллардын курсу,"Бүгүн, 12-февраль саат 09:30га карата Кыргызстандын коммерциялык банктарда жана акча алмаштыруучу жайларда 1 долларды сатып алуу 87 сом 36 тыйынга чейин болсо, сатуу 87 сом 79 тыйын болууда. Ал эми Улуттук банкта 1 доллардын курсу 87 сом 45 тыйын деп көрсөтүлгөн",24.kg,https://24.kg/kyrgyzcha/361660_bugunku_dollardyin_kursu/,,kyrgyz,0,high,news_site
9593a68f-f5a1-4c25-be9c-abbbdd9481d3,Пайдалуу кеңеш: Тишти бир күндө канча жолу жууш керек?,"Көптөгөн адамдар тиштерин эртең менен жууйм деп жуубай коюшат. Бирок, бул кооптуу экендигин адистер эскертет. Себеби ооздун гигиенасынын начардыгы байкалбай башталып, оору жана тиштин түшүшү менен аяктаган чынжырлуу бузулуу реакциясын жаратат. Баары эмалдын некрозунан башталат, коргоочу катмар эскирип калат. Бактериялар эркин өтүп кетишет: кариес пайда болот, ал тез эле курч оору менен татаалдашууларга алып келет. Бүйлөлөр сезгенүү жана кан агуу менен көйгөйдү билдирет. Натыйжада тиштер бошоп, түшүп калат. Адистер жөнөкөй эрежени так айтканда, күнүнө эки жолу тиш жууш керектигин баса белгилейт. Эртең мененки режим түнкү бактерияларды жууп салат. Ал эми кечки режим күндүзгү калдыктарды жок кылат. Алты ай сайын тиш жибин кошуп, оозду чайкап, тиш доктурга барып туруңуз, ошондо көйгөй жоголот. Үзгүлтүксүз колдонуу эч кандай күч-аракетти талап кылбайт, бирок пломбаларга жана имплантаттарга миңдеген акчаны коротуудан сактайт. Тиштер ден соолуктун көрсөткүчү болуп саналат. Начар гигиена жүрөккө, муундарга жана ал тургай мээге сезгенүү аркылуу таасир этет. Ооруну күтпөңүз — тиш жууганды ырымга айландырыңыз.",24.kg,https://24.kg/kyrgyzcha/367030_paydaluu_kenesh_tishti_bir_kundo_kancha_jolu_juush_kerek/,,kyrgyz,0,high,news_site
c861f15b-e63f-49f4-b344-3bbf647c0846,Бишкекте «Манас» маданий борбору курула баштады,"Бүгүн, 23-мартта Бишкекте жаңы «Манас» маданий борборунун курулушуна мезгил кутучасы салынды. Иш-чарага президенттин Иш башкармалыгынын башчысы Каныбек Туманбаев катышып, жаңы заманбап «Манас» комплексинин курулушуна расмий түрдө старт берди. Имараттын жалпы аянты 6681 чарчы метрди түзөт. Долбоордун алкагында курулуш үчүн 2 гектар жер тилкеси бөлүнгөн. «Манас» комплекси улуттук маданиятты өнүктүрүү, тарыхый-маданий мурастарды сактоо жана ар кандай деңгээлдеги иш-чараларды өткөрүү үчүн ыңгайлуу шарттарды түзүүгө багытталган уникалдуу маданий борбор болуп саналмакчы. Белгилей кетсек, курулуш иштерин 2027-жылдын экинчи кварталында аяктоо пландалууда. «Манас» борбору толугу менен өзүн-өзү каржылаган, чыгымдарын өз кирешесинин эсебинен жапкан маданий комплекс болот.",24.kg,https://24.kg/kyrgyzcha/367085_bishkekte_manas_madaniy_borboru_kurula_bashtadyi/,,kyrgyz,0,high,news_site
21066c9b-d9eb-4d8e-801d-97955632a76b,Кийим тигүү жана текстиль өнөр жайы үчүн жаңы жеңилдиктер берилет,"Мамлекеттик салык кызматы 2025-жылдын 31-декабрындагы Кыргыз Республикасынын мыйзамы менен кийим тигүү жана текстиль өнөр жайындагы субъекттер үчүн киреше салыгынын ченемдери жана камсыздандыруу төгүмдөрү төмөндөтүлгөнүн билдирет. Тактап айтканда, 2026-жылдын 1-январынан тартып бул ишкерлер бир кызматкер үчүн орточо айлык эмгек акынын 40 пайызынын негизинде эсептелген 12 пайызы өлчөмүндө камсыздандыруу төгүмүн төлөшөт, бул 2 115,5 сомду түзөт. Ошондой эле орточо айлык эмгек акынын 1 пайызы өлчөмүндө киреше салыгы төлөнөт — 440,7 сом. Бир кызматкер үчүн жалпы төлөмдүн суммасы 2 556,2 сомду түзөт. Белгилей кетсек, 2026-жылы орточо айлык эмгек акы 44 070 сомду түзөт. Бул өзгөртүүлөр ата мекендик өндүрүүчүлөрдү колдоого, салыктык жүктү азайтууга, салыктык башкарууну жакшыртууга, ошондой эле өндүрүштү өнүктүрүү, продукциянын ички жана тышкы рыноктордогу атаандаштыкка жөндөмдүүлүгүн жогорулатуу, жумуш менен камсыздоону стимулдаштыруу жана тармактын экспорттук потенциалын жогорулатууга багытталган.",24.kg,https://24.kg/kyrgyzcha/357668_kiyim_tiguu_jana_tekstil_onor_jayyi_uchun_janyi_jenildikter_berilet/,,kyrgyz,0,high,news_site
905dd9a2-586a-4187-a47f-178de7c56d94,Мамлекеттик «Дан» ишканасы модернизациядан өтүүдө,"Мамлекеттик «Дан» ишканасы өкмөттүн колдоосу менен ишин кайра баштап, модернизациядан өтүп жатат. Бул тууралуу Суу чарбасы, айыл чарбасы жана кайра иштетүү өнөр жайы министрлиги билдирди. Маалыматка ылайык, бүгүнкү күндө ишкана өкмөттүн колдоосу менен модернизациядан өтүүдө. 2025-жылдын декабрында кесме өндүрүшү ишке киргизилген. Ал эми 2026-жылдын экинчи чейрегинде суткасына 150 тонна кубаттуулуктагы тегирменди жаңылоо пландалууда. Кайра иштетүү жана органикалык айыл чарба департаменти ишканага барып, анын ишмердүүлүгү менен таанышты. Анда мамлекеттик сатып алууларды жөнөкөйлөтүү, жабдуулар менен камсыз кылуу жана лаборатория ачуу маселелери көтөрүлдү. Белгилей кетсек, 1975-жылы негизделген ишкана бүгүн 125 адамды жумуш менен камсыздап, кайра иштетүү тармагына салым кошуп келет. Бул иштер өндүрүштү өнүктүрүүгө жана өлкөнүн азык-түлүк коопсуздугун бекемдөөгө багытталган.",24.kg,https://24.kg/kyrgyzcha/367022_mamlekettik_dan_ishkanasyi_modernizatsiyadan_otuudo/,,kyrgyz,0,high,news_site
e954f192-7ea0-431f-ad3c-4f559fc92dbd,Былтыр кырктан ашык калктуу конуштар ичүүчү суу менен камсыз болду,"2025-жылы кырктан ашык калктуу конуштар ичүүчү суу менен камсыз болгон. Бул тууралуу бүгүн, 27-февралда «Ынтымак Ордодо» өтүп жаткан республикалык кеңешмеде министрлер кабинетинин төрагасынын орун басары — суу ресурстары, айыл чарба жана кайра иштетүү өнөр жайы министри Эрлист Акунбеков билдирди. Анын айтымында, бул 75 миң адамга таза суу менен камсыздоого мүмкүндүк берди. «Бул максаттар үчүн бюджеттен 3,7 миллиард сом бөлүндү. Мындан тышкары, учурда 25 шаарда жана 601 айылда суу менен камсыздоо системалары курулуп жатат. 2026-жылы биз дагы 70 айылды жана үч шаарды ичүүчү суу менен камсыз кылууну пландап жатабыз», — деп кошумчалады Эрлист Акунбеков.",24.kg,https://24.kg/kyrgyzcha/363844_byiltyir_kyirktan_ashyik_kalktuu_konushtar_ichuuchu_suu_menen_kamsyiz_boldu/,,kyrgyz,0,high,news_site
89f141ae-9504-4b1d-9d18-f06678f2c270,Былтыр Бишкектин Биринчи май райондук соту тарабынан 823 кылмыш иши козголгон,"2025-жылы Биринчи май райондук соту тарабынан 823 кылмыш иши козголгон. Бул тууралуу мекеменин актоо өкүмдөр боюнча талдоосунда айтылат. Талдоого ылайык, 2025-жылдын 12 айында Биринчи май райондук соту тарабынан 823 кылмыш иши 1147 (1004) адамга каралып, анын ичинен 38 (35) кылмыш иши боюнча 61 (67) адамга карата актоо өкүмдөрү кабыл алынган. Тагыраак айтканда жалпы каралган иштердин ичинен 4,6 пайызы (5%) кылмыш иш боюнча 5,3 пайызы (6,6) адамга карата каралган. Биринчи май райондук соту тарабынан 823 (700- 12 ай 2024-ж.) кылмыш иши 1147 (1004) адамга каралып, анын ичинен 38 (35) кылмыш иши боюнча 61 (67) адамга карата актоо өкүмдөрү кабыл алынган, башкача айтканда жалпы каралган иштердин ичинен 4,6% (5%) кылмыш иш боюнча 5,3% (6,6) адамга карата каралган. Отчеттук мезгилде кабыл алынган актоо өкүмдөрдүн ичинен 4/13 актоо жокко чыгарылган, 22/29 кароодо (18/25 БШС кароодо, 4/4 сот актысы окулууда), 12/19 күчүнө кирген (4/8 БШС, 8/11 корутунду түзүлгөн). Көрсөтүлгөн мезгилде актоо өкүмдөрдүн ичинен 10/14 кылмыш иши боюнча айыптоо актысы Биринчи май районунун прокуратурасы тарабынан бекитилген. Ал эми 3/3 Бишкек шаарынын прокуратурасы тарабынан жана 25/44 КР Башкы прокуруратурасы тарабынан бекитилген. Чыгарылган актоо өкүмдөрдүн ичинен 11/23 кызматтык иштерге байланыштуу жана 7/8 адам камакта болгон. Кабыл алынган актоо өкүмдөр боюнча кылмыш иш төмөндөгү укук коргоо органдары тарабынан тергөө аракеттери жүргүзүлгөн: Ошондой эле, 2024-жылы жыйынтыгы чыкпай калдык болуп 24/54 иш өткөн. Анын ичинен 10/17 актоо өкүм жокко чыгарылган, 2/23 Бишкек шаардык сотунда кароодо, 12/14 күчүнө кирген (корутунду түзүлгөн 1/1). Мисалы, 2024-ж. сентябрь айында «Интер континенталь экспорт энд логистик» ЖЧКда менеджер болуп иштеп, А.Тентикеев, У.Акимжанов менен Кытайдан кымбат баадагы автоунааларды алып келип беребиз деп жарандарды ишендирип акча каражаттарын алышып, өз кызыкчылыга коротушкан. Аталган факты боюнча Бишкек ШИИББнын тергөө кызматы тарабынан КР КЖКнын 209-бер. 4-бөл. 1-п. менен 03-051-2025-000022 сандуу кылмыш иш козголгон. Бишкек шаарынын прокуруратурасы тарабынан айыптоо актысы Жангелдиева Айжаркын Замировнага Кыргыз Республикасынын КЖКнын 209-бер. 4-бөл. 1-п. менен бекитилип, соттук кароого жибирилген Биринчи май райондук сотунун (судья И.Керимкулов) өкүмү менен А. Жангелдиеванын кыймыл аракетинде кылмыштын курамы жок болгондугуна байланыштуу акталган. Апелляциялык сунуш келтирилип, азыркы учурда кароодо.",24.kg,https://24.kg/kyrgyzcha/363899_byiltyir_bishkektin_birinchi_may_rayonduk_sotu_tarabyinan_823_kyilmyish_ishi_kozgolgon/,,kyrgyz,0,high,news_site
a1b14328-cc60-4b2e-8cea-21e1acffaef1,"Ашуулардагы абал айтылды: Жол ачык, каттам бар","Бүгүн, 20-январь саат 09:50гө карата өлкөнүн ашууларында жол ачык, каттам бар. Бул тууралуу Транспорт жана коммуникациялар министрлигинен билдирди. Маалыматка ылайык, жети дубандагы Жол тейлөө ишканалары өздөрүнө бөлүнгөн аймактарды толук көзөмөлдөп, атайын кезметке туруу менен күнү-түнү тазалоо, кум-туз аралашмасын себүү жумуштарын аткарып жатышат. Министрлик кандай кырдаал жаралбасын каршы тилкеге чыкпай, жол эрежесин так сактоого жана унаа дөңгөлөктөрүн кышкыга алмаштырып, керектүү шаймандарды ала жүрүүгө чакырат.",24.kg,https://24.kg/kyrgyzcha/358508_ashuulardagyi_abal_aytyildyi_jol_achyik_kattam_bar/,,kyrgyz,0,high,news_site
a24d7a71-d539-4211-87ad-7e7f65c57458,"Эки күнгө созулган IV Элдик курултай жыйынтыкталып, резолюция кабыл алынды","Бишкекте эки күнгө созулган IV Элдик курултай жыйынтыкталды. Курултайда 150 делегат сөз сүйлөп, алардын сунуш-пикирлери айтылып, IV Элдик курултайдын резолюциясы кабыл алынды. Курултайга президент Садыр Жапаров, министрлер кабинетинин төрагасы Адылбек Касымалиев баш болгон өкмөт мүчөлөрү, Жогорку Кеңештин төрагасы Нурланбек Тургунбек уулу, облус башчылары катышты. Элдик курултайдын Улуттук кеңешинин маалыматы боюнча, эки күн ичинде курултайда 150 делегат сөз сүйлөп, алардын кат түрүндө жана айтылган сунуш-пикирлери, президенттин сунушу IV Элдик курултайдын резолюциясында эске алынган. Алар Элдик курултайдын катчылыгы тарабынан иш-чаралар планы катары иштелип чыккан соң, президенттин администрациясы аркылуу тиешелүү мамлекеттик органдарга, жергиликтүү өз алдынча башкаруу органдарына жөнөтүлөт. Белгилей кетсек, Курултайга өлкө боюнча 231 айыл аймактан жана 33 шаардан шайланган 700 делегаттын 690у катышты. Алардын ичинен 146сы аялдар, 554ү эркектер.",24.kg,https://24.kg/kyrgyzcha/356281_eki_kungo_sozulgan_IVeldik_kurultay_jyiyyintyiktalyip_rezolyutsiya_kabyil_alyindyi/,,kyrgyz,0,high,news_site
6a705ed5-40cf-48b8-ae4e-b6837ecc287a,Кыргыз эл жазуучусу Султан Раевдин «Топон» китеби Венгрияда жарык көрдү,"Кыргыз эл жазуучусу Султан Раевдин «Топон» аттуу китеби Будапештте венгр тилинде басылып чыкты. Китепке «Топон» романы, «Күн кармаган бала», «Кашаба» повесттери кирди. 2023-жылы Венгрияда алгач «Жанжаза» романы чыккан. «Жанжаза» романы венгр окурмандар арасында чоң резонанс жараткан. Кыргыз жазуучулар арасынан буга чейин бул өлкөдө залкар жазуучубуз Чыңгыз Айтматовдун бир нече чыгармалары жарык көргөн. «Венгрия атактуу акын Шандор Петөфинин, өткөн жылы Нобель сыйлыгын алган Краснахоркаи Ласлонунун, менин эң сүйүктүү композиторум Ференц Листин мекени. Адабият менен өнөр Мекени Венгрияда чыгармамдын венгр тилинде жарык көрүшү тек гана мен үчүн эмес, кыргыз улут адабияты үчүн да чоң сыймык деп айтар элем», -деди жазуучу «Жанжаза» (2023ж), «Топон» жыйнагын да көрүнүктүү венгр котормочусу Жозеф Горетитю которгон. «Топон» жыйнагынын таанытым кечеси Венгр маданияты жана руханияты борборунда өтө бийик деңгээлде өттү. Кечеге венгр адабиятчылары, коомчулугу, студенттер, адабий ышкыбоздор катышты.",24.kg,https://24.kg/kyrgyzcha/360544_kyirgyiz_eljazuuchusu_sultan_raevdin_topon_kitebi_vengriyada_jaryik_kordu/,,kyrgyz,0,high,news_site
8156698f-3f4d-4134-aad0-190e57bc0639,27-мартта күтүлгөн аба ырайы,"Эртең, 27-мартта түнкүсүн Ош облусунун тоолуу райондорунда кар жаай. Күндүз Ош, Баткен облустарынын айрым жерлеринде жаан жаап, күн күркүрөйт, тоолуу райондорунда кар жаайт, калган аймактарда жаан-чачын күтүлбөйт. Абанын температурасы: Чүйдө түнкүсүн 6...11, күндүз 21...26; Таласта түнкүсүн 2...7, күндүз 18...23; Баткен, Ош, Жалал-Абад облустарында түнкүсүн 9...14, күндүз 22...27; Ысык-Көлдө түнкүсүн −1...+4, күндүз 11...16; Нарында түнкүсүн −4...+1, күндүз 10...15. Бишкекте түнкүсүн 6...8°, күндүз 24...26° жылуу болот.",24.kg,https://24.kg/kyrgyzcha/367602_27-martta_kutulgon_aba_yirayyi/,,kyrgyz,0,high,news_site
3e2cd0c0-4501-458b-935c-355027eed35f,Арбагы тынч жатсын! Роза Айтматова элге кайрылды,"Улуу кыргыз жазуучусу Чыңгыз Айтматовдун бир тууганы, коомдук ишмер, Кыргыз Республикасынын билим берүү тармагынын эмгек сиңирген кызматкери Роза Айтматова акыркы күндөрү интернет мейкиндигинде жана коомчулук арасында айтылып жаткан ушак-айыңдарга тынчсыздануусун билдирди. Бул кайрылуу «Кабар» маалымат агенттигине жарыяланды, толугу менен сунуштайбыз: Ардактуу, улуу урматтуу кыргыз элим! Бүгүн биринчи жолу улуу кыргыз элиме түз кайрылууну туура көрдүм. Буга өзгөчө себеп болуп турат. Жакында катуу ооруп, ооруканага жатып чыктым. Азыр, Кудайга шүгүр, баары жакшы. Жараткан мага канча өмүр берсе, ошончо көрөрбүз. Акыркы күндөрү жүрөгүмдү өйүгөн нерсе — бул айрым адамдардын Чыңгыз агамды абдан ушактап, талкууга салганы болду. Аркасынан жаман сөздөрдү таратып жатышат. Буга абдан кейидим, ыйладым. Агамдын көзү өткөнүнө 17 жыл болсо да, маркумдун жанын койбой, айрымдары аны сөз кылып, табакташ же дос болгонсуп сүйлөп, аны сынга алышыптыр. «Көзү өтүп кеткен адам жөнүндө жаман сөз айтууга болбойт», — дешет элде, бирок болор иш болду. Агамды тынч жаткан жеринен бир козгоптурсуңар... Кээде «кыргыздардын душмандары атайын жасап жатабы, элди бөлүп-жарып, ортого от жаккысы келгениби?» — деп да ойлоп кетем. Чыгарган ушак сөздөр да бири-бирине дал келбейт. Же Чыңгыз агама болушар киши жок деп ойлошобу? Чындыкты эч ким айталбайт эми замандаштарынын көзү өтүп... Чынымды айтайын, мен аларга деле таарынбайм. Алардын өз шору. Агамдын колдоочулары Манас атабыздан ага өткөн. Муну улуу Саякбай Каралаев айткан. Мен Айтматовду каралагандарга жамандык каалабайм, бирок сак болгула... Бир кезде, 1991-жылы Ата-Бейит ачылганда, атамды жазыксыз аткандарды да кечиргем. Бул адамдарды да кечирдим. Бирок ички туюмумда, булар кыргыз элине каршы иш жүргүзүп, элдин ортосуна чок салып жатышат. Балким, максаттары ошолбу, ким билет? Баарын Кудайга калтырдым... Мен быйыл 89 жашка чыгам. Көп нерсени башымдан өткөрдүм: жакшысы да болду, жаманы да болду. Турмуштун өйдө-төмөнүн да көрдүм. Бирок бирөө да мени ушунчалык катуу кайгыга салган жок эле... Атам камалып, атылып кеткенден кийин биздин үй-бүлө өтө оор шартта жашады. Ачарчылыкты да, жокчулукту да көрдүк. Абдан кыйналдык. «Эл душманынын балдары» деп совет өкмөтү бизди катуу кордоду. Бирок кыргыз элиме чоң рахмат! Атамдын туугандарына рахмат! Шекер элине, Талас элине миң мертебе ыраазымын! Алар болбосо, бар болот белек... бир гана Кудай билет. Элдин аркасы менен аман калдык. Апама да өзгөчө рахмат. Эч нерсеге карабай, бизди бутка тургузду. Тилекке каршы, ага да асылгандар болду, азыр да бар... Апам — баатыр аял. Төрөкулдун балдарын Шекерге алып келип: «Силер кыргызсыңар, элиңер менен болгула!» — деп эл-журтка кошуп, элибиздин ичинде бизге тарбия берди. «Чыңгыз, Илгиз балдарым, кыздарым, силер Төрөкулдун балдарысыңар. Силер кытай уруусунун урпактарысыңар. Башыңарды бийик көтөрүп жүргүлө. Кайда болсоңор да, атаңардын атын уят кылбагыла», — деп турар эле раматылык апакем. Эки агам тең, эжем дагы өз өмүрлөрүн эл-жерибизге арнады. Алардан жаманчылык көргөн ким бар, айткылачы? Чыңгыз агама иттин өлүгүн артып, бардыгына күнөөлүү кылып жатышканы мени кайгыртты. Аттиң, ал азыр келип, «Андай болгон эмес, мындай болгон!» — десе гана тынчыр беле ушакчылар... Чыңгыз агам кыргыз элин дүйнөгө таанытты. «Манас» эпосубузду дүйнөнүн ар бир булуң-бурчуна даңазалады. Эне тилим деп, кыргыз мектептерин Бишкекке ачкыла деп, канча кармашып жүрдү Совет өкмөтү менен, акыры эки мектеп ачтырды. Эми болсо анын арбагын сындап, дүйнөгө уят болуп жатканыбызга ичим күйөт. Мына кечээ эле казак элинин өкүлдөрү мага телефон чалып: «Эмне болуп кетти ушунчалык? Эмнеге Айтматовдун тегерегинде ушунча чатак чыгып жатат?» — деп сурашты. Менин да намысым бар, агама ичим ачышканы менен, элимди да кыйып кете албайм. Эмне дейт элем аларга? Уялдым, намыстандым... Айтарым, интернетте болуп жаткан ушак-айыңдардын бирөө да чындыкка жатпайт. Муну мен, керек болсо, далилдеп бере алам. Анысы аз келгенсип, «Чыңгыз орусча жазган, кыргызча билген эмес, кыргызча жазган эмес», — деп ушак таратып чыгышты. Анын китептери 185 тилге которулганы менен иштери жок. Билбесеңер, айтып коёюн: чыгарылган китептеринин саны боюнча ал Шекспир менен Толстойдон кийин үчүнчү орунда турат дүйнөдө. Эмне үчүн ал кыргызча жазбай калганы тууралуу да айтайын. 1957-жылы агамды кыргыз эле айрым совет чиновниктери катуу куугунтукка алган. «Бул Айтматов деген жаш бала совет идеологиясына каршы чыгып, совет адабиятына дүрбөлөң салып жатат, жоготкула аны!» — деп Москвадан кат келген дешет. «Бөрк ал десе, баш алган» жергиликтүү чиновниктер ага асылып, ооруганга чейин жеткиришкен. Китептерин чыгарбай коюшкан, кемсинтишкен. Атүгүл, апама: «Чыңгыз балаң күйөөң Төрөкулдун тагдырын кайталайт. Ошого жеткиребиз керек болсо. Токтотсун жазганды!», — деп кетишиптир. Ошол сөздү уккан апамдын абалын элестетип көрсөңөр эми? Чыңгыз акем болсо төшөктөн тура албай, көпкө ооруп жүрдү. Ошол жылы атамды реабилитация кылышкандан кийин гана жакшы болуп кетти. Атабыздын арбагы колдоду окшойт. Ошондо агамды кордогон адамдардын атын айтпай эле коёюн. Аларды да кечирдим. Агам куугунтукка алынып, кыргызча жазганга шарты ошол үчүн болбой калган. Биз өзүбүз, кыргыздар, китеп жаздырбай, ага бут тосконбуз. Ал көпкө айласын таппай, эмне кыларын билбей жүрдү. Ошондо Александр Твардовский деген орустун улуу акыны кыргыз чиновниктери Чыңгызга жол бербей жатканын билип, аны колдоп чыккан: «Чыңгыз, сен орусча жаз. Мен сени «Новый мир» журналына чыгарып турам. Ошондо сенин байкелериң сага сөз тийгизе албайт», — деген. Мына ошондон кийин агам орусча жазып баштаган. Менин билишимче анын чыгармалары Кыргызстанда 15 жылдай басылган эмес, жалаң Россиядан чыккан. Мен муну далилдеп бере алам. Болбосо, Чыңгыз агам Шекерде чоңоюп, элеттиктердин ичинде жүрүп, өз эне тилин суудай эле билчү. Алгачкы китептерин кыргызча жазган. Эне тили үчүн далай чабышкан, сыймыктанып, даңазалап турган. Кыргыз эли Айтматовдун жакшылыгын көрбөсө, жамандыгын көргөн жок. Ар бириңерге жаны менен күйгөн адам болгон. Кээ бир кишилер айтат, 1990-жылдары биз кыйналып жатканда ал Европада жыргап жүрдү деп. Алар билбейт окшойт чынында эле. Европада кыргыздын элчиси болуп иштеп, эң биринчи Батыш менен Кыргызстандын байланышын түзгөн адам менин агам болгон. Францияга, Бельгияга, Англияга, Германияга «Орто Азияда менин элим бар. Биз, кыргыздар кичинекей эл болсок да, силер менен тең ата мамиле түзгөнгө кудуретибиз жетет», — деп жаңы телчигип келе жаткан республикабыздын эл аралык мамилелерди түзүүсүнө чоң өбөлгө түзгөн. Ал өзүнчө тарых, агамдын элчилиги. Айтмакчы, кээ бирөөлөр: «1990-жылдагы Ош окуясында Чыңгыз Айтматов өзбек тарапта болгон», — деп да жазып жатышат. Мен бул боюнча да айтайын, элим, силер калыс болгула. «Эмне үчүн бизге келбей, Ош коогалаңында биринчи Өзбекстанга учуп бардың?» — деп мен өзүнөн сурагам бул тууралуу. Ал мага: «Убакыт чукул болуп калды. Ошол кезде мен Москвада болчумун. Эки элдин ортосунда куралдуу жаңжал чыгып кетпесин деген ой менен Ислам Каримов менен жолугайын деп жардамчысы менен байланышып сүйлөштүм. — Макул, Ислам Абдуганиевич сизди кабыл алат — деди ал мага. Кечиккенге болбойт эле. Түз эле учуп барууга туура келди. Ошондуктан Кыргызстанга дароо келе албай калдым», — деген. «Каримовго эмне дедиң анан?» — дедим, эсим чыгып. «Ислам Абдуганиевич мени күтүп жатыптыр. Мен эки өзбек жазуучуну алып кошо кирдим. Биз көпкө сүйлөштүк. Сөздүн кыскасы, аягында Өзбекстандын президентине мындай дедим: «Ислам Абдуганиевич, биз тектеш элбиз. Кыргыз, өзбек, казак — түбүбүз бир. Эгер ортобузда чоң чатак чыкса Орто Азияны чоң ааламатка түртөбүз» — дегем. Ошондо Каримов: «Чыңгыз Төрөкулович, мен сизди түшүндүм. Менин бир да аскерим кыргыздын чек арасынан өтпөйт», — деп убада берген. Айтканындай эле кылды. Ошентип, агам Орто Азияны чоң согуштан сактап калган. Эки мамлекеттин ортосунда чоң чатак чыкса, бүгүнкү күнгө чейин анын азабын тартмакпыз. Ошондо Өзбекстан менен Кыргызстанды чоң согуштан аман сактап калып, агам чыккынчылык кылдыбы? Аскар Акаевичтин президент болуп шайланышына да Чыңгыз агамды күнөөлөп, ушактарды тараткандар бар. Чынын айтайын, Аскар Акаевичти Чыңгыз агам шайлаган жок. Аны биздин Жогорку Кеңеш добуш берип, өзү шайлаган. Ага чейинки үч талапкер өтпөй калганда агам: «Ушу жаш Акаевди бир карап көрбөйсүңөрбү, эгерде туура келсе», — деп депутаттарга айтканы чын. Агам өзү болсо Кыргызстанга келген эмес ошол шайлоо учурунда, чуркаган да эмес. Акаевди ошол кездеги Жогорку Кеңештин депутаттары жактырып, добуш берип, өзүлөрү шайлашкан. Президенттерди да жамандаганды коюшубуз керек, элим. Жакшы иштеп жаткандарды да жамандап чыгышты кээ бир адамдар. Президент да — биздин символ, желегибиздей, гербибиздей, Манасыбыздай. Символдорду тебелебеш керек. Болбосо биз кандай элбиз дүйнөлүк коомчулуктун астында? Эми негизгисин айтайын. Айланайын кыргыз элим, кимдир бирөөлөр элди бөлүп-жарганга аракет кылып жаткандай. Ынтымагыбыз кетип калбасын. Бирөөлөргө жем болуп, кор болуп калбайлы? Чыңгыз агамды мактабай деле койгула, жамандабай деле койгулачы, тынч жатсын. Жамандагыңар келсе, мени жамандагыла. Анын кандайдыр бир күнөөсү болсо, мен мойнума алайын. Арбактарды козгобойлу! Чыңгыз агамдын 100 жылдык мааракесин деле өткөрбөй эле коёлу деп өкмөттөн суранайын деп жатам. Анткени бул кетиште артынан дагы: «Айтматовдун 100 жылдык мааракесине бөлүнгөн каражаттарды башка жакка жумшаса болмок да», — деген сөздөр чыгарына көзүм жетип турат. Ошондуктан алдын ала өкмөттөн суранам, Чыңгыздын 100 жылдыгына бөлө турган каражаттарыңарды жөнөкөй элдин абалын оңдоого жумшайлы. Мындай сооп иш Чыңгыз агама болгон чыныгы сый-урмат, чыныгы эстелик болот. Сөзүмдүн аягында биздин мусулмандар жамаатына да кайрылайын деп турам. Апам Нагима үч жыл бою кыздар медресесинде окуган. Араб арибин жатка билчү, Куранды китептен түз окучу. Бизге да үйрөтчү. Өзгөчө улуу баласына ибадатты катуу карматкан. Совет кезинде куранды үйдө кармаганга уруксат беришчү эмес, бирок апамдын сандыгында куран китеби болгону эсимде. Өзү оорулуу болсо да, орозо кармачу. Апам бизге Курандын көп түшүндүрмөлөрүн айтып кеткен. Абдан кыйналып турганда: «Кудай мени сынап жатат, мен баарына чыдашым керек, балдарымды бутка тургузушум керек », - дечү. Азыр Курандын күчү менен ошол турмуштун азабына туруштук берди окшойт деп ойлоп калам. Балдарын да ушундай ибадатка үйрөткөн. «Чыңгыздын китептери басмадан чыкканда өз бөлмөсүнө барып, Кудайга ыраазычылык билдирип, намаз окучу эле», — деп эскерет Ренат таякем. Таятам Хамза медресе, мечит салган киши болгон. Кыргыздардын арасында мусулманчылыкты таратканга салым кошкон адам эле. Чоң таятам болсо, ошол кездеги Сибирь менен Казакстандын муфтийи болгон. Биз мына ошондой кишилердин жээн-неберелери болобуз. Ошондуктан, «Айтматов динден алыстаган» деген сөз — куру сөз, туура эмес. Ал исламдагы бардык ибадаттарды сактап, сыйлаган. Дегеле адамдын ички ыйманын ким өлчөй алат? Чыңгыз агамдын да ыйманын бир Кудайдан башка ким өлчөй алат эле? Анын ыйманына китептери күбө. Бүткүл адамзат, динине карабай, анын жазгандарына, ой толгоолоруна ортоктош болуп жатса, демек, агам дагы Кудай деген адам болгондур? Ал жазган окуялардагы бардык каармандардын прототиптери бар. Биз алар менен жашаганбыз, кошуна болгонбуз, тууган болгонбуз. Китебинде бир жалган болгон эмес. Толгонай апа да бар болчу, Жамиля да биздин айылдан, Ысмайыл да, Дүйшөн да. Бирок анын баары ХХ кылымдын окуялары болгон. Чыңгыз Айтматов да ХХ кылымдын жазуучусу болгон. Азыр заман башка, окуялар да башка, түшүнүктөр да башка. Бирок кайсыл заман болбосун, агам айткандай, күн сайын адам болуу ар бирибиздин милдетибиз болушу керек. Улуу кыргыз элим, таластык жердештерим, оорчулукта бизди калтырбай, аман сактап калдыңар эле. Азыр да силерден суранам, Чыңгыз агамдын атын тепселетпейли! Өсөр эл өзүн сыйлайт. Өз маданиятыбызды жерибейли, өзүбүздү сыйлайлы. Амандыкта бололу! Тынчтыкта жүрөлү! Душмандардан сак бололу! Айтматова Роза Төрөкуловна — коомдук ишмер, Кыргыз Республикасынын билим берүү тармагынын эмгек сиңирген кызматкери, физика-математика илимдеринин кандидаты.",24.kg,https://24.kg/kyrgyzcha/359275_arbagyi_tyinch_jatsyin_roza_aytmatova_elge_kayryildyi/,,kyrgyz,0,high,news_site
d9cf555b-8451-4275-9d17-e551148b4fee,Бишкекте 25 жаштагы жигит эки килограммдан ашык баңгизат менен кармалды,"Бишкектин Свердлов районунда өзгөчө көп өлчөмдөгү баңгизатты мыйзамсыз сактоо фактысы аныкталды. Бул тууралуу борбор калаанын ички иштер башкы башкармалыгы билдирди. Маалыматка ылайык, ал KIA Picanto үлгүсүндөгү унаа менен бара жатканда токтотулган. Текшерүүдө анын жанынан 2 килограмм 14 грамм баңгизат табылган. Алдын ала соттук-медициналык химиялык анализге ылайык, зат баңгизат — кара куурай (марихуана) болуп саналат. Факт боюнча Кылмыш-жаза кодексинин 283-беренеси (Сатуу максатын көздөбөстөн баңгизат каражаттарын, психотроптук заттарды жана алардын аналогдорун мыйзамсыз даярдоо) менен кылмыш ишин козголгон. Шектүү кармалып, Бишкек шаардык ички иштер башкы башкармалыгынын убактылуу кармоочу жайына камалды. Учурда тергөө иштери уланууда.",24.kg,https://24.kg/kyrgyzcha/359044_bishkekte_25jashtagyi_jigit_eki_kilogrammdan_ashyik_bangizat_menen_karmaldyi/,,kyrgyz,0,high,news_site
e003fd85-7275-4d2f-92f4-630e9ec8b6bf,Балыкчы-Тоң жолунда каргашалуу кырсык болду. Каза болгондор бар,"Балыкчы-Тоң жолунда өлүмгө алып келген оор жол кырсыгы болду. Алдын ала маалыматтарга караганда, жеңил унаанын айдоочусу рулду башкара албай калып, даракка урунган. Кырсык болгон жерден тартылган видео социалдык медиада таралууда. Видеодо каза болгондордун сөөктөрү көрсөтүлгөн. Каза болгондордун так саны азырынча белгисиз. Учурда укук коргоо органдарынан расмий комментарий болгон эмес.",24.kg,https://24.kg/kyrgyzcha/370633_balyikchyi-ton_jolunda_kargashaluu_kyirsyik_boldu_kaza_bolgondor_bar/,,kyrgyz,0,high,news_site
2b56c001-2bf2-4bd6-ae65-c5bde149d943,Бүгүнкү доллардын курсу,"Бүгүн, 22-апрелде саат 09:30га карата Кыргызстандын коммерциялык банктарда жана акча алмаштыруучу жайларда 1 долларды сатып алуу 87 сом 28 тыйынга чейин болсо, сатуу 87 сом 75 тыйын болууда. Ал эми Улуттук банкта 1 доллардын курсу 87 сом 44 тыйын деп көрсөтүлгөн",24.kg,https://24.kg/kyrgyzcha/371365_bugunku_dollardyin_kursu/,,kyrgyz,0,high,news_site
8c7d6901-b4fd-4d39-8d2e-1d3afa1bc700,Орозо-2026: Бүгүндөн тарта ыйык Орозо айы башталды,"Орозо айы — ыйманды жаңылоонун, биримдикти бекемдөөнүн жана шүгүрдү арттыруунун айы. Бул ай — жүрөктөрдү тазалап, руханий жаңылануунун, кечиримдүүлүк менен мээримдин айы, адамдардын бири-бирине болгон сүйүүсүн жана урматын күчөтүүчү мезгил. Бүгүн, 19-февралда өлкөдө Орозо айы башталды. Бул тууралуу Кыргызстан мусулмандарынын дин башкармалыгынан билдиришти. Маалыматка ылайык, дээрлик бир ай бою мусулмандар орозо кармайт. Орозо айы — ыйманды жаңылоонун, биримдикти бекемдөөнүн жана шүгүрдү арттыруунун айы. Бул ай — жүрөктөрдү тазалап, руханий жаңылануунун, кечиримдүүлүк менен мээримдин айы, адамдардын бири-бирине болгон сүйүүсүн жана урматын күчөтүүчү мезгил. Бул мезгилде адамдар таңдан кечке чейин ооз бекитип гана тим болбостон, жаман адаттардан алыс болуп, сооп иштерди көбүрөөк жасап калууга умтулушат. Алдын ала эсептөөлөргө ылайык, орозо 29-30 күнгө созулуп, 19- 20-мартта аякташы мүмкүн. Буга байланыштуу Орозо айт 20- 21-мартка туура келет. Ал орозонун аяк жагында такталат.",24.kg,https://24.kg/kyrgyzcha/362615_orozo-2026_bugundon_tarta_yiyyik_orozo_ayyi_bashtaldyi/,,kyrgyz,0,high,news_site
218ba358-7973-46e4-838f-3d9b7b35d91b,PWL 11: Акжол Махмудов жапониялык балбан Кусака менен үчүнчү жолу беттешет,"Бүгүн, 27-мартта Ташкент шаарында өтө турган PWL 11 турниринде кыргызстандык балбан Акжол Махмудов менен жапониялык Олимпиада чемпиону Нао Кусака кайрадан килемге чыгат. Бул эки спортчу буга чейин эки ирет беттешкен. Алгач дүйнө чемпионатында Махмудов утса, кийин Азия чемпионатында Кусака реванш алган. Учурда алардын эсеби 1:1, ал эми жалпы упайлар да тең — 9:9. Бул жолку беттеш алардын ортосундагы чечүүчү таймаш болот.",24.kg,https://24.kg/kyrgyzcha/367743_PWL_11_akjol_mahmudov_japoniyalyik_balban_kusaka_menen_uchunchu_jolu_betteshet/,,kyrgyz,0,high,news_site
099e6f21-3716-4bde-b663-b08c21044224,Бүгүнкү доллардын курсу,"Бүгүн, 4-майда саат 09:30га карата Кыргызстандын коммерциялык банктарда жана акча алмаштыруучу жайларда 1 долларды сатып алуу 87 сом 40 тыйынга чейин болсо, сатуу 87 сом 70 тыйын болууда. Ал эми Улуттук банкта 1 доллардын курсу 87 сом 42 тыйын деп көрсөтүлгөн",24.kg,https://24.kg/kyrgyzcha/372806_bugunku_dollardyin_kursu/,,kyrgyz,0,high,news_site
0ecd862d-a478-4329-b354-22480431ce75,Чүй облусунда 1 миң 250 гектар жер чегирткеден куткарылууда,"Өсүмдүктөрдү химиялаштыруу, коргоо жана карантин департаментинин адистери Чүй облусунун Панфилов жана Сокулук райондорунда чегирткелердин массалык түрдө жайылганын аныкташты. Масштабтуу текшерүүлөрдүн жыйынтыгында, ведомство зыянкечтерди жок кылуу боюнча шашылыш чараларды даярдап жатканын Суу ресурстары, айыл чарба жана кайра иштетүү өнөр жайы министрлигинин басма сөз кызматы билдирди. Инспекторлор жана жергиликтүү бийлик өкүлдөрү 2 миң 610 гектар жерди текшерүүдөн өткөрүштү. Зыяндуу курт-кумурскалардын очоктору Панфилов районунун жогорку зоналарында, анын ичинде Фрунзе, Курама жана Орто-Кайыңды аймактарында катталды. Ошондой эле зыянкечтер Сокулук районунун Төмөнкү Чүй аймагындагы жайыттарга чабуул жасаган. Жалпысынан чегирткелер 1 миң 250 гектар аянтты ээлеп алган. Текшерүүнүн жыйынтыгы боюнча департаменттин кызматкерлери актыларды түзүштү. Жакынкы күндөрү мобилдик топтор жабыркаган аймактарды химиялык иштетүүдөн өткөрө баштайт. Эксперттер аймактарга ыкчам мониторинг жүргүзүүнү улантууда. Мындай изилдөөлөр курт-кумурскалар айыл чарба эгиндерине өтүп кете электе, очокторду чектөөгө мүмкүндүк берет. Буга чейин чегирткелер Кыргызстандын түштүгүнө чабуул жасаганы кабарланган. Расмий маалыматтар боюнча, ал жакта 7 миң 320 гектар жер жабыркаган. Быйыл зыянкечтер адаттагыдан эрте пайда болду. Чегирткелердин жайылышын токтотуу үчүн жабыркаган аймактарды химиялык иштетүү иштери башталды.",24.kg,https://24.kg/kyrgyzcha/372373_chuy_oblusunda_1min_250_gektar_jer_chegirtkeden_kutkaryiluuda/,,kyrgyz,0,high,news_site
004109c0-7f85-43c1-bc27-75a976f38e2c,Пайдалуу кеңеш: Бактылуу болуунун жолдору,"Энрике Рохас — белгилүү испан психиатры, психиатрия жана медициналык психология профессору. Ал Мадрид шаарындагы Рохас-Эстапе психиатрия институтунун директору жана психикалык ден соолук, мотивация жана бакыт боюнча көптөгөн китептердин автору. Ал «Бакыттын химиясы» жана «Сезимдериңизди түшүнүү» сыяктуу бестселлерлерди жазган, анда ал ички тынчтыкка жетүү үчүн практикалык кеңештер менен бөлүшөт. Анын мамилеси эрк күчүн, өткөндү кечирүүнү жана жашоону пландаштырууну гармониянын негизи катары баса белгилейт. Китептер бир нече тилге, анын ичинде орус тилине которулуп, психологдор жана жалпы коомчулук арасында белгилүү. El Economista басылмасына берген маегинде Энрике Рохас бактылуу болуу үчүн 7 кеңеш сунуштайт. 1-кеңеш: Өткөндү унутуңуз Каталарыңыз үчүн өзүңүздү кечирип, мурунку ийгиликсиздиктер менен элдешүүдөн баштаңыз. Өткөндү өзгөртүүгө болбойт, бирок таарынычтарды кармап туруу кубанычка алып баруучу жолду тосот — алдыга жылуу үчүн алардын баарын коё бериңиз. 2-кеңеш: Жүрөгүңүздү жана акылыңызды тең салмактаңыз Эмоцияларды логика менен айкалыштырууну үйрөнүңүз: жүрөк илхам берет, акыл туруктуулукту камсыз кылат. Алар гармонияда болгондо, жашоо ырааттуу жана башаламандыктар аз болуп калат. 3-кеңеш: Позитивдүү көз карашты өнүктүрүңүз Ар бир кырдаалда жакшы жагын издеңиз — бул сокур оптимизм эмес, мүмкүнчүлүктөргө көңүл буруу жөндөмү. Психиатр адистери көбүнчө бейтаптарга «көңүлүн» ушундай жол менен бурууга жардам беришет. 4-кеңеш: Эркти өнүктүрүңүз Адистин айтымында, күчтүү эрк «психологиянын бермети»: ал бекем, ырааттуу жана тоскоолдуктарды жеңүүгө жардам берет. Аны күн сайын кичинекей кадамдар менен машыктырыңыз. 5-кеңеш: Жашоо планын түзүңүз Сүйүүнү, жумушту, маданиятты жана достукту камтыган жашоо планын түзүңүз — пайдасыз нерселерден алыс болуңуз. Бул «тетралогия» багыт жана канааттануу сезимин берет. 6-кеңеш: Ички тынчтыкты табыңыз Улгайганда бакыт тынчтыкта болот, толкунданган эмоцияларда эмес. Тынчтык акыл-эс жана чындыкты кабыл алуу аркылуу келет. 7-кеңеш: Иллюзиялар жана максаттар менен жашаңыз Кыялдарды эскерүүлөр менен алмаштырбаңыз — артка кылчайгандар картаят. Максаттарды жана пландарды келечек үчүн сактаңыз: иллюзия (жакшы мааниде) мотивациянын кыймылдаткычы болуп саналат.",24.kg,https://24.kg/kyrgyzcha/367725_paydaluu_kenesh_baktyiluu_boluunun_joldoru/,,kyrgyz,0,high,news_site
d0ef4066-8a48-433b-a6db-d577f739ecfa,Кыргызстанда малды идентификациялоонун жаңы милдеттүү белгиси киргизилет,"Министрлер кабинети 2025-жылдын 3-мартындагы № 105 токтомуна ылайык жаныбарларды жана алардан алынган азыктарды идентификациялоого байланыштуу өзгөртүүлөрдү бекитти. Жаңыртуулар жоболорду мыйзамга ылайыкташтырууга жана малды визуалдык идентификациялоо жол-жобосун тактоого багытталган. Документке ылайык, бодо малды, жылкыларды, эшектерди жана качырларды идентификациялоодо микрочиптерди гана эмес, кошумча «i» деп аталган белгини да колдонууга уруксат берилет. Бул белги суюк азотту колдонуп, жаныбардын сол жагына: санга же жаактын ылдыйкы жагына коюлат. Бул белгилөө мурунтан эле аныкталган жаныбарларды визуалдык түрдө идентификациялоону жөнөкөйлөштүрүү жана сатуу же алмаштыруу учурунда коркунучун азайтуу үчүн арналган. Жобо он күндөн кийин күчүнө кирет.",24.kg,https://24.kg/kyrgyzcha/363264_kyirgyizstanda_maldyi_identifikatsiyaloonun_janyi_mildettuu_belgisi_kirgizilet/,,kyrgyz,0,high,news_site
31aba88d-9104-44ab-863b-2edfda1f6332,ӨКМ: Тоолуу аймактарда кар көчкү түшүүсү мүмкүн,"Кыргызстандын тоолуу райондорунда 3-8-апрелге чейин күтүлүп жаткан жаан-чачынга жана абанын табы жогорулашына байланыштуу кар көчкү түшүүсү жана кар күрткүсү күтүлөт. Кыргызгидромет көчкү коркунучу бар аймактардын тизмесин жарыялады: Бул күндөрү жолдор тайгак болуп, муз тоңот. Унаалардын ортосунда 500 метр аралык кыймыл чектелиши зарыл.",24.kg,https://24.kg/kyrgyzcha/368657_okm_tooluu_aymaktarda_kar_kochku_tushuusu_mumkun/,,kyrgyz,0,high,news_site
bab38499-66c5-40b8-a8f6-af7f7fdac434,«B5+1» : Бишкекте «Борбор Азия — АКШ» бизнес форумунун экинчи күнү башталды,"«Бизнес 5+1» иш-чарасы АКШ менен Борбор Азиянын бизнес кызматташуу мүмкүнчүлүктөрүн кеңейтүү максатын көздөгөн иш-чара кечээ башталып, бүгүн, 5-февралда уланууда. Форумдун биринчи күнүндө минералдык ресурстар боюнча панелдик талкуу, ошондой эле мамлекеттик-жеке диалог форматында айыл чарбасы, туризм, каржы жана банк иштери боюнча сессиялар болду. Анда АКШ менен Борбор Азиянын кызматташтыкты өркүндөтүүгө эбегейсиз мүмкүнчүлүктөрү бар экендиги белгиленди. Бизнес форум саясий келишимдер менен аларды долбоорлор, инвестициялар жана өнөктөштүк аркылуу ишке ашыруунун ортосундагы көпүрө болуп саналаарын форумга катышкан министрлер кабинетинин төрагасынын биринчи орун басары Данияр Амангелдиев билдирди. Иш-чара Кыргыз Республикасынын Министрлер Кабинети менен биргеликте уюштурулуп, Борбор Азия өлкөлөрү жана Америка Кошмо Штаттарынын бизнес өкүлдөрү менен мамлекеттик органдарынын ортосундагы диалогду өнүктүрүүгө багытталат. Белгилей кетсек, 2025-жылдын ноябрындагы C5+1 лидерлеринин саммитинен кийин Эл аралык жеке ишкердик борбору (CIPE) министрлер кабинети менен биргеликте Бишкекте экинчи «B5+1» форумун өткөрүп жатат. Мында Алматы форумунан бери жетишилген ийгиликтер талданып, Борбор Азияда аймактык экономикалык интеграцияны андан ары өнүктүрүүгө жана Америка Кошмо Штаттары менен соода-экономикалык кызматташтыкты чыңдоого багытталган жаңы артыкчылыктар аныкталат. Форумга Борбор Азиянын беш өлкөсүнөн (Кыргызстан, Казакстан, Өзбекстан, Тажикстан, Түркмөнстан) жана Америка Кошмо Штаттарынан жеке сектордун лидерлери, бизнес ассоциациялары жана эксперттери катышууда. Эске салсак, биринчи «B5+1» форуму 2024-жылдын 14-15-мартында Алматыда өтүп, Борбордук Азия менен Америка Кошмо Штаттарынын ортосундагы экономикалык интеграцияны чыңдоодогу маанилүү кадам болуп калды.",24.kg,https://24.kg/kyrgyzcha/360686_B51__bishkekte_borbor_aziya_aksh_biznes_forumunun_ekinchi_kunu_bashtaldyi/,,kyrgyz,0,high,news_site
aae30287-221c-4f37-b2df-104983e117fa,Кыргызстанда КРВИ жана сасык тумоо менен ооругандардын саны азайды,"Кыргызстанда 9-февралдан 15-февралга чейинки жумада курч респиратордук вирустук инфекциялар жана сасык тумоо менен ооруган 10 576 учур катталган. Бул тууралуу Оорулардын алдын алуу жана мамлекеттик санитардык-эпидемиологиялык көзөмөл департаменти 24.kg маалымат агенттигине билдирди. Адистердин айтымында, оорунун көрсөткүчү мурунку жумага салыштырмалуу 14,7 пайызга төмөндөгөн. Ооругандардын 70 пайызын 14 жашка чейинки балдар түзөт. Бишкек, Ош жана Токмок шаарларында катуу кармаган респиратордук инфекциялар жана сасык тумоо сыяктуу оорулар боюнча күзөттүк көзөмөл уланууда. Дарыгерлер жарандарды алдын алуу чараларын сактоого, эл көп топтолгон жерлерден алыс болууга жана өз алдынча дарылануудан алыс болууга чакырышат.",24.kg,https://24.kg/kyrgyzcha/362271_kyirgyizstanda_krvi_jana_sasyik_tumoo_menen_oorugandardyin_sanyi_azaydyi/,,kyrgyz,0,high,news_site
420c81cf-13f7-4b95-9d16-704305ad5ffc,Суусамыр өрөөнүндөгү дарыяларга 5 миң чабак кое берилди,"Чүй облусундагы Суусамыр жана Көкөмерен дарыяларына куйган сууларга 5 миң чабак кое берилди. Бул тууралуу Суу ресурстары, айыл чарба жана кайра иштетүү өнөр жайы министрлигинен билдиришти. Маалыматка ылайык, аталган иш-чара мамлекеттик саясаттын алкагында суу биоресурстарын сактоо жана көбөйтүү боюнча жүргүзүлүп жаткан иштердин бир бөлүгү болуп саналат. Балыктандыруу — табигый суу объектилериндеги балык ресурстарын калыбына келтирүүнүн жана көбөйтүүнүн натыйжалуу ыкмаларынын бири. Мындан тышкары, мындай иш-чаралар экологиялык абалды жакшыртууга, биологиялык ар түрдүүлүктү сактоого жана суу экосистемаларынын туруктуулугун камсыз кылууга өбөлгө түзөт. Ошондой эле аймактагы балык чарбасын өнүктүрүүгө, жергиликтүү калктын экономикалык мүмкүнчүлүктөрүн кеңейтүүгө оң таасирин тийгизет. Балык өнөр жайы комплекси департаменти тарабынан келечекте да ушундай балыктандыруу иш-чараларын системалуу түрдө өткөрүү пландалууда.",24.kg,https://24.kg/kyrgyzcha/367560_suusamyir_oroonundogu_daryiyalarga_5min_chabak_koe_berildi/,,kyrgyz,0,high,news_site
e7793833-6a25-4bc5-9ff0-d0eb5b990eb3,Шашылыш билдирүү! 23-26-февралда тоолуу райондордо кар көчкү түшүшү мүмкүн,"23-26-февраль күндөрү өлкөнүн тоолуу райондорунда кар көчкү түшүү жана кар күрткүсү күтүлөт. Айрым унаа жолдорунда кыймылга убактылуу чектөөлөр киргизилиши мүмкүн. Бул тууралуу ӨКМ билдирет. Маалыматка ылайык, кооптуу аймактарга төмөнкүлөр кирет: Ошондой эле Мырзаке—Кара-Кулжа—Алайкуу, Ала-Бука—Каныш-Кыя (Чапчыма ашуусу), Красная-Горка—Акташ, Сары-Таш—Дароот-Коргон—Карамык, Бишкек—Нарын—Торугарт, Арал—Миң-Куш жана Арал—Суусамыр унаа жолдорунда да кар көчкү коркунучу бар. Жолдордо кар күрткүсү жана муз тоңуу күтүлөт. Айдоочуларга унаалардын ортосунда 500 метр аралыкты сактоо сунушталат. Тиешелүү кызматтар абалды көзөмөлдөп, зарыл болгон учурда тазалоо иштерин жүргүзөт. Айдоочулардан сактык чараларын сактоо өтүнүлөт.",24.kg,https://24.kg/kyrgyzcha/363063_shashyilyish_bildiruu_23-26-fevralda_tooluu_rayondordo_kar_kochku_tushushu_mumkun/,,kyrgyz,0,high,news_site
c15aa8db-b54b-409e-bdf5-d854d459e73e,Бүгүн Бишкектин Ала-Арча-3 конушунда суу өчүрүлөт,"Бүгүн, 11-мартта Бишкектин Ала-Арча-3 конушунда суу өчөт. Муниципалитеттен билдиришкендей, аталган конушта суу саат 09:00дөн 17:00гө чейин токтотулат. Суу Д-500 мм суу түтүгүндө авариялык-калыбына келтирүү иштерин жүргүзүүгө байланыштуу өчүрүлмөкчү. Бишкек мэриясы ыңгайсыздык жараткандыгы үчүн кечирим сурайт жана ишканалардан жана тургундардан ичүүчү сууну алдын ала камдап алууну суранат.",24.kg,https://24.kg/kyrgyzcha/365397_bugun_bishkektin_ala-archa-3_konushunda_suu_ochurulot/,,kyrgyz,0,high,news_site
35e994e3-d167-46c1-9ac4-fb4900e954b7,Бүгүн Эл аралык театр күнү: Театр тууралуу кызыктуу фактылар,"1. Театрдын тарыхы ата-бабаларыбыз аңчылыкка чыкканга чейин ырым-жырым бийлерин аткарган ошол байыркы доордон башталат. 2. Байыркы Греция театрдын мекени болуп эсептелет. 3. Театрдын беткаптары театрдын символу болуп эсептелет. Эки маска — комедия жана трагедия — жалпысынан театрды чагылдырат. 4. Беткаптар анын байыркылыгын билдирет, анткени байыркы убакта бардык театралдык акциялар аянттарда жана ареналарда болуп, акыркы катарларда каармандардын мүнөзүн көрүп, алар эмне жөнүндө айтып жатканын угушу үчүн актёрлор колдоно башташкан. Ар кандай эмоцияларды чагылдырган жаркыраган маскалар жана ооздордун ордуна үндү күчөтүүчү динамик болгон. 5. Грек театрында үч гана актер болгон жана алардын ар бири бир нече ролдорду ойной алган. Ошондой эле ар бир өндүрүштүн демөөрчүсү болгон, алар туура үч кишиге сметасын түзгөн. 6. Грек театрында бардык ролдорду эркектер, анын ичинде аял каармандар да ойношчу. Кийинчерээк театрга карама-каршы жыныстагы актрисалар пайда болуп, мимикада жана пантомималарда жалаң жөнөкөй кыздарды ойношкон. 7. Театр көшөгөсү биринчи жолу Байыркы Римде пайда болгон. Бирок ал көнүмүш адатынча ачылбай, көтөрүлгөн жок. Байыркы Рим көшөгөсү спектакль алдында полдогу боштук аркылуу түшүрүлгөн. 8. Театралдык желдеткич өз максатына ылайык гана колдонулбастан, көп учурда көрүүчүлөргө да, актёрлорго да жардамчы катары кызмат кылган. Биринчилери үчүн күйөрмандардын бетинде спектаклдерден үзүндүлөр же алдыдагы спектаклдердин программалары белгиленсе, экинчилери спектакль учурунда унутуп калбоо үчүн аларга текст жазышкан. 9. Жакшы пьесалар ар дайым аз болгон жана аларга атаандаш театр компаниялары же басмачылар аңчылык кылышкан. Ошондуктан автор пьесанын толук текстин труппадагы эң чынчыл адамга — суфлерге ишенип тапшырган. Ар бир актердун колунда өзүнүн тексти гана болгон, ал үчүн жаттап алууга жана репетицияга бир нече жума гана бөлүнгөн. 10. Байыркы грек драматургу Фринихтун грек элинин кыйроосу жөнүндөгү пьесасы көрүүчүлөрдү ушунчалык капа кылгандыктан, бүт театр көзүнө жаш алды. Жаза катары драматург сотко жөнөтүлүп, айып пул салынып, анын пьесаларын чыгарууга тыюу салынган. 11. Театрда дайыма кол чабууларга көп көңүл бурулуп келген. Байыркы убакта көрүүчүлөргө качан кол чабууну айтышчу, ал эми Иониянын бир театрында алар согушта бир колунан ажыраган жоокерлерди кол чабууга мүмкүнчүлүк беришкен, бул үчүн алардын алдына таз кулдар отургузулган, алардын башына майыптар бир колу менен кол чаап алат. 12. Жалданмаларды кол чабуулар менен чакыруу практикасы Европада да кеңири таралган. 19-кылымда көптөгөн театрлар өз кызматтарын колдонушкан, бирок клакерлер деп аталгандар «эмгеги» үчүн акы талап кыла башташкан. 13. Афинанын байыркы театрынын гүлдөп турган мезгилинде кулдардан башка бардык жашоочулар трагедиялуу спектаклдерди көрүүгө милдеттүү болгон. Каражат жетишпей калгандарга мамлекет тарабынан компенсация төлөнүп берилди. 14. Эң биринчи фонограмма Байыркы Римде пайда болгон. Ошол кездеги атактуу драматург Ливий Андроник жазганды гана эмес, ролдорун өз алдынча аткарууну да жакшы көрчү. Бир жолу үнү чыкпай калып, артынан «сүйлөшкөн» баланы отургузуп коюшуп, драматург оозун ачып эле калды. 15. Театр имараттары, театралдык атрибуттар, белгилүү театр ишмерлеринин портреттери бир жолу заманбап банкнотторго түшүрүлгөн. 16. 27-мартта бүткүл дүйнөдө Театр күнү белгиленет. Бүткүл дүйнөлүк театр күнү 1961-жылы Венада, ЮНЕСКОнун Эл аралык театр институтунун IX конгрессинде белгиленип, 1962-жылдан бери жыл сайын белгиленип келет.",24.kg,https://24.kg/kyrgyzcha/367697_bugun_elaralyik_teatr_kunu_teatr_tuuraluu_kyizyiktuu_faktyilar/,,kyrgyz,0,high,news_site
fe689b63-40f8-4b4a-b3de-5c036633617c,«Бала ырысы»: Кыргызстанда 3 жашка чейинки балдарга жөлөкпул бериле баштайт,"Президент Садыр Жапаров үч жашка чейинки бардык балдарга бериле турган «Бала ырысы» аттуу жаңы мамлекеттик жөлөк пулду киргизүү тууралуу жарлыкка кол койду. Бул тууралуу президенттин басма сөз кызматы билдирди. Маалыматка ылайык, төлөмдөр 2026-жылдын 1-июлунан тартып бериле баштайт. Бул жөлөк пул үй-бүлөнүн кирешесине карабастан, үч жашка чейинки ар бир балага ай сайын 1200 сом өлчөмүндө төлөнөт. Мамлекет башчысы бул чечим жарандардын көптөгөн кайрылууларына жооп катары кабыл алынганын жана баланын өнүгүүсүнүн эң маанилүү мезгилинде үй-бүлөлөрдү колдоого багытталганын белгиледи. Садыр Жапаров өз сөзүндө төмөнкүлөргө өзгөчө токтолду: «Мамлекет башчысы катары мен мамлекеттик жөлөк пулдар системасына байланышкан көптөгөн арыз-даттануулар түшүп жатканын көрүп жатам. Көп учурда жөлөк пул алуу дээрлик өтө албай турган тоскоолдуктарга айланып кетет. Энелердин басымдуу бөлүгүнүн чыныгы муктаждыктары көбүнчө көңүл сыртында калууда. Үй-бүлөлөр мамлекеттен жардам сурап кайрылышат, бирок колдоо алуунун ордуна баш тартууларга жана бүтпөгөн бюрократиялык жол-жоболорго туш болушат. Айрыкча эмчектеги ымыркайларга тийиштүү болгондо мындай жагдайлар таптакыр жол берилгис. Адамдын эң негизги физикалык жана акыл-эс жөндөмдөрү жашоосунун дал ушул алгачкы жылдарында калыптанат жана өмүр бою сакталып калат. Ошондуктан бүгүнкү жарлыгым менен министрлер Кабинетине «Бала ырысы» аттуу жаңы жөлөкпулду киргизүү тартибин иштеп чыгууну тапшырдым. Биз билебиз: ар бир бала өзүнүн ырыскысы, бактысы жана берекеси менен төрөлөт. Албетте, кээ бирөөлөр мында кыянаттык менен пайдалануу болушу мүмкүн деп айтышы ыктымал. Бирок мен чындап муктаж болгон бир дагы бала колдоосуз жана азык-түлүксүз калбашы үчүн, мамлекет муктаж эместерге бир нече ашыкча жөлөк пул төлөгөнү жакшы деп эсептейм. Мен бир да бала көңүл сыртында калбаган Кыргызстанды куруп жатам. Биз жасап жаткан иштердин баары балдарыбыз жана Кыргызстаныбыздын келечеги үчүн». Жаңы социалдык колдоо чарасы балдар арасындагы жакырчылыкты азайтууга жана үй-бүлөлөргө кепилденген жардам көрсөтүүгө багытталган. Улуттук статистика комитетинин маалыматына ылайык, учурда Кыргызстанда үч жашка чейинки 445 миңге жакын бала жашайт.",24.kg,https://24.kg/kyrgyzcha/364856_bala_yiryisyi_kyirgyizstanda_3jashka_cheyinki_baldarga_jolokpul_berile_bashtayt/,,kyrgyz,0,high,news_site
b9379fe1-4bf1-47a2-b0ba-f8a0d77bf68f,Азия чемпионаты: Мээрим менен Айпери жарым финалга чыкты,"Бишкекте өтүп жаткан спорттук күрөш боюнча Азия чемпионатында балбан Мээрим Жуманазарова менен Айпери Медет кызы жарым финалга жолдомо алышты. Бүгүнкү беттеште Мээрим Жуманазарова 68 кг салмак ченинде күч сынашып, Вьетнамдын балбанын 11:0 эсебинде жеңди. Ал эми Айпери Медет кызы 76 кг салмак ченинде килемге чыгып, чейрек финалда кытайлык атаандашын тушеге басып, утуп алды. Белгилей кетсек, бүгүн, 8-апрелде чемпионаттын үчүнчү күнүндө кыз-келиндер күрөшү боюнча беттештер өтүүдө. Анда 50, 55, 59, 68 жана 76 кг чейинки салмакта медалдар ойнотулууда.",24.kg,https://24.kg/kyrgyzcha/369491_aziya_chempionatyi_meerim_menen_ayperi_jaryim_finalga_chyiktyi/,,kyrgyz,0,high,news_site
6bd84c5d-aad4-4590-a6ab-160bd36068f7,"Эл аралык олимпиада: Кыргызстандык окуучулар 2 алтын, 2 күмүш,3 коло медаль утту","Кыргызстандык окуучулар INFO1CUP эл аралык информатика олимпиадасында жогорку жыйынтык көрсөтүштү. Бул тууралуу Агартуу министрлигинен билдиришти. Маалыматка ылайык, мелдешке Кыргызстандан 8 окуучу катышып, 7 медаль жеңип алды. Ал эми бир катышуучу сертификатка ээ болду. Алтын медаль алгандар: Абдуллахан Абдирасулов — 10-класс, «Сейтек STEM» мектеби; Рамазан Мананов — 10-класс, «Сейтек STEM» мектеби. Күмүш медаль алгандар: Саид Жаныкеев — 10-класс, «Сейтек STEM» мектеби; Эмирхан Сыдыков — 8-класс, «Газпром Кыргызстан» мектеби. Коло медаль алгандар: Бектен Абдувалиев — 8-класс, International School of Kyrgyzstan; Азирет Исраилов — 9-класс, Intellect School; Аруубек Баимырзаев — 9-класс, «Акылман» президенттик лицейи. Катышкандыгы үчүн сертификат: Актан Мавлянов — 9-класс, Intellect School. Белгилей кетсек, олимпиада 7-8-декабрь күндөрү Румыния мамлекети тарабынан өткөрүлгөн. Ага Армения, Азербайжан, Болгария, Египет, Грузия, Венгрия, Израиль, Италия, Кыргызстан, Румыния, Сербия, Сирия, Түркмөнстан, Украина, Улуу Британия жана Өзбекстандан жалпы 189 окуучу катышты.",24.kg,https://24.kg/kyrgyzcha/362113_elaralyik_olimpiada_kyirgyizstandyik_okuuchular_2altyin_2kumush3_kolo_medal_uttu/,,kyrgyz,0,high,news_site
97d87812-58dd-40bb-9004-707541bbd3ab,Саламаттыкты сактоо объектилерин курууга 12 миллиард сомдон ашык каражат бөлүндү,"Кыргызстанда саламаттыкты сактоо объектилерин куруу, капиталдык оңдоо жана модернизациялоо боюнча масштабдуу иштер уланууда. Бул тууралуу Саламаттыкты сактоо министрлиги 24.kg басылмасына билдирди. Маалыматка ылайык, учурда республикалык бюджеттин жана башка каржылоо булактарынын эсебинен 32 ири объект курулууда. Бул максаттарга 2026-жылы 12 миллиард сомдон ашык каражат каралган. Бир катар долбоорлор буга чейин эле аяктаган же аяктоо алдында турат: Ошондой эле, КР Президенти Садыр Жапаровдун Ош облусуна болгон жумушчу сапарынын алкагында бир катар жаңы объектилерди (Араван, Кара-Кулжа, Чоң-Алай, Гүлчө, Ноокат) куруу боюнча тапшырмалар берилген. Алар учурда пландаштыруу жана иштеп чыгуу стадиясында турат (айрымдарын ишке ашыруу 2027-жылга пландалган). Мындан тышкары, Нарын облустук ооруканасында жана Ош онкология борборунда жаңы объектилерди куруу мүмкүнчүлүгү боюнча эл аралык өнөктөштөр, анын ичинде Ислам өнүктүрүү банкы менен сүйлөшүүлөр жүрүп жатат. Министрликтин маалыматы боюнча, иштер бир нече багытта — учурдагы объектилерди аяктоодон баштап, жаңы долбоорлорду ишке киргизүүгө чейин комплекстүү түрдө жүргүзүлүүдө.",24.kg,https://24.kg/kyrgyzcha/372923_salamattyiktyi_saktoo_obyektilerin_kuruuga_12milliard_somdon_ashyik_karajat_bolundu/,,kyrgyz,0,high,news_site
a877cc7e-a0ee-4e7b-a56b-1a4dcb86cd79,Быйыл Кыргызстан 26 миңге жакын унаа импорттоду,"2026-жылдын январь-февраль айларында Кыргызстандын автоунаа базарында транспорт каражаттарын алып келүү (импорт) жана алып чыгуу (экспорт) көлөмүнүн ортосунда чоң айырма катталды. Импорттун негизги агымын Азия өлкөлөрү камсыздаса, экспорт Орусиянын рыногуна багытталган. Бул тууралуу Улуттук статистика комитетинин маалыматында айтылат. Канча унаа жана кайдан келди? Жылдын алгачкы эки айында республикага 25 миң 892 жеңил унаа алынып келинген. Бул 2025-жылдын ушул мезгилине салыштырмалуу 39 пайызга көп. Акчалай алганда импорттун баасы 17 миллиард 776,3 миллион сомду (болжол менен 203,3 миллион доллар) түздү. Кыргызстанга жеңил унааларды жеткирүү боюнча абсолюттук лидерлер: Ошондой эле өлкөгө 50,7 миллион долларга бааланган 3 миң 936 жүк ташуучу унаа (негизги берүүчүлөр — КНР жана Түштүк Корея) жана 473 атайын багыттагы техника импорттолгон. Унаалар каякка экспорттолууда? Миңдеген импорттолгон унаалардын фонунда расмий экспорт бир кыйла аз көрүнөт. Эки айдын ичинде Кыргызстандан болгону 10,4 миллион долларга бааланган 623 жеңил унаа чыгарылган. Негизги сатып алуучу Орусия болду — ал жакка 8 миллион долларга бааланган 524 машина жөнөтүлгөн. Жүк ташуучу унаалардын экспорту болгону 12 даананы (138,9 миң долларга), ал эми атайын техниканыкы — 8 даананы түздү. Тетиктер рыногу Кыргызстан автотетиктерди да жигердүү сатып алууда. Автоунаа тетиктеринин жана керектүү жабдыктарынын импорту 20,6 миллион долларга бааланып, дээрлик 6 миң тоннаны түздү (анын көбүн Кытай жеткирген — 3 миң 574,5 тонна). Ошол эле учурда республика 12 миллион долларга бааланган 2 миң 958,6 тонна автотетик экспорттогон. Анын дээрлик бардык көлөмү (2 миң 727,1 тоннасы) Орусияга жөнөтүлгөн.",24.kg,https://24.kg/kyrgyzcha/371570_byiyyil_kyirgyizstan_26minge_jakyin_unaa_importtodu/,,kyrgyz,0,high,news_site
ff1e3fbe-35db-46cd-bf0b-979ce22b5a7a,Арал-Казарман унаа жолундагы таштар тазаланууда,"Түндүк-Түштүк альтернативдик автожолунун Арал — Казарман участогунун 243-296-чакырым аралыгында тоо бетинен түшкɵн таштарды тазалоо иштери активдүү жүрүүдɵ. Бул тууралуу Транспорт жана коммуникациялар министрлигинин басма сөз кызматы билдирди. Маалыматка ылайык, тазалоо иштери № 18 Жол тейлөө ишканасы тарабынан уланууда. Учурда бир тараптуу каттам бар. Аба ырайынын кескин ɵзгɵрүшүнɵн улам Ош — Сары — Таш — Эркечтам автожолунун 103-чакырымында тоо бетинен чоң кɵлɵмдɵгү таштар кулаган. Жеринде техниканын жардамы менен тазалоо иштери жүрүүдɵ.",24.kg,https://24.kg/kyrgyzcha/364855_aral-kazarman_unaa_jolundagyi_tashtar_tazalanuuda/,,kyrgyz,0,high,news_site
922f8ff3-f663-4830-bf1c-45c8e8a7648a,Өзгөн районундагы үйдөн чыккан өрттөн төрт бала каза болду,"Ош облусунун Өзгөн районунда өрт чыгып, төрт бала каза болду. Бул тууралуу Өзгөчө кырдаалдар министрлигинин басма сөз кызматы билдирди. Маалыматка ылайык, Өзгөндүн Мырза-Аке айылында турак үйдөн чыккан өрттөн 7, 5, 4 жаштагы балдар жана 2 жаштагы кыз чарчап калды. Каргашалуу кырсык бүгүн, 5-мартка караган түнү болгон. Саат 2:00дө өрт өчүрүүчү бөлүм тартылган. Кошумча дагы 1 бөлүм саат 2:24тө тартылып, тилсиз жоо саат 3:50дө өчүрүлгөн. Учурда өрттүн келип чыгуу себептери такталууда жана тиешелүү кызматтар тарабынан териштирүү иштери жүргүзүлүүдө.",24.kg,https://24.kg/kyrgyzcha/364646_ozgon_rayonundagyi_uydon_chyikkan_ortton_tort_bala_kaza_boldu/,,kyrgyz,0,high,news_site
0446cd47-0be8-42a5-bada-4d5f796052fb,Бүгүн Кыргызстанда Конституция күнү белгиленет,"Бүгүн, 5-майда Кыргызстандын Баш мыйзамынын кабыл алынганына 33 жыл толду. 1991-жылы эгемендикке ээ болгондон кийин, 1993-жылдын 5-майында өлкөнүн жаңы Конституциясы кабыл алынган. Мындан туура 33 жыл мурда кабыл алынган Конституция өлкөбүздүн тарыхындагы жаңы доорду - эгемендүүлүк жана демократия жолун баштап берди. Баш мыйзам бул аралыкта бир нече ирет өзгөрүүгө дуушар болду. Ѳлкөнүн башкы мыйзамы 1996-жылы, 1998-жылы, 2003-жылы 2006-жылы, соңкусу 2021-жылы өзгөртүлгөн. Референдумга жалпы шайлоочулардын 36,66% катышкан. Анын 79% ашыгы Баш мыйзамдын жаңы долбоорун колдоп, Кыргызстанда президенттик башкаруу болушун каалашкан. Конституцияга президент Садыр Жапаров 2021-жылы 5-майда кол койгон.",24.kg,https://24.kg/kyrgyzcha/372884_bugun_kyirgyizstanda_konstitutsiya_kunu_belgilenet/,,kyrgyz,0,high,news_site
fe7dba2d-6248-413a-92b7-f08685364a76,Дүйнө чемпионаты: Кыргызстандык спортчу бильярд боюнча коло байге утту,"Кыргызстандык спортчу бильярд боюнча дүйнө чемпионатында коло медаль утту. Бул тууралуу BILL4YOU бильярд спортунун расмий платформасы билдирди. Маалыматка ылайык, чемпионат Өзбекстандын Самарканд шаарында өттү. Акыркы беттештер жекшемби күнү жыйынтыкталды. Турнир «Эркин пирамида» дисциплинасы боюнча өткөрүлдү. Турнирдин чоо-жайы: Катышуучулар: Эркектер арасындагы мелдешке 8 өлкөдөн (Россия, Казакстан, Өзбекстан, Түркмөнстан, Кыргызстан, Тажикстан, Азербайжан жана Беларусь) жалпы 64 спортчу катышты. Кыргызстандын курамасы:Дүйнө чемпионатында өлкө намысын 13 спортчу коргоду. Жыйынтыктар: 33 жаштагы Арсен Калыбек уулу коло байгени багындырып, 3-орунду өзбекстандык спортчу Нурбек Саломов менен бөлүштү. Жыйынтыгында 2026-жылдагы дүйнө чемпионатынын жеңүүчүсү россиялык Иосиф Абрамов болду. Күмүш медаль дагы россиялык тажрыйбалуу оюнчу Никита Володинге тийди.",24.kg,https://24.kg/kyrgyzcha/372035_duyno_chempionatyi_kyirgyizstandyik_sportchu_bilyard_boyuncha_kolo_bayge_uttu/,,kyrgyz,0,high,news_site
eaace91b-4801-4992-a8f0-a3a5d8aeec74,ӨКМ: Кыргызстанда бир суткада 16 өрт кырсыгы катталды,"Кыргызстанда сутка ичинде 16 өрт кырсыгы катталып, тилсиз жоо менен күрөшүүгө 19 бөлүм тартылды. Бул тууралуу Өзгөчө кырдаалдар министрлигинен билдиришти. Өрткырсыктарынынаймактарбоюнчакөрсөткүчү: Ал эми куткаруу кызматтары тарабынан 4 чыгуу болду.",24.kg,https://24.kg/kyrgyzcha/369432_okm_kyirgyizstanda_bir_sutkada_16ort_kyirsyigyi_kattaldyi/,,kyrgyz,0,high,news_site
c132f5c9-c7d1-43a0-af3d-072aedc9a985,ТИМ: «Швейцариядагы өрт кырсыгында жабыркаган кыргызстандыктар жок»,"Тышкы иштер министрлиги 1-январга караган түнү Швейцариянын Кран-Монтана тоо-лыжа курортунда чыккан өрттөн улам болгон кырсык боюнча билдирүү жасады. Кыргыз Республикасынын Швейцария Конфедерациясындагы элчилиги Швейцариянын компетенттүү органдары менен ыкчам байланышта болуп, каза болгондордун же жабыркагандардын арасында Кыргыз Республикасынын жарандарынын бар же жок экендиги тууралуу маалыматты тактоодо. Алдын ала алынган маалыматтарга ылайык, каза болгондордун же жабыркагандардын арасында Кыргыз Республикасынын жарандары жок. ""Тышкы иштер министрлиги кырдаалды туруктуу көзөмөлдөп, Кыргыз Республикасынын жарандары жабыркагандардын арасында болушу мүмкүн деген жагдайды тактоо боюнча ишти улантууда"",-деп айтылат ТИМдин маалыматында.",24.kg,https://24.kg/kyrgyzcha/356919_tim_shveytsariyadagyi_ort_kyirsyigyinda_jabyirkagan_kyirgyizstandyiktar_jok/,,kyrgyz,0,high,news_site
8f7a2629-c67a-463f-ad06-9383b5b961cb,Акжол Махмудов Албанияда өтө турган рейтингдик турнирге катышат,Акжол Махмудов Албанияда өтө турган рейтингдик күрөш турнирине катышат. Бул тууралуу Бириккен күрөш дүйнөсү (UWW) билдирди. 2026-жылдагы экинчи рейтингдик турнири 25-февралдан 1-мартка чейин Тирана шаарында өтөт. Спортчу Кыргызстан курама командасына киргизилди жана 82 килограмм салмак категориясында күч сынашат. Албаниядагы турнир Акжол Махмудовдун улуттук курама командадагы экинчи турнири болот. Ал Париждеги Олимпиада оюндарында коло медалды жеңип алган. 2025-жылдын ноябрында кыргызстандык Сауд Арабиясындагы Ислам оюндарында алтын медаль жеңип алган.,24.kg,https://24.kg/kyrgyzcha/362612_akjol_mahmudov_albaniyada_oto_turgan_reytingdik_turnirge_katyishat/,,kyrgyz,0,high,news_site
cfb3bb2b-8807-4a37-a9a2-db0734538ad0,2026-жылдын январь айында Социалдык фонд 3346 пенсиялык ишти карады,"Кыргыз Республикасынын Социалдык фонду 2026-жылдын январь айында 3346 пенсиялык ишти караган. Алардын ичинен 2541 жаранга биринчи жолу пенсия дайындалган. Ал эми 805 пенсионердин пенсиясы кайра эсептелген (эмгек стажы, эмгек акысы, билими жана майыптыгы боюнча кошумча документтердин негизинде). Пенсиялар боюнча суроолоруңуз болсо, 1202 номерине чалыңыз.",24.kg,https://24.kg/kyrgyzcha/360409_2026-jyildyin_yanvar_ayyinda_sotsialdyik_fond_3346_pensiyalyik_ishti_karadyi/,,kyrgyz,0,high,news_site
3ca64607-99b4-4411-94a6-470ffc351d54,Кореяда иштеп келген кыргызстандык жарандар бир жолку төлөмдөрдү алды,"Түштүк Кореяда расмий түрдө иштеп, эмгек акысынан пенсиялык төгүмдөрү кармалган Кыргызстандын жарандары кайтып келгенден кийин бир жолку төлөмдөрдү алышууда. Бул тууралуу Социалдык фонддон билдиришти. Маалыматка ылайык, бүгүнкү күнгө карата Кореянын Улуттук пенсиялык кызматынан пенсиялык топтомолор боюнча бир жолку төлөм алуу үчүн 144 жаран кайрылган. Анын ичинен 107 жаранга төлөм дайындалып, толугу менен төлөндү, 37 жаран учурда чечимди күтүүдө. Бир жолку төлөмдүн орточо өлчөмү 3 789 долларды түздү.",24.kg,https://24.kg/kyrgyzcha/371780_koreyada_ishtep_kelgen_kyirgyizstandyik_jarandar_bir_jolku_tolomdordu_aldyi/,,kyrgyz,0,high,news_site
81a8b373-ce42-4f59-b049-cd417f1af6ea,Түптө үйүндө баңгизат сактап жүргөн жарандар кармалды,"Түп райондук ички иштер бөлүмүнө баңгизаттарды мыйзамсыз сактап жана колдонуп жүргөн жарандар тууралуу оперативдик маалымат келип түшкөн. Бул тууралуу Ысык-Көл облустук ички иштер башкармалыгы билдирди. Маалыматка ылайык, КР Кылмыш-жаза кодексинин 283-беренеси боюнча кылмыш иши козголгон. 14-март күнү Түп РИИБдин кызматкерлери тарабынан жүргүзүлгөн ыкчам-иликтөө иш-чараларынын жүрүшүндө шектүү катары аныкталган жарандардын турак жайларында мыйзамдуу тинтүү иш-чаралары жүргүзүлгөн. Натыйжада, 1973-жылы туулган Ж.А. аттуу жаранды жеке тинтүү учурунда анын кийип жүргөн кара түстөгү курткасынын чөнтөгүнөн жапайы өскөн кендир чөбүнө окшош, өзгөчө жыты бар зат табылган. Ошондой эле анын турак жайынан жапайы өскөн кендир чөбүнө окшош, өзгөчө жыты бар, полиэтилен баштыктарга салынган бир нече заттар табылган. Табылган заттардын жалпы салмагы 1 килограмм 531 граммды түзүп, далил зат катары алынган. Мындан тышкары, 1972-жылы туулган Б.Б. аттуу жарандын кашарын жана турак жайын тинтүү учурунда кашарынан полиэтилен баштыкка салынган, чабылып-чогултулган жапайы өскөн кендир чөбүнө окшош, өзгөчө жыты бар зат табылган. Ошондой эле жапайы өскөн кендирге окшош чөптөрдүн жалбырактары, 13 даана балык уулоочу синтетикалык кытай торлору, 2 даана үйлөтмө кайык, 19 даана ок атуучу куралдын ок-дарысы, күкүрт жана пистондор табылган. Табылган заттардын жалпы салмагы 3 килограммдан ашып, далил зат катары алынган. Алынган заттарга соттук-химиялык экспертиза дайындалып, учурда тергөө амалдары улантылууда.",24.kg,https://24.kg/kyrgyzcha/366311_tupto_uyundo_bangizat_saktap_jurgon_jarandar_karmaldyi/,,kyrgyz,0,high,news_site
35f8900d-6b35-4d7e-80ac-55e34de33540,Шашылыш билдирүү! Бишкек жана Чүйдө катуу шамал күтүлөт,"Өзгөчө кырдаалдар министрлиги шамалга байланыштуу шашылыш билдирүү таратты. Гидрометеорологиялык кызматынын маалыматына ылайык, жакынкы үч саат аралыгында жана күндүз Бишкек шаарында жана Чүй өрөөнүндө батыштан соккон ылдамдыгы секундасына 15-20 метрге жеткен каттуу шамал катталышы күтүлөт. Министрлик катуу шамал учурунда коопсуз жайларда болууну эскертет: Өзгөчө электр чубалгыларынан, жарнама калкандарынан, бак-дарактардан алыстап, коопсуз жайларда болуу кажет. Кандайдыр бир кырдаалга туш болгондо «112» кызматына токтоосуз билдирүү сунушталат. Чалуу акысыз жана күнү-түнү кабыл алынат.",24.kg,https://24.kg/kyrgyzcha/361486_shashyilyish_bildiruu_bishkek_jana_chuydo_katuu_shamal_kutulot/,,kyrgyz,0,high,news_site
532822de-3041-4afc-b103-afeecdb5e3a1,Бишкек менен Чүйдө унаа кыймылына эки күн чектөө киргизилет. Себеби,"28-30-апрель күндөрү Бишкек шаарынын жана Чүй облусунун аймагында унаа кыймылына убактылуу чектөөлөр киргизилет. Бул тууралуу Жол кыймылынын коопсуздугун камсыздоо башкы башкармалыгынан билдиришти. Маалыматка ылайык, мындай чара Того Республикасынын министрлер кеңешинин төрагасы Фора Эссозимна Гнассингбенин Кыргызстанга болгон иш сапарына байланыштуу көрүлүүдө. Расмий делегациялардын өтүүсү учурунда төмөнкү жол тилкелери чектөөгө алынат: «Бул күндөрү чет өлкөгө же өлкөнүн башка аймактарына барууну пландаган жарандарга «Манас» эл аралык аэропортуна, темир жол бекетине жана Бишкек шаарынын Батыш автовокзалына алдын ала баруу, ошондой эле жол тыгындарына кабылбай, каттамдарга кечикпөө үчүн жүрүү маршруттарын алдын ала пландаштыруу сунушталат», — деп айтылат маалыматта.",24.kg,https://24.kg/kyrgyzcha/372173_bishkek_menen_chuydo_unaa_kyiymyilyina_eki_kun_chektoo_kirgizilet_sebebi/,,kyrgyz,0,high,news_site
a27db2d6-81e4-49cd-a299-87dd758b9fba,ӨКМ: Тоолуу жолдорго кар көчкү түшүү коркунучу бар,18-марттан 23-мартка чейин туруксуз аба ырайына байланыштуу Кыргызстандын тоолуу райондорунда жана негизги унаа жолдорунда кар көчкү түшүү коркунучу бар. Буга байланыштуу Кыргызгидромет кызматы төмөнкү жолдордо жүрүүдө сак болууну эскертти: Унаалардын ортосунда 500 метр аралык кыймыл чектелиши зарыл.,24.kg,https://24.kg/kyrgyzcha/366364_okm_tooluu_joldorgo_kar_kochku_tushuu_korkunuchu_bar/,,kyrgyz,0,high,news_site
8327608f-611f-45fd-8b8c-c34adb7045e6,Бүгүнкү доллардын курсу,"Бүгүн, 9-февраль саат 09:30га карата Кыргызстандын коммерциялык банктарда жана акча алмаштыруучу жайларда 1 долларды сатып алуу 87 сом 34 тыйынга чейин болсо, сатуу 87 сом 79 тыйын болууда. Ал эми Улуттук банкта 1 доллардын курсу 87 сом 45 тыйын деп көрсөтүлгөн",24.kg,https://24.kg/kyrgyzcha/361096_bugunku_dollardyin_kursu/,,kyrgyz,0,high,news_site
2a5fe932-ebd1-4bf3-bd2d-a76a74cdb433,Түндө Кыргызстандын түштүк тарабында жер титирөө катталды,"Кыргызстандын Улуттук Илимдер Академиясынын Сейсмология институту өлкөнүн түштүк тарабында болжол менен 4,0 баллга жеткен жер титирөө катталды деп билдирди. Институттун маалыматы боюнча, жер титирөө 26-январда саат 3:54тө болгон. Жер титирөөнүн очогу Каблан-Кел айылынан түштүк-батышка 3 чакырым, Алга-Бас айылынан түндүк-чыгышка 5 чакырым, Чайчы айылынан түштүккө 10 чакырым жана Оштон түштүк-чыгышка 45 чакырым алыстыкта ​​жайгашкан. Жер титирөөнүн күчү Алга-Бас жана Каблан-Кел айылдарында 3,5 балл, ал эми Чайчы, Лаглан, Тогуз-Булак, Тээке жана Алга айылдарында 3,0 балл болгон. Жер титирөөдөн жабыркагандар жана кыйроолор катталган жок.",24.kg,https://24.kg/kyrgyzcha/359229_tundo_kyirgyizstandyin_tushtuk_tarabyinda_jer_titiroo_kattaldyi/,,kyrgyz,0,high,news_site
549de5a2-b692-49af-9409-2791109a7a48,Бүгүнкү доллардын курсу,"Бүгүн, 24-февраль саат 09:30га карата Кыргызстандын коммерциялык банктарда жана акча алмаштыруучу жайларда 1 долларды сатып алуу 87 сом 34 тыйынга чейин болсо, сатуу 87 сом 79 тыйын болууда. Ал эми Улуттук банкта 1 доллардын курсу 87 сом 45 тыйын деп көрсөтүлгөн",24.kg,https://24.kg/kyrgyzcha/363251_bugunku_dollardyin_kursu/,,kyrgyz,0,high,news_site
158f4bb7-dc78-476c-9a74-bd6637c7feb1,Бишкекте жуманын башында кар жаайбы? 26-28-январга карата аба ырайы,"Синоптиктер жуманын башында Бишкекте кар жаашын божомолдоп жатышат. 26-27-январдаасман жарым-жартылай булуттуу болот деп күтүлүүдө. Түнкүсүн температура −7°C (-7°F) тегерегинде болот, күндүзгү эң жогорку температура 2°C (37°F) жетет. 28-январда каржаашы күтүлүүдө. Түнкүсүн температура −6°C (-6°F) чейин төмөндөйт, күндүзгү эң жогорку температура 0°C (32°F) жетет.",24.kg,https://24.kg/kyrgyzcha/359193_bishkekte_jumanyin_bashyinda_kar_jaaybyi_26-28-yanvarga_karata_aba_yirayyi/,,kyrgyz,0,high,news_site
3add2993-1b45-4375-849a-7b4d4d5e76d0,Бүгүнкү доллардын курсу,"Бүгүн, 5-январь саат 09:30га карата Кыргызстандын коммерциялык банктарда жана акча алмаштыруучу жайларда 1 долларды сатып алуу 87 сом 40 тыйынга чейин болсо, сатуу 87 сом 80 тыйын болууда. Ал эми Улуттук банкта 1 доллардын курсу 87 сом 44 тыйын деп көрсөтүлгөн",24.kg,https://24.kg/kyrgyzcha/357044_bugunku_dollardyin_kursu/,,kyrgyz,0,high,news_site
0f98086d-3d45-4a83-803c-63926dcf704b,Бүгүнкү доллардын курсу,"Бүгүн, 27-март саат 09:30га карата Кыргызстандын коммерциялык банктарда жана акча алмаштыруучу жайларда 1 долларды сатып алуу 87 сом 36 тыйынга чейин болсо, сатуу 87 сом 79 тыйын болууда. Ал эми Улуттук банкта 1 доллардын курсу 87 сом 45 тыйын деп көрсөтүлгөн",24.kg,https://24.kg/kyrgyzcha/367680_bugunku_dollardyin_kursu/,,kyrgyz,0,high,news_site
70d94109-eb96-4f1c-adae-c9857ae2539b,Кыргызстандагы 773 айылга таза суу менен камсыздоо системасы орнотулат,"Суу ресурстары, айыл чарба жана кайра иштетүү өнөр жайы министрлигине караштуу Ичүүчү суу менен камсыздоону жана саркынды сууларды чыгарууну өнүктүрүү департаменти тарабынан өлкө боюнча 773 айылда таза суу долбоорлорун ишке ашыруу каралууда. Бекитилген жумуш планына ылайык, учурдагы учурда ишке ашыруу этаптары боюнча объектилердин бөлүштүрүлүшү төмөнкүдөй:",24.kg,https://24.kg/kyrgyzcha/366709_kyirgyizstandagyi_773_ayyilga_taza_suu_menen_kamsyizdoo_sistemasyi_ornotulat/,,kyrgyz,0,high,news_site
90ae3dd4-45f9-4813-826c-9edacd4e821d,Манас шаарында 26 сел каптаган турак жайлар тазаланды,"Манас шаарында учурда 26 сел каптаган турак жайлар тазаланды. Бул тууралуу Өзгөчө кырдаалдар министрлигинин басма сөз кызматы билдирди. Эске салсак, кечээ түнкү саат 22:00дөр чамасында жааган нөшөрлүү жаан-чачындын кесепетинен кокту-колоттордон келген сел суулары ички сел каналдарына батпай калып, Манас шаарында 40тан ашуун турак жайдын короолорун, 4 социалдык объектини суу каптаган. Учурда турак жайлардан сел калдыктарын чыгаруу, аймактарды тазалоо жана тургундар үчүн коопсуз шарттарды түзүү иштери Өзгөчө кырдаалдар министри Канатбек Чыныбаевдин жетекчилиги астында түзүлгөн ыкчам штаб тарабынан координацияланууда. Бул иштерге Кыргыз Республикасынын Өзгөчө кырдаалдар министрлигинен 114 куткаруучу, ошондой эле жарандык коргонуу кызматтарынан 334 кызматкер жана 24 техника тартылган. Мындан тышкары, белгиленген аймактарда санитардык-эпидемиологиялык кызмат тарабынан дезинфекциялоо иштери жүргүзүлүп, иштер улантылууда.",24.kg,https://24.kg/kyrgyzcha/372671_manas_shaaryinda_26sel_kaptagan_turak_jaylar_tazalandyi/,,kyrgyz,0,high,news_site
874878f7-4cd5-43ab-b82a-e1a89388c090,XVII КИТЕП FEST — 2026: Бүгүн эл аралык китеп фестивалы башталат,"Бүгүн, 23-апрелде Жалал-Абад облусундагы Манас шаарында жыл сайын өткөрүлүп келе жаткан Эл аралык «XVII КИТЕП FEST — 2026» китеп фестивалы башталат. Бул тууралуу Маданият, маалымат жана жаштар саясаты министрлиги билдирди. Маалыматка ылайык, иш-чара Жалал-Абад облустук китепканасынын 100 жылдык мааракесине арналат. Фестивалдын негизги максаты — улуттук китеп басып чыгаруунун жетишкендиктерин кеңири жайылтуу, басмаканалар ортосундагы кызматташтыкты чыңдоо жана коомдо китеп окуу маданиятын өнүктүрүү. Фестивалга Россия, Казакстан, Өзбекстан өлкөлөрүнөн акын-жазуучулар, басмаканалардын өкүлдөрү, ошондой эле маданият жана адабият чөйрөсүнүн ишмерлери катышат. Мындан тышкары, Кыргызстандын бардык аймактарынан — республикалык, облустук, райондук, шаардык жана айылдык китепканалардын өкүлдөрү да катышат. Иш-чаранын алкагында китеп көргөзмөлөрү,белгилүү акын-жазуучулар менен жолугушуулар, концерттик программалар, адабий конкурстар ,театрлаштырылган оюн-зооктор, китеп окууну жайылткан интерактивдүү иш-чаралар уюштурулат Ошондой эле китеп жумалыгынын алкагында республика боюнча бардык деңгээлдеги китепканаларда параллелдүү түрдө китеп фестивалдары жана маданий иш-чаралар өткөрүлөт.",24.kg,https://24.kg/kyrgyzcha/371531_XVIIkitep_FEST_2026_bugun_elaralyik_kitep_festivalyi_bashtalat/,,kyrgyz,0,high,news_site
6b7d1a9f-6d6a-4698-82f7-d0ce2478688d,Чек ара бекетинде өзүн атып алган жоокер каза болду,"Мурда чек ара бекетинде октон оор жаракат алган келишимдик аскер кызматкери И. уулу А. ооруканада каза болду. Мамлекеттик чек ара кызматы бул кабарды тастыктады. Маалыматка ылайык, ал кырсык катталары менен Алай районунун Гүлчө шаарындагы ооруканага жеткирилген. Бирок ага көрсөтүлгөн ыкчам медициналык жардам жана куткаруу аракеттерине карабастан, анын өмүрүн сактап калуу мүмкүн болгон жок. Бул факты боюнча чек ара кызматы кызматтык иликтөө иштерин улантууда. Эске салсак, 2004-жылы туулган И. уулу А. 8-апрелде АК-74 автоматынан ок чыгарып, өмүрүнө кол салууга аракет кылганы маалымдалган.",24.kg,https://24.kg/kyrgyzcha/370105_chek_ara_beketinde_ozun_atyip_algan_jooker_kaza_boldu/,,kyrgyz,0,high,news_site
94abb5c0-b137-406b-ba92-96ceb8c23b52,Чемпиондор лигасы: Жарым финалда «ПСЖ» клубу «Баварияны» 5:4 эсебинде жеңди,"Чемпиондор лигасынын 2025/2026-сезонунун жарым финалынын алгачкы беттеши өтөт. Анда Франциянын «ПСЖ» жана Германиянын «Бавария» командалары кездешти. «ПСЖ» Чемпиондор лигасынын 1/2 финалынын алгачкы беттешинде «Баварияны» 5:4 эсебинде жеңди. Оюн Париждеги «Парк де Пренс» стадионунда өттү. Биринчи таймда эле командалар беш гол киргизишти. Бул турнирдин жарым финалдык тарыхындагы алгачкы учур болуп калды. Оюндун чоо-жайы: «ПСЖ» тараптан:Хвича Кварацхелия жана Усман Дембеле (бирөөсү пенальтиден) дубль жасашты. Дагы бир голду Жоау Невеш киргизди. «Бавария» тараптан:Харри Кейн (пенальтиден), Майкл Олисе, Дайо Упамекано жана Луис Диас айырмаланышты. Дарбазачы: Француз командасынын дарбазасын россиялык голкипер Матвей Сафонов коргоду. Кийинки кадам: Чемпиондор лигасынын жарым финалындагы «ПСЖ» менен «Бавариянын» жооптук беттеши 6-майда Мюнхенде өтөт. Бул жуптун жеңүүчүсү финалда «Атлетико» — «Арсенал» тирешинин жеңүүчүсү менен ойнойт.",24.kg,https://24.kg/kyrgyzcha/372301_chempiondor_ligasyi_jaryim_finalda_psj_klubu_bavariyanyi_54_esebinde_jendi/,,kyrgyz,0,high,news_site
579b7b4c-32b0-4d05-9fe8-6973c353c37a,Чүй облусунда ак илбирс үйдүн короосуна кирип келди,"Чүй облусундагы Боролдой айылындагы үйдүн короосунда ак илбирс кирип келген. Бул тууралуу күбөлөр билдиришкен. Алардын айтымында, жырткыч короого кирип, бир аз убакыт даракта отурган. Окуя тууралуу маалымат тез жардам кызматтарына жөнөтүлгөн. Өзгөчө кырдаалдар министрлигинин жана милиция кызматкерлери окуя болгон жерге тез арада келишти. Биргелешкен аракеттердин натыйжасында ак илбирс кармалды. Операция учурунда эч ким жабыркаган жок. Жаныбардын тагдыры коопсуздукту жана сейрек кездешүүчү түрлөрдү коргоону эске алуу менен адистер тарабынан аныкталат. Эске салсак, ак илбирс Кызыл китепке киргизилген жана мамлекеттин атайын коргоосунда турат. Укук коргоо органдары жана куткаруучулар жарандарды калктуу конуштарда жапайы жаныбарларды көргөн ар бир адам жөнүндө тезинен кабарлоого чакырышат.",24.kg,https://24.kg/kyrgyzcha/356598_chuy_oblusunda_akilbirs_uydun_koroosuna_kirip_keldi/,,kyrgyz,0,high,news_site
c41574e5-d324-4280-aa57-7b94b41e885e,Минкаб: Кафелерге 15 пайыздык тейлөө акысын кошууга уруксат берилген эмес,"Кафелер менен ресторандарга мыйзам долбооруна 15 пайыздык тейлөө акысын кошууга уруксат берилген эмес. Бул тууралуу Жогорку Кеңештин жалпы жыйынында министрлер кабинетинин төрагасынын биринчи орун басары Данияр Амангелдиев билдирди. Анын айтымында, мыйзамга ылайык, кызмат көрсөтүүлөр үчүн акы төлөө ыктыярдуу болушу керек. «Биз учурда тейлөө чөйрөсү менен бул боюнча иш-чараларды жүргүзүп жатабыз. Алардын тейлөө акысын тамак тизмесиндеги аштын баасына кошуп коюуга укугу жок болчу. Тиешелүү калькуляция бар. Мыйзамга ылайык, тейлөө үчүн сый акы берүү ыктыярдуу болушу керек. Демек, аны эсепке кошуу — бул керектөөчүлөрдүн укугун бузуу болуп саналат. Өзүңүздөр билгендей, акыркы убакта бул тармакта баалардын өсүү динамикасы абдан жогору болууда», — деди ал. Ал Монополияга каршы кызмат тамактануу жайларындагы баалардын жогорулашы боюнча кырдаалды көзөмөлдөп жатканын кошумчалады. Бирок, депутат Дастан Бекешев Министрлер кабинетинин токтомун сынга алып, туура эмес иш болгонун жана саясаты туура эмес болгон тармактарга кийлигишкенин белгиледи. «Азыр кафелер менен ресторандар көтөрүлүп, карапайым эл жабыркап жатат. Балким, бул токтомду жокко чыгарууну карап көрүшүбүз керек. Эт, май жана башка негизги азык-түлүктөрдүн бааларын жөнгө салганыңыз оң», — деп кошумчалады ал.",24.kg,https://24.kg/kyrgyzcha/360737_minkab_kafelerge_15payyizdyik_teyloo_akyisyin_koshuuga_uruksat_berilgen_emes/,,kyrgyz,0,high,news_site
6a4382f9-02c4-435b-bf07-671d321d68b3,"№ 13 шайлоо округунда кайталап шайлоого 18,5 млн сом сарпталат","Бүгүн, 30-декабарда Борбордук шайлоо комиссиясы № 13 көп мандаттуу шайлоо округундагы кайра шайлоону өткөрүү үчүн каралган чыгымдардын сметасын бекитти. Бул тууралуу БШКнын басма сөз кызматы кабарлады. Маалыматка ылайык, кайра шайлоону өткөрүү кийинки жылдын 1-мартына дайындалып, аны даярдоого жана өткөрүүгө 18 миллион 507 миң сом керектелет. Шайлоону даярдоо жана өткөрүү чыгымдары республикалык бюджеттин каражаттарынын эсебинен жүргүзүлөт. Сметада шайлоону уюштурууга жана маалыматтык жактан камсыз кылууга кетчү чыгымдар, комиссия мүчөлөрүнүн жана ишке тартылган жарандардын эмгек акысы, шайлоо (референдум) өткөрүлгөн күндөрү шайлоо комиссияларынын мүчөлөрүнө, ошондой эле ишке тартылган жарандарга бир адамдык суткалык өлчөмдө тамак-аш уюштурууга суткалык төлөмдөр камтылган. Чыгымдар төмөнкү негизги көрсөткүчтөргө таянып эсептелген:",24.kg,https://24.kg/kyrgyzcha/356671_13shayloo_okrugunda_kaytalap_shayloogo_185_mln_som_sarptalat/,,kyrgyz,0,high,news_site
722ad212-2b8e-41ed-b00d-1180f95c163a,Кыргызстан кайра иштетүү өнөр жайында өсүш байкалууда,"Кыргызстанда кайра иштетүү өнөр жайын өнүктүрүү багытында системалуу иштер жүргүзүлүп, тармакта туруктуу өсүү динамикасы байкалууда. Бул тууралуу Суу ресурстары, айыл чарба жана кайра иштетүү өнөр жайы министрлиги билдирди. Маалыматка ылайык, отчеттук мезгилде республикадагы кайра иштетүүчү өнөр жай продукциясынын жалпы көлөмүндө тамак-аш өнөр жайынын, анын ичинде суусундуктарды жана тамеки буюмдарын өндүргөн ишканалардын үлүшү 18,8 % түзгөн. Алдын ала эсептөөлөр боюнча, 2026-жылдын январь айында айыл чарба продукциясын кайра иштетүүчү өнөр жай ишканалары тарабынан 8 091,6 млн сом суммасында тамак-аш азыктары, суусундуктар жана тамеки буюмдары өндүрүлгөн. Физикалык көлөмдүн индекси 113,6 % түзүп, тармакта оң динамика байкалганын көрсөтүүдө. Кайра иштетүү өнөр жайын мындан ары өнүктүрүү максатында министрлик тарабынан 2026-жылга карата план иштелип чыгып, анын алкагында 75 кайра иштетүүчү ишкананы жана соода-логистикалык борборлорду ачуу каралган. Бүгүнкү күндө өлкө аймагында 3 кайра иштетүүчү ишкана жана 1 соода-логистикалык борбор ишке берилди: — «Золотой Орех» ЖЧК — кубаттуулугу 500 тонна, мөмө-жемиштерди шоктук тоңдуруу жана сактоо үчүн каралган. Министрлик тарабынан өлкөнүн аймактарында кайра иштетүүчү ишканаларды жана логистикалык инфраструктураны өнүктүрүү боюнча иштер 2026-жылга каралган планга ылайык улантылат.",24.kg,https://24.kg/kyrgyzcha/365637_kyirgyizstan_kayra_ishtetuu_onor_jayyinda_osush_baykaluuda/,,kyrgyz,0,high,news_site
58846405-1c20-4047-8739-b2c38ffd85d6,Жогорку Кеңештин комитеттер курамында өзгөрүүлөр болду,"Жогорку Кеңештин комитеттеринин курамдарында кадрдык алмашуулар орун алды. Кечээ, парламенттин жыйынында депутат Мирлан Жеенчороев Конституциялык мыйзамдар, мамлекеттик түзүлүш, сот-укук маселелери жана Жогорку Кеңештин регламенти боюнча комитетинин төрагасынын орун басары болуп шайланды. Анын талапкерлигине 82 эл өкүлү макул, бирөө каршы добуш берди. Төмөнкү депутаттар жаңы комитеттердин курамына киришти: Ошондой эле депутат Азамат Исираилов Агрардык саясат, суу ресурстары, экология жана регионалдык өнүктүрүү боюнча комитетинин төрагасынын орун басары болуп шайланды. Аны 83 кесиптеши колдоп добуш берди.",24.kg,https://24.kg/kyrgyzcha/371549_jogorku_keneshtin_komitetter_kuramyinda_ozgoruulor_boldu/,,kyrgyz,0,high,news_site
b02adca2-ed0b-4fc8-89b3-f19760748d39,"Баткенде өрүк бышып, алгачкы түшүм жыйнала баштады","Кадамжай районуна караштуу Кыргыз-Кыштак айылында өрүктүн эрте бышуучу сорттору бышып, түшүм жыйноо башталды. Бул тууралуу Президенттин Баткен облусундагы өкүлчүлүгү билдирди. Маалыматка ылайык, багбан Толубай Жалилов өткөн жылы 20 гектар жерди өздөштүрүп, анын 7 гектарына өрүк бак тиккен. Быйыл алгачкы түшүм мол болуп, жемиштер жыйналууда. Ал Түркиядан «Фуего», «Приция» жана «Микадо» сортторун алып келип өстүргөн. Учурда жыйналган түшүм Казакстан жана Орусияга экспорттолуп жатат.",24.kg,https://24.kg/kyrgyzcha/372549_batkende_oruk_byishyip_algachkyi_tushum_jyiynala_bashtadyi/,,kyrgyz,0,high,news_site
7bea6be9-2c39-401d-9738-1ec5e1b84eb3,Былтыр 84 мамлекеттик кызматкер тартиптик жоопкерчиликке тартылган,"Өткөн жылы 84 мамлекеттик кызматкер тартиптик жазага тартылган. Бул тууралуу Башкы прокурордун орун басары Залкарбек Акназаров Жогорку Кеңештин жыйынында «Кызыкчылыктардын кагылышуусу жөнүндө» мыйзам долбоорунун экинчи окуусунда билдирди. Анын айтымында, 2025-жылы Башкы прокуратура кызыкчылыктардын кагылышуусу жөнүндө мыйзамдын сакталышын 70тен ашык текшерүү жүргүзүп, 172 мыйзам бузууну аныктаган. «Бир кызмат адамына ченемдик талаптарды (Жаза кодексинин беренеси) аткарбагандыгы үчүн айып пул салынып, 84 аткаминер тартиптик жазага тартылган. Жоопкерчиликке тартылгандар негизинен мамлекеттик жана жергиликтүү өз алдынча башкаруу органдарынын кызматкерлери, ошондой эле жеке кызыкчылыгы үчүн декларация тапшырбаган же муниципалдык жана мамлекеттик мүлктү жеке максаттарда колдонгон адамдар болгон», — деп кошумчалады Залкарбек Акназаров.",24.kg,https://24.kg/kyrgyzcha/365645_byiltyir_84mamlekettik_kyizmatker_tartiptik_joopkerchilikke_tartyilgan/,,kyrgyz,0,high,news_site
e9d6959b-fa7f-41d0-b41e-0293089e29b6,Кыргыз драма театрынын март айындагы репертуары,"Токтоболот Абдумомунов атындагы Кыргыз улуттук академиялык драма театры март айындагы репертуарын жарыялады. 4-март «Кыз күйөө» М.Байжиев 5-март «Былтыркы кар кайда?» М.Гапаров, М.Гапарова 6-март «Абийир кечирбейт» Т.Абдымомунов 7-март «Кичинекей адамдын чоң трагедиясы» А.Чехов 8-март «Темир аял» Ш.Башбеков 10-март «Коркут ата» К.Иманалиев 11-март «Чыңгызхандын ак булуту» Ч.Айтматов 12-март «Бакбергендин балпайган бактысы» Ф.Буляков Башталышы 19:00 Билеттерди театрдын кассасынан, kassir.kg жана ticket.kg тиркемелеринен алууга болот.",24.kg,https://24.kg/kyrgyzcha/363768_kyirgyiz_drama_teatryinyin_mart_ayyindagyi_repertuaryi/,,kyrgyz,0,high,news_site
7c69dcfb-a760-4d11-83a6-178f4e77db25,Чемпиондор Лигасынын чейрек финалынын бардык жуптары аныкталды,"УЕФАнын Чемпиондор Лигасынын чейрек финалына чыккан сегиз команданын баары аныкталды. «Барселона» 1/8 финалдын экинчи беттешинде «Ньюкасл» командасын 7:2 эсебинде жеңип, чейрек финалга жолдомо алды. Биринчи беттеште 1:0 эсебинде жеңилген «Ливерпуль» «Галатасарай» командасын 4:0 эсебинде жеңди. «Атлетико Мадрид» «Тоттенхэм Хотспурду» жалпы эсеп менен 5:2, 2:3 эсебинде жеңди. «Бавария» «Аталантаны» 6:1, 4:1 эсебинде жеңип, чейрек финалга чыкты. Мурунку күндөгү беттештерден кийин «Реал Мадрид», «Спортинг», «Арсенал» жана «ПСЖ» Чемпиондор Лигасынын чейрек финалына жолдомо алышты. 2025/26-жылдардагы Чемпиондор Лигасынын чейрек финалынын беттештери: Чейрек финалдын биринчи беттештери шейшемби, 7-апрелде өтөт.",24.kg,https://24.kg/kyrgyzcha/366606_chempiondor_ligasyinyin_cheyrek_finalyinyin_bardyik_juptaryi_anyiktaldyi/,,kyrgyz,0,high,news_site
330ca0b6-461a-4d9c-9cfa-6e9f09eae940,Майлуу-Суу лампа заводу: Министрлер кабинетинин көчмө жыйынында эмне чечилди?,"Министрлер кабинетинин төрагасынын орун басары — суу ресурстары, айыл чарба жана кайра иштетүү өнөр жайы министри Бакыт Төрөбаевдин жетекчилиги алдында Жалал-Абад облусунда «Майлуу-Суу лампа заводу» ачык акционердик коомунун маселелерине байланыштуу жеринде көчмө жыйын болуп өттү. Президент Садыр Жапаровдун ыкчам тапшырмасынын негизинде өткөрүлгөн отурумга тиешелүү мамлекеттик органдардын өкүлдөрү, заводдун жетекчилиги жана кызматкерлери катышты. Отурумдун жүрүшүндө ишкананын учурдагы абалы, өндүрүштүн көлөмү, кызматкерлердин эмгек акысы, социалдык маселелер жана заводду сактап калуу боюнча келечектеги иш-аракеттер талкууланды. Ишкана кызматкерлери тарабынан өндүрүштүн кыскарышы, эмгек акынын кечиктирилиши жана жумушсуз калуу коркунучу боюнча тынчсыздануулары айтылды. Ага ылайык, завод кызматкерлерине төлөнбөй келген акыркы үч айлык эмгек акыны төлөө боюнча Кыргыз Республикасынын Министрлер Кабинети тарабынан тиешелүү тескеменин долбоору даярдалып, ошондой эле инвестор тартуу багытында тиешелүү иштер жүргүзүлүп жатканы белгиленди. Өндүрүш толук жанданганга чейин заводдун кызматкерлери убактылуу эмгек акы сакталбаган өргүүгө чыгарылары маалымдалды. Өз каалоосу менен жумуштан кетүүнү каалаган кызматкерлерге Кыргыз Республикасынын эмгек мыйзамдарына ылайык компенсациялар төлөнүп берилээри кошумчаланды. Министрлер кабинетинин төрагасынын орун басары Бакыт Төрөбаев заводдун ишин жандандыруу максатында атайын жумушчу топ түзүлөөрүн, өндүрүштү диверсификациялоо жана жаңы багыттарды ачуу боюнча талдоо жүргүзүлөрүн билдирди. Ал ошондой эле кызматкерлердин айлык маяналары 2026-жылдын январь айынын аягына чейин толук төлөнөөрүн билдирди. Мындан тышкары, заводдун башкаруу системасын жакшыртуу максатында Эсептөө палатасы тарабынан ишкананын каржылык жана башкаруучулук ишмердүүлүгүнө комплекстүү баа берилери маалымдалды. Минкаб төрагасынын орун басары Бакыт Төрөбаев учурда заводдо чыгарылып жаткан лампаларды (лампа накаливания) өндүрүү токтотуларын айтып, мындай продукция дүйнө жүзүндө колдонулбай калганын белгиледи. Азыркы учурда Майлуу-Суу лампа заводунда айнек идиштеринин бир канча түрү өндүрүлөт (стеклотара, бөтөлкө, банка, светодиодная лампа). Белгилей кетсек, Майлуу-Суу шаарында жайгашкан бул Майлуу-Суу лампа заводу 1964-жылдан тартып курулуп иштеп баштаган. Азыркы убакытка чейин заводдун иш алып баруусунда башкаруу формасын уюштурууда мамлекеттик ишкана, акционердик коом, жоопкерчилиги чектелген коом болуп бир нече жолу өзгөрүлгөн.",24.kg,https://24.kg/kyrgyzcha/356944_mayluu-suu_lampa_zavodu_ministrler_kabinetinin_kochmo_jyiyyinyinda_emne_chechildi/,,kyrgyz,0,high,news_site
5db062d1-8ed0-48c2-ab36-dba683d66e50,Биринчи класстар үчүн «Алиппе» окуу китептери басылып чыкты.,"Агартуу министрлигинин жана «Окуу китеби» мамлекеттик мекемесинин өкүлдөрү 1-класстар үчүн даярдалган «Алиппе» окуу китептерин кабыл алышты. Окуу китептери «Учкун» ачык акционердик коомунун басмаканасында басылып чыгып, жалпы билим берүү уюмдарындагы окутуу кыргыз тилинде жүргүзүлгөн класстар үчүн атайын каралган. Жалпысынан 90 миң 380 нуска басылып чыгарылды жана өлкөнүн бардык аймактарындагы билим берүү уюмдарына таратылат. Эскерте кетсек, 12 жылдык билим берүүгө өтүүгө байланыштуу Кыргызстандагы окуу китептери жаңыртылып жатат.",24.kg,https://24.kg/kyrgyzcha/370859_birinchi_klasstar_uchun_alippe_okuu_kitepteri_basyilyip_chyiktyi/,,kyrgyz,0,high,news_site
14eb2a71-ea21-4998-9fc9-3f8c6878ee6a,Садыр Жапаров Өзгөн районунун социалдык-экономикалык өнүгүүсү менен таанышты,"Президент Садыр Жапаров Ош облусуна болгон иш сапарынын алкагында Өзгөн районунун социалдык-экономикалык өнүгүү абалы жана динамикасы менен таанышты. Мамлекет башчысына Өзгөн районунун акими Каныбек Апбасов маалымат берди. Презентацияда инфраструктуралык жана инвестициялык долбоорлорду ишке ашыруунун жыйынтыктары айтылып, ошондой эле районду мындан ары өнүктүрүүнүн артыкчылыктуу багыттары белгиленди. Маалыматка ылайык, 2025-жылы райондо социалдык жана инфраструктуралык багыттагы бир катар объекттер пайдаланууга берилген. Өнөр жай тармагын өнүктүрүүгө өзгөчө көңүл бурулууда. Муниципалдык башкарууну өнүктүрүүнүн алкагында бир нече муниципалдык ишканалар түзүлүп, алардын катарында кум-шагыл аралашмасын казып алуучу ишкана да бар. 2026-жылга карата негизги милдеттер да белгиленди. Тактап айтканда, 5 мектепти жана 4 бала бакчаны пайдаланууга берүү, ошондой эле жаңы чакан жана орто ишканаларды ачуу пландалууда. Муниципалдык жана инвестициялык долбоорлорду ишке ашырууга өзгөчө көңүл бурулду. Алардын катарында Жазы айыл аймагында муниципалдык мал базарын куруу, Төрт-Көл айыл аймагында «Береке» муниципалдык базарын пайдаланууга берүү, ошондой эле Өзгөн күрүчүн таңгактоо жана экспорттоо боюнча ""Eco Uzgen Kuruch«муниципалдык ишканасын ишке киргизүү бар. Мындан тышкары, Өзгөн шаарындагы жалпы аянты 9 га болгон Н. Азнабакиев атындагы паркты реконструкциялоо каралган. Бул шаардык инфраструктураны өнүктүрүүгө жана калктын эс алуусу үчүн шарттарды жакшыртууга маанилүү салым болот. Ормуз кысыгын блокадалоого 10 000ден ашык америкалык моряктар жана аскер кызматкерлери катышууда. Report агенттигинин маалыматы боюнча, бул тууралуу АКШнын Борбордук командачылыгынын (CENTCOM) социалдык медиадагы билдирүүсүндө айтылган. «10 000ден ашык америкалык моряктар, деңиз жөө аскерлери жана АКШнын аба күчтөрүнүн кызматкерлери, ошондой эле ондон ашык согуштук кемелер жана ондогон учактар ​​Иран портторуна кирип-чыгып жаткан кемелерди (Ормуз кысыгы аркылуу — ред.) тосуу милдетин аткарышкан. Алгачкы 24 сааттын ичинде бир дагы кеме АКШнын блокадасын бузуп өтө алган жок, ал эми алты соода кемеси АКШнын буйругун аткарып, Оман булуңундагы Иран портуна кайтып келди», — деп белгиленет билдирүүдө. Бирок, CENTCOM Перс булуңундагы жана Оман булуңундагы Иран портторуна кирип-чыгып жаткан кемелер гана тосулуп жатканын айтууда. «АКШнын күчтөрү Ормуз кысыгынан Ирандан башка портторго же андан чыгып жаткан кемелердин кемелердин эркин жүрүшүн камсыз кылып жатышат», — деп айтылат билдирүүдө.",24.kg,https://24.kg/kyrgyzcha/370339_sadyir_japarov_ozgon_rayonunun_sotsialdyik-ekonomikalyik_onuguusu_menen_taanyishtyi/,,kyrgyz,0,high,news_site
ac86e65c-28ef-4124-a36c-e571122e7a2a,Шашылыш билдирүү! Бишкек менен Чүйдө катуу шамал күтүлүүдө,"Жакынкы аралыкта Бишкек шаарында жана Чүй өрөөнүндө катуу шамал күтүлөт. Чыгыштан соккон шамалдын ылдамдыгы секундасына 15-20 метрге жетет. Бул тууралуу Өзгөчө кырдаалдар министрлиги шашылыш билдирүү таратты. Маалыматка ылайык, ӨКМ жарандарды электр чубалгыларынан, жарнамалык калкандардан, дарактардан алыс болууну эскертти. Кандайдыр бир кырсыкка кабылсаңыз 112 кызматына токтоосуз билдириңиз. Чалуу акысыз жана күнү-түнү кабыл алынат.",24.kg,https://24.kg/kyrgyzcha/357664_shashyilyish_bildiruu_bishkek_menen_chuydo_katuu_shamal_kutuluudo/,,kyrgyz,0,high,news_site
9a53dfd6-16da-42e7-b67d-0d9f8e7b92b6,"Ашууларда абал айтылды: Каттам бар, чектөө жок","Бүгүн, 28-январга карата бардык унаа жолдордо жана ашууларда каттам үзгүлтүксүз жүргүзүлүүдө. Бул тууралуу Транспорт жана коммуникациялар министрлиги билдирет. Маалыматка ылайык, Бишкек-Ош унаа жолунун Төө-Ашуу ашуусунда кар жаап жатат, каттам бар. Барскоон-Ак-Шыйрак унаа жолундагы Сөөк ашуусунда жана Каракол-Эңилчек унаа жолундагы Чоң-Ашуу ашуусунда, Бишкек-Нарын-Торугарт унаа жолундагы Долон, Чар, Ак-Бейит, Кубакы ашуулары жана Боом капчыгайында күн бүркөк, жол кыймылы үзгүлтүксүз жүргүзүлүүдө. Ошондой эле, Суусамыр-Талас-Тараз унаа жолундагы Өтмөк ашуусунда кар жаап жатат, каттам бар. Мекеме кышкы жол шарттарын эске алып, унааңызды кышка ылайык даярдап, кышкы дөңгөлөктөрдү колдонуп, керектүү шаймандарды ала жүрүүнү жана жол кыймылынын эрежелерин так сактоого чакырат.",24.kg,https://24.kg/kyrgyzcha/359557_ashuularda_abal_aytyildyi_kattam_bar_chektoo_jok/,,kyrgyz,0,high,news_site
06d93b3b-9f20-40e9-9641-8c47c6a76712,Ошто турак үйдөн чыккан өрттөн бир адам каза болду,"Ош шаарында өрттөн 1 адам каза болду. Бул тууралуу Өзгөчө кырдаал министрлигинен билдиришти. Маалыматка ылайык, Прядильная көчөсүндө жайгашкан турак үйдөн өрт чыккандыгы тууралуу маалымат 00:31де түшкөн. Ош шаардык башкармалыгынын өзгөчө кырдаалдар бөлүмүнөн 2 күжүрмөн эсеп тартылып, саат 03:08де толук өчүрүлдү. Тилсиз жоонун кесепетинен 1957-жылы туулган эркек киши каза болгон. Өрттүн себеби иликтенүүдө.",24.kg,https://24.kg/kyrgyzcha/368358_oshto_turak_uydon_chyikkan_ortton_bir_adam_kaza_boldu/,,kyrgyz,0,high,news_site
e18cd85f-4ae7-4e4e-9209-5a719bad0baf,Ош шаарында Орозо айт намазы мечиттерде окулат,"Эртең, 20-мартта Ош шаарында Орозо айт намазы мечиттерде окулат. Бул тууралуу мэриядан билдиришти. Айт намазын өткөрүүнүн тартиби: Бийлик тургундарды айт намазы учурунда эрежелерди жана көрсөтмөлөрдү сактоого чакырууда.",24.kg,https://24.kg/kyrgyzcha/366667_oshshaaryinda_orozo_ayt_namazyi_mechitterde_okulat/,,kyrgyz,0,high,news_site
6ea36101-d17e-42b5-8bfa-d92ab13dc10a,Оштун мэри Жеңишбек Токторбаевдин ордуна Жанар Акаев дайындалды,"Президент Садыр Жапаров кол койгон жарлыкка ылайык, Жеңишбек Токторбаев Ош шаарынын мэри кызматынан бошотулду. Бул тууралуу КР президентинин басма сөз кызматы билдирди. Президенттин дагы бир жарлыгы менен Жанарбек Акаев Ош шаарынын мэри болуп дайындалды. Белгилей кетсек, Жеңишбек Токторбаев бул кызматты 2025-жылдын 23-январынан бери аркалап келген. Бул убакыттын ичинде аймактык өкмөттөгү эң көрүнүктүү жана талаш-тартыштуу аткаминерлердин бирине айланган.",24.kg,https://24.kg/kyrgyzcha/362611_oshtun_meri_jenishbek_toktorbaevdin_orduna_janar_akaev_dayyindaldyi/,,kyrgyz,0,high,news_site
e9817b54-5597-4d82-bd5b-f2c8519707a9,Бишкектеги Ак-Бата конушунда 650 орундуу жаңы мектеп курулат,"Бүгүн, 10-мартта Курулуш, архитектура жана турак жай-коммуналдык чарба министри Нурдан Орунтаев Бишкек шаарынын Свердлов районуна караштуу Ак-Бата конушунда 650 орундуу жаңы мектептин курулушуна мезгил кутусун салды. Иш-чарага Бишкек шаарынын мэри Айбек Джунушалиев, Жогорку Кеңештин депутаттары, жергиликтүү өз алдынча башкаруу органдарынын өкүлдөрү жана конуштун тургундары катышты. Министр өз сөзүндө билим берүү инфратүзүмүн өнүктүрүү мамлекеттин артыкчылыктуу багыттарынын бири экенин белгилеп, жаңы мектептин курулушу Ак-Бата конушундагы окуучулар үчүн сапаттуу жана ыңгайлуу шарттарды түзөрүн айтты. Ошондой эле ал мектептердин жетишсиздигин жоюу жана окуучуларды заманбап шарттагы билим берүү мекемелери менен камсыз кылуу багытындагы иштер активдүү жүрүп жаткандыгын белгилеп, мындан ары да улантыларын кошумчалады. Долбоорго ылайык мектептин жалпы аянты — 5300,33 чарчы метр. Ал эми жер участогунун аянты −1,08 га. 650 орундуу мектеп заманбап шарты менен 3 блоктон туруп, эки кабаттуу болуп курулат. Белгилей кетсек, аймактын сейсмологиялык шартын эске алып, имараттын конструкциясын 9 баллдан жогору туруктуулукка ылайыктап күчөтүү каралган. Ошондой эле жер кыртышынын татаалдыгынан улам 8,8 метр тереңдикке чейин жер казылып, пайдубалы өзгөчө ыкма менен бекемделет. Курулуш иштери Курулуш министрлиги тарабынан көзөмөлдөнүп, «ГрадСтройРесурс» ЖЧКсы тарабынан жүргүзүлөт.",24.kg,https://24.kg/kyrgyzcha/365304_bishkektegi_ak-bata_konushunda_650_orunduu_janyi_mektep_kurulat/,,kyrgyz,0,high,news_site
fb20b846-4086-4cae-8ddf-585f8af0eee0,Кумтөрчүлөр көчкүнүн алдында калган чет элдик туристтерди куткарып калышты,"Бүгүн, 4-май күнү саат 12:35 Кумтөр кенинин коопсуздук кызматынын диспетчердик бөлүмүнө туристтик гиддерден билдирүү түшкөн. Алар кенден 23-чакырым аралыкта кар көчкү алдында Италиядан келген беш турист калганын билдиришкен. Окуя болгон жерге Кумтөрдүн куткаруу кызматы медициналык бригада менен дароо жөнөтүлгөн. Ошол эле учурда Кумтөрдүн коопсуздук кызматы маалыматты ыкчам түрдө Өзгөчө кырдаалдар министрлигине билдирген. Кумтөрдүн кызматкерлери дрондор менен аймакты алгачкы текшерүүдөн өткөрүшкөн. Италиятлык төрт турист жеңил жаракат алып, стресс абалында болушкан. Аларга ошол жерде тийштүү жардам көрсөтүлгөн. Ошол эле маалда бешинчи туристтин жайгашкан жерин аныктоо боюнча издөө-куткаруу иштери башталган. Саат 16:24 ал табылган. Туристтин ар кандай женил жаракаттары, анын ичинде моюндан жаракат алынганы аныкталган. Учурда алар Өзгөчө кырдаалдар министрлигине өткөрүлүп берилди. Абал тиешелүү кызматтардын көзөмөлүндө.",24.kg,https://24.kg/kyrgyzcha/372865_kumtorchulor_kochkunun_aldyinda_kalgan_chet_eldik_turistterdi_kutkaryip_kalyishtyi/,,kyrgyz,0,high,news_site
e36f1b37-6f1c-451d-b5fa-e536b5eb70dc,Изилдөөлөр аяктады. Барскоон-Бедел жолунда туннель казуу иштери башталды,"Кыргызстанда мамлекеттик бюджеттин эсебинен курулуп жаткан ири инфраструктуралык долбоор Барскоон-Бедел автожолунун курулушу уланууда. Долбоор боюнча изилдөө иштери аяктап, акыркы этабы башталды. Бул тууралуу Транспорт жана коммуникация министрлиги билдирди. Маалыматка ылайык, долбоорлоо иштери дээрлик аяктап, тиешелүү мамлекеттик органдар менен макулдашуу иштери жүргүзүлүүдө. Ошондой эле подрядчы тарабынан керектүү техникаларды жеткирүү, бетон заводун куруу жана жумушчуларды мобилизациялоо иштери аткарылды. Долбоорлоо иштери курулуш иштери менен айкалыштырылып жүргүзүлүп жаткандыктан, долбоордо каралган эки тоннелде курулуш иштери активдүү жүрүүдө. № 1 тоннелде 49 адис жана 55 техника иштеп, 15 метр казуу иштери жүргүзүлдү. Ал эми № 2 тоннелде негизги тоннелде 13,2 метр жана параллелдүү штректе 12 метр казылды. Белгилей кетсек, Барскоон—Бедел автожолунун жалпы узундугу болжол менен 150 км түзөт. Жол Ысык-Көл облусунун түштүк жээгиндеги Барскоон айылын Кыргыз Республикасынын Кытай Эл Республикасы менен чек арасындагы Бедел өткөрмө пункту менен байланыштырат. Долбоордун алкагында 2 тоннель, 30дан ашык көпүрө (анын ичинде 2 даана эстакадалык кɵпүрɵ) жана коргоочу инженердик курулмалар куруу каралган. Долбоорду ишке ашыруу мөөнөтү болжол менен 5 жылды түзөт.",24.kg,https://24.kg/kyrgyzcha/367395_izildoolor_ayaktadyi_barskoon-bedel_jolunda_tunnel_kazuu_ishteri_bashtaldyi/,,kyrgyz,0,high,news_site
c01ff3c0-b82c-4e06-9a5f-fa5e67effcfa,Кытай менен чек арадагы өткөрүү бикеттери убактылуу жабылат. Себеби,"Кытайда Жаз майрамын белгилөөгө байланыштуу мамлекеттик чек аранын кыргыз-кытай тилкесинде жайгашкан өткөрүү пункттары убактылуу жабылат. Бул тууралуу УКМКнын Чек ара кызматы билдирди. Маалыматка ылайык, алардын ичинен: Адамдарды, транспорт каражаттарын жана жүктөрдү өткөрүү: Чек ара кызматы жарандарды жана тышкы экономикалык ишмердүүлүктүн катышуучуларын мамлекеттик чек арадан өтүүнү пландаштырууда бул маалыматты эске алууну суранат.",24.kg,https://24.kg/kyrgyzcha/361388_kyitay_menen_chek_aradagyi_otkoruu_biketteri_ubaktyiluu_jabyilat_sebebi/,,kyrgyz,0,high,news_site
7b5f5674-7322-4f6a-befb-5dbbd8c0cf71,Бишкек шаарынын мэринин тургундар менен жолугушуу ырааттамасы,"2026-жылдын 11-майынан тарта Кыргыз Республикасынын Президентинин тапшырмасынын алкагында Бишкек шаарынын мэри Айбек Джунушалиевдин шаар тургундары менен жолугушуулары пландалууда. Бул тууралуу мэриянын басма сөз кызматы билдирди. Иш-чаралар шаардын бардык райондорунда ачык форматта өтүп, шаардык инфраструктураны өнүктүрүү, муниципалдык кызматтардын иши жана тургундардын сунуштары боюнча маселелерди талкуулоо аянтчасы болот. Свердлов району: 11-май күнү саат 16:00дө жолугушуу Кыргыз-Россия Славян университетинде (КРСУ) өтөт. Дареги: Киев көчөсү, 44. 12-май күнү саат 16:00дө Ч. Айтматов атындагы лицейде болот. Дареги: Широкая көчөсү, 1а. Биринчи май району: 13-май күнү саат 16:00дө райондун жашоочулары менен жолугушуу М. Рыскулбеков атындагы Кыргыз экономикалык университетинде өтөт. Дареги: Тоголок Молдо көчөсү, 58. 14-май күнү саат 16:00дө жолугушуу «Сейтек» балдар жана өспүрүмдөр улуттук борборунда болот. Дареги: Т. Абдумомунов көчөсү, 197. Ленин району: 15-май күнү саат 16:00дө жолугушуу К. Карасаев атындагы Бишкек гуманитардык университетинде өтөт. Дареги: Ч. Айтматов проспектиси, 24. 16-май күнү саат 16:00дө жолугушуулар Кыргыз улуттук университетинде уланат. Дареги: Фрунзе көчөсү, 547. Октябрь району: 18-май күнү саат 16:00дө райондун тургундары мэр менен «Таберик» залында жолуга алышат. Дареги: Байтик Баатыр көчөсү, 17. 19-май күнү саат 16:00дө жолугушуу «Ала-Тоо» эл аралык университетинде өтөт. Дареги: Анкара көчөсү, 1/8. Бишкек шаарынын мэриясы бул жолугушуулар шаар тургундары менен түз байланыш түзүүгө жана биргелешип чечүүнү талап кылган актуалдуу маселелерди кароого багытталганын белгилейт.",24.kg,https://24.kg/kyrgyzcha/372809_bishkek_shaaryinyin_merinin_turgundar_menen_jolugushuu_yiraattamasyi/,,kyrgyz,0,high,news_site
b78615f5-ab6a-4e4f-a14d-1fc303401275,ТМУнун тышкы иштер министрлери Түркиянын президенти менен жолугушту,"Түрк мамлекеттеринин уюмуна мүчө мамлекеттердин тышкы иштер министрлерин Түркиянын президенти Режеп Тайип Эрдоган кабыл алды. Жолугушуу Стамбулда Түрк мамлекеттеринин тышкы иштер министрлери кеңешинин бейрасмий жыйынынын алкагында өттү. ТИМден билдиришкендей, жолугушууда Түркиянын президенти ТМУ тышкы иштер министрлерин жылуу кабыл алып, түрк мамлекеттеринин ортосундагы кызматташтыкты андан ары бекемдөөнүн маанилүүлүгүн баса белгиледи. Ал аймактык жана эл аралык актуалдуу маселелер боюнча үзгүлтүксүз диалогдун маанилүүлүгүн белгилеп, уюмдун алкагында көп тараптуу кызматташтыкты андан ары өнүктүрүүгө кызыкдар экенин билдирди. Өз кезегинде Кыргызстандын тышкы иштер министри Жээнбек Кулубаев Кыргызстандын президенти Садыр Жапаровдун атынан жылуу саламын жана эң жакшы каалоолорду жеткирди. Ал Түркия Кыргызстандын эң маанилүү жана ишенимдүү өнөктөштөрүнүн бири экенин, аны менен достук, өз ара урматтоо жана ар тараптуу стратегиялык өнөктөштүк мамилелер сакталып келе жаткандыгын белгиледи. Министр ошондой эле Режеп Тайып Эрдогандын ар кандай аймактык жана глобалдык чыр-чатактарды дипломатиялык жол менен чечүү боюнча тынчтык демилгелерин алга жылдырууга кошкон жеке салымын жогору баалады. Ошондой эле ушул жылы Бишкекте өтө турган Шанхай кызматташтык уюмунун саммитине жана алтынчы Дүйнөлүк көчмөндөр оюндарына даярдыктын жүрүшү боюнча маалымат берди. Жолугушуунун жыйынтыгында тараптар эки тараптуу кызматташтыкты андан ары тереңдетүүгө, ошондой эле аймактык жана эл аралык уюмдардын алкагында өз ара аракеттенүүнү бекемдөөгө өз ара кызыкдар экендиктерин тастыкташты.",24.kg,https://24.kg/kyrgyzcha/365084_tmunun_tyishkyi_ishter_ministrleri_turkiyanyin_prezidenti_menen_jolugushtu/,,kyrgyz,0,high,news_site
776f314c-7051-408b-b6c9-072e44fd8008,Быйыл мектептерде биринчи коңгуроо 15-сентябрда кагылат,"2026-жылы жаңы окуу жылы 15-сентябрда башталат. Бул тууралуу бүгүн өткөн маалымат жыйынында Агартуу министри Догдуркүл Кендирбаева билдирди. Анын айтымында, окуу жылы мурдагыдай эле 25-майда аяктайт. Окуу жылынын башталышын жылдыруу Бишкекте Шанхай кызматташтык уюмунун (ШКУ) саммитинин жана Дүйнөлүк көчмөндөр оюндарынын өткөрүлүшү менен байланыштуу болууда. Белгилей кетсек, ШКУнун саммити 2026-жылдын 31-августунан 1-сентябрына чейин, ал эми Көчмөндөр оюндары 31-августтан 6-сентябрга чейин өтөрү пландалган.",24.kg,https://24.kg/kyrgyzcha/372010_byiyyil_mektepterde_birinchi_konguroo_15-sentyabrda_kagyilat/,,kyrgyz,0,high,news_site
7a797d88-cfdd-46de-8561-ef44c585cfa9,Салтанат Аманова: «Өлкөдө басылып чыккан китептердин 70 пайызы диний багытта»,"Кыргызстанда басылып чыккан китептердин 60тан 70 пайызга чейинкисин диний адабияттар түзөт. Бул тууралуу Жогорку Кеңештин илим, билим берүү, инновациялык өнүктүрүү жана маалыматтык технологиялар, маданият, спорт жана жаштар иштери боюнча комитетинин жыйынында депутат Салтанат Аманова билдирди. Ал мындай адабияттардын мазмунун кылдат карап чыгуу зарылдыгын баса белгиледи. Депутат ""Бул басылмалар салттуу исламдын принциптерине туура келеби же аларда деталдуу изилдөөнү талап кылган башка маалыматтар барбы?"",-деп сурады Салтанат Аманова улуттук басмакананын ролун жандандырууга жана күчөтүүгө убакыт келгенин белгиледи. Учурда бардык басмаканалар жеке менчик. Басмаканалардын ишин көзөмөлдөй турган улуттук басмакананы түзүү зарылдыгы бар. Жыйынтыгында депутат тиешелүү комитеттеги кесиптештерин китеп басып чыгаруудагы кырдаалды өз көзү менен көрүү жана тармактагы иштердин абалын баалоо үчүн Китеп палатасына барууга чакырды.",24.kg,https://24.kg/kyrgyzcha/365092_saltanat_amanova_olkodo_basyilyip_chyikkan_kitepterdin_70payyizyi_diniy_bagyitta/,,kyrgyz,0,high,news_site
6ba55984-3cf4-4555-8752-5d73b467f9f5,Пайдалуу кеңеш: Кара карагаттын өзгөчөлүгү эмнеде?,"Диетолог Елена Соломатина кара карагаттын ден соолукка пайдасы үчүн аны кантип жеш керектигин түшүндүрдү. Бул тууралуу «Вечерняя Москва» гезити жазып чыкты. «Башка мөмөлөрдөн айырмаланып, карагаттын курамында С витамини көп. Биофлавоноиддер жана антоцианиндер аны кычкылдануудан жана бузулуудан коргойт, ошондуктан ал антиоксиданттык активдүүлүгүн сактап калат», — деп түшүндүрдү эксперт. Карагаттын курамынын баары кан айланууну жакшыртат. Ал эми антиоксиданттар клеткалардын бузулушун жайлатып, кан агымын сактап, атеросклероздун алдын алат. «Эркин радикалдар — бул оорулуу, мутацияланган клеткаларды жок кылуу үчүн иштелип чыккан курал. Бирок жаш өткөн сайын алардын саны зарыл болгондон көп өндүрүлөт жана алар башка клеткаларды жок кыла баштайт. Кычкылдануу жана картаюу жүрөт, бул бүт денеге терс таасирин тийгизет», — деп түшүндүрдү эксперт. Андан тышкары, карагат организмден ашыкча кантты жана холестеринди кетирет, ал эми клетчатка пайдалуу бактерияларды пайда кылган адамдын микробиомасын колдойт.",24.kg,https://24.kg/kyrgyzcha/362134_paydaluu_kenesh_kara_karagattyin_ozgocholugu_emnede/,,kyrgyz,0,high,news_site
3c4caea4-d859-4508-90b9-6a0c8cccb39e,Азия чемпионаты. Кыргызстандык үч балбан финалга чыкты,"Кыргызстандык балбандар Афтандил Таалайбек уулу, Акжол Махмудов жана Асан Жанышов Бишкекте өтүп жаткан грек-рим күрөшү боюнча Азия чемпионатынын финалына чыгышты. Бул тууралуу UWW сайтында кабарланды. Афтандил Таалайбек уулу (63 кг чейин) Эрфан Жаркани менен, Акжол Махмудов (77 кг чейин) Али Забихоллах Оску менен, ал эми Асан Жанышов Голамреза Фарохисенжани менен (баары Ирандан) беттешет. Роман Ким жеңиш менен баштап, бирок чейрек финалда финалга чыккан ирандык балбанга утулуп калды. Кыргызстандык коло медаль үчүн күрөшкө мүмкүнчүлүк алды. Медаль үчүн беттештер 7-апрелде өтөт.",24.kg,https://24.kg/kyrgyzcha/369192_aziya_chempionatyi_kyirgyizstandyik_uchbalban_finalga_chyiktyi/,,kyrgyz,0,high,news_site
4be69b95-8559-422e-8d79-4f3f6cb09ff3,Бишкекте күн жылуу болот. 20-22-апрелге карата аба ырайы,"Бишкекте аптанын башында жаан-чачын күтүлбөйт. Мындай алдын ала божомолду синоптиктер билдиришти. 20-апрелдекүн ала булуттуу болот. Түнкүсүн абанын температурасы +5°C чейин, күндүз +24°C чейин жылыйт. 21-апрелдетүнкүсүн термометрдин көрсөткүчү +8°C көрсөтсө, күндүз +27°C тегерегинде болушу күтүлөт. 22-апрелдетүнкүсүн аз булуттуу жана +11°C болот. Күндүз күн бүркөлүп, бирок абанын температурасы +28°C чейин көтөрүлөт.",24.kg,https://24.kg/kyrgyzcha/371008_bishkekte_kun_jyiluu_bolot_20-22-aprelge_karata_aba_yirayyi/,,kyrgyz,0,high,news_site
1e62e363-4911-426f-bc4e-b2b0a3d818e1,Карылар үйүндөгү өрт. ӨКМнин кызматкери ооруканага жаткырылды,"Өзгөчө кырдаалдар министрлигинин прапорщиги Алымбек Келешов карылар үйүндөгү өрттү өчүрүп, өз өмүрүн тобокелге салып, адамдарды куткарып жатып эрдик көрсөткөн. Эвакуация учурунда ал ис газына ууланып, ооруканага жаткырылганын аталган министрликтен билдирди. Коюу түтүнгө жана жогорку температурага карабастан, тез жардам кызматкери күйүп жаткан имараттан бейтаптарды алып чыгууну улантты. Куткаруу иштерин аяктагандан кийин ага медициналык жардам керек болгон. Келешовдун абалы учурда канааттандырарлык деп бааланууда. Эскерте кетсек, өрт 6-январда карылар үйүнүн паллиативдик жардам бөлүмүнүн палатасында болгон. Өрттүн кесепетинен оор абалдагы эки тургун каза болгон. Кыргызстандын Саламаттыкты сактоо министрлигинин маалыматы боюнча, дагы 14 бейтап ооруканаларга жеткирилген. Өрттөн жабыркагандар үчүн кан тапшыруу акциясы жарыяланды. Кылмыш иши козголду. Учурда өрттүн себеби иликтенүүдө.",24.kg,https://24.kg/kyrgyzcha/357206_karyilar_uyundogu_ort_okmnin_kyizmatkeri_oorukanaga_jatkyiryildyi/,,kyrgyz,0,high,news_site
e1b0f1cd-5b22-41c9-9258-8a315bf38a21,16-январга карата аба ырайы,"Эртең, 16-январда Талас облусунун көпчүлүк аймактарында, Чүй, Жалал-Абад, Баткен, Ысык-Көл, Нарын облустарынын айрым жерлеринде кар жаашы күтүлөт. Күндүз Чүй, Талас, Жалал-Абад, Баткен облустарынын көпчүлүк аймактарында, Ош, Ысык-Көл, Нарын облустарынын айрым жерлеринде жаан, кар, тоолуу райондорунда кар жаашы күтүлөт. Абанын температурасы: Чүйдө түнкүсүн −3...+2 күндүз 1...6 Таласта түнкүсүн −3...+2 күндүз 2...7 Баткенде түнкүсүн −3...+2 күндүз 5...10 Ош, Жалал-Абад облустарында түнкүсүн −3...+2 күндүз 5...10 Ысык-Көлдө түнкүсүн −1...-6 күндүз 0...5 Нарында түнкүсүн −20...-25 күндүз −8...-13 Бишкекте түнкүсүн −1° ...+1°, күндүз 4...6° болот",24.kg,https://24.kg/kyrgyzcha/358004_16-yanvarga_karata_aba_yirayyi/,,kyrgyz,0,high,news_site
71069118-be41-4262-b434-54ae13f1dec1,Дүйнө чемпионаты −2026: Букмекерлер ким жеңээрин айтышууда,"Букмекерлер Испаниянын футбол боюнча улуттук курама командасын 2026-жылкы Дүйнөлүк Кубокту жеңүүгө эң башкы фаворит деп эсептешет. Алардын коэффициенти 5,50 — бул турнирдеги бардык белгилүү жана потенциалдуу катышуучулардын ичинен эң төмөнкү көрсөткүч. Favbet экинчи фаворит Англия деп эсептейт, коэффициенти 6,50. Үчүнчү орунда учурдагы экинчи орунду ээлеген Франция турат. Алардын баасы 8,50. Ошол эле коэффициент Бразилияга да тиешелүү. Аргентина жеңишке жеткен бешинчи фаворит деп эсептелет. Азыркы чемпиондордун баасы 9,00. Эске салсак, 2026-жылкы футбол боюнча дүйнө чемпиондугу 2026-жылдын 11-июнда башталып, 19-июлда аяктайт. Аны Түндүк Американын үч мамлекети өткөрөт: Америка Кошмо Штаттары (11 шаар), Мексика (3 шаар) жана Канада (2 шаар). Бул мелдеш биринчи жолу үч өлкө тарабынан биргелешип уюштурулат жана биринчи жолу мелдеште 48 өлкө катышат.",24.kg,https://24.kg/kyrgyzcha/356914_duyno_chempionatyi_2026_bukmekerler_kim_jeneerin_aytyishuuda/,,kyrgyz,0,high,news_site
2f41e40c-bc56-4266-b8e8-3206f771c949,Бүгүн Байланыш жана радио күнү,"Бүгүн, 7-май Кыргызстандын байланыш тармагынын жана радио кызматкерлерин адистик күнү. Майрамдын тарыхына токтоло турган болсок, мындан 125 жыл мурун орус окумуштуусу Александр Попов байланыш тармагында ачылыш жасап, 7-майда радио байланышты ойлоп тапканын жарыя кылган. Совет доорунда 1945-жылдан бери 7-май— радио күнү расмий белгиленип келген. Ал эми Кыргызстанда 1995-жылы 17-апрелде Өкмөттүн токтому менен 7-май — Байланыш жана радио күнү —деп белгиленген. Кошумчалай кетсек, учурда радио интернеттен кийинки эле эң ыкчам маалымат булагы болуп саналат. Бүгүнкү күндө Кыргызстанда 50гө жакын радиостанциялар иштеп келе жаткандыгы айтылат.",24.kg,https://24.kg/kyrgyzcha/373041_bugun_baylanyish_jana_radio_kunu/,,kyrgyz,0,high,news_site
3a74d27c-2a00-4403-812f-040b1ea69d5a,Садыр Жапаров Өзгөн районунун тургундары менен жолугушту. Эмнелер талкууланды?,"Ош облусуна болгон жумушчу сапарынын алкагында Садыр Жапаров Өзгөн районунун тургундары жана активисттери менен жолугушту. Бул тууралуу президенттин басма сөз кызматы билдирди. Жолугушууда инженердик инфраструктураны өнүктүрүү, анын ичинде газдаштыруу жана калкты ичүүчү суу менен камсыз кылуу маселелери, ошондой эле саламаттык сактоо жана медициналык кызматтардын жеткиликтүүлүгүн арттыруу темалары талкууланды. Мындан тышкары, калкты социалдык жактан колдоо, турак жай менен камсыз кылуу, социалдык инфраструктураны өнүктүрүү, анын ичинде билим берүү жана спорттук объекттерди куруу, аймактарды көрктөндүрүү боюнча кайрылуулар айтылды. Ошондой эле жер ресурстарын сарамжалдуу пайдалануу, укуктук талаштарды жөнгө салуу, жарандардын укуктарын коргоо, ишкердикти жана айыл чарба продукциясын кайра иштетүүнү өнүктүрүүгө шарт түзүү маселелери көтөрүлдү. Жолугушуунун жыйынтыгында президент Садыр Жапаров мамлекеттик органдарга бир катар тапшырмаларды берди. Алардын катарында инфраструктураны өнүктүрүү, саламаттык сактоо тармагынын материалдык-техникалык базасын чыңдоо, социалдык чөйрөдөгү долбоорлорду ишке ашыруу жана укуктук мүнөздөгү кайрылууларды карап чыгып, жарандардын укуктарын камсыз кылуу бар.",24.kg,https://24.kg/kyrgyzcha/370336_sadyir_japarov_ozgon_rayonunun_turgundaryi_menen_jolugushtu_emneler_talkuulandyi/,,kyrgyz,0,high,news_site
cbafe6f0-0fae-4cac-a940-b891055cd003,Орозо-2026: Бүгүн биринчиТаравих намазы окулат. Эрежелери,"Бүгүн жалпы мусулмандар чыдамсыздык менен күтүп жаткан ыйык рамазан айы кирип келет. Дал ушул айда гана окулган Таравих намазынын эрежелерин билесизби? Бул тууралуу «Умма» ислам журналы жарыялады. Мусулмандар үчүн (эркектерге да, аялдарга да) таравих намазды окуу муаккад сүннөт (зарыл сүннөт) болуп саналат. Пайгамбарыбыз Мухаммед (Алланын ага салам-салаваттары болсун) минтип айткан: «Кимде ким Рамазан айында ишеним менен таравих намазын окуп, Аллахтын сыйлыгын күткөн болсо, анда анын мурунку күнөөлөрү кечирилет». Таравих намазы- Рамазан айында гана куптан намазынан кийин багымдат намазынын убагы киргенге чейин окулчу нафил намазы.",24.kg,https://24.kg/kyrgyzcha/362526_orozo-2026_bugun_birinchitaravih_namazyi_okulat_erejeleri/,,kyrgyz,0,high,news_site
1bfad0f9-ddb8-41c7-ab53-d945086f22ca,Оштогу жаңы базардын директору кармалды,"Оштогу жаңы базардын директору кармалды. Бул тууралуу Шаардык милициянын басма сөз кызматы 24.kg агенттигине тастыктады. Маалыматка ылайык, ал пара алгандыгы үчүн кармалган. Учурда тергөө амалдары уланууда. Укук коргоо органдарынын кызматкерлери иштин кошумча чоо-жайы тергөөнүн кызыкчылыгы үчүн азырынча жарыяланбай турганын белгилешти. Паранын суммасы жана иштин жагдайлары тууралуу маалымат кийинчерээк берилет.",24.kg,https://24.kg/kyrgyzcha/368795_oshtogu_janyi_bazardyin_direktoru_karmaldyi/,,kyrgyz,0,high,news_site
34d10185-c9ae-438c-89d7-52d1184b671b,Чемпиондор лигасы: Бүгүн жарым финалда «Атлетико» менен «Арсенал» беттешет,"Бүгүн, 5-майда, Чемпиондор лигасынын жарым финалынын жооптук оюну өтөт. Анда Лондондун «Арсеналы» өз талаасында Мадриддин «Атлетикосун» кабыл алат. Беттеш Лондондогу «Эмирейтс» стадионунда өтүп, Бишкек убактысы боюнча саат 02:00дө башталат. Эки команда тең оюнга чоң амбициялар менен келишти жана негизги еврокубоктук турнирдин финалына чыгуу үчүн маанилүү кадам жасоону көздөшүүдө. Бул атаандаштардын ортосундагы биринчи жолугушуу 1:1 эсебиндеги согуштук тең чыгуу менен аяктаган. Эске салсак, Чемпиондор Лигасынын финалы 30-майда Будапештте өтөт. Турнирдин жеңүүчүсү кийинки сезондун Чемпиондор Лигасынын жалпы этабына жолдомо алат, ошондой эле 2026-жылкы УЕФАнын Суперкубогунун матчына катышууга укук алат.",24.kg,https://24.kg/kyrgyzcha/372877_chempiondor_ligasyi_bugun_jaryim_finalda_atletiko_menen_arsenal_betteshet/,,kyrgyz,0,high,news_site
b0d0f929-b8f7-4ec2-bcd0-33e480a585d2,Кыргызстандын мектеп окуучулары жазгы каникулда бир эле күн эс алат,"Жазгы каникул учурунда Кыргызстандагы мектеп окуучулары кадимки 10 күндүн ордуна бир гана күн эс алышат. Бул тууралуу Агартуу министрлигинин 2025-2026-окуу жылынын мектептик каникулдарынын графигинде көрсөтүлгөн. Ага ылайык, окуучулар 6-мартта окубайт. Ал эми 7-8-март дем алыш күндөргө туш келгендиктен сабактар болбойт. Окуу процесси кайра 9-марттан тартып улантылат. Эске сала кетсек, Кыргыз Республикасынын жаңы Эмгек кодекси кабыл алынгандан кийин, өлкө боюнча январь жана май айларында узартылган каникулдар белгиленген. Бул өзгөрүүлөрдү эске алуу менен жазгы жана күзгү мектеп каникулдарынын узактыгы кыскартылды. Бирок, расмий өкүлдөрдүн айтымында, балдар окуу жылында дагы эле талап кылынган 30 күндүк эс алууну алышат.",24.kg,https://24.kg/kyrgyzcha/362122_kyirgyizstandyin_mektep_okuuchularyi_jazgyi_kanikulda_bir_ele_kun_esalat/,,kyrgyz,0,high,news_site
13c8b0ce-79c4-42da-8075-cd3c764f96f5,«Кыргызфильмдин» тасмаларын уруксатсыз пайдаланууга тыюу салынат,"Төлөмүш Океев атындагы «Кыргызфильм» улуттук киностудиясынын тасмаларын автордук укук ээсинин макулдугусуз колдонууга жана таратууга тыюу салынат. Бул тууралуу бүгүн Маданият, маалымат, спорт жана жаштар саясаты министрлиги билдирди. Маалыматка ылайык, мыйзамдарда белгиленгендей, аудиовизуалдык чыгармалардын укук ээси аларды өндүргөн мекеме болуп эсептелет. Ошого байланыштуу фильмдерди кайра иштеп чыгуу, көрсөтүү, эфирге берүү, интернетте, социалдык тармактарда, стриминг жана башка платформаларда жайылтуу укук ээсине гана таандык. Буга байланыштуу «Кыргызфильм» медиарыноктун бардык катышуучуларын автордук укук талаптарын сактоого чакырып, мыйзам чегинде кызматташууга даяр экенин белгилейт. ""Уруксатсыз пайдалангандар мыйзам чегинде жоопкерчиликке тартылат"", - деп айтылат билдирүүдө.",24.kg,https://24.kg/kyrgyzcha/357843_kyirgyizfilmdin_tasmalaryin_uruksatsyiz_paydalanuuga_tyiyuu_salyinat/,,kyrgyz,0,high,news_site
0be991d7-d4f2-4038-b8d1-c827c0a0ebf4,Кыргызстан менен Кытайды байланыштырган жаңы Гуанчжоу-Бишкек аба каттамы ачылды,"China Southern Airlines компаниясы «Гуанчжоу-Бишкек-Гуанчжоу» жаңы эл аралык аба каттамын ишке киргизди. Бул тууралуу «Кыргызстан аэропорттору» мамлекеттик ишканасынан басма сөз кызматы билдирди. Маалыматка ылайык, биринчи каттам «Манас» аэропортуна 134 жүргүнчү менен келип, 104 жүргүнчү Гуанчжоуга кайра учуп кетти. Бул боюнча каттамдар жумасына эки жолу, шаршемби жана жекшемби күндөрү аткарылат. Жаңы каттамдын ачылышы — бул Кыргызстандын аэропортторунун командасынын системалуу ишинин жана координацияланган аракетинин, ошондой эле кытайлык өнөктөштөр менен тыгыз кызматташуусунун натыйжасында ишке ашты. Бул каттамдын ачылышы жүргүнчүлөрдү жана жүктөрдү ташууларды өнүктүрүү үчүн кошумча мүмкүнчүлүктөрдү түзүп, Кыргызстан менен Кытайдын ортосундагы транспорттук, экономикалык жана гуманитардык байланыштарды чыңдоого жардам берет деп күтүлүүдө. «Бул каттамдын ачылышы — Кыргызстандын аба каттам тармагын кеңейтүү жана эл аралык байланышын чыңдоодогу маанилүү кадам болуп саналат. Биз бул каттамдын жүргүнчүлөрдү ташуу жагынан да, жүк ташууларды өнүктүрүү жагынан да чоң потенциалын көрүп турабыз», — деп белгиледи Кыргызстан аэропортторунун коммерция боюнча директору Аман Мамаев. China Southern Airlines авиакомпаниясы буга чейин эле жумасына алты күн Бишкектен Бээжинге аба каттамдарды аткарып келет. «Кыргызстан аэропорттору» ААК учуу тармагын андан ары кеңейтүүнү, жаңы авиакомпанияларды тартууну жана жүргүнчүлөр жана өнөктөштөр үчүн ыңгайлуу шарттарды түзүүнү пландаштырууда.",24.kg,https://24.kg/kyrgyzcha/367970_kyirgyizstan_menen_kyitaydyi_baylanyishtyirgan_janyi_guanchjou-bishkek_aba_kattamyi_achyildyi/,,kyrgyz,0,high,news_site
3282114a-acc1-4d4e-baa7-5c8360ad80b2,Туризм фондунда 90 миллион сомдук коррупциялык схема аныкталды,"Кыргызстандын Башкы прокуратурасы Экономика жана коммерция министрлигине караштуу Туризмди өнүктүрүүнү колдоо фондунда мамлекетке ири өлчөмдө зыян келтирүү фактысы боюнча кылмыш ишин козгоду. Көзөмөл органдын маалыматы боюнча, 2022-жылдан 2024-жылга чейин фонддун кызмат адамдары жеке компаниялардын катышуусу менен туруктуу коррупциялык схеманы уюштурушкан. Аныкталгандай, туризм тармагын өнүктүрүү шылтоосу менен консультациялык кызмат көрсөтүүгө жана ар кандай долбоорлорду ишке ашырууга мамлекет үчүн пайдасыз келишимдер түзүлгөн. Бул долбоорлордун басымдуу бөлүгү иш жүзүндө аткарылган эмес. Мыйзамсыз аракеттердин натыйжасында мамлекетке 90 миллион сомдон ашык зыян келтирилген. Учурда тергөө иштери жүрүп жатат, ишке тиешеси бар бардык адамдар жана окуянын жагдайлары такталууда.",24.kg,https://24.kg/kyrgyzcha/371477_turizm_fondunda_90million_somduk_korruptsiyalyik_shema_anyiktaldyi/,,kyrgyz,0,high,news_site
4c6088f6-6e1a-46c3-a8e7-576c9d757226,Былтыр коомдук коопсуздук камералары алты миңден ашык эреже бузууларды аныктады,"Коомдук коопсуздук камералары 2025-жылы 6 миңден ашык эреже бузууну аныктады. Бул тууралуу Ички иштер министрлигинин Коомдук коопсуздук кызматынын башчысынын орун басары Алмаз Батырбаев Биринчи радиодо билдирди. Анын айтымында, бардык аймактарда коомдук коопсуздук камераларын күнү-түнү көзөмөлдөгөн кырдаалдык борборлор бар, ошону менен жарандардын коопсуздугу камсыздалат. «Учурда өлкө боюнча коомдук жайларда үч миңден ашык видеобайкоо камералары иштеп жатат. Ар бир аныкталган окуя боюнча маалымат мыйзамдуу чара көрүү үчүн райондук ички иштер органдарынын жергиликтүү бөлүмдөрүнө жөнөтүлөт», — деди Алмаз Батырбаев. Ал кошумчалагандай, 2026-жылы «Коопсуз өлкө» долбоорунун экинчи этабынын алкагында 20 000 видеокамера орнотулат. «Иш этап-этабы менен жүргүзүлөт. Биринчиден, кызматкерлер кылмыштар көп жасалган жерлерди талдайт. Андан тышкары, видео жабдууларды орнотуу үчүн инфраструктура талап кылынат — 24 саат бою электр энергиясы менен камсыздоо, интернет байланышы ж.б.у.с. Камеранын бир нече түрү бар — айрымдары 360 градуска айланат, ал эми башкалары кыймылсыз жана бир багытты көрсөтөт», — деп түшүндүрдү Алмаз Батырбаев.",24.kg,https://24.kg/kyrgyzcha/359386_byiltyir_koomduk_koopsuzduk_kameralaryi_altyi_minden_ashyik_ereje_buzuulardyi_anyiktadyi/,,kyrgyz,0,high,news_site
c1b96ec8-84b3-4f51-bc77-8a8c746ca93d,Адылбек Касымалиев Айыл чарба министрлигине 44 кызматтык унаа белек кылды,"Бүгүн 30-декабрда Министрлер кабинетинин төрагасы Адылбек Касымалиев Суу ресурстары, айыл чарба жана кайра иштетүү өнөр жайы министрлигине 44 даана кызматтык автоунаанын ачкычын тапшырды. Маалыматка ылайык, унаалардын жалпы баасы 92,6 миллион сомду түзгөн. Унаалар мамлекеттик каражатка сатылып алынып, министрликтин Суу ресурстары кызматы жана Балык чарба департаментине өткөрүлүп берилет. «Президенттин тапшырмасы менен жылда 100дөгөн ишканалар ачылууда. Быйыл 119 ишкана ачылды. Анын ичинен 53%зы же жарымынан ашыгы айыл чарбасы жана кайра иштетүүгө байланышкан ишканалар болду. Анда 2024—2025-жылдар аралыгында жалпысынан 286 атайын техника сатып алдык. Ал эми, бүгүнкү алган унааңыздар кут болсун», — деп сөзүн жыйынтыктады Касымалиев.",24.kg,https://24.kg/kyrgyzcha/356670_adyilbek_kasyimaliev_ayyil_charba_ministrligine_44kyizmattyik_unaa_belek_kyildyi/,,kyrgyz,0,high,news_site
16d9c151-83f1-4b38-a19c-60ed2b1d6019,Бүгүнкү доллардын курсу,"Бүгүн, 16-март саат 09:30га карата Кыргызстандын коммерциялык банктарда жана акча алмаштыруучу жайларда 1 долларды сатып алуу 87 сом 40 тыйынга чейин болсо, сатуу 87 сом 79 тыйын болууда. Ал эми Улуттук банкта 1 доллардын курсу 87 сом 45 тыйын деп көрсөтүлгөн",24.kg,https://24.kg/kyrgyzcha/366068_bugunku_dollardyin_kursu/,,kyrgyz,0,high,news_site
97bf8c0d-6bbb-4e85-8d24-9dfa1cd0242d,"Быйыл тоо-кен тармагынан түшкөн салыктар 18,7 миллиард сомго көбөйдү","2025-жылдын алгачкы 11 айында алдыңкы тармактар ​​бюджеттин салык кирешелерине олуттуу салым кошушкан. Бул тууралуу Салык кызматынын басма сөз кызматы билдирди. Тоо-кен компаниялары бардык салык кирешелеринин 20,6 пайызын түзгөн. Акчалай түрдө алганда, киреше 56,7 миллиард сомду түздү, бул 2024-жылдын ушул мезгилине салыштырмалуу 18,7 миллиард сомго көп. Соодадан түшкөн киреше 84,6 миллиард сомду түзүп, өткөн жылдын көрсөткүчүнөн 20,4 миллиард сомго көп. Курулуштан түшкөн киреше 15,5 миллиард сомго жетти, бул 2024-жылга салыштырмалуу 6,3 миллиард сомго көп. Чакан жана орто бизнес 23,7 миллиард сом же бардык салык кирешелеринин 8,6 пайызын түзүп, мурунку жылга салыштырмалуу 10,1 миллиард сомго көп киреше тапкан. Мамлекеттик салык кызматы салыктарды жана жыйымдарды чогултуунун бекитилген жылдык планын мөөнөтүнөн мурда аткарып, 275 миллиард 742 миллион сом чогултканын баса белгиледи.",24.kg,https://24.kg/kyrgyzcha/356170_byiyyil_too-ken_tarmagyinan_tushkon_salyiktar_187_milliard_somgo_koboydu/,,kyrgyz,0,high,news_site
f7ea3274-e20d-44c4-9707-b0145ce79560,Ысык-Көлдө ири өлчөмдөгү баңгизаттарды тараткан шектүүлөр кармалды,"Ысык-Көлдө өзгөчө ири өлчөмдөгү баңгизаттарды тараткан шектүүлөр кармалды. Бул тууралуу Ички иштер министрлигинин Баңгизаттарды мыйзамсыз жүгүртүүгө каршы күрөшүү кызматы билдирди. Маалыматка ылайык, баңгизатты таратууга катышкан кылмыштуу топ аныкталганы айтылды. Ысык-Көл аймагында мурда соттолгон төрт адам кармалган. Тергөөчүлөр алар баңгизаттарды жасап жана таратып жүргөн деп болжолдошууда. Шектүүлөр жашаган үйлөрдү тинтүү учурунда баңгизаттар, ошондой эле аларды өндүрүү үчүн колдонулган жабдуулар табылган. Алар тергөө камак жайына алынды.Тергөө иштери уланууда.",24.kg,https://24.kg/kyrgyzcha/358643_yisyik-koldo_iri_olchomdogu_bangizattardyi_taratkan_shektuulor_karmaldyi/,,kyrgyz,0,high,news_site
10f1272b-9a0e-49ab-9a59-fa0861067468,Президент Коопсуздук кеңешинин мүчөлөрү менен Жакынкы Чыгыш кырдаалын талкуулады,"Президент Садыр Жапаров бүгүн, 19-мартта Коопсуздук кеңешинин мүчөлөрү менен жумушчу кеңешме өткөрдү. Жыйында Жакынкы Чыгышта болуп жаткан окуялардын алкагында Кыргызстандын улуттук коопсуздугун, анын ичинде азык-түлүк жана энергетика тармактарындагы коопсуздукту камсыз кылуу маселелери талкууланды. Мындан тышкары Коопсуздук кеңешинин мүчөлөрү Кыргызстандын стратегиялык объекттеринин тизмеси боюнча сунуштарды беришти. Кеңешменин жыйынтыгында мамлекеттик органдардын жетекчилерине, президенттин облустардагы ыйгарым укуктуу өкүлдөрүнө, Бишкек жана Ош шаарларынын мэрлерине тиешелүү тапшырмалар берилди.",24.kg,https://24.kg/kyrgyzcha/366758_prezident_koopsuzduk_keneshinin_mucholoru_menen_jakyinkyi_chyigyish_kyirdaalyin_talkuuladyi/,,kyrgyz,0,high,news_site
ba7c9b92-bb02-4b14-8dea-5ff2e8f7ef82,"Кыргызстандагы күйүүчү майдын баасы 1,5 сомго арзандады","Кыргызстанда күйүүчү-майлоочу май 1-1,5 сомго арзандады. Бул тууралуу Нефтетрейдерлер ассоциациясынын өкүлү Канат Эшатов билдирди. Анын айтымында, жыл сайын декабрь айынын аягында россиялык мунай иштетүүчү заводдор мезгилдик арзандатууларды кылышат. «Быйыл да декабрь айынын аягында күйүүчү-майлоочу майга болгон дүң баалар бир аз арзандады. Ошого жараша биздин кээ бир компаниялар келишимдерди түзүп кандайдыр бир көлөмдөрдү сатып алды. Бүгүнкү күндө ошол көлөмдөр Кыргызстанга келип, кээ бир май куюучу станцияларда 1 сомдон, кээ биринде андан да көбүрөөк арзандатуу болууда», -деди Эшатов. Ассоциациянын өкүлү жакында жаңы баалар коюларын, ошондуктан өлкө ичиндеги күйүүчү майдын мындан аркы баасын так айтуу кыйын экенин кошумчалады. «Россияда жайгашкан заводдор бүгүндөн тартып ишин баштады. Алар бизге берген дүң бааларга жараша мындан ары баа кандай калыптанары белгилүү болот. Кандай баа болсо, ошого жараша Кыргызстанда чекене баалар аныкталат», — дейт ал.",24.kg,https://24.kg/kyrgyzcha/358139_kyirgyizstandagyi_kuyuuchu_maydyin_baasyi_15_somgo_arzandadyi/,,kyrgyz,0,high,news_site
fa368b66-b180-48b7-bc1e-f40b4fb87c17,"Тажикстанда жер титирөө катталып, күчү Кыргызстанда сезилди","Тажикстанда жер титирөө катталып, анын күчү Кыргызстанда да сезилди. Бул тууралуу Улуттук илимдер академиясынын Сейсмология институту билдирди. Маалыматка ылайык, күчү 3,5 баллга жеткен жер титирөө бүгүн, 29-апрелде түнкү саат 2:22де катталган. Жер титирөөнүн очогу Тажикстандын аймагында, Кара-Тейит айылынан 20 чакырым түштүк-батыш тарапта, ал эми Баткен шаарынан 110 чакырым түштүк-чыгыш тарапта жайгашкан. Жер титирөөнүн күчү Кара-Тейит жана Карамык айылдарында болжол менен 2,5 баллды түздү. Сейсмологдор ошондой эле 28-апрелде саат 11:43тө Кыргызстандын аймагында күчү 3,5 баллга жеткен жер титирөө болгонун кабарлашты. Анын очогу Такталы кырка тоосунун аймагында — Көк-Бел айылынан 8 чакырым түштүк-чыгышта, Кетмен-Төбө айылынан 12 чакырым түштүк-батышта, Токтогул районунун борборунан 25 чакырым түштүк-чыгышта жана Манас шаарынан 80 чакырым түндүк тарапта жайгашкан. Жер титирөөнүн күчү Көк-Бел айылында болжол менен 3 балл, Кетмен-Төбө айылында болжол менен 2,5 балл деп бааланды.",24.kg,https://24.kg/kyrgyzcha/372302_tajikstanda_jer_titiroo_kattalyip_kuchu_kyirgyizstanda_sezildi/,,kyrgyz,0,high,news_site
43fa353f-abd4-4e3d-a48a-88b976a720db,Президент Ажиевдин түрмөдөн тик учак менен учушуна комментарий берди.,"Президент Садыр Жапаров «Кабар» агенттигине кезектеги кыскача маегин куруп, анда мыйзамсыз вебкам студияларды иштеткени үчүн соттолгон Даниэл Ажиевдин ырайым менен абактан чыгышы тууралуу комментарий берген. Маекти толугу менен сунуштайбыз: — Саламатсызбы Садыр Нургожоевич, мыйзамсыз вебкам студияларды иштеткени үчүн соттолгон Даниэл Ажиевдин айланасында чоң талкуу болууда. Соцтармак колдонуучулары анын абактан тик учак менен учуп кетиши, чыгып алып байлыгына мактангандай жашоо образын соцтармакта көрсөткөнү сынга кабылууда. Кайсы бир деңгээлде бийликтин аброюна көлөкө түшүрүүдө дешүүдө. Ушуга кандай дейсиз? Сизге кайрылганыбыздын себеби — Ажиев сиздин ырайымдын негизинде бошотулуптур? — Ооба, туура. Ырайым берип бошотконбуз. Мага Ажиевдин апасы кайрылган. Вотсап номеримди кимден алганын билбейм, түздөн-түз видео кайрылуу менен кайрылган экен. «Келиним 4 баласы менен кыйналып жатат, бир баласы майып, жашоо-турмушубуз аябай оорлошуп кетти, балама ырайым берип чыгарып бериңиз. Балам мындан ары тартиптүү болуп, тынч жүрөт, мен кепилдик берем», — деп. Мен боорукер адаммын. Чындап эле ишенип, ырайым бердим. Бир эле Ажиевге эмес, ошол күнү жалпысынан оор эмес кылмыш кылган 75 соттолуучуга ырайым бергем. Анан эле мага «Ажиев түрмөдөн тик учак менен учуп кетип жатат» деген кабар келди. Дароо ошол замат тик учакты кайра артка кайтартып, учкан ордуна кондурдук. Ошентип Ажиев машина менен үйүнө кетти. «Тик учак менен учуп кетти» деген маалымат чын. Бирок 15 мүнөт өтпөй учакты артка кайтартып, учкан ордуна кондурганбыз. Учак боюнча Өзгөчө кырдаалдар министрлигин күнөөлөп жаткандар да болуп жатканын мен да көрүп жатам. Бул жерде Өзгөчө кырдаалдар министрлигинин эч кандай күнөөсү жок. Тик учактар өзгөчө кырдаалдардан сырткары коммерциялык буйрутмаларды дагы аткара берет. Күндө эле өзгөчө кырдаалдар боло бербейт да. Ошондуктан тик учактар өзүн-өзү акташ үчүн бош убактарда коммерциялык буйрутмаларды аткара беришине уруксат бергенбиз. Ким акчасын төлөп, буйрутма берсе учак кызмат көрсөтө берет. Ал жерде Ажиевди түрмөнүн жанынан алып кетүү деген буйрук болбойт. Учуп барып конуу локациясы, кайра учуп келип конуу локациясы, учуу сааты жана адамдардын саны гана көрсөтүлөт. Ошондуктан министрликти күнөөлөштүн кереги жок. Эгер кимде-ким тик учактын кызматынан пайдалангысы келсе, акчасын төлөп пайдалана берсеңер болот. Ал эми Ажиев темасына кайтып келсек, мен дагы угар замат дендароо боло түштүм. Апасы «итке минип калдык» деп ыйлап атса, баласы болсо түрмөдөн тик учак жалдап учуп жатса, «мени алдаган экен да» деп. Негизи менин боорукерлигимден жана жумшак мамиле жасаганымдан көптөрү пайдаланышат. Бирок көпкө узашпайт. Жумшак кишилердин катуулугу кармаса таптакыр жазылбайт эмеспи. — Муну уккандар «Президент эмнеге абактагы акын Аскат Жетигенди чыгарбай, ыплас иштерден акча жасаган адамга ырайым берет» дегендер да болду? — Мен кимди чыгарышты, кимди чыгарбашты тандабайм. Ким ырайым сурап арыз менен кайрылса, арызынын негизинде чечим кабыл алам. Арыз менен кайрылбаган соттолуучуну кантип чыгарам. Арыз менен кайрылса, аны да караганга даярбыз. — Ички иштер министрлигине жол кыймылынын эрежелерин бузган айдоочулардан жеринде тест алууну караган мыйзам долбоорун Жогорку Кеңештен чакыртып алууну тапшырганыңыз белгилүү болду. Бул жаңылык коомчулук тарабынан позитивдүү кабыл алынды. Бул демилге эми такыр эле кирбей калдыбы же башкача форматта ишке ашабы? — Бул демилге ИИМ аркылуу кириптир. Жол эрежесин бузгандарды токтотуп, эрежелерди сурап, текшерүү максатында кирген экен. Эгер айдоочу жол эрежелерин таптакыр билбесе, анда күбөлүктөрүн алып, кайрадан экзамен тапшырууга жөнөтөт экен. Негизинен бул ыкма туура. Бирок кичине эртерээк деп ойлойм. Себеби биринчи кезекте МАИ кызматкерлеринин өздөрүн толук даярдап чыгышыбыз керек. Айрым МАИ кызматкерлери өздөрү жол эрежесин толук билбеген учурлар кездешет. Ошондуктан качан гана МАИ кызматкерлер өздөрү даяр болгондо бул маселени кайрадан көтөрүшсө болот. Бул маселенин максаты жол кырсыктарын азайтуу болуп саналат. Мен дайыма айтып келем, мурда күбөлүктү окубай эле сатып алгандардын кесепетинен жол кырсыктары көбөйүп, жарандарыбыз көп кырсыктап жатат. Ошону жоюунун бир ыкмасы ушул. Негизи эле элибиз «люстрация» деген сөздү жакшы көрүшөт го. «Люстрация» кылыш керек деген сөздү көп колдонушат. Бул да «люстрациянын» бир бөлүгүнө кирет. Бийлик бутактарын беш жылдан бери «люстрация» кылып, жогорку бутактарда дээрлик баарын бүтүрдүк. Эми башка бутактарды да «люстрация» кылалы да. Башка кандай жол менен «люстрация» кылабыз бул тармакты? Эгер жол эрежесин бузгандарды тим койсок жол кырсыктары күндөн-күнгө күчөй берет. Жарандарыбыз кайтыш боло берет. Майыптар көбөйө берет. Ошондуктан бул тармакка катуу көңүл бурушубуз керек. Эми мындан ары күбөлүк сатып алуулар 99 пайыз болбойт. Бул маселени мамлекет колго алдык. Мурда күбөлүк сатып алып, жол эрежесин билбей айдап жүргөн айдоочуларды жол эрежесин билүүгө үйрөтүшүбүз керек. Мына ошондо гана Кыргызстандын жолдорунда коопсуз жүрүүгө болот. Маектешкен Кыргыз улуттук «Кабар» маалымат агенттигинин директору Медербек Шерметалиев.",24.kg,https://24.kg/kyrgyzcha/364789_prezident_ajievdin_turmodon_tik_uchak_menen_uchushuna_kommentariy_berdi/,,kyrgyz,0,high,news_site
570648b4-1392-4ea4-b5ce-158671f7e62f,Орозо −2026: Кайсы нерселер орозону бузат жана кайсы нерселер бузбайт?,"— Орозо туткан адам ооз ачканга чейин атайлап жеп-ичсе же жыныстык мамиле кылса орозосу бузулат. Мындай кылган чоң күнөө болот. Ал эми орозосун атайлап бузгандыгы үчүн ошол күндүн ордун толуктоо (казасын кармоо) жана айыбын (кафаарсын) төлөө милдеттүү болот. — Орозону атайлап бузуунун айыбы (кафаарасы) бир кул азат кылуу же алтымыш күн үзгүлтүксүз орозо кармап берүү же алтымыш кембагалга тамак берүү менен өлчөнгөн. Ал эми орозону байкабастан бузуп алгандыгы үчүн бир күнүнө бир күн (казасын) ордун тутуп берүү менен өлчөнгөн. — Эгер тамагына чымын кирип кетсе, же өзүнөн өзү түтүн кирсе же чаң кирсе орозо бузулбайт. Атайлап киргизсе бузулат. — Тамеки же кальян тартса орозо бузулат. Ошондой эле арча күйгүзүп, түтүнүн атайалап жутса ооз ачылат. — Тишинде калып кеткен тамакты же этти ооздон сыртка чыгарбастан жутуп салган учурда, анын көлөмүнө каралат. Эгер ал буурчакка барабар болсо же андан чоң болсо орозо бузулат, кичине болсо бузулбайт. Ал эми тиштеги калдыкты сыртка чыгарып кайра жеп салса, анда кичине же чоңдугуна карабастан орозосу бузулат. — Түкүрүгүн, какырыгын канча жутса да орозо бузулбайт. — Орозо экени эсинде болуп туруп, даарат алып жатып оозунан же мурдунан суу кирип, кокустан кекиртектен өтүп кетсе, орозосу бузулат. Мындай учурда бир күнүнө бир күн орозонун казасын кармап берет, айып (каффаара) ваажип эмес. — Өзүнөн-өзү куску келип кусса, аз-көбүнө карабастан орозо бузулбайт. Ал эми бир нерсенин жардымы менен атайлап кустурса, мындай учурда оозу толо кускан болсо орозо бузулат, аз болсо бузулбайт. — Кичине кусунду чыгып өзүнөн-өзү кайра кирип кетсе орозо бузулбайт, эгер атайлап жутса бузулат. — Тыйын, таш, кагаз, темир ж.б.у.с желбей турган нерселерди жутуп алса орозо бузулат жана ошол күндүн казасын бир күнгө бир күн кармап берет, каффара бербейт. — Атайлап жеп-ичсе же дары ичсе орозо бузулат, казасын кармайт, каффара да берет. — Орозодо аялы менен кошулса орозо бузулат, казасын кармайт, каффара да берет. Албетте аялы менен жөн эле кучакташып жатса, өпкүлөп-сыласа орозо бузулбайт. Бирок жаштар өзүн токтото албаса, жана кошулуп коюу коркунучу болсо, мындай учурда аялын кучактоо же өөп коюу макрух амал болот. — Орозодор адам оозуна насвай салса же кулагына даары куйса же клизма жасаса орозосу бузулат. Бул учурда бир күнүнө бир күн орозо кармап казасын тутат, каффара бербейт. — Тиш канап, канын жутуп алса орозосу бузулат. Эгер кан аз болсо жана таңдайы кандын даамын сезбесе бузулбайт. (Кыргызстан мусулмандарынын дин башкармалыгынын Фатва бөлүмү)",24.kg,https://24.kg/kyrgyzcha/363103_orozo_2026_kaysyi_nerseler_orozonu_buzat_jana_kaysyi_nerseler_buzbayt/,,kyrgyz,0,high,news_site
b405d34e-3abc-4ea8-b406-c4d0a20b1def,U-20: Кыргызстандын хоккей боюнча жаштар курама командасы дүйнө чемпиону болду,"Кыргызстандын хоккей боюнча жаштар курама командасы 20 жашка чейинкилер арасында өткөн дүйнө чемпионатынын үчүнчү дивизионунун В тайпасында чемпион болду. Бул тууралуу Дене тарбия жана спорт агенттиги билдирди. Маалыматка ылайык, чемпионаттын жүрүшүндө кыргызстандык хоккейчилер ишенимдүү оюн көрсөтүп, өткөрүлгөн беш беттештин баарында тең жеңишке жетишти. Кыргызстандын курама командасы Гонконгду 4:1, Түштүк Африканы 7:2, Иранды 15:1, Люксембургду 5:3 жана Мексиканы 7:4 эсебинде утту. Турнирдин жыйынтыгында кыргызстандыктар 15 упай топтоп, үчүнчү дивизиондун В тайпасында дүйнө чемпиону аталды. Алтын медалы багындыруу менен Кыргызстандын жаштар курама командасы кийинки сезондо дүйнө чемпионатынын үчүнчү дивизионунун А тайпасында ойноо укугуна ээ болду. Таймашта күмүш медалды Гонконгдун командасы утуп, экинчи орунду камсыздады. Ал эми мексикалыктар коло медаль тагынып, үчүнчү орунга жайгашты. Белгилей кетсек, 18-24-январь күндөрү Бишкек шаарындагы «Бишкек Аренада» хоккей боюнча (U-20) жаштар арасындагы дүйнө чемпионаты (III дивизиондун B тайпасы боюнча) өттү. Мелдеште Кыргызстан, Мексика, Люксембург, Түштүк Африка, Иран жана Гонконг (Кытай) жаштар курама командалары күч сынашты.",24.kg,https://24.kg/kyrgyzcha/359191_U-20_kyirgyizstandyin_hokkey_boyuncha_jashtar_kurama_komandasyi_duyno_chempionu_boldu/,,kyrgyz,0,high,news_site
92373853-69a1-4dbd-b6df-962ecf96ae72,Апта башында Бишкекте жаан-чачын күтүлбөйт. 16-18-мартка карата аба ырайы,"Аптанын башында Бишкекте жаан-чачын күтүлбөйт. Бул синоптиктердин алдын ала божомолу. 16-марттаасман жарым-жартылай булуттуу болот деп күтүлүүдө. Түнкүсүн температура −2 градус Цельсий болот деп күтүлүүдө. Күндүзгү эң жогорку температура 11 градус Цельсийге жетет. 17-18-марттааба ырайы ачык болот. Температура түнкүсүн −1 градус Цельсийге чейин төмөндөп, күндүз 12 градус Цельсийге жетет.",24.kg,https://24.kg/kyrgyzcha/366051_apta_bashyinda_bishkekte_jaan-chachyin_kutulboyt_16-18-martka_karata_aba_yirayyi/,,kyrgyz,0,high,news_site
2a2ea302-320a-4e90-ae7b-7dea906ee64a,Кыргызстандын энергетиктери майрам күндөрү күчөтүлгөн режимде иштешет,"1, 5 жана 9-май күндөрү энергетиктер күчөтүлгөн режимде иштешет. Бул тууралуу Энергетика министрлиги билдирди. Маалыматка ылайык, мындай чаралар майрам күндөрү калкты үзгүлтүксүз электр энергиясы менен камсыз кылуу максатында кабыл алынган. «Кыргызстандын улуттук электр тармагы» ААКнын бардык филиалдары өзгөчө иштөө режимине өткөрүлдү. Бардык райондук электр тармактарында ыкчам-чыгуучу бригадалардын нөөмөтү уюштурулду. Аларга филиалдардын жетекчилери да кошумча тартылды. Мүмкүн болгон аварияларга ыкчам жооп кайтаруу үчүн атайын техникалар жана нөөмөттөгү автоунаалар даярдалды, ошондой эле бригадалар керектүү жабдуулар менен камсыздалды. Электр энергиясы менен камсыздоо боюнча суроолор болсо, жашоочулар күнү-түнү «КЭТ» ААКтын 105 номерине, ошондой эле мобилдик телефондорго: 0772001209, 0556001209 жана WhatsApp аркылуу 0702001209 номерине кайрыла алышат. Филиалдардын диспетчерлеринин байланыш номерлери:",24.kg,https://24.kg/kyrgyzcha/372519_kyirgyizstandyin_energetikteri_mayram_kundoru_kuchotulgon_rejimde_ishteshet/,,kyrgyz,0,high,news_site
657c44dc-17b3-44f8-9bb6-8bdb7d47c3c6,Нарын-Жаңы-Жол унаа жолу ачылды,"Нарын облусундагы Нарын-Жаңы-Жол унаа жолу ачылды. Бул тууралуу «Кыргызавтожол-Түндүк» мекемеси билдирди. Маалыматка ылайык, мындай чечим жолдун абалын жеринде текшерүү үчүн райондук администрация өкүлдөрүнөн жана тиешелүү адистерден турган атайын комиссия түзүлүп, кароо жүргүзүлгөндөн кийин кабыл алынды. Кароо учурунда № 41 Жол тейлөө ишканасы тарабынан жолду тазалоо, кеңейтүү жана коопсуз абалга келтирүү боюнча иштер аткарылганы белгиленди. Айта кетсек, 8-мартта Жаңы-Жол тилкесинде тоо боорунан шагыл аралаш таштар кулап, жолдо кооптуу абал жаралган. Мындан улам жол убактылуу жабылган болчу. Мекеме жарандардан жолдо жүрүүдө коопсуздук эрежелерин сактоону жана аба ырайынын шарттарын эске алууну эскертти",24.kg,https://24.kg/kyrgyzcha/367044_naryin-janyi-jol_unaa_jolu_achyildyi/,,kyrgyz,0,high,news_site
7268d7e1-b869-4580-a01c-dddc6e0a692f,Кыргыз-кытай чек арасы убактылуу жабылат,"Кыргыз-кытай мамлекеттик чек арасы эки күнгө убактылуу жабылат. Бул тууралуу Мамлекеттик чек ара кызматынан билдиришти. Маалыматка ылайык, чек ара Кытай тараптын демилгеси менен коңшу өлкөдө «Цинмин» күнүн белгилөөгө байланыштуу жабылат. Мындан улам кыргыз-кытай тилкесиндеги «Торугарт» жана «Эркечтам» өткөрмө пункттары 4-апрелде саат 20:00дөн баштап убактылуу иштебейт. Алардын иши 6-апрелде кайра жанданат.",24.kg,https://24.kg/kyrgyzcha/368846_kyirgyiz-kyitay_chek_arasyi_ubaktyiluu_jabyilat/,,kyrgyz,0,high,news_site
201b53c4-f0ed-4545-947f-050cc2550da5,ИИМ башчысы коомдук жайда тамеки чеккени үчүн айыпка жыгылды,"Кыргыстандын ички иштер министри Улан Ниязбеков коомдук жайда тамеки чеккени үчүн айыпка жыгылды. Айыптоолор социалдык медиада тараган видеодон келип чыккан. Маалыматка ылайык, видео жарыялангандан кийин ички иштер министрине каршы арыз жазылып, айып пул салынган. Мекеме кызмат ордуна же статусуна карабастан мыйзам баарына тиешелүү экенин баса белгиледи. Бул иш коомчулукта кеңири нааразычылыкты жаратып, мамлекеттик кызматкерлердин мыйзамды сактоосу боюнча талкуунун булагына айланганы белгиленди.",24.kg,https://24.kg/kyrgyzcha/367058_iim_bashchyisyi_koomduk_jayda_tameki_chekkeni_uchun_ayyipka_jyigyildyi/,,kyrgyz,0,high,news_site
aa40ce2b-3ad5-4b7a-81ea-28aff7ae71f2,Шашылыш билдирүү! Кыргызстанда нөшөрлүү жамгыр жана сел коркунучу бар,"Кыргызстанда туруксуз аба ырайына байланыштуу нөшөрлүү жамгыр жана сел коркунучу тууралуу эскертүү жарыяланды. Синоптиктердин маалыматы боюнча, 30-апрелде күндүн экинчи жарымында, ошондой эле 1—2-майда тоолуу жана тоо этегиндеги райондордо нөшөрлүү жамгыр жаашы күтүлөт. Өзгөчө кырдаалдар министрлиги бул мезгилде Ош, Жалал-Абад, Баткен, Нарын жана Ысык-Көл облустарында сел жүрүшү ыктымал экенин эскертет. Мындан тышкары, дарыялардагы суунун деңгээли көтөрүлүшү күтүлүүдө. Жарандарды коопсуздук чараларын сактоого, дарыялардын нугуна жакын жүрбөөгө жана тоолуу райондордо этият болууга чакырышат.",24.kg,https://24.kg/kyrgyzcha/372561_shashyilyish_bildiruu_kyirgyizstanda_noshorluu_jamgyir_jana_sel_korkunuchu_bar/,,kyrgyz,0,high,news_site
3d8a0878-12d0-4b62-a6dd-aa21716b7d83,Рамазан-2026: Орозо кармоонун эрежелери,"Кыргызстанда 19-февралда Орозо айы башталды. 30 күн бою мусулмандар орозо кармайт. Орозо — бул мусулмандардын Рамазан айында аткара турган ибадаттарынын бири. Бул айда орозо туткан мусулман сабырдуулукту, кечиримдүүлүктү жана тазалыкты бекемдейт. Жакшылык иштерди көбөйтүп, кайрымдуулук кылууга басым жасайт. Орозо кармоонун эрежелери бар. Бул тууралуу Кыргызстан мусулмандарынын дин башкармалыгы жарандарга ошол эрежелерди түшүндүрүп берди: — Орозо кармай турган адам мусулман, акыл-эси жайында, балиг (жашы жеткен) болушу керек. Орозо кармоого физикалык жактан күчү жетиши кажет. Сапарда болбошу зарыл. Сапарда жүргөн адамга уруксат берилет, ал кийин кармайт. — Көпчүлүк адамдар орозо кармаганда шилекейин жутуп алса орозо бузулбайбы деп сурашат. Шилекейди жутуу орозону бузбайт. Бирок, атайылап оозго көп топтоп туруп жутуу максаттуу иш болгондуктан, муну кылбоо сунушталат. — Тиш тазалоого уруксат берилет. Тиш пастасын колдонсо болот, бирок аны жутуп жиберүүдөн этият болуу керек. Оозду чайкоого уруксат берилет, мында да сууну жутуп жибербөө керек. Орозо учурунда тиш доктурга барса болот. Бирок дары же суу жутуп албоо маанилүү. — Кээде уктап калып, өз убагында ооз бекитпей калган учурлар болот. Таң атканын билбей калып тамактанып алса, орозосу жарактуу эмес болуп калат. Бирок ниет кылган болсо, калган убакытта тамактануудан баш тартып, орозосун улантып, кийин ошол күндү каза кылышы керек. Ошондуктан ооз жабуу жана ачуу белгиленген убакытта аткарылышы керек. Эрте ооз жабуу да, кечирээк ооз ачуу да максаттуу түрдө болбошу керек. Эгер адам унутуп тамак жеп же суу ичип алса, орозосу бузулбайт. Бирок эстегенде дароо токтотушу керек. Тамеки тартуу да орозону бузат. — Ооруп калып, айыкканда орозо кармашы керекпи деген да суроолор жаралат. Эгер адам ооруп калса жана орозо кармоого кудурети жетпесе, айыккан соң каза орозолорун толуктап кармап берет. — Жол жүргөн кишиге орозосун ачууга уруксат берилет. Бирок орозо кармай алса, улантса жакшы. Эгер ачып койсо, кийин каза кылат. — Бала эмизген эне өзү же баласы үчүн коркунуч жаралса, орозону кармабаса болот. Кийин ошол күндөрдү каза кылат. Кош бойлуулар тууралуу айтсак, өзүнө жана баласына зыян келтирбесе орозо кармаса болот. Болбосо, кийин каза кылып берет. — Орозону катуу ооруп жаткан адамдарга, карыган жана орозо кармоого күчү жетпегендерге болбойт. Алар битир-садага беришет. Айыз жана нифас (төрөттөн кийинки тазалануу) мезгилиндеги аялдарга орозо кармаганга болбойт (кечиримдүү себеп менен кийин каза кылышат). — Орозо убагында сууга түшүүгө болот, бирок сууга чумкуганда кулакка, мурундун ичине же оозго суу кирип кетпеши үчүн этияттык талап кылынат. — Орозо кармап жаткан учурда эгер адам өз эрки менен куса турган болсо, орозосу бузулат. Ал эми кокусунан кусуп жиберсе, орозо бузулбайт. — Рамазан айында ар кандай себептер менен адамдар оозун ачууга туура келет. Мындан улам калган орозолорду кийинки Рамазан келгенге чейин каалаган убакта каза кылса болот. Бирок кечиктирбестен мүмкүн болушунча эртерээк аткарган жакшы. Рамазандан тышкары да нафил (кошумча) орозолор кармалат. Айрыкча дүйшөмбү, бейшемби күндөрү, Айттан кийинки 6 күн, арафа күнү жана ашура күнү орозо кармоо сүннөт болуп саналат. — Орозо учурунда укол алып же анализ тапшырса орозо бузулуп калбайбы деген да суроолор көп берилет. Витаминдик же азыктык заттарды камтыган уколдор орозону бузат, ал эми дарылоо максатындагы уколдор бузбайт. Кан анализин тапшырса, да орозо бузулбайт. Орозо кармагандар күндүз дары ичсе орозону бузат. Түнкүсүн ичүү керек же оорукчан болсо, кийин каза кылат. — Орозо кармаган, кармабаган адам да ооз ачыруу кылса, чоң сооп жазылат.",24.kg,https://24.kg/kyrgyzcha/362847_ramazan-2026_orozo_karmoonun_erejeleri/,,kyrgyz,0,high,news_site
fffd669e-d77c-49de-a604-02c504939ad8,Ошто жети акча алмашуу жайынын лицензиясы эреже бузгандыгы үчүн токтотулду,Улуттук банк мыйзамдардын жана ченемдик-укуктук актылардын талаптарын бузууга жол бергендиги үчүн Оштогу жети акча алмаштыруучу жайдын лицензиясын токтотту. Лицензиясытоктотулганакчаалмаштыруучубюролортөмөнкүлөр:,24.kg,https://24.kg/kyrgyzcha/360899_oshto_jeti_akcha_almashuu_jayyinyin_litsenziyasyi_ereje_buzgandyigyi_uchun_toktotuldu/,,kyrgyz,0,high,news_site
33cd4176-f96c-4939-84d7-41de1309efee,Урук чачуу мезгилинде балык уулоого убактылуу тыюу салынды,"Суу ресурстары, айыл чарба жана кайра иштетүү өнөр жайы министрлигине караштуу Балык өнөр жайы комплекси департаменти өлкө боюнча балыктардын урук чачуу мезгилинде спорттук жана ышкыбоздук балык уулоого убактылуу тыюу салды. Ага ылайык,Ысык-Көлдө: Республиканын суу объектилеринде: Ошондой эле дарыялардагы баалуу балыктарга:",24.kg,https://24.kg/kyrgyzcha/369265_uruk_chachuu_mezgilinde_balyik_uuloogo_ubaktyiluu_tyiyuu_salyindyi/,,kyrgyz,0,high,news_site
718ea8a5-a06d-4b96-8aac-af7f96ef3c3f,Чыңгыз Айдарбеков өз ыктыяры менен мандатынан баш тартты,"Чыңгыз Айдарбеков Жогорку Кеңешке депутаттыкка талапкер катары каттоодон чыгуу үчүн арыз берди. Бул тууралуу жеке булактар ​​билдиришти. Маалыматка ылайык, бүгүн, 15-апрелде Борбордук шайлоо комиссиясынын бул маселе боюнча жыйыны өтөт. Эске сала кетсек, ИИМ Айдарбековго карата Тышкы иштер министри болуп иштеп турганда кызмат абалынан кыянаттык менен пайдалануу боюнча кылмыш ишин козгогон. Чыңгыз Айдарбеков мурда өзүнүн шайланышына байланыштуу кысым, коркутуулар жана жагдайлар тууралуу кеңири билдирүү жасаган. Ал мурда Кыргызстандын Тышкы иштер министри болуп иштеген жана мурунку парламенттин депутаты болгон. Ал 2025-жылдын ноябрында өткөн парламенттик шайлоодо көп мандаттуу № 21 шайлоо округунан ат салышкан. Борбордук шайлоо комиссиясынын маалыматы боюнча, ал 6 миң 259 добуш алган. Чыңгыз Айдарбеков 2026-жылдын 10-мартында мөөнөтүнөн мурда кызматтан кеткен депутат Куванычбек Конгантиев бош калтырган орунга ат салышып жаткан.",24.kg,https://24.kg/kyrgyzcha/370582_chyingyiz_aydarbekov_ozyiktyiyaryi_menen_mandatyinan_bash_tarttyi/,,kyrgyz,0,high,news_site
c2b18bb8-b606-46be-b02a-2e1d5e4e871d,Былтыр Акыйкатчы институтуна жарандардан сотко байланышкан 816 арыз түшкөн,"2025-жылы Акыйкатчы институтуна сот өндүрүшүндө укуктарын коргоо өтүнүчү менен жарандардан 816 арыз-даттануу түшкөн. Бул тууралуу аталган институттан билдиришти. Маалыматка ылайык, арыздардын басымдуу бөлүгүндө жарандар сот чечимине макул эместигин билдиришкен. Кайрылуулардын негизги багыттары: Жыл ичинде Акыйкатчы институту тарабынан жалпысынан 572 сот процессине мониторинг жүргүзүлгөн. Анын ичинен: Талдоо көрсөткөндөй, мониторинг жүргүзүлгөн ар бир экинчи соттук отурум белгиленген убакыттан кеч башталган. Ал эми 270 сот отурумунун ичинен 112си (41,5%) башка күнгө жылдырылган. Бул сот органдарынын уюштуруу иштериндеги кемчиликтерди көрсөтүп, сот өндүрүшүнүн создуктурулушуна жана жарандардын сот адилеттигине жетүү укугун чектөөгө алып келет. Процесстердин үзгүлтүккө учуроосуна судьялардын бошобой жаткандыгы, катышуучулардын келбей калышы жана сот залдарынын жетишсиздиги себеп болгон. Акыйкатчы Жамиля Жаманбаева аталган кемчиликтерди жоюу боюнча Жогорку сотко сунуштарды жөнөттү. Анда соттук отурумдардын графигин сактоо, иштерди создуктурбоо жана бардык сот залдарын аудио-видео жазуу каражаттары менен толук жабдуу зарылдыгы белгиленди.",24.kg,https://24.kg/kyrgyzcha/366710_byiltyir_akyiykatchyi_institutuna_jarandardan_sotko_baylanyishkan_816_aryiz_tushkon/,,kyrgyz,0,high,news_site
4b9ebaea-02a6-41b6-822a-7eb0e9c06ce6,Украина ТИМ: «Зеленский аймактарды талкуулоо үчүн Путин менен жолугушууга даяр»,"Владимир Зеленский аймактарды жана Запорожье атомдук электр станциясынын айланасындагы кырдаалды талкуулоо үчүн Владимир Путин менен жолугушууга даяр. Бул тууралуу Украинанын тышкы иштер министри Андрей Сыбиха журналисттерге билдирди. Ал Орусия, Украина жана АКШнын делегацияларынын катышуусунда Абу-Дабиде өткөн согушту токтотуу боюнча сүйлөшүүлөр тууралуу суроого жооп берип жатып, эки негизги маселе чечиле электигин ырастады. Алар аймактар ​​жана Запорожье атомдук электр станциясынын тагдыры болуп саналат. Орусия Украинанын аскерлерин Донбасстан толугу менен чыгарып кетүүнү талап кылууда, бул талапты Украина кабыл албай жатат. Киев ошондой эле орус аскерлерин Запорожье атомдук электр станциясынан чыгарып кетүүнү талап кылууда. Ал эми АКШ аны Орусия менен биргелешип башкарууну сунуштап жатат. Андрей Сыбиганын айтымында, Зеленский бул эки маселени талкуулоо үчүн Орусиянын президенти менен жолугушууга даяр. Орусия, Украина жана АКШнын делегацияларынын катышуусундагы Абу-Дабидеги сүйлөшүүлөр 1-февралда уланат деп күтүлүүдө.",24.kg,https://24.kg/kyrgyzcha/359558_ukraina_tim_zelenskiy_aymaktardyi_talkuuloo_uchun_putin_menen_jolugushuuga_dayar/,,kyrgyz,0,high,news_site
4d62fdf1-85f7-4802-b6e6-d5064ff87e7d,Улуттук банк эсептик ченди 11 пайыз деңгээлинде калтырды,"Кыргызстандын Улуттук банкынын башкармалыгы негизги пайыздык ченди 11 пайыз деңгээлинде калтырды. Бул тууралуу бүгүн, 27-январда өткөн брифингде жөнгө салуучу органдар билдиришти. Улуттук банк «экономика жогорку өсүү темптерин сактап турат — 2025-жылдын аягына чейин өлкөнүн реалдуу ИДПсы 11,1 пайызга өсөт» деп белгиледи. Өлкө экономикасында жогору өсүш арымы сакталып турат: 2025-жыл жыйынтыгы боюнча өлкөдө реалдуу ИДӨ 11,1 пайызга өскөн. Экономикалык өсүш, негизинен, курулуш секторунун жана кызмат көрсөтүү чөйрөсүнүн таасири астында шартталган. Негизги капиталга инвестициялар көлөмүнүн артышынын алкагында өлкөдө инвестициялык жигердүүлүк жогору катталган, буга бюджеттик каржылоонун артышы көбүрөөк таасирин тийгизген. Керектөө суроо-талабы калктын айкын кирешесинин, акча которуулардын таза агымынын артышы жана керектөө кредиттерин жигердүү алуу менен камсыздалган. «2026-жылдын 16-январына карата абал боюнча Кыргызстанда инфляция жылдык мааниде 9,4 пайызды түздү (2025-жылдын декабрь айынын акырына 9,4 пайыз деңгээлинде калыптанган). Учурда баа тенденциялары Улуттук банктын күтүүлөрүнүн чегинде калыптанууда, мында инфляциянын азык-түлүк компонентинин өсүш арымы бир аз басаңдаган. Азык-түлүктөн башка товарлар тобуна жана кызмат көрсөтүүлөр секторуна баалар жогору түптөлгөн, бул тышкы мүнөзгө ээ факторлордун экинчилик таасири менен шартталган. Тарифтик саясаттын жыл сайын кайра каралып турушу жана ички суроо-талаптын өсүшү да инфляциянын динамикасына салым кошууда», — деп айтылат маалыматта. Улуттук банктын акча-кредит саясатынын негизги артыкчылыгы болуп орто мөөнөттүү мезгилде инфляциянын 5-7 пайыздык максаттуу көрсөткүч чегинде калыптанышын камсыз кылуу саналат, ушуга байланыштуу орточо катуулатылган күндөлүк монетардык шарттар сакталууда. Мында, саясаттын тактикалык чаралары инфляциянын монетардык факторлорун чектөөгө багытталган: банк секторунда жогору ликвиддүүлүк деңгээли сакталып турган шартта Улуттук банк арылтуу операцияларын жигердүү жүргүзүү аркылуу экономикада акча көлөмүн жөнгө салган. Мындай шарттарда BIR банктар аралык эталондук пайыздык чен Улуттук банктын пайыздык коридорунун төмөнкү чегине жакын калыптанган. Ички валюта рыногу туруктуу бойдон калууда. Инфляция траекториясы, мурдагыдай эле, тышкы факторлордун таасирине дуушар болууда. Дүйнөлүк азык-түлүк жана чийки зат рынокторунда жогору өзгөрүлмөлүүлүк сакталып турат, ошол эле учурда геосаясий факторлордун туруксуздугу көпчүлүк өлкөлөрдө, анын ичинде Кыргыз Республикасынын соода боюнча негизги өнөктөш өлкөлөрүндө да инфляциялык жагдайдын сакталып турушуна алып келген, бул өз кезегинде импорттолуучу бааларга таасирин тийгизет. Ички экономикада инфляциялык процесстер олуттуу деңгээлде монетардык эмес мүнөздөгү факторлор, анын ичинде план чегинде жөнгө салынуучу тарифтерди корректировкалоо жана жогору ички суроо-талап менен шартталган. Бул факторлор инфляциянын басаңдоосу үчүн туруктуу шарттар калыптанганга чейин учурдагы акча-кредиттик шарттарды колдоо зарылдыгын шарттоодо. Ушуга байланыштуу Улуттук банктын эсептик чен өлчөмү 11,00 пайыз деңгээлинде калтырылды. Улуттук банк акча-кредит саясатын жүргүзүүдө тең салмактуулук ыкмасына таянуу менен иш алып барат жана түптөлгөн тышкы жана ички инфляция факторлоруна баа берүү ишин улантууда. Баа туруктуулугуна карата кандайдыр бир тобокелдиктер келип чыккан учурда Улуттук банк жүргүзүлүп жаткан монетардык саясатка корректировкаларды киргизиши ыктымал. Белгиленгендей, Улуттук банк башкармалыгынын эсептик чен өлчөмү маселеси боюнча кийинки пландык отуруму 2026-жылдын 23-февралында өткөрүлөт.",24.kg,https://24.kg/kyrgyzcha/359422_uluttuk_bank_eseptik_chendi_11payyiz_dengeelinde_kaltyirdyi/,,kyrgyz,0,high,news_site
7a1ec477-f66c-43a0-ac2a-553bab2c06d7,Бишкекте Орозо айт намазы эски аянтта окулат,"Эртең, 20-мартта Бишкек шаарында Орозо айт намазы Турдакун Усубалиев атындагы эски аянтта окулат. Бул тууралуу Кыргызстан мусулмандарынын дин башкармалыгынан билдиришти. Орозо айт намазынын программасы: Ал эми аймактарда орозо айт намазы мечиттерде окулат. Региондордогу жалпы айттык программа: Белгиленгендей, тоолуу аймактардын өзгөчөлүгүнө байланыштуу жогоруда көрсөтүлгөн убакыттардын бир аз айырмаланышына уруксат берилет.",24.kg,https://24.kg/kyrgyzcha/366629_bishkekte_orozo_ayt_namazyi_eski_ayantta_okulat/,,kyrgyz,0,high,news_site
8f4a1d3b-49ef-4b5a-9d2c-0d3568bdb809,13-округдагы шайлоо кайра жарактуу деп табылды,"БШК Жогорку Кеңештин депутаттарын шайлоо боюнча № 13 округдун жыйынтыгы жокко чыгарылган чечимге байланыштуу арыздарды карады. Ушул округ боюнча үч талапкер Талант Мамытов, Айбек Алтынбеков жана Айгүл Карабекова БШКга кайрылып, ошол чечимди жокко чыгарууну өтүнгөн. Алар № 13 округдагы добуш берүүнү жокко чыгарууга талапкер Бактыбек Сыдыковдун тарапташтарынын добушканаларга телефон орноткону негиз болгонун, башка талапкерлердин эч кандай мыйзамсыз аракети катталбаганын жүйө келтиришкен. Комиссиянын жумуш тобу 30-ноябрда № 13 округда өткөн добуш берүүнү өттү деп таап, жогорудагы үч талапкерди жеңүүчү деп таанууну сунуштады. Отурумда Ички иштер министрлигинин Тергөө бөлүмүнүн башчысы Аллаберди Мавлянов кылмыш иши боюнча маалымат берип, тергөөдө добушканаларга телефондорду орнотууда талапкер Бактыбек Сыдыковдун тарапташтарынын мыйзамсыз аракети тастыкталганын белгиледи. Бул боюнча эки жаранга Кылмыш-жаза кодексинин 195-беренеси («Шайлоо укуктарын жүзөгө ашырууга тоскоолдук кылуу») менен кылмыш иши козголуп, айыбы угузулганын билдирди. Ал ошондой эле бул округдан шайлоого катышкан калган 13 талапкерге эч кандай кылмыш иши козголбогонун тактады. Жыйынтыгында БШК мүчөлөрү 13-округда 30-ноябрдагы шайлоо өткөнүн таанып, талапкерлер Талант Мамытов, Айбек Алтынбеков жана Айгүл Карабекованы жеңүүчү деп тапты. Кыргызстанда Жогорку Кеңешке мөөнөтүнөн мурда шайлоо 2025-жылдын 30-ноябрында өткөн. № 13 округдагы мыйзам бузууларга байланыштуу БШК андагы добуш берүүнүн жыйынтыгын 3-декабрда жокко чыгарган. Бул аймактагы 35 добушканада шайлоонун жүрүшүн көзөмөлдөө максатында камералар орнотулганы, үгүтчүлөр ким кандай добуш бергенин байкап турганы ачыкка чыккан. Мындан соң кайра шайлоо жарыяланып, добуш берүү 1-мартка белгиленген. Ал үчүн 25 талапкер каттоодон өтүп, учурда үгүт өнөктүгү жүрүп жаткан.",24.kg,https://24.kg/kyrgyzcha/361887_13-okrugdagyi_shayloo_kayra_jaraktuu_dep_tabyildyi/,,kyrgyz,0,high,news_site
04842963-fde5-40b5-b2e7-3fc639be7764,Кара-Балтанын мурдагы мэри үй камагына бошотулду,"Жайыл райондук соту Кара-Балтанын мурдагы мэри Мирлан Жекшеновго жана кылмыш ишиндеги башка айыпталуучуларга карата камакка алуу чараларын өзгөрттү. Бул тууралуу Чүй облустук сотунун басма сөз кызматы бул маалыматты тастыктады. Ага ылайык, чечим 5-мартта кабыл алынган. Айыпталуучулар камактан бошотулуп, үй камагына чыгарылды. «Иш райондук сотто каралууда», — деп билдирди басма сөз кызматы. Эскерте кетсек, айыпталуучулар 2025-жылдын 30-июнунда камакка алынган. Улуттук коопсуздук боюнча мамлекеттик комитеттин маалыматы боюнча, алар каржылык пайда табуу үчүн Кытайда жасалган 17 автобусту жогорулатылган баада сатып алууга катышкан. Аудит көрсөткөндөй, бул бүтүм мамлекеттик бюджетке 17 миллион сомдон ашык зыян алып келген.",24.kg,https://24.kg/kyrgyzcha/368059_kara-baltanyin_murdagyi_meri_uykamagyina_boshotuldu/,,kyrgyz,0,high,news_site
51d57510-7ac1-4383-9e18-ab75077f254e,Кыргызстанда салык декларациясын тапшыруу өнөктүгү башталды,"Кыргызстанда 2025-жылдын жыйынтыгы боюнча бирдиктүү салык декларациясын кабыл алуу өнөктүгү башталды. Бул тууралуу Мамлекеттик салык кызматынан билдиришти. Кезектеги декларациялык кампания эки этапта өткөрүлөт: 1-апрелге чейин декларацияны юридикалык жактар, мамлекеттик жана муниципалдык кызматкерлер, ал эми 1-майга чейин жеке жактар жана жеке ишкерлер тапшырышат. 1-апрелге чейин салык декларациясын тапшырууга төмөнкүлөр милдеттүү: 1-майга чейин төмөнкүлөр декларация тапшырууга тийиш: Салык декларациясы Cabinet.salyk.kg сайтындагы салык төлөөчүнүн кабинети аркылуу электрондук түрдө берилет. Белгилей кетсек, декларацияда кирешелер жана чыгашалар жөнүндө маалыматтар, экономикалык ишмердүүлүк, мүлк объектилери, жер тилкелери, ошондой эле отчеттук мезгил үчүн төлөнгөн салыктык милдеттенмелердин суммасы көрсөтүлүүгө тийиш. Толук маалыматты жергиликтүү салык органдарынан, ошондой эле 116 номери аркылуу же www.sti.gov.kg сайтынан алууга болот.",24.kg,https://24.kg/kyrgyzcha/360522_kyirgyizstanda_salyik_deklaratsiyasyin_tapshyiruu_onoktugu_bashtaldyi/,,kyrgyz,0,high,news_site
95a9bf99-9cb8-435c-b206-cedf9f8b3023,Бүгүнкү доллардын курсу,"Бүгүн, 25-март саат 09:30га карата Кыргызстандын коммерциялык банктарда жана акча алмаштыруучу жайларда 1 долларды сатып алуу 87 сом 36 тыйынга чейин болсо, сатуу 87 сом 78 тыйын болууда. Ал эми Улуттук банкта 1 доллардын курсу 87 сом 45 тыйын деп көрсөтүлгөн",24.kg,https://24.kg/kyrgyzcha/367336_bugunku_dollardyin_kursu/,,kyrgyz,0,high,news_site
487c30c5-f809-4991-93dc-b1a85dd0bb49,Корея Республикасы менен Борбордук Азиянын биринчи саммити күзүндө өтөт,"Корея Республикасы менен Борбордук Азия мамлекеттеринин ортосундагы биринчи саммит 2026-жылдын 16-17-сентябрында өтөт. Бул тууралуу тышкы иштер министри Чо Хён Сеулда өткөн иш-чарага даярдык көрүү жыйынында билдирди. Yonhap агенттигинин маалыматына ылайык, жолугушууга Казакстан, Кыргызстан, Өзбекстан, Түркмөнстан жана Тажикстандын лидерлери катышат. Тышкы иштер министри алдыдагы жолугушуу Түштүк Кореянын дипломатиялык мүмкүнчүлүктөрүн кеңейтүү жана Борбордук Азия өлкөлөрү менен байланыштарды бекемдөөдө маанилүү кадам болорун белгиледи. Ал саммиттин форматы эки тараптуу жана көп тараптуу кызматташтыкты тереңдетип, ошондой эле жеткирүү чынжырларын диверсификациялоо жана аймакта жашаган корей этникалык коомчулуктарын колдоонун натыйжалуулугун жогорулатуу боюнча кызматташуунун негизин түзөрүн билдирди. Эскерте кетсек, аймактагы өлкөлөр АКШ-Борбордук Азия, Европа Биримдиги-Борбордук Азия жана Япония-Борбордук Азия саммиттерине активдүү катышып жатышат.",24.kg,https://24.kg/kyrgyzcha/362133_koreya_respublikasyi_menen_borborduk_aziyanyin_birinchi_sammiti_kuzundo_otot/,,kyrgyz,0,high,news_site
aeb33357-8fff-43a2-81bc-804112fbe81c,"«Бала ырысы» канча турат? Балдарга жөлөк пул үчүн 3,3 миллиард сом бөлүнөт","Министрлер кабинети үч жашка чейинки балдарга жөлөк пул төлөөгө 3 миллиард 316 миллион сом багыттоону пландаштырып жатат. Тиешелүү токтом долбоору коомдук талкууга коюлду. Документ президент Садыр Жапаровдун «Бала ырысы» мамлекеттик жөлөк пулун киргизүү жөнүндөгү жарлыгын ишке ашыруу максатында иштелип чыккан. Демилгеге ылайык, 2026-жылдын 1-июлунан тартып үй-бүлөнүн кирешесине карабастан, үч жашка чейинки бардык балдарга ай сайын 1 миң 200 сом өлчөмүндөгү жөлөк пул берилет. Жөлөк пулду алуу үчүн керектүү документтер: Жөлөк пулду алуу үчүн жарандар Эмгек министрлигинин райондук башкармалыктарына арыз менен кайрылуусу зарыл. Ошондой эле наристе апасынын жанында болушу шарт. Тагыраагы, миграцияда жүргөн ата-энелер балдарына бул жөлөк пулду ала алышпайт. Улуттук статистика комитетинин маалыматы боюнча, Кыргызстанда бул курактагы 445 миңге жакын бала бар. Учурда 1 миң 200 сом өлчөмүндөгү «Үй-бүлөгө көмөк» жөлөк пулу 16 жашка чейинки балдары бар муктаж үй-бүлөлөргө гана төлөнөт. Эскерте кетсек, 2026-жылдын 1-январында «Мамлекеттик жөлөк пулдар жөнүндө» мыйзам күчүнө кирген. Ага ылайык, үй-бүлөнүн социалдык-экономикалык абалына карабастан, үчүнчү жана андан кийинки ар бир балага үч жашка толгонго чейин ай сайын төлөнүүчү жөлөк пул дайындалат.",24.kg,https://24.kg/kyrgyzcha/372879_bala_yiryisyi_kancha_turat_baldarga_jolok_pul_uchun_33_milliard_som_bolunot/,,kyrgyz,0,high,news_site
0deaca17-03ea-4c3c-bfaa-01f0ef2bccd6,28-мартка карата аба ырайы,"Кыргызгидромет кызматы билдиргендей, эртең, 28-мартта өлкө аймактарында күн ачык болот. Айрым чөлкөмдөрдө абанын табы 28 градуска чейин жылыйт. Абанын температурасы: Чүй өрөөнүндө түнкүсүн +6... +11, күндүз +19... +24; Талас жергесинде түнкүсүн +4... +9, күндүз +18... +23; Баткен, Ош, Жалал-Абад облустарында түнкүсүн +8... +13, күндүз +23... +28; Нарын аймагында түнкүсүн 0... −5, күндүз +11 .. +16; Ысык-Көл облусунда түнкүсүн −2... +3, күндүз +12... +17; Бишкек шаарында түнкүсүн +7... +9, күндүз +22... +24 градус жылуу болот.",24.kg,https://24.kg/kyrgyzcha/367792_28-martka_karata_aba_yirayyi/,,kyrgyz,0,high,news_site
272229a5-a25b-42b4-8bc7-2d0e26785c67,Иранда жаңы диний лидери болуп Мүжтаба Хаменей шайланды,"Израил менен АКШнын ортосундагы чабуулда каза болгон аятолла Али Хаменейдин уулу Мүжтаба Хаменеи Ирандын Жогорку лидери болуп шайланды. Ирандын Башкаруу Кеңеши (Эксперттер тобу) АКШ менен Израилдин аба соккусунан каза болгон Али Хаменейинин уулу Мүжтаба Хаменей добуштардын басымдуу көпчүлүгү менен лидерлик кызматка шайланганын жарыялады. Ирандагы жаңы лидерди тандоого жооптуу Улуу Кеңеш жазуу жүзүндөгү билдирүүсүндө: «Аятолла Сейед Мүжтаба Хоссейни Хаменеи Эксперттер тобунун мүчөлөрүнүн басымдуу көпчүлүгүнүн добушу менен Иран Ислам Республикасынын үчүнчү лидери болуп аныкталып, жарыяланганын жарыялайбыз», — деп билдирди. Ирандын Революциялык гвардиясы жана Ирандын Куралдуу күчтөрү жаңы лидер Мүжтаба Хаменейге берилгендик антын беришти. Жогорку Улуттук коопсуздук кеңешинин башчысы Али Лариджани дагы жаңы диний лидердин айланасында биримдикке чакырды. Аналитиктер Мүжтаба атасынын консервативдүү көз караштарын толугу менен бөлүшөрүн белгилешет. Тандоо мурда жарыяланган, бирок жаңы руханий лидердин ысымы бир топ убакытка чейин жашыруун сакталып келген, анткени Израил бийлиги бул кызматты ээлеген ар бир адамга түз коркутууларды жасаган.",24.kg,https://24.kg/kyrgyzcha/365017_iranda_janyi_diniy_lideri_bolup_mujtaba_hameney_shaylandyi/,,kyrgyz,0,high,news_site
a47b45c6-f813-4253-ab2a-689be2555419,Б. Кыдыкеева атындагы жаш көрүүчүлөр театрынын май айындагы репертуары,"Маданият, маалымат жана жаштар саясаты министрлиги Бакен Кыдыкеева атындагы жаш көрүүчүлөр театрынын май айындагы репертуарын сунуштайт. Репертуар төмөнкү спектаклдерди камтыйт: 12-май «Элес» 13—14-май «Жамийла» 15—16-май «Сүйөм! Бирок...» 19—20-май «Акыркы коңгуроо» 27—28-май «Келкел» Башталышы — саат 18:30. Билеттерди театрдын кассасынан жана Kassir.kg сайтынан алууга болот.",24.kg,https://24.kg/kyrgyzcha/372792_bkyidyikeeva_atyindagyi_jash_koruuchulor_teatryinyin_may_ayyindagyi_repertuaryi/,,kyrgyz,0,high,news_site
74faebe0-c066-4c7e-9a57-3f689c5bb505,Тоого эс алууга чыккандарга эскертүү: 7-12-май аралыгында сел жүрүшү мүмкүн,"Чүй облустук ички иштер башкы башкармалыгы жарандарды жана эс алуучуларды аба ырайынын өзгөрүшү тууралуу эскертет. 7-майдан 12-майга чейин Чүй облусунун тоолуу жана тоо этектериндеги райондорунда туруксуз аба ырайы жана катуу жаан-чачын күтүлөт. Сел жүрүү коркунучу бар, ошондой эле дарыяларда суунун деңгээли көтөрүлүшү мүмкүн. Чүй облусунун тургундарына жана конокторуна майрам жана дем алыш күндөрү коопсуздук чараларын сактоо сунушталат: мүмкүн болушунча тоолуу жана тоо этектериндеги аймактарга барбоо, дарыялардын жээктеринде жана капчыгайларда эс албоо, ошондой эле катуу жаан учурунда тоо жолдорунда жүрбөө керек. Эс алуу учурунда жеке коопсуздугуңузга көңүл буруп, катуу агымдагы суулардан алыс болуңуз. Зарыл учурда 102 кызматына кайрылыңыз.",24.kg,https://24.kg/kyrgyzcha/373065_toogo_esaluuga_chyikkandarga_eskertuu_7-12-may_aralyigyinda_sel_jurushu_mumkun/,,kyrgyz,0,high,news_site
6ece63b7-fbbe-4c88-84c6-e01c729b6179,Дүйнө чемпионаты-2026: Трамп Ирандын футбол чемпионаты боюнча чечимин айтты,"АКШнын президенти Дональд Трамп Ирандын 2026-жылкы футбол боюнча дүйнөлүк чемпионатка катышуусу боюнча өз позициясын билдирди. Бул тууралуу чет элдик спорт басылмалары жазып чыкты. «Иран катышабы же жокпу, мага баары бир. Менимче, Иран оор жеңилүүгө учураган өлкө. Алар кыйроолордон жыйналышы керек», — деди Трамп Politico басылмасына берген маегинде. Эске салсак, 28-февралда АКШ жана Израил Иранга каршы аскердик операция башташты, ал дагы Жакынкы Чыгыштагы америкалык базаларга ракеталык соккулар менен жооп кайтарууда. Буга чейин Ирандын футбол федерациясынын президенти Мехди Таж аскердик операцияга байланыштуу Дүйнөлүк чемпионатты бойкоттоо мүмкүнчүлүгүн жарыялаган. Чүчүкулактан кийин Иран G тобуна кирген. Учурда Иран 15-июнда Лос-Анжелесте Жаңы Зеландия, 21-июнда Лос-Анжелесте Бельгия жана 26-июнда Сиэтлде Египет менен беттешүүсү күтүлөт.",24.kg,https://24.kg/kyrgyzcha/364461_duyno_chempionatyi-2026_tramp_irandyin_futbol_chempionatyi_boyuncha_chechimin_ayttyi/,,kyrgyz,0,high,news_site
af1a9ee1-ab25-43b9-aa23-a75f03e2d728,Пайдалуу кеңеш: Күн боюу күч-кубат берүүчү 10 азык аталды,"Тамактануу боюнча эксперттер күн боюу энергиянын жогорку деңгээлин сактоого жардам берген 10 азыкты атады. Негизги эреже — кандагы канттын кескин көтөрүлүп кетишин жана чарчоо сезимин болтурбоо үчүн белокторду, клетчатканы жана пайдалуу майларды айкалыштыруу зарыл. Тизмеге көнүмүш болуп калган варианттар менен катар күтүүсүз азыктар да кирген. Мисалы, жумуртка узак убакытка ток кармоочу эң мыкты белок булагы болуп саналат. Сулу боткосу (овсянка) татаал углеводдорго жана клетчаткага бай болгондуктан, энергиянын акырындык менен бөлүнүп чыгышын камсыздайт. Ошондой эле эртең мененки пайдалуу тамактардын катарында белокко жана пробиотиктерге бай грек йогурту, жаңгактар (өзгөчө бадам), чиа уруктары жана жер — жемиштер бар. Алар ичегинин саламаттыгын, мээнин иштешин жана энергия деңгээлин колдоого жардам берет. Эртең мененки тамак үчүн адаттан тыш вариант катары жасмык (чечевица) жана таттуу картошканы (батат) колдонсо болот. Алар организмди жай өздөштүрүлүүчү углеводдор менен камсыздап, энергиянын кескин төмөндөп кетишинен сактайт. Ал эми шпинат менен лосось балыгы рационду витаминдер жана омега-3 май кислоталары менен толуктайт. Адистер эң натыйжалуу эртең мененки тамак — бул бир эле азык эмес, алардын айкалышы экенин белгилешет. Мисалы, жашылча кошулган жумуртка же жаңгак жана жемиштер кошулган сулу боткосу узак убакытка чейин ток жүрүүгө жана кунт коюп иштөөгө көмөктөшөт.",24.kg,https://24.kg/kyrgyzcha/372021_paydaluu_kenesh_kun_boyuu_kuch-kubat_beruuchu_10azyik_ataldyi/,,kyrgyz,0,high,news_site
ffb17ee8-7d94-49a4-b500-6edfb2c41fd9,Агартуу министрлигинин коллегиясы: Эдил Байсалов билим берүү реформасы жөнүндө,"«Мектеп эч качан токтобойт; ар дайым идеялар, умтулуулар жана инновациялар болот», — деди министрлер кабинетинин төрагасынын орун басары Эдил Байсалов бүгүн, 10-февралда Агартуу министрлигинин 2025-жылды жыйынтыктоочу коллегиясында. Ал президент Садыр Жапаровдун демилгеси менен өлкөдө «эң татаал жана сөзсүз эң маанилүү билим берүү реформасы» ишке ашырылып жатканын эске салды. «Бул жөн гана реформа эмес, толук трансформация, анткени жөнөкөй кайра түзүү жашоону толугу менен өзгөртө албайт. Бүгүнкү күндө дүйнөдө эч ким — өнүккөн же өнүгүп келе жаткан өлкөлөрдө да — эмне кылуу керектигин так билбейт. Бирок биз акылдуураак жана тажрыйбалуураактардын алдыга жылышын күтпөйбүз, анан жөн гана көнүмүш адат боюнча кууп жетебиз. Андай болбойт. Бүгүн биздин калган дүйнө менен бирге алдыга жылуу мүмкүнчүлүгүбүз, балким, дүйнөдөн, кошуналарыбыздан алдыда болуп, кайраттуулукту жана лидерликти алып, секирик жасоого мүмкүнчүлүгүбүз бар. Учурда атаандаштык жана ресурстар үчүн катуу күрөш жүрүп жатат. Бул биздин улут катары өсүп-өнүүгүз, балдарыбыздын келечеги жөнүндө болуп жатат. Ошондуктан, биз жоопкерчиликти алып, ушул реформа жолуна түштүк», — деди Эдил Байсалов. Ал мурда өлкө реформанын алгачкы натыйжаларын 15 жылдан кийин гана көрөрүн билдирген. Эскерте кетсек, учурда «Сейтек» борборунда Агартуу министрлигинин 2025-жылды жыйынтыктоочу коллегиясы өтүүдө. Коллегияга министрлер кабинетинин төрагасынын орун басары Эдил Байсалов, Жогорку Кеңештин депутаты Токтобүбү Ашымбаева, министр Догдургүл Кендирбаева, министрликтин өкүлдөрү, билим берүү тармагынын кызматкерлери, райондук, шаардык билим берүү бөлүмдөрүнүн башчылары, жогорку окуу жайлардын жетекчилери катышууда.",24.kg,https://24.kg/kyrgyzcha/361324_agartuu_ministrliginin_kollegiyasyi_edil_baysalov_bilim_beruu_reformasyi_jonundo/,,kyrgyz,0,high,news_site
dd814959-8fe8-4e9e-a8db-f1f9f8c8c0ef,Кышкы Олимпиада-2026: Кыргызстандан эки спортчу катышат,"Италияда өтө турган XXV кышкы Олимпиада оюндарында Кыргызстандын намысын эки спортчу коргойт. Бири тоо лыжасынан Тимур Шакиров жана лыжа менен жарышууда Артур Сапарбеков барат. 6-февралдан 22- февралга чейин Италияда спорттук мелдештердин туу чокусу болгон Кышкы Олимпиада башталат. Бир кылымдан ашык тарыхы бар кышкы Олимпиада биринчи жолу бир өлкөнүн эки шаарында өтөт. Италиядагы Милан менен Кортина-д’ Ампеццодо. Миланда, жабык аренада өткөрүлүүчү оюндар болсо, Кортинада тоо лыжасы, бобслей, чана менен жарышуу, керлинг, биатлон сыяктуу мелдештер өткөрүлөт. Гендердик баланс дээрлик бирдейлигинде, спортсмендердин 47%ин аялдар, 53%ин эркектер түзүп. Мындай көрсөткүч кышкы Олимпиаданын тарыхында биринчи жолу болууда. 93 өлкөдөн 3000 миңдей спортсмен спорттун туу чокусунда өз бактыларын, мүмкүнчүлүктөрүн сынайт. Олимпиадалык спорттун 8 түрүнөн (көркөм муз тебүү, хоккей, биатлон, лыжа жарышы, керлинг, сноуборд, коньки менен жарышуу жана чана спорту) андагы 16 дисциплина боюнча 116 медаль тапшырылат. Эң көп спортчу катышкан өлкөлөр:",24.kg,https://24.kg/kyrgyzcha/360141_kyishkyi_olimpiada-2026_kyirgyizstandan_eki_sportchu_katyishat/,,kyrgyz,0,high,news_site
2dc77928-02cb-4294-944c-36b66b75a90b,Токмок шаарында «Унаа» мекемесинин жаңы имараты курулат,"Мамлекеттик унааларды жана айдоочуларды каттоо борборунун Чүй-Кемин филиалы үчүн Токмок шаарында жаңы имарат курулат. Бул тууралуу Президенттин иш башкармалыгынан билдирди. Долбоор мамлекеттик кызмат көрсөтүүлөрдүн сапатын жогорулатуу жана жарандарга кызмат көрсөтүү шарттарын жакшыртуу максатында ишке ашырылат. Президенттин иш башкармалыгынын башчысы Каныбек Туманбаев жана борбордун директору Тынычбек Саидов шаарга барып, кырдаалды карап чыгышты. Курулуш үчүн болжол менен бир гектар жер аянты пландаштырылууда.",24.kg,https://24.kg/kyrgyzcha/367973_tokmok_shaaryinda_unaa_mekemesinin_janyi_imaratyi_kurulat/,,kyrgyz,0,high,news_site
77de6f75-fb4b-4be1-b395-575a929370a7,27-январга карата аба ырайы,"Эртең, 27-январда Жалал-Абад, Баткен облустарынын тоолуу райондорунда кар жаайт. Күндүз Талас, Жалал-Абад, Баткен облустарында, Чүй облусунун тоолуу райондорунда кар жаайт. Абанын температурасы: Чүй облусунда түнкүсүн −3...-8 күндүз 2...7 Таласта түнкүсүн −2...-7 күндүз 1...6 Баткенде түнкүсүн −1...-6 күндүз 1...6 Ош, Жалал-Абад облустарында түнкүсүн −1...-6 күндүз 1...6 Ысык-Көлдө түнкүсүн −1...-6 күндүз −1...+4 Нарында түнкүсүн −16...-21 күндүз −4...-9 Бишкекте түнкүсүн −3...-5°, күндүз 5...7° болот.",24.kg,https://24.kg/kyrgyzcha/359323_27-yanvarga_karata_aba_yirayyi/,,kyrgyz,0,high,news_site
49e48075-0cf4-40de-983c-1f47b89fd3e4,13-январга карата аба ырайы,"Кыргызгидромет кызматы билдиргендей, 13-январга караган түнү Ысык-Көл облусунун айрым жерлеринде кар жаашы күтүлөт, калган аймактарда жаан-чачын болбойт, ал эми күндүз жаан-чачын күтүлбөйт. Абанын температурасы: Чүйдө түнкүсүн −1...+4 күндүз 11...16 Таласта түнкүсүн 0...-5 күндүз 8...13 Баткенде түнкүсүн −3...+2 күндүз 9...14 Ош, Жалал-Абад облустарында түнкүсүн −3...+2 күндүз 9...14 Ысык-Көлдө түнкүсүн −3...-8 күндүз 1...6 Нарында түнкүсүн −21...-26 күндүз −9...-14 Бишкекте түнкүсүн −1 ...+1°, күндүз 14...16° болот.",24.kg,https://24.kg/kyrgyzcha/357533_13-yanvarga_karata_aba_yirayyi/,,kyrgyz,0,high,news_site
8b804a9a-658b-4b0a-9f74-01bfd3af95a0,Жогорку Кеңеште реформалар жасалат: Депутаттарга планшеттер берилет,"Жогорку Кеңеш реформаларды ишке ашырууну пландап жатат. Бул тууралуу төрага Марлен Маматалиев бүгүн, 18-февралдагы жыйында билдирди. Ал кесиптештерине президент Садыр Жапаров менен жолугушуп, парламенттин 5 жылдык стратегиясы жөнүндө маалымат берип, тиешелүү тапшырмалар алдыга коюлганын айтканын белгиледи. "" Мамлекет башчысы президенттин администрациясында, министрлер кабинетинде кандай чоң реформалар жөнүндө айтып берди. Санариптештирүү аркылуу алар чечимдерди тезирээк кабыл ала башташты жана адам ресурстарын жана убакытты натыйжалуу колдонуп жатышат. Ошондой эле чыгымдарды үнөмдөө маселеси бар — 2024-жылы санариптештирүү 1 миллиард 205 миллион сомду үнөмдөөгө мүмкүндүк берди"", — деди төрага. Анын айтымында, парламенттин мүчөлөрү үчүн 90 планшет сатып алуу боюнча буйрук чыгарылган, алар келип түшкөн бардык материалдарды изилдей алышат, учурда парламентке кагаз түрүндө келип жатат. Марлен Маматалиев учурда кагаздар тонналап келип жатканын белгиледи.",24.kg,https://24.kg/kyrgyzcha/362491_jogorku_keneshte_reformalar_jasalat_deputattarga_planshetter_berilet/,,kyrgyz,0,high,news_site
51a8a5ce-5d87-4382-a674-beae060e7cf1,Акын Аскат Жетигенге ырайым берилеби? Президенттин жообу,"Президент Садыр Жапаров «Кабар» агенттигине вебкам студиялардын негиздөөчүсү аталган Даниел Ажиевдин айланасындагы кептерге жооп берип жатып, абактагы акын Аскат Жетигенди бошотуу маселеси боюнча да билдирди. Өлкө башчысы акын ырайым сураса карап көрүшү мүмкүн экенин белгиледи. «Мен кимди чыгарышты, кимди чыгарбашты тандабайм. Ким ырайым сурап арыз менен кайрылса, арызынын негизинде чечим кабыл алам. Арыз менен кайрылбаган соттолуучуну кантип чыгарам. Арыз менен кайрылса, аны да караганга даярбыз», — деди Жапаров. Эске сала кетсек, Аскат Жетиген — массалык башаламандыктарды козутуу жана бийликти басып алуу боюнча айыпталып, үч жылга эркинен ажыратылган белгилүү акын жана жарандык активист. Кылмыш иши 2024-жылдын мартында башталган. Айыптоолор Жетигендин социалдык медиадагы видео билдирүүлөрүнөн келип чыккан, анда ал бийликтин аракеттерин сындаган.",24.kg,https://24.kg/kyrgyzcha/364802_akyin_askat_jetigenge_yirayyim_berilebi_prezidenttin_joobu/,,kyrgyz,0,high,news_site
72ced256-f6ee-4a18-8f72-267e5d337684,М. Жангазиев атындагы куурчак театрынын апрель айынын репертуары,"Муса Жангазиев атындагы Мамлекеттик куурчак театры апрель айына карата репертуарын жарыялады. 4 апрель (ишемби) 11:00 «Амалкөй куйручук» 12:30 «Кошки-Мышки» 16:00 «Ромео & Джульетта» премьера 5 апрель (жекшемби) 11:00 «Кошки-Мышки» 12:30 «Амалкөй куйручук» 16:00 «Ромео & Джульетта» премьера 11 апрель (ишемби) 11:00 «Туулган күн» 12:30 «Карлик Нос» 16:00 «Ромео & Джульетта» премьера 12 апрель (жекшемби) 11:00 «Карлик Нос» 12:30 «Туулган күн» 16:00 «Ромео & Джульетта» премьера 18 апрель (ишемби) 11:00 «Бардыгын билгим келет» 12:30 «Веселый светофор» 19 апрель (жекшемби) 11:00 «Веселый светофор» 12:30 «Бардыгын билгим келет» 25 апрель (ишемби) 11:00 «Пиноккионун жыгач шаары» премьера 12:30 «Деревяшки. Город для Пиноккио» премьера 26 апрель (жекшемби) 11:00 «Деревяшки. Город для Пиноккио» премьера 12:30 «Пиноккионун жыгач шаары» премьера Билет баасы 200 сом. 3 жаштан баштап төлөнөт. Коштоп келгендер да билет менен киришет. Жылдызча менен белгиленген спектаклдер — 500 сом Дареги: Бишкек ш., Ю. Абдрахманов көч., 230А e-mail: teatrkukol1939@mail.ru www.teatrkukol.kg Администратор: +996 312 670641 Вахта: +996 312 670617",24.kg,https://24.kg/kyrgyzcha/368528_mjangaziev_atyindagyi_kuurchak_teatryinyin_aprel_ayyinyin_repertuaryi/,,kyrgyz,0,high,news_site
913763d6-9ece-416f-869a-e0b4a229545e,Бүгүн Кыргызстанда айыл чарбаны каттоо башталат,"20-марттан 10-апрелге чейин, өлкөдө айыл чарбаны каттоо өткөрүлөт. Бул тууралуу Улуттук статистика комитетинин башчысы Элмира Алымкулова билдирди. Анын айтымында, мындай иш-чара он жылда бир жолу өткөрүлөт. Бирок, акыркы 22 жылдан бери  каттоо жүргүзүлгөн эмес. Айыл чарбаны каттоо төмөнкү көрсөткүчтөр боюнча так маалыматтарды берет: Улуттук статистика комитетинин төрайымы Элмира Алымкулова каттоо электрондук форматта өтөрүн жана алдыдагы кампаниянын негизги өзгөчөлүгү кагаз жүзүндөгү маалыматтардан толук баш тартуу болорун билдирди. Республика боюнча каттоо ишин жүргүзүүгө жалпысынан 6 миң 791 убактылуу кызматкер тартылат. Анын ичинде:",24.kg,https://24.kg/kyrgyzcha/366799_bugun_kyirgyizstanda_ayyil_charbanyi_kattoo_bashtalat/,,kyrgyz,0,high,news_site
bd62f67e-a27a-44ee-8007-5eef780a71eb,Пайдалуу кеңеш: Эмне үчүн эртең менен суюк тамак ичүү керек?,"Эртең мененки режимиңизди кайра карап чыгып, күнүңүздү кадимки бутерброддордун ордуна жылуу шорпо менен баштоого аракет кылыңыз. Бул Азия өлкөлөрүндө кылымдар бою жасалып келген, анткени суюк, ысык тамак - тамак сиңирүүнү акырын стимулдайт, ашказанды ашыкча жүктөбөйт жана суук аба ырайында организмдин тезирээк ойгонушуна жардам берет. Ашказан үчүн жеңилбаштоопайдалуу Түнкү тыныгуудан кийин тамак сиңирүү системасы жумшак иштейт. Ысык шорпо ашказанды ашыкча жүктөбөйт, оңой сиңет жана ашказан-ичеги трактынын иштешин акырындык менен камсыз кылат. Кургак бутерброддордон же таттуу кондитердик азыктардан айырмаланып, ал кислотанын же оордуктун кескин көтөрүлүшүнө алып келбейт. Көпкө токсактайт Шорпо суюктуктан, жашылчалардан, белоктон жана кээде дан өсүмдүктөрүнөн турат. Бул айкалыш ашыкча калориясыз көлөм берет жана ачкачылыкты басат. Бир табак шорподон кийин, эртең мененки тамактан бир саат өткөндөн кийин жеңил тамактарды жана таттууларды жегиси келбей калат. Эртең менен тамактанганды жактырбагандар үчүн ылайыктуу. Көптөгөн адамдар эртең мененки тамакты толук жеш кыйын деп эсептешет. Ошондуктан кофе тамактын ордун басат. Жеңил шорпо — жашылча, тоок эти же балык — оор ботко же омлетке караганда сиңирүү оңой. Аны жай, кичинекей ууртамдар менен ашыкча салмактан арылбай жесеңиз болот. Арыктоодо жардам берет Шорпо кошулган эртең мененки тамактын калориясы, адатта, кондитер азыктары, сыр же колбаса кошулган классикалык варианттарга караганда төмөн. Ошондой эле, ал сизди узак убакытка ток кармайт. Ошондуктан шорполор көбүнчө арыктоо жана майрамдан кийинки калыбына келүү диеталарына киргизилет. Ден соолугуна кам көргөндөр үчүн ыңгайлуу Эртең менен бышыруу зарыл эмес Бул шорпо эртең мененки даярдоону талап кылбайт. Аны 1-2 күн мурун жасап, жөн гана кайра жылытса болот. Бул аны эртең мененки тамакка ботко же куурулган жумурткага караганда кем эмес ыңгайлуу кылат, бирок организм үчүн бир топ пайдалуу.",24.kg,https://24.kg/kyrgyzcha/358546_paydaluu_kenesh_emne_uchun_erten_menen_suyuk_tamak_ichuu_kerek/,,kyrgyz,0,high,news_site
837ea84c-d7be-4735-9221-17063f940021,ФИФА дүйнө жүзү боюнча 100 футбол академиясын ачат,"Эл аралык футбол федерациясынын (ФИФА) глобалдык футболду өнүктүрүү боюнча башчысы Арсен Венгер ар бир балага өз потенциалын ишке ашырууга мүмкүнчүлүк берүү үчүн 100 өлкөдө академияларды ачуу планын жарыялады. Бул тууралуу чет элдик спорт басылмалары жазып чыкты. Маалыматка ылайык, учурда 60 өлкөдө 60ка жакын академия иштеп жатат жана долбоордун максаты бардык өлкөлөрдүн балдарына ойноо мүмкүнчүлүк берүүнүн маанилүүлүгүн көрсөтүү болуп саналат. «Биз өлкөлөрдүн ичинде иштейбиз, таланттарды аныктайбыз, аларды окутабыз жана аларга турнирлерге катышууга мүмкүнчүлүк беребиз. ФИФАнын 17 жашка чейинкилер арасындагы дүйнөлүк чемпионаты учурда жыл сайын өткөрүлөт. Эми биз бардык өлкөлөр үчүн 15 жашка чейинкилер арасындагы турнир уюштургубуз келет. Балдарга тандоо турлары болбойт. Бардык 211 өлкөнүн баары катышып, дүйнөлүк деңгээлде ойноого мүмкүнчүлүк берилет», — деди Венгер. Ал академия долбоорунун дүйнөлүк футболду өзгөртүү мүмкүнчүлүгүн баса белгиледи. ""Биздин максатыбыз — 100 өлкөдө 100 ФИФА академиясын ачуу. Акыркы 10 жылда Европадан артта калган өлкөлөрдүн потенциалын өнүктүрүү үчүн көп иштер жасалды. Бул өлкөлөр олуттуу ийгиликтерге жетишти, деңгээл акырындык менен теңелүүдө жана футбол дүйнө жүзү боюнча жакшырды"",- деп кошумчалады.",24.kg,https://24.kg/kyrgyzcha/363218_fifa_duyno_juzu_boyuncha_100_futbol_akademiyasyin_achat/,,kyrgyz,0,high,news_site
6395d31e-5aa6-444b-bd10-30166953491e,Франция чет өлкөлүк студенттер үчүн окуу баасын дээрлик 20 эсеге көбөйттү,"Францияда Европа Биримдигине кирбеген мамлекеттерден келген чет өлкөлүк студенттер үчүн окуунун баасын олуттуу жогорулатуу пландалууда. Бул тууралуу өлкөнүн Жогорку билим берүү министрлиги «Жогорку билим алуу үчүн Францияны танда» деп аталган жаңы өнүктүрүү стратегиясын сунуштоодо билдирди. Евробиримдикке кирбеген өлкөлөрдөн келген студенттер окуу үчүн көбүрөөк төлөшү керек болот. Франциянын Жогорку билим берүү министри Филипп Баптисттин айтымында, чет өлкөлүк студенттердин 90 пайызга жакыны окуунун толук наркын төлөшөт. Бул мамлекеттик стратегиянын бир бөлүгү болуп саналат. Европалык эмес өлкөлөрдөн келген студенттердин көпчүлүгү төмөнкү сумманы төлөшү пландалууда: Жогорку билим берүү министри Франциянын университеттеринде Евробиримдикке кирбеген өлкөлөрдүн студенттери үчүн дифференцияланган (айырмаланган) окуу акысын киргизүүнү каалайт. Ал 2019-жылы киргизилген, бирок буга чейин чоң таасирин тийгизген эмес, деп айтылат «Le Parisien» гезитине берген маегинде. «Университеттер мындан ары өтө өзгөчө учурлар үчүн каралган массалык жеңилдиктерди бере алышпайт... Биз акыркы жылдары бир аз четтеп кеткен мыйзамга жана фундаменталдык принциптерге кайтып жатабыз. Дифференцияланган төлөм — бул эреже, ал эми жеңилдиктер — өзгөчө учур», — деди Филипп Баптист.",24.kg,https://24.kg/kyrgyzcha/372832_frantsiya_chet_olkoluk_studentter_uchun_okuu_baasyin_deerlik_20esege_koboyttu/,,kyrgyz,0,high,news_site
88af0eab-f9fb-4d89-baff-a11cb6960728,Министрлер кабинети санариптик сомду 2026-жылдын аягына чейин ишке киргизет,"Министрлер кабинети санариптик сомду 2026-жылдын аягына чейин ишке киргизүүнү көздөп жатат. Бул маалымат өкмөттүн иш-аракеттер планына киргизилген. Сыноо иш чараларын киргизүү 2026-жылдын төртүнчү чейрегинде башталып, 2027-жылдын экинчи чейрегине чейин созулат деп белгиленген. Бул мезгилде санариптик сом платформасы иштелип чыгат жана ортомчуларсыз P2P которуулары сыноодон өткөрүлөт. Долбоор Улуттук банк тарабынан каржыланат. Мурда Кыргыз Республикасынын Улуттук банкынын төрагасы Мелис Тургунбаев санариптик сомдун накталай жана накталай эмес акча менен катар улуттук валютанын үчүнчү түрү катары мыйзам тарабынан бекитилгенин белгилеген. Жеке жана юридикалык жактар ​​акча каражаттарын накталай жана санариптик формалардын ортосунда которо алышат.",24.kg,https://24.kg/kyrgyzcha/358303_ministrler_kabineti_sanariptik_somdu_2026-jyildyin_ayagyina_cheyin_ishke_kirgizet/,,kyrgyz,0,high,news_site
cb46ccff-7ff5-4e0d-95f4-f2dcee1193e1,Президент Кадамжай районундагы «Торговый» базарынын соодагерлери менен жолугушту,"Садыр Жапаров бүгүн, 6-майда Баткен облусуна болгон кыска мөөнөттүү жумушчу сапарынын жүрүшүндө Кадамжай районунун Ак-Турпак айыл аймагындагы «Торговый» базарына барды. Бул тууралуу президенттин басма сөз кызматы билдирет. Мамлекет башчысына базардын учурдагы абалы жана соода шарттары тууралуу маалымат берилди. Андан соң президент сатуучулар жана жергиликтүү тургундар менен баарлашып, алардын сунуш-пикирлерин укту. Маалым болгондой, 4 гектар аянтты ээлеген бул базар чек арага жакын аймактагы маанилүү соода түйүндөрүнүн бири болуп саналат. Негизги соода күнү шаршембиге туура келип, бул убакта 400гө жакын соодагер келет. Ал эми автоунаа жолунун боюнда туруктуу негизде 50гө жакын соода түйүнү иш алып барат. Белгилей кетсек, мамлекет башчысынын Баткен облусуна болгон бул сапары биринчи кезекте мамлекеттик чек араны демаркациялоо маселелери менен жеринен таанышуу зарылдыгына байланыштуу болду. Президенттин аймак тургундары менен кеңири форматтагы жолугушуулары анын облуска боло турган кийинки иш сапарынын алкагында өткөрүлөрү пландалууда.",24.kg,https://24.kg/kyrgyzcha/373024_prezident_kadamjay_rayonundagyi_torgovyiy_bazaryinyin_soodagerleri_menen_jolugushtu/,,kyrgyz,0,high,news_site
5196319d-8e02-4d1d-9c86-3f53966d9f7d,Данияр Бапышов шаар куруу жана архитектура департаментинин директору болду,"Данияр Бапышов Нуруясович Курулуш, архитектура жана турак жай-коммуналдык чарба министрлигинин Шаар курулушу жана архитектура департаментинин директору болуп дайындалды. Тиешелүү тескемеге министрлер кабинетинин төрагасы Адылбек Касымалиев кол койду. Дайындалганга чейин Данияр Бапышов Шаар курулушу жана архитектура департаментинин директорунун орун басары болуп иштеген жана архитектуралык пландаштыруу жана муниципалдык органдарда жетекчилик кызматтарды ээлеген. Анын кесиптик тажрыйбасы аймактык пландаштыруу, жер мамилелери жана шаар курулушу эрежелерин сактоону камтыйт.",24.kg,https://24.kg/kyrgyzcha/358722_daniyar_bapyishov_shaar_kuruu_jana_arhitektura_departamentinin_direktoru_boldu/,,kyrgyz,0,high,news_site
6102991c-2c40-40fa-9325-913b295da94b,Казакстандан келген 22 тонна картошка кайра кайтарылды,"22 тонна картошка Казакстандан Кыргызстанга киргизилген жок. Бул тууралуу Суу ресурстары, айыл чарба жана кайра иштетүү өнөр жайы министрлиги билдирди. Маалыматка ылайык, жүк Чүй-Бишкек башкармалыгынын «Ак-Тилек» өткөрмө пунктунда текшерилип, Казакстандан кирген 22 тонна картошка фитосанитардык көзөмөлдөө учурунда продукциянын таңгагында маркировка жок экендиги аныкталган. Евразия экономикалык комиссиясынын Кеңешинин 2016-жылдын 30-ноябрындагы № 157 Чечимине ылайык, карантинге алынган продукциянын ар бир таңгагында продукциянын аталышы, чыгарылган өлкө, экспорттоочу өлкө жана (же) реэкспортер өлкө жөнүндө маалыматтарды камтыган маркировкасы болушу керек. Карантин алдындагы жүктү маркировкасыз алып кирүү Евразия экономикалык биримдигинин бирдиктүү карантиндик фитосанитардык талаптарын бузуу болуп саналат. Ошого байланыштуу бул жүк импортер өлкөгө кайра кайтарылган.",24.kg,https://24.kg/kyrgyzcha/369426_kazakstandan_kelgen_22tonna_kartoshka_kayra_kaytaryildyi/,,kyrgyz,0,high,news_site
d9e993f1-c556-4979-aded-c72735c20a83,Бүгүн Бишкектин бир бөлүгүндө суу өчүрүлөт,"Бүгүн, 7-апрелде турак жайларда, мектептерде, мектепке чейинки билим берүү мекемелеринде, саламаттыкты сактоо мекемелеринде жана башка социалдык жана өнөр жай объектилеринде ичүүчү суу берүү саат 09:00дөн 02:00гө чейин токтотулат. Бул тууралуу Бишкек мэриясынан билдирди. Өчүрүү аймагы: — Алыкулов көчөсү — Кустанай көчөсү — Муромск көчөсү — Садыгалиев көчөсү — Л. Толстой көчөсү — Кока-Кола аймагы; — Садыгалиев көчөсү — Д. Сяопин проспектиси — П. Лумумбы көчөсү — Волков көчөсү — Кустанай көчөсү андан ары Алимжан-Ата көчөсү — ЧЧК — Ленская көчөсү — Космонавттар көчөсү — Коммунаров көчөсү — ЧЧК — Ала-Арча дарыясы — Рыскулов көчөсү — Д. Сяопин проспектиси — Пишпек көчөсү — Джамгырчинов көчөсү — Кайназарова көчөсү — Гатчинский тилкеси — П. Лумумбы көчөсү — Джамгырчинов көчөсүнөн Садыгалиев көчөсүнө чейин. — «Аскер шаарчасы», «Кызыл Аскер», 110-квартал, «Достук» кичи району. Өчүрүү «Западный» суу алгычында жана шаардын суу менен камсыздоо тармактарында оңдоо иштерине байланыштуу болууда. «Бишкексууканал» муниципалдык ишканасы келтирилген ыңгайсыздык үчүн кечирим сурайт жана ишканаларды жана тургундарды ичүүчү сууну алдын ала камдап алууну суранат.",24.kg,https://24.kg/kyrgyzcha/369195_bugun_bishkektin_bir_bolugundo_suu_ochurulot/,,kyrgyz,0,high,news_site
e31b8bdb-24f1-4b2c-b9c6-e5dca59ddaf6,Автордук укук. 2025-жылы автордук укуктар 27 миллион сомдон ашты,"Кыргызстанда Илим, жогорку билим берүү жана инновация министрлиги 2025-жылга карата автордук укук жана чектеш укуктар жаатындагы ишмердүүлүгүнүн жыйынтыгын чыгарды. Маалыматка ылайык, чогултулган автордук укуктун суммасы 27 миллион сомдон ашкан. Бул укук коргоо практикасынын өсүшүн жана интеллектуалдык менчикти колдонуу маданиятынын жакшырганын көрсөтүп турат, деп айтылат отчетто. Бул мезгилде колдонуучулар менен автордук укук жана чектеш укуктар боюнча 358 лицензиялык келишим түзүлүп, 531 автордук укук жана чектеш укуктар катталган. Бул чараларды ишке ашыруу автордук укук ээлеринин укуктук жактан корголушун күчөтүүгө, чыгармачыл тармактарды өнүктүрүүгө жана Кыргыз Республикасынын инновациялык экономикасы үчүн жагымдуу шарттарды түзүүгө багытталган.",24.kg,https://24.kg/kyrgyzcha/357188_avtorduk_ukuk_2025-jyilyi_avtorduk_ukuktar_27million_somdon_ashtyi/,,kyrgyz,0,high,news_site
f60c2e75-de1f-4058-90e9-c3e5fbf92dd4,"Быйыл дыйкандарга 3,7 миллиард сомдук 1089 даана техника берилди","Суу ресурстары, айыл чарба жана кайра иштетүү өнөр жайы министрлиги тарабынан айыл чарба техникаларын жаңылоо жана дыйкандарды колдоо багытында иштер улантылууда. 2011-жылдан тартып Министрлер Кабинетинин колдоосунда «Айыл Банк» жана «Элдик Банк» аркылуу жети лизинг долбоору ишке ашырылган. Анын алкагында дыйкандарга айыл чарба техникалары жана кайра иштетүүчү жабдуулар жеңилдетилген шартта берилет. Техникалар 7 жылдык мөөнөткө, жылдык 6% үстөк менен лизингге сунушталууда. Жалпысынан мамлекеттик колдоонун негизинде 32 млрд сомго 11 миң 378 даана техника берилди. Анын ичинде 2026-жылы 3,7 млрд сомго 1 089 даана техника дыйкандарга жеткирилди. Бул иштер айыл чарба тармагын механизациялоону жакшыртып, өндүрүштүн эффективдүүлүгүн жогорулатууга өбөлгө түзүүдө.",24.kg,https://24.kg/kyrgyzcha/366329_byiyyil_dyiykandarga_37_milliard_somduk_1089_daana_tehnika_berildi/,,kyrgyz,0,high,news_site
ae0244f1-9644-4ab0-a68c-ad7000705238,Шашылыш билдирүү! Кар көчкү түшүү кооптуулугу сакталууда,"Эртең, 6-марттан 10-мартына чейин туруксуз аба ырайына байланыштуу Кыргызстандын тоолуу райондорунда кар көчкү түшүүсү жана кар күрткүсү күтүлөт. Бул тууралуу Өзгөчө кырдаалдар министрлиги билдирди. Маалыматка ылайык, кар көчкү түшүү коркунучу Кыргызстандын тоолуу райондорунда, атап айтканда: ӨКМ жолдор тайгак болуп, муз тоңушу мүмкүн экенин эскертип, айдоочуларга унаалардын ортосунда кеминде 500 метр аралык сактоону сунуштады.",24.kg,https://24.kg/kyrgyzcha/364705_shashyilyish_bildiruu_kar_kochku_tushuu_kooptuulugu_saktaluuda/,,kyrgyz,0,high,news_site
cee6defd-ec34-4502-8d34-d3254354a71a,Республикалык олимпиаданын жеңүүчүлөрү сыйланды,"«Сейтек» балдардын жана өспүрүмдөрдүн улуттук борборунда мектеп окуучуларынын республикалык олимпиадасынын жеңүүчүлөрүн сыйлоо аземи өттү. Бул тууралуу Агартуу министрлигинен билдиришти. Маалыматка ылайык, министрлер кабинетинин төрагасынын орун басары Эдил Байсалов өз сөзүндө өлкөнүн келечеги билим жана илимге умтулган жаштардын колунда экенин белгилеп, олимпиада жеңүүчүлөрүн куттуктады. «Сиздерге суктануу менен кошо толкунданып турам. Бир убакта мен дагы сиздердей бир нече жолу республикалык олимпиаданын катышуучусу болгом. Сиздердин өжөрдүгүңүздөр жана тырышчаактыгыздар бүгүнкү ийгиликке жеткирди», — деди Эдил Байсалов. Агартуу министри Догдургүл Кендирбаева билим таймашында ийгиликке жетишкен окуучулардын талыкпас эмгеги, тынымсыз изденүүсү жана максатка умтулуусу өз жемишин бергенин баса белгиледи. «Быйыл өлкө боюнча республикалык олимпиадага жалпы 24 миң окуучу катышты. Алардын ичинен эң мыктылары тандалып, 322 окуучу финалдык баскычка жетти. Бул жерде тургандардын баары сиздер мыкты жана таланттуу окуучуларсыздар. Ар бир катышуучу — жеңиштин ээси деп эсептейм. Сиздер эл аралык олимпиадаларда да жеңишке жетишип, Кыргызстандын желегин бийик көтөрөсүздөр деп ишенем». — деп билдирди министр. Ошондой эле Догдуркүл Кендирбаева окучуларды даярдаган мугалимдерге терең ыраазычылык билдирип, президенттин колдоосу менен бардык мугалимдердин айлык маяналары жогорулатуу алдында турганын айтты. Белгилей кетсек, республикалык олимпиаданын жыйынтыктоочу IV этабы 27—28-март күндөрү Ч. Айтматов атындагы Бишкек «Айчүрөк» лицейи жана И. Арабаев атындагы Кыргыз мамлекеттик университети базасында өткөрүлдү. Ага өлкө боюнча олимпиаданын III (облустук) этабында жеңишке жетишкен мамлекеттик жана жеке менчик мектептерден 322 окуучу 17 предмет боюнча катышты. Жалпы жыйынтык: Командалык эсепте:",24.kg,https://24.kg/kyrgyzcha/368032_respublikalyik_olimpiadanyin_jenuuchuloru_syiylandyi/,,kyrgyz,0,high,news_site
9faa730d-9039-4b97-b71f-a7e6213319ea,Президент Кара-Кулжада Калкты тейлөө боюна маданий борборду ачты,"Президент Садыр Жапаров бүгүн, 14-апрелде Ош облусуна болгон иш сапарынын алкагында Кара-Кулжа айылындагы Калкты тейлөө боюнча маданий борбордун ачылыш аземине катышты. Борбор мамлекеттик кызматтарды комплекстүү түрдө көрсөтүүнү камсыздап, социалдык багыттагы объекттерди бир жерде жайгаштырууга багытталган. Садыр Жапаров үч кабаттуу имараттын инфраструктурасы менен таанышып, андагы калкты тейлөө бөлүмдөрүн, кинотеатр, машыгуу залын, банк бөлүмдөрүн, конференц-залды жана башка коомдук жайларды көрүп чыкты. Курулуш, архитектура жана турак жай-коммуналдык чарба министри Нурдан Орунтаев мамлекет башчысына жер тилкесинин жалпы аянты 0,45 гектарды түзөрүн маалымдап, долбоор район тургундары жана коноктору үчүн ыңгайлуу шарттарды түзүүгө багытталганын белгиледи. Андан соң президент жергиликтүү тургундар менен баарлашып, мындай борборлор өлкөнүн башка райондорунда да ачыларын айтты. Өз кезегинде жашоочулар ишке ашырылып жаткан демилгелердин калктын жашоо шартын жакшыртуудагы маанисин белгилешип, аймактарды өнүктүрүүгө көңүл буруп жатканы үчүн ыраазычылык билдиришти.",24.kg,https://24.kg/kyrgyzcha/370289_prezident_kara-kuljada_kalktyi_teyloo_boyuna_madaniy_borbordu_achtyi/,,kyrgyz,0,high,news_site
735d9157-0fbc-4b9e-a4a9-fdb4748aa741,ӨКМ: Бишкек жана Чүйдө катуу шамал күтүлүүдө,"Жакынкы бир саат аралыгында жана кечинде Бишкек шаарында жана Чүй өрөөнүндө катуу шамал күтүлүүдө. Бул тууралуу Өзгөчө кырдаалдар министрлиги Кыргыз гидрометеорологиялык борборунун маалыматтарына таянып билдирди. Маалыматка ылайык, борбор калаада жана Чүй өрөөнүндө батыштан соккон шамал саат 15:15тен кийинки саатка жана кечке чейин күчөйт деп болжолдонууда. Шамалдын ылдамдыгы секундасына 15-20 метрге жетиши мүмкүн. Аймактын тургундарынан жана конокторунан сак болууга чакырылды. Өзгөчө кырдаалдар министрлиги өзгөчө кырдаал болгон учурда 112 номерине чалууну эскертти.",24.kg,https://24.kg/kyrgyzcha/364554_okm_bishkek_jana_chuydo_katuu_shamal_kutuluudo/,,kyrgyz,0,high,news_site
3722268d-e862-4ce6-a1c0-19e303d62682,Акыйкатчы институту карылар үйүндө бир катар кемчиликтерди аныктады,"Акыйкатчы институтунун алдындагы Кыйноолордун алдын алуу борбору Чүй облусундагы Төмөнкү Серафимовка карылар үйүнө мониторинг жүргүздү. Бул тууралуу Акыйкатчылыктын басма сөз кызматы билдирди. Маалыматка ылайык, текшерүүнүн жүрүшүндө мекемеде жашаган 15 кары адамдын паспорту жок экени белгилүү болду. Алардын айрымдары архивдик маалыматтардын жоктугунан улам пенсияга чыга албай жатышат. Ошондой эле айрымдар медициналык кызматтын сапатына нааразычылыгын билдиришсе, мекеме жетекчилиги дарылоо иштери туруктуу жүргүзүлүп жатканын кабарлады. Мындан тышкары, айлык акынын аздыгынан карылар үйүндө эркек санитарлардын жетишсиздиги айтылды. Учурда жалаң аял кызматкерлер оор абалдагы бейтаптарга кам көрүүгө аргасыз болууда. Белгиленгендей, аталган карылар үйүндө жалпы 276 адам жашайт, анын 150сү майыптыгы бар жарандар болсо, 126сы улгайган адамдар. Буга байланыштуу акыйкатчы Жамиля Жаманбаева мамлекеттик органдарды социалдык мекемелерде жашаган карылардын жана майыптыгы бар адамдардын укуктарын камсыздоого чакырды.",24.kg,https://24.kg/kyrgyzcha/367201_akyiykatchyi_institutu_karyilar_uyundo_bir_katar_kemchilikterdi_anyiktadyi/,,kyrgyz,0,high,news_site
aad20fa8-e477-4c06-a52e-ee7c7bd54ec1,Кыргызстандын Чикаго шаарындагы Башкы консулу дайындалды,"Чыңгыз Эшимбеков Кыргызстандын АКШнын Чикаго шаарындагы Башкы консулу болуп дайындалды. Бул тууралуу президенттик администрациясы билдирди. Президент Садыр Жапаров кол койгон Жарлыкка ылайык, Кыргыз Республикасынын Конституциясынын 70-беренесинин 6-бөлүгүнүн 4-пунктуна, 71-беренесине ылайык, Эшимбеков Чыңгыз Казыбаевич Кыргыз Республикасынын Америка Кошмо Штаттарынын Чикаго шаарындагы Башкы консулу болуп дайындалды. Белгилей кетсек, Чыңгыз Эшимбеков 2019—2023-жылдары Кыргызстандын Катар мамлекетиндеги элчиси болуп иштеген.",24.kg,https://24.kg/kyrgyzcha/362536_kyirgyizstandyin_chikago_shaaryindagyi_bashkyi_konsulu_dayyindaldyi/,,kyrgyz,0,high,news_site
91edb504-e132-4894-9cd2-489cd94d19a7,"Бишкекте 298 трансформатор оңдолуп, 38 даана жаңысы орнотулат","Быйыл Бишкек шаарында чыңалуусу 6—10/0,4 кВ болгон 298 трансформатор оңдоодон өтүп, 38 жаңы трансформатор орнотулат. Бул тууралуу Энергетика министрлиги билдирди. Маалыматка ылайык, бул иштер март айынан ноябрь айына чейин жүргүзүлөт. Трансформаторлор төмөнкү райондук электр тармактарында жаңыланат: Белгилей кетсек, Бишкек электр тармактар ишканасынын балансында жалпы 2 248 даана трансформатор бар. Жылдын аягына чейин алардын бардыгы техникалык тейлөөдөн жана оңдоп-түзөөдөн өткөрүлөт.",24.kg,https://24.kg/kyrgyzcha/366077_bishkekte_298_transformator_ondolup_38daana_janyisyi_ornotulat/,,kyrgyz,0,high,news_site
9431a8d5-44bb-4313-9c2f-3ee445285168,Мектеп окуучуларынын республикалык олимпиадасынын IV этабы башталды,"Бүгүн, 27-мартта Кыргызстанда мектеп олимпиадасынын төртүнчү этабы башталды. Бул тууралуу Агартуу министрлиги билдирди. Маалыматка ылайык, ачылыш аземи Чыңгыз Айтматов атындагы Бишкек лицейи базасында өтүп, ага Кыргыз Республикасынын агартуу министринин орун басары Надира Джусупбекова, Билимди баалоо жана окутуу усулдары борборунун директору Чынара Батракеева, «Кыргызстан Маариф» фондунун директорунун орун басары Кыялбек Акматов жана башкалар катышты. Министрдин орун басары Надира Джусупбекова өз сөзүндө олимпиаданын башкы принциби татыктуулардын жеңиши экенин белгиледи. «Сиздер бүгүн бул жерге келүү үчүн чоң эмгек жумшап, тынымсыз издендиңиздер. Ошондуктан ар бириңиздер буга чейин эле жеңүүчүсүздөр. Өзүңүздөргө ишенип, мыкты жыйынтыктарды көрсөтө турганыңарга ишенем. Ар бириңиздер өлкөбүздүн келечеги болуп, илим менен билимдин өнүгүшүнө салым кошо турган жаш муунсуздар. Баарыңыздарга ийгилик каалайм, чыныгы татыктуулар жеңсин», — деди ал. Республикалык олимпиаданын бул этабына облустук жана шаардык турларда 1—2-орундарды ээлеген 330га жакын окуучу катышууда. Олимпиада төмөнкү билим берүү уюмдарында өткөрүлүүдө: Олимпиада эки күнгө созулуп, 30-мартта жеңүүчүлөрдү салтанаттуу сыйлоо аземи өткөрүлөт.",24.kg,https://24.kg/kyrgyzcha/367739_mektep_okuuchularyinyin_respublikalyik_olimpiadasyinyinIV_etabyi_bashtaldyi/,,kyrgyz,0,high,news_site
693aa79c-728a-48eb-9077-d7001c234968,"Былтыр Кыргызстанга которулган акчанын жалпы көлөмү 3,5 миллиард долларды түзгөн","2025-жылы Кыргызстанга которулган акчанын жалпы көлөмү 3,491,2 миллион долларды түзгөн. Бул тууралуу Улуттук банк билдирди. Белгилей кетсек, негизги агым КМШ өлкөлөрүнөн келип, жалпысынан 3,293 миллиард долларды түзгөн. Ал эми КМШдан тышкаркы өлкөлөрдөн агым 198 миллион долларды түзгөн. Ошол эле учурда, жыл аягында Кыргызстандагы акча которуулардын көлөмү 373,7 миллион долларды түздү, анын ичинен 340,4 миллион доллар КМШ өлкөлөрүнө, ал эми 33,4 миллион доллары КМШдан тышкаркы өлкөлөргө кеткен.",24.kg,https://24.kg/kyrgyzcha/364820_byiltyir_kyirgyizstanga_kotorulgan_akchanyin_jalpyi_kolomu_35_milliard_dollardyi_tuzgon/,,kyrgyz,0,high,news_site
c7141ff5-2e03-47dd-9459-372fcff95276,Эл аралык «XVII КИТЕП FEST — 2026» китеп фестивалы өтөт,"23—24-апрель күндөрү Жалал-Абад облусундагы Манас шаарында жыл сайын өткөрүлүп келе жаткан Эл аралык «XVII КИТЕП FEST — 2026» китеп фестивалы уюштурулат. Бул тууралуу Маданият, маалымат жана жаштар саясаты министрлиги билдирди. Маалыматка ылайык, иш-чара Жалал-Абад облустук китепканасынын 100 жылдык мааракесине арналат. Фестивалдын негизги максаты — улуттук китеп басып чыгаруунун жетишкендиктерин кеңири жайылтуу, басмаканалар ортосундагы кызматташтыкты чыңдоо жана коомдо китеп окуу маданиятын өнүктүрүү. Фестивалга Россия, Казакстан, Өзбекстан өлкөлөрүнөн акын-жазуучулар, басмаканалардын өкүлдөрү, ошондой эле маданият жана адабият чөйрөсүнүн ишмерлери катышат. Мындан тышкары, Кыргызстандын бардык аймактарынан — республикалык, облустук, райондук, шаардык жана айылдык китепканалардын өкүлдөрү да катышат. Иш-чаранын алкагында китеп көргөзмөлөрү,белгилүү акын-жазуучулар менен жолугушуулар, концерттик программалар, адабий конкурстар ,театрлаштырылган оюн-зооктор, китеп окууну жайылткан интерактивдүү иш-чаралар уюштурулат Ошондой эле китеп жумалыгынын алкагында республика боюнча бардык деңгээлдеги китепканаларда параллелдүү түрдө китеп фестивалдары жана маданий иш-чаралар өткөрүлөт.",24.kg,https://24.kg/kyrgyzcha/371005_elaralyik_XVIIkitep_FEST_2026_kitep_festivalyi_otot/,,kyrgyz,0,high,news_site
1de52944-ef0f-4c2b-be87-db9a941bd126,Бүгүнкү доллардын курсу,"Бүгүн, 5-май саат 09:30га карата Кыргызстандын коммерциялык банктарда жана акча алмаштыруучу жайларда 1 долларды сатып алуу 87 сом 50 тыйын болсо, сатуу 87 сом 85 тыйындан болууда. Ал эми Улуттук банкта 1 доллардын курсу 87 сом 42 тыйын деп көрсөтүлгөн",24.kg,https://24.kg/kyrgyzcha/372895_bugunku_dollardyin_kursu/,,kyrgyz,0,high,news_site
f225ef38-231d-4e13-89e5-931ae4b36ba4,Кыргызстандын мектептеринде 900гө жакын мугалим жетишпейт,"Кыргызстандын мектептеринде 900гө жакын мугалим жетишпейт. Бул тууралуу бүгүн маалымат жыйынында Агартуу министри Догдуркүл Кендирбаева билдирди. Анын айтымында, негизинен орус тилдүү мектептерде кадрлар тартыш. «Эки жыл мурун мен Кыргыз-Россия Славян университетинин базасында орус тилинде мугалимдерди даярдоо жана кайра даярдоо факультеттерин ачууну сунуштагам. Ал эми кыргыз тилдүү мектептерде предметтик мугалимдер жетиштүү», — деди Догдуркүл Кендирбаева. Ал белгилегендей, татыктуу эмгек акы кырдаалды өзгөртө алат, бирок жергиликтүү бийлик органдары да мугалимдерди тартууга жана кармап калууга кызыкдар болушу керек. Догдуркүл Кендирбаева кошумчалагандай, коомдо пенсионерлер ордун жаш педагогдорго бошотуп бериши керек деген пикирлер көп айтылууда. «Азыр чынында эле чоң маселе жаралды — бул пенсионерлердин иштеши. Жаңы Эмгек кодекси педагогикалык кызматкерлердин жашына чектөө койбойт. Биз артыкчылыктуу тартипте окуу сааттары менен жаш адистерди камсыздоону сунуштадык», — деп белгиледи Агартуу министри.",24.kg,https://24.kg/kyrgyzcha/372024_kyirgyizstandyin_mektepterinde_900go_jakyin_mugalim_jetishpeyt/,,kyrgyz,0,high,news_site
34ef1072-c58c-4e84-a72c-b38fdc5937c0,Бишкектеги «Тазалык» ишканасы жумушка чакырат: Эмгек акысы 40-45 миң сом,"Бишкек шаарындагы «Тазалык» муниципалдык ишканасы шаарды тазалоо, көрктөндүрүү жана санитардык абалды жакшыртуу иштерин жүргүзүү үчүн жоопкерчиликтүү жана эмгекчил жарандарды жумушка чакырат. Бул тууралуу мэриядан билдирди. Маалыматка ылайык, учурда төмөнкү бош жумуш орундары бар: Эмгек акысы 40-45 миң сом. Кошумча маалымат алуу үчүн төмөнкү дарекке кайрылууга болот: Ростовская көчөсү, 19Б.",24.kg,https://24.kg/kyrgyzcha/370720_bishkektegi_tazalyik_ishkanasyi_jumushka_chakyirat_emgek_akyisyi_40-45_min_som/,,kyrgyz,0,high,news_site
da11b599-47a4-4b62-8a65-cc9710ef3900,"Ашуулардагы абал: Жолдор ачык, каттам бар","Бүгүн, 6-март саат 09:30 карата республиканын негизги ашууларында жана унаа жолдордо жол кыймылына чектөө жок. Бул тууралуу «Кыргызавтожол-Түндүк» мамлекеттик ишканасынын басма сөз кызматы билдирди. Маалыматка ылайык, Бишкек-Ош унаа жолунун Төө-Ашуу ашуусуна оор жүк ташуучу унаалар үчүн киргизилген чектөө бүгүн, саат 7:30 алынды. Суусамыр-Талас-Тараз унаа жолунун Өтмөк ашуусунда кар жаап жатат, учурда каттам бар. Барскоон-Ак-Шыйрак унаа жолундагы Сөөк жана Каракол-Эңилчек унаа жолундагы Чоң-Ашуу ашуусунда күн бүркөк, каттам бар. Бишкек-Нарын-Торугарт унаа жолундагы Долон, Чар, Ак-Бейит, Кубакы ашуулары жана Боом капчыгайында күн бүркөк, жол кыймылы үзгүлтүксүз жүргүзүлүүдө. 2026-жылдын 5-мартынан 10- мартына чейин туруксуз аба-ырайына байланыштуу Кыргызстандын тоолуу райондорунда кар көчкү түшүүсү күтүлөт, жолдор тайгак болуп муз тоңот. Мындан улам аталган жолдор аркылуу сапарга чыгууда унаалардын ортосундагы 500 метр аралык кыймыл чектелиши зарыл. Жол тейлөө ишканасынын кызматкерлери тарабынан бардык унаа жолдордо жана ашууларда жол кыймылынын коопсуздугун камсыз кылуу боюнча тиешелүү иштер күн сайын, күнү-түнү жүргүзүлүүдө. Жол кырдаалы туруктуу көзөмөлдө турат.",24.kg,https://24.kg/kyrgyzcha/364795_ashuulardagyi_abal_joldor_achyik_kattam_bar/,,kyrgyz,0,high,news_site
b85b8c36-7f3e-48eb-b118-835383336160,Былтыр Кыргызстанда 60тан ашык айыл чарба ишканалары ачылган,"2025-жылы Кыргызстанда 60тан ашык айыл чарба ишканалары ачылган. Бул тууралуу Суу чарбасы, айыл чарба жана кайра иштетүү өнөр жай министрлигинин басма сөз кызматы билдирди. Маалыматка ылайык, отчеттук мезгилде өлкө боюнча айыл чарба продукцияларын кайра иштетүүгө жана соода-логистикалык инфраструктураны өнүктүрүүгө багытталган 63 жаңы ишкана ишке киргизилген. Алардын катарына соода-логистикалык борборлор, дан азыктарын кайра иштетүүчү заводдор, мөмө-жемиш жана мөмө-жемиштерди кайра иштетүүчү заводдор, сүт азыктарын өндүрүүчү заводдор, эт өндүрүүчү заводдор, балык өндүрүүчү заводдор, жүн өндүрүүчү заводдор, өсүмдүк майын өндүрүүчү заводдор жана органикалык өндүрүш объектилери кирген. Жалпысынан 2707 жумуш орду түзүлгөн. Өткөн жылдын январынан ноябрына чейин өлкөнүн жалпы өнөр жай өндүрүшүндөгү тамак-аш кайра иштетүүчү ишканалардын үлүшү 17,4 пайызга жеткен. Айыл чарба ишканалары 94,2 миллиард сомдук азык-түлүк продукцияларын өндүрүшкөн. 2026-жылы 75 жаңы кайра иштетүүчү заводду ишке киргизүү пландаштырылууда.",24.kg,https://24.kg/kyrgyzcha/357195_byiltyir_kyirgyizstanda_60tan_ashyik_ayyil_charba_ishkanalaryi_achyilgan/,,kyrgyz,0,high,news_site
0c2a41f7-2389-4c8c-9c04-3150d1f8e69e,Трамп Түштүк Кореядан келген товарлардын бажы төлөмүн 25 пайызга жогорулатты,"Дональд Трамп Түштүк Кореядан импорттолгон товарларга тарифтерди 25 пайызга чейин көтөрдү. Ал бул тууралуу социалдык тармактагы Truth Social баракчасына жарыялады. Америка президенти Сеулду өткөн жылы жетишилген соода келишимин аткарбагандыгы үчүн айыптады. Дональд Трамптын айтымында, ал Түштүк Кореядан келген продукцияларга карата бажы төлөмдөрүн учурдагы 15%дан 25%га чейин көтөргөн. Бул чара автомобилдерди, жыгач материалдарын жана фармацевтикалык продукцияларды камтыган кеңири товарлар тизмесине тиешелүү. Өз кезегинде Түштүк Кореянын бийлиги тарифтерди жогорулатуу боюнча расмий билдирүү ала электигин айтып, бул маселе боюнча Вашингтон менен шашылыш түрдө сүйлөшүүлөрдү жүргүзүүгө даяр экенин билдиришти. Эки өлкөнүн ортосундагы келишим 2025-жылдын октябрь айында түзүлгөн. Ага ылайык, Түштүк Корея АКШнын экономикасына 350 миллиард доллар инвестициялоону милдеттенген. Аталган каражаттын бир бөлүгү кеме куруу тармагына багытталышы керек болчу. Документ 26-ноябрда Түштүк Кореянын Улуттук ассамблеясына киргизилип, учурда кароодо турат. Жергиликтүү маалымат каражаттары келишим февраль айында бекитилиши мүмкүн экенин жазышкан.",24.kg,https://24.kg/kyrgyzcha/359396_tramp_tushtuk_koreyadan_kelgen_tovarlardyin_bajyi_tolomun_25payyizga_jogorulattyi_/,,kyrgyz,0,high,news_site
cffeb8c5-5ec2-40ff-8b4a-4a059173c678,Улуу Жеңиштин 81 жылдыгы Бишкекте кантип белгиленет?,"Улуу Ата Мекендик согуштагы Жеңиштин 81 жылдыгын белгилөөнүн алкагында Бишкекте бир катар иш-чаралар өткөрүлөрүн борбор калаанын мэриясы билдирди. Маалыматка ылайык, 6-майында саат 11: 00дө К. Молдобасанов атындагы Кыргыз улуттук консерваториясында «Кызыл гвоздика — муундардын эсинде» аттуу сынак-фестивалдын гала-концерти өтөт.",24.kg,https://24.kg/kyrgyzcha/372862_uluu_jenishtin_81jyildyigyi_bishkekte_kantip_belgilenet/,,kyrgyz,0,high,news_site
8ffaf71f-2323-4ac3-a75a-fc4736038e9a,Пайдалуу кеңеш: Гемоглобиндин деңгээли жогору болсо эмне кылуу керек?,"Гемоглобиндин деңгээлинин жогору болушу жакшы белги деп эсептелгени менен чындыгында жүрөк-кан тамыр системасына олуттуу коркунуч келтирет. Бул тууралуу Aif.ru сайты жазууда. Кан куюу боюнча адис Станислав Работинский гемоглобиндин деңгээли нормадан жогору болсо, эмне кылуу керектигин түшүндүрдү. Эң негизгиси, эгер сиз спортчу болбосоңуз же бийик тоолуу аймактарда жашабасаңыз, жогорулаган деңгээлди этибарга албоо керек. Сизге дарыгер диагноз коюшу керек. Ал эритропоэтин, бөйрөктүн УЗИси жана гематолог, кардиолог же пульмонолог менен консультация сыяктуу кошумча анализдерди дайындай алат. Станислав Работинский «дарыгердин көрсөтмөсү жок эч качан канды суюлтуучу дары-дармектер менен өз алдынча дарыланбаңыз», — деп эскертти.",24.kg,https://24.kg/kyrgyzcha/362334_paydaluu_kenesh_gemoglobindin_dengeeli_jogoru_bolso_emne_kyiluu_kerek/,,kyrgyz,0,high,news_site
f76ff568-5103-497f-9f17-8031f3dd1046,UWW: Асан Жанышов дүйнөлүк рейтингде 3-орунду ээледи,"Кыргызстандык балбан Асан Жанышов Бириккен күрөш дүйнөсү (UWW) версиясы боюнча дүйнөлүк рейтингде үчүнчү орунду ээледи. Бул жаңыртылган рейтинг Албаниядагы турнирдын жыйынтыгы менен жарыяланды. Тиранадагы мелдеште кыргызстандык 87 кг салмак категориясында катышып, 19 катышуучунун арасында 5-орунду ээлеген, бирок коло медаль үчүн болгон күрөштө жеңилип калды. Бүгүнкү күндө Жанышов грек-рим күрөшү боюнча Кыргызстандын бардык өкүлдөрүнүн арасында эң жакшы натыйжаны көрсөтүүдө.",24.kg,https://24.kg/kyrgyzcha/365570_UWW_asan_janyishov_duynoluk_reytingde_3-orundu_eeledi/,,kyrgyz,0,high,news_site
22909843-fa47-494b-a6f6-7fa8ce2cdc30,Бишкекте бир нече чөнтөк уурулукка тиешеси бар делген УКТ мүчөсү кармалды,"Бишкек шаарында бир катар чөнтөк уурулуктарга шектүү, кайталап кылмыш жасаган жана уюшкан кылмыштуу топтун активдүү мүчөсү кармалды. Ал iPhone 17 Pro Max уурдоо боюнча тергөө учурунда изделгенин Бишкек ШИИБдин басма сөз кызматы билдирди. Маалыматка ылайык, Свердлов районунун милициясына баасы 150 миң сом болгон iPhone 17 Pro Max үлгүсүндөгү уюлдук телефонун уурдаткан жаран кайрылган. Чүй проспектиси менен Шопоков көчөлөрүнүн кесилишинде белгисиз адамдар уурдаганын билдирген. Бул факты боюнча Кылмыш-жаза кодексинин 205-беренеси (Уурулук) менен кылмыш иши козголду. Натыйжада шектүу катары 2000-жылы туулган, мурда бир нече жолу соттолгон К.Б. аттуу жаран кармалып, убактылуу кармоочу жайга киргизилди. Анын эл көп чогулган коомдук жайларда жасалган төрт чөнтөк уурулукка тиешеси бар экени аныкталды. Учурда тергөө иштери улантылууда.",24.kg,https://24.kg/kyrgyzcha/363481_bishkekte_bir_neche_chontok_uurulukka_tieshesi_bar_delgen_ukt_muchosu_karmaldyi/,,kyrgyz,0,high,news_site
d84df6f8-74df-4071-a102-044cbae94323,Балеттин жаңы жылдыздары: Кыргызстандык бийчилер Россияда сыйлыкка татыды,"А.Малдыбаев атындагы Кыргыз улуттук академиялык опера жана балет театрынын балет солисттери Россиянын Пермь шаарында өткөн «Арабеск» сынагында сыйлыкка татыды. Бул тууралуу Маданият, маалымат жана жаштар саясаты министрлигинен билдиришти. Маалыматка ылайык, сынакта балет бийчилери Адилжан Рахманов II даражадагы лауреат наамына ээ болсо, Даяна Кыдыралиеваге диплом тапшырылды. «Арабеск» сынагы 1988-жылдан бери өткөрүлүп келет жана бул убакыт ичинде дүйнөдөгү эң абройлуу балет сынактарынын бирине айланды. Быйылкы иш-чара Пермь шаарында 15-апрелден 25-апрелге чейин өтүп, Пермь балетинин 100 жылдыгына арналды. Жалпысынан дүйнөнүн 14 өлкөсүнөн артисттер жана хореографтар тарабынан 354 билдирме түшкөн. «Арабеск-2026» сынагынын катышуучуларынын арасында Россия, Австралия, Бразилия, Франция, АКШ, Япония, Италия, Түркия, Монголия жана башка мамлекеттердин өнөрпоздору болду. Ошондой эле Россиянын 26 шаарынан, анын ичинде Санкт-Петербург, Москва, Новосибирск жана башка калаалардан өкүлдөр катышты. Сынактын негизги максаты — жаңы ысымдарды ачуу, аларга ийгиликтүү карьера үчүн кеңири мүмкүнчүлүктөрдү түзүү, классикалык балеттин бай мурасын сактоо жана заманбап хореографияны өнүктүрүү болуп саналат.",24.kg,https://24.kg/kyrgyzcha/372015_balettin_janyi_jyildyizdaryi_kyirgyizstandyik_biychiler_rossiyada_syiylyikka_tatyidyi/,,kyrgyz,0,high,news_site
d4d7bb35-cb5a-4df0-b0b9-f403d1a64375,31-декабрга карата аба ырайы,"Эртең, 31-декабрда өлкөнүн көпчүлүк аймактарында кар жаашы мүмкүн. Бул тууралуу Кыргызгидромет борбору билдирет. Батыштан соккон шамалдын ылдамдыгы секундуна 4-9 метрге жетет. Абанын температурасы: Чүй өрөөнүндө түнкүсүн 1 ... +6 күндүз +10 ... +15; Талас жергесинде түнкүсүн −1 ... +1, күндүз +9 ... +11; Баткен, Ош, Жалал-Абад облустарында түнкүсүн 0 ... +2, күндүз +9 ... +11; Нарын аймагында түнкүсүн −15 ... −17, күндүз −9 ... −11; Бишкек шаарында түнкүсүн +3 ... +5, күндүз +12 ... +14.",24.kg,https://24.kg/kyrgyzcha/356701_31-dekabrga_karata_aba_yirayyi/,,kyrgyz,0,high,news_site
de589a9d-b1b2-43ec-9548-ee0a529633da,Кыргызстандын туңгуч космонавты Салижан Шарипов Ошто окуучулар менен жолугушту,"Кыргызстандын биринчи космонавты, Кыргыз Республикасынын Баатыры Салижан Шарипов түштүк борборго жумушчу сапар менен келип, шаардагы космонавттардын ысымын алып жүргөн Ю. Гагарин жана В. Терешкова атындагы орто мектептердин окуучулары менен жолугушту. Бул тууралуу мэриядан билдирди. Ардактуу мейманды, дүйнөнүн 372-чи, Россиянын 88-чи, Кыргызстандын туңгуч космонавты Салижан Шариповду мэрдин орун басары Масуда Айдарбекова, Россиянын Ош шаарындагы башкы консулу Роман Свистин, билим берүү тармагынын өкүлдөрү жана окуучулар тосуп алышты. Иш-чарада Салижан Шарипов балалык кыялы, космосту багындырууга болгон аракеттери, космостук учуулары жана жеткен ийгиликтери менен бөлүшүп, окуучуларга алдыга койгон максаттарына умтулууну сунуштап, кыялдарынын орундалышына тилектештигин билдирди. 12-апрель — Эл аралык авиация жана космонавтика күнүнө карата өткөрүлүп жаткан иш-чаранын алкагында мектеп окуучуларынын космос мейкиндигин чагылдырган макеттери жана өз колдору менен тарткан сүрөттөрү көрсөтүлүп, чакан концерттик программа тартууланды.",24.kg,https://24.kg/kyrgyzcha/370123_kyirgyizstandyin_tunguch_kosmonavtyi_salijan_sharipov_oshto_okuuchular_menen_jolugushtu/,,kyrgyz,0,high,news_site
bb5f95c8-3a9c-481b-8fc6-5ade84b2a28e,Бүгүнкү доллардын курсу,"Бүгүн, 13-февраль саат 09:30га карата Кыргызстандын коммерциялык банктарда жана акча алмаштыруучу жайларда 1 долларды сатып алуу 87 сом 37 тыйынга чейин болсо, сатуу 87 сом 79 тыйын болууда. Ал эми Улуттук банкта 1 доллардын курсу 87 сом 45 тыйын деп көрсөтүлгөн",24.kg,https://24.kg/kyrgyzcha/361819_bugunku_dollardyin_kursu/,,kyrgyz,0,high,news_site
0b9236e5-a67e-4e38-9b88-64c6f800e31f,Сентябрь айында 170 миңге жакын бала биринчи класска барат,"2026-жылы 170 миңге жакын бала биринчи класска барат деп күтүлүүдө. Бул тууралуу билим берүү министринин орун басары Надира Жусупбекова бүгүн, 27-мартта маалымат жыйынында билдирди. Анын айтымында, акыркы көрсөткүч так каттоодон көз каранды болот. Ал жогору же бир аз төмөн болушу мүмкүн. Эң негизгиси, биринчи этапта кичи райондогу балдарды өз убагында каттоодон өткөрүү керек. Министрдин орун басары өткөн жылдагыдай эле, биринчи жана экинчи класстарга балдарды массалык түрдө кабыл алуу болбой турганын баса белгиледи. Ар бир жаралган суроолорго жараша жеке каралат. Балдардын билим деңгээлин аныктоо үчүн тестирлөөгө тыюу салынгандыктан, кызматкерлер ар бир баланын аяктаган окуу программасы жөнүндө маалымат суроо үчүн бала бакчалар менен иштешет. Надира Жусупбекова окуучулардын орундарынын жетишсиздигин жоюу үчүн республика боюнча мектептер курулуп жатканын, анын ичинде Бишкекте 20 жана Ошто 15 мектеп курулуп жатканын кошумчалады.",24.kg,https://24.kg/kyrgyzcha/367766_sentyabr_ayyinda_170_minge_jakyin_bala_birinchi_klasska_barat/,,kyrgyz,0,high,news_site
378174c7-5a8d-4587-b92b-4469f60c666b,Кыргызстандык 180 жүргүнчүсү Омандан 5-мартта келет,"Жакынкы Чыгыштагы каттамдар жокко чыгарылгандан берки Омандан биринчи учак 5-марттын эртең менен Кыргызстанга келет. Бул тууралуу «Кыргыстан аэропорттору» ААКсынын басма сөз кызматы билдирди. Маалыматка ылайык, учак эртең мененки саат 8:00дө конушу керек. Бортто 180 жүргүнчү болушу күтүлүүдө. Каттамды «AeroNomad» аба майданы аткарат. Мекеме Жакынкы Чыгыштагы учурдагы кырдаалга байланыштуу күн бою каттамдардын графигин өзгөртүүгө болорун белгиледи. Жүргүнчүлөргө келүү убактысын алдын ала текшерип алуу сунушталат. Эске сала кетсек, 2-мартка карата Жакынкы Чыгышта, негизинен Сауд Арабиясында жана Бириккен Араб Эмираттарында 22 миңге жакын кыргызстандык бар болчу. Учурда алардын арасында жабырлануучулар же үй-жайсыз адамдар жок.",24.kg,https://24.kg/kyrgyzcha/364473_kyirgyizstandyik_180_jurgunchusu_omandan_5-martta_kelet/,,kyrgyz,0,high,news_site
5ee72b1b-3a88-42b1-8147-896cc492d16c,Ошто төрт эм төрөгөн эне ымыркайлары менен үйүнө чыгарылды,"Бүгүн, 23-март күнү Ош облустук төрөт үйүндө төрт эм төрөгөн эне ымыркайлары менен үйүнө чыгарылды. Бул тууралуу президенттин аймактагы өкүлчүлүгү билдирди. Маалыматка ылайык, эне-балдардан президенттин Ош облусундагы ыйгарым укуктуу өкүлүнүн орун басары Талантбек Арстанкулов, Ош шаарынын мэринин орун басары Максуда Айдарбекова үй-бүлөнү куттуктап белектер берди, анын ичинде 100 миң сомдук акчалай сертификат тапшырылды. Эскерте кетсек, үч кыз жана бир эркек бала 12-мартта төрөлүп, салмагы 1 миң 500 граммдан 1 миң 830 граммга чейин болгон. Дарыгерлер учурда эне менен ымыркайлардын абалын жакшы деп баалап, аларды үйлөрүнө чыгарууга уруксат беришти.",24.kg,https://24.kg/kyrgyzcha/367077_oshto_tort_emtorogon_ene_yimyirkaylaryi_menen_uyuno_chyigaryildyi/,,kyrgyz,0,high,news_site
d7d43419-23d5-4c4b-9bfa-d88eeab99aa2,Жакынкы Чыгыш: Дагы 142 кыргызстандык мекенге кайтарылды,"Жакынкы Чыгыш өлкөлөрүнөн дагы 142 кыргызстандык мекенге кайтарылды. Бул тууралуу Тышкы иштер министрлиги билдирди. ТИМ Кыргызстандын президенти Садыр Жапаровдун тапшырмасын аткаруу максатында Жакынкы Чыгыш өлкөлөрүнөн жарандарды кайтаруу иш-чараларынын кезектеги этабын аяктады. Кечээ, 15-мартта саат 06:30да «Манас» эл аралык аэропортуна Сауд Аравия Падышалыгынан 142 кыргызстандык менен атайын учак ийгиликтүү келип конду. Буга чейин маалымдалгандай, иш-чаранын биринчи этабында Кувейт, Бахрейн жана Катар мамлекеттеринде жүргөн жарандарыбыз атайын автобустар менен Эр-Рияд шаарына жеткирилген. Министрлик кооптуу аймактардан жарандарды мекенине кайтаруу боюнча көрүлүп жаткан чаралар тууралуу кошумча маалымат берип турат. Ошондой эле Тышкы иштер министрлиги кырдаал толук турукташканга чейин жарандарды аталган өлкөлөргө убактылуу баруудан карманууга дагы бир ирет чакырат.",24.kg,https://24.kg/kyrgyzcha/366050_jakyinkyi_chyigyish_dagyi_142_kyirgyizstandyik_mekenge_kaytaryildyi/,,kyrgyz,0,high,news_site
ae45bfdf-2840-43f3-8630-4a1fec8b71cc,УКМК ири схеманын бетин ачты: 32 оорукананын имараты мыйзамсыз менчиктештирилген,"Жалал-Абад облусунда саламаттыкты сактоо объекттерин жеке менчикке мыйзамсыз өткөрүп берүү факысын аныкталды. Бул тууралуу УКМК билдирди. Маалыматка караганда, Жалал-Абад облустук клиникалык ооруканасынын, Базар-Коргон жана Кочкор-Ата шаарынын аймактык ооруканасынын аймагында жайгашкан 32 административдик имаратты жана 5 жер тилкесин мыйзамсыз ээликтен ажыратуу фактыларын аныктады. Бул мүлктөр коммерциялык максаттарда — медициналык борборлор, дарыканалар, тез тамактануучу жай катары колдонулган. Белгилей кетсек, мыйзамга ылайык, социалдык инфраструктура объектилери жеке менчикке өткөрүлүп берилбейт. Андан тышкары, Жер кодексинин 44-беренесине ылайык, имарат же курулма аларга бекитилген жер тилкесине болгон укуктан ажыратылбайт. Мындан тышкары, бул мүлктөрдү жана жер тилкелерин узак мөөнөттүү ижарага алуу боюнча мыйзамсыз ээликтен ажыратуу жана пайдалануу мезгилинде бюджетке ижара акысы өтө төмөн болуп, мамлекет үчүн олуттуу каржылык жоготууларга алып келген. Имараттар жана жер участоктору мамлекеттин менчигине кайтарылгандан кийин ижара шарттары кайра каралып, акысы бир топ көбөйүп, бюджеттин кирешелеринин бир топ өсүүсүн камсыз кылган. Жүргүзүлгөн тергөө жана оперативдүү иш-чаралардын жыйынтыгында көрсөтүлгөн объектилер жана жер участоктору мамлекеттин менчигине кайтарылды.",24.kg,https://24.kg/kyrgyzcha/358883_ukmk_iri_shemanyin_betin_achtyi_32oorukananyin_imaratyi_myiyzamsyiz_menchikteshtirilgen/,,kyrgyz,0,high,news_site
1d980ace-ddc7-4b3e-9304-1f682e4d84e3,Бишкек тарых музейинде Инклюзия борборун түзүү пландаштырылууда,"Бишкек тарых музейинде Инклюзия борборун түзүү талкууланды. Бул тууралуу Маданият, маалымат жана жаштар саясаты министрлигинен билдиришти. Маалыматка ылайык, Улуттук тарых музейинин директору Жылдыз Бакашова жана «Евразия Кей Жи» коомдук фондунун директору Кымбат Урумкулова баштаган фонд өкүлдөрү менен жолугушту. Жолугушууда Улуу Ата Мекендик согушка арналган туруктуу экспозицияны модернизациялоо, музейди заманбап мультимедиялык жана инновациялык көргөзмө технологиялары менен жабдуу, ошондой эле Улуттук тарых музейинин базасында Инклюзия борборун түзүү маселелери талкууланды. Мындан тышкары, музейдин илимий кызматкерлеринин Россиянын алдыңкы музейлеринде такшалмадан өтүүсүн жана квалификациясын жогорулатуу боюнча кызматташуу мүмкүнчүлүктөрү каралды. Сүйлөшүүлөрдүн жыйынтыгында тараптар маданият жана коомдук өнүгүү жаатында тыгыз кызматташуу тууралуу меморандумга кол коюшту.",24.kg,https://24.kg/kyrgyzcha/361497_bishkek_taryih_muzeyinde_inklyuziya_borborun_tuzuu_plandashtyiryiluuda/,,kyrgyz,0,high,news_site
