id,headline,body_text,source,url,date,language,label,label_confidence,source_type
22a69501-7a67-4fc5-9680-3d8948f249b6,Акыркы жылдары мамлекетке кайтарылган мүлктүн 221и сатылды,"Кыргызстанда 2020-жылы келген бийликтин тушунда мурда-кийин мыйзамсыз менчиктештерилген делген 1488 мүлк кайра мамлекетке алынган. Бул тууралуу мамлекеттик мүлктү башкаруу боюнча мамлекеттик агенттиктин директорунун биринчи орун басары Замирбек Кененбаев Жогорку Кеңештин 30-апрелдеги жыйынында депутаттардын суроолоруна жооп берип жатып айтты. Анын сөзүнө караганда, мунун ичинен 221 объект сатылып, 1048и мамлекеттик мекемелерге берилсе калган 219 мүлк Мамлекеттик мүлктү башкаруу боюнча мамлекеттик агенттиктин карамагында турат. Парламенттин депутаты Кубанычбек Самаков мамлекетке алынган мүлктөр кимге сатылганы же кайсы мамлекеттик органга берилгени тууралуу ачык маалымат жок экенин, айрымдары мамлекеттик кызматкерлердин үйүнөн чыккан фактылар бар экенин айтты. Мурда-кийин мыйзамсыз менчиктештирилген делген мүлктөрдү мамлекетке алуу ишин негизинен Улуттук коопсуздук боюнча мамлекеттик комитет (УКМК) жүргүзүп келет. Атайын кызмат Кыргызстанда акыркы беш жылда коррупцияга каршы күрөштөн мал-мүлк, каражат түрүндө мамлекетке 352 млрд сом (4,14 млрд доллар) кайтарылганын билдирген. (BTo)",azattyk.org,https://www.azattyk.org/a/33745861.html,2026-04-30T12:02:13+06:00,kyrgyz,0,high,news_site
84c0a666-6e6a-456b-a18a-144c5517ea31,Одессада орус армиясынын соккуларынан 14 киши жабыркады,"27-апрелге караган түнү Орусияын куралдуу күчтөрү Украинанын Одесса шаарына  жапырт чабуул коюшту. Одесса облусунун аскердик администрациясы билдиргендей, аба соккуларынан кеминде 14 киши жабыркады, бешөө ооруканага жеткирилди. Чабуулдан эки көп кабаттуу үй, мейманкана, фуникулер, кампалар зыян тартты. Украинанын куралдуу күчтөрү бул түнү Одесса жана башка аймактарга Орусия бардыгы 94 учкучсуз аппарат, дрондор менен чабуул койгонун, алардын 74ү асманда атылып түшүрүлгөнүн билдиришти. Орусия тарап дүйшөмбүнүн таңында украин армиясынын учкучсуз аппараты Запорожье атомдук станциясынын транспорттук цехин бутага алып, бир айдоочу мерт болгонун маалымдады. Атомдук энергетика боюнча эл аралык агенттик окуя болгон жерге адистерин жөнөткөнүн, алар атомдук станциядагы жагдайды иликтей турганын билдирди.",azattyk.org,https://www.azattyk.org/a/33743431.html,2026-04-27T16:42:11+06:00,kyrgyz,0,high,news_site
aa8e34c7-86d8-4a68-b52b-66a1914e5bdd,Сакчылар корпусу Ормузда эки кеме кармалганын билдирди,"Ирандын Ислам революциясынын сакчылар корпусу “Ормуз кысыгынан жашыруун чыгууга” аракеттенген “мыйзам бузган эки кеме” кармалганын билдирди. Корпустун аскер күчтөрү шаршембидемаалымдагандай, кеп Израилге таандык MSC Francesca жана Epaminodes кемелери тууралуу жүрүүдө. Алар “уруксат албастан” чыгып баратканы, буга чейин да эреже бузганы, навигациялык системанын ишине кийлигишүү жана деңиз кыймылынын коопсуздугуна коркунуч жаратканы үчүн айыпталууда. Кемелер ташып бараткан жүктү жана документтерин текшерүү үчүн Ирандын аймагына жөнөтүлгөнү кабарланды. Ушул эле күнү Ирандын мамлекеттик медиасы куралдуу күчтөр өлкөнүн жээгинде жүк ташыган үч кеме чабуулга кабылып, керектен чыгарылганын билдиришкен. Сакчылар корпусу АКШ менен Израил чабуул баштаган 28-февралда Ормуз кысыгын кемелер менен мунай танкерлери үчүн жаап салган. Ок атышууну токтотуу макулдашуусунан кийин, 17-апрелде ачып, көп өтпөй кайра жапкан. Анын алдында АКШ менен Ирандын сүйлөшүүлөрү майнапсыз аяктаганда америкалык аскерлер ирандык портторду бөгөттөгөн. Өткөн жекшембиде АКШ Ирандын желеги астында сүзгөн жүк ташуучу Touska кемеси кармалганын билдирген.",azattyk.org,https://www.azattyk.org/a/33738045.html,2026-04-22T19:36:50+06:00,kyrgyz,0,high,news_site
e41ef58e-e980-4f1f-8982-9908f040ae92,Депутат Сариев Чүй дарыясынын жээгин бекемдөөгө көбүрөөк каражат бөлүүгө чакырды,"Жогорку Кеңештин депутаты Улан Сариев өкмөттү Чүй дарыясынын жээктерин бекемдөө иштерине бөлүнгөн каражатты көбөйтүүгө чакырды. Ал парламенттин 29-апрелдеги жыйынында дарыянын кемирилген жерлерин 1-2 жылдын ичинде бекемдеп бүтпөсө Кыргызстан тараптан көп жер желип кетерин айтты. Өзгөчө кырдаалдар министрлиги (ӨКМ) Сокулук районунун Төмөнкү-Чүй айыл аймагынан жана Аламүдүн районунун Сүймөнкул Чокморов айыл аймагынан агып өткөн Чүй дарыясынын жээгиндеги кооптуу тилкелеринин эрозиясын токтотуу максатында жээк бекемдөө иштерин жүргүзүп жатканын билдирген. “Азаттык” 2023-жылы “Чүй дарыясы: жүздөгөн гектар жер казак тарапта калды” деп аталган иликтөө жарыялаган. Анда суу Чүй дарыясынын сол жээгин жеп, гектарлаган жер Казакстан тарапта калганын иликтеп чыккан. Буга чейин мурдагы өзгөчө кырдаалдар министри Бообек Ажикеев өлкө кеминде 800 гектардай жеринен ажыраганын билдирген жана бул жагдайды президент Садыр Жапаров жеке көзөмөлүнө алганын айткан. 2012-жылы Жогорку Кеңештин тармактык комитети өкмөттү жыл сайын Чүй дарыясын бекемдөө иштерине 200 миллион сом бөлүп берип турууга милдеттендирген. Буга карабай, 2024-жылы жээкти бекемдөөгө 80 миллион, 2023-жылы 50 миллион сом гана берилгени белгилүү болгон. Кыргыз тарап 2013-жылы дарыянын сол жээгин иликтеп чыгып, кооптуу, дамба курулушу керек деген жалпы узундугу 65,5 чакырымды түзгөн 193 тилкени тактаган. (BTo)",azattyk.org,https://www.azattyk.org/a/33744883.html,2026-04-29T10:40:23+06:00,kyrgyz,0,high,news_site
0b2a0e29-60ce-4bad-a6cd-4b2e0dfaffb2,Тамчыда көл жээгине кум төгүлүп жатканы тууралуу видео боюнча түшүндүрмө берилди,"Архитектура, курулуш жана турак жай коммуналдык чарба министрлиги Ысык-Көлдүн Тамчы айылында көл жээкке кум төгүлүп жатканы тууралуу маалыматка түшүндүрмө берди.Министрлик көл жээгин эс алууга ыңгайлаштыруу максатында кум төгүлгөнүн, эс алуучулардын жана туристтердин коопсуздугун камсыздоо үчүн жээк сызыгында бекемдөө иштери жүргүзүлүп жатканын билдирди. Маалыматта соцтармактарда тараган тасмаларда айтылгандай кум төгүү иштери эс алуучу жайдын аймагын кеңейтүү максатында болбогону жана экологиялык коопсуздук талаптары сакталып, химиялык жана башка зыян заттар жоктугу белгиленген.""Көл жээгине алгач пансионаттын аймагынан казылган кум-шагыл жана топурак төгүлөт, эң үстүнө эленген кум себеленет. Бул заманбап туристтик объекттерде колдонулуп келе жаткан ыкма"", - деп билдирди министрлик.Мекеменин маалыматына караганда, учурда Тамчы айылында беш жылдыздуу үч пансионат курулуп жатат.Активист Эртай Исаков Фейсбуктагы баракчасына көлгө кум төгүлүп жатканы тартылган тасманыжарыялап, ""көлдү тирүүлөй көмүп, акваториясын казылган жерден чыккан топурак менен толтуруп, мыйзамга жана экологияга каршы иш жүргүзүп жаткан"" компанияларга чара көрүүнү президенттен суранган.(ZKo)",azattyk.org,https://www.azattyk.org/a/33740784.html,2026-04-23T17:10:54+06:00,kyrgyz,0,high,news_site
a4a45219-a3df-4fd3-920d-fcb2fcf20cb7,"Путин 8–9-майда, Зеленский 6-майдан тартып атышпоо режими кирерин жарыялашты","Орусиянын Коргоо министрлиги Жеңиш күнү майрамынын урматына 8-9-майда Украина менен атышпоо режими киргизилерин жарыялаганын орусиялык маалымат каражаттары жазды. Басылмалардын жазганына караганда, министрлик Украина дагы ушундай кадамга барарына расмий Москва ишенип жатканын билдирди. Коргоо министрлигинин билдирүүсүндө эгер Украина Орусиядагы Жеңиш майрамын үзгүлтүккө учуратууга аракет жасаса Киевдин борборуна сокку урулары эскертилген. Украина атышууну токтотуу режимин 6-майга караган түнү баштай турганын президент Владимир Зеленский билдирди. Ал Киев Орусиядагы 9-май майрамынын урматына атышпоо тууралуу Москвадан расмий өтүнүч ала электигин айтты. «Биз адамдын өмүрү кайсыл бир мааракени «белгилөөдөн» алда канча баалуу деп эсептейбиз. Ошого байланыштуу 6-майга караган түнү, түнкү саат 12:00дөн тартып «жымжырттык режими» деп жарыялайбыз. <...> Биз алардын аракетине жараша кадам таштайбыз. Орусиянын жетекчилери алар баштаган согушту токтотуу үчүн реалдуу кадам жасашына убакыт келди», - деп жазды Зеленский. Мурдараак Зеленский Ереванда иш сапарда жүргөндө 9-майда Москвада өтүүчү параддын форматынын өзгөрүшүнө комментарий берип, парад учурунда чындап эле украиналык учкучсуз учактар “учушу” мүмкүн экенин айткан. Жеңиш майрамын майрамдоо учурунда Украина менен атышпоо режимин киргизүү тууралуу 29-апрелде Орусия президенти Владмир Путин менен АКШнын президенти Дональд Трамптын телефон аркылуу сүйлөшүүсүндө кеп болгон. Трамп мындай сунушту ал бергенин айткан, ал эми орус тарап бул Путиндун сунушу болгонун кабарлаган. Зеленский буга жооп кылып, Орусия сунуш кылган “Пасха элдешүүсүндө” болгондой эле бир күндүк эмес, туруктуу тынчтыкты сунуштаган. Путиндин пресс-катчысы Дмитрий Песков 9-майга карата атышпоо орус президентинин чечими экенин белгилеп, ал Киевдин реакциясына муктаж эместигин белгилеген.",azattyk.org,https://www.azattyk.org/a/33750071.html,2026-05-05T10:39:09+06:00,kyrgyz,0,high,news_site
4df5edec-849a-4a00-a825-62638b8d8707,Газа: Аббастын тарапкерлери муниципалдык шайлоодо алдыга чыкты,"Газа тилкесиндеги Дейр-эль-Балах шаарындагы муниципалдык шайлоодо Палестин автономиясынын лидери Махмуд Аббастын тарапкерлери (ФАТХ кыймылы) жеңишке жетти. Шайлоо Израил окупациялап алган Батыш жээкте да өтүп, ФАТХ кыймылынын өкүлдөрү көпчүлүк добуш алышты. Бул тууралуу шайлоо комиссиясынын өкүлдөрүнө таяныпReuters жазды. Бул соңку 20 жылда Дейр-эль-Балах шаарында (Газанын бир бөлүгүндө) өткөн алгачкы добуш берүү. Ага катышуу деңгээли Газада 23%, ал эми Батыш жээкте 56% түзгөнүн Рамаллада жайгашкан Борбордук шайлоо комиссиясынын башчысы Рами аль-Хамдалла билдирди. ХАМАСка жакын деп эсептелген «Дейр-эль-Балах бизди бириктирет» аттуу кыймыл шаардык кеңештеги 15 орундун болгону экөөнү гана алды. ХАМАС АКШ менен Евробиримдикте террордук деп эсептелет. Ал эми ФАТХ кыймылы колдогон «Нахдат Дейр-эль-Балах» тизмеси алты мандат алып жеңишке жетти. Калган орундарды көз карандысыз талапкерлер бөлүштүрдү. ФАТХ партиясы 1950-60-жылдары түзүлгөн. Анын негиздөөчүлөрүнүн бири Ясир Арафат болгон. Учурда ФАТХ Батыш жээкте бийлик жүргүзүп, эл аралык коомчулук менен сүйлөшүүлөрдү алып барган негизги саясий күч болуп эсептелет. ХАМАС шайлоону расмий бойкот кылып, Газада да, Батыш жээкте да талапкерлерди көрсөтпөдү. Ошентсе да Дейр-эль-Балахтагы жыйынтыктар бул топко болгон колдоонун деңгээлин көрсөтүшү мүмкүн деп бааланууда. Палестин автономиясынын премьер-министри Мохаммед Мустафа шайлоо «өтө татаал шартта, оор маселелердин жана өзгөчө кырдаалдын фонунда» өткөнүн айтып, аны демократиялык институттарды жана улуттук биримдикти бекемдөөгө карай «маанилүү алгачкы кадам» деп атады. Эксперттердин айтымында, ФАТХтын жеңиши шайлоочулар эл аралык колдоого жана акырындык менен саясий өзгөрүүлөргө умтулуп жатканын көрсөтүшү мүмкүн. Муниципалдык шайлоолор 183 конушта өттү. Айрым шаарларда атаандаштык болбогондуктан добуш берүү болгон жок. Ал жакта талапкерлер автоматтык түрдө шайланды.",azattyk.org,https://www.azattyk.org/a/33743591.html,2026-04-27T21:31:23+06:00,kyrgyz,0,high,news_site
506f6b3d-497f-4534-98b3-2c429ca11649,Кыргызстан–Кытай–Пакистан транспорттук каттамы ачылды,"Транспорт жана коммуникация министрлиги Кыргызстан–Кытай–Пакистан багыты боюнча жаңы пилоттук транспорттук каттам ийгиликтүү ишке ашырылганын кабарлады. Каттам Эл аралык жүк ташуучулар ассоциациясы менен биргеликте эл аралык транспорттук коридорлорду өнүктүрүү жана дүйнөлүк деңиз портторуна түз чыгуу стратегиясын ишке ашыруунун алкагында киргизилди. Ал Бишкектен башталып, Торугарт - Кашкар - Хунжераб - Исламабад - Карачи деңиз портуна чейин аткарылып, жалпы узундугу 3 300 чакырымды түзөт. «Жаңы каттам Кыргызстан үчүн эл аралык логистикалык мүмкүнчүлүктөрдү кеңейтүүгө, тышкы соода жүгүртүүнү жандандырууга жана деңиз портторуна чыгууну камсыздоого өбөлгө түзгөн стратегиялык маанилүү кадам болуп саналат», - деп айтылат министрликтин маалыматында. Пакистандын Кыргызстандагы элчиси Алтамаш Вазир Хан «өткөн жумада чыккан жүк ташуучу унаа Пакистанга ийгиликтүү жетип барганын» билдирди. Президент Садыр Жапаров былтыр 3-4-декабрь күндөрү Пакистанда мамлекеттик сапар менен болгон. Анда пакистандык деңиз портторун пайдалануу сүйлөшүлгөн. Эки өлкөнүн ортосундагы дипломатиялык мамилелер 1992-жылдын 10-майында түзүлгөн. Кыргызстан менен Пакистан Бириккен Улуттар Уюму, Шанхай кызматташтык уюму, Ислам кызматташтык уюму жана Экономикалык кызматташтык уюму сыяктуу эл аралык аянтчалардын алкагында да кызматташып келет. (КЕ)",azattyk.org,https://www.azattyk.org/a/33742195.html,2026-04-25T13:44:26+06:00,kyrgyz,0,high,news_site
26bcb4c5-98ec-43db-bf78-bc546a5fb146,"Трамп катышкан иш-чарада ок чыгарган адамга ""президенттин өмүрүнө кол салуу"" айыбы тагылды","Вашингтондо АКШ президенти Дональд Трамп катышкан иш-чарага кирүүгө аракет кылып ок чыгарган адамга мамлекет башчыны өлтүрүүгө аракет кылган жана ок атуучу куралды мыйзамсыз сактаган деген айып тагылганын Reuters маалымдады. Окуя 25-апрелде Ак үйдүн кабарчылар ассоциациясынын Трамп катышкан жылдык кечки тамагы учурунда болгон. Кол салууга аракет кылган деп Калифорния штатынын Торранс шаарынын тургуну, 31 жаштагы Коул Томас Аллен шектелүүдө. Ал иш-чара өтүп жаткан мейманкананын ичинде текшерип өткөрүүчү жердеги коопсуздук кызматкерин аткан (кызматкер зоот кийими болгону үчүн жеңил жаракат алган), андан кийин кармалган. Трамп жарыялаган видеотасмада шектүү коридор менен чуркап баратканы көрүнөт. 2024-жылы президенттик шайлоо өнөктүгү учурунда да Трампка эки жолу кол салуу болгон, биринде ал жеңил жаракат алган. Мылтыктан тышкары тапанча жана бир нече бычак менен куралданган Аллен да атышуудан кийин жергиликтүү ооруканага текшерүүдөн өткөрүү үчүн жеткирилген. Reuters жазгандай, Аллен азырынча айыптоолорго жооп бере элек. Мурдараак ал бардык суроолорго ачык жооп берерин, өзү компьютер оюндарын ойлоп табуучу программист экенин билдирген. Судья Мэтью Шарбо Алленди иш каралып жаткан кезде камакта калтырууну чечти. Анын андан аркы бөгөт чарасын кароо бейшембиге дайындалды. Башкы прокурордун милдетин аткаруучу Тодд Бланш жекшембиде кол салуунун максаты тастыкталбаганын билдирген, бирок Аллен президент Трампка жана администрациянын башка кызматкерлерине кол салууну көздөгөнүн айткан. Буга чейин Аллен үй-бүлөсүнө өзүн ""Достуктагы федералдык өлтүргүч"" деп атаган манифест калтырган. Ал Трамптын администрациясындагы кечки иш-чарага катышуучу жогорку кызматкерлерге кол салууну талкуулаганы, анын бутасына алынгандардын арасында президент да болгону болжолдонууда.",azattyk.org,https://www.azattyk.org/a/33744064.html,2026-04-28T10:37:07+06:00,kyrgyz,0,high,news_site
a215e7d6-d547-49fa-9228-47c9acfaf54b,Тажикстан менен Өзбекстан чек арадан ички паспорт менен каттоо тартибин киргизет,"Тажикстан менен Өзбекстандын бийликтери чек арадан ички паспорт же ID-карта менен каттоо тартибин киргизүүнү макулдашышты. Тиешелүү өзгөрүүлөр жарандардын эки жакка катоосу тууралуу укуктук протоколго киргизилди, бирок күчүнө кире элек. «Озоди» радиосу документтин көчүрмөсү менен таанышып чыкты. Ага ылайык, Тажикстандын жарандары Өзбекстанга ички паспорт менен кире алышат. Бирок андан ары үчүнчү өлкөгө, анын ичинде Орусияга чыкпайт деген шарт коюлат. Ушундай эле тартип өзбек жарандары үчүн каралууда. Журналисттер жазгандай, Тажикстандын тургундары бул жаңылыкты кубануу менен кабыл алышты. Жаңы эреже кошуна өлкөгө шашылыш иш менен жол тарткан кишилерге өзгөчө ыңгайлуу болмокчу. Буга чейин Өзбекстандын Дүйшөмбүдөгү элчилигинин өкүлү өзбек тарап документке кол койгонун, Тажикстандын жактыруусун күтүп жатышканын билдирген. 2024-жылы Өзбекстандын президенти Шавкат Мирзиеев өзбек жарандарынын Тажикстан жана Казакстанга ички паспорт менен каттоосуна шарт түзүүнү көздөгөнүн айтып келген. 2018-жылы Өзбекстан менен Тажикстан виза режимин алып салышканы менен жарандар сырткы паспорт менен гана кире алышат. Расмий статистикага караганда, былтыр Тажикстанга Өзбекстандын бир миллиондон ашуун жараны кирип чыккан. Ошол эле жылы Тажикстандын 2,7 миллион жараны Өзбексатнга саякаттаган.",azattyk.org,https://www.azattyk.org/a/33744395.html,2026-04-28T20:19:38+06:00,kyrgyz,0,high,news_site
f78dfd9c-1450-4baf-8048-7f3075f22c9a,Депутат Өмүрзаков Кыргызстанга сапатсыз азыктар кирип жатканын айтты,"Жогорку Кеңештин депутаты Сүйүнбек Өмүрзаков Кыргызстанга чет өлкөдөн сапаты начар азык-түлүк кирип жатканын айтып, аны текшерүүчү ""Кыргыз сапаты"" деген системаны киргизүүнү сунуштады. Бул тууралуу эл өкүлү парламенттин 22-апрелдеги жыйынында айтты.""Биздин өлкөгө абдан сапаты начар азык-түлүк кирет. Бул келечектеги балдардын саламаттыгына таасирин тийгизет. Азык-түлүктүн сапаты начар болсо элибиздин ден соолугу начар болот. Бир канча мамлекеттерде дагы бар, бизге дагы ""Кыргыз сапаты"" деген системаны киргизиш керек. Мурда ""сапат белгиси"" деген мөөрчө болот эле. Биздин эл ошону көрүп, сапаттуу же сапатсыз экенин билип, ала баштайт эле"", - деди депутат.Өлкөдө керектелген товарлардын 70 пайызга жакыны сырттан кирет.Кыргызстан агрардык, бирок азык-түлүк боюнча импорттон көз каранды өлкө. Сырттан азык-түлүк, мунай, курулуш материалдары, техника жана башка көптөгөн товарлар импорттолот. Социалдык жактан маанилүү тогуз азык-түлүктүн ичинен үчөө - картошка, сүт жана жашылча менен гана өзүн камсыздай алат. Нан азыктары, мөмө-жемиш, кумшекер, өсүмдүк майы, эт азыктары жана жумуртканын 70% сырттан, негизинен Орусия менен Казакстандан импорттолот. (КЕ)",azattyk.org,https://www.azattyk.org/a/33737741.html,2026-04-22T12:08:40+06:00,kyrgyz,0,high,news_site
8e00fe1c-3d24-41b6-a5b6-f13e27bc0c93,Жапаров ШКУга мүчө өлкөлөрдүн коргоо министрлерин кабыл алды,"Президент Садыр Жапаров 28-апрелде Бишкекке Шанхай кызматташтык уюмуна (ШКУ) мүчө мамлекеттердин коргоо министрлеринин кеңешмесине катышуу үчүн келген министрлерди кабыл алды.Мамлекет башчы Кыргызстан ШКУнун учурдагы төрагасы катары уюмдун коргоо тармагындагы өз ара аракеттенүүнү өнүктүрүүгө, анын ичинде биргелешкен машыгууларды өткөрүүгө, тажрыйба алмашууга жана коргоо министрликтеринин ортосундагы координацияны бекемдөөгө өзгөчө маани берерин белгиледи.Президент ошондой эле аталган кеңешменин алкагында жетишилген макулдашуулар уюмдагы коргоо кызматташтыгын жана жалпы коопсуздукту бекемдөөгө өбөлгө түзөт деген ишенимин билдирди.Бишкекте ШКУга мүчө өлкөлөрдүн коргоо министрлеринин жыйыны өтүп жатат. Быйыл бул уюмга Кыргызстан төрагалык кылууда.ШКУ 2001-жылы Казакстан, Кыргызстан, Кытай, Орусия, Өзбекстан жана Тажикстандын лидерлери негиздеген уюм. Ал өз ара ишенимди, саясий, экономикалык, коопсуздук жана маданий кызматташтыкты бекемдөөгө багытталган. 2017-жылы ШКУга Индия менен Пакистан кошулган. 2023-жылы Иран, 2024-жылы Беларус кирген.(ZKo)",azattyk.org,https://www.azattyk.org/a/33744170.html,2026-04-28T14:23:12+06:00,kyrgyz,0,high,news_site
998c151a-2465-4214-a7e4-22779317181d,Reuters: Орусия казак мунайын Германияга жеткирүүнү токтотууну көздөйт,"Reuters агенттигининмаалыматына ылайык,Орусия 1-майдан тартып Казакстан мунайын Германияга «Дружба» кууру аркылуу жеткирүүнү токтотууну көздөп жатат. Анонимдүү булактар билдиргендей, мунай экспортунун жаңыртылган жадыбалы Казакстанга жана Германияга жөнөтүлгөн. Бирок азырынча Орусиянын да, Казакстандын да расмий органдары бул маалыматты ырастай элек. Кремлдин басма сөз катчысы Дмитрий Песков мындай план тууралуу маалыматы жок экенин айтып, «текшерип көрөбүз» деп билдирген. 2025-жылы Казакстан Германияга «Дружба» кууру аркылуу болжол менен 2 миллион тонна, башкача айтканда күнүнө 43 миң баррелдей мунай экспорттогон. Бул көрсөткүч 2024-жылга салыштырмалуу 44% көп болгон. Казакстандын мунайы Өзен–Атырау–Самара багыты аркылуу жеткирилип, андан ары «Транснефть» системасы аркылуу Германияга жөнөтүлөт. Мунай негизинен Карачаганак, Кашаган жана Теңиз кендеринен KEBCO бренди менен экспорттолот. Германияга жеткирүү «Дружба» куурунун түндүк бутагы аркылуу жүргүзүлөт, ал Польша аймагы аркылуу өтөт. Мурда украин дрондорунун чабуулдарынан улам жеткирүү бир нече жолу үзгүлтүккө учураган. Ал эми түштүк бутагы Украина аркылуу Венгрия жана Словакияга мунай жеткирчү, бирок согуш башталгандан бери бул багытта да мүчүлүштүктөр жаралып, геосаясий чыңалууну күчөткөн. Акыркы жылдары Казакстан Германияга мунай экспортун көбөйтүүгө кызыкдар экенин билдирип келет. Германиядагы ири мунай иштетүүчү ишканалардын бири, Шведт шаарындагы PCK заводу 2022-жылдан бери Орусиянын мунайынан баш тартып, жарым-жартылай Казакстандын мунайын колдонуп келет.",azattyk.org,https://www.azattyk.org/a/33737228.html,2026-04-21T19:39:55+06:00,kyrgyz,0,high,news_site
3c4cba05-a01f-4b08-be05-52438d77742d,Ташиев Кылмыш-жаза кодексинин эки беренеси менен айыпталууда,"Улуттук коопсуздук боюнча мамлекеттик комитеттин (УКМК) экс-төрагасы Камчыбек Ташиев Кылмыш-жаза кодексинин 326-беренеси («Кыргыз Республикасынын Конституциясын бузуу менен бийликти күч менен басып алуу же күч менен кармап туруу, ошого тете конституциялык түзүлүштү күч колдонуп өзгөртүүгө багытталган аракеттер») жана 337-беренеси («Кызмат абалын кыянаттык менен пайдалануу») боюнча айыпталып жатат. Бул тууралуу «Азаттыкка» анын жактоочусу Икрамидин Айткулов билдирди. Ташиевге өлкөдөн чыкпоо тил каты түрүндө бөгөт чарасы тандалды. Айткулов мурдагы башкы прокурор Курманкул Зулушев жана экс-спикер Нурланбек Тургунбек уулу жөнүндө маалыматы жок экенин айтты. 29-апрелде Ташиев, Зулушев, Тургунбек уулу ИИМде сурак берип жатканы кабарланган. Мурунку күнү дагы алар сурак берип чыкканы маалым болгон. Ташиев кылмыш иши козголгонун 29-апрелде ырастаган. Анын кайрылуусун жакын санаалаштарынын бири, “Регион” телеканалынын жетекчиси Өткүрбек Рахманов Фейсбуктагы баракчасына жарыялаган. “Бүгүн эртең менен маалымат чыккандан бери көптөгөн адамдар тынчсызданып жатканын билдиришүүдө. Бул кылмыш иши боюнча менин юридикалык жактан толук коргонууга мүмкүнчүлүгүм бар жана Аллахым буюрса, менин эч бир күнөөм жок, акталып чыгам. Кимдин күнөөсү болсо, ал жазасын тартат, ал эми таза болсо акталат. Себеби мамлекетибизде акыйкат сот системасын түзүүгө мамлекет башчыбыздын аракеттери көрүлгөн. Мисалы, 25 адамдан турган «кемпирабадчылар» да акталышты. Ошондуктан баарыңыздарды мыйзамдын чегинде гана болууңуздарды суранамын. Эч кандай коомдук же башка адамдардын кыймыл-аракеттеринин зарылдыгы жок деп эсептейм”, - деп жазылган Камчыбек Ташиевдин кайрылуусунда. Айрым сайттар айыптоолорду 75 адамдын кайрылуусу менен байланыштырып жатышат. Камчыбек Ташиев бирок кайсыл ишке байланыштуу иш ачылганын тактаган жок. Нурланбек Тургунбек уулу менен Курманкул Зулушев комментарий бере элек. Тургунбек уулунун иниси Жыргалбек Шакиев ал суракка чакырылып жүргөнүн ""Азаттыкка"" бышыктаган. Президент Садыр Жапаров 27-апрелде Kaktus.media порталына маек куруп, “75чилердин катына” Камчыбек Ташиевдин тиешеси бар-жогун тергөө жана сот аныктай турганын билдирген. 9-февралда мурдагы премьер-министрлер, парламенттин экс-депутаттары, саясатчылар жана коомдук ишмерлер болуп 75 адамдан турган топ президент Садыр Жапаровго жана Жогорку Кеңештин ошол кездеги төрагасы Нурланбек Тургунбек уулуна кайрылып, жакынкы убакта президенттик шайлоо өткөрүүгө чакырган. Алардын айрымдары кийин кайрылуунун мазмунун окубай туруп эле ага кошулууга макул болгонун айтып чыгышкан. Ички иштер министрлиги бул кайрылууга байланыштуу кылмыш ишин козгоп, анда аты аталган коомдук ишмер Бекболот Талгарбековду, Кыргызстандын Өзбекстандагы мурдагы элчиси, мурдагы айыл чарба министри Эмилбек Узакбаевди жана Жогорку Кеңештин экс-депутаты Курманбек Дыйканбаевди, мурдагы вице-премьер, экс-депутат Аалы Карашевди жана ички иштер министринин мурдагы орун басары Курсан Асановду кармаган. 10-февралда Садыр Жапаров Камчыбек Ташиевди Министрлер кабинетинин төрагасынын орун басары - Улуттук коопсуздук мамлекеттик комитетинин төрагасы кызматынан бошоткон. Андан кийинки маектеринде Жогорку Кеңеште депутаттар “президент жана атайын кызматтын кишиси” болуп бөлүнүү башталганын, кийин андай аракет парламенттен сыртка чыгып кеткенин айтып, 75 адамдын кайрылуусун мисал кылган. Бул окуялардан кийин Нурланбек Тургунбек уулу алгач төрагалык кызматтан кетип, андан соң депутаттык мандатын да тапшырган. Фейсбуктагы баракчасына пост жазып, 75 кишинин кайрылуусуна тиешеси жок экенин билдирген. Акыркы саясий окуялардын фонунда Кундузбек Сулайманов, Элдар Сулайманов, Куванычбек Конгантиев, Шаирбек Ташиев, Курманкул Зулушев, Нурланбек Азыгалиев, Гүлсүнкан Жунушалиева, Абдылдабек Эгембердиев өздөрү жазган арыз менен депутаттык мандатынан ажыратылды. Алардын ичинен “Кыргызнефтегаз” ишканасындагы коррупциялык ишке байланыштуу Камчыбек Ташиевдин иниси, экс-депутат Шаирбек Ташиев, Камбар-Ата-1 ГЭСин даярдоо этабындагы иштерге байланыштуу Кундузбек Сулайманов жана жер тилкелерине байланышкан мыйзамсыз схемаларды уюштурган деген айып менен Куванычбек Конгантиев кармалды. “75чилердин каты” Жогорку Кеңешке түшкөн учурда Курманкул Зулушев парламенттин Конституциялык мыйзамдар, мамлекеттик түзүлүш, жергиликтүү өз алдынча башкаруу жана Жогорку Кеңештин регламенти боюнча комитетинин төрагасы болуп турган. (TSh)",azattyk.org,https://www.azattyk.org/a/33745481.html,2026-04-30T00:04:17+06:00,kyrgyz,0,high,news_site
46d29e4e-0b3d-4d16-939f-c75ec31f0c41,Куткаруучулар жапониялык эки туристти Ала-Арча капчыгайынан алып түштү,"Куткаруучулар Жапониянын эки жаранын Чүй облусундагы Ала-Арча мамлекеттик паркындагы “Таажы” чокусундагы алачыктан алып түшүштү. Бул тууралуу Өзгөчө кырдаалдар министрлиги 5-майда кабарлады. Маалыматка караганда, туристтердин бирөө өзүн жаман сезип, 112 кызматына кайрылган. Туристтерди куткарууга 8 куткаруучу тартылып, жабыркаган адамга алгачкы медициналык жардам көрсөтүлдү. Экинчи адамдын абалы туруктуу деп бааланды. Жыйынтыгында экөө тең шаарга алып келинип, Бишкекте ооруканага жеткирилди. ""Таажы"" (Корона) чокусу – Ала-Арча капчыгайындагы Ак-Сай мөңгүсүнүн чокусунда жайгашкан, бийиктиги 4860 метр. Кыргызстанда соңку жылдары тоо жана спорт туризми - альпинизм жандана баштады. Кыргызстандын бийик тоолору дүйнөдөгү альпинизм менен машыккан спортчуларды кызыктырат. Жыл сайын жүздөгөн альпинисттер өлкөгө келип кетет. Ошол эле маалда кырсыкка кабылгандары да бар. (КЕ)",azattyk.org,https://www.azattyk.org/a/33750384.html,2026-05-05T17:25:13+06:00,kyrgyz,0,high,news_site
7c8ec2ba-efd6-440b-baf8-b5a65bb41080,Жапаров Баш мыйзамдын ар бир беренесин урматтоо маанилүү экенин белгиледи,"Президент Садыр Жапаров 5-май – Конституция күнүнө карата кыргызстандыктарды куттуктап, Баш мыйзам улуттук идеологиянын булагы жана улуттук иденттүүлүктүн негизги өзгөчөлүктөрүн айкындаган документ экени белгиледи. «Көп этностуу өлкөбүздө Конституция ар бир жаран өзүнүн корголушуна ишенген, биримдик менен туруктуулукту бекемдеген идеялык өзөк болуп саналат. Мына ошондуктан анын ар бир беренесин урматтоо баарыбыз үчүн маанилүү принцип болушу абзел», - деди Жапаров. Президент «Конституция өлкөнүн укуктук системасынын туу чокусу жана өнүгүүнүн пайдубалы болуп калганын» белгиледи. СССР урагандан кийин эгемен Кыргызстандын Конституциясын 1993-жылы 5-майда легендарлуу парламент кабыл алган. Бул аралыкта Конституция бир канча жолу өзгөртүлүп, соңку референдум 2021-жылдын 11-апрелинде болгон. Ага шайлоочулардын 36,66% катышып, алардын 79% ашыгы Баш мыйзамдын жаңы долбоорун колдогон. Ошентип Кыргызстанда президенттик башкаруу системасы киргизилген. Ага чейин парламенттик-президенттик башкаруу болгон. (КЕ)",azattyk.org,https://www.azattyk.org/a/33750081.html,2026-05-05T11:14:13+06:00,kyrgyz,0,high,news_site
e7be9fa3-a4ee-4ca3-bc9a-64accd5b1c94,Садыр Жапаров Борбор Азия өлкөлөрүн суу маселесинде чогуу аракеттенүүгө чакырды,"Президент Садыр Жапаров Кыргызстандын климаттын бузулушуна таасири аз болгону менен, анын кесепетин чоң көлөмдө тартып жатканын 22-апрелде, Астанада өтүп жаткан Аймактык экологиялык саммиттесүйлөп жатып билдирди.Мамлекет башчы буга мисал катары акыркы беш жылдан бери жаратылыш катаклизмдери көбөйгөнүн, анын ичинде сел, суу ташкындарынын саны 3 эсеге өскөнүн, мындан жылдык түз материалдык чыгым болжолдуу 16 млн долларга чыкканын белгиледи. Ошондой эле Кыргызстанда мөңгүлөрдүн аянты 16% кыскарып, Ысык-Көлгө куйган дарыялардын саны кыскарганы көлдөгү суунун азайышына алып келгенин, мөңгүлөрдүн көп эришинен улам бийик тоолордогу көлдөр 1968-жылдан бери 30%  өскөнүн айтты.Мамлекет башчысы Кыргызстан Борбор Азия аймагында суу запастарын коргоо жана сактоо үчүн олуттуу каржылык жана адам ресурстарын жумшап жатканын, ондогон жылдар бою суу бөлүштүрүүнүн мурдагы лимиттерин сактап келе жатканын белгиледи. Ошондой эле экосистемалык кызматтарды көрсөтүү жана ага сарпталуучу чыгымдар бардык суу пайдалануучулар тарабынан колдоого алынышы жана биргелешип каржыланышы керектигин айтты.“Биздин өлкө өз муктаждыгы үчүн болгону 12 млрд куб метрге жакын сууну пайдаланат, ал эми калган 38 млрд куб метр суу коңшу мамлекеттерге кетет. Биз Кыргызстанда калыптанып жаткан суу ресурстарынын Борбордук Азия өлкөлөрүнүн айыл чарбасын, энергетикалык, азык-түлүк жана социалдык-экономикалык коопсуздугун камсыздоо үчүн чоң мааниге ээ экендигин түшүнөбүз. Муну эске алуу менен, биз ондогон жылдар бою суу бөлүштүрүүнүн мурдагы лимитин сактап, суу топтоо жана чыгаруу боюнча кызматтарды, гидротехникалык курулуштардын сакталышын жана коопсуздугун, өзгөчө кырдаалдардан коргоону камсыз кылууну улантып келе жатабыз"", - деди Садыр Жапаров.Президент коңшу мамлекеттер менен биргелешкен аракеттерди күчөтүүгө, ошондой эле климаттык жана экологиялык фонддордун каржылоосун тартууга чакырды.Мындан тышкары, Садыр Жапаров ""жашыл"" энергетика тармагындагы долбоорлор, анын ичинде Камбар-Ата-1 ГЭСинин курулушу, чакан гидроэлектр станцияларды, күн жана шамал электр станцияларын өнүктүрүү ишке ашырылып жатканын маалымдады.Мамлекет башчысы мамлекеттерди жана эл аралык өнөктөштөрдү 2027-жылдын 21-23-октябрында Кыргызстанда өтө турган “Бишкек+25” Глобалдык тоо саммитине активдүү катышууга чакырды.Бүгүн, 22-апрелде, Казакстандын борбору Астана шаарында Аймактык экологиялык саммит өтүп жатат. Ага Казакстандын президенти Касым-Жомарт Токаев, Армениянын президенти Ваагн Хачатурян, Грузиянын президенти Михаил Кавелашвили, Монголиянын президенти Ухнаагийн Хурэлсух, Тажикстандын президенти Эмомали Рахмон, Түркмөнстандын президенти Сердар Бердымухамедов, Өзбекстандын президентин Шавкат Мирзиёев, Азербайжандын премьер-министри Али Асадов жана эл аралык уюмдардын жетекчилери катышууда. (ZKo)",azattyk.org,https://www.azattyk.org/a/33737923.html,2026-04-22T16:59:28+06:00,kyrgyz,0,high,news_site
838def57-549f-4ba5-a1bb-a37e494c2997,Өзбекстандын эки компаниясы Евробиримдиктин санкциясына кирди,"Евробиримдик Орусияга каршы санкцияларынын 20-пакетинин алкагында үчүнчү өлкөлөрдөн 120 жеке адамды жана 16 уюмду ""кара"" тизмеге кошту. Алардын арасында Өзбекстандан эки ишкана - Фергана химиялык заводу жана Жизак облусундагы Raw Materials Cellulose ишканасы бар. Бул тууралуу Еврокомиссиянын сайтында маалымдалган. Санкциялык эскертүүдө Фергана химиялык заводу Пермь жана Казан шаарындагы ок өндүрүүчү заводдорго чийки заттарды жеткирип, ал эми Raw Materials Cellulose Тамбовдогу ок заводун чийки зат менен камсыздап келгени белгиленген.Бул ишканаларга Евробиримдиктин субъектилеринен каржылоо жана экономикалык ресурстарды берүүг тыюу салынат. Эгерде аларга тиешелүү активдер шаркеттин юрисдикциясында болсо, алар камакка алынат. Аталган ишканалар былтыр Британия жана Украинанын санкцияларынын тизмесине да кирген. Мурдараак ""Азаттык Азия"" Фергана химиялык заводу жана Орусияга целлюлоза жеткирген бир нече компаниялар Европанын санкцияларынын астында калган Рустам Муминовдун көзөмөлүндө экенин маалымдаган. Муминовду Өзбекстандын ""целлюлоза падышасы"" деп атап жүрүшөт. Бул ишканалар Орусияга жеткирилген целлюлозанын 85 пайызын камсыздайт. Мурдараак Украина Экономикалык коопсуздук кеңеши билдиргендей, Евробиримдик целлюлозаны санкциялык тизмеге киргизгенден кийин (бул товар Орусияга аскердик максатта колдонулбаса гана жеткирилүүгө болот — ред.) өзбек компаниялары целлюлозаны ""пахта буласы"" деген ат менен ташый башташкан. Өзбекстан жыл сайын болжол менен 1,1 миллион тонна пахта буласын өндүрөт. Анын сатып алуучулары салттуу түрдө Кытай, Түркия жана Орусия.",azattyk.org,https://www.azattyk.org/a/33742695.html,2026-04-26T14:05:26+06:00,kyrgyz,0,high,news_site
815cd756-f629-4a2c-9866-610c76c8a861,"Трамп Иран Ормуз кысыгында  америкалык кемелерди бутага алса аны ""жер жүзүнөн жок кыларын"" эскертти","Ирандын тышкы иштер министри Аббас Аракчи шейшемби күнү АКШнын кемелерди Ормуз кысыгынан өткөрүү операциясынан майнап чыкпайт депбилдирди. X социалдык тармагына жарыялаган постунда министр Пакистандын ортомчулугу менен жүрүп жаткан сүйлөшүүлөр ийгиликке жеткен сайын ""АКШ сазга батырып жаткан карасанатай адамдардан сак болушу керек. Бириккен Араб Эмирликтери да ошондой кылууга тийиш"", - деп эскертти. Ал Ормуз кысыгындагы окуялар саясий кризисти аскердик жол менен чечүү мүмкүн эместигин көрсөтүп жатканын кошумчалады. ""Эркиндик долбоору"" - бул ""Туңгуюк долбоору"", - деди Аракчи. АКШнын президенти Дональд Трамп АКШ дүйшөмбү күнү эртең менен Ормуз кысыгынан өтө албай калган кемелерди коопсуз алып чыгуу үчүн ""Эркиндик долбоору"" деп аталган операция башталарын жарыялаган жана аны ""гуманитардык ишарат"" деп сыпаттаган. Жооп катары Ирандын аскер башчылары каналдан өтүүгө уруксат берилбеген кемелерге сокку уруларын жана кысыкка жакындаган ар бир чет элдик куралдуу күчтөргө каршы катуу чара көрүлөрүн эскертишкен. 4-майда Трамп Иран Ормуз кысыгын ачууну көздөгөн америкалык кемелерди бутага алса өлкөнү ""жер жүзүнөн жок кыларын"" айткан. Маалыматтарга ылайык, Ормуз кысыгынан 800дөн ашык кеме жана 20 миңге жакын экипаж мүчөсү өтө албай калган. Fox News каналына курган маегинде Трамп операцияны “тарыхтагы эң мыкты аскердик маневрлердин бири"" деп мактап, Ирандын расмий өкүлдөрү акыркы сүйлөшүүлөрдө ""алда канча ийкемдүү"" болгонун айтты. Иран ошондой эле Вашингтондун ирандык алты чакан кайыкты жок кылып, ракеталар менен дрондорду атып түшүргөнү тууралуу айткандарын четке какты. Куралдуу жаңжалга чейин Ормуз кысыгынан дүйнөлүк базардагы мунай менен газдын 20% жакыны ташылчу.",azattyk.org,https://www.azattyk.org/a/33750321.html,2026-05-05T15:32:12+06:00,kyrgyz,0,high,news_site
fd1506c3-7423-4680-b22c-d87aa64b3ba0,Перм крайында өнөр жай ишканасына сокку урулду,"Орусиянын Перм крайынын губернатору Дмитрий Махонин  “өнөр жай аянтчаларынын бирине” дрон чабуулу коюлганынбилдирди. Анын айтымында, ишкананы өрт чалды, жумушчулары эвакуацияланды, эч ким жабыркаган жок. Губернатор кеп кайсы жай тууралуу жүргөнүн тактаган жок. Украиналык Exilenova+ Телеграм каналынынмаалыматынаылайык, өрт ""Перм"" станциясына таандык “Транснефть” заводунда тутанды. Бирок бул маалымат расмий ырастала элек. Перм крайында “Лукойл” компаниясынын мунай иштетүүчү заводу жана мунай ташуучу “Перм” диспетчердик станциясы жайгашкан. Станцияда мунайдын түрлөрү аралаштырылып куурлар менен ташылат. Анын аймагында кара май сакталуучу резервуарлар орун алган. Оренбург облусунун губернатору Евгений Солнцев украиналык дрондор “бир нече өнөр жай ишканаларына сокку урууга аракеттенгенин”билдирди. “Орусиянын Коргоо министрлигинин маалыматына караганда, төрт пилотсуз учак облустун үстүндө атып түшүрүлдү. Курман болгондор жана жабыркагандар жок”, - деп жазды Солнцев. Украиналык Supernova+ Телеграм каналы Орск шаарында машина куруучу завод чабуулга кабылганын маалымдады. Орус Коргоо министрлиги 29-апрелге караган түнү украиналык 98 дрон атып түшүрүлгөнүн билдирди. Украина Орусиянын агрессиясына жооп иретинде ал өлкөнүн согуш машинасын күйүүчү май менен камсыздаган ишканаларды бутага алып келет.",azattyk.org,https://www.azattyk.org/a/33745101.html,2026-04-29T16:35:27+06:00,kyrgyz,0,high,news_site
70f5e2e4-648f-4cde-b21c-0c636a8325e6,Экс-депутат Сатыбалдиев коомдук жайда тамеки чеккени үчүн айыпка жыгылды,"Жогорку Кеңештин мурдагы депутаты Элмурза Сатыбалдиев 1-майда Өзгөн шаарындагы борбордук стадиондо майрамга карата уюштурулган иш-чарада тамеки чеккени үчүн 3000 сом айыпка жыгылды. Бул тууралуу Ош облусунун ички иштер башкармалыгы билдирди. Элмурза Сатыбалдиев 2007-2009-жылдары башкы прокурор болгон. 2021-жылы Жогорку Кеңештин VII чакырылышына өткөн шайлоодо №12 Өзгөн шайлоо округунан катышып, депутат болуп шайланган. Ушул жылдын март айында Бишкектеги Токтоболот Абдумомунов атындагы кыргыз драма театрынын имаратынын алдында тамеки чеккени үчүн ички иштер министри Улан Ниязбеков даайыпка жыгылган. Коомдук жайларда тамеки тартууга тыюу салган мыйзам 2021-жылы иштей баштаган. Ага ылайык, тыюу салынган жерлерде чылым чеккендерге 3000 сом айып пул салынат. (BTo)",azattyk.org,https://www.azattyk.org/a/33747521.html,2026-05-02T09:12:02+06:00,kyrgyz,0,high,news_site
113ad55b-f47c-4e29-bc5e-36a8688475ee,"Ташиев, Тургунбек уулу жана Зулушев ИИМде сурак бергени кабарланууда","Улуттук коопсуздук боюнча мамлекеттик комитеттин (УКМК) мурдагы төрагасы Камчыбек Ташиев, Жогорку Кеңештин мурдагы спикери Нурланбек Тургунбек уулу жана парламенттин экс-депутаты Курманкул Зулушев 28-апрелде Ички иштер министрлигинде (ИИМ) бир нече саат сурак берип чыкканы кабарланды. Бир катар жергиликтүү сайттар алар кайсыл иш боюнча сурак бергени так эмес экенин жазып, бирок муну президенттик шайлоону быйыл өткөрүү демилгесин көтөргөн 75 адамдын кайрылуусу менен байланыштырып жатышат. ИИМ “Азаттыкка” маалыматты ырастаган да, четке каккан да жок. Мекеменин басма сөз кызматы комментарий бербей турганын гана билдирди. 28-апрелдин кечинде адвокат Шердор Абдыкапаров Фейсбуктагы баракчасына сурак тууралуу видео жарыялап, сөз болуп жаткан үч саясатчы сурак эле бербестен аларга “бийликти күч менен басып алууга аракет кылган” деген кине менен айыбы угузулганын айтты. Бирок кийинчерээк видеону баракчасынан өчүрүп салды. Камчыбек Ташиев, Нурланбек Тургунбек уулу, Курманкул Зулушев жана алардын тарапташтары комментарий бере элек. Президент Садыр Жапаров 27-апрелде Kaktus.media порталына маек куруп, “75чилердин катына” Камчыбек Ташиевдин тиешеси бар-жогун тергөө жана сотаныктай турганын билдирген. 9-февралда мурдагы премьер-министрлер, парламенттин экс-депутаттары, саясатчылар жана коомдук ишмерлер болуп 75 адамдан турган топ президент Садыр Жапаровго жана Жогорку Кеңештин ошол кездеги төрагасы Нурланбек Тургунбек уулуна кайрылып, жакынкы убакта президенттикшайлоо өткөрүүгө чакырган.Алардын айрымдары кийин кайрылуунун мазмунун окубай туруп эле ага кошулууга макул болгонун айтып чыгышкан. Ички иштер министрлиги бул кайрылууга байланыштуу кылмыш ишин козгоп, анда аты аталган коомдук ишмер Бекболот Талгарбековду, Кыргызстандын Өзбекстандагы мурдагы элчиси, мурдагы айыл чарба министри Эмилбек Узакбаевди жана Жогорку Кеңештин экс-депутаты Курманбек Дыйканбаевди, мурдагы вице-премьер, экс-депутат Аалы Карашевди жана ички иштер министринин мурдагы орун басарыКурсан Асановду кармаган. 10-февралда Садыр Жапаров Камчыбек Ташиевди Министрлер кабинетинин төрагасынын орун басары - Улуттук коопсуздук мамлекеттик комитетининтөрагасы кызматынан бошоткон.Андан кийинки маектеринде Жогорку Кеңеште депутаттар “президент жана атайын кызматтын кишиси” болуп бөлүнүү башталганын, кийин ал парламенттен сыртка чыкканын айтып, 75 адамдын кайрылуусун мисал кылган. Бул окуялардан кийин Нурланбек Тургунбек уулу алгач төрагалык кызматтан кетип, андан соң депутаттык мандатын да тапшырган. Фейсбуктагы баракчасына пост жазып, 75 кишинин кайрылуусуна тиешеси жок экенин билдирген. Акыркы саясий окуялардын фонунда Кундузбек Сулайманов, Элдар Сулайманов, Куванычбек Конгантиев, Шаирбек Ташиев, Курманкул Зулушев, Нурланбек Азыгалиев, Гүлсүнкан Жунушалиева, Абдылдабек Эгембердиев өздөрү жазган арыз менен депутаттык мандатынан ажыратылды. Алардын ичинен “Кыргызнефтегаз” ишканасындагы коррупциялык ишке байланыштуу Камчыбек Ташиевдин иниси, экс-депутат Шаирбек Ташиев, Камбар-Ата-1 ГЭСин даярдоо этабындагы иштерге байланыштуу Кундузбек Сулайманов жана жер тилкелерине байланышкан мыйзамсыз схемаларды уюштурган деген айып менен Куванычбек Конгантиев кармалды. “75чилердин каты” Жогорку Кеңешке түшкөн учурда Курманкул Зулушев парламенттин Конституциялык мыйзамдар, мамлекеттик түзүлүш, жергиликтүү өз алдынча башкаруу жана Жогорку Кеңештин регламенти боюнча комитетинин төрагасы болуп турган. (BTo)",azattyk.org,https://www.azattyk.org/a/33744877.html,2026-04-29T10:43:55+06:00,kyrgyz,0,high,news_site
352c0f76-3d6e-47bc-b934-4cd85a0e6884,ИИМ Бишкек электр тармактар ишканасынын директорун кармады,"Ички иштер министрлиги (ИИМ) Бишкек электр тармактар ишканасынын директору (А.М.), башкы эсепчиси (Ч.И.) жана анын орун басары (Д.Ш.) кармалганын кабарлады. Мекеме 29-апрелде жарыялаган маалыматына ылайык, алар 2023-жылдан бери алдын ала сүйлөшүп алып, мамлекеттик ишкананын каражатын мыйзамсыз чыгарып кетүү боюнча кылмыштуу схема уюштурган деп шек саналууда. Тергөөдө бухгалтерия аркылуу жасалма документтер түзүлүп, акча маяна катары көрсөтүлүп, башкы эсепчинин орун басарынын (Д.Ш.) банктык эсебине которулуп турганы аныкталган. ИИМ кийин шектүүлөр аны бөлүштүрүп алып келгени, жыйынтыгында ишканага көп суммада зыян келтирилгени белгилүү болгонун кошумчалады. Бул факты боюнча Кылмыш-жаза кодексинин “Кызмат абалын кыянаттык менен пайдалануу” беренеси менен кылмыш иши козголуп, шектүүлөр эки айга камакка алынды. Ушул тапта Бишкек электр тармактар ишканасынын директору Паизов Азамат Мамазакирович. ИИМ тараткан инициал анын аты-жөнүнө туура келет. Шектүүлөрдүн жакындары менен адвокаттары комментарий бере элек. (BTo)",azattyk.org,https://www.azattyk.org/a/33744901.html,2026-04-29T11:51:11+06:00,kyrgyz,0,high,news_site
1cbe2264-b7fd-4468-8f8d-3dbc58a86003,Акыйкатчы: Алимент өндүрүү маселеси жапырт социалдык көйгөйгө айланууда,"Акыйкатчы Жамиля Жаманбаева Кыргызстанда жашы жете элек балдарга алимент өндүрүү жылдап созулган көйгөйгө айланганын белгиледи.Акыйкатчынын 28-апрелде таратылган билдирүүсүндө азыркы иштеп жаткан алимент өндүрүү механизми жетиштүү натыйжа бербей, ""жарандар ата-энелик жоопкерчиликтен качып, баланын укуктары толук корголбой, маселе массалык социалдык көйгөйгө айланып бара жатканы"" белгиленген.Мекеме алимент өндүрүү боюнча сот чечимдеринин аткарылышына былтыр мониторинг жүргүзгөн. Анда Башкы прокуратурага караштуу Сот аткаруучулар кызматынын жана Улуттук статистикалык комитеттин маалыматтарына талдоо жүргүзүлгөн. Соттор, ИИМдин өкүлдөрү, адвокаттар, ошондой эле алимент өндүрүү көйгөйлөрүнө кабылган аялдар менен маектешүү жүргүзүлгөн.""Алимент өндүрүү жолу соттук териштирүүсүз ишке ашпай, ата-энелик милдеттин мыйзам чегинде аткаруу маданияты өнүкпөй, балага каражат бөлдүрүү үчүн жарандар соттошууда. Соттун чечими чыгарылган менен алардын басымдуу бөлүгү ишке ашпай жатат. Бул алиментке байланыштуу негизги көйгөйлөрдүн бири. Акыйкатчы институтуна кайрылгандардын баарында сот чечими болгон жана ал учурда алар аткарылган эмес"", - деп жазылган омбудсмендин билдирүүсүндө.2024-жылы, акыйкатчынын маалыматына караганда, сот аткаруучулар 36 613 чечимдин 4 152синен гана алимент өндүрө алган. 2025-жылдын аягында алимент боюнча сот чечиминин саны 60 миңден ашкан. Муну белгилеген омбудсмен алимент өндүрүү механизмдери алгылыктуу натыйжа бербей жатканын, сот чечимин жылдап күткөн өндүрүүчүлөр андан ары сот чечимдеринин аткарылышын жылдап күтүүгө мажбур болушарын билдирүүдө.""Ал арада бала бой жетип, алимент өндүрүү иши токтотулат. Сот аткаруучулар кызматынын маалыматында, 2025-жылдын жыйынтыгы менен 1543 иш боюнча бала 18ге чыккандыктан өндүрүү аракети токтотулган. Адвокаттардын айтымында, бул маселеге сот аткаруучулардын кайдыгерлиги же коррупциялык фактор дагы өз салымын кошууда. Алименттен качуу үчүн карызкор жасалма “жумушсуз” болуп, чыныгы кирешесин жашырып, мүлкүн туугандарына каттатып, өзү чет өлкөгө чыгып кетет"", - деп белгилейт акыйкатчы.Маалыматка ылайык, 2025-жылы карызкорлордун 99 пайызы (2024-жылы 72 %) расмий жумушсуз болгон. Алимент төлөөдөн баш тарткан кырызкорду кылмыш жоопкерчилигине тартуу сунушу менен өткөн жылы укук коргоо органдарына 604 иш жөнөтүлгөн. Бирок анын 368ине гана кылмыш иши козголуп, калган 236сына баш тартылган.Акыйкатчынын мониторингине катышкан милиция кызматкерлери алимент төлөбөй жүргөндөрдү жоопкерчиликке тартуу татаал экенин, чет өлкөгө чыгып кетсе издөө кыйынчылыкка турарын, телефон номурларын тез-тез алмаштырышарын айтышкан. Ошонун негизинде Министрлер кабинетине бир катар сунуштар жөнөтүлгөнү кабарланды.Буга чейин акыйкатчынын кийлигишүүсү менен төрт жаранга жалпы суммасы 200 миң сомдон ашык каражат өндүрүлүп берилип, ата-энелик милдетин аткаруудан баш тарткан бир карызкор кылмыш жоопкерчилигине тартылган.Сот аткаруучулар кызматынын маалыматына караганда, Кыргызстанда алимент төлөбөгөн 1204 кишиге издөө жарыяланган. Ал эми алиментке байланыштуу жалпы 60 миң 720 иш өндүрүшкө алынган. Алимент төлөбөгөн жарандарды сот аркылуу эркинен ажыратуу тажрыйбасы Кыргызстанда 2026-жылдан тартып ишке аша баштады. Буга чейин Баткен облусунун, Манас шаарынын, Сузак районунун тургундары кесилип, сот залынан камакка алынышкан. Ошондой эле 400-500 миң сомдон 1 миллион сомго чейинки алимент карызы бар жарандардан каражат өндүрүлгөнү маалымдалган. Өлкөдө ажырашкандардын 2% гана балдарына алимент төлөй турганы расмий айтылган. (ZКo)",azattyk.org,https://www.azattyk.org/a/33744082.html,2026-04-28T11:20:41+06:00,kyrgyz,0,high,news_site
996ee1e0-0a25-4994-a37e-7beadb7458ed,Баткенде жубайлардын өлүмүнүн чоо-жайы иликтенүүдө,"Баткен районундагы Чоң-Кара айылында жубайлардын өлүмүнүн чоо-жайы иликтенип жатканын жергиликтүү милициядан ""Азаттыкка"" тастыкташты. Маалыматка ылайык 25-апрелдин кечинде милицияга жубайлар бычактан алган жаракатынан каза болгону тууралуу маалымат түшкөн. Окуянын чоо-жайын аныктоо максатында тиешелүү экспертиза дайындалганы кабарланды. Баштапкы маалыматтарга караганда, аялы 45 жашта, күйөөсү 46 жашта болгон. Алардын артында беш баласы калганы айтылууда. Облустук милиция расмий маалымат бере элек. (JsA/ZKo)",azattyk.org,https://www.azattyk.org/a/33742736.html,2026-04-26T15:19:58+06:00,kyrgyz,0,high,news_site
a5d6cbba-e8e4-42cc-b754-ec409c2c9c80,Жапаров Астанада Аймактык экологиялык саммитке катышат,"Президент Садыр Жапаров бүгүн 21-апрелде иш сапар менен Казакстандын борбору Астанага барды. Мамлекет башчынын маалымат кызматы билдиргенине караганда, кыргыз президентин аэропорттон казак премьер-министри Олжас Бектенов тосуп алды. ""Иш сапардын алкагында президент Садыр Жапаров Аймактык экологиялык саммиттин пленардык сессиясында сөз сүйлөйт, чет элдик делегациялардын башчылары менен эки жактуу жолугушууларды өткөрөт, ошондой эле Жашыл жана туруктуу технологиялар эл аралык көргөзмөсүнүн павильонуна барат"", - деп билдирди президенттин басма сөз кызматы. 22–24-апрелде өтө турган Аймактык экологиялык саммиттин демилгечиси Казакстандын президенти Касым-Жомарт Токаев. Бул тууралуу ал БУУнун Башкы Ассамблеясынын 78-сессиясында айткан. Максаты - Борбор Азия чөлкөмүндө экологиялык көйгөйлөргө каршы биргелешип иштөө, экологиялык саясатты координациялоо жана ""жашыл"" долбоорлорго инвестиция тартуу. Саммитке жалпысынан 1,5 миңдей киши, Кыргызстан, Казакстан, Өзбекстан, Түркмөнстан, Тажикстан президенттери, стратегиялык өнөктөш катары БУУ өкүлдөрү катышат. (RK)",azattyk.org,https://www.azattyk.org/a/33737318.html,2026-04-21T21:27:44+06:00,kyrgyz,0,high,news_site
bf33fe9f-a00b-4c68-8849-253a8304f877,Булак: Президент Трамп Ирандын соңку сунушуна канааттанган жок,"АКШнын президенти Дональд Трамп согушту токтотуу боюнча Тегерандын соңку сунушуна наарызылыгынбилдирди. «Азаттык» менен маектешкен жогорку расмий өкүлдүн айтымында, мындай реакцияны планда Ирандын өзөктүк программасы тууралуу сөз болбогону жаратты. Америкалык администрация жаңжалды дипломатиялык жол менен чечүү үчүн уранды байытууну катуу көзөмөлдөө жана чектөө маселесин камтышы керек деген позицияны карманат. 27-апрелде Ак үйдүн басма сөз катчысы Кэролайн Левитт Трамп коопсуздук боюнча кеңешчилери менен Ирандын жаңы сунушун талкуулаганын ырастаган. Ушу тапта ок атышууну убактылуу токтотуу режими иштеп жатат. Тегеран жаңы план тууралуу маалыматты бышыктай элек. Axios басылмасы өз булактарына таянып жазгандай, Ислам жумурияты АКШ Ормуз кысыгынын блокадасын алууга тийиш жана өзөктүк программа боюнча сүйлөшүүлөр кийинки мөөнөткө жылсын деген шарт койгон. Ал арада АКШнын мамлекеттик катчысы Марко Рубио дүйшөмбүдө Fox News телеканалына бергенинтервьюдаазыркы жаңжалды жөнгө салууда өзөктүк маселе борбордук орунду ээлерин билдирди. Мамлекеттик департаменттин жетекчиси Ирандын башында радикалдуу лидерлердин турганы өзү эле кооптонуу жаратарын, бирок Тегерандын өз таасирин өлкөнүн сыртында жайылтуу аракети ого бетер каматама кыларын белгиледи. Ирандын бийлиги атомдук куралдын үстүнөн иштеп жатканын четке кагууда. Ошол эле маалда уранды жарандык максаттар үчүн зарыл болгон деңгээлден жогору байытпоо талабына көнбөй жатат.",azattyk.org,https://www.azattyk.org/a/33744200.html,2026-04-28T15:34:28+06:00,kyrgyz,0,high,news_site
c529a177-21b8-43f8-9470-c254664515ab,БАЭ Ирандын дрон жана ракета чабуулуна кабылганын кабарлады,"Вашингтон менен Тегеран атышууну токтотконун жарыялагандан бери биринчи жолу Иран Бириккен Араб Эмирликтерин (БАЭ)дрон жана ракета менен аткылады. БАЭнин аба соккуларынан коргонуу күчтөрү Ирандан учурулган 19 ракета жана учкучсуз учуучу аппаратты кармашканын өлкөнүн Коргоо министрлиги 4-майда X социалдык медиа платформасындагы баракчасына жазды. Министрликтин маалыматына караганда, Иран БАЭге карай 12 баллистикалык ракета, үч канаттуу ракета жана төрт дрон учурган. Дрон чабуулунан кийин Фужайра мунай комплексинин жанында өрт чыккан. Чабуулдун кесепетинен үч индиялык жаран жаракат алып, ооруканага жаткырылды. Мектептер 5-майдан 8-майга чейин онлайн иштемей болду. Эмираттар бийлиги Ирандын бул соккуларын кескин айыптап, жооп кайтаруу укугу бар экенин эскертти. Өлкөнүн Тышкы иштер министрлиги чабуулду ""кооптуу эскалация"" деп атап, ""бул чабуулдарга жооп кайтаруу үчүн толук жана мыйзамдуу укугу бар экенин"" билдирди. Ошол эле учурда Ирандын мамлекеттик телеканалы жогорку даражалуу аскер кызматкерине шилтеме берип, Тегеранда БАЭге чабуул жасоо ""планы жок"" экенин кабарлады. Коңшу Оман бийлиги БАЭнин чек арасына жакын жайгашкан Буха шаарына сокку урулганын билдирди. Жергиликтүү маалымат каражаттары кабарлагандай, турак жай имараты жабыркап, эки чет элдик жумушчу жаракат алды. АКШ президенти Дональд Трамп TruthSocial социалдык медиа платформасына Иран бир нече жолу сокку урганын, анын ичинде Ормуз кысыгындагы түштүк кореялык кемеге чабуул коюлганын жазды. Ак үйдүн маалыматы боюнча, америкалык күчтөр ирандык жети кайыкты жок кылышты. Бир күн мурун АКШ ""Эркиндик долбоору"" операциясынын алкагында Ормуз кысыгында калган кемелерди коштоп жүрөрүн жарыялаган. Иран АКШнын кысыктагы кемелердин ишине кийлигишүүсү 8-апрелде күчүнө кирген атышпоо келишимин бузуу деп эсептелерин билдирген.",azattyk.org,https://www.azattyk.org/a/33750070.html,2026-05-05T10:16:46+06:00,kyrgyz,0,high,news_site
b98d634f-368f-4c55-859a-8a8f0275e6d2,АКШдан депортация болгон дагы 26 өзбек жараны мекенине кайтты,"Өзбекстандын дагы 26 жараны АКШда миграция мыйзамдарын бузганы үчүн депортация болуп, 1-майда Ташкентке кайтышканын""Азаттык Азия"" маалымдады. Бул жолу да АКШдан депортацияланган өзбек жарандарын америкалык чартердик Omni Air International авиакомпаниясы жеткиргени, жалпысынан алар жолдо 36 саат жүрүшкөнү кабарланды. АКШнын Мексика менен чектеш Техас штатынан жолго чыккан учак Польша, Молдова, Румыния жана Армения өлкөлөрү аркылуу өтүп барганы, өзбек жарандарын мекенине кайтаруу ""Өзбекстандын жана АКШнын компетенттүү органдарынын бирге макулдашылган аракетинин натыйжасында ишке ашкан операция"" болгону белгиленди. Быйыл январь айында да Өзбекстан АКШдан өзүнүн депортация болгон 44 жаранын, март айында дагы 65 жаранын кабыл алган. Январдагы депортация тууралуу маалыматта Кошмо Штаттарда президенттик кызматка Дональд Трамп киришкенден берки 11-депортация экени айтылган. Эң алгачкы топ былтыр февраль айында кайткан. Анда Өзбекстандын Тышкы иштер министрлиги өзбек тарап өз жарандарын депортациялоо маселесинде АКШ бийлиги менен тыгыз кызматташып, алардын мекенине коопсуз кайтып келишин камсыз кылып жатканынбилдирген. Былтыр январда Fox News телеканалы АКШ бул өлкөдө мыйзамсыз жашаган 975 өзбекстандык жакынкы арада мекенине депортация болорунмаалымдаган. АКШда бийликке Дональд Трамп келген 2025-жылдын январь айында анын администрациясы мыйзамсыз мигранттарды депортациялоо боюнча кеңири масштабдуу программаны ишке ашыра баштаган. Расмий маалыматтарга караганда, Трамптын азыркы экинчи мөөнөтүнүн биринчи жылында Кошмо Штаттардан 600 миңден ашык адам депортацияланды, ал эми дагы 1,9 миллион мыйзамсыз мигрант өлкөдөн өз ыктыяры менен кетүүнү чечкен.",azattyk.org,https://www.azattyk.org/a/33747603.html,2026-05-02T17:08:53+06:00,kyrgyz,0,high,news_site
a923035f-6ec8-42ec-870c-526239398656,"NYT: Можтаба Хаменеиге кеп бут салып, пластикалык операция жасоо керек","The New York Times басылмасында 23-апрелде жарык көргөнмакалада жазылгандай,Ирандын лидери Можтаба Хаменеинин абалы оор. Ал 28-февралдагы аба чабуулунан оор жараат алган. Израил менен АКШнын биргелешкен соккусунан атасы Али Хаменеи жана жубайы жан таслим болгон. Макаладагы маалыматка караганда,Можтаба Хаменеигежасалма бут коюп, бетине пластикалык операция жасоо зарыл болуп турат. Басылма төрт булакка таянып билдиргендей, ал чечим кабыл алууга жөндөмдүү болгону менен бети абдан катуу күйүп калган. Андан тышкары колуна операция жасалган. Маалыматта айтылгандай, согушту токтотуу боюнча сүйлөшүүлөр жүрүп жаткан учурда Хаменеи ирандык генералдар менен чектелген гана байланышта болгон. Бул АКШнын буга чейинки «ал жарадар болгон жана, балким, жүзү өзгөрүп кеткен» дегенбилдирүүлөрүн тастыктайт. «Можтаба азырынча толук башкарууну жана көзөмөлдү колуна ала элек», — деген Chatham House уюмунун Жакынкы Чыгыш жана Түндүк Африка программасынын директору Санам Вакил. Макалада белгиленгендей, күнүмдүк башкаруу акыркы убакта жогорку кызматтагы аткаминерлерге жана Ислам революциясынын сакчылар корпусуна өтүп, Хаменеи коомчулукка көп көрүнбөй калды.",azattyk.org,https://www.azattyk.org/a/33741748.html,2026-04-24T20:31:44+06:00,kyrgyz,0,high,news_site
3dbf821b-ae62-452e-a4e1-c425e65c6a65,Мамлекеттик катчы Оштогу тергөө абагынын имаратын музейге айлантууну сунуштады,"Кыргызстандын мамлекеттик катчысы, жазуучу Арслан Капай уулу Ош шаарындагы тергөө абагынын имаратын музейге айландырууну сунуштады. Мамлекеттик катчы бул тууралууФейсбуктагы баракчасына жазды. Капай уулу Алымбек датка менен Курманжан датканын уулу Камчыбек курдурган үй бир кылымдан ашуун убактан бери түрмө катары кызмат кылып келе жатканын айтып, бул имараттын тарыхый мааниси бар экенин белгиледи: ""Ош шаарынын чок ортосунда СИЗО жайгашкан эски имарат бар. Тарыхый имарат. Алымбек датканын уулу Камчыбек 1890-жылдардын башында кербен сарай катары салдырган. Тагдырдын оюнун караңыз, оторчулар имаратты түрмөгө айлантып, Камчыбек өзү дал ушул жерде түрмөдө отурган. Ал жөнүндө түрдүү аңыздар айтылып келет"". Арслан Капай уулу ошондой эле тергөө абагы шаар сыртына чыгарыларын, буга байланыштуу Оштун мэри Жанарбек Акаевге бул тарыхый имаратты музейге айландырып сактап калуу идеясын сунуштаганын кошумчалады. ""Жанар мырзанын Ошту өнүктүрүү боюнча чоң-чоң пландары бар, Камчыбектин үйүн музейге айландыруу ошол пландарга бап келет экен. Буюрса!"". Көпчүлүккө ""Камчыбектин түрмөсү"" деген ат менен таанымал, Ош шаарында жайгашкан №5 тергөө абагынын бир имаратын 1897-жылы Курманжан датканын уулу Камчыбек курдуруп, кийинчерээк өзү ошол абакка камалган. Эки кылымдан бери түрдүү кылмышка шектелген түркүн тагдырлардын күбөсү болгон тергөө абагы толугу менен авариялык абалда экенин белгилеген бийлик 2023-жылы тергөө абагын башка имаратка, шаар сыртына которууну чечкен.(ZKo)",azattyk.org,https://www.azattyk.org/a/33737731.html,2026-04-22T12:06:28+06:00,kyrgyz,0,high,news_site
6a081d89-eb8c-4abd-9f8c-0688094995f5,Клара Сооронкулова мурдагы башкы прокурор Зулушевди сотко бере турганын айтты,"Конституциялык соттун мурунку судьясы, Кемпир-Абад иши боюнча айыпталып, акталган Клара Сооронкулова мурдагы баш прокурор Курманкул Зулушевди сотко бере турганын ""Азаттыкка"" ырастады. Ал экс-баш прокурор Кемпир-Абад иши боюнча айыпталгандарга карата күнөөсүздүк презумпциясынын принциптерин бузган деген негизде сотко кайрыларын кошумчалады. ""Курманкул Зулушев бизге айып угузула электе Жогорку Кеңешке келип, ""буларды кемпирабадчылар дебегиле, булар кылмышкер"" деп айткан. Ушундай айткан сөзү бар. Конституция мага ""эгерде ушул принцип бузулган болсо моралдык жактан да, материалдык жактан да келтирилген залал боюнча сотко кайрылса болот"" деп укук берип жатат. Ошонун негизинде мен азыр доо арыз даядап, сотко кайрылайын деп жатам. Курманкул Зулушев Жогорку Кеңеште көтөргөн маселеси менен ушул принциптин бузулганы боюнча"", - деди ал. Сооронкулованын билдирүүсү боюнча Зулушевден комментарий алууга мүмкүн болгон жок. Курманкул Зулушев 2020-жылы бийлик алмашкандан кийин баш прокурор болуп дайындалган. Клара Сооронкулова 2022-жылы октябрда отуздай адам менен кошо Кемпир-Абад иши боюнча шектелип, кармалган. Тергөө абагында жаткан кезинде ден соолугу начарлап, операция болгон. Оор операциядан кийин кайра тергөө абагына которулган. Алты ай тергөө абагында жаткандан кийин үй камагына чыккан. Кылмыш-жаза кодексинин “Массалык башаламандыктар” жана “Бийликти күч менен басып алуу” беренелери менен шек саналып 2022-жылы октябрда кармалгандардын эң азы жарым жыл, көбү дээрлик 2 жыл абакта отурду. Прокуратура аларды 20 жылга камоону сунуштаган. Кемпир-Абад ишин караган Бишкектин Биринчи май райондук соту 2024-жылдын 14-июнунда бул иш боюнча айыпталган 27 кишинин 22син актаган. Быйыл 27-мартта Бишкек шаардык соту райондук инстанциянын чечимин күчүндө калтырды. 17-апрелде Бишкектин Биринчи май райондук соту иши өзүнчө бөлүнгөн дагы үч адамды актаган.(TAb/ZKo)",azattyk.org,https://www.azattyk.org/a/33743500.html,2026-04-27T20:19:27+06:00,kyrgyz,0,high,news_site
1c5da743-6bf0-4682-8805-e80ad8c6f772,Орусиялык журналист Маша Гессен Пулицер сыйлыгын алды,"Орусиялык журналист Маша Гессенге «Редакциялык комментарий» номинациясы боюнча Пулицер сыйлыгы ыйгарылды. Бул тууралуу маалымат сыйлыктын расмий сайтына жарыяланды. «Медиазона» басылмасы белгилегендей, Гессенге сыйлык «авторитардык режимдин күч алышы боюнча тарыхый фактыларга таянган курч журналисттик очерктердин сериясы” үчүн берилди. Гессендин жазгандары өзүнчө рубрика болуп The New York Times сайтына жарыяланган. ""Өлкөнү жоготуу сезими. Мен муну жакшы билем"" деген рубрикасында Гессен Дональд Трамптын тушунда АКШда болуп жаткан окуяларды Орусиядагы репрессияга салыштырган. 2023-жылы ноябрда Гессенге ""орус армиясы тууралуу фейк маалымат жарыялаган"" деген кине менен кылмыш иши козголгону ачыкталган. Буга анын август айында журналист Юрий Дудга курган маеги себеп болгон. Анда Гессен менен Дудь Украинанын Буча шаарындагы орус аскерлеринин кылмыштарын талкуулашкан. 2024-жылы Орусияда сегиз жылга сыртанан соттолгон Гессенге издөө жарыяланган. Ал Орусиянын президенти Владимир Путин тууралуу китеп жазган, көптөгөн сыйлыктарга ээ жана адам укуктары боюнча активист катары белгилүү. Өзү көп жылдан бери АКШда жашайт. 2012-2013-жылдары бир нече ай ""Эркин Европа/Азаттык"" радиосунун орус кызматын жетектеген. Пулицер сыйлыгы адабият, журналистика, музыка жана театр тармагындагы АКШдагы бараандуу сыйлыктардын бири. 2024-жылы Washington Post басылмасына жарыяланган макалалалары үчүн саясатчы Владимир Кара-Мурзага ыйгарылган.",azattyk.org,https://www.azattyk.org/a/33750235.html,2026-05-05T13:31:27+06:00,kyrgyz,0,high,news_site
80ee9c9c-1741-4f2a-8ec4-3421325d788e,"Өскеменде ""Казмырыш"" заводундагы жарылуу эки кишинин өмүрүн алды","5-майда эртең менен Казакстандын Өскемен шаарындагы ""Казмырыш"" заводунда жарылуу болуп, эки киши өмүр менен кош айтышты, бешөө жараланды. Бул тууралуу цинк чыгарган компаниянын билдирүүсүндө айтылды. Маалыматка караганда, окуя металлургиялык аянтчада түтүн сордурган жабдыкты тазалоо учурунда болгон. “Кырсыктан эки киши каза тапты, бешөө жаракат алды. Жабыркагандарга медициналык жардам көрсөтүлүүдө. Ар тараптуу жана объективдүү текшерүү үчүн комиссия түзүлдү», - деп билдирди компания. Чукул кырдаалдар министрлиги өрт ооздукталганынмаалымдаган. Жарылуунун себептери жана чоо-жайы тууралуу азырынча маалымат жок. Премьер-министр Олжас Бектенов окуяны өз көзөмөлүнөалды. Ишкана маркумдардын үй-бүлөлөрүнө жана жаракат алгандарга зарыл болгон психологиялык жана акчалай жардам берилерин убада кылды. Кырсыктын айлана-чөйрөгө тийгизген залакасы да текшерилүүдө. Баштапкы маалымат боюнча «абага бөлүнүп чыккан чаңдын көлөму нормадан ашкан жок жана курамында зыян заттар табылган эмес».",azattyk.org,https://www.azattyk.org/a/33750299.html,2026-05-05T14:49:44+06:00,kyrgyz,0,high,news_site
c44c0eaf-8ef2-429c-ae96-ae345857434b,Алай: Гүлчөдө кайра сел жүрдү,"28-апрелде Алай районунун Гүлчө шаарында саат 16:45 чамасында кайра сел жүрүп, Абдиев көчөсүн каптады. Шаарда 27-апрелде нөшөрлөгөн жаандын кесепетинен сел жүрүп, Абдиев, Сатаров көчөлөрүндө жана Курманжан Датка айылында бир катар турак үйлөрдүн короолорун суу каптаган болчу. Бул тууралуу Өзгөчө кырдаалдар министрлиги билдирди. Маалыматта селдин кесепетин жоюу иштерине 223 адам жана атайын техника тартылып, тазалоо жана калыбына келтирүү иштери жүргүзүлүп жатканы, абал көзөмөлдө экени, жабыркагандар жоктугу айтылат. Өзгөчө кырдаалдар министринин орун басары Искендер Сулайманов Алай районунда жарандык коргонуу кызматтары менен чукул жыйын өткөрүп, күч-каражаттарды даяр абалга келтирүү, күтүлүп жаткан жаан-чачынга карата даярдыкты күчөтүү жана сел кесепеттерин ыкчам жоюу боюнча тапшырмаларды берди.",azattyk.org,https://www.azattyk.org/a/33744416.html,2026-04-28T20:17:27+06:00,kyrgyz,0,high,news_site
c3da7b44-1a41-4cad-9f48-52c0e4ca6270,Орус армиясынын аба соккусунан Харьковдо алты киши мүрт кетти,"Украинанын Харьков облусунда ракета чабуулунан төрт адамдын өмүрү кыйылды. Бул тууралуу 4-майда облустук аскердик администрациянын башчысы Олег Синегубов билдирди. Ал кошумчалагандай, кыркка жакын адам жаракат алды. Ошондой эле жеке үйлөр, көп кабаттуу имараттар, төрт дүкөн жана техникалык тейлөө жайы жабыркады. Ал эми Чернигов облусундагы Новгород-Север районунда орус күчтөрүнүн чабуулунан кийин 14 миңдей тургун электр жарыгысыз калды. Жергиликтүү бийликтин маалыматына ылайык, шаар түн ичинде бир нече жолу дрондор менен аткыланып, жарандык инфраструктура зыян тартты. Бир адам жараат алды. Мындан тышкары, Донецк, Днепропетровск, Херсон жана Харьков облусунун айрым аймактарында да электр энергиясы үзгүлтүккө учурады. Чугуев районунда орус дрону нан ташыган машиненин жанына кулап, айдоочу менен кошо дагы бир адам жаракат алды. Ал эми Сумы облусунда көп кабаттуу үйлөр жана башка имараттар орус армиясынын чабуулунан зыян тартты. Украин армиясы билдиргендей, 4-майга караган түнү орус армиясы жалпысынан 155 дрон менен чабуул койгон. Алардын 135и атып түшүрүлгөнү айтылды. Орусиянын Коргоо министрлиги Украинада адатта аскердик гана жайларды бутага аларын билдирип, жарандык инфраструктурага урулган соккуларды четке кагып келет.",azattyk.org,https://www.azattyk.org/a/33748946.html,2026-05-04T20:45:19+06:00,kyrgyz,0,high,news_site
a1970947-0e24-445c-8a5c-3322f987f402,Орусияда чет өлкөлүктөргө мамлекеттик төлөмдөрдү жогорулатуу сунушталды,"Мамлекеттик Думага өкмөт сунуштаган мыйзам долбооруна ылайык, чет өлкөлүктөргө туруктуу жашоого уруксат (ВНЖ) жана жарандык алуу үчүн төлөмдөрдү кескин көбөйтүү каралган. Бийлик муну Ички иштер министрлигинин чет элдиктерди текшерүүгө жана миграциялык базаларды жүргүзүүгө кеткен чыгымдары көбөйгөнү менен түшүндүрүүдө. Долбоор кабыл алынса ВНЖ алуу үчүн төлөм 30 миң рублга чейин өсөт, бул азыркыдан беш эсе кымбат. Ал эми Орусиянын жарандыгы үчүн төлөм дээрлик 12 эсе өсүп, 50 миң рублга жетет. Мындан тышкары, башка кызматтар да кымбаттайт. Маселен, убактылуу жашоого уруксат 15 миң рубль, өлкөгө чакыруу кагазы 8 миң рубль, студенттик ВНЖ 8 миң рубль, көп жолку кирип-чыгуу визасы 6 миң рублду түзөт. Ошол эле учурда бийлик айрым категориядагы чет элдиктерди төлөмдөн бошотууну сунуштоодо. Атап айтканда, Коргоо министрлиги менен келишим түзүп, Украинадагы согушка катышууга кеткендер, ошондой эле мурдагы СССРдин жарандары бул төлөмдөрдү төлөбөйт. Буга чейин Ички иштер министрлиги мыйзамсыз жүргөн чет элдиктердин реестрин түзгөн. Бул тизмеге киргендердин укуктары чектелип, мисалы, никеге турууга, кыймылсыз мүлк сатып алууга же банктан эсеп ачууга тыюу салынат. Айрым чет элдиктер бул тизмеге негизсиз киргизилип жатканын айтыпдаттанып келишет.Мындай учурларда алар кармалып, өлкөгө киргизилбей же жумуштан бошотулган окуялар катталган. Крокус Сити Холлдогу кол салууданкийин Орусияда миграция саясаты дагы катуулап, текшерүү көбөйгөн. Ошондой эле Тергөө комитетинин башчысы Александр Бастрыкин сыяктуу расмий адамдар мигранттар тууралуу кескин билдирүүлөрдү көбүрөөк жасап келишет.",azattyk.org,https://www.azattyk.org/a/33749647.html,2026-05-04T21:23:52+06:00,kyrgyz,0,high,news_site
6fd328bb-6d3e-436f-a993-7787f016711c,Бишкекте жети жашар кызды зордуктоого шектүү кармалды,"Бишкектин Биринчи май райондук милициясы 23 жаштагы Г.Р. аттуу жаран жети жаштагы кызды зордуктоого шектелип кармалганын 25-апрелде кабарлады. Маалыматка караганда, 24-апрелде “102” кызматына Ак-Босого конушунда белгисиз жаран тестиер кызды зордуктоого аракет жасагандыгы тууралуу маалымат түшкөн. Окуя болгон жерде шектүүнү жергиликтүү тургундар кармап алышкан. Шектүү милиция бөлүмүнө жеткирилип, тергөө абагына камакка алынды. Аталган факт боюнча Кылмыш-жаза кодексинин 37-154-(зордуктоого аракет жасоо) беренесине ылайык кылмыш иши козголду. Учурда тиешелүү тергөө амалдары жүргүзүлүүдө. Соттук-медициналык экспертиза дайындалды. Башкы прокуратуранын маалыматына караганда, өлкөдө балдарга карата кылмыш саны өсүүдө. 2025-жылы Кыргызстанда 369 сексуалдык зомбулук фактысы катталды. Анын ичинде басымдуу бөлүгү зордуктоо. Маалыматка ылайык, 137 зордуктоо фактысы, 16 жашка толо электерге карата сексуалдык мүнөздөгү 115 аракет, 43 зомбулук, сексуалдык мүнөздөгү аракеттерге мажбурлоого байланыштуу 20 факт жана башка кылмыштар катталган. Сексуалдык зомбулуктан 288 бала, 77 аял жабыркаган. (КЕ)",azattyk.org,https://www.azattyk.org/a/33742179.html,2026-04-25T10:59:21+06:00,kyrgyz,0,high,news_site
717e0f75-2cdf-4ce6-b184-03c9044e5798,Израил Газага гумжардам ташып бараткан кемелерди кармады,"Израилдин Аскер-деңиз күчтөрү Газа секторуна гуманитардык жардам менен бара жаткан Global Sumud Flotilla тобунун бир нече кемесин кармады. Бул тууралуу 30-апрелде аталган топ X социалдык тармагында билдирди. ""Израилдин куралдуу күчтөрү Газага карата деңиз блокадасын жүргүзүп жатат. Катерлер менен байланыш үзүлдү, SOS сигналы жөнөтүлдү"", - деп билдирди уюм. 26-апрелде ондогон кеме активисттер менен Сицилиянын портторунун биринен Газа секторуна багыт алган. Уюмдун айтымында, бул анклавга жетүүгө аракет кылган эң ири флотилия эле. Израил тарап кемелерди кармоо расмий жана пландалган операция экенин, алар деңиз блокадасын бузганын жана согуштук аракеттер жүрүп жаткан аймакка бараткандыктан коопсуздугуна коркунуч жаралганын билдирди жана активисттердин демилгесин гуманитардык миссия эмес, чагым деп атады. Израил 2023-жылдын октябрында Газа тараптан ХАМАСтын (АКШда жана Европа Биримдигинде террордук деп жарыяланган) кандуу кол салуусуна кабылганын жарыялап, ага каршы согуш баштаган. 2025-жылдын октябрь айында Израил жана ХАМАС АКШнын президенти Дональд Трамптын администрациясы иштеп чыккан тынчтык планынын алкагында атышууну токтотууга макул болушкан. АКШ, Түркия, Катар жана Египет Израил менен ХАМАСтын ортосундагы келишимдин кепилдиги катары чыгышкан. Быйыл январдын ортосунда Ак үй Трамптын Газа тилкеси боюнча пландын экинчи этабы башталганын жарыялаган. (RK)",azattyk.org,https://www.azattyk.org/a/33745834.html,2026-04-30T10:32:33+06:00,kyrgyz,0,high,news_site
fdb7c7d0-b4ed-4731-a1bf-836ba2d180fa,Иранда интернет өчүрүлгөнүнө 60 күн болду,"NetBlocks мониторинг тобу Ирандын интернетти өчүргөнүнө 60 күн болгонун билдирди. “Туура эки ай мурун, 28-февралда Ирандын бийлиги глобалдык желени бөгөттөгөндө өлкө санарип караңгылыгына баткан”, - деп жазды уюм Х социалдык тармагына. Интернет АКШ менен Израил Ислам жумуриятына каршы чабуул баштаганда кесилип, Тегеран аны согуш абалы менен түшүндүргөн. Элдик толкундоолор маалында, январда да интернет өчүрүлгөн. Бирок эксперттер андан айрымаланып, Иран көзөмөлдөө жолдорун бекемдегенин, “ак тизмени” түзгөнүн белгилешет. Айрым адамдар, арасында аткаминерлер, тандалма мекемелер, компаниялар дүйнөлүк желени колдоно алышат. Жакында бул система расмийлешип, эми Internet Pro схемасына ылайык, ишкерлер жана изилдөөчү, окумуштуулар акы төлөп интернетти буга чейинкидей эле пайдаланса болот. Ок атышуу убактылуу токтогон 8-апрелден кийин катардагы ирандыктардын айрымдары интернет эмне үчүн калыбына келтирилбей жатат деген маселени козгошууда. Дүйнөлүк желенин бөгөттөлүшү дигиталдык жана жалпы экономикага да миллиарддаган доллар зыян алып келди.",azattyk.org,https://www.azattyk.org/a/33744278.html,2026-04-28T17:18:57+06:00,kyrgyz,0,high,news_site
cc815994-d508-4d82-bdfc-7f2a4a6fbc84,"Адылбек Касымалиев инвесторлорго шарт түзүү чабал болуп жатканын айтып, акимди зекиди","Министрлер кабинетинин төрагасы Адылбек Касымалиев 23-апрелде быйыл ишке киргизүү пландаштырылган 113 өнөр жай объектисине байланыштуу кеңешме өткөрдү. Өкмөттүн басма сөз кызматы билдиргендей, бир катар ишканалардын өз убагында ишке киришине тоскоол болгон көйгөйлөр талкууланды. Жер тилкелерин трансформациялоодогу кечигүү, инженердик инфраструктураны (электр энергиясы, суу каналдары) тартуудагы кыйынчылыктар жана уруксат берүүчү документтерди алуудагы бюрократиялык тоскоолдуктар тууралуу сөз болду.Касымалиев инвесторлор менен иштөөдөгү ыкмаларды түп-тамырынан кайра карап чыгуу зарылдыгын белгиледи.""Инвесторго жардам жана аны коштоо бардык этаптарда, айыл өкмөтүнүн башчысынан баштап Министрлер кабинетине чейин системалуу болушу керек. Бул 113 объектке гана тиешелүү эмес. Кыргызстанга капитал салгысы келген ар бир инвестор мамлекеттин реалдуу колдоосун сезиши керек. Жер-жерлерде ""бири-бирине оодармай"" болбошу жана мөөнөттөр создуктурулбашы керек. Эгерде инвестордун көйгөйү болсо бул сиздин жеке көйгөйүңүз, аны сиз чечүүгө милдеттүүсүз"", - деди өкмөт башчы.Касымалиев ишкерликтин бардык түрүнө жана көлөмүнө карабай шарт түзүп берүүнү тапшырып, айрым иштердин мөөнөтү созулуп жатканын сындады. Жыйынга онлайн катышкан Талас облусунун Айтматов районунун акими Нурланбек Умаровду зекиди.""Айтматовдун акими, сиз, эмне, тойго келдиңизби? Ылжылыңдап күлүп отурасыз. Экономиканы дагы 9-10% кармаш үчүн бизге абдан көп инвестиция керек. Аким, айыл өкмөт башчылары ал силерге дагы керек, салык түшөт, жумуш орундары түзүлөт"", - деди Касымалиев. Министрлер кабинети дээрлик бардык тармактарда өсүү болгонун, негизги капиталдык инвестициянын көлөмү 77,3 млрд сомду түзүп, 25,5% көбөйгөнүн белгилеген. Баштапкы маалыматтарга ылайык, ички дүң продукциянын (ИДП) көлөмү өткөн жылдын ушул мезгилине салыштырмалуу 10,1% көбөйүп, 428,6 млрд сомду түзгөн. Өкмөттүн маалыматына караганда, 2026-жылдын биринчи чейрегинде курулуш тармагында өсүш 29,6%, өнөр жайдагы өсүш 14% түздү. Бул тууралуу Министрлер кабинетинин төрагасы Адылбек Касымалиев 20-апрелде аппараттык кеңешме өткөргөн учурда айтылган.Кыргыз өкмөтү 2025-жылы экономика 10% ашык өсүп, бюджеттин капчыгы 1 трлн сомдон ашканын жар салган. Жаңы ишканалар ачылып, турак жай курулуп, маяна, пенсия, жөлөкпул бир кыйла өскөнүн айтып келет.Экономикалык талдоочулар сандардын артынан түшпөй, мамлекеттин каражатын натыйжалуу долбоорлорго жумшоо зарылдыгын белгилеп келишет. (КЕ)",azattyk.org,https://www.azattyk.org/a/33740638.html,2026-04-23T13:54:33+06:00,kyrgyz,0,high,news_site
7cf824a6-e1e0-4330-a796-8eeb88653a57,Орусиянын Туапсе аймагында өзгөчө кырдаал жарыяланды,"Орусиянын Туапсе аймагында 28-апрелде өзгөчө кырдаал жарыяланды. Буга дрон чабуулунан кийин мунай иштетүүчү заводдо чыккан өрт себеп болду. Өлкөнүн Өзгөчө кырдаалдар министрлиги Туапседе жолго мунай төгүлгөнүн билдирди, бирок кайсы жер экенин тактаган жок. Astra Telegram каналы да көчөдө айрым жерлерде мунай азыгы күйүп жатканын, анын баары резервуарларында мазут сакталуучу Туапсе мунай иштетүүчү заводунан агып чыккан болушу мүмкүн экенин жазды. Дал ошол көчөлөрдөн кечээ тургундар эвакуация болгон. Краснодар крайынын губернатору Вениамин Кондратьев Туапсе заводундагы өрттү 164 адам өчүрүп жатканын, 46 техника тартылганын билдирип, куткаруучу топ 29-апрелде 300 адамга көбөйтүлөрүн кошумчалады. Ал эми Орусиянын өзгөчө кырдаалдар министри Александр Куренков Туапседе көрүлүп жаткан чаралар ""азырынча жетиштүү болбошу мүмкүн"" деп билдирди. Ал ""мунай төгүлгөн жок, баары токтотулду"" деп айтты. 28-апрелдин түнүндө Туапседеги заводго дрон калдыктары кулап, өрт чыккан, мунай сакталуучу төрт ири резервуар жабыркаганы, шаардын 30дан ашык көчөсүндө суу өчүрүлгөнү маалымдалган. Ушуну менен Туапседеги мунай иштетүүчү заводго үчүнчү жолу чабуул коюлду. Орусия коңшусу Украинага каршы толук масштабдуу согуш ачып, анын аймагын күн сайын дрон жана ракета менен аткылап келатканына бешинчи жыл болуп баратат. Соңку жылдары Орусиянын өзүнүн аймагы да бутага көп алынууда. Украина Орусиядагы чабуулдарга адатта комментарий бербейт, болгону, Москванын согуш машинасын токтотуу үчүн анын мунай жана аскердик продукция чыгаруучу ишканаларын жарактан чыгаруу керек деп эсептей турганын айтып калат. (RK)",azattyk.org,https://www.azattyk.org/a/33744917.html,2026-04-29T12:37:01+06:00,kyrgyz,0,high,news_site
8230b876-2f20-4fdb-95ee-dcd381761b12,"АКШ Ирандан согушту токтотуу боюнча ""бирдиктүү"" сунуш күтүп жатканын билдирди","АКШ президенти Дональд Трамп Тегерандан согушту токтотуу сунушуна ""бирдиктүү"" жооп күтүп жатат, бирок азырынча ""так мөөнөт"" кое элек. Бул тууралуу Ак үй мөөнөтү 22-апрелде бүткөн атышпоо келишимин Трамп бир тараптуу узарткандан бир күн өткөндөн кийин билдирди. Ак үйдүн басма сөз катчысы Кэролайн Левитт журналисттерге Трамп Иран режимине ""бир аз ийкемдүүлүктү сунуштап жатканын"" билдирди. Ал Тегеранда ""ички бөлүнүү көп экенин"" баса белгиледи:""Азыр Иранда прагматиктер менен катаал режим тарапташтарынын ортосунда күрөш жүрүп жатат жана президент бирдиктүү жооп болушун каалайт, андыктан бул жоопту күтүп жаткан учурда атышпоо режими күчүндө"".Левитт Трамп согушту токтотуу боюнча ""эң күчтүү сунуш"" бергенин, бирок Ирандын сунушун алууга так мөөнөт койбогонун айтканы менен кененирээк маалымат берген жок. Буга чейин, 22-апрелде Левитт Fox News агенттигине Иран согушту токтотуу боюнча сүйлөшүүлөрдүн алкагында өзүнүн байытылган уранын АКШга берүүгө макул болушу керектигин айткан.АКШ менен Израил Иранга каршы согушун 28-февралда баштаган. Тараптардын 11-12-апрелде Исламабадда башталган сүйлөшүүлөрүнүн кийинки раунду өтө элек. Иран ага катышарын билдирбегендиктен америкалык чабармандар азырынча Пакистанга баруудан карманып турушат.Левиттин комментарийи Иран парламентинин төрагасы Мохаммед Багер Калибаф АКШнын Иран портторун бөгөттөөсү макулдашууга чейин күчүндө калары атышпоо режимин бузуу деп эсептелинерин белгилеген Тегерандын айыптоосун кайталагандан кийин айтылды.Билдирүүсүндө Калибаф ""Ормуз кысыгынын ишин жандантуу атышпоо режими минтип одоно бузулган шартта мүмкүн эместигин"" айткан. Иран дүйнөлүк мунай жана суюлтулган газдын бештен бири ташылган кысыкты азыркы тапта жабык кармап турат.",azattyk.org,https://www.azattyk.org/a/33740556.html,2026-04-23T10:50:12+06:00,kyrgyz,0,high,news_site
5c32154a-958f-4a19-9b10-02eac23834e6,Көк-бөрү федерациясынын президенти кызматтан кетүү боюнча арыз жазды,"Көк-бөрү федерациясынын шайланганына аз гана убакыт болгон президенти Акылбек Эшимов кызматтан кетүү туралуу арыз жазды. Бул маалымат федерациянын социалдык тармактардагы баракчаларына чыкты. Ага ылайык, 3-майда Көк-бөрү федерациясынын кезектеги курултайы өтүп, анда Акылбек Эшимовдун ишмердүүлүгү боюнча отчету жана кызматтан кетүү боюнча арызы каралат. Андан тышкары федерациянын жетекчилигине талапкерлерди сунуштоо жана жаңы президентти шайлоо боюнча маселе бар. Акылбек Эшимов ушул жылдын 3-февралында эле Көк-бөрү федерациясынын президенти болуп шайланган. Ага чейин бул кызматта 2023-жылдан бери Рамис Жунусалиев иштеп келаткан. Улуттук коопсуздук боюнча мамлекеттик комитет (УКМК) аны 2025-жылы декабрда алдамчылыкка айыптап кармаган. 8-апрелде Борбордук шайлоо комиссиясы (БШК) №19 шайлоо округунан шайланып келген Жогорку Кеңештин депутаты Абдылдабек Эгембердиевди өзү жазган арызынын негизинде мандатынан ажыраткан. №19 шайлоо округу боюнча андан (5 316) кийин Рамис Жунусалиев (4 767) көп добуш алган. Ал тергөө абагынан мандаттан баш тартуу боюнча Боршайкомго арыз берип, кийин эркиндикке чыкты. (BTo)",azattyk.org,https://www.azattyk.org/a/33743212.html,2026-04-27T10:22:09+06:00,kyrgyz,0,high,news_site
f2ebe29c-10f9-48f0-a697-1c82a4851240,"Орусия Днепр жана Житомирге сокку урду, бир нече кишинин өмүрү кыйылды","Орусиянын армиясы 23-апрелге караган түнү Украинанын Днепр шаарына сокку уруп, каза тапкандар үч кишиге жетти. Бул тууралуу шаардын мэри Борис Филатовбилдирди. Буга чейин Днепропетров облустук аскердик администрациясынын башчысы Александр Ганжа эки киши каза болуп, ону ар кандай жараат алганын, анын төртөө орточо оор абалда ооруканага жаткырылганын кабарлаган. Бейтапканага түшкөндөрдүн экөө 9 жана 14 жаштагы кыздар. Жергиликтүү бийлик соккунун кесепетинен көп кабаттуу турак жайдын жогорку кабаттарында өрт чыкканын маадымдаган. Орусиялык аскерлер Житомир облусунун жарандык транспорттук инфраструктурасына да сокку уруп, бир аял каза тапканын дубандын аскердик администрациясынын жетекчиси Виталий Бунечко кабарлады. Өткөн түнү орус армиясы Украинага 155 дрон учурган, анын 139у жок кылынган. Орусиянын Коргоо министрлиги аткылоолор тууралуу комментарий бере элек. Украина жана эл аралык уюмдар Орусиянын жарандык инфраструктурага жана жай тургундарга багытталган соккуларын согуш кылмышы деп эсептейт. Далилдерге карабай Москва муну танып, соккулар аскердик буталар урулуп жатканын айтып келет.",azattyk.org,https://www.azattyk.org/a/33740707.html,2026-04-23T15:21:58+06:00,kyrgyz,0,high,news_site
ad9968a9-9acd-4d83-8b16-dd2f84819a30,FT: Трамптын уулдары Казакстанда вольфрам иштеткен компаниянын үлүшүн алган,"Financial Times басылмасы АКШнын президенти Дональд Трамптын уулдары Эрик Трамп менен кичүү Дональд Трамп Казакстанда вольфрам кендерин иштетүү менен алектенген компаниядан үлүш алганын жазды. Басылманын маалыматына ылайык, алар Караганды облусундагы кендерди иштетүүнү пландап жаткан металлургиялык холдингге кирген ишканадан үлүштү 2025-жылдын август айында сатып алышкан. Бейшемби күнү үч компания, анын ичинде Трамптын уулдары катышкан ишкана Kaz Resources брендине бириккенин жарыялашты. Ал акцияларын Nasdaq биржасына чыгарат деп күтүлүүдө. Жогорку Кайракты жана Түндүк Катпар кендерин иштетүү боюнча келишимге ноябрда америкалык Cove Kaz Capital Group LLC компаниясы менен казакстандык улуттук Tau-Ken Samruk ишканасынын ортосунда кол коюлган. Америкалык тарап биргелешкен ишкананын 70% үлүшүн алып, аны иштетүү жана маркетинг боюнча милдеттенмелерди өзүнө алган. Financial Times гезитинин маалыматы боюнча, Cove Kaz Capital ошондой эле АКШнын Экспорттук-импорттук банкы жана АКШнын Эл аралык өнүктүрүү каржы корпорациясы менен долбоорду 1,6 миллиард долларга чейин колдоо боюнча алдын ала өз ара түшүнүшүү меморандумдарына кол койгон. (BTo)",azattyk.org,https://www.azattyk.org/a/33746960.html,2026-05-01T14:50:39+06:00,kyrgyz,0,high,news_site
71dc314a-1166-4341-bab4-e8623dd1b611,"""Камбар-Ата 1"": Өкмөттүк макулдашуу долбоору Ташкентте талкууланды","Энергетика министрлиги “Камбар-Ата 1 ГЭСи” долбоору боюнча Өзбекстандын борбору Ташкентте үч күндүк сүйлөшүү өткөнүн билдирди. 28-30-апрелде долбоорду ишке ашыруу боюнча өкмөттөр аралык макулдашуунун долбоору талкууланганы маалымдалды. “Жолугушуунун жүрүшүндө тараптар макулдашуунун долбоорунун бардык беренелерин кеңири талкуулашты. Пикир алмашуу учурунда долбоордун макулдашылбаган жоболору конструктивдүү түрдө иштелип чыкты. Андан ары өз ара урматтоо жана алгылыктуу чечимдерди табууга умтулуу принциптерине негизделген ар кандай ыкмалар сунушталды. Ошондой эле кийинки сүйлөшүүлөр үчүн маселелер белгиленди”, - деп жазылган маалыматта. Жолугушууга Дүйнөлүк банктын өкүлдөрү да байкоочу катары катышкан. Тараптар өкмөттөр аралык макулдашуунун долбоорунун жоболору боюнча ишти улантууга даяр экенин белгилешти. Сүйлөшүүлөрдүн буга чейинки айлампасы 31-марттан 2-апрелге чейин Бишкекте өткөн. “Камбар-Ата-1” ГЭСин Кыргызстан, Казакстан жана Өзбекстанбиргелешип куруу чечимин кабылалган. Ага ылайык, үч өлкөнүн ортосунда биргелешкен ишкана түзүлөт. Компания “Камбар-Ата-1” ГЭСин башкарат жана анын 34% Кыргызстанга таандык болот. Ал эми Казакстан менен Өзбекстанга 33% бөлүнөт. Буга чейин айрым депутаттар менен энергетиктер үлүштөрдүн пайызы боюнча тынчсыздануусун билдиришкен. ГЭСти куруу 2024-жылы башталып, биринчи агрегаты 2028-жылы ишке берилет деп пландалган. ГЭС курулуп бүтсө 1880 МВт кубаттуулукта болуп, жылына 5,6 миллиард кВт саат электр энергиясын өндүрөт. Баштапкы эсеп боюнча, ГЭСтин плотинасынын бийиктиги 256 метрди түзүп, 5,4 млрд кубдан ашуун көлөмдө суу чогултат.",azattyk.org,https://www.azattyk.org/a/33748519.html,2026-05-04T11:15:28+06:00,kyrgyz,0,high,news_site
0192b910-94c1-4efc-9f63-235993b6c86b,Медиа: Тажикстандан ондогон ооган мигранты депортация болушу мүмкүн,"Ооганстандын маалымат каражаттары оогандык ондогон жаран, анын ичинде качкын макамы бар кишилер Тажикстандан депортацияланышы мүмкүн экенинбилдиришти. Afghanistan International телеканалы 4-майда видео жарыялап, мигранттарды өлкөдөн чыгаруу учуру тартылганын маалымдады. Телеканал Ооганстандын 250 жараны Согд облусунун Жаббор-Расул районунан Душанбеге алынып барганын, андан ары депортацияланышы ыктымал экенин кабарлады. Медианын булагы айтып бергендей, айрым кишилердин колунда БУУнун качкындар боюнча мекемеси берген күбөлүктөрү бар. Бул маалымат жана канча киши депортация коркунучуна туш болгону расмий бышыктала элек. Маалымат каражатынын видеосунда өздөрүн оогандык мигранттар деп тааныштырган адамдар алардын сим-карталарын алып коюшканын айтышты. Бул сөздөрдү да расмий тарап тастыктай элек. Тажикстандын бийлиги жана БУУнун өкүлдөрү кырдаалга байланыштуу азырынча комментарий жасаган жок. Мунун алдында Кожент шаарында адам өлтүрүүгө шектелген оогандык 22 жаштагы жигит кармалганы тууралуу кабар тараган. Качкындарды депортациялоо менен ал кылмыштын байланышы барбы же жокпу, белгисиз. Тажик бийлиги буга чейин мигранттар көбөйгөнүн айтып жана өлкөдө жүрүү эрежелерин бузуу жүйөсү менен ооган жарандарын чыгарган учурлар болуп келген. БУУнун Качкындар боюнча жогорку комиссариаты Душанбени качкын макамын сураган оогандарды күчтөп кетирбөөгө чакырган жана мекенинде алар куугунтукка кабылышы мүмкүн деп эскерткен. Маалыматтарга караганда, кошуна өлкөдө 9 миңдей ооган бозгуну бар, көбү Вахдат жана Рудаки аймактарында жашайт.",azattyk.org,https://www.azattyk.org/a/33750531.html,2026-05-05T21:12:15+06:00,kyrgyz,0,high,news_site
eade7441-f4e6-4caf-a039-6ba22bf08bc0,Трамп Уиткофф менен Кушнер Исламабадга барбай калганын билдирди,"АКШ президенти Дональд Трамптын атайын өкүлү Стив Уиткофф менен кеңешчиси Жаред Кушнер Исламабадга Иран менен сүйлөшүүлөргө барбайт. Бул тууралуу президент Трамптын Fox News агенттигине 25-апрелде курган маегинде айтылды. Бир күн мурун Ак үй Уиткофф менен Кушнердин сапарын ырастаган.""Бизде бардык карталар бар. Алар (ирандыктар) бизге каалаган учурда чала алышат, бирок биз мындан ары алар менен эч нерсе чечилбеген жолугушуу үчүн эле учууларга 18 саат коротпойбуз,"" -деди Трамп.Ак үй өкүлдөрдүн сапары болбой калышынын себеби тууралуу суроолорго президенттин Fox агенттигине курган маегин шилтеме кылып жооп берди. Кийинчерээк Трамп Иран менен сүйлөшүүгө америкалык бардык өкүлдөр барбай турганын Truth social соцтармагындагы баракчасына жазды. Ал кайра эле Иран бийлигиндеги пикир келишпестик макулдашууга жетишүүгө тоскоолдук кылып жатканын билдирди.АКШ президентинин атайын өкүлдөрү Иран менен сүйлөшүүнүн экинчи раундуна барары тууралуу бир катар маалымат каражаттарыжазышкан, так күнү 27-апрель болору айтылган. Бирок Иран мурдагыдай эле сүйлөшүүгө даярдыкты ырастаган эмес.Ирандын тышкы иштер министри Аббас Аракчи ишембиде Исламабаддагы сапарын жыйынтыктаган. Анын сөзүнө караганда, пакистандык ортомчуларга Ирандын көз карашында жаңжалдын бүтүшү тууралуу билдирген. Аракчи белгилегендей, АКШ дипломатияга канчалык олуттуу маани берери белгисиз.Иран сүйлөшүүлөр жылышы үчүн мурдагыдай эле өзүнүн портторун бөгөттөөнү токтотууну талап кылууда.Ушул тапта АКШ президенти тарабынан бул аптада мөөнөтү көрсөтүлбөй узартылган ок атышпоо уланып жатат. АКШ Ирандын деңиз портторун бөгөттөөнү улантып жатса, Иран Ормуз кысыгын жаап салган.",azattyk.org,https://www.azattyk.org/a/33742676.html,2026-04-26T10:52:38+06:00,kyrgyz,0,high,news_site
337edf22-ba69-4662-bfbb-b605ea6ba788,Кыргызстан Кытай менен жеңил унаа кыймылынын тартибин талкуулады,"Кыргызстанга таандык жеңил автоунаалардын Кытайдын аймагына кирүүсү жана Кыргызстандын аймагында кытайлык таксилердин ишмердүүлүгү эки өлкөнүн Транспорт министрликтеринин өкүлдөрүнүн жолугушуусунда талкууланды. Бул тууралуу Кыргызстандын Транспорт жана байланыш министрлигинин басма сөз кызматы учкай кабарлады, бирок андан башка маалымат берилген жок. Маалыматка ылайык, 22-апрелде министрликте Кыргызстандын транспорт жана коммуникациялар министринин орун басары Алмаз Тургунбаев Кытайдын транспорт министринин орун басары Ли Ян жана автотранспорт делегациясынын өкүлдөрү менен жолугушту. Анда автотранспорт тармагындагы кызматташтыкты өнүктүрүү боюнча маанилүү маселелер талкууланды. Жолугушууда тараптар Кыргызстандын Кытай-Орусия-Монголия өкмөттөр аралык ""Азия унаа жолдору"" эл аралык транспорт макулдашуусуна кошулуу мүмкүнчүлүгүн да карашты. Мындан тышкары кыргызстандык жүк ташуучуларга Кытайдын аймагында габаритсиз жүк  ташууга уруксат берүү маселеси талкууланды. Жыйынтыгында тараптар транспорт жана логистика тармагында кызматташтыкты мындан ары да кеңейтүүгө жана эл аралык унаа ташууларын өнүктүрүүгө кызыкдар экенин белгилешти. Кыргызстандын тышкы соодасында Кытай эң башкы өнөктөш – дүйнө менен жалпысоода алакасынын 35% ээлейт. Бээжиндин эсебинде 2024-жылы Кытай–Кыргызстан соодасынын көлөмү 22,7 млрд доллар болгон. Кыргыз статистикасы бул санды 5,6 млрд доллар деп көрсөтөт. Анын 98% Кытайдан келген импорт болуп эсептелет. Товар ташууда буга чейин Торугарт жана Эркечтам жолдору колдонулуп келген болсо, былтыр Бедел ашуусунда өткөрмө пункту ачылып, анын негизинде дагы бир бажы бекетин курууга Кытай бийлиги 41 млн доллар гранттык каражат бермей болгону кабарланган.(ZKo)",azattyk.org,https://www.azattyk.org/a/33740569.html,2026-04-23T11:59:53+06:00,kyrgyz,0,high,news_site
e13ea3b4-c6b8-49c3-aca2-f46f5f459e0f,Мамлекеттик сыйлыктардын түрү 46дан 22ге кыскарды,"Президент Садыр Жапаров ""Мамлекеттик сыйлыктар, ардак наамдар жана мамлекеттик сый акылар жөнүндө”мыйзамга кол койду.Аталган мыйзамда мамлекеттик сыйлыктардын, ардак наамдардын жана мамлекеттик сый акылардын мурдагы 46 түрү кыскартылып, 22ге түшүрүлдү.«Эрдик» ордени биринчи категориядагы мамлекеттик сыйлык болуп бекитилди, даражалары алынды. «Ардак» медалы экинчи категориядагы мамлекеттик сыйлык болуп саналат. Андан тышкары «Кыргыз Республикасынын жаратманы» жана «Кыргыз Республикасынын сыймыгы» ардак наамдары кошулду.Ошондой эле «Кыргыз Республикасынын эл мугалими», «Кыргыз Республикасынын эл дарыгери», «Кыргыз Республикасынын эл артисти», «Кыргыз Республикасынын эл жазуучусу», «Кыргыз Республикасынын эл акыны» жана «Кыргыз Республикасынын эл сүрөтчүсү» деген наамдар сакталып калды.Ал эми мурдагы «Ата Мекен Баатыры», «Данакер» ордени, 3-даражадагы «Эрдик» ордени, «Даңк» медалы, ""Эмгек сиңиргендиги"" тууралуу ардак наам жана ""Ардак грамота"" алынып салынды.Мыйзамда ошондой эле сыйлыктарга көрсөтүү процесси, аларды ыйгаруу жол-жоболору, сыйлангандардын укуктары менен милдеттери так аныкталган.Документте мындан тышкары мамлекеттик сыйлыктар жана наамдар менен сыйланган жарандар үчүн социалдык кепилдиктерди белгилөө да каралган.""Мамлекеттик сыйлыктар, ардактуу наамдар жана мамлекеттик сый акылар тууралуу"" мыйзамдын жаңы редакциясынын долбоору быйыл январдапарламенттин каршылыгына туш болгон. Айрым депутаттар сыйлыктардын кыскарганын сындап, миңдеген жарандардын шагын сындырган мыйзам болорун айтып чыгышкан.(ZKo)",azattyk.org,https://www.azattyk.org/a/33737748.html,2026-04-22T12:14:24+06:00,kyrgyz,0,high,news_site
4c33c63b-83c3-4806-8a5a-2a688317ce65,Бишкекте чет элдик жаранды өлтүрүүгө шектүүлөр кармалды,"Бишкекте чет өлкөлүк жаранды өлтүрүүгө шектелип төрт киши кармалды. Алар Аламүдүн районундагы Арчалы айылында, сөөгү талаага көмүлгөн адамдын өлүмүнө шек саналууда.Бишкек шаардык ички иштер башкармалыгы (ШИИБ) маалымдагандай, 20-апрелде саат 19:30 чамасында Аламүдүн районуна караштуу Арчалы айылынын капчыгайынан чет өлкөлүк Ж.Ч. аттуу жарандын зомбулук издери калган сөөгү табылган. Аталган факт боюнча Бишкек милициясынын тергөө кызматы Кылмыш-жаза кодексинин 122-беренеси (""Адам өлтүрүү"") менен иш козгогон.Бул кылмышка шектүү катары Р.Ж., Ф.Ж., О.Ч. жана А.Т. аттуу жарандар (бири аял) кармалган.22-апрель күнү кармалгандар сот чечими менен эки айга камалышты жана №1 тергөө абагына киргизилди.Учурда кылмыш иши боюнча зарыл болгон ыкчам тергөө иш-чаралары улантылууда. Милиция маркум кайсы өлкөнүн жараны экенин ачыктаган жок. (ZKo)",azattyk.org,https://www.azattyk.org/a/33737947.html,2026-04-22T17:18:41+06:00,kyrgyz,0,high,news_site
306be266-bade-4369-82c3-9d51f3f81334,"УКМК жана ИИМ ортодо тиреш жок экенин, чогуу тазаланып жатканын билдиришти","Улуттук коопсуздук боюнча мамлекеттик комитеттин (УКМК) төрагасы Жумгалбек Шабданбековдун ""Укук коргоо органдарын абийирсиз кызматкерлерден тазалоо боюнча биргелешкен системалуу иши тууралуу"" комментарийи жарык көрөрү менен Ички иштер министрлиги (ИИМ) ""Коррупцияга каршы күрөш системалуу жана ведомстволор аралык мүнөзгө ээ"" деген маалыматын расмий таратты.Билдирүүлөрдө эки мекеме өз катарын коррупцияга аралашкан, кызматынан кыянат пайдаланган, абийирсиз кызматкерлерден тазалоо иши чогуу жүргүзүлүп жатканы айтылды.Коопсуздук кызматынын төрагасы комментарийинде президент Садыр Жапаровдун тапшырмасы менен УКМК, ИИМ жана прокуратура биргелешип, укук коргоо тармагын ""абийирсиз, коррупцияга малынган жана мамлекеттик кызматтын беделин түшүргөндөрдөн тазалоого багытталган ырааттуу, системалуу жана активдүү иш-чаралар жүргүзүлүп жатканын"" маалымдады.""УКМК, ИИМ жана прокуратура органдарынын ортосунда эч кандай тирешүү жок жана болушу да мүмкүн эмес. Бардык укук коргоо органдары мыйзамдын алкагында жана Жогорку Башкы командачы койгон милдеттердин негизинде бирдиктүү байланышта иш алып барышат. Бул жерде мекемелер аралык күрөш жөнүндө эмес, укук коргоо тутумун абийирсиз кызматкерлерден тазалоо боюнча биргелешкен иш тууралуу сөз болуп жатат. Биздин жалпы максатыбыз — системаны алсыратуу эмес, аны чыңдоо, мыйзамдуулукту, кызматтык тартипти бекемдөө жана жарандардын укук коргоо органдарына болгон ишенимин арттыруу болуп саналат. Ошондуктан, жүргүзүлүп жаткан иш-чараларды айрым мекемелердин башкаларга каршы күрөшү катары көрсөтүү аракеттери негизсиз жана чындыкка дал келбейт"", деп билдирди Шабданбеков.ИИМ тараткан маалыматта да ""акыркы убакта маалымат каражаттарында укук коргоо органдарынын ишин координацияланбаган жана карама-каршы көрүнүш катары чагылдырууга аракет жасалып жатканы"" белгиленди. Ошондой эле бул чындыкка дал келбеси эскертилип, мамлекеттик органдардагы коррупцияга каршы күрөш мекемеден көз карандысыз жүргүзүлөрү айтылды.""Ушуга байланыштуу ИИМ, УКМК жана прокуратура жүргүзүп жаткан ыкчам-тергөө иш-чаралары мамлекеттик институттарды тазалоого жана жарандардын ишенимин жогорулатууга багытталган координацияланган иштин жыйынтыгы болуп саналат"", - деп жазылган ИИМдин билдирүүсүндө. 20-апрелде ИИМдин кызматкерлери УКМКнын 6-башкармалыгынын бөлүм башчысынын орун басарын кармашканы тууралуу маалымат тараган. 21-апрелде УКМКнын кызматкерлери ИИМдин борбордук аппаратындагы Ички коопсуздук кызматында тинтүү жүргүзгөнүн айрым маалымат каражаттары жазышкан. Эки окуя боюнча тең күч түзүмдөрү расмий маалымат беришкен эмес. Бул көрүнүштөрдөн улам социалдык тармактарда күч түзүмдөрүнүн ортосундагы ""эрегиштик"" жөнүндө талкуу башталган.(ZKo)",azattyk.org,https://www.azattyk.org/a/33737760.html,2026-04-22T12:22:25+06:00,kyrgyz,0,high,news_site
c19e7f15-0065-4e89-8eb5-fee4b880fd3b,Алайда күчү 3 баллдык жер титирөө катталды,"Алай районундагы Сары-Таш айылында күчү 3 баллды түзгөн силкинүү катталды.Сейсмология институтунун маалыматына караганда, жер титирөө 26-апрелде, саат 7:27де катталган. Силкинүүнүн күчү очогунда 3 баллды түзгөн, ал Сары-Таш айылынан сегиз, Кара-Киндик айылынан 14 чакырым аралыкта орун алган.Силкинүүнүн күчү Бор-Дөбө айылында 2,5 балл, ал эми Кара-Киндикте 2 балл сезилген.Апрель айында Кыргызстандын аймактарында жер титирөөлөр апта сайын катталууда. 18-апрель күнү саат 9:48де Ош, Жалал-Абад жана Нарын облустарынын чектешкен аймагында күчү очогунда 3,5 балл болгон жер титирөө катталган.Сейсмология институтунун расмий сайтында күн сайын өлкө аймагында жер силкинүү тууралуу маалыматтар жаңыртылып, жарыяланып турат. Андагы маалыматтарга караганда, сейсмикалык активдүү аймак болуп эсептелген Кыргызстанда дээрлик күн алыс эле жер силкинет.Улуттук илимдер академиясы Кыргызстанда жыл сайын 9200дөй майда жер титирөө катталарын билдирген. Бул көрсөткүчтүн эң жогорку деңгээли 2016-жылы катталган, анда 16 миң жер титирөө болгонун адистер эсептеп чыгышкан.(ZKo)",azattyk.org,https://www.azattyk.org/a/33742679.html,2026-04-26T11:00:05+06:00,kyrgyz,0,high,news_site
3554d4d1-b6e4-4df6-aa28-bb1c31e19f86,Дрон соккусунан кийин Перм мунай станциясында жарылуу болду,"Орусиянын Перм аймагында ""Транснефть"" мунай ишканасына караштуу станция тарапта 30-апрелге караган түнү жарылуу болгонун жергиликтүү  тургундардын маалыматына таянып орусиялык жана украиналык Телеграм каналдар жазып жатышат. Алардын белгилешинче, ишкана 29-апрелде украин дрондорунун чабуулуна кабылган, соккулар 30-апрелдин түнүндө да кайталанган болушу ыктымал. Социалдык түйүндөрдө жарыяланып жаткан сүрөт жана видеолордон ""Перм"" өндүрүш-диспетчердик станциясынын аймагын түтүн каптап жатканын көрүүгө болот. Орусиялык Shot Телеграм каналы Пермде бир нече жарылуу угулганын жана абадан коргонуу тууралуу эскертүү берилгенин билдирди. Жергиликтүү тургундар шаардын түштүгүндө эки же үч жолу жарылуу угулганын айтышты. Дагы бир орусиялык Mash каналы Пермге Украинанын Куралдуу күчтөрү алыскы аралыкка учуучу дрон менен чабуул койгонун жазды. Украинанын мониторинг каналдары да ушундай эле маалыматты жарыялап, жарылуулардын жана өрттүн сүрөттөрүн, видеолорун чыгарып жатышат. Перм крайында аэропортто учактардын конуусуна жана учуусуна убактылуу чектөө киргизилди. Украинанын Коопсуздук кызматы 29-апрелдин түнүндө Пермдеги ишканага сокку урганын ырастаган жана мунай сактоочу цистерналар өрттөнүп кеткенин билдирген. Перм өндүрүш-диспетчердик станциясынын ""Транснефть-Прикамье"" компаниясы үчүн борбордук мунай насостук станциясы болуп саналат, ал ар кандай маркадагы мунайды аралаштырып, андан кийин аны Сургут-Полоцк, Холмогор-Клин, Перм-Альметьевск жана Перм-Лукойл-Пермнефтеоргсинтез магистралдык куурлары аркылуу ташыйт. Станциянын аймагында сактоочу цистерна паркы да жайгашкан. Жакында эле украин күчтөрү Кара деңиздеги Туапсе портундагы орусиялык  ири мунай сактоочу жайга бир нече жолу сокку урушкан. Ал жер катуу өрттөнүп, аймакка ""мунай жамгыр"" жааган, мунай ташуу токтогону маалымдалган. Орусия коңшусу Украинага каршы толук масштабдуу согуш ачып, анын аймагын күн сайын дрон жана ракета менен аткылап келатканына бешинчи жыл болуп баратат. Соңку жылдары Орусиянын өзүнүн аймагы да бутага көп алынууда. Украина Орусиядагы чабуулдарга адатта комментарий бербейт, болгону, Москванын согуш машинасын токтотуу үчүн анын мунай жана аскердик продукция чыгаруучу ишканаларын жарактан чыгаруу керек деп эсептей турганын айтып калат. (RK)",azattyk.org,https://www.azattyk.org/a/33745900.html,2026-04-30T13:29:32+06:00,kyrgyz,0,high,news_site
6d6b90b5-5e6e-4e60-bbb0-fa54fe162266,Тажикстанда сел төрт кишинин өмүрүн алды,"Тажикстанда катуу жааган жамгырдан кийин жүргөн сел төрт адамдын өмүрүн алды. Куляб шаарында табият кырсыгынан дагы беш киши жабыркап, ооруканага түштү. Бийлик билдиргендей, 450дөй тургун коопсуз жайларга эвакуацияланды. Жалпысынан шаарда 850гө жакын үйдү суу каптаган. Тажикстандын президенти Эмомали Рахмон каза болгондордун жакындарына көңүл айтып, жабыркагандарга жардам көрсөтүүнү тапшырды. Ошол эле учурда катуу жаан-чачындын кедергиси Дүйшөмбү баш болгон башка аймактарга да тийди. Ооруканалар, мектептер, турак жайлар жана жолдор талкаланганы кабарланууда. Айрым райондордо көпүрөлөр бузулуп, айдоо жерлерин суу каптаган. Катуу жаан-чачындан улам Кыргызстанда да сел жүрдү. Баткенде табият кырсыгынан кийинки калыбына келтирүү иштери уланууда. Баткен районунун Ак-Татыр айыл аймагынын Өрүкзар, Керме-Тоо, Үч-Дөбө айылдарында болжол менен 50 турак жайдын короолорун сел каптап, анын ичинен 10 үйдүн жертөлөсүнө суу кирген. Сел жүргөн айылдардан жалпы 149 адам эвакуацияланып, туугандарынын үйлөрүнө жайгаштырылган. Ошондой эле Ак-Татыр айылындагы Садыков атындагы орто мектепке адамдарды убактылуу жайгаштыруу жайы уюштурулган.",azattyk.org,https://www.azattyk.org/a/33748675.html,2026-05-04T16:09:59+06:00,kyrgyz,0,high,news_site
4d1d942a-1f9d-4bac-9e4e-74f4aa8d3e94,Нью-Йоркто өзбек ырчысы Юлдуз Усманованын концерти өтпөй турган болду,"Нью-Йорктун Бруклин аймагындагы Oceana театры өзбекстандык ырчы Юлдуз Усманованын концерти болбой калганынмаалымдады. 9-майга пландалган концерт алдында ырчынын буга чейинки билдирүүлөрү айланасында жаңжал тутанган. Бухара жамаатынын социалдык тармактардагы баракчасындаайтылгандай, Усманованын концерти тууралуу кабар жергиликтүү коомчулукта, өзгөчө Брайтон-Бич өңдүү жөөттөр басымдуулук кылган райондордо катуу реакция жараткан. Алдыңкы күнү жергиликтүү бийлик АКШнын мамлекеттик катчысы Марко Рубиого кат жолдоп,  артисттин визасын жокко чыгарууну жана өлкөгө кирүүсүнө тыюу салуунуталап кылышкан. Усманова Инстаграмдагы баракчасына кечирим сурабай турганынжазды: “Мен зомбулукка каршымын. Палестина эркин болушу керек, бул алардын жери. Мен муну дайыма айтып келем...Америка – бул Израил эмес”. Белгилүү эстрада ырчысы Өзбекстандын Эл артисти, композитор жана продюсер катары таанылган. Ага Казакстан, Тажикстан жана Түркмөнстандын Эл артисти деген наамдар да ыйгарылган. Акыркы кезде анын ысымы саясий жаңылыктарга байланыштуу айтылып келет. 2023-жылдын ноябрында израилдик товарлардын бойкотуна чакырганы бар. Усманова жөөт жамаатынын дарегине айтылган катуу сөздөрү, Израил менен Палестинанын жаңжалына байланыштуу саясий көз карашы үчүн сынга кабылган. Ырчы өзбек президенти Шавкат Мирзиёевдин жакындарынын ишин даңазалаган видео кайрылууларды да жасаган.",azattyk.org,https://www.azattyk.org/a/33750372.html,2026-05-05T17:22:48+06:00,kyrgyz,0,high,news_site
ef08f0a5-c36c-44d7-b348-e37d67d41e3c,Орусия Борбор Азияда бөтөн аскерлердин болушу кабыл алынгыс деп эсептейт,"Орусиянын коргоо министри Андрей Белоусов региондун сыртындагы мамлекеттердин Борбор Азияга аскерлерин жайгаштыруу аракеттерин жана ал жакта логистикалык максаттарын чечүүнү кабыл алынгыс деп атады. Бул тууралуу министр 28-апрелде Шанхай кызматташтык уюмунун Бишкекте өтүп жаткан жыйынындабилдирди. Бир нече күн мурун Өзбекстандын президенти Шавкат Мирзиёев коргоо министри Баходир Холмухамедовдун Түркия менен кызматташтыкты өнүктүрүү тууралуу докладын уккан. Ал жыйынга Түркиянын куралдуу күчтөрүнүн жогорку өкүлү катышкан. Өзбек президентинин маалымат кызматыкабарлагандай,аймактык коопсуздукту жана стабилдүүлүктү бекемдөө максатында эки өлкөнүн коргонуу мекемелеринин байланыштарын өөрчүтүүгө басым жасалды. «Аскердик-техникалык алакалардын динамикасын, министрликтер аралык кызматташтыкты, биргелешкен иш-чараларды уюштуруу жана аскер адистерин даярдоону өзгөчө белгилөө зарыл. Тараптар аскердик чөйрөдөгү өнөктөштүктү тереңдетүү жөнүндө макулдашты», - деп билдирди өзбек президентинин маалымат кызматы.",azattyk.org,https://www.azattyk.org/a/33745067.html,2026-04-29T16:12:48+06:00,kyrgyz,0,high,news_site
51dc539d-a43e-4ef8-8f44-adb828612722,Ош шаарында Oxford мектебин ачуу тууралуу сүйлөшүү жүрдү,"Ош шаарынын мэри Жанарбек Акаев бүгүн, 23-апрелде Oxford International School мектебинин негиздөөчүсү Мухаммад Шафик Абд Ут Таввабды, окуу директору Мухаммед Буржуну жана мектептин башкы менежери Динара Каримованы кабыл алды. Анда Ош шаарына эл аралык стандарттагы билим берүү мекемесинин жаңы филиалын куруу боюнча сүйлөшүү жүрдү.Мэриянын басма сөз кызматы билдиргендей, жаңы мектеп 5 кабаттуу болуп, 850 окуучуга ылайыкталат. Ал мектеп окуучуларды эл аралык деңгээлдеги Cambridge IGCSE жана International Baccalaureate Diploma Programme программалары аркылуу окутат. Бул бүтүрүүчүлөргө дүйнөнүн 140 окуу жайына экзаменсиз тапшырууга кеңири мүмкүнчүлүк ачат.Маалыматта мектепти куруу иштери качан башталары белгиленген эмес.Калаа мэри мындай эл аралык билим берүү мекемелеринин ачылышы шаардагы атаандаштыкты күчөтүп, билим сапатын жаңы деңгээлге көтөрөрүн белгиледи. Ошондой эле бул долбоор мектеп жетишсиздигин азайтууга олуттуу салым кошорун кошумчалады. Кыргызстанда алгачкы Oxford International School мектеби Бишкекте ачылган. 2015-жылдан бери иштеп келаткан бул менчик мектеп өзүн өзү каржылайт, курамында бала бакча да бар. Улуу Британиянын байыркы жана престиждүү Oxford мекемеси менен байланышы жок, анын аталышын бренд катары колдонот жана Cambridge Curriculum эл аралык стандарты боюнча иштейт. Соңку расмий маалыматка ылайык, Кыргызстанда 2 миң 394 мектеп бар, анын 2 миң 170и мамлекеттик, калган 224ү менчик. Аларда 1,5 миллиондон ашуун окуучу билим алат. (КЕ)",azattyk.org,https://www.azattyk.org/a/33740651.html,2026-04-23T14:21:18+06:00,kyrgyz,0,high,news_site
cf43dad9-b2a6-4978-afa5-286f3faab326,"Алайда сел жүрүп, 25 үйдү суу каптады","Алай районундагы Гүлчө шаарында нөшөрлөп жааган жаандын кесепетинен улам сел жүрүп, үйлөрдүн короолорун суу каптады. Өзгөчө кырдаалдар министрлигинин (ӨКМ) маалымдашынча, 27-апрелде кыска мөөнөттө кокту-колоттон жүргөн сел Гүлчө шаарындагы 25 үйдүн короосун каптаган, бир үйдүн ичине чейин кирген.Түзүлгөн кырдаалга байланыштуу Алай райондук Өзгөчө кырдаалдар бөлүмүндө “Айгай” режими жарыяланып, селдин кесепеттерин жоюу иштери жүрүүдө.Баштапкы маалымат боюнча, жабыркагандар жок, абал туруктуу. ӨКМ буга чейин өлкө аймагында туруксуз аба ырайы күтүлөрүн билдирип, ​дарыяларда суу көтөрүлүп, ташкын болушу мүмкүн экенин эскерткен. Мекеме белгилегендей, тоолуу жана тоо этектериндеги райондордо сел жүрүү коркунучу сакталууда. 2024-жылы Ноокат районунда сел жүрүп,тогуз кишинин өмүрү кыйылган. Айрым айылдарда үйлөрдү сел каптаган.(ZKo)",azattyk.org,https://www.azattyk.org/a/33744097.html,2026-04-28T13:26:16+06:00,kyrgyz,0,high,news_site
7db9637f-20b6-42aa-98c8-886f232ab134,"Орусия Украинанын темир жолуна сокку урду, Полтавада төрт киши каза болду","Орус армиясы 5-майга караган түнү Украинанын үч облусунда темир жол инфратүзүмүнө сокку урду. Бул тууралуу Украинаны калыбына келтирүү боюнча вице-премьер-министр Алексей Кулеба билдирди. Полтава облусунда тепловозго жакын жерге, жолдор ортосуна сокку урулду. Жарылуунун кесепетинен өрт чыгып, вагон күйдү. Жабыркагандар жок. Облус жетекчиси Виталий Дьяковнич орус армиясы регионго ракета жана дрон менен чабуул койгонун билдирди. Полтава районунда өндүрүш ишканасы, темир жол инфратүзүмү зыян тартып, 3,5 миңге жакын абонент газсыз калды. Төрт киши каза болуп, 31и ар кандай жараат алды. Алардын арасында өрттү өчүрүү учурунда орусиялык аскер күчтөрүнүн соккусуна кабылган эки куткаруучу бар. Ошондой эле орус армиясы Днепропетровск облусундагы станцияга сокку урду, электровоз зыян тартты. Жумушчуларга алдын ала эскертилгендиктен жабыркагандар болгон жок. Харьков облусунда учкучсуз учак темир жол вагонуна сокку урду. «Эң негизгиси адамдар коопсуз жайда. Байкоо салган борбор иштеп, адамдар коопсуз жайга жашынууга үлгүрүшкөн», - деди Кулеба. Киев облусунун Бровары районундагы калктуу аймак чабуулга кабылды. Эки киши жараат алды. Вышегород районунда бир киши жабыркады. Чернигов районунда турак жай күйдү, жараат алган эки киши ооруканага жаткырылганын Өзгөчө кырдаалдар министрлиги кабарлады. Орусия 5-май күнү эртең менен Харьков облусуна чабуул жасап, үч киши жараат алганын облус башчысы Олег Синегубов билдирди. Орусия соңку чабуулдар тууралуу комментарий бере элек.",azattyk.org,https://www.azattyk.org/a/33750252.html,2026-05-05T13:36:15+06:00,kyrgyz,0,high,news_site
873471a1-6134-4335-8eb2-1b27f3249df3,"Мунайдын баасы өсүп, баррели 111 долларга жетти","Мунайдын баасы шейшембиде да өсүү тенденциясын улантты. АКШ менен Иран согушту токтотуу жана Ормуз кысыгын ачуу тууралуу мунаса таба алары арсар болуп турган маалда Brent маркасындагы мунайдын баасы европалык рынокто 3% өсүп, бир баррели 111 долларга жетти. Кара май 7 күн катары менен кымбаттап келатат, ал эми Азиянын финансы рынокторунда 28-апрелде акциялар арзандап жатты. Америка менен Ирандын сүйлөшүүлөрүнөн майнап чыкпай, Ормуз кысыгынын жабылышынын экономикалык кесепеттерине байланышкан тынчсыздануу өлкөлөрдүн борбордук банктары саясатын өзгөртүшү мүмкүн деген айың кептердин күчөшүнө жем таштады. Ошол жаңы саясатка ылайык, инфляцияга туруштук берүү үчүн үстөк пайызды көтөрүү каралууда. Ормуз кысыгынан дүйнөдөгү мунай менен газдын дээрлик 20% ташылат. АКШ менен Израил чабуул баштаган 28-февралда Иран кысыкты кемелер менен мунай танкерлери үчүн иш жүзүндө жаап салган. Ок атышууну токтотуу макулдашуусунан кийин, 17-апрелде ачып, көп өтпөй кайра жапкан. Анын алдында АКШ менен Ирандын сүйлөшүүлөрү майнапсыз аяктаганда америкалык аскерлер ирандык портторду бөгөттөгөн. Мунун айынан пайда болгон глобалдык кризис өзгөчө Азиянын өлкөлөрүндө сезилүүдө.",azattyk.org,https://www.azattyk.org/a/33744425.html,2026-04-28T21:15:59+06:00,kyrgyz,0,high,news_site
694283a3-32c2-4774-92bd-db7e57689e84,Бишкек–Ош жолу: Таш кулаган тилкени тазалоо иштери жүрүүдө,"5-майда түнкү саат 01:00-02:00 чамасында Бишкек - Ош унаа жолуна чоң көлөмдөгү таш көчкү түштү. Транспорт жана коммуникациялар министрлигинен кабарлашкандай, таш Кара-Көл менен Таш-Көмүрдүн ортосундагы тилкеге түшкөн. Учурда атайын техника тазалоо иштерин жүргүзүүдө. Аталган мекеме жолдун бир тарабы ачылып, бир тараптуу кыймыл камсыздалганын кабарлады. Министрлик айдоочуларды этият болууга жана жол эрежелерин так сактоога чакырды. Таш көчкүдөн жабыркагандар бар-жогу айтылган жок. Буга чейин министрлик 6-майга чейин күтүлүп жаткан жаан-чачынга байланыштуу ашууларда, тоолуу райондордо кар көчкү түшүү коркунучу бар экенин эскерткен. (КЕ)",azattyk.org,https://www.azattyk.org/a/33750091.html,2026-05-05T11:41:34+06:00,kyrgyz,0,high,news_site
3147e5f3-96a5-4c5c-84ce-4ab6150cc3e7,Кыргызстан Сейшел аралдары менен визасыз каттам тууралуу макулдашты,"Сейшел аралдарынын тышкы иштер жана диаспора министри Барри Фор Кыргызстанга келди. 4-майда тышкы иштер министри Жээнбек Кулубаев аны кабыл алганын Кыргызстандын дипломатиялык мекемеси билдирди. Тараптар саясий диалогду өнүктүрүү, келишимдик-укуктук базаны кеңейтүү, ошондой эле айыл чарба, туризм, климат, билим берүү жана санариптик башкаруу тармактарын камтыган соода-экономикалык жана гуманитардык кызматташууну чыңдоону талкуулашты. Жолугушуунун жыйынтыгында Кыргызстан менен Сейшел аралдары ортосунда кыска мөөнөттүү сапарлар үчүн визалык талаптарды жокко чыгаруу макулдашылды. ТИМ Сейшел аралдарынын башкы дипломаты Кыргызстанга алгачкы ирет келгенин, бул визит министр Кулубаевдин чакыруусу менен уюштурулганын белгиледи. Сейшел аралдары 1976-жылы Улуу Британиядан көз карандысыздык алган, карамагында 115 арал бар. Анда 135 миңдей калк жашайт.",azattyk.org,https://www.azattyk.org/a/33748651.html,2026-05-04T15:41:28+06:00,kyrgyz,0,high,news_site
9c8f99a5-38db-4bc6-96e0-9fe8b0842b3e,Трамп Ормуз кысыгына мина койгон бардык кемелер аткыланарын эскертти,"АКШ президенти Дональд Трамп бейшембиде Американын Аскердик-деңиз күчтөрүнө Ормуз кысыгына мина койгон бардык кемелерге ок атуу буйругун бергенин жазды. ""Мен АКШнын Аскердик-деңиз күчтөрүнө Ормуз кысыгында мина орнотом деген кемелерди жок кылууну жана ок атууну буйрудум"", - деп жазды Трамп Truth Social социалдык тармагындагы баракчасына. Ал өзүнүн бул буйругу чакан кемелерге да тиешелүү экенин кошумчалады. Трамп ошондой эле кысыкты минадан тазалоо аракеттерин күчөтүүнү тапшырганын жазды. ""Биз учурда кысыкты тазалап жатабыз. Мен бул иштин уланышын, бирок үч эсе ыкчам жүргүзүүнү буйрудум"", - деп белгиледи Трамп. АКШ президенти 21-апрелде – Иран менен түзүлгөн атышууну токтотуу режими аякташына бир сутка калганда Пакистан бийлигинин өтүнүчү менен келишимдин мөөнөтүн узартканын жарыялаган. Трамп ""тынчтык режиминин"" жаңы мөөнөтүн атаган жок, бирок АКШ Иран бийлиги Исламабад ортомчулук кылып жаткан сүйлөшүүлөрдө бирдиктүү позициясын иштеп чыкканга чейин күтө турганын белгиледи. Трамптын пикиринде, учурда Ирандын жетекчилигинде ажырым байкалууда. Ошол эле учурда Трамп Кошмо Штаттар Ирандын портторун блокадага алууну уланта турганын кошумчалады. Ушул аптанын башында Исламабадда АКШ менен Ирандын өкүлдөрүнүн ортосундагы сүйлөшүүлөрдүн экинчи айлампасы жүрөрү күтүлүп, бирок болбой калды. Сүйлөшүүлөр эми качан өтөрү тууралуу азырынча маалымат жок. Иран делегациясынын башчысы, өлкө парламентинин спикери Мохаммад Калибафтын өкүлү Мехди Мохаммади шейшембиде кечинде АКШны Иранга күтүүсүздөн сокку урууну даярдап жатат деп айыптады. Ал ошондой эле Тегеран АКШнын атышууну токтотууну узартуу тууралуу билдирүүлөрүнө көңүл бурбай турганын жана өз кызыкчылыктарына таянып иш кыларын белгиледи.",azattyk.org,https://www.azattyk.org/a/33741409.html,2026-04-24T10:00:25+06:00,kyrgyz,0,high,news_site
2eb2116e-a439-49ae-80b0-a47dadf543dc,Өкмөттө жер-жерлердеги соңку сел кырсыктары талкууланды,"Министрлер кабинетинин төрагасы Адылбек Касымалиев Ош, Жалал-Абад жана Баткен облустарындагы сел кырсыгына байланыштуу жыйын өткөрүп, калыбына келтирүү иштери жана кырсыкты алдын алуу боюнча чараларды иштеп чыгууну тапшырды. Бул тууралуу 4-майда таратылган маалыматта кабарланды. Жыйында президенттин Баткен облусундагы өкүлү Мамыржан Рахимов билдиргендей, Баткендин Ак-Татыр айыл аймагында сел агымы каптаган он турак үй толук тазаланып бүттү. “Азыркы тапта жол каттамдары толук ачылды. Үзгүлтүккө учураган электр энергиясы калыбына келтирилди. Сугат жана таза суу объектилерин калыбына келтирүү иштери уланууда. Саламаттыкты сактоо кызматкерлери жеринде жарандарга керектүү медициналык жардам көрсөтүүдө. Ал эми санитардык-эпидемиологиялык кызматтын адистери аймакта залалсыздандыруу иштерин жүргүзүп жатышат”, - деп жазылган өкүлчүлүктүн маалыматында. 29-апрелден бери жааган жаан-чачындан улам Баткен, Кадамжай, Лейлек райондорунда жана Кызыл-Кыя шаарынын аймагында сел жүргөн. Баткен районунда өзгөчө кырдаал режими киргизилген. Соңку күндөрү нөшөрлөп жааган жаандан улам жер-жерлерде сел жүрүүдө. 2-майда Баткен районунун Ак-Татыр жана Самаркандек айыл аймактарында 50 турак жайдын короолорун сел каптап, анын ичинен 10 үйдүн жертөлөсүнө суу кирген. Сел жүргөн айылдардан жалпысынан 149 адам эвакуацияланган. 1-майда Жалал-Абад облусунун Манас шаарында да сел жүргөн. 30-апрелде Баткен облусунун Кадамжай районунда суу каптаган кээ бир жолдор убактылуу жабылган. 29-апрелде Ош облусунун Алай районунун Гүлчө шаарында селге байланыштуу өзгөчө кырдаал режими киргизилген.",azattyk.org,https://www.azattyk.org/a/33748685.html,2026-05-04T18:16:41+06:00,kyrgyz,0,high,news_site
3399be7e-23b1-432a-9543-f382eed5a4d1,Орусияда Starlink терминалдарын импорттоого тыюу салынды,"Орусияда чет өлкөдөн спутник байланыш каражаттарын алып кирүүгө жарым жылга тыюу салынды. 29-апрелде премьер-министр Михаил Мишустин кол койгонтоктомгоылайык, тыюу салынган каражаттардын катарында Starlink терминалдары да бар. Токтомдо мындай чара ""Орусиянын улуттук коопсуздугун коргоого"" багытталганы белгиленди. Тыюу салуу тууралуу токтом иштей баштагандан кийин алты ай бою күчүндө болот. Starlink Орусияда иштебейт деп расмий айтылганы менен орус армиясы анын терминалдарын Украинага каршы дрон учуруу үчүн колдонгон. Бул каражаттар Орусияга үчүнчү өлкөлөр аркылуу кирет. Быйыл январдын аягында Украинанын коргоо министри Михаил Федоров Starlink системасынын ээси Илон Маскка аны Орусияда колдонууну чектөө өтүнүчү менен кайрылган жана ошондон кийин фронтто терминалдар өчүрүлгөнү тууралуу кабарлар тараган. Өткөн айда Starlink түйүнүнүн аналогун иштеп чыгып жаткан орусиялык ""Бюро 1440"" компаниясы ""Рассвет"" деген аталыштагы төмөнкү орбиталык байланыш тобунун алгачкы 16 спутнигин учурганы жарыяланган. 2030-жылдын аягына чейин топтун курамында 292 спутник болот деп болжолдонууда.",azattyk.org,https://www.azattyk.org/a/33746957.html,2026-05-01T14:43:54+06:00,kyrgyz,0,high,news_site
2ad32be1-80de-4dcc-89e9-dc85c58d6665,"Пезешкиан АКШнын деңиз курчоосу ""ийгиликсиз болорун"" билдирди","Ирандын президенти Масуд Пезешкиан 30-апрелде АКШнын Иран портторуна каршы деңиз блокадасы аймактагы өлкөлөрдүн кызыкчылыгына каршы келерин жана акыры ишке ашпай турганын билдирди. Анын кайрылуусун өкмөт өкүлү Фатеме Мохажерани Перс булуңунун улуттук күнүнө арналган жыйында окуп берди. Пезешкиян аймактагы коопсуздук «жээгиндеги мамлекеттердин суверенитетин өз ара урматтоо жана биргелешкен кызматташтык шартында гана мүмкүн» экенин белгиледи. «Кандай гана блокада же деңиз чектөөлөрүн киргизүү аракети болбосун, бул эл аралык укукка каршы келет жана аймактагы элдин, ошондой эле дүйнөдөгү тынчтык менен туруктуулуктун кызыкчылыгына туура келбейт. Мындай аракет сөзсүз ийгиликсиз аяктайт», — деди ал. Дональд Трамп 13-апрелде Исламабаддагы сүйлөшүүлөр үзгүлтүккө учураган соң Иранга каршы деңиз блокадасын баштоону буйруган. Ал эми Ормуз кысыгын Иран февралдын аягынан бери дээрлик жаап, чектелүү сандагы гана кемелерди өткөрүп келет. 29-апрелде Трамп Тегеран өзөктүк программасына байланыштуу Американын талаптарына макул болмоюнча блокада улана турганын айтты. Анын бул билдирүүсүнөн кийин дүйнөлүк мунайдын баасы кескин өсүп, баррели 126 долларга жетти.",azattyk.org,https://www.azattyk.org/a/33746084.html,2026-04-30T18:07:55+06:00,kyrgyz,0,high,news_site
b94d5d87-43e1-4c1b-bf08-0d5063467626,"АКШдагы иш-чара маалында ок атуу болгону кабарланып,  Трамп баштаган бийлик өкүлдөрү эвакуацияланды","25-апрелде АКШнын Ак үйүнүн алдындагы Кабарчылар Ассоциациясынын кечки тамагы учурунда сыртта ок атуу болгону кабарланып, ага катышып жаткан президент Дональд Трамп баштаган расмий өкүлдөр имараттан чыгарылды. Бийлик өкүлдөрү токтоосуз эвакуацияланган. Алардын арасында президент Дональд Трамп, биринчи айым Мелания Трамп, вице-президент Жей Ди Вэнс, коргоо министри Пит Хегсет, саламаттык сактоо министри Роберт Кеннеди бар. Иш-чара бери дегенде бир айга токтотулду. Ок аткан киши кармалганы, бул кадамга эмнеге барганы белгисиз экенин Би-Би-Си жазды. Аталган радионун Washington Hilton мейманканасында өтүп жаткан иш-чарага катышкан кабарчылары ок атууга окшогон добуш кече кызып калганда угулганын, коопсуздук кызматынын өкүлдөрү курал менен залга кирип келип, ""ок атылды"" деп кыйкырышканын айтып беришкен. CNN АКШнын президенттик алминистрациясынын өкүлүнө таянуу менен Трамп жабыркабаганын билдирди.",azattyk.org,https://www.azattyk.org/a/33742678.html,2026-04-26T12:00:48+06:00,kyrgyz,0,high,news_site
b179fe58-adfb-4186-b7b9-923773a95f19,АКШ мамдепартаменти: Өзөктүк энергетика ишеничтүү колдо болушу керек,"АКШнын мамлекеттик департаменти Чернобыл кырсыгынын 40 жылдыгына карата өзөктүк коопсуздуктун маанисин белгилеген жана трагедиянын курмандыктарын эскергенбилдирүү таратты. ""40 жыл мурда Чернобыл апааты дүйнөнүн өзөктүк коопсуздук боюнча көз карашын биротоло өзгөрткөн. Биз Украина, Беларус, Орусия жана башка өлкөлөрдөгү бул трагедияга туш болгон жана анын кесепеттери менен бүгүнкү күнгө чейин күрөшүп келе жаткан бейкүнөө адамдардын укмуштуудай эрдигин эскеребиз жана урматтайбыз"", - деди мамлекеттик департаменттин өкүлүТомас Пиготт. Ал АКШ кырсыктын кесепеттерин жоюуга жардам бергенин, бул объектте жана жалпы дүйнөдө өзөктүк коопсуздукка артыкчылык берүүнү улантып жатканын белгиледи. ""Өзөктүк энергетика ачык-айкындуулукка берилген жоопкерчиликтүү колдордо калышы керек"", - деп жазылган билдирүүдө. Украинанын президенти Владимир Зеленский Чернобыл кырсыгынын 40 жылдыгына карата билдирүүсүндө ""Орусия өз согушу менен дүйнөнү кайрадан техногендик кырсыктарга кептеп жатканын""билдирди. Ал былтыр орусиялык дрон талкаланган реакторду жаап турган саркофагга тийгенин эске салды. ""Дүйнө бул өзөктүк терроризм уланышына жол бербеши керек, эң жакшы ыкма - Орусияны акылсыз чабуулдарын токототууга мажбурлоо"", - деп жазды ал. Украин премьер-министри Юлия Свириденко Орусия Запорожье атомдук электр станциясын басып алуу жана аны тынымсыз аткылоо менен ""континенталдык масштабда коркунучтарды жаратып, өзөктүк коопсуздук принциптерин этибарга албай келерин""билдирди. ""Чернобыл 1086-жылда калган жок. Бул дүйнөлүк энергетикалык коопсуздукка тоталитардык режимдин чыныгы коркунучун туруктуу эскертүү"", – деп жазды Свириденко. Евробиримдиктин тышкы иштер министри Кая Каллас ""Орусиянын Запорожье АЭСин мыйзамсыз басып алуусу айлана-чөйрөгө жана адамзатка коркунучту көрүнүктүү деңгээлде жогорулатарын"" билдирди. ""Орусиянын бул объекттеги коргоочу саркофагга сокку урганы -  ондогон жылдар бою жүргүзүлгөн эл аралык зыянды көзөмөлдөө аракеттерин коркунучка кептеген болуп көрбөгөндөй этиятсыздык"", - депжазганКаллас. Молдованын президенти, ушул тапта Киевде жүргөн Майя Санду ""Европа үчүн өмүрүн жана ден соолугун бергендерди эскерүү үчүн"" Чернобылга барууну көздөп жатат. ""Апааттар чек араны билбейт - аны тилектештик да билбеши керек. Молдова кыйратуучулар менен эмес,куруучулар менен бирге турат"", -деп билдирдиСанду. СССР маалында - 1986-жылдын 26-апрелинде Украинадагы Чернобыл өзөктүк ишканасында болгон жарылуу айлана-чөйрөгө оор зыян келтирип, жүз миңдеген адамдар там-ташын таштап кетүүгө аргасыз кылган. Бул ишкана 2000-жылдын 15-декабрында жабылган.",azattyk.org,https://www.azattyk.org/a/33743203.html,2026-04-27T09:57:00+06:00,kyrgyz,0,high,news_site
b803cad2-4722-4a16-8935-2e7bf9d4f329,"Жалал-Абадда 7,3 миң гектардан ашуун аянтты чегиртке каптады","Жалал-Абад облусунда 7 320 гектар аянтты зыянкеч чегиртке каптады. Бул тууралуу Суу ресурстары, айыл чарба жана кайра иштетүү өнөр жайы министрлигине караштуу Химиялаштыруу, өсүмдүктөрдү коргоо жана карантин департаментинин Жалал-Абад облусундагы башкармалыгы кабарлады. Аталган мекеме быйыл зыянкечтер эрте пайда болгондуктан адистер 11 530 гектар жайыт аянтын текшерүүдөн өткөрүшкөнүн билдирди. «Учурда чегирткенин жайылышын алдын алуу максатында химиялык иштетүү иштери үзгүлтүксүз жүргүзүлүүдө. Дезинфекциялоо иш-чаралары Ала-Бука, Аксы, Ноокен, Базар-Коргон жана Сузак райондорунда 5 даана атайын техника менен аткарылууда», - деп айтылат маалыматта. Ошондой эле буга чейин Ош облусунун райондорунда да тиешелүү иштер жүргүзүлгөнү кабарланды. Расмий маалыматка ылайык, Кыргызстанда үйүрлүү жана үйүрлүү эмес чегирткенин 50дөн ашык түрү байырлайт. Зыянкечтердин жапырт каптоосу ар бир 8-11 жылда бир кайталанып турат. Кыргызстанда 1980-жылы 570 миң гектар, 1989-жылы 160 миң гектар, 2008-жылы 157 миң гектар жана 2018-жылы 146 миң гектар, 2025-жылы 103 миң гектардан ашык жерди чегиртке каптаган. (КЕ)",azattyk.org,https://www.azattyk.org/a/33742180.html,2026-04-25T10:57:12+06:00,kyrgyz,0,high,news_site
62d1604d-3d10-424b-bb8a-09c3130a5e65,Ицхак Герцог Иран Кыргызстанды санкциядан буйтоо үчүн колдонушу мүмкүн экенин айтты,"Израилдин президенти Ицхак Герцог Казакстанга болгон мамлекеттик сапарында “Иран Кыргызстанды санкцияларды айланып өтүү максатында колдонушу мүмкүн” экенин билдирди. Бул тууралуу ал Астанада Борбор Азия өлкөлөрүнүн раввиндери менен жолугушууда айтканынJNS басылмасы жазды. Анда Кыргызстандагы раввин Арье Райхман Ирандын коргоо министринин орун басары Реза Талаи Ник жакында эле Бишкекке иш сапары менен келгенин белгилеген. Ал учурдагы геосаясий кырдаалды жана Иран менен АКШ-Израил  альянсынын ортосундагы жакында эле болгон атышууну токтотууну эске алганда бул сапар күтүлбөгөн окуя болгонун айткан. Ицхак Герцогдун сөзүнө байланыштуу Кыргызстандын Тышкы иштер министрлиги (ТИМ) комментарий бере элек. Мурдагы тышкы иштер министри Аликбек Жекшенкулов пикирин билдирип, Ицхак Герцогдун сөзүн “Кыргызстандын өз алдынча тышкы саясат жүргүзүү боюнча суверендүү укугуна одоно кийлигишүү жана бурмалоо” деп баалады. Ирандын коргоо министринин орун басары Реза Талаи Ник 27-апрелде Бишкекке Шанхай кызматташтык уюмуна (ШКУ) мүчө мамлекеттердин коргоо министрлеринин саммитине катышуу үчүн келген. 28-апрелде уюмга мүчө өлкөлөрдүн коргоо министрлери менен бирге президент Садыр Жапаровдун кабыл алуусунда болгон. (BTo)",azattyk.org,https://www.azattyk.org/a/33746898.html,2026-05-01T12:26:16+06:00,kyrgyz,0,high,news_site
39077e8d-9fab-47c4-be66-7ee7bc0ef557,Кендирбаева мугалимдердин айлыгы бирдей жогорулаганын айтты,"1-апрелден тарта Кыргызстандагы бардык мугалимдердин айлык акысы бирдей көтөрүлдү. Бул тууралуу агартуу министри Догдуркүл Кендирбаева 27-апрелде билдирди. Анын сөзүнө караганда, жалпы билим берүү тармагында иштеген 190 миңге жакын кызматкердин айлыгы жогорулады.""Көтөрүү ставкага жараша болот. Башталгыч класстардыкы 16, тарбиячылардыкы 10, жогорку класстардын же предметтик сабак берген мугалимдердин ставкасы 18+ саат. Эгер андан төмөн болсо 50% коэффициенттик жогорулатуу болот. Агартуу тармагында иштеп жаткан мугалимдердин базалык айлык акысы 7040 сом өлчөмүндө негиз болсо, ошондон тарта жогорулай баштайт. Педагогикалык стаж үчүн 10-30% көбөйөт. Мындан тышкары класс жетекчилиги үчүн 2100 сом кошумча акча белгиленет. Бийик тоолуу аймактарда иштегендер үчүн да ошого жараша төлөнөт"", - деди Кендирбаева.Буга чейин мугалимдердин айлыгы көтөрүлүп, ага президенттик компенсация кошуларын билдирген. Президенттик компенсация мугалимдерге бир ставка үчүн 15 миң сомдон, ал эми кенже техникалык кызматкерлерге 5 миң сомдон төлөнөрү айтылган. Президент Садыр Жапаров быйыл мартта айрым бюджеттик кызматкерлердин айлык акысын 1-апрелден жана 1-сентябрдан тартып эки этап менен жогорулатуу тууралуу жарлыкка кол койгон. Мамлекет башчы былтыр күзүндө 2026-жылдын апрель айынан тартып мугалимдердин орточо айлыгы 26 миң сомдон 40 миң сом болуп көтөрүлөрүн билдирген. Кыргызстанда 2,5 миңдей мектеп бар, мугалимдердин саны 80 миңден, окуучулардын саны 1 миллиондон ашат. (ZКo)",azattyk.org,https://www.azattyk.org/a/33743288.html,2026-04-27T14:10:11+06:00,kyrgyz,0,high,news_site
bcf8321e-409d-4868-bda8-ddb5e8199a5b,"Украинанын Запорожье, Сумы, Чернигов облустарына сокку урулду","Орус аскерлери шейшембиге караган түнү Украинага 123 дрон менен чабуул койду, 95и атып түшүрүлдү. Бул тууралуу украин куралдуу күчтөрүбилдирди. Запорожье облусунун аскердик администрациясынын жетекчиси Иван Федоровдунмаалыматынакараганда, соккулардан эки киши жарадар болду, экөө тең орточо оор абалда ооруканада жатат. Чукул кырдаал боюнча мамлекеттик кызмат орус аскерлери Сумы облусундагы жарандык инфраструктурага сокку урганынкабарлады. Натыйжада бала бакча менен бир нече турак жай зыян тартты, төрт киши дарыгерлерге кайрылды. Чернигов аймагында айыл чарба ишканасы чабуулгакабылды. Өрт буудай кампаларын чалды. Дагы бир райондо жер тамдар менен чарбалык курулуштар өрттөнгөнү маалымдалды. Орус армиясы кошуна өлкөсүнүн жарандык инфраструктурасын бутага алганын танып келет.",azattyk.org,https://www.azattyk.org/a/33744210.html,2026-04-28T15:36:40+06:00,kyrgyz,0,high,news_site
0c803237-b6d8-4322-adff-b237643bcfe1,Бишкек Европа Биримдигинин санкциясын сынга алды,"Тышкы иштер министрлиги (ТИМ) расмий Бишкек Европа Биримдигинин Орусияга каршы санкциялардын 20-пакетинде Кыргызстанга байланыштуу да чектөөлөрдүн киргизилишин өкүнүч менен кабыл алганын билдирди. Мекеме кыргыз тарап санкциялык чектөөлөргө байланышкан тобокелдиктерди биргелешип алдын алуу маселелери боюнча Европа Биримдиги менен диалогго ачык экенин кошумчалады. “Ушуга байланыштуу, туруктуу сүйлөшүүлөргө, европалык өнөктөштөр менен үзгүлтүксүз сапарлардын алмашуусуна, ошондой эле Европа комиссиясынын талаптарына ылайык суралган бардык документтештирилген маалыматтардын өз убагында берилишине карабастан, анын ичинде Кыргызстандын мамлекеттик органдары тарабынан көрүлгөн чаралар тууралуу маалыматтар да берилгенине карабай, кыргыз тараптын позициясы мурдагыдай эле эске алынбай, иш жүзүндө көңүл сыртында калып жатканы олуттуу түшүнбөстүктү жаратат”, - деп айтылат маалыматта. ТИМ мындай бир тараптуу чечимдер ишенимди солгундатып эле тим болбостон, Европа Биримдигинин Кыргызстан жана жалпы Борбор Азия өлкөлөрү менен кызматташууну өнүктүрүү ниетине каршы келерин кабарлады. “Өз кезегинде Кыргызстан ачык-айкын, кесипкөй, саясатташтырылбаган диалогду жактайт жана Европа Биримдигин ырааттуу, салмактуу жана чыныгы конструктивдүү мамиле кылууга, кыргыз тараптын позициясын тиешелүү түрдө эске алууну камсыз кылууга, ошондой эле Кыргызстан менен Европа Биримдигинин делегацияларынын ортосундагы сүйлөшүүлөрдүн жүрүшүндө жетишилген макулдашууларды иш жүзүндө ишке ашырууга өтүүгө чакырат”, - деди ТИМ. Европа Биримдигинин дипломаттары Орусияга каршы санкциялардын 20-пакетин макулдашкан. Анын алкагында Кыргызстанга да металл кесүүчү станокторду жана үн, сүрөт, видео маалыматтарын берүүчү модем, маршрутизатор сыяктуу байланыш каражаттарынсатууга тыюу салынат. Кыргыз бийлиги Батыш өлкөлөрүнүн дооматын четке кагып, соңку чаранын кесепети деле жок экенин билдирген. Батыш өлкөлөрү Орусиянын өзүнө санкция салгандан сырткары ага көмөктөшкөн деп эсептеген өлкөлөрдөгү компанияларга жана жеке адамдарга экинчи деңгээлдеги санкцияларды салып келет. 2026-жылдын башына карата 28 кыргызстандык компания АКШнын, Улуу Британиянын жана Европа Биримдигинин “кара тизмесине” кирди. 28 ишкананын 14ү санкциялык товарларды Орусияга жеткирүүгө айыпталса, 4 компания акчаны адалдоо жана алтынды мыйзамсыз сатууга байланыштуу, 2 ишкана Орусиянын мунай компанияларынын туунду ишканалары катары санкцияга илинген. (BTo)",azattyk.org,https://www.azattyk.org/a/33744061.html,2026-04-28T09:13:18+06:00,kyrgyz,0,high,news_site
63950e44-93d0-431b-962f-24b052b4f415,Казакстандын Актөбө облусунда дагы бир дрондун сыныгы табылды,"Казакстандын Актөбө облусунда учкучсуз учак кулады. Полициянын жергиликтүү башкармалыгы тараткан маалыматка караганда, жабдыктын сыныктары Алимбет айылынын сыртында табылды. Тартип коргоочулар окуяны териштирип жатышат. Дрондун сыныктары жерге түшүп жатат делген видеону Mash Телеграм каналы жарыялады. Каргалы районундагы Алимбет айылы Орусиянын Орск шаарына 24 чакырым жакын жерде жайгашкан. Шаршембиде ал жер укрианалык учкучсуз учактардын чабуулуна туш болгону кабарланган. Шаардын башчысы Артем Воробьёв бул маалыматтыбышыктап,элди көчөгө чыкпоого жана терезелерден оолак болууга чакырган. Орск аэропортунун иши убактылуу чектелди. Казакстанда буга чейин да дрондордун сыныктары табылган учурлар болгон. Былтыр Батыш Казакстан облусуна бери дегенде беш учкучсуз учактын калдыктары кулаган. Облустун чек арага жакын райондорунда ракетанын калдыктарын бир нече жолу табышкан. Орусиянын коңшулаш Астрахан аймагында Капустин Яр деген аскердик полигон орун алган. 2018-жылы Казакстандын батышында табылган жабдыктардын бири ракетанын сыныгы болуп чыккан.",azattyk.org,https://www.azattyk.org/a/33745007.html,2026-04-29T15:00:50+06:00,kyrgyz,0,high,news_site
3a9d3cb3-7229-4290-80f3-7e3df3995b5c,Бишкекте бир жашар баласын сабоого шектүү келин кармалды,"Бишкектин Свердлов райондук милициясы бир жашар баласын сабоого шек санап, 25 жаштагы келин кармалганын билдирди. Милициянын басма сөз кызматы кабарлагандай, 102 кызматына келин баласын уруп жатканы тууралуу маалымат 26-апрелде саат 7:35 чамасында түшкөн. Окуя болгон жерге милиция кызматкери барганда маалымат тастыкталганын, шектүү баласы менен кошо милицияга жеткирилгени айтылды. Азыр тергөөгө чейинки текшерүү башталды. Шектүү келинге Укук бузуулар жөнүндө кодексинин 70-беренесине (""Үй-бүлөлүк зомбулук"") ылайык протокол түзүлдү. Наристе коопсуздугун камсыздоо максатында Свердлов райондук Балдарды колдоо жана коргоо бөлүмүнүн кызматкерлеринин катышуусунда адистештирилген балдар мекемесине өткөрүлүп берилген. Бишкек шаардык милициясы жарандарды балдарга карата зомбулук фактыларына кайдыгер карабоого, мындай учурларда 102 номуру аркылуу укук коргоо органдарына кабарлоого чакырды. Башкы прокуратуранын маалыматына караганда, өлкөдө балдарга карата кылмыштар өсүүдө. Кыргызстанда быйылкы эки айда ички иштер органдарынын маалыматтарды каттоо электрондук журналына 4590 үй-бүлөлүк зомбулук фактысы катталган. Бул 2025-жылдын ушул айына салыштырганда 44% же 1416га көп. Зомбулуктан жабыркагандар арасында кичинекей балдар да бар экени кабарланган. (ZKo)",azattyk.org,https://www.azattyk.org/a/33742782.html,2026-04-26T17:40:28+06:00,kyrgyz,0,high,news_site
9b703e23-e7b0-4da0-be46-111998bd9b60,"Украин дрондору Екатеринбургга чабуул койду, жараат алгандар бар","Украинанын учкучсуз учактары Орусиянын Екатеринбург аймагына чабуул койду, шаардын борборундагы «Тринити» көп кабаттуу үй-комплекси зыян тартты. Бул тууралуу Свердлов облусунун губернатору Денис Паслер билдирди. Анын айтымында, алты адам дарыгерге кайрылып, бир аял ооруканага жаткырылды, 50 адам эвакуацияланды. Алардын айрымдары убактылуу пункттарга жайгаштырылды. Жергиликтүү маалымат каражаттары комплекстин 25-кабатынан 30-кабатына чейин зыян тартканын жазышты. Тургундар жарылуу эртең мененки саат 7лерде угулганын белгилеп жатышат. Чабуулдан кийин шаар тургундары мобилдик байланыш начарлап, «кара тизмеге» кирбеген сайттар дагы иштебей калганын билдиришти. Жергиликтүү сайттар бул Свердлов облусуна жасалган алгачкы дрон чабуулу экенин жазышты. Украин армиясы ошондой эле Челябинск облусуна сокку урду. Жергиликтүү тургундар металлургия комбинатында жарылуу болгонун кабарлашты. Орусиянын Коргоо министрлиги өз аймагында жана аннексияланган Крымдында 127 дрон жок кылынганын кабарлады. Екатеринбург, Челябинск, Волгоград, Пермь, Краснодар жана башка шаарлардын аэропортунда учактардын учуп-конушуна убактылуу чектөө киргизилди.",azattyk.org,https://www.azattyk.org/a/33742265.html,2026-04-25T16:26:12+06:00,kyrgyz,0,high,news_site
24d6665f-307d-4ab7-8712-df6ba069d58d,"ЖК депутаты ""Манас"" аркылуу жол салууда эки тараптуу келишимге көңүл бурууга чакырды","Жогорку Кеңештин депутаты Дастан Жумабеков Бишкектеги ""Манас"" университетинин аймагы аркылуу өтүүчү жол салуу алдында эки тараптуу келишимдерге көңүл буруп, кайрадан карап чыгууга чакырды. Эл өкүлү бул багытта 18 беренеден турган келишим бар экенин жана анда окуу жайдын айланасында маселе жаралса дипломатиялык жол менен чечилиши керектиги жазылганын белгиледи.""Бул университеттин иштеши Жогорку Кеңеште мыйзам аркылуу бекитилген. Бишкек мэриясынын өзүнүн мамлекеттик актысынын негизинде жер тилкеси бөлүнүп берилген. Мэрияны дагы келишимдерге көңүл буруп коюуга чакырам. Ал жерде кампус деп турат. Кампус өзүнчө шаарча, аймак болуп эсептелет. Ошол жердеги студенттер окуп, жакшы шарттар түзүлүшү керек"", - деди Жумабеков.Бишкектин мэри Айбек Жунушалиев борбор калаадагы Тыналиев жана Айтматов көчөлөрүн байланыштыруучу Миңжылкиев көчөсү ачыларын билдирген. Ал ""Манас"" университетинин аймагы аркылуу өтүүчү жол ачыларын, андан жашыл аймак жабыркабасын айткан. Шаардагы Баласагын атындагы, Карасаев атындагы, Раззаков атындагы университеттерди жана башка жогорку окуу жайлары чоң көчөлөрдүн боюнда коопсуз турганын мисал келтирген.Кыргыз-Түрк ""Манас"" университетинин кампусун аралап өтүүчү жаңы жолду ачууну көздөгөн Бишкек мэриясынын демилгесине университеттин бир катар студенттери, бүтүрүүчүлөрү, айрым шаар тургундары каршы чыгууда.Социалдык тармакта мэриянын демилгесине каршы чыккандар окуу жайдын аймагынан жол өткөрүү шаардагы жашыл аймакты кыскартат, коопсуздукка кедергисин тийгизет деген жүйө келтирүүдө.Жунушалиевдин видеокайрылуусуна аталган окуу жай тараптан комментарий бериле элек. (КЕ)",azattyk.org,https://www.azattyk.org/a/33737725.html,2026-04-22T11:59:00+06:00,kyrgyz,0,high,news_site
59274a01-263c-4952-ab1d-abdc5a0b9e4e,Германия кыргызстандык айыл чарба адистерин окутат,"Германиянын Фридрих Лёффлер атындагы институту (FLI), Жаныбарлардын саламаттыгы боюнча федералдык илимий-изилдөө институту кыргызстандык айыл чарба адистери үчүн окутуу өткөрүүдө. Бул тууралуу Германиянын Кыргызстандагы элчилиги 22-апрелде кабарлады. Маалыматка караганда, жалпы бюджети 450 миң евро болгон бул долбоор 2024–2026-жылдар аралыгында ишке ашырылып, Германиянын Тышкы иштер министрлиги аркылуу каржыланат.Негизги көңүл кооптуу оорунун козгогучтарын, айрыкча айыл чарба жана жапайы жаныбарларда, ошондой эле адамдарда кездешкен Brucella (бруцеллёз) тукумундагы бактерияларды аныктоо жана диагностика кылууга бурулат. Адистер ДНКны секвенирлөө боюнча заманбап ыкмаларды үйрөнүшөт.Элчилик мындан сырткары Токмок аймагында мобилдик мониторинг жүргүзүү жана Кыргызстандын түндүгүндө кеңири мониторинг программасын ишке ашыруу аркылуу биокөзөмөл жана алдын алуу системалары жакшыртылып жатканын белгиледи. Соңунда илимий жыйынтыктар жарыяланат.Буга чейин Суу ресурстары, айыл чарба жана кайра иштетүү өнөр жайы министрлиги жаш адистерди колдоо үчүн ""Жаш ветеринар: турак жай жана карьера"" аттуу пилоттук программа ишке киргизилерин билдирген. Ага ылайык, бул программа негизинен алыскы жана шарты катаал аймактардагы мал догдурлар таңкыстыгын жоюуга багытталат.Расмий маалыматка ылайык, учурда өлкөдө мамлекеттик кызматкер катары 639 ветеринардык инспектор иштейт. Ал эми райондук, шаардык башкармалыктар менен түзүлгөн келишимдин негизинде эмгектенген 1145 жеке ветеринар адис бар. (КЕ)",azattyk.org,https://www.azattyk.org/a/33737723.html,2026-04-22T10:44:44+06:00,kyrgyz,0,high,news_site
d57ba7df-8bc1-41ba-8767-b458355c5e54,Арменияда 30дан ашуун европалык жана башка лидерлер чогулду,"4-майда Армениянын башкалаасы Ереванда Европалык саясий коомчулуктун 8-саммити башталды. Ага Евробиримдиктин лидерлеринен башка Украинанын президенти Владимир Зеленский, Канаданын премьер-министри Марк Карни катышууда. Жыйында кеңири аймакта демократия, энергетикалык коопсуздук жана экономикалык кызматташтыкты күчөтүү маселелери талкууланууда. Ал эми 5-май күнү тарыхта биринчи жолу Европа Биримдиги - Армения саммити өтөрү күтүлүүдө. Ал жыйын эки тараптуу мамилени чыңдоого багытталат. Өткөн жылы Армения Евробиримдикке кошулуу ниетин билдирип, Орусиянын таасиринен оолактоого багыт алган. Еревандагы бул жыйынга Европа комиссиясынын төрайымы Урсула фон дер Ляйен жана Европалык кеңештин төрагасы Антониу Кошта да катышат. 2025-жылдын март айында Армениянын парламенти шаркетке кошулуу жараянын баштоо тууралуу мыйзам кабыл алган. Армения Орусия башында турган Евразия экономикалык биримдигине мүчө өлкө. Расмий Москва муну ар дайым эскертип, Ереван геосаясий жактан эки башка уюмга мүчө боло албастыгын белгилеп келет. Армениянын премьер-министри Никол Пашинян Орусиянын лидери Владимир Путин менен болгон соңку жолугушуусунда бул боюнча чечимди убагы келгенде армян эли кабыл аларын билдирген.",azattyk.org,https://www.azattyk.org/a/33748687.html,2026-05-04T18:07:07+06:00,kyrgyz,0,high,news_site
f8a6edc4-4523-49ab-8649-5980bb397b5c,Трамп Бириккен Араб Эмирлигинин ОПЕКтен чыгуу чечимин колдоду,"Кошмо Штаттардын президенти Дональд Трамп Бириккен Араб Эмирликтеринин (БАЭ) ОПЕКтен чыгуу чечимин колдоду. «Бул эң сонун чечим», - деди ал басма сөз жыйынында. Трамп БАЭнин лидери Мохаммед бин Зайед Аль Нахайянды «абдан акылдуу» деп атап, «балким өз жолу менен кеткиси келип жаткандыр» деген пикирин бөлүштү. ОПЕК - мунай өндүргөн ири өлкөлөрдүн уюму дүйнөлүк баага таасир этүү үчүн өндүрүш көлөмүн координациялап турат. Трамп БАЭнин бул кадамын «бензиндин баасын төмөндөтүүгө жардам бере турган жакшы нерсе» деп баалады. Бириккен Араб Эмирликтери 28-апрелде 1-майдан тарта ОПЕК жана ОПЕК+танчыгарын жарыялаган.Бул чечим эксперттер үчүн күтүүсүз болгон жок, анткени өлкөнүн мунай өндүрүү мүмкүнчүлүгү ОПЕК койгон чектөөлөрдөн жогору. Трамп бул кадам ОПЕК үчүн көйгөйлөрдү жаратышы мүмкүн экенин да белгиледи. Чечим жарыялангандан кийин мунай баасы убактылуу төмөндөгөн. Бирок Иран менен АКШ ортосундагы сүйлөшүүлөрдүн туюкка кептелиши жана Трамптын Иран портторуна каршы блокадасын улантары тууралуу билдирүүлөрүнөн улам мунай баасы кайрадан кескин көтөрүлдү.",azattyk.org,https://www.azattyk.org/a/33746009.html,2026-04-30T16:52:16+06:00,kyrgyz,0,high,news_site
593d7a39-a7d8-483b-b035-44247071affe,Украина Герасимовдун Орусия Луганскты толук көзөмөлгө алды  деген билдирүүсүн четке какты,"Украин Куралдуу күчтөрүнүн 3-армия корпусунун өкүлү Александр Бородин Орусия Луганск облусун толук өз көзөмөлүнө алганы тууралуу маалыматты 21-апрелде четке какты. Анын айтымында, орус күчтөрү чабуулдарын тынымсыз улантып жатат. Акыркы алты айда 150дөн ашуун чабуул коюлду. Бирок Надежда, Новоегоровка жана Грековка аймагы украин армиясынын көзөмөлүндө калууда. «Ошондуктан орусиялыктардын билдирүүлөрү чындыкка туура келбейт», - деди Бородин. Ушул эле күнү орус Куралдуу күчтөрүнүн Башкы штабынын жетекчиси Валерий Герасимов Луганск облусу толугу менен Орусиянын көзөмөлүнө өткөнүн айткан. Ошол эле учурда украин армиясынын өкүлү, полковник Виктор Трегубов Харьков облусунда орусиялык күчтөрдүн чабуулдары күчөгөнүн билдирди. Анын айтымында, активдүүлүк дээрлик бардык багыттарда өсүүдө. Түштүк-Слобожан жана Купянск багыттарында өзгөчө чыңалуу байкалууда. Волчанск жана Купянск аймактарында катуу кармаш  жүрүп жатканы айтылды. Согуш шартында тараптардын билдирүүлөрүн ыкчам түрдө көз карандысыз тастыктоо же четке кагуу мүмкүн эмес экени белгиленет.",azattyk.org,https://www.azattyk.org/a/33737212.html,2026-04-21T19:27:26+06:00,kyrgyz,0,high,news_site
eb85c2bc-d83e-4eb2-ba99-05f603623bb5,"Улуттук банк эсептик ченди 12% калтырып, азык-түлүк 10,8% өскөнүн билдирди","Улуттук банк эсептик ченди 12% деңгээлинде калтырып, чечим 28-апрелде күчүнө кирди. Өлкөнүн негизги банкы дүйнөдөгү геосаясий чыңалуу азык-түлүк жана чийки зат рынокторунда баалардын өсүшүн шарттаганын билдирди. Мекеменин маалыматында акыркы эки айда Жакынкы Чыгыштагы кырдаалдын курчушунан дүйнөдө дан эгиндеринин, өсүмдүк майынын баасы кымбаттады. 2026-жылдын башынан бери Кыргызстанда инфляция (17-апрелине карата) 3,9% түздү (жылдык мааниде 11,3%). Азык-түлүк 10,8%, андан башка товарлардын баасы 9,2%, тамеки жана алкоголдук продукция 8,9% жогорулаган. Кызмат көрсөтүү чөйрөнсүндө баалардын өсүшү мындан да көп болуп - 17,2% түздү. Январь-март айларында өлкөнүн реалдуу Ички дүң өнүмү 10,1% өстү. Экономиканын өсүшүнө мурдагыдай эле кызмат көрсөтүүлөр, өнөр жай жана курулуш негизги салым кошууда. Эсептик чен - инфляциялык процессти жөнгө салуучу негизги финансылык куралдардын бири болуп саналат. Ал коммерциялык банктардагы насыялар менен депозиттердин пайыздык ченине түз таасир этет. Коммерциялык банктар өзүнүн пайыздык чендерин аныктап жаткан учурда Улуттук банктын эсептик ченине багыт алышы кажет. Улуттук банктын эсептик чени жогору болсо, коммерциялык банктардын насыялары менен депозиттеринин пайыздык чендери да жогору болот, төмөн болсо төмөндөйт. (BTo)",azattyk.org,https://www.azattyk.org/a/33744099.html,2026-04-28T11:52:46+06:00,kyrgyz,0,high,news_site
6b8976e4-4ad7-4ca9-83c9-12db6795d870,Сирия Хмеймим авиабазасын машыгуу борборуна айландырууну көздөп жатканы маалымдалды,"Сирия бийлиги Орусия колдонуп келген Хмеймим авиабазасын машыгуу жана гуманитардык жайга айландырууну көздөп жатат. Бул тууралуу “Коммерсант” басылмасы сириялык булактарга таянып жазды. Балсылманын маектештери объектти Орусия менен Сирия биргелешип башкарышы мүмкүн экенин, бирок борбор аскердик эмес максаттар үчүн пайдаланыла турганын айтты. Маалыматта айтылгандай, база алгачкы аскердик даярдыгы жок сириялык аскерлердин машыгуу полигонуна айланат. Дамаск ошондой эле окутуу программаларына орусиялык инструкторлорду тартууга үмүттөнөрү да маалымдалды. Бийлик алмашып, мурдагы президент Башар Асаддын режими кулагандан кийин Москванын Сириянын жаңы бийлиги менен кызматташтыгы күмөн жараткан. Сириянын де-факто лидери Ахмед аш-Шараа мурдараак Орусия менен келишимдерди аткарууга даяр экенин билдирген. Орусия Сириядагы турумдарын сактап, Латакия провинциясындагы Хмеймим базасын жана Тартустагы материалдык-техникалык камсыздоо флотун көзөмөлдөйт. Орусиянын тышкы иштер министри Сергей Лавров буга чейин Сирия бийлиги Орусиянын катышуусун сактап калууга кызыкдар экенин, бирок гуманитардык функцияларга басым жасаларын айткан.",azattyk.org,https://www.azattyk.org/a/33742183.html,2026-04-25T12:05:27+06:00,kyrgyz,0,high,news_site
d51ed6a4-d2f1-4dfd-bb0d-b40b32721e6a,"Трамп Ормузда калган бейтарап кемелерди ""алып чыга баштаарын"" айтты","АКШ президенти Дональд Трамп Вашингтон Ормуз кысыгында кармалып турган кемелерди коштоп, ал аймактан аман-эсен алып чыга турганын билдирди. Бул тууралуу ал Truth Social баракчасына жазып, операцияны “Эркиндик долбоору” деп атады жана ал дүйшөмбү күндөн башталарын тактады. “Ирандын, Жакынкы Чыгыштын жана Америка Кошмо Штаттарынын кызыкчылыгы үчүн биз бейтарап өлкөлөргө алардын кемелерин бул чектелген суу жолдорунан аман-эсен алып чыгарыбызды билдирдик. Муну менен алар өз иштерин эркин жана ишенимдүү уланта алышат”, - деп жазды Трамп. Ал эгер Иран АКШнын бул миссиясына тоскоолдук кылууга аракет кылса тийиштүү чаралар көрүлөрүн эскертти. Трамптын мындай билдирүүсүнөн көп өтпөй Ирандын жогорку кызматтагы чиновниги Тегеран АКШнын Ормуз кысыгындагы кырдаалга кийлигишүү аракетин атышууну токтотуу режимин бузуу катары баалай турганын билдиргенин Би-Би-Си жазды. “Ормуз кысыгындагы жаңы деңиз режимине Американын ар кандай кийлигишүүсү келишимди бузуу катары каралат”, - деп билдирген Иран парламентинин улуттук коопсуздук боюнча комиссиясынын башчысы Ибрахим Азизи. АКШ менен Израил чабуул баштаган 28-февралда Иран кысыкты кемелер менен мунай танкерлери үчүн иш жүзүндө жаап салган. Ок атышууну токтотуу макулдашуусунан кийин, 17-апрелде ачып, көп өтпөй кайра жапкан. Анын алдында АКШ менен Ирандын сүйлөшүүлөрү майнапсыз аяктаганда америкалык аскерлер ирандык портторду бөгөттөгөн. 29-апрелде Трамп Тегеран өзөктүк программасы боюнча кепке келбесе деңиз аскерлери Ирандын портторун бөгөттөөнү улантарын билдирди. Анын айтымында, Иран Ормуз кысыгын ачтырууну көздөп, атомдук программасын талкуулоону кийинкиге калтырууну каалайт. АКШ президенти ал планды четке какканын айтты.",azattyk.org,https://www.azattyk.org/a/33748542.html,2026-05-04T12:26:51+06:00,kyrgyz,0,high,news_site
fb9ba229-6338-45da-b981-539a3c6eee98,"Депутат Сурабалдиева Эмгек министрлигин ""ортомчу"" деп сынга алды","Жогорку Кеңештин депутаты Элвира Сурабалдиева Эмгек, социалдык камсыздоо жана миграция министрлигинин ишин сынга алып, элдин жашоосун жеңилдетүүгө аракет болбой жатат деген оюн айтты. Парламенттин 23-апрелдеги жыйынында ""Баатыр энелердин"" балдарына жеңилдик каралган токтом долбоору талкууланып жатканда ал:""Бизде документтерди топтоого бир жыл кетет. Анда эмнеге санариптештирүү деп мактанып жатабыз? Экинчиден, сентябрда даярдалган документ бир жылга жакын убакта келет экен. Жети баламдын экөө студент деп кайрылды. Жетинчи баласы бир жаштан өткөндө эле документтерди даярдоого жардам бериш керек да министрлик. Элдин жашоосун жеңилдетем десеңиздер анын жол-жобосу жеңилдеш керек. Эмгек министрлигинин эмне кереги бар? Жөлөк пул, пенсияны Айыл банк, Элдик банктан эле бердирип койгула, силер жөн эле ортомчусуңар. Миграцияны өзүнчө бөлгүлө, бул ар кайсыл министрликке кошулуп, каралбай жатат. Эң жөнөкөй мыйзамдарга жардам бере албасаңар ыйгарым укуктарыңарды эки банкка бергиле. Бул жерде жөлөк пулду бергенде дагы так, жеңил болушу керек. 90 депутаттын баарына жөлөк пул боюнча кайрылгандар толтура"", - деди эл өкүлү. Эмгек, социалдык камсыздоо жана миграция министрлиги депутаттын сынына азырынча жооп бере элек.Өткөн аптада президент Садыр Жапаров Ош облусуна иш сапары менен барып, эл менен жолугушкан. Мамлекет башчыга берилген суроолордун басымдуу бөлүгү укуктук, социалдык жана башка жергиликтүү маселелер болду.Президент Министрлер кабинетинин социалдык тармакты караган орун басарлыгына Улан Маматкановду дайындады. Жогорку Кеңеш анын талапкерлигин жактырды.Маматканов билим берүү стратегиялык багыт болорун, сапаттуу билим менен гана күчтүү мамлекет куруу мүмкүн экенин айткан. Бул үчүн мугалимдердин квалификациясын жогорулатуу жана шыктандырууну камсыз кылуу, заманбап окуу китептерин, окуу программаларын жана практикага багытталган окутуунун натыйжалуу ыкмаларын киргизүү, билим берүүнүн мазмунун жана форматын эмгек рыногунун талаптарына ылайык келтирүү багытында иштей турганын белгилеген. Ошондой эле саламаттык сактоо кызматтарынын жеткиликтүүлүгүн жакшыртуу жана сапатын жогорулатуу сыяктуу маселелерди көтөргөн. (КЕ)",azattyk.org,https://www.azattyk.org/a/33740785.html,2026-04-23T17:21:50+06:00,kyrgyz,0,high,news_site
7a8feffc-a224-4aa0-b044-fe40991c39f8,Менчик мектептердин окутуу акысын тескөө сунушталды,"Монополияга каршы тескөө кызматы менчик мектептердеги окутуу акысы кымбаттап жатканына коомчулуктагы нааразылыктан улам Бишкектеги жеке мектептердин акысына мониторинг жүргүздү.Мекеменин сайтындагымаалыматка караганда,мониторинг борбор калаадагы 104 жеке мектептин 45инин окуу төлөмүнө жүргүзүлгөн.""Натыйжада айрым менчик мектептерде окуу төлөмү жылына 570 миң сомдон 1 миллион 340 миң сомго чейин жетери аныкталды. Ал эми башка менчик мектептерде бул көрсөткүч 40 миң сомдон 150 миң сомго чейин"", - деп белгиленген маалыматта.Монополияга каршы тескөө кызматы Бишкектеги менчик мектептердеги окуу акысын жогорку окуу жайларындагы окуу акысы менен салыштырган.""Кыргыз улуттук университетинде окуу төлөмү тандаган кесипке жараша 43 миң сомдон башталат. Ал эми Кыргыз-Орусия Славян университетинде 110 миң сомдон жогору. Ошол эле учурда Борбор Азиядагы Америка университетинде окуу төлөмү орто эсеп менен жылына 447 миң сомдон башталат"".Мекеменин салыштыруудан кийинки корутундусуна ылайык, Бишкекте кесип адистигин алуу үчүн окуу акысы орто эсеп менен 107 миң сомдон 152 миң сомго чейин болсо, менчик мектептерде бир баланы окутуу орто эсеп менен 313 миң сомдон 580 миң сомго чейин жетет.Жыйынтыгында Монополияга каршы тескөө кызматы Агартуу министрлигине жана Бишкек шаар мэриясына бир катар сунуштарды берди. Анын ичинде:- менчик мектептерде окуу акысын учурдагы бааларын туруктуу кармоо чарасын көрүү- окуу акысы 200 миң сомдон ашкан менчик мектептерде билим берүүнүн өздүк наркына талдоо жүргүзүү- окуу акысын аныктоо жана аны өзгөртүү тартибин ачык жарыялоого милдеттендирүү- балдардын тең шартта, жеткиликтүү билим алууну камсыздаган жоболорду иштеп чыгуу. Соңку расмий маалыматка ылайык, Кыргызстанда 2 миң 394 мектеп бар, анын 2 миң 170и мамлекеттик, калган 224ү менчик. Аларда 1,5 миллиондон ашуун окуучу билим алат.(ZKo)",azattyk.org,https://www.azattyk.org/a/33740597.html,2026-04-23T12:34:57+06:00,kyrgyz,0,high,news_site
7dfb6cfa-87e1-47e2-bfc7-81988f7232c5,Лейпцигде машина жөө бараткан кишилерди атайылап сүзгөндө экөө каза тапты,"Германиянын Лейпциг шаарынын борборунда 4-майдын кечинде машина жөө бараткан кишилерди атайылап тебелетип кеткенде эки киши набыт болду, бери дегенде 22си жараланды. Полиция экөөнүн абалы оор деп бааланганын маалымдады. Калаанын башчысы Буркхард Юнгдун айтымында, шектүү кармалды, бирок кол салуунун себептери анык боло элек. Маалыматка караганда, шектүү 33 жаштагы немис жараны. Бийлик анын психикалык саламаттыгында мандем болушу ыктымал деп болжолдойт. Күбөлөр Volkswagen жолтандабасы катуу ылдамдыкта жөө жүргүнчүлөрдүн өтмөгүнөн айдаганын айтып беришти. Полиция ал окуя болгон жерден из жашырып кеткенин, кийин колго түшүрүлгөнүн тастыктаган. Германияда акыркы жылдарда бул өңдүү бир нече окуя катталган. Айрымдары диний же саясий себептерден болсо, башкаларын психикалык ооруларга дуушар болгон адамдар ишке ашырган. Былтыр февралда Мүнхенде бир аял менен кызы каза тапкан, 30 киши жарадар болгон. 2024-жылдын декабрында Магдебург шаарында Кристмас жарманкесинде машина бир топ кишини тебелегенде алтоо набыт болуп, жуздөгөнү жабыркаган.",azattyk.org,https://www.azattyk.org/a/33750397.html,2026-05-05T17:19:04+06:00,kyrgyz,0,high,news_site
f25e9191-699b-4644-9617-c9e613e10e99,Орусиянын Ярославлдагы мунай заводуна сокку урулду,"Жекшембиге караган түндө Украинанын аскерлери Орусиянын Ярославль облусундагы мунай иштетүүчү ""Славнефть-ЯНОС"" заводун бутага алды. Күбөлөрдүнсүрөт жана тасмалары, ошондой эле спутник аркылуу Жердеги өрттөргө көзөмөл кылган NASA FIRMS сервисинин маалыматтары жарыяланды. Ярославль облусунун губернатору Михаил Евраев Телеграм каналына ""украиналык дрондордун ири чабуулунун мизи кайтарылганын""жазган.Чабуулга Вологда облусунун Череповец шаарындагы ""Апатит"" ишканасы да кабылган. Губернатор Георгий Филимоновдунайтымында, соккудан беш адам жаракат алган, алардын биринин абалы оор.PhosAgro Group компаниясынын курамына кирген ""Апатит"" акционердик коому Европадагы жер семирткичтердин, фосфор жана күкүрт кислоталарынын эң ири өндүрүүчүсү экенивеб-сайтында жазылган. Бул заводго быйыл  13-апрелде да Украина чабуул болгон.Орусиянын Коргоо министрлиги жекшембиге караган түнү Ярославль жана Вологда облустарынын үстүнөн украиналык 49 дронду жок кылганынбилдирди. Маалыматты көз карандысыз булактардан тактоо мүмкүн эмес. Орусиянын Украинага ""атайын аскердик операция"" деп атаган негизсиз кол салуусуна 2026-жылдын 22-февралында туура төрт жылдын жүзү болду. Орус аскерлери Украинага күн сайын сокку уруп жатат. Бул мезгил аралыгында Украинада миңдеген киши бейажал өлүм тапты, миңдегени майып, качкын болуп, үй-жайсыз калды. Москванын согушуна жооп иретинде Украина Орусиянын армиясынын каржы булагы деп эсептелген мунай заводдорун жана башка объектилерин маал-маалы менен бутага алып келет.",azattyk.org,https://www.azattyk.org/a/33742723.html,2026-04-26T15:15:13+06:00,kyrgyz,0,high,news_site
8a4eff8f-de44-4510-b4af-78be54d550b9,Орус армиясынын аткылоосунан Днепрде төрт киши каза болду,"Орус армиясынын аткылоосунан Днепрде төрт кабаттуу турак үй жарым-жартылай урап түштү. Днепропетров облусунун администрация башчысы Александр Ганжанынайтымында,аткылоо 10 сааттан ашуун убакытка созулду. Кеминде үч киши каза болуп, 20дан ашууну жараат алды. Арасында балдар дагы бар. Кийинчерээк куткаруучулар урандынын астынан дагы бир кишинин сөөгүн алып чыгышты. Куткаруу иштери уланууда. Чернигов облусунун Нежин шаарында эки киши каза болуп, кеминде жетөө жараат алганын аймактын башчысы Вячеслав Чаус кабарлады. 25-апрелге караган түнү орус армиясы Одессага дрон менен чабуул жасады. Облус башчысы Олег Кипер эки киши жараат алганын, турак үйлөр жана порттук инфратүзүм зыян тартканын билдирди. Орусиянын учкучсуз учактары Юрков жана Запорожье райондорунун ортосундагы айылдагы автобус каттамына сокку уруп, бир киши каза болду, төртөө жараат алды. Автобус зыян тартты. Украинанын президенти Владимир Зеленский орус армиясынын бир нече районго чабуулу түнү менен уланганын билдирди. Анын айтымында, 30 киши жараат алды. Өлкөнүн ички иштер министри Игорь Клименко жалпысынан сегиз аймак сокку алдында калганын, төрт киши жараат алганын билдирди. Арасында төрт айлык ымыркай дагы бар. Орусия, Украинанын Абадан коргонуу күчтөрү маалымдагандай, 12 ""Искандер-М""/С-400 баллистикалык, 29 даана Х-101, 5 даана ""Калибр"" канаттуу ракеталары учурулганын айтты. Shahed дрондорунан 619у учурулуп, анын 580и жана 30 ракета атып түшүрүлдү. Орусия соңку аткылоо боюнча комментарий бере элек.",azattyk.org,https://www.azattyk.org/a/33742243.html,2026-04-25T15:37:27+06:00,kyrgyz,0,high,news_site
fdc89246-5106-4e3c-b38c-5c804c980587,Ереванда Армения менен Еврошаркеттин биринчи саммити өттү,"Ереванда Армения менен Еврошаркеттин биринчи саммити өттү. Тараптар бир нече макулдашууга кол коюшту. Жолугушууга армян премьер-министри Никол Пашинян, Еврокомиссиянын төрайымы Урсула фон дер Ляйен жана Еврокеңештин жетекчиси Антониу Кошта катышты Тараптар энергетика, транспорт, санарип жана коопсуздук тармактарындагы кызматташтыкты өнүктүрүү ниетин билдиришти. Саммит Армениянын Орусиядан жана Москва үстөмдүк кылган уюмдардан – КМШ, Жамааттык коопсуздук келишим уюмунан (ЖККУ) оолактаган учурда уюштурулду. Ереван ЖККУну кошуна Азербайжан менен жаңжал учурунда жетиштүү колдоо көргөзгөн эмес деп айыптаган. Былтыр мартта өлкөнүн парламенти Еврошаркетке кошулуу жараянын баштоо мыйзамын кабыл алган. Пашинян ошондо мыйзамды жактыруу жараян дароо башталат дегенди билдирбей турганын, маселе референдумга алынып чыгарын айткан. Кремлдин басма сөз катчысы Дмитрий Песков Арменияга ЕАЭС менен Евробиримдик ортосунда тандоого туура келерин, себеби «эки система айкалышпаганын» билдирген. 1-апрелде Пашинян менен кездешүүдө орус президенти Владимир Путин ошол ойду кайталаган. 4-майда Ереванда Европалык саясий жамааттын 8-саммити өткөрүлгөн. Ага Евробиримдиктин лидерлеринен башка Украинанын президенти Владимир Зеленский, Канаданын премьер-министри Марк Карни катышты.",azattyk.org,https://www.azattyk.org/a/33750485.html,2026-05-05T19:54:11+06:00,kyrgyz,0,high,news_site
8b5513d8-cf37-4446-8490-98acc4812c6f,Москвада көп кабаттуу үйгө дрон тийди,"Москвада 4-майга караган түнү көп кабаттуу үйлөрдүн бирине дрон менен сокку урулду. Маалыматка караганда, жабыркаган турак жай комплекси Кремлден болжол менен алты чакырым алыстыкта жайгашкан. Калаа мэри Сергей Собяниндинайтымында,жараат алгандар жок. Ал дагы эки дрон асмандан атып түшүрүлгөнүн кошумчалады. Дрон тийген үй борбордун абройлуу деп саналган Раменки районунда жайгашкан. Бул аймакта Мосфильм киностудиясынан тышкары көптөгөн элчиликтер жана консулдуктар бар. Орусиянын баш калаасына дрон менен чабуул буга чейин да коюлуп келген. Ал соккулардан кийин Москва «Панцирь» сыяктуу зениттик-ракеталык комплекстер менен абадан коргонуусун күчөткөнү кабарланган. Коопсуздук чараларынан, ошол эле дрон чабуулдарынан улам быйыл Кызыл аянттагы Жеңиш парады дачектелген форматта өтөт.Тактап айтканда, анда бул жолу аскердик техника көрсөтүлбөйт. Орусиянын Коргоо министрлиги өлкөнүн ар кайсы аймактарында жана Москва облусунда өткөн түнү жалпысынан 117 учкучсуз аппарат атып түшүрүлгөнүн билдирди. Москва Украинага согуш ачканы Орусиянын ар кайсы аймактары дрон соккуларына көп дуушар боло баштады.",azattyk.org,https://www.azattyk.org/a/33748627.html,2026-05-04T15:04:31+06:00,kyrgyz,0,high,news_site
28052c74-b71a-4d1f-bf48-83eae618ef3e,Ирандын тышкы иштер министри Орусияга барды,"Ирандын башкы дипломаты Аббас Аракчи 27-апрелде Санкт-Петербургга барды. Ал Ирандын башкы өнөктөшү Орусиянын президенти Владимир Путин менен жолугушууга киргенин Дмитрий Песков билдирди. Аракчинин сапары Иран менен АКШ ортосундагы сүйлөшүү токтоп калган маалга туш келди. ""Тегеран биз менен сүйлөшкүсү келсе, телефон чалса болот. Мунасага келиш үчүн бир эле шарт бар: Иран өзөктүк курал жасоо ниетинен баш тартышы керек. Ансыз сүйлөшүүгө себеп жок"", - деп билдирди Трамп жекшембиде Fox News телеканалына берген интервьюсунда. Британиянын премьер-министри Кир Стармер жекшембиде телефондон АКШ президенти менен сүйлөшүп, Ормуз кысыгы жакын арада ачылбаса, глобалдык экономикага олуттуу зыян келтирилээрин талкуулады.",azattyk.org,https://www.azattyk.org/a/33743370.html,2026-04-27T16:05:20+06:00,kyrgyz,0,high,news_site
90785caa-657b-44c2-bc48-f591b839c0a5,Элчи Эдил Байсалов президенттин эл аралык демилгелер боюнча атайын өкүлү болду,"“Ынтымак ордо” 27-апрелде президент Садыр Жапаров Кыргызстандын Америка Кошмо Штаттарындагы жаңы дайындалган элчиси Эдил Байсаловду кабыл алганын кабарлады. Эдил Байсалов мамлекет башчыга өткөн аптада өткөрүлгөн кыргыз-америкалык саясий консультациялардын жыйынтыктары, Министрлер кабинетинин төрагасы Адылбек Касымалиевдин АКШнын мамлекеттик катчысы Марко Рубио менен сүйлөшүүлөрүнүн жыйынтыктары тууралуу маалымат берди. Садыр Жапаров эки өлкөнүн кызматташтыгын мындан ары өнүктүрүү маанилүү экенин айтып, АКШ менен өнөктөштүктү бекемдөө боюнча ишти активдештирүү тапшырмасын берди. Жапаров Эдил Байсаловго президенттин эл аралык демилгелер боюнча атайын өкүлүнүн кошумча функцияларын жүктөп, ага Кыргызстандын атайын жана ыйгарым укуктуу элчиси жогорку дипломатиялык рангын ыйгарды. Эдил Байсалов апрель айынында башында Кыргызстандын АКШдагы элчиси болуп дайындалган. Ал 2021-жылдан бери вице-премьерлик кызматты ээлеп келаткан. 15-апрелде Вашингтондо АКШнын мамлекеттик катчысы Марко Рубио Адылбек Касымалиев менен жолугушуп, Америка-Кыргызстан кызматташтыгы талкууланган. АКШ Кыргызстандын эгемендигин биринчилерден болуп тааныган мамлекет. Стратегиялык кызматташтык келишимине 1993-жылы 19-майда Вашингтондо кол коюлган. 2015-жылдын 21-июлунда кыргыз бийлиги стратегиялык келишимден бир тараптуу чыгып кеткен. Азырынча Вашингтон менен Бишкек жаңы келишимди даярдоо процесси уланып жатканын гана билдирип келет. (BTo)",azattyk.org,https://www.azattyk.org/a/33743343.html,2026-04-27T15:46:06+06:00,kyrgyz,0,high,news_site
14c574bf-b242-46ab-b27d-2fae804b0fb9,Президент Жапаров Шаирбек Ташиев күнөөсүн мойнуна алганын айтты,"Президент Садыр Жапаров Жогорку Кеңештин экс-депутаты, УКМКнын мурдагы төрагасы Камчыбек Ташиевдин иниси Шаирбек Ташиев коюлган айыпты мойнуна алганын билдирди. Бул тууралуу мамлекет башчы Kaktus.media порталына берген интервьюсунда айтып, ким мыйзамды бузса жоопкерчиликтен кутулбай турганын кошумчалады. “Тергөө “Кыргызнефтегаз” ишканасындагы коррупциялык схемага Шаирбек Ташиевдин тиешеси бар экенин аныктады. Мунун айынан мамлекетке 4 млрд 115 млн сом зыян келтирилген. Бул сумма толугу менен бюджетке кайтарылганда гана аны бошотуу тууралуу сөз болушу мүмкүн. Маалымат боюнча, буга чейин кармалгандардын баары ага (ред: Шаирбек Ташиев) каршы көрсөтмө берип, ал күнөөсүн мойнуна алды. Мыйзам баары үчүн бирдей болушу керек. Буга чейин УКМК жана ИИМ кармагандардын баары келтирилген зыянды кайтарып - зарыл болсо, ашыкча төлөшчү. Андан кийин алар бошотулган. Шаирбек Ташиев да ушундай кылышы керек: алгач баарын төлөп, андан кийин гана бошотулушу зарыл”, - деди президент. Ички иштер министрлиги (ИИМ) Шаирбек Ташиевди 1-апрелде кармап, Бишкектин Биринчи май райондук соту аны Бишкектеги №1 тергөө абагына 16-майга чейин камакка алган. Ага Кылмыш-жаза кодексинин “Коррупция” беренеси менен айып тагылган. ИИМ Шаирбек Ташиевди каматкан айрым жагдайларды ачыкка чыгарып, атайын видео жарыялаган. Анда “Кыргызнефтегаз” ишканасындагы коррупциялык схемалардан улам мамлекетке 4,1 миллиард сом зыян тартканы, буга Шаирбек Ташиевдин тиешеси бар экени айтылат. Экс-депутат жана анын жактоочусу, жакындары буга байланыштуу комментарий бере элек. Шаирбек Ташиев 16-февралда“Азаттыкка” берген маегиндеэч кандай мыйзамсыз иштерге жана акыркы саясий окуяларга тиешеси жок экенин, укук коргоо органдарынын суроолору болсо жооп берүүгө даяр экенин айткан. Ал учурда ал Жогорку Кеңештин депутаты болчу. 14-мартта депутаттык мандатын тапшырган. Садыр Жапаров 2024-жылы 31-декабрда коррупцияга айыпталгандарга жазаны күчөтүү тууралуумыйзамга кол койгон. Ага ылайык, “Коррупция” беренеси менен соттолгондорго мамлекеттик кызматта иштөөгө өмүр бою тыюу салынат. Кылмыш-жаза кодексинин “Коррупция” жана “Шалаакылык” беренелери менен айып тагылгандар күнөөсүн мойнуна алуу боюнча тергөө менен келишим түзүп, келтирилген чыгымды толугу менен төлөгөндө ушул беренелерде каралган жазанын жарымын абакта өтөшү керек. Шектүү күнөөсүн мойнуна алса да пробациялыкжаза колдонулбайт.(BTo)",azattyk.org,https://www.azattyk.org/a/33743254.html,2026-04-27T12:27:06+06:00,kyrgyz,0,high,news_site
84964ec2-43ce-4f4a-ab61-f57d0f9c76fc,Өзбекстанда шарп ылаңын жайылтпоо аракети көрүлүүдө,"Өзбекстанда шарп ылаңынын жайылуу коркунучуна байланыштуу 18-апрелден 18-майга чейин ""Мал чарбадагы санитардык-эпидемиологиялык гигиена"" айлыгы жарыяланды. Бул тууралуу Айыл чарба министрлиги жана фермерлер кеңешибилдиришти. «Азыркы вакциналар шарп вирусунун жаңы түрүнөн толук коргобойт. Андыктан ылаңдын тарап кетүүсүн алдын алуу үчүн ар бир малчынын жана дыйкандын активдүү катышуусу жана жоопкерчилиги өтө маанилүү», - деп билдиришти министрликтен. Үстүбүздөгү айдын башында Өзбекстандын социалдык тармактарында Фергана өрөөнүндө мал жапырт ылаңдаганы тууралуу маалымат тараган. Бирок ошондо Ветеринария башкармалыгы ал шарп эмес, малдын табынын жогорулашы менен коштолгон стоматит экенин билдирген. Айыл чарба министрлиги шарптын белгилери байкалса, дароо ал жандыкты бөлүп коюу, ветеринарды чакыруу, өз алдынча дарылабоо кеңешин берди. Бир ай мурун Борбор Азиядагы дыйкандар мал арасында белгисиз ылаң тууралуу айта баштаган. Ага чейин Орусияда да ылаңдан улам малды кырышкан. Андан кийин Кытай Орусия жана Казакстан менен чек арага жакын жерде шарп катталганын билдирген.",azattyk.org,https://www.azattyk.org/a/33738085.html,2026-04-22T20:12:30+06:00,kyrgyz,0,high,news_site
e57ed76f-1974-4d14-a9b7-32b47e5de18e,Кыргызстан быйыл коңшу өлкөлөрдөн 4 млрд кВт саат электр энергиясын сатып алат,"Кыргызстан 2026-жылы коңшу өлкөлөрдөн 4 млрд кВт саат электр энергиясын сатып алат. Бул тууралуу энергетика министринин биринчи орун басары Өмүрбек Жеңишбеков парламенттин Өнөр-жай саясаты, транспорт, отун-энергетикалык комплекс, архитектура жана курулуш комитетинин 27-апрелдеги жыйынында айтты. Анын сөзүнө ылайык, бул жылы өлкө 19,6 млрд кВт саат электр жарыгын колдонот деп эсептелген. Анын ичинен 15,7 млрд кВт саатты Кыргызстан өзү өндүргөн электр энергиясы менен жабат деп күтүлүүдө. “ГЭСтерден 11,6 млрд кВт саат электр энергиясын өндүрүү күтүлүүдө. Бишкек Жылуулук электр борборунан (ЖЭБ) 2,3 млрд кВт саат, чакан ГЭСтер менен кайра жаралуучу энергия булактарынан 2 млрд кВт саат электр жарыгын өндүрөбүз деп пландаштырып жатабыз”, - деди ал. Өмүрбек Жеңишбеков Кыргызстан электр энергиясын так кайсыл мамлекеттерден сатып аларын тактаган жок. Буга чейин белгилүү болгондой Кыргызстанда акыркы беш жылда электр энергиясын керектөө25 пайыздан ашты.Расмий статистика боюнча, электр энергиясын керектөө 2020-жылда 15,4 млрд кВт саат болсо, 2025-жылдын аягында 19,3 млрд кВт саатка чейин жеткен. Кыргызстан өзү өндүргөн электр энергиясы керектөөнү жаппайт. Ушундан улам жыл сайын күз-кыш мезгилине Казакстандан, Түркмөнстандан, Өзбекстандан жана Орусиядан электр жарыгын сатып алат. (BTo)",azattyk.org,https://www.azattyk.org/a/33743358.html,2026-04-27T15:45:03+06:00,kyrgyz,0,high,news_site
7489c3ed-5c2b-4d43-be9b-395673086616,Депутат Бекешев паспорт же башка документ алуу эселеп кымбаттаганын айтты,"Жогорку Кеңештин депутаты Дастан Бекешев мамлекеттик документтерге, түрдүү маалымкат кагаздарга баа көтөрүлгөнүн белгилеп, өкмөттү сынга алды. Бул тууралуу ал 28-апрелде парламенттин Финансы, бюджет, ишкердик жана атаандаштыкты өнүктүрүүкомитетинин жыйынындасүйлөп жатып айтты. Бекешев Министрлер кабинетинин тѳрагасы демилгелеген “Баа түзүү жөнүндө” мыйзамга өзгөртүүлөрдү киргизүү тууралуу” мыйзам долбоору каралып жатканда мамлекеттик кызмат көрсөтүү акысы эселеп өскөнүн айтты: ""Түрдүү маалымкаттар, өзүбүз басып чыгарып жаткан паспорт жана башка бардык документтер эселеп кымбаттады. Кадимки эле маалымкат 500 сом турат. Калкты тейлөө борборуна (ЦОН) кирсең баа 34% чейин өсүп кеткен. ЦОН өзүнчө эле бизнес-долбоор болуп алды. Мамлекеттик тейлөө акысы кайда өсүп баратат? Эл нааразы. Монополияга каршы тескөө кызматы эмне үчүн унчукпайт?""Депутаттын суроосуна экономика жана коммерция министринин орун басары Беназир Нурланова жооп берип, азыркы каралып жаткан мыйзам кызмат көрсөтүү акысын түзүүгө кийлигишүүгө багытталбаганын айтты.Дастан Бекешев кызмат көрсөтүү да товар, азык-түлүк сыяктуу эле сатыларын белгилеп, социалдык маанидеги товарлардын баасын 34% көтөрүүгө каршылыгын билдирди. Ал Монополияга каршы тескөө органы мамлекеттик кызмат акыны жана башка бааларды да карап, тескөөгө тийиштигин эскертти.Баалардын ооздуктоосуз өсүп бара жатканын белгилеген дагы бир депутат Улан Жаанбаев бул боюнча парламенттик угуу өткөрүүнү сунуштады. Улуттук банктын 28-апрелдегимаалыматына караганда, жыл башынан бери Кыргызстанда инфляция (17-апрелге карата) 3,9% түздү (жылдык мааниде 11,3%). Азык-түлүк 10,8%, андан башка товарлардын баасы 9,2%, тамеки жана алкоголдук продукцияныкы 8,9% жогорулады. Кызмат көрсөтүү чөйрөсүндө 17,2% түздү.(ZKo)",azattyk.org,https://www.azattyk.org/a/33744209.html,2026-04-28T16:00:57+06:00,kyrgyz,0,high,news_site
f2412a0d-0f03-4604-bed4-10828984655c,Саммитке байланыштуу быйыл жаңы окуу жылы 15-сентябрда башталат,"Быйыл жаңы окуу жылы 1-сентябрда эмес 15-сентябрда башталып, 2027-жылдын 25-майында аяктайт. Бул тууралуу 27-апрелде Бишкекте өткөн басма сөз жыйынында агартуу министри Догдуркүл Кендирбаева билдирди. Анын сөзүнө караганда, бул 31-август, 1-сентябрь күндөрү Бишкекте өтө турган Шанхай кызматташтык уюмуна (ШКУ) мүчө мамлекеттердин башчыларынын саммитине байланыштуу. 2001-жылы ШКУну Кытай, Орусия, Тажикстан, Казакстан, Кыргызстан жана Өзбекстан терроризм, экстремизм, сепаратизм, наркотрафик менен күрөшүүчү уюм катары негиздеген. Кийин уюмдун катарына Индия, Пакистан, Иран жана Беларус кошулуп ШКУга кирген мамлекеттердин саны онго жетти. Андан тышкары Ооганстан, Монголия байкоочу макамына ээ. (BTo)",azattyk.org,https://www.azattyk.org/a/33743235.html,2026-04-27T11:33:31+06:00,kyrgyz,0,high,news_site
f697f58c-0d6e-47ec-84ba-dec78167bf06,"23-апрелдин аба ырайы: Жаан жаап, күн күркүрөйт","25-апрелге чейин күтүлүп жаткан жаан-чачынга байланыштуу Кыргызстандын тоолуу райондорунда, Көк-Арт жана Чоң-Ашуу ашууларында кар көчкү түшүүсү жана кар күрткүсү күтүлөт, жолдор тайгак болуп муз тоңот. Унаалардын ортосунда 500 метр аралык кыймыл чектелиши зарыл.23-апрелде түнкүсүн Чүй, Талас, Жалал-Абад, Баткен облустарынын көпчүлүк аймактарында, Ош, Ысык-Көл Нарын облустарынын айрым жерлеринде жаан жаап, күн күркүрөйт, бийик тоолуу райондорунда кар жаайт. Талас, Жалал-Абад, Баткен, Нарын облустарынын айрым жерлеринде жаан-чачын катуу жаайт. Күндүз көпчүлүк аймактарда жаан жаап, күн күркүрөйт, бийик тоолуу райондордо кар жаайт, айрым жерлеринде жаан-чачын катуу жаайт. Бийик тоолуу райондордо жолдор тайгак болот. Батыштан соккон шамалдын ылдамдыгы секундасына 4-9 метрден, айрым жерлерде 15-20 метрге чейин жетет.Абанын температурасы:Чүй өрөөнүндө түнкүсүн 10…15, күндүз 18…23Талас өрөөнүндө түнкүсүн 6…11, күндүз 16…21Баткен, Ош, Жалал-Абад облустарында түнкүсүн 11…16, күндүз 19…24Ысык-Көл облусунда түнкүсүн 4…9, күндүз 16…21Нарын облусунда түнкүсүн 3…8, күндүз 16…21Бишкек шаарында мезгил-мезгили менен жаан жаап, күн күркүрөйт. Батыштан соккон шамалдын ылдамдыгы секундасына 4-9 метрге жетет. Абанын температурасы түнкүсүн 13…15°, күндүз 18…20° болот.",azattyk.org,https://www.azattyk.org/a/33737808.html,2026-04-22T13:50:00+06:00,kyrgyz,0,high,news_site
abd27088-6477-4e40-aa56-c93001150878,"Зеленский ""көмүскө флоттогу"" эки орусиялык танкерге сокку урулганын билдирди","Украинанын президенти Владимир Зеленский 3-майда эртең менен социалдык тармактарда украин аскерлери Кара деңиздеги Новороссийск портуна жакын жерде Орусиянын “көмүскө флотуна” таандык делген эки танкерге сокку урганын билдирди. Зеленскийдин айтымында, операцияны Башкы штабдын башчысы Андрей Гнатовдун жетекчилиги менен Украинанын Коопсуздук кызматы жана Аскер-деңиз күчтөрү ишке ашырган. Ал ошондой эле деңиз учкучсуз аппаратынын чоң кемеге – болжол менен танкерге жакындап келе жатканы көрүнгөн видеону жарыялады. Зеленский бул окуя качан болгонун тактаган жок, ошондой эле танкерлердин аталыштары жана аларга келтирилген болжолдуу зыян тууралуу маалымат берилген жок. “Бул танкерлер мунай ташуу үчүн активдүү колдонулуп келген. Эми андай болбойт”, - деп белгиледи украин лидери. Украина Куралдуу күчтөрүнүн Башкы штабы операция тууралуу азырынча расмий билдире элек. Орусиялык бийлик өкүлдөрү да эч кандай маалымат жарыялаган жок. 3-майда эртең менен Новороссийск шаарында ракеталык коркунуч жарыяланып, көп өтпөй кайра токтотулган. Новороссийскиге жасалган буга чейинки ири соккулар апрелдин башында болгон. Анда “Шесхарис” мунай терминалы жана порту бутага алынган. Украин аскерлеринин ырастоосунда, Орусиянын “Адмирал Эссен” жана “Адмирал Макаров” фрегаттары жабыркаган.",azattyk.org,https://www.azattyk.org/a/33748512.html,2026-05-04T10:31:42+06:00,kyrgyz,0,high,news_site
04e0d6ee-37e6-43ec-9f8e-19891e457310,"Ысык-Көлдө сел кесепети, алдын алуу чаралары талкууланды","Бүгүн 5-майда президенттин Ысык-Көл облусундагы ыйгарым укуктуу өкүлчүлүгүндө Кереге-Таш айылында жүргөн селге байланыштуу ыкчам жыйын өттү. Анда селден кийинки кырдаал боюнча маалымат угулуп, облустун бардык аймактарындагы сел коркунучу бар тилкелерди аныктоо тапшырмасы берилди. Ошондой эле алдын алуу жумуштарын тездетүү, жергиликтүү элге түшүндүрүү ишин жүргүзүү жана кырсыктын кесепеттерин жоюуда жарандык коргонуу кызматтарынын күч каражаттарын даярдыкта кармоо талабы коюлду. 4-майда Ак-Суу районунун Кыдыр Аке айыл аймагынын Кереге-Таш айылында нөшөр жаан жаап, кокту-колоттордон түшкөн суу ички чарбалык арыкка батпай, ташып кеткен. Каракол - Эңилчек унаа жолунун 16-чакырымындагы суу өтүүчү бетон шакекчелери бүтөлүп калгандыктан унаа жолду жана айдоо аянттарын сел каптаган. Тазалоо жана калыбына келтирүү иштери ошол эле күнү саат 18:00дө толук аяктаган. Жалпысынан 13 гектар айдоо аянтты суу каптаган. Турак жайларды каптаган эмес жана жабыркагандар жок. Былтыр августта Ысык-Көлдүн Тоң районунда катуу жаандан соң сел жүрүп, бир нече үйдүн короосун каптаган. Балыкчы-Каракол жолу убактылуу жабылган. (КЕ)",azattyk.org,https://www.azattyk.org/a/33750312.html,2026-05-05T14:51:45+06:00,kyrgyz,0,high,news_site
6075794f-a4e1-498f-bcba-e93c3236ed6c,"Самарада дрон чабуулунан кабат үйдүн кире бериши урап, 11 киши жараат алды","Орусиянын Самара облусундагы Сызран шаарында дрон чабуулунан кийин турак үйдүн кире бериши, подъезди урап түштү.""Украин армиясынын дрон чабуулунун жыйынтыгында Сызранда көп кабаттуу үйдүн подъезди урады. Жеринде куткаруучулар иштеп жатат. Урандынын астынан төрт киши куткарылды, алардын бирөө бала"", - деди губернатор Вячеслав Федорищев.Өзгөчө кырдаалдар министрлигинин баштапкы маалыматына караганда, жалпысынан 11 киши жараат алды, алардын экөө балдар.Самара аэропортунда убактылуу чектөө киргизилди. Орусиянын Коргоо министрлиги өткөн түнү 12 аймакта жана Кара деңиз акваториясынан 155 украин дрону атып түшүрүлгөнүн билдирди.Украина соңку чабуул тууралуу комментарий бере элек.Мунун алдында украин маалымат каражаттары Самара облусунда ""Самара"" мунай станциясына сокку урулганын жазышкан.Exilenova+ мониторинг каналы Сызранда дагы бир турак үй соккуга кабылганын билдирди.Курск облусунда учкучсуз учак көп кабаттуу үйгө түшүп, 36 киши эвакуация болгонун губернатор Александр Хинштейн кабарлады.",azattyk.org,https://www.azattyk.org/a/33737773.html,2026-04-22T12:41:19+06:00,kyrgyz,0,high,news_site
fbccc231-b0f3-4ca7-b2fc-706d17eb3346,Трамп менен Путин Украина жана Иран маселелерин талкуулашты,"Орусиянын президенти Владимир Путин 29-апрелде АКШнын президенти Дональд Трамп менен телефон аркылуу сүйлөшүп, Москва 9-май Жеңиш күнүнө карата Украинада атышууну токтото турууга даяр экенин билдирди. Орусиянын демилгеси менен өткөн сүйлөшүү бир жарым сааттан ашык убакыт уланды. Путиндин жардамчысы Юрий Ушаковдун айтымында, баарлашуу ""достук маанайда, ачык жана иштиктүү"" өттү. Трамп да сүйлөшүүнү ""жакшы маектешүү"" деп атап, Путинге Украинадагы согушта ""бир аз тыныгууну"" сунуш кылганын айтты. ""Аны жасай алат деп ойлойм"", - деп кошумчалады Трамп жана сүйлөшүү биринчи кезекте украин маселесине багытталганын кошумчалады. Ал эми орус тарап Жеңиш майрамына карата согушта тыныгуу жарыялоону Москва сунуш кылганын айтууда. Эки президент Иран маселесин да талкуулашканы маалым болду. Ушаковдун айтымында, Путин Трамптын Ирандагы атышууну токтотуу режимин узартуу чечимин туура деп, ал эми бул өлкөгө жөө аскерлерди киргизүү операциясын кооптуу деп эсептей турганын билдирди. АКШ президенти Путин ага Ирандын байытылган ураны маселесин чечүүнүн кандайдыр бир вариантын сунуштаганын, бирок анын өзүнө биринчи кезекте Украинадагы согушту токтотууга көңүл бурууну кеңеш кылганын белгиледи. Путин менен Трамп буга чейин телефон аркылуу былтыр 28-декабрда сүйлөшкөн. Орусия менен Украина 11-апрелде да Пасха майрамына карата атышпай турууга макул болгонун жарыялашкан, бирок эки тарап тең бири-бирин ""мунасаны бузду"" деп айыпташкан. (RK)",azattyk.org,https://www.azattyk.org/a/33745828.html,2026-04-30T10:02:51+06:00,kyrgyz,0,high,news_site
1e218b92-5cd7-404d-aff8-1e036abf44c9,БУУ: Жаңжал курчугандан бери Иранда кеминде 21 киши дарга асылды,"Жакынкы  Чыгыштагы жаңжал курчугандан бери Иранда кеминде 21 киши дарга асылды жана 4 миңден көп киши кармалды. Мындай маалыматты БУУнун Адам укуктары боюнча кеңсеси таратты. Ага ылайык, бери дегенде 9 киши быйыл январда болгон толкундоолорго байланыштуу дарга асылды, 10 кишиге оппозициялык топко кирген, экөөнө тыңчылык кылган деген айып тагылган. Ал эми 4 миңден ашуун киши улуттук коопсуздукка байланышкан дооматтын негизинде кармалды. «Бийлик Иран элинин укуктарын аеосуз жана катаал жол менен чектөөнү улантууда», - депайттыБУУнун Адам укуктары боюнча жогорку комиссары Волкер Түрк. Буга чейин Amnesty International эл аралык укук коргоо уюму ок атышпоо келишими гуманитардык кризистин курчушун токтото албасын, Ирандын эли бир жагынан согуштан, экинчи жагынан репрессиялардан жапа чеккенин билдирген. Укук коргоочулар Ислам жумурияты өлүм жазасын ишке ашыруу боюнча жан башына алганда дүйнөдө алдыңкы орундарда турганын белгилешет. Ирандагы адам укуктарынын абалына байкоо салган Норвегиядагы уюм жана Парижде жайгашкан Өлүм жазасына биргелешип каршы туруу уюму өткөн жылы Иранда кеминде 1 миң 639 киши дарга асылганын кабарлашкан.",azattyk.org,https://www.azattyk.org/a/33745422.html,2026-04-29T23:44:40+06:00,kyrgyz,0,high,news_site
b449d776-dd88-43fe-888d-1692ab85aecf,АКШ Ирандын мунайын иштеткен Кытайдагы заводдорго эскертүү берди,"АКШнын Финансы министрлиги Кытайда жайгашкан көз карандысыз мунай иштетүүчү заводдор, асыресе Шаньдун провинциясындагы ишканалар Ирандын чийки мунайын импорттоодогу ролу үчүн санкцияларга кабылышы ыктымал деп эскертти. Министрликтин маалыматына караганда, Кытай Ирандын мунай экспортунун дээрлик 90% алат. Анын басымдуусу ошол чакан заводдор тарабынан кайра иштетилип, Тегерандын кирешесине салым кошот. “Ошол киреше акыр-аягында Иран режимине, курал-жарак программасына жана армиясына пайда алып келет”, - деп айтылат мекеменинбилдирүүсүндө. Министр Скотт Бессент Х социалдык тармагындагы постунда белгилегендей, Кошмо Штаттар Ислам жумуриятынын эл аралык көмүскө банк инфраструктурасын, көмүскө флотун жана Тегерандын мунай соодасын колдогон кытайлык чакан мунай ишканаларын бутага алуу менен Иранга болгон экономикалык басымды күчөтүүдө. Бессент Ирандын негизги мунай хабы – Харк аралындагы кара май сактоочу жайлар толуп калганын, өлкө мунай өндүрүүнү азайтууга аргасыз болорун белгиледи. Ал кошумчалагандай, муну менен Тегеран күнүнө 170 миллион доллар кирешеден кол жууп, мунай инфраструктурасы жапа чекмекчи. Бир нече күн мурун Вашингтон Ирандын мунайын сатып алат деген кине менен Кытайдын  көз карандысыз  Hengli мунай иштетүүчү компаниясына санкция салган. 27-апрелде Бээжин бир тараптуу санкцияларга каршы экенин билдирип, мындай практиканы токтотууга чакырды. Компания өзү да айыптоолорду четке какты жана Иран менен соода кылбаганын билдирди.",azattyk.org,https://www.azattyk.org/a/33744980.html,2026-04-29T14:28:41+06:00,kyrgyz,0,high,news_site
906ac9d4-44bb-4cc6-af72-990c64eefdc4,Баткен районунда селден улам өзгөчө кырдаал режими жарыяланды,"Баткен районунда 2-майда нөшөрлөп жааган жаандын кесепетинен сел жүрүп, аймактагы бир катар айылдарда кооптуу абал жаралды, жарандар эвакуацияланып, өзгөчө кырдаал режими киргизилди. Бул тууралуу ""Азаттыкка"" Баткен райондук мамлекеттик администрациясынын басма сөз кызматы билдирди. Мекеменин маалыматына караганда, Ак-Татыр жана Самаркандек айыл аймактарында сел суусу айрым үйлөргө жана короо-жайларга кирип, адамдарды коопсуз жайларга эвакуациялоо иштери жүргүзүлдү. ""Кырдаалга байланыштуу район акими Данир Иманалиев баштаган жетекчилик жана жарандык коргонуунун жооптуу кызматкерлери жеринде ыкчам иш алып барууда. Ошондой эле Өзгөчө кырдаалдар министрлигинин аймактык бөлүмдөрүнүн өкүлдөрү жана куткаруучулар тартылып, абалды көзөмөлгө алуу аракеттери күчөтүлдү. Жаралган кырдаалдын негизинде район аймагында өзгөчө кырдаал режими киргизилип, тиешелүү буйрук чыгарылды"", - деп билдирди акимчилик. Учурда сел жүргөн аймактарда атайын техника ишке тартылып, кесепеттерин жоюу, жолдорду тазалоо жана жарандардын коопсуздугун камсыз кылуу иштери үзгүлтүксүз улантылууда. Синоптиктер соңку күндөрү республиканын айрым аймактарында жаан-чачынга байланыштуу сел жүрүү коркунучу жогору экенин эскертишкен. Нөшөрлөп жааган жаандан улам 1-майда Жалал-Абад облусунда Манас шаарында да сел жүргөн. 30-апрелде Баткен облусунун Кадамжай районунда сел суусу каптаган кээ бир жолдор убактылуу жабылган. 29-апрелде Ош облусунун Алай районунун Гүлчө шаарында селге байланыштуу өзгөчө кырдаал режими киргизилген. (JsA)",azattyk.org,https://www.azattyk.org/a/33747711.html,2026-05-03T00:02:18+06:00,kyrgyz,0,high,news_site
261bdc21-7e7d-4c3a-bc69-16acf1ff805a,CNN: Уиткофф жана Кушнер Иран менен сүйлөшүү үчүн Исламабадга жөнөдү,"АКШ президенти Дональд Трамптын атайын өкүлү Стив Уиткофф менен кеңешчиси Жаред Кушнер Ирандын тышкы иштер министри Аббас Аракчи менен сүйлөшүү үчүн Пакистандын борбору Исламабадга жөнөдү. Бул тууралуу CNN өз булактарына таянып билдирди. Ирандын парламент спикери Мохаммад-Багер Калибаф бул жолку жолугушууга катышпагандыктан Тегеран менен сүйлөшүүдө Американын делегациясын буга чейин жетектеп барган вице-президент Жей Ди Вэнстин сапары азырынча планда жок. Ошентсе дагы, булактардын айтымында, Вэнс сүйлөшүүлөрдө жылыш болсо Исламабадга барууга даяр турат. Аракчи Пакистандан соң Орусия менен Оманга барат. “Сапардын максаты өнөктөштөр менен эки тараптуу кызматташтыкты талкуулоо жана аймактагы кырдаалга байланыштуу кеңешүү”, - деп жазды ал Х социалдык тармагына. Баштапкы маалыматтарга караганда, Исламабадда Ирандын тышкы иштер министри Тегерандын АКШ менен сүйлөшүүлөрдү улантууга мүмкүн болгон позициясын айтат. Ирандын Tasnim агенттиги Аракчинин Исламабадга сапары учурунда америкалык делегация менен сүйлөшүү пландалбаганын жазды. Иран сүйлөшүүлөрдү улантуу үчүн өз портторундагы америкалык блокаданы алууну талап кылууда. Айрым жалпыга маалымдоо каражаттары Калибаф сүйлөшүү өткөрүү командасынан чыгышы мүмкүн экенин жазышты. Израилдик жана ирандык оппозициялык булактардын айтымында, буга Ислам революциясынын сакчылар корпусунун өкүлдөрү менен болгон пикир келишпестик жана Ормуз кысыгы аркылуу жүк ташууну жарым-жартылай ачуу сунуштарынын ишке ашпай калышы себеп болушу мүмкүн. Ирандын расмий маалымат каражаттары Калибафтын отставкасы тууралуу маалыматтарды четке кагып, ал парламентте ишин улантарын белгилешти. Ал эми сүйлөшүүлөрдү өткөрүү делегациясынын курамы толук белгилүү боло электиги белгиленди. Тегерандын делегациясын Улуттук коопсуздук боюнча жогорку кеңештин мурдагы катчысы Саид Жалил жетектеши ыктымалдыгы айтылууда. Ал 2007-2013-жылдары өзөктүк программа боюнча БУУнун Коопсуздук кеңешинин мүчөлөрү (АКШ, Орусия, Франция, Улуу Британия жана Кытай) жана Германия менен сүйлөшүүлөрдөгү катаал позициясы менен белгилүү.",azattyk.org,https://www.azattyk.org/a/33742177.html,2026-04-25T10:17:09+06:00,kyrgyz,0,high,news_site
6e8004ce-059d-4899-b6cb-9578d5513467,Баткендин сел жүргөн айылдарынан 149 адам эвакуация болду,"2-майда Баткен районунун Ак-Татыр жана Самаркандек айыл аймактарында жүргөн селден кийинки калыбына келтирүү иштери жүрүп жатат. Ак-Татыр айыл аймагынын Өрүкзар, Керме-Тоо, Үч-Дөбө айылдарында болжол менен 50 турак жайдын короолорун сел каптап, анын ичинен 10 үйдүн жер төлөсүнө сел суулары кирген. Сел жүргөн айылдардан жалпы 149 адам эвакуацияланып, (35 үй-бүлө), туугандарынын үйлөрүнө жайгаштырылган. Ошондой эле Ак-Татыр айылындагы Садыков атындагы орто мектепке адамдарды убактылуу жайгаштыруу жайы уюштурулган. Селдин кесепеттерин жоюу иштерине жарандык коргонуу кызматтарынан жана жергиликтүү бийликтен жалпы 134 кызматкер, 22 техника тартылды. Селден улам Баткен районуна өзгөчө кырдаал режими киргизилген. Синоптиктер соңку күндөрү республиканын айрым аймактарында жаан-чачынга байланыштуу сел жүрүү коркунучу жогору экенин эскертишкен. Нөшөрлөп жааган жаандан улам 1-майда Жалал-Абад облусунун Манас шаарында да сел жүргөн. 30-апрелде Баткен облусунун Кадамжай районунда сел суусу каптаган кээ бир жолдор убактылуу жабылган. 29-апрелде Ош облусунун Алай районунун Гүлчө шаарында селге байланыштуу өзгөчө кырдаал режими киргизилген. (JsA)",azattyk.org,https://www.azattyk.org/a/33748005.html,2026-05-03T08:55:41+06:00,kyrgyz,0,high,news_site
8ed912e7-6e83-4fbe-a2bc-9a724e72a425,Орусиялык генерал Азатбек Омурбековду жок кылуу аракети көрүлгөнү маалымдалды,"Орусиянын Хабаровск аймагындагы аскердик гарнизондо жардыруу болуп, бир адам каза тапты, бир нече адам жаракат алды. Бул тууралуу «ВЧК-ОГПУ» жана Khabara Телеграм каналдары жазышты. Маалыматка караганда, чабуул генерал-майор Азатбек Омурбековду жок кылуу максатында коюлган болушу мүмкүн. Жардыруу гарнизондогу №55 үйдүн кире беришинде болгон. Бомба тепкичке коюлган. Натыйжада подполковник Кузьменко каза болуп, Омурбеков аман калган. Бирок анын абалы тууралуу маалымат жок. Khabara жазгандай, жардыруу 28-апрелде эртең менен болгон. Үч-төрт киши жаракат алган. Расмий бийлик бул окуя боюнча азырынча маалымат бере элек. Азатбек Омурбеков 2022-жылы Хабаровск крайында жайгашкан №64 өзүнчө мото аткычтар бригадасын жетектеген. Ал Украинанын Буча шаарындагы кыргынга айыпталып келет. Орусиянын Коргоо министрлиги бул айыптоолорду четке каккан. Бирок Associated Press жана Би-би-си сыяктуу эл аралык медиалар өз иликтөөлөрүндө жарандардын өлүмүнө орус аскерлери тиешеси бардыгын көрсөтүшкөн. Украинанын прокуратурасы оккупация маалында Бучада 600дөн ашуун карапайым киши өлтүрүлгөнүн, көбү кыйноого кабылганын аныктаган. 2022-жылдын жай айларында ошол эле бригаданын жоокери Даниил Фролкин журналисттерге интервью берип, оккупациядагы Андреевка айылында жаранды өлтүргөнүн мойнуна алган. Ал ошондой эле Омурбеков жоокерлерди сабап, кемсинткенин жана фронттогу кырдаал тууралуу бурмаланган маалымат бергенин айткан. Кийин Фролкин «жалган маалымат таратты» деген айып менен 5,5 жылга соттолгон. Аны менен бирге кызмат өтөгөн аскерлер Омурбеков жарандарды, айрыкча уюлдук телефону бар адамдарды атууга буйрук бергенин билдиришкен. Бучадагы окуялардан кийин ага орус президенти Владимир Путин «Орусиянын Баатыры» наамын ыйгарган. Омурбековго АКШ, Улуу Британия жана Евробиримдиксанкция киргизген. Омурбеков 1983-жылы Өзбекстандын Каракалпак автоном облусунун башкы каласы Нукус шаарында төрөлгөн.",azattyk.org,https://www.azattyk.org/a/33745909.html,2026-04-30T14:03:01+06:00,kyrgyz,0,high,news_site
df6e0884-769d-4c8f-a8fc-cb6341350f3b,Финляндия согушту айыптаган орусиялык эне-баланы өлкөдөн чыгарууну убактылуу токтотту,"Финляндия бийлиги согушка каршы позициядагы орусиялык жарандар Ольга Белованы жана уулу Никита Беловду депортациялоону убактылуу токтотту. Бул тууралуу Орусиянын ""Согушка каршы комитет"" коомдук уюмукабарлады. ""Ольга менен Никитаны депортациялоо чечимин убактылуу токтотууга жетиштик, азыр алардын андан аркы коргоосу боюнча иштеп жатабыз"", - деп жазылган билдирүүдө. Алар Финляндияга Украинага каршы согуш башталгандан кийин барышкан, башкалка алуу өтүнүчү четке кагылгандыктан өлкөдөн чыгарылышы мүмкүн эле. 56 жаштагы Ольга Белова мекенинде дарыгер болуп иштеген, уулу Никита аскердик буйрутмаларды чыгара баштаган өндүрүштө инженер болуп эмгектенчү. Орусия Украинага кол салгандан кийин Белов ишин улантуудан баш тартып, натыйжада коркутууга жана басым-кысымга кабылган. Жергиликтүү маалымат каражаттарыжазгандай, Финляндияда алар украиналык качкындарга жардам берип, FinEst ыктыярчылар борбору менен кызматташкан. Андан тышкары маалыматтык пикеттерди уюштуруп, украин армиясынын муктаждыктары үчүн каражат чогултушкан. Финляндиянын аткаминерлери алардын ишмердиги жана позициясы ""кайтып баргандагы укуктарынын бузулушуна олуттуу коркунуч жаратпайт"" деген бүтүмгө келишкен. Орусиялык үй-бүлөнүн кызыкчылыгын коргогон юристтер украин аскерлерине, качкындарына акчалай жана материалдык жардам чогултуу Орусияда кылмыш катары саналарын белгилешкен. Мекенине чыккынчылык жана башка беренелер боюнча айып тагылышы мүмкүн экенин айтышкан 2025-жылдын январь-сентябрь айларында Финляндия бийлиги Орусиянын 104 жаранынын башкалкаөтүнүчүн четке каккан.Бул жалпы башкалка сураган орусиялыктардын 90% түзөт. Башпаанек сурагандардын басымдуу бөлүгүмобилизациядан качкандар. Алардын өтүнүчүн четке каккан Финляндия бийлиги Орусияда мобилизация аяктаганын негиз кылган.",azattyk.org,https://www.azattyk.org/a/33744075.html,2026-04-28T10:53:27+06:00,kyrgyz,0,high,news_site
75167438-4284-403b-b5dc-3ac4a7302685,Садыр Жапаров Ташиевдин “75чилерге” тиешеси бар-жогун тергөө аныктай турганын айтты,"Президент Садыр Жапаров Kaktus.media порталына маек берип, президенттик шайлоону эрте өткөрүү тууралуу 75 адамдын кайрылуусу боюнча да суроолорго жооп берди. Мамлекет башчы “75чилердин каты” боюнча ким демилге көтөргөнүн, кайрылуу Жогорку Кеңештин төрагасына жана тиешелүү комитеттин жетекчисине жеткиче көз салып турганын айтты. Ал кайрылуу парламенттин жалпы жыйынына чыгарылат деп калганда тез жана чечкиндүү кадамдарга барганын кошумчалады. “Досуңуз Камчыбек Ташиевдин тиешеси барбы? Эгер ошондой болсо, ал эмне үчүн дагы эле эркиндикте жүрөт? Же Элвира Сурабалдиева айткандай, сиз ага жумшактык кылып жатасызбы? Мыйзам баарына бирдей эмеспи?” деген суроого мындайча жооп берди. “Анын тиешеси бар же жок экенин тергөө жана сот аныктайт. Ушул тапта тергөө уланууда. Тергөө бүткөндөн кийин сотко жөнөтүлөт. Акыркы чечимди - ким күнөөлүү, ким күнөөлүү эмес - сот чечим кабыл алат”, - деди президент. Жогорку Кеңештин депутаты Элвира Сурабалдиева казакстандык блогерге бергенинтервьюсундаКамчыбек Ташиевдин кызматтан алынышын “мамлекеттик төңкөрүш даярдоо” аракети менен байланыштырган. Камчыбек Ташиев жана анын тарапташтары азырынча комментарий бере элек. 9-февралда мурдагы премьер-министрлер, парламенттин экс-депутаттары, саясатчылар жана коомдук ишмерлер болуп 75 адамдан турган топ президент Садыр Жапаровго жана Жогорку Кеңештин ошол кездеги төрагасы Нурланбек Тургунбек уулуна кайрылып, жакынкы убакта президенттикшайлоо өткөрүүгө чакырган.Алардын айрымдары кийин кайрылуунун мазмунун окубай туруп эле ага кошулууга макул болгонун айтып чыгышкан. Ички иштер министрлиги (ИИМ) бул кайрылууга байланыштуу Кылмыш-жаза кодексинин “Массалык баш аламандыктар” беренеси менен кылмыш ишин козгоп, кайрылууда аты аталган коомдук ишмер Бекболот Талгарбековду, Кыргызстандын Өзбекстандагы мурдагы элчиси, мурдагы айыл чарба министри Эмилбек Узакбаевди жана Жогорку Кеңештин экс-депутаты Курманбек Дыйканбаевди, мурдагы вице-премьер, экс-депутат Аалы Карашевди жана ички иштер министринин мурдагы орун басарыКурсан Асановду кармаган. 10-февралда Садыр Жапаров Камчыбек Ташиевди Министрлер кабинетинин төрагасынын орун басары - Улуттук коопсуздук мамлекеттик комитетининтөрагасы кызматынан бошоткон.Андан кийин берген маектеринде Жогорку Кеңеште депутаттар “президент жана атайын кызматтын кишиси” болуп бөлүнүү башталганын, кийин ал парламенттен сыртка чыкканын айтып, 75 адамдын кайрылуусун мисал кылган. Бул окуялардан кийин Нурланбек Тургунбек уулу алгач төрагалык кызматтан кетип, андан соң депутаттык мандатын да тапшырган. Фейсбуктагы баракчасына пост жазып, 75 кишинин кайрылуусуна тиешеси жок экенин билдирген. Акыркы саясий окуялардын фонунда Кундузбек Сулайманов, Элдар Сулайманов, Куванычбек Конгантиев, Шаирбек Ташиев, Курманкул Зулушев, Нурланбек Азыгалиев, Гүлсүнкан Жунушалиева, Абдылдабек Эгембердиев өздөрү жазган арыз менен депутаттык мандатынан ажыратылды. Алардын ичинен “Кыргызнефтегаз” ишканасындагы коррупциялык ишке байланыштуу Камчыбек Ташиевдин иниси, экс-депутат Шаирбек Ташиев, Камбар-Ата-1 ГЭСин даярдоо этабындагы иштерге байланыштуу Кундузбек Сулайманов жана жер тилкелерине байланышкан мыйзамсыз схемаларды уюштурган деген айып менен Куванычбек Конгантиев кармалды. (BTo)",azattyk.org,https://www.azattyk.org/a/33743240.html,2026-04-27T11:52:53+06:00,kyrgyz,0,high,news_site
12ba8580-6fde-4b92-8979-de83d98b8660,Депутат Сурабалдиева 13 жаштагы кыз Дубайга сойкулукка тартылганын билдирди,"Жогорку Кеңештин депутаты Элвира Сурабалдиева Дубайга сойкулукка тартылып, кийин өз өмүрүнө кол салганы айтылган 13 жаштагы кыздын өлүмүнө байланыштуу ишти көзөмөлгө алууну бийлик өкүлдөрүнөн суранды. Эл өкүлү бул тууралуу өспүрүмдүн апасы кайрылганын жана ишти Каракол шаардык милициясы тергеп жатканын айтты. Сурабалдиева кызды жакындары эле ушул жолго түрткөнүн апасынын айткандарына таянып билдирди.""Акыркы убакта үрөй учурган, кейиштүү окуялар болуп жатат. Ушуну өкмөт өз көзөмөлүңүздөргө алып бериңиздер. Апасы абдан ыйлап, жаман болуп жатат"", - деди депутат.Азырынча милиция бул иш боюнча комментарий бере элек.Башкы прокуратуранын маалыматына караганда, өлкөдө балдарга карата кылмыш саны өсүүдө. 2025-жылы Кыргызстанда 369 сексуалдык зомбулук фактысы катталды. Анын ичинде басымдуу бөлүгү зордуктоо. Маалыматка ылайык, 137 зордуктоо фактысы, 16 жашка толо электерге карата сексуалдык мүнөздөгү 115 аракет, 43 зомбулук, сексуалдык мүнөздөгү аракеттерге мажбурлоого байланыштуу 20 факт жана башка кылмыштар катталган. Сексуалдык зомбулуктан 288 бала, 77 аял жабыркаган. (КЕ)",azattyk.org,https://www.azattyk.org/a/33737759.html,2026-04-22T12:30:23+06:00,kyrgyz,0,high,news_site
1deea9f1-da19-4e03-aa68-86e8a965befe,Сот аткаруу кызматы Ак-Ордодогу мыйзамсыз делген үйлөрдү бузуу боюнча маалымат берди,"Башкы прокуратуранын Сот аткаруучулар кызматы Бишкектин четиндеги Ак-Ордо конушунда үйү буздурула турган жарандардын нааразылыгына байланыштуу маалымат берди. Мекеме билдиргендей, 21-апрелде кызматкерлер ал жерге мажбурлап аткаруу (бузуу) тууралуу соттук акт мыйзамдуу күчүнө киргендигине байланыштуу барышкан жана тиешелүү эскертүү тургундарга үч күн мурда берилген. Маалыматта айтылгандай, Бишкектин Ленин райондук соту мыйзамсыз курулуштарды бузуу тууралуу чечим чыгарган, 4-мартта К. уулу Н. жана И. Р. аттуу эки тургунга ал чечимди аткаруу сунушу берилген, бирок алар аны аткарган эмес. Мажбурлап буздуруу тууралуу Ленин райондук ички иштер бөлүмү, Саламаттыкты сактоо министрлиги, Өзгөчө кырдаалдар министрлиги (ӨКМ) жана Сокулук райондук электр тармактары кабардар кылынганы айтылды. Мекеме ишин ""Сот аткаруучулардын макамы жана аткаруу өндүрүшү жөнүндө"" мыйзамдын 100-беренесине ылайык жүргүзөрүн, жогоруда аталган дарекке атайын техника тартылганын, медициналык жардам көрсөтүү үчүн тез жардам кызматы, ал эми коомдук тартипти сактоо үчүн Ленин райондук ички иштер бөлүмүнүн кызматкерлери иштеп жатканын кошумчалады. Ошону менен катар бүгүнкү күндө мыйзамсыз курулуштарды сүрдүрүү тууралуу көп жылдан бери аткарылбай келаткан жалпысынан 129 иш бар экенин, анын баары көзөмөлгө алынганын, эгер соттун чечимин аткарууга каршылык көрсөтүлө турган болсо материалдар кылмыш ишин козгоого ички иштер органдарына өткөрүлүп берилерин эскертти. Бишкектин Ак-Ордо-3 конушунун жашоочусу үйүн бузууга келген сот аткаруучулардын көзүнчө өз өмүрүнө кол салганы тууралуу видео 21-апрелде тараган. Бул тууралуу Бишкектин тегерек-четиндеги конуштарда салынган үйлөрдү документтештирүү иштерине аралашкан активист Мирбек Осмонов Фейсбук баракчасына жазган. Анын ""Азаттыкка"" ырасташынча, бүгүн, 21-апрелде сот аткаруучулар айыл чарба багытындагы жерлерге салынып калган деген төрт үйдүн жашоочуларын чыгарууга аракет кылууда. Осмонов Ак-Ордо-3 конушунун №498 контурундагы төрт үйгө байланыштуу иш учурда административдик сотто каралып жатканын, ошол себептүү бузуу иштерин токтотуп турууну өтүнүшкөнүн билдирген. Бишкектин Ак-Ордо конушунун айрым тургундары былтыр октябрда мыйзамсыз курулган деген негизде турак жайларын бузууга эскертүү берилгенине даттанып чыгышкан. Ал тапта Бишкек мэриясы мыйзамсыз курулуштарды бузууну убактылуу токтоткондугун жарыялаган. Буга чейин Чүй облусунда, Бишкек менен Ош шаарларында “кызыл сызыкка” чыгып кеткен, мыйзамсыз салынган делген курулуштар бузулуп, нааразылык чыккан учурлар катталган. (RK)",azattyk.org,https://www.azattyk.org/a/33737280.html,2026-04-21T20:33:59+06:00,kyrgyz,0,high,news_site
c40ae656-882f-4eb2-9076-9af8a0c9b51d,Илим Карыпбековго Орусияга кирүүгө өмүр бою тыюу салынды,"Улуттук телерадио корпорациясынын (УТРК) мурдагы директору, юрист Илим Карыпбеков Орусияга кирүүгө өмүр бою тыюу салынганын билдирди. Ал бул тууралуу социалдык тармактардагы баракчаларына видео кайрылуусун жарыялап, окуянын чоо-жайын айтып берди. Анын сөзүнө караганда, Орусиядагы Эльбрус чокусуна чыгуу үчүн Кыргызстандан атайын топ даярдап алып барууну максат кылган. Бирок ага бул өлкөгө кирүүгө уруксат бар-жогун билүү үчүн өзү биринчи барган. Аны Москвада чек арадан “кошумча текшерүү” деген негизде 1,5-2 саат текшерип, коё берген. Москвада 2-3 күн жүрүп, кайра 25-апрелде Кыргызстанга кайткан учурда чек арадан аны кайрадан 3-4 саат суракка алып, ага Орусияга кирүүгө өмүр бою тыюу салынганы тууралуу билдирмени колуна карматкан. “Бул билдирме Федералдык коопсуздук кызматынын (ФСБ) атынан берилди. Мен ФСБ бизде аябай күчтүү деп айтып келем. Бул анын далили. Расмий билдирүүдө мага Орусияга кирүүгө өмүр бою тыюу салынганы жазылып турат. Орусиянын ФСБнын билдирүүсүндө “эгерде мен Орусияга дагы бир жолу кирсем кылмыш иши козголуп, камаласың” деп турат. “Салам Кыргызстан” жана башка аталыштар менен Телеграммда ачылган каналдар, “Спутник”, “Номад” телеканалдары Орусияны колдоого пропаганда кылып, биздин мээни айланта турган курал экенин айтып келет элем. Бул ошонун кесепети”, - деди ал. 2025-жылдын ноябрь айында кыргызстандык таанымал рэпер Бакрды Орусиянын аймагына киргизбей коюшкан. Бул окуядан кийин кыргызстандык ырчылар Султан Садыралиевге, Ильяз Абдразаковго, алып баруучу Бектур Шаршеналиев, куудул Ильяз Иманалиевге да Орусияга кирүүнөтыюу салынганы белгилүү болгон. Алардын айрымдары Орусияга баратканда чек арадан алардын уюлдук телефондору текшерилгенин айтып беришкен. (BTo)",azattyk.org,https://www.azattyk.org/a/33743206.html,2026-04-27T10:07:09+06:00,kyrgyz,0,high,news_site
620b64e4-ba10-49a4-b1f9-3bdd30238987,Орусия менен Украина туткун  айырбаштады,"Орусия менен Украина согуш туткундарын алмашты. Ар бир тарап 193 адамдан өткөрүп берди. Бул тууралуу 24-апрелде Орусиянын Коргоо министрлиги жана Украинанын президенти Владимир Зеленскийбилдиришти. Алмашуу Бириккен Араб Эмираттарынын жана АКШнын ортомчулугу менен өттү. Кремлдин маалыматына ылайык, алмашуу Беларус аймагында жүргүзүлдү. Бошотулган орус аскерлери учурда ошол жакта. Зеленскийдин айтымында, бошотулган украиндердин арасында аскер кызматкерлери, Улуттук гвардиянын жоокерлери, чек арачылар жана полиция кызматкерлери бар. Алардын айрымдары жараат алган, кээ бирлерине Орусияда кылмыш иши да козголгон. Маалым болгондой, расмий тынчтык сүйлөшүүлөрү жүрбөсө да туткундарды жана каза болгондордун сөөгүн айырбаштоо боюнча байланыштар тараптардын ортосунда уланууда. Буга чейинки туткун айырбаштоо 11-апрелде болгон. Жалпысынан согуш башталгандан бери тараптар 20дан көп жолу туткундарды алмашты.",azattyk.org,https://www.azattyk.org/a/33741780.html,2026-04-24T20:31:03+06:00,kyrgyz,0,high,news_site
6fdd9b23-ecab-4c40-ac48-d00191d65799,Кыргызстанда бүтүрүүчүлөрдүн билимин тестирлөө май айында өтөт,"Мектеп бүтүрүүчүлөрүнүн билим деңгээлин аныктоочу жалпы республикалык тестирлөө сынагы 16-майдан 23-майга чейин өтөт. Бул тууралуу Агартуу министрлиги маалымдады. Ага ылайык, быйылкы тестирлөөгө 65 412 бүтүрүүчү катталды. Жалпы республикалык тестирлөө мектеп бүтүрүүчүлөрүнө жогорку окуу жайга өтүүгө мүмкүнчүлүк берген сынак. Тест уюштуруучуну Агартуу министрлиги сынак аркылуу тандайт. Соңку жылдары бул укук Билимди баалоо жана окутуу усулдары борборуна берилип келет. Былтыр жалпы тестирлөөдө54 окуучу эң жогорку упай топтоп, “Алтын сертификатка” жетишкен. Алардын ичинен эң жогорку – 242 упайды Бишкек шаарындагы №70 жалпы билим берүү орто мектебинин бүтүрүүчүсү Атай Эстебесов алган. (ZKo)",azattyk.org,https://www.azattyk.org/a/33743444.html,2026-04-27T17:53:05+06:00,kyrgyz,0,high,news_site
2bfaae9e-2833-47fd-a366-fc41f5679f12,Иш учурунда дарыгерлерди сабагандарга жазаны күчөтүү сунушталды,"Жумуш учурунда медицина кызматкерлеринин ишине тоскоолдук кылып, кол көтөргөндөргө жазаныкүчөтүү сунушу берилди. Тиешелүү мыйзам долбоорун Жогорку Кеңештин бир нече депутаты иштеп чыгып, коомдук талкууга чыгарды. Ага ылайык, дарыгерге иш учурунда тоскоолдук кылып, ден соолугуна жеңил жаракат келтиргендерди эки айдан бир жылга чейин түзөтүү жумуштарына тартып же 20 миңден 50 миң сомго чейин айып пул салуу сунушталды. Дарыгердин ден соолугуна оор залал келтирип, көп көлөмдө зыян учураткандарды үч жылдан беш жылга чейин, бейтаптын ден соолугуна залака тийгизгендерди беш жылдан сегиз жылга чейин абакка кесүү демилгеси көтөрүлдү. Кыргызстанда буга чейин дарыгерлер иш учурунда ур-токмокко кабылган бир катар окуялар катталган. Коомчулукта медицина кызматкерлеринин укугун коргоо талабы айтылып келет. (BTo)",azattyk.org,https://www.azattyk.org/a/33746072.html,2026-04-30T17:32:21+06:00,kyrgyz,0,high,news_site
de6a8d17-e6a5-465b-aec9-51bd1d865575,Саратовдогу абак ооруканасында чыккынчылык үчүн соттолгон адам көз жумду,"""Русь Сидящая"" долбоору Орусия Федералдык жаза аткаруу кызматынын (ФСИН) Саратов облусундагы №1 кургак учук ооруканасында Курскидеги коргонуу заводунун жумушчусу Роман Сидоркин 8-январь күнү каза болгону 26-апрелде маалым болгонунжазды. Сидоркинге жиберилген открыткага ""8.01.2026. каза болду"" деген жооп келген. Роман Сидоркин 52 жашта болгон. ""Медиазона"" Курскидеги коргонуу заводунда иштеген Сидоркин менен анын мурдагы аялы Татьянаны 2022-жылы жазындакармашканын эскерди. Федералдык коопсуздук кызматы (ФСБ) аларды Украинанын чалгын кызматына ""аскердик техниканы түзүүдө колдонулган аскердик жабдуулардын жана (аскердик-космостук күчтөр) тарабынан колдонулган курал-жарактардын үлгүлөрүн жана техникалык документтерин берүүгө"", ошондой эле чек арадагы темир жолду жардырууга даярдык көрүүгөайыптаган. 2023-жылы жайында Роман Сидоркин 17 жылга, Татьяна Сидоркина 13 жылга эркиндигиненажыратылган. 2025-жылы жазында Роман Сидоркинге жаңы иш боюнчаөкүм чыгарылып, камак мөөнөтү узартылган. Мурдагы кесиптеши Александр Воробьев экөөнү аскердик жабдууну ""чет өлкөдө сатуу максатында"" уурдоого айыпташкан. Мурдагы мөөнөтүн кошкондо Роман Сидоркин жалпы 23 жылга (баштапкы үч жылы түрмөдө, калганы - өзгөчө катаал режимдеги абакта) эркиндигинен ажыратылганын ""Медиазона""жазды. Роман Сидоркин саясий туткун деп таанылган эмес, бирок анын аты-жөнү ""Мемориал""укук коргоо уюмунун саясий репрессия курмандыктарынынтизмесине киргизилген. ""ВКонтакте"" социалдык тармагындагы комментарийи үчүн ""Терроризмди актоо"" беренеси менен эки жылга кесилген саясий туткун Олег Тырышкинабактаказа болгону жакында эле маалым болду. 8-апрелде Комсомольск-на-Амуредеги тергөө абагында 53 жаштагы сүрөтчү, интернеттеги комментарийи үчүн камалган Андрей Акузинжанын кыйган. 17-аперлде Воронеждеги №2 түзөтүү абагында саясий туткун, дааватчы жана блогер Веган Христолюб каза болгонукабарланган. Маркумдун тааныштарынын сөзүнө караганда, ал айып изоляторунда асынып алган, анын өлүмү боюнча шалаакылык менен кылмыш иши козголгон.",azattyk.org,https://www.azattyk.org/a/33743207.html,2026-04-27T10:25:49+06:00,kyrgyz,0,high,news_site
1aa88579-6c11-4412-aa40-b74fc988ccd7,Баткенде жубайлардын өлүмү боюнча кылмыш иши козголду,"Баткен облустук ички иштер башкармалыгы Баткен районундагы Чоң-Кара айылында жубайлардын өлүмү тууралуу комментарий берди. Милициянын маалыматында 26-апрелде Баткен райондук ички иштер бөлүмүнө Төрт-Гүл айыл аймагына караштуу Чоң-Кара айылынын 45 жаштагы тургуну (К.А.) 44 жаштагы жубайын (Э.Г.) бычак менен сайып өлтүрүп, кийин өзү асынып каза болгону тууралуу маалымат түшкөн. Алдын ала маалыматка ылайык, 26-апрелге караган түнү үйдө балдар уктап жатканда жолдошу аялын бир нече жолу бычак менен сайып, аял окуя болгон жерде каза болгон. Андан соң К.А. үйүнүн короосундагы өрүк бакка асынып каза тапкан. Окуя болгон жерден далил катары ашкана бычагы жана жип алынган. Бул факты боюнча Кылмыш-жаза кодексинин “Адам өлтүрүү” беренеси менен кылмыш иши козголуп, тиешелүү соттук-медициналык экспертизалар дайындалды. Тергөө жүрүп жатат. Маркумдардын артында беш баласы калганы айтылууда. Башкы прокуратуранынмаалыматына караганда,Кыргызстанда 2025-жылы үй-бүлөлүк зомбулукка байланыштуу 656 кылмыш иши козголгон. Мында 458 аял, 104 бала жана 94 эркек киши жабыркаган. Ошондой эле былтыр Кылмыш-жаза кодексинин “Үй-бүлөлүк зомбулук” беренеси менен 36 кылмыш иши козголгон. Жалпысынан бул багыттагы укук бузууларга байланыштуу 6 миңден ашуун протокол түзүлгөн. (BTo)",azattyk.org,https://www.azattyk.org/a/33743226.html,2026-04-27T11:12:03+06:00,kyrgyz,0,high,news_site
5793dd3b-0d22-423a-9b20-13139ed9d210,Италия Соловьевдун премьер  Мелониге акарат келтиргенине нааразылык билдирди,"Италиянын Тышкы иштер министрлиги Орусиянын Римдеги элчиси Алексей Парамоновду чакырып, нааразылыгын билдирди. Буга Кремлдин пропагандачысы, теле алып баруучу Владимир Соловьевдун премьер-министр Жоржа Мелонинин дарегине айткан акараты себеп болду. Бул тууралуу Италиянын башкы дипломаты Антонио Тайани өз постундажазды. Жакында чыккан программасында Соловьев премьерди ""өз шайлоочуларын сатып кеткен фашисттик акмак, адамзаттын уяты, айбан"" деп атаган. Мелони X тармагынапостжазып, алып баруучуга жооп кайтарды: “Режимдин айныксыз пропагандачысы ырааттуулуктун, эркиндиктин сабагын бере албайт. Биз башкалардан айырмаланып, кол куурчактай болуп жип менен байланган эмепсиз, биздин кожоюндарыбыз жок, бизге эч ким буйрук бербейт”. Италиянын президенти Сержо Матарелла өкмөт башчыга колдоосун билдирди жана Соловьевдун айткандарын айыптады. ТАССтын маалыматы боюнча, элчи Парамонов белгилүү журналисттин менчик каналында айткандарына байланыштуу эмне себептен ТИМге чакырылганын түшүнбөй турганын айтты. Буга чейин Соловьевдун сөздөрү үчүн Орусиянын Армениядагы элчиси чуулгандуу сөздөрү үчүн ал өлкөнүн тышкы саясий мекемесине чакырылган.",azattyk.org,https://www.azattyk.org/a/33738139.html,2026-04-22T21:37:53+06:00,kyrgyz,0,high,news_site
d5841f9b-2d55-42d7-a285-2fb30c1e5ad2,Сөз эркиндиги боюнча жаңы рейтингде Кыргызстан эки баскычка ылдыйлады,"""Чек арасыз кабарчылар"" (RSF) эл аралык уюму басма сөз эркиндиги боюнча жаңы докладын жана 180 өлкөнүн рейтингин жарыялады. Кыргызстандын көрсөткүчү былтыркыга салыштырмалуу эки баскычка ылдыйлап, 146-сапка жайгашты. Уюм өз классификациясын 25 жылдан бери чыгарып келет. RSF белгилегендей, биринчи жолу тарыхта өлкөлөрдүн жарымындагы басма сөз эркиндигинин абалы “кыйын” же ""өтө оор” деп сыпатталды, орточо упай эч качан мынчалык төмөн болгон эмес. Уюм улам бир жерде болуп жаткан журналистиканы муунтуу аракеттерин, кабарчыларга кесибин аркалоодо түзүлгөн тоскоолдуктарды, улуттук коопсуздукка шилтеп сөз эркиндигин чектеген мыйзамдардын кабыл алынышын сындады. ""Европа жана Борбор Азия аймагы калыптанган баалуулуктар өзгөртүлүп, мыйзамдар бийликтин кызыкчылыгында пайдаланып, жөнөкөй жарандардын маалымат алуу укуктары чектелип жаткан масштабдуу экспериментти эске салат"", - деп жазды докладдын авторлору. Алсак, 135-орундагы Грузиянын көрсөткүчү былтыркыга караганда 21 баскычка төмөндөдү. Өлкө демократиялык кризиске туш болуп, чет өлкөлүк агенттер тууралуу мыйзам долбооруна каршы чыккан элдик демонстрациялар күч менен басылган. RSF Өзбекстанды 147, Казакстанды 149, Тажикстанды 155 жана Түркмөнстанды 173-орунга жайгаштырды. Казакстан рейтингде 8 сапка түштү. Авторлор ал өлкөдө мыйзамдар күчөтүлүп, журналисттерге кыйыр басым болгонун, интернет мейкиндигинде репрессивдүү саясат жүргүзүлгөнүн, прессага каршы кылмыштар жазасыз калып жатканын белгилешти. Кыргызстанда да ушундай эле тенденция байкалганы белгиленип, журналисттердин укуктук кепилдиктери чабал болуп калганы айтылды. Докладда Орусия жана Беларус журналисттер үчүн эң ири абакка айланганы айтылды. Эл аралык Amnesty International укук коргоо уюму 21-апрелде жарыялаган жылдык баяндамасында дүйнө жүзүндө, анын ичинде Борбор Азияда жарандык коомго кысым күчөп жатканын билдирди.State of the World’s Human Rights деп аталган документтеБорбор Азиянын бардык өлкөлөрүндө укук жана эркиндик чектелип жатканы белгиленген. Кыргызстандын бийлиги өлкөдө сөз эркиндиги жана адам укуктары корголорун такай кайталайт. 29-январда президент Садыр Жапаров ""Кабар"" агенттигине курган маегинде сөз эркиндиги жана демократия деген ""биринчи кезекте жоопкерчилик"" деп эскерткен.",azattyk.org,https://www.azattyk.org/a/33745314.html,2026-04-30T11:02:50+06:00,kyrgyz,0,high,news_site
5d411c44-09d5-4118-a504-6e67bfb4b891,Кылычбек Cултан Пакистандагы элчи кызматынан кетти,"Кылычбек Cултан берген арызына ылайык Кыргызстандын Пакистандагы элчиси кызматынан бошотулду. Тиешелүү жарлыкка президент Садыр Жапаров кол койгонун “Ынтымак ордонун” басма сөз кызмат кабарлады. Элчилик кызматка ал 2025-жылдын июль айында дайындалган. 51 жаштагы Кылычбек Султан 2014-2016-жылдары Кыргызстандын Малайзиядагы, 2017-2018-жылдары Түштүк Кореядагы элчиси болуп иштеген. 2018-жылдын декабрында Түштүк Кореяда элчи болуп турган кезинде ал элчиликтерде коррупциялык иштер бар экенин жарыялаган. Терс көрүнүштөр тууралуу Тышкы иштер министрлигине, УКМКга, президенттик аппаратка жазган каттарына жооп болбогону үчүн президентке ачык кайрылганын айткан. Мындан кийин ал жана мурдагы тышкы иштер министри Эрлан Абдылдаев да кызматтан алынган. Кийин бул окуяга байланыштуу Улуттук коопсуздук боюнча мамлекеттик комитетте (УКМК) сурак берген. (BTo)",azattyk.org,https://www.azattyk.org/a/33744086.html,2026-04-28T11:08:54+06:00,kyrgyz,0,high,news_site
27148872-de8c-420f-9188-1e1a4a428c6e,Мерц: Американын Иран боюнча так стратегиясы жок,"Германиянын канцлери Фридрих Мерц 27-апрелде АКШ Иран менен болгон согушта так стратегияга ээ эмес экенин айтып, жаңжал жакын арада бүтпөшү мүмкүн экенинэскертти. «Ирандыктар күтүлгөндөн күчтүүрөөк болуп чыкты, ал эми америкалыктардын ишенимдүү стратегиясы көрүнбөйт», — деди Мерц Марсберг шаарындагы мектепте жасаган билдирүүсүндө. Ал мындай жаңжалдардын негизги көйгөйүн да белгиледи. Мерцтин айтуусуна караганда, «мындай жаңжалдардан кантип чыгууну да билиш керек». Ал Ооганстандагы жана Ирактагы согуштарды мисал келтирди. «АКШ бул жаңжалга так стратегиясыз кирди. Учурда абдан татаал кырдаал түзүлдү жана бул бизге чоң чыгым алып келүүдө. Бул жаңжал биздин экономикалык көрсөткүчтөргө түз таасирин тийгизип жатат», — деди Фридрих Мерц, Ал Германиянын Ормуз кысыгын кайра ачууга жардам берүү үчүн миналарды тазалоочу кемелерди жөнөтүү сунушу күчүндө экенин айтты. Бирок ал бул согуш аяктаганда гана ишке ашарын белгиледи. Январь айында Иранда жалпы өлкө боюнча өткөн нааразылык акциялары күч менен басылган соң, Мерц Ислам республикасынын бийликти сактап калуу үчүн зомбулук колдонушу режимдин аяктап баратканынын белгиси экенин айткан. Ал мындай билдирүү жасаган алгачкы жогорку деңгээлдеги эл аралык саясатчылардын бири болгон. Ормуз кысыгы жабылгандан кийин ал Евробиримдик санкцияларды жеңилдетүүгө даяр экенин да билдирген. Ал арада 27-апрелде Еврокомиссиянын төрайымы Урсула фон дер Ляйен санкцияларды алып салуу Иран «негизги өзгөрүүлөргө» барган шартта гана мүмкүн болорун айтып, азырынча аларды жеңилдетүүгө «эрте» экенин белгиледи.",azattyk.org,https://www.azattyk.org/a/33743610.html,2026-04-27T20:52:31+06:00,kyrgyz,0,high,news_site
73e34a90-36c6-436e-8366-337f7c5e3c79,Кыргызстанда ымыркай өлүмү боюнча көрсөткүч өсүүдө,"Быйыл жыл башынан бери Кыргызстанда бир жашка толо элек 268 ымыркай чарчап калды. Бул тууралуу Улуттук статистикалык комитет кабарлады. 2025-жылы ушул эле убакта 260 бала бир жашка толбой чарчап калган.Ымыркайлардын өлүмүнүн себеби түрдүү экени, 164 бала перинаталдык убакта пайда болгон оорудан чарчап калганы, 48и тубаса кемтиктен, 36сы дем алуу органдарынын оорусунан улам көз жумганы маалымдалды.Саламаттык сактоо министрлиги 2030-жылга чейин перинаталдык кызматты реформалоого даярданууда. Анын ичинде кош бойлуу аялдарды көзөмөлдөө системасын жана бейтаптарды багыттоону жакшыртуу, төрөткө чейинки кам көрүү стандарттарын кайра карап чыгуу жана төрөткө чейинки скрининг технологияларын киргизүү бар. Булардан тышкары генетикалык лаборатория түзүү жана үй-бүлөнү пландаштырууну өнүктүрүү да перинаталдык тармакты реформалоого кирет. 2025-жылы Кыргызстанда 140 миңден ашуун бала төрөлгөн. (ZKo)",azattyk.org,https://www.azattyk.org/a/33744091.html,2026-04-28T13:23:56+06:00,kyrgyz,0,high,news_site
15787498-8537-49d5-b5a3-1553a3588452,Алайдагы ата-энелер менен мугалимдер жаңжалы боюнча маалымат берилди,"Агартуу министрлиги социалдык тармактарга тараган Алай районундагы мектептердин биринде окуучулардын ата-энелери менен мугалимдердин ортосундагы пикир келишпестик тууралуу видеого түшүндүрмө берди. Окуя 22-апрелде Алайдын Мурдаш айылындагы А.Жээнбеков атындагы мектепте болгону маалымдалды. 21-апрелдин кечинде, мекеме билдиргендей, 9-10-класстын окуучулары айылдан тыш жерге чогулуп, пикир келишпестигин чечмек болгон. Муну уккан мугалимдер ошол жерге барып, окуучуларды үйүнө тараткан. “Таркатуу учурунда мугалимдер окуучуларды колунан тартып, түртүп жибергендиктен 22-апрелде ата-энелер окуучулардын булчуң эти ооруп жатканын айтып мугалимдерге нааразылыгын билдирип келишкен. Натыйжада ата-энелер менен мугалимдер ортосунда пикир келишпестик орун алган”, - деп жазылган министрликтин билдирүүсүндө. Териштирүүдөн кийин мектептин окуу бөлүмүнүн башчысы Б.Р., директордун тарбия иштери боюнча орун басары Б.А. жана мугалим К.у.Р.га сөгүш берилгени айтылды. Мунун алдында социалдык тармактарда мектепте мугалимдер менен ата-энелердин ортосундагы жаңжал деген видео тараган. Мектепте мугалимдер балдарга кол көтөргөн же окуучулар мугалимге акарат келтиргени айтылган окуялар акыркы убактарда арбын катталып келет. Жыл башында Бишкектеги мектептердин бириндеокуучуну сабаганы айтылган мугалимкоомчулуктан кечирим сураган. Көп өтпөй ал кызматынан алынган. Жети-Өгүз районундадене тарбия сабагынын мугалимисабак учурунда өспүрүм балдарга кол көтөрүп ""тарбиялап"" жатканы тартылган тасма интернетке тараган соң мугалим балдардын ата-энелеринен кечирим сураган.Агартуу министрлиги жакында мугалимге орой мамиле кылган, шылдыңдаган, акарат келтирген окуучулардыната-энелерине айып пул салуу тууралуумыйзам долбоорун коомдук талкууга чыгарган.",azattyk.org,https://www.azattyk.org/a/33741535.html,2026-04-24T15:28:10+06:00,kyrgyz,0,high,news_site
6974f6a5-02aa-45f4-9d43-45f2635b3eb4,Иранда түрмөдө отурган Наргиз Мохаммади ооруканага которулду,"Нобелдин тынчтык сыйлыгынын лауреаты, Иранда түрмөдө отурган укук коргоочу Наргиз Мохаммадинин ден соолугу кескин начарлап кеткендиктен ооруканага жаткырылды. Бул тууралуу Наргис Мохаммади фондунун сайтына анын үй-бүлөсүнүн жана адвокатынын билдирүүсү жарыяланды. Укук коргоочу жума күнү жүрөк оорусунан улам эки жолу эсин жоготкондон кийин Зенжандагы оорукананын реанимация бөлүмүнө жеткирилген. Маалыматка ылайык, бийлик укук коргоочуну Тегерандагы шарты жакшы Парс ооруканасына которуудан баш тарткан. Зенжандагы кардиологдор мурда шаардын ооруканаларында аны дарылоо үчүн зарыл болгон атайын жабдуулар жетишсиз экенин эскертишкени айтылат. Наргиз Мохаммади быйыл февралда “улуттук коопсуздукка каршы кутум жана жыйындарды уюштурган, пропаганда жүргүзгөн” деп айыпталыпжети жарым жылга кесилген.Ал өзү бул дооматтарды четке кагып келет. Аялдардын укуктары, өлүм жазасын алып салуу үчүн узак жылдардан бери күрөшүп келген 53 жаштагы Наргиз Мохаммади 2023-жылы Нобел тынчтык сыйлыгын алган. (BTo)",azattyk.org,https://www.azattyk.org/a/33748010.html,2026-05-03T11:10:27+06:00,kyrgyz,0,high,news_site
008eaf31-51c5-46ec-9f93-fe28ab304d79,Израилдин президенти Ицхак Герцог Астанага барды,"Израилдин президенти Ицхак Герцог 27-апрелде Астанага барды. Эки өлкөнүн кызматташтыгы казак мамлекет башчысы Касым-Жомарт Токаев менен расмий сүйлөшүүлөрдө талкууланды. Израил-казак алакасы акыркы айларда, өзгөчө былтыр ноябрда Астана Израил менен мусулман өлкөлөрдүн ортосундагы байланышты жакшыртуу максатында АКШнын ортомчулугу менен түзүлгөн дипломатиялык пакт - Авраам (Abraham)макулдашуусунакол койгондонкийин активдешти. Казакстан ал документке кошулар алдында Токаев АКШнын президенти Дональд Трамп жана Израилдин премьери Биньямин Нетаньяху менен телефондон сүйлөшкөн. Январда Израилдин тышкы иштер министри Гидеон Саар 16 жылдан бери биринчи жолу Казакстанга барып кеткен. Визиттин жүрүшүндө визасыз режим тууралуу меморандумга кол коюлган. Ицхак Герцогдун сапары Жакынкы Чыгыштагы абал курчуп турган маалга туш келди. 28-февралда АКШ менен Израил Иранга каршы чабуул баштап, апрелдин башында убактылуу жарашуу жарыяланган. Вашингтон менен Тегерандын сүйлөшүүлөрү азыр туңгуюкта. Тышкы саясатта көп векторлуу багытты карманарын айтып келген Казакстан Ирандын соккуларына кабылган Перс булуңундагы өлкөлөргө колдоосун билдирген. Уруш башталганда Тегеран жооп иретинде Израилге жана америкалык базалар жайгашкан араб мамлекеттерине чабуул койгон. Борбор Азиядан жалгыз Астана Иранга гуманитардык жардам жөнөткөн жок.",azattyk.org,https://www.azattyk.org/a/33744230.html,2026-04-28T16:19:09+06:00,kyrgyz,0,high,news_site
0de8199a-025b-4f29-8466-feee57172865,1-апрелден тартып социалдык кызматкерлердин да айлыгы көбөйдү,"Эмгек, социалдык камсыздоо жана миграция министрлигинин маалыматында, президент Садыр Жапаровдун жарлыгы менен 1-апрелден тартып социалдык кызматкерлердин эмгек акысы дажогорулатылды. Маалыматка ылайык, министрликке караштуу түзүмдөрдүн: республикалык медициналык-социалдык экспертиза борборунун, майыптыгы бар адамдарды реабилитациялоочу борборлордун, бардык социалдык стационардык мекемелердин, республикалык протездик-ортопедиялык буюмдар мекемесинин, аймактык бөлүмдөрдүн социалдык кызматкерлеринин - жалпы 3400дөн ашуун кызматкердин айлыгы көбөйдү. Маяналардын жогорулашы менен кошо административдик-башкаруучу, негизги жана жардамчы персоналга ай сайын 15 миң сом, ал эми техникалык жана тейлөөчү кенже персоналга 5 миң сом өлчөмүндө ""президенттик компенсация"" кошумча төлөнөт. Маалыматта министрликтин башка аймактык бөлүмдөрүнүн кызматкерлеринин эмгек акысы 1-сентябрдан тартып, мамлекеттик жана муниципалдык кызматкерлеринин эмгек акысын көтөрүлгөн кезде жогорулай турганы кошумчаланган. Марттын соңунда президент Садыр Жапаров айрым бюджеттик кызматкерлердин айлыгын 1-апрелден жана 1-сентябрдан тартып эки этап менен жогорулатуу жарлыгына кол койгон. Улуттук статистика комитетинин эсебинде, 2025-жылы Кыргызстанда орточо айлык 42 019 сом болду. Кыргызстанда орточо айлыктын көрсөткүчү боюнча коомчулукта ар кандай талаш-тартыш бар. Айрымдар орточо эмгек маяна 40 миң сомго жетпей турганын айтышат. (ZКo)",azattyk.org,https://www.azattyk.org/a/33743218.html,2026-04-27T10:48:57+06:00,kyrgyz,0,high,news_site
31953f3e-596e-46c3-af17-4d416a9ccee7,Кадамжайда селден улам ички жол убактылуу жабылды,"30-апрелде  Кадамжай районунун Орозбеков айыл  аймагында нөшөрлөп  жааган жамгырдын улам кокту-колоттон сел жүрдү. Тамаша-Кызыл-Булак жолундагы сайдан жана Пүшкөүт, Таш-Булак сайлары аркылуу сел жүрүп, жол убактылуу жабылганын Өзгөчө кырдаалдар министрлигинин Баткен облустук башкармалыгы билдирди. Калыбына келтирүү иштери жүрүп жатканы кабарланды. Мекеме буга чейин Пүшкөүт сайынын 750 метр, Таш-Булак сайынын 650 метр аралыгы тазаланганын, натыйжада сел өз нугунда өтүп, турак жай жана социалдык объектилерге зыян келтирилбегенин кошумчалады. Нөшөрлөгөн жаандан улам соңку күндөрү Кыргызстандын бир нече айылдарында сел жүрдү.",azattyk.org,https://www.azattyk.org/a/33746532.html,2026-04-30T23:23:04+06:00,kyrgyz,0,high,news_site
478bd5f2-b98a-4013-8429-314552e8bcd4,Антимонополия билет баасы боюнча авиакомпанияларга эскертүү берди,"Монополияга каршы жөнгө салуу кызматы Бишкек-Ош-Бишкек ички багыты боюнча жүргүнчүлөрдү ташыган авиакомпанияларга эскертүү берилгенин билдирди. Мекеме адамдардын кайрылуулары, жалпыга маалымдоо каражаттарына чыккан маалыматтар менен социалдык тармактардагы талкуулардын негизинде мониторинг жүргүзүлгөнүн кошумчалады. Анын жыйынтыгында Бишкек-Ош-Бишкек багытында авиабилеттердин баасы кескин кымбаттаганы аныкталган. Айрым авиакомпанияларда бир тарапка 8 820 сомго чейин жетсе, кээ бирлери 6 000 сом деп койгон. Буга байланыштуу AVIA TRAFFIC COMPANY, TEZJET, “АЭРО НОМАД ЭЙРЛАЙНС”, Sky FRU жана “Асман эйрлайнс” компанияларына эскертүү берилди. Монополияга каршы жөнгө салуу кызматынын эсебинде Бишкек-Ош-Бишкек багыты боюнча бир тарапка билеттин баасы болжол менен 6 000 сом. Ички каттамдарда билеттин баасы кымбат болуп жатканы жакында эле Жогорку Кеңеште дакөтөрүлгөн. Буга чейин президент Садыр Жапаровдун басма сөз катчысы Аскат Алагөзов 2026-жылдан тартып көпчүлүк аймактаргаички аба каттамдардын билет баасы арзан жана туруктуу болорунжарыялаган. Ал бул президенттин жеке колдоосу менен өлкөнүн Турукташтыруу фондунун дотацияларынын алкагында ишке ашарын билдирген. (BTo)",azattyk.org,https://www.azattyk.org/a/33744080.html,2026-04-28T10:54:54+06:00,kyrgyz,0,high,news_site
215aebd0-d4e8-4056-a9f2-b2030b759925,Аба ырайы: жаан жаайт,"24-апрелде түнкүсүн Чүй, Жалал-Абад, Ысык-Көл, Нарын облустарынын көпчүлүк аймактарында, Талас, Ош, Баткен облустарынын айрым желеринде жаан жаап, күн күркүрөйт, бийик тоолуу райондорунда кар жаайт. Чүй, Жалал-Абад, Ысык-Көл, Нарын облустарынын айрым жерлеринде жаан-чачын катуу жаайт. Күндүз Чүй, Ош, Ысык-Көл, Нарын облустарынын көпчүлүк аймактарында, Жалал-Абад облусунун айрым желеринде жаан жаап, күн күркүрөйт, бийик тоолуу райондорунда кар жаайт.Бийик тоолуу аймактарда жолдор тайгак болот. Батыштан соккон шамалдын ылдамдыгы секундасына 4-9 метрден, күндүз айрым жерлерде 15-20 метрге жетет.Абанын температурасы:Чүй өрөөнүндө түнкүсүн 8…13, күндүз 19…24;Талас өрөөнүндө түнкүсүн 7…12, күндүз 18…23;Баткен, Ош, Жалал-Абад облустарында түнкүсүн 9…14, күндүз 21…26;Ысык-Көл облусунда түнкүсүн 2…7, күндүз 14…19;Нарын облусунда түнкүсүн 5…10, күндүз 13…18.Бишкек шаарында түнкүсүн жана күндүз жаан жаап, күн күркүрөйт. Батыштан соккон шамалдын ылдамдыгы секундасына 4-9 метрге жетет. Абанын температурасы түнкүсүн 10…12°, күндүз 20…22° жылуу болот.",azattyk.org,https://www.azattyk.org/a/33740673.html,2026-04-23T14:45:20+06:00,kyrgyz,0,high,news_site
d34f3a53-29e6-4e41-bb79-9a188488baad,"Кинотеатрларда тыюу салынган ""Өч 2""  тасмасын интернеттен көрсөтүүгө уруксат берилди","“Өч 2” тасмасын онлайн “Этномедиа” платформасынан көрсөтүүгө уруксат берилди. Бул тууралуу “Азаттыкка” тасманын продюсери Ренат Русланов билдирди.Анын айтымында, тасма платформада “21+” деген чек менен көрсөтүлөт.Маданият, маалымат жана жаштар саясаты министрлиги “Өч 2” көркөм тасмасын өлкө аймагында көрсөтүүгө 13-апрелде тыюу салган.Чечим Кинематография департаментинин комиссиясы “тасмада зомбулук жана адеп-ахлакка жат көрүнүштөр бар, тарбиялык мааниси жетишсиз” деп тапкандан кийин кабыл алынган.Эксперттик комиссия тасманын мазмуну коомчулукта терс реакция жаратып, айрыкча жаштар арасында терс психологиялык жана моралдык таасир тийгизүү коркунучу бар деген тыянакка келген.Буга байланыштуу “Кыргызтасмасы” киноборбору мамлекеттик мекемесинин директору Алмаз Түлекеев кызматынан бошотулган. Кинотеатрларга эки жумага жакын прокатта турган тасманы көрсөтүүдөн алып салуу милдети коюлган.Тасманы тарткан топ бул чечимге нааразы болгон. Алар фильмди тартуу үчүн банктан кредит алышканын, 100 миң доллардан ашык чыгымы акталбай калганын айтышкан. Кырдаалга байланыштуу Кыргыз кинопродюсерлеринин ассоциациясы министрликке кат жолдоп, цензурага жол бербөөнү өтүнүшкөн.“Өч 2” тасмасы драма, триллер жанрында тартылган. Режиссерлору Илгиз Куватбек жана Шамилбек Бекболсун уулу.Реалдуу окуяга негизделген тасмада баш каармандын карындашын уурдап, кордогон адамдардан өч алганы баяндалат.Кинематография департаментинин кабарлашынча, өлкөдө жылына 70тей тасма тартылат, быйыл алардын саны жүзгө жетери болжолдонууда. Коммерциялык тасмалар жеке студияларда, ал эми мамлекеттик тасмалар “Кыргызфильм” студиясында тартылат. (ST)",azattyk.org,https://www.azattyk.org/a/33748547.html,2026-05-04T12:47:07+06:00,kyrgyz,0,high,news_site
54cec311-fe95-4a6a-9363-1b69c81889c2,"Кишинёвдун соту Илан Шордун шериги, олигарх Владимир Плахотнюкту 19 жылга кести","Кишинёвдун соту Молдованын Демократиялык партиясынын мурдагы лидери, олигарх Владимир Плахотнюкту Banca de Economii, Banca Sociala жана Unibank-тан миллиарддарды уурдаганы үчүн 19 жылга абаккакести. Саясатчы банк көз боемочулугу, уюшкан кылмыштуу топ түзүү жана 2014-жылы арам акчаны адалдаганы үчүн  айыпталды. Тергөөнүн версиясына ылайык, ал Орусияга качкан олигарх Илан Шордун компаниялары аркылуу 39 миллион доллар жана 3,5 миллион евро уурдалган акчадан алган. Прокуратура аны 25 жылга эркинен ажыратууну сураган. Плахотнюк  күнөөсүн мойнуна буга чейин да алган эмес, адвокаттары соттун өкүмүнө каршы апелляциялык арыз берерин айтышты. Адвокат Лучиан Рогач өкүм мыйзамсыз экенин, териштирүү мыйзам бузуулар менен коштолгонун, «судьяларга чоң саясий басым көрсөтүлгөнүн» билдирди. Былтыр 25-сентябрда Грециядан экстрадиция болгондон кийин Плахотнюк Кишинёвдогу тергөө абагында кармалып келди. Саясатчы эки жолу Молдова парламентинин депутаттыгына шайланган, парламенттин вице-спикери болгон. Аны өлкөнүн эң бай адамы, 2010-жылдардагы эң таасирдүү саясатчысы деп аташат. Саясий карьерасы 2019-жылы жайда Павел Филиптин өкмөтү кризиске туш болуп отставкага кеткенде соңуна чыккан. Молдова бийлиги аны үч кылмыш ишинин алкагында кармоо ордерин чыгарган. 2025-жылы февралда Интерпол эл аралык издөө жарыялаган. Ага чейин Москванын соту Плахотнюкту 20 жылга сыртынан кескен. Ал 2013-2014-жылдары Орусиядан 126 млрд рубль чыгарган деп айыпталган. Олигарх Еврошаркеттин ""кара тизмесине"" киргизилген. Шор 2023-жылы Молдовада 15 жылга абакка өкүм кылынган. Бирок ал Орусияда жашырынып жүрөт.",azattyk.org,https://www.azattyk.org/a/33738150.html,2026-04-22T22:00:10+06:00,kyrgyz,0,high,news_site
1b7c50cb-34fa-474d-bbb2-2cd691810fca,Ормуз кысыгындагы абал курч бойдон экени кабарланды,"Ормуз кысыгындагы абал курч бойдон калууда. Бул тууралуу Британиянын деңиз соодасы боюнча операцияларын координациялоо борбору (United Kingdom Maritime Trade Operations) билдирди. Анын маалыматына ылайык, аймакта аскердик активдүүлүк күчөп, деңизде аскер кемелеринин саны көбөйдү. Ошондой эле кемелерди коопсуздук күчтөрү радиобайланыш аркылуу текшериши мүмкүн. АКШ негизги деңиз жолдорунун түштүгүндө кошумча коопсуздук аймагын түзгөнү айтылды. Кемелерге Омандын суулары аркылуу өтүүнү карап, тиешелүү органдар менен байланышта болуу сунушталууда. 4-майдагы билдирүүгө ылайык, аймакта мина коюлган болушу мүмкүн деген маалыматтар бар болгондуктан кеме каттамдары «өтө кооптуу» деп бааланууда. Буга чейин UKMTO Бириккен Араб Эмирликтеринин Фужейра шаарынын түндүгүндө мунай ташуучу танкер белгисиз снаряддар менен аткыланганын кабарлаган. Маалыматка ылайык, экипаж жабыркаган эмес жана айлана-чөйрөгө зыян келтирилген жок. Кийинчерээк Бириккен Араб Эмирликтери бул окуяны кескин айыптап, мамлекеттик мунай компаниясына тиешелүү танкерге Ормуз кысыгы аркылуу өтүп бара жатканда кол салуу болгонун билдирди.",azattyk.org,https://www.azattyk.org/a/33749637.html,2026-05-04T21:23:58+06:00,kyrgyz,0,high,news_site
e3460f42-b8d6-4c97-9ecd-7ec35ffbfad1,"Чаткал–Ала-Бука жолуна таш түшүп, каттам жабылды","4-майга караган түнү Чаткал–Ала-Бука жолунда таш түшүп, каттам убактылуу жабылды. Бул тууралуу маалыматты “Азаттыкка” Чаткалдын акими Алтынбек Сенирбаев ырастап, тазалоо иштери жүрүп жатканын билдирди. Таш түнкү саат 3:30 чамасында түшкөн жана суу тосулуп, жолду бузуп кеткен. Жергиликтүү тургундар “Азаттыкка” жөнөткөн тасмада жол толугу менен жабылганын, техника иштеп жатканын көрүүгө болот. Соңку күндөрү нөшөрлөп жааган жаандан улам жер-жерлерде сел жүрүүдө. 2-майда Баткен районунун Ак-Татыр жана Самаркандек айыл аймактарында 50 турак жайдын короолорун сел каптап, анын ичинен 10 үйдүн жертөлөсүнө суу кирген. Сел жүргөн айылдардан жалпы 149 адам эвакуацияланган. 1-майда Жалал-Абад облусунун Манас шаарында да сел жүргөн. 30-апрелде Баткен облусунун Кадамжай районунда суу каптаган кээ бир жолдор убактылуу жабылган. 29-апрелде Ош облусунун Алай районунун Гүлчө шаарында селге байланыштуу өзгөчө кырдаал режими киргизилген.",azattyk.org,https://www.azattyk.org/a/33748639.html,2026-05-04T15:08:25+06:00,kyrgyz,0,high,news_site
4384dee5-3c01-4384-9b86-1446d2ff99ad,Агартуу министрлиги мектеп окуучуларынын формасын өзгөртүүсүз калтырды,"Агартуу министрлигинде мектеп окуучуларынын формасы боюнча түзүлгөн жумушчу топ өкмөттүн 2015-жылдагы токтомун өзгөртүүсүз калтырды. Мекеме мындай чечим мугалимдер, ата-энелер, окуучулар жана адистердин пикирин эске алуу менен кабыл алынганын билдирди. Министрликтин маалыматында көпчүлүк учурларда ата-энелер балдарына үстү ачык түстө, асты кочкул түстө болгон талапка ылайык мектеп формасын тандашат. Агартуу министрлиги бул кеңири таралган форма экенин жана ал талапка жооп берерин кошумчалады.(окуучулардын формасы боюнча талаптар) Бирдиктүү форма, мекеме белгилегендей, балдардын ортосундагы социалдык ажырымды азайтып, кийим-кечеге байланыштуу атаандаштыкты жана материалдык абалга жараша басымды алдын алат. Буга чейин Жогорку Кеңештин депутаты Дастан Бекешев мектеп окуучуларынын формасы балдарга ыңгайсыз экенин бир нече жолу айтып, аны жөнөкөйлөтүү демилгесин көтөргөн. (BTo)",azattyk.org,https://www.azattyk.org/a/33745836.html,2026-04-30T10:55:07+06:00,kyrgyz,0,high,news_site
e2e154ea-a7e0-488b-90e1-5f3c5111e931,Тажикстанда соңку апталарда үч аскер кызматкери каза болду,"Тажикстанда үч күн ичинде аскерде кызмат өтөп жаткан кеминде эки жоокердин өлүмү катталганын ""Азаттыктын"" тажик кызматыжазды. Алардын жакындары аскердеги шарттын начардыгы, медициналык жардамдын жетишсиздиги тууралуу айтып жатышат. 25-апрелде аскердик госпиталда Өзгөчө кырдаалдар комитетинде кызмат өтөп жаткан 23 жаштагы Галибон Иброхимов көз жумду. Маркумдун жакындарынын айтымында, ал сөөк жутуп алып, абалы начарлап кеткен, тийиштүү медициналык жардам ала албай, үйүнө чалып, дарыланууга бир нече жолу акча сураган. Андан мурдараак Коргоо министрлигинин инженердик батальонунда кызмат өтөп жаткан 23 жаштагы Шахбоз Жонмахмадзода дарыяга секирип, каза тапканы маалымдалган. 28-апрелде, он күндүк өргүүдөн кийин ал аскердик бөлүгүнө кайтмак, бирок көпүрөдөн боюн таштап, күбөлөрдүн айтымында, 500-600 метрден кийин суу алдында көрүнбөй калган. Ал да аскердеги шартка, медициналык тейлөөгө нааразы экенин, бөйрөгү ооруй турганын айтып жүргөн. Апрель айынын ортосунда Тажикстанда 25 жаштагы аскер кызматкери Исрофил Азимзода ""төртүнчү кабаттан кулап"" көз жумганы кабарланган. Ал аскерге 30-мартта эле чакырылган. Апасы жана жубайы Азимзода катуу сабалганын айтып жатышат. Тажикстандын акыйкатчысынын маалыматына караганда, 2025-жылы аскердеги мыйзам бузуулар тууралуу 123 факт катталган, алардын 66сы зомбулукка байланыштуу болгон.",azattyk.org,https://www.azattyk.org/a/33744951.html,2026-04-29T13:32:11+06:00,kyrgyz,0,high,news_site
8a25e4e5-8390-4f13-b107-c175b1581606,Ысык-Көл милициясы Дубайда сойкулукка сатылган кыз боюнча маалымат берди,"Ысык-Көл облустук ички иштер башкармалыгы Жогорку Кеңештин депутаты Элвира Сурабалдиева 22-апрелде парламентте көтөргөн жашы жете элек кыздын Дубайда сойкулукка тартылганы тууралуу маселе боюнча түшүндүрмө берди.Милиция билдиргендей, Балыкчы шаарынын тургуну, жашы жете элек кыз 2024-жылы аталаш тууган эжеси менен Дубайга барып, анын кийлигишүүсү менен денесине сексуалдык зыян келтирилгени 2025-жылы октябрда аныкталган.""Баштапкы тергөө материалдарына ылайык, 2024-жылдын август айында өспүрүм кыз өзүнүн аталаш тууган эжеси, 2002-жылы туулган Ж.Р. менен Бириккен Араб Эмираттарынын Дубай шаарына барган. Тергөөдө белгилүү болгондой, ал жакта Ж.Р. шарт түзүп, Б.М. аттуу жаран жашы жете элек кызга карата бир нече жолу жыныстык мүнөздөгү аракеттер жасалган. Соттук-медициналык экспертизанын 2025-жылдын 7-октябрындагы корутундусуна ылайык, өспүрүм кыздын денесине зыян келтирилгендиги тастыкталган"", - деп билдирди Ысык-Көл милициясы.Бул факты боюнча милиция 2025-жылдын 8-октябрында Кылмыш-жаза кодексинин 160-беренеси (""Сойкулукка жана ыпластыкка көмөктөшүү"") беренесинин 2-бөлүгү (балдарды пайдалануу менен жасалган кылмыш) боюнча кылмыш ишин козгогон.Тергөө иштеринин жүрүшүндө 2002-жылы туулган Ж.Р. шектүү катары суралып, убактылуу кармоочу жайга киргизилген. Ошондой эле анын аракеттеринде кылмыштын уланма мүнөзү бар экени аныкталган. Мындан тышкары, Б.М. аттуу жаран кылмышын жашыруу максатында кызга уюлдук телефон, ноутбук жана зер буюмдарды берип, таасир этүүгө аракеттенгени аныкталган.Кылмыш иши 29-декабрда Ысык-Көл облустук прокуратурасына, андан кийин соттун кароосуна жиберилген. Б.М. аттуу жаранга карата материалдар өзүнчө өндүрүшкө бөлүнүп, Кылмыш-жаза кодексинин 157-беренеси (""Он алты жашка толо элек бала менен сексуалдык мүнөздөгү аракеттер"") боюнча кылмыш иши козголуп, тергөө иштери уланып жатканы кабарланды. Жогорку Кеңештин депутаты Элвира Сурабалдиева Дубайга сойкулукка тартылып, кийин өз өмүрүнө кол салганы айтылган 13 жаштагы кыздын өлүмүнө байланыштуу ишти көзөмөлгө алуунубийлик өкүлдөрүнөн суранган. Башкы прокуратуранын маалыматына караганда, өлкөдө балдарга карата кылмыш саны өсүүдө. 2025-жылы Кыргызстанда 369 сексуалдык зомбулук фактысы катталды. Анын ичинде басымдуу бөлүгү зордуктоо. Маалыматка ылайык, 137 зордуктоо фактысы, 16 жашка толо электерге карата сексуалдык мүнөздөгү 115 аракет, 43 зомбулук, сексуалдык мүнөздөгү аракеттерге мажбурлоого байланыштуу 20 факт жана башка кылмыштар катталган. Сексуалдык зомбулуктан 288 бала, 77 аял жабыркаган. (КЕ/ZKo)",azattyk.org,https://www.azattyk.org/a/33737989.html,2026-04-22T18:04:40+06:00,kyrgyz,0,high,news_site
1ac1defc-fbcd-48a0-aa79-85132704c77a,Түндүк Кореяда Украинадагы согушка катышкан аскерлерге арналган эстелик ачылды,"26-апрелде Пхеньян шаарында ""Чет өлкөдөгү аскердик операциянын баатырларынын согуштагы эрдигине арналган"" музей менен мемориалдык комплекс салтанаттуу ачылды. Ага Түндүк Кореянын лидери Ким Чен Ын катышты. Түндүк Кореяда орус армиясынын катарында Украинага каршы согушкан аскерлерди ушинтип аташат. Салтанат «Курск облусунун украин куралдуу күчтөрү ээлеп алган бөлүгүн толук бошотуу» окуясына арналган. Бул салгылашта орус командачылыгы түндүк кореялык аскерлерди өзгөчө жигердүү колдонгон. Иш-чарага Орусиянын Мамлекеттик думанын төрагасы Вячеслав Володин жана коргоо министри Андрей Белоусов да катышты. Мемориалда бул кагылыштарда курман болгон орус жана түндүк кореялык аскерлердин ысымдары чегилип жазылган. Владимир Путин Ким Чен Ынга «эстеликти кыска убакытта тургузганы үчүн» расмий ыраазычылык билдирип, аны «эки элдин достугунун жана биримдигинин символу» деп атады. Түштүк Кореянын чалгын кызматынын (NIS) жана Батыштын атайын кызматтарынынсоңку эсебине ылайык,Пхеньян жиберген кеминде эки миң аскер бул согушта курман болгон. Жалпы жоготуулар (курман болгондор жана жаракат алгандар) алты миңге жакын. 2026-жылдын башына карата Орусиянын Курск облусундагы майданга жакын аймакта кеминде 11 миң түндүк кореялык аскер болгон. Анын ичинен 10 миңи жоокерлер, ал эми болжол менен миңдейи инженердик бөлүктөрдүн кызматкерлери экени айтылат. 2024-жылдын 6-августта украин армиясы Орусиянын Курск аймагына кирип барып, анын жарымын өз карамагына алган. Орус күчтөрү айрым райондорду кайтарууга жетишкен, бирок бир нече айыл-кыштак, анын ичинен Суджа районунун борбору украин аскерлеринин көзөмөлүндө бир топко болду. Зеленский бул операцияны Харьковдон орус ракеталарын оолактатуу үчүн буфердик зона түзүү аракети катары түшүндүргөн. Былтыр апрелде Орусиянын президенти Владимир ПутинКурск толугу менен украин армиясынан бошотулганын жарыялаган.",azattyk.org,https://www.azattyk.org/a/33743482.html,2026-04-27T18:02:43+06:00,kyrgyz,0,high,news_site
233bfdbe-47ca-4e03-a024-98e18fc3293d,Орусиянын чабуулунан Одессада эки адам набыт болду,"Украинанын Одесса облусунда 3-майга караган түнү Орусиянын чабуулунан эки адам набыт болуп, дагы беш киши жараат алды. Дрондор үч турак жайга тийип, дагы эки имаратка зыян келтирилгенин облустук аскердик администрациянын төрагасы Олег Кипер маалымдады. Херсон облустук администрациясынын башчысы Александр Прокудин Днепровский районунда орусиялык дрон жарандык автоунаага тийип бир эркек киши мүрт кеткенин, дагы бир нече адам жаракат алганын айтты. Ал эми Харьков облусундагы Балаклея шаарында Орусиянын чабуулунан үч адам жараат алды. Днепропетров облустук аскердик администрациясынын башчысы Александр Ганжанын маалыматында, 3-майдын таңында Орусиянын аба соккусунан болжол менен 40 чакты бала кетип бараткан автобус жабыркап, балдар машинеден качып чыкканга үлгүрүшкөн. Алты киши жаракат алган, арасында 10 жаштагы өспүрүм жана кош бойлуу аял бар. Украина жана эл аралык уюмдар Орусиянын жарандык инфраструктурага жана жай тургундарга багытталган соккуларын согуш кылмышы деп эсептейт. Далилдерге карабай Москва муну танып, соккулар аскердик буталарга урулуп жатканын билдирип келет. (BTo)",azattyk.org,https://www.azattyk.org/a/33748058.html,2026-05-03T14:45:43+06:00,kyrgyz,0,high,news_site
c7f7c16b-f0fa-4189-a15b-bfa9b47e64dc,"Орусияда мунай заводдоруна  соккуда бир киши каза таап, өрт чыкты","Орусиянын Новокуйбышев шаарында өнөр жай ишканасына дрон соккусунда бир киши каза тапты, жараат алгандар да бар экенин Самара облусунун башчысы Вячеслав Федорищевбилдирди.Ал кайсы ишкана бутага алынганын тактаган жок. Буга чейин украиналык дрон Новокуйбышев мунай заводуна бир нече жолу сокку урган. Нижний Новгороддогу Кстово районундагы мунай заводу да кайра чабуулга кабылып, жарылуулар болгону кабарланды. Дрондор аннексияланган Крымга да чабуул койгону айтылды. ""Крымский ветер"" жана Exilenova+ Телеграм каналдары Феодосиядагы мунай заводуна сокку урулганын жазып жатышат. Орусиянын түштүгүндөгү Туапсе шаарында болсо учкучсуз учактардын чабуулунан кийин мунайды кайра иштетүүчү завол менен ""Роснефтинин"" деңиз терминалы өрттөнгөн. Өрттүн түтүнү 300 километр аралыкка жеткенин спутниктен тартылган сүрөттөрдөн көрүүгө болот. Жергиликтүү тургундар Туапседе май аралашкан жамгыр жааганын жазышты. Орусиянын Украинага ""атайын аскердик операция"" деп атаган негизсиз кол салуусуна 2026-жылдын 22-февралында туура төрт жылдын жүзү болду. Орус аскерлери Украинага күн сайын сокку уруп жатат. Бул мезгил аралыгында Украинада миңдеген киши бейажал өлүм тапты, миңдегени майып, качкын болуп, үй-жайсыз калды. Москванын согушуна жооп иретинде Украина Орусиянын армиясынын каржы булагы деп эсептелген мунай заводдорун жана башка объектилерин маал-маалы менен бутага алып келет.",azattyk.org,https://www.azattyk.org/a/33740763.html,2026-04-23T17:00:52+06:00,kyrgyz,0,high,news_site
e62a570b-30e2-4828-be35-bfd615ad9b6c,Миграция: Ата-энеси жакындарына калтырып кеткен балдар 84 миңге жетти,"Кыргызстанда мигранттардын жакындарынын колунда калган балдары 84 миңди түзгөнүн эмгек, социалдык камсыздоо жана миграция министринин орун басары Мирлан Байгончоков 24-апрелде парламенттеги “Ишеним” депутаттык тобунун жыйынында билдирди. “Алардын ичинен дээрлик 82% ата-энеси өлкөдөн чыгып кеткен. Калганы ички мигранттардын балдары. Министрлик бардык балдарды өз учурунда көзөмөлгө алган”, - деди Байгончоков. Анын айтымында, министрлик оор кырдаалдагы балдардын ден соолугун чыңдоого жайкы эс алуу уюштуруп келет жана бул үчүн 15 миллион сом бөлүнөт. Эмгек, социалдык камсыздоо жана миграция министрлиги 2024-жылы октябрда туугандарынын колунда тарбияланып жаткан мигранттардын балдары 72 миңге жеткенин билдирген. Былтыр январда президент Садыр Жапаров балдар менен иш алып барган социалдык кызматкерлердин санын көбөйтүү боюнча жарлык чыгарып, 550 штаттык бирдик кошулган. Алар турмуштук оор кырдаалга кабылган балдар менен иштей турган болгон. Укук коргоочулар түрдүү зомбулукка кабылган балдардын көбү ата-энеси миграцияда жүргөндөр экенин айтып келишет.",azattyk.org,https://www.azattyk.org/a/33741450.html,2026-04-24T12:27:34+06:00,kyrgyz,0,high,news_site
30a42878-e325-4b36-8ed2-d94d21ae8814,Жогорку Кеңеш БШК курамын кыскартууну колдоду,"Жогорку Кеңеш 22-апрелдеги жыйынында Борбордук шайлоо комиссиясынын (БШК) мүчөлөрүнүн санын 12ден сегизге азайтуу боюнча мыйзам долбоорун үчүнчү окууда кабыл алды.Ага ылайык, БШКнын сегиз адамдан турган курамы беш жылга шайланат жана анын төртөөнү президент, калган төртөөнү Жогорку Кеңеш көрсөтөт.Демилгечилер ЖК депутаттары Марлен Маматалиев, Талант Мамытов, Акылбек Түмөнбаев, Дастан Жумабеков, Нурбек Сыдыгалиев, Талайбек Масабиров.Буга чейин Нурбек Сыдыгалиев долбоор чыгымды азайтуу жана Боршайкомдун ишин ыкчам алып баруу үчүн иштелип чыкканын айткан. Ал БШКнын 12 мүчөсү чогулбай, кворум болбой калган учурлар бар экенин билдирген.БШКнын төрагасы Тынчтык Шайназаров документти колдой турганын, эгерде Боршайкомдун мүчөлөрүнүн саны кыскартылса 2 миллион сомдун тегерегинде үнөмдөлөрүн белгилеген. (КЕ)",azattyk.org,https://www.azattyk.org/a/33737801.html,2026-04-22T13:45:53+06:00,kyrgyz,0,high,news_site
0c77b9d1-8122-4df4-8f86-1b78abd600b7,Кыргызстан менен Тогонун ортосунда бир катар документтерге кол коюлду,"Тогонун Министрлер кеңешинин төрагасы Фор Эссозимна Гнассингбенин Кыргызстанга болгон расмий сапарында сегиз документкекол коюлду. Кыргызстан менен Тогонун ортосундагы дипломаттык, расмий жана кызматтык паспорттордун ээлерин визалык талаптардан өз ара бошотуу жөнүндөгү макулдашуу, инвестиция, маданият жаатынды кызматташуу, эки өлкөнүн Саламаттык сактоо министрликтеринин кызматташтыгы боюнча макулдашуу бар. Фор Эссозимна Гнассингбе Кыргызстанга 28-апрелде расмий сапар менен келген. 29-апрелде ал президент Садыр Жапаров менен жолугушту. Садыр Жапаров сүйлөшүүлөрдүн жыйынтыгы боюнча жалпыга маалымдоо каражаттары үчүн билдирүү жасап, Кыргызстан Бириккен Улуттар Уюмунун (БУУ) Коопсуздук кеңешинин 2027-2028-жылдарга туруктуу эмес мүчөлүгүнө талапкерлигин койгонун жана бул демилгени Того колдой турганын айтты. Того Батыш Африкада жайгашкан чакан өлкө жана калкынын саны 9 миллиондон ашат. Кыргызстандын аталган өлкө менен дипломатиялык алакасы 1997-жылы 30-сентябрда түзүлгөн. (BTo)",azattyk.org,https://www.azattyk.org/a/33744942.html,2026-04-29T13:13:07+06:00,kyrgyz,0,high,news_site
084bb5df-b5c6-41a8-b6a3-7730c1ca7e9c,Көк бөрү федерациясынын мурдагы президенти Талас Бегалиев 14 жылга кесилди,"Чүй облустук сотунун 23-апрелдеги чечими менен Көк бөрү федерациясынын мурдагы президенти Талас Бегалиев 14 жылга эркиндигинен ажыратылды. Маалыматты облустук соттун басма сөз кызматы ""Азаттыкка"" тастыктады.Ага ылайык, Чүй облустук соту Талас Бегалиевди Кылмыш-жаза кодексинин 208-беренеси (""Опузалап талап кылуу""), 262-беренеси (""Кылмыштуу топту түзүү же ага катышуу""), 263-берене (""Уюшкан топторду жана кылмыштуу коомдоштуктарды каржылоо"") жана 222-беренеси (""Кылмыштуу жол менен алынган кирешелерди мыйзамдаштыруу (адалдоо)"") боюнча айыптуу деп тапты. Ошондой эле анын мүлкүн конфискациялоо менен 14 жылга эркиндигинен ажыратты.Талас Бегалиев сот залынан камакка алынды. Буга чейин Бишкектин Октябрь райондук соту 20-февралда Талас Бегалиевди актап,абактан бошоткон.Райондук соттун чечими менен Бегалиев менен кошо кармалган Р.Ю.М. аттуу жаран да бир иш боюнча акталып, эки берене боюнча кылмыштын мөөнөтү эскиргени үчүн жаза мөөнөтү каралган эмес, ал да камактан бошотулган.Улуттук коопсуздук мамлекеттик комитети (УКМК) Бегалиев былтыр 19-майда ""уюшкан кылмыштуу топту каржылоого, опузалап акча талап кылууга"" шек саналып кармалганын билдирген. Атайын кызмат аны криминалдык топтордун өкүлдөрү менентыгыз байланышта болгон деп айыптаган.Талас Бегалиев Көк бөрү федерациясынын президенти болуп 2022-2023-жылдары иштеген. Ага чейин улуттук курама тобунун жетекчиси болгон.Ал ички иштер органдарында ар кандай кызматтарда, анын ичинде уюшма кылмыш топторуна каршы күрөш бөлүмүндө жетекчилик кызматтарда 1998-жылдан 2016-жылга чейин иштеп, пенсияга чыкан. Самбо менен алектенген жана 2016-жылы Хорватияда самбо боюнча ардагерлер арасында өткөн дүйнө чемпиондугунда алтын медал алган.Бегалиев 2020-жылдагы парламенттик шайлоодо талаштуу ""Биримдик"" партиясынын тизмесине 5-орунда турган. Ал Бээжин Олимп оюндарында грек-рим күрөшүнөн күмүш медал алган Канат Бегалиевдин бир тууган агасы.(ZKo)",azattyk.org,https://www.azattyk.org/a/33740695.html,2026-04-23T15:07:17+06:00,kyrgyz,0,high,news_site
2e5afe14-d005-4931-97a9-23e123aa45fe,Касымалиев Кытайдын коргоо министри менен эки өлкө алакасын талкуулады,"Кыргызстандын Министрлер кабинетинин төрагасы Адылбек Касымалиев 27-апрелде Кытайдын коргоо министри – мамлекеттик кеңешинин мүчөсү Дун Цзюн менен жолукту.Жолугушууда кыргыз-кытай кызматташтыгы акыркы жылдары түрдүү чөйрөдө тездик менен өсүп жатканы белгиленип, буга эки өлкөнүн мамлекет башчыларынын жолугушууларында жетишилген макулдашуулар себеп болгону айтылды.Адылбек Касымалиев Кыргызстандын экономикасындагы жогорку көрсөткүчтөрдө Кытайдан тартылып жаткан инвестициянын да ролу чоң экенин белгиледи:“Кыргызстан Кытай менен кызматташууну өнүктүрүүгө өзгөчө маани берет жана негизги стратегиялык өнөктөштөрүнүн бири катары карайт. Биз ошондой эле эл аралык уюмдардын, биринчи кезекте БУУ, ШКУ, “Кытай – Борбор Азия” кызматташтык форматы жана башкалардын алкагында активдүү кызматташып жатабыз. Биз кыргыз-кытай соода-экономикалык, илимий-техникалык, маданий-гуманитардык чөйрөлөрдө, мындан тышкары коопсуздук жана коргонуу жаатында да стратегиялык өнөктөштүктү мындан ары тереңдетүүгө умтулабыз”.Кытайдын коргоо министри Дун Цзюн Адылбек Касымалиевге Кытайдын Мамлекеттик кеңешинин премьери Ли Цяндын саламын жолдоду. Ошондой эле Кытай Кыргызстан менен ар тараптуу кызматташууга кызыкдар экенин, анын ичинде аскердик, коргоо жана коопсуздук багытында өнөктөштүктү улантуунун маанилүүлүгүн белгиледи.Дун Цзюн Кыргызстанга Шанхай кызматташтык уюмуна мүчө өлкөлөрдүн коргоо министрлеринин жыйынына катышуу үчүн келген. Быйыл бул уюмга Кыргызстан төрагалык кылып жатат.(ZKo)",azattyk.org,https://www.azattyk.org/a/33743349.html,2026-04-28T10:25:00+06:00,kyrgyz,0,high,news_site
6ba63ce5-7b4a-4c82-85ff-59c6da1b11fe,"""Түндүк"" аркылуу 261 миң адам өзүнө насыя алууга тыюу салды","Кыргызстандын 261 008 жараны ""Түндүк"" тиркемеси аркылуу өзүнө түрдүү банктардан жана башка электрондук акча капчыктардан насыя алууга тыюу салды. Улуттук банктын маалыматында, бул алдамчылык-шылуундуктан коргонуунун ишенимдүү куралы катары кеңири жайылууда. 2025-жылы июль айында президент Садыр Жапаров “Насыялык маалымат алмашуу жана насыялык бүтүм түзүүгө өзүнө өзү тыюу салууну белгилөө маселелери боюнча” мыйзамга кол койгон. Ага ылайык, каалаган адам насыя алууга өзүнө өзү тыюу салат. 1-ноябрдан баштап жарандар “Түндүк” тиркемеси аркылуу өзүнө насыя алууга тыюу салуусуна шарт түзүлгөн. Мыйзам элди финансылык алдамчылыктан коргоо үчүн кабыл алынган. Банк жана башка каржы уюмдар насыя алууга өтүнүч келгенде кредиттик бюродон маалымат сурап, эгер тыюу бар болсо насыя бербеши керек. Бул талап бузулса, берилген насыя жараксыз деп табылат. ""Түндүк"" мобилдик тиркемеси аркылуу өзүн насыя алуудан тыюу бир нече мүнөт ичинде ишке ашат жана ошол замат күчүнө кирет. Эгер жаран насыя алууну кааласа, тиркеме аркылуу кайрыла алат. Кайрылуу тийиштүү органдарда 12 саат каралат. Улуттук банк бул чара жарандар чечимин ойлонуп кабыл алышы үчүн жана шылуундардын басымынан коргоо үчүн кабыл алынганын билдирген. Акыркы жылдары Кыргызстанда интернет шылуундар көбөйдү. Адамдардын документтеринин маалыматтарын чогултуп, анын атынан насыя алып койгон учурлар да бар. (ZKo)",azattyk.org,https://www.azattyk.org/a/33743296.html,2026-04-27T14:13:01+06:00,kyrgyz,0,high,news_site
592e0770-caaf-44ab-aa64-0dfe0bb8e96e,Нөшөрлөп жааган жаандан улам Манас шаарында да сел жүрдү,"30-апрелдин кечинде нөшөрлөп жааган жаандан улам Жалал-Абад облусунун Манас шаарында сел жүрүп, төрт социалдык объектке жана 39 турак жайга зыян келтирген. Анын арасынан 16 үйдүн ичине сел суусу кирип, 23 турак жайдын короолоруна суу толгон. Кырсыктын кесепетин жоюу үчүн Өзгөчө кырдаалдар министрлигинен (ӨКМ) 69 куткаруучу тартылган. Ошондой эле шаардык жарандык коргонуу кызматтарынан 125 кызматкер, 15 техника жана жергиликтүү тургундардан 35 адам жардам берди. Жаандан улам соңку күндөрү Кыргызстандын бир нече айылдарын сел каптады. 30-апрелде Баткендин Кадамжай районунун Орозбеков айыл аймагында нөшөрлөп жааган жамгырдын улам кокту-колоттон сел жүргөн. Тамаша—Кызыл-Булак жолундагы сайдан жана Пүшкөүт, Таш-Булак сайлары аркылуу сел жүрүп, жол убактылуу жабылган. 27-28-апрель күндөрү Ош облусундагы Алай районунун Гүлчө шаарында нөшөрлөп жааган жаандын кесепетинен сел жүрүп, өзгөчө кырдаал режими киргизилген. (BTo)",azattyk.org,https://www.azattyk.org/a/33746875.html,2026-05-01T10:41:40+06:00,kyrgyz,0,high,news_site
