headline,body_text,url,label
Чек ара чырына байланыштуу фейктер тарады. Фактчек,"Сүрөттө сөз болуп жаткан тик учак Орусияга таандык —  kamov ka-52 alligator 98 учагы. Кыргызстандын Улуттук коопсуздук боюнча мамлекеттик комитети комментарий тажик аскерлери Ми-24 тик учагы менен гана Баткен районундагы Төрт-Көчө жана Чыр-Дөбө аймактарын аткылаганын билдирди. Ал төмөнкү тик учак экенин көрүүгө болот. Видеоплеер Үчүнчү сүрөт:29-апрелде айрым кыргызстандык басылмалар ушул сүрөттү таркатты. Анда Тажикстан тараптан ок атуу күчөп жатканы айтылган. Сүрөттү Google аркылуу издөө салдык. Тартым 2019-жылы интернет желесине тараганы белгилүү болду. Бул окуя 2019-жылдын 6-ноябрында жүз берген. Куралчан 20 адам Тажикстандын борбор шаары Дүйшөмбүдөн 60 чакырым аралыкта жайгашкан «Султанабад» чек ара отрядына караштуу «Ишкобод» тозотунакол салган. Жыйынтык:Социалдык тармактардын кээ бир колдонуучулары жана айрым басылмалар жаңжалды өз пайдасына колдонуп, фейк сүрөттөрдү таратууда. Булак: T media",https://factcheck.kg/ky/kyrgyz-chek-ara-chyryna-bajlanyshtuu-fejkter-tarady-faktchek/,1
Royal central park – The Essence подсекциясынын курулушун баштоо – кошумча 5% жеңилдик,"Бишкекте Royal Central Park мегакомплексинин биринчи бөлүгү болгон The Essence подсекциясында 5 турак үйдүн курулушу башталып, сатып алуучулар үчүн 5% кошумча жеңилдик жарыяланды 2026-жылдын 3-мартындаRoyal Central Parkдолбоору мегашаардын башкы планынын алкагында ишке ашырылып жаткан биринчи бөлүк —The Essenceподсекциясынын курулушун расмий түрдө баштады. Бул окуя долбоордун өнүгүүсүндөгү маанилүү этапты гана белгилебестен, Бишкекте жаңы жашоо стандартынын башталышын билдирет. Бул жерде заманбап архитектура, комплекстүү инфраструктура жана эл аралык жашоо стили бир мейкиндикте айкалышат. 2026-жылдын 3-мартында The Essence аймагында 5 имараттын расмий түрдө курулушу башталды. The Essenceподсекциясынын курулушунун башталышына байланыштууRCA Livingкомпаниясы атайын жазгы акцияны да ишке киргизет:2026-жылдын 31-мартына чейин ийгиликтүү сатылган 60 батир үчүн кошумча 5% жеңилдиксунушталат (долбоордун башка учурдагы сунуштары менен бирге колдонулат). Бул программа сатып алуучулар жана инвесторлор үчүн долбоордун баштапкы этабында батирди пайдалуу шарттар менен сатып алууга жакшы мүмкүнчүлүк түзөт. Royal Central Park долбоорунун The Essence фазасындагы 5 турак үй башнясы — 29 кабаттуу 2 башня жана 42 кабаттуу 3 башня The Essenceкурулушунун башталыш аземи ошондой эле 2026-жылдын март айындаRoyal Central Parkөткөрө турган негизги иш-чаралардын сериясын ачат. 3-марттагы аземден кийин,2026-жылдын 14-мартындадолбоорПодсекция 1дин расмий курулуш баштоо аземин жана Lyra (Y3) жана Atlas (Y2) мунараларындагы батирлердин сатылышынын башталышынөткөрөт. Иш-чара түздөн-түзRoyal Central Parkдолбоорунун аймагында өтөт:Шаршен Термечиков көчөсү, 16, Бишкек, Кыргызстан. The Essence– Royal Central Parkтын эң уникалдуу подсекциясы, беш Y формасындагы мунарадан турат – бул заманбап дизайн чечими ар бир батирге максималдуу табигый жарык жана көрүнүш берүү үчүн иштелип чыккан. Бул өзгөчө структура батирлерге оптималдуу күн нуру жана табигый аба агымын камсыз кылат, ошондой эле микро-климат таасирин азайтат. Y формасы мунаралардын аралыгын көбөйтүп, жеке жашоонун купуялуулугун жана шаардык мейкиндикте кенен жашоо тажрыйбасын берет. All-in-one масштабындагы Royal Central Park шаардык комплексиндеги The Essence фазасынын ландшафттык бакчасы Архитектурадан тышкары, The Essence «бакчадагы шаар» катары пландалган, подсекциянын жалпы аянтынын 50% жашыл зона жана инфраструктура үчүн бөлүнгөн. Тургундарга жеке объекттерге кирүү мүмкүнчүлүгү берилет: грек стилиндеги ландшафттык бакчалар, бардык мезгилдерге ылайыкталган бассейн, фитнес борбору, коммерциялык подиумдар, асман бакчалары жана эл аралык стандарттар боюнча башкаруу. Бул толук интеграцияланган экосистема тургундарга жашоо, эс алуу жана саламаттыкты сактоо кызматтарын түз комплекс ичинде пайдаланууга мүмкүнчүлүк берет. Мурда, 2026-жылдын январь жана февраль айларында, Royal Central ParkLyra (Y3)жанаAtlas (Y2)мунараларынын сатууларын ийгиликтүү өткөрдү, бул сатып алуучулар жана инвесторлор тарабынан чоң кызыгуу жаратты. Айрыкча, 15–28-кабаттардагы батирлер панорамалык көрүнүшү, тынч чөйрөсү жана узак мөөнөттүү туруктуу баалуулугу үчүн өзгөчө суроо-талапка ээ болду. Жогорудагы батирлер өсүп келе жаткан шаарларда популярдуулугун жогорулатууда. Панорамалык көрүнүштөрдү жана таза мейкиндикти сунуштаган менен катар, жогорку кабаттагы батирлер баалуулугун жакшы сактап, убакыт өтүү менен баасын көбөйтөт. Бул мисалдар көрсөткөндөй, калктын кирешеси жана жашоо сапатына болгон талап жогорулаган сайын, интеграцияланган шаардык комплекстердеги жогорудагы батирлерге өтүү – табигый тенденция, жана Бишкек да акырындап ушул жолду басып жатат. Азыркы учурда Бишкек ушундай трансформацияны баштап жатат: заманбап, жакшы пландалган жана толук инфраструктурасы бар жашоо мейкиндиктерине суроо-талап өсүүдө. Чектелген көлөмдөгү чоң долбоорлор шартында, Royal Central Park сыяктуу «бардыгы бир жерде» мегакомплекстер жакынкы жылдары күчтүү өсүшкө ээ болот деп бааланууда. The Essence фазасындагы Lyra (Y3) корпусундагы батирдин интерьери The Essence13% чейин жеңилдиктер менен инвесторлорго Бишкектин турак-жай рыногунун баштапкы өсүү баскычынан пайда алуу үчүн кошумча стимул берет. Бул региондук рынок маалыматтары менен дагы бекемделет: Бул цифрлар көрсөтүп турат, шаардык рыноктор тез өнүгүп, сунуш чектелгенде, The Essence сыяктуу жогорку сапаттагы батирлер – оптималдаштырылган пландоо, интеграцияланган инфраструктура жана эл аралык стандарттар боюнча башкаруу менен – рыноктун өнүгүүнүн баштапкы этаптарында баалуулукту жогорулатуу үчүн чоң потенциалга ээ. 2026-жылдын март айындагы иш-чараларды улантуу менен, Royal Central Park 14-мартта долбоордун аймагында кийинки ири сатуулар окуясын өткөрөт. Бул сатып алуучулар жана инвесторлор үчүн өзгөчө мүмкүнчүлүк: ушул этапта сатып алынган батирлер 13% чейин жеңилдиктерге ээ болот жана жалпы наркы9 миллион KGSчейин баалуу белектерди алуу мүмкүнчүлүгүнө ээ. Акция 2026-жылдын 30-апрелине чейин катталган кардарларга колдонулат.",https://vesti.kg/kg/zxc-kg/item/148673-royal-central-park-the-essence-podsektsiyasynyn-kurulushun-bashtoo-koshumcha-5-zhenildik.html,0
Орозо-2026: Бүгүн биринчиТаравих намазы окулат. Эрежелери,"Бүгүн жалпы мусулмандар чыдамсыздык менен күтүп жаткан ыйык рамазан айы кирип келет. Дал ушул айда гана окулган Таравих намазынын эрежелерин билесизби? Бул тууралуу «Умма» ислам журналы жарыялады. Мусулмандар үчүн (эркектерге да, аялдарга да) таравих намазды окуу муаккад сүннөт (зарыл сүннөт) болуп саналат. Пайгамбарыбыз Мухаммед (Алланын ага салам-салаваттары болсун) минтип айткан: «Кимде ким Рамазан айында ишеним менен таравих намазын окуп, Аллахтын сыйлыгын күткөн болсо, анда анын мурунку күнөөлөрү кечирилет». Таравих намазы- Рамазан айында гана куптан намазынан кийин багымдат намазынын убагы киргенге чейин окулчу нафил намазы.",https://24.kg/kyrgyzcha/362526_orozo-2026_bugun_birinchitaravih_namazyi_okulat_erejeleri/,0
АКШ Ирандын мунайын иштеткен Кытайдагы заводдорго эскертүү берди,"АКШнын Финансы министрлиги Кытайда жайгашкан көз карандысыз мунай иштетүүчү заводдор, асыресе Шаньдун провинциясындагы ишканалар Ирандын чийки мунайын импорттоодогу ролу үчүн санкцияларга кабылышы ыктымал деп эскертти. Министрликтин маалыматына караганда, Кытай Ирандын мунай экспортунун дээрлик 90% алат. Анын басымдуусу ошол чакан заводдор тарабынан кайра иштетилип, Тегерандын кирешесине салым кошот. “Ошол киреше акыр-аягында Иран режимине, курал-жарак программасына жана армиясына пайда алып келет”, - деп айтылат мекеменинбилдирүүсүндө. Министр Скотт Бессент Х социалдык тармагындагы постунда белгилегендей, Кошмо Штаттар Ислам жумуриятынын эл аралык көмүскө банк инфраструктурасын, көмүскө флотун жана Тегерандын мунай соодасын колдогон кытайлык чакан мунай ишканаларын бутага алуу менен Иранга болгон экономикалык басымды күчөтүүдө. Бессент Ирандын негизги мунай хабы – Харк аралындагы кара май сактоочу жайлар толуп калганын, өлкө мунай өндүрүүнү азайтууга аргасыз болорун белгиледи. Ал кошумчалагандай, муну менен Тегеран күнүнө 170 миллион доллар кирешеден кол жууп, мунай инфраструктурасы жапа чекмекчи. Бир нече күн мурун Вашингтон Ирандын мунайын сатып алат деген кине менен Кытайдын  көз карандысыз  Hengli мунай иштетүүчү компаниясына санкция салган. 27-апрелде Бээжин бир тараптуу санкцияларга каршы экенин билдирип, мындай практиканы токтотууга чакырды. Компания өзү да айыптоолорду четке какты жана Иран менен соода кылбаганын билдирди.",https://www.azattyk.org/a/33744980.html,0
Бишкекте бокс боюнча эл аралык турнир өтөт,"Бишкекте Советтер Союзунун баатыры Дүйшөнкул Шопоковдун жаркын элесине арналган бокс боюнча эл аралык турнир өтөт. Бул тууралуу Дене тарбия жана спорт мамлекеттик агенттиги билдирди. Маалыматка ылайык, мелдештер 26-апрелден 1-майга чейин Каба уулу Кожомкул атындагы спорт ордосунда өткөрүлөт. Мелдешке 19 жаштан 40 жашка чейинки мушкерлер 50 кг, 55 кг, 60 кг, 65 кг. 70 кг, 75 кг, 80 кг, 85 кг, 90 кг чейинки жана 90 килограммдан жогору он салмак чен бирдигинде күч сынашат. Турнирдин жыйынтыгында жеңүүчүлөр жана байге ээлери тиешелүү даражадагы медалдар жана дипломдор менен сыйланышат.",https://24.kg/kyrgyzcha/371342_bishkekte_boks_boyuncha_elaralyik_turnir_otot/,0
Дүйнөнү Ротшильд аттуу жаран башкарат деген маалымат — фейк [split],"Rothschild Groupкомпаниясынын жылдык отчетуна ылайык, 2019-жылы жалпы киреше 875 миллион еврону түзгөн. Ошол эле учурда дүйнөдө эң ири дүң жана чекене сооданы жүргүзгөн Walmart компаниясынын кирешеси514,4 миллиарддоллар болгон. Мындан тышкары,Forbesтизмегине да көз чаптырып көрөлү. Бул тизмекке Ротшильддер үй-бүлөсүнүн эки мүчөсү кирген, алардын жалпы кирешеси 3,5 миллиард доллар. Династиянын мүлкү тууралуу башка булактарда такталган маалымат эмес, жалаң божомолдор ганатабылды. Белгилей кетсек, 2012-жылы 96 жаштагы (учурда көз жумган) Дэвид Рокфеллер жана 76 жаштагы Джейкоб Ротшильд капиталдарын бириктирип, активдерди башкарчу баасы 40 миллиард долларды чапчыганкомпанияныбиргеликте ачкан. Ал эми жүздөгөн триллион долларлар тууралуу ишенимдүү маалымат",https://factcheck.kg/ky/rotshild-hozyain-mira-nepravda/,1
"Украина жана Орусия бири-бирин дрон менен аткылады, киши өмүрү кыйылды","Ишембиге караган түнү Орусиянын армиясы Украинанын Одесса аймагына жапырт чабуул жасады. Соккунун бири жеке турак жайга тийди. Шаардык администрация башчысы Сергей Лысак эки киши каза болгонун, кеминде дагы эки киши жараат алганын билдирди. Ондогон имараттар зыян тартты, арасында бала бакча, жатакана жана инфратүзүм объектилери бар. Ушул түнү Харьков облусу дагы аткылоого дуушар болду. Укриананын Өзгөчө кырдаалдар кызматы дрон Великий Бурлук айылындагы административдик имаратка сокку уруп, өрт чыкканын кабарлады. Каза болгондор жана жараат алгандар жок. Никополдо дрон чабуулунан жүк ташуучу эки машина күйүп кетти. Алардын биринин 67 жаштагы айдоочусу ошол жерден мерт болгонун Днепропетровск облусунун башчысы Александр Ганжа билдирди. Кировоград облусунда жеке үй зыянга учурады. Украинанын Абадан коргонуу күчтөрүнүн маалыматына караганда, Орусия өткөн түнү 160 дрон менен чабуул жасады, алардын 133ү атып түшүрүлдү. 11-апрелге караган түнү Украина да Орусиянын аймагына дрон менен чабуул койгонун орус Коргоо министрлиги билдирди. Мекеменин маалыматына караганда, Краснодар крайында бир киши каза болду. Аннексияланган Крымда, ошондой эле Белгород, Брянск, Ростов, Калуга, Курск облустарынан жана Азов, Кара деңиздин үстүнөн 99 украин дрону атып түшүрүлгөнү маалымдалды. Жергиликтүү тургундар түнү Тверде бери дегенде үч жарылуу болгонун кабарлашты. Анын бири ""Тверьнефтепродукт"" мунай базасы экенин Astra басылмасы күбөлөр жарыялаган видеолордон улам жазды. Коргоо министрлигинин маалыматында украин армиясынын Тверге соккусу тууралуу айтылган эмес. Жергиликтүү бийлик чабуул тууралуу маалымат берген жок. Краснодар крайынын губернатору Вениамин Кондратьевдин кабарлашынча, Крым районунда учкучсуз учактын сыныгы көп кабаттуу үйдүн балконундагы бир кишиге тийип, ал каза болду.",https://www.azattyk.org/a/33729963.html,0
АКШ мамдепартаменти: Өзөктүк энергетика ишеничтүү колдо болушу керек,"АКШнын мамлекеттик департаменти Чернобыл кырсыгынын 40 жылдыгына карата өзөктүк коопсуздуктун маанисин белгилеген жана трагедиянын курмандыктарын эскергенбилдирүү таратты. ""40 жыл мурда Чернобыл апааты дүйнөнүн өзөктүк коопсуздук боюнча көз карашын биротоло өзгөрткөн. Биз Украина, Беларус, Орусия жана башка өлкөлөрдөгү бул трагедияга туш болгон жана анын кесепеттери менен бүгүнкү күнгө чейин күрөшүп келе жаткан бейкүнөө адамдардын укмуштуудай эрдигин эскеребиз жана урматтайбыз"", - деди мамлекеттик департаменттин өкүлүТомас Пиготт. Ал АКШ кырсыктын кесепеттерин жоюуга жардам бергенин, бул объектте жана жалпы дүйнөдө өзөктүк коопсуздукка артыкчылык берүүнү улантып жатканын белгиледи. ""Өзөктүк энергетика ачык-айкындуулукка берилген жоопкерчиликтүү колдордо калышы керек"", - деп жазылган билдирүүдө. Украинанын президенти Владимир Зеленский Чернобыл кырсыгынын 40 жылдыгына карата билдирүүсүндө ""Орусия өз согушу менен дүйнөнү кайрадан техногендик кырсыктарга кептеп жатканын""билдирди. Ал былтыр орусиялык дрон талкаланган реакторду жаап турган саркофагга тийгенин эске салды. ""Дүйнө бул өзөктүк терроризм уланышына жол бербеши керек, эң жакшы ыкма - Орусияны акылсыз чабуулдарын токототууга мажбурлоо"", - деп жазды ал. Украин премьер-министри Юлия Свириденко Орусия Запорожье атомдук электр станциясын басып алуу жана аны тынымсыз аткылоо менен ""континенталдык масштабда коркунучтарды жаратып, өзөктүк коопсуздук принциптерин этибарга албай келерин""билдирди. ""Чернобыл 1086-жылда калган жок. Бул дүйнөлүк энергетикалык коопсуздукка тоталитардык режимдин чыныгы коркунучун туруктуу эскертүү"", – деп жазды Свириденко. Евробиримдиктин тышкы иштер министри Кая Каллас ""Орусиянын Запорожье АЭСин мыйзамсыз басып алуусу айлана-чөйрөгө жана адамзатка коркунучту көрүнүктүү деңгээлде жогорулатарын"" билдирди. ""Орусиянын бул объекттеги коргоочу саркофагга сокку урганы -  ондогон жылдар бою жүргүзүлгөн эл аралык зыянды көзөмөлдөө аракеттерин коркунучка кептеген болуп көрбөгөндөй этиятсыздык"", - депжазганКаллас. Молдованын президенти, ушул тапта Киевде жүргөн Майя Санду ""Европа үчүн өмүрүн жана ден соолугун бергендерди эскерүү үчүн"" Чернобылга барууну көздөп жатат. ""Апааттар чек араны билбейт - аны тилектештик да билбеши керек. Молдова кыйратуучулар менен эмес,куруучулар менен бирге турат"", -деп билдирдиСанду. СССР маалында - 1986-жылдын 26-апрелинде Украинадагы Чернобыл өзөктүк ишканасында болгон жарылуу айлана-чөйрөгө оор зыян келтирип, жүз миңдеген адамдар там-ташын таштап кетүүгө аргасыз кылган. Бул ишкана 2000-жылдын 15-декабрында жабылган.",https://www.azattyk.org/a/33743203.html,0
Фоточек: Алп жылкылардын уникалдуу сүрөттөрүбү же фотомонтажбы? [split],"Бир караганда бул сүрөттөр чыныгы сүрөттөй болуп көрүнөт: адамдардын кийимдери, алардын артындагы үйлөр – бардыгы XX кылымдын башындагы доорго туура келет. Бирок үңүлүп караганда алардын жасалма экендигин айгинелеген айрым каталарды байкаса болот. Бирок алар фотомонтажга эмес, жасалма интеллекттин жардамы менен жасалган сүрөттөргөмүнөздүү каталар. Мисалы, сүрөттүн биринде ат жабдыгы аттын соорусуна гана бекитилген, төшүндө ал абада илинип турат. Ушул эле жабдык аттын артында асманда илинип турат, андан ары ал жөн эле абага сиңип жок болуп кетет. Ошондой эле аттын башындагы жүгөндүн бир бөлүгу каякта экени белгисиз. Башка сүрөттө аттын оң жагында турган адамдын колуна көңүл бурсак. Анын манжалары таңгаларлык узун жана бүдөмүк. Жасалма интеллектин адамдардын мүчөлөрүн туура эмес",https://factcheck.kg/ky/fotochek-unikalnye-fotografii-gigantskih-loshadej-ili-fotomontazh/,1
Үч жыл бою имаратты башкаруу чыгымдарысыз: Royal Central Park долбоорунун стратегиялык артыкчылыгы,"Башкаруу төлөмдөрүнүн жоктугу менчик ээлери жана ижарачылар үчүн эмнени билдирет Пайыздык чендер жогору бойдон калган шартта, кыймылсыз мүлккө инвестиция салган адам үчүн негизги коркунуч рыноктун жай өсүшүндө эмес, капиталдын наркы инвестициялык циклдин өтө эрте этабында пайда болушунда жатат. Акча агымы алгачкы жылдарда эле түгөнүп калганда, ички кирешелүүлүк нормасы (IRR) актив өзүнүн чыныгы баалуулугун түзө электе эле «кысылып» калат. Дал ушул жерде кыска мөөнөттүү жеңилдикке негизделген келишим менен узак мөөнөткө эсептелген системалуу инвестициялык стратегиянын ортосундагы чек өтөт. Ушул себептен Royal Central Park долбоорундагы каржылоо пакети жөн гана кыска мөөнөттүү пайыздык жеңилдик эмес. Бул — убакыт огуна ылайык түзүлгөн финансылык структура. Ал инвесторлорго жетиштүү деңгээлде акча агымын башкаруу ийкемдүүлүгүн берип, рынок баалардын активдүү өсүү фазасына киргенге чейин батирлерди кармап турууга мүмкүндүк берет. Башкача айтканда, инвесторлор пайыздык басымдан улам мажбурлап сатууга эмес, рыноктук өсүштү күтүүгө шарт алышат. Алгачкы үч жыл жөн гана «жеңилдик мезгили» эмес, IRRди оптималдаштырууга багытталган атайын иштелип чыккан финансылык буфер болуп саналат. The Essence фазасындагы Atlas (Y2) корпусунда жайгашкан батирдин интерьери Мындай ыкма дүйнөлүк кыймылсыз мүлк инвестициялоо тажрыйбасында жаңылык эмес. Эл аралык изилдөөлөр көрсөткөндөй, этап-этабы менен ишке ашырылган жана толук интеграцияланган инфраструктурасы бар ири шаардык долбоорлор өз алдынча турган долбоорлорго салыштырмалуу баанын жогору өсүш темпин көрсөтөт. Savills компаниясынын Азиядагы комплекстүү шаардык кыймылсыз мүлк боюнча отчетуна ылайык, Сингапур, Сеул жана Шанхайдагы мастер-план менен курулган ири коомчулуктардагы батирлер ошол эле өнүгүү циклинде комплекстүү эмес долбоорлорго караганда орточо 20–40% жогору өсүштү көрсөткөн. Мунун себеби спекуляцияда эмес, инфраструктуранын бүткөрүлүшү, аймакты көрктөндүрүү жана калктын тыгыздыгынын өсүшү менен баалуулуктун акырындык менен топтолушунда. Лондондо CBRE жүргүзгөн изилдөөлөр Canary Wharf жана King’s Cross сыяктуу мастер-пландалган райондордо баштапкы этапта батирлердин баасы туруктуу эксплуатация фазасына чыккан учурга салыштырмалуу кыйла төмөн болгонун көрсөтөт. 7–10 жыл ичинде бул аймактар «өнүгүү зонасынан» шаардын жаңы функционалдык борборлоруна айланган соң, кыймылсыз мүлктүн наркы олуттуу өскөн. Белгилей кетүүчү нерсе, баанын негизги өсүшү инвесторлор эң чоң капиталдык чыгымдар мезгилин артта калтыргандан кийин болгон, бул активди толук цикл ичинде кармап туруунун маанилүүлүгүн баса белгилейт. Жакынкы Чыгыш өлкөлөрүндө да ушуга окшош мисалдар бар. Дубайдагы Downtown Dubai жана Dubai Marina сыяктуу интеграцияланган шаардык райондор Knight Frank маалыматы боюнча орточо көрсөткүчтөн жогору узак мөөнөттүү баа өсүшүн көрсөтүп келет. Себеби алар жашоочуларды, компанияларды жана эл аралык капитал агымдарын өзүнө тартуу жөндөмүнө ээ. Ал эми алардын айланасындагы майда долбоорлор төмөн өсүштү жана жогорку туруксуздукту көрсөтөт. Бул жерде да негизги фактор сатып алуу учурундагы пайыздык чен эмес, активди калыптануу жана кайра баалоо мезгилинде кармап туруу мүмкүнчүлүгү болуп саналат. Royal Central Park долбооруна кайрылсак, үч жылдык cost of carry жок структура инвесторлорго дүйнөлүк мастер-пландалган долбоорлордо өзүн актаган стратегияны колдонууга шарт түзөт: эрте этапта сатып алуу, өсүү фазасында активди кармап туруу жана каржылык милдеттенмелерди актив жаңы баа деңгээлине жеткенден кийин гана тейлей баштоо. Рынок өскөн сайын жана активдер кайра бааланган сайын, насыянын наркка карата катышы (LTV) табигый түрдө жакшырып, карыз активдин баасына салыштырмалуу «жеңилдей» түшөт. The Essence фазасындагы 5 мунара жана Royal Central Park’тын сүрөтү — расмий түрдө 2026-жылдын январына бери сатыкта Бул — пассивдүү рычаг менен стратегиялык рычагдын ортосундагы чек. Пассивдүү рычаг инвесторду бир эле учурда карыз алууга жана акча агымын жоготууга мажбурлап, IRRди башынан эле кысат. Ал эми стратегиялык рычаг каражатты туура убакта тартууга жана капиталдык чыгымдарды активдин баасы өсүп, инвестициялык позиция бекемделгенден кийин гана төлөөгө мүмкүндүк берет. Пайда түзүлүшүнүн механикасы жагынан караганда, Royal Central Park инвесторлору батирди «үч жылдык жеңилдик» аркылуу сатып алышпайт. Алар Бишкектин өсүү фазасында IRRди пайыздык басымдан улам төмөндөтпөстөн позицияны кармап турууга мүмкүнчүлүк берген структураны сатып алышат. Убакыт негизги атаандаштык артыкчылык болгон циклде бул — Royal Central Park узак мөөнөттүү инвесторлорго сунуш кылган башкы баалуулук. Каржылык рычагды моделдөө (пайыздык модель) Батирдин абсолюттук наркына карабастан, каржылык рычагдын натыйжалуулугун көрсөтүү үчүн модель толугу менен пайыздык катыштарга негизделген. Инвестор капитал структурасын 30% жеке каражат жана 70% банктык насыя түрүндө колдонот. Негизги сумма жана пайыздар боюнча үч жылдык жеңилдик мезгили каралган, бул мезгилде пайыздык чыгымдарды куруучу компания төлөп берет. The Essence фазасындагы ландшафттык бак — All-in-one Royal Central Park масштабдуу шаар комплекси Баалардын динамикасы боюнча модель биринчи жылы активдин наркы 35% өсөт, андан кийин кийинки эки жылда турукташат деп болжолдойт. Бул — каржылык рычагдын таза таасирин так көрсөтүүгө мүмкүндүк берген консервативдүү сценарий. Мындай шартта үч жылдын ичинде активдин наркы баштапкы деңгээлдин 135%ына жетет, ал эми карыз 70% деңгээлде өзгөрүүсүз калат. Жеке капиталдын наркы 65%ды түзөт — бул активдин наркы менен карыздын ортосундагы айырма. Баштапкы 30% жеке каражатка салыштырмалуу бул 35 пайыздык пунктка өсүштү билдирет же үч жыл ичинде жеке капиталга карата болжол менен 117% кирешелүүлүккө (ROE) барабар. Мында ижара кирешеси, кайра каржылоо же рыноктун мындан аркы өсүшү сыяктуу кошумча факторлор эсепке алынган эмес. The Essence фазасынын борбордук багынын визуалдаштырылышы, грек багынын концепциясынан шыктанган. ______________________________________________________ МААЛЫМАТТЫК БӨЛҮК: Royal Central Park долбоорундагы ипотекалык программа тууралуу маалымат",https://vesti.kg/kg/zxc-kg/item/148165-uch-zhyl-boyu-imaratty-bashkaruu-chygymdarysyz-royal-central-park-dolboorunun-strategiyalyk-artykchylygy.html,0
16-январга карата аба ырайы,"Эртең, 16-январда Талас облусунун көпчүлүк аймактарында, Чүй, Жалал-Абад, Баткен, Ысык-Көл, Нарын облустарынын айрым жерлеринде кар жаашы күтүлөт. Күндүз Чүй, Талас, Жалал-Абад, Баткен облустарынын көпчүлүк аймактарында, Ош, Ысык-Көл, Нарын облустарынын айрым жерлеринде жаан, кар, тоолуу райондорунда кар жаашы күтүлөт. Абанын температурасы: Чүйдө түнкүсүн −3...+2 күндүз 1...6 Таласта түнкүсүн −3...+2 күндүз 2...7 Баткенде түнкүсүн −3...+2 күндүз 5...10 Ош, Жалал-Абад облустарында түнкүсүн −3...+2 күндүз 5...10 Ысык-Көлдө түнкүсүн −1...-6 күндүз 0...5 Нарында түнкүсүн −20...-25 күндүз −8...-13 Бишкекте түнкүсүн −1° ...+1°, күндүз 4...6° болот",https://24.kg/kyrgyzcha/358004_16-yanvarga_karata_aba_yirayyi/,0
Франция чет өлкөлүк студенттер үчүн окуу баасын дээрлик 20 эсеге көбөйттү,"Францияда Европа Биримдигине кирбеген мамлекеттерден келген чет өлкөлүк студенттер үчүн окуунун баасын олуттуу жогорулатуу пландалууда. Бул тууралуу өлкөнүн Жогорку билим берүү министрлиги «Жогорку билим алуу үчүн Францияны танда» деп аталган жаңы өнүктүрүү стратегиясын сунуштоодо билдирди. Евробиримдикке кирбеген өлкөлөрдөн келген студенттер окуу үчүн көбүрөөк төлөшү керек болот. Франциянын Жогорку билим берүү министри Филипп Баптисттин айтымында, чет өлкөлүк студенттердин 90 пайызга жакыны окуунун толук наркын төлөшөт. Бул мамлекеттик стратегиянын бир бөлүгү болуп саналат. Европалык эмес өлкөлөрдөн келген студенттердин көпчүлүгү төмөнкү сумманы төлөшү пландалууда: Жогорку билим берүү министри Франциянын университеттеринде Евробиримдикке кирбеген өлкөлөрдүн студенттери үчүн дифференцияланган (айырмаланган) окуу акысын киргизүүнү каалайт. Ал 2019-жылы киргизилген, бирок буга чейин чоң таасирин тийгизген эмес, деп айтылат «Le Parisien» гезитине берген маегинде. «Университеттер мындан ары өтө өзгөчө учурлар үчүн каралган массалык жеңилдиктерди бере алышпайт... Биз акыркы жылдары бир аз четтеп кеткен мыйзамга жана фундаменталдык принциптерге кайтып жатабыз. Дифференцияланган төлөм — бул эреже, ал эми жеңилдиктер — өзгөчө учур», — деди Филипп Баптист.",https://24.kg/kyrgyzcha/372832_frantsiya_chet_olkoluk_studentter_uchun_okuu_baasyin_deerlik_20esege_koboyttu/,0
"RUSSIAN OFFICIALS HAVE CAPTURED THE THIRD ALLEGED TERRORISTHe was trying to hide in the forests of the Bryansk region.https://t.co/UJGhiZKo31— UGO & ThĚ Bíg Stéppêrs (@UGOOTWEETS)March 23, 2024","22-март күнү кечинде Москванын жанындагы Крокус Сити Холлдо террордук акт болду. Куралчан топ «Пикник» музыкалдык топтун концертинин алдында концерттик залга кирип барып, адамдарга карата ок чыгарган. Бир аздан кийин имаратта жардыруу болуп, өрт башталган. Учурда 139 адам курман болгондугу белгилүү. Теракт учурунда жана андан кийин бул окуя тууралуу маалыматтар интернетте өтө көп болуп алардын арасында жалган жана далилденбеген маалыматтар эл арасына кеңири тарап кеткен.Factcheck.kzредакциясы андай маалыматтардын негизгилерин талдап чыкты. Теракт тууралуу алгачкы жаңылыктар пайда болгонуна бир нече саат болуп калганда кремлди жактаган Пул №3 Telegram-каналында украинанын улуттук коопсуздук жана коргонуу кеңешинин катчысы Алексей Данилов терактка «Украинанын тиешеси бар» деген имиш видеосу таркатылган. Ролик менен орусиялык ТВнын алып баруучулары Ольга Скабеева жана Руслан Осташко жана ошондой эле патриоттук чоң Звезда каналы бөлүшкөнү жетишкен. Бирок видео дипфейк болуп чыкты. Бул тууралуу Пул №3 каналы да өзү билдирген. «Даниловдун видеосу – нейротармак жараткан дипфейк деп жазып жатышат. Биз видеонун аныктыгы тууралуу эч нерсе айта албайбыз», – деп билдирген паблик. Белгилей кетүүчү нерсе, дипфейк Telegram-каналдарда гана таркатылбастан, орусиялык каналдардан да көрсөтүлгөн окшойт. Интернеттен НТВ телеканалынын логотиби бар скриншотторду табууга болот. Видеодо Данилов Украинанын күнөөсүн «кыйыр» түрдө билдирген түшүнүксүз текстти айтат имиш. «Бүгүн Москвада кызыктуубу? Мен абдан кызыктуу болушу керек деп ойлойм. Аларга мындай кызыктуу нерсени тез-тез уюштура турганыбызга ишенгим келет. Кантсе да «бир тууган» эл эмеспи, ал эми тууган-уруктарды көбүрөөк кубантып, аларга бат-баттан конокко барып туруу керек. Демек, барып турабыз». Ролик өтө популярдуу болгону бизди таңгалдырат, анткени бир караганда эле Даниловдун мимикасы бир кызык экени жана сүйлөгөн сөздөрүнө дал келбегендиги байкалып турат. Бул сапаты начар дипфейк экенин айгинелейт, бул тууралуу украиналык Дезмаалыматтарга каршы туруу борбору да билдирген. Украиналык «Факти» сайты 2024-жылдын 16-мартында эфирге чыккан «Мы – Украина» телеканалынын эфиринин жазуусун тапкан, ошондогу фрагмент фейкти жаратууга колдонулган. Андан алып баруучу менен Данилов эмес Кирилл Буданов маектешкенин көрсөк болот. Теракттан көп өтпөй көптөгөн",https://factcheck.kg/ky/terakt-v-krokus-siti-holle-razbiraem-lozhnye-i-nedokazannye-utverzhdeniya/,1
Бишкекте кыргыздардын тажик жаранын ур-токмокко алганы фейк [split],"Аталган жерге кызматкерибиз кечке жуук барып, тасма Gan Bei кафесинин жанында тартылганын аныктады. Ал жердин учурдагы абалы тасма тартылган мезгилдегиден кескин айырмаланат. Мисалы, кадрда чатырчанын алдында автоунаалар токтотулган. Азыр эми учурда  чатырча жок, бир гана аны кармаган жыгачтар калган . Мындан тышкары, жарык берүүчү чырактардын да азайып калганы байкалат. Бул көрүнүштөр 1-2 күндүн ичинде кескин өзгөргөнү күмөн жаратат. Анан калса, кафенин администрациясы жакынкы бир нече айда бул жерде мушташ болгонун төгүндөдү. Жыйынтык: фейк. Видео провокация жана дүрбөлөңгө салуу максатында таратылган.",https://factcheck.kg/ky/videofejk-draka-na-mezhnaczionalnoj-pochve-v-asanbaj-czentre-v-dni-konflikta-na-granicze/,1
Садыр Жапаров Шахановдун дүйнөдөн кайтканына байланыштуу казак элине көңүл айтты,"Кыргызстандын президенти Садыр Жапаров Казакстандын мамлекет башчысы Касым-Жомарт Токаевге көрүнүктүү казак акыны, Эл жазуучусу Мухтар Шахановдун дүйнөдөн кайткандыгына байланыштуу көңүл айтты.Садыр Жапаров көңүл айтуу катында Кыргыз эл акыны, белгилүү мамлекеттик жана коомдук ишмер, Казакстандын Кыргызстандагы биринчи  элчиси, Чыңгыз Айтматовдун жана мүлдө кыргыз элинин досу Мухтар Шаханов дүйнө салды деген суук кабарды өтө кайгыруу менен кабыл алганын билдирген.Шаханов ""казак элинин эле эмес, кыргыз элинин дагы калк агасы, таянар тоосу"" болгонун белгилеген.""Кыргыз журтчулугу дагы бир аскар тоосунан, дагы бир рухий таянычынан ажырап, бир капталы эңшерилип, жүрөгү канап турган учуру. Мындай залкар инсандардын келбес жайга кетишин элибизде “билгенге бүтүндөй бир доор кетти” деп коюшат. Чындыгында эле Мухтар аганын акка моюн сунушу менен бүтүндөй түрк ааламынан бир доор кетти"", - деп жазылган катта.Мамлекет башчы казак элине, акындын жакындарына терең кайгыруу менен көңүл айтарын кошумчалаган. Мухтар Шахановго Кыргызстанда “Кыргыз эл акыны” наамы жана “Данакер” ордени ыйгарылган. Кыргыз, казакка бирдей таанылып, акын, дипломат, коомдук ишмер катары жигердүү иштеп, курч сөздөрү, акыйкат кеби менен кадыр күткөн чоң таланттын ээси Мухтар Шаханов 19-апрелде 83 жашында дүйнө салды. Акындын саламаттыгы начарлап, соңку жылдары ооруп жүргөн. Шаханов 1993-2003-жылдары Казакстандын Кыргызстандагы элчиси катары эмгектенген. Ал кыргыздын залкар жазуучусу Чыңгыз Айтматов менен жакын чыгармачыл жана достук байланышта жүрүп, “Аскада калган аңчынын ыйы” аттуу жыйнакты жарыялашкан. Шахановдун “Чындык формуласы жана махабаттын Эверест чокусу” аттуу китебинде Айтматовго арналган эскерүүлөрү камтылган.(ZKo)",https://www.azattyk.org/a/33736155.html,0
Илим Карыпбековго Орусияга кирүүгө өмүр бою тыюу салынды,"Улуттук телерадио корпорациясынын (УТРК) мурдагы директору, юрист Илим Карыпбеков Орусияга кирүүгө өмүр бою тыюу салынганын билдирди. Ал бул тууралуу социалдык тармактардагы баракчаларына видео кайрылуусун жарыялап, окуянын чоо-жайын айтып берди. Анын сөзүнө караганда, Орусиядагы Эльбрус чокусуна чыгуу үчүн Кыргызстандан атайын топ даярдап алып барууну максат кылган. Бирок ага бул өлкөгө кирүүгө уруксат бар-жогун билүү үчүн өзү биринчи барган. Аны Москвада чек арадан “кошумча текшерүү” деген негизде 1,5-2 саат текшерип, коё берген. Москвада 2-3 күн жүрүп, кайра 25-апрелде Кыргызстанга кайткан учурда чек арадан аны кайрадан 3-4 саат суракка алып, ага Орусияга кирүүгө өмүр бою тыюу салынганы тууралуу билдирмени колуна карматкан. “Бул билдирме Федералдык коопсуздук кызматынын (ФСБ) атынан берилди. Мен ФСБ бизде аябай күчтүү деп айтып келем. Бул анын далили. Расмий билдирүүдө мага Орусияга кирүүгө өмүр бою тыюу салынганы жазылып турат. Орусиянын ФСБнын билдирүүсүндө “эгерде мен Орусияга дагы бир жолу кирсем кылмыш иши козголуп, камаласың” деп турат. “Салам Кыргызстан” жана башка аталыштар менен Телеграммда ачылган каналдар, “Спутник”, “Номад” телеканалдары Орусияны колдоого пропаганда кылып, биздин мээни айланта турган курал экенин айтып келет элем. Бул ошонун кесепети”, - деди ал. 2025-жылдын ноябрь айында кыргызстандык таанымал рэпер Бакрды Орусиянын аймагына киргизбей коюшкан. Бул окуядан кийин кыргызстандык ырчылар Султан Садыралиевге, Ильяз Абдразаковго, алып баруучу Бектур Шаршеналиев, куудул Ильяз Иманалиевге да Орусияга кирүүнөтыюу салынганы белгилүү болгон. Алардын айрымдары Орусияга баратканда чек арадан алардын уюлдук телефондору текшерилгенин айтып беришкен. (BTo)",https://www.azattyk.org/a/33743206.html,0
Эмне үчүн жылуулук насостору Бишкектеги жылытуунун келечеги болуп жатат,"Мындай жылытуу технологиясы - бул бир сезондук чечим эмес, көп жылга эсептелген ыкма Бишкекте жылытуу маселеси эбак эле жөн гана тиричилик темасынан чыгып кеткен. Үйлөр эмнеге жылыганы үй-бүлөнүн чыгымына эле эмес, шаардагы абанын сапатына, энергетикалык системага түшкөн жүккө жана жалпы шаардык жашоо деңгээлине да таасир этет. Ошондуктан бүгүн жылуулук насостору тууралуу сөз барган сайын көбүрөөк айтылып жатат. Бул борбор үчүн өзгөчө кышында жакшы байкалат. Жеке сектор дагы деле болсо көп жагынан көмүргө, отунга, газга жана түз электр жылытууга таянат. Бул чечимдер тааныш жана түшүнүктүү, бирок ар биринин өз баасы бар: сезондук чыгымдар, отунга көз карандылык, системаны тейлөө зарылдыгы жана көмүр колдонулган учурда шаардагы ышка түз салым. Жылуулук насосу башкача логиканы сунуштайт. Ал үйдүн ичинде отун жакпайт, тескерисинче, абадан, жерден же суудан жылуулукту алып өткөрөт. Мунун эсебинен система кадимки электр жылытууга караганда натыйжалуураак иштейт жана күнүмдүк пайдаланууда адамдын катышуусун кыйла аз талап кылат. Эмне үчүн дал ушундай технологияларды келечектин жылытуусу деп аташат? Биринчиден, энергияны үнөмдүүлүгү үчүн. Бир эле система азыраак энергия коротуп, көбүрөөк жылуулук берсе, анда жылытуунун узак мөөнөттүү экономикасы өзгөрөт. Бул бир сезондук чечим эмес, көп жылга эсептелген ыкма. Экинчи аргумент — ыңгайлуулук. Көмүр казаны же меш дайыма көңүл бурууну талап кылат: отун сатып алуу керек, аны сактоо керек, системанын ишин көзөмөлдөө жана жабдууну тазалоо зарыл. Жылуулук насосу болсо жылытууну көбүрөөк автоматташкан жана алдын ала түшүнүктүү кылат. Заманбап шаардык үй үчүн бул олуттуу артыкчылык. Үчүнчү аргумент — экология. Бишкек ар кыш сайын абанын катуу булганышына туш болот, жана тиричилик үчүн колдонулган жылытуу бул көйгөйдүн себептеринин бири бойдон калууда. Жылуулук насосу отун күйгөндөй жеринде түтүн жана зыяндуу заттарды чыгарбайт. Демек, шаар үчүн бул бир эле ыңгайлуулук маселеси эмес, адамдар жашаган чөйрөнүн маселеси да болуп саналат. Албетте, жылуулук насосу ар бир үй үчүн универсалдуу жооп эмес. Көп нерсе имараттын жылууланышына, жылуулук жоготууларына, бюджетке жана монтаждын сапатына көз каранды. Бирок так эсептелген долбоорлордо бул технология эмне үчүн Бишкек үчүн эң туура багыттардын бири болуп бара жатканын айкын көрсөтөт. Негизи, шаардагы жылуулук насосторунун келечеги «жашыл» чечимдерге болгон модага эмес, бир нече суроо-талаптын бир учурда дал келишине байланыштуу: отунга көз карандылыкты азайтуу, автоматташтырууну көбөйтүү, абаны тазараак кылуу жана пайдалануу чыгымдарын тынчыраак, түшүнүктүүрөөк кылуу. Бишкек үчүн бул эми экзотика эмес, жакынкы жылдардагы толук кандуу практикалык сценарий. Эгер теманы тереңирээк түшүнгүңүз келсе, бардык материалдарды көрүп, подрядчыларды жана адистерди таап, ошондой эле дал сиздин үйгө ылайыктуу жылуулук насосун тандагыңыз келсе,www.cleanchoiсe.kgсайтына өтүңүз. Макала «Кыргызстанда жашыл экономика жана жеке секторду туруктуу өнүктүрүү» программасынын алкагында даярдалды. Программа GIZ тарабынан ишке ашырылып, BMZ, ЕС жана Швейцариянын Өкмөтү менен биргеликте каржыланат.",https://vesti.kg/kg/koom/item/149778-emne-uchun-zhyluuluk-nasostoru-bishkektegi-zhylytuunun-kelechegi-bolup-zhatat.html,0
Кара-Суу шаарында жаңы медициналык борбор ачылды,"Кара-Суу шаарында жаңы медициналык борбор ачылды.  Үй-бүлөлүк медицина борборунун ачылышына 12-апрелде президент Садыр Жапаров Ош облусуна болгон иш сапарынын алкагында катышты.Мамлекет башчысы медициналык кызматкерлер менен кыскача баарлашты. Алардын эмгек акысын көбөйтүү боюнча жүргүзүлүп жаткан иштер туралуу маалымат берди жана мамлекет мындан ары да айлыкты көбөйтүү жана эмгек шарттарын жакшыртуу үчүн бардык аракеттерди көрөрүн айтты.Президенттин сайтындагымаалыматка караганда, медициналык борбордун жаңы имараты төрт кабаттан турат. Мекеме заманбап медициналык жабдуулар жана эмеректер менен жабдылган.Имаратта административдик кызматтар, консультациялык жана диагностикалык бөлүмдөр, ошондой эле медициналык изилдөөлөрдү жүргүзүүгө арналган адистештирилген кабинеттер жайгашкан. Компьютердик томография (КТ), дарт аныктоочу, рентген аппараттары, флюорография жана башка жогорку технологиялык жабдуулар менен жабдылган.Президент Садыр Жапаров саламаттык сактоо министри Дамир Осмонов менен чогуу медициналык борборду кыдырып, жаңы бөлмөлөрүн көрүп чыкты.Маалыматка ылайык, медициналык борбордун курулушу толугу менен аяктаган, толук кандуу иш алып барууга даяр.Жапаров Ош облусуна 10-апрелде барган. Ал аймакта 15-апрелге чейин болору, Ош шаарын жана облустагы райондорду кыдырып, эл менен жолугушары кабарланган.10-апрель күнү мамлекет башчысы Ош шаарында эл менен жолугушкан, 11-апрелде Араванда жергиликтүү эл менен сүйлөшкөн. Президент менен жолугушууга айрым журналисттер киргизилген эмес. Аравандагы жолугушууга барган журналист Хамидулло Узаков күч кызматтары аны мажбурлап чыгарышканын Фейсбуктагы баракчасына жазган. (ZKo)",https://www.azattyk.org/a/33730495.html,0
Кош бойлуулук жана төрөт боюнча жөлөк пулду кимдер алат?,"Кыргызстанда кимдер кош бойлуулук жана төрөт боюнча жөлөк пул ала аларын Эмгек, социалдык камсыздоо жана миграция министрлиги түшүндүрүп берди. Ведомствонун маалыматы боюнча, кош бойлуулук жана төрөт боюнча жөлөк пулдарды берүү тартиби Өкмөттүн 2018-жылдын 18-сентябрындагы № 434 токтому менен бекитилген жобо аркылуу жөнгө салынат. Документтин ченемдерине ылайык, бул төлөмдү алууга төмөнкүлөр укуктуу: Белгиленгендей, расмий жумушсуздар үчүн милдеттүү шарт болуп жалпы камсыздандыруу стажынын кеминде 12 ай болушу саналат.",https://24.kg/kyrgyzcha/372065_kosh_boyluuluk_jana_torot_boyuncha_jolok_puldu_kimder_alat/,0
Жогорку Кеңештин комитеттер курамында өзгөрүүлөр болду,"Жогорку Кеңештин комитеттеринин курамдарында кадрдык алмашуулар орун алды. Кечээ, парламенттин жыйынында депутат Мирлан Жеенчороев Конституциялык мыйзамдар, мамлекеттик түзүлүш, сот-укук маселелери жана Жогорку Кеңештин регламенти боюнча комитетинин төрагасынын орун басары болуп шайланды. Анын талапкерлигине 82 эл өкүлү макул, бирөө каршы добуш берди. Төмөнкү депутаттар жаңы комитеттердин курамына киришти: Ошондой эле депутат Азамат Исираилов Агрардык саясат, суу ресурстары, экология жана регионалдык өнүктүрүү боюнча комитетинин төрагасынын орун басары болуп шайланды. Аны 83 кесиптеши колдоп добуш берди.",https://24.kg/kyrgyzcha/371549_jogorku_keneshtin_komitetter_kuramyinda_ozgoruulor_boldu/,0
Киселёва: жеңишти алып келген баатырлардын элеси элдин кан-жанында жашайт,"БИШКЕК, 7-май — Sputnik.Кечээ, 6-майда, Бишкек жана Ош шаарында “Эстутум оту” акциясы өттү. Анын жалынын Кыргызстанга синхрондук сүзүү боюнча дүйнөнүн жана Олимпиада оюндарынын үч жолку чемпиону Мария Киселёва алып келген. Ал өз сөзүндө жеңишти алып келген баатырлардын элеси элдин кан-жанында жашай турганын белгилеп, тарыхты унутуу — келечекти туңгуюкка кептээрин айткан. “Албетте, Улуу Ата Мекендик согуш жана андагы Жеңиш — бул биримдиктин, баатырдыктын, кайраттуулуктун, бардык улуттардын жеңиш үчүн биригүүсүнүн өзгөчө мисалы. Мындай маанилүү жана зарыл окуя туңгуюкта жол көрсөткөн шам чырак сыяктуу болушу керек. Кыргызстанда да буга дал ушундай мамиле жасалып жатканына абдан кубанычтамын. Бул — тарыхый эс тутум, Жеңишти алып келген баатырларга көрсөтүлгөн урмат-сый”, — деген чемпион айым. Киселёва “Эстутум оту” акциясы Кыргызстанда бешинчи жолу өтүп жатканы жана 10 жылдан бери үзгүлтүксүз уюштурулуп келе жатканы анын канчалык маанилүү жана зарыл экенинин далилдей турганын кошумчалаган. Улуу Ата Мекендик согушта кан кечкен кыргызстандыктар. Эч ким көрө элек сүрөттөр13:09",https://sputnik.kg/20260507/kiselyova-baatyrlardyn-elesi-eldin-kan-zhanynda-zhashayt-1101161705.html,0
«Манас» университетинин 30 жылдык мааракесинде «Университеттен да артык» концепция тааныштырылды,"«Манас университети — Кыргызстан менен Түркиянын ортосундагы алтын көпүрө» 2025-жылдын 3-декабрында Кыргыз-Түрк «Манас» университетинин 30 жылдык мааракесинин алкагында ММК өкүлдөрү менен өткөрүлгөн жолугушууда,  КТМУнун ректору, профессор Алпаслан Жейлан университеттин өнүгүү стратегиясы жана жетишкен ийгиликтери тууралуу маалымат берди. Ректор Жейлан: «Манас университети — Кыргызстан менен Түркиянын ортосундагы алтын көпүрө» Профессор Алпаслан Жейлан «Манас» университети Кыргызстан менен Түркиянын ортосундагы күчтүү бир туугандык мамилени бекемдеген маданий жана академиялык көпүрө экенин баса белгилеп: «Манас университети эки өлкөнүн ортосундагы бир туугандык сезимдердин өнүгүшүнө салым кошкон алтын көпүрө болуп саналат. Чыңгыз Айтматов: ‘Ким ойлоптур бул талаада университет ачылып, бул жерде билим алган жаштар түрк дүйнөсүнө кызмат кылат деп?’ деген эле. Эми Айтматов тынч укса болот; анткени Кыргызстандагы «Манас» университети бүгүн дүйнөнүн алдыңкы 1000 университетинин катарына кирген ийгиликтүү жогорку окуу жайына айланды жана түрк дүйнөсүнө билимдүү жаштарды тарбиялап келет», - деп айтты. Жолугушууда профессор Жейлан «Манас» университетинин «Университеттен да артык» деген концепция менен алдыга умтулуп, университетте билим берүү гана эмес, коомдо, иш жүзүндө жана дүйнөдө из калтырган адистерди даярдап жатканын баса белгиледи. Түрк дүйнөсүнүн жаштарын бир чатырдын астында бириктирген «Манас» университети студенттерин билимге бай, маданиятка сугарылган, өз тамырына бекем жана дүйнөлүк баалуулуктарга ачык инсандар катары тарбиялап жатканын айткан профессор Жейлан, бул жаштар келечектеги окумуштуулар, лидерлер, өнөр ээлери жана ишкерлер болууга даярданып жатканын билдирди. «Акысыз билим жана стипендия мүмкүнчүлүгү» Университеттин эң маанилүү өзгөчөлүктөрүнүн бири билимдин акысыз берилиши жана студенттердин жетишкен ийгиликтерине жараша стипендиялар менен колдоого алынышы болуп саналат. Заманбап спорт залдары, студенттик жатаканалар жана ар кандай социалдык аянтчалар менен студенттердин бир гана академиялык эмес, маданий жана социалдык өнүгүшү да колдоого алынууда. «Кыргыз жана түрк тилдеринин өнүгүшүнө чоң салым» Кыргыз тилин окутуунун эң маанилүү борборлорунун бири «Манас» университети. Жыл сайын даярдык курсунда болжол менен 1000 студентке кыргыз жана түрк тилдери окутулат. Ошондой эле университет тарабынан даярдалган 50 000 сөздү камтыган сөздүк 70 000ге чейин көбөйтүлүп, 2026-жыл 100 000 сөз камтыган кеңири сөздүк даярдалууда. «Акылaй» долбоору алкагында үч жарым миллион көлөмүндөгү кеңири санарип билим берүү платформасы иштелип жатаи. Максаты — Кыргызстандын билим берүү тармагындагы ийгиликтерин жогорулатуу жана өлкөнү келечекке күчтүү даярдоо. Кыргыз Республикасынын Президенти Садыр Жапаровдун кыргыз тили бардык мектептерде, расмий мекемелерде окутулушу жана расмий иш кагаздарында колдонулууга тийиш деген көрсөтмөсүнө карата «Манас» университетинде Кыргыз тили жана адабияты программасы расмий түрдө ачылып, бул маанилүү милдет ийгиликтүү аткарылып жатат. Кыргыз тилин өнүктүрүү багытындагы иштердин алкагында «Манас» университетинин окутуучулары тарабынан бүгүнкү күнгө чейин 200гө жакын кыргызча окуу китеби даярдалган. Ошондой эле Түркиянын Ван областындагы Улупамир айылында жашаган кыргыздарга жана кыргыз тилин үйрөнгүсү келгендерге онлайн тил курстары уюштурулуп, КТМУSEM тарабынан жыл бою кыргыз тили боюнча билим берүү программалары уюштурулууда. «Пандемияучурунда1000 саат онлайн сабак тартылып , студенттерге 60 ГБ акысыз интернет берилген» Пандемия учурунда Кыргызстандын билим берүүсүнө колдоо көрсөтүү үчүн чоң жоопкерчилик алынган. Билим берүүдөгү үзгүлтүктөрдү алдын алуу максатында КТМУда 1000 саат онлайн сабак тартылып, даярдалган. Бул аркылуу студенттер окуу жайга барбастан билим алууну уланта алышкан жана сабактарга үзгүлтүксүз кирүү мүмкүнчүлүгүн камсыз кылуу үчүн студенттерге 60 ГБ акысыз интернет берилген. Пандемия учурунда медицина тармагынын маанисин дагы бир жолу көрсөткөнүн ушунан улам Кыргызстандын медицина кызматтарына салым кошуу максатында «Манас» университетинде Медицина факультети ачылган. Ошондой эле университетте 24 саат үзгүлтүксүз иштеген Шейит Эрен Бүлбүл Медицина борбору студенттерге, окутуучуларга, кызматкерлерге жана аймактагыларга кеңири жана толук медициналык кызмат көрсөтүүдө. «КТМУнун студенттери — Кыргызстандын жана Түрк дүйнөсүнүн маданий элчилери» Студенттер Түркия баштаган бир катар өлкөлөрдө «Манас» университетин, Кыргызстандын маданиятын жана аймактын баалуулуктарын таанытып, Түркиядан келген студенттер өз маданияты менен бөлүшүп, бир туугандык мамилелерди дагы да күчөтүп жатат. Бул жагы менен студенттер эки өлкөнүн маданий элчилерине айланып, университет кыргыз тилин коргоп, өнүктүрүп, үйрөнгүсү келгендерге колдоо көрсөтүүнү милдет катары кабыл алынууда. Жолугушуу алкагында сөз сүйлөгөн Кыргыз-Түрк «Манас» университетинин биринчи проректору, саясий и.к., доцент Алмаз Ибраев университеттин 30 жыл ичиндеги жетишкендиктери жана натыйжалары кеңири бааланганын белгилеп: «Биз бир гана Кыргызстанда эмес, Борбор Азия жана дүйнөлүк аренада да билим берүү жаатында активдүү иштерди жүргүзүп жатабыз. Убакыттын талабтары бат өзгөрүүдө, ал эми заманга ылайык иш алып барган ар бир мекеме өз иш жүргүзүүсүн кайра карап чыгып, кайрадан баалап турушу керек», — деди. «Манас» университети Кыргызстанда акысыз жана сапат стандарттарына ылайык билим берген жалгыз жогорку окуу жайы, университет дүйнөлүк университеттер рейтингинде алдыңкы 1000дин катарында, Азия университеттери арасында 230-орунда, Борбор Азияда болсо 12-орунда турат.",https://vesti.kg/kg/koom/item/146219-manas-universitetinin-30-zhyldyk-maarakesinde-universitetten-da-artyk-kontseptsiya-taanyshtyryldy.html,0
Ислам кызматташуу уюму жардамга муктаждарга акча берип жатабы? Текшеребиз,"Интернет мессенжерлер аркылуу Ислам кызматташуу уюму жардамга муктаж мусулмандарга $1,7 млрд каражатты таратып жаткандыгы тууралуу маалыматтар таркатылып жатат. Акчаны алыш үчүн шилтеме аркылуу өтүп, анкетаны толтуруп коюу жетиштүү экен. Factcheck.kg бул акция тууралуу маалыматты тактап көрүүнү чечти. Ушундай уюм барбы? Ислам кызматташуу уюму, мынданы арыИКУ(The Organisation of Islamic Cooperation, мурда Ислам Конференция уюму деп аталчу) – мусулман мамлекеттерин бириктирген эң байыркы эл аралык уюмдардын бири болуп саналат, ал 1969-жылы түзүлгөн болчу. ИКУ акча береби? ИКУ, эл аралык уюм катары, акча таратпастан, тескерисинче, акча алат. Анткени буга окшош уюмдардын бюджети аларга мүчө болгондордун мүчөлүк төлөмдөрүнөн куралат. Кыргызстан дагы агамүчө болгон1992-жылдан тартып мүчөлүк акы төлөп келет. Мисалы, өкмөттүн токтому менен Кыргызстан ИКУга 2018-жылы 34 млн сом, ал эми 2019-жылы 16 млн сом төлөшү керек болчу. ИКУнун иш алып баруу багыттары Уставында көрсөтүлгөн жана ал 18 приоритеттүү багытта 107 максатка жетүүнү көздөйт.",https://factcheck.kg/ky/razdacha-deneg-nuzhdayushhimsya-ot-organizaczii-islamskogo-sotrudnichestva-proveryaem/,1
Бишкекте чет элдик жаранды өлтүрүүгө шектүүлөр кармалды,"Бишкекте чет өлкөлүк жаранды өлтүрүүгө шектелип төрт киши кармалды. Алар Аламүдүн районундагы Арчалы айылында, сөөгү талаага көмүлгөн адамдын өлүмүнө шек саналууда.Бишкек шаардык ички иштер башкармалыгы (ШИИБ) маалымдагандай, 20-апрелде саат 19:30 чамасында Аламүдүн районуна караштуу Арчалы айылынын капчыгайынан чет өлкөлүк Ж.Ч. аттуу жарандын зомбулук издери калган сөөгү табылган. Аталган факт боюнча Бишкек милициясынын тергөө кызматы Кылмыш-жаза кодексинин 122-беренеси (""Адам өлтүрүү"") менен иш козгогон.Бул кылмышка шектүү катары Р.Ж., Ф.Ж., О.Ч. жана А.Т. аттуу жарандар (бири аял) кармалган.22-апрель күнү кармалгандар сот чечими менен эки айга камалышты жана №1 тергөө абагына киргизилди.Учурда кылмыш иши боюнча зарыл болгон ыкчам тергөө иш-чаралары улантылууда. Милиция маркум кайсы өлкөнүн жараны экенин ачыктаган жок. (ZKo)",https://www.azattyk.org/a/33737947.html,0
Бүгүн Бишкектин бир бөлүгүндө суу өчүрүлөт,"Бүгүн, 7-апрелде турак жайларда, мектептерде, мектепке чейинки билим берүү мекемелеринде, саламаттыкты сактоо мекемелеринде жана башка социалдык жана өнөр жай объектилеринде ичүүчү суу берүү саат 09:00дөн 02:00гө чейин токтотулат. Бул тууралуу Бишкек мэриясынан билдирди. Өчүрүү аймагы: — Алыкулов көчөсү — Кустанай көчөсү — Муромск көчөсү — Садыгалиев көчөсү — Л. Толстой көчөсү — Кока-Кола аймагы; — Садыгалиев көчөсү — Д. Сяопин проспектиси — П. Лумумбы көчөсү — Волков көчөсү — Кустанай көчөсү андан ары Алимжан-Ата көчөсү — ЧЧК — Ленская көчөсү — Космонавттар көчөсү — Коммунаров көчөсү — ЧЧК — Ала-Арча дарыясы — Рыскулов көчөсү — Д. Сяопин проспектиси — Пишпек көчөсү — Джамгырчинов көчөсү — Кайназарова көчөсү — Гатчинский тилкеси — П. Лумумбы көчөсү — Джамгырчинов көчөсүнөн Садыгалиев көчөсүнө чейин. — «Аскер шаарчасы», «Кызыл Аскер», 110-квартал, «Достук» кичи району. Өчүрүү «Западный» суу алгычында жана шаардын суу менен камсыздоо тармактарында оңдоо иштерине байланыштуу болууда. «Бишкексууканал» муниципалдык ишканасы келтирилген ыңгайсыздык үчүн кечирим сурайт жана ишканаларды жана тургундарды ичүүчү сууну алдын ала камдап алууну суранат.",https://24.kg/kyrgyzcha/369195_bugun_bishkektin_bir_bolugundo_suu_ochurulot/,0
Иранда жаңы диний лидери болуп Мүжтаба Хаменей шайланды,"Израил менен АКШнын ортосундагы чабуулда каза болгон аятолла Али Хаменейдин уулу Мүжтаба Хаменеи Ирандын Жогорку лидери болуп шайланды. Ирандын Башкаруу Кеңеши (Эксперттер тобу) АКШ менен Израилдин аба соккусунан каза болгон Али Хаменейинин уулу Мүжтаба Хаменей добуштардын басымдуу көпчүлүгү менен лидерлик кызматка шайланганын жарыялады. Ирандагы жаңы лидерди тандоого жооптуу Улуу Кеңеш жазуу жүзүндөгү билдирүүсүндө: «Аятолла Сейед Мүжтаба Хоссейни Хаменеи Эксперттер тобунун мүчөлөрүнүн басымдуу көпчүлүгүнүн добушу менен Иран Ислам Республикасынын үчүнчү лидери болуп аныкталып, жарыяланганын жарыялайбыз», — деп билдирди. Ирандын Революциялык гвардиясы жана Ирандын Куралдуу күчтөрү жаңы лидер Мүжтаба Хаменейге берилгендик антын беришти. Жогорку Улуттук коопсуздук кеңешинин башчысы Али Лариджани дагы жаңы диний лидердин айланасында биримдикке чакырды. Аналитиктер Мүжтаба атасынын консервативдүү көз караштарын толугу менен бөлүшөрүн белгилешет. Тандоо мурда жарыяланган, бирок жаңы руханий лидердин ысымы бир топ убакытка чейин жашыруун сакталып келген, анткени Израил бийлиги бул кызматты ээлеген ар бир адамга түз коркутууларды жасаган.",https://24.kg/kyrgyzcha/365017_iranda_janyi_diniy_lideri_bolup_mujtaba_hameney_shaylandyi/,0
Балыкчы-Тоң жолунда каргашалуу кырсык болду. Каза болгондор бар,"Балыкчы-Тоң жолунда өлүмгө алып келген оор жол кырсыгы болду. Алдын ала маалыматтарга караганда, жеңил унаанын айдоочусу рулду башкара албай калып, даракка урунган. Кырсык болгон жерден тартылган видео социалдык медиада таралууда. Видеодо каза болгондордун сөөктөрү көрсөтүлгөн. Каза болгондордун так саны азырынча белгисиз. Учурда укук коргоо органдарынан расмий комментарий болгон эмес.",https://24.kg/kyrgyzcha/370633_balyikchyi-ton_jolunda_kargashaluu_kyirsyik_boldu_kaza_bolgondor_bar/,0
ИИМ башчысы коомдук жайда тамеки чеккени үчүн айыпка жыгылды,"Кыргыстандын ички иштер министри Улан Ниязбеков коомдук жайда тамеки чеккени үчүн айыпка жыгылды. Айыптоолор социалдык медиада тараган видеодон келип чыккан. Маалыматка ылайык, видео жарыялангандан кийин ички иштер министрине каршы арыз жазылып, айып пул салынган. Мекеме кызмат ордуна же статусуна карабастан мыйзам баарына тиешелүү экенин баса белгиледи. Бул иш коомчулукта кеңири нааразычылыкты жаратып, мамлекеттик кызматкерлердин мыйзамды сактоосу боюнча талкуунун булагына айланганы белгиленди.",https://24.kg/kyrgyzcha/367058_iim_bashchyisyi_koomduk_jayda_tameki_chekkeni_uchun_ayyipka_jyigyildyi/,0
Орусия менен Украина туткун  айырбаштады,"Орусия менен Украина согуш туткундарын алмашты. Ар бир тарап 193 адамдан өткөрүп берди. Бул тууралуу 24-апрелде Орусиянын Коргоо министрлиги жана Украинанын президенти Владимир Зеленскийбилдиришти. Алмашуу Бириккен Араб Эмираттарынын жана АКШнын ортомчулугу менен өттү. Кремлдин маалыматына ылайык, алмашуу Беларус аймагында жүргүзүлдү. Бошотулган орус аскерлери учурда ошол жакта. Зеленскийдин айтымында, бошотулган украиндердин арасында аскер кызматкерлери, Улуттук гвардиянын жоокерлери, чек арачылар жана полиция кызматкерлери бар. Алардын айрымдары жараат алган, кээ бирлерине Орусияда кылмыш иши да козголгон. Маалым болгондой, расмий тынчтык сүйлөшүүлөрү жүрбөсө да туткундарды жана каза болгондордун сөөгүн айырбаштоо боюнча байланыштар тараптардын ортосунда уланууда. Буга чейинки туткун айырбаштоо 11-апрелде болгон. Жалпысынан согуш башталгандан бери тараптар 20дан көп жолу туткундарды алмашты.",https://www.azattyk.org/a/33741780.html,0
ФАКТЧЕК. Атайын кызмат телефондук чалууларды тыңшап жатабы? [split],"башка өлкөлөрүндө дагы CDMX деген тыңдоочу система жок. Ал эми Кыргызстанда болсо соттун чечими менен гана СОРМ системасы аркылуу тыңдоо жүргүзүлөт. ЖЫЙЫНТЫК: Бул – ФЕЙК Өлкөдөгү коронавируска байланышкан кырдаалда, айрыкча, бул фейк маалыматтарды таратуу күчөп жатканын Ички иштер министрлиги кабарлады. 21-марттан тартып бир сутканын ичинде жалган маалымат тараткан 15 факты катталган. “21-марттан тартып бир сутканын ичинде фейк маалымат тараткан 15 факты катталган. Атайын жалган маалымат тараткандар Кылмыш жаза кодексинин 344-беренеси менен жоопко тартылат”, – деп билдирди Ички иштер министринин орун басары Алмаз Орозалиев.",https://factcheck.kg/ky/kyrgyz-faktchek-atajyn-kyzmat-telefonduk-chaluulardy-ty%d2%a3shap-zhataby/,1
Бүгүн Бишкектин Ала-Тоо аянтында Жаңы жылдык концерт болот,"Бишкек мэриясы шаар тургундарын жана конокторун борбордук Ала-Тоо аянтында унутулгус Жаңы жыл түнүн өткөрүүгө чакырды. Бул тууралуу муниципалитет билдирди. Маалыматка ылайык, бүгүн, 31-декабрда саат 18:00дө чоң майрамдык концерт башталат, ал чыныгы Жаңы жылдык маанайды жаратып, келе жаткан жылга күч-кубат берет. «Борбор калаанын тургундары жана коноктору кыргыз эстрада жылдыздарынын катышуусундагы жандуу программаны чыдамсыздык менен күтө алышат. Алар унутулгус майрамдык маанай жаратат. Бүт үй-бүлөңүздү алып келиңиз, досторуңузду жана жакындарыңызды чакырыңыз жана 2026-жылдагы Жаңы жылды кубаныч, биримдик жана сыйкыр атмосферасында чогуу тосуңуз», — деп айтылат билдирүүдө.",https://24.kg/kyrgyzcha/356738_bugun_bishkektin_ala-too_ayantyinda_janyi_jyildyik_kontsert_bolot/,0
АКШ Европаны террористтик коркунучтардын очогу катары баалады,"БИШКЕК, 7-май — Sputnik.АКШнын терроризмге каршы күрөш боюнча жаңы стратегиясында Европа террористтик коркунучтардын очогу катары бааланды. Бул тууралуу америкалык жаңы стратегиялык документте айтылат. Анда “Европа олуттуу коркунуч алдында турат жана терроризмдин бутасы гана эмес, террористтик коркунучтарды жаратуучу аймакка да айланды” деп белгиленген. Ошол эле учурда Европа өлкөлөрү АКШ үчүн терроризмге каршы күрөштөгү эң маанилүү жана узак мөөнөттүү өнөктөштөр бойдон кала берери белгиленген. АКШ НАТОдогу “бай союздаш” Европа өлкөлөрү террористтерди каржылоо жана аларды азгырып тартуу борборуна айланып кетишине жол берилбеши керек деп эсептейт. Документте негизги көйгөй катары көзөмөлсүз миграция көрсөтүлгөн. Анда Европанын чек араларынын алсыздыгы жана атайын кызматтардын ресурстарынын жетишсиздиги континентти “америкалыктарга жана европалыктарга каршы чабуулдарды даярдоого ыңгайлуу аймакка” айлантканы белгиленген. Трамп Ормуз кысыгындагы кемелерди коштоп жүрүү миссиясы токтотулганын жарыяладыКечээ, 16:39",https://sputnik.kg/20260507/aksh-evropa-terrorizm-korkunuch-1101157959.html,0
Өлкөдө аялдарга арналган бир айлык акцияда кандай оорулар аныкталганы айтылды,"Маалымдалгандай, бул көрсөткүч өлкөнүн жергиликтүү медициналык мекемелерине катталган жалпы аялдардын 50%ын түзөт Октябрь айында республика боюнча 760 миңден ашуун аялдар «Айымдардын ден соолугу!» республикалык бир айлыгынын алкагында профилактикалык кароодон өтүштү. Бул туурасында кечээ, 21-ноябрда Саламаттык сактоо министринин басма сөз кызматы билдирди. Маалымдалгандай, бул көрсөткүч өлкөнүн жергиликтүү медициналык мекемелерине катталган жалпы аялдардын 50%ын түзөт. ""Жыйынтыгында 45 миңге жакын аялда кан басымынын жогорулашы биринчи жолу аныкталды. 10 миң аялда жүрөк-кан тамыр ооруларынын пайда болуу коркунучу жогору экени белгилүү болду. Ошондой эле 5600дөн ашуун аялда кант диабетинин жогорку коркунучу аныкталды. 300 аял эмчек безинин рагына, ал эми 550 аял жатын моюнчасынын рагына шектелип саламаттык сактоо системасынын үчүнчү деңгээлине жөнөтүлдү"", - деп айтылган маалыматта. Белгилей кетсек, октябрь айындагы бир айлык Саламаттык сактоо министрлиги тарабынан «Кыргызстандагы жугуштуу эмес ооруларды эффективдүү башкаруу жана алдын алуу» швейцариялык долбоорунун колдоосу менен өткөрүлдү",https://vesti.kg/kg/den-sooluk-uchun/item/132607-olkodo-ayaldarga-arnalgan-bir-ajlyk-aktsiyada-kandaj-oorular-anyktalgany-ajtyldy.html,0
Z-пропаганда Кыргызстанда фейк “маңкурттарды” жаратып келет,"Кремль көптөн бери өзүнүн кызыкчылыктарын, анын ичинде аскерий кызыкчылыктарды көздөп дезинформацияны жана пропаганданы кеңири колдонуп келет. Бирок Орусия Украинага кол салгандан тартып Кыргызстанда көрсөтүлгөн орусиялык телеканалдарда гана эмес, Интернетте да анын пропагандасы агрессивдүүрөөк боло баштады. Баштан Баштаөзүлөрүнүн бир берүүсүндө YouTube’дун кыргыз сегментин изилдеп, Украинада согуш башталгандан тартып көп миңдеген катталуучулары бар каналдарда кыргыз тилиндеги орусиячыл көз караштагы (нарративдер) видеолор таркатыла баштаганын белгилеген. Factcheck.kg редакциясы ушуга окшош материалдарды Facebook’тун кыргыз тилдүү мейкиндигинде да байкап, Z-маанайдагы посттору баронго жакын фейк жана күмөндүү аккаунтардытапты. Мисалы, БишкектикМедер Байжумановдеген колдонуучунун баракчасындагы посттордун көбү Кыргызстан менен Орусиянын мамилелери жана кантип",https://factcheck.kg/ky/z-propaganda-sozdaet-fejkovyh-mankurtov-v-kyrgyzstane/,1
Чыңгыз Айдарбеков өз ыктыяры менен мандатынан баш тартты,"Чыңгыз Айдарбеков Жогорку Кеңешке депутаттыкка талапкер катары каттоодон чыгуу үчүн арыз берди. Бул тууралуу жеке булактар ​​билдиришти. Маалыматка ылайык, бүгүн, 15-апрелде Борбордук шайлоо комиссиясынын бул маселе боюнча жыйыны өтөт. Эске сала кетсек, ИИМ Айдарбековго карата Тышкы иштер министри болуп иштеп турганда кызмат абалынан кыянаттык менен пайдалануу боюнча кылмыш ишин козгогон. Чыңгыз Айдарбеков мурда өзүнүн шайланышына байланыштуу кысым, коркутуулар жана жагдайлар тууралуу кеңири билдирүү жасаган. Ал мурда Кыргызстандын Тышкы иштер министри болуп иштеген жана мурунку парламенттин депутаты болгон. Ал 2025-жылдын ноябрында өткөн парламенттик шайлоодо көп мандаттуу № 21 шайлоо округунан ат салышкан. Борбордук шайлоо комиссиясынын маалыматы боюнча, ал 6 миң 259 добуш алган. Чыңгыз Айдарбеков 2026-жылдын 10-мартында мөөнөтүнөн мурда кызматтан кеткен депутат Куванычбек Конгантиев бош калтырган орунга ат салышып жаткан.",https://24.kg/kyrgyzcha/370582_chyingyiz_aydarbekov_ozyiktyiyaryi_menen_mandatyinan_bash_tarttyi/,0
Кийим тигүү жана текстиль өнөр жайы үчүн жаңы жеңилдиктер берилет,"Мамлекеттик салык кызматы 2025-жылдын 31-декабрындагы Кыргыз Республикасынын мыйзамы менен кийим тигүү жана текстиль өнөр жайындагы субъекттер үчүн киреше салыгынын ченемдери жана камсыздандыруу төгүмдөрү төмөндөтүлгөнүн билдирет. Тактап айтканда, 2026-жылдын 1-январынан тартып бул ишкерлер бир кызматкер үчүн орточо айлык эмгек акынын 40 пайызынын негизинде эсептелген 12 пайызы өлчөмүндө камсыздандыруу төгүмүн төлөшөт, бул 2 115,5 сомду түзөт. Ошондой эле орточо айлык эмгек акынын 1 пайызы өлчөмүндө киреше салыгы төлөнөт — 440,7 сом. Бир кызматкер үчүн жалпы төлөмдүн суммасы 2 556,2 сомду түзөт. Белгилей кетсек, 2026-жылы орточо айлык эмгек акы 44 070 сомду түзөт. Бул өзгөртүүлөр ата мекендик өндүрүүчүлөрдү колдоого, салыктык жүктү азайтууга, салыктык башкарууну жакшыртууга, ошондой эле өндүрүштү өнүктүрүү, продукциянын ички жана тышкы рыноктордогу атаандаштыкка жөндөмдүүлүгүн жогорулатуу, жумуш менен камсыздоону стимулдаштыруу жана тармактын экспорттук потенциалын жогорулатууга багытталган.",https://24.kg/kyrgyzcha/357668_kiyim_tiguu_jana_tekstil_onor_jayyi_uchun_janyi_jenildikter_berilet/,0
Ысык-Көлдө ири өлчөмдөгү баңгизаттарды тараткан шектүүлөр кармалды,"Ысык-Көлдө өзгөчө ири өлчөмдөгү баңгизаттарды тараткан шектүүлөр кармалды. Бул тууралуу Ички иштер министрлигинин Баңгизаттарды мыйзамсыз жүгүртүүгө каршы күрөшүү кызматы билдирди. Маалыматка ылайык, баңгизатты таратууга катышкан кылмыштуу топ аныкталганы айтылды. Ысык-Көл аймагында мурда соттолгон төрт адам кармалган. Тергөөчүлөр алар баңгизаттарды жасап жана таратып жүргөн деп болжолдошууда. Шектүүлөр жашаган үйлөрдү тинтүү учурунда баңгизаттар, ошондой эле аларды өндүрүү үчүн колдонулган жабдуулар табылган. Алар тергөө камак жайына алынды.Тергөө иштери уланууда.",https://24.kg/kyrgyzcha/358643_yisyik-koldo_iri_olchomdogu_bangizattardyi_taratkan_shektuulor_karmaldyi/,0
Бейөкмөт уюмдар жөнүндө жаңы мыйзам долбоору Орусия Федерациясынын мыйзамынын көчүрмөсү болуп чыкты [split],"көрсөтүлгөндөргө укуктуу: Мыйзамдагы мындай өзгөртүүлөр жарандык коомдун сынына кабылды. Эксперттер “чет элдик” бейөкмөт уюмдар деген түшүнүк коомдо ажырымды жаратат деп кооптонушат. “Адилет” укуктук клиниканын юристтерибелгилегендей, мыйзам долбоордун бир катар жоболору мыйзам менен бекитилген мыйзам жазуу техникасына дал келбейт жана бул жагдай анын мындай түрдө Жогорку Кеңешке жиберилишине жол бербейт. Юристтер ошондой эле ченемдик укуктук актылардын долбоорлорун коомдук талкуулоо институту адамдын мамлекеттик башкарууга катышуунун фундаменталдык укугун ишке ашыруунун механизмдеринин бири экенин эске салышат. Бул Конституция менен кепилдендирилет. Бирок мыйзам долбоорун иштеп чыккандар аны четке кагышууда. Тиркелген документтер： Тыянак:Президенттин администрациясы коомдук талкууга алып чыккан “Бейөкмөт уюмдар жөнүндө” мыйзам долбоорунун 30 жобосунун орусиялык мыйзамга окшоштугу 67%-97% түзөт, 2 жободогу окшоштук 46-48%. Беш гана жобо такыр окшош эмес. Жалпысынан алганда тексттердеги окшоштук 69.2%га барабар.",https://factcheck.kg/ky/novyj-zakonoproekt-o-nepravitelstvennyh-organizacziyah-okazalsya-kopiej-zakona-rossijskoj-federaczii/,1
Камчыбек Ташиев Кыргыз футбол биримдигинин президенти кызматынан кетти,"Улуттук коопсуздук боюнча мамлекеттик комитеттин (УКМК) мурдагы төрагасы Камчыбек Ташиев Кыргыз футбол биримдигинин президенти кызматынан кетти. Мындай чечим уюмдун 15-апрелдеги кезектеги конгрессинде кабыл алынды. Камчыбек Ташиев ал футбол биримдигинин жетекчиси болуп турганда аткарылган иштер тууралуу маалымат берди. “Эки жылдын ичинде 17 жаңы стадион, мекемелерди куруптурбуз. Азыр дагы 14ү курулуп жатат. Эки жылдын ичинде буга 7 млрд сомду жумшаптырбыз. Азыр дагы 7-8 млрд сомдук курулуштар жүрүп жатат. Демек, эки жылдын ичинде футболго 14-15 млрд сом тарттык”, - деди ал. Ал кыргыз футболундагы жетишкендиктер президент Садыр Жапаровдун колдоосу менен болгонун, аны Кыргыз футбол биримдигин жетектөө сунушун да мамлекет башчы бергенин айтты. Камчыбек Ташиев атайын кызматтын төрагасы кызматынан алынып, бир катар саясий окуялардан кийин расмий иш-чарада биринчи жолу сүйлөдү. Ал 2024-жылдын 19-февралында Кыргыз футбол биримдигинин президенти болуп шайланган. 10-февралда Садыр Жапаров Камчыбек Ташиевди Улуттук коопсуздук боюнча мамлекеттик комитеттин төрагасы кызматынан бошоткон. Андан бери УКМКнын бир катар мурдагы жогорку кызматта турган жетекчилери кармалып, айрымдары жумуштан алынды. Жогорку Кеңештин тогуз депутаты, анын ичинде Камчыбек Ташиевдин бир тууган иниси Шаирбек Ташиев мандатын тапшырып, “Кыргызнефтегаз” ишканасындагы ишке байланыштуу “Коррупция” беренеси менен айып тагылып кармалды. Атайын кызматтын мурдагы төрагасы акыркы окуялар тууралуу комментарий бере элек. (BTo)",https://www.azattyk.org/a/33732581.html,0
Бишкектеги «Тазалык» ишканасы жумушка чакырат: Эмгек акысы 40-45 миң сом,"Бишкек шаарындагы «Тазалык» муниципалдык ишканасы шаарды тазалоо, көрктөндүрүү жана санитардык абалды жакшыртуу иштерин жүргүзүү үчүн жоопкерчиликтүү жана эмгекчил жарандарды жумушка чакырат. Бул тууралуу мэриядан билдирди. Маалыматка ылайык, учурда төмөнкү бош жумуш орундары бар: Эмгек акысы 40-45 миң сом. Кошумча маалымат алуу үчүн төмөнкү дарекке кайрылууга болот: Ростовская көчөсү, 19Б.",https://24.kg/kyrgyzcha/370720_bishkektegi_tazalyik_ishkanasyi_jumushka_chakyirat_emgek_akyisyi_40-45_min_som/,0
Кыргызстан кайра иштетүү өнөр жайында өсүш байкалууда,"Кыргызстанда кайра иштетүү өнөр жайын өнүктүрүү багытында системалуу иштер жүргүзүлүп, тармакта туруктуу өсүү динамикасы байкалууда. Бул тууралуу Суу ресурстары, айыл чарба жана кайра иштетүү өнөр жайы министрлиги билдирди. Маалыматка ылайык, отчеттук мезгилде республикадагы кайра иштетүүчү өнөр жай продукциясынын жалпы көлөмүндө тамак-аш өнөр жайынын, анын ичинде суусундуктарды жана тамеки буюмдарын өндүргөн ишканалардын үлүшү 18,8 % түзгөн. Алдын ала эсептөөлөр боюнча, 2026-жылдын январь айында айыл чарба продукциясын кайра иштетүүчү өнөр жай ишканалары тарабынан 8 091,6 млн сом суммасында тамак-аш азыктары, суусундуктар жана тамеки буюмдары өндүрүлгөн. Физикалык көлөмдүн индекси 113,6 % түзүп, тармакта оң динамика байкалганын көрсөтүүдө. Кайра иштетүү өнөр жайын мындан ары өнүктүрүү максатында министрлик тарабынан 2026-жылга карата план иштелип чыгып, анын алкагында 75 кайра иштетүүчү ишкананы жана соода-логистикалык борборлорду ачуу каралган. Бүгүнкү күндө өлкө аймагында 3 кайра иштетүүчү ишкана жана 1 соода-логистикалык борбор ишке берилди: — «Золотой Орех» ЖЧК — кубаттуулугу 500 тонна, мөмө-жемиштерди шоктук тоңдуруу жана сактоо үчүн каралган. Министрлик тарабынан өлкөнүн аймактарында кайра иштетүүчү ишканаларды жана логистикалык инфраструктураны өнүктүрүү боюнча иштер 2026-жылга каралган планга ылайык улантылат.",https://24.kg/kyrgyzcha/365637_kyirgyizstan_kayra_ishtetuu_onor_jayyinda_osush_baykaluuda/,0
Пайдалуу кеңеш: Шорпону канча жолу кайнатса болот?,"Негизинен шорпону кайнатуу же кайра ысытуу сунушталбайт. Бирок көп учурда биринчи тамакты бир нече күн колдонууга керек болгон жагдайлар пайда болот. Тамак-аш аркылуу жугуучу оорулардан коркуп, көптөгөн ашпозчулар этият болуп, аны абдан кайнатышат. Бул коопсуздук жагынан да, даамын жана азыктык баалуулугун сактоо жагынан да туура эмес. Кайнатуу бактерияларды өлтүрөт. Бирок, ал алардын айрымдары бөлүп чыгарган токсиндерди жок кылбайт. Бул токсиндер тамак сиңирүүнүн бузулушуна алып келиши мүмкүн. Жашылчалар боткого айланат — ар бир кайра ысытканда картошка, кабачки жана сабиз бышып, формасын жана консистенциясын жоготуп, даамсыз болуп калат. Эт жана канаттуулардын эти катуу болуп калат — белоктор ашыкча бышыруудан тыгыздалып, булалары кургап, «жыгач сымал» болуп калат. Жаңы жыт жоголот — учуучу эфир майлары жана чөптөрдөн жана татымалдардан биринчи кайнатуу учурунда бууланып кетет. Кайра-кайра ысытуу шорпонун даамын жоготуп, жөнөкөй кылат. Чөптөр түсүн жоготот, май эмульсияга айланышы мүмкүн жана шорпо табитсиз болуп калат.",https://24.kg/kyrgyzcha/365302_paydaluu_kenesh_shorponu_kancha_jolu_kaynatsa_bolot/,0
Атомдук энергия боюнча эл аралык агенттик (МАГАТЭ) Запорожьедеги АЭСке бара алабы?,"Telegram-каналдарда орусиялык армиянын иш-аракеттериненулам МАГАТЭ Запорожьедеги АЭСте радиациялык коопсуздукту текшерүү үчүн бара албай жатканы тууралуу украина тараптын “фейкин” төгүндөгөн маалымат таратылууда. Электр станцияда ядердик коопсуздуктунталаптары бузулуп жатат. Журналисттердин айтымында МАГАТЭнин Запорожьедеги АЭСти каалаган убакытта текшерүү мүмкүнчүлүгү бар. Ошондой эле орусия тарап жана Запорожье облусунун администрациясы буга тоскоол болбой эле, тескерисинче эл аралык комиссияны атомдук электр станциягачакырып жатышат.Буга Украина каршы болууда. Бул билдирүүлөр пропаганда жана манипуляция болуп саналат. Украиналык кесиптештер буга чейинжазып келгендейАЭСти орусия тарап басып алгандан бери ишенимдүү көзөмөлдөп жаткандыгын далилдөөгө аракет кылып келет. Белгилей кетсек, МАГАТЭнин башкы директорунун орун басары жана Ядердик энергия департаментинин жетекчиси Михаил Чудаков орусиялык болупэсептелет.",https://factcheck.kg/ky/mozhet-li-magate-posetit-zaporozhskuyu-aes/,1
"Айрым өлкөлөр коронавуристу сасык тумоо деп атап, эмдөө, тест жана карантинден баш тарттыбы? [split]","иштейт. Чехияда5 күндүк карантин жана жекеизоляция күчүн жогото элек. Швецияда2022-жылдын 9-февралынан тарта ЕБ/ЕЭА өлкөлөрүнөн кирүүгө тыюу салынган эмес, бирок башка өлкөлөрдөн кирүүгө чектөөлөр 2022-жылдын 31-мартына чейинкүчүндө болот. Оң ПЦР-тести менен Японияга кирүүгө бардык адамдарга, ал тургай өлкөнүн жарандарынада тыюу салынган. 29-январга карата B.1.1.529 опциясы үстөмдүк кылган өлкөлөрдөн же аймактардан келген бардык саякатчылар жана кайтып келгендер Omicron Чет элдик иммигранттардын ден соолугун көзөмөлдөө борбору (HCO) тарабынан кийинки скринингден өтүү үчүн өзүн-өзү изоляциялап, 7 күн коомдук транспортту колдонбойтурушу керек. Жыйынтык:жалган. Аталган өлкөлөрдүн бири дагы карантиндер, ПЦР-тесттерден жана эмдөөдөн баш тарткан эмес.",https://factcheck.kg/ky/desyat-stran-otkazalis-ot-karantina-vakczinaczii-i-testov-obyaviv-koronavirus-grippom-proveryaem/,1
Болгария: Орусияны жактаган Радевдин коалициясы шайлоодо утту,"Болгариядагы парламенттик шайлоодо мурдагы президент, евроскептик жана Орусияны жактап жүргөн Румен Радев колдогон «Прогрессивдүү Болгария» коалициясы алдыга чыкты. Коалиция үч партиядан түзүлгөн. Быйыл жыл башындаРадев мөөнөтүнөн мурда кетерин жарыялап,шайлоого катышып, премьер-министр болууну көздөгөн. Анын президенттик мөөнөтү 2027-жылы аяктамак. Болгариянын Борбордук шайлоо комиссиясынын маалыматына ылайык, бюллетендердин 91,6% саналып бүттү. Анын жыйынтыгында Радевдин коалициясы болжол менен добуштардын 44,6% алган. Экзитполдун жыйынтыктары да ушундай эле көрсөткүчтү көрсөтүүдө. Добуш берүүгө шайлоочулардын 46% катышты. Акыркы беш жыл ичинде Болгарияда ушуну менен сегизинчи жолу шайлоо өттү. Парламентте фракциялар өтө бөлүнүп кеткендиктен, адатта жеңген күчтөр көпчүлүк түзүп же туруктуу коалиция кура албай калат. Акыркы коалиция дээрлик бир жыл иштеп, бюджетке каршы нааразылыктар жана кеңири жайылган коррупциядан уламдекабрда кызматтан кетүүгө аргасыз болгон. Радевди айрым оппоненттери жана батыштык талдоочулар Орусияга ыктаган саясатчы деп аташат. Ал мурда Орусияга каршы санкцияларга каршы чыгып, орусиялык ишмерлер менен жолуккан. Бир жыл мурда ал Мүнхендеги Коопсуздук конференциясында «Киссинжер планы» тууралуу айтып, Украинанын айрым аймактарын берүү аркылуу «эгемен, демократиялык жана эркин Украинага» жетишүү демилгесин ортого салган.",https://www.azattyk.org/a/33736244.html,0
Ошто Сириядагы согушка катышууга шектелген адам кармалды,"Улуттук коопсуздук боюнча мамлекеттик комитети (УКМК) Сириядагы согушка тиешеси бар деген шек менен кыргызстандык жаран кармалганын билдирди.Мекеменин 9-апрелдеги маалыматында, терроризмге каршы операциялардын жүрүшүндө 42 жаштагы А.Ф.Г. аттуу жаран 7-апрелде кармалган.""Ал 2014-жылы УКМК тарабынан издөөдө жүргөн кыргызстандык И.Б.Н. аттуу адамдын сөзүнө азгырылып, Түркия аркылуу Сирияга барган. Ал жакта ""Ислам мамлекети"" эл аралык террористтик уюмуна кошулганы аныкталган"", - деп билдирди атайын кызмат.Кармалган жаран суракта террордук уюмдун ишмердүүлүгүн түшүнгөндөн кийин, Сириядан чыгып, Түркия аркылуу мекенине кайтып келгенин билдирген.Учурда иштин бардык жагдайларын аныктоого багытталган тиешелүү ыкчам-тергөө иш-чаралары жүргүзүлүп жатканы кабарланды.УКМКнын 2018-жылдагы маалыматында, Сириянын согуш болуп жаткан аймактарына Кыргызстандан 850 жаран кетип, анын 150сү ошол жакта набыт болгон. Террордук уюмдарга кошулуп кеткен кыргызстандыктардын 140ка жакыны аялдар экени айтылган.Буга чейин кыргыз бийлиги Сирия менен Ирактан исламчыл топторго кошулуп кеткен 700дөй аял жана балдар алынып келгенин жарыялаган. Ирактагы качкындар лагеринен кыргызстандык жарандардын 79 баласы 2021-жылы ""Мээрим"" гуманитардык миссиясынын алкагында Бишкекке жеткирилген. Бул алгачкы миссия болгон, кийин дагы бир нечеси уюштурулган.(ZKo)",https://www.azattyk.org/a/33728276.html,0
Чек ара чырынан “хайп” кармаган “Панорама” сайты,"Кыргызстан менен ТаджикстанЖамааттык Коопсуздук Келишими Уюмунан (ОДКБ) эки жума мурун чыккандыгы тууралууСергей Шойгу билдирди. Мындай маалымат социалдык тармактарда желдей тарады. Окурмандарыбыз билдирүүнү текшерүү өтүнүчү менен бизге кайрылды. Белгилей кетсек, “жаңылыктын” автору “Панорама” аттуу сатиралык сайт. Бирок бул сайттын өзүндө тиешелүү маалыматты табаалган жокпуз. Издөө аркылуу маалымат Бишкек убактысы боюнча саат 19.07де “Панораманын” “Твиттердеги” баракчасында жарыяланганынаныктадык. Эске салсак, Factcheck.",https://factcheck.kg/ky/provokaczionnyj-fejk-ot-ia-panorama-po-kyrgyzsko-tadzhikskomu-prigranichnomu-konfliktu/,1
Белгисиз учуучу объект тартылган тасма — фейк,"10-октябрда Turmush.kg сайтында белгисиз учуучу объект тартылганвидеотасмажарыяланган. Ал Караколдогу Абдрахманов көчөсүнөн тартылган деп белгиленет. Белгисиз объект  бир нече мүнөттөн соң көздөн кайым болуп, буга күбө болгон жергиликтүү калк аны эмне экенин түшүнө албай турганы айтылган. Factcheck.kgбул видеону текшерип көрдү. Тасмадан үзүндү алып, анын скриншоту аркылуу издөө салсак, жыйынтыгы оңунан чыккан жок.  Видео 10-октябрда 16.19 да BulBul.kg сайтынажүктөлгөн. Скриншотту чоңойтсок, белгисиз объект тартылган жер сүрөттө даана обочолонуп турганын байкайбыз.",https://factcheck.kg/ky/nlo-nad-karakolom-nepravda/,1
7-майга карата аба ырайы,"БИШКЕК, 6-май — Sputnik.Бейшембиде өлкө аймагында күн ачык болуп, жаан-чачын жаабайт. Бул тууралуу Кыргызгидромет билдирди. Абанын температурасы Чүйдө+26...+31, Таласта+24...+29, Ош, Жалал-Абад, Баткен облустарында +27...+32, Ысык-Көлдө +18...+23, Нарын регионунда +19...+24 градус ысык болот. Термометрдин көрсөткүчү Бишкекте +28...+30, Ош калаасында +30…+32 градуска жетет. 4-10-май ичи жаан-чачын көп болот. Бир аптанын аба ырайы3 Бугу, 16:49",https://sputnik.kg/20260506/7-mayga-karata-aba-yrayy-1101151819.html,0
Экс-депутат Исатбек кызы эмгек министринин орун басары болду,"Жогорку Кеңештин экс-депутаты Аида Исатбек кызы эмгек, социалдык камсыздоо жана миграция министринин орун басары болуп дайындалды. Тиешелүү тескемеге Министрлер кабинетинин төрагасы Адылбек Касымалиев кол койгон. Буга чейин ал кызматта Айнура Орозбаева иштеп келаткан. 35 жаштагы Аида Исатбек кызы Чүй облустук университетин “юриспруденция” адистигин аяктаган. Жогорку Кеңештин VII чакырылышында депутат болгон. (BTo)",https://www.azattyk.org/a/33731059.html,0
Германия жараны коронавирус диагнозу менен Бишкектеги ооруканага жаткырылганбы? [split],"Жетекчинин номерин жазып алсаңыз, ал бейтаптын аты-жөнүн жана башка маалыматты айтып берет», – деди кызматкер, телефон аркылуу байланышканыбызда. Бирок, «Мединин» тез жардам кызматынын жетекчисинин орун басары Денис Гаржайкин маалыматты четке какты. «Маалымат фейк. Бизге эч ким кайрылган эмес. Бул санэпидемстанциянын иши», – деди ал. Саламаттык сактоо министрлиги бүгүнкү күндө Кыргызстанда коронавирус оорусу катталган эмес деп билдирди. Мындан бир нече күн мурун 74 жаштагы Германия жаранынын температурасы көтөрүлүп,  инфекция ооруканасына жаткырылган. Дарыгерлер ага коронавирус эмес, пневмония деп диагноз койгон. Учурда анын абалы жакшырды. Жыйынтык:  Германия жараны  коронавирус диагнозу менен Бишкектеги ооруканага жаткырылды делген маалымат – фейк.",https://factcheck.kg/ky/dejstvitelno-li-v-bolniczu-v-bishkeke-gospitalizirovan-grazhdanin-germanii-s-koronavirusom/,1
Астана Иран менен экономикалык кызматташтык убактылуу токтоп турганын билдирди,"Жакынкы Чыгыштагы жаңжалдан улам Казакстан менен Ирандын экономикалык кызматташтыгы кыйынчылыктарга туш болууда, биргелешкен долбоорлор токтоп турганын 16-апрелде казак тышкы иштер министринин орун басары Арман Исетов билдирди. Анынайтымында, тараптар буудай менен камсыздоо, азык-түлүк тармактыранда иш алып барчу, ишкерлер кырдаал кандай болорун күтүп жатышат. Исетов “олуттуу экономикалык жоготуулар жок экенин, Иран менен кызматташтыктын көлөмү казак экономикасында анча чоң орун ээлебегенин” кошумчалады. Буга чейин казак өкмөтүнүн өкүлдөрү өлкө Иранга азыктын ондогон түрүн, анын ичинде арпа-буудай жана эт жөнөтүүгө даяр деп айтышкан. АКШ менен Израил Иранга чабуул кое баштаганы жана Тегерандын жооп иретинде Израил менен Перс булуңундагы америкалык базаларга соккулары Жакынкы Чыгыштагы гана эмес, Борбор Азиянын да экономикасына таасир этти. Согуштун айынан көптөгөн товарларды жеткирүү кечеңдеди. Тажикстан жана Түркмөнстандын тургундары ирандык товарлардын баасы кымбаттаганын жана тартыш болуп жатканын айтышууда. Ирандан Кыргызстанга килем, сырдоочу каражаттар, кургатылган жемиш жана башка нерселер ташылып келет. Бул товарларды алып келүү да создугуп жатканы кабарланды.",https://www.azattyk.org/a/33733590.html,0
«Тез кабар» сайтына МЕДИАСЫН: кеңири манипуляция жана кесиптик этиканын бузулушу,"15 январда tezkabar.org сайтында «Искандаров Курбанбай, куулугу мунун кумгандай…» деген аталыштагы макалажарык көрдү. Макалада өкмөттүн чек ара маселеси боюнча мурдагы өкүлү, өкмөттүн чек ара аймактарды өнүктүрүү жана чек араны делимитациялоо боюнча бөлүмүнүн мурдагы башчысы Искандаров Курбанбай тууралуу кеп козголгон. Мындан тышкары, ысымы белгисиз автор Кыргызстан журналистинин этикалык кодексинин бир нече беренелеринин бузулушуна жол берген. Баштема Баштема “куулугу мунун кумгандай” деген сөздөр менен коштолуп, макала каарманына дароо тескери мүнөздөмө берет. Бул манипуляциянын “Көө жабуу” ыкмасы деп аталат.",https://factcheck.kg/ky/kyrgyz-tez-kabar-sajtyna-mediasyn-ke%d2%a3iri-manipulyacziya-zhana-kesiptik-etikanyn-buzulushu/,1
Бишкек менен Чүйдө унаа кыймылына эки күн чектөө киргизилет. Себеби,"28-30-апрель күндөрү Бишкек шаарынын жана Чүй облусунун аймагында унаа кыймылына убактылуу чектөөлөр киргизилет. Бул тууралуу Жол кыймылынын коопсуздугун камсыздоо башкы башкармалыгынан билдиришти. Маалыматка ылайык, мындай чара Того Республикасынын министрлер кеңешинин төрагасы Фора Эссозимна Гнассингбенин Кыргызстанга болгон иш сапарына байланыштуу көрүлүүдө. Расмий делегациялардын өтүүсү учурунда төмөнкү жол тилкелери чектөөгө алынат: «Бул күндөрү чет өлкөгө же өлкөнүн башка аймактарына барууну пландаган жарандарга «Манас» эл аралык аэропортуна, темир жол бекетине жана Бишкек шаарынын Батыш автовокзалына алдын ала баруу, ошондой эле жол тыгындарына кабылбай, каттамдарга кечикпөө үчүн жүрүү маршруттарын алдын ала пландаштыруу сунушталат», — деп айтылат маалыматта.",https://24.kg/kyrgyzcha/372173_bishkek_menen_chuydo_unaa_kyiymyilyina_eki_kun_chektoo_kirgizilet_sebebi/,0
Окуу жайларда контрактты көтөрүүгө мораторий киргизилди,"Кыргызстанда 2026–2027-окуу жылында кесиптик жогорку жана орто билим берүү уюмдарында окуу үчүн акыны жогорулатууга мораторий киргизилди. Тиешелүү жарлыкка президент Садыр Жапаров кол койду. Жарлык окуу жайлардын формасына жана статусуна карабастан жайылтылат. Мындай чечим жарандарды социалдык коргоону күчөтүү, билим алуучулардын укуктарын жана муктаждыктарын ишке ашыруу максатында кабыл алынганы айтылды. Акыркы жылдары өлкөдөгү жогорку окуу жайларда контракт бир топ жогорулап кеткени айтылып келет. Бул маселе Жогорку Кеңеште да көтөрүлгөн. Айрым алдыңкы жогорку окуу жайлары 2026–2027-окуу жылына карата келишим акысын буга чейин эле жогорулатып койгон. Андыктан ата-энелер арасында президенттин жарлыгынан кийин ошол баа кайра былтыркы калыбына келеби деген суроо жаралып, социалдык түйүндөрдө кызуу талкууланууда. Расмий бекитиле элек дегени менен жогорулатылган жаңы баа абитуриенттерге тараткан маалыматында так көрсөтүлүп турат. (BTo)",https://www.azattyk.org/a/33747520.html,0
"Быйыл дыйкандарга 3,7 миллиард сомдук 1089 даана техника берилди","Суу ресурстары, айыл чарба жана кайра иштетүү өнөр жайы министрлиги тарабынан айыл чарба техникаларын жаңылоо жана дыйкандарды колдоо багытында иштер улантылууда. 2011-жылдан тартып Министрлер Кабинетинин колдоосунда «Айыл Банк» жана «Элдик Банк» аркылуу жети лизинг долбоору ишке ашырылган. Анын алкагында дыйкандарга айыл чарба техникалары жана кайра иштетүүчү жабдуулар жеңилдетилген шартта берилет. Техникалар 7 жылдык мөөнөткө, жылдык 6% үстөк менен лизингге сунушталууда. Жалпысынан мамлекеттик колдоонун негизинде 32 млрд сомго 11 миң 378 даана техника берилди. Анын ичинде 2026-жылы 3,7 млрд сомго 1 089 даана техника дыйкандарга жеткирилди. Бул иштер айыл чарба тармагын механизациялоону жакшыртып, өндүрүштүн эффективдүүлүгүн жогорулатууга өбөлгө түзүүдө.",https://24.kg/kyrgyzcha/366329_byiyyil_dyiykandarga_37_milliard_somduk_1089_daana_tehnika_berildi/,0
Бишкекте жуманын башында кар жаайбы? 26-28-январга карата аба ырайы,"Синоптиктер жуманын башында Бишкекте кар жаашын божомолдоп жатышат. 26-27-январдаасман жарым-жартылай булуттуу болот деп күтүлүүдө. Түнкүсүн температура −7°C (-7°F) тегерегинде болот, күндүзгү эң жогорку температура 2°C (37°F) жетет. 28-январда каржаашы күтүлүүдө. Түнкүсүн температура −6°C (-6°F) чейин төмөндөйт, күндүзгү эң жогорку температура 0°C (32°F) жетет.",https://24.kg/kyrgyzcha/359193_bishkekte_jumanyin_bashyinda_kar_jaaybyi_26-28-yanvarga_karata_aba_yirayyi/,0
Этият болгула! Шылуундар жана Telegram Premium’га жазылууга «белектер»,"Бүгүнкү күндө жазылуулар жашообуздун ажырагыс бөлүгү болуп калды – музыкага, киного, фитнеске, коопсуздук тиркемелерине жана жада калса мессенжерлерге жазылабыз. Популярдуу жазылуулардын бири – Telegram Premium, ал тиркеменин функционалдуулугун жогорулатып, кеңейтелиген функцияларды колдонууга мүмкүндүк берет. Бирок, анын популярдуулугу киберкылмышкерлерди да өзүнө тартат – алар колдонуучуларды алдоо үчүн белекке берилген жазылуу мүмкүндүгүн жигердүү колдонуп келишет. Шылуундар кандай иштээрин, кандай схемаларды колдонорун жана алардын курмандыгы болбош үчүн эмне кылуу керек экенин айтып беребиз. Эң көп колдонулган жолдордун бири – Telegram’дагы сиздин контактыларыңыздын биринен (же өзүн сиздин таанышыңыз деп эсептеткиси келген бирөөнөн) келген билдирүүдөн башталат. Текстте сизге белек жөнөтүлгөнү айтылат – Telegram Premium’га бир жылга жазылуу (башка мөөнөт да көрсөтүлүшү мүмкүн, бирок шылуундар адатынча колдонуучулардын көбүн кызыктырган бир жылдык жазылууну колдонушат).",https://factcheck.kg/ky/ostorozhno-moshenniki-i-podarochnye-podpiski-na-telegram-premium/,1
Медициналык маскалар кычкылтекти өткөрбөйт деген маалымат жалган [split],"Мындан тышкары, заманбап маскалар бактерияларды өткөрбөйт, ошол эле учурда абаны өткөрөрү маалым болду. Алар көпчүлүк учурда тыгыздыгы бир чарчы метрге 20 же 25 грамм болгонполипропилен материалынан жасалат. Мындан тышкары полистирол, поликарбонат, полиэтилен жана полиэстерден да жасалат. Мындай маскалар тамчылардан, аэрозолдон коргоочу (мисалы, чүчкүргөндө) сапаттарга ээ. Хирургиялык заманбап маскаларга5 талапкоюлат: Бактерияларды фильтрлөө натыйжалуулугу.Мүнөтүнө 28,3 литр ылдамдык менен маскага стафилококк бактериясынын аэрозолу чачыратылат. Бактериялардын кайсы бир пайызын маскалар тосуп калышы керек. Бөлүкчөлөрдү фильтрлөө натыйжалуулугу.Бул тест латекс бөлүкчөлөрүнүн тести деп да аталат. Масканы полистирол микросфера аэрозолу менен чачканда, чыпкалоо жөндөмдүүлүгү. Дем алуу учурундагы вентиляция.Маска дем",https://factcheck.kg/ky/obychnye-mediczinskie-maski-ne-propuskayut-kislorod-nepravda/,1
Алайда атынып алганы айтылган жоокердин абалы оор,"Ош облусундагы ""Эркечтам"" өткөрүү пунктунда келишимдик негизде кызмат өтөп жатып, өмүрүнө кол салганы айтылып жаткан 22 жаштагы жоокердин абалы оор, эсине келе элек. Учурда Гүлчөдөгү шаардык оорукананын жандандыруу бөлүмүндө жатат. Бул тууралуу Алай жалпы дарыгердик борборунун директору Дайыр Кадыров ""Азаттыктын"" аймактагы кабарчыларына билдирди.""7-апрелде, саат 20:55те октон жараат алган жоокер Нурадагы ооруканага түшкөн. Ал жерде медициналык алгачкы жардам көрсөтүлүп, райондун борборуна - Гүлчө шаардык ооруканасына жиберилген. Ош шаарынан да дарыгерлер чакырылып, операция жасалды. Азырынча абалы оор, өтө оор абалда"", - деди дарыгер.Маалыматка ылайык, Чек ара кызматынын ""Эркечтам"" өткөрүү пунктунда келишимдик негизде кызмат өтөп жаткан 22 жаштагы жоокер 7-апрель күнү өзүн атып алган, ок ээктин алдынан кирип, көз тушунан чыгып кеткен. Жаагы, баш сөөктөрү жабыркаган.Дарыгер жоокердин дарылануусу үчүн бейтапканада бардык шарттар түзүлгөнүн, дары-дармек, кызматкерлер да жетиштүү экенин кошумчалады.Мамлекеттик Чек ара кызматы Ош облусундагы ""Эркечтам"" өткөрүү пунктунда келишимдик негизде кызмат өтөп жаткан жоокер өзүн-өзү атып алганын 8-апрелдекабарлаган.""И уулу А. (2004-жылы туулган) АК-74 автоматы менен башына ок чыгарып, өз жанын кыйганга аракет кылган. Бул факт боюнча тиешелүү укук коргоо органдарына маалымдалды"", - деп билдирген Чек ара кызматы.Окуянын бардык жагдайларын жана себептерин аныктоо үчүн кызматтык иликтөө дайындалды.Кабарчыларыбыздын маалымдашынча, бейтапканага жоокердин жакындары да келишкен, алар журналисттерге азырынча маалымат бере элек.4-апрель күнү Лейлектеги Чек ара тозотунда аскердик кызмат өтөп жаткан жоокер, былтыр күзүндө аскерге чакырылган Данияр Нурбеков автокырсыктажабыркаган. Ал Лейлек райондук ооруканасынын жандандыруу бөлүмүндө жатканы, комадан чыга электиги кабарланган. Ага да Ош шаарынан тийиштүү адистер барып, операция жасалганы айтылган. Даниярдын апасы уулунун өмүрүн сактап калууну өтүнүп, президентке кайрылган.Акыйкатчы институтунун маалыматында, былтыркы сегиз айда Коргоо министрлигинин аскер госпиталына жалпысынан 783 адам кайрылса, анын 114ү катардагы жоокерлер. Январь-июль айларында 8 аскер кызматкери жараат алган.(ZKo)",https://www.azattyk.org/a/33728265.html,0
Митингде Атазовду колдогондор буга чейин провокациялык акцияларга катышкан. Фактчек [split],"Баймуратова буга чейин «Кактус медианын» жабылышын талап кылып митингге чыккандардын арасында даболгон. Ак элечек кийген дагы бир аял буга чейин Ыргалай Бекмуратова менен биргеликте «Кактус медианын» жабылышын талап кылып митинггечыккан. «МЭЭРЖАЗЫ»  коомудук бирикмесинин Ютуб-каналында ал өзүн Салия Жолонова дептааныштырган. Ал «Арууке апалар» коомдук фондунун директору экенимаалым болду. Жолонова ушул жылдын 18-мартында Кыргызпатенттин Нооруз майрамына карата уюштурган кол өнөрчүлөрдүн иш-чарасына катышкан. Төмөнкү сүрөттөр Кыргызпатенттин «Фейсбук» баракчасынаналынды. Ушул эле сүрөттөрдүн арасынан митингдин дагы бир катышуучусу — Турсунай Жаналиеваны байкоого болот. АлЫргалай Бекмуратованын«Фейсбуктагы»достугунда бар. Атазовго каршы чыккан активисттердинплакатын жырткантарапташы — Орозбек Асеков. Ал да буга чейин «Кактус медиага» каршымитингге чыккан.Мындан тышкары 23-январда Болот Темировдун кармалышы боюнча Ички иштер министрлигинин имаратынын алдында өткөн нааразылык акцияга да катышып, журналисттерге каршы пикирин билдирген. Атазовду «Фейсбукта» байма-бай колдоп жазган дагы бир тарапташы —Самат Дүмүров. Osoo.kgсайтынын маалыматына ылайык, ал «Усман-Умар»ЖЧКсынындиректору. Жыйынтык: 15-июнда Жогорку Кеңештин алдында депутат Шайлообек Атазовго колдоо көрсөткөндөр буга чейин провокациялык митингдерге катышып жүргөн. Булак:T media",https://factcheck.kg/ky/kyrgyz-mitingde-atazovdu-koldogondor-buga-chejin-provokacziyalyk-akcziyalarga-katyshkan-faktchek/,1
Гуля Алмамбетова: таштанды сорттоочу заводун куруу иштери пандемиядан улам токтоду,"1-апрелде Бишкек шаардык кеңешке аттанган партиялардын көз карандысыз дебаты болуп өттү.  Дебатта Кыргызстан элдик демократиялык партиясы (КЭДП) жана “Реформа” беттешти. КЭДП өкүлү Гуля Алмамбетова 22 миллион евролук долбоор соңуна жеткенин билдирди. Анын айтымында учурда пандемияга байланыштуу таштанды сортточу заводун куруу иштери токтоп турат. Ал ушул эле себпетен улам эстониялык эксперттер келе албай калганын кошумчалады. Factcheck.kgбул маалыматты текшерип көрүп, таштанды полигонундагы сорттоочу заводго тиешелүү жабдууларды сатып алууга 2013-жылы Европа биримдиги жана Европа реконструкция жана өнүктүрүү банкы тарабынан 11 миллион евро грант, 11 миллион евро насыя катары бөлүнгөнүнаныктады. 2017-жылдын 28-мартында мэрия жаңы таштандыполигонун долбоорлоо жана куруу боюнча келишимтүзгөн. Келишим “Бишкек санитардык полигону” менен эстониялык Ehitusfirma Rand Ja Tuulberg AS компаниясынын ортосунда түзүлгөн эле.",https://factcheck.kg/ky/gulya-almambetova-zavershaetsya-proekt-na-22-mln-evro-stroitelstvo-sortirovochnogo-zavoda-ostanovleno-iz-za-pandemii/,1
"Видеочек: Фрунзе жөнүндө кадрлар качан тартылган, 1951-жылыбы, же 1959-жылыбы? [split]","Ошондой эле кадрга түшкөн айрым объектилер боюнча тасма 1951-жылы тартылышы мүмкүн эмес экенин айтсак болот. Анын жандырмагы жөпжөнөкөй: ал объектилер ал кезде жок болчу. Гидромелиоративдик техникум. Анынкурулушу1954-жылы аяктаган. 1960-жылдан баштап ал Полтехникалык техникум болгон. Кыргыз мамлекеттик академиялык опера жана балет театры. Ал согушка чейин эле курула баштаган, бирок курулуш иштери 1955-жылыбүтүрүлгөн. Кыргыз ССРинин Мамкурулушунун фонундагы ГАЗ-21 “Волга” автоунаасы. Бул модель расмий түрдө 1956-жылдын күзүнөн тартып чыгарылабаштаган– анда ноябрь майрамына карата беш автонуаа чогултулган болчу. Бирок анын конструкциясында айрым кемчиликтер болгондуктан ал маасалык түрдө 1957-жылдын жазынан бери гана чыгарыла баштаган. Фрунзедеги эң биринчи бул автоуна кадрга түшкөн күндө да, ал 1957-жылы же жазында, же жайында болгон. Тыянак: калп.Жарыяланган кадрлар 1959-жылы жарык көргөн “Чолпон” тасма-балетинен алынган. Ошондой эле 1951-жылы али жок болгон айрым объектилер кадрга түшүп калган.",https://factcheck.kg/ky/videochek-v-kakom-godu-byli-snyaty-kadry-goroda-frunze-v-1951-ili-1959/,1
«Тез кабар» сайтына МЕДИАСЫН: кеңири манипуляция жана кесиптик этиканын бузулушу,"«Көө жабуу», «тамга басуу» (навешивание ярлыков) ыкмалары аудиторияга каарман тууралуу белгилүү бир мүнөздөмөнү алдын ала берип, окурманды өз алдынча чечим чыгаруу мүмкүнчүлүгүнөн ажыратат. Булак- Коул, 1998, 210-312 – беттер. Навешивание ярлыков заставляет аудиторию мыслить размытыми категориями, а не пытаться выделить особые характеристики объекта самостоятельно. Мындан тышкары, макалада каарманды “мүнөздөөчү” төмөнкү сүйлөмдөр колдонулат: “өздөн чыккан жат жаман”, “Дипломатия дегендин “д” тамгасын түшүнбөгөн Курбанбай аке”, “түз эле мурду менен тийе берип”, “кызматтын кумарына азгырылып”, “эшектин тушоосун чечкен эмес” ж.б.",https://factcheck.kg/ky/kyrgyz-tez-kabar-sajtyna-mediasyn-ke%d2%a3iri-manipulyacziya-zhana-kesiptik-etikanyn-buzulushu/,1
Азия чемпионаты: Мээрим менен Айпери жарым финалга чыкты,"Бишкекте өтүп жаткан спорттук күрөш боюнча Азия чемпионатында балбан Мээрим Жуманазарова менен Айпери Медет кызы жарым финалга жолдомо алышты. Бүгүнкү беттеште Мээрим Жуманазарова 68 кг салмак ченинде күч сынашып, Вьетнамдын балбанын 11:0 эсебинде жеңди. Ал эми Айпери Медет кызы 76 кг салмак ченинде килемге чыгып, чейрек финалда кытайлык атаандашын тушеге басып, утуп алды. Белгилей кетсек, бүгүн, 8-апрелде чемпионаттын үчүнчү күнүндө кыз-келиндер күрөшү боюнча беттештер өтүүдө. Анда 50, 55, 59, 68 жана 76 кг чейинки салмакта медалдар ойнотулууда.",https://24.kg/kyrgyzcha/369491_aziya_chempionatyi_meerim_menen_ayperi_jaryim_finalga_chyiktyi/,0
"ӨКМ дарыяларда суу көтөрүлүп, ташкын болушу мүмкүн экенин эскертти","Өзгөчө кырдаалдар министрлиги (ӨКМ) 8-апрелден 10-апрелге чейин өлкө аймагында туруксуз аба ырайы күтүлөрүн билдирип, ​дарыяларда суу көтөрүлүп, ташкын болушу мүмкүн экенин эскертүүдө. Мекеме белгилегендей, тоолуу жана тоо этектериндеги райондордо сел жүрүү коркунучу бар. ӨКМ жарандарды кооптуу аймактардан жана дарыя жээктеринен алыс болууга чакырууда.Кыргызгидрометеорология кызматы 8-апрелге чейинки жаан-чачынга жана күндүн ысышына байланыштуу Кыргызстандын тоолуу райондорунда, тоолуу жолдордо жана ашууларда кар көчкү түшүү коркунучу бар экенин билдирүүдө. Кар күрткүсү күтүлөт, жолдор тайгак болуп муз тоңот. Унаалардын ортосунда 500 метр аралык кыймыл чектелиши зарыл. (КЕ)",https://www.azattyk.org/a/33726546.html,0
"Эл аралык олимпиада: Кыргызстандык окуучулар 2 алтын, 2 күмүш,3 коло медаль утту","Кыргызстандык окуучулар INFO1CUP эл аралык информатика олимпиадасында жогорку жыйынтык көрсөтүштү. Бул тууралуу Агартуу министрлигинен билдиришти. Маалыматка ылайык, мелдешке Кыргызстандан 8 окуучу катышып, 7 медаль жеңип алды. Ал эми бир катышуучу сертификатка ээ болду. Алтын медаль алгандар: Абдуллахан Абдирасулов — 10-класс, «Сейтек STEM» мектеби; Рамазан Мананов — 10-класс, «Сейтек STEM» мектеби. Күмүш медаль алгандар: Саид Жаныкеев — 10-класс, «Сейтек STEM» мектеби; Эмирхан Сыдыков — 8-класс, «Газпром Кыргызстан» мектеби. Коло медаль алгандар: Бектен Абдувалиев — 8-класс, International School of Kyrgyzstan; Азирет Исраилов — 9-класс, Intellect School; Аруубек Баимырзаев — 9-класс, «Акылман» президенттик лицейи. Катышкандыгы үчүн сертификат: Актан Мавлянов — 9-класс, Intellect School. Белгилей кетсек, олимпиада 7-8-декабрь күндөрү Румыния мамлекети тарабынан өткөрүлгөн. Ага Армения, Азербайжан, Болгария, Египет, Грузия, Венгрия, Израиль, Италия, Кыргызстан, Румыния, Сербия, Сирия, Түркмөнстан, Украина, Улуу Британия жана Өзбекстандан жалпы 189 окуучу катышты.",https://24.kg/kyrgyzcha/362113_elaralyik_olimpiada_kyirgyizstandyik_okuuchular_2altyin_2kumush3_kolo_medal_uttu/,0
31-декабрга карата аба ырайы,"Эртең, 31-декабрда өлкөнүн көпчүлүк аймактарында кар жаашы мүмкүн. Бул тууралуу Кыргызгидромет борбору билдирет. Батыштан соккон шамалдын ылдамдыгы секундуна 4-9 метрге жетет. Абанын температурасы: Чүй өрөөнүндө түнкүсүн 1 ... +6 күндүз +10 ... +15; Талас жергесинде түнкүсүн −1 ... +1, күндүз +9 ... +11; Баткен, Ош, Жалал-Абад облустарында түнкүсүн 0 ... +2, күндүз +9 ... +11; Нарын аймагында түнкүсүн −15 ... −17, күндүз −9 ... −11; Бишкек шаарында түнкүсүн +3 ... +5, күндүз +12 ... +14.",https://24.kg/kyrgyzcha/356701_31-dekabrga_karata_aba_yirayyi/,0
"Украинада дрон соккусунан адам өмүрү кыйылды, жараат алгандар бар","29-апрелге караган түнү Украинанын Сумы аймагында Орусиянын дрон жана ракета соккусунан жарандык инфраструктура зыянга учураганын, өрт чыгып, бир адам каза болгонун аймактык аскердик администрациянын башчысы Олег Григоров билдирди. ""Чабуулдун кесепетинен турак жай аймагында ири өрт чыккан. Тилекке каршы, имараттардын биринде жашаган 65 жаштагы аял көмүртек кычкыл газынан ууланып каза болгон... Дагы эки адам медициналык жардамга кайрылган. Калган тургундар тез арада эвакуацияланган"", - деп жазды Григоров Telegram баракчасына. Чабуул коюлган Шостка аймагы Украина менен Орусиянын чек арасына жакын жайгашкан жана орусиялык дрондордун чабуулуна көп кабылат. Өткөн Орусия Украинанын Харьков аймагынын бир нече районуна да дрон менен чабуул койгонун мэр Игорь Терехов билдирди. Анын айтымында, чабуулдан бир адам жаракат алды. Соккулар инфраструктуралык объектилерге жана турак жайларга тийген: көп кабаттуу үйлөрдөгү терезелер талкаланган, ал эми даракка тийген дрондун калдыктары жеке сектордогу бир нече үйгө зыян келтирген. Орусиянын чек арасына жакын жайгашкан Харьковго орусиялык аскерлердин чабуулдары жана соккулары дайыма болуп турат. (RK)",https://www.azattyk.org/a/33744923.html,0
Былтыр коомдук коопсуздук камералары алты миңден ашык эреже бузууларды аныктады,"Коомдук коопсуздук камералары 2025-жылы 6 миңден ашык эреже бузууну аныктады. Бул тууралуу Ички иштер министрлигинин Коомдук коопсуздук кызматынын башчысынын орун басары Алмаз Батырбаев Биринчи радиодо билдирди. Анын айтымында, бардык аймактарда коомдук коопсуздук камераларын күнү-түнү көзөмөлдөгөн кырдаалдык борборлор бар, ошону менен жарандардын коопсуздугу камсыздалат. «Учурда өлкө боюнча коомдук жайларда үч миңден ашык видеобайкоо камералары иштеп жатат. Ар бир аныкталган окуя боюнча маалымат мыйзамдуу чара көрүү үчүн райондук ички иштер органдарынын жергиликтүү бөлүмдөрүнө жөнөтүлөт», — деди Алмаз Батырбаев. Ал кошумчалагандай, 2026-жылы «Коопсуз өлкө» долбоорунун экинчи этабынын алкагында 20 000 видеокамера орнотулат. «Иш этап-этабы менен жүргүзүлөт. Биринчиден, кызматкерлер кылмыштар көп жасалган жерлерди талдайт. Андан тышкары, видео жабдууларды орнотуу үчүн инфраструктура талап кылынат — 24 саат бою электр энергиясы менен камсыздоо, интернет байланышы ж.б.у.с. Камеранын бир нече түрү бар — айрымдары 360 градуска айланат, ал эми башкалары кыймылсыз жана бир багытты көрсөтөт», — деп түшүндүрдү Алмаз Батырбаев.",https://24.kg/kyrgyzcha/359386_byiltyir_koomduk_koopsuzduk_kameralaryi_altyi_minden_ashyik_ereje_buzuulardyi_anyiktadyi/,0
Улуу Ата Мекендик согушта кан кечкен кыргызстандыктар. Эч ким көрө элек сүрөттөр,"Акыркы жылдардагы архивдик материалдар жана изилдөөлөрдүн жыйынтыгы боюнча Улуу Ата Мекендик согушка жалпы Кыргызстандан 381 000 адам чакырылган, анын ичинен 326 900 киши армияга тартылган. Согуштун алгачкы айларында Кыргызстандан 36 295 эмгек армиясына чакырылып, Урал, Кузбасстагы өнөр жай жана курулуш тармагында иштеген. Жалпысынан согуш жылдары эмгек армиясында 54 миңден ашуун кыргызстандык кызмат кылган. Колумнист Алмаз Батилов Борбордук мамлекеттик кинофонофотоархивден Улуу Ата Мекендик согушта кан кечкен кыргызстандык жоокерлердин эч жакка чыга элек сүрөттөрүн тапты. © Фото  /  Центральный Государственный архив Кинофотофонодокументов КР207-аткычтар дивизиясынын офицерлери. Германия, 1945Батыш фронтто душманга бир нече ирет катуу сокку урган. 1943-жылы июнда  40- өзүнчө кыргызстандык аткычтар бригадасынын негизинде түптөлгөн. 7 шаар менен 425 айылды фашисттерден бошоткон. 6500 гитлерчинин көзүн тазалап, Вермахттын 100 офицер менен аскерин туткундаган. 1945-жылы Берлинди алууга катышкан. Дивизиянын катарында келечектеги мамлекеттик ишмер Ахматбек Сүйүмбаев да салгылашкан.1/13© Фото  /  Центральный Государственный архив Кинофотофонодокументов КР207-аткычтар дивизиясынын офицерлери. Германия, 1945Батыш фронтто душманга бир нече ирет катуу сокку урган. 1943-жылы июнда  40- өзүнчө кыргызстандык аткычтар бригадасынын негизинде түптөлгөн. 7 шаар менен 425 айылды фашисттерден бошоткон. 6500 гитлерчинин көзүн тазалап, Вермахттын 100 офицер менен аскерин туткундаган. 1945-жылы Берлинди алууга катышкан. Дивизиянын катарында келечектеги мамлекеттик ишмер Ахматбек Сүйүмбаев да салгылашкан.© Фото  /  Центральный Государственный архив Кинофотофонодокументов КРЖаш жоокерлер найза менен машыгууда. Фрунзе, 19412/13© Фото  /  Центральный Государственный архив Кинофотофонодокументов КРЖаш жоокерлер найза менен машыгууда. Фрунзе, 1941© Фото  /  Центральный Государственный архив Кинофотофонодокументов КРКыргызстандык жоокер, Түп районунун Кең-Суу айылынын кулуну Карабай Эрмеков. Калинин фронту, 19421942-жылы 5-декабрда Калинин облусундагы Осташковский районунун Ботово айылында каза болгон3/13© Фото  /  Центральный Государственный архив Кинофотофонодокументов КРКыргызстандык жоокер, Түп районунун Кең-Суу айылынын кулуну Карабай Эрмеков. Калинин фронту, 19421942-жылы 5-декабрда Калинин облусундагы Осташковский районунун Ботово айылында каза болгон© Фото  /  Из семейного архива АмантаевыхКыргызстандык аскердик учкуч Махамат Амантаев. 1943.1922-жылы Токмокто төрөлгөн, Фрунзе аэроклубун бүтүргөн. Кенже лейтенант Амантаев 1942-жылдын декабрда согушка аттанып, 366-өзүнчө чалгындоо авиациялык полкунун катарында  салгылашкан. Фронтто 39 жолу командачылыктын чалгын боюнча тапшырмасын ийгиликтүү аткарган. Эрдиги үчүн Кызыл Жылдыз жана I даражадагы Улуу Ата Мекендик согуштун ордендери менен сыйланган. 1943-жылы 2-августта Крым жарым аралын бошотуу учурунда туткунга түшкөн.4/13© Фото  /  Из семейного архива АмантаевыхКыргызстандык аскердик учкуч Махамат Амантаев. 1943.1922-жылы Токмокто төрөлгөн, Фрунзе аэроклубун бүтүргөн. Кенже лейтенант Амантаев 1942-жылдын декабрда согушка аттанып, 366-өзүнчө чалгындоо авиациялык полкунун катарында  салгылашкан. Фронтто 39 жолу командачылыктын чалгын боюнча тапшырмасын ийгиликтүү аткарган. Эрдиги үчүн Кызыл Жылдыз жана I даражадагы Улуу Ата Мекендик согуштун ордендери менен сыйланган. 1943-жылы 2-августта Крым жарым аралын бошотуу учурунда туткунга түшкөн.© Фото  /  Из семейного архива АмантаевыхГитлерчилер Дахау концлагериндеги кыргызстандык аскердик учкуч Махамат Амантаев тууралуу жазган маалымат. 1944-жыл1944-жылы 23-февралда 33 советтик аскердик учкучту атууга алып барышат. Арасында Махамат Амантаев да бар эле. Советтик учкучтар фашисттик желдеттерге кол салышат. Үч немецти өлтүрүп, бирөөсүн күйүп жаткан мешке салып жиберишет. Бул салгылашта советтик учкучтун баары каза болуп, гитлерчилер алардын сөөгүн өрттөп жиберишкен.5/13© Фото  /  Из семейного архива АмантаевыхГитлерчилер Дахау концлагериндеги кыргызстандык аскердик учкуч Махамат Амантаев тууралуу жазган маалымат. 1944-жыл1944-жылы 23-февралда 33 советтик аскердик учкучту атууга алып барышат. Арасында Махамат Амантаев да бар эле. Советтик учкучтар фашисттик желдеттерге кол салышат. Үч немецти өлтүрүп, бирөөсүн күйүп жаткан мешке салып жиберишет. Бул салгылашта советтик учкучтун баары каза болуп, гитлерчилер алардын сөөгүн өрттөп жиберишкен.© Фото  /  Из личного архива Акылбека ЖумабаеваКыргызстандык жоокер Үсөнкул Жумабаевдин фронттук дептеринде латын тамгасы менен жазылган “Күтүү” ыры. 10.03.1945, Кичине Висла кыштагы. Польша.6/13© Фото  /  Из личного архива Акылбека ЖумабаеваКыргызстандык жоокер Үсөнкул Жумабаевдин фронттук дептеринде латын тамгасы менен жазылган “Күтүү” ыры. 10.03.1945, Кичине Висла кыштагы. Польша.© Фото  /  Из личного архива Эльвиры МаречекАтайын багыттагы тоолуу аткычтарды даярдоо боюнча көчмө мектептин жетекчиси, альпинист Боривой Маречекти Кыргыз ССРнин Эл Комиссарлар Советинин курамындагы дене тарбия жана спорт комитети сыйлаган ардак грамотасы. 29.07.1943, Фрунзе7/13© Фото  /  Из личного архива Эльвиры МаречекАтайын багыттагы тоолуу аткычтарды даярдоо боюнча көчмө мектептин жетекчиси, альпинист Боривой Маречекти Кыргыз ССРнин Эл Комиссарлар Советинин курамындагы дене тарбия жана спорт комитети сыйлаган ардак грамотасы. 29.07.1943, Фрунзе© Фото  /  Центральный Государственный архив Кинофотофонодокументов КРМ. В. Фрунзе атындагы айыл чарба машина куруу заводу кан майданда курман болгон жумушчуларына арналган эстеликтин ачылган аземи, Фрунзе 1990. Автору Дагаев8/13© Фото  /  Центральный Государственный архив Кинофотофонодокументов КРМ. В. Фрунзе атындагы айыл чарба машина куруу заводу кан майданда курман болгон жумушчуларына арналган эстеликтин ачылган аземи, Фрунзе 1990. Автору Дагаев© Фото  /  Центральный Государственный архив Кинофотофонодокументов КРСССРдин “Даңк” ордени менен төрт ирет сыйланган Насыр Байтурсунов неберелери менен. Сокулук району, 19709/13© Фото  /  Центральный Государственный архив Кинофотофонодокументов КРСССРдин “Даңк” ордени менен төрт ирет сыйланган Насыр Байтурсунов неберелери менен. Сокулук району, 1970© Фото  /  Центральный Государственный архив Кинофотофонодокументов КРУлуу Ата Мекендик согуштун ардагерлери, Советтер Союзунун Баатырлары жана “Даңк” орденинин толук ээлеринин жолугушуусу. Фрунзе, 198210/13© Фото  /  Центральный Государственный архив Кинофотофонодокументов КРУлуу Ата Мекендик согуштун ардагерлери, Советтер Союзунун Баатырлары жана “Даңк” орденинин толук ээлеринин жолугушуусу. Фрунзе, 1982© Фото  /  Центральный Государственный архив Кинофотофонодокументов КРСоветтер Союзунун Баатыры Чолпонбай Түлебердиевдин урматына ачылган мемориалдын салтанаттуу аземи. Чолпонбай айылы, Киров (азыркы Айтматов) району, 198111/13© Фото  /  Центральный Государственный архив Кинофотофонодокументов КРСоветтер Союзунун Баатыры Чолпонбай Түлебердиевдин урматына ачылган мемориалдын салтанаттуу аземи. Чолпонбай айылы, Киров (азыркы Айтматов) району, 1981© Фото  /  Центральный Государственный архив Кинофотофонодокументов КРУлуу Ата Мекендик согушта көрсөткөн эрдиги үчүн Кызыл Жылдыз ордени менен үч ирет сыйланган Карабай Адыев. Ош, 198412/13© Фото  /  Центральный Государственный архив Кинофотофонодокументов КРУлуу Ата Мекендик согушта көрсөткөн эрдиги үчүн Кызыл Жылдыз ордени менен үч ирет сыйланган Карабай Адыев. Ош, 1984© Фото  /  Центральный Государственный архив Кинофотофонодокументов КРГвардиянын полковниги Дмитрий Чураков. Түштүк фронт,1943Ал жарандык согуштун учурунда Фергана фронтунда басмачыларга каршы күрөшкөн. Андан кийин Алай-Гүлчө өзүнчө чек ара комендатурысынын “Эркечтам” заставасын жетектейт. Улуу Ата Мекендик согуш учурунда контрчалгын багытында салгылашкан13/13© Фото  /  Центральный Государственный архив Кинофотофонодокументов КРГвардиянын полковниги Дмитрий Чураков. Түштүк фронт,1943Ал жарандык согуштун учурунда Фергана фронтунда басмачыларга каршы күрөшкөн. Андан кийин Алай-Гүлчө өзүнчө чек ара комендатурысынын “Эркечтам” заставасын жетектейт. Улуу Ата Мекендик согуш учурунда контрчалгын багытында салгылашкан",https://sputnik.kg/20260507/uluu-ata-mekendik-sogushta-kan-kechken-kyrgyzstandyktar-1101077279.html,0
"Улуу Жеңиштин 81 жылдыгы жана ""Өчпөс полк"" жүрүшү","Быйыл Улуу Жеңиштин 81 жылдыгына карата 9-майда аянтта майрамдык жүрүш, ал эми 9-майда башка майрамдалат. Бишкектеги иш-чара адаттагыдай саат 9:00дө Түштүк дарбазадан башталат, бирок жүрүшкө чыкчулар бир саат мурун келип тизилип, даяр болушу шарт. Катышуучулар Абдырахманов көчөсү менен ""Жеңиш"" аянтына чейин басып келишет. Ошондой эле 7-майда майрамга карата автожүрүш да уюштурулган. “Спутниктен сүйлөйбүз” программасында Сатыбек Молдалиев менен Улуу Жеңишке карай өткөрүлүүчү иш-чаралар, Улуу Ата Мекендик согуштун кесепети тууралуу баарлаштык.",https://sputnik.kg/20260507/1101156586.html,0
Дезинформация кылыш үчүн тажик ЖМКлары жалган экспертти колдонушууда [split],"2011-жылы агенттик «Бизнес и политика» гезитинин башкы редактору Джамшед Ульмасовго таандык «Мухаммад-Билол» компаниясына акысызөткөрүлүп берилген. Ээси алмашкандан кийинAvesta.tj агенттигин орусиянын кызыкчылыгында иштейт депкүнөөлөшкөн. Учурда сайт орус тилинде гана материалдарды жарыялап келет. Белгилей кетүүчү жагдай, агенттиктин ээси алмашканга чейин ал коомдогу саясий-экономикалык маселелер тууралуукурч, сынчыл материалдарыменен белгилүү болчу. Эскерте кетсек,УКМКнын чек ара кызматынынмаалыматы боюнча, жаңжал 14-сентябрда Баткен районунун Булак-Башы аймагында ок атышуудан башталган. Кошуна өлкөнүн аскерлери мамлекеттик чек аранын талаштуу жерлерине жайгашып алышкан. “Кыргыз тараптын аймактан чыгып кетүү боюнча мыйзамдуу талаптарына көңүл бурбай, тажик чек арачылары ок чыгарган. Буга жооп катары КР УКМКнын Чек ара кызматынын чек арачылары да курал колдонушкан”. Тыянак:“Анонимдүү авторитет”деген түшүнүктү колдонуу менен көз жазгыруу. Окурмандардын пикирине таасир этүүнүн эң эффективдүү ыкмаларынын бири – бул авторитетке шилтеме кылуу.",https://factcheck.kg/ky/tadzhikskoe-smi-ispolzuet-psevdoeksperta-dlya-dezinformaczii/,1
Дипфейктер: кантип сактанса болот?,"Буга чейин “Дипфейктер деген эмне жана эмнеси менен алар коркунучтуу?” деген макаланы даярдаганбыз. Бул жолкуда биз аларды кантип аныктаса боло тургандыгы тууралуу сөз кылабыз. Эскерте кетсек,дипфейк— бул жасалма интеллектин жардамы менен даярдалган, жасалма экендигин аныктоо оор болгон аудио же видеоролик. Ушундай жол менен саясатчыларга, белгилүү адамдарга каалаган сөздөрдү сүйлөтүп, алар кылбаган нерсени кылгандай кылып көрсөтүп койсо болот. Дипфейкти кантип аныктаса болот? Дипфейктер пайда болоору менен америкалык окумуштуулар аларды аныктоонун үстүндө иш алып бара башташты. 2018-жылы алар жасалма видеолордогу каармандар көзүн эч качан ирмебей тургандыгын, ирмесе да кызык ирмей тургандыгынаныкташкан. Ошол эле жылы Корнелл университетинин адистери адам жүзүнүн бурмаланышына (бузулушуна) көңүл бурууну айтып чыгышты. Алардын маалыматы боюнча, дипфейктердин учурдагы алгоритми сүрөттү чектелүү сапатта гана жарата алат, андан сырткары өзгөртүлүп жаткан адамдын жүзүнө дал",https://factcheck.kg/ky/dipfejki-kak-zashhitit-sebya/,1
1.Цитата:“Биз жакырчылык синдромунан эбак эле арылганбыз!Мамлекетибиз бутуна бекем турат. Буга далил—бюджеттин өскөнү! Министрлер кабинети  менен Жогорку Кенеш 2021-2022-жылкы сессияда мыкты иштеди”.,"болуп жаткан бардык жаңылыктар бул сайттардын жалпы мазмунунун жарымынан азын гана ээлейт. Мындан тышкары, сурамжылоонун жыйынтыгында респонденттердин 57%ы смартфондорунан теле-шоулорду, тасмаларды, сериалдарды такай көрөрүн аныктаган. Изилдөө көрсөткөндөй, контенттин бир дагы түрү бүтүндөй калкты камтый албайт. ММКлар күн сайын, саат сайын жалпы элибизди стресс абалына салып жатканы тууралуу айткан Байсалов маселенин масштабын көбөйттү. Анын үстүнө окурмандарды жасалма түрдө массалык маалымат каражаттарына каршы коюп, ММКларды аёосуз душманга айлантуу аракетин көрдү. Жыйынтык:манипуляция–масштабды бурмалоо, душманды шайтанга айлантуу. Масштабды бурмалоо –окуялардын реалдуу масштабын анын маанисин төмөндөтүү же апыртуу максатында өзгөртүү. Душманды шайтанга айлантуу –жалган же текшерилбеген айыптоолорду колдонуу менен каршылашын (мында ММКларды) «адамгерчиликсиз», адепсиз, ырайымсыз ж.б. кылып көрсөтүү. 3. Цитата: “Мына, TemirovLive’дын балдары өткөндө төш кагып Ташиевдер тендерди утуп баштады(!!!) деди эле. Эми алар өз сөзүн төгүндөп атышат. Көрсө, [Ташиевдер]күйүүчү жана майлоочу майларды мурун эле жеткирчү экен”(автордун орфографиясы жана пунктуациясы сакталды– ред). Ну вот. Ребятки с@TemirovLiveв прошлый раз громогласно объявили: “Ташиевы начали(!!!) выигрывать тендеры”. Теперь они вот сами себя опровергают. Оказывается, они и раньше поставляли ГСМ. ЧТД. ??‍♂️https://t.co/4f95wlntPz — Edil Baisalov (@baisalov)May 10, 2022 Temirov Liveиликтөөсүндө жалпы Ташиевдер туурасында эмес, алардынуулдарытууралуу кеп кылган. Журналисттер УКМК төрагасы Камчыбек Ташиевдин уулу Тай-Мурас быйыл жыл башында мамлекеттик сатып алуулар порталына катталып, тендерлерден утуп ала баштаганын ачыкка чыгарышкан. Мындан тышкары, 2022-жылдын апрель айында мамлекеттик сатып алуулар сайтына катталган Шаирбек Ташиевдин 19 жаштагы уулу тендерлерге катышууну көздөп жатканы белгилүү болгон. Демек, иликтөө жалпы үй-бүлө эмес, Ташиевдердин уулдары тууралуу жасалган. Жыйынтык:манипуляция – тандалма чындык. Тандалма чындык – чындыктын манипулаторго керектүү бөлүгүн гана айтып, ал эми калган бөлүгү тууралуу үн катпоо. 4.",https://factcheck.kg/ky/https-factcheck-kg-blestyashhij-fantik-i-igra-s-mashtabom-kak-manipuliruet-edil-bajsalov-faktchek/,1
Лейлекте автокырсыктан жабыркаган жоокер Бишкекке жеткирилди,"Лейлектеги чек ара тосотунда кызматын өтөп жатып автокырсыкта жабыркаган жоокер Данияр Нурбеков 18-апрелде Бишкекке учак менен жеткирилди. Бул тууралуу Саламаттык сактоо министрлигинин басма сөз кызматы кабарлады.Жоокер Улуттук госпиталдын жандандыруу бөлүмүнө жаткырылды, абалы туруктуу оор деп бааланууда. Комадан чыга элек, жасалма деп алдырууга кошулду. Министрлик Данияр Нурбеков буга чейин өтө оор абалда болгондуктан аны борборго алып келүү мүмкүн эместигин билдирген. ""Абалы турукташкан соң бейтап Бишкекке жеткирилди. Учурда дарыгерлер анын өмүрүн сактап калуу үчүн бардык чараларды көрүп жатышат"", - деп маалымдады мекеме.Лейлек районундагы ""Ак-Суу"" чек ара бөлүмүндө кызматын өтөп жаткан Данияр Нурбеков 4-апрель күнү ""Кайрагач"" чек ара бекетине баратканда автоунаадан ыргып кеткенин Чек ара кызматыкабарлаган. Жоокер УАЗ-Пикап автоунаасы менен тоолуу жолдо бара жатып катуу силкингенде ыргып, жерге түшүп кетип, эс-учун жоготкон. Баш сөөгү жана мээси катуу жабыркаганы айтылган. Президент Садыр Жапаровдун тапшырмасы менен ага бардык медициналык жардам көрсөтүлүүдө. Оштон жана Бишкектен атайын адистердин бригадалары барып, саламаттык сактоо министри өзү кабар алган жана жеке көзөмөлүнө алган.Нурбеков 2004-жылы Ноокен районунун Масы айылында туулган. Аскерге 2025-жылдын сентябрь айында чакырылган.Акыйкатчынын маалыматында, былтыркы сегиз айда Коргоо министрлигинин аскер госпиталына жалпысынан 783 адам кайрылса, анын 114ү катардагы жоокерлер болгон. Январь-июль айларында 8 аскер кызматкери жараат алган.(ZKo)",https://www.azattyk.org/a/33735126.html,0
Жалган маалымат жана эмне үчүн эл аны менен бөлүшөт? [split],"Коомдук турмушка катышуу үчүн жана дебаттарды уюштуруу үчүн ачык мейкиндиктерди түзүүнү камсыз кылуу сунушталат. Билим берүү тармагы аркылуу сынчыл ой жүгүртүүнү жана ошондой эле санариптик сабаттуулукту өркүндөтүү зарыл, жарандык коом жана илимий институттар менен кызматтышуу адамдарга маалыматтарды, маалымат булактарын тапканга, талдаганга жана баалаганга аспаптарды берет. Мындан тышкары, даттанууларды кароонун көз карандысыз механизмдеринин болушун камсыз кылуу жана колдонуучуларды натыйжалуу коргоо каражаттары менен камсыз кылуу сунушталат. Дезмаалыматка реакция кылуу чаралары адам укуктары боюнча эл аралык нормаларга туура келип, бул чаралар саясий каршылаш тарапка, укук коргоочуларга, журналисттерге, жарандык коомдун өкүлдөрүнө же азчылыктын көз карашындагы адамдарга каршы колдонулбашы болот. Дезмаалымат, мисмаалымат, көз жазгыруу жана пропаганда менен натыйжалуу күрөшүш үчүн Internews Kyrgyzstan уюмунун колдоосу менен бир катар редакциялардын башын бириктирген “Медиа блок пост” демилгеси түзүлгөн. Эки жылдан кийинFactcheck.kg, “ПолитКлиника”,T-Media.kg,“Апрель ТВ”,Bulak.kg,Mediahubжана“Баштан Башта”редакцияларын бириктирген “Чекит.Медиа” деген жаңы платформа түзүлгөн. Маалымат текшерилип, ал боюнча төмөнкү мүнөздөгү тыянак чыгарылат: Андан сырткары Factcheck.kg редакциясы тренингдердиуюштуруп, каалаган бардык адамга маалыматты сынчыл көз карашта кабылдаганга жана маалыматты текшерүү аспаптарына үйрөнгөнгө жардам берип келет. Ошондой эле тренингдин катышуучулары маалыматтык агымды талдаганга, окуяларга баа бергенге, көз жазгыруу менен дезмаалыматка туруштук бергенге үйрөнүшөт. Ал эми фейктер менен күрөшүүдө алдыңкы катарда болушу керек болгон Кыргызстандын мамлекеттик түзүмдөрү бул багытта эч бир олуттуу иштерди жүргүзбөй эле. Тескерисинче, мамлекеттик мекемелердин өзүлөрү дезмаалыматтын булагы болгон же көз карандысыз редакциялардын ишине",https://factcheck.kg/ky/fejkovaya-informacziya-i-pochemu-eyu-delyatsya/,1
"Бишкек, Чүйдө кене чагып, доктурга кайрылгандар көбөйдү","Кыргызстанда кене чагып, ооруканага кайрылгандар соңку күндөрү көбөйө баштаганын Ооруларды алдын алуу жана мамлекеттик санитардык-эпидемиологиялык көзөмөл департаменти билдирди. Мекеменин 21-апрелдеги маалыматына караганда, быйыл жыл башынан бери кене чагып алган 128 адам дарыгерге кайрылган, алардын көбү Бишкекте жана Чүйдө.Жалпысынан 189 адам энцефалитине каршы эмдөө алды.Адистер адатта жаз-жай айларында кене чагып алгандар көп катталарын, талаа-тоого чыкканда абайлоо керектигин эскертип келишет. Ошондой эле Ала-Арча, ""Теплые ключи"", Кегети капчыгайы жана Токмок токой чарбасына барбай туруу сунушталды. Расмий маалымат боюнча өткөн жылы кене чагып алган 713 учур катталган. Кене энцефалити адамдын борбордук нерв системасын жабыркатуучу вирустук илдет. Адам алгач бир аз алсырап, ооруксунуп, көп өтпөй жакшы болуп калат. Бирок болжол менен бир аптадан кийин оорунун экинчи фазасы башталып, бейтаптын денеси ысып, башы ооруй баштайт. (КЕ)",https://www.azattyk.org/a/33736913.html,0
Кыргызстандык кыздардын мушташы тууралуу тасма – фейк,"30-апрелде Instagram  социалдык тармагындагыTamashakoyбаракчасында мектеп окуучуларынын мушташын чагылдырган тасма жарыяланган. Колдонуучулар окуя Кыргызстанда болгон деген пикир калтырган. Factcheck.kg тасма кай жерде тартылганын изилдеп көрдү. Видеодон скриншот алып, Yandex издөө системасына киргизсек,  россиялык, өзбек жана түрк маалымат булактарына туш болобуз: Алардын арасынан тасманын толук версиясы жана маалыматтын эң алгачкы булагы табылат.",https://factcheck.kg/ky/ocherednaya-draka-shkolnicz-v-kyrgyzstane-fejk/,1
Аракчи Орусияга “колдоо” жана “тилектештик” үчүн ыраазычылык айтты,"Ирандын тышкы иштер министри Аббас Аракчи АКШ менен Израилге каршы согушта көргөзгөн “колдоосу” жана “тилектештиги” үчүн Орусияга ыраазылыгын айтты. 27-апрелде ал Санкт-Петербургда орус президенти Владимир Путин жана башка расмий адамдар менен жолукту. “Аймак олуттуу окуяларга дуушар болуп жаткан чакта Орусия менен эң жогорку деңгээлде иштешүү мүмүкүнчүлүгүнө кубанычтамын. Акыркы окуялар биздин стратегиялык өнөктөштүктүн тереңдигин жана бекемдигин далилдеди”, - деп жазды Ирандын башкы дипломаты. Аны менен жолугушууда Путин Тегеранга бекем колдоосун билдирди. “Ирандын эли эгемендиги жана суверендүүлүгү үчүн эрдик жана баатырдык менен күрөшүп жатканын көрүүдөбүз”, - деп айтты орус президенти. Путин өткөн жумада өлкөнүн жогорку лидери, аятолла Можтаба Хаменеиден кат-кабар алганын кошумчалады. Жаңы көсөм бул кызматка тандалгандан бери калың эл алдына чыга элек. Маалыматтарга караганда, ал атасы каза тапкан 28-февралдагы сокку учурунда оор жаракат алган. Тегеран менен Москванын мындай достугу Вашингтондо көз жаздымда калган жок. Орусия азыркы согушта Иранга аскердик чалгын маалымат менен көмөктөшкөнү тууралуу кабарланып келет. Маселе жакында АКШнын Конгрессинде каралган.",https://www.azattyk.org/a/33744318.html,0
Сирия Хмеймим авиабазасын машыгуу борборуна айландырууну көздөп жатканы маалымдалды,"Сирия бийлиги Орусия колдонуп келген Хмеймим авиабазасын машыгуу жана гуманитардык жайга айландырууну көздөп жатат. Бул тууралуу “Коммерсант” басылмасы сириялык булактарга таянып жазды. Балсылманын маектештери объектти Орусия менен Сирия биргелешип башкарышы мүмкүн экенин, бирок борбор аскердик эмес максаттар үчүн пайдаланыла турганын айтты. Маалыматта айтылгандай, база алгачкы аскердик даярдыгы жок сириялык аскерлердин машыгуу полигонуна айланат. Дамаск ошондой эле окутуу программаларына орусиялык инструкторлорду тартууга үмүттөнөрү да маалымдалды. Бийлик алмашып, мурдагы президент Башар Асаддын режими кулагандан кийин Москванын Сириянын жаңы бийлиги менен кызматташтыгы күмөн жараткан. Сириянын де-факто лидери Ахмед аш-Шараа мурдараак Орусия менен келишимдерди аткарууга даяр экенин билдирген. Орусия Сириядагы турумдарын сактап, Латакия провинциясындагы Хмеймим базасын жана Тартустагы материалдык-техникалык камсыздоо флотун көзөмөлдөйт. Орусиянын тышкы иштер министри Сергей Лавров буга чейин Сирия бийлиги Орусиянын катышуусун сактап калууга кызыкдар экенин, бирок гуманитардык функцияларга басым жасаларын айткан.",https://www.azattyk.org/a/33742183.html,0
"«Бул билдирүүлөр жалган. Жооптуу шаардык кызматтар билим берүү мекемелеринде коопсуздукту камсыздоо боюнча комплекстүү иш-чараларды жүргүзүүдө», – деп билдирген Анапанын муниципалдык башкаруу борборуTelegram’да. [split]","Жооптуу шаардык кызматтар билим берүү мекемелеринде коопсуздукту камсыздоо боюнча комплекстүү иш-чараларды жүргүзүүдө», – деп билдирген Анапанын муниципалдык башкаруу борборуTelegram’да. Ушундай эле билдирүүлөр Воронеж шаарынын (Орусия) чаттарындабайкалган. Шаардык мэриянын басма сөз кызматы бул маалымат жалган экенин билдирген. Андан сырткары жардыргыч заты бар кол чырактар тууралуу билдирүүБрест облусунда(Беларусь),ЭнергодардажанаХарьков облусунда(Украина) коомдук тармактарда таркатылган. Бул билдирүүнү Харьков облусуна караштуу Первомайский шаарынын мэриясы да төгүндөгөн. Тыянак: калп.Бул билдирүү Кыргызстандын аймагынан сырткары чет өлкөлөрдө да кеңири таркатылып келет. Аны расмий органдар бир нече жолу төгүндөшкөн.",https://factcheck.kg/ky/v-kyrgyzstane-razbrasyvayut-fonariki-so-vzryvnymi-ustrojstvami-proveryaem/,1
Шашылыш билдирүү! Кар көчкү түшүү кооптуулугу сакталууда,"Эртең, 6-марттан 10-мартына чейин туруксуз аба ырайына байланыштуу Кыргызстандын тоолуу райондорунда кар көчкү түшүүсү жана кар күрткүсү күтүлөт. Бул тууралуу Өзгөчө кырдаалдар министрлиги билдирди. Маалыматка ылайык, кар көчкү түшүү коркунучу Кыргызстандын тоолуу райондорунда, атап айтканда: ӨКМ жолдор тайгак болуп, муз тоңушу мүмкүн экенин эскертип, айдоочуларга унаалардын ортосунда кеминде 500 метр аралык сактоону сунуштады.",https://24.kg/kyrgyzcha/364705_shashyilyish_bildiruu_kar_kochku_tushuu_kooptuulugu_saktaluuda/,0
"Нуржигит Кадырбеков, «Ыйман нуру»: “Биз штабдарды ачкан жокпуз” – жалган [split]","“Партия сөзсүз штабдарды ачышы керек деген талап жок. Мисалы, биз штабдарды ачкан жокпуз. Каражатыбыз чектелүү”, – деди ал. Factchek.kgбул маалыматты текшерип көрдү. Кадырбековдун сөзүн төгүндөп, окурманыбыз партиянын штабынын сүрөтүн жөнөттү. Сүрөт “Ыйман Нуру” партиясынын талапкери Мирлан Даанышмандын Facebook баракчасында 5-октябрь күнү жүктөлгөнү маалым болду. Жыйынтык: жалган.",https://factcheck.kg/ky/nurzhigit-kadyrbekov-yjman-nuru-u-nashego-politobedineniya-na-tekushhih-vyborah-net-shtaba-nepravda/,1
Москва менен Санкт-Петербургда 9-майга чейин мобилдик интернет өчүрүлөт,"Beeline уюлдук оператору абоненттерине 5-майдан 9-майга чейин Москвада мобилдик байланыш жана SMS чектөөлөр болору тууралуу билдирүү жөнөттү. Бул тууралуу “Ведомости”, “Новая газета Европа” жана журналист Ксения Собчак жазды. Beeline Интернетке туташуу үчүн Wi-Fi, чалуулар үчүн VoLTE функциясын колдонууну сунуштады. Башка ири операторлор бул маалымат боюнча комментарий беришкен жок. ASTRA ушундай эле билдирүүнү МТСтин абоненттери дагы алганын кабарлады. Санкт-Петербургдун жашоочуларына да мындай билдирүү келгенин “Бумага” жазды. Чектөөлөр тууралуу буга чейин Би-би-синин орус кызматы өз булактарына таянып жазган, кийин ушундай эле маалыматты “Коммерсант” жарыялады. Март айында москвалыктар Интернеттеги жана мобилдик байланышта чектөөлөр болуп жатканына арызданып чыгышкан. Апрелде орус президенти Владимир Путин Санкт-Петербургга барганда жашоочулар ушундай эле нааразылыгын билдирген. Быйыл 9-майда Орусиянын борборундагы Жеңиш парады кыскартылган форматта өтөт. Ага аскер техникасы, курсанттар жана башка аскер кызматкерлери катышпайт. Бийлик муну оперативдүү кырдаалга байланыштырды. Украиналык учкучсуз учактар дээрлик күн сайын Орусиядагы объектилерге чабуул коюп жатат.",https://www.azattyk.org/a/33750077.html,0
Кыш жана жаз мезгилдеринде Антальянын тематикалык парктары,"2026-жыл менен бирге Түркиянын туризм борбору Анталья (Antalya) үй-бүлөлүк эс алуу үчүн идеалдуу багыт катары өз ордун бекемдейт. Euromonitor уюмунун International Arrivals 2025 рейтингинде дүйнөдөгү эң мыкты 10 туристтик багыттын катарына кирген шаар кышкы жана жазгы каникулдарды өзгөчө таасирлерге айлантат. Белгилүү деңиз жээгинен тышкары, Анталья жыл бою иштеген дүйнөлүк деңгээлдеги тематикалык парктары жана интерактивдүү көңүл ачуу жайлары аркылуу туризмдин жаңы форматтарын сунуштайт! Легендалар жандангaн жер: The Land of Legends Белек районунда жайгашкан Легендалар өлкөсү (The Land of Legends) — Түркиянын эң ири көңүл ачуучу комплекси. Бул жерде 62 метрлик Hyper Coaster аттракциону, Aqua Land суу паркы, ошондой эле Nickelodeon Land жана «Маша жана Аюу» (Masha and the Bear) тематикалык зоналары күнү-түнү иштеп, бардык курактагыларга арналган көңүл ачууну сунуштайт. Kingdom Hotel мейманканасындагы тематикалык номерлер жана Nickelodeon Hotels & Resorts Antalya эс алуу менен көңүл ачууну бириктирген өзгөчө форматты түзөт. Кыймылдаган мурас: Докумaпарк Антальянын Кепез районунда, мурдагы текстиль фабрикасынын аймагында жайгашкан Докумaпарк (Dokumapark) — маданиятка жана тарыхый эстеликтерге багытталган өзгөчө парк. Бул жерде музейлер, көргөзмө залдары, кафелер жана сейилдөө жолдору бир мейкиндикке топтолгон. Оюнчук музейи, 1:25 масштабындагы Түркиянын белгилүү объектилерин камтыган миниатюралар паркы жана ретро автоунаалар музейи зыяратчылардын өзгөчө кызыгуусун жаратат. Суунун астындагы дүйнө: Анталья аквариуму Коньяалты жээгине жакын жайгашкан Анталья аквариуму (Antalya Aquarium) дүйнөдөгү эң ири аквариум комплекстеринин бири. Узундугу 131 метр болгон туннелде акулалар, скаттар жана миңдеген балыктар үстүңүздөн сүзүп өтүп, деңиз түбүндө жүргөндөй таасир калтырат. Комплекстин курамында WildPark тропикалык аймагы, Snow World & Ice Museum, Oceanride XD кинотеатры жана мом фигуралар музейи да бар. Жерде жана сууда энергия: Кепез токой паркы, Актур лунапаркы жана Хип-Нотикс Кепез токой паркы (Kepez Macera Ormanı) аркан жолдору, аскага чыгуу, пейнтбол жана токой трассалары менен активдүү эс алууну сүйгөндөр үчүн ылайыктуу. Коньяалты районундагы Актур лунапаркы (Aktur Lunapark) кечкисин жарыктарга бөлөнүп, роллеркостерлер, балдар аттракциондору жана оюн-зоок менен үй-бүлөлөрдүн сүйүктүү жайына айланат. Анталья эл аралык аэропортунан болжол менен 30 мүнөт алыстыкта жайгашкан Хип-Нотикс канаттуу лыжа паркы (Hip-Notics Cable Ski Park) үч жасалма көлдө вейкбординг менен машыгууга шарт түзөт. Тропикалык тынчтык: Көпөлөктөр дүйнөсү 2026-жылдын февраль айында ачылышы пландалган Көпөлөктөр дүйнөсү (Butterfly World Antalya) 10 000 чарчы метрге жакын аймакты камтыган тропикалык комплекске айланат. Бул жерде миңдеген көпөлөктөр айнек куполдун ичинде эркин учуп, шаркыратмалар, көлмөлөр жана жыш өсүмдүктөр менен курчалган табигый чөйрө түзүлөт. Канаттар, толкундар, кыялдар 2026-жылы Анталья жайкы курорт гана эмес экенин дагы бир ирет далилдеп, үй-бүлөлөр үчүн жыл бою унутулгус тажрыйбаларды тартуулайт. Табият, маданият жана көңүл ачуу Жер Ортолук деңизинин жылуу нуру астында бириккен шаар ар бир мезгилде саякатчыларды тосуп алат.",https://vesti.kg/kg/koom/item/147586-kysh-zhana-zhaz-mezgilderinde-antalyanyn-tematikalyk-parktary.html,0
Дүйнө чемпионаты −2026: Букмекерлер ким жеңээрин айтышууда,"Букмекерлер Испаниянын футбол боюнча улуттук курама командасын 2026-жылкы Дүйнөлүк Кубокту жеңүүгө эң башкы фаворит деп эсептешет. Алардын коэффициенти 5,50 — бул турнирдеги бардык белгилүү жана потенциалдуу катышуучулардын ичинен эң төмөнкү көрсөткүч. Favbet экинчи фаворит Англия деп эсептейт, коэффициенти 6,50. Үчүнчү орунда учурдагы экинчи орунду ээлеген Франция турат. Алардын баасы 8,50. Ошол эле коэффициент Бразилияга да тиешелүү. Аргентина жеңишке жеткен бешинчи фаворит деп эсептелет. Азыркы чемпиондордун баасы 9,00. Эске салсак, 2026-жылкы футбол боюнча дүйнө чемпиондугу 2026-жылдын 11-июнда башталып, 19-июлда аяктайт. Аны Түндүк Американын үч мамлекети өткөрөт: Америка Кошмо Штаттары (11 шаар), Мексика (3 шаар) жана Канада (2 шаар). Бул мелдеш биринчи жолу үч өлкө тарабынан биргелешип уюштурулат жана биринчи жолу мелдеште 48 өлкө катышат.",https://24.kg/kyrgyzcha/356914_duyno_chempionatyi_2026_bukmekerler_kim_jeneerin_aytyishuuda/,0
Жалган маалымат жана эмне үчүн эл аны менен бөлүшөт? [split],"бут тоскон учурлар аз эмес. Мисалы, 2021-жылы Садыр Жапаров жалган билдирүүлөр менен күрөшүүгө багытталган “Анык эмес (жалган) маалыматтан коргоо жөнүндө”мыйзамгакол койгон болчу. Бирок иш жүзүндө мыйзам көз карандысыз ЖМКларга каршы ганаколдонулупжатат. Маселен, 2022-жылы ResPublicaбөгөттөлгөнболчу. Кийинчирээк өлкөдөгү эң ири маалыматтык агенттиктердин бири24.kg’нин сайтын бөгөттөөаракетиболгон. Акыркы чоң окуя – “Азаттык” радиосунун сайтынынбөгөттөлүшү. Мурда эле активисттербилдиргендей, мыйзамдын өзүндө жана да аны колдонуу механизмдеринде маалыматтын чындыкка жатарын/жатпасын, анын белгилерин жана жолун, механимизмдерин жана тартибин аныктоо укугу берилген орган каралган эмес, ошондой эле мыйзамдын айрым нормалары башка мыйзамдардын нормаларына каршы келет. “Кабыл алынган мыйзам Кыргыз Республикасынын Конституциясын бузуу менен сот системасын арыз ээсинин далилденбеген жүйөлөрү менен алмаштырат”. 2023-жылдын 31-майында депутаттардын тобу мыйзамдагы карама-каршылыктарды жоюуга багытталган, башкача айтканда, интернеттеги сайттын же баракчанын ээсинин аракеттерине даттануунун жаңы тартибин орнотууну караштырган мыйзам долбоордусунуштаганболчу. Мындан тышкары, интернет сайттын же баракчанын ээси тарабынан анык эмес (жалган) маалыматты алып салуу жөнүндө арызды кароо мөөнөтүн арыз ээсинин арызы келип түшкөн учурдан тартып 24 сааттын ордуна үч күнгө чейин узартуу сунушталган. Бирок бул мыйзам долбоорун депутататтар биринчи окутууда эле колдоого алышпады. Тыянак:Жалган маалыматтын, көз жазгыруунун жана пропаганданын курмандыгы болбоонун негизги жолу – сынчыл ой жүгүртүүнү жана факт-чекинг көндүмдөрүн өркүндөтүү болуп саналат. Маалыматка сын көз карашта болуп, аны талдап биз анын аныктыгын тагыраак аныктай алабыз. Ошондуктан бул көндүмдөрдү такай жакшыртып туруу ар бир адам үчүн маанилүү.",https://factcheck.kg/ky/fejkovaya-informacziya-i-pochemu-eyu-delyatsya/,1
Трамп Ормуз кысыгындагы кемелерди коштоп жүрүү миссиясы токтотулганын жарыялады,"БИШКЕК, 6-май. — Sputnik.АКШ Ормуз кысыгындагы кемелерди коштоп жүрүүгө байланыштуу “Эркиндик долбоору” миссиясын убактылуу токтотту. Бул тууралуу Дональд Трамп билдиргенинРИА Новости жазды. “Пакистан жана башка өлкөлөрдүн өтүнүчтөрүн, ошондой эле Иран өкүлдөрү менен акыркы келишимге жетишүү багытында олуттуу жылыш болгонун эске алып, тараптар өз ара макулдашуу менен “Эркиндик долбоору” миссиясын убактылуу токтотууну чечишти. Бул убакыт аралыгында келишимди толук бүтүрүп, кол коюу мүмкүнчүлүгү каралат”, - деп ал Truth Social социалдык тармагына жазды. Жекшемби күнү Ак үйдүн башчысы дүйнөнүн ар кайсы өлкөлөрү АКШдан Ормузда бөгөттөлгөн кемелерди бошотуп берүүнү суранганын айтып, ошондуктан “Эркиндик долбоору” операциясы башталганын жарыялаган. Axios басылмасы жазгандай, америкалык флот ирандык аскерлер тараптан болушу мүмкүн болгон чабуулдардын алдын алуу максатында коммерциялык кемелердин жанында коштоп жүрмөк. Мындан тышкары, АКШ деңизчилерге коопсуз өтүү багыттары боюнча маалымат берүүнү да пландаган. Иран парламентинин улуттук коопсуздук жана тышкы саясат боюнча комиссиясынын башчысы Ebrahim Azizi Ормуз кысыгындагы кеме каттамына ар кандай кийлигишүү элдешүү келишимин бузуу катары кабыл алынарын эскерткен. ""БАЭдеги мунай аймактарын өрттөдү"". Тегеран АКШнын кылгандарын ачыктап жатат5 Бугу, 13:34",https://sputnik.kg/20260506/tramp-ormuz-kysyk-koshtoo-toktotuldu-1101151344.html,0
Көмүр экспортун тыюу мөөнөтүн узартуу сунушталды,"Энергетика министрлиги көмүрдү автоунаа менен сыртка сатууга тыюу салууну дагы алты айга узартууну сунуштоодо. Бул боюнча Министрлер кабинетинин тиешелүү токтомунун долбоорукоомдук талкууга коюлду. Анда Энергетика министрлиги бул убактылуу чара өлкөнүн энергетикалык коопсуздугун камсыздоо, келерки жылуулук сезонунда көмүр таңкыстыгын алдын алуу жана баалардын кескин кымбатташына жол бербөө максатында көрүлүп жатканы белгиленди. Долбоорго ылайык, көмүр экспортуна алдыңкы алты айда тыюу салынат, бирок ""Эркечтам"" жана ""Торугарт"" чек ара бекеттерине тиешеси жок болот. Көмүрдү башка чек ара бекеттери аркылуу сыртка сатууга ""Кыргызкөмүр"" мамлекеттик ишканасы гана укуктуу болот. Энергетика министрлиги муну менен көмүр сатуудагы аткезчиликти токтотууга, салык төлөмдөрүнүн ачыктыгын камсыздоого жана жергиликтүү отундун сыртка сатылган баасын тактоого шарт түзүлөт деп эсептейт. Демилгечилер мындай чектөө былтыр өзүн актаганын билдирүүдө. 2025-жылы көмүрдү тышка сатууну чектөө өлкөнүн ички керектөөсүн толук жаап, баанын кармалып турушун шарттаганын, мындан аярлуу катмардагы үй-бүлөлөрдү арзан көмүр менен жабдуу мүмкүн болгонун белгилөөдө. Токтом долбоорундагы маалыматтарга ылайык, былтыр ""Кыргызкөмүр"" мамлекеттик ишканасы аркылуу 411 миң тонна көмүр автоунаа менен тышка ташылып, сатылган. Жалпы суммасы 2 млрд сомдон ашып, мамлекеттик бюджетке 113 млн сомдой киреше киргизген. Ишкананын өзүнүн маалыматына ылайык, 2025-жылы 1,35 млн тонна көмүр өндүрүлгөн. Министрлер кабинети Кыргызстандан көмүрдү автотранспорт менен ташып чыгууга 2022-жылы убактылуу алты айлык чектөө киргизген. Тыюу улам алты айлык мөөнөткө узартылып келе жатат. Акыркы жолу 3-декабрдаМинистрлер кабинетинин токтому менен узартылган. Былтыр ноябрдын башында Ош облусунда көмүрдүн бир тоннасы 8 миң сомдон 11 миң сомго чейинки баада сатылып жатканы маалым болгон. Кыргызстандын аймагында болжол менен 6,4 млрд тоннадан ашуун кору бар 70 көмүр кени жайгашкан. Анын ичинде Сүлүктү, Кызыл-Кыя, Шураб, Алмалык жана Кавак кендеринде 5,2 млрд тонна, Көк-Жаңгак, Таш-Көмүр жана Тегене кендеринде 1,08 млрд тонна, Туюк-Каргаша кенинде 119,6 млн тонна, Кара-Кечеде 400 млн тоннадай көмүр бар. Өткөн жылдары кыш түшкөндө көмүр тартыш болуп, баасы кымбаттап кеткен учурлар катталган.(ZKo)",https://www.azattyk.org/a/33737829.html,0
Арстанбек Абдылдаев: “2020-жылдан баштап жалган дүйнөнүн жолу жабылды”. — Текшерүү мүмкүн эмес,"Арстанбек Абдылдаев: “2020-жылдан баштап жалган дүйнөнүн жолу жабылды. Жалган дүйнө жок болуп, чыныгы дүйнөнүн жолу ачылды. Кыргыз дүйнөгө ок болду, адамзатка кыргыз бир сот болду.  Улуу кыргыз адамзатка бир асмандагы күн болду делет.",https://factcheck.kg/ky/arstanbek-abdyldaev-v-2020-godu-ischez-lozhnyj-mir-otkrylas-doroga-pravdivogo-mira-nedokazuemo/,1
Дипфейктер деген эмне жана эмнеси менен алар коркунучтуу? [split],"башка адамдардын сүрөттөрүн колдонушкан. Ошол эле кезде бул технологияны жакшы максатта колдонуунун толтура мисалдары бар, мисалы, кинематографияда жана жарнамада. 2021-жылы Хью Джекмандын катышуусундагы “Эскерүү” (“Воспоминание”) деген тасмага элдин кызыгуусун күчөтүш үчүн Warner Bros дипфейк-технологияныколдонууну чечкен. Каалаган адамсайткакирип, өзүнүн сүрөтүн жүктөп Джекман менен бирге промороликтин каарманы боло алмак. Система сүрөт боюнча адам жүзүнүн кыймылын түзөт эле. (select an image) Synthesia британ компаниясы маляриянын коркунучу тууралуу Дэвид Бекхэмдин катышуусундагы соцроликти тартууда дипфейк-технологияны колдонгон. Роликте Бекхэм тогуз тилде сүйлөйт. Жасалма интеллект ар башка тилде айтылган сөздөрду Бекхэм өзү айтып жаткандай кылган. Орусиялык Сбербанк дагы дипфейк-технологияларды колдонуп, “Иван Васильевич кесибин алмаштырат” деген тасманын каарманы Жорж Милославскийди “тирилткен”. Биз көргөндөй, дипфейктерди жаратуу технологиялар жыл сайын улам татаалдашууда, аны менен катар сапаты жакшырып, аларды чындыктан ажыратуу да улам оорлоп барат. Эмки макалада дипфейкти аныктоо жолдору, ага керек болгон аспаптар жана технологяилар тууралуу айтып бермекчибиз.",https://factcheck.kg/ky/chto-takoe-dipfejki-i-pochemu-oni-opasny/,1
Шайлоо алдындагы фейк маалыматтарды текшерүү жолдору,"“Бир бол” партиясы саясий кеңешинин курамы өзгөргөнүн, партия катары жаңы адамдар менен толукталганын жазып, атайын жасалган сүрөт менен бөлүштү. Ага улай эле, ошол сүрөттү пайдаланып, партияга кирбеген адамдарды сүрөткө чаптап тараткандар болду. “Бир бол” гана эмес, ушундай эле чындыкка туура келбеген талапкерлерден тизме түзүп “Ата Мекен” партиясынын тизмеси” деп дагы популярдуу группаларда тараткандар болду. Биз бул материалда мындай учурда маалыматты кантип текшерсе болорун айтып беребиз. Адегенде “Бир бол” партиясынын расмий барагында булжаңылык, сүрөт пайда болгон. Андан кийин эле популярдуу группаларда ушуга окшогон башка сүрөттөр, талапкерлердин тизмеси “Эскилерди чогулткан Бир бол” деген жазуу менен пайда болду. Ушундай эле жол менен жасап, “Ата Мекен” партиясынын тизмеси деп таратып жатышты. Бул маалыматтардын чын-төгүнүн териштирбей туруп ишенгендер, аны өзүнүн баракчасын бөлүшкөндөр болгонун комментарийлерден, бөлүшүлгөн посттордон көрүүгө болот.",https://factcheck.kg/ky/kyrgyz-shajloo-aldyndagy-fejk-maalymattardy-teksher%d2%af%d2%af-zholdoru/,1
"Компанияны башкарат, жыттарды сезет, COVIDди аныктайт. ЖИ бүгүн дагы эмнеге жарайт? [split]","керек. Сайттан Choose file (файлды издөө) деген пунктту тандап, керектүү эски сүрөттү жүктөп (аны алгач скандап алуу зарыл), “Restore photo” деген баскычты басып, бир аз күтүп туруу зарыл. Даяр сүрөттү компьютерге жүктөп алса болот. Орусияда жазуучу Павел Пепперштейн жасалма интеллект менен кошо авторлукта жазган китепбасылып чыгарылды. Орус жазуучусу SberDevices командасы иштеп чыккан ruGPT-3 нейротармагы менен биргеликте “Ойгонуу аракетинде” («Пытаясь проснуться») деген аңгемелер жыйнагын жазган. Китеп кагаз түрүндө да, электрондук форматта да жеткиликтүү. Жыйнакта 24 аңгеме бар. Алардын жарымын Пепперштейн, калган жарымын нейротармак жазган. ruGPT-3 жазган бардык тексттер жарыяланган эмес. Пепперштейн жана китеп басылып чыгарылган Individuum басма үйүнүн башкы редактору Феликс Сандалов эң мыктыларын тандып чыгышкан. Гарвард университетининбожомолу боюнча, 2030-жылы ЖИнин негизиндеги тиркемелер кеңири тарап, көп пайда алып келишет, ал эми метаалам биздин элестетүү мүмкүнчүлүгүбүз менен гана чектелмекчи. Транспорт, саламаттык сактоо, билим берүү, оюн-зоок чөйрөсү, ишке орношуу, коомдук коопсуздукту камсыздоо тармактарында жасалма интеллектин таасири чоң болот, ал эми үй/кызмат көрсөтүү роботтору кадыресе көрүнүшкө айланат. Ошондой эле, эксперттердин айтымында, метааламдагы көрүнүштөрдү, үндөрдү, жыттарды чындыктан айырмалоо оор болот. VR очкилердин мүмкүнчүлүктөрү дагы кеңейет, үйдө отуруп эле тарыхый жерлер менен таанышууга мүмкүндүк берген акылдуу кийимдердин, мээлейлердин пайда болушу күтүлөт.",https://factcheck.kg/ky/rukovodit-kompaniej-oshhushhaet-zapahi-vyyavlyaet-covid-na-chto-sposoben-ii-uzhe-segodnya/,1
Хаменеи Иран Ормуз кысыгын коргой турганын билдирди,"Ирандын жогорку лидери Можтаба Хаменеи 30-апрелде жарыяланган кайрылуусунда Тегеран Перс булуңундагы коопсуздукту камсыз кыларын жана «душмандын деңиз жолун пайдалануу аракетин токтоторун» билдирди. Бул Можтабанын атасы Али Хаменеи 28-февралда АКШ жана Израил жүргүзгөн аба соккуларында каза болгондон кийин жогорку лидерликке келгенден берки сейрек жасаган кайрылууларынын бири болду. Кайрылуу анын X социалдык түйүнүндөгү баракчасына жарыяланды. Ал ирандыктар өлкөнүн деңиздеги, жердеги жана абадагы чек араларын коргой турганын белгиледи. 56 жаштагы Хаменеи атасынын өлүмүнөн бери эл алдына чыга элек. АКШ расмий өкүлдөрүнүн айтымында, ал ошол соккуларда оор жаракат алган болушу мүмкүн. Иран Ормуз кысыгын жаап, өзү уруксат берген кемелерден башкасынын баарын өткөрбөй келет. Мындан улам дүйнөдө, мунай баасы өсүп, согуштун экономикага тийгизген таасири боюнча кооптонуулар күчөдү.",https://www.azattyk.org/a/33746173.html,0
Сакчылар корпусу Ормузда эки кеме кармалганын билдирди,"Ирандын Ислам революциясынын сакчылар корпусу “Ормуз кысыгынан жашыруун чыгууга” аракеттенген “мыйзам бузган эки кеме” кармалганын билдирди. Корпустун аскер күчтөрү шаршембидемаалымдагандай, кеп Израилге таандык MSC Francesca жана Epaminodes кемелери тууралуу жүрүүдө. Алар “уруксат албастан” чыгып баратканы, буга чейин да эреже бузганы, навигациялык системанын ишине кийлигишүү жана деңиз кыймылынын коопсуздугуна коркунуч жаратканы үчүн айыпталууда. Кемелер ташып бараткан жүктү жана документтерин текшерүү үчүн Ирандын аймагына жөнөтүлгөнү кабарланды. Ушул эле күнү Ирандын мамлекеттик медиасы куралдуу күчтөр өлкөнүн жээгинде жүк ташыган үч кеме чабуулга кабылып, керектен чыгарылганын билдиришкен. Сакчылар корпусу АКШ менен Израил чабуул баштаган 28-февралда Ормуз кысыгын кемелер менен мунай танкерлери үчүн жаап салган. Ок атышууну токтотуу макулдашуусунан кийин, 17-апрелде ачып, көп өтпөй кайра жапкан. Анын алдында АКШ менен Ирандын сүйлөшүүлөрү майнапсыз аяктаганда америкалык аскерлер ирандык портторду бөгөттөгөн. Өткөн жекшембиде АКШ Ирандын желеги астында сүзгөн жүк ташуучу Touska кемеси кармалганын билдирген.",https://www.azattyk.org/a/33738045.html,0
Орус армиясынын аба соккусунан Харьковдо алты киши мүрт кетти,"Украинанын Харьков облусунда ракета чабуулунан төрт адамдын өмүрү кыйылды. Бул тууралуу 4-майда облустук аскердик администрациянын башчысы Олег Синегубов билдирди. Ал кошумчалагандай, кыркка жакын адам жаракат алды. Ошондой эле жеке үйлөр, көп кабаттуу имараттар, төрт дүкөн жана техникалык тейлөө жайы жабыркады. Ал эми Чернигов облусундагы Новгород-Север районунда орус күчтөрүнүн чабуулунан кийин 14 миңдей тургун электр жарыгысыз калды. Жергиликтүү бийликтин маалыматына ылайык, шаар түн ичинде бир нече жолу дрондор менен аткыланып, жарандык инфраструктура зыян тартты. Бир адам жараат алды. Мындан тышкары, Донецк, Днепропетровск, Херсон жана Харьков облусунун айрым аймактарында да электр энергиясы үзгүлтүккө учурады. Чугуев районунда орус дрону нан ташыган машиненин жанына кулап, айдоочу менен кошо дагы бир адам жаракат алды. Ал эми Сумы облусунда көп кабаттуу үйлөр жана башка имараттар орус армиясынын чабуулунан зыян тартты. Украин армиясы билдиргендей, 4-майга караган түнү орус армиясы жалпысынан 155 дрон менен чабуул койгон. Алардын 135и атып түшүрүлгөнү айтылды. Орусиянын Коргоо министрлиги Украинада адатта аскердик гана жайларды бутага аларын билдирип, жарандык инфраструктурага урулган соккуларды четке кагып келет.",https://www.azattyk.org/a/33748946.html,0
Дүйнө чемпионаты-2026: Трамп Ирандын футбол чемпионаты боюнча чечимин айтты,"АКШнын президенти Дональд Трамп Ирандын 2026-жылкы футбол боюнча дүйнөлүк чемпионатка катышуусу боюнча өз позициясын билдирди. Бул тууралуу чет элдик спорт басылмалары жазып чыкты. «Иран катышабы же жокпу, мага баары бир. Менимче, Иран оор жеңилүүгө учураган өлкө. Алар кыйроолордон жыйналышы керек», — деди Трамп Politico басылмасына берген маегинде. Эске салсак, 28-февралда АКШ жана Израил Иранга каршы аскердик операция башташты, ал дагы Жакынкы Чыгыштагы америкалык базаларга ракеталык соккулар менен жооп кайтарууда. Буга чейин Ирандын футбол федерациясынын президенти Мехди Таж аскердик операцияга байланыштуу Дүйнөлүк чемпионатты бойкоттоо мүмкүнчүлүгүн жарыялаган. Чүчүкулактан кийин Иран G тобуна кирген. Учурда Иран 15-июнда Лос-Анжелесте Жаңы Зеландия, 21-июнда Лос-Анжелесте Бельгия жана 26-июнда Сиэтлде Египет менен беттешүүсү күтүлөт.",https://24.kg/kyrgyzcha/364461_duyno_chempionatyi-2026_tramp_irandyin_futbol_chempionatyi_boyuncha_chechimin_ayttyi/,0
Орусиялык генерал Азатбек Омурбековду жок кылуу аракети көрүлгөнү маалымдалды,"Орусиянын Хабаровск аймагындагы аскердик гарнизондо жардыруу болуп, бир адам каза тапты, бир нече адам жаракат алды. Бул тууралуу «ВЧК-ОГПУ» жана Khabara Телеграм каналдары жазышты. Маалыматка караганда, чабуул генерал-майор Азатбек Омурбековду жок кылуу максатында коюлган болушу мүмкүн. Жардыруу гарнизондогу №55 үйдүн кире беришинде болгон. Бомба тепкичке коюлган. Натыйжада подполковник Кузьменко каза болуп, Омурбеков аман калган. Бирок анын абалы тууралуу маалымат жок. Khabara жазгандай, жардыруу 28-апрелде эртең менен болгон. Үч-төрт киши жаракат алган. Расмий бийлик бул окуя боюнча азырынча маалымат бере элек. Азатбек Омурбеков 2022-жылы Хабаровск крайында жайгашкан №64 өзүнчө мото аткычтар бригадасын жетектеген. Ал Украинанын Буча шаарындагы кыргынга айыпталып келет. Орусиянын Коргоо министрлиги бул айыптоолорду четке каккан. Бирок Associated Press жана Би-би-си сыяктуу эл аралык медиалар өз иликтөөлөрүндө жарандардын өлүмүнө орус аскерлери тиешеси бардыгын көрсөтүшкөн. Украинанын прокуратурасы оккупация маалында Бучада 600дөн ашуун карапайым киши өлтүрүлгөнүн, көбү кыйноого кабылганын аныктаган. 2022-жылдын жай айларында ошол эле бригаданын жоокери Даниил Фролкин журналисттерге интервью берип, оккупациядагы Андреевка айылында жаранды өлтүргөнүн мойнуна алган. Ал ошондой эле Омурбеков жоокерлерди сабап, кемсинткенин жана фронттогу кырдаал тууралуу бурмаланган маалымат бергенин айткан. Кийин Фролкин «жалган маалымат таратты» деген айып менен 5,5 жылга соттолгон. Аны менен бирге кызмат өтөгөн аскерлер Омурбеков жарандарды, айрыкча уюлдук телефону бар адамдарды атууга буйрук бергенин билдиришкен. Бучадагы окуялардан кийин ага орус президенти Владимир Путин «Орусиянын Баатыры» наамын ыйгарган. Омурбековго АКШ, Улуу Британия жана Евробиримдиксанкция киргизген. Омурбеков 1983-жылы Өзбекстандын Каракалпак автоном облусунун башкы каласы Нукус шаарында төрөлгөн.",https://www.azattyk.org/a/33745909.html,0
Кыргызстанда малды идентификациялоонун жаңы милдеттүү белгиси киргизилет,"Министрлер кабинети 2025-жылдын 3-мартындагы № 105 токтомуна ылайык жаныбарларды жана алардан алынган азыктарды идентификациялоого байланыштуу өзгөртүүлөрдү бекитти. Жаңыртуулар жоболорду мыйзамга ылайыкташтырууга жана малды визуалдык идентификациялоо жол-жобосун тактоого багытталган. Документке ылайык, бодо малды, жылкыларды, эшектерди жана качырларды идентификациялоодо микрочиптерди гана эмес, кошумча «i» деп аталган белгини да колдонууга уруксат берилет. Бул белги суюк азотту колдонуп, жаныбардын сол жагына: санга же жаактын ылдыйкы жагына коюлат. Бул белгилөө мурунтан эле аныкталган жаныбарларды визуалдык түрдө идентификациялоону жөнөкөйлөштүрүү жана сатуу же алмаштыруу учурунда коркунучун азайтуу үчүн арналган. Жобо он күндөн кийин күчүнө кирет.",https://24.kg/kyrgyzcha/363264_kyirgyizstanda_maldyi_identifikatsiyaloonun_janyi_mildettuu_belgisi_kirgizilet/,0
Кыргыз эл жазуучусу Султан Раевдин «Топон» китеби Венгрияда жарык көрдү,"Кыргыз эл жазуучусу Султан Раевдин «Топон» аттуу китеби Будапештте венгр тилинде басылып чыкты. Китепке «Топон» романы, «Күн кармаган бала», «Кашаба» повесттери кирди. 2023-жылы Венгрияда алгач «Жанжаза» романы чыккан. «Жанжаза» романы венгр окурмандар арасында чоң резонанс жараткан. Кыргыз жазуучулар арасынан буга чейин бул өлкөдө залкар жазуучубуз Чыңгыз Айтматовдун бир нече чыгармалары жарык көргөн. «Венгрия атактуу акын Шандор Петөфинин, өткөн жылы Нобель сыйлыгын алган Краснахоркаи Ласлонунун, менин эң сүйүктүү композиторум Ференц Листин мекени. Адабият менен өнөр Мекени Венгрияда чыгармамдын венгр тилинде жарык көрүшү тек гана мен үчүн эмес, кыргыз улут адабияты үчүн да чоң сыймык деп айтар элем», -деди жазуучу «Жанжаза» (2023ж), «Топон» жыйнагын да көрүнүктүү венгр котормочусу Жозеф Горетитю которгон. «Топон» жыйнагынын таанытым кечеси Венгр маданияты жана руханияты борборунда өтө бийик деңгээлде өттү. Кечеге венгр адабиятчылары, коомчулугу, студенттер, адабий ышкыбоздор катышты.",https://24.kg/kyrgyzcha/360544_kyirgyiz_eljazuuchusu_sultan_raevdin_topon_kitebi_vengriyada_jaryik_kordu/,0
Бишкек-Кант-Токмок унаа жолунун бир бөлүгүн кеңейтүү: Иштер качан бүтөт?,"Кыргызстандагы Бишкек-Кант-Токмок унаа жолунун кеңейтүү иштери уланууда. Бул тууралуу Транспорт жана коммуникация министрлиги билдирди. Маалыматка ылайык, аталган жерге асфальт-бетондун биринчи катмары төшөлдү. Ошол эле учурда электр жана байланыш линияларын жылдыруу, электр берүү линияларынын тирөөчтөрүн орнотуу жана тосмолорду орнотуу иштери жүрүп жатат. Мындан тышкары, тротуарлар, суу өткөргүчтөр жана сугат арык системалары курулууда. Чоң Чүй каналынын үстүнөн өткөн көпүрө да реконструкцияланууда. Транспорт министрлиги 3,85 чакырымдык бөлүгү ушул жылдын август айында бүткөрүлүшү пландалганын белгиледи.",https://24.kg/kyrgyzcha/369125_bishkek-kant-tokmok_unaa_jolunun_bir_bolugun_keneytuu_ishter_kachan_butot/,0
Коомдук транспорттогу койдун сүрөтү фейкпи? [split],"Fotoforensics кызматынын жардамы менен да койдун башка объектилерден өзгөчөлөнүп турбаганын аныктайбыз: Эгерде фотомонтаж колдонулган болсо, койдун сөлөкөтү башка объектилерден айырмаланып турмак. 4. Сүрөттү текшерүүчү дагы бир сервис — Luminance Gradient Analysis. Ал компьютердик графиканы аныктайт. Бир нече кызматты колдонуу менен, фотошоп элементтерин тапкан жокпуз.  Андыктан маалыматтын алгачкы булагын издейбиз. Аны “Яндекс сүрөт” сервисинин жардамы менен  табабыз. Сүрөт алгач Instagram социалдык тармагында 2017-жылдын 13-февралында ар түрдүү ракурста тартылып, жарыяланган. Мындан мурунку сүрөттөр табылган жок. Жыйынтык: Сүрөт монтаждалган эмес. Ал алгач 2017-жылы жарыяланган.",https://factcheck.kg/ky/ovcza-v-marshrutke-fotoshop/,1
13-январга карата аба ырайы,"Кыргызгидромет кызматы билдиргендей, 13-январга караган түнү Ысык-Көл облусунун айрым жерлеринде кар жаашы күтүлөт, калган аймактарда жаан-чачын болбойт, ал эми күндүз жаан-чачын күтүлбөйт. Абанын температурасы: Чүйдө түнкүсүн −1...+4 күндүз 11...16 Таласта түнкүсүн 0...-5 күндүз 8...13 Баткенде түнкүсүн −3...+2 күндүз 9...14 Ош, Жалал-Абад облустарында түнкүсүн −3...+2 күндүз 9...14 Ысык-Көлдө түнкүсүн −3...-8 күндүз 1...6 Нарында түнкүсүн −21...-26 күндүз −9...-14 Бишкекте түнкүсүн −1 ...+1°, күндүз 14...16° болот.",https://24.kg/kyrgyzcha/357533_13-yanvarga_karata_aba_yirayyi/,0
2022-жылы аткаминерлердин авиа учууларына  бюджеттен 179 млн сом сарпталган,"2022-жылдын башынан бүгүнкү күнгө чейин”Авиакомпания Эйр Кей Джи” ЖЧК‎ташыган өлкөнүн жогорку жетекчилигинин авиа учууларынын чыгымын жабууга Кыргыз Республикасынын бюджетинен 178 млн 804 миң сом жумшалган. Бул былтыркы жылга салыштырмалуу дээрлик эки эсе көп. Былтыр январь-сентябрь айлар арылыгында чыгымдар 98 млн сомдутүзгөн. Болгондо да бул бир гана ушул авиакомпанияга байланыштуу чыгымдар, бул суммага президенттин бизнес-джеттеги учуулары кирген эмес. Муну “Ачык бюджет” порталынан билүүгө мүмкүн болду. Журналисттер бул маалыматтарды мекемелер коммерциялык фирмаларга кызматтары үчүн акча которгондугу тууралуу графадан таап алышты: Тилекке каршы, КР Юстция министрлигинде «Эйр кей джи» компаниясы 2013-жылы катталганы менен “Ачык бюджет” порталында быйылкы жылдын жана 2019-жылдын гана маалыматтары бар. Компания “Манас” эл аралык аэропортуна таандык. Белгилей кетүүчү жагдай, 2019-жылы аткминерлердин авиа учууларынын чыгымы 138 млн сомду түзгөн.",https://factcheck.kg/ky/v-2022-godu-iz-gosbyudzheta-bylo-potracheno-179-millionov-na-aviaperelety-chinovnikov/,1
Бекешевди кемсинткен “Садыр Жапаров” аттуу колдонуучу фейк эмес — фактчек [split],"2015-жылы журналист Элнура Кулуева колдонуучуну саясатчылардын арасынан журналисттерге ыкчам жооп берерин баалап, ыраазычылыгын билдирген. 2017- жылдын 21-мартында мындан ары бул аккаунтту жардамчысы алып барарын кабарлаган.   Эске салсак, Садыр  Жапаров 2017-жылдын 25-мартында чет өлкөдөн кайтып келген соң, камакка алынган. 2018- жана 2019-жылы бирден гана пост жарыяланган. 2020-жылдын 28-январында дагы бир маалымат чыгып, сентябрь айына чейин дымып калган. Ал эми үгүт иштери башталган соң, аккаунт активдүүлүгүн күчөткөн. Шайлоо өнөктүгүндө колдонуучу Жапаровдун эл менен болгон жолугушууларын түз эфирде берип турган. Ал штабдын кызматкерлеринин жанында турганын байкаса болот. Колдонуучу Садыр Жапаров тууралуу жаңылыктар менен активдүү бөлүшүп, өлкөдөгү саясий процесстер тууралуу президенттин расмий билдирүүлөрүн жарыялап турат. Ал эми үстүбүздөгү жылдын январь айында төмөндөгүдөй пост жарыялаган: Жыйынтык: Дастан Бекешевди кемсинткен“Садыр Жапаров”аттуу фейсбук колдонуучусу фейк эмес.",https://factcheck.kg/ky/polzovatel-sadyr-zhaparov-oskorbivshij-dastana-bekesheva-ne-fejkovyj-faktchek/,1
Былтыр Акыйкатчы институтуна жарандардан сотко байланышкан 816 арыз түшкөн,"2025-жылы Акыйкатчы институтуна сот өндүрүшүндө укуктарын коргоо өтүнүчү менен жарандардан 816 арыз-даттануу түшкөн. Бул тууралуу аталган институттан билдиришти. Маалыматка ылайык, арыздардын басымдуу бөлүгүндө жарандар сот чечимине макул эместигин билдиришкен. Кайрылуулардын негизги багыттары: Жыл ичинде Акыйкатчы институту тарабынан жалпысынан 572 сот процессине мониторинг жүргүзүлгөн. Анын ичинен: Талдоо көрсөткөндөй, мониторинг жүргүзүлгөн ар бир экинчи соттук отурум белгиленген убакыттан кеч башталган. Ал эми 270 сот отурумунун ичинен 112си (41,5%) башка күнгө жылдырылган. Бул сот органдарынын уюштуруу иштериндеги кемчиликтерди көрсөтүп, сот өндүрүшүнүн создуктурулушуна жана жарандардын сот адилеттигине жетүү укугун чектөөгө алып келет. Процесстердин үзгүлтүккө учуроосуна судьялардын бошобой жаткандыгы, катышуучулардын келбей калышы жана сот залдарынын жетишсиздиги себеп болгон. Акыйкатчы Жамиля Жаманбаева аталган кемчиликтерди жоюу боюнча Жогорку сотко сунуштарды жөнөттү. Анда соттук отурумдардын графигин сактоо, иштерди создуктурбоо жана бардык сот залдарын аудио-видео жазуу каражаттары менен толук жабдуу зарылдыгы белгиленди.",https://24.kg/kyrgyzcha/366710_byiltyir_akyiykatchyi_institutuna_jarandardan_sotko_baylanyishkan_816_aryiz_tushkon/,0
"Компанияны башкарат, жыттарды сезет, COVIDди аныктайт. ЖИ бүгүн дагы эмнеге жарайт? [split]","Белгиленгендей, 4 миң адамдын үндөрүнүн жазуулары колдонулуп, алардын 300ү таажычан вирусту жуктуруп алганы аныкталган. Жазылган үндөрдү тиркемеге жүктөө аркылуу ооруган адамдын үнүнүн өзгөрүшүн аныктаган ЖИнин моделин иштеп чыгууга мүмкүн болду. Иллюстративдүү сүрөт Google компаниясынын изилдөөчүлөрүжасалма интеллектти жытты, алардын башка жыттарга окшоштугун аныктаганга жана ушул эле жыттарды жаныбарлар кандай сезээрин билгенге үйрөтө алышты. Аны үчүн изилдөөчүлөр 5 миң ар түрдүү молекулалардын даамы жана жыты тууралуу маалыматтарды колдонуп, жыттардын картасын түзүшкөн. Жыйынтыгын текшерүү максатында 15 адамга 320 жаңы заттын жытын сүрөттөп берүүнү суранышкан. Адамдар ар бир жытты башкараак сезишкендиктен, экспериментке катышкандардын орток көрсөткүчтөрү колдонулуп, алар ушул эле жыттар боюнча жасалма интеллекттин жыйынтыктары менен салыштырылган. Google изилдөөчүлөрүнүн билдирүүсүндө, ЖИнин жыйынтыктары адамдардын орток пикирине караганда жыт боюнча жалпы көрсөткүчкө жакыныраак болгон.“Башкача айтканда, модель молекуланын түзүлүшү боюнча жыт кандай болоорун тагыраак божомолдоп бере ала тургандыгын көрсөттү.” Иллюстративдүү сүрөт Кытайлык Tencent компаниясынын инженерлери GFP-GAN аталыштагы ЖИ системасынтартуулашты. Ал эскилиги жеткен сүрөттөрдү калыбына келтирип, алардын тактыгын кыйла жакшырта алат. Анда NVIDIA’нын Style GEN-2 модели атайын окутуудан өткөрүлгөн. Бул ыкмада сүрөттөгү адамдардын “иденттүүлүгүн” сактоого басым кылынат, адамдардын көзүнө жана оозуна өзгөчө көңүл бурулат. Бул мүмкүнчүлүктү каалаган адам колдоно алат. Аны үчүн программанынсайтынаөтүү гана",https://factcheck.kg/ky/rukovodit-kompaniej-oshhushhaet-zapahi-vyyavlyaet-covid-na-chto-sposoben-ii-uzhe-segodnya/,1
"“2017-жылы улут, аймак аралык кастыкты козгогон фейктер толуп кеткен. Мен ошондо ачык булактардан маалыматты текшерүү оңой жана бат экенин түшүнүдүм. “Фейсбуктагы” баракчам  аркылуу аларды текшерүүнүн жыйынтыгын жарыялап турчумун. Бирок фейктер азайган жок. Улам жаңы окуя болгон соң, ага байланышкан жалган маалымат пайда боло берди”, — дейт Б.Темиров. [split]","Ошондо фактчекинг аркылуу бизге абдан жакшы трафик келип жатканын байкадык. Андан соң фактчек жанрындагы макалаларды туруктуу жасап калдык. Дагы жаңы журналисттерди алып, өзүбүз окутуп, даярдап алдык. Азыр биздин редакцияны фактчекерлер катары да тааный башташты. Сайтыбызда “Фактчек” деген атайын бөлүм пайда болду”— деп белгилейт Д.Алимова. “Медиа өнүктүрүү борбору” коомдук фондунун жетекчисиНургүл Абдыкеримованынайтымында 2,5 жылдан тарта өлкө ичинде ондогон редакция, жүздөгөн студент, мектеп окуучуларына фактчекинг боюнча онлайн жана оффлайн тренингдери өткөрүлгөн. Окутуулар Кыргызстанда гана эмес, коңшу Казакстан, Тажикстан журналисттери үчүн да жүргүзүлгөн. Фактчек жанры Кыргызстанда өнүгүп келе жатканына карабай, анын өнүгүүсүнө жолтоо болгон маселелер да байкала баштады. Алардын бири – бардык эле редакцияларда бул жанрды алып кетүү мүмкүнчүлүгү боло бербейт. Буга себеп — убакыттын тардыгы жана кадр тартыштыгы деп белгилейт редакция өкүлдөрү. 24.kg маалымат агенттигинин жамааты фактчекинг боюнча тренингдерден өткөн, бирок учурда фактчек жанрына көңүл буруу үчүн убакыт да, кадрлар да жетишпей жатканын белгилешет: “Оперативдүүлүк, ыкчам маалымат берүү ири агенттиктер үчүн номур биринчи көйгөй болуп саналат. Ал эми фактчекинг айрым учурда өтө көп убакытты талап кылат”, — деп билдирет 24.kg сайтынын башкы редакторунун орун басарыМахинур Ниязова. Аны менен катар тажрыйбалуу журналисттердин бүт убактысы агенттиктин негизги максаты – жаңылыктарды даярдоого кетип, фактчек менен алектенге жетишпей калышууда. Ал эми жаш кадрлардын бул жанрды аркалап кеткенге билимдери аз дейт М.Ниязова. “Жаш кадрлар таптакыр даярдыгы жок келет. Алардын университетте алган билими",https://factcheck.kg/ky/kyrgyz-kyrgyzstandagy-faktchek/,1
"Тегеран Ормуз курчоого алынса, Перс булуңундагы порттор коркунучка кабыларын билдирди","13-апрелде Ирандын куралдуу күчтөрүнүн негизги операциялык штабы АКШ Иран портторун блокадага алса, «Перс булуңунда жана Оман булуңунда бир да порт коопсуз болбойт» деп билдирди. Иран тарап АКШнын эл аралык аймактагы кеме кыймылына«чектөө киргизүүсүн» мыйзамсыз аракет жана «деңиз каракчылыгынын мисалы» деп атады. Дем алыш күндөрү Пакистанда өткөн сүйлөшүүлөр ийгиликсиз аяктагандан кийин АКШ президенти Дональд Трамп 13-апрелде чыгыш убактысы боюнча саат 10:00дөн (Иран убактысы 17:30) тартып Иран портторуна кирген жана чыккан кемелердибөгөттөө башталарын билдирген. Иран аскердик штабынын өкүлү ""Перс булуңу менен Оман булуңундагы порттордун коопсуздугу же баарына тиешелүү болот, же эч кимге буйрубайт"" деп кошумчалады. Ал ошондой эле «душманга тиешелүү кемелерге» Ормуз кысыгы аркылуу өтүүгө тыюу салынарын, ал эми башка кемелер Иран Ислам Республикасынын куралдуу күчтөрүнүн эрежелерине ылайык өтө аларын билдирди. Кагылыш башталгандан бери Иран Ормуз кысыгы аркылуу деңиз каттамын катуу чектеген. Бул кадам мунай баасынын кескин өсүшүнө түрткү берди. Ошондой эле Тегеран бул стратегиялык өткөөл аркылуу өтүүнү каалаган кемелерден төлөм алынарын жарыялаган. Буга Трамп каршылыгын билдирип, Ормуз кысыгын жарым-жартылай блокадага алуу чечимин жарыялаган.",https://www.azattyk.org/a/33731191.html,0
Иран АКШ менен сүйлөшүүлөргө катышуу ниети жок экенин билдирди,"ТегеранАКШ менен тынчтык сүйлөшүүлөрүнүнэкинчи айлампасына катышуу планы жок. Бул тууралуу 20-апрелде Ирандын Тышкы иштер министрлигинин өкүлү Эсмаил Багаи айтты. Кошмо Штаттар менен Иран делегациялары Исламабадда тынчтык сүйлөшүүлөрүнүн экинчи айлампасы өтөр-өтпөсү дагы эле белгисиз. Ак үй 20-апрелдеги сүйлөшүүлөргө америкалык делегация Пакистанга жөнөп жатканын билдирген. Ал эми Ирандын мамлекеттик медиасы Тегеран өз өкүлдөрүн жибербей турганын кабарлаган. «Иран улуттук кызыкчылыктарды жана кооптонууларды эске алуу менен сүйлөшүүлөрдү улантуу боюнча тиешелүү чечим кабыл алат», — деди журналисттер менен жолугушууда Багаи. Ал ошондой эле Америка ирандык кемени кармап алышын «агрессия» деп атап, бул окуя иликтенип жатканын билдирди. Ошол эле учурда жогорку даражалуу ирандык аткаминер Reuters агенттигине берген маегинде «өзөктүк программа боюнча пикир келишпестиктер чечиле электигин» айтты. Анын айтымында, «АКШнын деңиздеги блокадасынын улантып жатышы Иран менен АКШнын тынчтык сүйлөшүүлөрүнө доо кетирүүдө». 11-апрелде Исламабадда көп жылдардан бери алгачкы жолу Кошмо Штаттар менен Ирандын ортосунда түз сүйлөшүүлөрэки жумалык ок атышпоожарыялангандан кийин болгон. Тараптар анда мунасага келе алган эмес, бирок акыркы күндөрү жаңы жолугушууга даярдык туралуу маалыматтар пайда болгон. Быйыл 28-февралда Израил менен АКШ Иранга сокку уруп, Тегеран ага жооп кайтарып Перс булуңундагы америкалык базалар жайгашкан өлкөлөргө сокку ура баштаганда дүйнөлүк мунай жана газдын 20% ашууну ташылган Ормуз кысыгын жаап койгон. Бул дүйнөлүк рынокто мунайдын кымбатташын шарттады. Тегеран 17-апрелде элдешүү маалында коммерциялык танкерлер үчүн Ормуз ачылганын маалымдап, кийинки күнү Ирандын портторун АКШнын курчоого алуусу уланып жаткандыктан, кысыкта аскердик көзөмөл калыбына келтирилгенин айткан.",https://www.azattyk.org/a/33736231.html,0
Чек ара бекетинде өзүн атып алган жоокер каза болду,"Мурда чек ара бекетинде октон оор жаракат алган келишимдик аскер кызматкери И. уулу А. ооруканада каза болду. Мамлекеттик чек ара кызматы бул кабарды тастыктады. Маалыматка ылайык, ал кырсык катталары менен Алай районунун Гүлчө шаарындагы ооруканага жеткирилген. Бирок ага көрсөтүлгөн ыкчам медициналык жардам жана куткаруу аракеттерине карабастан, анын өмүрүн сактап калуу мүмкүн болгон жок. Бул факты боюнча чек ара кызматы кызматтык иликтөө иштерин улантууда. Эске салсак, 2004-жылы туулган И. уулу А. 8-апрелде АК-74 автоматынан ок чыгарып, өмүрүнө кол салууга аракет кылганы маалымдалган.",https://24.kg/kyrgyzcha/370105_chek_ara_beketinde_ozun_atyip_algan_jooker_kaza_boldu/,0
Купуялык саясаты( 2023 ред.),"119021, Россия, Москва шаары, Зубовский бульвары, 4 үй, 1,2,3- имараттар дареги боюнча катталган ""Россия сегодня"" Эл аралык маалымат агенттиги"" Федералдык мамлекеттик унитардык ишканасы (мындан ары - Агенттик, биз, биздики, биздики) сиздин турмушуңузду коргоого жана жеке маалыматтарыңыздын коопсуздугуна чоң маани берет. Купуялык саясаты Россия Федерациясынын жеке маалыматтарды коргоо жаатындагы ченемдик укуктук актыларынын талаптарына жана эл аралык укуктун нормаларына, анын ичинде, бирок алар менен чектелбестен: Россия Федерациясынын 2006-жылдын 27-июлундагы № 152-ФЗ ""Жеке маалыматтар жөнүндө"" Федералдык Мыйзамы, GDPR нормалары - 2016-жылдын 27-апрелиндеги Европалык парламенттин жана Европа Бирлигинин Кеңешинин N 2016/679 ""Жеке маалыматтарды иштетүүгө байланыштуу жеке адамдарды коргоо жана мындай берилмелердин эркин айлануусу, ошондой эле 95/46 / EC Директивасын жокко чыгаруу жөнүндө (Берилмелерди коргоо боюнча жалпы жобо)” Регламентине ылайык иштелип чыккан. Биз Сиздин жеке маалыматтарыңызды ушул Купуялык саясатына (мындан ары - Саясат) жана колдонуудагы мыйзамдарга ылайык коргоо үчүн өз убагында чараларды көрөбүз жана жеке маалыматтарды иштетүү жана коргоо жогорку эл аралык стандарттарга жооп берерине кепилдик беребиз. Сиздин жеке маалыматыңызды кандай максаттарда иштетип жатканыбызды, ошондой эле Агенттик тарабынан иштетиле турган жеке маалыматтарыңызга карата укуктарды кантип ишке ашыра аларыңызды түшүнүү үчүн Саясатты кылдат изилдеп чыгууну суранабыз. Биз Саясатты түшүнүү үчүн мүмкүн болушунча жөнөкөй кылууга аракет кылдык. Саясат орус тилиндеги редакцияда бекитилет жана зарыл болгон учурда чет тилдерге которулат. Эгерде сизде биздин жеке маалыматтарыңызды иштетүү жана аларды коргоо боюнча суроолоруңуз болсо, Саясаттын баяндалышын жакшыртуу боюнча сунуштарыңызды, ошондой эле бекитилген редакцияга суроо-талапты бизге""Байланыштар"" 13-бөлүмүндөкөрсөтүлгөн ыкманы колдонуу менен жөнөтсөңүз болот. 1. Колдонуу аймагы Саясат Сиз биздин маалымат ресурсубузду (сайт, мобилдик тиркеме) колдонгон учурда, ошондой эле биз маалымат ресурсун пайдаланууга байланышпаган иш-аракеттерди жасаган учурда Сиздин жеке маалыматтарыңызды чогултуу жана иштетүү боюнча иш-аракеттерибиз жөнүндө Сизге маалымат берүү үчүн арналган. Саясат колдонулуучу процесстер""Купуялык жөнүндө эскертүү"" 5-бөлүмүндөкелтирилген. Биздин маалымат ресурста (сайт, мобилдик тиркеме) биз көзөмөлдөбөгөн жана Саясат менен камтылбаган башка кызмат көрсөтүүчүлөрдүн ресурстарына шилтемелерди камтышы мүмкүн экенине көңүл буруңуз. Биз өнөктөштөрүбүздөн колдонуучулардын берилмелерине кылдат мамиле кылууну талап кылабыз жана абийири далилденген компаниялар менен гана иштейбиз. 2. Иштетилген жеке маалыматтардын категориялары Биз расага, улуттук текке, саясий көз караштарга, диний же философиялык ишенимдерге, ден соолук абалына, интимдик жашоого, биологиялык мүнөздөмөлөргө тиешелүү, инсандыгыңызды аныктоого жардам берүүчү жеке маалыматтарыңызды иштетпейбиз. ММКнын ишмердүүлүгү жөнүндөгү колдонуудагы мыйзамдарда башкача каралбаса, биз Сиздин жеке маалыматыңызды жалпыга жеткиликтүү булактардан максаттуу чогултууну ишке ашырбайбыз. 3. Жеке маалыматтардын субъекттеринин категориялары Жеке маалыматтардын субъекттерине Агенттиктин жана анын өкүлчүлүктөрүнүн, филиалдарынын, корреспонденттик пункттарынын кызматкерлери, Агенттиктин сайттарын, мобилдик тиркемелерин жана кызматтарын колдонуучулар, Агенттиктин өнөктөштөрү, клиенттери, контрагенттери жана алардын өкүлдөрү, журналисттер, блогерлер (социалдык тармактарда жеке сайт, баракчаны, басып чыгаруу аянтын өнүктүрүүчү жеке адамдар), жалпыга маалымдоо каражаттарынын өкүлдөрү, Агенттик өткөргөн иш-чаралардын катышуучулары, жеке маалыматтарды иштетүү максаттарын ишке ашырууну камсыз кылуу үчүн жеке маалыматтардын башка субъекттери кирет. Жеке маалыматтарды иштетүүнүн максаттары""Купуялык жөнүндө эскертүү"" 5-бөлүмдөкелтирилген. Агенттик бойго жеткен адамдардын жеке маалыматтарын иштетүүнү ишке ашырат. 4. Жашы жете электердин жеке маалыматтарын чогултуу Биздин маалымат ресурсубуз (сайт, мобилдик тиркеме) колдонуудагы мыйзамдарда же ата-энелердин же аларды алмаштырган адамдардын макулдугу менен каралган учурларды кошпогондо, жашы жете электердин жеке маалыматтарын иштетүү үчүн арналбаган. Эгерде колдонуудагы мыйзамдарда башкача каралбаса, жашы жете элек адам 18 жашка чыга элек адам болуп саналат. Эгерде Сиздин балаңыз бизге өзүнүн жеке маалыматтарын берди деп ишенүүгө негизиңиз бар болсо,""Байланыштар"" 13-бөлүмүндөкөрсөтүлгөн ыкманы колдонуу менен биз менен байланышыңыз. 5. Купуялык жөнүндө эскертүү 5.1. Сиздин инсандыгыңызды идентификациялоо менен жеке маалыматтарды иштетүү. Агенттиктин маалымат ресурсу (сайт, мобилдик тиркеме) төмөнкү максаттарга жетүү үчүн сизди жеке адам катары идентификациялоо үчүн жеке маалыматтарды иштетүүнү ишке ашырат: 5.1.1. Жаңылыктар сайтында жеке кабинеттин функционалын берүү. Жаңылыктар сайты деп Агенттиктин интернет-басылмасын түшүнүү керек, анын адистиги жаңылыктарды же жаңылыктык материалдарды чогултуу жана жайылтуу болуп саналат. Жеке маалыматтарды иштетүү максаты. Жаңылыктарды талкуулоого катышууга, жаңылыктарга түшүндүрмө берүүгө мүмкүнчүлүк берүү. Көрсөтүлгөн максат үчүн иштетилүүчү жеке маалыматтар. Сайтта катталуу үчүн төмөнкүлөрдү камсыз кылышыңыз керек: атыңыз же лакап атыңыз жана электрондук почта дареги. Каттоо эсебиңизди түзгөндөн кийин, Сиз өзүңүздүн жеке кабинетиңизде кошумча маалыматтарды көрсөтсөңүз болот: сүрөт, жашыңыз тууралуу маалымат; жынысыңыз; туулган күнүңүз; өлкөңүз; Google ID, Apple ID, социалдык тармактардагы аккаунт IDси. Кошумча маалыматтар милдеттүү болуп саналбайт. Эгер сиз Google ID, Apple ID, социалдык тармактагы аккаунт IDсин көрсөтсөңүз, анда сайт Сиздин социалдык тармактагы аккаунтуңуздагы маалыматтар: атыңыз, фамилияңыз, сүрөтүңүз, туулган күнүңүз, жынысыңыз, электрондук почта дареги, жазылуулар иштетилет. Жеке маалыматтарды иштетүү үчүн мыйзамдык негиздер. Сиздин макулдугуңуз. Жеке маалыматтарды сактоо мөөнөтү. Каттоо эсебиңизди өзүңүз жок кылмайынча же сиз макулдукту кайтарып алууга суроо-талап жөнөткөнгө чейин (маалыматтарды жок кылуу). Макулдукту кайтарып алуу тартиби.""Макулдукту кайтарып алуу укугу"" 8.7-пунктундакөрсөтүлгөн. Жеке маалыматтарды үчүнчү жактарга өткөрүп берүү. Эгерде сиз жеке кабинетиңиздин баптоолорунда өзүңүздүн Google ID, Apple ID, социалдык тармактагы аккаунт IDсин көрсөтсөңүз, анда сиздин жеке маалыматтарыңыз үчүнчү жактарга, атап айтканда: Google LLC (Firebase, Google Analytics); Twitter Inc. (Твиттер); Вконтакте ЖЧК (Вконтакте), Apple Inc. өткөрүлүп берилет. Сиздин жеке кабинетиңиздин баптоолорунда социалдык тармактар тууралуу маалыматтар болбосо, үчүнчү жактарга өткөрүп берүү жүргүзүлбөйт. Жеке маалыматтарды үчүнчү өлкөлөргө жана эл аралык уюмдарга өткөрүп берүү. Эгерде Сиздин жеке кабинетиңиздин баптоолорунда социалдык тармак тууралуу маалымат болсо, жеке маалыматтарды иштетүү Россия Федерациясынын аймагында, АКШда жана социалдык тармактын провайдери бар болгон башка өлкөлөрдө жүргүзүлөт. Жеке кабинетиңиздин баптоолорунда социалдык тармактар тууралуу маалымат болбосо, жеке маалыматтарды иштетүү Россия Федерациясынын аймагында гана жүргүзүлөт. 5.1.2. Медиасайтта жеке кабинеттин функционалын берүү. Медиасайт деп Агенттиктин маалымат ресурсу түшүнүлүшү керек, анда Агенттик тарабынан аларды андан аркы пайдалануу жана кийинки жайылтуу максатында түзүлгөн санариптик форматтагы маалымат продуктулары (фото, видео, аудио ж.б.) жайгаштырылган. Фотоматериалдарды, графикалык, инфографикалык, аудиовизуалдык материалдарды колдонуу укугуна лицензия берүү. Аты, фамилиясы, электрондук почта дареги, логин, компаниянын аталышы, компаниянын өнөр жайы, шаар, өлкөсү, иштеген жери, ээлеген кызматы, почта индекси, дареги, байланыш телефонунун номери. Келишим (лицензиялык макулдашуу). Келишим (лицензиялык макулдашуу) аракети токтотулганга чейин. Келишим токтотулгандан кийин келишим ички архивдик сактоого өткөрүлүп берилет. Келишимди сактоо мөөнөтү колдонуудагы мыйзамдардын талаптарына ылайык иштердин ички номенклатурасы менен аныкталат. Жеке маалыматтарды үчүнчү жактарга өткөрүп берүү жүргүзүлбөйт. Жеке маалыматтарды иштетүү Россия Федерациясынын аймагында гана жүргүзүлөт. 5.1.3. Коммерциялык маалымат ресурсундагы жеке кабинеттин функционалын уюмга берүү. Коммерциялык кызматтарды көрсөтүү. Электрондук почта; уюм; логин; колдонулуучу жаңылык каналдары жөнүндөгү маалыматтар. Келишим (лицензиялык макулдашуу) токтотулганга чейин. 5.1.4. Конкурстар же башка иш-чараларды өткөрүү. Маркетинг конкурстары жана акцияларын өткөрүү. Социалдык тармактардагы аккаунттардын IDси, фамилиясы, аты, атасынын аты, жашы, өлкөсү, интернет-мессенджерлер жана социалдык тармактардагы байланыштар тууралуу маалыматтар, байланыш телефондорунун номерлери, электрондук почта дареги, фото, видео. Сиздин жеке маалыматтарыңызды иштетүү үчүн мыйзамдуу негиздер. Конкурска же башка иш-чарага катышуу эрежелери. Иш-чаранын аягына чейин. Жеңүүчүлөрдүн берилмелери аларга сыйлыктарды бергенге чейин иштетилет. Үчүнчү жактар иш-чараларды уюштурууга (өнөктөштөр, үчүнчү тараптардын аянттары) же сыйлыктарды берүүгө (почта кызматтары, курьердик кызматтар же өнөктөштөр) тартылган учурда, жеке маалыматтар үчүнчү жактарга өткөрүлүп берилет. Конкурстун бардык этаптарын, анын ичинде жеңүүчүлөргө сыйлыктарды берүүнү уюштуруу убагында Агенттик жеке маалыматтарды үчүнчү жактарга өз алдынча өткөрбөйт. Үчүнчү жактар иш-чараларды уюштурууга (өнөктөштөр, үчүнчү тараптардын аянттары) же сыйлыктарды берүүгө (почта кызматтары, курьердик кызматтар же өнөктөштөр) тартылган учурда, жеке маалыматтарды иштетүү Россия Федерациясынын аймагында жана үчүнчү жактар бар өлкөлөрдө жүргүзүлөт. Тартылган үчүнчү жактар болбогон учурда жеке маалыматтарды иштетүү Россия Федерациясынын аймагында гана жүргүзүлөт. 5.1.5. Электрондук каттар- жөнөтмөлөр жана эскертүүлөрдү жөнөтүү. Маалыматтык жөнөтмөлөрдү ишке ашыруу. Фамилиясы, аты; электрондук почта дареги; турган жеринин дареги; почталык клиент тууралуу маалыматтар. Сиздин макулдугуңуз кайтарып алынганга чейин. The Rocket Science Group (Mailchimp); SendPulse Inc. (Sendpulse). Жеке маалыматтарды үчүнчү өлкөлөргө жана эларалык уюмдарга өткөрүп берүү. Жеке маалыматтарды иштетүү Россия Федерациясынын, АКШ, Германия жана Литва Республикасынын аймагында жүргүзүлөт. 5.1.6. Кайра байланыш мүмкүнчүлүгүн камсыз кылуу. Жеке адамдын же уюмдун өкүлүнүн кайрылууларын (даттанууларын, сунуштарын) кароо. Фамилиясы, аты; иштеген жери жана ээлеген кызматы; дареги; өлкөсү; байланыш телефон номерлери; электрондук почтанын дареги. Маселеңизди чечүү үчүн Сиз менен кайра байланышты камсыз кылуу. Кайрылууда бизге жиберилген сурооңуз чечилгенге чейин. 5.2. Сиздин инсандыгыңызды идентификациялоосуз жеке маалыматтарды иштетүү. Биздин сайт төмөнкү максаттарга жетүү үчүн Сизди жеке адам катары идентификациялоосуз автоматтык түрдө маалыматтарды чогултууну жүргүзөт: 5.2.1. Ички аналитикалык тутумдардын жардамы менен маалымат ресурсун (сайттар жана мобилдик тиркемелер) колдонуучунун жүрүм-турумун талдоо. Сайттын/мобилдик тиркеменин ишин жакшыртуу, контент берүү, эң тиешелүү жаңылык материалдарын көрсөтүү, Агенттиктин сайтында/мобилдик тиркемесинде жана жарнама тармактарында максаттуу жарнамаларды көрсөтүү. Cookie, IP дареги, жайгашкан жери тууралуу маалыматтар, ОТ түрү жана версиясы, браузердин түрү жана версиясы, түзмөктүн түрү жана экрандын токтому, колдонуучунун сайтка кайдан, кайсы сайттан же кайсы жарнама аркылуу келгени, ОТ жана браузердин тили, колдонуучунун Интернет тармагындагы активдүүлүгү. Мыйзамдуу кызыкчылык. Сиздин маалыматыңызды чогултуу убагында биз мыйзамдуу кызыкчылыкты жетекчиликке алабыз, анткени бул учурда башка негиздер колдонула албайт. Биздин иш-аракеттер сиздин берилген мазмунга болгон кызыгууңуз, аны колдонуунун ыңгайлуулугуна байланыштуу болот. Биздин сайтта колдонуучунун жүрүм-турумун талдоо жалпыга маалымдоо каражаттарынын иш-аракети үчүн кеңири таралган практика болуп саналат, бул жагынан биз сиздердин бул тууралуу кабардар болушуңузга таянабыз. Биз белгилеген максатка жетүү үчүн жүргүзүлгөн Сиздин маалыматтарыңыздын талдоосу Сиздин укуктарыңыз жана эркиндиктериңизге олуттуу таасир этпей турганын ырастайбыз. Сактоо мөөнөтү cookie файл түрүнө байланыштуу болот. Тийиштүү акысыз тышкы сервистерди колдонуп, cookie-файлдардын түрлөрүнүн сүрөттөмөсү менен өз алдынча таанышсаңыз болот, мисалы:https://www.hotcleaner.com/cookie-editor/. 5.2.2. Маалымат ресурсун (сайттар жана мобилдик тиркемелер) колдонуучунун жүрүм-турумун үчүнчү тараптын ресурстарынын жардамы менен талдоо. Сайттын/мобилдик тиркеменин иштешин жакшыртуу, контент берүү, эң тиешелүү жаңылык материалдарын көрсөтүү, максаттуу жарнаманы көрсөтүү. Cookie, IP дареги, жайгашкан жери тууралуу маалымат, ОТ түрү жана версиясы, браузердин түрү жана версиясы, түзмөктүн түрү жана экрандын токтому, колдонуучу сайтка кайдан, кайсы сайттан же кайсы жарнама аркылуу келгени, ОТ жана браузердин тили, колдонуучунун Интернет тармагындагы активдүүлүгү. 1) Cookie-файлдын түрүнө жараша анын сактоо мөөнөтү аяктаганга чейин. Тийиштүү акысыз тышкы сервистерди колдонуп, cookie-файлдын түрүнө жараша сактоо мөөнөтү менен өз алдынча таанышсаңыз болот, мисалы:https://www.hotcleaner.com/cookie-editor/. 2) Макулдук кайтарып алынганга чейин (иштетүүдөн баш тартуу). Макулдукту кайтарып алуу тартиби""Макулдукту кайтарып алуу укугу"" 8.7-пунктундакөрсөтүлгөн. Үчүнчү жактарга жеке маалыматтарга жетүүнү камсыз кылуу. Бул максатка жетүү үчүн үчүнчү тарап кызматтарынын маалымат ресурстарына туташуу колдонулат. Бул кызматтарга талдоо жүргүзүү максатында жеке маалыматтарыңызды чогултуу мүмкүнчүлүгү берилет. Бул учурда, Сиздин жеке маалыматтарыңызды иштетүү үчүнчү тарап кызматтарынын Купуялык саясаты менен жөнгө салынат. Жеке маалыматтарды иштетүү Россия Федерациясынын аймагында, АКШда, Египетте жана үчүнчү тараптын кызматтары бар башка өлкөлөрдө жүргүзүлөт. 5.3. Маалымат ресурстарын пайдаланбастан Агенттиктин ишинин алкагында маалыматтарды иштетүү. Биз сиздин Жеке маалыматтарыңызды төмөнкү максаттарга жетүү үчүн маалымат ресурстарын пайдаланбастан иштетебиз: 5.3.1. Агенттиктин өзүнүн иш-чарасына же Агенттик тарабынан уюштурулган иш-чарага ЖМКнын өкүлүн, блогерди аккредитациялоо. Агенттиктин өзүнүн иш-чарасына же Агенттик тарабынан уюштурулган иш-чарага ЖМКнын өкүлүн, блогерди аккредитациялоо. Фамилиясы, аты, Атасынын аты; жынысы; жарандыгы; инсандыгын ырастоочу документтин реквизиттери; сүрөт; паспорт барактарынын көчүрмөлөрү; иштеген жери жана ээлеген кызматы; визанын категориясы жана номери; электрондук почтанын дареги; байланыш телефондорунун номерлери; кирүү максаты. Аккредитациялоо жүргүзүү мөөнөтүнүн ичинде жана аккредитациялоо аяктагандан кийин бир жылдын ичинде. Жеке маалыматтарды үчүнчү жактарга өткөрүп берүү, эгерде алар Агенттиктин иш-чараларын өткөрүү процессине тартылган болсо, жүзөгө ашырылат. Жеке маалыматтарды иштетүү Россия Федерациясынын аймагында жана иш-чаралар өтүп жаткан өлкөнүн аймагында жүргүзүлөт. 5.3.2. Агенттиктин иш-чарасына чакыруу. Агенттиктин иш-чарасын уюштуруу. Фамилиясы, аты, атасынын аты; сүрөт; иштеген жери жана ээлеген кызматы; электрондук почтанын дареги; байланыш телефондорунун номерлери; илимий даражалары жөнүндө маалымат; өмүр баяны жөнүндө маалымат; Интернет-мессенджерлердеги жана социалдык тармактардагы байланыштары жөнүндө маалымат. Жеке маалыматтарды үчүнчү жактарга өткөрүп берүү, эгерде алар Агенттиктин иш-чарасын өткөрүү процессине тартылса, жүзөгө ашырылат. Жеке маалыматтарды иштетүү Россия Федерациясынын аймагында жана иш-чара өтүп жаткан өлкөнүн аймагында жүргүзүлөт. 5.3.3. Агенттиктин өнөктөштөрүнүн өкүлдөрүнүн, контрагенттеринин жана клиенттеринин маалыматтарын иштетүү. Жарандык-укуктук келишимди түзүү, аткаруу жана бузуу; келишимди контрагент менен макулдашуу. Фамилиясы, аты, атасынын аты; иштеген жери жана ээлеген кызматы; электрондук почтанын дареги; байланыш телефонунун номери. Келишим түзүүгө, ошондой эле келишимди аткарууга багытталган аракеттер (келишимдин ар кандай түрү). Келишим түзүлгөнгө чейин, келишимдин аракети токтогонго чейин. 5.3.4. Жалпыга маалымдоо каражаттарынын ишмердүүлүгүнүн алкагында материалдарды даярдоо. ЖМК ишин жүргүзүү. Фамилиясы, аты, атасынын аты; иштеген жери жана ээлеген кызматы; сүрөтү; интервьюнун аудио жазуусу; интервьюну же сөздү видео жазуусу; өмүр баяны; электрондук почтанын дареги; байланыш телефонунун номери; Интернет-мессенджерлердеги жана социалдык тармактардагы байланыштар жөнүндө маалымат. Сиздин маалыматыңызды чогултуу убагында биз мыйзамдуу кызыкчылыкты жетекчиликке алабыз, анткени бул учурда башка негиздер колдонула албайт. Биздин ишмердүүлүк коомдун түрдүү чөйрөлөрүндө болуп жаткан окуяларга оперативдүү жооп кайтарууга жана аларды жаңылык материалдар түрүндө көрсөтүүгө негизделген. Жалпыга маалымдоо каражаттарынын ишмердүүлүгүнүн алкагында материалды түзүүдө жеке маалыматтар колдонулушу мүмкүн жана бул жеке маалыматтар, эгерде бул жеке адамдын укуктарын жана эркиндиктерин бузбаса, жалпыга жеткиликтүү болуп калат жана биз бул тууралуу Сиздин кабардар болушуңузга таянабыз. ММКнын журналисттик ишмердүүлүгүн жүргүзүүнүн алкагында мөөнөтсүз. 5.3.5. ЖМК өкүлдөрүнө жөнөтмөлөрдү ишке ашыруу. Жаңылык жөнөтмөлөрүн ишке ашыруу. Фамилиясы, аты, атасынын аты; иштеген жери; байланыш телефонунун номери; электрондук почтанын дареги; өлкө. Макулдукту кайтарып алуу тартиби""Макулдукту кайтарып алуу укугу"" 8.7-пунктундакөрсөтүлгөн. 6. Профилдештирүүнү кошкондо жекече чечимдерди автоматташтырылган түрдө кабыл алуу Биз максаттарыбызга жетүү үчүн Сиздин жеке маалыматыңызды иштеткен убакта, биз профилдештирүүү кошкондо жекече чечимдерди автоматташтырылган түрдө, анын ичинде кабыл албайбыз. 7. Жеке маалыматтарды жок кылуу Жеке маалыматтарды жок кылуу, эгерде колдонуудагы мыйзамдарда башка шарттар каралбаса, иштетүү максатына жеткенден кийин, аларды сактоо мөөнөтү аяктагандан кийин, жеке маалыматтар субъектинин макулдугун кайтарып алган учурда же келишим бузулганда жүргүзүлөт. Ошондой эле, жеке маалыматтар мыйзамсыз иштетилгени аныкталган учурда жок кылынууга тийиш. 8. Сиздин укуктарыңыз 8.1. Сиз жөнүндө маалыматтарга жетүү укугу. Сиз жеке маалыматтарыңызды иштетүү тартиби: иштетүүнүн максаттары, категориялары, анын ичинде башка өлкөлөрдөн же эл аралык уюмдардан алуучулар же алуучулардын категориялары, сактоо мөөнөтү, иштетүүнү токтотуу шарттары, жеке маалыматтарды алуу булагы жөнүндө бизден маалымат алууга укуктуусуз. Сиз бизден электрондук түрдө иштетилип жаткан маалыматтарыңыздын кеңири колдонулган форматындагы электрондук көчүрмөсүн, эгер бул укук колдонуудагы мыйзамдарда ачык аныкталган болсо, алууга укугуңуз бар. 8.2. Сиздин жеке маалыматтарыңызды оңдоо укугу. Эгерде Сиздин жеке маалыматтарыңыз так эмес, толук эмес же эскирип калган болсо, Сиз аларды биз тараптан кечиктирбестен оңдоону талап кылууга укугуңуз бар же ылайыктуу болсо, аларды өзүңүз, мисалы, жеке кабинетиңиздин баптоолорунан оңдой аласыз. Жеке маалыматыңызды оңдогондон кийин, биз сизге бул тууралуу кабарлайбыз. 8.3. Сиздин жеке маалыматтарыңызды жок кылуу укугу. Сиздин жеке маалыматтарыңызды биз тараптан кечиктирбестен жок кылууну талап кылууга укугуңуз бар, же ылайыктуу болсо, аны өзүңүз, мисалы, жеке кабинетиңиздин баптоолорунан жок кыла аласыз. Эгерде биз Сиздин жеке маалыматыңызды жок кыла албасак, анда анын ээсин аныктоо мүмкүн болбой тургандай кылып, Сиздин жеке маалыматыңызды анонимдүү кылабыз. Жеке маалыматтарыңызды жок кылгандан же анонимдөөдөн кийин, биз бул тууралуу Сизге кабарлайбыз. 8.4. Иштетүүнү чектөө (бөгөттөө) укугу. Сиздин жеке маалыматтарыңызды иштетүүнү чектөөнү (бөгөттөө) бизден талап кылууга укугуңуз бар. Сиз бул укуктан төмөнкү учурларда гана пайдалана аласыз: 1) жеке маалыматтардын тууралыгы бизге маалыматтардын тууралыгын текшерүүгө мүмкүндүк берген мөөнөт ичинде сиз тарабынан талашып-тартылып жаткан болсо; 2) иштетүү мыйзамсыз жана Сиз жеке маалыматтарыңыздын жок кылынышына каршы болуп, аларды колдонууну чектөөнү сурансаңыз; 3) бизге мындан ары кайра иштетүү максаттары үчүн жеке маалыматтар керек болбосо, бирок алар юридикалык талаптарды аныктоо, жүзөгө ашыруу же коргоо үчүн зарыл болсо; 4) Биздин мыйзамдуу негиздер сиздин негиздериңизден жогору экендигин текшерүүдөн мурун кайра иштетүүгө каршы болсоңуз. Сиздин жеке маалыматыңызды иштетүүгө чектөөлөр (бөгөттөө) орнотулган учурда, биз тарабынан иштетүү бөгөттөө алынып салынганга чейин токтотулат, бирок анда биз Сиздин жеке маалыматыңызды сактайбыз. Сиз алардан жеке маалыматтарыңызды иштетүүгө чектөөнү (бөгөт коюуну) каалаган убакта""Байланыштар"" 13-бөлүмүндөкөрсөтүлгөн тартипте суроо-талап жөнөтүү аркылуу алып салсаңыз болот. 8.5. Маалыматтарды көчүрүү укугу. Сиздин жеке маалыматтарыңызды структураланган жана машина окуй турган форматта алууга, ошондой эле бул маалыматтарды башка уюмга өткөрүп берүүгө укугуңуз бар. Сиз бул укукту Сиздин маалыматтарыңыз макулдугуңуздун же кол коюлган келишимдин негизинде электрондук түрдө иштетилген убакта, Сиз тараптардын бири болуп саналган жана бул укук колдонуудагы мыйзамдарда так аныкталган жана техникалык жактан ишке ашышы мүмкүн болгон учурда пайдалана аласыз. 8.6. Каршы чыгуу укугу. Сиз каалаган убакта жүйөлүү каршы пикириңиздин негизинде жеке маалыматтарыңызды иштетүүгө каршы чыгууга укугуңуз бар, эгерде: 1) коомдук кызыкчылык үчүн милдеттер аткарылса же бизге жүктөлгөн расмий ыйгарым укуктарды ишке ашырылса; 2) биз же үчүнчү тарап көздөгөн мыйзамдуу кызыкчылыктар болсо, бирок мындай кызыкчылыктар сиздин укуктарыңызды жана эркиндиктериңизди коргоо үчүн зарыл болбосо. Биз Сиздин жеке маалыматыңызды иштетүү үчүн ынандырарлык мыйзамдуу негиздерди көрсөтө албасак, аларды иштетпейбиз. Сиз ошондой эле жеке маалыматтарыңыздын маркетинг максаттарында, анын ичинде профилдештирүүү үчүн иштетилишине каалаган убакта, эгерде мындай каршылык колдонуудагы мыйзамдарда ачык каралган болсо, каршы чыга аласыз. 8.7. Макулдукту кайтарып алуу укугу Эгер Сиздин маалыматтарыңыз Сиздин макулдугуңуздун негизинде иштетилсе, Сиз аны кайтарып алууга укуктуусуз. Биз макулдукту жөнөкөй кайтарып алуу функционалын ишке ашырабыз: 1) электрондук кат -жөнөтмөлөр дарегине жазуу аркылуу макулдукту кайтарып алуу. Сиз макулдугуңуздан бир нече жол менен кайтарып ала аласыз: а) ар бир жөнөтүлгөн электрондук почтада бар ""Жазылууну токтотуу"" шилтемесин басуу менен; б) электрондук кат -жөнөтмөлөр дарегине жооп каты менен кайтарып алуу пикириңизди жөнөтүү аркылуу; в) орундуу болсо, сиздин жеке кабинетиңиздин баптоолорунан өз алдынча жөнөтмөнү өчүрүү аркылуу. 2) сайттагы жеке кабинетте жеке маалыматтарды иштетүүгө макулдукту кайтарып алуу. а) сайттын жеке кабинет баптоолорунда аккаунтту жок кылуу менен (""Баптоолор"" бөлүмүндөгү ""аккаунтту өчүрүү"" шилтемеси); б)""Байланыштар"" 13-бөлүмүндөкөрсөтүлгөн тартипте бизге суроо-талап жөнөтүү аркылуу. 3) cookie иштетүүгө макулдукту кайтарып алуу (cookie иштетүүдөн баш тартуу). Сайттагы көз салуу баптоолорунун жардамы менен жеке маалыматтарыңызды иштетүү категорияларын өчүрүү жеCookie колдонуу жана автоматтык логирлөө саясатындакөрсөтүлгөн нускама боюнча макулдугуңузду кайтарып ала аласыз (иштетүүдөн баш тарта аласыз). Cookie файлдарынын түрүнө жараша, алар түзмөгүңүздөгү браузерди жапкандан кийин автоматтык түрдө жок кылынышы мүмкүн. Эгер автоматтык түрдө өчүрүү каралбаган болсо, анда сиздин макулдугуңуз кайтарып алынгандан кийин иштетүү токтотулат. 4) маалымат ресурстарын пайдаланууга байланышпаган максаттарда жеке маалыматтарды иштетүүгө макулдукту кайтарып алуу. Сиз""Байланыштар"" 13-бөлүмүндөкөрсөтүлгөн тартипте бизге суроо-талап жөнөтүү менен макулдугуңузду кайтарып ала аласыз. 8.8. Көзөмөл органына арыз берүү укугу. Маалыматтарыңызды кантип иштетип жатканыбызга, укуктарыңызды коргогонубузга жана ишке ашыруубузга шектенсеңиз, өлкөңүздүн ыйгарым укукту көзөмөл органына арыз берүү укугуңуз бар. Эгер сиз Россия Федерациясынын жараны болсоңуз же Россия Федерациясынын аймагында болсоңуз, андаРоскомнадзордунсайтынан көзөмөл органынын байланыштарын карай аласыз. Эгер сиз Европа Бирлигинин жараны болсоңуз же Европа Бирлигинин аймагында болсоңуз, андаЕвропалык маалыматтарды коргоо кеңешинин сайтынанкөзөмөл органынын байланыштарын карай аласыз. Эгер сиз Европа Бирлигинин мүчө-өлкөлөрүнүн тизмесине кирбеген мамлекеттин жараны болсоңуз же сиз ушул мамлекеттин аймагында болсоңуз, анда көзөмөл органынын байланыштарын ушул мамлекеттин ыйгарым укуктуу органынын расмий сайтынан таба аласыз. 8.9. Маалыматтын субъектин идентификациялоо үчүн кошумча маалыматты суроо. Эгерде сиз берген маалыматтар Сиздин укуктарыңызды ишке ашыруу үчүн жетишсиз болсо, инсандыгыңызды ишенимдүү тастыктоо үчүн сизден кошумча маалыматты талап кылышыбыз мүмкүн. Биз кошумча маалыматтын керектүү минималдуу курамын суроого аракет кылабыз. Эгер Сиз кошумча маалыматтарды бербесеңиз, биз Сиздин укуктарыңызды ишке ашыра албайбыз. Кошумча маалыматты талап кылуу менен биз Сиздин укугуңузду бузуп жатабыз деп ойлосоңуз, тиешелүү көзөмөл органына арыз менен кайрылсаңыз болот. 8.10. Сиздин укуктарыңыз боюнча маалымат берүүнүн шарттары. Сиздин укуктарыңызды ишке ашырууга байланыштуу маалыматтар бекер берилет. Эгерде сиздин өтүнүчүңүз ачык эле негизсиз же ашыкча болсо, атап айтканда, анын кайталануучу мүнөзүнөн улам, биз жооп берүүдөн баш тартышыбыз же суралган маалыматты бергенибиз үчүн сизден акы алуубуз мүмкүн. 8.11. Сиз өз укугуңузду кантип ишке ашыра аласыз. Сиздин укуктарыңызды ишке ашыруу үчүн биз бир нече жолду сунуштайбыз: 1) Сиз жеке маалыматтарыңыздын корголушуна байланыштуу бизге кайрылуу жөнөтүү үчүн сайтта жайгаштырылганкайра байланышформасын колдоно аласыз; 2) өзүңүздүн жеке кабинетиңиздин функционалын колдонуу убагында орундуу болсо, өз укуктарыңызды өз алдынча ишке ашыра аласыз; 3) Олуттуу суроолор боюнча,""Байланыштар"" 13-бөлүмүндөкөрсөтүлгөн жол менен маалыматтарды коргоо үчүн жооптуу адам менен түздөн-түз байланыша аласыз. 8.12. Биз сиздин укугуңузду ишке ашыра албай калганда. Колдонуудагы мыйзамдар талап кылса, биз милдеттерибиздин көлөмүн жана Сиздин укуктарыңызды чектей алабыз. Бул чектөөлөр Сиздин жеке маалыматтарыңыз төмөнкүдөй иштетилсе, колдонулушу мүмкүн: 1) улуттук коопсуздукту камсыз кылуунун алкагында; 2) коргоо үчүн; 3) коомдук коопсуздук үчүн; 4) алдын ала текшерүү, тергөө, инсандыгын аныктоо жүзөгө ашырылган учурда же кылмыш жасагандыгы үчүн соттук артынан түшүү же жазык-укуктук жазаларды аткаруу, анын ичинде коомдук коопсуздукка коркунучтардын алдын алуу жана коргоо учурунда; 5) сиз турган мамлекет үчүн мыйзамдуу коомдук кызыкчылыктын башка маанилүү максаттары үчүн, атап айтканда, маанилүү экономикалык же финансылык кызыкчылыктар, анын ичинде акча-кредит, бюджеттик жана салык маселелери, саламаттыкты сактоо жана социалдык камсыздоо; 6) соттун жана сот өндүрүшүнүн көз карандысыздыгын коргоо максатында; 7) жөнгө салынуучу кесиптер боюнча этикалык бузуулардын алдын алуу, тергөө, аныктоо жана куугунтуктоо; 8) расмий ыйгарым укуктарды жүзөгө ашырууга байланышкан мониторинг, текшерүү же жөнгө салуу функциясын аткаруу үчүн; 9) Сизди же Сиздин укуктарыңыз менен башка адамдардын эркиндиктерин коргоо үчүн; 10) жарандык-укуктук доо коюу укугун ишке ашыруу жана сот чечимдерин аткаруу үчүн. Ошондой эле, кээ бир укуктарды ишке ашыруу үчүн өзгөчө шарттар бар, аларды аткарбастан укукту ишке ашыруу мүмкүн эмес, атап айтканда: Жок кылуу укугу үчүн өзгөчөлүктөр: 1) сөз эркиндигине жана маалыматка болгон укукту ишке ашыруу үчүн; 2) колдонуудагы мыйзамдарга ылайык иштетүүнү талап кылган юридикалык милдеттенмени аткаруу же коомдук кызыкчылыкта же колдонуудагы мыйзам тарабынан бизге жүктөлгөн расмий ыйгарым укуктарды жүзөгө ашыруу тартибинде аткарылган тапшырманы аткаруу үчүн; 3) калктын саламаттыгын сактоо жаатындагы коомдук кызыкчылыктын себептери боюнча; 4) коомдук кызыкчылык үчүн архивдөө максатында, илимий же тарыхый изилдөө максаттарында же статистикалык максаттарда; 5) соттук доолорду козгоо, жүзөгө ашыруу же коргоо үчүн. Иштетүүнү чектөө (бөгөттөө) укугу үчүн өзгөчөлүктөр: 1) Сиздин макулдугуңуз менен юридикалык талаптарды коюу, ишке ашыруу же коргоо үчүн; 2) башка жеке же юридикалык жактын укуктарын коргоо үчүн; 3) мамлекеттин маанилүү мыйзамдуу коомдук кызыкчылыктарын камсыз кылуу максатында. Эгерде биз Сиздин талабыңыз боюнча укугуңузду ишке ашыра албасак, анда биз сизге жүйөлүү баш тартуу жазабыз. 9. Cookie жана автоматтык логирлөө Саясаттын5.2-пунктундакөрсөтүлгөн максаттарга жетүү үчүн, биз cookie жана берилмелерди автоматтык логирлөө технологияларын колдонобуз. Cookie – бул түзмөктө (компьютерде, планшетте, смартфондо ж.б.) сакталуучу кичинекей тексттик файл. Автоматтык логирлөө лог-файл көрүнүшүнө ээ жана биздин веб-серверлер жана коопсуздук тутумдары тарабынан колдонулат. Бул берилмелерди иштетүү биздин сайтты коопсуз пайдалануу үчүн, ошондой эле анын ишинин сапатын жогорулатуу үчүн гана арналган. Биз бул маалыматты жеке Сиздин инсандыгыңызды идентификациялоо үчүн колдонбойбуз жана бул берилмелерди башка берилмелер менен бириктирбейбиз, өткүрүп бербейбиз жана колдонуучулардын жеке профилдерин түзбөйбүз. Бул технологияларды колдонуубуз тууралуу көбүрөөк маалымат менен Cookie колдонуу жана автоматтык логирлөө Саясатында тааныша аласыз. 10. Жеке маалыматтарды үчүнчү өлкөлөргө өткөрүп берүү кепилдиктери жөнүндө маалымат Катышкан өлкөлөрү жеке маалыматтарды коргоонун тийиштүү деңгээлин камсыз кылган өлкөлөрдүн катарына кирбеген контрагенттер менен өз ара аракеттенүүдө биз Европа Комиссиясы, Роскомнадзор жана улуттук мыйзамдар тарабынан сунушталган стандарттык келишим шарттарын колдонобуз. Биз Сиздин жеке маалыматтарыңызды коргоо үчүн эң мыкты коопсуздук жана купуялык практикасына ылайык коопсуздук чараларын көрдүк. Биз сиздин маалыматыңызды коргоо үчүн алдын алуу чараларын колдонобуз. 11. Маалыматтын коопсуздугу Биз чогулта турган жана сактаган жеке маалыматтар купуя маалымат болуп эсептелет. Алар жоготуудан, өзгөртүүдөн же уруксатсыз кирүүдөн корголгон. Бул учун техникалык каражаттарды жана уюштуруу чараларын колдонобуз. Биз маалыматтарды коргоо тутумдарыбызды дайыма өркүндөтүп жатабыз. Биз иштетүү убагында Сиз үчүн коркунучтарды аныктоо үчүн маалыматтарды коргоонун таасирин баалоо процедурасын жүргүзөбүз. Биз аныкталган тобокелдиктерди техникалык жана уюштуруу коргоо чараларын колдонуу жардамы менен азайтабыз. Биз Сизге берген сайтыбыздагы каттоо эсебиңиздин купуя сөзүн сактоого сиз жооптуусуз. Сиз бул купуя сөздү сыр сактап, аны эч кимге бербешиңиз керек. 12. Саясаттын өзгөрүшү Биз саясатка өзгөртүүлөрдү киргизүү укугун өзүбүзгө калтырабыз. Саясатка киргизилген өзгөртүүлөр жөнүндө бизде жеткиликтүү болгон бардык каражаттарды колдонуу менен Сизге кабарлайбыз (каттоо учурунда көрсөткөн электрондук почта дарегиңиз аркылуу; Сиз киргенде биздин сайт аркылуу). Дайыма саясаттын ар бир жаңыртуусун карап турушуңузду сурайбыз. 13. Байланыштар Бизге жеке маалыматтарды коргоого байланыштуу суроо-талапты жөнөтүү үчүн, Сизкайра байланышформасын колдоно аласыз. Жеке маалыматтарды коргоого байланыштуу эң маанилүү суроолор боюнча, маалыматты коргоо үчүн жооптуу адам менен түздөн-түз электрондук почта дареги боюнча байланышсаңыз болот: Аты: Дмитрий Фамилиясы: Наймушин Электрондук почта дареги:privacy@sputniknews.com Бул байланыштар жеке маалыматтарды иштетүү жана коргоо боюнча өз ара аракеттенүү үчүн гана колдонулаарын эске алыңыз. Жеке маалыматтарды коргоого тиешеси жок суроо-талаптар каралбайт. Жеке маалыматтарды коргоого тиешеси жок суроо-талаптар үчүн Агенттиктинбайланыш тизмесиндеги даректиколдонууну сурайбыз. Көңүл бургула! Кайрылуунун темасына жараша туура бөлүмдү тандаңыз. Эгерде сиз туура эмес бөлүмдү тандасаңыз, сиздин сурооңуз жоопсуз калышы мүмкүн, анткени бөлүмдөр өздөрүнүн компетенциясынын чегинде гана жооп беришет. 23.01.2023",https://sputnik.kg/20230201/1074537452.html,0
Түркияда 6–8-мартта сноуборд-кросс боюнча Дүйнө кубогу өтөт,"Мелдештер Эрзурум шаарындагы Паландөкен тоо-лыжа борборунда өткөрүлөт Түркиянын Эрзурум шаарында FIS Snowboard World Cup экинчи ирет уюштурулууда. Бул тууралуу иш-чаранын уюштуруучулары билдиришти. Мелдешке 20 өлкөдөн 300гө жакын спортчу катышат. Үч күндүн ичинде дүйнөнүн мыкты райдерлери Паландөкендин татаал трассаларында күч сынашып, жогорку ылдамдыктагы таймашты көрсөтүшөт. Бул мелдеш аталган жайда экинчи жолу өткөрүлүп жатат. Биринчи оюндар 2018-жылы уюштурулган эле. Паландөкен тажрыйбалуу лыжачылар жана сноубордчулар үчүн Түркиядагы эң мыкты багыттардын бири болуп саналат. Ал тик ылдый түшүүлөрү, узун трассалары жана сапаттуу кар катмары менен белгилүү. Мындан тышкары, 12–15-февраль күндөрү Паландөкенде жыл сайын өтүүчү Frozen Festival фестивалы уюштурулат. Фестивалдын алкагында конокторду дүйнөгө белгилүү артисттердин жандуу концерттери жана DJ-сеттер, après-ski жана кечки программалар күтөт. Ошондой эле лыжа жана сноуборд боюнча мелдештер, сыйлык тапшыруу аземи, йога сабактары, муз айкелдерин жасоо жана ар түрдүү тематикалык мастер-класстар өткөрүлөт. Эске салсак, Эрзурум шаарына 2025-жылдын Туристтик борбор шаары макамы Экономикалык кызматташтык уюму (ECO) тарабынан ыйгарылган. Ошондой эле шаар Европа спорт борборлору жана шаарлары федерациясы (ACES) тарабынан Кышкы спорттун Европадагы биринчи борбору деп табылган. Бул макамдардын аркасында шаар кышкы спорттун эл аралык аренасындагы ордун кыйла бекемдеди. Узун трассалар, заманбап инфраструктура жана туруктуу кар шарттары Паландөкенди дүйнөлүк деңгээлдеги мелдештерди өткөрүүгө ылайыктуу жайга айлантат. фото www",https://vesti.kg/kg/dujnede/item/148202-turkiyada-6-8-martta-snoubord-kross-boyuncha-dujno-kubogu-otot.html,0
2026-жылдын январь айында Социалдык фонд 3346 пенсиялык ишти карады,"Кыргыз Республикасынын Социалдык фонду 2026-жылдын январь айында 3346 пенсиялык ишти караган. Алардын ичинен 2541 жаранга биринчи жолу пенсия дайындалган. Ал эми 805 пенсионердин пенсиясы кайра эсептелген (эмгек стажы, эмгек акысы, билими жана майыптыгы боюнча кошумча документтердин негизинде). Пенсиялар боюнча суроолоруңуз болсо, 1202 номерине чалыңыз.",https://24.kg/kyrgyzcha/360409_2026-jyildyin_yanvar_ayyinda_sotsialdyik_fond_3346_pensiyalyik_ishti_karadyi/,0
"Жанар Акаев, “Альянс”: “Мамлекеттик карыз 4.5 млрд долларды түзөт” – жалган","Бүгүн, 22-ноябрда коомдук телеканалда Жогорку Кеңешке ат салышкан партиялардын өкүлдөрүнүн теледебаты өтүүдө. Дебатта “Ишеним”, “Альянс”, “Ынтымак” жана “Аруузат-Эл-Куту” партияларынын өкүлдөрү беттешти. “Альянс” партиясынын өкүлү Жанар Акаев мамлекеттик карыз 4.5 млрд долларды түзөрүн билдирди. Factcheck.kgбул маалыматты текшерди.",https://factcheck.kg/ky/zhanar-akaev-alyans-gosdolg-kyrgyzstana-na-segodnya-sostavlyaet-4-5-mlrd-nepravda/,1
Одессада Орусиянын чабуулунан жабыркагандар саны 20га жетти,"Украинанын Одесса аймагында 30-апрелге караган түнү орусиялык дрондордунчабуулунанкеминде 20 адам жабыркады, алар 17ден 70 жашка чейинки курактагы жергиликтүү тургундар. Бул тууралуу облустук аскердик администрациянын төрагасы Олег Кипер маалымдады. Жараат алгандардын арасында 17 жаштагы улан бар экенин шаардын аскердик администрациясынын башчысы Сергей Лысак Telegram баракчасына билдирген. Анын айтымында, катуу чабуул шаардагы турак жай имараттарына жана жарандык инфраструктурага багытталды. Көп кабаттуу турак жайлар зыян тартты, айрым жерлерди өрт чалды. Дрондордун бири бала бакчага тийип, өрт чон аянтка жайылганы, олуттуу зыян келтиргени маалымдалды. Соода борбору, мейманкана, административдик имараттар, кампалар да жабыркаганы, унаа жайларда ондогон автобустар жана жеңил машиналар талкаланганы да айтылды. Лысак жараат алгандардын экөө оор абалда реанимацияда жатканын жазды. Украинанын аскердик мекемеси билдиргендей, өткөн түнү Орусия украин жергесин баллистикалык «Искандер-М» ракетасы жана 206 согуштук дрон мененаткылады.",https://www.azattyk.org/a/33745875.html,0
ИИМ Бишкек электр тармактар ишканасынын директорун кармады,"Ички иштер министрлиги (ИИМ) Бишкек электр тармактар ишканасынын директору (А.М.), башкы эсепчиси (Ч.И.) жана анын орун басары (Д.Ш.) кармалганын кабарлады. Мекеме 29-апрелде жарыялаган маалыматына ылайык, алар 2023-жылдан бери алдын ала сүйлөшүп алып, мамлекеттик ишкананын каражатын мыйзамсыз чыгарып кетүү боюнча кылмыштуу схема уюштурган деп шек саналууда. Тергөөдө бухгалтерия аркылуу жасалма документтер түзүлүп, акча маяна катары көрсөтүлүп, башкы эсепчинин орун басарынын (Д.Ш.) банктык эсебине которулуп турганы аныкталган. ИИМ кийин шектүүлөр аны бөлүштүрүп алып келгени, жыйынтыгында ишканага көп суммада зыян келтирилгени белгилүү болгонун кошумчалады. Бул факты боюнча Кылмыш-жаза кодексинин “Кызмат абалын кыянаттык менен пайдалануу” беренеси менен кылмыш иши козголуп, шектүүлөр эки айга камакка алынды. Ушул тапта Бишкек электр тармактар ишканасынын директору Паизов Азамат Мамазакирович. ИИМ тараткан инициал анын аты-жөнүнө туура келет. Шектүүлөрдүн жакындары менен адвокаттары комментарий бере элек. (BTo)",https://www.azattyk.org/a/33744901.html,0
Кыргызстандын Чикаго шаарындагы Башкы консулу дайындалды,"Чыңгыз Эшимбеков Кыргызстандын АКШнын Чикаго шаарындагы Башкы консулу болуп дайындалды. Бул тууралуу президенттик администрациясы билдирди. Президент Садыр Жапаров кол койгон Жарлыкка ылайык, Кыргыз Республикасынын Конституциясынын 70-беренесинин 6-бөлүгүнүн 4-пунктуна, 71-беренесине ылайык, Эшимбеков Чыңгыз Казыбаевич Кыргыз Республикасынын Америка Кошмо Штаттарынын Чикаго шаарындагы Башкы консулу болуп дайындалды. Белгилей кетсек, Чыңгыз Эшимбеков 2019—2023-жылдары Кыргызстандын Катар мамлекетиндеги элчиси болуп иштеген.",https://24.kg/kyrgyzcha/362536_kyirgyizstandyin_chikago_shaaryindagyi_bashkyi_konsulu_dayyindaldyi/,0
Бакудагы Алят портунда Борбор Азияга жүк тартып келаткан миңдеген фура жыла албай турат,"Бакудагы Алят эл аралык портунда Борбор Азияга жүк тартып келаткан миңдеген фура жыла албай турат. Жакынкы Чыгышта согуш башталгандан кийин Иран кошуна өлкөлөрү менен чек араларын жапканы Азербайжан-Түркмөнстан паром маршруту аймакка Түркия жана Европадан товар ташуунун жападан жалгыз жолу болуп калды. Тажикстандык айрым ишкерлер менен айдоочулар Каспийден өтүүнү эки жумадан бери күтүп жатышканын айтып берди. Алардын бири 15-апрелде «Озоди» радиосу менен маекте белгилегендей, бир эле маалда жүздөгөн оор машина деңизден өтүүнү каалайт, бирок паромдор анча фураны батыра албайт. Дагы бирөө учурда ал жерде 4 миңден көп фура топтолуп калганын айтат. Мурда жүк ташыган машиналар Европадан жана Түркиядан кара жол менен келатканда Иран аркылуу өтүп, Түркмөнстанга кирчү. Алят портунан Түркмөнстандагы Түркмөнбаши портуна чейинки жол 12 саатты түзөт. Айдоочулардын айтымында, алар негизинен жеңил машина, түрдүү жабдууларды жана кийим-кече алып келатышат. 28-февралда АКШ менен Израил чабуулун баштаганда Иран өз чек араларын жапкан. 8-апрелде убактылуу жарашуу жарыяланганы менен чек аралар ачыла элек.",https://www.azattyk.org/a/33734376.html,0
"Президент чын эле “мечиттер мектептен көп жана бул жакшы көрүнүш”,- деп айтканбы, же жокпу? [split]","КР президентинин сайтында президенттин мындай билдирүүсүн таба алган жокпуз. Бирок  youtube каналында мамлекет башчынын толук сүйлөгөн сөзү жазылган видео табылды. Видеожазуунун 12 мүнөтүнүн 35 секундасында Сооронбай Жээнбеков мындай деп сүйлөгөн: “Кыргызстанда мектептен мечит көп. Бул дагы жакшы көрүнүш. Кээ бири айтат, мектептен мечит көбөйдү деп. Мечит көбөйсө, ыймандуу балдар көбөйөт, медресе көбөйсө, ыймандуу жаштар көбөйөт. Бирок, ушунун баарын туура жолго салышыбыз керек. Азыркы сыртта болуп жаткан коркунучтарды, ошонун баарын эске алып, терроризмди эске алып туруп, биз ынтымактуу, ата-бабалардан калган салтты сактап калышыбыз керек”. Өкүм: фейк эмес.  Президенттин сөзү контекстен алынып келтирилгени менен айтылган сөздөрдүн мааниси өзгөргөн жок.",https://factcheck.kg/ky/govoril-li-prezident-slova-v-polzu-bolshogo-chisla-mechetej-v-strane/,1
"I believe the very limited regions of homology between#SARSCoV2spike and Syn1 are too short/imperfect to be of concern. A minimum of ~≥8-10 adjacent matching AAs, or ~≥12-15 AAs with ~≥66% homology are required for cross-immunity (Abs, CD8+ and CD4+). No region qualifies.— Prof Francois Balloux (@BallouxFrancois)December 2, 2020 [split]","ДССУ өзүнүн бекитилген вакциналарынын коопсуздугунакепилдикберет. ДССУнун башкы директору Тедрос Аданом Гебресиес эмдөөнүн пайдасы тобокелдиктерден алда канча жогору экендигинтастыктады. Бул маалыматты ДССУ 2021-жылдын февраль айында четкекаккан.ДССУнун эмдөө бөлүмүнүн башчысы Кит О’Брайендин айтымындадүйнөдө бир дагы белгилүү вакцина тукумсуздуккаалып келбейт. Тукумсуздук тууралуу маалыматтын пайда болушуна алгач Pfizer компаниясынын мурдагы кызматкери Майкл Йедон жана дарыгер Вольфганг Водаргдын ачык катысебепкер болгон. Анда вакцинадан кийин пайда болуучу антителолор коронавирустун белогуна гана эмес, ага окшош башка синтицин-1 аттуу белокко да таасир тийгизери тууралуу жазылган. Бул жатында платенцаны пайда кылуучу протеин болуп саналат. Иммундук системалда анын басаңдашы тукумсуздукка алып келет деп айтылган. SARS-CoV-2 протеиндерге байланыштуу вакцинанын натыйжасында тукумсуздук тууралуу маалымат логикагатуура келбейт,себеби COVID-19 менен ооруган адамдардын арасында эң көп тукумсуздук катталмак. Коронавирус жуктурган адамдардын көбүн эсе дем алуу органдары жабыркайт. КийинчирээкМайкл Йедонбилдирүүсүн беш аминокислотанын төртөөсүндө синцитин-1 жана белок SARS-CoV-2 Spike болгону менен түшүндүргөн. Бирок анын билдирүүсүн Лондон университетинин генетиги четке кагып, тукумсуздук тууралуу чечим чыгаруу үчүн төрт аминокислота жетишсиз, эң кеминде сегизи керек дептүшүндүргөн. I believe the very limited regions",https://factcheck.kg/ky/zayavlenie-deputata-shajloobeka-atazova-o-vakczinaczii-i-ee-posledstviyah-lozh/,1
Жапаров Кыргызстандын Сейшел аралдары менен алакасын талкуулады,"Президент Садыр Жапаров бүгүн, 5-майда Ысык-Көл облусунун Чолпон-Ата шаарында Сейшел аралдарынын тышкы иштер жана диаспора министри Барри Форду кабыл алды. Президенттик администрация билдиргендей, эки тараптуу кызматташууну өнүктүрүү, анын ичинде саясий диалогду чыңдоо, соода-экономикалык жана маданий-гуманитардык байланыштарды кеңейтүү маселелери талкууланды. Мамлекет башчы Кыргызстан Африка өлкөлөрү менен өз ара аракеттенүүнү тереңдетүүгө умтулуп жатканын белгилеп, географиялык алыстыкка карабастан кызматташууну кеңейтүү үчүн чоң мүмкүнчүлүктөр бар экенин белгиледи. Жолугушууда инвестиция, туризм, финансы жана санариптик технологиялар жаатында кызматташуу тууралуу сөз болду. «Туризм тармагын өнүктүрүү жана санариптик трансформация боюнча тажрыйба алмашууга, ошондой эле “Тамчы” атайын каржылык инвестициялык аймагы жана “Учкун” ишканасы менен кызматташууну жолго коюуга өз ара кызыкдарлык белгиленди», - деп айтылат маалыматта. Барри Фор Кыргызстанга 4-майда келди. Ушул эле күнү аны тышкы иштер министри Жээнбек Кулубаев кабыл алган. Жолугушуунун жыйынтыгында Кыргызстан менен Сейшел аралдары ортосунда кыска мөөнөттүү сапарлар үчүн визалык талаптарды жокко чыгаруу макулдашылган. ТИМ Сейшел аралдарынын башкы дипломаты Кыргызстанга алгачкы ирет келгенин, бул визит министр Кулубаевдин чакыруусу менен уюштурулганын белгилеген. Сейшел аралдары 1976-жылы Улуу Британиядан көз карандысыздык алган, карамагында 115 арал бар. Анда 135 миңдей калк жашайт. (КЕ)",https://www.azattyk.org/a/33750332.html,0
Ызы чуусу көп «табып» Хашим Зейналиев Кыргызстандан чыгып кетти (сүрөт),"Ал өз ишмердүүлүгүн Оманда улантууну көздөйт деп билдирилет «Табып-онколог» Хашим Зейналиев Кыргызстандан чыгып кетти, ал Оманда туруктуу жашоого ниеттенип жатат. Бул тууралуу ЖМК билдирет. Зайналиевдин Оманда дарыгерлик кылууга уруксат алгандыгы белгилүү болду. Анын клиникасынын айрым бир оорулуулары анын кетишине нааразы болуп, элдик дарыгер деп аталган неменин артынан дарылануусун улантканы барышаарын билдиришти. Эске сала кетсек, Бишкек шаардык соту табып Хашим Зайналиевге дарыгерлик ишмердүүлүгүн улантууга тыюу салган.2018-жылы бештин айында «табып-онколог» Хашим Зайналиевге кылмыш иши козголгон, анткени анын мыйзамсыз дарыгерлигинин кесепетинен беш жаштагы кыз канындагы рак менен оор абалда ооруканага түшкөн.Саламаттык сактоо Министрлигинин маалымат катчысы Жылдыз Айгерчинова табыптын лицензиясы жоктугун бир канча жолу айткан, бирок ал ошого карабастан көп жылдан бери өз ишмердүүлүгүн улантып келди.2017-жылы жайында Зайналиевдин операциялык столунда оорулуу аял каза болгон, анткени ал анын эмчегин наркозу жок алып салууга аракет жасаган. Ошонун айынан ага «мыйзамсыз дарыгерлик кылуу» фактысы боюнча биринчи кылмыш иши козголгон. Вероника МалышеваСүрөт www",https://vesti.kg/kg/den-sooluk-uchun/item/60616-yzy-chuusu-kop-tabyp-khashim-zejnaliev-kyrgyzstandan-chygyp-ketti-surot.html,0
"Орусияда Ленинград, Самара жана башка облустар дрон чабуулуна кабылды","Ленинграддын Высоцкий порт районунда дрон чабуулунан улам өрт чыкканын облус губернатору Александр Дрозденкомаалымдады. Анын айтуусунда, аймактын үстүнөн 27 дрон атып түшүрүлдү, жабыркагандар жок. Самара облусунда учкучсуз учак Новокуйбышевск  шаарындагы төрөт үйүнүнжанына түшкөн. Имараттын айнектери күбүлүп, бейтаптар жана ымыркайлар эвакуацияланган. Губернатор Вячеслав Федорищев ошондой эле шаардагы жана Сызрандагы өнөр жай имараттарына да чабуул коюлганын билдирди. Украиналык мониторинг каналдары сөз Новокуйбышевск жана Сызран мунай иштетүүчү заводдору тууралуу болуп жатканын жазышты. Бул тууралуу Дезинформацияга каршы борбордун башчысы Андрей Коваленко даайтты. Заводдор экөө тең ""Роснефтке"" карайт. Аннексияланган Севастополдо, губернатор Михаил Развожаевдинмаалымдашынча, кампа күйүүчү май калдыктары менен күйүп кеткен. Краснодар крайында Тихорецкидеги мунай базанын аймагындаөрт чыккан. Воронежде дрон чабуулунан улам жер үй жабыркаганын губернатор Александр Гусевбилдирди. Курскинин башчысы Александр Хинштейн акыркы суткада 46 дрон жок кылынганын маалымдады. Чабуулдан улам Внуково жана Пулково баштаган бир катар аэропорттор ишин убактылуу токтотушту. Орусиянын Коргоо министрлиги өлкө аймагынан, ошондой эле Кара жана Азов деңиздеринин үстүнөн 258 дрон жок кылынганын билдирди. Мекеменин маалыматына караганда, дрондор Крым, Краснодар крайында жана Белгород, Брянск, Курск, Ростов, Самара, Ленинград жана башка облустарда да жок кылынды.",https://www.azattyk.org/a/33735092.html,0
Түркиянын Тажикстанга эскертүү бергени тууралуу маалымат далилденген жок,"Ал эми, 3-май күнү Ассоль Молдокматова өзүнүн социалдык тармактагы баракчасына, жөнөтүлгөн катка жооп алганын, бул тууралуу ага Түркиянын коомдук ишмери Өмер Эрдоган билдиргенин жазыпчыккан. “Өмер Эрдогандын айтымында, Түркиянын президенти Режеп Тайип Эрдоган Россия Федерациясынын Тышкы иштер министрлигинин өкүлдөрүн чакырып, Тажикстан тараптан Кыргыз Республикасына болгон аскердик агрессия кайталанбашы керек деген эскертүүнү берет экен ”- деп жазганМолдокматова. ПолитКлиника медиасы бул маалыматты текшерип көрдү. Өмер Эрдоган деген ким? Түркиялык басылмалардын маалыматына ылайык, Өмер Эрдоган, Режеп Тайип Эрдогандынжээни. Ал азыркы учурда “Kaf Yapım” рекламалык агентствосунун директору болуп иштейт. Мындан сырткары, айрым тасмалардын сценарийин жана ыр жазаары даайтылат.Башкача айтканда, Өмер Эрдоган саясий кызматты ээлебейт.",https://factcheck.kg/ky/informacziya-o-tom-chto-turcziya-dala-preduprezhdenie-tadzhikistanu-ne-dokazana/,1
1.Цитата:“Биз жакырчылык синдромунан эбак эле арылганбыз!Мамлекетибиз бутуна бекем турат. Буга далил—бюджеттин өскөнү! Министрлер кабинети  менен Жогорку Кенеш 2021-2022-жылкы сессияда мыкты иштеди”.,"Factcheck.kgредакциясына вице-премьер-министр Эдил Байсаловдун билдирүүлөрүн текшерүү өтүнүчү менен окурман кайрылды. Эске салсак, буга чейин редакция өлкө башчысы Садыр Жапаровдунсөзүнөсаресеп салып, манипуляция жана жалган маалыматты аныктаса, УКМК төрагасынын билдирүүсүндө коркутуу, үркүтүүлөрайтылганын жазган. Бул сапар Эдил Байсаловдун билдирүүлөрүндө эмнеге басым жасаларын текшерип көрдүк. 1.Цитата:“Биз жакырчылык синдромунан эбак эле арылганбыз!Мамлекетибиз бутуна бекем турат. Буга далил—бюджеттин өскөнү! Министрлер кабинети менен Жогорку Кенеш 2021-2022-жылкы сессияда мыкты иштеди”. Жыйынтык:жалган маалымат жана манипуляция. Улуттук статистика комитети жыл сайын бюджеттин өсүшүнмаалымдайт. Бирок, ага карабай, расмий статистикага ылайык, ар бир төртүнчү кыргызстандык өлкөдө кедей болупсаналат. Кыргызстанда жакырчылыктын деңгээли 2020-жылдын акырына карата (Улуттук статистикалык комитеттин акыркы маалыматы боюнча) 25,3%ды түзөт. Мындан тышкары, 2019-жылга салыштырмалуу 2020-жылы өлкөдө өтө жакыр адамдардын саны39,3%га өскөн. Ал эми өлкөнүн тышкы карызы жылсайын өсүүдө. Бюджетке көмөк көрсөтүү максатында бийлик насыя менен гранттарды алууну токтоткон жок.Акыркы 4 жылда эл аралык каржы институттары жана донор өлкөлөр менен жалпы суммасы 2 миллиард 455 миллион долларды түзгөн89 келишимге кол коюлган. Байсаловдун кедейликтен арылуунун себеби катары бюджеттин өсүшүн жана министрлер кабинети менен парламенттин «мыкты» ишин жүйө келтириши манипуляциянын “логикалык ката” аттуу түрүнө кирет. Логикалык ката– бул логикалык ой жүгүртүүдө кетирилген ката. Аны камтыган ар бир аргумент чындык деп эсептелбейт, бирок кээ бир адамдар үчүн ар кандай себептерден улам мындай аргументтер ынандырарлык болуп көрүнөт. 2. Цитата:«Биздин эки-үч ММКнын башкы редакторлору күн сайын жана саат сайын элибизди стресс абалына, чыныгы маалыматтык террорго салып жатышат. Бүтүндөй өлкө толкундануунун, кыжырдануунун, коркуунун жана жөн эле жалпы жек көрүүнүн абалына баткан бир дагы өлкө дүйнөдө жок». Өлкөдөгү медиа сабаттуулуктун абалы боюнча жүргүзүлгөнизилдөөгөылайык, маалымат агенттиктеринин сайттарында жарыяланган өлкөдө",https://factcheck.kg/ky/https-factcheck-kg-blestyashhij-fantik-i-igra-s-mashtabom-kak-manipuliruet-edil-bajsalov-faktchek/,1
Бишкек мэри оргумалардын жанындагы мажүрүм талдар кыйылбаганын билдирди,"Бишкек шаарынын мэри Айбек Жунушалиев борбор калаадагы оргумаларды оңдоо жана калыбына келтирүүиштери боюнча маалымат берип,30 жылдан бери жүрбөгөн оңдоп-түзөө жумуштары алып барылганын билдирди. Мэриядан билдиришкендей, Капиталдык курулуш башкармалыгы жүргүзүп жаткан иштердин алкагында Ала-Тоо аянтындагы “Күн балыгы”, Кыргыз улуттук академиялык опера жана балет театрынын жанындагы Театралдык сквердеги, Уркуя Салиева аянтындагы сквердеги жана Бишкек мэриясынын алдындагы фонтан комплекстери оңдолду. Мындан сырткары Токтогул Сатылганов атындагы Кыргыз улуттук филармониясынын алдында, Жаштар аллеясында, Абдрахманов жана Киев көчөлөрүнүн кесилишинде, “Аска-Таш” мемориалдык комплексинде, “Өкмөттүк” жана “Алтын балыктар” оргумаларында реконструкциялоо иштери жүргүзүлөрү маалымдалды. Мекеменин басма сөз кызматы 7-майда мэр Айбек Жунушалиевдинкыскача видеобилдирүүсүн да жарыялады. Анда калаа башчысы оргумаларды куруу маалында мажүрүм талдар кыйылбаганын айтып, 24.kg басылмасы бул жөнүндө туура эмес маалымат таратканын кеп кылды. Жунушалиев тасмада талдардын ичи куурап калганын көрсөтүп, алар кыйылса туура болмогун, бирок жалпыга маалымдоо каражаттарындагы сын-пикирлерден бул иштерди аткаруу мүмкүн болбой жатканын айтты. Мэр ошол эле маалда талдардын бир бөлүгүнүн ордуна жаңы мажүрүм талдар отургузулганын көрсөтүп, ал жердеги дарактар кыйылган-кыйылбаганын тактаган жок. Бишкек шаардык мэриясы буга чейин шаардын борбордук бөлүгүндөгү оргумаларды оңдоп баштаганын жарыялаган. Апрелдин башында24.kg басылмасыТеатралдык сквердеги фонтандарды оңдоонун алкагында анын жанындагы мажүрүп талдар кыйылганын белгилеп, сүрөттөрүн жарыялаган. Маалымат коомчулукта талаш-талкууларды жараткан. Жаңыланганоргумалар 29-апрелдеачылды. (ErN)",https://www.azattyk.org/a/33751872.html,0
"Аба ырайы: жаан, кар жаайт","25-апрелге чейин күтүлүп жаткан жаан-чачынга байланыштуу Кыргызстандын тоолуу райондорунда, тоолуу жолдорунда жана ашууларда кар көчкү түшүүсү жана кар күрткүсү күтүлөт, жолдор тайгак болуп муз тоңот. Унаалардын ортосунда 500 метр аралык кыймыл чектелиши зарыл. 20-апрелде түнкүсүн Ысык-Көл, Нарын облустарынын көпчүлүк аймактарында, Чүй, Талас, Ош, Жалал-Абад, Баткен облустарынын айрым жерлеринде өткүн өтүп, күн күркүрөйт, бийик тоолуу райондордо кар жаайт. Жалал-Абад, Ысык-Көл, Нарын облустарынын айрым жерлеринде жаан-чачын катуу жаайт. Күндүз Ысык-Көл облусунун көпчүлүк аймактарында, Нарын облусунун айрым жерлеринде өткүн өтүп, күн күркүрөйт, бийик тоолуу райондордо кар жаайт. Бийик тоолуу райондордо жолдор тайгак болот. Батыштан соккон шамалдын ылдамдыгы секундасына 4-9 метрге жетет. Абанын температурасы: Чүй өрөөнүндө түнкүсүн 3…8, күндүз 20…25; Талас өрөөнүндө түнкүсүн 2…7, күндүз 18…23; Баткен, Ош, Жалал-Абад облустарында түнкүсүн 5…10, күндүз 21…26; Ысык-Көл облусунда түнкүсүн 1…6, күндүз 13…18; Нарын облусунда түнкүсүн 0…5, күндүз 12…17. Бишкек шаарында түнкүсүн өткүн өтүп, күн күркүрөйт, күндүз жаан-чачын жаабайт. Батыштан соккон шамалдын ылдамдыгы секундасына 4-9 метрге жетет. Абанын температурасы түнкүсүн 6…8°, күндүз 21…23° жылуу болот.",https://www.azattyk.org/a/33735609.html,0
"Шок контентке азгырылба, маалыматты текшер: Эл аралык фактчекинг күнүнө карата кыргыз фактчекерлеринин кеңештери [split]","Колдонуучулар макаланын алдында ыраазычылыктарын билдирип, ал эмес фактчекерлерге көмөктөшө да башташты. Аудитория кеңейип жатат, бирок бул дагы эле жетишсиз. Кеңири элге жетип, аларды кызыктыруу керек. Ошондуктан “Чекит Медиа” түзүлдү. Материалдарды социалдык түйүндөргө ылайыкташтырып, кайрадан форматтап чыгуу керек болду. Фейктер көбөйүп жаткан аянтчаларга, ошол эле ТикТок менен Инстаграммга да, көңүл бурула баштады. Фейк маалыматтар көп кездеше турган дагы бир булак – мессенджерлер. Фейктер көп таратылган плафтормаларга барып, ал жакта да иш алып баруу керек. Бардыгы эле, анын ичинде жаштар дагы, фактчекинг булактарын кызыгып окушпайт. Мастер-класстарды, тренингдерди өткөрүү учурунда аудиториянын толугу менен маалымдар эместигине жана медисабаттуулук көндүмдөрүн колдонбогондугуна күбө болобуз. Ошондуктан башкы кеңештерибиз – фактчекинг булактарын окуп, ЖМКларды тандоого аӊ сезимдүү мамиле кылуу зарыл. ЖМКлар ар түрдүү болот, алар кайсы бир саясатчыларга тиешелүү болушу мүмкүн, мындайда бул саясатчылар тууралуу жаман сөз айтылбай. Баарынан жакшысы – маалыматты бир нече ЖМКлардан, булактардан алып, ага талдоо жүргүзүп кабылдоо. Фейк-аккаунттар темасына көптөгөнжурналисттик иликтөөлөржүргүзүлгөн, алар фейк-фабрикаларга байланыштуу маселе азкыркыга чейин актуалдуу бойдон калып жаткандыгын көрсөттү. Көз карандысыз ЖМКларга көптөгөн чабуулдар жасалды. Акыркы убактарда бул чабуулдарда мамлекеттик каналдардын кызматкерлери колдонула баштады – алар реалдуу аккаунттарды колдонуу менен буюртма постторду жарыялап келишет. Мындан сырткары басма сөз кызматтардын жана ведомстволордун кызматкерлерин дагы бул чабуулга тартылып келет. Бул абдан коркунучтуу тенденция жана ал, муну моюнга алыш керек, өзүнүн натыйжалуулугун көрсөтө алды. Бул маалыматтык согушта фактчекерлер уттуруп койгон учурлар аз эмес, анткени аларда каршылаштарындай ресурстар, штат, каражат жана убакыт жок. Эң жөнөкөй ыкма – аракеттерге чакырган эмоционалдуу тексттерге, шок контенттерге азгырылбоо. Сабырдуулукту сактоо зарыл. Факчекерлерге керек маанилүү сапат – эмоцияларды башкара билүү. Бул өтө татаал. Пропаганда өтө күчтүү иштеп жатканын моюнга алыш керек. Маалымат фактыларга негизделе тургандыгын",https://factcheck.kg/ky/ne-poddavatsya-shok-kontentu-i-proveryat-informacziyu-glavnye-rekomendaczii-kyrgyzskih-faktchekerov-v-mezhdunarodnyj-den-faktchekinga/,1
"""Акылмандын"" бүтүрүүчүлөрү чет жактарда мамлекеттик грант менен билим алат","""Акылман"" президенттик лицейинин бүтүрүүчүлөрүнүн чет өлкөдө окуусу үчүн мамлекеттен билим берүү гранттарын алуу тартиби бекитилди. Бул Министрлер кабинетинин 16-апрелдеги №256токтому менен бекитилди. Ага ылайык, ""Акылман"" президенттик лицейинин бүтүрүүчүлөрүнө чет өлкөлөрдөн билим алуусун улантуу үчүн мамлекеттик грант берүү боюнча Мамлекеттик гранттар комиссиясы түзүлгөн. Ал эми бүтүрүүчүлөргө грант берүүнү ишке ашырууга жоопкерчилик Илим, жогорку билим берүү жана инновация министрлигине жүктөлдү. 2025-жылы президенттик ""Акылман"" лицейин аяктап, ""Эл үмүтү"" стипендиясы менен чет өлкөлөрдөн окуп келгендерди жогорку окуу жайларына жана мамлекеттик кызматтарга сынаксыз кирүүгө укук берген мыйзам күчүнө кирген.Ага ылайык, ""Эл үмүтү"" стипендиясы менен жогорку окуу жайларын окуп келген бүтүрүүчүлөр кадр резервине сынактан тышкары тартипте киргизилери жазылган. Аталган мыйзам долбоору парламентте талкууланып жатканда айрым депутаттар документ балдардын жана бүтүрүүчүлөрдүн укуктарын бузарын, өлкөнүн Конституциясына каршы келерин айтып чыгышкан. “Акылман"" президенттик лицейи 2023-жылы 25-августта ачылган. “Эл үмүтү” эл аралык стипендиясы дүйнөдөгү алдыңкы 100 университетине өткөн 50 магистрантка, докторантка берилет. Акчанын көлөмү тандалып алынган университетке жараша аныкталары жана жыл сайын 50 миң доллардан ашпоого тийиш экени айтылган. (ZKo)",https://www.azattyk.org/a/33736907.html,0
Пайдалуу кеңеш: Эмне үчүн эртең менен суюк тамак ичүү керек?,"Эртең мененки режимиңизди кайра карап чыгып, күнүңүздү кадимки бутерброддордун ордуна жылуу шорпо менен баштоого аракет кылыңыз. Бул Азия өлкөлөрүндө кылымдар бою жасалып келген, анткени суюк, ысык тамак - тамак сиңирүүнү акырын стимулдайт, ашказанды ашыкча жүктөбөйт жана суук аба ырайында организмдин тезирээк ойгонушуна жардам берет. Ашказан үчүн жеңилбаштоопайдалуу Түнкү тыныгуудан кийин тамак сиңирүү системасы жумшак иштейт. Ысык шорпо ашказанды ашыкча жүктөбөйт, оңой сиңет жана ашказан-ичеги трактынын иштешин акырындык менен камсыз кылат. Кургак бутерброддордон же таттуу кондитердик азыктардан айырмаланып, ал кислотанын же оордуктун кескин көтөрүлүшүнө алып келбейт. Көпкө токсактайт Шорпо суюктуктан, жашылчалардан, белоктон жана кээде дан өсүмдүктөрүнөн турат. Бул айкалыш ашыкча калориясыз көлөм берет жана ачкачылыкты басат. Бир табак шорподон кийин, эртең мененки тамактан бир саат өткөндөн кийин жеңил тамактарды жана таттууларды жегиси келбей калат. Эртең менен тамактанганды жактырбагандар үчүн ылайыктуу. Көптөгөн адамдар эртең мененки тамакты толук жеш кыйын деп эсептешет. Ошондуктан кофе тамактын ордун басат. Жеңил шорпо — жашылча, тоок эти же балык — оор ботко же омлетке караганда сиңирүү оңой. Аны жай, кичинекей ууртамдар менен ашыкча салмактан арылбай жесеңиз болот. Арыктоодо жардам берет Шорпо кошулган эртең мененки тамактын калориясы, адатта, кондитер азыктары, сыр же колбаса кошулган классикалык варианттарга караганда төмөн. Ошондой эле, ал сизди узак убакытка ток кармайт. Ошондуктан шорполор көбүнчө арыктоо жана майрамдан кийинки калыбына келүү диеталарына киргизилет. Ден соолугуна кам көргөндөр үчүн ыңгайлуу Эртең менен бышыруу зарыл эмес Бул шорпо эртең мененки даярдоону талап кылбайт. Аны 1-2 күн мурун жасап, жөн гана кайра жылытса болот. Бул аны эртең мененки тамакка ботко же куурулган жумурткага караганда кем эмес ыңгайлуу кылат, бирок организм үчүн бир топ пайдалуу.",https://24.kg/kyrgyzcha/358546_paydaluu_kenesh_emne_uchun_erten_menen_suyuk_tamak_ichuu_kerek/,0
ӨКМ: Тоолуу аймактарда кар көчкү түшүүсү мүмкүн,"Кыргызстандын тоолуу райондорунда 3-8-апрелге чейин күтүлүп жаткан жаан-чачынга жана абанын табы жогорулашына байланыштуу кар көчкү түшүүсү жана кар күрткүсү күтүлөт. Кыргызгидромет көчкү коркунучу бар аймактардын тизмесин жарыялады: Бул күндөрү жолдор тайгак болуп, муз тоңот. Унаалардын ортосунда 500 метр аралык кыймыл чектелиши зарыл.",https://24.kg/kyrgyzcha/368657_okm_tooluu_aymaktarda_kar_kochku_tushuusu_mumkun/,0
Бишкекте Орозо айт намазы эски аянтта окулат,"Эртең, 20-мартта Бишкек шаарында Орозо айт намазы Турдакун Усубалиев атындагы эски аянтта окулат. Бул тууралуу Кыргызстан мусулмандарынын дин башкармалыгынан билдиришти. Орозо айт намазынын программасы: Ал эми аймактарда орозо айт намазы мечиттерде окулат. Региондордогу жалпы айттык программа: Белгиленгендей, тоолуу аймактардын өзгөчөлүгүнө байланыштуу жогоруда көрсөтүлгөн убакыттардын бир аз айырмаланышына уруксат берилет.",https://24.kg/kyrgyzcha/366629_bishkekte_orozo_ayt_namazyi_eski_ayantta_okulat/,0
Солтон-Сары кени тууралуу: Жыл сайын жергиликтүү тургундарга 50 миллион сомдон компенсация төлөнөт,"Кенди иштетүүдө цианиддер колдонулбайт. Кара-Балта шаарында алтынды тазалоо иштери жүргүзүлөт Президенттин басма сөз катчысы Эрбол Султанбаев Солтон-Сары кени боюнча түзүлгөн кырдаалга социалдык тармактардагы баракчасына комментарий берди.Анын айтымында, мамлекет башчы Садыр Жапаров үстүбүздөгү жылдын июнь айында Нарын районундагы Солтон-Сары алтын кенине барып, абал менен кеңири таанышкан.«Президент жергиликтүү тургундар менен жолугуп, жолдорду жана инфраструктураны куруу жаратылышка терс таасирин тийгизет деген көйгөйлөрүн укту», - деп жазат Султанбаев.«Бирок, өзүңүздөр көрүп турасыздар, жолдор көптөн бери төшөлүп, заводдун курулушу башталды. Жер кыртышын бузууга байланыштуу башка иштер жүргүзүлбөй турганы аныкталгандыктан, Солтон-Сары кенин иштетүүгө уруксат берилген. Муну менен катар компания жыл сайын жергиликтүү тургундарга 50 миллион сом өлчөмүндө компенсация төлөп турмакчы. Ошондой эле алтын казып алуу башталгандан кийин төлөмдөрдүн көлөмү көбөйөт деген келишимге жетишилди”,-деп жазды басма сөз катчы.Мындан тышкары мамлекеттик үлүш болот. Кенди иштетүүдө цианиддер колдонулбайт. Кара-Балта шаарында алтынды аффинаждоо иштери жүргүзүлөт.Сүрөт www",https://vesti.kg/kg/geologiya-kg/item/103367-solton-sary-keni-tuuraluu-zhyl-sajyn-zhergiliktuu-turgundarga-50-million-somdon-kompensatsiya-tolonot.html,0
#Автордун көз карашы. Электр унааларынын үнсүз коркунучу,"Мода өзүнүн өзгөчөлүктөрүнө ээ. Вектор коюу менен, ал башка адамдардын көз карашын массалык түрдө киргизүүгө салым кошот (жана сөзсүз түрдө кийимге байланыштуу эмес). Акыркы жаңы тенденциялардын бири - электромобилдер. Негизинен Тесланын аракеттеринин жана Илон Масктын амбицияларынын аркасында киргизилген жаңылык акырындык менен автомобиль рыногун багындырып жатат, эгерде элди кысып кетпесе, анда салттуу дизель жана бензин кыймылдаткычтары менен атаандашып жатат. Жарнамада, пиарда, ЖМКда жана социалдык тармактарда дайыма айтылып келе жаткан электромобилдин негизги артыкчылыктарынын бири – бул экология, унааларды колдонууда анын сакталышы. Бирок чын эле ошондойбу? Келгиле, карап көрөлү, заманбап электромобилдерди колдонууда кандайдыр бир коркунучтар барбы?Баасы жана сапатыЭлектр унааларын киргизүү жана колдонуу идеясынын жаңылыгына, ошондой эле ойлоп табуучу чөйрөсүнө карабастан, унаалар эски модада чогултулат. Электр транспорттордун иштешинин жана пайдалануунун өзгөчөлүктөрүн эске алуу менен, орточо аппараттын баасы анын бензинге караганда бир нече эсе кымбат экенин белгилей кетүү керек. Арзан көрүнгөн операция (бензиндин ордуна электр энергиясын колдонуунун эсебинен) техникалык бузулууларды алмаштыра албайт, алар оңдоо станцияларынын тажрыйбасына ылайык, электр кыймылдаткычы менен жабдылбаган стандарттуу машиналарга караганда дагы көп кездешет.Колдонуу жерлериКолдонуу жерлерине келсек, электр унаалары жолдо жүрүүгө, алыскы жолго чыгууга, жалпысынан шаардын ыңгайлуу көчөлөрү, ошондой эле компакт-кубаттоо станциялары менен жабдылбаган жерлерге ылайыкталган эмес. АКШга жана ЕБге караганда начар өнүккөн өлкөлөр, ошондой эле өнүгүп келе жаткан өлкөлөрдүн ири шаарлары жердин 90% дан ашыгы электр унааларын колдонууда жана кубаттоодо көптөгөн көйгөйлөрдүн ээсине кепилдик беришет.Электр энергиясыЭлектр энергиясы жетишсиз болгон же аны колдонууда кандайдыр бир техникалык кыйынчылыктар болгон жерлерде электромобилдин транспорт каражатынан интерьердин бир бөлүгүнө айланышы үчүн чоң мүмкүнчүлүк бар экенин айтуунун кажети жок. Кымбат машине керексиз экспонат болуп калуусу үчүн бир нече он миңдеген долларларды коротуп, керек болсо, түз маанисинде теңдешсиз арзаныраак Жигули же Ауди 100 айдап, мойнунда отурган чиновниктердин капчыгына тийбеши мүмкүн. Мамлекеттик бюджет же эл , пайдасыз ""темир атка"" кеткен чыгымды бир жылда актай алат, бирок калктын 90%ычы?ЭкологияЭлектр унааларын колдонуунун негизи. Аларды колдонууну ишке ашырууга аракет кылгандардын жүз пайызы «электромобильдер» айлана-чөйрөнү тазалоого жардам берет деген жүйөөлөр үчүн башын жерге салууга даяр. Ошо сыяктуу эле, шамал, күн жана башка технологияларды киргизүү орун алды. Бирок, Батыш Европа өлкөлөрүнүн тажрыйбасы көрсөткөндөй, жарнак көбөйгөнүнө карабастан, өнөр жайлык масштабдагы салттуу ресурстарды жаңылары менен алмаштыруу эч нерсеге алып келген жок. Муну ФРГда кемур бассейндеринин кайра ачуусу, атомдук энергияны пайдаланууга кайтып келиши, ошондой эле цивилизациялуу дуйнөнун газга жана мунайга болгон суроо-талаптын жогорулашы далилдеп турат. Ушундай эле абал электромобилдерде болобу? Убакыт өтөт, пиарга бөлүнгөн акчалар учуп кетет, бирок машиналар эмне болот? Мисалы, батарейканы утилдештирүү. Алардын иштөө мөөнөтү 5-8 жыл, ал эми аккумуляторлордогу оор металлдар айлана-чөйрөнү ондогон жылдар бою ууландырат. Бул учурда, атүгүл көп айтылган парник газдарынын эмиссиялары ууланган сууну ичүүнү жана ууланган тамак-ашты жегенди жеңилдете албайт. Америка Кошмо Штаттарынын электр унааларын утилдештирүү үчүн жаңы аймактарды табуу жөнүндө ойлонгону бекеринен эмес.Ошентип, эмне тандоо керек - электр унаабы же кадимки унаабы?Өнүктүрүүнүн азыркы этабында электр унаалары дагы деле пайдалуу эмес, жарнамалык продукт болуп саналат. ""Жашыл экономиканын"" жана айлана-чөйрө үчүн күрөштүн алдыга коюлган программасынын алкагында, ал бензин ""чоң агага"" караганда идеологиялык жактан алда канча пайдалуу продукт бойдон калууда. Жеткиликтүүлүгү боюнча, бул дагы эле жогорку орто класстын жана мамлекеттик чиновниктердин тандоосу бойдон калууда, бирок көпчүлүктүн тандоосу эмес. Иштен чыккан электр унааларын утилизациялоо кадимки унааларга караганда кыйыныраак. Ал эми электр унааларынын экологиялык тазалыгына келсек, ал талаш чөйрөдө калууда. Бир нерсе анык - эгер сиз аны колдонуунун кесепеттерин кабыл алууга даяр болбосоңуз, анын артынан түшүүнүн кесепеттерин баалабаңыз.Михаил ГотфридСүрөт www",https://vesti.kg/kg/avtorduk-rakurs/item/107995-avtordun-koz-karashy-elektr-unaalarynyn-unsuz-korkunuchu.html,0
Бишкекте бир жылда 4 миңден ашык дарак кыйылган,"2025-жылы Бишкекте 4 миң 66 дарак кыйылган. Бул 2024-жылга салыштырмалуу 197,7 пайызга көп. Бул тууралуу мэриянын шаардын социалдык-экономикалык өнүктүрүү программасын ишке ашыруу боюнча отчетунда айтылган. Муниципалитеттин маалыматы боюнча, 2023-жылы 1771 дарак, ал эми 2024-жылы 1366 дарак кыйылган. Аткаминерлердин пикиринде, бул «жашыл бак-дарактарды коопсуздукту камсыздоо жана санитардык абалды жакшыртуу боюнча чаралардын олуттуу күчөгөнүн» көрсөтөт. Анын натыйжасында авариялык учурлардын саны 53кө чейин азайган, бул 2024-жылга салыштырмалуу 73 учурга аз. Ошол эле учурда, пландалган көрсөткүч 12 миң 460 дарак болсо, өткөн жылы чындыгында 18 миң 835 дарак жана бадал отургузулган. Дарактарды оорулардан жана зыянкечтерден коргоо максатында 93,5 миң дарак иштетилген. Бирок шаар тургундары социалдык тармактарда дарак кесүү жана отургузулган көчөттөрдүн начар жашоосу боюнча нааразычылыгын айтышууда.",https://24.kg/kyrgyzcha/369330_bishkekte_bir_jyilda_4minden_ashyik_darak_kyiyyilgan/,0
Пайдалуу кеңеш: Өмүрдү кантип оңой узартууга болот?,"Жаңы ири масштабдуу изилдөө күнүмдүк жашооңузга беш мүнөт физикалык активдүүлүктү кошуу өмүрүңүздү узартуу үчүн жетиштүү экенин тастыктайт. Бул тууралуу Championat.com сайты жазып чыкты. The Lancet журналында жарыяланган изилдөө көрсөткөндөй, бул минималдуу активдүүлүк дагы жалпы өлүм коркунучун 10 пайызга, ал эми эң аз кыймылдаган адамдар үчүн 6 пайызга азайтат. Норвегиянын спорт илимдери мектебинин окумуштуулары ошондой эле күн сайын 30 мүнөт отуруп, жеңил активдүүлүк менен алмаштыруу миңдеген эрте өлүмдөрдүн алдын ала аларын эсептеп чыгышты. Бул ачылыштар ден соолукка пайдасы кичинекей, үзгүлтүксүз кадамдардан башталарын көрсөтүп турат. Жыйынтыктар Улуу Британиядан, АКШдан жана Скандинавиядан келген 135 миң адамды камтыган сегиз жылдык изилдөөгө негизделген. Алар физикалык активдүүлүгүн көзөмөлдөө үчүн акселерометр тагынышкан. Изилдөөнүн башында катышуучулардын биринде да өнөкөт оорулардын же кыймылдуулук көйгөйлөрүнүн белгилери байкалган эмес.",https://24.kg/kyrgyzcha/361700_paydaluu_kenesh_omurdu_kantip_onoy_uzartuuga_bolot/,0
"Башкача айтканда, кыргыз тилиндеги вариантта учурдагы мыйзамдар Интернеттеги маалыматты жайылтуу менен байланышкан укуктук мамилелердидээрлик жөнгө салбайт,ал эми орус тилиндеги варианттатиешелүү түрдө жөнгө салбайт.","14-майда «Маалыматты манипуляциялоо жөнүндө» мыйзам долбоору коомдук талкууга коюлуп, Жогорку Кеңештин сайтынажарыяланды. Мыйзам долбоорунун демилгечиси катары депутат Гүлшат Асылбаева көрсөтүлгөн. Factcheck.kgаталган мыйзам долбоорун жана анын маалымкат-негиздемесин тыкыр изилдеп көрүп, документтердеги тексттин Россиянын мыйзамы жана 2017-жылы сунушталган мыйзам долбоору менен окшоштугун, мындан тышкары, плагиат, манипуляция жана так эмес которууну аныктап чыкты. Алгач, маалымкат-негиздеменин текстинин кыргыз жана орус тилдериндеги варианттары айырмаланарын белгилейбиз: Актуальность данного законопроекта обусловлена тем, что действующее законодательство Кыргызской Республикидолжным образом не регулирует правоотношения, связанные с распространением информации в Интернет пространстве. Бул мыйзам долбоорунун актуалдуулугу Кыргыз Республикасынын колдонуудагы мыйзамдары Интернет мейкиндигинде маалымат жайылтууга байланышкан укуктук мамилелердижөнгө салбагандыгы менен шартталган –маалымкат-негиздемеден алынды. Башкача айтканда, кыргыз тилиндеги вариантта учурдагы мыйзамдар Интернеттеги маалыматты жайылтуу менен байланышкан укуктук мамилелердидээрлик жөнгө салбайт,ал эми орус тилиндеги варианттатиешелүү түрдө жөнгө салбайт. В последние годы Интернет стал самым популярным источником информации Акыркы жылдары Интернет популярдуу маалымат булагына айланууда –маалымкат-негиздемеден алынды. Байшача айтканда, орус тилиндеги вариантта Интернетэң популярдуумаалымат булагына айланса, кыргыз тилиндеги вариантта сын атоочтун күчөтмө даражасы көмүскөдө калган жана Интернетжөн гана популярдууболуп калган. Дегенибиз, 2019-жылдын декабрь айында Эл аралык Республикалык Институт тарабынан өткөрүлгөн изилдөөнүн жыйынтыгына ылайык, өлкөдөгү эң популярдуу маалымат булагы – телевидение. Жыйынтык: так эмес которуу Бул мыйзам ченемдүү эле көрүнүш, анткени Түйүндө маалымат издөө ыңгайлуу, жөнөкөй жана китепканага баруу, гезиттердин архивдерин окуп чыгуу же телевизор көрүүгө караганда бир топ аз убакытты талап кылат эмеспи. – маалымкат-негиздемеден алынды. Жыйынтык: жартылай чындык Маалыматты желеден издөө илимий-изилдөө иштерине мүнөздүү иш-аракеттер менен салыштырылып атат. Мындай логикага таянсак, жарандардын китепканага баруусу жана архивге кайрылуусу да мыйзам тарабынан жөнгө салынышы керек эле. Чынында бул иш-чаралар китепканалардын жана архивдердин ички эрежелери менен жөнгө салынат. Телекөрсөтүү менен Интернет айдыңындагы маалыматты салыштыруу дезинформация болуп саналат. Себеби, белгилүү бир шарттарда жаңылыктарды сыналгыдан көрүү аларды сайттан окуп же Интернеттен издеп тапканга караганда азыраак убакытты талап кылат. Интернет-технологиялардын такай өнүгүп турушуна байланыштуу коомдо Интернеттин пайдалуу экендиги туурасында позитивдүү коомдук пикир калыптанды… – маалымкат-негиздемеден алынды Жыйынтык: манипуляция Бул мыйзам долбоорунун",https://factcheck.kg/ky/manipulyaczii-i-plagiat-v-zakonoproekte-gulshat-asylbaevoj-o-manipulirovanii-informacziej/,1
Экс-депутат Айдарбековдун үйүндө тинтүү жүрүп жатканы кабарланды,"Жогорку Кеңештин мурдагы депутаты Чыңгыз Айдарбековдун Бишкектеги үйүндө тинтүү жүрүп жатканы кабарланды. Бул тууралуу ""Азаттыкка"" жакындары ырасташты. Азырынча кайсы күч органдарынын кызматкерлери тинтүү жүргүзүп жатканы жана анын себеби расмий айтыла элек. 13-апрелде Жогорку Кеңештин депутаттыгына Бишкектеги №21 шайлоо округунан талапкер Чыңгыз Айдарбеков мандат берүүнү талап кылып, Борбордук шайлоо комиссиясына (БШК) арыз тапшырган. Ал Куванычбек Конгантиев мандатынан ажыратылгандан бери бир ай өткөнүн, бирок Боршайком мандат боюнча бир да жолу расмий жооп бербегенин белгилеген. 31-мартта Айдарбеков Ички иштер министрлигинде (ИИМ) сурак берди. Бул тууралуу жергиликтүү медиа жазып, анын сурактан чыгып келаткан кыска видеосу жарыяланган. Экс-депутат кайсы иш боюнча жана кандай макамда суралганы белгисиз. 23-мартта Ютубдагы ээси ким экени белгисиз канал “Чыңгыз Айдарбековдун чуулгандуу кылмыштары. Эл чындыкты билиши керек!” деген тема менен 5 мүнөттөн ашык видео жарыялаган. Анда “Чыңгыз Айдарбеков Кыргызстандын Түркмөнстандагы элчилигинде иштеп жүргөндө түркмөн жарандарына Кыргызстандын визасын сатып, аткезчилик менен алектенгени” айтылат. Ушундан улам Түркмөнстан Чыңгыз Айдарбековду “персона нон грата” деп жарыялаганы деген маалымат айтылган. Айдарбеков бул маалыматты төгүндөп, “персона нон грата” деп жарыяланган адам ал өлкөгө кире албай каларын, соңку 10 жылда Түркмөнстанга бир нече жолу барганын билдирген. Ал эми Бишкектеги мүлк чыры боюнча Жогорку соттун чечими бар экенин, каражат төлөнгөнү тууралуу бардык дүмүрчөктөрү колунда турганын кошумчалаган. №21 округдан шайланган Куванычбек Конгантиевдин мандаты 10-мартта өз арызынын негизинде алынып, кийин өзү Улуттук коопсуздук боюнча мамлекеттик комитеттин (УКМК) тергөө абагына камалган. Добуштардын саны боюнча тизмеде андан кийинки орунда турган Чыңгыз Айдарбековго мандат бериле элек. БШК талапкердин соттуулугу бар-жогуна байланыштуу ИИМден маалымкат күтүп жатканын кабарлаган. 49 жаштагы Чыңгыз Айдарбеков соңку алты-жети жылдан бери саясатка аралашып жүрөт. 1998–2008-жылдары Тышкы иштер министрлигинде атташе, катчы, бөлүм башчы болуп иштеген. Кыргызстандын Өзбекстандагы жана Түркмөнстандагы элчиликтеринде убактылуу ишенимдүү өкүл, кеңешчи болуп эмгектенген. 2016-жылы Кыргызстандын Жапониядагы элчиси болгон. 2018-жылы тышкы иштер министри болуп дайындалса, 2021-жылдагы шайлоодо “Альянс” партиясынын тизмеси менен депутаттыкка шайланган. Ал чакырылышта Эл аралык иштер, коргоо жана коопсуздук комитетинин төрагалыгына шайланып, бирок кыргыз-өзбек чек арасындагы Кемпир-Абад суу сактагычы боюнча эки тараптуу келишимдин долбоору тууралуу бийликтин чечимине каршы чыккан. Мындан соң комитет төрагалыгынан кетип, “толук жана ыйгарым укуктуу элчи” деген дипломатиялык наамынан да ажыратылган.",https://www.azattyk.org/a/33732151.html,0
Эдуард Кубатов Туризмди өнүктүрүү агенттигине жетекчи болду,"Эдуард Кубатов Туризмди өнүктүрүү боюнча мамлекеттик агенттиктин директору болуп дайындалды. Тиешелүү жарлыкка президент Садыр Жапаров кол койгонун мамлекет башчынын маалымат кызматы 10-апрелде билдирди.Кубатов буга чейин Альпинизм федерациясынын президенти болуп келген.Президент Садыр Жапаров 31-мартта Министрлер кабинетине караштуу Туризмди өнүктүрүү боюнча мамлекеттик агенттик түзүү тууралуу жарлыкка кол койгон. Ага ылайык, жаңы түзүм Экономика жана коммерция министрлигине караштуу Туризм департаментинин, ошондой эле аталган министрликтин туризм чөйрөсүндөгү тиешелүү функцияларынын негизинде түзүлдү.Буга байланыштуу Туризмди өнүктүрүү боюнча улуттук кеңештин курамы да өзгөртүлгөнү кабарланган.(ZKo)",https://www.azattyk.org/a/33729084.html,0
ӨКМ Ошто сел коркунучу бар тилкелер текшерилгенин маалымдады,"Өзгөчө кырдаалдар министри Канатбек Чыныбаев Ош облусуна болгон иш сапарынын алкагында сел коркунучу бар аймактарды жеринен көрүп, жергиликтүү тургундар менен жолугушту. Аталган мекеменин басма сөз кызматы 11-апрелде билдиргендей, Ноокат районунун Н.Исанов айыл аймагынын Тескей-Кожеке айылындагы кооптуу тилкелер каралды. Министрликтин белгилешинче, аталган аймакта жаз-жай мезгилинде жаан-чачын нөшөрлөп жааган учурда сел жүрүү коркунучу жогору болуп, Борбаш айылындагы 250 турак жайга жана 12 гектар үлүш жер аянттарына коркунуч жаралат. Сел суулары топтолуп түшүүчү жерге атайын долбоордун негизинде коргоочу дамба куруу зарылдыгы белгиленди. Өзгөчө кырдаалдар министрлиги буга чейин өлкө аймагында туруксуз аба ырайы күтүлөрүн билдирип, ​дарыяларда суу көтөрүлүп, ташкын болушу мүмкүн экенин эскерткен. Мекеме белгилегендей, тоолуу жана тоо этектериндеги райондордо сел жүрүү коркунучу бар. ӨКМ жарандарды кооптуу аймактардан жана дарыя жээктеринен алыс болууга чакырууда. 2024-жылы Ноокат районунда сел жүрүп,тогуз кишининөмүрү кыйылган. Айрым айылдарда үйлөрдү сел  каптаган. (КЕ)",https://www.azattyk.org/a/33729898.html,0
"Орусияда мунай заводдоруна  соккуда бир киши каза таап, өрт чыкты","Орусиянын Новокуйбышев шаарында өнөр жай ишканасына дрон соккусунда бир киши каза тапты, жараат алгандар да бар экенин Самара облусунун башчысы Вячеслав Федорищевбилдирди.Ал кайсы ишкана бутага алынганын тактаган жок. Буга чейин украиналык дрон Новокуйбышев мунай заводуна бир нече жолу сокку урган. Нижний Новгороддогу Кстово районундагы мунай заводу да кайра чабуулга кабылып, жарылуулар болгону кабарланды. Дрондор аннексияланган Крымга да чабуул койгону айтылды. ""Крымский ветер"" жана Exilenova+ Телеграм каналдары Феодосиядагы мунай заводуна сокку урулганын жазып жатышат. Орусиянын түштүгүндөгү Туапсе шаарында болсо учкучсуз учактардын чабуулунан кийин мунайды кайра иштетүүчү завол менен ""Роснефтинин"" деңиз терминалы өрттөнгөн. Өрттүн түтүнү 300 километр аралыкка жеткенин спутниктен тартылган сүрөттөрдөн көрүүгө болот. Жергиликтүү тургундар Туапседе май аралашкан жамгыр жааганын жазышты. Орусиянын Украинага ""атайын аскердик операция"" деп атаган негизсиз кол салуусуна 2026-жылдын 22-февралында туура төрт жылдын жүзү болду. Орус аскерлери Украинага күн сайын сокку уруп жатат. Бул мезгил аралыгында Украинада миңдеген киши бейажал өлүм тапты, миңдегени майып, качкын болуп, үй-жайсыз калды. Москванын согушуна жооп иретинде Украина Орусиянын армиясынын каржы булагы деп эсептелген мунай заводдорун жана башка объектилерин маал-маалы менен бутага алып келет.",https://www.azattyk.org/a/33740763.html,0
Прага операциясы: Кызыл Армиянын Улуу Ата Мекендик согуштагы акыркы чабуулу,"БИШКЕК, 6-май — Sputnik.1945-жылдын 6-майында советтик аскерлердин Прага чабуул операциясы башталган. Ал Жеңиш күнү аяктаган. Берлинди штурмалоо дээрлик аяктап калганда, Праганын аймагында генерал-фельдмаршал Шёрнер жетектеген бир миллиондук “Борбор” армиялар тобу дагы эле жайгашып турган. Бул генерал айыгышкан каршылык көрсөтүү аркылуу англиялык-америкалык союздаштарга өзүнүн дагы деле пайдалуу экенин көрсөтүүгө аракет кылган. Бирок көп өтпөй аскерлерди көзөмөлдөй албай калып, жарандык кийимчен тоого качып кеткен. “Чехтер бизди абдан сонун тосуп алышты. Балдар танктарга чуркап келип, чака-чака муздак суу берип жатышты. Танкисттерге кучак-кучак сирень гүлдөрүн таратышты. Эл жаш-кары дебей кубанычтан кыйкырып, бири-бирин кучактап өөп жатышты”, - деп советтик танкист Василий Москаленко айтып берген. Прага 9-майда бошотулган, бирок советтик жоокерлер ал жердеги акыркы нацисттерди 11-майдын таңына чейин толук жок кылышкан. Бул Улуу Ата Мекендик согуш маалындагы Кызыл Армиянын акыркы чабуул операциясы болгон. Жеңишке саналуу күн жетпей калган өмүр. Берлинге кирген окуянын баяны21 Чын Куран, 20:19",https://sputnik.kg/20260506/praga-operatsiyasy-akyrky-chabuul-1101153154.html,0
Арменияда 30дан ашуун европалык жана башка лидерлер чогулду,"4-майда Армениянын башкалаасы Ереванда Европалык саясий коомчулуктун 8-саммити башталды. Ага Евробиримдиктин лидерлеринен башка Украинанын президенти Владимир Зеленский, Канаданын премьер-министри Марк Карни катышууда. Жыйында кеңири аймакта демократия, энергетикалык коопсуздук жана экономикалык кызматташтыкты күчөтүү маселелери талкууланууда. Ал эми 5-май күнү тарыхта биринчи жолу Европа Биримдиги - Армения саммити өтөрү күтүлүүдө. Ал жыйын эки тараптуу мамилени чыңдоого багытталат. Өткөн жылы Армения Евробиримдикке кошулуу ниетин билдирип, Орусиянын таасиринен оолактоого багыт алган. Еревандагы бул жыйынга Европа комиссиясынын төрайымы Урсула фон дер Ляйен жана Европалык кеңештин төрагасы Антониу Кошта да катышат. 2025-жылдын март айында Армениянын парламенти шаркетке кошулуу жараянын баштоо тууралуу мыйзам кабыл алган. Армения Орусия башында турган Евразия экономикалык биримдигине мүчө өлкө. Расмий Москва муну ар дайым эскертип, Ереван геосаясий жактан эки башка уюмга мүчө боло албастыгын белгилеп келет. Армениянын премьер-министри Никол Пашинян Орусиянын лидери Владимир Путин менен болгон соңку жолугушуусунда бул боюнча чечимди убагы келгенде армян эли кабыл аларын билдирген.",https://www.azattyk.org/a/33748687.html,0
Садыр Жапаров 15 миң студенттик КРСУ кампусун куруу жөнүндө мыйзамга кол койду,"Президент Садыр Жапаров «2025-жылдын 26-ноябрында Бишкек шаарында кол коюлган Кыргызстандын министрлер кабинети менен Россиянын өкмөтүнүн ортосундагы Кыргызстанда Россиянын биринчи президенти Б.Н. Ельцин атындагы Кыргыз-Россия Славян университетинин кампусун куруунун шарттары жөнүндө макулдашууну ратификациялоо тууралуу» мыйзамга кол койду. Мыйзам 2026-жылдын 18-мартында Жогорку Кеңеш тарабынан кабыл алынган. Жогоруда белгиленген макулдашуу кесиптик жогорку билим берүүнүн жана илимий иштин сапатын жогорулатууга, Кыргыз Республикасы менен Россия Федерациясынын ортосундагы гуманитардык кызматташтыкты өнүктүрүүгө, анын ичинде Кыргызстанда долбоордук кубаттуулугу 15 000 билим алуучу студентке Кыргыз-Россия Славян университетинин кампусун курууга, объектти заманбап материалдык-техникалык жабдуулар менен камсыз кылууга; объекттерди долбоорлоо, куруу, көзөмөлдөө, каржылоо жана пайдаланууга берүү бөлүгүндө тараптардын аракеттерин координациялоо үчүн аталган университеттин заманбап билим берүү, илимий жана социалдык инфраструктурасын түзүүгө багытталган.",https://24.kg/kyrgyzcha/369496_sadyir_japarov_15min_studenttik_krsu_kampusun_kuruu_jonundo_myiyzamga_kol_koydu/,0
Пайдалуу кеңеш: Чайды кантип туура демдөө керек?,"Чайдын курамында бир катар маанилүү биохимиялык процесстерге катышкан витаминдер жана микроэлементтер бар. Бул тууралуу алдын алуу жана интеграциялык медицина боюнча адис Римма Мойсенко «Чемпионат» сайтына билдирди. Бирок, суусундук ченеми менен ичилгенде гана пайдалуу болот — күнүнө 1 литрге чейин орточо күчтүү чай. Аны күндүз ичкен жакшы, мүмкүн болсо, кечки саат 7:00дөн кийин ичүүдөн алыс болуңуз. Эгер сиз дагы эле жатар алдында тынчтандыруучу чай ичкиңиз келсе, дарыгер ромашка же жалбыз кошулган чөп чайды 20 граммдан ашык демдебөөнү сунуштады. Күндүз, мисалы, май жана туз кошуу менен суусундукту пайдалуураак кыла аласыз. Бул майлардын ашказандын былжыр челин каптап, токтук сезимин күчөтөт, деп түшүндүрдү адис. Корица, кардамон, лимон, лайм, имбирь, чычырканак, клюква жана жалбыз сыяктуу кошулмалар чайдын антиоксиданттык касиеттерин күчөтүп, вируска каршы таасир берет. Бирок, цитрус жемиштерин кайнак сууга демдөөгө болбойт, анткени бул С витаминин тез эле жок кылат, деп эскертти Моисенко. «Бир маанилүү эрежени эстен чыгарбоо керек: чайды тамактангандан бир саат өткөндөн кийин ичкен жакшы. Ашыкча суюктук тамак сиңирүү процессине тоскоол болот», — деп белгиледи дарыгер.",https://24.kg/kyrgyzcha/358135_paydaluu_kenesh_chaydyi_kantip_tuura_demdoo_kerek/,0
"I believe the very limited regions of homology between#SARSCoV2spike and Syn1 are too short/imperfect to be of concern. A minimum of ~≥8-10 adjacent matching AAs, or ~≥12-15 AAs with ~≥66% homology are required for cross-immunity (Abs, CD8+ and CD4+). No region qualifies.— Prof Francois Balloux (@BallouxFrancois)December 2, 2020 [split]","of homology between#SARSCoV2spike and Syn1 are too short/imperfect to be of concern. A minimum of ~≥8-10 adjacent matching AAs, or ~≥12-15 AAs with ~≥66% homology are required for cross-immunity (Abs, CD8+ and CD4+). No region qualifies. — Prof Francois Balloux (@BallouxFrancois)December 2, 2020 Бул маалыматты Корнелл университетинин окумуштуусу Эдвард Ниренберг датастыктаган. Илья Мечников – эволюциялык эмбриологиянын негиздөөчүлөрүнүн бири, фагоцитозду жана клетка ичиндеги сиңирүүнү ачкан, иммунитеттин фагоцитардык теориясынынжаратуучусу. Ал көптөгөн илдеттерди алдын алуу үчүнэмдөөнүкеңири колдонгон.Илимий ишмердүүлүгүндө Мечников эмдөө ыкмасына негизделген мекеменижетектеген. Демек, окумуштуу вакциналарга каршы болгон эмес, себеби бул анын илимий көз караштарына түздөн-түзкаршы келмек. Коронавирустун вирусун өз алдынча изилдөөгө мүмкүнчүлүгү жокболгон жана ал үчүн россиялык кесиптештерине кайрылууга мажбур болгон Саламаттыкты сактоо министрлиги илдетке каршы кандай сунуш бере алат? Жообу айдан ачык. Саламаттыкты сактоо министри Алымкадыр Бейшеналиев бир нече ирет Ысык-Көл тамырынүгүттөп келген. Ал эми уу коргошун менен дүйнө жүзүн дарылоогожеңтүргөн,мыйзамсызиш алып барган Хашым Зайналиев Атазовдун билдирүүсүн дароо колдогон. Жыйынтык: жалган.Жогорку Кеңештин депутаты Шайлообек Атазов, фейк цитатага таянып, эмдөө тууралуу жалган маалымат жазган.",https://factcheck.kg/ky/zayavlenie-deputata-shajloobeka-atazova-o-vakczinaczii-i-ee-posledstviyah-lozh/,1
Фотофейк. Кадыр Маликов жана ислам тууралуу плакат,"Facebook социалдык тармагында атактуу теолог Кадыр Маликовдун плакат кармап турган сүрөтү жайылды. Плакатта “Кечиресиз! Мен мындан ары исламга ишенбейм” деп жазылат. Сүрөткө  колдонуучулар “бул жалган”, “фейк” деген комментарийлерди калтырганы менен, айрымдары ага ишеним көрсөтөрү тууралуу жазышкан. Factcheck.kgанык сүрөт мене Photoshop аркылуу жасалгандын айырмасын  аныктап-билүү тууралуу баяндайт. Маликовун сүрөтүн Яндекс аркылуу издөө салып, анык сүрөттү табабыз. Кадыр Маликовдун сүрөтүн анынFacebookсоцтармагындагы баракчасынан көрсө болот.  Ал 2015-жылдын 27-июлунда Палестинага колдоо көрсөтүү максатында уюшулган митинг учурунда тартылган.",https://factcheck.kg/ky/fotofejk-kadyr-malikov-s-plakatom-pro-islam/,1
"Баткенде өрүк бышып, алгачкы түшүм жыйнала баштады","Кадамжай районуна караштуу Кыргыз-Кыштак айылында өрүктүн эрте бышуучу сорттору бышып, түшүм жыйноо башталды. Бул тууралуу Президенттин Баткен облусундагы өкүлчүлүгү билдирди. Маалыматка ылайык, багбан Толубай Жалилов өткөн жылы 20 гектар жерди өздөштүрүп, анын 7 гектарына өрүк бак тиккен. Быйыл алгачкы түшүм мол болуп, жемиштер жыйналууда. Ал Түркиядан «Фуего», «Приция» жана «Микадо» сортторун алып келип өстүргөн. Учурда жыйналган түшүм Казакстан жана Орусияга экспорттолуп жатат.",https://24.kg/kyrgyzcha/372549_batkende_oruk_byishyip_algachkyi_tushum_jyiynala_bashtadyi/,0
"Кытайдын калкы 2025-жылы 3,3 миллиондон ашык адамга азайды","Кытайдын калкы 2025-жылы дагы азайды. Улуттук статистика бюросунун маалыматы боюнча, өткөн жылы өлкөдө 7,92 миллион адам төрөлүп, 11,31 миллион адам каза болгон. Бул калктын табигый түрдө 3,39 миллионго төмөндөшүн билдирет. Жылдын аягында республиканын жалпы калкынын саны болжол менен 1,4 миллиардды түзгөн. Болжол менен 716 миллион эркек жана 688 миллион аял бар. Жаш курагы боюнча бөлүштүрүү: Калктын 60,6 пайызы (болжол менен 851 миллион адам) 16 жаштан 59 жашка чейинки эмгекке жарамдуу куракта. 60 жаштан ашкан адамдардын үлүшү 23 пайызга (болжол менен 323 миллион) жеткен, алардын 15,9 пайызы (болжол менен 223 миллион) 65 жана андан жогорку курактагы жарандар. Кытайдын калкынын саны төртүнчү жыл катары менен азайып баратат. Адистер бул тенденцияны төрөлүүнүн туруктуу төмөндүгүнө, коомдун картайышына, турак жай жана билим берүү чыгымдарынын өсүшүнө жана жаштар арасындагы социалдык көз караштардын өзгөрүшүнө байланыштырышат.",https://24.kg/kyrgyzcha/358372_kyitaydyin_kalkyi_2025-jyilyi_33_milliondon_ashyik_adamga_azaydyi/,0
"""Кумтөр Голд Компани"" былтыр 1,434 млрд доллар киреше тапканын жарыялады","Кумтөр алтын кенин иштетип жаткан “Кумтөр Голд Компани” ишканасы 2025-жылы 1 млрд 434 млн доллар киреше тапты. Анын ичинен 706 млн доллар таза пайда. Бул тууралуу аталган ишкана 9-апрелде билдирди. Былтыркы жылы салыктарга жана милдеттүү төлөмдөргө 246 млн 507 миң доллар сарпталганы, дивиденд 300 млн доллар түзгөнү маалымдалды. “Кумтөр Голд Компани” 2025-жылы 12 тонна 81 кг алтын өндүргөн. Мындай көрсөткүчтөр, ишкана белгилегендей, ""компаниянын туруктуу ишин жана өлкө экономикасына кошкон салымын көрсөтөт”. Маалыматта ошондой эле эл аралык көз карандысыз Ernst&Young аудитордук компаниясы ""Кумтөр Голд Компанинин"" 2025-жылга финансылык отчетун текшерип, тастыктаганы кабарланды. Кыргыз өкмөтү 2021-жылы кенди толугу менен мамлекеттин колуна алган. Быйыл февралдын соңунда “Ынтымак Ордодо” өткөн республикалык кеңешмеде президент Садыр Жапаров2021-жылдан бери кендин кирешеси көбөйүп, өлкө экономикасын алдыга сүрөп жатканын билдирген. Кен мамлекетке өткөндөн берки аралыкта өндүрүштөн түшкөн жалпы киреше 5 млрд 115 млн доллар же 440 млрд сомдон ашканын, бюджетке салыктар жана милдеттүү төлөмдөр түрүндө 1 млрд 176 млн доллар же 100 млрд сомдон ашык акча түшкөнүн айткан. 2025-жылы өлкө боюнча 26 тонна алтын өндүрүлгөн болсо, анын 12 тоннадан ашыгы “Кумтөргө” таандык. Ошол эле маалда компаниянын алтын сатуудан тапкан акчалай кирешеси 2025-жылы 44% өскөн.(KbA/ZKo)",https://www.azattyk.org/a/33728475.html,0
Бишкекте 128 адамды кене чакты,"Бишкек шаардык мамлекеттик санитардык-эпидемиологиялык көзөмөл борборуна кене чаккандыгы тууралуу 128 адам кайрылды. Мекеменин маалыматы боюнча, алардын ичинен сегиз кишиге (төрт чоң адам жана төрт бала) кене энцефалитине каршы иммуноглобулин сайылган. Жалпысынан кене энцефалитине каршы 189 адам эмдөөдөн өтсө, алардын бешөө ревакцинациядан (бир жылдан кийин кайра эмдөө) өттү. Эмдөөгө Жусуп Баласагын атындагы Кыргыз улуттук университетинин биология, география, экология жана туризм факультеттеринин студенттери, «НУР Телеком» ЖЧКсынын жана Өзгөчө коркунучтуу карантиндик инфекциялардын алдын алуу жана көзөмөлдөө боюнча республикалык борбордун кызматкерлери өтүштү. Кене энцефалити — бул борбордук нерв системасын жабыркатуучу курч вирустук инфекциялык оору. Инфекциянын негизги ташуучусу болуп жаратылыш очокторунда жашаган иксод кенелери эсептелет. Оорунун кесепеттери: толук айыгып кетүүдөн баштап, ден соолуктун майыптыкка же өлүмгө алып келүүчү оор бузулууларына чейин жетиши мүмкүн. 1. Жугуу жолдору: 2. Оорунун негизги белгилери: 3. Алдын алуу чаралары: 4. Өзгөчө (спецификалык) алдын алуу: Вакцинация — кене энцефалитинен коргонуунун эң натыйжалуу жолу. Ал эндемикалык очоктордо иштеген жана ал жакка бара турган айрым кесиптин ээлерине, ошондой эле КУУнун биология жана геология факультеттеринин студенттерине жасалат. Иммуноглобулин — кене энцефалити боюнча кооптуу аймактарда кене чагып алгандыгына байланыштуу кайрылган адамдарга берилет.",https://24.kg/kyrgyzcha/371185_bishkekte_128_adamdyi_kene_chaktyi/,0
Россияда изоляцияга каршы нааразычылык акциясы башталды деген маалымат — фейк,"WhatsApp мессенджеринде Россиядагы изоляцияга каршы жарандар нааразычылык акциясына катышты деген өңүттө маалымат тарады. «Ростов-на-Дону ойгонду!» деген мүнөздөмө менен жайылган видеотасмада учурда карантинге каршы митинг жүрүп атканы айтылган. Factcheck.kgбул тасманы текшерип көрдү. Алгач видео тартылган жерди аныктайбыз. Ал тууралуу тасмада да, анын мүнөздөмөсүндө да айтылбагандыктан, видеонун деталдарына көңүл бурабыз. Алгачкы эле секундаларда Henderson аттуу Мода үйүн байкайбыз. «Henderson Россия» деп издөө салып, ал Москадагы Тверь көчөсүндө жайгашканын аныктайбыз.",https://factcheck.kg/ky/rostov-na-donu-ohvachen-protestami-protiv-izolyaczii-vo-vremya-epidemii-fejk/,1
Медициналык маскалар кычкылтекти өткөрбөйт деген маалымат жалган [split],"алуу учурунда жетиштүү желдетүүнү камсыз кылып атканын текшерүү үчүн анын ичине аба агымын киргизип, андан кийин масканын эки тарабындагы басымдын айырмасын өлчөнөт. Суюктуктан коргоо.Масканын ичине суюктук кирип кетпеши үчүн хирургиялык маскаларга жасалма кан куюлуп, адамдын кан басымына окшогон басымдар колдонулат. Жалындуулук.Операция бөлмөсүнүн айрым бөлүктөрү оңой эле өрттөнүп кетиши мүмкүн болгондуктан, хирургиялык маскалар күйүп кетүү жөндөмүнө текшерилет. Алар 1-класстагы отко чыдамдуу болуш керек. Жыйынтык:Маскалардын сууну өткөрбөгөн касиети анын сапаты жана натыйжалуулугунан кабар берет жана дем алуудагы вентиляцияга залакасын тийгизбейт. Социалдык тармактарда тараган видеодо фактылар бурмаланган. Ал колдонуучуларды дүрбөлөңгө салган фейк маалымат болуп саналат.",https://factcheck.kg/ky/obychnye-mediczinskie-maski-ne-propuskayut-kislorod-nepravda/,1
Дүйнө “Талибан*” кыймылын тааныганы жалган,"Кытай, Пакистан жана Сауд Арабия өлкөлөрү“Талибан*” террористтик кыймылынын бийлигин тааныгандыгы тууралуу маалымат Twitter социалдык тармагында тарады. Буга далил катарыVodiybozorаттуу колдонуучу Сауд Арабиясынын тышкы иштер министрлигинин баракчасынын расмий билдирүүсүн жарыялаган. Бирок Тышкы иштер министрлигин билдирүүсүндө “Сауд Арабиясы Афганистандагы окуяларга кылдат көз салууда жанаал жердеги абалдын эртерээк турукташуусуна үмүтүн билдирет” депжазылган. 1996-жылы“Талибан*”кыймылы Кабулду багындырып, президент Бурхануддин Раббанини тактыдан кулаткан учурда Сауд Арабиясы алгачкылардан болуп согушкерлердин бийлигинтааныган. 1996-жылдан 2001-жылга чейин өкүм сүргөн Ооганстан Ислам Эмирлигин тааныган өлкөлөрдүн катарында Пакистан дагы бар эле. Анын үстүнө,“Талибан*”кыймылы Пакистандын атайын кызматтарынын тымызын колдоосу менентүзүлгөн. Алгач бул кыймылдын курамынданегизинен сунни исламынын ультра консервативдүү формасы жайылган ооган жана пакистан медреселеринин студенттери болгон.",https://factcheck.kg/ky/soobshheniya-o-priznanii-talibana-v-mire-nepravda/,1
Корея Республикасы менен Борбордук Азиянын биринчи саммити күзүндө өтөт,"Корея Республикасы менен Борбордук Азия мамлекеттеринин ортосундагы биринчи саммит 2026-жылдын 16-17-сентябрында өтөт. Бул тууралуу тышкы иштер министри Чо Хён Сеулда өткөн иш-чарага даярдык көрүү жыйынында билдирди. Yonhap агенттигинин маалыматына ылайык, жолугушууга Казакстан, Кыргызстан, Өзбекстан, Түркмөнстан жана Тажикстандын лидерлери катышат. Тышкы иштер министри алдыдагы жолугушуу Түштүк Кореянын дипломатиялык мүмкүнчүлүктөрүн кеңейтүү жана Борбордук Азия өлкөлөрү менен байланыштарды бекемдөөдө маанилүү кадам болорун белгиледи. Ал саммиттин форматы эки тараптуу жана көп тараптуу кызматташтыкты тереңдетип, ошондой эле жеткирүү чынжырларын диверсификациялоо жана аймакта жашаган корей этникалык коомчулуктарын колдоонун натыйжалуулугун жогорулатуу боюнча кызматташуунун негизин түзөрүн билдирди. Эскерте кетсек, аймактагы өлкөлөр АКШ-Борбордук Азия, Европа Биримдиги-Борбордук Азия жана Япония-Борбордук Азия саммиттерине активдүү катышып жатышат.",https://24.kg/kyrgyzcha/362133_koreya_respublikasyi_menen_borborduk_aziyanyin_birinchi_sammiti_kuzundo_otot/,0
"Бирок, алардын көбү хантавирус бир адамдан башка адамга жукпай турганын белгилеген эмес. [split]","Бирок, алардын көбү хантавирус бир адамдан башка адамга жукпай турганын белгилеген эмес. TRTсайтынан хантавирус кемирүүчүдөн адамга шилекей, заң же заара аркылуу жугаары жазылып, «хантавирус өпкө синдрому” (HPS) деп аталарын аныктадык. Ошол эле Globaltimes басылмасынын айтымында, хантавирус көпчүлүк учурда эпидемиялык коркунуч жаратпайт. Ал эми ТүркиянынTRTбасылмасы хантавирус таптакыр эпидемияга айланбай турганын жазып чыккан. Жыйынтык:Жартылай чындык жана манипуляция. Айрым массалык маалымат каражаттары маанилүү маалыматты жашырып, коомду дүрбөлөңгө салган.",https://factcheck.kg/ky/panika-po-hantavirusu-manipulyacziya-v-smi-hantavirus-ne-predstavlyaet-epidemiologicheskoj-opasnosti/,1
"“Кымбат баалуу эмеректердин фонунда “уурдалган балалык” жана “уурдалган кыялдар” тууралуу ыйламсырап айтылган сөздөр адам көңүлүн иренжитет. Бардарчылыкта жашап туруп калган дүйнөнү планетаны талкаланышына күнөөлөө жана керектөөчүлүк мамиледен баш тартууну талап кылуу – бул эки жүздүүлүк”, – деп жазган Мартин Граф.","журналист Мартин Граф 2019-жылдын 5-декабрында Facebook’тагы баракачасындажарыялаган постто““климат” үчүн күрөшүп, “керектөөчү мамиледен баш тартууга” үндөгөндөрдүн бардыгы эле өзүлөрү айтканды жасай беришпейт”, – деп жазган. Бул постко 15 миң лайк басылып, дээрлик 5 миң адам пикир калтырып, 27 миңи аны менен бөлүшкөн. “Кымбат баалуу эмеректердин фонунда “уурдалган балалык” жана “уурдалган кыялдар” тууралуу ыйламсырап айтылган сөздөр адам көңүлүн иренжитет. Бардарчылыкта жашап туруп калган дүйнөнү планетаны талкаланышына күнөөлөө жана керектөөчүлүк мамиледен баш тартууну талап кылуу – бул эки жүздүүлүк”, – деп жазган Мартин Граф. Грета энеси экөө түшкөн сүрөт жарыяланаары менен коомдук тармактарда эмеректерди саткан онлайн дүкөндөрдүн көптөгөн скриншоттор пайда боло баштаган. Алардан сүрөттөгү эки креслону жана бааларын көрсө болот эле. Грета Тунбергдин жактоочуларынааразычылыктарынбилдирип, ошол эле пикирлерде Графты бир тараптуулукта күнөөлөп, сүрөттү жасалма деп чыгышкан. Мындан сырткары Тунбергдин жактоочулары дагы бир нече дооматтарды коюшту.",https://factcheck.kg/ky/kakie-kresla-doma-u-izvestnoj-ekoaktivistki-grety-tunberg-proveryaem/,1
Соцтармактарда Матраимовдорду калкалагандардын 80%дан көбү – фейктер [split],"Колдонуучулардын 22%ы фейк, ал эми 13%ын аныктоо мүмкүн эмес болгон. Матраимовдордун үй-бүлөсүн колдогон профилдердин көбү үстүбүздөгү жылдын 1-майынан тарта пайда болгонун баса белгилөө зарыл. Белгилей кетчү дагы бир жагдай, май айынын башында Бажы кызматынын мурдагы орун басары Райымбек Матраимов жана Жогорку Кеңештин депутаты Искендер Матраимов атасы Исамил Матраимовдун элесине арнап Кара-Сууда волейбол турнирин өткөргөн. Матраимовдор тарабынан чакырылып, иш-чарага катышкан депутаттардын жана атактуу саясатчылардын сүрөтү соцтармактарда жана ЖМКларда кеңири жайылган. Андан көп өтпөй, Райымбек Матраимов Алмазбек Атамбаевге видеокайрылуу жасаган. Бул окуялар бир гана ЖМКларда эмес, социалдык тармактарда, алардын ичинен фейктер тарабынан маалыматтык колдоого ээ болгон. Фейк аккаунттарды аныктоодогу дагы бир критерий – колдонуучунун сүрөтү.",https://factcheck.kg/ky/bolee-80-akkauntov-podderzhivayushhih-matraimovyh-v-soczsetyah-fejkovye/,1
Кыргызстандын авиациялык эрежелери тууралуу буйрук  коомдук талкууга коюлду,"Кыргызстандын Жарандык авиация мамлекеттик агенттиги ""Авиациялык эрежелерди бекитүү - Учуу эрежеси"" деп аталган буйруктун долбоорункоомдук талкууга чыгарды. Анда аба каттамдарын ишке ашырууну эл аралык стандарттарга шайкеш келтирүү жана буга чейинки жүргүзүлгөн эл аралык аудиттер аныктаган мүчүлүштүктөрдү жоюу каралган. Документ учуулардын коопсуздугуна жана натыйжалуу мамлекеттик көзөмөлгө артыкчылык берилген нормативдик базага багытталып, эрежелерди учурдагы эл аралык стандарттарга жана ""Учуу эрежелерине"" ылайыкташтырууну сунуштайт. Долбоордун негиздемесинде айтылгандай, Жарандык авиация эл аралык уюму (ИКАО) Чикаго конвенциясынын мүчөлөрүнө, анын ичинде Кыргызстанга да милдеттүү стандарттарды, сунушталган тажрыйбаны жана жол-жоболорду тынымсыз жаңыртып турат. Ушундан улам жаңы версияны иштеп чыгуудагы негизги факторлордун бири - кара тизмеден чыгуу үчүн коюлган талаптарын аткаруу зарылдыгы белгиленген. Жарандык авиация агенттигинин директорунун орун басары Канат Төлөгөнов Кыргызстандын авиациясы 2026-жылдын май айында “кара тизмеден” чыгарылат депкүтүлүп жатканын айткан.Расмий маалымат боюнча, Кыргызстан 2023-2024-жылдары ИКАОнун аудитинен ийгиликтүү өткөн. Президент Садыр Жапаров да өлкөнү Европа Биримдигинин авиациялык “кара тизмесинен” чыгаруу иши аяктап калганын билдирген.Кыргызстандык авиакомпаниялар “эл аралык нормаларга дал келбейт” деген жүйө менен 2006-жылы Евробиримдиктин “кара тизмесине” кирген. Андан чыгуу аракети жөнүндө көп сөз болгону менен маселе оң жагына чечиле элек.Буга чейин Кыргызстандын авиакомпаниялары Бишкектен Лондон, Бирмингем, Франкфурт, Мүнхен, Ганновер, Гамбург, Штутгарт жана Амстердам шаарларына түз учуп турган. Азыр адамдар Европа өлкөлөрүнө көбүн эсе Түркия аркылуу учат.(ZKo)",https://www.azattyk.org/a/33740737.html,0
Мүрзөдөгү ымыркай тууралуу фейк [split],"Эң кызыгы биринчи жарыяланган анык тасма кийинки фейк менен коштолгон сүрөттөмөлөрүнө караганда популярдуу болгон эмес. Аны болгону 40тай адам көргөн. Анык тасманын аты төмөнкүдөй: Аял өз баласын дааратканага таштаган. “Мындай мыкаачылык замандын өнөкөт көрүнүшү болду жана жергиликтүү эл кайдыгер карабай баланы куткарып калды” деп тасманын сүрөттөмөсүндө жазылган. Чындыгында, африкалык массалык маалымат каражаттарында кыз-келиндер мындай кадамга барары көп жазылган. 4 ай мурун Кениянын Мачакос аймагында 16 жашар кыз өз баласын дааратканага таштаганы маалым. Айылдыктар ымыркайдын ыйын угуп, аны куткарышкан. Бирок 2 сааттан соң бала ооруканадакөз жумган. Дал ушундай окуя Малави республикасынын Блантайр районундаболгон. 19 жашар кыздын баласын кошуналары сактап калган. Танзания жана Кенияда да бул адатка айланган көрүнүш. Жыйынтык: –Тасманын “мүрзөдө төрөлгөн ымыркай” деген сүрөттөмөсү – фейк.",https://factcheck.kg/ky/fejk-video-pro-novorozhdennogo-iz-mogily/,1
УКМК экстремисттик уюмдун мүчөлөрү кармалганын билдирди,"Улуттук коопсуздук боюнча мамлекеттик комитет (УКМК) ишмердүүлүгү Кыргызстандын аймагында тыюу салынган ""Хизб ут-Тахрир"" диний экстремисттик уюмунун үч мүчөсү Бишкекте кармалганын 10-апрелде кабарлады. Маалыматка караганда, алар экстремисттик идеологияны жайылтуу жана жаңы жактоочуларды тартуу менен алектенип келишкен. Алардын жашаган жеринен ""Хизб ут-Тахрир"" уюму чет өлкөлөрдө басып чыгарган китепчелер жана материалдар алынган.УКМК 9-апрелде Сириядагы согушка тиешеси бар деген шек менен кыргызстандык жаран кармалганын билдирген. Ал жаран суракта террордук уюмдун ишмердүүлүгүн түшүнгөндөн кийин Сириядан чыгып, Түркия аркылуу мекенине кайтып келгенин айткан. Атайын кызмат жарандарды Кыргызстанда тыюу салынган экстремисттик жана террордук уюмдардын ишмердүүлүгүнө катышкандыгы үчүн кылмыш жоопкерчилиги бар экенин эскертип келет.Ушул тапта Кыргызстанда соттун чечими менен террорчул жана экстремисттик уюм катары ишине тыюу салынган диний бирикмелер: “Ал-Каида”, “Чыгыш Түркстан Ислам кыймылы”, “Күрт элдик конгресси” (Конгра-Эл), “Чыгыш Түркстанды бошотуу уюму”, “Хизб ут-Тахрир ал-Ислами” (Ислам боштондук партиясы), “Жихад тобу” (Ислам жихадынын бирикмеси), “Түркстан Ислам партиясы” (Өзбекстан Ислам кыймылы), “Мун чиркөөсү”, “Жайшүл-Махди” (Махдинин аскери), “Жунд-Ал халифат”, “Ансаруллох” (Алланын жардамчлары), “Ат-Такфирвал-хижра”, “Акромия”, “Саид Бурятскийдин (А. Тихомировдун) пропагандалык-үгүттөө материалдары жана ишмердүүлүгү”, “Ишим – Ирак, Шам Ислам мамлекети” (ИГИЛ), “Жабхат Ан-Нусра” (Жеңиш фронту), “Катибат Ал-Имам Ал-Бухари” (Имам бухарий батальону), “Жаннат Ошиклари” (Бейишке умтулгандар), “Жамаат Ат-Таухид вал-жихад” жана “Йакын инкар” диний бирикмелери террорчул жана экстремисттик уюм катары ишмердүүлүгүнө тыюу салынган. (КЕ)",https://www.azattyk.org/a/33729124.html,0
Кыргызстанда жуманын аягына чейин туруксуз аба ырайы күтүлөт,"Республиканын тоолуу жана тоо этектериндеги райондорунда сел жүрүшү мүмкүн Өзгөчө кырдаалдар министрлиги өлкө аймагында күтүлүп жаткан туруксуз аба ырайына байланыштуу шашылыш билдирүү таратты. Ага ылайык, 2-июлдан 7-июлга чейин туруксуз аба-ырайына жана күтүлүп жаткан нөшөрлүү жаан-чачынга байланыштуу, республиканын тоолуу жана тоо этектериндеги райондорунда сел жүрүшү мүмкүн, дарыяларда суунун деңгээли көтөрүлүшү күтүлөт. ӨКМ жарандарды төмөндөгүдөй сел коопсуздук эрежелерин сактоого чакырат:",https://vesti.kg/kg/analitika-kg/item/126283-kyrgyzstanda-zhumanyn-ayagyna-chejin-turuksuz-aba-yrajy-kutulot.html,0
Соцтармактарда Матраимовдорду калкалагандардын 80%дан көбү – фейктер [split],"Көпчүлүк фейктер жаш балдардын, өсүмдүктөрдүн, жаныбарлардын же табигаттын сүрөтүн колдонууну эп көрөт. Мындай аккаунттар фейктер арасында 48%ды түзгөн. Ал эми алардын 30%ы башка адамдын “жүзүн” пайдаланууну чечкен. 11% колдонуучу чыныгы адамдардын сүрөтүн профилине илген. Бирок ал сүрөт колдонуучунун өзүнө таандыкпы же жокпу – аныктоо мүмкүн эмес. Фейктердин калган 5%ы дээрлик сүрөт колдонбойт. Мисалы, «Раяна Асанова» аттуу колдонуучу профилине өзбек актрисасынын сүрөтүн илген. Ал эми «Бакай Шарипов» бул шилтемедеги сүрөттү менчиктеп алган: –https://ribalych.ru/2018/04/30/gryazevye-shariki/. «Перизат Аримбекова» аттуу аккаунт 2019-жылдын июнь айында катталган. Анын өзүнө таандык бир да посту жок жана болгону эки сүрөтү бар. Фейк аккаунттар тууралуу толук маалымат жана аларды анализдөө ыкмалары төмөнкү шилтемеде көрсөтүлгөн:https://docs.google.com/spreadsheets/d/1KRofOf0t9ZDXXMI2AucMBbECaL1n9T2g/edit#gid=1899635959",https://factcheck.kg/ky/bolee-80-akkauntov-podderzhivayushhih-matraimovyh-v-soczsetyah-fejkovye/,1
"Kloop.kgмаалыматына ылайык, Бакырдин Бекбоев – мурдагы президент Курманбек Бакиевдин кеңешчиси жана администрациясынын жетекчисинин орун басары болгон Замир Бекбоевдин уулу.Замир Бекбоев Бакиевдин тушунда президенттик аппаратта 2005-жылдан тарта 2008-жылга чейин иштеген. Андан соң Бишкектинвице-мэрикызматын аркалаган, ал эми 2010-жылы “Ар-Намыс” партиясы менен бирге парламентке өткөн. 2021-жылдын февраль айында Бекбоев  экономикалык аймактын субъекттеринин ассоциациясынын (ЭЭА) төрагасы болуп дайындалган.","Атактуу аткаминерлер камакка алынган соң, Бишкектеги кардиохирургиялык “БИКАРД” клиникасында дарыланганы коомчулукка маалым. Алардын ичинен Мухаммедкалый Абылгазиев, Василий Дашков, Исхак Пирматов, Данияр Нарымбаев, Мелис Аспеков, Жеңиш Молдокматов жана Райымбек Матраимов ж.б. бар. Алгач мурдагы премьер-министрлер, ведомство жетекчилери, чиновниктер жана саясатчылар камакка алынып, андан көп өтпөй кайсы бир илдеттин айынан сот аларды дарылоого жиберүү чечимин кабыл алып, бейтаптар “БИКАРДга” жаткырылган. Factcheck.kg“өзгөчө” бейтаптарды дарылаган клиника кимге таандык экенин тешкерип көрдү. Бишкекте жайгашкан “БИКАРД” кардиохирургиялык клиникасы юридикалык документтер боюнча“БИЗ НУР” Медициналык борбору ЖЧКсы катары катталган. Osoo.kgмаалыматына ылайык, клиникага Дамирбек Осмонов, Бакырдин Бекбоев жана Турдали Заиров ээлик кылат. Дамирбек Осмонов–кардиолог жанабашкы дарыгер.Мындан тышкары, Осмонов төрт компаниянын негиздөөчүсү, алардын экөө бюджетттен миллиондогон сом алары белгилүү. Эки медициналык борбордун негиздөөчүсү катары “Кыргыз Мунай” ЖЧКсынын үлүш ээси Эзель Акматалиеванын ысымы көрсөтүлгөн. “Бикарддын” экинчи негиздөөчүсү –Турдали Заиров.КлиниканынFacebook баракчасында ал директор катарыкөрсөтүлгөн. Заиров тууралуу ачык булактарда башка маалымат табылган жок.",https://factcheck.kg/ky/kto-vladeet-klinikoj-bikard-v-kotoroj-lezhat-osobennye-zaklyuchennye/,1
ЖК Канат Чыныбаевди Өзгөчө кырдаалдар министри кызматына талапкерлигин жактырды,"Жогорку Кеңеш Канатбек Чыныбаевди өзгөчө кырдаалдар министри кызматына дайындоого макулдук берди.  Мындай чечим бүгүн, 11-мартта парламенттин жалпы жыйында кабыл алынды. Талапкерди парламенттин жыйынында президенттин жана министрлер кабинетинин Жогорку Кеңештеги туруктуу өкүлү Бектур Зулпиев тааныштырды. Эскерте кетсек, 10-мартта Президент Садыр Жапаров Канатбек Чыныбаевди Өзгөчө кырдаалдар министринин милдетин аткаруучу кылып дайындоо жөнүндө жарлыкка кол койгон. Ал мурда Өзгөчө кырдаалдар министринин орун басары болуп иштеген.",https://24.kg/kyrgyzcha/365452_jkkanat_chyinyibaevdi_ozgocho_kyirdaaldar_ministri_kyizmatyina_talapkerligin_jaktyirdyi/,0
Парламенттик шайлоого тыштан кийлигишүү. Мүмкүн эмес?,"""Кызыкдар тараптар жок"" Кыргызстандагы парламенттик шайлоого Россиянын же АКШнын кийлигишүүсү мүмкүн эмес - кызыкдар тараптар жок. Мындай пикиринVesti.kgсайтына мамлекеттик түзүлүш боюнча эксперт, саясат таануучу Шерадил Бактыгулов билдирди. ""Эгер Россия жөнүндө айта турган болсок,"" Газпром """" Кыргызгазга ""ээлик кылат"", - деп түшүндүрдү ал. - Күйүүчү-майлоочу майлардын рыногу негизинен Россиянын компаниялары тарабынан көзөмөлдөнөт. Бул базар негизинен туруктуу. Тажикстанга суюлтулган жана жаратылыш газынын берилиши азайып жатат, бирок бизде андай көйгөй жок. Жана кыргыз бийлигине нааразычылык Бакиев учурундагыдай күйүүчү-майлоочу материалдардын кымбатташына байланыштуу болмок, анткени бул баалардын жалпы көтөрүлүшүн билдирет жана калктын нааразычылыгын жаратат. Ошондуктан, азыр Россиянын ЖК шайлоого кийлигишүүсү эч кандай мааниге ээ эмес. Эч кандай кийлигишүү жок, аны тараптардан байкаса болот. Ошол эле учурда, эксперт айрым билдирүүлөр угулушу мүмкүн экендигин белгилеген, бирок алар мамлекеттик кызматкерлерден эмес, кландык бизнесте байланып калган адамдардан (Россия Федерациясынын жарандары болсо дагы) келип чыккандыгын белгилей кетүү керек. Кызык эмес АКШга келсек, Бактыгуловдун айтымында, алар дагы Кыргызстандагы дагы бир революцияга кызыкдар эмес. - Ооба, майнап чыкпайт, - деп күмөн санайт ал. - Биринчиден, президентке каршы чыгып, элитанын башын бириктире турган жаркын жана харизматикалык лидерлер жок. Анткени, нааразы адамдардын тобу бар болсо дагы, сөз сүйлөй турган адамдар керек. Мындан тышкары, жарандар буга чейин эле 1990-жылдагы ""Жоогазын ыңкылабынан"" кийинки ар бир төңкөрүштөн кийин өлкөдөгү кырдаал дээрлик өзгөрүүсүз калганына көнүп калышкан, деп белгиледи саясат таануучу. Демек, далыдан кескенге түрткү жок. Бактыгулов азыркы бийлик эл арасында жарылуу жарата турган өлүмгө алып баруучу кадамдарды жасабагандыгын кошумчалады. ""Эч кимге ок тийген жок, Бакиевдин учурундагыдай, президенттин үй-бүлөсүнөн эч ким, Акаевдин учурундагыдай, Атамбаевдин кескин билдирүүлөрүн колго алган жок"", - дейт ал. - Сооронбай Жээнбеков Россия, АКШ, Казакстан жана Өзбекстанга ылайыктуу президент. Эксперттин айтымында, дагы бир маанилүү жагдай бар - эки жылдан кийин мамлекет башчысы кызматынан кетет. ""Эгерде Россия же Америка Кошмо Штаттары биздин режимди өзгөрткүсү келсе, анда алар өзүлөрүнүн Кыргызстандын президентин 2023-жылга даярдашы керек"", - деп эсептейт саясат таануучу. - Жана бул аралык шайлоолор чоң роль ойнобойт. ""Саясатчылар көз карашын оңой эле өзгөртө алышат."" Ошол эле учурда, саясий серепчи Дмитрий Орлов орусиялык саясий стратегдер мурунку шайлоо учурунда Кыргызстанда иштеп келгендей эле, азыр дагы ошондой иштеп жаткандыгын мойнуна алат, бирок шайлоо процессине түздөн-түз кийлигишүү болгон эмес жана болбойт дагы, ал дагы ишенет. - Штаттарга келсек ... - дейт саясат таануучу. - АКШ бийлиги түздөн-түз кийлигишпейт. Бул ички иштерге кийлигишүү болгондуктан, нааразычылык нотасын алууга болот. Жана жашыруун, кыйыр түрдө - ооба. Мисалы, эгер Американын элчилиги “шайлоочулардын укуктары бузулуп жатса” ж.б.у.с. Мындан тышкары, Дмитрий Орлов бейөкмөт уюмдардын деңгээлинде кийлигишүү болгон учурда дагы, мамлекеттер бир партияны - ""эч ким жумурткаларын бир себетке салбайт"" деп колдоого алышы мүмкүн эмес деп баса белгиледи. ""Америкачыл көз карашты карманган адамдар ар кандай партияларда болушат жана болушат"" деди ал. ""Ал эми"" Биримдик ""жана"" Мекеним Кыргызстан ""уюмдарынын Россия менен кызматташуу жана ЕАЭБге интеграциялоо боюнча риторикасы Россияда кимдир бирөө ал үчүн акча төлөп берет дегенди билдирбейт. Өлкө үчүн глобалдык оюнчулардын ортосундагы тең салмактуулукту сактоо эң жакшы болмок, деп белгиледи талдоочу, бирок ким чындыгында кимди колдоп жаткандыгын ырастоо кыйын. ""Бизде таза америкалык жана орусиячылдар жок"" деди Орлов. - Себеби ошол эле саясатчылар көз-карашын өз убагында оңой эле өзгөртө алышат. Жана алардын кандайдыр бир билдирүү жасаганы, кимдир бирөө аларга акча төлөйт дегенди билдирбейт, тескерисинче, алар келечекте дивиденд алабыз деп күтүп жатышат. Алар тобокелге салбайбы? Мурунку дипломат жана белгилүү саясат таануучу Марс Сариев дагы Кыргызстандагы парламенттик шайлоого кийлигишүү мүмкүн эмес деп эсептейт. ""Жакында Беларуссияда революция украиналык сценарий боюнча башталды - классикалык сценарий"", - деп түшүндүрдү ал. - Россиянын кийлигишүүсүнөн кийин абал турукташты. Менин оюмча, Беларуссиядагы окуядан кийин Россия коңшуларын тыкыр көзөмөлгө алат, ал эми Батыш Украинада мындай сценарийди Кыргыз Республикасында мынчалык технологиялык жүзөгө ашыруу коркунучу болбойт. Бирок, биздин өлкөдө ""убакыт бомбасы"" бар, деп белгиледи саясат таануучу. Сариев Реформа партиясын гипотетикалык потенциал деп атады ""башаламандык"". ""Алар шайлоо күрөөсүн үнөмдөө максатында коллекция жарыялашты, алар жаштарды, IT адистерин, бейөкмөт уюмдарды өзүнө тартып, алар менен Клара Сооронкулова, Рита Карасартова бир топ согуштук күчкө ээ болушту"" дейт эксперт. - Партия, сыягы, парламентке кирбейт. Шайлоодон кийин алар бийликтин айткандарынан көп добуш алганын жарыялайт деп ойлойм. Тихановская Беларуста айткандай, ал үчүн 80 пайыз, ал эми Лукашенканын 10 пайызы, тескерисинче эмес. Марс Сариев Кыргызстанда мындай кырдаал бышып жетилиши керек деп эсептейт. Буга Рита Карасартова тарабынан Беларуссиянын элчилигинде беларуссиялык демонстранттарды колдоо максатында уюштурган чакан митинг күбө. - Кандай болгон күндө дагы, кыйыр далилдер кийлигишүү коркунучу бар деп айтууга болот, - деди саясат таануучу. - Бул жерде, шайлоо алдындагы мезгилге курал саткан дүкөндөр жабылды. Премьер-министр Кубатбек Боронов COVID-19 экинчи толкунун ... шайлоодон кийин күтөт. Ал БШКнын “Бүтүн Кыргызстан” партиясын шайлоого катышуу үчүн каттоодон баш тартканын жана ага байланыштуу башаламандыктарды эске салды. ""Бирок, мындай шартта, Беларуссиядагы батыш долбоору ишке ашпай калганда (анчалык деле эмес, бирок Батышта пландаштырылгандай кырдаал чечилген жок), менимче, алар Борбор Азиядагы шайлоого кийлигишүү коркунучу бар"", - деди Сариев. Сүрөт www",https://vesti.kg/kg/analitika-kg/item/75521-parlamenttik-shajloogo-tyshtan-kijligishuu-mumkun-emes.html,0
"Бисмарктын “биз” деп айтканы, Пруссия менен Германия тууралуу сөз кылганы. Бирок, Пруссия менен Германия Бисмарктын өлүмүнөн кийин гана Россияга кол салганын эскертели. Башка жагынан алганда, Бисмарк Наполеондун мезгилиндеги Францияны эч качан  жалпылап, европалаштырып, “биз” деп айткан эмес. [split]","Башка жагынан алганда, Бисмарк Наполеондун мезгилиндеги Францияны эч качан  жалпылап, европалаштырып, “биз” деп айткан эмес. Бисмарктын Россия менен Германиянын ортосундагы мамилелер жөнүндө цитаталаржыйнагындажогорудагы цитата сыяктуу бир дагы цитата жазылган эмес. Бирок, буга карабай, бул сөз Бисмаркка таандык деп эсептегендер Бисмарк аны Венадагы элчис принц Генрих VII Рёйсске жазганкатындабелгилеген дешет. Анан калса1922-жылы Берлиндеги басылыштагы 302-303-беттерди көрсөтүшөт: “Die Große Politik der Europäischen Kabinette 1871-1914”. Бирок, чындыгында, 302-бет бош, ал эми 303-бетте Бисмарктын Париждеги элчиге жазганкаты бар. Белгилей кетсек, цитатанын бир бөлүгү иш жүзүндө“Даллес планы”деп аталган – кутум теориясын кайталайт. Ага ылайык, 1950-жылдары ЦРУнун башчысы Аллен Даллес АКШнын СССРге каршы иш-аракет планын иштеп чыккан. Анда: “ошол жерде башаламандык болуп, биз алардын баалуулуктарын жалганга алмаштырабыз жана аларды ушул жалган баалуулуктарга ишендирели” деп айтылган. Жыйынтык: фейк.Алгачкы маалыматтарга ылайык, цитата 21-кылымда эле ойлоп табылган жана мааниси боюнча мифтик “Даллес планына” окшош.",https://factcheck.kg/ky/kanczler-germanii-bismark-zagovoril-v-internete-cherez-100-let-posle-smerti/,1
Азия чемпионаты. Кыргызстандык үч балбан финалга чыкты,"Кыргызстандык балбандар Афтандил Таалайбек уулу, Акжол Махмудов жана Асан Жанышов Бишкекте өтүп жаткан грек-рим күрөшү боюнча Азия чемпионатынын финалына чыгышты. Бул тууралуу UWW сайтында кабарланды. Афтандил Таалайбек уулу (63 кг чейин) Эрфан Жаркани менен, Акжол Махмудов (77 кг чейин) Али Забихоллах Оску менен, ал эми Асан Жанышов Голамреза Фарохисенжани менен (баары Ирандан) беттешет. Роман Ким жеңиш менен баштап, бирок чейрек финалда финалга чыккан ирандык балбанга утулуп калды. Кыргызстандык коло медаль үчүн күрөшкө мүмкүнчүлүк алды. Медаль үчүн беттештер 7-апрелде өтөт.",https://24.kg/kyrgyzcha/369192_aziya_chempionatyi_kyirgyizstandyik_uchbalban_finalga_chyiktyi/,0
Баткен районунда селден улам өзгөчө кырдаал режими жарыяланды,"Баткен районунда 2-майда нөшөрлөп жааган жаандын кесепетинен сел жүрүп, аймактагы бир катар айылдарда кооптуу абал жаралды, жарандар эвакуацияланып, өзгөчө кырдаал режими киргизилди. Бул тууралуу ""Азаттыкка"" Баткен райондук мамлекеттик администрациясынын басма сөз кызматы билдирди. Мекеменин маалыматына караганда, Ак-Татыр жана Самаркандек айыл аймактарында сел суусу айрым үйлөргө жана короо-жайларга кирип, адамдарды коопсуз жайларга эвакуациялоо иштери жүргүзүлдү. ""Кырдаалга байланыштуу район акими Данир Иманалиев баштаган жетекчилик жана жарандык коргонуунун жооптуу кызматкерлери жеринде ыкчам иш алып барууда. Ошондой эле Өзгөчө кырдаалдар министрлигинин аймактык бөлүмдөрүнүн өкүлдөрү жана куткаруучулар тартылып, абалды көзөмөлгө алуу аракеттери күчөтүлдү. Жаралган кырдаалдын негизинде район аймагында өзгөчө кырдаал режими киргизилип, тиешелүү буйрук чыгарылды"", - деп билдирди акимчилик. Учурда сел жүргөн аймактарда атайын техника ишке тартылып, кесепеттерин жоюу, жолдорду тазалоо жана жарандардын коопсуздугун камсыз кылуу иштери үзгүлтүксүз улантылууда. Синоптиктер соңку күндөрү республиканын айрым аймактарында жаан-чачынга байланыштуу сел жүрүү коркунучу жогору экенин эскертишкен. Нөшөрлөп жааган жаандан улам 1-майда Жалал-Абад облусунда Манас шаарында да сел жүргөн. 30-апрелде Баткен облусунун Кадамжай районунда сел суусу каптаган кээ бир жолдор убактылуу жабылган. 29-апрелде Ош облусунун Алай районунун Гүлчө шаарында селге байланыштуу өзгөчө кырдаал режими киргизилген. (JsA)",https://www.azattyk.org/a/33747711.html,0
ФАКТЧЕК. Атайын кызмат телефондук чалууларды тыңшап жатабы? [split],"Дал ушул текстти Google аркылуу издеп көрсөк, мындан эки жыл мурунку жазуулардан табылды. 2017-жылы Орусиянын мессенджерлериндеги группаларда, Одноклассники социалдык тармагында пайда болгон. Ал маалымат Орус думасынын төрагасынын орун басары Ирина Ярева антитеррористтик багыттагы мыйзам долбооруна байланыштуу тараган. Орусиянын активисттери бул маалымат чындыкка туура келбей турганын ошондо эледалилдешкен. Биринчиден, бул маалыматты тараткан адамдын аты-жөнү, же мекеменин аты көрсөтүлгөн эмес. Экинчиден, ар бир жарандын жазган, сүйлөшкөнүн тыңшоо, аларды мониторинг жасоо үчүн канча адам катышуусу керек, бул физикалык жактан мүмкүн эмес. Экинчиден, Кыргызстанда гана эмес дүйнөнүн",https://factcheck.kg/ky/kyrgyz-faktchek-atajyn-kyzmat-telefonduk-chaluulardy-ty%d2%a3shap-zhataby/,1
Фото-чек: Интернетте Сергей Шнуров жана Евгений Пригожиндин  өзүн  ЛЭР  жарыялаган аймактагы сүрөттөрү пайда болду,"Георгий Болоневаттуу актер5–августта “ВКонтакте”соцтүйүнүндө Луганск облусундагы Ирмино шаарында тартылган сүрөттүжарыялаган.Анын жанында ырчыСергейШнуровжанабизнесменЕвгенийПригожинди көрүүгө болот.Эскерте кетсек, Евгений ПригожинУкраинадагы согушка кыргызстандыктарды жана казакстандыктардытарта баштаган“Вагнердин жеке аскер компаниясын” каржылоодо депшектелүүдө. Шнуров жана Пригожиндин “ЛЭР”де болгондугу туурасында Стаханов шаарынын “администрациясы” дагымаалымдаган.Жаңылыкта ушул эле сүрөт болгон. Бирок көп өтпөй бул маалымат өчүрүлгөн. Сүрөттө Сергей Шнуровдун бети одоно чапталганы эле  фотомонтаж болгонунан кабар берет. Мындай резонансты күтпөгөн Георгий Болонев  10 саат өткөндөн кийин социалдык түйүндөгү баракчасына фотосүрөттүноригиналын жарыялады.Байкалгандай мында такыр башка адамдын сүрөтү турат. “Бир кичинекей кызыктуу сүрөттөнканчаызы–чуучыгат.СергейГарусовменен чогууДонбасскатургундардынжашоосун көрүү,аларга эмне жардам бере аларыбызды түшүнүү үчүн келгенбиз.Менжазып кеткендей,эскитаанышымЕвгенийВикторовичти жолуктуруп калдым.",https://factcheck.kg/ky/foto-chek-v-seti-poyavilos-foto-sergeya-shnurova-i-evgeniya-prigozhina-v-samoprovozglashennoj-lnr/,1
Индира Жолдубаевага жабылган жалаа жана telegra.ph сайтынын иштөө принциби тууралуу,"видео бекитип, Telegra.ph аркылуу жайылтса, маалымат кадимки ЖМК, маалымат сайты аркылуу таралгандай пикир калтырат. «Бүгүн биз Telegra.ph басма куралын ишке киргиздик. Ал markdown (веб үчүн даярдоочу текстти белгилөө тили — Esquire) негизинде сүрөт жана башка элементтерди колдонуу менен ишендирерлик макала жарыялаганга мүмкүнчүлүк берет», — депбилдиришкенмессенджердин авторлору өзүнүн расмий сайтында. telegra.ph ресурсунда жаңылыктарды анонимдүү да жарыяласа болот. Анда «автор» деген бөлүм бар, бирок ага карабай каалаган колдонуучу каалаган атты жазып койсо болот. Аны тактоонун же текшерүүнүн да кажети жок. Ал тургай, электрондук дарек да талап кылынбайт. «Telegra.",https://factcheck.kg/ky/princzip-raboty-sajta-telegra-ph-ili-o-tom-kak-podstavili-indiru-dzholdubaevu/,1
Бизди кантип алдашат: жалган маалыматтардын түрлөрү жана алар менен күрөшүүнүн жолдору [split],"кайсы бир саясий же идеологиялык кызыкчылыкты бышыктоо максатында конкреттүү окуяларды, фактыларды же контекстти өзгөрткөн же бурмалаган жалган маалыматтар. Бул жалган маалыматтын максаты тарыхты кайра жазып чыгуу же кайсы бир элди жаманатты кылуу болушу мүмкүн. Шайлоолор менен көз жагыруу– бул дагы жалган маалыматка тийиштүү, анткени шайлоонун жыйынтыгын бурмалоо, шайлоочуларды коркутуу, добуштарды сатып алуу аркылуу шайлоонун жыйынтыгын өзгөртүү аракети да коомдук пикирге таасирин тийгизет. Жалган маалыматтар менен күрөшүү ар бир адамдан жана жалпысынан коомдон белгилүү бир аракетти талап кылат. Бул материалда жалган маалыматка каршы туруунун негизги жолдорун келтиребиз: Фейк жаңылыктар ага ишенгендер чыгып, аны өз барагында жарыялап, жакындары жана туугандары менен бөлүшкөндүгүнө байланыштуу кеңири таркатыларын эстен чыгарбагыла. Ошентип алар фейк жаңылыктардын таркатылышына жардам беришет. Эгер макаланын аныктыгын билбесеңиз, аны менен бөлүшөөрдүн алдында бир аз ойлонгонуңуз туура болот.",https://factcheck.kg/ky/kak-nami-manipuliruyut-vidy-dezinformaczii-i-sposoby-borby-s-nej/,1
"Украинанын Запорожье, Сумы, Чернигов облустарына сокку урулду","Орус аскерлери шейшембиге караган түнү Украинага 123 дрон менен чабуул койду, 95и атып түшүрүлдү. Бул тууралуу украин куралдуу күчтөрүбилдирди. Запорожье облусунун аскердик администрациясынын жетекчиси Иван Федоровдунмаалыматынакараганда, соккулардан эки киши жарадар болду, экөө тең орточо оор абалда ооруканада жатат. Чукул кырдаал боюнча мамлекеттик кызмат орус аскерлери Сумы облусундагы жарандык инфраструктурага сокку урганынкабарлады. Натыйжада бала бакча менен бир нече турак жай зыян тартты, төрт киши дарыгерлерге кайрылды. Чернигов аймагында айыл чарба ишканасы чабуулгакабылды. Өрт буудай кампаларын чалды. Дагы бир райондо жер тамдар менен чарбалык курулуштар өрттөнгөнү маалымдалды. Орус армиясы кошуна өлкөсүнүн жарандык инфраструктурасын бутага алганын танып келет.",https://www.azattyk.org/a/33744210.html,0
Президенттин Ош облусундагы мурдагы өкүлү Жамалдинов эки айга камалды,"Бишкектин Биринчи май райондук сотунун чечими менен президенттин Ош облусундагы мурдагы өкүлү, экс-депутат Зиядин Жамалдинов 2026-жылдын 10-июнуна чейин Жазаларды аткаруу мамлекеттик кызматынын №21 мекемесине (СИЗО-1) камакка алынды. Бул маалыматты аталган соттун басма сөз кызматы ""Азаттыкка"" ырастап, Жамалдиновдун бөгөт чарасы 15-апрелде каралганын билдирди. Президенттин облустагы мурдагы өкүлүн камоо тууралуу Ички иштер министрлигинин (ИИМ) Тергөө кызматынын тергөөчүсү өтүнүч келтирген.Соттун маалыматына караганда, Жамалдинов Кылмыш-жаза кодексинин ""Кылмышка кошо катышуучулардын түрлөрү"" (41-беренесинин 2-бөлүмү) жана ""Уюшкан топторду жана кылмыштуу коомдоштуктарды каржылоо"" (263-берене) беренелеринин негизинде шектелүүдө.ИИМ Жамалдиновдун кармалышы боюнча маалымат бере элек.Зиядин Жамалдинов президенттин Ош облусундагы өкүлү болуп 2021-жылы июлда дайындалган. Ага чейин Жогорку Кеңештин бир нече чакырылыштарынын депутаты болгон.Президент Садыр Жапаров 2023-жылы 14-апрелде Зиядин Жамалдиновду, анын орун басары Данияр Жаныкуловду жана Кара-Суу районунун акими Турусбек Ногоевду ээлеген кызматтарынан бошоткон.Ага чейин Жамалдиновдун жакындары айыл чарба багытындагы жерлерди менчиктештирип алганы тууралуу маалыматтар жана ""өкүлдүн үнү"" деген телефон сүйлөшүү соцтармактарга тараган.Көп өтпөй Жамалдиновдун биринчи орун басары Данияр Жаныкуловго түспөлдөш адамдын иш бөлмөсүндө конверт алганы жана акча санап жатканы тартылган тасма соцтармактарга тараган.Кийин атайын түзүлгөн комиссия Ош облусунун жетекчилигинин ишмердүүлүгүн текшерип, мыйзам бузуу фактыларын аныктаганын президенттин басма сөз кызматы билдирген. (КЕ)",https://www.azattyk.org/a/33736101.html,0
Эсептөө палатасы: Антимонополия кызматындагы айрым кызматкерлер бир айда бир нече жолу премия алган,Аудит ведомстводогу мыйзам бузууларды аныктаган Кыргыз Республикасынын Эсептөө палатасы Экономика жана коммерция министрлигинин карамагындагы Антимонополиялык жөнгө салуу кызматынын бюджетти пайдаланууда мыйзам бузууларын аныктаган. Бул тууралуу ведомстводо билдиришти. Аудиттин жыйынтыктары төмөнкүдөй бузууларды көрсөткөн: Аудиттин жыйынтыгында Эсептөө палатасы мыйзам бузууларды жоюу боюнча тиешелүү сунуштар берген.,https://vesti.kg/kg/zxc-kg/item/147397-eseptoo-palatasy-antimonopoliya-kyzmatyndagy-ajrym-kyzmatkerler-bir-ajda-bir-neche-zholu-premiya-algan.html,0
#Автордун көз карашы. Электромобильдер Бишкектин экологиясын жакшыртууга жардам береби?,"Электр кыймылдаткычтары бар унааларга өтүү борбордун экологиясына кандай таасир берерин түшүнөбүз Заманбап дүйнөнүн көпчүлүк өлкөлөрүндө электромобилдер кеңири жайылууда. Кыргызстан да четте калган жок — азыр да шаарыбыздын жолдорунда мындай машиналарды, анын ичинде таксилерден да кезиктирууге болот. Айдоочулар электромобилдерди аз техникалык тейлөө жана күйүүчү майды олуттуу үнөмдөө үчүн макташат. Мындай транспортту колдонуу экономикалык пайдадан тышкары шаардын экологиясына оң таасирин тийгизет. Айдоочулар электр кыймылдаткычы бар жеңил унааларга өтүшсө, шаардын кандай экологиялык жактан түшүрүлүшү жөнүндө сөз кыла турганыбызды талдап көрөлү.Төмөндөгү таблицада транспорт каражаттары бир километр жүргөндө аткарган зыяндуу заттардын атмосферага чыгышы боюнча маалыматтар көрсөтүлгөн.Шаарда автоунаалардын иштешинин эки негизги сценарийи бар. Биринчиси, автоунааларды өз муктаждыктарына пайдалануу. Мисалы, үйдөн жумушка, дүкөндөргө, окуу жайларга, базарларга, айылга жетүү үчүн. Бул сценарийде айдоочу күнүнө болжол менен 50 км айдайт дейли. Экинчи сценарий таксиде транспорт каражаттарын колдонууну камтыйт. Бул сценарий унаанын интенсивдүү иштеши менен байланыштуу, таксист күнүнө 250-350 км жол жүрө алат. Биз анализ үчүн 300 км көрсөткүчтү алабыз.Жалпысынан Бишкек шаарында 400 миң унаа катталган. Бул автотранспорттордун кээ бирлери иштебей, кээ бирлери борбордон тышкары жерде иштетилип жатканын эске алуу менен бул көрсөткүчтү оңдойбуз. Жалпылыкты жоготпостон, биз өзүбүздүн эсептөөлөрүбүз үчүн 300 миң машинанын көрсөткүчүн алабыз.Кыргызстандын борборунда Яндекс.Такси кызматына 10 миң таксист катталган. Ошол эле учурда бул агрегатор рынокто дээрлик монополиялык позицияны ээлейт. Башка кызматтардын таксисттеринин санын жогорудагы көрсөткүчтүн 10% деп алалы. Бишкектеги таксисттердин акыркы сметалык баасын 11 миңге алалы.Бишкек шаарындагы жеңил унаалардын бир жыл ичиндеги жалпы жүрүштөрүн эсептеп көрөлү.300*50*365+11*300*365 = 6 679 500 кмТаза транспорт боюнча эл аралык кеңеш электр унаалары өмүр бою атмосферага зыяндуу газдарды канчалык аз бөлүп чыгарарын баалады. Берилген маалыматтар электр энергиясын өндүрүүнүн ар кандай ыкмаларына байланыштуу планетанын аймагына жараша өзгөрүп турат. Европа жана Америка Кошмо Штаттары үчүн электр унааларынан чыккан газдар ичтен күйүүчү кыймылдаткычтары бар жеңил унаалардан 60-69% төмөн болгон. Азия үчүн бул көрсөткүч кыйла төмөн - 19% дан 45% га чейин. Бул электр энергиясын өндүрүү үчүн көмүрдү колдонуу менен шартталган. Ушуну эске алып, Кыргызстан үчүн 20% баасын алабыз.Биз таблицаны зыяндуу заттардын эмиссиясы боюнча маалыматтар менен жогоруда эсептелген көрсөткүчтөр менен толуктайбыз жана Бишкектин айдоочулары электромобилдерге толук, 50% жана 30% өткөндө булгоочу заттардын эмиссиясынын абсолюттук көрсөткүчтөрүн ала алабыз.Ошентип, экономикалык пайдадан тышкары, электромобилдерге өтүү Бишкектин экологиялык абалын бир топ жакшыртат. Бирок электромобилдерге өтүүнүн айлана-чөйрөгө тийгизген таасири Кыргызстандын энергетика тармагы тарабынан чектелүүдө – көмүрдү пайдалануу менен электр энергиясын өндүрүү газды же энергиянын кайра жаралуучу булактарын колдонууга караганда көбүрөөк масштабда экологияга зыян келтирет. Көмүр менен иштеген ЖЭБде электр энергиясын өндүрүү электр унааларынын экологиялык потенциалын жарымынан көбүрөк азайтат. Ошондуктан максималдуу эффект үчүн Бишкек шаарынын отун-энергетикалык комплексинин өндүрүштүк кубаттуулуктарынын балансын өзгөртүү зарыл. Александр Канунниковсүрөт www",https://vesti.kg/kg/avtorduk-rakurs/item/107963-avtordun-koz-karashy-elektromobilder-bishkektin-ekologiyasyn-zhakshyrtuuga-zhardam-berebi.html,0
Бишкектеги Ак-Бата конушунда 650 орундуу жаңы мектеп курулат,"Бүгүн, 10-мартта Курулуш, архитектура жана турак жай-коммуналдык чарба министри Нурдан Орунтаев Бишкек шаарынын Свердлов районуна караштуу Ак-Бата конушунда 650 орундуу жаңы мектептин курулушуна мезгил кутусун салды. Иш-чарага Бишкек шаарынын мэри Айбек Джунушалиев, Жогорку Кеңештин депутаттары, жергиликтүү өз алдынча башкаруу органдарынын өкүлдөрү жана конуштун тургундары катышты. Министр өз сөзүндө билим берүү инфратүзүмүн өнүктүрүү мамлекеттин артыкчылыктуу багыттарынын бири экенин белгилеп, жаңы мектептин курулушу Ак-Бата конушундагы окуучулар үчүн сапаттуу жана ыңгайлуу шарттарды түзөрүн айтты. Ошондой эле ал мектептердин жетишсиздигин жоюу жана окуучуларды заманбап шарттагы билим берүү мекемелери менен камсыз кылуу багытындагы иштер активдүү жүрүп жаткандыгын белгилеп, мындан ары да улантыларын кошумчалады. Долбоорго ылайык мектептин жалпы аянты — 5300,33 чарчы метр. Ал эми жер участогунун аянты −1,08 га. 650 орундуу мектеп заманбап шарты менен 3 блоктон туруп, эки кабаттуу болуп курулат. Белгилей кетсек, аймактын сейсмологиялык шартын эске алып, имараттын конструкциясын 9 баллдан жогору туруктуулукка ылайыктап күчөтүү каралган. Ошондой эле жер кыртышынын татаалдыгынан улам 8,8 метр тереңдикке чейин жер казылып, пайдубалы өзгөчө ыкма менен бекемделет. Курулуш иштери Курулуш министрлиги тарабынан көзөмөлдөнүп, «ГрадСтройРесурс» ЖЧКсы тарабынан жүргүзүлөт.",https://24.kg/kyrgyzcha/365304_bishkektegi_ak-bata_konushunda_650_orunduu_janyi_mektep_kurulat/,0
Кыргызстан–Кытай–Пакистан транспорттук каттамы ачылды,"Транспорт жана коммуникация министрлиги Кыргызстан–Кытай–Пакистан багыты боюнча жаңы пилоттук транспорттук каттам ийгиликтүү ишке ашырылганын кабарлады. Каттам Эл аралык жүк ташуучулар ассоциациясы менен биргеликте эл аралык транспорттук коридорлорду өнүктүрүү жана дүйнөлүк деңиз портторуна түз чыгуу стратегиясын ишке ашыруунун алкагында киргизилди. Ал Бишкектен башталып, Торугарт - Кашкар - Хунжераб - Исламабад - Карачи деңиз портуна чейин аткарылып, жалпы узундугу 3 300 чакырымды түзөт. «Жаңы каттам Кыргызстан үчүн эл аралык логистикалык мүмкүнчүлүктөрдү кеңейтүүгө, тышкы соода жүгүртүүнү жандандырууга жана деңиз портторуна чыгууну камсыздоого өбөлгө түзгөн стратегиялык маанилүү кадам болуп саналат», - деп айтылат министрликтин маалыматында. Пакистандын Кыргызстандагы элчиси Алтамаш Вазир Хан «өткөн жумада чыккан жүк ташуучу унаа Пакистанга ийгиликтүү жетип барганын» билдирди. Президент Садыр Жапаров былтыр 3-4-декабрь күндөрү Пакистанда мамлекеттик сапар менен болгон. Анда пакистандык деңиз портторун пайдалануу сүйлөшүлгөн. Эки өлкөнүн ортосундагы дипломатиялык мамилелер 1992-жылдын 10-майында түзүлгөн. Кыргызстан менен Пакистан Бириккен Улуттар Уюму, Шанхай кызматташтык уюму, Ислам кызматташтык уюму жана Экономикалык кызматташтык уюму сыяктуу эл аралык аянтчалардын алкагында да кызматташып келет. (КЕ)",https://www.azattyk.org/a/33742195.html,0
Бишкекте жети жашар кызды зордуктоого шектүү кармалды,"Бишкектин Биринчи май райондук милициясы 23 жаштагы Г.Р. аттуу жаран жети жаштагы кызды зордуктоого шектелип кармалганын 25-апрелде кабарлады. Маалыматка караганда, 24-апрелде “102” кызматына Ак-Босого конушунда белгисиз жаран тестиер кызды зордуктоого аракет жасагандыгы тууралуу маалымат түшкөн. Окуя болгон жерде шектүүнү жергиликтүү тургундар кармап алышкан. Шектүү милиция бөлүмүнө жеткирилип, тергөө абагына камакка алынды. Аталган факт боюнча Кылмыш-жаза кодексинин 37-154-(зордуктоого аракет жасоо) беренесине ылайык кылмыш иши козголду. Учурда тиешелүү тергөө амалдары жүргүзүлүүдө. Соттук-медициналык экспертиза дайындалды. Башкы прокуратуранын маалыматына караганда, өлкөдө балдарга карата кылмыш саны өсүүдө. 2025-жылы Кыргызстанда 369 сексуалдык зомбулук фактысы катталды. Анын ичинде басымдуу бөлүгү зордуктоо. Маалыматка ылайык, 137 зордуктоо фактысы, 16 жашка толо электерге карата сексуалдык мүнөздөгү 115 аракет, 43 зомбулук, сексуалдык мүнөздөгү аракеттерге мажбурлоого байланыштуу 20 факт жана башка кылмыштар катталган. Сексуалдык зомбулуктан 288 бала, 77 аял жабыркаган. (КЕ)",https://www.azattyk.org/a/33742179.html,0
"Ашуулардагы абал: Жолдор ачык, каттам бар","Бүгүн, 6-март саат 09:30 карата республиканын негизги ашууларында жана унаа жолдордо жол кыймылына чектөө жок. Бул тууралуу «Кыргызавтожол-Түндүк» мамлекеттик ишканасынын басма сөз кызматы билдирди. Маалыматка ылайык, Бишкек-Ош унаа жолунун Төө-Ашуу ашуусуна оор жүк ташуучу унаалар үчүн киргизилген чектөө бүгүн, саат 7:30 алынды. Суусамыр-Талас-Тараз унаа жолунун Өтмөк ашуусунда кар жаап жатат, учурда каттам бар. Барскоон-Ак-Шыйрак унаа жолундагы Сөөк жана Каракол-Эңилчек унаа жолундагы Чоң-Ашуу ашуусунда күн бүркөк, каттам бар. Бишкек-Нарын-Торугарт унаа жолундагы Долон, Чар, Ак-Бейит, Кубакы ашуулары жана Боом капчыгайында күн бүркөк, жол кыймылы үзгүлтүксүз жүргүзүлүүдө. 2026-жылдын 5-мартынан 10- мартына чейин туруксуз аба-ырайына байланыштуу Кыргызстандын тоолуу райондорунда кар көчкү түшүүсү күтүлөт, жолдор тайгак болуп муз тоңот. Мындан улам аталган жолдор аркылуу сапарга чыгууда унаалардын ортосундагы 500 метр аралык кыймыл чектелиши зарыл. Жол тейлөө ишканасынын кызматкерлери тарабынан бардык унаа жолдордо жана ашууларда жол кыймылынын коопсуздугун камсыз кылуу боюнча тиешелүү иштер күн сайын, күнү-түнү жүргүзүлүүдө. Жол кырдаалы туруктуу көзөмөлдө турат.",https://24.kg/kyrgyzcha/364795_ashuulardagyi_abal_joldor_achyik_kattam_bar/,0
Internet-кайгуул. Тыюу салынган уюмдардын фейктери. Хизб ут тахрир. 2-бөлүм,Биз мурунку бөлүмдө Кыргызстанда ишмердүүлүгү тыюу салынган Хизб ут Тахрир уюмуна иштеген Фейсбуктагы фейк аккаунттардын бетин ачканбыз.,https://factcheck.kg/ky/internet-patrul-fejki-zapreshhennyh-organizaczij-hizb-ut-tahrir-chast-2/,1
Royal Central Park долбоорунда 2026-жылдын 4-апрелинде квартира сатуу боюнча келишимдердин тез өсүшү,"Суроо-талап өсүүдө, сатып алуучулар активдүү: долбоор рынок жанданып жаткан шартта позициясын бекемдөйт 2026-жылдын 4-апрели девелопер RCA Living тарабынан уюштурулган «The Essence – инвестициялык тартылуу борбору, гүлдөп өнүгүүнүн башталышы» аттуу иш-чара аркылуу рынокто олуттуу көңүл бурулган маанилүү дата болду. Иш-чаранын алкагында бир күндүн ичинде жүздөгөн ийгиликтүү батир сатуу келишимдери катталып, бул Royal Central Park долбооруна болгон жогорку кызыгууну жана рыноктун оң динамикасын дагы бир жолу тастыктады. Ийгиликтүү батир сатып алгандан кийин 12 г, 8 г жана 4 г алтын байгелерин алган кардарлардын сүрөттөрү Кыргызстандын кыймылсыз мүлк рыногу өсүү фазасына өтүп жаткан шартта, айрыкча интеграцияланган «all-in-one» форматындагы шаардык комплекстерге эрте кирүү келечектеги киреше алуу үчүн натыйжалуу стратегия катары каралууда. Иш-чаранын алкагында батирдин баасынын 70% төлөгөн кардарлар үчүн 12% чейин арзандатуу сунушу өзгөчө көңүлдү бурду. Бул инвестицияга кирүү босогосун төмөндөтүп, сатып алуучулардын кызыгуусун күчөттү. «The Essence – инвестициялык тартылуу борбору, гүлдөп өнүгүүнүн башталышы» иш-чарасында консультация алып жаткан кардарлардын сүрөттөрү Кыргыз Республикасынын Курулуш, архитектура жана турак жай-коммуналдык чарба министрлигинин 2026-жылдын 2-апрелиндеги маалыматына ылайык, турак жай баалары учурда негизинен рыноктук механизмдер аркылуу калыптанып, өсүү тенденциясын көрсөтүүдө. Бишкекте батирлердин орточо баасы 1 м² үчүн 1 400–1 800 АКШ долларынын чегинде, айрым жаңы долбоорлордо болжол менен 1 600 долларга чейин жетет. Башка региондордо баалар 450–900 доллардын чегинде. Бул көрсөткүчтөр, айрыкча рынокко эрте чыккан долбоорлор үчүн, өсүү потенциалынын сакталып жатканын көрсөтөт. Консультациялардан жана келишим түзүүдөн тышкары, иш-чара Rox Center аянтчасында үй-бүлөлүк эс алуу мейкиндиги катары да уюштурулду. Көңүл ачуучу активдүүлүктөр, балдар үчүн оюн зоналары жана интерактивдүү форматтар жандуу атмосфера түзүп, көп сандаган конокторду тартты. Иш-чаранын жүрүшүндө көптөгөн кардарлар баалуу белектерге ээ болушту, анын ичинде 12, 8 жана 4 грамм алтын. Мындан тышкары, sales gallery коноктору iPhone 17 Pro Max жана жалпы баасы 260 000 сомго чейинки тиричилик техникасы ойнотулган лотереяга катышышты. Rox Center, Чүй проспектиси 158 дарегиндеги балдар зонасынын сүрөттөрү iPhone 17 Pro Max утуп алган кардарлардын сүрөттөрү 4-апрелдеги иш-чара ошондой эле 2026-жылдын 30-апрелине чейин улануучу иш-чаралар сериясынын башталышы болду. Бул серияга көңүл ачуучу программалар жана балдар үчүн мастер-класстар кирет. Ушундайча, девелопер долбоорду жөн гана турак жай комплекси катары эмес, үй-бүлөлүк жашоо үчүн ыңгайлуу жана коомчулук өз ара аракеттене турган чөйрө катары калыптандырууда. Долбоорду тааныштыруу зонасында коноктор «All-in-One» форматындагы шаардык мейкиндик концепциясы менен таанышып, адистерден кеңеш ала алышты. Rox Center ошондой эле долбоорду иммерсивдүү форматта тааныштыруу аянтчасы болуп, анын концепциясын жана өнүгүү перспективаларын тереңирээк түшүнүүгө мүмкүндүк берди. Иш-чарадагы кардарларга консультация берүү процессинин сүрөттөрү Иш-чаранын негизги көңүл борборунда болгонTheEssenceбөлүмү Y формасындагы архитектурасы менен айырмаланды. Бул чечим табигый жарыкты оптималдаштырып, купуялуулукту жогорулатат жана ар бир батирге микроклиматтын таасирин азайтат. 29 кабатка чейинки бийиктиги менен комплекс бийиктикте жашоо концепциясын сунуштап, Тянь-Шань тоолоруна панорамалык көрүнүштөрдү жана тынч, абалуу атмосфераны камсыз кылат. The Essence фасады жана Тянь-Шань тоолоруна болгон көрүнүштөрдүн сүрөттөрү Долбоор өнүккөн инфраструктураны камтыйт: коммерциялык подиум, грек стилиндеги ландшафттык бактар, фитнес-борбор, жыл бою иштеген бассейн жана SPA менен ден соолук зоналары, ошондой эле коомдук мейкиндиктер — чатырдагы бактар жана лаунж-зоналар. Мындай ыңгайлуулуктар топтому заманбап интеграцияланган шаардык долбоорлор үчүн акырындап стандартка айланууда. The Essence бассейнинин жана фитнес-борборунун сүрөттөрү Royal Central Park иш-чаралар сериясы рыноктогу актуалдуу тенденцияны чагылдырат — долбоорду тааныштыруу менен толук кандуу колдонуучулук тажрыйбаны айкалыштыруу. Маалыматты сунуштоодо технологияларды колдонуу жана консультанттардын кесипкөй даярдыгы сатып алуучулар үчүн маалыматтын ачыктыгын жана жеткиликтүүлүгүн жогорулатат. Рыноктук көз караштан алганда, «The Essence – инвестициялык тартылуу борбору, гүлдөп өнүгүүнүн башталышы» иш-чарасы кардарлардын жогорку кызыгуусун гана эмес, Бишкектеги интеграцияланган шаардык кыймылсыз мүлк сегментинин учурдагы этаптагы оң динамикасын дагы бир жолу тастыктайт. Rox Center, Чүй проспектиси 158 дарегинде күн сайын активдүүлүктөр Royal Central Park долбоорунун sales galleryсине келип, күн сайын саат09:00дөн 22:00гөчейин өтүүчү бай программага күбө болуңуз. Коноктор iPhone 17 Pro Max жана жалпы баасы260 000 сомгочейинки башка байгелер ойнотулган лотереяга катыша алышат. Келгендер үчүн акысыз чай, кофе жана десерттер, ошондой эле жандуу музыка жана балдар үчүн мастер-класстар сыяктуу ар түрдүү активдүүлүктөр сунушталат — бул бүт үй-бүлө үчүн ыңгайлуу мейкиндик түзөт. Специальные предложения – корпус ATLAS(Y2):",https://vesti.kg/kg/koom/item/149466-royal-central-park-dolboorunda-2026-zhyldyn-4-aprelinde-kvartira-satuu-boyuncha-kelishimderdin-tez-osushu.html,0
Баткен облусундагы үйлөрдүн курулушу. Абал кандай?,"экенин билүү максатында Factcheck.kg редакциясы КР Министрлер Кабинетине караштуу Архитектура, курулуш жана турак жай-коммуналдык чарба мамлекеттик агенттигине (Мамкурулуш) кайрылган. 25-ноябрга карата мекеме 420 турак жайды куруп жаткан. Анын ичинен 413үндө курулуш-монтаждоо иштери жүргүзүлүүдө: Калган жети объект, мекеменин маалыматы боюнча, “талаштуу, аларда курулуш иштери эмес, оңдоо иштери жүргүзүлүшү мүмкүн”. “Комиссия бул маселени талкуулап жатат”, – деп билдиришти Мамкурулушта. Ошол эле кезде, 19-октябрда министрлер кабинетинин төрагасы Акылбек Жапаров парламенттин жыйынында 661 турай жай жабыркаганын, алардын 423үн калыбына келтирүү мүмкүн эместигинбилдирген.",https://factcheck.kg/ky/stroitelstvo-domov-v-batkenskoj-oblasti-chto-proishodit/,1
"RUSSIAN OFFICIALS HAVE CAPTURED THE THIRD ALLEGED TERRORISTHe was trying to hide in the forests of the Bryansk region.https://t.co/UJGhiZKo31— UGO & ThĚ Bíg Stéppêrs (@UGOOTWEETS)March 23, 2024","пабликтер жана ЖМКлар шектүүлөр тууралуу биринчи багыттоо маалыматтарды (ориентировка) тарката башташкан. Алар күч органдарына жакын «ВЧК-ОГПУ» каналына шилтеме кылышкан. Каналдын өзүндө учурда бул жазуу өчүрүлгөн. Кийин аныкталгандай, «ВЧК-ОГПУнун» маалыматы чындыктан алыс болгон. Орусиянын ИИМине таандык «Вестник киберполиции России» Telegram-каналы билдиргендей, аталган адамдар «быйыл мартта жүргүзүлгөн антитеррордук операция учурунда укук коргоо органдары тарабынан жок кылынган болчу». Андан кийин дагы бир багыттоо маалымат Mash жана Baza ири Telegram-каналдарында пайда болуп, интернетте кеңири таркатыла баштаган. Бирок бул маалымат дагы дээрлик толугу менен жалган болуп чыкты. Билдирүүлөргө ылайык, коомдук тармакта жарыяланган тизмектегилердин кеминде үчөөсүндө алибилери бар. Шектүүлөрдүн үчөөсү «Тажикстандын жарандары» деген маалыматка бул өлкөнүн ТИМи жооп кылган. Анын билдирүүсү боюнча, Исмонов Ривочиддин жана Насриддинов Махмадрасул 2023-жылдан бери Тажикстанда болгон жана ошондуктан алардын кылмышка эч кандай тиешеси жок. ЖМКлардын билдирүүлөрүнө ылайык (1, 2), укук коргоо органдарына өзү келген Рустам Назаров дагы терактка эч кандай тиешеси жок экенин айткан. Ал Самарада жашайт жана 22-март күнү ал үй-бүлөсу менен болгон. Андан сырткары шектүүлөр түшкөн деп божомолдонгон автоунаа токтотулганда кармалгандар тууралуу маалымат менен Интернетте таркатылган маалымат ар башка болгон. ФСБ 23-мартта 11 адам, алардын ичинде төртөөсү терактка шектелгендер кармалгандыгы тууралуу билдирген. 24-март күнү кечинде Москванын Басман райондук сотунда биринчи жыйын болуп өтүп, анын жыйынтыгында Далержон Мирзоев, Саидакрами Рачабализода, Шамсутдин Фаридуни жана Мухаммадсобир Файзов 2024-жылдын 22-майына чейин камакка алынган болчу. Кийин дагы төрт адам камакка алынган: Диловар Исломов, камакка алынгандар түшүп бараткан ак Ренонун акыркы ээси; Исроил Исломов, Диловар Исломовдун атасы; Аминчон Исломов, Диловар Исломовдун бир тууганы; жана Алишер Касимов, алдын-ала маалыматтар боюнча, шектелип жаткандардын бири Шамсутдин Фаридуниге батир берген. Х (мурдагы Twitter) коомдук тармагында атайын кызмат кармагандардын арасында «Украинанын жараны Рустам Ажиев» (1, 2, 3) болгон деген маалымат кеңири таркатылган болчу (1, 2, 3, 4, 5, 6). Ага далил катары коомдук тармактын колдонуучулары Ажиевдин сүрөтүн жана шектүүлөрдүн бири кармалган жерде тартылган сүрөттөр менен видеолорду жарыялашкан.",https://factcheck.kg/ky/terakt-v-krokus-siti-holle-razbiraem-lozhnye-i-nedokazannye-utverzhdeniya/,1
Бишкек–Ош жолу: Таш кулаган тилкени тазалоо иштери жүрүүдө,"5-майда түнкү саат 01:00-02:00 чамасында Бишкек - Ош унаа жолуна чоң көлөмдөгү таш көчкү түштү. Транспорт жана коммуникациялар министрлигинен кабарлашкандай, таш Кара-Көл менен Таш-Көмүрдүн ортосундагы тилкеге түшкөн. Учурда атайын техника тазалоо иштерин жүргүзүүдө. Аталган мекеме жолдун бир тарабы ачылып, бир тараптуу кыймыл камсыздалганын кабарлады. Министрлик айдоочуларды этият болууга жана жол эрежелерин так сактоога чакырды. Таш көчкүдөн жабыркагандар бар-жогу айтылган жок. Буга чейин министрлик 6-майга чейин күтүлүп жаткан жаан-чачынга байланыштуу ашууларда, тоолуу райондордо кар көчкү түшүү коркунучу бар экенин эскерткен. (КЕ)",https://www.azattyk.org/a/33750091.html,0
Орозо −2026: Бүгүн Кадыр түн белгиленет,"Бүгүн Кадыр түн 16-марттан 17-мартка караган түнү белгиленет. Бул тууралуу муфтияттын басма сөз кызматы билдирет. Кадыр түн ыйык Орозо айынын 26-күнүнөн 27-күнүнө караган түнү өткөрүлөт. Бул — Рамазан айынын акыркы он түнүнүн бири. Бул түндү жер шарындагы миллиарддаган мусулмандар чыдамсыздык менен күтүшөт. Анткени бул түн жылына бир гана жолу келип, анын баалуулугу 83 жылга тете. «Кадыр» деген сөз ислам окумуштуулары тарабынан ар түрдүү чечмеленген. Негизинен, «өтө кадырлуу, улуу түн» дегенди билдирет. Дагы бир чечмелөөдө «кысылуунун, тардыктын түнү» деп да айтылат. Бул ошол түнү жер бетине түшкөн сансыз периштелерге жер тардык кылары менен түшүндүрүлөт. Ислам түшүнүгүндө Кадыр түн — Куран түшүрүлгөн ыйык түн. Ошондуктан бул күнү мусулмандар Куран окуп, дуба кылып, ибадатка көбүрөөк көңүл бурушат.",https://24.kg/kyrgyzcha/366052_orozo_2026_bugun_kadyir_tun_belgilenet/,0
Жөтөлгө каршы сироп менен сүттүн аралашмасы 4 баланын өмүрүн алдыбы? Текшеребиз,"Энеси балдарына жөтөлгө каршы сироп менен сүттүн  аралашмасын берип, аларды өлтүрүп алганы тууралуу окуя социалдык тармактарда жана WhatsApp аркылуу кеңири жайылды. Factcheck.kgокуянын чоо-жайын изилдеп көрдү. Маалыматтын алгачкы булагын издегенибизде, окуя 28 февралда lifeinsaudiarabia.net сайтында жарыяланганы белгилүү болду. Эки күндөн соң, 2 мартта,  маалымат аталган сайттын Facebook социалдык тармактагы баракчасына чыккан. Ал эми lifeinsaudiarabia.net аттуу ресурс тууралуу маалымат интернет айдыңында сейрек кездешет. Анлис тилиндеги сайт 2017 жылы каттоодон өтүп,  анын ээсинин аты-жөнү сайтта көрсөтүлгөн эмес. Ресурс акысыз CMS WordPress системасында иштеп, баасы 59$ды түзгөн Newspaper шаблонун колдонот. Мындан улам, аталган ресурска ири интернет-долбоорлорго жумшалгандай каражат сарпталган эмес деген тыянак чыгарабыз. Ал эми ресурстун администрациясы өзүнүн сайтына же 1,7 млн.",https://factcheck.kg/ky/mat-ubila-detej-smesyu-moloka-i-siropa-ot-kashlya-proveryaem/,1
Трамп Иран менен атышууну токтотуу келишимин узарткысы келбей турганын билдирди,"АКШ президенти Дональд Трамп Иран менен атышууну токтотуу келишимин узарткысы келбейт. Бул тууралуу ал 21-апрелде CNBC телеканалына курган маегинде айтты. Иран менен АКШнын ортосунда Пакистандын ортомчулугу менен түзүлгөн келишим 22-апрелде аяктайт. Трамп 21-апрелде тынчтык режимин улантууга убакыт аз экенин айтып, Кошмо Штаттар сүйлөшүүлөрдө күчтүү позицияда экенин белгиледи. Вашингтон жакын арада тынчтык сүйлөшүүлөрү Пакистанда өтүшү мүмкүн экенин билдирген. Иран тарап болсо мындай жолугушууга катышуу мүмкүнчүлүгүн карап жатканын айткан. Трамп эгер жакын убакта келишим болбосо АКШ соккуларды кайра башташы мүмкүн экенин эскертти. Анын айтымында, америкалык күчтөр дароо чабуулга өтүүгө даяр. Буга чейин Иран парламентинин төрагасы Мохаммед Бакер Калибаф Американы атышуу келишимин буздудеп айыптаган. «Биз коркутуулар астында сүйлөшүүгө макул эмеспиз. Акыркы эки жуманын ичинде биз согуш талаасында жаңы мүмкүнчүлүктөрдү көрсөтүүгө даярдык көрдүк», — деп жазды Калибаф X социалдык түйүнүндөгү баракчасына. 21-апрелде Исламабадда Иран менен АКШ делегациялары жолугушу мүмкүн экени айтылган. Трамп делегация жөнөп кеткенин билдирген. Ал эми Иран катышар-катышпасын расмий жарыялай элек. Быйыл 28-февралда Израил менен АКШ Иранга чабуул баштап, Тегеран ага жооп иретинде Перс булуңундагы америкалык базалар жайгашкан өлкөлөргө сокку ура баштаганда дүйнөлүк рыноктогу мунай жана газдын 20% ашууну ташылган Ормуз кысыгын жаап койгон. Бул мунайдын кымбатташын шарттады. Тегеран 17-апрелде элдешүү маалында коммерциялык танкерлер үчүн Ормуз ачылганын маалымдап, кийинки күнү Ирандын портторун АКШнын курчоого алуусу уланып жаткандыктан кысыкта аскердик көзөмөл калыбына келтирилгенин айткан.",https://www.azattyk.org/a/33737219.html,0
"Исламабадда делегациялар ""бетме-бет"" сүйлөшүп  жатканын Ак үйдүн өкүлү билдирди","Исламабадда АКШнын, Ирандын жана Пакистандынделегацияларыбир бөлмөдө ""бетме-бет"" сүйлөшүп жатканын Ак үйдүн өкүлү билдирди. Буга чейин сүйлөшүүлөрдүн бир нече айлампасы өтүп, анда делегациялар эки башка отуруп, ортомчулар тараптарга маалымат жеткирип турган. Исламабаддагы сүйлөшүү кандай форматта болору алдын ала белгисиз эле. Бул 1979-жылдагы Ислам революциясынан берки Вашингтон менен Тегеран ортосундагы эң жогорку деңгээлдеги сүйлөшүүдөн жана 2015-жылкы Ирандын өзөктүк программасы боюнча келишимге жетишилгенден берки эки тараптын ортосундагы биринчи расмий сүйлөшүүлөр болуп калмакчы. Пакистан баш калаасындагы жолугушуу Израил менен АКШ Иранга каршы аскердик операция баштаган маалда өтүп жатат. АКШнын лидери Дональд Трамп анын башкы максаты Тегерандын өзөктүк куралга ээ болушуна жол бербөө экенин айткан. Иран жооп чара иретинде Перс булуңундагы америкалык аскер базалары жайгашкан өлкөлөргө жана Израилге сокку уруп, Ормуз кысыгын жаап салды.",https://www.azattyk.org/a/33730080.html,0
Кытай жышыгычтарындагы зыяндуу заттар. Фактчек,"ресурстарынан видеонун скриншотуна окшош сүрөттөрдү издеп көрөбүз. Андан соң, «Китайские мочалки с таблетками» (дары-дармектери бар кытай жышыгычтары), «Мочалки с таблетками» (дары-дармектери менен жышыгыч) деп издөө салабыз. Биз издеген жышыгычка тиешелүү эч кандай маалымат чыккан жок. Жеке тажрыйба Маалыматтын чын-төгүнүн андан бышыктоону улантабыз. Ал үчүн үч түрдүү жышыгыч сатып алдык. Анын ичинен экөө эл арасында кеңири колдонулат. Алар эки каттан туруп, бир жагы жашыл, ал эми экинчи жагы кызыл түстө, же тескеринче болот. Экөөндө тең «Кореяда чыгарылган» (Made in Korea) деген маалымат бар.",https://factcheck.kg/ky/mochalki-s-yadovitymi-tabletkami-pravda-ili-fejk/,1
ТМУнун тышкы иштер министрлери Түркиянын президенти менен жолугушту,"Түрк мамлекеттеринин уюмуна мүчө мамлекеттердин тышкы иштер министрлерин Түркиянын президенти Режеп Тайип Эрдоган кабыл алды. Жолугушуу Стамбулда Түрк мамлекеттеринин тышкы иштер министрлери кеңешинин бейрасмий жыйынынын алкагында өттү. ТИМден билдиришкендей, жолугушууда Түркиянын президенти ТМУ тышкы иштер министрлерин жылуу кабыл алып, түрк мамлекеттеринин ортосундагы кызматташтыкты андан ары бекемдөөнүн маанилүүлүгүн баса белгиледи. Ал аймактык жана эл аралык актуалдуу маселелер боюнча үзгүлтүксүз диалогдун маанилүүлүгүн белгилеп, уюмдун алкагында көп тараптуу кызматташтыкты андан ары өнүктүрүүгө кызыкдар экенин билдирди. Өз кезегинде Кыргызстандын тышкы иштер министри Жээнбек Кулубаев Кыргызстандын президенти Садыр Жапаровдун атынан жылуу саламын жана эң жакшы каалоолорду жеткирди. Ал Түркия Кыргызстандын эң маанилүү жана ишенимдүү өнөктөштөрүнүн бири экенин, аны менен достук, өз ара урматтоо жана ар тараптуу стратегиялык өнөктөштүк мамилелер сакталып келе жаткандыгын белгиледи. Министр ошондой эле Режеп Тайып Эрдогандын ар кандай аймактык жана глобалдык чыр-чатактарды дипломатиялык жол менен чечүү боюнча тынчтык демилгелерин алга жылдырууга кошкон жеке салымын жогору баалады. Ошондой эле ушул жылы Бишкекте өтө турган Шанхай кызматташтык уюмунун саммитине жана алтынчы Дүйнөлүк көчмөндөр оюндарына даярдыктын жүрүшү боюнча маалымат берди. Жолугушуунун жыйынтыгында тараптар эки тараптуу кызматташтыкты андан ары тереңдетүүгө, ошондой эле аймактык жана эл аралык уюмдардын алкагында өз ара аракеттенүүнү бекемдөөгө өз ара кызыкдар экендиктерин тастыкташты.",https://24.kg/kyrgyzcha/365084_tmunun_tyishkyi_ishter_ministrleri_turkiyanyin_prezidenti_menen_jolugushtu/,0
"Камчыбек Ташиев өлкөгө келип, сурак берип жатат",Ал эки кылмыш иши боюнча күбө катары чакырылды Министрлер Кабинетинин төрагасынын мурдагы орун басары – УКМКнын мурдагы төрагасы Камчыбек Ташиев ИИМдин Тергөө кызматында сурак берип жатат. Бул маалыматты редакциясына ИИМден тастыкташты. Ал эки кылмыш иши боюнча күбө катары чакырылды.,https://vesti.kg/kg/okuyalar/item/149002-kamchybek-tashiev-olkogo-kelip-surak-berip-zhatat.html,0
Туризм фондунда 90 миллион сомдук коррупциялык схема аныкталды,"Кыргызстандын Башкы прокуратурасы Экономика жана коммерция министрлигине караштуу Туризмди өнүктүрүүнү колдоо фондунда мамлекетке ири өлчөмдө зыян келтирүү фактысы боюнча кылмыш ишин козгоду. Көзөмөл органдын маалыматы боюнча, 2022-жылдан 2024-жылга чейин фонддун кызмат адамдары жеке компаниялардын катышуусу менен туруктуу коррупциялык схеманы уюштурушкан. Аныкталгандай, туризм тармагын өнүктүрүү шылтоосу менен консультациялык кызмат көрсөтүүгө жана ар кандай долбоорлорду ишке ашырууга мамлекет үчүн пайдасыз келишимдер түзүлгөн. Бул долбоорлордун басымдуу бөлүгү иш жүзүндө аткарылган эмес. Мыйзамсыз аракеттердин натыйжасында мамлекетке 90 миллион сомдон ашык зыян келтирилген. Учурда тергөө иштери жүрүп жатат, ишке тиешеси бар бардык адамдар жана окуянын жагдайлары такталууда.",https://24.kg/kyrgyzcha/371477_turizm_fondunda_90million_somduk_korruptsiyalyik_shema_anyiktaldyi/,0
Милиция ардагерлеринин пенсиясын көбөйтүү маселеси көтөрүлдү,"Жогорку Кеңештин 15-апрелдеги отурумунда күч кызматтарында иштеп жүрүп пенсияга чыккан ардагерлердин пенсиясын көбөйтүү жөнүндөгү маселе көтөрүлдү. Депутат Сүйүнбек Өмүрзаков акыркы жылдары өлкөдө пенсия кыйла көбөйгөнүн айтып, бирок милиция ардагерлериники дээрлик ошо бойдон калып жатканын белгиледи. ""Биз бул маселени буга чейин деле көтөрдүк эле. Комиссия да түзүлгөн, бирок анын ишинин жыйынтыгы белгисиз. Ардагерлердин кызматын унутпайлы. Аларды колдоп, пенсия маселесин чечиш керек"", - деди Өмүрзаков. Депутат күч кызматтарынын ардагерлерине башка пенсионерлердей ""Тулпар"" картасы менен коомдук муниципалдык транспортто акысыз жүрүү укугу да берилбегенин айтып, Министрлер кабинетинен ушул маселени да чечүүнү суранды. Күч кызматтарынын ардагерлеринин пенсия маселеси парламентте былтыр сентябрь айында да көтөрүлгөн. Ал кездеги спикер Нурланбек Тургунбек уулу маселе бийликтин көңүл борборунда экенин, жакын арада чечилерин билдирген. Кыргызстандын мыйзамдарына ылайык, күч кызматтарында иштегендер тармакта 20 жыл эмгектенгенден кийин жаш курагына карабастан пенсияга чыгышат. (ZKo)",https://www.azattyk.org/a/33732562.html,0
"""Кылым шамы"" уюму пикир үчүн камалгандардын ишин кайра кароого чакырды","""Кылым шамы"" укук коргоо уюму 2022-жылдан берки аралыкта Кыргызстанда алтымышка жакын - 58 адам тынч митингге чогулганы, соцтармактарда пикирин билдиргени, башка пикирлерди бөлүшкөнү үчүн кылмыш жоопкерчилигине тартылганынэсептеп чыкты. Анын ичинен 48 адамга каршы кылмыш иши Ички иштер министрлиги тарабынан козголуп, 11 адам соттолгон. Ал эми 10 адамга Улуттук коопсуздук боюнча мамлекеттик комитети (УКМК) кылмыш ишин козгоп, тогузу соттолгон. Уюмдун жетекчиси Гүлшайыр Абдирасулова 2022-2025-жылдары өлкөдөгү биринчи инстанциядагы соттор тарабынан Кылмыш-жаза кодексинин 278-беренеси (Жапырт башаламандыктар"") боюнча 72 адам соттолсо, бешөө аялдар болгонун, 327-берене (""Бийликти күч менен басып алууга ачык чакырыктар"" менен 31 адам соттолсо, бешөө аялдар, 330-берене (""Расалык, этностук, улуттук, диний же региондор аралык кастыкты (араздашууну) козутуу"") менен 77 адам соттолсо, 11и аялдар экенин белгиледи. Жыйынтыгында бул беренелер боюнча үч жылда 180 адам сот жоопкерчилигине тартылган. ""Бул иштердин дээрлик бардыгында жалгыз далил катары Улуттук илимдер академиясынын жана Соттук-экспертиза кызматынын корутундулары көрсөтүлгөн. Мен Илимдер академиясы соттук экспертиза жүргүзүүгө укуксуз болгону үчүн бул иштер эмне себептен алигүнчө кайра каралбай жатканына түшүнбөйм. Бул маселени дайыма көтөрүп келем, бирок менин сөзүм угулбай кала берет. Ошол эле учурда мен сын пикиримди жарыяласам, мени укмак тургай, таап, жазалашат"", - деп жазды Абдирасулова. Укук коргоочу тийиштүү органдарга кайрылып, Улуттук илимдер академиясы соттук экспертиза жүргүзүүгө мыйзамдуу укугу жоктугуна карабай, алардын чыгарган экспертизалык корутундулары бардык ушул иштерге негиз болуп бергенин, адамдар кармалып, камалышканын, айрымдары бүгүн пробацияда, айрымдары абакта жатышканын белгилөөдө. Абдирасулова эгер Башкы прокуратура же Жогорку сот бул иштерди кайра кароону чечсе, ""Кылым шамы"" ага көмөктөшүүгө даяр экенин кошумчалады. Февраль айынын башында Камчыбек Ташиевдин УКМК төрагалыгынан кетүүсү менен коштолгон кадрдык өзгөрүүлөрдөн улам бир катар медиа уюмдар, жарандык коомдун өкүлдөрү өлкө бийлигине кайрылып, ""Жапырт башаламандык"" жана башка оор беренелер боюнча козголгон иштер боюнча айыпталгандардын ишинкайра кароого чакырышкан. Президент Садыр Жапаров Кыргызстанда сөз эркиндиги да, демократия да бар экенин белгилеп келет. (ZKo)",https://www.azattyk.org/a/33728254.html,0
Франциядагы эң эски имарат деген чынбы? Текшеребиз,"Facebook социалдык тармагында эски имараттын сүрөтү жарыяланып, ал Франция көчөлөрүнүн биринде жайгашканы жана 700 жылдык тарыхы бар экени айтылат. Factcheck.kg бул маалыматты текшерип көрдү. Google издөө системасын колдонуп, сүрөттө La Maison de Jeanne аттуу имарат экенин аныктайбыз. ИмараттынFacebookсоциалдык тармагында жеке баракчасы бар жана ал Франциянын түштүгүндөгү Окситания регионунда Аверон аймагындажайгашкан. Учурда бул имараттын сырткы келбети өзгөртүлгөн.",https://factcheck.kg/ky/samoe-staroe-zdanie-vo-franczii-proveryaem/,1
Шашылыш билдирүү! 23-26-февралда тоолуу райондордо кар көчкү түшүшү мүмкүн,"23-26-февраль күндөрү өлкөнүн тоолуу райондорунда кар көчкү түшүү жана кар күрткүсү күтүлөт. Айрым унаа жолдорунда кыймылга убактылуу чектөөлөр киргизилиши мүмкүн. Бул тууралуу ӨКМ билдирет. Маалыматка ылайык, кооптуу аймактарга төмөнкүлөр кирет: Ошондой эле Мырзаке—Кара-Кулжа—Алайкуу, Ала-Бука—Каныш-Кыя (Чапчыма ашуусу), Красная-Горка—Акташ, Сары-Таш—Дароот-Коргон—Карамык, Бишкек—Нарын—Торугарт, Арал—Миң-Куш жана Арал—Суусамыр унаа жолдорунда да кар көчкү коркунучу бар. Жолдордо кар күрткүсү жана муз тоңуу күтүлөт. Айдоочуларга унаалардын ортосунда 500 метр аралыкты сактоо сунушталат. Тиешелүү кызматтар абалды көзөмөлдөп, зарыл болгон учурда тазалоо иштерин жүргүзөт. Айдоочулардан сактык чараларын сактоо өтүнүлөт.",https://24.kg/kyrgyzcha/363063_shashyilyish_bildiruu_23-26-fevralda_tooluu_rayondordo_kar_kochku_tushushu_mumkun/,0
"Кантип шылуундар дипфейктерди колдонуп, акчаны уурдашууда? Factcheck","адамды жүзүнөн аныктоо системасын алдап, $76.2 млн уурдаганга жетишкен. Алар дипфейк-тиркемелердин жардамы менен адамдардын сүрөттөрүн иштетип чыгышкан. Жыйынтыгында керектүү адамга эң окшош сүрөттөрдү жана видеолорду жасашкан. Ушундай жол менен алар кытайлык системаны алдай алышкан. Үндү жасоо жасалма интеллектти колдонуу менен жүргүзүлөт. Азыркы технологиялар ушундай деңгээлге жетти – адамдын үнүн гана эмес, анын акценинке чейин сүйлөө өзгөчөлүгүн да окшоштурса болот. 2019-жылы Улуубританиядашылуундарүн дипфейктерди колдонуп €220 миң уурдай алышкан. Британдык энергетикалык компаниянын гендиректору өз жетекчиси менен сүйлөшүп жатам деп ойлогон. “Фейк” жетекчи каражатты Венгриядагы өнөккө которууну айткан. Камсыздардыруучу компаниянын билдирүүсүндө, чалган адам акчаны бир сааттын аралыгында которуу керек экенин билдирген. Вашингтон университетинин география кафедрасынын доцентиБо Чжаоэксперименттерди жүргүзүп жатып, дипфейк спутник сүрөттөрүн жасай алган жана аларды аныктай алганпрограммалык камсыздоонужасаган. Ал белгилегендей, спутник сүрөттөрүнүн тактыгы начар болгондуктан аларды видеороликтерге же фотографияларга караганда жасалмалоо жеңилирээк. Ошол эле кезде элде спутник сүрөттөрүнө ишеним көбүрөөк болот.",https://factcheck.kg/ky/kak-moshenniki-ispolzuyut-dipfejki-i-pohishhayut-dengi-factcheck/,1
Депутат Миргүл Темирбаева Андархам айылындагы жаңы медициналык жайдын ачылышына катышты,"Оорукана бардык керектүү жабдуулар менен камсыздалган Кыргыз Республикасынын Жогорку Кеңешинин депутаты Миргүл Темирбаева Лейлек районуна иш сапары Сүлүктү шаарындагы Андархам айылында уланды. Иш сапарынын алкагында эл өкүлү жалпы үй бүлөлүк дарыгерлер тобу жайгаша турган жаңы имаратты ачуу аземине катышты. Буга чейин колдонулуп жаткан имарат Совет доорунда курулуп, эскилиги жеткендиктен авариялык абалга кептелген. Ага ылайык, аны жаңыртуу демилгесин көтөргөн депутат Миргүл Темирбаева эл аралык уюмдарда да кайрылган. Натыйжада Бүткүл дүйнөлүк Жаштар ассамблеясы демөөрчүлүк кылып, заманбап медициналык жай курулду. Тагыраагы, оорукана бардык керектүү жабдуулар менен камсыздалган. Салтанатта сөз сүйлөгөн депутат: “Аймакта эскилиги жеткен социалдык мекемелер арбын. Бирок аларды кезек-кезеги жаңылап келе жатабыз. Буйруса алдыда дагы көп пландарыбыз бар. Алардын баарын ишке ашыра алсак, жергиликтүү элдин жашоосун жакшыртуу багытында ири кадамдарды жасай алган болобуз”, – деп кошумчалады. Ошондой эле тургундар менен баарлашып, алардын көйгөйлөрүн укту. Айтылган ар бир маселе боюнча иш алып барарын айткан депутат өзүн парламенттеги ишмердүүлүгү тууралуу да учкай кеп кылды. Эскерте кетсек, иш-чараларга саламаттык сактоо министринин орун басары Каарманбек Байдавлетов баштаган жетекчилер, Бүткүл дүйнөлүк Жаштар ассамблеясынын өкүлү доктор Сейид Иззат баштаган өнөктөштөр жана жергиликтүү бийлик өкүлдөрү катышты",https://vesti.kg/kg/den-sooluk-uchun/item/132979-deputat-mirgul-temirbaeva-andarkham-ajylyndagy-zhany-meditsinalyk-zhajdyn-achylyshyna-katyshty.html,0
Z-пропаганда Кыргызстанда фейк “маңкурттарды” жаратып келет,"“батыш өлкөлөрү алардын мамилелерин бузууга аракеттенип жаткандыгы” тууралуу. Колдонуучу ошондой эле орус тилинин Кыргызстандагы статусуна тынчсызданганын билдирет. Медер Байжуманов “Кыргызча сүйлө, же эмне үчүн Кыргызстанда орус тилине каршы чыгып жатышат” («Кыргызча суйло, или почему в Кыргызстане ополчились на русский язык») деген макалага шилтеме менен бөлүшкөн. Анын автору кантип “батышчыл күчтөр” кыргыз тилин популярдаштыруу жолу аркылуу Кыргызстан менен Орусиянын ортосундагы мамилелерди бузуп жаткандарын адистер менен талкуулаган. Макалада “кыргызстандыктардын 98%ы орус тили сакталып калышын колдойт” деп айтылат, бирок бул маалыматтар кайдан алынганы келтирилген эмес. Медер Байжуманов – фейк, чындыгында мындай адам жок. Аккаунтунда колдонулган сүрөт казакстандыкКарим Ахметовдуку.",https://factcheck.kg/ky/z-propaganda-sozdaet-fejkovyh-mankurtov-v-kyrgyzstane/,1
Бишкекте алты тилкелүү көпүрөнүн курулушу. Мэр сапаттын текшерип чыкты,"Бишкекте Шабдан баатыр жана Сагымбай манасчы көчөлөрүнүн ортосундагы тилкеде жаңы көпүрө куруу пландалууда. Курулуштун туурасы 28 метрди түзөт. Бул тууралуу бүгүн борбор калаанын мэри Айбек Жунушалиевдин көчмө жыйыны учурунда белгилүү болду. Калаа башчысы шаарды кыдыруу учурунда бир катар негизги инфраструктуралык объектилердеги иштердин жүрүшү менен таанышты. Курулуп жаткан көпүрө алты тилкелүү болот, бул аймактагы жол кыймылынын өткөрүү жөндөмдүүлүгүн бир топ жакшыртат. Долбоордо таксилер үчүн атайын унаа токтотуучу жайлар камтылган. Шаардын жетекчилери бул жол кыймылынын ыңгайлуулугун жана коопсуздугун жакшыртат деп эсептешет. Шаардык кызматтар курулуштун жүрүшүн жана жерде аткарылган иштердин сапатын көзөмөлдөөнү улантышат.",https://24.kg/kyrgyzcha/358595_bishkekte_altyi_tilkeluu_kopuronun_kurulushu_mer_sapattyin_teksherip_chyiktyi/,0
Кыргызстан менен Тогонун ортосунда бир катар документтерге кол коюлду,"Тогонун Министрлер кеңешинин төрагасы Фор Эссозимна Гнассингбенин Кыргызстанга болгон расмий сапарында сегиз документкекол коюлду. Кыргызстан менен Тогонун ортосундагы дипломаттык, расмий жана кызматтык паспорттордун ээлерин визалык талаптардан өз ара бошотуу жөнүндөгү макулдашуу, инвестиция, маданият жаатынды кызматташуу, эки өлкөнүн Саламаттык сактоо министрликтеринин кызматташтыгы боюнча макулдашуу бар. Фор Эссозимна Гнассингбе Кыргызстанга 28-апрелде расмий сапар менен келген. 29-апрелде ал президент Садыр Жапаров менен жолугушту. Садыр Жапаров сүйлөшүүлөрдүн жыйынтыгы боюнча жалпыга маалымдоо каражаттары үчүн билдирүү жасап, Кыргызстан Бириккен Улуттар Уюмунун (БУУ) Коопсуздук кеңешинин 2027-2028-жылдарга туруктуу эмес мүчөлүгүнө талапкерлигин койгонун жана бул демилгени Того колдой турганын айтты. Того Батыш Африкада жайгашкан чакан өлкө жана калкынын саны 9 миллиондон ашат. Кыргызстандын аталган өлкө менен дипломатиялык алакасы 1997-жылы 30-сентябрда түзүлгөн. (BTo)",https://www.azattyk.org/a/33744942.html,0
ЖК Улуттук банктын төрагалыгына Алмаз Бакетаевдин талапкерлигин жактырды,"Бүгүн, 18-мартта Жогорку Кеңеш Улуттук банктын төрагасы кызматына Алмаз Бакетаевдин талапкерлигин жактырды. 78 депутат «макул» деп добуш берди. Эске салсак, буга чейин Улуттук банктын мурдагы төрагасы Мелис Тургунбаев кызматтан кетүү тууралуу арызы парламентте каралып, колдоого ээ болгон.",https://24.kg/kyrgyzcha/366544_jkuluttuk_banktyin_toragalyigyina_almaz_baketaevdin_talapkerligin_jaktyirdyi/,0
Окуучулардын жазгы каникулу узартылды,"Окуучулардын жазгы каникулу 2026-жылдын 2-мартынан 7-мартына чейин узартылды. Эс алуу мөөнөтүнө дагы төрт күн кошулду. Бул тууралуу Агартуу министрлигинен билдиришти. Маалыматка ылайык, окуучулардын жазгы эс алуусу кыскарып калганы боюнча келип түшкөн кайрылууларды жана өтүнүчтөрдү карап чыгып, тиешелүү чечим кабыл алынды. Окуучулардын жазгы каникулу 2026-жылдын 2-мартынан 7-мартына чейин узартылды. Мындайча айтканда, эс алуу мөөнөтүнө кошумча 4 күн берилди. Окуу планынын толук аткарылышын камсыз кылуу максатында, кошумча берилген 4 окуу күнү май айында окутулат. Натыйжада, 2025—2026-окуу жылы салттуу түрдө 25-майда эмес, 29-майда аяктайт.",https://24.kg/kyrgyzcha/363429_okuuchulardyin_jazgyi_kanikulu_uzartyildyi/,0
Нарын-Жаңы-Жол унаа жолу ачылды,"Нарын облусундагы Нарын-Жаңы-Жол унаа жолу ачылды. Бул тууралуу «Кыргызавтожол-Түндүк» мекемеси билдирди. Маалыматка ылайык, мындай чечим жолдун абалын жеринде текшерүү үчүн райондук администрация өкүлдөрүнөн жана тиешелүү адистерден турган атайын комиссия түзүлүп, кароо жүргүзүлгөндөн кийин кабыл алынды. Кароо учурунда № 41 Жол тейлөө ишканасы тарабынан жолду тазалоо, кеңейтүү жана коопсуз абалга келтирүү боюнча иштер аткарылганы белгиленди. Айта кетсек, 8-мартта Жаңы-Жол тилкесинде тоо боорунан шагыл аралаш таштар кулап, жолдо кооптуу абал жаралган. Мындан улам жол убактылуу жабылган болчу. Мекеме жарандардан жолдо жүрүүдө коопсуздук эрежелерин сактоону жана аба ырайынын шарттарын эске алууну эскертти",https://24.kg/kyrgyzcha/367044_naryin-janyi-jol_unaa_jolu_achyildyi/,0
Тоого эс алууга чыккандарга эскертүү: 7-12-май аралыгында сел жүрүшү мүмкүн,"Чүй облустук ички иштер башкы башкармалыгы жарандарды жана эс алуучуларды аба ырайынын өзгөрүшү тууралуу эскертет. 7-майдан 12-майга чейин Чүй облусунун тоолуу жана тоо этектериндеги райондорунда туруксуз аба ырайы жана катуу жаан-чачын күтүлөт. Сел жүрүү коркунучу бар, ошондой эле дарыяларда суунун деңгээли көтөрүлүшү мүмкүн. Чүй облусунун тургундарына жана конокторуна майрам жана дем алыш күндөрү коопсуздук чараларын сактоо сунушталат: мүмкүн болушунча тоолуу жана тоо этектериндеги аймактарга барбоо, дарыялардын жээктеринде жана капчыгайларда эс албоо, ошондой эле катуу жаан учурунда тоо жолдорунда жүрбөө керек. Эс алуу учурунда жеке коопсуздугуңузга көңүл буруп, катуу агымдагы суулардан алыс болуңуз. Зарыл учурда 102 кызматына кайрылыңыз.",https://24.kg/kyrgyzcha/373065_toogo_esaluuga_chyikkandarga_eskertuu_7-12-may_aralyigyinda_sel_jurushu_mumkun/,0
Унчукпай калба жана коркпо: жумушта жана коомдук транспортто харассментке кантип каршы туруу керек,"Изилдөөлөргө ылайык, Кыргызстанда ар бир төртүнчү аял жумуш ордунда сексуалдык ыдыкка дуушар болгон. Эмгек министрлиги Эмгек кодексине өзгөртүүлөрдү сунуштап, ага ылайык, ыдык көрсөткөндөр кызматкерге келтирилген моралдык зыянды жана материалдык чыгымды төлөп бериши керек. Бирок маселе – көпчүлүк адамдар өз укуктары бузулуп жатканын ачык айтуудан коркуп, унчукпай чыдап келишет. Харассмент жумуш ордунда да, коомдук транспортто да кездешип, адамдардын коопсуздугуна, психологиялык абалына олуттуу таасир этет. Көпчүлүк учурда жабырлануучулардын коркуп же уялып, бул тууралуу унчукпай коюушу көйгөйдү чечпестен, тескерисинче, анын улануусуна шарт түзөт. Харассментке каршы күрөшүү үчүн ар бир адам өз укуктарын билип, өзүн коргой алганы маанилүү. Бул багытта коомдун маалымдуулугун жогорулатуу, ошондой эле адистердин кеңештери өзгөчө роль ойнойт. “Көз мончок” уктуруусунда дал ушул маселеге кененирээк кайрылдык.",https://sputnik.kg/20260505/1101135982.html,0
"5-7-июль күндөрү селдер жүрүп, таштар кулашы мүмкүн. Аймактардын тизмеси","Кыргызстандын айрым жерлеринде жаан-чачын катуу жаашы күтүлөт Туруксуз аба ырайына жана күтүлүп жаткан нөшөрлүү жаан-чачынга байланыштуу тоолуу жана тоо этектериндеги райондордо сел жүрүшү мүмкүн. Бул тууралуу Өзгөчө кырдаалдар министрлигинин басма сөз кызматы билдирди. Өзгөчө кырдаалдарга мониторинг жана болжолдоо департаментинин маалыматы боюнча сел коркунучу бар аймактарга төмөндөгүлөр кирет: - Баткен облусунун Лейлек, Баткен жана Кадамжай райондору; - Ош облусунун Ноокат, Алай жана Чоң-Алай райондору; - Ысык-Көл облусунун Ак-Суу, Жети-Өгүз, Ысык-Көл, Түп жана Тоң райондору; - Чүй облусунун Панфилов, Жайыл жана Кемин райондору; - Нарын облусунун Жумгал, Кочкор, Нарын райондору. Жолдордун төмөнкү тилкелеринде таш кулоолору жана сел жүрүшү мүмкүн: - Бишкек-Ош унаа жолунун 285-чакырымы, 342-348-чакырымдары, 358-362-чакырымдары, 400-чакырымдары, 411-426-чакырымдары; - Ош–Сары-Таш–Эркечтам унаа жолунун 64-65, 68-70 км, 78-80, 100, 106, 121-124, 133 чакырымдары; - Бишкек–Балыкчы унаа жолунун 112-128-чакырымдары (Боом капчыгайы); - Балыкчы–Бөкөнбаев унаа жолунун 64-117-чакырымдары; - Талды-Суу-Арал унаа жолунун 4-5-чакырымдары; - Ош-Раззаков унаа жолунун 64-78-чакырымдары, 125-138-чакырымдары, 149-190-чакырымдары. Сүрөт: www",https://vesti.kg/kg/analitika-kg/item/126366-5-7-iyul-kundoru-selder-zhurup-tashtar-kulashy-mumkun-ajmaktardyn-tizmesi.html,0
Арал-Казарман унаа жолундагы таштар тазаланууда,"Түндүк-Түштүк альтернативдик автожолунун Арал — Казарман участогунун 243-296-чакырым аралыгында тоо бетинен түшкɵн таштарды тазалоо иштери активдүү жүрүүдɵ. Бул тууралуу Транспорт жана коммуникациялар министрлигинин басма сөз кызматы билдирди. Маалыматка ылайык, тазалоо иштери № 18 Жол тейлөө ишканасы тарабынан уланууда. Учурда бир тараптуу каттам бар. Аба ырайынын кескин ɵзгɵрүшүнɵн улам Ош — Сары — Таш — Эркечтам автожолунун 103-чакырымында тоо бетинен чоң кɵлɵмдɵгү таштар кулаган. Жеринде техниканын жардамы менен тазалоо иштери жүрүүдɵ.",https://24.kg/kyrgyzcha/364855_aral-kazarman_unaa_jolundagyi_tashtar_tazalanuuda/,0
ChatGPT дүйнө элин кулга айлантууну талкуулап жатабы? Текшеребиз [split],"кийин ар бир жолу видеодө кескин өзгөрүүлөр, чаптоолор байкалат. Мисалы, 0,9 секундада сөз бир түзүмдө аяктайт, андан кийин кескин өтүү байкалат да башка түзүмдөгү ЖИ жооп бере бештайт. Бул видео монтаждалганын көрсөтөт. Роликти жарыялаган адам алгач ар бир түзүм менен өзүнчө диалогду жазып алган, андан кийин ал тийиштүү фрагменттерди бир роликкке монтаждап чыккан. Монтаждалган роликте ЖИ бири бири менен «сүйлөшкөндөй» сезилет, а бирок чындыгында андай эмес. Тыянак: калп. Жасалма интеллекттин акыл-эси жок. Ал ага берилген маалыматтардын алкагында жана алгоритмдердин негизинде гана ишейт. Видеого талдоо көрсөткөндөй, ал монтаждалган. Буга чапталган жерлери – ар бир девайстагы сөздөрдөн кийинки кескин өтүүлөр далил боло алат.",https://factcheck.kg/ky/chatgpt-obsuzhdaet-poraboshhenie-mira-proveryaem/,1
Инфляциядан качуу жана баалуулукту сактоо: Бишкектеги инвесторлор эмне кылышы керек?,"Дүйнөлүк экономиканын туруксуздугунун фонунда жана инфляциянын кайра башталышында 2025–2026-жылдар инвесторлор үчүн өз активдерин баанын төмөндөшүнөн коргоо жөнүндө олуттуу ойлонууга туура келген негизги этап болуп калууда. Кыргызстанда, өзгөчө борбор Бишкекте, каржылык агымдар акырындык менен салттуу инвестициялык каражаттардан чыныгы жана туруктуу баалуулукка ээ активдерге, анын ичинде кыймылсыз мүлк стратегиялык маанилүү тандоо катары бөлүнүп турат, өтө баштады. Мындай трансформация заңдуу суроону көтөрөт: экономикалык өзгөрмөлүүлүк жана потенциалдуу инфляциялык басымдын шартында кайсы инвестициялык канал чындыгында эффективдүү? Бишкек шаарынын — Кыргызстандын борборунун сүрөтү Кыргызстандагы салттуу инвестициялык каналдар банктык салымдарды, баалуу кагаздар рыногун, чет өлкө валютасын жана алтынды камтыйт. Учурда банктык депозиттер төмөн чыныгы кирешелүүлүктү камсыз кылат, анткени пайыздык чендер инфляция деңгээлине жете албайт, бул акча каражаттарынын баанын жоготуу тобокелдигин жогорулатат жана бул каражатты капиталды сактоо жагынан азыраак эффективдүү кылат. Жогорку ликвиддүүлүккө карабастан, бул инвестициялык канал активдердин наркынын туруктуу узак мөөнөттүү өсүшүн калыптандырбайт. Кыргызстандагы баалуу кагаздар рыногу да чектелүү масштабы, төмөн ликвиддүүлүгү жана жогорку өзгөрмөлүүлүгү айынан салыштырмалуу азыраак тартымдуу болуп калууда, бул инвесторлордон олуттуу тажрыйба жана жогорку тобокелдиктерди кабыл алууга даярдыкты талап кылат. Чет өлкө валютасы жана алтын салттуу түрдө хеджирлөө каражаттары жана кыска мөөнөттүү баалуулукту сактоо катары каралат, бирок алар капиталдын туруктуу өсүшүн камсыз кылбайт, ал эми алардын кирешелүүлүгү негизинен коргоочу мүнөзгө ээ (Дүйнөлүк банк, ECA Economic Update). Бишкекте гана эмес, эл аралык рыноктордо да инвесторлор кыймылсыз мүлк салттуу каржылык каражаттарга салыштырмалуу наркты сактоо жана көбөйтүү жөндөмүн жогорураак көрсөткөнүн барган сайын белгилешет. Москвада (Россия) бай инвесторлор элиталык кыймылсыз мүлк сегментине активдүү салым салууну улантууда: 2024-жылы бул сегменттеги баалар 20%дан ашык өстү, бул рубльдун алсыздашы жана жогорку инфляциянын фонунда капиталды сактоонун эң ишенимдүү жолдорунун бири болуп калууда (NF Group, мурда Knight Frank Russia маалыматы боюнча). Окшош тенденция Дубайда (БАЭ) да байкалууда, мында кыймылсыз мүлк рыногу салык артыкчылыктары, наркынын өсүш потенциалы жана ижарадан жогорку кирешелүүлүк аркасында эл аралык инвесторлорду тартууну улантууда. Көптөгөн райондордо ижарадан кирешелүүлүк жана рыноктун туруктуулугу банктык салымдардын көрсөткүчтөрүнөн асып кетет, бул кыймылсыз мүлктү илимпаздыктуу инвестициялык каражатка айлантат (DarGlobal). Бул мисалдар салттуу акча каражаттары капиталдын наркын сактоону кепилдик кылбаган шартта кыймылсыз мүлк узак мөөнөттүү стратегияга багытталган инвесторлор үчүн артыкчылыктуу тандоого айланганын айкын көрсөтөт. Royal Central Park жана The Essence фазасынын 5 башнясынын сүрөтү — 2026-жылдын январынан расмий түрдө сатууда Кыймылсыз мүлк салыштырмалуу коопсуз инвестициялык каражат гана эмес, туруктуу узак мөөнөттүү кирешелүүлүктүн булагы да болуп саналат. ОЭСР маалыматтары боюнча, өнүгүп жаткан экономикалардагы кыймылсыз мүлк рыногу кыска мөөнөттүү каржылык ырааттануулар менен төмөн корреляцияга ээ жана, адатта, инфляция жана урбанизация процесстерине параллель түрдө наркынын өсүшүн көрсөтөт, бул узак мөөнөттүү капиталдын сатып алуу жөндөмүн сактоого көмөктөшөт. Бишкек сыяктуу тез өсүп жаткан шаарларда кыймылсыз мүлк туруктуу ижара акча агымын калыптандыруу жана шаардын өнүгүү циклдарына ылайык баада өсүү жөндөмү аркасында «баалуулук кампасы» функциясын аткарат (Дүйнөлүк банк). Өзгөчө 2024–2025-жылдардын мезгилинде Бишкектеги батирлердин орточо наркы 30–35%га өстү, калктын кирешелеринин өсүш ылдамдыгын жана ошол эле мезгилдеги инфляцияны озуп кетип, бул экономикалык туруксуздук шартында кыймылсыз мүлктүн коргоочу ролун айкын чагылдырат (Кыргыз Республикасынын Улуттук банкы). Урбанизациянын жогорку ылдамдыгы бар шаарларда турак жай баасынын өсүшү 5–10 жылдык перспективада орточо эсеп менен инфляция деңгээлин 1,5–2 эсеге асат (ОЭСР). Мында жылына 2%дан ашык калктын өсүш ылдамдыгы бар калктуу конуштарда кыймылсыз мүлккө инвестициялардын жалпы кирешелүүлүгү — наркынын өсүшү жана ижара түшүмдөрүн эске алуу менен — жылына 8–12%га жете алат, бул банктык депозиттердин жана көптөгөн салттуу каржылык каражаттардын кирешелүүлүгүн олуттуу түрдө асып кетет (Дүйнөлүк банк). Бишкек турак жайга жогорку чыныгы суроо-талап, чектелүү сунуш жана шаардык инфраструктуранын активдүү өнүгүшү аркасында эң тартымдуу инвестициялык багыттардын бири болуп калууда. 2025-жылы борбордогу турак кыймылсыз мүлктүн баалары 30%дан ашык өстү, ошол эле учурда баанын абсолюттук деңгээли Алматы жана Астана сыяктуу аймактын ири шаарларына караганда болжол менен 30–40% төмөн болуп калууда, бул наркынын андан ары өсүшүнүн олуттуу потенциалын калыптандырат. Дүйнөлүк банктын маалыматтары боюнча, жылына 2%дан ашык калктын өсүш ылдамдыгы жана турак жайдын чектелүү сунушу бар шаарлар, адатта, кыймылсыз мүлк баасынын өсүшүн орто аймактык көрсөткүчтөрдөн 1,3–1,6 эсе ашып кетип көрсөтөт. Ошол эле учурда Европалык реконструкция жана өнүктүрүү банкы (EBRD) Кыргызстанды кирүү босогосу төмөн жана баалардын өсүш потенциалы али бүтө элек рынок катары баалайт, бул аны узак мөөнөттүү инвестициялар үчүн өзгөчө тартымдуу кылат. Бишкектин инфраструктурасын өнүктүрүү жана шаар куруу саясаты туруктуу өсүштү колдоого багытталган. 2030-жылга чейин транспорттук жүктү азайтууга, өткөрүү жөндөмүн жогорулатууга жана шаардын аймагын кеңейтүүгө багытталган транспорттук инфраструктураны модернизациялоо концепциясы ишке ашырылууда. Жол тармагын кеңейтүү, көпүрөлөрдү жана транспорттук тоголоктору куруу, кыймылды башкаруунун автоматташтырылган системаларын киргизүү, ошондой эле социалдык инфраструктураны өнүктүрүү боюнча долбоорлор жаңы муундун турак кварталдары үчүн бекем негизди түзөт. Параллелдүү түрдө негизги долбоорлорду — көп функционалдуу комплекстүү борборлорду жана коомдук мейкиндиктерди жаңыртуу программаларын ишке ашыруу Борбордук Азия өлкөлөрүнөн түздөн-түз чет өлкө инвестицияларын тартууга, шаардын кийпин жаңыртууга жана калктын жашоо сапатын жогорулатууга көмөктөшөт. Узак мөөнөттүү перспективада Кыргызстан жаш калктын басымдуулугу, урбанизациянын тез темптери жана ачык экономикалык саясаты менен ыңгайлуу демографиялык структурага ээ, бул Бишкекте турак жайга, кызматтарга жана шаардык инфраструктурага туруктуу суроо-талапты калыптандырат. 2030-жылга чейин транспорттук системаны модернизациялоо, шаардык аймакты кеңейтүү жана инженердик инфраструктурага инвестициялоо программалары борборун активдерди узак мөөнөттүү топтоо стратегиясына багытталган инвесторлор үчүн «циклден озуп жаткан» рынок катары позицияларын бекемдөөнү улантууда. 2025–2026-жылдардын мезгили инвестициялардын эксклюзивдүү түрдө кыска мөөнөттүү пайда каражаты катары каралбай, орто жана узак мөөнөттүү перспективада активдердин наркын сактоого жана көбөйтүүгө барган сайын багытталган этапка айланат. Кыргызстандагы инвестициялык мүмкүнчүлүктөрдү салыштыруу Бишкектин кыймылсыз мүлк рыногу капиталды эффективдүү коргоону камсыз кылган бир катар факторлорду бириктирерин көрсөтөт: турак жайга жогорку чыныгы суроо-талап, чектелүү сунуш, орто аймактык деңгээлден төмөн калган баалык деңгээл, ошондой эле урбанизация, инфраструктураны өнүктүрүү жана түздөн-түз чет өлкө инвестицияларынын агымы менен байланышкан туруктуу өсүш драйверлери. Кыргыз Республикасынын Улуттук банкынын, Дүйнөлүк банктын жана Европалык реконструкция жана өнүктүрүү банкынын аналитикалык маалыматтары тез өсүп жаткан шаарларда кыймылсыз мүлк инфляциялык басым шартында акча каражаттарынын наркын сактоо функциясын гана эмес, шаардык өнүгүү циклдеринин алкагында наркынын туруктуу өсүш потенциалын да жаратканын тастыктайт. Аймактык жана дүйнөлүк экономиканын туруксуздугу сакталып турган шартында Бишкек сыяктуу циклдин озуп жаткан этабында турган рыноктору тандоо салмактуу жана алыскөө инвестициялык мамилени чагылдырат — кирешелүүлүккө жана активдерди стратегиялык коргоого бир убакта умтулуу. Салттуу валюта каналдары менен салыштырганда, Кыргызстандын Бишкегиндеги кыймылсыз мүлк наркты сактоо жана туруктуу өсүштү камсыз кылуу жагынан айкын артыкчылыктарды көрсөтөт. Турак жайга жогорку чыныгы суроо-талап, чектелүү сунуш, активдүү өнүгүп жаткан инфраструктура жана калктын туруктуу өсүшү аркасында бул инвестициялоо каналы контролдолгон тобокелдиктердеги узак мөөнөттүү пайдага багытталгандар үчүн стратегиялык тандоо болуп чыгат, бул Москва жана Дубай сыяктуу эл аралык рыноктордун тажрыйбасы менен тастыкталат. The Essence фазасынын европалык архитектурасынын сүрөтү — 2026-жылдын январынан сатууда 2026-жылдын 13-январынан 2026-жылдын 31-мартына чейин Royal Central Park долбоору инвесторлор жана келечектүү ээлер үчүн эң тартымдуу шарттар менен The Essence турак кластеринин Y3 башнясынын сатууларын расмий түрдө ачат. The Essence турак кластери жөнүндө маалымат: RCP'да батир сатып алуу боюнча ийгиликтүү келишим түзгөн кардарлар үчүн гана өткөрүлүүчү сыйлыктарды тартуулоо программасы: 1 500 000 сомдук 01 электромобиль, 909 090 сомдук 01 автомобиль, ошондой эле ондогон башка баалуу сыйлыктар. Сыйлык фондунун жалпы наркы 2,9 млн сомго жетет. ""City within city"" (шаардын ичиндеги шаар) концепциясы менен Royal Central Park'ты ачыңыз — Бишкектеги биринчи all-in-one шаардык комплекс: Royal Central Park — Бишкектеги бактылуу шаардык мейкиндиктин биринчи символу.",https://vesti.kg/kg/koom/item/146986-inflyatsiyadan-kachuu-zhana-baaluuluktu-saktoo-bishkektegi-investorlor-emne-kylyshy-kerek.html,0
Суваналиевдин тушунда кылмыштуулук болуп көрбөгөндөй өскөнбү? [split],"2006-2007-жылдары Суваналиев Ички иштер министри болуп турганда катталган кылмыштардын саны азайган. Жыйынтык:ИИМ билдирүүсүндө фактылар бурмаланган, маалымат манипуляцияланган. 2005-жылы кылмыштуулуктун өсүшү Ички иштер министринин орун басары Өмүрбек Суваналиевдин начар иштегендиги менен эмес, “жоогазын революциясынан” кийинки массалык талап-тоноолор менен байланыштуу. 2010-жылдын статистикасы бул тенденцияны тастыктайт. Буйрутма өлтүрүүлөрдүн санынын өсүшү Өмүрбек Суваналиевдин тушунда “өлкөдө кылмыштуулук, анын ичинде буйрутма өлтүрүүлөрдүн саны көбөйгөн” деп айыптап, Ички иштер министрлигинин басма сөз кызматы бул маалыматты тастыктаган маалыматтарды берген жок. Бул айыптоолорду тастыктаган да, четке каккан да маалыматтарды ачык булактардан таба алган жокпуз. Жыйынтык:маалымат Ички иштер министрлигинин басма сөз кызматы тарабынан тастыкталган жок. … Рыспек Акматбаев ЖК депутаттыгына талапкерлигин койду Эске салсак, 2006-жылы 31-мартта Рыспек Акматбаев уюштурган митинг",https://factcheck.kg/ky/suvanaliev-sposobstvoval-rostu-prestupnosti/,1
«Кумтөр» Улуттук филармониянын солисттеринин Каракол шаарындагы спектаклинин премьерасына демөөрчү болду,"Каракол шаарында облустук театрдын сахнасында «Кумтөр Голд Компанинин» колдоосу менен Токтогул Сатылганов атындагы Улуттук филармониянын солисттеринин концерти өттү. Көрүүчүлөргө «Тикенек аркылуу бакытка» аттуу музыкалык спектаклдин премьерасы тартууланды. Ошондой эле меймандар Ысык-Көл облусунун областтык борборуна сүрөт көргөзмөсүн алып келишти.Спектаклдин режиссёру Алтынбек Максүтовдун айтымында, Кыргызстан эли руханий жактан өнүгүүгө абдан муктаж жана мамлекет менен «Кумтөр» компаниясы бүгүнкү күндө маданият тармагына жигердүү жардам берип жатканы өнөрпоздордун чыгармачылык жактан өсүшүнө чоң стимул болууда.- Биздин премьера менен Ысык-Көлгө концерт коюуга чакырган Теңиз Бөлтүрүккө ыраазычылык билдиргим келет. Бул спектакльге бир айдан ашык даярданганбыз. «Тикенек аркылуу бакытка» пьесасы бир үй-бүлөнүн, чындыгында бүтүндөй өлкөнүн ойдон чыгарылган окуясын баяндаган боорукер лирикалык комедия. Бул ар бирибиз жөнүндө, адамды эмне бактылуу кылгандыгы тууралуу баян. Бактылуу адам болуш үчүн өз жерин, каада-салтын, үй-бүлөңдү сүйүшүң керек деп ойлойм, - деп кошумчалады Алтынбек Максүтов. Белгилүү акын-импровизатор Аалы Туткучевдин катышуусундагы спектакль көрүүчүлөргө жаркын, унутулгус сезимдерди тартуулады. Аягында артисттерди дүркүрөгөн кол чабуулар менен узатышты. - Маданият өлкө үчүн канчалык маанилүү экенин түшүнөбүз. Бүгүнкү күндө «Кумтөр Голд Компани» маданият жана искусство тармагындагы долбоорлорду активдүү колдойт. Тилекке каршы, аймактардагы эл театрларга барчу жолду дээрлик унутуп калды. Андыктан мындай концерттерди өлкө боюнча мындан ары да өткөрүп турабыз, элге жеткиликтүү кылабыз, - деди куттуктоо сөзүн сүйлөгөн КГКны жетектеген «Улуу көчмөндөрдүн мурасы» улуттук холдинг компаниясынын башкармалыгынын төрагасы Тенгиз Бөлтүрүк. . Уюштуруучуларды, спектаклдин катышуучуларын жана анын көрүүчүлөрүн Кыргыз Республикасынын Президентинин Ысык-Көл облусундагы ыйгарым укуктуу өкүлү Алтынбек Сулайманов да куттуктады.«Ушул сонун концертти уюштурган «Кумтөр» компаниясына жана Теңиз Бөлтүрүккө чын жүрөктөн ыраазычылык билдиргим келет. Маданиятсыз эл болбойт. Адамдын руханий сапаттарын тарбиялай турган маданият. Мындай маданий иш-чаралар мүмкүн болушунча көп болушу керек», - деди облус жетекчиси.КГККГКнын сүрөтү",https://vesti.kg/kg/geologiya-kg/item/98757-kumtor-uluttuk-filarmoniyanyn-solistterinin-karakol-shaaryndagy-spektaklinin-premerasyna-demoorchu-boldu.html,0
Кыргызстанда кайсы адистиктер талап кылынууда? Тизме,"Кыргызстанда өткөн айга карата 5 миң 547 бош иш орду бар. Бул тууралуу Эмгек, социалдык камсыздоо жана миграция министрлигинен билдиришти. Маалыматка ылайык, жумушсуздуктун расмий деңгээли 1,3 пайызды түзөт. Иш менен камсыз кылуу кызматтарында 56,5 миң адам каттоодо турса, анын ичинен 38,1 миңи жумушсуз деген расмий статуска ээ. Эмгек рыногундагы суроо-талаптын түзүмү бүгүнкү күндө экономика кол өнөрчүлүк жана өндүрүштүк багытка оогонун көрсөтүүдө. Жалпы вакансиялардын ичинен 4 251 орун жумушчу адистиктерине туура келет. Иш берүүчүлөр төмөнкү адистерди издешүүдө: Ал эми тейлөө тармагында 1 296 бош орун бар. Бул багытта тарбиячылар, медициналык кызматкерлер, бухгалтерлер, администраторлор жана стажёрлор жетишсиз болууда.",https://24.kg/kyrgyzcha/363767_kyirgyizstanda_kaysyi_adistikter_talap_kyilyinuuda_tizme/,0
"Башкача айтканда, кыргыз тилиндеги вариантта учурдагы мыйзамдар Интернеттеги маалыматты жайылтуу менен байланышкан укуктук мамилелердидээрлик жөнгө салбайт,ал эми орус тилиндеги варианттатиешелүү түрдө жөнгө салбайт.","негиздемесиндеги талаштуу билдирүү. Айрым изилдөөлөр көрсөткөндөй, коом Интернетти тескеринче, зыяндуу деп эсептейт. Маселен, 2015-жылы ФОМ тарабынан өткөрүлгөнизилдөөнүнжыйынтыгына ылайык, ата-энелердин 49%ы дүйнөлүк желе балага зыян деп жооп берген. Интернет-технологиялардын өнүгүшүнө байланыштуу коомдо ал пайдалуу деп эсептелинет жана позитивдүү пикир калтырат деген билдирүү — манипуляция. … ал эми анын техникалык мүмкүнчүлүктөрү менен аудиториясынын кеңейиши көптөгөн маалыматтык сервистер менен ресурстардын жаралышына алып келди – маалымкат-негиздемеден алынды Жыйынтык: чындык Бирок бул билдирүү Интернетти жөнгө салуучу мыйзамды киргизүүгө негиз боло албайт. Интернет аркылуу маалымат издөө катардагы колдонуучулардын гана эмес, мамлекеттик кызматкерлердин, бизнесмендердин жана коммерциялык уюмдардын да өзгөчө укугу (прерогатива) болуп калды. –маалымкат-негиздемеден алынды Жыйынтык: манипуляция. ПРЕРОГАТИВА — Өзгөчө укук, мамлекеттик органдын, кызмат адамынын артыкчылыгы. Бийликтин ыйгарым укуктары. Ожеговдун, Шведованынсөздүгү. Интернет аркылуу маалымат издөө эч кимдин өзгөчө укугу эмес, айрыкча расмий же мамлекеттик органдын артыкчылыгы эмес болгонуна байланыштуу,жогорудагы сүйлөмдүн маңызы жок. Анткен менен Интернетти колдонууга байланышкан терс учурлар да жок эмес. –маалымкат-негиздемеден алынды Жыйынтык: чындык Алар кызыкчылыктардын кеңири чөйрөсүн, анын ичинде купуя маалыматтан тартып саясатка чейин, коомдук тартип менен мамлекеттин улуттук коопсуздугуна чейинки чөйрөнү камтыйт. –маалымкат-негиздемеден алынды Жыйынтык: манипуляция. Сүйлөмдүн курамында логикалык ката бар, бул бүдөмүк фраза. Логикалык жактан алып караганда, «кызыкчылыктардын чөйрөсү» деген сөз айкалышынан соң, ага тиешелүү субъектилер тууралуу айтылышы керек эле. Бирок, анын ордуна объектилер же сапаттык мүнөздөмөлөр келтирилген. Башкача айтканда, «кызыкчылыктардын кеңири чөйрөсү» — «жарандардын кызыкчылыгы», «саясатчылардын кызыкчылыгы», «коомдун жана улуттун коопсуздугун камсыз кылган органдардын кызыкчылыктары» деп айтылышы керек эле. Эл аралык тажрыйба Маалымкат-негиздемеде Германия, Франция жана Улуу Британия сыяктуу өлкөлөрдөгү социалдык тармактарды «жөнгө салуу» жаатындагы эл аралык тажрыйба мисалдары келтирилген. Factcheck.kgаталган мамлекеттердин бирөөсүндөгү тажрыйба менен бул мыйзам долбоорунун окшоштугун текшерип көрдү. Германияда социалдык тармактардагы укуктарды коргоо боюнча мыйзам чынында эле кабыл алынган. Бирок, депутат Гүлшат Асылбаева сунуш кылган мыйзам долбоору мененГерманиянын мыйзамдарынын максаттары жана көз караштары такыр дал келбейт, ошондуктан Германия тажрыйбасын мыкты мисалы катары кароонун өзү туура эмес. Германиянын мыйзамына ылайык, жаңы эрежелер эки миллиондон ашык колдонуучулары бар социалдык тармактарга карата колдонулат.",https://factcheck.kg/ky/manipulyaczii-i-plagiat-v-zakonoproekte-gulshat-asylbaevoj-o-manipulirovanii-informacziej/,1
Депутат Өмүрзаков Кыргызстанга сапатсыз азыктар кирип жатканын айтты,"Жогорку Кеңештин депутаты Сүйүнбек Өмүрзаков Кыргызстанга чет өлкөдөн сапаты начар азык-түлүк кирип жатканын айтып, аны текшерүүчү ""Кыргыз сапаты"" деген системаны киргизүүнү сунуштады. Бул тууралуу эл өкүлү парламенттин 22-апрелдеги жыйынында айтты.""Биздин өлкөгө абдан сапаты начар азык-түлүк кирет. Бул келечектеги балдардын саламаттыгына таасирин тийгизет. Азык-түлүктүн сапаты начар болсо элибиздин ден соолугу начар болот. Бир канча мамлекеттерде дагы бар, бизге дагы ""Кыргыз сапаты"" деген системаны киргизиш керек. Мурда ""сапат белгиси"" деген мөөрчө болот эле. Биздин эл ошону көрүп, сапаттуу же сапатсыз экенин билип, ала баштайт эле"", - деди депутат.Өлкөдө керектелген товарлардын 70 пайызга жакыны сырттан кирет.Кыргызстан агрардык, бирок азык-түлүк боюнча импорттон көз каранды өлкө. Сырттан азык-түлүк, мунай, курулуш материалдары, техника жана башка көптөгөн товарлар импорттолот. Социалдык жактан маанилүү тогуз азык-түлүктүн ичинен үчөө - картошка, сүт жана жашылча менен гана өзүн камсыздай алат. Нан азыктары, мөмө-жемиш, кумшекер, өсүмдүк майы, эт азыктары жана жумуртканын 70% сырттан, негизинен Орусия менен Казакстандан импорттолот. (КЕ)",https://www.azattyk.org/a/33737741.html,0
Еврошаркет Орусияга каршы санкциялардын 20-пакетин жактырды. Тизмеде Кыргызстан бар,"Европа биримдиги Орусияга каршы санкциялардын 20-пакетин жана Украинага 90 млрд евро кредит бөлүү тууралуу макулдашты. «Азаттыктын» украин редакциясы шаркетте төрагалык кылып жаткан Кипрдин өкүлүнө шилтеме мененжазгандай, документке кол коюу жараяны 22-апрелде башталды жана бейшембиде аяктамакчы. «Украинага 90 млрд евролук кредит берүү жана санкциялардын 20-пакети Еврошарккеттин элчилери курган жыйындын күн тартибине киргизилген жана жактырылды», - деп билдирди дипломат. Эки маселе боюнча акыркы чечим кабыл алуу Венгрия менен Словакиянын каршылыгына байланыштуу кечеңдеди. Санкциялар пакети согуштун 4 жылдыгы алдында эле кабыл алынат деп күтүлгөн. Документте орусиялык мунай менен газга, танкерлерге, көмүскө флотуна, химикаттардын экспортуна, банк секторуна чектөө киргизүү каралган. Евробиримдик Кыргызстанга чара көрүү сунушун да киргизген. Ага ылайык, өлкөгө компьютерлердин санарип башкаруу (CNC) станокторун жана радиоэлектрондук жабдууларды сатууга тыюусалынышы ыктымал.Бул санкциялар менен Кыргызстанга алгачкы жолу товар сатууга бөгөт коюлганы турат. Брюссел өлкөгө импорттолгон кош максатта колдонулчу айрым товарлар санкцияларды буйтап өтүп, Орусияга реэкспорттолушу мүмкүн деп кооптонот. Жазалоочу чаралар күчүнө кирсе, Кыргызстан Евробиримдиктин бул өңдүү санкциясына кабылган биринчи мамлекет болуп калмакчы. Андан тышкары орусиялык жана үчүнчү өлкөлөрдүн 20 банктары менен иш алып барууга тыюу салынган. Арасында Кыргызстандагы “Керемет Банк”, “Капитал Банк” банктарын жана “ТенгриКоин” компаниясын да “кара тизмеге” киргизүү сунушун берген. Аталган банктарга ""криптоактивдер жана төлөм системалар жаатында кызмат көрсөтүп, Орусиянын Украинага каршысогушун колдогон"" деген кине коюлган. Санкциялык тизмеде Лаос, Азербайжан жана Армениянын банктары бар. Шаркеттин санкциялар боюнча атайын чабарманы Дэвид О'Салливан февралдын аягында Бишкекке келгенде Министрлер кабинетинин төрагасынын биринчи орун басары Данияр Амангелдиев кыргыз тарап кайсы бир коркунуч жаралса, чечимди акыл калчап, кесипкөйлүк негизде кабыл аларын, тышкы экономикалык операцияларды жүргүзүүдө мыйзам жана эрежелерди сактай турганын айткан. Кыргызстандын бийлиги жеке компанияларга колдонулган чараларды кескин айыптап, айрыкча банктарга салынган санкцияларды кайра алууну талап кылып келет.",https://www.azattyk.org/a/33738026.html,0
"Ак-Буура жээгиндеги ""Байсан"" рестораны жана башка жайлардын ордуна сейил бак курулат","Оштун мэри Жанарбек Акаев 6-майда шаардагы Ак-Буура дарыясынын боюнда, корук аймакка курулган мыйзамсыз объектилер бузулгандан кийин алардын ордуна сейил бак куруларын билдирди. ""Коомчулуктун пикирин эске алдык. Буга чейин курулуштары бузулган ишкерлер болгон. Баарына бирдей мамиле кылуу максатында биз булар менен сүйлөшүү жүргүздүк, ""силерге балким кенемте берели, башка жактан орун алмашалы"" деп. Бирок сүйлөшүүлөрдөн натыйжа чыкпай атты. Бул жерди көрүп атасыңар, корук аймак. Корук аймакка жакын. Техника иштеп атканын көрүп атасыңар. Биз бул жерди 10 гектардан ашуун парк кылабыз. Бул мамлекеттик муктаждык. Бул жерде жашаган миңдеген адамдарга парк жетишпейт. Жакшынакай кылып веложол, гүл борбору, пляж кылып беребиз. Элдин баары ""эмне үчүн буларга таандык имарат бузулбайт да, башкалардыкы бузулат, бирдей мамиле болуш керек"" деп айтып жатышат. Албетте, кафенин ээлери сотко беребиз деп жатышат. Сотто мэрия элдин укугун, шаардыктардын укугун коргойбуз"", - деди ал. Мэрия 6-майдын кечинде аталган дарыянын жээгиндеги «Байсан» ресторанынын түрттүрүлүп жаткан видеосун жарыялаган. Ресторанга байланыштуу аты аталган парламенттин мурдагы төрагасы Акматбек Келдибеков Фейсбуктагы баракчасына 6-майда жазган билдирүүсүндө имараттын ага тиешеси жок экенин, ээси жеңеси Адалат Абдибаитова экенинбелгилеген. Былтыр Ош шаарынын мэриясы ""Байсан"" Акматбек Келдибековго таандык экенин билдирген. Саясатчы анда комментарий берген эмес. 6-майдагы постунда Келдибеков Ош шаарынын мурдагы мэри Жеңишбек Токторбаев жогорудагы «маалымат жалган экенин айтып, андан кечирим сураганын» жазган. Мэриянын билдирүүсүндө, “Байсан” рестораны дарыянын 50 метр корук зонасына кирип кеткен. Сууну коргоочу зоналар жана суу объект тилкелери тууралуу өкмөттүн 1995-жылы 7-июлунда чыккан №271 токтомунун негизинде жобо кабыл алынган. Ага ылайык, узундугу 10 чакырымдан 50 чакырымга чейин созулган дарыялардын суу коргоочу зоналары 75 метр деп жазылган. Ак-Буура дарыясынын узундугу 17 чакырымды түзгөнүнө карабай корук аймагы 50 метрге кыскарган.",https://www.azattyk.org/a/33751416.html,0
INTEGRA CITY GITEX AI KAZAKHSTAN аянтчасында акылдуу шаарлардын жана санариптик мамлекеттин келечегин калыптандырууда,"4–5-май күндөрү Казакстанда алгач ирет GITEX AI KAZAKHSTAN эл аралык көргөзмө жана конференциясы өтүүдө Борбордук Азия келечектүү технологиялык аймак катары өзүнүн позициясын бекемдеп жатат жана INTEGRA CITY бул процессте стратегиялык өнөктөш катары кызмат кылып, жасалма интеллектке негизделген шаарларды жана мамлекеттик системаларды санариптик башкаруу үчүн чечимдерди сунуштап жатат. 4–5-май күндөрү Алматы шаарында, Казакстандын Ишкердик кызматташтык борбору «Атакент» аянтчасында, Казакстанда алгач ирет GITEX AI KAZAKHSTAN эл аралык көргөзмө жана конференциясы өтүүдө. Бул иш-чара дүйнөдөгү ири технологиялык окуялардын глобалдык экосистемасынын бир бөлүгү болуп саналат. Казакстан Дубай, Сингапур, Абу-Даби жана Берлин сыяктуу шаарлар менен катар GITEX тармагындагы тогузунчу катышуучу болуп калды. Иш-чара жасалма интеллект жана санариптик трансформация тармагындагы күн тартибин калыптандырган региондогу негизги аянтчалардын бири болуп эсептелет. Иш-чара GITEX Global тарабынан Казакстан Республикасынын Жасалма интеллект жана санариптик өнүгүү министрлигинин колдоосу менен, Astana Hub жана Алматы шаарынын акиматы менен өнөктөштүктө уюштурулган. Ал Казакстан Республикасынын Президенти Касым-Жомарт Токаевдин патронажы алдында, Санариптештирүү жана жасалма интеллект жылынын алкагында өтүүдө. Иш-чарага 300дөн ашык компания, 100 стартап, 60тан ашык өлкөдөн катышуучулар жана 150дөн ашуун инвестор чогулуп, жасалма интеллекттин келечегин, санариптик экономиканы жана аймактагы инновацияларды талкуулашууда. Казакстан Республикасынын Премьер-министринин орун басары – Жасалма интеллект жана санариптик өнүгүү министри Жаслан Мадиев белгилегендей, GITEX’тин Алматыда өтүшү өлкөнүн технологиялар, инвестициялар жана стартаптар үчүн тартылуу борборуна айланып бара жатканын тастыктайт.INTEGRA CITY: интеграция, масштаб жана бирдиктүү санариптик архитектура Көргөзмөнүн негизги катышуучуларынын бири — INTEGRA CITY компаниялар тобу. Бул 20 жылдан ашык тажрыйбасы бар, 10дон ашык өлкөдө 3 000ден ашуун адисти бириктирген эл аралык технологиялык интегратор. Компания ири инфраструктуралык долбоорлорду ишке ашырып, санариптик мамлекеттик башкаруу жана «акылдуу шаар» чөйрөсү үчүн комплекстүү аппараттык-программалык чечимдерди иштеп чыгат. GITEX AI KAZAKHSTAN алкагында компания өзүнүн негизги чечимдерин сунуштайт: Nexus (Safe City), Sfera (Smart City), Kodex (e-Government) жана Bordex (Border and State Security) — заманбап шаарлар жана мамлекеттик түзүмдөр үчүн бирдиктүү экосистеманы түзгөн санариптик продуктылар. Сүрөт: INTEGRA CITY көргөзмөсү, GITEX AI KAZAKHSTAN эл аралык көргөзмөсү жана конференциясы INTEGRA CITY экспозициясында бул чечимдерди ишке киргизүүнү камсыз кылган инфраструктура көрсөтүлөт: интеллектуалдык видеокөзөмөл жана мыйзам бузууларды каттоо системалары, окуяларга реалдуу убакыт режиминде жооп кайтаруу куралдары, шаарды башкаруу платформалары, санариптик мамлекеттик кызматтар, ведомстволор аралык маалымат алмашуу чечимдери жана критикалык инфраструктураны коргоо технологиялары. Бардык чечимдер бирдиктүү архитектурага бириктирилип, үчүнчү тараптын системалары менен интеграциялануу мүмкүнчүлүгүнө ээ. Бул киргизүүнүн ийкемдүүлүгүн камсыз кылып, учурдагы санариптик инфраструктура менен шайкештикти жогорулатат. Компания долбоорлорду бардык этаптарда коштоп жүрөт — инфраструктураны түзүүдөн тартып сервистик жана техникалык колдоого чейин. Жасалма интеллект платформанын негизги элементи болуп саналат: ал маалыматтарды талдайт, тобокелдиктерди баалайт жана чечим кабыл алуу сценарийлерин түзөт. Бул башкаруунун натыйжалуулугун жогорулатып, аракет кылуу ылдамдыгын арттырат. GITEX AI KAZAKHSTAN’га катышуу компания үчүн GITEX эл аралык аянтчаларындагы үчүнчү чыгуу болуп саналат. Буга чейин INTEGRA CITY чечимдери GITEX Africa 2026 жана Ai Everything Middle East & Africa (MEA) Egypt 2026 иш-чараларында сунушталган.«GITEX’тин Алматыда өтүшү — жетилген технологиялык экосистеманын калыптанып жатканын билдирет. Бүгүн мамлекеттер үчүн негизги суроо-талап — процесстерди өз-өзүнчө санариптештирүү эмес, жасалма интеллект башкаруунун аналитикалык өзөгүнө айланган интеграцияланган платформалар», — деп белгиледи Илья Беляков. «Биздин чечимдер коомдук жана жол коопсуздугунан тартып шаардык инфраструктурага чейин татаал системаларды AI-модулдар, реалдуу убакыттагы аналитика жана интеграцияланган платформалар аркылуу натыйжалуу башкарууга мүмкүндүк берет». Сүрөт: Илья Беляков, INTEGRA CITY компаниялар тобунун техникалык департаментинин директору INTEGRA CITY — Президенттин катышуусундагы пленардык сессияда жана эл аралык экспансияда INTEGRA CITY конференциянын бизнес программасына активдүү катышууда. Иш-чаранын биринчи күнүндө компаниянын жогорку жетекчилиги Казакстан Республикасынын Президенти Касым-Жомарт Токаев менен биргеликте GITEX AI KAZAKHSTAN пленардык сессиясына кошулуп, жасалма интеллектти жана санариптик экономиканы өнүктүрүүнүн стратегиялык багыттары талкууланды.Топтун техникалык департаментинин директору Илья Беляков акылдуу шаарларга арналган ""Жасалма интеллект шаарлары: АКЫЛДУУ. КООПСУЗ. КЕЛЕЧЕККЕ ДАЯР"" панелдик сессиясында сөз сүйлөдү. Ал санариптик чечимдерди интеграциялоонун, мамлекеттик кызматтарды санариптештирүүнүн жана шаардык башкарууда жасалма интеллектти ишке ашыруунун комплекстүү ыкмаларын сунуштады. Ал өзүнүн эксперттик пикирлери менен активдүү бөлүшүп, заманбап шаарларды өнүктүрүүдө бирдиктүү архитектуранын, киберкоопсуздуктун жана системалар аралык интеграциянын негизги ролун талкуулады. Сүрөт: INTEGRA CITY, панелдик сессия. Жасалма интеллект ШААРЛАР: АКЫЛДУУ. КООПСУЗ. КЕЛЕЧЕККЕ ДАЯР. ""Борбордук Азия санариптик трансформацияга тездик менен өтүп жатат: жасалма интеллект глобалдык тенденцияга айланып баратат жана шаарлар бул багытта активдүү өнүгүп жатышат. Бирок, чыныгы интеллект интеграцияда жатат: шаарларда маалыматтар бар, бирок аны бириктирбестен толук кандуу жасалма интеллект жок. Биздин мамилебиз бирдиктүү архитектурага негизделген — алдын ала айтууга боло турган, ишенимдүү жана бардык элементтерди бирдиктүү экосистемага бириктирет. Биздин стенд мунун иш жүзүндө кандайча иштээрин көрсөтөт: реалдуу убакыттагы маалыматтар башкаруу чечимдерине айландырылат. Ошол эле учурда, негизги тобокелдиктер фрагментация жана киберкоопсуздук болуп саналат, андыктан инфраструктураны коргоо, ачык-айкындуулук жана жоопкерчиликтүү жасалма интеллект принциптери абдан маанилүү. Акыр-аягы, шаарлардын келечеги жөн гана санариптештирүүдө эмес, алардын байланышында, туруктуулугунда жана ишениминде."" Мындай эл аралык иш-чаралардын өткөрүлүшү Борбор Азиянын — өзгөчө Казакстандын — санариптик трансформация жана жасалма интеллект тармагындагы калыптанып келе жаткан борборлордун бири катары ролу өсүп жатканын айкын көрсөтөт. Бул аймактын ыкчам өнүгүүсүн жана анын глобалдык технологиялык картадагы маанисинин барган сайын күчөп жатканын чагылдырат. INTEGRA CITY бул багытты колдоп, өз демилгелерин Казакстандын Санариптештирүү жана жасалма интеллект жылынын алкагындагы улуттук артыкчылыктар менен шайкеш келтирүүдө. Компания технологиялар, экспертиза жана өнөктөштүктөр аркылуу бул максаттарды ишке ашырууга салым кошууда. Белгилей кетүү маанилүү, Кыргызстан да аймактагы келечектүү рыноктордун бири катары туруктуу өсүш динамикасын көрсөтүүдө: шаарлар жана мамлекеттик түзүмдөр экономикалык өсүштү стимулдаштыруу жана жашоо сапатын жогорулатуу үчүн заманбап санариптик чечимдерди активдүү киргизип жатышат. GITEX AI KAZAKHSTAN’га катышуу INTEGRA CITY компаниясынын аймактагы санариптик трансформацияны өнүктүрүүгө жана мамлекеттик, ошондой эле тармактык өнөктөштөр менен кызматташууну бекемдөөгө болгон стратегиялык умтулуусун чагылдырат. Бул инновациялык экономиканы өнүктүрүүгө, коопсуз жана ыңгайлуу чөйрөнү түзүүгө, ошондой эле заманбап талаптарга жооп берген технологиялык өнүккөн шаарларды жана мамлекеттик кызматтарды калыптандырууга багытталган.",https://vesti.kg/kg/koom/item/150087-integra-city-gitex-ai-kazakhstan-ayantchasynda-akylduu-shaarlardyn-zhana-sanariptik-mamlekettin-kelechegin-kalyptandyruuda.html,0
Иранга кол салуу: Каза болгондордун саны 2 миң 76га жетти,"28-февралдан бери уланып келе жаткан Ирандагы АКШ менен Израилдин кол салууларынан каза болгондордун саны 2 миң 76га жетип, ал эми жаракат алгандардын саны 26 миң 500гө жетти. Бул тууралуу Катарда жайгашкан «Аль-Жазира» телеканалы Ирандын Саламаттыкты сактоо министрлигине шилтеме жасап билдиргендигин түркиялык ЖМКлары жазды. «Аль-Жазира» ошондой эле аймак боюнча каза болгондордун жана жаракат алгандардын санын жазган. Анда Ливанда 1 миң 345 адам, анын ичинде 125 бала каза болуп, 4 миң 40тан ашуун адам жаракат алганы, ал эми Бириккен Араб Эмираттарында (БАЭ) 12 адам каза болуп, 169 адам жаракат алганы айтылган. Мындан тышкары Иорданияда 20, Катарда 16 адам жаракат алганы, ал эми оккупацияланган Батыш Шериада 4, Бахрейнде 3, Сауд Арабиясында 2, Кувейтте 6, Оманда 3, Сирияда 4 жана Иракта 107ден ашык адам каза болгону айтылат. Ал эми Израилде 28 адам каза болгону, алардын бирөөнөн башкасынын баары жайкын тургундар экени, 3 миң 223 адам жаракат алганы белгиленген. Ошондой эле Ливанда 10 израилдик аскер каза болгону жазылды. Ал эми АКШнын 15 аскер каза болгону, 13ү согуштук аракеттерде, 2си согуштук эмес себептерден каза болгону, ошондой эле 200дөн ашык америкалык жаран жаракат алганы айтылган.",https://24.kg/kyrgyzcha/368706_iranga_kol_saluu_kaza_bolgondordun_sanyi_2min_76ga_jetti/,0
Адамга айбат көрсөткөн белгисиз жандык [split],"Тамандуанын көзү жана кулагы начар иштегени менен, адамдарга коркунуч жаратышы ыктымал. Биз бул жандыкты аныктаган соң, тасманын таржымалын териштирдик. Интернеттен издөө салып, бул тууралуу бир нече сайттар, алардын ичинен 2020-жылдын 7-октябрындаDailyMailсайты кабарлаганын аныктадык. Анда 2-октябрь күнү бразилиялык Ипуэйрас аймагында өрт өчүрүүчүлөр тайпасы токойдогу өрт менен алышып атып, бадалдардан чуркап чыккан тамандуаны көрүп калганы маалымдалат. Дал ошол кезде өрт өчүрүүчүлөрдүн бири аны тасмага тартып алган.  Андан соң, жандык коопсуз жерге жеткирилген. Биз ошол өрт өчүрүүчү топтунсайтынжанаInstagramбаракчасын (Bombeiros Militares da 2cia/3BBM-Ipueira) таап, андагы жарыяланган тасмаларга да көз чаптырдык. Алардын биринде жандык коопсуз жайга жеткирилип, эркиндикке кое берилгенин көрсө болот. Жандыкты аман сактап калганы үчүн өрт өчүрүүчүлөргө жаш балдар ыраазычылык билдирген: Жыйынтык: Тасмада төрт манжалуу  тамандуанын өрт учурунда бадалдан чуркап чыгып, оттон качып баратканы тартылган. Окуя Бразилияда 2-октябда болуп өткөн. Өрт өчүрүүчүлөр жандыкты куткарып, коопсуз жерге алып чыгышкан.",https://factcheck.kg/ky/neizvestnoe-sushhestvo-vladeet-boevymi-iskusstvami/,1
28-мартка карата аба ырайы,"Кыргызгидромет кызматы билдиргендей, эртең, 28-мартта өлкө аймактарында күн ачык болот. Айрым чөлкөмдөрдө абанын табы 28 градуска чейин жылыйт. Абанын температурасы: Чүй өрөөнүндө түнкүсүн +6... +11, күндүз +19... +24; Талас жергесинде түнкүсүн +4... +9, күндүз +18... +23; Баткен, Ош, Жалал-Абад облустарында түнкүсүн +8... +13, күндүз +23... +28; Нарын аймагында түнкүсүн 0... −5, күндүз +11 .. +16; Ысык-Көл облусунда түнкүсүн −2... +3, күндүз +12... +17; Бишкек шаарында түнкүсүн +7... +9, күндүз +22... +24 градус жылуу болот.",https://24.kg/kyrgyzcha/367792_28-martka_karata_aba_yirayyi/,0
Бишкекте кайгуул кызматкерлерине кол көтөргөн адамдар кармалды,"Бишкекте Кайгуул-күзөт кызматкерлерине баш ийбей, чатак чыгарган деген шек менен үч адам кармалып, камакка алынды. Ички иштер министрлигинин (ИИМ) Кайгуул-күзөт кызматымаалымдагандай, окуя 18-апрелдин таңында, саат 4:00 чамасында болгон. Кайгуул кызматкерлери ""Мерседес"" унаасы бир нече адамды жөөлөп жатканын байкап, айдоочу мас экенин аныкташкан. Кызматкерлердин унаанын документтерин жана ачкычын берүү талабын айдоочу укпай, каршылык көрсөткөн, ага жанындагы шериктери кошулган. Жыйынтыгында үч адам: 24 жаштагы А.А., 23 жаштагы Б.К. жана 27 жаштагы А.Н. кармалып, милицияга жеткирилген. Аларга карата Укук бузуулар кодексинин 126-беренеси - ""Майда бейбаштык"" менен кылмыш иши козголуп, милициянын убактылуу кармоочу жайына киргизилди. ИИМ мас абалында рулга отуруу, коомдук жайларда агрессивдүү жүрүм-турум менен айланадагылардын коопсуздугуна коркунуч жаратуу мыйзамда каралган жоопкерчиликке алып келерин эскертүүдө.(ZKo)",https://www.azattyk.org/a/33735020.html,0
"Быйыл тоо-кен тармагынан түшкөн салыктар 18,7 миллиард сомго көбөйдү","2025-жылдын алгачкы 11 айында алдыңкы тармактар ​​бюджеттин салык кирешелерине олуттуу салым кошушкан. Бул тууралуу Салык кызматынын басма сөз кызматы билдирди. Тоо-кен компаниялары бардык салык кирешелеринин 20,6 пайызын түзгөн. Акчалай түрдө алганда, киреше 56,7 миллиард сомду түздү, бул 2024-жылдын ушул мезгилине салыштырмалуу 18,7 миллиард сомго көп. Соодадан түшкөн киреше 84,6 миллиард сомду түзүп, өткөн жылдын көрсөткүчүнөн 20,4 миллиард сомго көп. Курулуштан түшкөн киреше 15,5 миллиард сомго жетти, бул 2024-жылга салыштырмалуу 6,3 миллиард сомго көп. Чакан жана орто бизнес 23,7 миллиард сом же бардык салык кирешелеринин 8,6 пайызын түзүп, мурунку жылга салыштырмалуу 10,1 миллиард сомго көп киреше тапкан. Мамлекеттик салык кызматы салыктарды жана жыйымдарды чогултуунун бекитилген жылдык планын мөөнөтүнөн мурда аткарып, 275 миллиард 742 миллион сом чогултканын баса белгиледи.",https://24.kg/kyrgyzcha/356170_byiyyil_too-ken_tarmagyinan_tushkon_salyiktar_187_milliard_somgo_koboydu/,0
“Медиасабаттуулук жана санариптик коопсуздук мектеби” жаңы долбоорунун башталышы тууралуу жарыя кылабыз,"Арыбаңыздар, урматтуу достор жана келечектеги кесиптештер! Медиа Өнүктүрүү Борбору жана Factcheck.kg «Санариптик жана медиа сабаттуулук мектеби» жаңы долбоорун ишке ашыра баштаганын кабарлаганга шашылуудабыз. Бул долбоор бардык кызыкдар адамдарга маалыматка сын көз караш менен караганга, маалыматтарды текшерүүнүн аспаптары менен иштегенди үйрөнгөнгө жардам бере алат. Маалыматтык согуш жана пандемия күч алган учурда ар бир адам маалыматтык агымдарды талдаганды, окуяларга баа бергенди, манипуляция менен жалган маалыматтарга туруштук бергенди билиши керектиги зарылчылыгы пайда болду.",https://factcheck.kg/ky/obyavlyaem-zapusk-novogo-proekta-shkola-mediagramotnosti-i-czifrovoj-bezopasnosti/,1
"Ашууларда абал айтылды: Каттам бар, чектөө жок","Бүгүн, 28-январга карата бардык унаа жолдордо жана ашууларда каттам үзгүлтүксүз жүргүзүлүүдө. Бул тууралуу Транспорт жана коммуникациялар министрлиги билдирет. Маалыматка ылайык, Бишкек-Ош унаа жолунун Төө-Ашуу ашуусунда кар жаап жатат, каттам бар. Барскоон-Ак-Шыйрак унаа жолундагы Сөөк ашуусунда жана Каракол-Эңилчек унаа жолундагы Чоң-Ашуу ашуусунда, Бишкек-Нарын-Торугарт унаа жолундагы Долон, Чар, Ак-Бейит, Кубакы ашуулары жана Боом капчыгайында күн бүркөк, жол кыймылы үзгүлтүксүз жүргүзүлүүдө. Ошондой эле, Суусамыр-Талас-Тараз унаа жолундагы Өтмөк ашуусунда кар жаап жатат, каттам бар. Мекеме кышкы жол шарттарын эске алып, унааңызды кышка ылайык даярдап, кышкы дөңгөлөктөрдү колдонуп, керектүү шаймандарды ала жүрүүнү жана жол кыймылынын эрежелерин так сактоого чакырат.",https://24.kg/kyrgyzcha/359557_ashuularda_abal_aytyildyi_kattam_bar_chektoo_jok/,0
70 тыйындык электр энергиясына 170 тыйын кошулат деген маалымат жалган [split],"Электр энергиясынын баасын Өкмөткө караштуу Отун-энергетикалык комплексти жөнгө салуу боюнча мамлекеттик агенттик атайын усул менен, энергосистеманы кызмат менен камсыздоо, учурдагы оңдоп-түзөө иштери, карыздарды кайтаруу ж.б. пункттарды эске алуу менен иштеп чыгат. Кыргызстанда акыркы жолу электр энергиясысынын баасы 5 жыл мурун 2015 жылдын 1- августундакөтөрүлгөн: — Учурда колдонуучулар турмуш-тиричилик үчүн  1 кВт/с үчүн  77 тыйындан төлөшөт. Эгер 700 кВт/с ашык колдонулса, ар бир киловатт 2 сом 16 тыйындан эсептелинет. — Насостук станциялар 1 киловаттына  78 тыйындан төлөйт. — Тиричиликтен башка максатта колдонгон абоненттер Небытовые абоненты (өндүрүш,айыл-чарба, бюджеттик жана башка колдонуучулар) 2 сома 24 тыйындан төлөшөт. Жыйынтык: жалган.  700 кВт/с лимиттен ашкан күндө да  1 кВт/с электр энергиясынын баасы болгону 1 сом 39 тыйынды түзөт.",https://factcheck.kg/ky/elektroenergiya-po-czene-70-tyjynov-prodaetsya-na-170-tyjynov-dorozhe-nepravda/,1
Орусияда Telegram мессенжерин бөгөттөө болуп көрбөгөндөй чекке жетти,"Орусияда Telegram мессенжерин бөгөттөө буга чейин болуп көрбөгөндөй чекке жетти. Бул тууралуу кардарлардын маалыматтарына таянып байкоо жүргүзгөн долбоорлор кабарлашууда. ""Агентство"" OONI долбооруна шилтеме мененжазгандай, 10-апрелде эртең менен мессенжер нормалдуу иштеген көрсөткүч 5% гана түздү. Маалыматка караганда, Telegram Орусияда расмий блоктолгон WhatsApp жана Signal менен салыштырганда көбүрөөк бөгөттөлүүдө. Даттануулар өлкөнүн бүт региондорунан, Санкт-Петербург жана Москва шаарларынан түшүп жатканы кабарланууда. 2022-жылы Орусия Украинага кол салгандан кийин Москва Meta компаниясын экстремисттик деп таанып, Facebook социалдык тармагына кирүү мүмкүн болбой калган. Былтыр августта Telegram жана WhatsApp мессенжерлеринин иши бөгөттөлгөндө Москва алар өлкөнүн мыйзамдарын аткарбай жатат деп айыптап, мындай чара кылмыштуулукка каршы күрөшүү максатында көрүлүп жатканын түшүндүргөн. Ал эми сервистердин өкүлдөрү дооматты четке кагып, мындай кадамдардын кесепети орусиялык жарандарга тийип жатканын кайталоодо. Telegram'дын ээси Павел Дуров 10-февралда жазгандай, орус бийлиги мессенжерди “жарандарды аңдуу жана саясий цензура үчүн жасалган мамлекет көзөмөлдөгөн тиркемеге өткөрүү аракетинде” блоктоп жатат. Декабрдын башында орус өкмөтү FaceTime тиркемесин жана SnapChat мессенжерин бөгөттөгөн. Ал жолу да мындай чектөө террорчулук, көз боемочулук жана башка кибер кылмыштарга каршы күрөшүү чарасы катары түшүндүрүлгөн. Маалыматка ылайык, WhatsApp'тын Орусиядагы бир айлык аудиториясы 97,5 миллион адамга, ал эми Telegram'дыкы болсо 90 миллиондон ашык. Бул Орусиянын калкынын көпчүлүк бөлүгүн түзөт. Кыргызстандык айрым мигранттар жакындары менен кат алышуу же сүйлөшүү кыйын болуп калганын, ал эми ишкерлер соода-сатык жүргүзгөн Орусиядагы кардарлары менен байланыша албаганынайтышкан.",https://www.azattyk.org/a/33729220.html,0
М. Жангазиев атындагы куурчак театрынын февраль айындагы репертуары жарыяланды,"Бишкек шаарындагы Муса Жангазиев атындагы куурчак театрынын февраль айындагы репертуары жарыяланды. Бул тууралуу Маданият, маалымат жана жаштар саясаты министрлиги билдирди. 31-январь (Ишемби) 11:00 Премьера «Пиноккионун жыгач шаары» 12:30 Премьера «Деревяшки. Город для Пиноккио» 1-февраль (Жекшемби) 11:00 Премьера «Деревяшки. Город для Пиноккио» 12:30 Премьера «Пиноккионун жыгач шаары» 7-февраль (Ишемби) 11:00 «Кар балдар» 12:30 «Снежные человечки» 8 -февраль (Жекшемби) 11:00 «Снежные человечки» 12:30 «Кар балдар» 14-февраль (Ишемби) 11:00 «Саламатсызбы!» 12:30 «Маленький принц» 21-февраль (Ишемби) 11:00 «Алдар Көсөнүн жоруктары» 12:30 «Кот в сапогах» 22-февраль (Жекшемби) 11:00 «Кот в сапогах» 12:30 «Алдар Көсөнүн жоруктары» 28-февраль (Ишемби) 11:00 Премьера «Пиноккионун жыгач шаары» 12:30 Премьера «Деревяшки. Город для Пиноккио» 1 -март (Жекшемби) 11:00 Премьера «Деревяшки. Город для Пиноккио» 12:30 Премьера «Пиноккионун жыгач шаары» Билет баасы 200 сом. 3 жаштан баштап төлөнөт. Коштоп келгендер да билет менен киришет",https://24.kg/kyrgyzcha/358299_mjangaziev_atyindagyi_kuurchak_teatryinyin_fevral_ayyindagyi_repertuaryi_jaryiyalandyi/,0
Рим папасынын Ротшильдге сый көрсөткөнү жалган [split],"“Франциск папасынын Яд ва-Шемге болгон сапарынын учурунда президент Шимон Перес, премьер-министр Биньямин Нетаньяху,  Яд ва-Шемдин жетекчиси Авнер Шалев жана  Яд ва-Шем Кеңешинин жетекчиси раввин Исраэль Меир Лау коштогон. Папа мемориалдык  аземге катышып, Холокостто тирүү калган 6 адам менен саламдашты. Мындан тышкары, ал сөз сүйлөп,  Яд ва-Шем мейман китебине жазуу калтырды. Эскерүү аземинде Папа өчпөс отту кайрадан жандандарып, Холокост курмандыктарын эскерип, гүлчамбар койду”. Маалыматка ылайык, бул иш-чарага Ротшильддердин үй-бүлөсүнүн бир да өкүлү катышкан эмес. Ал эми Рим папасы Холокост курмандыктарына ушундай жаңсоо менен сый көрсөткөн. Белгилей кетсек, бул тасмадагы окуяны бурмалоонун алгачкы аракети эмес. Тасмадагы кадрларды буга чейин фейк жаратуучулар пайдаланып, Рим папасы Рокфеллердин колун өптү деп маалымдаган. Жыйынтык: Фейк. Тасмада Франциск Рим папасы Холокосттон аман калгандардын бирине сый көрсөтүп колун өпкөн. Окуяга Ротшильддердин тиешеси жок.",https://factcheck.kg/ky/papa-rimskij-czeluet-ruku-rotshildu-nepravda/,1
Сингапур менен Белорусияда коронавирустан каза болгондор жок деген маалымат — фейк,"Социалдык тармактарда Сингапур коронавирусту жыйырма күндө жеңди деген маалымат тарап жатат. Мындан сырткары, Беларусияда 94 гана жаран вирус жуктуруп, каза болгондор жок деген билдирүүлөр да бар. Мындай маалымат фейк экендиги тууралуу Талант Абдылдаев аттуу фейсбук колдонуучусу өзбаракчасына жазып чыккан. Биз бул кабарды тастыктоо иретинде текшерип көрдүк. Алгач расмий булактарда айтылган маалыматтарды карап чыгабыз.",https://factcheck.kg/ky/kyrgyz-singapur-menen-belorusiyada-koronavirustan-kaza-bolgondor-zhok-degen-maalymat-fejk/,1
“Искендер” ракета комплекстери Худжанд аэропортуна түшүрүлдү деген маалымат жалган [split],"Россиялык ЖМКлардын жана“Көзкарандысыз Мамлекеттер Шериктештигине мүчө мамлекеттердин Антитеррордук борборунун”маалыматынаылайык,2017-жылы Тажикстанда КМШ өлкөлөрүнүн антитеррордук окууларыболуп өткөн.  Ал үчүн Оренбург облусундагы Тоц ракеталык бригадаларынан россиялык оперативдүү-тактикалык “Искендер-М” ракета комплекстери Россиянын  Ан-124-100 “Руслан” самолеттору аркылуу жүктөлүп келинген. Жыйынтык: фейк. “Искендер” ракета комплекстери Худжанд аэропортуна түшүрүлдү деген маалымат жалган",https://factcheck.kg/ky/videofejk-s-raketnymi-kompleksami-iskander-v-aeroportu-tadzhikskogo-goroda-hudzhand/,1
Апта башында Бишкекте жаан-чачын күтүлбөйт. 16-18-мартка карата аба ырайы,"Аптанын башында Бишкекте жаан-чачын күтүлбөйт. Бул синоптиктердин алдын ала божомолу. 16-марттаасман жарым-жартылай булуттуу болот деп күтүлүүдө. Түнкүсүн температура −2 градус Цельсий болот деп күтүлүүдө. Күндүзгү эң жогорку температура 11 градус Цельсийге жетет. 17-18-марттааба ырайы ачык болот. Температура түнкүсүн −1 градус Цельсийге чейин төмөндөп, күндүз 12 градус Цельсийге жетет.",https://24.kg/kyrgyzcha/366051_apta_bashyinda_bishkekte_jaan-chachyin_kutulboyt_16-18-martka_karata_aba_yirayyi/,0
Журналист Нургазы Анаркулов үй камагына чыгарылды,"Президенттик администрациянын маалыматтык саясат бөлүмүнүн мурдагы башчысы, Камчыбек Ташиевдин тарапташы Нургазы Анаркулов үй камагына чыгарылды.Бишкектин Биринчи май райондук сотунан ""Азаттыкка"" билдиришкендей, райондук соттун 17-марттагы чечими менен Анаркулов 10-апрелге чейин тергөө абагынан бошотулган. ""Бишкек шаарынын Биринчи май райондук сотунун 2026-жылдын 7-апрелиндеги токтому менен тергɵɵчүнүн өтүнүчү канааттандырылган. А.Н.Сга карата колдонулган үй камагы түрүндөгү бөгөт чарасынын мөөнөтү 2026-жылдын 10-июнуна чейин ошол эле чектөөлөр менен узартылган"", - деп билдирди райондук соттун басма сөз кызматы.Нургазы Анаркулов ушул эле соттун19-февралдагы чечими мененэки айга камакка алынган.Анын адвокаты Мунарбек Супатаев Анаркуловго Кылмыш-жаза кодексинин “Массалык башаламандыктар” беренеси менен айып тагылганын билдирген.Шектүү сот залынан чыгып баратып, коюлган айыпка макул эмес экенин, президенттик шайлоону быйыл өткөрүү тууралуу 75 адамдын кайрылуусуна тиешеси жоктугун кыска айтты.Кийинчерээк айрым кесиптештери президент Садыр Жапаровго кайрылуу жолдоп, Анаркуловду үй камагына чыгарып берүүнү өтүнүшкөн.Нургазы Анаркулов 17-февралда Казакстандан Кыргызстанга кирип келатканда чек арадан кармалган. Ал Камчыбек Ташиев Улуттук коопсуздук боюнча мамлекеттик комитеттин (УКМК) төрагасы кызматынан алынгандан кийин анын атынан билдирүүлөрдү таратып жаткан.Анаркулов 2020-жылдагы Октябрь окуясынан кийин президенттик аппараттын маалыматтык саясат бөлүмүнө жетекчи болуп дайындалган. УКМК аны 2021-жылы февраль айында Кылмыш-жаза кодексинин “Пара талап кылуу” беренеси менен кармап, кызматтан алынган. Кийин эркиндикке чыгып, иш эмне менен бүткөнү айтылган эмес.10-февралда президент Садыр Жапаров Камчыбек Ташиевди Министрлер кабинетинин төрагасынын орун басары - Улуттук коопсуздук мамлекеттик комитетинин төрагасы кызматынан бошоткон.9-февралда мурдагы премьер-министрлер, парламенттин экс-депутаттары, саясатчылар жана коомдук ишмерлер болуп 75 адамдан турган топ президент Садыр Жапаровго жана Жогорку Кеңештин ошол кездеги төрагасы Нурланбек Тургунбек уулуна кайрылып, жакынкы убакта президенттик шайлоо өткөрүүгө чакырган. Алардын айрымдары кийин кайрылуунун мазмунун окубай туруп эле макул болгонун айтып чыгышкан.Ички иштер министрлиги (ИИМ) бул кайрылууга байланыштуу Кылмыш-жаза кодексинин “Массалык баш аламандыктар” беренеси менен кылмыш ишин козгоп, беш кишини кармап, камакка алган. (ZKo)",https://www.azattyk.org/a/33736202.html,0
РФ ТИМи өлкөлөрдү Киевден дипкызматкерлерин эвакуациялоого чакырды,"БИШКЕК, 6-май — Sputnik.Россиянын Тышкы иштер министрлиги Киевдеги дипломатиялык өкүлчүлүктөрдүн кызматкерлерин алдын ала эвакуациялоого чакырганынРИА Новости жазды. Министрлик эгер Киев бийлиги Жеңиш күнүндө чагымчыл аракеттерге барса, анда Россиянын Куралдуу күчтөрү жооп иретинде сокку урарын билдирди. Буга чейин Россиянын Коргоо министрлиги Киев бийлигинин Жеңиш күнү Москвага сокку уруу боюнча коркутууларына байланыштуу расмий билдирүү жасаган. “Россиянын Тышкы иштер министрлиги чет өлкөлөрдүн бийлигин жана уюм жетекчилерин Киевдеги дипломатиялык өкүлчүлүктөрдүн кызматкерлерин, ошондой эле жарандарды алдын ала шаардан чыгарып кетүүгө чакырат. Министрлик эгер Киев бийлиги Жеңиш күндөрү чабуул уюштурса, анда Россиянын Куралдуу күчтөрү жооп катары Киевге, анын ичинде чечим кабыл алынуучу борборлорго сокку урарын эскертет”, - деди РФ ТИМ өкүлү Мария Захарова. ЕБден Киев Москвадагы парадды үзгүлтүккө учуратса кесепети кандай болорун айтышты5 Бугу, 22:04",https://sputnik.kg/20260507/rossiya-tim-kiyev-provokatsiya-eskertuu-1101155783.html,0
"“Чикагодогу кофейня” тууралуу жаңылыкты таратып жаткан макоолордун баардыгына менден салам. Бул калп. Мени эч ким кескилеген да, урган да, аткан да жок. Азыркы учурда каржылык билими бар, акыл эси ордунда бир дагы адам штаттарда стартап ачпайт”.","Жакынкы күндөрдө Telegram-каналдарда Олег Газмановдун уулу Родионду Чикагодо сабап кетишти дегенкабар таркады. Ага ишенсек, атасы уулуна «СССР» деп аталган кофейняны белек кылган имиш. Анын ачылыш салтанатында Орусиянын гимни ойнолгон, ошондо мекеменин жаңы ээсине америкалыктар кол салып, сабап кетишкен. Бул жаңылык чоң резонансты жаратты, ал тууралуукоомдук тармактарда, ал эмесмаалыматтык сайттардажаза башташкан. Factcheck.kg сайтынын редакциясы чындыгында эмне болгонун аныктады. Белгилей кетсек, бул жаңылык өзгөчө 20-21-июлдарда катуу талкууга алынды, ошол эле кезде бир дагы Telegram-канал же сайт маалыматтын баштапкы булагын көрсөтпөдү. Ал эми 21-июлда Родион Газманов «ВКонтакте» коомдук тармагындагыөз барагында ролик жайгаштырган.",https://factcheck.kg/ky/syna-olega-gazmanova-rodiona-izbili-v-chikago-za-kofejnyu-sssr-proveryaem/,1
«B5+1» : Бишкекте «Борбор Азия — АКШ» бизнес форумунун экинчи күнү башталды,"«Бизнес 5+1» иш-чарасы АКШ менен Борбор Азиянын бизнес кызматташуу мүмкүнчүлүктөрүн кеңейтүү максатын көздөгөн иш-чара кечээ башталып, бүгүн, 5-февралда уланууда. Форумдун биринчи күнүндө минералдык ресурстар боюнча панелдик талкуу, ошондой эле мамлекеттик-жеке диалог форматында айыл чарбасы, туризм, каржы жана банк иштери боюнча сессиялар болду. Анда АКШ менен Борбор Азиянын кызматташтыкты өркүндөтүүгө эбегейсиз мүмкүнчүлүктөрү бар экендиги белгиленди. Бизнес форум саясий келишимдер менен аларды долбоорлор, инвестициялар жана өнөктөштүк аркылуу ишке ашыруунун ортосундагы көпүрө болуп саналаарын форумга катышкан министрлер кабинетинин төрагасынын биринчи орун басары Данияр Амангелдиев билдирди. Иш-чара Кыргыз Республикасынын Министрлер Кабинети менен биргеликте уюштурулуп, Борбор Азия өлкөлөрү жана Америка Кошмо Штаттарынын бизнес өкүлдөрү менен мамлекеттик органдарынын ортосундагы диалогду өнүктүрүүгө багытталат. Белгилей кетсек, 2025-жылдын ноябрындагы C5+1 лидерлеринин саммитинен кийин Эл аралык жеке ишкердик борбору (CIPE) министрлер кабинети менен биргеликте Бишкекте экинчи «B5+1» форумун өткөрүп жатат. Мында Алматы форумунан бери жетишилген ийгиликтер талданып, Борбор Азияда аймактык экономикалык интеграцияны андан ары өнүктүрүүгө жана Америка Кошмо Штаттары менен соода-экономикалык кызматташтыкты чыңдоого багытталган жаңы артыкчылыктар аныкталат. Форумга Борбор Азиянын беш өлкөсүнөн (Кыргызстан, Казакстан, Өзбекстан, Тажикстан, Түркмөнстан) жана Америка Кошмо Штаттарынан жеке сектордун лидерлери, бизнес ассоциациялары жана эксперттери катышууда. Эске салсак, биринчи «B5+1» форуму 2024-жылдын 14-15-мартында Алматыда өтүп, Борбордук Азия менен Америка Кошмо Штаттарынын ортосундагы экономикалык интеграцияны чыңдоодогу маанилүү кадам болуп калды.",https://24.kg/kyrgyzcha/360686_B51__bishkekte_borbor_aziya_aksh_biznes_forumunun_ekinchi_kunu_bashtaldyi/,0
Садыр Жапаров: «Чакан ГЭСтер КР энергетикасынын стратегиялык маанилүү багыты»,"Кыргызстандын президенти Садыр Жапаров бүгүн, 20-апрелде, Чүй облусунун Сокулук районундагы «Сокулук» жана «Туюк» чакан ГЭСтерин ишке киргизүү аземине катышты. Мамлекет башчысы өз сөзүндө бүгүнкү күндө өлкөдө энергиянын кайра жаралуучу булактарынын үлүшүн көбөйтүү боюнча ырааттуу саясат жүргүзүлүп жатканын баса белгиледи. «Чакан ГЭСтерди куруу менен электр энергиясын өндүрүүнүн көлөмүн көбөйтүү натыйжалуу жана ыкчам инструменттердин бири болуп эсептелет. Бул долбоорлор энергетика системасынын туруктуулугун жогорулатып, муктаждыктарыбызды четинен азайтууга өбөлгө түзөт. Бүгүнкү күндө Кыргызстанда 48 чакан ГЭС иштейт, алардын жалпы кубаттуулугу 180 МВтты түзөт. Алар энергетикалык көз карандысыздыкты чыңдоодо, импортко болгон көз карандылыкты азайтууда бир топ роль ойнойт», — деди Президент. Ал бул тармактагы жетишкендиктер аймактарды тең салмактуу өнүктүрүүгө, инвестицияларды тартууга жана мамлекеттик-жеке өнөктөштүктү кеңейтүүгө шарт түзүп, «жашыл экономикага» өтүү боюнча мамлекеттик саясаттын ажырагыс бөлүгү болуп саналарын белгиледи. «Учурда жалпы республика боюнча 50 чакан ГЭС курулуп жатат. Быйылкы жылдын иш-планында алардын 13үн куруп, ишке киргизүү мерчемделген. Бул аймактардагы электр менен камсыздоонун сапатын жакшыртып, жаңы жумуш орундарын түзүп, жергиликтүү бюджеттердин кирешесин көбөйтөт», — деп баса белгиледи Садыр Жапаров. Мамлекет башчысы энергиянын кайра жаралуучу булактарын кеңири пайдалануу аркылуу Кыргызстан эл аралык экологиялык милдеттенмелерин аткарууга жана «жашыл өнүгүү» саясатын ишке ашырууга мүмкүнчүлүк аларын кошумчалады. Президент долбоор Улуттук инвестициялар агенттигинин көмөгү аркылуу «Сокулук ГЭС-3» ЖЧКсы менен түзүлгөн инвестициялык келишимдин негизинде ишке ашырылганын билдирди. «Келишимдин алкагында эки чакан гидроэлектр станциядан турган каскад курулду. Биринчиси — Сокулук дарыясында кубаттуулугу 9,7 МВт, экинчиси — анын куймасы Туюкта 5,9 МВт. Эки ГЭСтин жалпы кубаттуулугу 15,6 МВтты түзөт. Өндүрүлгөн электр энергиясы толугу менен улуттук энергетикалык системасына берилет. Бул долбоор электр энергиясынын тартыштыгын азайтып, энергия менен камсыздоонун ишенимдүүлүгүн жогорулатууга жана экономиканы өнүктүрүүгө кошумча мүмкүнчүлүктөрдү түзөт», — деди Президент. Ал долбоордун алкагында толук энергетикалык инфратүзүм: башкы курулмалар, гидроэлектр станциялардын имараттары, подстанциялар, ошондой эле электр берүү линиялары курулганын баса белгиледи. Бардык объекттер ата мекендик инвестордун каражатына курулду. Жалпы инвестициянын көлөмү болжол менен 1,7 млрд сомду түзөт. Мамлекет башчысы бул долбоор Чүй облусунун социалдык-экономикалык өнүгүүсүнө оң таасирин тийгизерин белгиледи. Президент ошондой эле кирешелерди легалдаштыруу тууралуу мыйзам жеке инвестициялардын жанданышына өбөлгө түзгөнүн айтты. Натыйжада гидроэнергетика, өнөр жай, туризм жана жол курулушу тармактарында бир катар долбоорлор ишке ашырылууда. Мыйзам иш жүзүндө натыйжаларын берип жатат. «Жалпысынан алганда, чакан ГЭСтерди өнүктүрүү — бул энергетика тармагын диверсификациялоо, туруктуулукту жогорулатуу жана өлкөнүн узак мөөнөттүү стратегиялык кызыкчылыктарын камсыз кылуу багытындагы мамлекеттик саясаттын маанилүү бөлүгү», — деп жыйынтыктады Садыр Жапаров. Андан соң Президент ГЭСтин ишмердүүлүгү менен таанышып, машина залын, башкаруу пультун жана бөлүштүрүүчү түзүлүштөрдү көрүп чыкты. Иш-чаранын соңунда Мамлекет башчысы жергиликтүү тургундар менен баарлашып, гидроэлектр станциялар активдүү курулуп жатканына карабастан, айрыкча кыш мезгилинде электр энергиясынын тартыштыгы сакталып жатканына токтолду. Бул мурдагы импорттук көз карандылыкка, ошондой эле экономиканын өсүшүнө, жаңы ишканалардын, көп кабаттуу үйлөрдүн курулушуна жана натыйжада ички энергиянын керектөөсүнүн көбөйүшүнө байланыштуу. Ошол эле учурда ал Камбар-Ата-1 ГЭСи сыяктуу ири долбоорлор ишке ашса, келечекте ички керектөөнү толук камсыздап, электр энергиясын экспорттоого чыгууга мүмкүн болоруна ишеним билдирди. Жергиликтүү тургундар жүргүзүлүп жаткан саясатты колдой турганын билдиришип, оң өзгөрүүлөрдү белгилешти. Президент Садыр Жапаров жарандарга ишеним үчүн ыраазычылык айтып, өлкөнүн мындан аркы өнүгүүсү үчүн туруктуулук жана коомдук ынтымак негизги шарт экенин баса белгиледи.",https://24.kg/kyrgyzcha/371110_sadyir_japarov_chakan_gester_krenergetikasyinyin_strategiyalyik_maaniluu_bagyityi/,0
"Кишинёвдун соту Илан Шордун шериги, олигарх Владимир Плахотнюкту 19 жылга кести","Кишинёвдун соту Молдованын Демократиялык партиясынын мурдагы лидери, олигарх Владимир Плахотнюкту Banca de Economii, Banca Sociala жана Unibank-тан миллиарддарды уурдаганы үчүн 19 жылга абаккакести. Саясатчы банк көз боемочулугу, уюшкан кылмыштуу топ түзүү жана 2014-жылы арам акчаны адалдаганы үчүн  айыпталды. Тергөөнүн версиясына ылайык, ал Орусияга качкан олигарх Илан Шордун компаниялары аркылуу 39 миллион доллар жана 3,5 миллион евро уурдалган акчадан алган. Прокуратура аны 25 жылга эркинен ажыратууну сураган. Плахотнюк  күнөөсүн мойнуна буга чейин да алган эмес, адвокаттары соттун өкүмүнө каршы апелляциялык арыз берерин айтышты. Адвокат Лучиан Рогач өкүм мыйзамсыз экенин, териштирүү мыйзам бузуулар менен коштолгонун, «судьяларга чоң саясий басым көрсөтүлгөнүн» билдирди. Былтыр 25-сентябрда Грециядан экстрадиция болгондон кийин Плахотнюк Кишинёвдогу тергөө абагында кармалып келди. Саясатчы эки жолу Молдова парламентинин депутаттыгына шайланган, парламенттин вице-спикери болгон. Аны өлкөнүн эң бай адамы, 2010-жылдардагы эң таасирдүү саясатчысы деп аташат. Саясий карьерасы 2019-жылы жайда Павел Филиптин өкмөтү кризиске туш болуп отставкага кеткенде соңуна чыккан. Молдова бийлиги аны үч кылмыш ишинин алкагында кармоо ордерин чыгарган. 2025-жылы февралда Интерпол эл аралык издөө жарыялаган. Ага чейин Москванын соту Плахотнюкту 20 жылга сыртынан кескен. Ал 2013-2014-жылдары Орусиядан 126 млрд рубль чыгарган деп айыпталган. Олигарх Еврошаркеттин ""кара тизмесине"" киргизилген. Шор 2023-жылы Молдовада 15 жылга абакка өкүм кылынган. Бирок ал Орусияда жашырынып жүрөт.",https://www.azattyk.org/a/33738150.html,0
Чемпиондор лигасы: Жарым финалда «ПСЖ» клубу «Баварияны» 5:4 эсебинде жеңди,"Чемпиондор лигасынын 2025/2026-сезонунун жарым финалынын алгачкы беттеши өтөт. Анда Франциянын «ПСЖ» жана Германиянын «Бавария» командалары кездешти. «ПСЖ» Чемпиондор лигасынын 1/2 финалынын алгачкы беттешинде «Баварияны» 5:4 эсебинде жеңди. Оюн Париждеги «Парк де Пренс» стадионунда өттү. Биринчи таймда эле командалар беш гол киргизишти. Бул турнирдин жарым финалдык тарыхындагы алгачкы учур болуп калды. Оюндун чоо-жайы: «ПСЖ» тараптан:Хвича Кварацхелия жана Усман Дембеле (бирөөсү пенальтиден) дубль жасашты. Дагы бир голду Жоау Невеш киргизди. «Бавария» тараптан:Харри Кейн (пенальтиден), Майкл Олисе, Дайо Упамекано жана Луис Диас айырмаланышты. Дарбазачы: Француз командасынын дарбазасын россиялык голкипер Матвей Сафонов коргоду. Кийинки кадам: Чемпиондор лигасынын жарым финалындагы «ПСЖ» менен «Бавариянын» жооптук беттеши 6-майда Мюнхенде өтөт. Бул жуптун жеңүүчүсү финалда «Атлетико» — «Арсенал» тирешинин жеңүүчүсү менен ойнойт.",https://24.kg/kyrgyzcha/372301_chempiondor_ligasyi_jaryim_finalda_psj_klubu_bavariyanyi_54_esebinde_jendi/,0
Садыр Жапаров Владимир Путин менен сүйлөшүүлөрдү өткөрдү. Эмнелер талкууланды?,"Садыр Жапаров Россияга болгон иш сапарынын алкагында Россиянын президенти Владимир Путин менен сүйлөшүүлөрдү жүргүздү. Бул тууралуу КР Президентинин басма сөз кызматы билдирди. Жолугушууда кыргыз-орус өз ара аракеттенүү маселелери талкууланып, муну менен катар соода-экономикалык кызматташтыкты тереңдетүүгө өзгөчө көңүл бурулду. Ошондой эле мурда жетишилген макулдашууларды ишке ашыруунун жүрүшү каралды. Тараптар регионалдык күн тартибиндеги маселелер жана көп тараптуу форматтагы өз ара аракеттенүү боюнча позициялары тууралуу пикир алышты. Президент Садыр Жапаров жылуу кабыл алуу үчүн ыраазычылыгын билдирди жана Владимир Путинди үстүбүздөгү жылдын 31-август — 1-сентябрь күндөрү Бишкек шаарында өтө турган Шанхай кызматташтык уюмуна мүчө-мамлекеттердин башчыларынын саммитине катышууга чакырды. Өз кезегинде Владимир Путин чакыруу үчүн ыраазычылык билдирип, Россия тараптын интеграциялык бирикмелердин алкагында активдүү өз ара аракеттенүүгө берилгендигин, ошондой эле алардын ишмердүүлүгүнүн негизги багыттары боюнча күч-аракеттерди координациялоону жана практикалык кызматташтыкты мындан ары да арттырууга даяр экендигин ырастады. Сүйлөшүүлөрдүн жыйынтыгында лидерлер кыргыз-россиялык кызматташтыкка кошумча динамика берүүгө жана өз ара аракеттенүүнүн бардык багыттары боюнча биргелешкен демилгелерди ырааттуу илгерилетүүгө өз ара багыт алышканын билдиришти.",https://24.kg/kyrgyzcha/371678_sadyir_japarov_vladimir_putin_menen_suyloshuulordu_otkordu_emneler_talkuulandyi/,0
Стамбулда Израилдин консулдугунун жанындагы атышуудан эки адам мүрт кетти,"Түркиянын Стамбул шаарындагы Израилдин консулдугу имаратынын жанында 7-апрелде болгон атышуудан эки адам каза болуп, дагы эки полиция кызматкери жаракат алды. Бул тууралууHürriyet басылмасы жазды. Үч киши консулдук жайгашкан имаратка кирүүгө аракет кылганы, алардын экөөнүн жанында курал болгону, күзөт кызматкерлери жана полиция менен атыша кетишкени маалымдалды. Кол салгандардын экөө жок кылынып, үчүнчүсү жаракат алды. Алардын максаты Израилдин дипломатиялык өкүлчүлүгүнүн кызматкерлерин бутага алуу болгон деген кабар тарады. The Jerusalem Post басылмасы Стамбулдагы жөөт коомчулугундагы булакка таянып бул консулдук эки жылдан бери жабык турганын жана атышуу учурунда ичинде кызматкерлер болбошу мүмкүн экенин билдирди. Окуя болгон аймакка кошумча полиция күчтөрү тартылды. Түркиянын юстиция министри Акын Гүрлек иликтөө башталганын билдирди. Ал эми Израилдин Тышкы иштер министрлиги окуя боюнча маалыматтарды тактап жатканын кабарлады.",https://www.azattyk.org/a/33726788.html,0
"Орусиянын ""көзөмөл реестрине"" кирген кыргыз жарандарынын саны 93 миңден ашты","Кыргызстандын 93 миң 693 жараны Орусиянын көзөмөл реестрине киргизилген. Бул 2026-жылдын 12-мартындагы маалымат экенин Кыргызстандын Орусиядагы элчилигинин консулдук бөлүмүнүн башчысы Бакыт Асаналиев ""Акипресс"" агенттигине берген маегинде билдирди. Анын айтымында, реестрге кирген жарандардын саны улам өзгөрүп, система жаңыланып турат.Башкы консул Орусиянын аймагында жүргөн Кыргызстандын жарандарын миграциялык мыйзамдар менен жакшылап таанышууга чакырды. Анын белгилешинче, ушул тапта бул өлкөдө 472 миңден ашуун кыргызстандык иштеп жүрөт. Алардын 268 миң 460ы миграциялык каттоодо турат.Орусияда 2024-2025-жылдары миграциялык мыйзамдар катаалдаша баштады. Былтыр 5-февралдан тартып чет элдик жарандар үчүн “көзөмөлгө алынгандардын” реестри иштей баштаган. Тизмеге илинип калгандардын укуктары кескин чектелет.ТИМ 2025-жылдын январына карата расмий маалымат боюнча 608 миңден ашуун кыргызстандык жаран чет өлкөлөрдө миграцияда жүрөрүн, анын 376 миңи Орусияда миграциялык каттоого алынганын маалымдаган. (КЕ)",https://www.azattyk.org/a/33736964.html,0
"Орусия Украинанын темир жолуна сокку урду, Полтавада төрт киши каза болду","Орус армиясы 5-майга караган түнү Украинанын үч облусунда темир жол инфратүзүмүнө сокку урду. Бул тууралуу Украинаны калыбына келтирүү боюнча вице-премьер-министр Алексей Кулеба билдирди. Полтава облусунда тепловозго жакын жерге, жолдор ортосуна сокку урулду. Жарылуунун кесепетинен өрт чыгып, вагон күйдү. Жабыркагандар жок. Облус жетекчиси Виталий Дьяковнич орус армиясы регионго ракета жана дрон менен чабуул койгонун билдирди. Полтава районунда өндүрүш ишканасы, темир жол инфратүзүмү зыян тартып, 3,5 миңге жакын абонент газсыз калды. Төрт киши каза болуп, 31и ар кандай жараат алды. Алардын арасында өрттү өчүрүү учурунда орусиялык аскер күчтөрүнүн соккусуна кабылган эки куткаруучу бар. Ошондой эле орус армиясы Днепропетровск облусундагы станцияга сокку урду, электровоз зыян тартты. Жумушчуларга алдын ала эскертилгендиктен жабыркагандар болгон жок. Харьков облусунда учкучсуз учак темир жол вагонуна сокку урду. «Эң негизгиси адамдар коопсуз жайда. Байкоо салган борбор иштеп, адамдар коопсуз жайга жашынууга үлгүрүшкөн», - деди Кулеба. Киев облусунун Бровары районундагы калктуу аймак чабуулга кабылды. Эки киши жараат алды. Вышегород районунда бир киши жабыркады. Чернигов районунда турак жай күйдү, жараат алган эки киши ооруканага жаткырылганын Өзгөчө кырдаалдар министрлиги кабарлады. Орусия 5-май күнү эртең менен Харьков облусуна чабуул жасап, үч киши жараат алганын облус башчысы Олег Синегубов билдирди. Орусия соңку чабуулдар тууралуу комментарий бере элек.",https://www.azattyk.org/a/33750252.html,0
"ЖК депутаты ""Манас"" аркылуу жол салууда эки тараптуу келишимге көңүл бурууга чакырды","Жогорку Кеңештин депутаты Дастан Жумабеков Бишкектеги ""Манас"" университетинин аймагы аркылуу өтүүчү жол салуу алдында эки тараптуу келишимдерге көңүл буруп, кайрадан карап чыгууга чакырды. Эл өкүлү бул багытта 18 беренеден турган келишим бар экенин жана анда окуу жайдын айланасында маселе жаралса дипломатиялык жол менен чечилиши керектиги жазылганын белгиледи.""Бул университеттин иштеши Жогорку Кеңеште мыйзам аркылуу бекитилген. Бишкек мэриясынын өзүнүн мамлекеттик актысынын негизинде жер тилкеси бөлүнүп берилген. Мэрияны дагы келишимдерге көңүл буруп коюуга чакырам. Ал жерде кампус деп турат. Кампус өзүнчө шаарча, аймак болуп эсептелет. Ошол жердеги студенттер окуп, жакшы шарттар түзүлүшү керек"", - деди Жумабеков.Бишкектин мэри Айбек Жунушалиев борбор калаадагы Тыналиев жана Айтматов көчөлөрүн байланыштыруучу Миңжылкиев көчөсү ачыларын билдирген. Ал ""Манас"" университетинин аймагы аркылуу өтүүчү жол ачыларын, андан жашыл аймак жабыркабасын айткан. Шаардагы Баласагын атындагы, Карасаев атындагы, Раззаков атындагы университеттерди жана башка жогорку окуу жайлары чоң көчөлөрдүн боюнда коопсуз турганын мисал келтирген.Кыргыз-Түрк ""Манас"" университетинин кампусун аралап өтүүчү жаңы жолду ачууну көздөгөн Бишкек мэриясынын демилгесине университеттин бир катар студенттери, бүтүрүүчүлөрү, айрым шаар тургундары каршы чыгууда.Социалдык тармакта мэриянын демилгесине каршы чыккандар окуу жайдын аймагынан жол өткөрүү шаардагы жашыл аймакты кыскартат, коопсуздукка кедергисин тийгизет деген жүйө келтирүүдө.Жунушалиевдин видеокайрылуусуна аталган окуу жай тараптан комментарий бериле элек. (КЕ)",https://www.azattyk.org/a/33737725.html,0
ChatGPT дүйнө элин кулга айлантууну талкуулап жатабы? Текшеребиз [split],"Мисалы, адам микрофонго сүйлөгөндө анын сүйлөгөнү үн толкуну катары жазылат. Андан кийин үн текстке айлантылат. Үндү текстеке айлантыш үчүн ЖИ атайын алгоритмдерди колдонот. Андан кийин башка алгоритм эмне айтылганын билиш үчүн текстти талдайт. Ал сөздү «окуп», билимдин чоң сөздүгүн колдонуу менен анын маанисин издейт. ЖИ кандай жооп туура болорун чечет. Бул баш катырманы чечкенге окшош: түшүнүктүү жана пайдалуу жоопту түзүш үчүн ал өзү билген маалыматты колдонот. Зарыл болсо, кепти синтездөө технологияны колдонуп жооптун текстин кайра үнгө айлантат, ошондо колдонуучу ЖИнин синтезделген кебин угат. Бул процесстин бардыгы бир нече секунданы гана алат. Эгер видеону кунт коюп карасаңыз, ЖИлердин биринин сөзү аяктагандан",https://factcheck.kg/ky/chatgpt-obsuzhdaet-poraboshhenie-mira-proveryaem/,1
Президент жаңы үлгүдөгү айдоочулук күбөлүктү бардык өлкөлөр тааныганын айтты,"Президент Садыр Жапаров Кыргызстандын жаңы үлгүдөгү айдоочулук күбөлүгүн Европа өлкөлөрү, Орусия жана башка бардык мамлекеттер тааный турганын билдирди. Бул тууралуу ал 13-апрелде Ош облусунун Алай районунун тургундарынын суроолоруна жооп берип жатып айтты. “Европа, Орусия бардык мамлекеттер тааныды. Эски айдоочулук күбөлүктөр менен паспортторду жаңысына толук алмаштырып чыгабыз. Мен мурда Москвада өз көзүм менен көргөм Кыргызстандын паспортун (ID-карта) 5 миң, айдоочулук күбөлүктү 3 миң доллардан сатышчу. Бардыгы жасалма болчу. Паспортту өзүбүздөн чыгаруу үчүн 2-3 жыл күрөштүк. Акыр аягы өзүбүздөн чыгара баштадык. Анын коргоочу элементтери жакшы болгондуктан жасап алууга мүмкүн эмес”, - деди президент. Садыр Жапаров бардык паспорттор менен айдоочулук күбөлүктөр алмаштырылгандан кийин башка өлкөлөргө эскилерин жокко чыгаруу өтүнүчү менен кат жөнөтүлөрүн кошумчалады. Кыргызстандын жаңы айдоочулук күбөлүгү Вена конвенциясынын айрым жоболоруна дал келбей калганы, акыркы варианттагы күбөлүктү Евробиримдиктеги айрым өлкөлөр тааныбай жатканы тууралуу маалыматтаралгач социалдык тармактардатарап, андан кийин маселеЖогорку Кеңеште да көтөрүлгөн. Парламент жыйынында президенттин иш башкаруучусунун орун басары Алмаз Раимбеков жаңы үлгүдөгү айдоочулук күбөлүк Европанын айрым өлкөлөрүндө таанылбай жатканын четке кагып, маселе бир гана жеке ишкана документти кабыл албай койгонунан чыкканын билдирген. Ал айдоочулук күбөлүк талаптарга жооп берерин жана бардык өлкөлөр тааный турганын кошумчалаган.Тышкы иштер министрлиги (ТИМ) 3-апрелде кабарлагандай, Кыргызстандын жаңы улуттук айдоочулук күбөлүгү чет өлкөлөрдө таанылбай жатканы тууралуу министрликке расмий кайрылуу же даттануу түшкөн эмес.Айдоочулук күбөлүк берүү реформасынын алкагында ушул жылдын январь айынын орто ченинен тартып жаңы үлгүдөгү күбөлүктөр бериле баштаган. Анын мурдагы күбөлүк менен көрүнүшү жана түзүлүшү боюнча айырмасы чоң. Күбөлүктү басып чыгаруу, реформа кылуу иши менен Президенттин иш башкармасы алектенип жатат. (BTo)",https://www.azattyk.org/a/33731725.html,0
Баткенде жубайлардын өлүмүнүн чоо-жайы иликтенүүдө,"Баткен районундагы Чоң-Кара айылында жубайлардын өлүмүнүн чоо-жайы иликтенип жатканын жергиликтүү милициядан ""Азаттыкка"" тастыкташты. Маалыматка ылайык 25-апрелдин кечинде милицияга жубайлар бычактан алган жаракатынан каза болгону тууралуу маалымат түшкөн. Окуянын чоо-жайын аныктоо максатында тиешелүү экспертиза дайындалганы кабарланды. Баштапкы маалыматтарга караганда, аялы 45 жашта, күйөөсү 46 жашта болгон. Алардын артында беш баласы калганы айтылууда. Облустук милиция расмий маалымат бере элек. (JsA/ZKo)",https://www.azattyk.org/a/33742736.html,0
Кытай жышыгычтарындагы зыяндуу заттар. Фактчек,"Тасмадагы каарман жышыгычтан белгисиз бир заттарды алып чыгып, алардын зыяндыгын айтып, нааразычылыгын билдирет: “Бизди кытайлар уулап, ичине дарыларды салып, өлтүрөт. Денебизге бирдекелер чыкканы ошондон. Муну таза жышынып биз жуунабыз. Бир мочалкадан ушунча зыян заттар чыгып атат”. Кытай эли чын эле кыргызстандыктарды зыян заттар менен уулантып атабы же бул тасма кытайлыктарга каршы маанайда тараган фейкпи, Factcheck териштирди. Алгач, видеону толук көрүп, ал бир кадр менен тартылганына көңүл бурабыз. Тасмага карата кандайдыр бир атайын эффекттердин колдонулбаганын жана кадрлар бири-бирине чапталбаганын белгилейбиз. Image Google",https://factcheck.kg/ky/mochalki-s-yadovitymi-tabletkami-pravda-ili-fejk/,1
Арбагы тынч жатсын! Роза Айтматова элге кайрылды,"Улуу кыргыз жазуучусу Чыңгыз Айтматовдун бир тууганы, коомдук ишмер, Кыргыз Республикасынын билим берүү тармагынын эмгек сиңирген кызматкери Роза Айтматова акыркы күндөрү интернет мейкиндигинде жана коомчулук арасында айтылып жаткан ушак-айыңдарга тынчсыздануусун билдирди. Бул кайрылуу «Кабар» маалымат агенттигине жарыяланды, толугу менен сунуштайбыз: Ардактуу, улуу урматтуу кыргыз элим! Бүгүн биринчи жолу улуу кыргыз элиме түз кайрылууну туура көрдүм. Буга өзгөчө себеп болуп турат. Жакында катуу ооруп, ооруканага жатып чыктым. Азыр, Кудайга шүгүр, баары жакшы. Жараткан мага канча өмүр берсе, ошончо көрөрбүз. Акыркы күндөрү жүрөгүмдү өйүгөн нерсе — бул айрым адамдардын Чыңгыз агамды абдан ушактап, талкууга салганы болду. Аркасынан жаман сөздөрдү таратып жатышат. Буга абдан кейидим, ыйладым. Агамдын көзү өткөнүнө 17 жыл болсо да, маркумдун жанын койбой, айрымдары аны сөз кылып, табакташ же дос болгонсуп сүйлөп, аны сынга алышыптыр. «Көзү өтүп кеткен адам жөнүндө жаман сөз айтууга болбойт», — дешет элде, бирок болор иш болду. Агамды тынч жаткан жеринен бир козгоптурсуңар... Кээде «кыргыздардын душмандары атайын жасап жатабы, элди бөлүп-жарып, ортого от жаккысы келгениби?» — деп да ойлоп кетем. Чыгарган ушак сөздөр да бири-бирине дал келбейт. Же Чыңгыз агама болушар киши жок деп ойлошобу? Чындыкты эч ким айталбайт эми замандаштарынын көзү өтүп... Чынымды айтайын, мен аларга деле таарынбайм. Алардын өз шору. Агамдын колдоочулары Манас атабыздан ага өткөн. Муну улуу Саякбай Каралаев айткан. Мен Айтматовду каралагандарга жамандык каалабайм, бирок сак болгула... Бир кезде, 1991-жылы Ата-Бейит ачылганда, атамды жазыксыз аткандарды да кечиргем. Бул адамдарды да кечирдим. Бирок ички туюмумда, булар кыргыз элине каршы иш жүргүзүп, элдин ортосуна чок салып жатышат. Балким, максаттары ошолбу, ким билет? Баарын Кудайга калтырдым... Мен быйыл 89 жашка чыгам. Көп нерсени башымдан өткөрдүм: жакшысы да болду, жаманы да болду. Турмуштун өйдө-төмөнүн да көрдүм. Бирок бирөө да мени ушунчалык катуу кайгыга салган жок эле... Атам камалып, атылып кеткенден кийин биздин үй-бүлө өтө оор шартта жашады. Ачарчылыкты да, жокчулукту да көрдүк. Абдан кыйналдык. «Эл душманынын балдары» деп совет өкмөтү бизди катуу кордоду. Бирок кыргыз элиме чоң рахмат! Атамдын туугандарына рахмат! Шекер элине, Талас элине миң мертебе ыраазымын! Алар болбосо, бар болот белек... бир гана Кудай билет. Элдин аркасы менен аман калдык. Апама да өзгөчө рахмат. Эч нерсеге карабай, бизди бутка тургузду. Тилекке каршы, ага да асылгандар болду, азыр да бар... Апам — баатыр аял. Төрөкулдун балдарын Шекерге алып келип: «Силер кыргызсыңар, элиңер менен болгула!» — деп эл-журтка кошуп, элибиздин ичинде бизге тарбия берди. «Чыңгыз, Илгиз балдарым, кыздарым, силер Төрөкулдун балдарысыңар. Силер кытай уруусунун урпактарысыңар. Башыңарды бийик көтөрүп жүргүлө. Кайда болсоңор да, атаңардын атын уят кылбагыла», — деп турар эле раматылык апакем. Эки агам тең, эжем дагы өз өмүрлөрүн эл-жерибизге арнады. Алардан жаманчылык көргөн ким бар, айткылачы? Чыңгыз агама иттин өлүгүн артып, бардыгына күнөөлүү кылып жатышканы мени кайгыртты. Аттиң, ал азыр келип, «Андай болгон эмес, мындай болгон!» — десе гана тынчыр беле ушакчылар... Чыңгыз агам кыргыз элин дүйнөгө таанытты. «Манас» эпосубузду дүйнөнүн ар бир булуң-бурчуна даңазалады. Эне тилим деп, кыргыз мектептерин Бишкекке ачкыла деп, канча кармашып жүрдү Совет өкмөтү менен, акыры эки мектеп ачтырды. Эми болсо анын арбагын сындап, дүйнөгө уят болуп жатканыбызга ичим күйөт. Мына кечээ эле казак элинин өкүлдөрү мага телефон чалып: «Эмне болуп кетти ушунчалык? Эмнеге Айтматовдун тегерегинде ушунча чатак чыгып жатат?» — деп сурашты. Менин да намысым бар, агама ичим ачышканы менен, элимди да кыйып кете албайм. Эмне дейт элем аларга? Уялдым, намыстандым... Айтарым, интернетте болуп жаткан ушак-айыңдардын бирөө да чындыкка жатпайт. Муну мен, керек болсо, далилдеп бере алам. Анысы аз келгенсип, «Чыңгыз орусча жазган, кыргызча билген эмес, кыргызча жазган эмес», — деп ушак таратып чыгышты. Анын китептери 185 тилге которулганы менен иштери жок. Билбесеңер, айтып коёюн: чыгарылган китептеринин саны боюнча ал Шекспир менен Толстойдон кийин үчүнчү орунда турат дүйнөдө. Эмне үчүн ал кыргызча жазбай калганы тууралуу да айтайын. 1957-жылы агамды кыргыз эле айрым совет чиновниктери катуу куугунтукка алган. «Бул Айтматов деген жаш бала совет идеологиясына каршы чыгып, совет адабиятына дүрбөлөң салып жатат, жоготкула аны!» — деп Москвадан кат келген дешет. «Бөрк ал десе, баш алган» жергиликтүү чиновниктер ага асылып, ооруганга чейин жеткиришкен. Китептерин чыгарбай коюшкан, кемсинтишкен. Атүгүл, апама: «Чыңгыз балаң күйөөң Төрөкулдун тагдырын кайталайт. Ошого жеткиребиз керек болсо. Токтотсун жазганды!», — деп кетишиптир. Ошол сөздү уккан апамдын абалын элестетип көрсөңөр эми? Чыңгыз акем болсо төшөктөн тура албай, көпкө ооруп жүрдү. Ошол жылы атамды реабилитация кылышкандан кийин гана жакшы болуп кетти. Атабыздын арбагы колдоду окшойт. Ошондо агамды кордогон адамдардын атын айтпай эле коёюн. Аларды да кечирдим. Агам куугунтукка алынып, кыргызча жазганга шарты ошол үчүн болбой калган. Биз өзүбүз, кыргыздар, китеп жаздырбай, ага бут тосконбуз. Ал көпкө айласын таппай, эмне кыларын билбей жүрдү. Ошондо Александр Твардовский деген орустун улуу акыны кыргыз чиновниктери Чыңгызга жол бербей жатканын билип, аны колдоп чыккан: «Чыңгыз, сен орусча жаз. Мен сени «Новый мир» журналына чыгарып турам. Ошондо сенин байкелериң сага сөз тийгизе албайт», — деген. Мына ошондон кийин агам орусча жазып баштаган. Менин билишимче анын чыгармалары Кыргызстанда 15 жылдай басылган эмес, жалаң Россиядан чыккан. Мен муну далилдеп бере алам. Болбосо, Чыңгыз агам Шекерде чоңоюп, элеттиктердин ичинде жүрүп, өз эне тилин суудай эле билчү. Алгачкы китептерин кыргызча жазган. Эне тили үчүн далай чабышкан, сыймыктанып, даңазалап турган. Кыргыз эли Айтматовдун жакшылыгын көрбөсө, жамандыгын көргөн жок. Ар бириңерге жаны менен күйгөн адам болгон. Кээ бир кишилер айтат, 1990-жылдары биз кыйналып жатканда ал Европада жыргап жүрдү деп. Алар билбейт окшойт чынында эле. Европада кыргыздын элчиси болуп иштеп, эң биринчи Батыш менен Кыргызстандын байланышын түзгөн адам менин агам болгон. Францияга, Бельгияга, Англияга, Германияга «Орто Азияда менин элим бар. Биз, кыргыздар кичинекей эл болсок да, силер менен тең ата мамиле түзгөнгө кудуретибиз жетет», — деп жаңы телчигип келе жаткан республикабыздын эл аралык мамилелерди түзүүсүнө чоң өбөлгө түзгөн. Ал өзүнчө тарых, агамдын элчилиги. Айтмакчы, кээ бирөөлөр: «1990-жылдагы Ош окуясында Чыңгыз Айтматов өзбек тарапта болгон», — деп да жазып жатышат. Мен бул боюнча да айтайын, элим, силер калыс болгула. «Эмне үчүн бизге келбей, Ош коогалаңында биринчи Өзбекстанга учуп бардың?» — деп мен өзүнөн сурагам бул тууралуу. Ал мага: «Убакыт чукул болуп калды. Ошол кезде мен Москвада болчумун. Эки элдин ортосунда куралдуу жаңжал чыгып кетпесин деген ой менен Ислам Каримов менен жолугайын деп жардамчысы менен байланышып сүйлөштүм. — Макул, Ислам Абдуганиевич сизди кабыл алат — деди ал мага. Кечиккенге болбойт эле. Түз эле учуп барууга туура келди. Ошондуктан Кыргызстанга дароо келе албай калдым», — деген. «Каримовго эмне дедиң анан?» — дедим, эсим чыгып. «Ислам Абдуганиевич мени күтүп жатыптыр. Мен эки өзбек жазуучуну алып кошо кирдим. Биз көпкө сүйлөштүк. Сөздүн кыскасы, аягында Өзбекстандын президентине мындай дедим: «Ислам Абдуганиевич, биз тектеш элбиз. Кыргыз, өзбек, казак — түбүбүз бир. Эгер ортобузда чоң чатак чыкса Орто Азияны чоң ааламатка түртөбүз» — дегем. Ошондо Каримов: «Чыңгыз Төрөкулович, мен сизди түшүндүм. Менин бир да аскерим кыргыздын чек арасынан өтпөйт», — деп убада берген. Айтканындай эле кылды. Ошентип, агам Орто Азияны чоң согуштан сактап калган. Эки мамлекеттин ортосунда чоң чатак чыкса, бүгүнкү күнгө чейин анын азабын тартмакпыз. Ошондо Өзбекстан менен Кыргызстанды чоң согуштан аман сактап калып, агам чыккынчылык кылдыбы? Аскар Акаевичтин президент болуп шайланышына да Чыңгыз агамды күнөөлөп, ушактарды тараткандар бар. Чынын айтайын, Аскар Акаевичти Чыңгыз агам шайлаган жок. Аны биздин Жогорку Кеңеш добуш берип, өзү шайлаган. Ага чейинки үч талапкер өтпөй калганда агам: «Ушу жаш Акаевди бир карап көрбөйсүңөрбү, эгерде туура келсе», — деп депутаттарга айтканы чын. Агам өзү болсо Кыргызстанга келген эмес ошол шайлоо учурунда, чуркаган да эмес. Акаевди ошол кездеги Жогорку Кеңештин депутаттары жактырып, добуш берип, өзүлөрү шайлашкан. Президенттерди да жамандаганды коюшубуз керек, элим. Жакшы иштеп жаткандарды да жамандап чыгышты кээ бир адамдар. Президент да — биздин символ, желегибиздей, гербибиздей, Манасыбыздай. Символдорду тебелебеш керек. Болбосо биз кандай элбиз дүйнөлүк коомчулуктун астында? Эми негизгисин айтайын. Айланайын кыргыз элим, кимдир бирөөлөр элди бөлүп-жарганга аракет кылып жаткандай. Ынтымагыбыз кетип калбасын. Бирөөлөргө жем болуп, кор болуп калбайлы? Чыңгыз агамды мактабай деле койгула, жамандабай деле койгулачы, тынч жатсын. Жамандагыңар келсе, мени жамандагыла. Анын кандайдыр бир күнөөсү болсо, мен мойнума алайын. Арбактарды козгобойлу! Чыңгыз агамдын 100 жылдык мааракесин деле өткөрбөй эле коёлу деп өкмөттөн суранайын деп жатам. Анткени бул кетиште артынан дагы: «Айтматовдун 100 жылдык мааракесине бөлүнгөн каражаттарды башка жакка жумшаса болмок да», — деген сөздөр чыгарына көзүм жетип турат. Ошондуктан алдын ала өкмөттөн суранам, Чыңгыздын 100 жылдыгына бөлө турган каражаттарыңарды жөнөкөй элдин абалын оңдоого жумшайлы. Мындай сооп иш Чыңгыз агама болгон чыныгы сый-урмат, чыныгы эстелик болот. Сөзүмдүн аягында биздин мусулмандар жамаатына да кайрылайын деп турам. Апам Нагима үч жыл бою кыздар медресесинде окуган. Араб арибин жатка билчү, Куранды китептен түз окучу. Бизге да үйрөтчү. Өзгөчө улуу баласына ибадатты катуу карматкан. Совет кезинде куранды үйдө кармаганга уруксат беришчү эмес, бирок апамдын сандыгында куран китеби болгону эсимде. Өзү оорулуу болсо да, орозо кармачу. Апам бизге Курандын көп түшүндүрмөлөрүн айтып кеткен. Абдан кыйналып турганда: «Кудай мени сынап жатат, мен баарына чыдашым керек, балдарымды бутка тургузушум керек », - дечү. Азыр Курандын күчү менен ошол турмуштун азабына туруштук берди окшойт деп ойлоп калам. Балдарын да ушундай ибадатка үйрөткөн. «Чыңгыздын китептери басмадан чыкканда өз бөлмөсүнө барып, Кудайга ыраазычылык билдирип, намаз окучу эле», — деп эскерет Ренат таякем. Таятам Хамза медресе, мечит салган киши болгон. Кыргыздардын арасында мусулманчылыкты таратканга салым кошкон адам эле. Чоң таятам болсо, ошол кездеги Сибирь менен Казакстандын муфтийи болгон. Биз мына ошондой кишилердин жээн-неберелери болобуз. Ошондуктан, «Айтматов динден алыстаган» деген сөз — куру сөз, туура эмес. Ал исламдагы бардык ибадаттарды сактап, сыйлаган. Дегеле адамдын ички ыйманын ким өлчөй алат? Чыңгыз агамдын да ыйманын бир Кудайдан башка ким өлчөй алат эле? Анын ыйманына китептери күбө. Бүткүл адамзат, динине карабай, анын жазгандарына, ой толгоолоруна ортоктош болуп жатса, демек, агам дагы Кудай деген адам болгондур? Ал жазган окуялардагы бардык каармандардын прототиптери бар. Биз алар менен жашаганбыз, кошуна болгонбуз, тууган болгонбуз. Китебинде бир жалган болгон эмес. Толгонай апа да бар болчу, Жамиля да биздин айылдан, Ысмайыл да, Дүйшөн да. Бирок анын баары ХХ кылымдын окуялары болгон. Чыңгыз Айтматов да ХХ кылымдын жазуучусу болгон. Азыр заман башка, окуялар да башка, түшүнүктөр да башка. Бирок кайсыл заман болбосун, агам айткандай, күн сайын адам болуу ар бирибиздин милдетибиз болушу керек. Улуу кыргыз элим, таластык жердештерим, оорчулукта бизди калтырбай, аман сактап калдыңар эле. Азыр да силерден суранам, Чыңгыз агамдын атын тепселетпейли! Өсөр эл өзүн сыйлайт. Өз маданиятыбызды жерибейли, өзүбүздү сыйлайлы. Амандыкта бололу! Тынчтыкта жүрөлү! Душмандардан сак бололу! Айтматова Роза Төрөкуловна — коомдук ишмер, Кыргыз Республикасынын билим берүү тармагынын эмгек сиңирген кызматкери, физика-математика илимдеринин кандидаты.",https://24.kg/kyrgyzcha/359275_arbagyi_tyinch_jatsyin_roza_aytmatova_elge_kayryildyi/,0
"Министрдин манипуляциясы: аконит Францияда катталганы чын, бирок дары катары эмес [split]","Далилдүү медицина боюнча эксперт Бермет Барыктабасованын айтымында Кыргызстандын Саламаттык сактоо министрлиги гомеопатиялык дармектер “Өтө маанилүү жана маанилүү дары-дармектер” тизмесиненчыгарып салган. Гомеопатиялык дармектер мамлекеттик деңгээлде сатылып алынбайт. 2017-жылы Бүткүл дүйнөлүк саламаттыкты сактоо уюму альтернативдүү медицина менен алектенберин расмий түрдөбилдирген. Эске салсак, гомеопатия дал ушул альтернативдүү медицинага кирет. 2017-жылы Россия Илимдер Академиясынын Президиумунун алдындагы жалган илимге каршы күрөшүү боюнча комиссия меморандум кабыл алып, анда гомеопатия жалган илим деп таанылган. Аны медицинада колдонуу улуттук саламаттыкты сактоонун негизги максаттарынакарама-каршыкелет. Жыйынтык: манипуляция.Саламаттыкты сактоо министри Ысык-Көлдүн тамыры менен дарылоонун пайдасына олуттуу далил келтиргиси келип, Франция жөнүндө айткан. Бирок  аконит гомеопатиялык дары катары катталганын, дары-дармек менен байланышпаганын айткан эмес.",https://factcheck.kg/ky/manipulyacziya-glavy-minzdrava-akonit-dejstvitelno-zaregistrirovan-vo-franczii-no-tolko-v-razdele-gomeopatii/,1
Акын Аскат Жетигенге ырайым берилеби? Президенттин жообу,"Президент Садыр Жапаров «Кабар» агенттигине вебкам студиялардын негиздөөчүсү аталган Даниел Ажиевдин айланасындагы кептерге жооп берип жатып, абактагы акын Аскат Жетигенди бошотуу маселеси боюнча да билдирди. Өлкө башчысы акын ырайым сураса карап көрүшү мүмкүн экенин белгиледи. «Мен кимди чыгарышты, кимди чыгарбашты тандабайм. Ким ырайым сурап арыз менен кайрылса, арызынын негизинде чечим кабыл алам. Арыз менен кайрылбаган соттолуучуну кантип чыгарам. Арыз менен кайрылса, аны да караганга даярбыз», — деди Жапаров. Эске сала кетсек, Аскат Жетиген — массалык башаламандыктарды козутуу жана бийликти басып алуу боюнча айыпталып, үч жылга эркинен ажыратылган белгилүү акын жана жарандык активист. Кылмыш иши 2024-жылдын мартында башталган. Айыптоолор Жетигендин социалдык медиадагы видео билдирүүлөрүнөн келип чыккан, анда ал бийликтин аракеттерин сындаган.",https://24.kg/kyrgyzcha/364802_akyin_askat_jetigenge_yirayyim_berilebi_prezidenttin_joobu/,0
Дипфейктер: кантип сактанса болот?,"келтириш үчүн аны бир аз өзгөртүүгө туура келет. Мындай өзгөртүүлөрдөн кийин видеодо айрым артефакттар сакталып калат. 2019-жылы Google менен Microsoft компанияларынын колдоосундамакала жарыяланган, анда алгач кайсы бир адамга мүнөздүү мимикалар менен башынын кыймылын талдап чыгып, дипфейк менен салыштырып көрүшкөн, ошондо жакшы байкалган айырмачылыктарды табышкан. 2020-жылы изилдөөчүлөрдүн тобу адам бетинин, мурунунун четтерине жана эрин жактарына көңүл буруунусунуштаган. Ушул жерлерде дипфейк экендиги ачык байкалат. Ошол эле кезде алардын айтымында, биринчи муундагы дипфейктерди 100% тактык менен аныктаганга мүмкүн болсо, экинчи муундагы дипфейктерди 15-30% тактык менен гана аныктаса болот. 2021-жылы Буффало университетинин окумуштуулары жасалма видеону аныктоонуныкмасын иштеп чыгышкан. Адистер чыныгы жана дипфейктеги адамдардын көздөрүндөгү жарыктын чагылышын изилдеп чыгышып, жасалма интеллект жарыктын чагылышын так жасай албай тургандыгын аныкташат. Алардын айтымында, бул ыкма менен дипфейкти аныктоонын тактыгы 94%ды түзөт.",https://factcheck.kg/ky/dipfejki-kak-zashhitit-sebya/,1
Өкмөт электрондук тамеки импортун тыюу мөөнөтүн узартууну сунуштады,"Министрлер кабинети Кыргызстанга электрондук тамекини импорттоого кирген чектөөнү дагы алты айга узартууну сунуштады. 23-апрелде коомдук талкууга коюлган долбоор 2025-жылы күчүнө кирген мыйзамдын талаптарын аткарууга багытталган. Экономика жана коммерция министрлиги билдиргендей, мындай чектөө быйыл 10-январдан тартып алты айга киргизилген жана бул аралыкта Кыргызстанга бир да электрондук тамеки ташылып келинген эмес. Документте никотин суюктугу камтылган электрондук тамекилерди ташып келүүгө, жүгүртүүгө жана пайдаланууга биротоло тыюу салуу каралган. ЕАЭБге мүчө мамлекеттердин үчүнчү өлкөлөр менен соода жүгүртүү эрежелерине ылайык, мындай чектөөнүн түрүнүн мөөнөтү жарым жылдан ашпашы керек. Ошондон улам Министрлер кабинети электрондук тамеки ташып келүүгө кирген чектөөнү 10-июлдан ары карай дагы алты айга узартууну сунуштоодо. 2024-жылы Кыргызстанга 60 тоннадан ашык, 2025-жылдын жети айында 12,4 тонна электрондук тамеки импорттолгон. Алардын көбү Кытайдан ташылып келинген. “Дүйнөлүк саламаттык сактоо уюмунун тамекиге каршы күрөшүү боюнча алкактык конвенциясынын жоболоруна ылайык, Кыргыз Республикасы 2006-жылдан бери Конвенциянын катышуучусу болуп, тамеки заттарынын жана никотиндин, анын ичинде алардын жаңы формаларынын калкка таасирин алдын алуу боюнча чараларды көрүүгө милдеттенет”, - деп жазылган долбоордун маалымкат-негиздемесинде. Жогорку Кеңеш Кыргызстанда электрондук тамеки чегүүгө, ташып келүүгө жана сатууга тыюу салган мыйзам долбоорун 2024-жылдын 26-июнунда кабыл алып, документке президент Садыр Жапаров ушул эле жылдын 24-ноябрында кол койгон. Азыркы тапта электрондук чылым колдонгону үчүн жарандарга 10 миң сом, юридикалык жактарга 60 миң сом айып пул салынат. Электрондук тамеки саткан жеке жактарга 50 миң сом, юридикалык жактарга 65 миң сом айып пул салуу каралган. Ташыгандарга 150 миңден 200 миң сомго чейин айып салынат же 1 жылдан 2 жылга чейин эркинен ажыратуу менен жазаланат. Былтыр декабрда парламентте электрондук тамеки ташып келүүгө тыюу киргенден кийин бул товарды аткезчилик жолу менен алып келип саткан фактылар көбөйгөнү айтылган. Депутат Дастан Бекешев социалдык тармактар аркылуу көмүскө базарда сатылыпжатканын көтөргөн. Экономика жана коммерция министри Бакыт Сыдыков бул тыюуну алып салуу маселесин талдап чыгарын билдирген.",https://www.azattyk.org/a/33741416.html,0
"Шок контентке азгырылба, маалыматты текшер: Эл аралык фактчекинг күнүнө карата кыргыз фактчекерлеринин кеңештери [split]","эч качан унутпаш керек. Эгерде текстте эмоционалдуу чакырыктар көп болсо, эмоцияларды такай таразалап туруу зарыл. Эгерде катуу тынчсыздануу жаралса, анда маалыматты башка булактардан текшерип көрүү абзел. Эгер адам өзүнүн жарылуу чегине жетип калганын сезсе, бул өтө оор болгонуна карабай колго китепти алып, социалдык түйүндөрдөн алаксыганга аракеттенүүсү керек. Жок дегенде эс алуу күндөрү эс алгыла. “Интернеттен” бул жашоого кайтып келгиле. Алынып жаткан маалыматка, окуяларга иммунитетти калыптандыруу – туура эмес, себеби адамда бардык окуяларга, маалыматтарга кайдыгерлик пайда болушу мүмкүн. Мындай кырдаал журналисттик кесиптен сырткары адамдын эмоцияларына жана окуяларына байланыштуу көптөгөн башка кесиптерде дагы кездешет. Мындай кырдаалдарда баарынан жакшысы – тиешелүү адистерге кайрылып, эмоционалдык чарчоо боюнча сунуштарды кармануу. Мындай сунуштарды көптөгөн ачык булактардан тапса болот. Былтыркы жылдагы окуялардан улам Украинадагы согуш боюнча чоӊ иштер жасалды. Калыстыкты карманганга аракет кылынып, орусиялык да, украиндик да фейктер төгүндөлүп жатты. Колдонуучулардын реакциясы ар кандай болду. Орусиялык фейктердин бети ачылганда, фактчекерлерди батышчылдар, «соростон жан баккандар», либералдар деп атап жатышты. Тескерисинче, украиндик фейктер төгүндөлгөндө, фактчечкерлерди “путиндин режимин” колдогондор деп күнөөлөштү. Тилекке каршы, Орусия Украинага кол салганына бир жыл өткөндөн кийин, кыргызстандыктар үчүн Украинадагы согуш темасы адаттагыдай эле, көнүмүш тема болуп баратат. Ошол эле кезде биздин өлкө максималдуу түрдө параллелдүү импорт процессине тартылып, такай Батыштын санкцияларынын коркунучу алдында турат. Ой-жүгүртүү менен иштөө – эӊ татаал. Бир жолку аракет менен эле адамдын көз карашын өзгөртүү дээрлик мүмкүн эмес. Өзгөчө, эгерде адам ошол эле кезде маалыматтык талаанын экинчи тарабынын таасири астында болсо. Көп нерсе адамдын дүйнө-таанымына, жашоодогу тажрыйбасына көз каранды. Пропагандалык булактардан сугарылып турган адамдар менен иштешүүнүн, мамиле куруунун сыйкырдуу ыкмалары жок. Майнапсыз талаш-тартыштардан качып, чагымчылдыкка алдырбай, нервти сактаган оң. Автору: Тынымгүл Эшиева Маектешкендери: Ярослав Тартыков, Асель Сооронбаева",https://factcheck.kg/ky/ne-poddavatsya-shok-kontentu-i-proveryat-informacziyu-glavnye-rekomendaczii-kyrgyzskih-faktchekerov-v-mezhdunarodnyj-den-faktchekinga/,1
​Коронавируска каршы вакцина сайылат деген маалымат — фейк,"WhatsApp түйүнү аркылуу “Коронавируска вакцинация жасоо үчүн ар бир үйгө келип укол сайып кетээри айтылып жатат.ПолитКлиникамедиасы бул маалыматты текшерип көрдү. Маалыматта мындай деп айтылат: “Биринчи күндөн баштап үй кыдырып, вакцина саят экен. Балдарга да, өзүңөр да албагыла. Биз жактагылар полный отказ кылышты. Себеби, 3 айдан кийин же 2 айдан кийин вакцина алган киши сөзсүз өлөт экен. Ошону албагыла. Тууган-уруктарга жеткирип койгула. Аны кытайлар жөнөтүптүр, дарысын таптык деп. Ошол кытайлар кыргыздарды кырып, дүйнө жүзүндөгү элдерди жок кылышы керек экен”. Дагы башка аудио билдирүүдө бул еврейлердин планы экени айтылып жүрөт.",https://factcheck.kg/ky/kyrgyz-%e2%80%8bkoronaviruska-karshy-vakczina-sajylat-degen-maalymat-fejk/,1
Трамп Бириккен Араб Эмирлигинин ОПЕКтен чыгуу чечимин колдоду,"Кошмо Штаттардын президенти Дональд Трамп Бириккен Араб Эмирликтеринин (БАЭ) ОПЕКтен чыгуу чечимин колдоду. «Бул эң сонун чечим», - деди ал басма сөз жыйынында. Трамп БАЭнин лидери Мохаммед бин Зайед Аль Нахайянды «абдан акылдуу» деп атап, «балким өз жолу менен кеткиси келип жаткандыр» деген пикирин бөлүштү. ОПЕК - мунай өндүргөн ири өлкөлөрдүн уюму дүйнөлүк баага таасир этүү үчүн өндүрүш көлөмүн координациялап турат. Трамп БАЭнин бул кадамын «бензиндин баасын төмөндөтүүгө жардам бере турган жакшы нерсе» деп баалады. Бириккен Араб Эмирликтери 28-апрелде 1-майдан тарта ОПЕК жана ОПЕК+танчыгарын жарыялаган.Бул чечим эксперттер үчүн күтүүсүз болгон жок, анткени өлкөнүн мунай өндүрүү мүмкүнчүлүгү ОПЕК койгон чектөөлөрдөн жогору. Трамп бул кадам ОПЕК үчүн көйгөйлөрдү жаратышы мүмкүн экенин да белгиледи. Чечим жарыялангандан кийин мунай баасы убактылуу төмөндөгөн. Бирок Иран менен АКШ ортосундагы сүйлөшүүлөрдүн туюкка кептелиши жана Трамптын Иран портторуна каршы блокадасын улантары тууралуу билдирүүлөрүнөн улам мунай баасы кайрадан кескин көтөрүлдү.",https://www.azattyk.org/a/33746009.html,0
Кыргызстанда адискөй троллдордун фабрикасы,"Социалдык тармактарда кайсы бир компания, саясатчы жана позицияны сизге жеткирүү менен алектенип ушул жумушту кесип кылган аккаунттарды билгиңиз келеби? Бул үчүн сизге адистештирилгенstalkscan.comсайты жардамга келет. Бизди кызыктырганСамат Муктароваттуу аккаунт ушул жылдын фефраль айында катталган. Туулган жылы 1989 -жылдын февралы деп көрсөтүлгөн. Биринчи караганда эч шек жаратпайт. Фейсбук социалдык тармагында 181 досу бар аккаунттун сүрөтүндө азият улутундагы жаш жигит чагылдырылган. Бирок анын хроникасындагы маалыматтарды аңдасак, мурунку жана азыркы президент тууралуу саясий түскө боелгон макалалар жайгаштырылган. Бул аккаунттун фейк экендигин анын сүрөтүнөн аныктадык. Бул үчүн yandex сүрөт издөө функциясын колдондук. Адамды сүрөтү боюнча издеген fndeface.ru ресурсу жабылгандан бери google жана башка ресурстарга караганда yandex жалгыз иштеген акысыз ресурс бойдон кала берет. Facebookтун башкалардан өзгөчөлүгү колдонуучунун хроникасында ал кайсы топтор же баракчаларга кирип кандай макалалар менен бөлүшүп жаткандыгын көрүүгө болбойт. Мындай учурдаstalkscan.comресурсунун жардамы менен бардык аспектилерде аккаунттун активдүүлүгүн карайбыз. Төмөнкү видеодо көрүнүп тургандай, Самат Муктаров бир күндө ар түрдүү топторго эң аз дегенде үч макала жана бир демотиватор калтырат. Колдонуучулар көбүнчө баштапкы булагына көңүл бурушпайт. Адатта булакка шилтеме көрсөтүлүп турган маалыматка ишеним бар. Бирок биздин учурда эмес. Үч макала теңtelegra.phресурсунда жайгаштырылган. Бул сайтта каалагандардын бардыгы анонимдүү түрдө макала",https://factcheck.kg/ky/professionalnaya-fabrika-trollej-v-kyrgyzstane/,1
"""Жетимиш бешчилер иши"" боюнча кармалгандардын бөгөт чарасы узарды","Бишкектин Биринчи май райондук соту 6-апрелде ""Жетимиш бешчилердин иши"" боюнча шектелип, кармалгандардын - У. Э., А. К, Т. Б., Д. К., А. К. жана Ж. Б. бөгөт чарасын карап, 10-июнга чейин камакта калтырды. Сот чечимине ылайык, алардын баары Бишкектеги №1 тергөө абагында кармалат. Бул тууралуу райондук соттун кеңсе кызматы кабарлады. 9-февралда мурдагы премьер-министрлер, парламенттин экс-депутаттары, саясатчылар жана коомдук ишмерлер болуп 75 адамдан турган топ президент Садыр Жапаровго жана Жогорку Кеңештин ошол кездеги төрагасы Нурланбек Тургунбек уулуна кайрылып, жакынкы убакта президенттик шайлоо өткөрүүгө чакырган. Алардын айрымдары кийин кайрылуунун мазмунун окубай туруп эле ага кошулууга макул болгонун айтып чыгышкан. Ички иштер министрлиги (ИИМ) бул кайрылууга байланыштуу Кылмыш-жаза кодексинин “Массалык башаламандыктар” беренеси менен кылмыш ишин козгоп, кайрылууда аты аталган коомдук ишмер Бекболот Талгарбековду, Кыргызстандын Өзбекстандагы мурдагы элчиси, мурдагы айыл чарба министри Эмилбек Узакбаевди жана Жогорку Кеңештин экс-депутаты Курманбек Дыйканбаевди, мурдагы вице-премьер, экс-депутат Аалы Карашевди жана ички иштер министринин мурдагы орун басары Курсан Асановдукармаган. Кийин алардын беренеси “Бийликти күч менен басып алууга"" өзгөртүлгөнү белгилүү болду. 10-февралда Садыр Жапаров Камчыбек Ташиевди Министрлер кабинетинин төрагасынын орун басары - Улуттук коопсуздук мамлекеттик комитетинин төрагасы кызматынан бошоткон. Андан кийин курган маектеринде Жогорку Кеңеште депутаттар “президенттин жана атайын кызматтын төрагасынын кишиси” болуп бөлүнүү башталганын, кийин ал парламенттен сыртка чыкканын айтып, 75 адамдын кайрылуусун мисал кылган.(ZKo)",https://www.azattyk.org/a/33727354.html,0
Түркияда 27-28 мартта эл аралык трейл жарышы Alanya Ultra Trail өтөт,"Трейл-жарыш Антальянын жашыруун бермети саналган Аланьяда өтмөкчү Түркия ар түрдүү спорт тармактарында өткөрүлгөн эл аралык деңгээлдеги иш-чаралардын санынын өсүшү менен дүйнөнүн булуң-бурчунан келген спортчуларды жана күйөрмандарды өзүнө тартып келет. Түрк Ривьерасынын жүрөгүндө жайгашкан Анталья таза пляждары, жумшак климаты, бай маданий мурасы жана суу менен тоо спорту боюнча кеңири мүмкүнчүлүктөрү менен жыл сайын миллиондогон конокторду тосуп алат. Шаардын жашыруун бермети саналган Аланья 27–28-март күндөрү дагы бир жолу Alanya Ultra Trail жарышын өткөрөт. Бул жарыш Жер Ортолук деңизинин жылуу жээги менен Тавр тоолорунун салкын чокуларынын ортосунда жайгашкан керемет маршруттар аркылуу өтөт. Alanya Ultra Trail — 2017-жылы негизделгенден бери 34 өлкөдөн келген 700дөн ашык спортчуну кабыл алган эл аралык деңгээлде таанылган трейл жарышы. Эл аралык трейл чуркоо ассоциациясы (ITRA) тарабынан таанылган бул иш-чара Антальянын өзгөчө географиясын, бай маданий мурасын жана табият менен айкалышкан жашоо образын көрсөтүп турат. “Tradition to Trail” урааны менен өтө турган 2026-жылдагы жарыш Түркиянын Туризмди өнүктүрүү жана өнүктүрүү агенттигинин (TGA) жана Жаштар жана спорт министрлигинин колдоосу менен, ошондой эле бир катар өнөктөштөрдүн катышуусунда уюштурулууда. Жарыш Антальяны изилдөөгө шыктандырган укмуштуу спорттук окуя гана эмес, ошондой эле табият менен жакындан таанышууга мүмкүнчүлүк берген өзгөчө тажрыйба болуп саналат. Салттан трассага Alanya Ultra Trail жарышы эркин руху жана чыдамкайлыгы менен белгилүү болгон көчмөн түрк уруулары — йөрүктөр колдонгон байыркы көч жолдорунда өтөт. Бул туруктуулукту жана эркиндикти символдоштурган дух бүгүнкү күндө да жарышта сезилет: катышуучулар бир эле жарышта төрт мезгилди сезүүгө мүмкүн болгон татаал маршруттарда күч сынашат. Маршруттар Тавр тоолорунун кар баскан чокуларынан башталып, дүйнөгө белгилүү Клеопатра пляжына чейин созулат. Жолдо спортчулар тарыхый кербен жолдорун, көп кылымдык Аланья кемежайын, Аланья чебин, кооз тоо жайлоолорун жана табияттын укмуш пейзаждарын басып өтүшөт. Жарыштын негизги жана эң узак этабы — 68 км Alanya Ultra Trail (AUT) маршруту. Мындан тышкары, жарыш программасына төмөнкү этаптар кирет: • 42 км Taurus Mountain Trail (TMT) • 27 км Keykubat Mountain Run (KMR) • 18 км Cleopatra Short Trail (CST) • 5 км Alanya Castle Run (ACR) AUT маршруту Дамлаташ үңкүрүнүн жана дүйнөгө белгилүү Клеопатра пляжынын жанынан башталат. Андан соң спортчулар Топхане, Кызыл Куле (Кызыл мунара), кемежай, Эсат бастиону, Бедестен жана Аланья чеби сыяктуу тарыхый жайлардан өтүшөт. Кыска аралыкта шаар көчөлөрү аркылуу өткөндөн кийин жарыш Тавр тоолоруна көтөрүлүп, кайра Клеопатра пляжында аяктайт. Ал эми TMT, KMR, CST жана ACR этаптары AUT менен бирдей маршруттан башталат, бирок белгиленген чекиттерде кайрылып, аралык кыскартылат. TMT жарышында катышуучулар 24-чакырымда бурулуп кайтышат, KMR болсо 16-чакырымда негизги трассадан бөлүнөт. CST маршруту 9-чакырымга чейин бирдей жолду карманып, ал эми ACR — жаратылышты сүйгөндөр үчүн даярдалган 5 км кооз кыска маршрут. Антальянын жашыруун бермети: Аланья Жер Ортолук деңизинин жээгинде жайгашкан Түркиянын туризм борбору Анталья жыл бою күн нуру, бай тарых жана таза пляждары менен белгилүү. Антальянын чыгыш тарабында жайгашкан Аланья жаратылыштын кооздугун, тарыхый эстеликтерди жана жандуу түнкү жашоону бириктирген өзгөчө курорттук шаар болуп саналат. XIII кылымда селжуктар тарабынан бекемделген шаар катары негизделген Аланьянын символу — жакшы сакталган Аланья чеби. Аска үстүндө жайгашкан бул чептен укмуш панорамалык көрүнүштөр ачылат. Чептен деңизге карай түшкөн тар көчөлөр бакчалар менен курчалган салттуу үйлөрдүн арасынан өтөт. Шаардын маанилүү тарыхый жайларынын катарына байыркы кемежай жана коргонуу максатында курулган сегиз бурчтуу Кызыл Куле кирет. Бүгүнкү күндө бул мунара этнографиялык музей катары иштейт. Аланья ошондой эле жаратылыш кереметтери менен да белгилүү. Алардын катарына Көк желек сыйлыгына ээ Инжекум жана Клеопатра пляждары, Сападере капчыгайы, Дим жана Дамлаташ үңкүрлөрү, Дим суусу жана Дерекөй жайлоосу кирет.Тарых жана жаратылыш менен катар Аланья бай гастрономиясы менен да белгилүү. Көчө даамдарынын арасында гёзлеме (ичи толтурулган жука нан) популярдуу болсо, ресторандарда Жер Ортолук деңизинин ашканасы сунушталат. Жаңы кармалган балык жана осьминог грильде даярдалып, мезелер, тахини кошулган пияз салаты жана жергиликтүү ак шараптар менен берилет. Ошондой эле чобан кавурма сыяктуу салттуу эт тамактары аймактык рецепттерди чагылдырат. Аланьянын жандуу түнкү жашоосу — барлар, музыка жана көңүл ачуу жайлары менен — күн баткандан кийин да шаардын энергиясы токтобой улана турганын көрсөтөт.",https://vesti.kg/kg/dujnede/item/148750-turkiyada-27-28-martta-el-aralyk-trejl-zharyshy-alanya-ultra-trail-otot.html,0
Кыргызстандын туңгуч космонавты Салижан Шарипов Ошто окуучулар менен жолугушту,"Кыргызстандын биринчи космонавты, Кыргыз Республикасынын Баатыры Салижан Шарипов түштүк борборго жумушчу сапар менен келип, шаардагы космонавттардын ысымын алып жүргөн Ю. Гагарин жана В. Терешкова атындагы орто мектептердин окуучулары менен жолугушту. Бул тууралуу мэриядан билдирди. Ардактуу мейманды, дүйнөнүн 372-чи, Россиянын 88-чи, Кыргызстандын туңгуч космонавты Салижан Шариповду мэрдин орун басары Масуда Айдарбекова, Россиянын Ош шаарындагы башкы консулу Роман Свистин, билим берүү тармагынын өкүлдөрү жана окуучулар тосуп алышты. Иш-чарада Салижан Шарипов балалык кыялы, космосту багындырууга болгон аракеттери, космостук учуулары жана жеткен ийгиликтери менен бөлүшүп, окуучуларга алдыга койгон максаттарына умтулууну сунуштап, кыялдарынын орундалышына тилектештигин билдирди. 12-апрель — Эл аралык авиация жана космонавтика күнүнө карата өткөрүлүп жаткан иш-чаранын алкагында мектеп окуучуларынын космос мейкиндигин чагылдырган макеттери жана өз колдору менен тарткан сүрөттөрү көрсөтүлүп, чакан концерттик программа тартууланды.",https://24.kg/kyrgyzcha/370123_kyirgyizstandyin_tunguch_kosmonavtyi_salijan_sharipov_oshto_okuuchular_menen_jolugushtu/,0
Журналист Алтынай Арстанбекова 9-майга чейин камакка алынды,"Массалык башаламандыкка чакырык таштаган материалдарды жарыялаган деп шектелген журналист Алтынай Арстанбекова камакка алынды. Бишкектин Биринчи Май райондук соту аны 9-майга чейин камакка алуу чечимин чыгарды. Бул тууралуу Соттун басма сөз кызматы 24.kg агенттигине тастыктады. Алтынай Арстанбекова 11-мартта кармалган. ИИМдин маалыматына караганда, журналист Facebook тармагында Даниэль Жоошбаев аталышындагы фейк аккаунт аркылуу өлкө бийлигин каралоого жана коомдук-саясий кырдаалды курчутууга багытталган материалдарды жарыялаганы айтылат. 10-мартта анын үйү тинтүүгө алынып, уюлдук телефондор, планшеттер, ноутбуктар, видеокамера, документтер жана тергөөгө тиешелүү башка буюмдар алынган.",https://24.kg/kyrgyzcha/365714_jurnalist_altyinay_arstanbekova_9-mayga_cheyin_kamakka_alyindyi/,0
Төрага Нурланбек Шакиев Катардын Кыргызстандагы элчиси Али Жабир Мухаммад Аль-Гуфран Аль-Маррини кабыл алды,"Биз экономикалык жана инвестициялык кызматташтыкты кеңейтип, соода байланышын эселеп жакшыртышыбыз керек Бүгүн, 29-ноябрда Жогорку Кеңештин Төрагасы Нурланбек Шакиев Катар мамлекетинин Кыргыз Республикасындагы Атайын жана толук ыйгарым укуктуу элчиси Али Жабир Мухаммад Аль-Гуфран Аль-Маррини кабыл алды. Жолугушууда эки өлкө ортосундагы саясий-экономикалык, маданий-гуманитардык кызматташтыкты өнүктүрүү, парламенттер аралык байланыштарды арттыруу маселелери талкууланды. Алгач Төрага Нурланбек Шакиев Али Жабир Мухаммад Аль-Гуфран Аль-Маррини Кыргызстанга элчи болуп дайындалышы менен куттуктап, дипломатиялык ишмердүүлүгүнө ийгиликтерди каалады. “Сиздин өмүр баяныңыз менен таанышып жатып, дипломатиялык иштин анык чебери экениңизди байкадым. Андыктан, кыргыз-катар мамилесин бекемдөөгө өз салымыңызды кошосуз деген терең ишеничтемин”, – деди Төрага. Ошондой эле эки мамлекет ортосундагы алакалар акыркы жылдары жигердүү өнүгүп жатканына токтолгон Нурланбек Шакиев: “Өткөн жылы араб өлкөлөрүнөн алгачкылардан болуп Катардын Эмири Тамим бин Хамад Аль Тани Кыргызстанга мамлекеттик сапар менен келип, байланыштардын жаңы барагы ачылды. Анда бир катар маанилүү маселелер боюнча сүйлөшүүлөр жүрүп, өнөктөштү өрчүтүүгө багытталган макулдашууларга кол коюлду”, – деди. Муну менен катар Кыргызстан кызматташтыкты кеңейтүүдөгү маанилүү жолдордун бири саналган парламенттер аралык байланыштарды да арттырууга кызыкдар экендигин белгилеп, Катардын Аш-Шура Межлисининин (парламент) Төрагасына элчи аркылуу дубай салам жолдоо менен Кыргызстанга расмий иш сапар менен келип кетүүгө чакырды. Жолугушууда соода жүгүртүүнүн көлөмүн көтөрүү тууралуу да сөз болуп: “Эки өлкөнүн мүмкүнчүлүктөрү өтө чоң. Биз экономикалык жана инвестициялык кызматташтыкты кеңейтип, соода байланышын эселеп жакшыртышыбыз керек. Бул үчүн Бишкек-Доха аба каттамын тез арада ачуу зарыл. Себеби, азыркы көз караш менен алганда түз аба каттамы бардык мамлекеттер аралык кызматташтыкты, анын ичинен жарандар ортосундагы байланыштарды өнүктүрүүгө өбөлгө түзөт”, – деди Нурланбек Шакиев. Андан сырткары, Кыргызстандын туристтик мүмкүнчүлүктөрү жөнүндө да кеп кылган Төрага акыркы жылдары Катар мамлекетинен келген меймандар көбөйгөнүн, эгер аба каттамы ачылса алардын саны дагы жогорулап, достук мамиле чыңдаларын кошумчалады. Ошондой эле Кыргыз-Катар инвестициялык фондун түзүү, Кыргызстандын энергетика, туризм, тоо-кен жана айыл чарба сыяктуу приоритеттүү тармактарына инвестиция салуу маселелерине токтолду. Өз кезегинде Атайын жана толук ыйгарым укуктуу элчи Али Жабир Мухаммад Аль-Гуфран Аль-Марри жылуу кабыл алгандыгы үчүн Жогорку Кеңештин Төрагасына ыраазычылык билдирип, айтылган ар бир сунуш боюнча тийиштүү иштерди алып барарын белгиледи. “Катар Кыргызстан менен бардык багытта кызматташууга кызыкдар. Алакаларды арттыруу жаатында мүмкүнчүлүктөрүбүз өтө чоң. Мен элчи катары эки өлкөнүн мамлекеттик органдары ортосунда тыгыз байланышты камсыздап, парламенттер аралык алакаларды да кеңейтүү жаатында иш алып барууга даярмын” – деген элчи Катардын Аш-Шура Межлисининин (парламент) Төрагасы Хасан бин Абдулла Аль-Ганимдин жолдогон саламын жеткирди. Муну менен катар дипломатиялык ишмердүүлүгүнүн артыкчылыктуу багыттарды тууралуу кеңири сөз кылды.",https://vesti.kg/kg/politika-kg/item/133003-toraga-nurlanbek-shakiev-katardyn-kyrgyzstandagy-elchisi-ali-zhabir-mukhammad-al-gufran-al-marrini-kabyl-aldy.html,0
Куткаруучулар жапониялык эки туристти Ала-Арча капчыгайынан алып түштү,"Куткаруучулар Жапониянын эки жаранын Чүй облусундагы Ала-Арча мамлекеттик паркындагы “Таажы” чокусундагы алачыктан алып түшүштү. Бул тууралуу Өзгөчө кырдаалдар министрлиги 5-майда кабарлады. Маалыматка караганда, туристтердин бирөө өзүн жаман сезип, 112 кызматына кайрылган. Туристтерди куткарууга 8 куткаруучу тартылып, жабыркаган адамга алгачкы медициналык жардам көрсөтүлдү. Экинчи адамдын абалы туруктуу деп бааланды. Жыйынтыгында экөө тең шаарга алып келинип, Бишкекте ооруканага жеткирилди. ""Таажы"" (Корона) чокусу – Ала-Арча капчыгайындагы Ак-Сай мөңгүсүнүн чокусунда жайгашкан, бийиктиги 4860 метр. Кыргызстанда соңку жылдары тоо жана спорт туризми - альпинизм жандана баштады. Кыргызстандын бийик тоолору дүйнөдөгү альпинизм менен машыккан спортчуларды кызыктырат. Жыл сайын жүздөгөн альпинисттер өлкөгө келип кетет. Ошол эле маалда кырсыкка кабылгандары да бар. (КЕ)",https://www.azattyk.org/a/33750384.html,0
Газа: Аббастын тарапкерлери муниципалдык шайлоодо алдыга чыкты,"Газа тилкесиндеги Дейр-эль-Балах шаарындагы муниципалдык шайлоодо Палестин автономиясынын лидери Махмуд Аббастын тарапкерлери (ФАТХ кыймылы) жеңишке жетти. Шайлоо Израил окупациялап алган Батыш жээкте да өтүп, ФАТХ кыймылынын өкүлдөрү көпчүлүк добуш алышты. Бул тууралуу шайлоо комиссиясынын өкүлдөрүнө таяныпReuters жазды. Бул соңку 20 жылда Дейр-эль-Балах шаарында (Газанын бир бөлүгүндө) өткөн алгачкы добуш берүү. Ага катышуу деңгээли Газада 23%, ал эми Батыш жээкте 56% түзгөнүн Рамаллада жайгашкан Борбордук шайлоо комиссиясынын башчысы Рами аль-Хамдалла билдирди. ХАМАСка жакын деп эсептелген «Дейр-эль-Балах бизди бириктирет» аттуу кыймыл шаардык кеңештеги 15 орундун болгону экөөнү гана алды. ХАМАС АКШ менен Евробиримдикте террордук деп эсептелет. Ал эми ФАТХ кыймылы колдогон «Нахдат Дейр-эль-Балах» тизмеси алты мандат алып жеңишке жетти. Калган орундарды көз карандысыз талапкерлер бөлүштүрдү. ФАТХ партиясы 1950-60-жылдары түзүлгөн. Анын негиздөөчүлөрүнүн бири Ясир Арафат болгон. Учурда ФАТХ Батыш жээкте бийлик жүргүзүп, эл аралык коомчулук менен сүйлөшүүлөрдү алып барган негизги саясий күч болуп эсептелет. ХАМАС шайлоону расмий бойкот кылып, Газада да, Батыш жээкте да талапкерлерди көрсөтпөдү. Ошентсе да Дейр-эль-Балахтагы жыйынтыктар бул топко болгон колдоонун деңгээлин көрсөтүшү мүмкүн деп бааланууда. Палестин автономиясынын премьер-министри Мохаммед Мустафа шайлоо «өтө татаал шартта, оор маселелердин жана өзгөчө кырдаалдын фонунда» өткөнүн айтып, аны демократиялык институттарды жана улуттук биримдикти бекемдөөгө карай «маанилүү алгачкы кадам» деп атады. Эксперттердин айтымында, ФАТХтын жеңиши шайлоочулар эл аралык колдоого жана акырындык менен саясий өзгөрүүлөргө умтулуп жатканын көрсөтүшү мүмкүн. Муниципалдык шайлоолор 183 конушта өттү. Айрым шаарларда атаандаштык болбогондуктан добуш берүү болгон жок. Ал жакта талапкерлер автоматтык түрдө шайланды.",https://www.azattyk.org/a/33743591.html,0
Кумтөр тышкы башкаруу режимин токтотту (сүрөт),"Тиешелүү буйрукка Акылбек Жапаров кол койду Министрлер кабинетинин төрагасы Акылбек Жапаров жарлыкка кол койду, ага ылайык Кумтөр кенинде тышкы башкаруу режими токтотулду. Бул тууралуу маалымат «Кумтөр Голд Компани» ЖАКтын сайтында жарыяланды. Документке ылайык, “Улуу көчмөндөрдүн мурасы” холдинги жана “Теңиз Бөлтүрүк” эки жуманын ичинде министрлер кабинетине өз ишмердүүлүгү тууралуу отчет бериши керек.Эске салсак, Кумтөрдө тышкы башкаруу 2021-жылдын 17-майында киргизилген.Сүрөт www",https://vesti.kg/kg/geologiya-kg/item/103547-kumtor-tyshky-bashkaruu-rezhimin-toktottu-surot.html,0
Камила Талиева үй-бүлөлүк зомбулукту алдын алууну күчөтүү керектигин айтты,"Жогорку Кеңештин депутаты Камила Талиева өкмөттү үй-бүлөлүк зордук-зомбулукту алдын алуу иштерин күчөтүүгө чакырды. Депутат парламенттин 29-апрелдеги отурумунда жакында эле Баткен районундагы Чоң-Кара айылында күйөөсү жубайын өлтүрүп, кийин өзү асынып калган окуяны мисал кылып, алардын артында калган беш баласын мамлекет камкордукка алышы керектигин билдирди. Баткен облустук ички иштер башкармалыгынын маалыматында,  26-апрелге караган түнү үйдө балдар уктап жатканда жолдошу аялын бир нече жолу бычак менен сайып,аял ошол жерде каза болгон.Андан соң өзү үйүнүн короосундагы өрүк бакка асынып каза тапкан. Окуя болгон жерден далил катары ашкана бычагы жана жип алынган. Бул факты боюнча Кылмыш-жаза кодексинин “Адам өлтүрүү” беренеси менен кылмыш иши козголуп, тиешелүү соттук-медициналык экспертизалар дайындалган. Башкы прокуратуранынмаалыматына караганда,Кыргызстанда 2025-жылы үй-бүлөлүк зомбулукка байланыштуу 656 кылмыш иши козголгон. Мында 458 аял, 104 бала жана 94 эркек киши жабыркаган. Ошондой эле былтыр Кылмыш-жаза кодексинин “Үй-бүлөлүк зомбулук” беренеси менен 36 кылмыш иши козголгон. Жалпысынан бул багыттагы укук бузууларга байланыштуу 6 миңден ашуун протокол түзүлгөн. (BTo)",https://www.azattyk.org/a/33744888.html,0
"“Кымбат баалуу эмеректердин фонунда “уурдалган балалык” жана “уурдалган кыялдар” тууралуу ыйламсырап айтылган сөздөр адам көңүлүн иренжитет. Бардарчылыкта жашап туруп калган дүйнөнү планетаны талкаланышына күнөөлөө жана керектөөчүлүк мамиледен баш тартууну талап кылуу – бул эки жүздүүлүк”, – деп жазган Мартин Граф.","Factcheck.kg редакциясына окурманыбыз кайрылып, белгилүү экоактивистГрета Тунбергменен энеси креслодо отуруп түшкөн сүрөттү текшерип берүүнү өтүндү. Кадрга жаныбарлардын терисинен жасалган дагы бир кресло түшүп калган. Сүрөткө жазылган пикирде бул креслолордун баасы 8 300 жана 9 600 евро экени айтылат. Тунберг бардарчылык бай жашоодон жана айлана-чөйрөгө керектөө мамиле кылуудан баш тартууга чакырыктары жана энеси экөө эт жебегендери менен белгилүү. Биз бул маалыматты текшерип чыгып, сүрөт жасалма эмес экенин, анда чын эле Грета Тунберг жана анын энеси белгилүү швед опера ырчысыМалена Эрмантартылганын аныктадык. Сүрөт 2018-жылдын апрелинде тартылганы айтылат, бирок интернеттеги эң эски маалымат 2019-жылдын 24-апрелинде пайда болгон. Ал Dailymail.co.uk басылмасындажарыяланганжана анда Грета 15 жаштагы өспүрүм кыз деп мүнөздөлөт, бирок 2019-жылы ал 16 жашта болчу. Бул сүрөткө чоң кызыгуу 2019-жылдын декабрында жаралды. Анда жөнөкөй колдонуучулардан сырткары коомдук жана саясий ишмерлер, журналисттер сүрөт боюнчапикирлерин билдиришкен. Австриялык",https://factcheck.kg/ky/kakie-kresla-doma-u-izvestnoj-ekoaktivistki-grety-tunberg-proveryaem/,1
Чек ара чырынан жабыр тарткан балдар тууралуу маалымат – Фейк,Социалдык тармактарда денеси күйгөн жаш балдардын сүрөттөрү жайылды. Балдар тажик аскерлеринен жабыр тартканы айтылат. Биздин реадакцияга бул маалыматты текшерип берүү өтүнүчү менен окурмандарыбыз кайрылды. Маалыматка ишендирүү үчүн чек ара жаңжалынын курмандыгы болгон 12 жаштагы Мадинанын сүрөтү да тиркелген.,https://factcheck.kg/ky/informacziya-o-postradavshih-detyah-vo-vremya-pogranichnogo-konflikta-fejk/,1
Балеттин жаңы жылдыздары: Кыргызстандык бийчилер Россияда сыйлыкка татыды,"А.Малдыбаев атындагы Кыргыз улуттук академиялык опера жана балет театрынын балет солисттери Россиянын Пермь шаарында өткөн «Арабеск» сынагында сыйлыкка татыды. Бул тууралуу Маданият, маалымат жана жаштар саясаты министрлигинен билдиришти. Маалыматка ылайык, сынакта балет бийчилери Адилжан Рахманов II даражадагы лауреат наамына ээ болсо, Даяна Кыдыралиеваге диплом тапшырылды. «Арабеск» сынагы 1988-жылдан бери өткөрүлүп келет жана бул убакыт ичинде дүйнөдөгү эң абройлуу балет сынактарынын бирине айланды. Быйылкы иш-чара Пермь шаарында 15-апрелден 25-апрелге чейин өтүп, Пермь балетинин 100 жылдыгына арналды. Жалпысынан дүйнөнүн 14 өлкөсүнөн артисттер жана хореографтар тарабынан 354 билдирме түшкөн. «Арабеск-2026» сынагынын катышуучуларынын арасында Россия, Австралия, Бразилия, Франция, АКШ, Япония, Италия, Түркия, Монголия жана башка мамлекеттердин өнөрпоздору болду. Ошондой эле Россиянын 26 шаарынан, анын ичинде Санкт-Петербург, Москва, Новосибирск жана башка калаалардан өкүлдөр катышты. Сынактын негизги максаты — жаңы ысымдарды ачуу, аларга ийгиликтүү карьера үчүн кеңири мүмкүнчүлүктөрдү түзүү, классикалык балеттин бай мурасын сактоо жана заманбап хореографияны өнүктүрүү болуп саналат.",https://24.kg/kyrgyzcha/372015_balettin_janyi_jyildyizdaryi_kyirgyizstandyik_biychiler_rossiyada_syiylyikka_tatyidyi/,0
Баткен облусундагы үйлөрдүн курулушу. Абал кандай?,"Баткен облусундагы үйлөрдүн көбү курулбай эле, пайдубалдары гана турат. Бул тууралуу Жогорку Кеңештин депутаты Шайлообек Атазов24-ноябрда билдирди. Эскерте кетсек, кыргыз-тажик чек арасындагы жаңжалдан кийин 22-сентябрда президент Садыр Жапаров чек ара аймактардагы эвакуацияланган тургундарга жардам берүүнү, кыштын суугу түшкөнгө чейин жабыр тарткан үйлөрдү калыбына келтирүүнү, ал эми толугу менен талкаланган үйлөрдүн ордуна жаңы үйлөрдү салуунутапшырган. Куралдуу жаңжалда жабыр тарткан Баткен облусунун райондорункалыбына келтирүүгө6 миллиарддан 8.5 миллиардга чейин каражат жумшоопландаштырылган болчу. Баткен облусундагы үйлөрдү калыбына келтирүү, куруу иштери учурда кандай",https://factcheck.kg/ky/stroitelstvo-domov-v-batkenskoj-oblasti-chto-proishodit/,1
"«253 ЖМК тарабынан дүйнөлүк окуялар ал каалагандай нукта чагылдырылышы үчүн Сорос 131 млн доллардан кем эмес каражат жумшаган. Ал репортерлордон жана теле алып баруучулардан баштап, ЖМКнын редакторлоруна жана жетекчилерине чейин, бардыгына төлөп келген», — деп айтылат билдирүүдө.","Коомдук тармактардаFox News’га шилтеме кылынып, “Джордж Сорос көп жылдар бою CNN, NBC, CBS, Bloomberg, NPR жана Washington Post сыяктуу 54 ЖМКнын өкүлдөрүнө акча төлөп келген” дегенмаалыматтаркатылып жатат. «253 ЖМК тарабынан дүйнөлүк окуялар ал каалагандай нукта чагылдырылышы үчүн Сорос 131 млн доллардан кем эмес каражат жумшаган. Ал репортерлордон жана теле алып баруучулардан баштап, ЖМКнын редакторлоруна жана жетекчилерине чейин, бардыгына төлөп келген», — деп айтылат билдирүүдө. Factcheck.kg редакциясы бул билдирүүдө айтылгандардын аныктыгын текшерип көрдү. Ушуга окшош билдирүүнүЖМКларMRC Businessсайтына шилтеме кылып таркатышууда.",https://factcheck.kg/ky/faktchek-dzhordzh-soros-platil-bolee-chem-200-mirovyh-smi-dlya-vygodnogo-osveshheniya-sobytij/,1
"Кыргыз-Түрк ""Манас"" университетинде ачык асман алдында ооз ачуу программасы болуп өттү","Университеттин кампусунда уюштурулган иш-чарада 8 миңден ашуун адам ачык асман алдында ооз ачышты Кыргыз-Түрк ""Манас"" университетинин Чыңгыз Айтматов атындагы кампусунда беш жылдан бери үзгүлтүксүз өткөрүлүп келе жаткан салттуу ачык асман алдында ооз ачуу программасында болжол менен сегиз миң адам бир дасторкондо чогулду. Иш-чарага министрлер, элчилер, мамлекеттик жетекчилер, окутуучулар, студенттер жана шаар тургундары катышты. Көчө бою коюлган дасторкондордун айланасындагы бактар жана ректорлук имаратынын алды Рамазан айына мүнөздүү чырактар менен кооздолуп, кампус майрамдык маанайга бөлөндү. КТМУнун ректору, профессор Алпаслан Жейлан жана биринчи проректор, саясий и.к., доцент Алмаз Ибраев конокторду тосуп алып, андан соң алар Илим, жогорку билим берүү жана инновациялар министри Гүлзат Исматова жана Түркиянын Бишкектеги элчиси Мекин Мустафа Кемал Өкем менен бирге катышуучулардын табактарына өз колдору менен тамак салып беришти. Чыңгыз Айтматов кампусунда Рамазандын берекеси Иш-чаранын алкагында кампуста түрдүү маданий программалар уюштурулуп, сый-тамактар даярдалды. Иш-чара өткөн жер Түркия жана Кыргызстандын желектери менен кооздолду. Кампус аймагында уюштурулган 12 тамак таратуу пунктунда 8 миң адамга ооз ачар тамагы берилди. Түркиянын Бишкектеги элчилигинин Дин кызматтары боюнча кеңешчилигине караштуу дин кызматкери Шакир Байыр азан окугандан кийин миңдеген адамдар бир убакта ооз ачышты. Иш-чарада студенттер жана конокторго Рамазан айынын салтын уланткан ""тиш акы"" белектери таратылды. Катышуучуларга ар түрдүү сый тамактар менен катар түрк ашканасынын салттуу даамдарынын бири болгон ""Османлы мажуну"" да сунушталды.",https://vesti.kg/kg/koom/item/148707-kyrgyz-turk-manas-universitetinde-achyk-asman-aldynda-ooz-achuu-programmasy-bolup-ottu.html,0
БУУ: Жаңжал курчугандан бери Иранда кеминде 21 киши дарга асылды,"Жакынкы  Чыгыштагы жаңжал курчугандан бери Иранда кеминде 21 киши дарга асылды жана 4 миңден көп киши кармалды. Мындай маалыматты БУУнун Адам укуктары боюнча кеңсеси таратты. Ага ылайык, бери дегенде 9 киши быйыл январда болгон толкундоолорго байланыштуу дарга асылды, 10 кишиге оппозициялык топко кирген, экөөнө тыңчылык кылган деген айып тагылган. Ал эми 4 миңден ашуун киши улуттук коопсуздукка байланышкан дооматтын негизинде кармалды. «Бийлик Иран элинин укуктарын аеосуз жана катаал жол менен чектөөнү улантууда», - депайттыБУУнун Адам укуктары боюнча жогорку комиссары Волкер Түрк. Буга чейин Amnesty International эл аралык укук коргоо уюму ок атышпоо келишими гуманитардык кризистин курчушун токтото албасын, Ирандын эли бир жагынан согуштан, экинчи жагынан репрессиялардан жапа чеккенин билдирген. Укук коргоочулар Ислам жумурияты өлүм жазасын ишке ашыруу боюнча жан башына алганда дүйнөдө алдыңкы орундарда турганын белгилешет. Ирандагы адам укуктарынын абалына байкоо салган Норвегиядагы уюм жана Парижде жайгашкан Өлүм жазасына биргелешип каршы туруу уюму өткөн жылы Иранда кеминде 1 миң 639 киши дарга асылганын кабарлашкан.",https://www.azattyk.org/a/33745422.html,0
Мелис Мырзакматовдун сөзү кантип бурмаланды?,"Социалдык тармактарда Мелис Мырзакматовдун “Сооронбай аканы жаман иштеген үчүн эмес, Сооронбай аканы түштүктүк болгону үчүн кууп атат” деп сүйлөгөн сөзү Сооронбай Жээнбековго  колдоо көрсөткөн таризде тарады. Бирок бул видеонун үзүндүсү гана. Factcheck.kgМырзакматовдун сүйлөгөн сөзүн толук угуп чыгып, жогоруда айтылган цитата контексттен алынып, бурмаланганын аныктады: “2010-жылы да ушундай болгон. Революция кылымыш болуп, кресло талашып ал жерде мушташышкан. Азыр да кресло талашып, бир партия бир жерге койсо, аркасынан бир сааттан кийин башка партия башкасын койгон. Булар элди ойлобой, ресурс үчүн бул кадамдарга барып атат.",https://factcheck.kg/ky/manipulyacziya-slovami-melisa-myrzakmatova/,1
Кытай мандариндери өлүмгө алып келеби?,"Социалдык тармактарда жана WhatsApp аркылуу Кытайдын, айрыкча майда мандариндерин сатып албоого үгүттөгөн видео тарап жатат. Максатбек Садыков аттуу интернет колдонуучу “Оштуктар” деген топко “мандарин албай эле коюнуздарчы балдарга да жедирбениздер” деп жазган. Булвидеокыска убакыттын ичинде 1,3 көрүүгө жана бөлүшүүгө ээ болгон. Бир роликте курттап кеткен жемиштер тартылган. Экинчисинде мандариндерди каналга ыргытып жатышканын көрүүгө болот. Байкалган нерсе – бул үн коштогон билдирүүлөрдө Барнаул, Заринск, Бийск, Новосибирск жана Казакстан тууралуу дагы айтылат. «Барнаулда ооруканалардын балдар бөлүмдөрүндө жаткан балдар көп. Бир ай ичинде 13 бала каза болду. Ал",https://factcheck.kg/ky/fejk-pro-kitajskie-mandariny-ubijczy/,1
Россияда 1 февралдан баштап YouTube жабылабы?,"Россияда YouTube хостингине тыюу салынары тууралуу маалыматты текшерип берүү өтүнүчү менен окурманыбыз редакцияга кайрылды. Маалыматка ылайык, Мамлекеттик Дума «Ютубга» тыюу салган мыйзам кабыл алып, ал 2021-жылдын 1-февралынан тарта күчкө кирери тууралуу жана сайтка VPN аркылуу киргендерге айып пул салынары жөнүндө айтылат. Factcheck.",https://factcheck.kg/ky/youtube-zapretyat-v-rossii-s-1-fevralya-2021-goda-nepravda/,1
Матраимов Абрамовичтин футбол клубун сатып алабы?,"Социалдык тармактарда Раимбек Матраимов Орусия олигархы Роман Абрамовичтен “Челси” футбол командасын сатып алат деген маалымат жайылды. «Кыргызстандык бизнесмен Раим Матраимовдун россиялык миллиардер Роман Абрамовичтин «Челси» (Лондон) футбол клубуна көзү түштү. Бул тууралуу дүйнөлүк алдыңкы ММКлар кабарлады. Алгачкы сүйлөшүүлөр жакынкы арада пландаштырылууда. Бизнесмендер илгертен бери жеке байланышта. Мындан тышкары,  “Челсинин” үй дареги болгон Стэмфорд Бридж Лондон стадионунун аймагында Абрамович менен Матраимовдун үйлөрү коңшулаш. Бүгүнкү күндө Матраимовдун мүлкү 500 млрд долларга бааланат », – деп айтылат сюжетте. Facebook колдонуучулары маалымат WhatsApp тиркемесинен келгенин жазып, тасма менен активдүү бөлүшкөн. Видеону көргөн колдонуучулар түрдүү пикир калтырып, айрымдары маалыматты дароо фейк десе, башкасы таң калып, ишенгенин билдирген. Factcheck.kg чуу жараткан тасманы текшерип көрдү. Алгач сюжеттеги жазууларга көңүл бурабыз. Анда бири-бири менен байланышы жок үч сөз жазылган: Абрамович, Челси, Матраимов.",https://factcheck.kg/ky/dejstvitelno-li-matraimov-sobiraetsya-kupit-futbolnyj-klub-chelsi/,1
Видеочек: Чолпон-Атанын үстүндө БУО – чынбы же калппы? [split],"Бул видеонун өзгөчөлүгүнө байланыштуу БУОну жана анын айланасындагы объектилерди – тоону, метеостанцияны бири бири менен салыштыруу кыйынчылыкты жаратат, анткени тоо да, метеостанция да, белгисиз учуучу объект да бардыгы боз түстө. Бирок сүрөттү бир аз чоңойткондо айрым айырмачылыктар байкала баштайт: боз түс бардык жеринде бирдей болбогондуктан тоо капталынын жана метеостанциянын сүрөтү «көлөмдүүлүгүн» жоготокон эмес, ал эми БУО тууралуу минтип айта албайбыз. Ал өтө чоң жана көлөмдүү болгондуктан айрым деталдар бөлүнүп байкалып турушу керек эле. Скриншот боюнча артка издөө көрсөткөндөй, Чолпон-Атанын үстүндө абада калкып турган объект «№9 району» (District 9) тасмасындагы космос кораблине окшошуп",https://factcheck.kg/ky/videochek-nlo-nad-cholpon-atoj-pravda-ili-net/,1
Элчи Руслан Казакбаев TÜSİAD башкармалыгынын төрагасы менен жолукту,"Кыргыз тарап конкреттүү инвестициялык долбоорлорду TÜSİAD мүчөлөрүнүн кароосуна сунуштады Кыргызстандын Түркиядагы элчиси Руслан Казакбаев Стамбул шаарына болгон жумушчу сапарынын алкагында Түрк өнөр жайчылар жана ишкерлер ассоциациясы (TÜSİAD) башкармалыгынын төрагасы Орхан Туран менен жолукту. Тышкы иштер министрлигинен билдиришкендей, жолугушуунун жүрүшүндө тараптар эки өлкөнүн ортосундагы соода-экономикалык байланыштарды чыңдоо жана инвестициялык кызматташууну тереңдетүүнүн келечегин талкуулашты. Орхан Туран TÜSİAD`га кирген компаниялар Түркиянын тышкы соода жүгүртүүсүнүн 80%ын камсыздап жатканын, бирикменин өзүндө алдыңкы өнөр жай жана бизнес түзүмдөрүн кошкондо 4500дөн ашуун мүчө бар экенин белгиледи. Кыргызстандын экономикасынын энергетика, айыл чарба, тоо-кен жана туризм сыяктуу приоритеттүү тармактарында кызматташуу мүмкүнчүлүктөрүн талкуулоого өзгөчө көңүл бурулду. Кыргыз тарап конкреттүү инвестициялык долбоорлорду TÜSİAD мүчөлөрүнүн кароосуна сунуштады. Элчи Казакбаев инвестициялык климатты жакшыртууга жана чет элдик инвесторлордун иштөөсү үчүн жагымдуу шарттарды түзүүгө багытталган өлкөдө жүргүзүлүп жаткан экономикалык реформалар тууралуу маалымат берди. Мындан тышкары, элчи TÜSİAD делегациясын ассоциациянын ишмердүүлүгүнүн географиясын кеңейтүү жана кызматташтыкты бекемдөө перспективаларын изилдөө максатында Кыргызстанга келип кетүүгө чакырды.",https://vesti.kg/kg/politika-kg/item/133020-16-tuzotuu-koloniyasyna-baruuchu-kopuro-ondolup-koldonuuga-berildi.html,0
Кыргызстанда Экинчи дүйнөлүк согуштун 24 ардагери калды,"Кыргызстанда ушул тапта Экинчи дүйнөлүк согушка катышкан, Ленинград блокадасында калган жана концлагерде туткунда болгон 24 ардагер бар. Бул тууралуу Эмгек, социалдык камсыздоо жана миграция министрлиги маалымдады. Булардын сегизи согуштун катышуучусу.Маалыматка ылайык, учурда Бишкекте төрт, Жайыл районунда эки, Ат-Башыда бир, Базар-Коргондо бир ардагер жашайт.Бала кезинде концлагерде туткунда болгон алты адамдын төртөө Бишкекте, Жайылда бирөө, Манас шаарында дагы бир адам жашайт.Ленинград блокадасынын 10 катышуучусунун сегизи Бишкекте, Сокулукта бир, Балыкчы шаарында бир киши бар.Президент Садыр Жапаров 9-май Жеңиш күнүнө карата Экинчи дүйнөлүк согуштун ардагерлерине 200 миң сомдон бир жолку материалдык жардам берүү жөнүндөжарлык чыгарган.2025-жылы 9-майга карата Кыргызстанда Экинчи дүйнөлүк согуштун 32 ардагери бар эле. Алардын ар бирине 100 миң сомдон берилген. Экинчи дүйнөлүк согуш 1939-жылы 1-сентябрда тутанып, 1945-жылы 2-сентябрда аяктаган. Ага ошол маалдагы 74 мамлекеттин 62си, дүйнөнүн 80% калкы катышкан. Согуштан жалпы 70 миллиондой адам кырылган. СССР Экинчи дүйнөлүк согушка өзү аралашкан бөлүгүн Улуу Ата Мекендик согуш деп атаган. Германия менен СССРдин ортосундагы согуш 1941-жылы 22-июнда башталып, 1945-жылы 9-майда СССР жеңишке жеткен. Бул күн СССРде, кийин андан бөлүнгөн мамлекеттерде Жеңиш күнү катары белгиленет. 1941-1945-жылдары фашизмге каршы согушка Кыргызстандан 360 миңдей адам катышкан. Алардын 90 миңден ашыгы фронтто курман болгон. (ZKo)",https://www.azattyk.org/a/33736088.html,0
Нарында өспүрүмдүн өлүмү боюнча кылмыш иши козголду,"Нарын районундагы Ийри-Суу айылында 7-класстын окуучусу өз жанын кыйган деген окуя боюнча кылмыш иши козголду. Бул тууралуу Нарын облустук ички иштер башкармалыгы маалымдады.Иш, мекеменин маалыматына караганда, Кылмыш-жаза кодексинин 128-беренеси (""Өзүн өзү өлтүрүүгө жеткирүү"") менен козголду.Милиция билдиргендей, өспүрүмдүн сөөгү сарайдан асынган абалда 1-апрелде табылган. Бардык тиешелүү экспертизалар дайындалып, ыкчам-тергөө иштери жүрүп жатат.Нарын районундагы мектептердин биринде окуган 7-класстын окуучусу өз жанын кыйганын 8-апрелде Жогорку Кеңештин депутаты Элвира Сурабалдиева парламенттин жыйынында айтып чыккан. Депутат китептин ижарасына деп чогултулган акчадан 110 сом жоголгонуна мектеп жетекчилиги баланы күнөөлөгөнү өспүрүмдүн өз жанын кыюусуна алып келгенин айтып, спикерди жана өкмөт өкүлүн окуяга көзөмөл кылууну сураган. Расмий маалыматка караганда, 2025-жылы Кыргызстанда 101 өспүрүм өз жанын кыйган. Бул 2024-жылдагы көрсөткүчтөн 14кө көп. Ички иштер министринин орун басары Октябрь Урмамбетов былтыр суицидге барган өспүрүмдөрдүн көбү Жалал-Абад облусунда катталганын билдирген. Аталган облуста 20 өспүрүм, Чүй жана Ысык-Көл облустарында 18ден, Баткенде 13, Ош облусунда 10, Нарын жана Талас облустарында экиден, Бишкекте 12, Ош шаарында үч өспүрүм өз жанын кыйганы айтылган.Суицидге барган балдардын 85и мектеп окуучулары, 11и студенттер, беш бала эч жерде окубаганы, 66,3% эркек балдар, 33,7% кыздар экени аныкталган.Милиция суицидге барган балдардын көпчүлүгү ата-энеси миграцияда жүргөндөр экенин билдирип келет. Өз жанын кыйган айрым балдардын жакындары өлүмгө мектептеги чоңсунуу, рэкетчилик себеп болгонун да айтып чыгышкан. (ZКo)",https://www.azattyk.org/a/33727482.html,0
Дүйнө лидерлери АКШ менен Ирандын макулдашуусун кубатташууда,"Франциянын президенти Эммануэл Макрон Иран менен АКШ ортосундагы ок атышууну токтотуу макулдашуусун кубаттап, ошол эле маалда Ливандагы оор кырдаалга көңүл бурду жана келишимге ал өлкөнү да камтуу зарылдыгын белгиледи. Буга чейин Израил ""ок атышууну эки жумага токтотуу Ливанга жайылбай"" турганын белгилеген. Макрон тыныгуунун шарттары бүтүндөй региондо сакталат деп үмүттөнөрүн, стабилдүүлүккө сүйлөшүүлөр аркылуу гана жетсе болорун кошумчалады. Француз лидери Ирандын Ормуз кысыгын ачууга даярдыгын кубаттады жана Париж кемелердин каттамын калыбына келтирүү үчүн 15 өнөктөш өлкө менен иш алып барганын айтты. Испаниянын премьер-министри Педро Санчес ок атууну 15 күнгө токтотуу жарыясын колдоо менен катар урушту баштагандарды сындады. “Испаниянын өкмөтү дүйнөгө өрт койгондорго алар чака менен суу алып келгени үчүн кол чаппайт”, - деп жазды Санчес Х социалдык тармагына. Премьер ок атпоо жакшы жаңылык экенин, бирок согуш алып келген “башаламандыкты, кыйроолорду жана адам жоготууларын унутпоо зарылдыгына” басым жасады. Еврошаркеттин лидерлери да согуштагы тыныгууну, “деэскалацияга карай кадамды” кубатташты. Өз кезегинде Кытайдын Тышкы иштер министрлиги Пакистан жана башка өлкөлөрдүн арачылык аракеттерин колдоп, Бээжин да тынчтык орнотууга өз салымын кошконун жана ал ишти улантарын билдирди.",https://www.azattyk.org/a/33727479.html,0
Жаңылыктар. Чыгарылыш 09:00,"Садыр Жапаров Баткен облусуна болгон иш сапарынын жүрүшүндө Кыргызстан, Тажикстан жана Өзбекстандын чек аралары кесилишкен аймактагы “Достук” эл аралык соода-экономикалык паркынын долбоору менен таанышты.Президентке долбоордун башкы планы көрсөтүлүп, ал аймакта административдик, логистикалык, өндүрүштүк, коммерциялык жана туристтик зоналарды камтыган заманбап комплекс курулары маалымдалды. Жалпы аянты 100 гектарды түзгөн парк соода жана инвестициялык мүмкүнчүлүктөрдү кеңейтүүгө багытталган.Долбоор ишке ашса, 5 миңден ашуун жумуш орундары түзүлүп, чек ара аймагындагы соода жүгүртүү көлөмү өсөрү күтүлүүдө. Ошондой эле туристтик инфраструктураны өнүктүрүү жана эл аралык маданий иш-чараларды өткөрүү пландалган.Мамлекет башчысы мындай демилгелер үч өлкөнүн кызматташтыгын бекемдеп, аймактык туруктуулукка жана экономикалык өнүгүүгө өбөлгө болорун белгиледи. Сары-Жазда эки көпүрө курулууда, өзгөчө кырдаалдар министри иштин жүрүшүн текшердиКанатбек Чыныбаев Ысык-Көл облусуна жумушчу сапары менен барып, бир катар объектилердеги курулуш иштеринин жүрүшү менен таанышты.Алгач министр Ананьево айылындагы жаңы өрт-куткаруу бөлүгүнүн курулушун текшерди. Өз сөзүндө ал курулуш иштеринин сапатын жогорулатуу, өрт өчүрүүчүлөр үчүн ыңгайлуу шарттарды түзүү жана бөлүнгөн каражаттарды максаттуу пайдалануу зарылдыгын баса белгиледи.Андан соң жумушчу сапар Сары-Жаз өрөөнүнө уланды. Бул аймакта Өзгөчө кырдаалдар министрлиги Сары-Жаз дарыясы аркылуу эки көпүрө куруп жатат.Маалыматка ылайык, бул көпүрөлөр стратегиялык мааниге ээ болуп, Түп району менен Ак-Суу районунун жайыт аймактарын байланыштырмакчы. Ошондой эле алар аймактагы туристтик маршруттарды өнүктүрүүдө маанилүү роль ойнойт.Сапардын жүрүшүндө министр курулуш иштерин жеринде көрүп чыгып, алардын темпин тездетүү боюнча тиешелүү тапшырмаларды берди. Бишкекте «Кызыл гвоздика — муундардын эс тутуму» аттуу гала-концерт өттү  Бишкек шаарында көркөм өздүк чыгармачылык боюнча XXV ачык шаардык фестиваль-сынактын «Кызыл гвоздика — муундардын эс тутуму» аттуу гала-концерти болуп өттү. Бул тууралуу шаардык мэриядан билдиришти.  Иш-чарага Бишкек шаарынын мэриясынын Маданият башкармалыгынын башчысы Назгүл Мекешова катышып, куттуктоо сөзүн сүйлөдү. Ал фестивалдын маданий мурастарды сактоодо жана муундардын уланышын камсыз кылууда мааниси чоң экенин белгиледи.  Салтанаттуу бөлүктө сынактын жеңүүчүлөрү жана байге ээлери сыйланып, катышуучуларга дипломдор жана ардак грамоталар тапшырылды.  Иш-чара чыгармачыл жамааттардын катышуусунда өткөн гала-концерт менен жыйынтыкталды. 70 жаштагы ардагер, милициянын отставкадагы генерал-майору Кемелбек Киязов Баку шаарында өткөн эл аралык марафондо 70+ жаш категориясында биринчи орунду ээледи.  Маалыматка ылайык, 42,2 чакырым аралыктагы марафон 3-май күнү өтүп, ага дүйнөнүн ар тарабынан 26 миңден ашуун спорт сүйүүчү катышкан.  Белгилей кетсек, Киязов буга чейин да эл аралык мелдештерге активдүү катышып келет.",https://sputnik.kg/20260507/1101154985.html,0
“Фейсбукта” БШКнын мүчөсүнүн эгизи пайда болдубу? Текшеребиз,"28- февралда БШК мүчөсү Гүлнара Журабаева ага Лос-Анжелестен Emily Vhee Anabelle аттуу колдонуучу достук жөнөткөнү тууралуу “Фейсбук” аркылуукабарлаган. Табышмактуу колдонуучу өзүнүн профилинде Журабаеванын сүрөтүн пайдаланган. Factcheck.kg бул аккаунтту текшерип көрүүнүчечти. Ал үчүн төмөнкү көрсөткүчтөргө көз чаптырабыз: Эмили Анабелдин алгачкы жана жападан жалгыз сүрөтү 26-февралда жүктөлгөн. Андан соң, колдонуучу баракчасына эч кандай пост жарыялаган эмес. Мындан улам, аккаунт 26-февралда ачылган деген бүтүм чыгарабыз.",https://factcheck.kg/ky/bliznecz-gulnary-dzhurabaevoj-ili-fejkovyj-akkaunt-proveryaem/,1
Иран АКШнын cогушту токтотуу боюнча сунушун карап жатат,"Тегеран АКШнын согушту токтотуу боюнча соңку сунушун алып, аны менен таанышып жатат. Бул тууралуу Ирандын мамлекеттик ISNA агенттиги Тышкы иштер министрлигинин өкүлү Эсмаил Багаиге таянып кабарлады. Ошол эле маалда ал сунушта кабыл алынгыс айрым жоболор бар экенин кыйытты. Багаи “акыркы чечим кабыл алынгандан кийин” Тегеран өз позициясын сүйлөшүүлөрдө ортомчу болуп жаткан Пакистан аркылуу жеткирерин айтты. АКШ президенти Дональд Трамп Пакистандын ортомчулугу менен жүрүп жаткан сүйлөшүүлөр жакшы нукта өнүгүп жатканын билдирди. “Алар келишим түзүүнү каалап жатышат. Акыркы 24 саатта абдан жакшы сүйлөшүүлөр болду жана келишимге жетишүү толук мүмкүн”, — деди Трамп 6-майда Ак үйдө журналисттердин суроолоруна жооп берип жатып. Кийинчерээк Жоржия штатындагы республикачылардын жыйынындагы видео кайрылуусунда Трамп бул согуш “тез арада аяктай турганын” билдирди. Ага чейин Америка лидери эгер Тегеран соңку келишимдин шарттарына макул болбосо, анда Иранга ""мурдагыдан да күчтүү соккулар уруларын""эскерткен. Маалыматтарга караганда, тараптар бир катар маселелер боюнча дагы эле орток пикирге келе элек. Алардын ичинде Ирандын уран байытуу мүмкүнчүлүгү жана Ормуз кысыгын көзөмөлдөө боюнча талаш бар. Дүйнөлүк мунай менен газдын болжол менен 20% ташылган Ормуз кысыгын Тегеран АКШ менен Израилдин соккуларына жооп чара катары март айынын башында жаап салган. Согуш 28-февралда башталган.",https://www.azattyk.org/a/33751812.html,0
Туристтик Чыгыш экспресси менен жомоктогудай кышкы саякат,"Кыш мезгилинде кар баскан Анатолиянын кең мейкиндиктери аркылуу Туристтик Чыгыш Экспресси менен унутулгус темир жол саякатына аттаныңыз Дүйнө жүзүндө темир жол менен саякаттоого болгон кызыгуу өсүп жаткан учурда, Түркиянын Туристтик Чыгыш Экспресси бул тенденциянын эң таасирдүү үлгүлөрүнүн бири болуп саналат. Түркиянын борбору Анкара менен Чыгыш Анатолиянын бермети саналган Карс шаарынын ортосундагы түнкү поезд сапары жүргүнчүлөргө кар жамынган Анатолия түздүктөрү менен тоолорунун укмуштуудай көрүнүштөрүн тартуулайт. Ностальгияны, кооз пейзаждарды жана туруктуу саякат түшүнүгүн айкалыштырган бул маршрут дүйнөдөгү эң таасирдүү темир жол сапарларынын бири катары эл аралык деңгээлде таанылган. Түркиянын эң көп суроо-талапка ээ поезд багыты Рельстердин ыргагы, ыңгайлуу купелер, ак кар жамынган пейзаждар жана сыйкырдуу токтоолор Чыгыш Экспрессин жөн гана поезд сапарынан Анатолия аркылуу өткөн жомоктогудай саякатка айлантат. Анкара менен Карс шаарларынын ортосунда эки багытта каттаган маршрут эки тараптан тең өзгөчө кооз болсо да, борбор шаардан Карска карай саякаттоо эң популярдуу багыт болуп эсептелет. Туристтик Чыгыш Экспресси жума сайын үч жолу эки шаардан тең каттайт, билеттер онлайн сатыкка коюлат. Түркиянын эң популярдуу темир жол сапары болгондуктан, билеттер тез эле сатылып кетет, ошондуктан алдын ала брондоо сунушталат. Орточо 24 саатка созулган сапар жатак керебеттүү жайлуу купелерди, көз жоосун алган табият көрүнүштөрүн жана экскурсиялар үчүн атайын токтоолорду камтыйт. Көптөгөн жүргүнчүлөр купелерин жарыктар жана жасалгалар менен кооздоп, жылуу атмосфера түзүшөт. Саякатчылар өздөрү менен жеңил тамак ала алышат — купелерде муздаткыч жана жуугуч бар — же ресторан-вагондо тамактанып, түнкү тынч сапардан ырахат ала алышат. Анкарадан чыккан поезд Кырыккале, Кайсери, Сивас, Эрзинжан жана Эрзурум шаарларынан өтүп, Карс шаарына жетет. Анкара–Карс багытында поезд Эрзинжан жана Эрзурум шаарларында токтосо, кайтуу жолунда — Карстан Анкарага карай — Илич, Дивриги жана Сивас шаарларында токтойт. Бул токтоолор жүргүнчүлөргө ЮНЕСКОнун тизмесине кирген табигый жана тарыхый мурастарды камтыган көптөгөн кереметтерди көрүүгө мүмкүнчүлүк берет. Кыштагы сыйкырдуу багыт — Карс Анкарадан башталган кооз темир жол саякаты тарыхы катмарлуу, кышкы пейзаждары жана өзгөчө ашканасы менен белгилүү Карс шаарында жыйынтыкталат. Анатолиянын эң байыркы отурукташкан аймактарынын бири болгон Карс шаары борбордогу өзгөчө архитектурасынан тартып, айланасындагы кылымдарды карыткан эстеликтерге чейин бай тарыхый мурасты сунуштайт. Шаардан анча алыс эмес жерде жайгашкан Ани — ЮНЕСКОнун Дүйнөлүк мурастар тизмесине кирген уникалдуу жай. Орто кылымдарда «1001 чиркөөнүн шаары» катары белгилүү болгон бул байыркы метрополис чиркөөлөрү, мончолору, алгачкы мечити жана зор коргон дубалдары менен христиан жана мусулман династияларынын мурасын айкын чагылдырат. Карстын табигый кооздугу да өзгөчө таасир калтырат. Сарыкамышта коноктор кристаллдай таза кар үстүндө лыжа тээп, укмуштуудай көрүнүштөрдүн коштоосунда чана тебишет. Карс менен Ардахан облустарынын чек арасында жайгашкан Чылдыр көлү да кыш мезгилинде муз каптаган көрүнүшү менен өзгөчө табигый керемет болуп саналат. Ат чегилген чана менен муз үстүндө жылып бара жатканда, балыкчылардын музду тешип, сазан балык уулаганын көрүүгө болот — бул көрүнүш аймактын кышкы символдорунун бири катары таанылган. Карстагы эң өзгөчө тажрыйбалардын бири — кечки тамак-аш программалары. Бул иш-чараларда коноктор ашык айтышуу, Кавказ элдик бийлери жана каз эти, Карс сыры, ракы жана Чыгыш Анатолия шараптары камтылган атайын меню аркылуу шаардын нукура руху менен таанышат. Бай гастрономиясы — сыр, грюйер, бал, каз эти жана манты — менен белгилүү Карс шаары Богатепе айылындагы Сыр музейине да чакырат. Бул жерде зыяратчылар аймактын сыр жасоо салты менен таанышып, жергиликтүү сырлардын түрлөрүн даам татышат.",https://vesti.kg/kg/koom/item/148061-turisttik-chygysh-ekspressi-menen-zhomoktogudaj-kyshky-sayakat.html,0
"Трамп ""реалдуу макулдашуу"" түзүлгүчө АКШ аскерлери Ирандын айланасында кала берерин айтты","АКШ президенти Дональд Трамп америкалык күчтөр “чыныгы макулдашуу” жетишилгенге чейин Ирандын айланасында кала берерин билдирди. «АКШнын бардык кемелери, учактары жана аскер кызматкерлери, кошумча ок-дары, курал-жарак жана душманды толук талкалоо үчүн зарыл болгон бардык каражаттары менен чыныгы МАКУЛДАШУУ толук жетишилгенге чейин Иранда жана анын айланасында кала берет», - деп жазды Трамп 8-апрелдин кечинде Truth Social социалдык тармагына. Дональд Трамп белгилегендей, эгер «кандайдыр бир себеп менен бул ишке ашпай калса анда “аткылоолор” башталат, алар мурда болуп көрбөгөндөй ири, кеңири жана күчтүү болот». 7-апрелдин кечинде Тегеран менен Вашингтон атышууну эки аптага токтото турууну Пакистандын ортомчулугу менен макулдашкан. Трамп Ирандан 10 баскычтан турган тынчтык сунушун алганын билдирген. Учурда бул келишим олуттуу белгисиздик абалда турат. Анткени ал Израилдин Ливандагы Хезболла буталарына каршы аскерий операцияларын камтыйбы же жокпу деген суроо жаралды. Хезболла - Иран колдогон түзүм жана Вашингтон аны террордук уюм катары тааныйт. АКШнын вице-президенти Жей Ди Вэнс 8-апрелде Венгриядагы  сапары учурунда мурунку түнү Трамп жарыялаган келишимдин шарттары боюнча “чындап эле түшүнбөстүк болгон” деп эсептей турганын айтты. “Менимче, ирандыктар атышпоого Ливан да кирет деп ойлошкон, бирок андай эмес болчу”, — деди ал. Израил келишимди колдорун, бирок Ливанга каршы соккуларын уланта берерин билдирген. Ливандын Саламаттык сактоо министрлиги 8-апрелде билдиргендей, атышпоо тууралуу жарыялангандан кийинки сааттарда Израилдин соккуларынан соңку 24 саат ичинде кеминде 250 адам каза болду. Мекеме бул сан дагы өсүшү мүмкүн экенин белгиледи.",https://www.azattyk.org/a/33728390.html,0
Нарын дарыясына түшүп кеткен эки баланын дайыны табыла элек,"Өзгөчө кырдаалдар министрилиги Нарын дарыясына түшүп кеткен сегиз жана беш жаштагы эки баланы издөө иштери улантылып жатканын 9-апрелде билдирди. Алардын бири, 2018-жылы туулган К.И. аттуу бала 5-апрелде Аксы районундагы Үч-Коргон айыл аймагынын Кум айылында Нарын дарыясына түшүп кеткен. Издөө иштерине жалпы 40 адам, эки кайык тартылды. Арасында ӨКМ куткаруучулары, милиция кызматкерлери жана жергиликтүү тургундар бар.Беш жаштагы экинчи бала 5-апрелде Нарын шаарындагы Ленин жана Раззаков көчөлөрүнүн кесилишинде Нарын дарыясына түшүп кеткен. Учурда наристени жалпысынан 68 киши издеп жатат. Нарын дарыясына кичине балдар түшүп кетип, табылбай же сөөгү табылган учурлар буга чейин да катталган. ӨКМ жарандарды балдарына көз салуу керектигин, дарыянын суусуна түшүүгө болбой турганын эскертип келет.(КЕ)",https://www.azattyk.org/a/33728280.html,0
Энергетика министрлиги бөлүштүрүүчү компаниялардын кайрылуусуна комментарий берди,"Кыргызстандын Энергетика министрлиги электр энергиясын бөлүштүрүүчү компанияларга жооп берип, айрым дооматтарын четке какты. Министрликтин басма сөз кызматы 27-апрелде маалымат таратып, буга чейин жеке бөлүштүрүүчү компаниялардын абоненттеринен алардын ишине даттанып, бир нече жолу кайрылуулар түшкөнүн, кызмат көрсөтүүнүн сапатына жана ишмердүүлүгүнө нааразычылык билдирип, мамлекеттик компаниялардын тейлөөсүнө өтүүнү каалашканын билдирди. Мындан тышкары электр энергиясын бөлүштүрүүчү жеке компаниялардын президент Садыр Жапаровго кайрылуусунда айтылган айрым дооматтарды четке какты: ""Жеке компаниялардын ""импорттук электр энергиясынын чыгымдарын жабууга мажбурлап жатат"" деген билдирүүлөрү чындыкка дал келбейт. Бирдиктүү тариф электр энергиясынын чыныгы наркын, анын ичинде импорттук жеткирүүлөрдү да эске алуу үчүн зарыл. Айрыкча күз-кыш мезгилинде тартыштык жаралып, башка өлкөлөрдөн электр энергиясын сатып алууга туура келет. Чыныгы чыгымдарды эске албоо тармакта карыздардын көбөйүшүнө жана каржылоонун жетишсиздигине алып келет"", - деп жазылган маалыматта. Министрлик ошондой эле сунушталып жаткан өзгөртүүлөр мыйзам чегинде жана бардык тараптардын кызыкчылыктарын эске алуу менен ишке ашырылып жатканын, ал чаралар энергетика тармагында көп жылдан бери топтолуп келген маселелерди чечүүгө багытталганын белгилеген. 27-апрелде Кыргызстандагы бир катар электр энергиясын бөлүштүрүүчү жеке компаниялар президент Садыр Жапаровго кайрылуу жолдошкон. Алар энергетика тармагындагы ишкерлердин укугун коргоону өтүнүшүп, Энергетика министрлиги мыйзамдан тыш талаптарды коюп жатканына даттанышкан.Алар элди электр энергиясы менен үзгүлтүксүз камсыздоо үчүн мамлекет менен тыгыз иштеп жаткан ички инвестор экенин, тариф саясатына эч кандай таасири жоктугун, электр энергиясынын баасы жалпыга бирдей экенин, мамлекет тарабынан бекитилгенин белгилешкен. Энергетика министрлигининмаалыматына караганда, электр энергиясын керектөө 2020-жылда 15,4 млрд кВт саат болсо, 2025-жылдын аягында 19,3 млрд кВт саатка чейин жеткен. Расмий маалыматка ылайык, 2025-жылдын январына карата Кыргызстанда 1 млн 585 миң абонент бар деп эсептелген. Анын ичинде 1 млн 472 миң 837 катардагы абонент 7,79 млрд кВт саат электр жарыгын колдонот. 6,47 млрд кВт саат электр энергиясын өнөр жай ишканалары пайдаланат.Кыргызстан өзү өндүргөн электр энергиясы керектөөнү жаппайт. Ушундан улам жыл сайын күз-кыш мезгилине Казакстандан, Түркмөнстандан, Өзбекстандан жана Орусиядан электр жарыгын сатып алат.(ZKo)",https://www.azattyk.org/a/33743329.html,0
Сентябрь айында 170 миңге жакын бала биринчи класска барат,"2026-жылы 170 миңге жакын бала биринчи класска барат деп күтүлүүдө. Бул тууралуу билим берүү министринин орун басары Надира Жусупбекова бүгүн, 27-мартта маалымат жыйынында билдирди. Анын айтымында, акыркы көрсөткүч так каттоодон көз каранды болот. Ал жогору же бир аз төмөн болушу мүмкүн. Эң негизгиси, биринчи этапта кичи райондогу балдарды өз убагында каттоодон өткөрүү керек. Министрдин орун басары өткөн жылдагыдай эле, биринчи жана экинчи класстарга балдарды массалык түрдө кабыл алуу болбой турганын баса белгиледи. Ар бир жаралган суроолорго жараша жеке каралат. Балдардын билим деңгээлин аныктоо үчүн тестирлөөгө тыюу салынгандыктан, кызматкерлер ар бир баланын аяктаган окуу программасы жөнүндө маалымат суроо үчүн бала бакчалар менен иштешет. Надира Жусупбекова окуучулардын орундарынын жетишсиздигин жоюу үчүн республика боюнча мектептер курулуп жатканын, анын ичинде Бишкекте 20 жана Ошто 15 мектеп курулуп жатканын кошумчалады.",https://24.kg/kyrgyzcha/367766_sentyabr_ayyinda_170_minge_jakyin_bala_birinchi_klasska_barat/,0
Быйыл мектептерде биринчи коңгуроо 15-сентябрда кагылат,"2026-жылы жаңы окуу жылы 15-сентябрда башталат. Бул тууралуу бүгүн өткөн маалымат жыйынында Агартуу министри Догдуркүл Кендирбаева билдирди. Анын айтымында, окуу жылы мурдагыдай эле 25-майда аяктайт. Окуу жылынын башталышын жылдыруу Бишкекте Шанхай кызматташтык уюмунун (ШКУ) саммитинин жана Дүйнөлүк көчмөндөр оюндарынын өткөрүлүшү менен байланыштуу болууда. Белгилей кетсек, ШКУнун саммити 2026-жылдын 31-августунан 1-сентябрына чейин, ал эми Көчмөндөр оюндары 31-августтан 6-сентябрга чейин өтөрү пландалган.",https://24.kg/kyrgyzcha/372010_byiyyil_mektepterde_birinchi_konguroo_15-sentyabrda_kagyilat/,0
Абдыгуловго карата “чабуул”,"Factcheck.kg Facebook социалдык түйүнүндө жана ЖМКларда КР Улуттук банкынын төрагасы Толкунбек Абдыгуловго карата маалымат чабуулу болуп жаткандыгын аныктады. Текшерүү Абдыгуловго карата үч толкундагы чабуулга социалдык тармактагы фейк аккаунттары гана эмес, айрым жалпыга маалымдоо каражаттары дагы тийиштиги бар экендигин көрсөттү. 1- толкун – “Абдыгуловдун Улуттук банктын жетекчилигине дайындалышы” Биринчи толкун 2017-жылдын 28-ноябрынан 28-декабрына чейин уланды. Эскерте кетсек, 2017-жылдын 21-декабрында Толкунбек Абдыгулов КР Улуттук банкынын төрагасы болуп дайындалган. Фейсбук социалдык тармагында Абдыгуловго каршы үч фейк аккаунту иштеген. Алар: Каныкей Алиева (аватары – күндүн батып бараткан фонундагы кыздын сүрөтү), Rustam Uulu Talant (аватары – Джек Николсон), Ильяс",https://factcheck.kg/ky/abdygulova-zakazali/,1
Элчи Эдил Байсалов президенттин эл аралык демилгелер боюнча атайын өкүлү болду,"“Ынтымак ордо” 27-апрелде президент Садыр Жапаров Кыргызстандын Америка Кошмо Штаттарындагы жаңы дайындалган элчиси Эдил Байсаловду кабыл алганын кабарлады. Эдил Байсалов мамлекет башчыга өткөн аптада өткөрүлгөн кыргыз-америкалык саясий консультациялардын жыйынтыктары, Министрлер кабинетинин төрагасы Адылбек Касымалиевдин АКШнын мамлекеттик катчысы Марко Рубио менен сүйлөшүүлөрүнүн жыйынтыктары тууралуу маалымат берди. Садыр Жапаров эки өлкөнүн кызматташтыгын мындан ары өнүктүрүү маанилүү экенин айтып, АКШ менен өнөктөштүктү бекемдөө боюнча ишти активдештирүү тапшырмасын берди. Жапаров Эдил Байсаловго президенттин эл аралык демилгелер боюнча атайын өкүлүнүн кошумча функцияларын жүктөп, ага Кыргызстандын атайын жана ыйгарым укуктуу элчиси жогорку дипломатиялык рангын ыйгарды. Эдил Байсалов апрель айынында башында Кыргызстандын АКШдагы элчиси болуп дайындалган. Ал 2021-жылдан бери вице-премьерлик кызматты ээлеп келаткан. 15-апрелде Вашингтондо АКШнын мамлекеттик катчысы Марко Рубио Адылбек Касымалиев менен жолугушуп, Америка-Кыргызстан кызматташтыгы талкууланган. АКШ Кыргызстандын эгемендигин биринчилерден болуп тааныган мамлекет. Стратегиялык кызматташтык келишимине 1993-жылы 19-майда Вашингтондо кол коюлган. 2015-жылдын 21-июлунда кыргыз бийлиги стратегиялык келишимден бир тараптуу чыгып кеткен. Азырынча Вашингтон менен Бишкек жаңы келишимди даярдоо процесси уланып жатканын гана билдирип келет. (BTo)",https://www.azattyk.org/a/33743343.html,0
Агартуу министрлигинин коллегиясы: Эдил Байсалов билим берүү реформасы жөнүндө,"«Мектеп эч качан токтобойт; ар дайым идеялар, умтулуулар жана инновациялар болот», — деди министрлер кабинетинин төрагасынын орун басары Эдил Байсалов бүгүн, 10-февралда Агартуу министрлигинин 2025-жылды жыйынтыктоочу коллегиясында. Ал президент Садыр Жапаровдун демилгеси менен өлкөдө «эң татаал жана сөзсүз эң маанилүү билим берүү реформасы» ишке ашырылып жатканын эске салды. «Бул жөн гана реформа эмес, толук трансформация, анткени жөнөкөй кайра түзүү жашоону толугу менен өзгөртө албайт. Бүгүнкү күндө дүйнөдө эч ким — өнүккөн же өнүгүп келе жаткан өлкөлөрдө да — эмне кылуу керектигин так билбейт. Бирок биз акылдуураак жана тажрыйбалуураактардын алдыга жылышын күтпөйбүз, анан жөн гана көнүмүш адат боюнча кууп жетебиз. Андай болбойт. Бүгүн биздин калган дүйнө менен бирге алдыга жылуу мүмкүнчүлүгүбүз, балким, дүйнөдөн, кошуналарыбыздан алдыда болуп, кайраттуулукту жана лидерликти алып, секирик жасоого мүмкүнчүлүгүбүз бар. Учурда атаандаштык жана ресурстар үчүн катуу күрөш жүрүп жатат. Бул биздин улут катары өсүп-өнүүгүз, балдарыбыздын келечеги жөнүндө болуп жатат. Ошондуктан, биз жоопкерчиликти алып, ушул реформа жолуна түштүк», — деди Эдил Байсалов. Ал мурда өлкө реформанын алгачкы натыйжаларын 15 жылдан кийин гана көрөрүн билдирген. Эскерте кетсек, учурда «Сейтек» борборунда Агартуу министрлигинин 2025-жылды жыйынтыктоочу коллегиясы өтүүдө. Коллегияга министрлер кабинетинин төрагасынын орун басары Эдил Байсалов, Жогорку Кеңештин депутаты Токтобүбү Ашымбаева, министр Догдургүл Кендирбаева, министрликтин өкүлдөрү, билим берүү тармагынын кызматкерлери, райондук, шаардык билим берүү бөлүмдөрүнүн башчылары, жогорку окуу жайлардын жетекчилери катышууда.",https://24.kg/kyrgyzcha/361324_agartuu_ministrliginin_kollegiyasyi_edil_baysalov_bilim_beruu_reformasyi_jonundo/,0
Абдыгуловго карата “чабуул”,"Асанбеков (аватары – Чыңгыз Айтматов). Акыркы аккаунтту жаңылыштык менен Алмазбек Атамбаевдин фейк аккаунту деп аташчу. Бирок анын активдүүлүгүнө жасалган анализ көрсөткөндөй, бул фейк аккаунту буюрутма менен иштеген адискөй троллдордун тобуна таандык. Басмасөз ЖМКларында (Ачык Саясат, Фабула, Де Факто жана Багыт КГ) негатив маанайында 6 макала жарык көргөн (“Абдыгулов Улуттук банкты ижарага алып жатат” – башка гезитте “менчигине” деген термин колдонулду)”. Эки гезитте жарыяланган макалалар мазмуну боюнча бири-бирине абдан окшош. Гезит материалдары chyndyk.kg, gezitter.org жана nazarnews.kg сайттарында дагы жарыяланган. 2-толкун – “Улуттук банктын ЖК берген отчету” Маалымат чабуулунун экинчи толкуну 2018-жылдын 12-майынан 13-июнуна чейин созулду.",https://factcheck.kg/ky/abdygulova-zakazali/,1
Индира Жолдубаевага жабылган жалаа жана telegra.ph сайтынын иштөө принциби тууралуу,"Социалдык тармактарда telegra.ph сайтынын Индира Жолдубаева тууралуу макаласы жайылды. «Экс-генпрокурор Индира Жолдубаева: «Дача-Судагы кырсыкка тиешелүү бардык далилдерди Атамбаев жок кылды» аттуу чыккан макаланы текшеребиз. Алгач КСДПнын расмий өкүлү Кундуз Жолдубаева маалыматты төгүндөгөнүн белгилеп кетүү зарыл. Мындан тышкары макала жайгаштырылган сайтты аныктайбыз. Шектүү ресурста «сенсациялар» биринчи ирет жарыяланып аткан жок. Telegra.ph – telegram мессенджеринин авторлору иштеп чыккан өзүнчө продукт. “Telegra.ph ресурсу Телеграм каналыңыздагы маалыматты ЖМК аркылуу жарыялагандай мүмкүнчүлүктү берет”, – депбилдиретTelegra.ph интернет куралынын авторлору. Башкача айтканда, Телеграм каналынын ар бир колдонуучусу жаңылык жазып, ага сүрөт жана",https://factcheck.kg/ky/princzip-raboty-sajta-telegra-ph-ili-o-tom-kak-podstavili-indiru-dzholdubaevu/,1
Бишкектен Индияга түз аба каттамы ачылат,"Тараптар 2025-жылдын 15-февралынан тартып Дели-Бишкек-Дели багыты боюнча жаңы каттам ачууну макулдашты «МЭА» ААК Башкармалыгынын төрагасы Манасбек Самидинов IndiGo Airlines (Индия) авиакомпаниясынын вице-президенти менен жолугушуп, Кыргызстан менен Индиянын ортосунда жаңы аба каттамдарын ачуу маселесин талкуулады. Бул тууралуу аба майдандын басма сөз кызматынан кабарлашты. Тараптар 2025-жылдын 15-февралынан тартып Дели-Бишкек-Дели багыты боюнча жаңы каттам ачууну макулдашты. «Бул туристтердин агымын арттырып, эки өлкөнүн ортосундагы маданий, билим берүү жана экономикалык байланыштарды бекемдейт. Манасбек Самидинов «МЭА» ААК жүргүнчүлөр үчүн ыңгайлуу боло турган каттамдарды уюштурууга колдоо көрсөтүүгө даяр экенин баса белгиледи», — деп жазылат маалымат",https://vesti.kg/kg/politika-kg/item/133027-bishkekten-indiyaga-tuz-aba-kattamy-achylat.html,0
Токмокко жакын жерден VII–VIII кылымдарга таандык чиркөөнүн калдыктары табылды,"БИШКЕК, 6-май — Sputnik.Токмок шаарына жакын жерден VII–VIII кылымдарга таандык будда чиркөөсүнүн калдыктары табылды. Табылга Кыргыз-япон археологиялык экспедициясынын орто кылымдагы Ак-Бешим (Суяб) шаарчасынын аймагын казуу иштеринин жүрүшүндө аныкталган. Изилдөөлөр 2026-жылдын май айынын башынан бери жүргүзүлүүдө. © Фото  /  пресс-служба Минкультуры КРТокмок шаарына жакын жерден VII–VIII кылымдарга таандык будда чиркөөсүнүн калдыктары табылды.1/2© Фото  /  пресс-служба Минкультуры КРТокмок шаарына жакын жерден VII–VIII кылымдарга таандык будда чиркөөсүнүн калдыктары табылды.© Фото  /  пресс-служба Минкультуры КРТокмок шаарына жакын жерден VII–VIII кылымдарга таандык будда чиркөөсүнүн калдыктары табылды.2/2© Фото  /  пресс-служба Минкультуры КРТокмок шаарына жакын жерден VII–VIII кылымдарга таандык будда чиркөөсүнүн калдыктары табылды.1/2© Фото  /  пресс-служба Минкультуры КРТокмок шаарына жакын жерден VII–VIII кылымдарга таандык будда чиркөөсүнүн калдыктары табылды.2/2© Фото  /  пресс-служба Минкультуры КРТокмок шаарына жакын жерден VII–VIII кылымдарга таандык будда чиркөөсүнүн калдыктары табылды. Археологдор күйгөн кыштан курулган тепкичтерди, пандусту жана платформаны табышкан. Адистердин айтымында, мындай архитектуралык элементтер ошол доордогу храмдарга мүнөздүү. Табылга археолог Бернштамдын 1940-жылдардын аягында бул аймакта будда чиркөө-комплекси болгон деген божомолун тастыктады. Келечекте бул жерде ачык асман алдындагы музей ачуу пландалууда. Суяб VI–XI кылымдарда Батыш Түрк каганатынын борбору болгон. Ысык-Көлдө кайрадан мамонттун калдыктары табылды. Сүрөт4 Кулжа 2024, 13:45",https://sputnik.kg/20260506/tokmok-chirkoo-kaldyk-tabyldy-1101153623.html,0
Суваналиевдин тушунда кылмыштуулук болуп көрбөгөндөй өскөнбү? [split],"Ала-Тоо аянтында башталган. Митингдин жүрүшүндө криминалитет Кыргыз Республикасынын президентине Кыргыз Республикасынын премьер-министрин кызматтан кетирүү жана Рыспек Акматбаевдин Жогорку Кеңештин депутаттыгына талапкер катары каттоосун калыбына келтирүү боюнча саясий талаптарын койгон. Президент Бакиев митингчилердин талаптарын аткарган. Ал аянтка чыгып, кримавторитетке депутаттыкка талапкерлигин коюуга уруксат берген. 2006-жылдын январь айында Биринчи май райондук соту Рыспек Акматбаевди шашылыш түрдө актаган. Андан кийин Борбордук шайлоо комиссиясы Акматбаевди Балыкчы аймагы боюнча КР ЖКнын депутаттыгына талапкер катары каттаган. Талапкер шайлоодо жеңип чыккан, бирок 2006-жылы 10-майда депутат болуп кызматка киришкенге чейин өлтүрүлгөн. Жыйынтык:Рыспек Акматбаев Биринчи май райондук соту тарабынан толугу менен акталып чыккандан кийин парламентке өтүү мүмкүнчүлүгүнө ээ болгон. Ал эми БШК Бакиевдин макулдугу менен Акматбаевди талапкер катары каттаган.",https://factcheck.kg/ky/suvanaliev-sposobstvoval-rostu-prestupnosti/,1
Баткенде жубайлардын өлүмү боюнча кылмыш иши козголду,"Баткен облустук ички иштер башкармалыгы Баткен районундагы Чоң-Кара айылында жубайлардын өлүмү тууралуу комментарий берди. Милициянын маалыматында 26-апрелде Баткен райондук ички иштер бөлүмүнө Төрт-Гүл айыл аймагына караштуу Чоң-Кара айылынын 45 жаштагы тургуну (К.А.) 44 жаштагы жубайын (Э.Г.) бычак менен сайып өлтүрүп, кийин өзү асынып каза болгону тууралуу маалымат түшкөн. Алдын ала маалыматка ылайык, 26-апрелге караган түнү үйдө балдар уктап жатканда жолдошу аялын бир нече жолу бычак менен сайып, аял окуя болгон жерде каза болгон. Андан соң К.А. үйүнүн короосундагы өрүк бакка асынып каза тапкан. Окуя болгон жерден далил катары ашкана бычагы жана жип алынган. Бул факты боюнча Кылмыш-жаза кодексинин “Адам өлтүрүү” беренеси менен кылмыш иши козголуп, тиешелүү соттук-медициналык экспертизалар дайындалды. Тергөө жүрүп жатат. Маркумдардын артында беш баласы калганы айтылууда. Башкы прокуратуранынмаалыматына караганда,Кыргызстанда 2025-жылы үй-бүлөлүк зомбулукка байланыштуу 656 кылмыш иши козголгон. Мында 458 аял, 104 бала жана 94 эркек киши жабыркаган. Ошондой эле былтыр Кылмыш-жаза кодексинин “Үй-бүлөлүк зомбулук” беренеси менен 36 кылмыш иши козголгон. Жалпысынан бул багыттагы укук бузууларга байланыштуу 6 миңден ашуун протокол түзүлгөн. (BTo)",https://www.azattyk.org/a/33743226.html,0
Дипфейктер деген эмне жана эмнеси менен алар коркунучтуу? [split],"Мисалы, 2019-жылы кылмышкерлер жасалма интеллектин негизиндеги программаны колдонуп, 220 000 евро накталай акчаныуурдап алышкан. Британдык энергетикалык компаниянын генералдык директору өзүнүн жетекчиси менен сүйлөшүп жатам деген ойдо болуп, венгерлик өнөккө акча которгон. Euler Hermes Group SA камсыздоочу компаниянын билдирүүсу боюнча, чалган адам ылдамдыкты талап кылган өтүнүч деп, каражат бир сааттын ичинде төлөнүшү керектигин айткан. 2021-жылыКытайда эки шылуундипфейктин жардамы менен салык кызматынын адамдын жүзүн аныктоо системасын алдашып, $76,2 млн каражатты чыгарып кетишкен. Аферисттер дипфейк-тиркемелердин жардамы менен адамдардын фотосүрөттөрүн иштетишкен. Андан соң эч ким ажырата албагандай кылып фотодогу жана видеодогу адамдардын жүздөрүн өзгөртүшкөн. Мына ушундай жол менен алар кытай идентификациялоо системасын алдашкан. 2022-жылы шылуундар дипфейкти жумушка орношуу үчүнколдонушкан. Бул тууралуу ФБРдын Интернет-кылмыштарга даттануулар борбору билдирген. Алардын билдирүүсү боюнча, шылуундар маалыматтык технологияларга жана программаларга байланыштуу алыстан иштесе боло турган жумуштарды издешет. Аларды компаниялардын кардарлары тууралуу маалыматтары жана корпоративдик IT-базалары кызыктырат. Шылуундар резюмеде",https://factcheck.kg/ky/chto-takoe-dipfejki-i-pochemu-oni-opasny/,1
Дүйнө чемпионаты: Кыргызстандык спортчу бильярд боюнча коло байге утту,"Кыргызстандык спортчу бильярд боюнча дүйнө чемпионатында коло медаль утту. Бул тууралуу BILL4YOU бильярд спортунун расмий платформасы билдирди. Маалыматка ылайык, чемпионат Өзбекстандын Самарканд шаарында өттү. Акыркы беттештер жекшемби күнү жыйынтыкталды. Турнир «Эркин пирамида» дисциплинасы боюнча өткөрүлдү. Турнирдин чоо-жайы: Катышуучулар: Эркектер арасындагы мелдешке 8 өлкөдөн (Россия, Казакстан, Өзбекстан, Түркмөнстан, Кыргызстан, Тажикстан, Азербайжан жана Беларусь) жалпы 64 спортчу катышты. Кыргызстандын курамасы:Дүйнө чемпионатында өлкө намысын 13 спортчу коргоду. Жыйынтыктар: 33 жаштагы Арсен Калыбек уулу коло байгени багындырып, 3-орунду өзбекстандык спортчу Нурбек Саломов менен бөлүштү. Жыйынтыгында 2026-жылдагы дүйнө чемпионатынын жеңүүчүсү россиялык Иосиф Абрамов болду. Күмүш медаль дагы россиялык тажрыйбалуу оюнчу Никита Володинге тийди.",https://24.kg/kyrgyzcha/372035_duyno_chempionatyi_kyirgyizstandyik_sportchu_bilyard_boyuncha_kolo_bayge_uttu/,0
"“2017-жылы улут, аймак аралык кастыкты козгогон фейктер толуп кеткен. Мен ошондо ачык булактардан маалыматты текшерүү оңой жана бат экенин түшүнүдүм. “Фейсбуктагы” баракчам  аркылуу аларды текшерүүнүн жыйынтыгын жарыялап турчумун. Бирок фейктер азайган жок. Улам жаңы окуя болгон соң, ага байланышкан жалган маалымат пайда боло берди”, — дейт Б.Темиров. [split]","жетишсиз. Мындан тышкары, алар жаңы нерсени үйрөнүүгө умтула беришпейт, өсүп-өнүгүүнү каалаган, билимге умтулган жаштар өтө сейрек, чанда гана кездешет”, — дейт ал. Фактчек жанрынын өнүгүп, редакцияларда жайылышы кыргыз журналистикасында курч иликтөөлөрдүн жасалышына жол ачкан. Акыркы эки жылда көз карандысыз ЖМКлар кландык башкаруу, чиновниктердин декларациялары, коррупциялык схемалар ж.б. мыйзам бузуулар тууралуу элдин кызыгуусун жараткан көптөгөн материалдарды жарыялаган. Бирок ошол эле учурда айрым иликтөөлөр жарык көргөн соң, мамлекеттик сайттагы кээ бир маалыматтар алынып салынган учурлар кездешет: Журналисттердин баамында, ачык булактардагы маалыматтардын жабылып калышы мындан аркы иликтөөлөрдү жасоого тоскоолдук жаратат. Ансыз да мамлекет керектүү маалыматтарды тиешелүү деңгээлде жарыялап турбайт. Economist.kg басылмасынын журналистиЕлизавета Кузнецовачиновниктердин жашырылган мүлктөрү тууралуу 50дөн ашуун иликтөөдаярдаган. Анын айтымында жакшы иликтөө үчүн мамлекеттик жогорку кызматтагылардын жакынкы туугандары, алардын мүлкү тууралуу маалымат ачык болушу керек. Нургүл Абдыкеримова фактчек маданиятын мындан ары да эл арасында жайылтууга багытталган иш-чаралар өткөрүлүп турарын белгилейт. Анын айтымында, интернет технологиялар өсүп-өнүккөн мезгилде маалыматты өз алдынча текшере билүү, сынчыл ой жүгүртүү өзгөчө зарыл. “Фактыларды текшерүү жөндөмү интернет желесиндеги ар кандай манипуляциядан жана жалган маалыматтан коргоп турат”, —дейт ал. Ал эми Болот Темиров фактчекингдин мындан ары өнүгүүсү Кыргызстандагы сөз эркиндигинен түздөн-түз көз каранды экенин белгилейт. “Антсе да 2,5 жыл мурунку фактчек менен учурдагы фактчектин абалын салыштырып болбойт. Медиасабаттуулук жана сынчыл ой-жүгүртүүнүн өсүшү менен фактчекке болгон суроо-талап болуп көрбөгөндөй өстү”, — деп билдирди ал. Булак:“Журналисттер” КБ",https://factcheck.kg/ky/kyrgyz-kyrgyzstandagy-faktchek/,1
Россияда эшик көзчөлөрүнө тыюу салынабы? Текшеребиз,"Мамлекеттик Думага эшик көзчөлөрүнө тыюу салуу боюнча мыйзам долбоору киргизилгендиги тууралуу маалыматTwitterсоциалдык тармагында пайда болду. Анда полициянын ишин жеңилдетүү максатында демилгени “Единая Россия” партиясынын депутаттары көтөрүп чыккандыгы айтылат. Бирок көзчөнү орнотууга макулдук алган жарандар полиция үчүн батирдин сыртынан кароого мүмкүнчүлүк берген экинчи көзчөнү орнотууга милдеттендирериайтылат. Factcheck.kgокурмандын өтүнүчү менен бул маалыматты текшерип көрдү. Белгилей кетсек, жаңылык сатира жазуу менен алектенген“Панорама”сайтынын макалаларына түспөлдөш.",https://factcheck.kg/ky/v-rossii-zapretyat-dvernye-glazki-proveryaem/,1
Аба ырайы: жаан жаайт,"24-апрелде түнкүсүн Чүй, Жалал-Абад, Ысык-Көл, Нарын облустарынын көпчүлүк аймактарында, Талас, Ош, Баткен облустарынын айрым желеринде жаан жаап, күн күркүрөйт, бийик тоолуу райондорунда кар жаайт. Чүй, Жалал-Абад, Ысык-Көл, Нарын облустарынын айрым жерлеринде жаан-чачын катуу жаайт. Күндүз Чүй, Ош, Ысык-Көл, Нарын облустарынын көпчүлүк аймактарында, Жалал-Абад облусунун айрым желеринде жаан жаап, күн күркүрөйт, бийик тоолуу райондорунда кар жаайт.Бийик тоолуу аймактарда жолдор тайгак болот. Батыштан соккон шамалдын ылдамдыгы секундасына 4-9 метрден, күндүз айрым жерлерде 15-20 метрге жетет.Абанын температурасы:Чүй өрөөнүндө түнкүсүн 8…13, күндүз 19…24;Талас өрөөнүндө түнкүсүн 7…12, күндүз 18…23;Баткен, Ош, Жалал-Абад облустарында түнкүсүн 9…14, күндүз 21…26;Ысык-Көл облусунда түнкүсүн 2…7, күндүз 14…19;Нарын облусунда түнкүсүн 5…10, күндүз 13…18.Бишкек шаарында түнкүсүн жана күндүз жаан жаап, күн күркүрөйт. Батыштан соккон шамалдын ылдамдыгы секундасына 4-9 метрге жетет. Абанын температурасы түнкүсүн 10…12°, күндүз 20…22° жылуу болот.",https://www.azattyk.org/a/33740673.html,0
"Самарада дрон чабуулунан кабат үйдүн кире бериши урап, 11 киши жараат алды","Орусиянын Самара облусундагы Сызран шаарында дрон чабуулунан кийин турак үйдүн кире бериши, подъезди урап түштү.""Украин армиясынын дрон чабуулунун жыйынтыгында Сызранда көп кабаттуу үйдүн подъезди урады. Жеринде куткаруучулар иштеп жатат. Урандынын астынан төрт киши куткарылды, алардын бирөө бала"", - деди губернатор Вячеслав Федорищев.Өзгөчө кырдаалдар министрлигинин баштапкы маалыматына караганда, жалпысынан 11 киши жараат алды, алардын экөө балдар.Самара аэропортунда убактылуу чектөө киргизилди. Орусиянын Коргоо министрлиги өткөн түнү 12 аймакта жана Кара деңиз акваториясынан 155 украин дрону атып түшүрүлгөнүн билдирди.Украина соңку чабуул тууралуу комментарий бере элек.Мунун алдында украин маалымат каражаттары Самара облусунда ""Самара"" мунай станциясына сокку урулганын жазышкан.Exilenova+ мониторинг каналы Сызранда дагы бир турак үй соккуга кабылганын билдирди.Курск облусунда учкучсуз учак көп кабаттуу үйгө түшүп, 36 киши эвакуация болгонун губернатор Александр Хинштейн кабарлады.",https://www.azattyk.org/a/33737773.html,0
Эдил Байсалов Кыргызстандын АКШдагы элчиси болуп дайындалды,"Президент Садыр Жапаров кол койгон жарлыкка ылайык, Эдил Байсалов мурда ээлеген кызмат ордунан бошотулуп, Кыргызстандын АКШдагы элчиси болуп дайындалды. Бул тууралуу маалымат президенттин сайтына 9-апрелде жарыяланды. Эдил Байсалов Министрлер кабинетинин төрагасынын орун басары кызматынан кетип жатканын өзү бүгүн 9-апрелде Салижан Жигитовдун 90 жылдыгына арналган симпозиумда сүйлөп жатып билдирген. Буга чейин Байсалов Кыргызстандын АКШдагы элчилик кызматына дайындалары тууралуу маалымат тараган. 48 жаштагы Эдил Байсалов соңку 25 жылдан бери активдүү саясатчылардын бири. Ал саясатка укук коргоочу катары келип, соңку жылдары Кыргызстандын Улуу Британиядагы элчиси болгон, 2021-жылдан бери вице-премьерлик кызматты ээлеп келди. Вице-премьерлик кызматта турганда Байсалов өкмөттүн позициясын активдүү коргоп келди. Анын дарегине парламенттин айрым депутаттары, жарандык коомдун өкүлдөрү сын айткан учурлар болду. (ZKo)",https://www.azattyk.org/a/33728512.html,0
"Аба ырайы: Ысык-Көл, Нарын облустарында жаан жаайт","14-апрелге чейинки күтүлүп жаткан жаан-чачынга жана күндүн ысышына байланыштуу Кыргызстандын тоолуу райондорунда, тоолуу жолдорунда жана ашууларда кар көчкү түшүү коркунучу сакталат. Кар күрткүсү күтүлөт, жолдор тайгак болуп муз тоңот. Унаалардын ортосунда 500 метр аралык кыймыл чектелиши зарыл. 13-апрелде түнкүсүн жаан-чачын жаабайт. Күндүз Ысык-Көл, Нарын облустарынын айрым жерлеринде өткүн өтүп, күн күркүрөйт, бийик тоолуу райондордо кар жаайт. Бийик тоолуу райондордо жолдор тайгак болот. Батыштан соккон шамалдын ылдамдыгы секундасына 4-9 метрге жетет. Абанын температурасы: Чүй өрөөнүндөтүнкүсүн 5…10, күндүз 21…26; Талас өрөөнүндөтүнкүсүн 4…9, күндүз 19…24; Баткен, Ош, Жалал-Абад облустарындатүнкүсүн 7…12, күндүз 22…27; Ысык-Көл облусундатүнкүсүн 1…6, күндүз 11…16; Нарын облусундатүнкүсүн -1…+4, күндүз 14…19. Бишкек шаарындажаан-чачын жаабайт. Батыштан соккон шамалдын ылдамдыгы секундасына 4-9 метрге жетет. Абанын температурасы түнкүсүн 8…10°, күндүз 24…26° жылуу болот.",https://www.azattyk.org/a/33730423.html,0
Фоточек: Алп жылкылардын уникалдуу сүрөттөрүбү же фотомонтажбы? [split],"тартышыкөп учурайтжана бул айрым изилдөөлөрдүн жана дискуссиялардын, ошондой элетамашалардынтемасына айланган. The Jasper Whispererжасалма интеллектин иштеп чыккандардын бириmedium’дагы блогдо адамдын мүчөлөрүн тартууда эмне үчүн ушуга окшош маселелер жараларын айтып берген. Буга бир нече факторлор таасир этет. Анын негизгиси – адамдын колу денесинин татаал бөлүгу болуп саналат, аны тартууда ал эмес сүрөтчүлөр көп кыйналышат. Бул сүрөттөрдү жасалма интеллект жаратканына дагы бир далил катары Mervyn Chapman деген колдонуучу 8-апрелде Midjourney Official тобундажарыялагансүрөттөрдү келтирсек болот. Алп куштар, адамдан да чоң үй жаныбарлары, үлүл-адам – жасалма интеллект жараткан сүрөттөр. Алардын арасынан биз текшерген сүрөттөрдүн бирин көрсөк болот. Тыянак: фотофейк.Алп жылкылардын сүрөттөрүн жасалма интеллектин жардамы менен жаратышкан жана алардан толтура каталарды тапса болот.",https://factcheck.kg/ky/fotochek-unikalnye-fotografii-gigantskih-loshadej-ili-fotomontazh/,1
"Ашуулардагы абал айтылды: Жол ачык, каттам бар","Бүгүн, 22-январь саат 09:50гө карата өлкөнүн ашууларында жол ачык, каттам бар. Бул тууралуу Транспорт жана коммуникациялар министрлигинен билдирди. Маалыматка ылайык, жети дубандагы Жол тейлөө ишканалары өздөрүнө бөлүнгөн аймактарды толук көзөмөлдөп, атайын кезметке туруу менен күнү-түнү тазалоо, кум-туз аралашмасын себүү жумуштарын аткарып жатышат. Министрлик кандай кырдаал жаралбасын каршы тилкеге чыкпай, жол эрежесин так сактоого жана унаа дөңгөлөктөрүн кышкыга алмаштырып, керектүү шаймандарды ала жүрүүгө чакырат.",https://24.kg/kyrgyzcha/358839_ashuulardagyi_abal_aytyildyi_jol_achyik_kattam_bar/,0
Ормуз кысыгындагы абал курч бойдон экени кабарланды,"Ормуз кысыгындагы абал курч бойдон калууда. Бул тууралуу Британиянын деңиз соодасы боюнча операцияларын координациялоо борбору (United Kingdom Maritime Trade Operations) билдирди. Анын маалыматына ылайык, аймакта аскердик активдүүлүк күчөп, деңизде аскер кемелеринин саны көбөйдү. Ошондой эле кемелерди коопсуздук күчтөрү радиобайланыш аркылуу текшериши мүмкүн. АКШ негизги деңиз жолдорунун түштүгүндө кошумча коопсуздук аймагын түзгөнү айтылды. Кемелерге Омандын суулары аркылуу өтүүнү карап, тиешелүү органдар менен байланышта болуу сунушталууда. 4-майдагы билдирүүгө ылайык, аймакта мина коюлган болушу мүмкүн деген маалыматтар бар болгондуктан кеме каттамдары «өтө кооптуу» деп бааланууда. Буга чейин UKMTO Бириккен Араб Эмирликтеринин Фужейра шаарынын түндүгүндө мунай ташуучу танкер белгисиз снаряддар менен аткыланганын кабарлаган. Маалыматка ылайык, экипаж жабыркаган эмес жана айлана-чөйрөгө зыян келтирилген жок. Кийинчерээк Бириккен Араб Эмирликтери бул окуяны кескин айыптап, мамлекеттик мунай компаниясына тиешелүү танкерге Ормуз кысыгы аркылуу өтүп бара жатканда кол салуу болгонун билдирди.",https://www.azattyk.org/a/33749637.html,0
Ашуулардагы абал: Өтмөк жана Төө-Ашууда кар жаап жатат,"Өлкөнүн негизги жолдорундагы ашууларда кар жаап, күн бүркөк болууда. Бул тууралуу «Кыргызавтожол» мамлекеттик ишканасы бүгүн, саат 08:30га карата берген маалыматында билдирди. Ишкананын билдирүүсүнө ылайык, учурдагы кырдаал төмөнкүдөй: Учурда жол тейлөө ишканаларынын кызматкерлери коопсуздукту камсыз кылуу үчүн күнү-түнү иштеп жатышат. «Кыргызавтожол» ишканасы жол кырдаалы толук көзөмөлдө экенин кошумчалады.",https://24.kg/kyrgyzcha/362095_ashuulardagyi_abal_otmok_jana_too-ashuuda_kar_jaap_jatat/,0
Былтыр 84 мамлекеттик кызматкер тартиптик жоопкерчиликке тартылган,"Өткөн жылы 84 мамлекеттик кызматкер тартиптик жазага тартылган. Бул тууралуу Башкы прокурордун орун басары Залкарбек Акназаров Жогорку Кеңештин жыйынында «Кызыкчылыктардын кагылышуусу жөнүндө» мыйзам долбоорунун экинчи окуусунда билдирди. Анын айтымында, 2025-жылы Башкы прокуратура кызыкчылыктардын кагылышуусу жөнүндө мыйзамдын сакталышын 70тен ашык текшерүү жүргүзүп, 172 мыйзам бузууну аныктаган. «Бир кызмат адамына ченемдик талаптарды (Жаза кодексинин беренеси) аткарбагандыгы үчүн айып пул салынып, 84 аткаминер тартиптик жазага тартылган. Жоопкерчиликке тартылгандар негизинен мамлекеттик жана жергиликтүү өз алдынча башкаруу органдарынын кызматкерлери, ошондой эле жеке кызыкчылыгы үчүн декларация тапшырбаган же муниципалдык жана мамлекеттик мүлктү жеке максаттарда колдонгон адамдар болгон», — деп кошумчалады Залкарбек Акназаров.",https://24.kg/kyrgyzcha/365645_byiltyir_84mamlekettik_kyizmatker_tartiptik_joopkerchilikke_tartyilgan/,0
Талкаланды делген тажик айылы чынында кыргыз жериби? Текшеребиз [split],"«Талкаланган Хистеварз» деп мүнөздөлгөн дагы бир сүрөттөгү имарат да Кыргызстандын аймагынан табылды. Жыйынтык: жалган. «Талкаланган Хистеварз» фотобаянында кыргыз жери тартылып, окурмандарга тажикстандык шаар катары таңууланган. Автор кыргыз айылдарын атабаганы аз келгенсип, «кыргыз жери», «Кыргызстандын аймагы» деген сөздөрдү да колдонбоону туура көргөн. Анын ордуна  «талаштуу жердин тегерегиндеги кыргыздар көзөмөлдөгөн аймак» деп маалыматты бурмалаган. Мындан тышкары, материалда Баткен облусу да Тажикстанга таандык деп атайлап, же байкабай жазылган. Жыйынтык: манипуляция.Автор Кыргызстанга таандык жерлердин атын атабай, “конфликт”, “талаштуу аймак”, “кыргыздар көзөмөлдөгөн жер” деп белгилеп, маалыматтын бурмаланышына жол берген.",https://factcheck.kg/ky/https-factcheck-kg-ky-razrushennyj-histevarz-ili-kyrgyzskie-sela-proveryaem/,1
Кытай мандариндери өлүмгө алып келеби?,"эми Заринскте мандариндин айынан бүгүн 2 бала чарчады. Болду, башка мандарин жебеш керек”, – деп айтылат билдирүүдө. «Тааныштарыбызда баласы кичинекей, болгону 2 жашта, бир мандариндин эки бөлүгүн эле жеген, кийинки суткада грипптин оор формасы менен ооруп калды», – дейт дагы бир билдирүүдө. Фактчек аспаптарын колдонуу менен биз курттаган жемиштер тууралуу видео алгачкы жолу 2016-жылдын ноябрь айында жайыла баштаганын аныктадык. Бул видеодо кайсы шаарда тартылганы жана чын эле мандариндер Кытайдыкыбы, ал боюнча маалымат айтылган эмес. Грипп оорусун жугузуучу мандариндер тууралуу фейк бир нече жылдан бери таратылып келет.",https://factcheck.kg/ky/fejk-pro-kitajskie-mandariny-ubijczy/,1
Кыргызстанда балык уулоого убактылуу тыюу салынды,"Өлкө аймагындагы көлдөрдө, көлмөлөрдө жана дарыяларда балыктын урук чачуу мезгилинде спорттук жана ышкыбоздук балык уулоого убактылуу тыюу салынды. Бул тууралуу Суу ресурстары, айыл чарба жана кайра иштетүү өнөр жайы министрлигинин басма сөз кызматы 7-апрелде кабарлады. Маалыматка караганда, Ысык-Көл чабак балыгына 15-майга чейин тыюу салынып, балык уулоого электрондук билет берүү убактылуу токтотулду.- Ысык-Көл майда балыгына 1-майдан 1-июлга чейин,- Каңылтыр балыгына 15-майдан 15-июлга чейин тыюу салынды.Республиканын көлдөрүндө, суу сактагычтарында, көлмөлөрүндө жана дарыя-сууларындагы каңылтыр, жаян, кадимки кой балык, ак амур, акмурун макоо балыгы, кадимки чортон, жылан баш, кадимки көк серке балыктарына 5-майдан 20-июнга чейин балык уулоого болбойт. Ал эми күмүштөй таман балык, кадимки алабуга, кызыл канат, арал чабагы, тыран, кубулма, кадимки чабак, ит мурун, дарыя маринка балыгын уулоого 5-июнга чейин тыюу салынды.Ал эми дарыяларда лимиттелүүчү балыктын баалуу түрлөрүн дээрлик жыл аягына чейин уулоо болбойт. Буларга дарыя осман балыгы, амударыя жилингири (форель), Ысык-Көл жилингири (форель) балыгы кирет. Документте тыюу 1-октябрдан 15-декабрга чейин деп белгиленген.“Ысык-Көл” биосфералык аймагы - Кыргызстанда мыйзам менен өзгөчө корголгон улуттук маанидеги табигый аймак. 2001-жылы ЮНЕСКОнун “Адам жана биосфера” программасынын алкагында Бүткүл дүйнөлүк биосфералык резерваттар тутумуна киргизилген. (КЕ)",https://www.azattyk.org/a/33726532.html,0
"Кантип шылуундар дипфейктерди колдонуп, акчаны уурдашууда? Factcheck","2022-жылдын экинчи кварталында гана Орусияда шылуундар кардарларга билгизбей 211 миңден ашык акча которуу жүргүзүп, банктык эсептерден 2.8 млрд рубль уурдашкан. Шылуундар көп учурда телефондук чалууларды колдонушат, ал эми интернет-кызматтарды – сейрегирээк, депайтылатЦентробанктын отчетунда. Дипфейкти колдонуу менен шылуундук кылуу аракети Орусияда 2021-жылы катталган. Шылуундар Олег Тиньковдун образын колдонуп дипфейк-жарнамажасашкан. Анда “дипфейк” миллиардер шилтеме аркылуу өтүп катталып, инвестиция кылууга жана бонус алууга чакырат. Factcheck.kg редакциясы, дипфейктерди колдонгон шылуундардын тузагына илинип калуунун ыктымалдуулугу кандай экенин текшерип көрдү. Sensityуюмунун докладу боюнча, банктар көп колдонгон адамды жүзүнөн аныктоо технологиясын дипфейктердин жардамы менен алдаса болот. Sensity’нин изилдөөчүлөрү liveness тестинен өтүш үчүн ID-картанын негизинде дипфейкти жасашкан. Жыйынтыгында 10 аракеттин 9унда алар системаны алдай алышкан. Изилдөөчүлөрдүн айтымында, дипфейк технологиялар, биринчи кезекте, банктар үчүн коркунуч жаратат, анткени алар бири-бири менен атаандашып онлайн насыя берүүнү сунуштай башташты. Ушуга окшош окуя 2021-жылы Кытайда катталган болчу.Эки шылуундипфейк жасап, салык кызматынын",https://factcheck.kg/ky/kak-moshenniki-ispolzuyut-dipfejki-i-pohishhayut-dengi-factcheck/,1
Мурда Самаковго тиешелүү 10 гектар жер трансформация болду,"Бишкектин четиндеги Байтик айылында айыл чарба багытындагы 10 гектар жер курулуш курууга ылайыкташтырылып, трансформацияланды. Тийиштүү токтомго Министрлер кабинетинин төрагасы 31-мартта кол койгон.Бир катар маалымат каражаттары сөз Жогорку Кеңештин мурдагы депутаты Карганбек Самаковго таандык эки жер тилкеси тууралуу болуп жатканын жазышты.Маалыматты Карганбек Самаковдун уулу, учурда Жогорку Кеңештин депутаты Кубанычбек Самаков ""Азаттыкка"" ырастады. Анын маалыматына караганда, атасына мурда тиешелүү болгон 10 гектар жердин 4,37 гектары №202 контурда, ал эми 5,63 гектары №411 контурда жайгашкан.""Бул жер тилкелерин атам (Карганбек Самаков -ред.) 2022-жылы президент Садыр Жапаров менен сүйлөшүүдөн кийин, Мамлекеттик ипотекалык компаниясына өткөрүп берген"", - деди Кубанычбек Самаков.Министрлер кабинетинин токтомуна ылайык, бул тилкелер көп кабаттуу үй куруу максатында трансформацияланган. Анда Аламүдүн райондук администрациясына жердин трансформацияланышын документтештирүү, жер тилкелери максатына ылайык иштетилишин камсыздоо жана курулуш талаптарына-жоболоруна ылайыктап шаар куруу документтерин иштеп чыгуу тапшырмасы берилди.Райондук бийлик ошондой эле жаан жана мөңгү сууларынын коопсуз агып кетишин, сейсмикалык чараларды, экологиялык жана санитардык талаптардын сакталышын жана тарыхый-маданий мурастарды коргоо чараларын камсыз кылышы керек. Казуу жана курулуш иштерин жүргүзүү учурунда археологиялык көзөмөл жүргүзүү үчүн археолог тартууга милдеттендирилди.Мындан тышкары, токтомдо айыл чарба өндүрүшүндө алынуучу кирешенин ордун толтуруу, жерди пайдаланбаган же туура эмес пайдаланган учурда баштапкы абалына келтирүү тапшырмасы берилген каралган.Жогорку Кеңештин мурдагы депутаты Карганбек Самаковго жана башка бир нече адамга 2015-жылы Чүй облусунун Байтик, Лебединовка жана Кара-Жыгач айыл аймактарындагы жер тилкелерин мыйзамсыз трансформациялоо боюнча кылмыш иши козголгон. 2017-жылы Бишкек шаарынын Октябрь райондук соту Карганбек Самаковду 10 жылга эркинен ажыратууга өкүм чыгарып, 2018-жылы Бишкек шаардык соту өкүмдү күчүндө калтырган.Жогорку сот 2021-жылдын декабрь айында мурдагы өкүмдөрдү жокко чыгарып, ишти кайра кароого жиберген. 2022-жылы 13-январда Бишкек шаардык соту Карганбек Самаковдуактап, мүлктөрүн камактан чыгарган. Ошол эле жылы март айында экс-депутат Биримдик-Кут жаңы конушундагы 1,79 гектар жер тилкесинөз каалоосу менен Лебединовка айыл өкмөтүнөөткөрүп берген.(ZKo)",https://www.azattyk.org/a/33727368.html,0
Дүйнөнү Ротшильд аттуу жаран башкарат деген маалымат — фейк [split],"булактары жок. Ротшильддин ысымын дүйнөлүк конспирологиялык теория менен дайыма байланыштырып келишет. Бирок аны тастыктоочу бир да далил келтирилбейт.Ниалл Фергюсонаттуу белгилүү тарыхчы жана журналист мындай деп жазган: «Согуштардын кесепетинен улам облигациялардын баасы төмөндөп калганын тарых көрсөттү. Жыйынтыгында карыз болгон өлкө территориясын жоготсо же жаңы территорияга ээ болсо, өзүнүн карызынан кутула албай калат. XIX кылымдын ортосунда Ротшильддердин династиясы капиталды башкаруудагы соодадан кетип, мамлекеттик облигацияларга көз салган. Азыр бул тармакта акча жазаган күндө да, конфликт чыгып кетсе, династия капиталын көбөйтпөй, тескеринче, чыгаша болот…» Жыйынтык: фейк.Ротшильд дүйнөнү башкарат деген маалымат кезектеги конспирологиялык теория болуп саналат.",https://factcheck.kg/ky/rotshild-hozyain-mira-nepravda/,1
"""Манас"" университетин кесип өтчү жолду салуу бир ай ичинде башталат","Бишкектеги Кыргыз-Түрк “Манас” университетинин кампусун кесип өтүп, Болот Миңжылкиев көчөсүн Чыңгыз Айтматов проспектисине туташтыра турган автожолду салуу бир айдын ичинде башталат. Бул тууралуу Бишкек шаарынын мэриясынын Транспорт жана жол-транспорттук инфратүзүмдү өнүктүрүү департаментинин директорунун орун басары Абдыжапаркул Жанболотов 14-апрелде “Кабарга” берген интервьюсунда айтты. “Азыр бюджетибиз каралып, титулдук тизмени бекитип жатабыз. Шаарда жасала турган жолдордун тизмеси толук бекитилгенден кийин жолду сала турган компанияларды тандайбыз”, - деди ал. Анын сөзүнө караганда, студенттер менен мугалимдердин коопсуздугу үчүн жер астында өтмөк курулуп, зарыл болгон жерлерге жол чырак коюлуп, өтмөктөр салынат. Азырынча жолду салууга канча каражат кетери эсептеле элек. Абдыжапаркул Жанболотов университеттин кампусун кесип өткөн автоунаа жолун салуу Бишкектин 2025-жылга чейинки башкы планында эле болгонун айтты. Бишкек шаарынын мэри Айбек Жунушалиевдин маалыматында Жал кичи районунда 38 миңден ашык адам жашайт. Ал 2022-жылы эле бул райондо 17 миң киши жашаганын, тургундар көбөйгөндүктөн жаңы жолдорду салуу муктаждыгы келип чыкканын билдирди. Мэр бул жол менен борбордогу тыгын маселеси чечилип кетпестигин, бирок аны азайтууга жардам берерин кошумчалаган. Мэрия андан тышкары Анарбек Бакаев көчөсүн Түштүк магистралга кошууну пландап жатат. Буга каршы болгон Кыргыз-Түрк “Манас” университетинин стунденттери, шаардын айрым тургундары кол топтоодо. (BTo)",https://www.azattyk.org/a/33731834.html,0
Кыргызстанда адискөй троллдордун фабрикасы,"киргизе алышат. Буга ылайык, мындай маалыматка ишеним жокко эсе.Самат Муктаров аккаунтун жамынган адам Фейсбукта макалаларды 16 -марттан баштап иш күндөрү гана жайгаштырып келет жана ал материалдарды кыргыз тилдүү топтордо(орто эсеп менен 6-7 топто)гана жайылтат. Ал эми сырткы сайттардан (не telegra.ph), maalymat.kg, president.kg сайттарынын макалалары таратылат. Майрам жана эс алуу күндөрү Самат Муктаров айлык алып иштеген адамдарга окшоп эс алат, башкача айтканда бул күндөрү анын хроникасында эч кандай материал жарыяланбайт.макала саныбөлүшүүлөр саны16 март3417 март317эс алуу күндөрү19 март1220 март614Нооруз22 март2423 март315Өз кезегинде Самат Муктаров жарыялаган маалыматтарды Фейсбукта байма-бай түрдө Акылай Турдуева, Айгуль Ишенбек кызы Сатыкеева, Азат Сыдыков, Эдил Азимов аттуу аккаунттар өздөрүнүн жана башка баракчаларда бөлүшүшөт.Бул троллдор командасы жалгыз эмес. Фейсбукта алардын оппонентери көп, алар: Турсун Абакиров, Сергей Вольф, “Антиклан” баракчасы, Любовь Губина аттуу колдонуучулар . Бул аккаунттар тескерисинче Алмазбек Атамбаевди мактап, Сооронбай Жээнбековду каралаган материалдарды жайылтышат.Continue ReadingPreviousАзиз Суракматов жана кызыкчылыктар конфликтиNextПремьер-министр жумуш орундары тууралуу цифра менен манипуляция жасады Колдонуучулар көбүнчө баштапкы булагына көңүл бурушпайт. Адатта булакка шилтеме көрсөтүлүп турган маалыматка ишеним бар. Бирок биздин учурда эмес. Үч макала теңtelegra.phресурсунда жайгаштырылган. Бул сайтта каалагандардын бардыгы анонимдүү түрдө макала киргизе алышат. Буга ылайык, мындай маалыматка ишеним жокко эсе.",https://factcheck.kg/ky/professionalnaya-fabrika-trollej-v-kyrgyzstane/,1
"Айрым өлкөлөр коронавуристу сасык тумоо деп атап, эмдөө, тест жана карантинден баш тарттыбы? [split]","Бразилиягакиргендер үчүн 14 күндүккарантин каралган. Улуу Британияда11-февралдантарта өлкөгө киргендер карантинге алынбаганы менен тест оң жыйынтык берсе же илдеттин симптомдору байкалса, жеке изоляциякаралган. Испаниядабүгүнкү күнгө чейин изоляция менен карантинэрежелери иштейт. Мексикагакирүүдө чектөө жок болгону менен тест оң жыйынтык берсе же илдеттин симпомдору бар болсо, милдетүү түрдө 14 күндүк жеке изоляциякаралган. Сальвадордодагы өлкөгөкирүүдө чектөөлөр жок.Бирок өлкө президентинин буйругу менен каалаган убакта каалаган административдик-аймактык бирдик боюнча карантиндик чараларкөрүлүшү мүмкүн. 2021-жылдын 11-октябрынан тартаСингапургакирүүдө Саламаттык сактоо министрлигинин жөнөкөйлөштүрүлгөн протоколдору, аларда катуу карантиндик чаралардын ордуна “жеке жоопкерчилик жана өзүн-өзү башкаруу”каралган. Түркиягакирүүдө да белгилүү бирэрежелер",https://factcheck.kg/ky/desyat-stran-otkazalis-ot-karantina-vakczinaczii-i-testov-obyaviv-koronavirus-grippom-proveryaem/,1
Бизди кантип алдашат: жалган маалыматтардын түрлөрү жана алар менен күрөшүүнүн жолдору [split],"Фактылар менен ойноп, көз жазгыруу (манипуляция)– окуяларды кайсы бир көздөгөн максатка ылайыктап, тууралап көрсөтүү үчүн фактыларды бурмалап же тандап көрсөтүү. Ал цитатаны бурмалоо, толук эмес маалыматты колдонуу же фактылардын мааниси өзгөргөндөй өңүттөн көрсөтүү түрүндө болушу мүмкүн. Саясий пропаганда– коомдук талкууларга катышуу жана коомдук пикирге таасир этүү максатында кайсы бир көз караштагы маалыматтарды системдүү түрдө таркатуу. Троллинг жана боттор. Троллинг– жаңжалды жаратуу максатында адамды өзүнөн чыгарган чагымчыл же аны кемсинткен пикирлерди жана билдирүүлөрдү таркатуу.Боттор– бул жалган маалыматтарды таркатуу жана керектүү пикирлерди жаратуу максатында колдонулган эркин аккаунттар. Компьютердик чабуулдар жана хакерлик– компьютердик тутумдарды, коомдук тармактарды же веб-сайттарды талкалоо жолу менен жалган маалыматтар жаратылышы мүмкүн. Хакерлер жалган маалыматтарды тарката алышат, маалыматтарды өзгөртө алышат же өчүрө алышат же билдирүүлөр менен адаштыруу үчүн жалган аккаунттарды түзө алышат. Тарыхты бурмалоо– бул",https://factcheck.kg/ky/kak-nami-manipuliruyut-vidy-dezinformaczii-i-sposoby-borby-s-nej/,1
Президент Коопсуздук кеңешинин мүчөлөрү менен Жакынкы Чыгыш кырдаалын талкуулады,"Президент Садыр Жапаров бүгүн, 19-мартта Коопсуздук кеңешинин мүчөлөрү менен жумушчу кеңешме өткөрдү. Жыйында Жакынкы Чыгышта болуп жаткан окуялардын алкагында Кыргызстандын улуттук коопсуздугун, анын ичинде азык-түлүк жана энергетика тармактарындагы коопсуздукту камсыз кылуу маселелери талкууланды. Мындан тышкары Коопсуздук кеңешинин мүчөлөрү Кыргызстандын стратегиялык объекттеринин тизмеси боюнча сунуштарды беришти. Кеңешменин жыйынтыгында мамлекеттик органдардын жетекчилерине, президенттин облустардагы ыйгарым укуктуу өкүлдөрүнө, Бишкек жана Ош шаарларынын мэрлерине тиешелүү тапшырмалар берилди.",https://24.kg/kyrgyzcha/366758_prezident_koopsuzduk_keneshinin_mucholoru_menen_jakyinkyi_chyigyish_kyirdaalyin_talkuuladyi/,0
Жапаров Баш мыйзамдын ар бир беренесин урматтоо маанилүү экенин белгиледи,"Президент Садыр Жапаров 5-май – Конституция күнүнө карата кыргызстандыктарды куттуктап, Баш мыйзам улуттук идеологиянын булагы жана улуттук иденттүүлүктүн негизги өзгөчөлүктөрүн айкындаган документ экени белгиледи. «Көп этностуу өлкөбүздө Конституция ар бир жаран өзүнүн корголушуна ишенген, биримдик менен туруктуулукту бекемдеген идеялык өзөк болуп саналат. Мына ошондуктан анын ар бир беренесин урматтоо баарыбыз үчүн маанилүү принцип болушу абзел», - деди Жапаров. Президент «Конституция өлкөнүн укуктук системасынын туу чокусу жана өнүгүүнүн пайдубалы болуп калганын» белгиледи. СССР урагандан кийин эгемен Кыргызстандын Конституциясын 1993-жылы 5-майда легендарлуу парламент кабыл алган. Бул аралыкта Конституция бир канча жолу өзгөртүлүп, соңку референдум 2021-жылдын 11-апрелинде болгон. Ага шайлоочулардын 36,66% катышып, алардын 79% ашыгы Баш мыйзамдын жаңы долбоорун колдогон. Ошентип Кыргызстанда президенттик башкаруу системасы киргизилген. Ага чейин парламенттик-президенттик башкаруу болгон. (КЕ)",https://www.azattyk.org/a/33750081.html,0
8-апрелдин аба ырайы: Айрым аймактарда жаан жаайт,"8-апрелде күтүлүп жаткан жаан-чачынга жана күндүн ысышына байланыштуу Кыргызстандын тоолуу райондорунда, тоолуу жолдордо жана ашууларда кар көчкү түшүү коркунучу сакталууда. Кар күрткүсү күтүлөт, жолдор тайгак болуп муз тоңот. Унаалардын ортосунда 500 метр аралык кыймыл чектелиши зарыл.Ошондой эле 10-апрелге чейин күтүлүп жаткан нөшөрлүү жаан-чачынга байланыштуу өлкөнүн тоолуу жана тоо этектериндеги райондорунда сел жүрүү коркунучу бар, дарыяларда суунун деңгээли көтөрүлөт.8-апрелде түнкүсүн Ош, Жалал-Абад, Баткен облустарынын көпчүлүк аймактарында, Чүй, Талас облустарынын айрым жерлеринде жаан жаап, күн күркүрөйт, тоолуу райондорунда кар жаайт. Ош, Жалал-Абад облустарынын айрым жерлеринде жаан-чачын катуу жаайт. Күндүз Чүй, Талас, Ош, Жалал-Абад, Баткен облустарынын көпчүлүк аймактарында, Нарын облусунун айрым жерлеринде жаан жаап, күн күркүрөйт, тоолуу райондорунда кар жаайт. Чүй, Жалал-Абад облустарынын айрым жерлеринде жаан-чачын катуу жаайт.Тоолуу райондордо жолдор тайгак болот. Батыш тараптан соккон шамалдын ылдамдыгы секундасына 4-9 метрден, күндүз айрым жерлеринде 15-20 метрге жетет.Абанын температурасы:Чүй өрөөнүндө түнкүсүн 9…14, күндүз 12…17Талас өрөөнүндө түнкүсүн 4…9, күндүз 10…15Баткен, Ош, Жалал-Абад облустарында түнкүсүн 8…13, күндүз 14…19Ысык-Көл облусунда түнкүсүн 4…9, күндүз 16…21Нарын облусунда түнкүсүн 1…6, күндүз 16…21Бишкекте түнкүсүн жана күндүз жаан жаап, күн күркүрөйт. Батыш тараптан соккон шамалдын ылдамдыгы секундасына 4-9 метрге жетет. Абанын 11…13°, күндүз 15…17° болот.",https://www.azattyk.org/a/33726584.html,0
Казакстанда мобилдик акча которууларды текшерүү башталды,"Казакстанда 15-апрелден тарта салык органдары жарандардын мобилдик акча которууларын текшере баштайт. Расмий маалыматка караганда, бул механизм катталбаган ишкердикти аныктоого багытталган. Казакстандын Каржы министрлиги жана Мамлекеттик кирешелер комитети билдиргендей, банктар 15-апрелге чейин 2026-жылдын январь–март айларындагы шектүү операциялар тууралуу маалыматтарды жөнөткөн. Текшерүүчүлөр  үч ай катары менен ай сайын 100 же андан көп ар башка булактан акча түшүп, бул көрүнүш үзгүлтүксүз кайталанып жана жалпы сумма 12 минималдык айлык акыдан (1 млн 20 миң теңгеден) ашкан учурларга көңүл бурушат. Андан кийин тизмеге илинген жарандарга май айынан баштап e-Salyq Azamat, салык төлөөчүнүн жеке кабинети же SMS аркылуу билдирүү келет. Бул дароо айып пул салынат дегенди билдирбейт. Жаранга каражаттын кайдан келгенин жана максатын түшүндүрүүгө 30 иш күнү берилет. Расмий түшүндүрмөдө күнүмдүк турмуштагы акча которуулар, туугандар ортосунда жардам берүү, той-топурга акча чогултуу, туулган күнгө белек, кайрымдуулук сыяктуу акча которуулар ишкердик киреше катары эсептелбей турганы айтылган. Эгер муну тастыктаган далилдер (чат скриншоту, билдирүүлөр, медициналык справкалар же карыз кайтаруу жазуулары) көрсөтүлсө, бул жетиштүү негиз болуп эсептелет. Мыйзам талаптарын аткарбагандарга ар кандай деңгээлдеги айып пул салынат. Серепчилердин айтымында, мындай текшерүүлөр өзгөчө чакан соода-сатык менен алектенгендерге, үйдөн кызмат көрсөткөндөргө жана фрилансерлерге таасир этерин белгилешет. Бийлик бул чара көмүскө акча жүгүртүүнү азайтуу, чакан бизнести мыйзамдаштыруу жана накталай эмес төлөмдөрдүн ачыктыгын күчөтүү максатын көздөй турганын билдирет. Ошондой эле салык органдары туруктуу киреше белгилери бар эсептерге гана көңүл бурарын, ал эми жөнөкөй жарандардын жеке максаттагы которуулары текшерилбей турганын буга чейин бир нече жолу белгилешкен.",https://www.azattyk.org/a/33732719.html,0
Бүгүнкү доллардын курсу,"Бүгүн, 12-февраль саат 09:30га карата Кыргызстандын коммерциялык банктарда жана акча алмаштыруучу жайларда 1 долларды сатып алуу 87 сом 36 тыйынга чейин болсо, сатуу 87 сом 79 тыйын болууда. Ал эми Улуттук банкта 1 доллардын курсу 87 сом 45 тыйын деп көрсөтүлгөн",https://24.kg/kyrgyzcha/361660_bugunku_dollardyin_kursu/,0
Бейөкмөт уюмдар жөнүндө жаңы мыйзам долбоору Орусия Федерациясынын мыйзамынын көчүрмөсү болуп чыкты [split],"Ошентип, 3-берене мааниси боюнча толугу менен орусиялык документти кайталайт. Текстти толугу менен талдап чыгып биз графикти түздүк, анда мыйзам долбоорундагы ар бир берене орусиялык документке канчалык окшош экендиги бааланат: Мыйзам долбооруна негиздемеде коммерциялык эмес бейөкмөт уюмдарды ачууга жана анын ишмердүүлүгүнө саясий-укуктук талаптар жогорулап жатканы айтылат. “Учурда жарандардын биригүү укугун ишке ашыруусуна байланыштуу келип чыккан коомдук мамилелерди жөнгө салуучу, коммерциялык эмес бейөкмөттүк уюмдарды түзүү, иштетүү, кайра уюштуруу жана жоюунун өзгөчөлүктөрүн белгилеген мыйзамдык актыны мамлекеттик кызыкчылыктарды жана коомдук коопсуздукту, адеп-ахлакты, калктын саламаттыгын, жарандардын улуттук жана диний сезимдерин коргоону камсыз кылууну эске алуу менен иштеп чыгуу жана кабыл алуу зарылчылыгы келип чыгууда”. Мыйзам долбооруна ылайык, көзөмөлдү негизинен прокуратура органдары жана КР Юстиция министрлиги жүргүзөт. Документте алардын ыйгарым укуктары белгиленген. Мисалы, алар төмөндө",https://factcheck.kg/ky/novyj-zakonoproekt-o-nepravitelstvennyh-organizacziyah-okazalsya-kopiej-zakona-rossijskoj-federaczii/,1
Коргоо министрлиги альтернативдик кызматтан түшкөн каражаттарды кайда жумшайт?,"Кыргыстандын Коргоо министрлиги альтернативдик кызматтан алынган каражаттар кандайча колдонулуп жатканын түшүндүрдү. Бул тууралуу министрдин биринчи орун басары Талайбек Шаршеев парламенттин бюджет комитетинде билдирди. Анын айтымында, 2024-жылы альтернативдик кызматтан 714 миллион сом чогултулган. Бул каражаттар аскер бөлүктөрүндөгү казармаларды жана башка жайларды оңдоого, ошондой эле кызмат шарттарын жана аскердик жайлардын материалдык-техникалык инфраструктурасын жакшыртууга жумшалат. Комитеттин жыйынында альтернативдик кызмат үчүн акчалай төгүмдөрдү көбөйтүүнү сунуштаган мыйзам долбоору каралды. Эске сала кетсек, депутат Дастан Бекешев бул демилгеге каршы чыккан. Мурда үй-бүлөлүк жагдайларга байланыштуу альтернативдик кызматка чакырылган жарандар үчүн төлөм 18 миң сом, ал эми ден соолугунун мүмкүнчүлүгү чектелген деп таанылган жарандар үчүн 25 миң сом экени кабарланган. Мыйзам долбоорунда бул жарандар үчүн төлөмдү тиешелүүлүгүнө жараша 25 миң жана 50 миң сом өлчөмүндө белгилөө сунушталууда. Ошондой эле, курал колдонууга жана Куралдуу Күчтөрдө кызмат кылууга тыюу салган окуусуна ылайык диний уюмга катталган жарандар үчүн төлөмдү 25 миң сомдон 50 миң сомго чейин көтөрүү сунушталууда. Коргоо министрлигинин маалыматы боюнча, учурдагы төлөм ченемдери 2017-жылы белгиленген жана жаңы төлөм өлчөмдөрүн учурдагы экономикалык өсүштү жана инфляцияны эске алуу менен тууралоо сунушталууда.",https://24.kg/kyrgyzcha/360315_korgoo_ministrligi_alternativdik_kyizmattan_tushkon_karajattardyi_kayda_jumshayt/,0
Жаңылыктар. Чыгарылыш 13:00,"Ардактуу угармандар жаңылыктар топтому менен тааныштырып, микрофондо Элдияр Асылбеков. Саламатсыздарбы? Алгач биз токтоло турган кабарлардан кыскача... Ички иштер министрлиги үй-бүлөлүк зомбулукту алдын алуу боюнча эскертүүлөрдү бердиЗахарова Россия Украина боюнча жыйынтык бере турган сүйлөшүүлөргө даяр экенин билдирди  Ошко Өчпөс оттун бир бөлүгү жеткирилди. Алдыда кененирээк...Ошко Өчпөс оттун бир бөлүгү жеткирилди. Аны белгилүү россиялык дарыгер жана теле алып баруучу Андрей Продеус алып келди. 6–7-май күндөрү Кыргызстанда “Эскерүүоту” аттуу эл аралык акция өтөт. Россиядагыэң ири коомдук кыймыл болгон “Народный фронт” уюмунун активисттери Россотрудничествонун колдоосу менен республикага Белгисиз жоокердин мүрзөсүндөгү Өчпөс оттон жагылган чырактарды алып келишет.Акциянын максаты — Улуу Ата Мекендик согуш жылдарындагы тарыхый эс тутумду сактоо.  ""Эскерүү оту"" Москвадагы белгисиз жоокердин мүрзөсүндөгү “Өчпөс оттон” тутандырылган. Мындан ары ал өлкөнүн башка шаарларын да кыдырат. Ички иштер министрлиги үй-бүлөлүк зомбулуктун алдын алуу, чыр-чатактарды болтурбоо жана жарандардын укуктарын коргоо багытында түшүндүрүү иштерин жүргүзүп, коомчулукту аяр мамилеге чакырды.Ведомствонун маалыматына ылайык, үй-бүлөлүк зомбулуктун алдын алуу – бул чыр-чатактарды башынан эле болтурбоого багытталган комплекстүү чаралардын жыйындысы. Коомдо зомбулуктун бардык түрлөрүнө — физикалык, психологиялык жана экономикалык кысымдарды болтурбоо зарыл экени белгиленди.ИИМ ар кандай пикир келишпестиктер өз ара сый-урмат, түшүнүшүү жана ачык диалог аркылуу гана чечилиши керектигин баса белгилейт. Ошондой эле жарандар үй-бүлөлүк зомбулук үчүн каралган мыйзамдык жоопкерчиликтерди жакшы билүүсү шарт экени айтылды.“Зомбулукка кабылган же күбө болгон жарандар укук коргоо органдарына, кризистик борборлорго жана социалдык кызматтарга кайрыла алышат. Маселени жашырбай, өз убагында жардам суроо — кырдаалдын курчуп кетишин алдын алат жана коопсуздукту камсыздайт”, — деп айтылат маалыматта. Захарова Россия Украина боюнча жыйынтык бере турган сүйлөшүүлөргө даяр экенин билдирди  Россия Украина боюнча натыйжалуу сүйлөшүүлөргө даяр жана алардан баш тартпайт. Бул тууралуу ТИМдин расмий өкүлү Мария Захарова РИА Новостидеги маегинде билдирди. “Албетте, Россиянын жетекчилиги дайыма баса белгилеп келгендей, биз сүйлөшүү процессине, реалдуу эффект жана чыныгы жыйынтык бере турган байланыштарга ачыкпыз”, — деди Захарова. Агенттиктин маектеши ошондой эле азыр Украина боюнча сүйлөшүүлөргө америкалык тараптан жооптуу адамдардын көңүлү Жакынкы Чыгыштагы кырдаалга толук бурулуп кеткенинкошумчалады. “Бирок дагы бир жолу айтам, биз сүйлөшүү процесси, байланыштар жана биз жарыялаган жыйынтыкка багытталган жолугушуулар концепциясынан баш тарткан жокпуз”, — деди ТИМ өкүлү. Россия Украина жаңжалын тынчтык жолу менен жөнгө салууга даяр экенин бир нече жолу билдирген. РФ АКШ сунуштаган тынчтык планын талкуулоого да катышууда, бирок Киев режими сүйлөшүүгө канчалык даяр экенинен күмөн саноодо. Президент Владимир Путин Москва узак мөөнөттүү жөнгө салууну гана колдой турганын баса белгилеген. Мамлекет башчысынын айтымында, ага жаңжалдын түпкү себептери жоюлгандан кийин гана жетишүүгө болот. Алардын катарына НАТОну кеңейтүүдөн улам пайда болгон улуттук коопсуздукка коркунучтар жана Украинадагы орус тилдүү калктын кысымга алынышы кирет.",https://sputnik.kg/20260506/1101146024.html,0
Афган согушкерлеринин Исфарага жөнөгөнү тууралуу тасма – фейк [split],"Бул видеолордун арасынан 201-дивизиянын60 жылдыгынаарналган кино тасманы таптык. Социалдык тармакта тараган видео дал ушул тасмадан алынган үзүндү. Белгилей кетсек, 201-дивизия 1943-жылытүзүлүп, 2004-жылга чейин иш алып барган. Ал эми 2004-жылы россиялык201-аскер базасына алмаштырылып, учурда Душанбе жана Бохтар шаарларында жайгашкан. Демек, бул тасма 2003-жылга чейин тартылган. Жыйынтык: фейк.Афган согушкерлеринин Исфараны көздөй жөнөгөнү тууралуу тасма – фейк.",https://factcheck.kg/ky/videofejk-s-afganskimi-boevikami-napravlyayushhimisya-v-isfaru/,1
Быйыл Кыргызстан 26 миңге жакын унаа импорттоду,"2026-жылдын январь-февраль айларында Кыргызстандын автоунаа базарында транспорт каражаттарын алып келүү (импорт) жана алып чыгуу (экспорт) көлөмүнүн ортосунда чоң айырма катталды. Импорттун негизги агымын Азия өлкөлөрү камсыздаса, экспорт Орусиянын рыногуна багытталган. Бул тууралуу Улуттук статистика комитетинин маалыматында айтылат. Канча унаа жана кайдан келди? Жылдын алгачкы эки айында республикага 25 миң 892 жеңил унаа алынып келинген. Бул 2025-жылдын ушул мезгилине салыштырмалуу 39 пайызга көп. Акчалай алганда импорттун баасы 17 миллиард 776,3 миллион сомду (болжол менен 203,3 миллион доллар) түздү. Кыргызстанга жеңил унааларды жеткирүү боюнча абсолюттук лидерлер: Ошондой эле өлкөгө 50,7 миллион долларга бааланган 3 миң 936 жүк ташуучу унаа (негизги берүүчүлөр — КНР жана Түштүк Корея) жана 473 атайын багыттагы техника импорттолгон. Унаалар каякка экспорттолууда? Миңдеген импорттолгон унаалардын фонунда расмий экспорт бир кыйла аз көрүнөт. Эки айдын ичинде Кыргызстандан болгону 10,4 миллион долларга бааланган 623 жеңил унаа чыгарылган. Негизги сатып алуучу Орусия болду — ал жакка 8 миллион долларга бааланган 524 машина жөнөтүлгөн. Жүк ташуучу унаалардын экспорту болгону 12 даананы (138,9 миң долларга), ал эми атайын техниканыкы — 8 даананы түздү. Тетиктер рыногу Кыргызстан автотетиктерди да жигердүү сатып алууда. Автоунаа тетиктеринин жана керектүү жабдыктарынын импорту 20,6 миллион долларга бааланып, дээрлик 6 миң тоннаны түздү (анын көбүн Кытай жеткирген — 3 миң 574,5 тонна). Ошол эле учурда республика 12 миллион долларга бааланган 2 миң 958,6 тонна автотетик экспорттогон. Анын дээрлик бардык көлөмү (2 миң 727,1 тоннасы) Орусияга жөнөтүлгөн.",https://24.kg/kyrgyzcha/371570_byiyyil_kyirgyizstan_26minge_jakyin_unaa_importtodu/,0
Өтмөк ашуусунда чектөө алынды: Жолдо каттам бар,"Суусамыр — Талас — Тараз унаа жолундагы Өтмөк ашуусунда саат 12:30дан тартып оор жүк ташуучу унаалар үчүн киргизилген убактылуу чектөө алынды. Бул тууралуу «Кыргызавтожол» мамлекеттик ишканасынан билдиришти. Маалыматка ылайык, кечээ аба ырайынын кескин өзгөрүшүнөн улам ашууда саат 13:00дөн тарта оор жүк ташуучу унааларга чектөө киргизилген. Учурда каттам бар, жолдор ачык. Тазалоо иштери «Кыргызавтожол-Түндүк» мамлекеттик ишканасына караштуу № 36 Жол тейлөө мекемеси тарабынан жүргүзүлүүдө. Жол тейлөө ишканасынын кызматкерлери тарабынан бардык унаа жолдордо жана ашууларда жол кыймылынын коопсуздугун камсыз кылуу боюнча тиешелүү иштер күн сайын, күнү-түнү жүргүзүлүүдө. Жол кырдаалы туруктуу көзөмөлдө турат. «Кыргызавтожол» ишканасы кышкы жол шарттарын эске алып, унааңызды кышка ылайык даярдап, кышкы дөңгөлөктөрдү колдонуп, керектүү шаймандарды ала жүрүүнү жана жол кыймылынын эрежелерин так сактоону өтүнөт.",https://24.kg/kyrgyzcha/361716_otmok_ashuusunda_chektoo_alyindyi_joldo_kattam_bar/,0
Рамазан-2026: Орозо кармоонун эрежелери,"Кыргызстанда 19-февралда Орозо айы башталды. 30 күн бою мусулмандар орозо кармайт. Орозо — бул мусулмандардын Рамазан айында аткара турган ибадаттарынын бири. Бул айда орозо туткан мусулман сабырдуулукту, кечиримдүүлүктү жана тазалыкты бекемдейт. Жакшылык иштерди көбөйтүп, кайрымдуулук кылууга басым жасайт. Орозо кармоонун эрежелери бар. Бул тууралуу Кыргызстан мусулмандарынын дин башкармалыгы жарандарга ошол эрежелерди түшүндүрүп берди: — Орозо кармай турган адам мусулман, акыл-эси жайында, балиг (жашы жеткен) болушу керек. Орозо кармоого физикалык жактан күчү жетиши кажет. Сапарда болбошу зарыл. Сапарда жүргөн адамга уруксат берилет, ал кийин кармайт. — Көпчүлүк адамдар орозо кармаганда шилекейин жутуп алса орозо бузулбайбы деп сурашат. Шилекейди жутуу орозону бузбайт. Бирок, атайылап оозго көп топтоп туруп жутуу максаттуу иш болгондуктан, муну кылбоо сунушталат. — Тиш тазалоого уруксат берилет. Тиш пастасын колдонсо болот, бирок аны жутуп жиберүүдөн этият болуу керек. Оозду чайкоого уруксат берилет, мында да сууну жутуп жибербөө керек. Орозо учурунда тиш доктурга барса болот. Бирок дары же суу жутуп албоо маанилүү. — Кээде уктап калып, өз убагында ооз бекитпей калган учурлар болот. Таң атканын билбей калып тамактанып алса, орозосу жарактуу эмес болуп калат. Бирок ниет кылган болсо, калган убакытта тамактануудан баш тартып, орозосун улантып, кийин ошол күндү каза кылышы керек. Ошондуктан ооз жабуу жана ачуу белгиленген убакытта аткарылышы керек. Эрте ооз жабуу да, кечирээк ооз ачуу да максаттуу түрдө болбошу керек. Эгер адам унутуп тамак жеп же суу ичип алса, орозосу бузулбайт. Бирок эстегенде дароо токтотушу керек. Тамеки тартуу да орозону бузат. — Ооруп калып, айыкканда орозо кармашы керекпи деген да суроолор жаралат. Эгер адам ооруп калса жана орозо кармоого кудурети жетпесе, айыккан соң каза орозолорун толуктап кармап берет. — Жол жүргөн кишиге орозосун ачууга уруксат берилет. Бирок орозо кармай алса, улантса жакшы. Эгер ачып койсо, кийин каза кылат. — Бала эмизген эне өзү же баласы үчүн коркунуч жаралса, орозону кармабаса болот. Кийин ошол күндөрдү каза кылат. Кош бойлуулар тууралуу айтсак, өзүнө жана баласына зыян келтирбесе орозо кармаса болот. Болбосо, кийин каза кылып берет. — Орозону катуу ооруп жаткан адамдарга, карыган жана орозо кармоого күчү жетпегендерге болбойт. Алар битир-садага беришет. Айыз жана нифас (төрөттөн кийинки тазалануу) мезгилиндеги аялдарга орозо кармаганга болбойт (кечиримдүү себеп менен кийин каза кылышат). — Орозо убагында сууга түшүүгө болот, бирок сууга чумкуганда кулакка, мурундун ичине же оозго суу кирип кетпеши үчүн этияттык талап кылынат. — Орозо кармап жаткан учурда эгер адам өз эрки менен куса турган болсо, орозосу бузулат. Ал эми кокусунан кусуп жиберсе, орозо бузулбайт. — Рамазан айында ар кандай себептер менен адамдар оозун ачууга туура келет. Мындан улам калган орозолорду кийинки Рамазан келгенге чейин каалаган убакта каза кылса болот. Бирок кечиктирбестен мүмкүн болушунча эртерээк аткарган жакшы. Рамазандан тышкары да нафил (кошумча) орозолор кармалат. Айрыкча дүйшөмбү, бейшемби күндөрү, Айттан кийинки 6 күн, арафа күнү жана ашура күнү орозо кармоо сүннөт болуп саналат. — Орозо учурунда укол алып же анализ тапшырса орозо бузулуп калбайбы деген да суроолор көп берилет. Витаминдик же азыктык заттарды камтыган уколдор орозону бузат, ал эми дарылоо максатындагы уколдор бузбайт. Кан анализин тапшырса, да орозо бузулбайт. Орозо кармагандар күндүз дары ичсе орозону бузат. Түнкүсүн ичүү керек же оорукчан болсо, кийин каза кылат. — Орозо кармаган, кармабаган адам да ооз ачыруу кылса, чоң сооп жазылат.",https://24.kg/kyrgyzcha/362847_ramazan-2026_orozo_karmoonun_erejeleri/,0
Шашылыш билдирүү! Бишкек жана Чүйдө катуу шамал күтүлөт,"Өзгөчө кырдаалдар министрлиги шамалга байланыштуу шашылыш билдирүү таратты. Гидрометеорологиялык кызматынын маалыматына ылайык, жакынкы үч саат аралыгында жана күндүз Бишкек шаарында жана Чүй өрөөнүндө батыштан соккон ылдамдыгы секундасына 15-20 метрге жеткен каттуу шамал катталышы күтүлөт. Министрлик катуу шамал учурунда коопсуз жайларда болууну эскертет: Өзгөчө электр чубалгыларынан, жарнама калкандарынан, бак-дарактардан алыстап, коопсуз жайларда болуу кажет. Кандайдыр бир кырдаалга туш болгондо «112» кызматына токтоосуз билдирүү сунушталат. Чалуу акысыз жана күнү-түнү кабыл алынат.",https://24.kg/kyrgyzcha/361486_shashyilyish_bildiruu_bishkek_jana_chuydo_katuu_shamal_kutulot/,0
Видеочек: Чолпон-Атанын үстүндө БУО – чынбы же калппы? [split],"кетет. Карааны жана айрым деталдары окшош. Артка издөө көрсөткөндөй, Асландан башка эч ким Чолпон-Атанын үстүндөгү БУОну байкаган эмес. Же башка сүрөттөр, же башка видеолор жок, коомдук тармактарга да эч ким эч нерсе жазган эмес. Бирок ошол эле кезде азырЧолпон-Атанын калкы10 миң адамдан ашат, ага кошумча бир топ эс алуучулар да бар. Мындай объектини көрбөй калуу мүмкүн эмес эле. Учурда ал эмес смартфондор үчүн ар түрдүү визуалдуу эффектилерди (VFX) жарата алган толтуратиркемелер бар. Ошондуктан БУОсу бар мындай видеороликтерди жаратуу кыйынчылыктарды жаратпайт. Тыянак:калп. Видеофейк үчүн «№9 району» (District 9) тасмасындагы космос кораблинин скриншоту колдонулган.",https://factcheck.kg/ky/videochek-nlo-nad-cholpon-atoj-pravda-ili-net/,1
Суусамыр өрөөнүндөгү дарыяларга 5 миң чабак кое берилди,"Чүй облусундагы Суусамыр жана Көкөмерен дарыяларына куйган сууларга 5 миң чабак кое берилди. Бул тууралуу Суу ресурстары, айыл чарба жана кайра иштетүү өнөр жайы министрлигинен билдиришти. Маалыматка ылайык, аталган иш-чара мамлекеттик саясаттын алкагында суу биоресурстарын сактоо жана көбөйтүү боюнча жүргүзүлүп жаткан иштердин бир бөлүгү болуп саналат. Балыктандыруу — табигый суу объектилериндеги балык ресурстарын калыбына келтирүүнүн жана көбөйтүүнүн натыйжалуу ыкмаларынын бири. Мындан тышкары, мындай иш-чаралар экологиялык абалды жакшыртууга, биологиялык ар түрдүүлүктү сактоого жана суу экосистемаларынын туруктуулугун камсыз кылууга өбөлгө түзөт. Ошондой эле аймактагы балык чарбасын өнүктүрүүгө, жергиликтүү калктын экономикалык мүмкүнчүлүктөрүн кеңейтүүгө оң таасирин тийгизет. Балык өнөр жайы комплекси департаменти тарабынан келечекте да ушундай балыктандыруу иш-чараларын системалуу түрдө өткөрүү пландалууда.",https://24.kg/kyrgyzcha/367560_suusamyir_oroonundogu_daryiyalarga_5min_chabak_koe_berildi/,0
