id,headline,body_text,source,url,date,language,label,label_confidence,evidence_url,source_type
d0a87d6a-0939-4117-9366-db9282866ff8,Гуля Алмамбетова: таштанды сорттоочу заводун куруу иштери пандемиядан улам токтоду [split],"Анын шартына ылайык, эки жылдан соң, тагыраагы 2019-жылдын март айында жаңы полигон менен таштанды сорттоочу завод ишке кириши керек эле. Бирок анын ордуна текшерүүлөр жүргузүлүп, Бишкек шаардык прокуратура 2019-жылдын январь айындаКыргыз Республикасынын Кылмыш-жаза кодексинин 304 (Кызмат абалынан кыянаттык менен пайдалануу) жана 306 (Келишим түзүү, Кыргыз Республикасынын кызыкчылыгына каршы мамлекеттик сатып алууларды жүзөгө ашыруу) беренелерибоюнчаиш козгогон. Бишкек мэриясынын, “Тазалык” муниципалдык ишканасынын жана “Бишкек санитардык полигону” муниципалдык ишканасынынын кызматкерлери келишимди бузуп, долбоорду үзгүлтүккө учуратуу коркунучуна алып келген. Ал эми 2019-жылдын май айында гана, каражат алгандан кийин 6 жыл өткөн соң, жаңы санитардык полигон куруу иштеринин активдүү фазасыбашталган. Ал ортодо насыяны өз учурунда иштетпеген үчүн калаа жетекчилигине дээрлик 170 миң евро айып пулсалынган (2015-жылдан тарта ай сайын 4 миң евро). Жыйынтык: жалган",factcheck.kg,https://factcheck.kg/ky/gulya-almambetova-zavershaetsya-proekt-na-22-mln-evro-stroitelstvo-sortirovochnogo-zavoda-ostanovleno-iz-za-pandemii/,,kyrgyz,1,1.0,https://factcheck.kg/ky/gulya-almambetova-zavershaetsya-proekt-na-22-mln-evro-stroitelstvo-sortirovochnogo-zavoda-ostanovleno-iz-za-pandemii/,fact_check
3a896cfd-0ae5-43f2-b0ba-ac2361e46fee,Кыргызстандык зыяратчылардын алгачкы тобу ажылыкка 11-майда жөнөйт,"Ажылык амалдарын аткаруу үчүн кыргызстандык зыяратчылардын алгачкы тобу Сауд Арабияга 11-майда жөнөп кетишет. Кыргызстан Мусулмандар дин башкармалыгыМеккеге жана ыйык жерлерге кирүүгө мүмкүн болгонNusuk картасын(бейжик) алууну эскертет. Картаны ажылыкты уюштуруу штабынан алса болот. Муфтият эгер картаны жоготуп алгандар болсо, анын санарип версиясын колдонсо болорун жана аны кайра чыгаруу үчүн ажы башчыларга кайрылууну эскертүүдө. Кыргызстан Мусулмандар дин башкармалыгынан маалымдашкандай, быйыл ажылык сапарга 6060 адам барат. Жыл сайын Сауд Арабиясынын Ажылык жана умра министрлиги падышачылыктын мыйзамдарындагы өзгөрүүлөр же башка жаңы эрежелер тууралуу алдын ала эскертип, көрсөтмөлөрдү жиберет. Быйыл Жакынкы Чыгыштагы кырдаалга карабай зыяратка баруучулар үчүн азырынча өзгөчө талап же өзгөргөн жоболор болбогону маалымдалды. Быйылкы ажылыктык баасы 4 650 доллар деп эсептелген. Курман айт, ислам эрежелерине ылайык, Орозо айттан 70 күндөн кийин, ажылык зыяраттын соңунда белгиленет. Быйыл Курман айт 27-майда болот. (КЕ)",azattyk.org,https://www.azattyk.org/a/33751166.html,2026-05-06T18:21:09+06:00,kyrgyz,0,high,,news_site
d173c719-a383-4c8d-a98f-29525aa86752,Жаңылыктар. Чыгарылыш 13:00,"Ардактуу угармандар жаңылыктар топтому менен тааныштырып, микрофондо Элдияр Асылбеков. Саламатсыздарбы? Алгач биз токтоло турган кабарлардан кыскача... Ички иштер министрлиги үй-бүлөлүк зомбулукту алдын алуу боюнча эскертүүлөрдү бердиЗахарова Россия Украина боюнча жыйынтык бере турган сүйлөшүүлөргө даяр экенин билдирди  Ошко Өчпөс оттун бир бөлүгү жеткирилди. Алдыда кененирээк...Ошко Өчпөс оттун бир бөлүгү жеткирилди. Аны белгилүү россиялык дарыгер жана теле алып баруучу Андрей Продеус алып келди. 6–7-май күндөрү Кыргызстанда “Эскерүүоту” аттуу эл аралык акция өтөт. Россиядагыэң ири коомдук кыймыл болгон “Народный фронт” уюмунун активисттери Россотрудничествонун колдоосу менен республикага Белгисиз жоокердин мүрзөсүндөгү Өчпөс оттон жагылган чырактарды алып келишет.Акциянын максаты — Улуу Ата Мекендик согуш жылдарындагы тарыхый эс тутумду сактоо.  ""Эскерүү оту"" Москвадагы белгисиз жоокердин мүрзөсүндөгү “Өчпөс оттон” тутандырылган. Мындан ары ал өлкөнүн башка шаарларын да кыдырат. Ички иштер министрлиги үй-бүлөлүк зомбулуктун алдын алуу, чыр-чатактарды болтурбоо жана жарандардын укуктарын коргоо багытында түшүндүрүү иштерин жүргүзүп, коомчулукту аяр мамилеге чакырды.Ведомствонун маалыматына ылайык, үй-бүлөлүк зомбулуктун алдын алуу – бул чыр-чатактарды башынан эле болтурбоого багытталган комплекстүү чаралардын жыйындысы. Коомдо зомбулуктун бардык түрлөрүнө — физикалык, психологиялык жана экономикалык кысымдарды болтурбоо зарыл экени белгиленди.ИИМ ар кандай пикир келишпестиктер өз ара сый-урмат, түшүнүшүү жана ачык диалог аркылуу гана чечилиши керектигин баса белгилейт. Ошондой эле жарандар үй-бүлөлүк зомбулук үчүн каралган мыйзамдык жоопкерчиликтерди жакшы билүүсү шарт экени айтылды.“Зомбулукка кабылган же күбө болгон жарандар укук коргоо органдарына, кризистик борборлорго жана социалдык кызматтарга кайрыла алышат. Маселени жашырбай, өз убагында жардам суроо — кырдаалдын курчуп кетишин алдын алат жана коопсуздукту камсыздайт”, — деп айтылат маалыматта. Захарова Россия Украина боюнча жыйынтык бере турган сүйлөшүүлөргө даяр экенин билдирди  Россия Украина боюнча натыйжалуу сүйлөшүүлөргө даяр жана алардан баш тартпайт. Бул тууралуу ТИМдин расмий өкүлү Мария Захарова РИА Новостидеги маегинде билдирди. “Албетте, Россиянын жетекчилиги дайыма баса белгилеп келгендей, биз сүйлөшүү процессине, реалдуу эффект жана чыныгы жыйынтык бере турган байланыштарга ачыкпыз”, — деди Захарова. Агенттиктин маектеши ошондой эле азыр Украина боюнча сүйлөшүүлөргө америкалык тараптан жооптуу адамдардын көңүлү Жакынкы Чыгыштагы кырдаалга толук бурулуп кеткенинкошумчалады. “Бирок дагы бир жолу айтам, биз сүйлөшүү процесси, байланыштар жана биз жарыялаган жыйынтыкка багытталган жолугушуулар концепциясынан баш тарткан жокпуз”, — деди ТИМ өкүлү. Россия Украина жаңжалын тынчтык жолу менен жөнгө салууга даяр экенин бир нече жолу билдирген. РФ АКШ сунуштаган тынчтык планын талкуулоого да катышууда, бирок Киев режими сүйлөшүүгө канчалык даяр экенинен күмөн саноодо. Президент Владимир Путин Москва узак мөөнөттүү жөнгө салууну гана колдой турганын баса белгилеген. Мамлекет башчысынын айтымында, ага жаңжалдын түпкү себептери жоюлгандан кийин гана жетишүүгө болот. Алардын катарына НАТОну кеңейтүүдөн улам пайда болгон улуттук коопсуздукка коркунучтар жана Украинадагы орус тилдүү калктын кысымга алынышы кирет.",sputnik.kg,https://sputnik.kg/20260506/1101146024.html,13:00 06.05.2026(Жаңыртылды:13:16 06.05.2026),kyrgyz,0,high,,news_site
945ebad8-b5ec-4153-aa39-7742ef0b8fd4,Акын Аскат Жетигенге ырайым берилеби? Президенттин жообу,"Президент Садыр Жапаров «Кабар» агенттигине вебкам студиялардын негиздөөчүсү аталган Даниел Ажиевдин айланасындагы кептерге жооп берип жатып, абактагы акын Аскат Жетигенди бошотуу маселеси боюнча да билдирди. Өлкө башчысы акын ырайым сураса карап көрүшү мүмкүн экенин белгиледи. «Мен кимди чыгарышты, кимди чыгарбашты тандабайм. Ким ырайым сурап арыз менен кайрылса, арызынын негизинде чечим кабыл алам. Арыз менен кайрылбаган соттолуучуну кантип чыгарам. Арыз менен кайрылса, аны да караганга даярбыз», — деди Жапаров. Эске сала кетсек, Аскат Жетиген — массалык башаламандыктарды козутуу жана бийликти басып алуу боюнча айыпталып, үч жылга эркинен ажыратылган белгилүү акын жана жарандык активист. Кылмыш иши 2024-жылдын мартында башталган. Айыптоолор Жетигендин социалдык медиадагы видео билдирүүлөрүнөн келип чыккан, анда ал бийликтин аракеттерин сындаган.",24.kg,https://24.kg/kyrgyzcha/364802_akyin_askat_jetigenge_yirayyim_berilebi_prezidenttin_joobu/,,kyrgyz,0,high,,news_site
e50f3dff-cba9-4aa5-ae94-a1a96a400a3a,Саламаттыкты сактоо объектилерин курууга 12 миллиард сомдон ашык каражат бөлүндү,"Кыргызстанда саламаттыкты сактоо объектилерин куруу, капиталдык оңдоо жана модернизациялоо боюнча масштабдуу иштер уланууда. Бул тууралуу Саламаттыкты сактоо министрлиги 24.kg басылмасына билдирди. Маалыматка ылайык, учурда республикалык бюджеттин жана башка каржылоо булактарынын эсебинен 32 ири объект курулууда. Бул максаттарга 2026-жылы 12 миллиард сомдон ашык каражат каралган. Бир катар долбоорлор буга чейин эле аяктаган же аяктоо алдында турат: Ошондой эле, КР Президенти Садыр Жапаровдун Ош облусуна болгон жумушчу сапарынын алкагында бир катар жаңы объектилерди (Араван, Кара-Кулжа, Чоң-Алай, Гүлчө, Ноокат) куруу боюнча тапшырмалар берилген. Алар учурда пландаштыруу жана иштеп чыгуу стадиясында турат (айрымдарын ишке ашыруу 2027-жылга пландалган). Мындан тышкары, Нарын облустук ооруканасында жана Ош онкология борборунда жаңы объектилерди куруу мүмкүнчүлүгү боюнча эл аралык өнөктөштөр, анын ичинде Ислам өнүктүрүү банкы менен сүйлөшүүлөр жүрүп жатат. Министрликтин маалыматы боюнча, иштер бир нече багытта — учурдагы объектилерди аяктоодон баштап, жаңы долбоорлорду ишке киргизүүгө чейин комплекстүү түрдө жүргүзүлүүдө.",24.kg,https://24.kg/kyrgyzcha/372923_salamattyiktyi_saktoo_obyektilerin_kuruuga_12milliard_somdon_ashyik_karajat_bolundu/,,kyrgyz,0,high,,news_site
f01e5b9f-5d77-4926-9a6a-9f18a14526b8,Сингапур менен Белорусияда коронавирустан каза болгондор жок деген маалымат — фейк,"Социалдык тармактарда Сингапур коронавирусту жыйырма күндө жеңди деген маалымат тарап жатат. Мындан сырткары, Беларусияда 94 гана жаран вирус жуктуруп, каза болгондор жок деген билдирүүлөр да бар. Мындай маалымат фейк экендиги тууралуу Талант Абдылдаев аттуу фейсбук колдонуучусу өзбаракчасына жазып чыккан. Биз бул кабарды тастыктоо иретинде текшерип көрдүк. Алгач расмий булактарда айтылган маалыматтарды карап чыгабыз.",factcheck.kg,https://factcheck.kg/ky/kyrgyz-singapur-menen-belorusiyada-koronavirustan-kaza-bolgondor-zhok-degen-maalymat-fejk/,,kyrgyz,1,0.74,https://factcheck.kg/ky/kyrgyz-singapur-menen-belorusiyada-koronavirustan-kaza-bolgondor-zhok-degen-maalymat-fejk/,fact_check
2bb6803d-7b9c-4a4e-ab04-1ca53c3d61dc,Ош шаарында 735 295 сомдук алимент өндүрүлдү,"Башкы прокуратуранын алдындагы Сот аткаруучулар кызматынын Ош шаардык бөлүмү жергиликтүү жаранга 735 295 сом алимент толугу менен өндүрүлүп берилди. Мекеменин басма сөз кызматынын маалыматына караганда, карызкор эки баланы багуу үчүн айлык кирешесинин 1/3 бөлүгүн алимент катары төлөп берүүгө милдеттендирилген. Бирок милдетин аткарбай, Кыргызстандан чыгып кеткендигине байланыштуу ага издөө жарыяланып, алимент карызы бар экени тууралуу бир нече жолу эскертүүлөр берилген. ""Жүргүзүлгөн мажбурлап аткаруу чараларынын натыйжасында 13-апрелде карызкор алимент боюнча карызды толугу менен төлөп берди"", - деп билдирди Сот аткаруучулар кызматы. 8-апрель күнү Өзгөндө балдарынын алиментин төлөбөй жүргөн жаран сот чечими менен бир жылга эркиндигинен ажыратылган. Сот аткаруучулар кызматы анын алимент карызы 279 180 сомду түзгөнүн, бир нече жолку эскертүүлөргө карабай, ал жарандык жоопкерчилигин аткарбаганы үчүн иши сотко ашырылганын билдирген. Сот чечими менен жашы жете элек балдарына алимент төлөөгө милдеттендирилип, бирок аны аткарбай жүргөн жарандар Кылмыш-жаза кодексинин 178-беренеси (""Ата-эненин балдарды багуудан качуусу"") менен жоопкерчиликке тартылат. Сот аткаруучуларкызматынын маалыматына караганда, Кыргызстанда алимент төлөбөгөн 1204 кишиге издөө жарыяланган. Ал эми алиментке байланыштуу жалпы 60 миң 720 иш өндүрүшкө алынган. Алимент төлөбөгөн жарандарды сот аркылуу эркинен ажыратуу тажрыйбасы Кыргызстанда 2026-жылдан тартып ишке аша баштады. Буга чейин Баткен облусунун, Манас шаарынын, Сузак районунун тургундары кесилип, сот залынан камакка алынышкан. Ошондой эле 400-500 миң сомдон 1 миллион сомго чейинки алимент карызы бар жарандардан каражат өндүрүлгөнү маалымдалган. Өлкөдө ажырашкандардын 2% гана балдарына алимент төлөй турганы расмий айтылган. (ZКo)",azattyk.org,https://www.azattyk.org/a/33732672.html,2026-04-15T15:13:38+06:00,kyrgyz,0,high,,news_site
ba49834b-3e49-452f-ba4a-d93bbda0d445,Аламүдүн райондук сотунун судьясы коррупцияга шектелип кармалды,"Улуттук коопсуздук боюнча мамлекеттик комитет (УКМК) сот системасындагы коррупциялык көрүнүштөрдү жоюу максатында жүргүзүп жаткан иш-чаралардын алкагында Чүй облусунун Аламүдүн райондук сотунда коррупциялык схема аныкталды. Бул тууралуу УКМКнын басма сөз кызматы кабарлады.Маалыматка ылайык, Аламүдүн райондук сотунун судьясы Ш.Б.Ж эркинен ажыратуу менен байланышпаган сот чечимин чыгарууга көмөк көрсөтүүнү убада кылып Т.М.Т. аттуу жарандан 26 миң АКШ долларын алган. Бирок маселени анын пайдасына чечип бере алган эмес.""Ыкчам-издөө иш-чараларынын жүрүшүндө мурда алынган акча каражаттарынын бир бөлүгүн — 85 миң сомду кайтарып берип жаткан учурда Аламүдүн райондук сотунун судьясы Ш.Б.Ж. кылмыш үстүндө кармалды"", - деп билдирди атайын кызмат.Шектүүнү кылмыш жоопкерчилигине тартууга Соттор кеңеши 3-апрелде макулдук берди.6-апрель күнү шектүү Ш.Б.Ж. сот чечими менен УКМКнын тергөө абагына киргизилди.УКМКушул эле кылмыш ишинин алкагындаЧүй облустук сотунун А.Ж.Б. аттуу улук катчысы да коррупцияга шектелип кармалганын 25-мартта маалымдаган. Анда шектүү Т.М.Т. аттуу жарандан 26 миң доллар алганы кабарланган. Шектүүлөр же алардын жактоочулары азырынча маалымат бере элек. Президент Садыр Жапаров бийликке келгенден бери сот системасын реформалай турганын айтып, атайын кеңеш түзгөн. Бирок Кыргызстанда сот тармагына нааразылык дагы эле бар. Сот системасына сырттан кийлигишүү жок экенин Жапаров 11-мартта парламентте депутаттардын суроолоруна жооп берип жатып айткан. Ал судьялардын көбү менен түз байланышта экенин, соттун ишине кийлигишкен учурларды тыйып коёрун билдирген. Буга чейинки үч ыңкылаптын негизги себептеринин бири катары сот адилетсиздиги аталган. (ZКo)",azattyk.org,https://www.azattyk.org/a/33726635.html,2026-04-07T16:23:00+06:00,kyrgyz,0,high,,news_site
c16d2fb1-4569-45e3-bed6-2245a9160a27,Бүгүн Байланыш жана радио күнү,"Бүгүн, 7-май Кыргызстандын байланыш тармагынын жана радио кызматкерлерин адистик күнү. Майрамдын тарыхына токтоло турган болсок, мындан 125 жыл мурун орус окумуштуусу Александр Попов байланыш тармагында ачылыш жасап, 7-майда радио байланышты ойлоп тапканын жарыя кылган. Совет доорунда 1945-жылдан бери 7-май— радио күнү расмий белгиленип келген. Ал эми Кыргызстанда 1995-жылы 17-апрелде Өкмөттүн токтому менен 7-май — Байланыш жана радио күнү —деп белгиленген. Кошумчалай кетсек, учурда радио интернеттен кийинки эле эң ыкчам маалымат булагы болуп саналат. Бүгүнкү күндө Кыргызстанда 50гө жакын радиостанциялар иштеп келе жаткандыгы айтылат.",24.kg,https://24.kg/kyrgyzcha/373041_bugun_baylanyish_jana_radio_kunu/,,kyrgyz,0,high,,news_site
d3de5c68-7c24-42bf-835e-2b632e0bbe15,АКШ Жакынкы Чыгышка кошумча миңдеген аскер жөнөткөнү кабарланууда,"Пентагон Жакынкы Чыгышка дагы миңдеген аскерлерди жөнөтүп жатат. Бул кадам Дональд Трамп администрациясы Иранга басым көрсөтүп, келишимге жетишүүгө аракет кылып жаткан учурда жасалууда. Бул тууралууThe Washington Post басылмасы жазды. Маалыматка караганда, Пентагондун бул кадамы атышууну токтотуу келишими бузулса мүмкүн болгон чыңалууга даярдануу максатын да көздөшү мүмкүн. USS George H.W. Bush учак ташуучу кемесиндеги алты миңдей аскер жана Boxer амфибиялык тобундагы төрт миңден ашык деңиз жөө аскери жөнөтүлөрү кабарланды. Алар аймакта буга чейин жайгашкан болжол менен 50 миң америкалык аскерге кошулат. Бул кошумча күчтөр учак ташуучу үч кеменин аймакта иштөөсүнө шарт түзүп, Вашингтондун аскердик мүмкүнчүлүктөрүн кеңейтет. АКШ Иранга экономикалык басым көрсөтүү жана Ормуз кысыгын кайра ачуу максатында деңиз блокадасын жүргүзүп жатат. Расмийлер билдиргендей, аскер жетекчилери соккуларды күчөтүүдөн тартып жердеги операцияларга чейин ар кандай сценарийлерди карап жатышат. The Washington Post белгилегендей, талдоочулар бул аракет Иранга басымды күчөтөрүн, бирок ошол эле учурда АКШ аскерлеринин жоготуулары жана дипломатия ийгиликке жетпесе, аймактагы кеңири жаңжал коркунучун да жогорулатарын эскертүүдө.",azattyk.org,https://www.azattyk.org/a/33732819.html,2026-04-15T17:57:46+06:00,kyrgyz,0,high,,news_site
da4cf0bf-e2fb-47e5-a44d-4a889944b8fd,Швейцария соту Гүлнара Каримова боюнча ишти кароону токтотту,"Швейцарияда федералдык кылмыш трибуналы Өзбекстандын туңгуч президенти Ислам Каримовдун кызы Гүлнара Каримовага каршы козголгон кылмыш ишин жабуу чечимин кабыл алды. Бул тууралуу 28-апрелде Швейцариянын улуттук телеканалынынэфириндеайтылды. Каримовага арам акчаны адалдоо аракети, кыянаттык менен башкаруу, жемкорлук жана кылмыштуу топту башкаруу тууралуу айыптар тагылган. Судья ишти кароо мөөнөтү өтүп кеткенин, Каримова өзү сотко катыша албай турганын жүйө келтирди. 2014-жылдан бери мекенинде камакта отурган Каримовага каршы иш Швейцарияда 2012-жылы козголгон. Бул өлкөнүн прокуратурасы ал жетектеген топ Өзбекстанда иштегиси келген эл аралык телекоммуникациялык компаниялардан пара тарап кылганын жүйө келтирген. Иш 2023-жылы тергелип бүтүп, сотко өткөрүлүп берилген. Гүлнара Каримовага мекенинде да каржылык мыйзам бузууларга жана жемкорлукка байланыштуу иш козголуп, 2015-жылы ал 10 жылга соттолгон. 2020-жылы Ташкент шаардык соту аны 13 жылга эркинен ажыраткан. Өзбекстандын Башкы прокуратурасынын эсебине караганда, Каримова ""мамлекеттин жана жарандардын кызыкчылыгына"" келтирген зыяндын жалпы суммасы 2 миллиард долларга чукул.",azattyk.org,https://www.azattyk.org/a/33744974.html,2026-04-29T13:54:43+06:00,kyrgyz,0,high,,news_site
05b77642-6f45-4296-b165-d47fbde7107a,"""Кумтөр Голд Компани"" былтыр 1,434 млрд доллар киреше тапканын жарыялады","Кумтөр алтын кенин иштетип жаткан “Кумтөр Голд Компани” ишканасы 2025-жылы 1 млрд 434 млн доллар киреше тапты. Анын ичинен 706 млн доллар таза пайда. Бул тууралуу аталган ишкана 9-апрелде билдирди. Былтыркы жылы салыктарга жана милдеттүү төлөмдөргө 246 млн 507 миң доллар сарпталганы, дивиденд 300 млн доллар түзгөнү маалымдалды. “Кумтөр Голд Компани” 2025-жылы 12 тонна 81 кг алтын өндүргөн. Мындай көрсөткүчтөр, ишкана белгилегендей, ""компаниянын туруктуу ишин жана өлкө экономикасына кошкон салымын көрсөтөт”. Маалыматта ошондой эле эл аралык көз карандысыз Ernst&Young аудитордук компаниясы ""Кумтөр Голд Компанинин"" 2025-жылга финансылык отчетун текшерип, тастыктаганы кабарланды. Кыргыз өкмөтү 2021-жылы кенди толугу менен мамлекеттин колуна алган. Быйыл февралдын соңунда “Ынтымак Ордодо” өткөн республикалык кеңешмеде президент Садыр Жапаров2021-жылдан бери кендин кирешеси көбөйүп, өлкө экономикасын алдыга сүрөп жатканын билдирген. Кен мамлекетке өткөндөн берки аралыкта өндүрүштөн түшкөн жалпы киреше 5 млрд 115 млн доллар же 440 млрд сомдон ашканын, бюджетке салыктар жана милдеттүү төлөмдөр түрүндө 1 млрд 176 млн доллар же 100 млрд сомдон ашык акча түшкөнүн айткан. 2025-жылы өлкө боюнча 26 тонна алтын өндүрүлгөн болсо, анын 12 тоннадан ашыгы “Кумтөргө” таандык. Ошол эле маалда компаниянын алтын сатуудан тапкан акчалай кирешеси 2025-жылы 44% өскөн.(KbA/ZKo)",azattyk.org,https://www.azattyk.org/a/33728475.html,2026-04-09T17:18:51+06:00,kyrgyz,0,high,,news_site
285a1d30-cebe-492a-8d62-60ed83aa09ef,Кытай мандариндери өлүмгө алып келеби?,"Социалдык тармактарда жана WhatsApp аркылуу Кытайдын, айрыкча майда мандариндерин сатып албоого үгүттөгөн видео тарап жатат. Максатбек Садыков аттуу интернет колдонуучу “Оштуктар” деген топко “мандарин албай эле коюнуздарчы балдарга да жедирбениздер” деп жазган. Булвидеокыска убакыттын ичинде 1,3 көрүүгө жана бөлүшүүгө ээ болгон. Бир роликте курттап кеткен жемиштер тартылган. Экинчисинде мандариндерди каналга ыргытып жатышканын көрүүгө болот. Байкалган нерсе – бул үн коштогон билдирүүлөрдө Барнаул, Заринск, Бийск, Новосибирск жана Казакстан тууралуу дагы айтылат. «Барнаулда ооруканалардын балдар бөлүмдөрүндө жаткан балдар көп. Бир ай ичинде 13 бала каза болду. Ал эми Заринскте мандариндин айынан бүгүн 2 бала чарчады. Болду, башка мандарин жебеш керек”, – деп айтылат билдирүүдө. «Тааныштарыбызда баласы кичинекей, болгону 2 жашта, бир мандариндин эки бөлүгүн эле жеген, кийинки суткада грипптин оор формасы менен ооруп калды», – дейт дагы бир билдирүүдө. Фактчек аспаптарын колдонуу менен биз курттаган жемиштер тууралуу видео алгачкы жолу 2016-жылдын ноябрь айында жайыла баштаганын аныктадык. Бул видеодо кайсы шаарда тартылганы жана чын эле мандариндер Кытайдыкыбы, ал боюнча маалымат айтылган эмес. Грипп оорусун жугузуучу мандариндер тууралуу фейк бир нече жылдан бери таратылып келет.",factcheck.kg,https://factcheck.kg/ky/fejk-pro-kitajskie-mandariny-ubijczy/,,kyrgyz,1,0.6,https://factcheck.kg/ky/fejk-pro-kitajskie-mandariny-ubijczy/,fact_check
afc20374-3a7f-49e4-9395-70148a5ac364,"Сурабалдиева Ташиевдин кетишин ""мамлекеттик төңкөрүш"" аракети менен байланыштырды","Жогорку Кеңештин депутаты, парламенттеги Эл аралык иштер, коргоо, коопсуздук жана миграция боюнча комитетинин төрайымы Элвира Сурабалдиева Улуттук коопсуздук боюнча мамлекеттик комитеттин (УКМК) мурдагы башчысы Камчыбек Ташиевдин кызматтан алынышы боюнча комментарий берди. Казакстандык блогерге бергенинтервьюсундаэл өкүлү Ташиевдин кетишин «мамлекеттик төңкөрүш даярдоо» аракети менен байланыштырды. Ташиев эмнеге кызматтан кетти деген суроого жооп берип жатып ал: «Мамлекеттик төңкөрүш даярдап жатышкан, президентти кызматтан алабыз деп», - деп айтып, бул анын кызматтан алынышынын негизги себеби болгонун белгиледи. Муну депутат «парламенттин 90 депутаты билерин жана бул көп убакыт даярдалган аракет болгонун» кошумчалады. Сурабалдиева Ташиев кызматтан кеткенден кийин УКМКнын мурдагы кызматкерлерине байланыштуу арыз-даттануу көбөйгөнүн белгиледи. Өткөн аптада Кыргызстандын Германиядагы элчиси, Жогорку Кеңештин экс-спикери, саясатчы Өмүрбек Текебаев Кыргызстандагы соңку айлардагы окуяларды “ийгиликсиз мамлекеттик төңкөрүш” аракети деп сыпаттап, пост жазган. Кийин Текебаев өзүнүн постун комментарийлеп, анда “ийгиликсиз мамлекеттик төңкөрүш” дегени коомчулукта туура эмес кабылданганынайтып чыккан. Текебаев постунда кайсы бир саясий окуяга же конкреттүү адамдарга укуктук баа берилбегенин, айып тагылбаганын кошумчалаган. Президент Садыр Жапаров 10-февралдагы жарлыгы менен Камчыбек Ташиевди 2020-жылдан бери аркалап келе жаткан Улуттук коопсуздук боюнча мамлекеттик комитеттин төрагасы кызматынан алган. Ташиев мындай чечимди Германияда дарыланып жүргөн учурунда укканын жана ""күтүүсүз болгонун"" билдирген. Парламентке75 кишинин катыдеп түшкөн кайрылууга кол койгон жана аны уюштурган деген негиз менен беш адам кармалып, камакка алынган. Жогорку Кеңештин ондон ашык депутаты мандатын тапшырган. Камчыбек Ташиев өзү 20-мартта Бишкекте Айт намаздан кийин элден кечирим сурап, өзү тууралуу жалган жана негизсиз маалыматтар тарап жатканын айткан. Андан бери ага жана үй-бүлөсүнө байланыштуу тарап жаткан ар кандай маалыматтар, 75 кишинин каты тууралуу үн ката элек. (КЕ)",azattyk.org,https://www.azattyk.org/a/33742222.html,2026-04-25T15:15:51+06:00,kyrgyz,0,high,,news_site
d5c9f80f-682c-40b9-aff8-7bfb96c6f874,Пайдалуу кеңеш: Кара карагаттын өзгөчөлүгү эмнеде?,"Диетолог Елена Соломатина кара карагаттын ден соолукка пайдасы үчүн аны кантип жеш керектигин түшүндүрдү. Бул тууралуу «Вечерняя Москва» гезити жазып чыкты. «Башка мөмөлөрдөн айырмаланып, карагаттын курамында С витамини көп. Биофлавоноиддер жана антоцианиндер аны кычкылдануудан жана бузулуудан коргойт, ошондуктан ал антиоксиданттык активдүүлүгүн сактап калат», — деп түшүндүрдү эксперт. Карагаттын курамынын баары кан айланууну жакшыртат. Ал эми антиоксиданттар клеткалардын бузулушун жайлатып, кан агымын сактап, атеросклероздун алдын алат. «Эркин радикалдар — бул оорулуу, мутацияланган клеткаларды жок кылуу үчүн иштелип чыккан курал. Бирок жаш өткөн сайын алардын саны зарыл болгондон көп өндүрүлөт жана алар башка клеткаларды жок кыла баштайт. Кычкылдануу жана картаюу жүрөт, бул бүт денеге терс таасирин тийгизет», — деп түшүндүрдү эксперт. Андан тышкары, карагат организмден ашыкча кантты жана холестеринди кетирет, ал эми клетчатка пайдалуу бактерияларды пайда кылган адамдын микробиомасын колдойт.",24.kg,https://24.kg/kyrgyzcha/362134_paydaluu_kenesh_kara_karagattyin_ozgocholugu_emnede/,,kyrgyz,0,high,,news_site
23a36460-594c-4556-81e4-347cb7aead4c,"Жанар Акаев, “Альянс”: “Мамлекеттик карыз 4.5 млрд долларды түзөт” – жалган","Бүгүн, 22-ноябрда коомдук телеканалда Жогорку Кеңешке ат салышкан партиялардын өкүлдөрүнүн теледебаты өтүүдө. Дебатта “Ишеним”, “Альянс”, “Ынтымак” жана “Аруузат-Эл-Куту” партияларынын өкүлдөрү беттешти. “Альянс” партиясынын өкүлү Жанар Акаев мамлекеттик карыз 4.5 млрд долларды түзөрүн билдирди. Factcheck.kgбул маалыматты текшерди.",factcheck.kg,https://factcheck.kg/ky/zhanar-akaev-alyans-gosdolg-kyrgyzstana-na-segodnya-sostavlyaet-4-5-mlrd-nepravda/,,kyrgyz,1,0.75,https://factcheck.kg/ky/zhanar-akaev-alyans-gosdolg-kyrgyzstana-na-segodnya-sostavlyaet-4-5-mlrd-nepravda/,fact_check
3ecb14c0-58d9-48b0-b49a-dd60c3ea7da7,Россияда эшик көзчөлөрүнө тыюу салынабы? Текшеребиз [split],"Google аркылуу издегенибизде макаланы жарыялаган “Наблюдатель” аттуу аккаунттан башка маалыматтабылган жок. Маалыматта анын алгачкы булагы берилбегенин баса белгилейбиз. Ал эми комментарийлерде автор жаңылыктан далилин талап кылбаган бир эле колдонуучу бар экенин жазган. Автор Twitter-баракчасында өзүн чакан провокациялардын жактоочусу деп сүрөттөгөн. Анын башка постторунда тамаша жана фейк маалымат байма-бай жазылып келген. Мисалы,Путинтууралуу тасма тартылып, анда башкы ролду Шварценеггер ойногону жеРоссия Федерациясынын аймагында “Ыйык Гравитация чиркөөсү” тыюу салынганыайтылат. Жыйынтык: жалган.Жаңылыкты тамаша жана фейк маалыматтарды тараткан Twitter колдонуучусу жазган. Анын билдирүүлөрү “Панорама” сатиралык сайтындагы макалаларга түспөлдөш.",factcheck.kg,https://factcheck.kg/ky/v-rossii-zapretyat-dvernye-glazki-proveryaem/,,kyrgyz,1,0.77,https://factcheck.kg/ky/v-rossii-zapretyat-dvernye-glazki-proveryaem/,fact_check
eb9ede39-76bf-48d2-ab05-d9a56f0a1d55,Купуялык саясаты( 2023 ред.),"119021, Россия, Москва шаары, Зубовский бульвары, 4 үй, 1,2,3- имараттар дареги боюнча катталган ""Россия сегодня"" Эл аралык маалымат агенттиги"" Федералдык мамлекеттик унитардык ишканасы (мындан ары - Агенттик, биз, биздики, биздики) сиздин турмушуңузду коргоого жана жеке маалыматтарыңыздын коопсуздугуна чоң маани берет. Купуялык саясаты Россия Федерациясынын жеке маалыматтарды коргоо жаатындагы ченемдик укуктук актыларынын талаптарына жана эл аралык укуктун нормаларына, анын ичинде, бирок алар менен чектелбестен: Россия Федерациясынын 2006-жылдын 27-июлундагы № 152-ФЗ ""Жеке маалыматтар жөнүндө"" Федералдык Мыйзамы, GDPR нормалары - 2016-жылдын 27-апрелиндеги Европалык парламенттин жана Европа Бирлигинин Кеңешинин N 2016/679 ""Жеке маалыматтарды иштетүүгө байланыштуу жеке адамдарды коргоо жана мындай берилмелердин эркин айлануусу, ошондой эле 95/46 / EC Директивасын жокко чыгаруу жөнүндө (Берилмелерди коргоо боюнча жалпы жобо)” Регламентине ылайык иштелип чыккан. Биз Сиздин жеке маалыматтарыңызды ушул Купуялык саясатына (мындан ары - Саясат) жана колдонуудагы мыйзамдарга ылайык коргоо үчүн өз убагында чараларды көрөбүз жана жеке маалыматтарды иштетүү жана коргоо жогорку эл аралык стандарттарга жооп берерине кепилдик беребиз. Сиздин жеке маалыматыңызды кандай максаттарда иштетип жатканыбызды, ошондой эле Агенттик тарабынан иштетиле турган жеке маалыматтарыңызга карата укуктарды кантип ишке ашыра аларыңызды түшүнүү үчүн Саясатты кылдат изилдеп чыгууну суранабыз. Биз Саясатты түшүнүү үчүн мүмкүн болушунча жөнөкөй кылууга аракет кылдык. Саясат орус тилиндеги редакцияда бекитилет жана зарыл болгон учурда чет тилдерге которулат. Эгерде сизде биздин жеке маалыматтарыңызды иштетүү жана аларды коргоо боюнча суроолоруңуз болсо, Саясаттын баяндалышын жакшыртуу боюнча сунуштарыңызды, ошондой эле бекитилген редакцияга суроо-талапты бизге""Байланыштар"" 13-бөлүмүндөкөрсөтүлгөн ыкманы колдонуу менен жөнөтсөңүз болот. 1. Колдонуу аймагы Саясат Сиз биздин маалымат ресурсубузду (сайт, мобилдик тиркеме) колдонгон учурда, ошондой эле биз маалымат ресурсун пайдаланууга байланышпаган иш-аракеттерди жасаган учурда Сиздин жеке маалыматтарыңызды чогултуу жана иштетүү боюнча иш-аракеттерибиз жөнүндө Сизге маалымат берүү үчүн арналган. Саясат колдонулуучу процесстер""Купуялык жөнүндө эскертүү"" 5-бөлүмүндөкелтирилген. Биздин маалымат ресурста (сайт, мобилдик тиркеме) биз көзөмөлдөбөгөн жана Саясат менен камтылбаган башка кызмат көрсөтүүчүлөрдүн ресурстарына шилтемелерди камтышы мүмкүн экенине көңүл буруңуз. Биз өнөктөштөрүбүздөн колдонуучулардын берилмелерине кылдат мамиле кылууну талап кылабыз жана абийири далилденген компаниялар менен гана иштейбиз. 2. Иштетилген жеке маалыматтардын категориялары Биз расага, улуттук текке, саясий көз караштарга, диний же философиялык ишенимдерге, ден соолук абалына, интимдик жашоого, биологиялык мүнөздөмөлөргө тиешелүү, инсандыгыңызды аныктоого жардам берүүчү жеке маалыматтарыңызды иштетпейбиз. ММКнын ишмердүүлүгү жөнүндөгү колдонуудагы мыйзамдарда башкача каралбаса, биз Сиздин жеке маалыматыңызды жалпыга жеткиликтүү булактардан максаттуу чогултууну ишке ашырбайбыз. 3. Жеке маалыматтардын субъекттеринин категориялары Жеке маалыматтардын субъекттерине Агенттиктин жана анын өкүлчүлүктөрүнүн, филиалдарынын, корреспонденттик пункттарынын кызматкерлери, Агенттиктин сайттарын, мобилдик тиркемелерин жана кызматтарын колдонуучулар, Агенттиктин өнөктөштөрү, клиенттери, контрагенттери жана алардын өкүлдөрү, журналисттер, блогерлер (социалдык тармактарда жеке сайт, баракчаны, басып чыгаруу аянтын өнүктүрүүчү жеке адамдар), жалпыга маалымдоо каражаттарынын өкүлдөрү, Агенттик өткөргөн иш-чаралардын катышуучулары, жеке маалыматтарды иштетүү максаттарын ишке ашырууну камсыз кылуу үчүн жеке маалыматтардын башка субъекттери кирет. Жеке маалыматтарды иштетүүнүн максаттары""Купуялык жөнүндө эскертүү"" 5-бөлүмдөкелтирилген. Агенттик бойго жеткен адамдардын жеке маалыматтарын иштетүүнү ишке ашырат. 4. Жашы жете электердин жеке маалыматтарын чогултуу Биздин маалымат ресурсубуз (сайт, мобилдик тиркеме) колдонуудагы мыйзамдарда же ата-энелердин же аларды алмаштырган адамдардын макулдугу менен каралган учурларды кошпогондо, жашы жете электердин жеке маалыматтарын иштетүү үчүн арналбаган. Эгерде колдонуудагы мыйзамдарда башкача каралбаса, жашы жете элек адам 18 жашка чыга элек адам болуп саналат. Эгерде Сиздин балаңыз бизге өзүнүн жеке маалыматтарын берди деп ишенүүгө негизиңиз бар болсо,""Байланыштар"" 13-бөлүмүндөкөрсөтүлгөн ыкманы колдонуу менен биз менен байланышыңыз. 5. Купуялык жөнүндө эскертүү 5.1. Сиздин инсандыгыңызды идентификациялоо менен жеке маалыматтарды иштетүү. Агенттиктин маалымат ресурсу (сайт, мобилдик тиркеме) төмөнкү максаттарга жетүү үчүн сизди жеке адам катары идентификациялоо үчүн жеке маалыматтарды иштетүүнү ишке ашырат: 5.1.1. Жаңылыктар сайтында жеке кабинеттин функционалын берүү. Жаңылыктар сайты деп Агенттиктин интернет-басылмасын түшүнүү керек, анын адистиги жаңылыктарды же жаңылыктык материалдарды чогултуу жана жайылтуу болуп саналат. Жеке маалыматтарды иштетүү максаты. Жаңылыктарды талкуулоого катышууга, жаңылыктарга түшүндүрмө берүүгө мүмкүнчүлүк берүү. Көрсөтүлгөн максат үчүн иштетилүүчү жеке маалыматтар. Сайтта катталуу үчүн төмөнкүлөрдү камсыз кылышыңыз керек: атыңыз же лакап атыңыз жана электрондук почта дареги. Каттоо эсебиңизди түзгөндөн кийин, Сиз өзүңүздүн жеке кабинетиңизде кошумча маалыматтарды көрсөтсөңүз болот: сүрөт, жашыңыз тууралуу маалымат; жынысыңыз; туулган күнүңүз; өлкөңүз; Google ID, Apple ID, социалдык тармактардагы аккаунт IDси. Кошумча маалыматтар милдеттүү болуп саналбайт. Эгер сиз Google ID, Apple ID, социалдык тармактагы аккаунт IDсин көрсөтсөңүз, анда сайт Сиздин социалдык тармактагы аккаунтуңуздагы маалыматтар: атыңыз, фамилияңыз, сүрөтүңүз, туулган күнүңүз, жынысыңыз, электрондук почта дареги, жазылуулар иштетилет. Жеке маалыматтарды иштетүү үчүн мыйзамдык негиздер. Сиздин макулдугуңуз. Жеке маалыматтарды сактоо мөөнөтү. Каттоо эсебиңизди өзүңүз жок кылмайынча же сиз макулдукту кайтарып алууга суроо-талап жөнөткөнгө чейин (маалыматтарды жок кылуу). Макулдукту кайтарып алуу тартиби.""Макулдукту кайтарып алуу укугу"" 8.7-пунктундакөрсөтүлгөн. Жеке маалыматтарды үчүнчү жактарга өткөрүп берүү. Эгерде сиз жеке кабинетиңиздин баптоолорунда өзүңүздүн Google ID, Apple ID, социалдык тармактагы аккаунт IDсин көрсөтсөңүз, анда сиздин жеке маалыматтарыңыз үчүнчү жактарга, атап айтканда: Google LLC (Firebase, Google Analytics); Twitter Inc. (Твиттер); Вконтакте ЖЧК (Вконтакте), Apple Inc. өткөрүлүп берилет. Сиздин жеке кабинетиңиздин баптоолорунда социалдык тармактар тууралуу маалыматтар болбосо, үчүнчү жактарга өткөрүп берүү жүргүзүлбөйт. Жеке маалыматтарды үчүнчү өлкөлөргө жана эл аралык уюмдарга өткөрүп берүү. Эгерде Сиздин жеке кабинетиңиздин баптоолорунда социалдык тармак тууралуу маалымат болсо, жеке маалыматтарды иштетүү Россия Федерациясынын аймагында, АКШда жана социалдык тармактын провайдери бар болгон башка өлкөлөрдө жүргүзүлөт. Жеке кабинетиңиздин баптоолорунда социалдык тармактар тууралуу маалымат болбосо, жеке маалыматтарды иштетүү Россия Федерациясынын аймагында гана жүргүзүлөт. 5.1.2. Медиасайтта жеке кабинеттин функционалын берүү. Медиасайт деп Агенттиктин маалымат ресурсу түшүнүлүшү керек, анда Агенттик тарабынан аларды андан аркы пайдалануу жана кийинки жайылтуу максатында түзүлгөн санариптик форматтагы маалымат продуктулары (фото, видео, аудио ж.б.) жайгаштырылган. Фотоматериалдарды, графикалык, инфографикалык, аудиовизуалдык материалдарды колдонуу укугуна лицензия берүү. Аты, фамилиясы, электрондук почта дареги, логин, компаниянын аталышы, компаниянын өнөр жайы, шаар, өлкөсү, иштеген жери, ээлеген кызматы, почта индекси, дареги, байланыш телефонунун номери. Келишим (лицензиялык макулдашуу). Келишим (лицензиялык макулдашуу) аракети токтотулганга чейин. Келишим токтотулгандан кийин келишим ички архивдик сактоого өткөрүлүп берилет. Келишимди сактоо мөөнөтү колдонуудагы мыйзамдардын талаптарына ылайык иштердин ички номенклатурасы менен аныкталат. Жеке маалыматтарды үчүнчү жактарга өткөрүп берүү жүргүзүлбөйт. Жеке маалыматтарды иштетүү Россия Федерациясынын аймагында гана жүргүзүлөт. 5.1.3. Коммерциялык маалымат ресурсундагы жеке кабинеттин функционалын уюмга берүү. Коммерциялык кызматтарды көрсөтүү. Электрондук почта; уюм; логин; колдонулуучу жаңылык каналдары жөнүндөгү маалыматтар. Келишим (лицензиялык макулдашуу) токтотулганга чейин. 5.1.4. Конкурстар же башка иш-чараларды өткөрүү. Маркетинг конкурстары жана акцияларын өткөрүү. Социалдык тармактардагы аккаунттардын IDси, фамилиясы, аты, атасынын аты, жашы, өлкөсү, интернет-мессенджерлер жана социалдык тармактардагы байланыштар тууралуу маалыматтар, байланыш телефондорунун номерлери, электрондук почта дареги, фото, видео. Сиздин жеке маалыматтарыңызды иштетүү үчүн мыйзамдуу негиздер. Конкурска же башка иш-чарага катышуу эрежелери. Иш-чаранын аягына чейин. Жеңүүчүлөрдүн берилмелери аларга сыйлыктарды бергенге чейин иштетилет. Үчүнчү жактар иш-чараларды уюштурууга (өнөктөштөр, үчүнчү тараптардын аянттары) же сыйлыктарды берүүгө (почта кызматтары, курьердик кызматтар же өнөктөштөр) тартылган учурда, жеке маалыматтар үчүнчү жактарга өткөрүлүп берилет. Конкурстун бардык этаптарын, анын ичинде жеңүүчүлөргө сыйлыктарды берүүнү уюштуруу убагында Агенттик жеке маалыматтарды үчүнчү жактарга өз алдынча өткөрбөйт. Үчүнчү жактар иш-чараларды уюштурууга (өнөктөштөр, үчүнчү тараптардын аянттары) же сыйлыктарды берүүгө (почта кызматтары, курьердик кызматтар же өнөктөштөр) тартылган учурда, жеке маалыматтарды иштетүү Россия Федерациясынын аймагында жана үчүнчү жактар бар өлкөлөрдө жүргүзүлөт. Тартылган үчүнчү жактар болбогон учурда жеке маалыматтарды иштетүү Россия Федерациясынын аймагында гана жүргүзүлөт. 5.1.5. Электрондук каттар- жөнөтмөлөр жана эскертүүлөрдү жөнөтүү. Маалыматтык жөнөтмөлөрдү ишке ашыруу. Фамилиясы, аты; электрондук почта дареги; турган жеринин дареги; почталык клиент тууралуу маалыматтар. Сиздин макулдугуңуз кайтарып алынганга чейин. The Rocket Science Group (Mailchimp); SendPulse Inc. (Sendpulse). Жеке маалыматтарды үчүнчү өлкөлөргө жана эларалык уюмдарга өткөрүп берүү. Жеке маалыматтарды иштетүү Россия Федерациясынын, АКШ, Германия жана Литва Республикасынын аймагында жүргүзүлөт. 5.1.6. Кайра байланыш мүмкүнчүлүгүн камсыз кылуу. Жеке адамдын же уюмдун өкүлүнүн кайрылууларын (даттанууларын, сунуштарын) кароо. Фамилиясы, аты; иштеген жери жана ээлеген кызматы; дареги; өлкөсү; байланыш телефон номерлери; электрондук почтанын дареги. Маселеңизди чечүү үчүн Сиз менен кайра байланышты камсыз кылуу. Кайрылууда бизге жиберилген сурооңуз чечилгенге чейин. 5.2. Сиздин инсандыгыңызды идентификациялоосуз жеке маалыматтарды иштетүү. Биздин сайт төмөнкү максаттарга жетүү үчүн Сизди жеке адам катары идентификациялоосуз автоматтык түрдө маалыматтарды чогултууну жүргүзөт: 5.2.1. Ички аналитикалык тутумдардын жардамы менен маалымат ресурсун (сайттар жана мобилдик тиркемелер) колдонуучунун жүрүм-турумун талдоо. Сайттын/мобилдик тиркеменин ишин жакшыртуу, контент берүү, эң тиешелүү жаңылык материалдарын көрсөтүү, Агенттиктин сайтында/мобилдик тиркемесинде жана жарнама тармактарында максаттуу жарнамаларды көрсөтүү. Cookie, IP дареги, жайгашкан жери тууралуу маалыматтар, ОТ түрү жана версиясы, браузердин түрү жана версиясы, түзмөктүн түрү жана экрандын токтому, колдонуучунун сайтка кайдан, кайсы сайттан же кайсы жарнама аркылуу келгени, ОТ жана браузердин тили, колдонуучунун Интернет тармагындагы активдүүлүгү. Мыйзамдуу кызыкчылык. Сиздин маалыматыңызды чогултуу убагында биз мыйзамдуу кызыкчылыкты жетекчиликке алабыз, анткени бул учурда башка негиздер колдонула албайт. Биздин иш-аракеттер сиздин берилген мазмунга болгон кызыгууңуз, аны колдонуунун ыңгайлуулугуна байланыштуу болот. Биздин сайтта колдонуучунун жүрүм-турумун талдоо жалпыга маалымдоо каражаттарынын иш-аракети үчүн кеңири таралган практика болуп саналат, бул жагынан биз сиздердин бул тууралуу кабардар болушуңузга таянабыз. Биз белгилеген максатка жетүү үчүн жүргүзүлгөн Сиздин маалыматтарыңыздын талдоосу Сиздин укуктарыңыз жана эркиндиктериңизге олуттуу таасир этпей турганын ырастайбыз. Сактоо мөөнөтү cookie файл түрүнө байланыштуу болот. Тийиштүү акысыз тышкы сервистерди колдонуп, cookie-файлдардын түрлөрүнүн сүрөттөмөсү менен өз алдынча таанышсаңыз болот, мисалы:https://www.hotcleaner.com/cookie-editor/. 5.2.2. Маалымат ресурсун (сайттар жана мобилдик тиркемелер) колдонуучунун жүрүм-турумун үчүнчү тараптын ресурстарынын жардамы менен талдоо. Сайттын/мобилдик тиркеменин иштешин жакшыртуу, контент берүү, эң тиешелүү жаңылык материалдарын көрсөтүү, максаттуу жарнаманы көрсөтүү. Cookie, IP дареги, жайгашкан жери тууралуу маалымат, ОТ түрү жана версиясы, браузердин түрү жана версиясы, түзмөктүн түрү жана экрандын токтому, колдонуучу сайтка кайдан, кайсы сайттан же кайсы жарнама аркылуу келгени, ОТ жана браузердин тили, колдонуучунун Интернет тармагындагы активдүүлүгү. 1) Cookie-файлдын түрүнө жараша анын сактоо мөөнөтү аяктаганга чейин. Тийиштүү акысыз тышкы сервистерди колдонуп, cookie-файлдын түрүнө жараша сактоо мөөнөтү менен өз алдынча таанышсаңыз болот, мисалы:https://www.hotcleaner.com/cookie-editor/. 2) Макулдук кайтарып алынганга чейин (иштетүүдөн баш тартуу). Макулдукту кайтарып алуу тартиби""Макулдукту кайтарып алуу укугу"" 8.7-пунктундакөрсөтүлгөн. Үчүнчү жактарга жеке маалыматтарга жетүүнү камсыз кылуу. Бул максатка жетүү үчүн үчүнчү тарап кызматтарынын маалымат ресурстарына туташуу колдонулат. Бул кызматтарга талдоо жүргүзүү максатында жеке маалыматтарыңызды чогултуу мүмкүнчүлүгү берилет. Бул учурда, Сиздин жеке маалыматтарыңызды иштетүү үчүнчү тарап кызматтарынын Купуялык саясаты менен жөнгө салынат. Жеке маалыматтарды иштетүү Россия Федерациясынын аймагында, АКШда, Египетте жана үчүнчү тараптын кызматтары бар башка өлкөлөрдө жүргүзүлөт. 5.3. Маалымат ресурстарын пайдаланбастан Агенттиктин ишинин алкагында маалыматтарды иштетүү. Биз сиздин Жеке маалыматтарыңызды төмөнкү максаттарга жетүү үчүн маалымат ресурстарын пайдаланбастан иштетебиз: 5.3.1. Агенттиктин өзүнүн иш-чарасына же Агенттик тарабынан уюштурулган иш-чарага ЖМКнын өкүлүн, блогерди аккредитациялоо. Агенттиктин өзүнүн иш-чарасына же Агенттик тарабынан уюштурулган иш-чарага ЖМКнын өкүлүн, блогерди аккредитациялоо. Фамилиясы, аты, Атасынын аты; жынысы; жарандыгы; инсандыгын ырастоочу документтин реквизиттери; сүрөт; паспорт барактарынын көчүрмөлөрү; иштеген жери жана ээлеген кызматы; визанын категориясы жана номери; электрондук почтанын дареги; байланыш телефондорунун номерлери; кирүү максаты. Аккредитациялоо жүргүзүү мөөнөтүнүн ичинде жана аккредитациялоо аяктагандан кийин бир жылдын ичинде. Жеке маалыматтарды үчүнчү жактарга өткөрүп берүү, эгерде алар Агенттиктин иш-чараларын өткөрүү процессине тартылган болсо, жүзөгө ашырылат. Жеке маалыматтарды иштетүү Россия Федерациясынын аймагында жана иш-чаралар өтүп жаткан өлкөнүн аймагында жүргүзүлөт. 5.3.2. Агенттиктин иш-чарасына чакыруу. Агенттиктин иш-чарасын уюштуруу. Фамилиясы, аты, атасынын аты; сүрөт; иштеген жери жана ээлеген кызматы; электрондук почтанын дареги; байланыш телефондорунун номерлери; илимий даражалары жөнүндө маалымат; өмүр баяны жөнүндө маалымат; Интернет-мессенджерлердеги жана социалдык тармактардагы байланыштары жөнүндө маалымат. Жеке маалыматтарды үчүнчү жактарга өткөрүп берүү, эгерде алар Агенттиктин иш-чарасын өткөрүү процессине тартылса, жүзөгө ашырылат. Жеке маалыматтарды иштетүү Россия Федерациясынын аймагында жана иш-чара өтүп жаткан өлкөнүн аймагында жүргүзүлөт. 5.3.3. Агенттиктин өнөктөштөрүнүн өкүлдөрүнүн, контрагенттеринин жана клиенттеринин маалыматтарын иштетүү. Жарандык-укуктук келишимди түзүү, аткаруу жана бузуу; келишимди контрагент менен макулдашуу. Фамилиясы, аты, атасынын аты; иштеген жери жана ээлеген кызматы; электрондук почтанын дареги; байланыш телефонунун номери. Келишим түзүүгө, ошондой эле келишимди аткарууга багытталган аракеттер (келишимдин ар кандай түрү). Келишим түзүлгөнгө чейин, келишимдин аракети токтогонго чейин. 5.3.4. Жалпыга маалымдоо каражаттарынын ишмердүүлүгүнүн алкагында материалдарды даярдоо. ЖМК ишин жүргүзүү. Фамилиясы, аты, атасынын аты; иштеген жери жана ээлеген кызматы; сүрөтү; интервьюнун аудио жазуусу; интервьюну же сөздү видео жазуусу; өмүр баяны; электрондук почтанын дареги; байланыш телефонунун номери; Интернет-мессенджерлердеги жана социалдык тармактардагы байланыштар жөнүндө маалымат. Сиздин маалыматыңызды чогултуу убагында биз мыйзамдуу кызыкчылыкты жетекчиликке алабыз, анткени бул учурда башка негиздер колдонула албайт. Биздин ишмердүүлүк коомдун түрдүү чөйрөлөрүндө болуп жаткан окуяларга оперативдүү жооп кайтарууга жана аларды жаңылык материалдар түрүндө көрсөтүүгө негизделген. Жалпыга маалымдоо каражаттарынын ишмердүүлүгүнүн алкагында материалды түзүүдө жеке маалыматтар колдонулушу мүмкүн жана бул жеке маалыматтар, эгерде бул жеке адамдын укуктарын жана эркиндиктерин бузбаса, жалпыга жеткиликтүү болуп калат жана биз бул тууралуу Сиздин кабардар болушуңузга таянабыз. ММКнын журналисттик ишмердүүлүгүн жүргүзүүнүн алкагында мөөнөтсүз. 5.3.5. ЖМК өкүлдөрүнө жөнөтмөлөрдү ишке ашыруу. Жаңылык жөнөтмөлөрүн ишке ашыруу. Фамилиясы, аты, атасынын аты; иштеген жери; байланыш телефонунун номери; электрондук почтанын дареги; өлкө. Макулдукту кайтарып алуу тартиби""Макулдукту кайтарып алуу укугу"" 8.7-пунктундакөрсөтүлгөн. 6. Профилдештирүүнү кошкондо жекече чечимдерди автоматташтырылган түрдө кабыл алуу Биз максаттарыбызга жетүү үчүн Сиздин жеке маалыматыңызды иштеткен убакта, биз профилдештирүүү кошкондо жекече чечимдерди автоматташтырылган түрдө, анын ичинде кабыл албайбыз. 7. Жеке маалыматтарды жок кылуу Жеке маалыматтарды жок кылуу, эгерде колдонуудагы мыйзамдарда башка шарттар каралбаса, иштетүү максатына жеткенден кийин, аларды сактоо мөөнөтү аяктагандан кийин, жеке маалыматтар субъектинин макулдугун кайтарып алган учурда же келишим бузулганда жүргүзүлөт. Ошондой эле, жеке маалыматтар мыйзамсыз иштетилгени аныкталган учурда жок кылынууга тийиш. 8. Сиздин укуктарыңыз 8.1. Сиз жөнүндө маалыматтарга жетүү укугу. Сиз жеке маалыматтарыңызды иштетүү тартиби: иштетүүнүн максаттары, категориялары, анын ичинде башка өлкөлөрдөн же эл аралык уюмдардан алуучулар же алуучулардын категориялары, сактоо мөөнөтү, иштетүүнү токтотуу шарттары, жеке маалыматтарды алуу булагы жөнүндө бизден маалымат алууга укуктуусуз. Сиз бизден электрондук түрдө иштетилип жаткан маалыматтарыңыздын кеңири колдонулган форматындагы электрондук көчүрмөсүн, эгер бул укук колдонуудагы мыйзамдарда ачык аныкталган болсо, алууга укугуңуз бар. 8.2. Сиздин жеке маалыматтарыңызды оңдоо укугу. Эгерде Сиздин жеке маалыматтарыңыз так эмес, толук эмес же эскирип калган болсо, Сиз аларды биз тараптан кечиктирбестен оңдоону талап кылууга укугуңуз бар же ылайыктуу болсо, аларды өзүңүз, мисалы, жеке кабинетиңиздин баптоолорунан оңдой аласыз. Жеке маалыматыңызды оңдогондон кийин, биз сизге бул тууралуу кабарлайбыз. 8.3. Сиздин жеке маалыматтарыңызды жок кылуу укугу. Сиздин жеке маалыматтарыңызды биз тараптан кечиктирбестен жок кылууну талап кылууга укугуңуз бар, же ылайыктуу болсо, аны өзүңүз, мисалы, жеке кабинетиңиздин баптоолорунан жок кыла аласыз. Эгерде биз Сиздин жеке маалыматыңызды жок кыла албасак, анда анын ээсин аныктоо мүмкүн болбой тургандай кылып, Сиздин жеке маалыматыңызды анонимдүү кылабыз. Жеке маалыматтарыңызды жок кылгандан же анонимдөөдөн кийин, биз бул тууралуу Сизге кабарлайбыз. 8.4. Иштетүүнү чектөө (бөгөттөө) укугу. Сиздин жеке маалыматтарыңызды иштетүүнү чектөөнү (бөгөттөө) бизден талап кылууга укугуңуз бар. Сиз бул укуктан төмөнкү учурларда гана пайдалана аласыз: 1) жеке маалыматтардын тууралыгы бизге маалыматтардын тууралыгын текшерүүгө мүмкүндүк берген мөөнөт ичинде сиз тарабынан талашып-тартылып жаткан болсо; 2) иштетүү мыйзамсыз жана Сиз жеке маалыматтарыңыздын жок кылынышына каршы болуп, аларды колдонууну чектөөнү сурансаңыз; 3) бизге мындан ары кайра иштетүү максаттары үчүн жеке маалыматтар керек болбосо, бирок алар юридикалык талаптарды аныктоо, жүзөгө ашыруу же коргоо үчүн зарыл болсо; 4) Биздин мыйзамдуу негиздер сиздин негиздериңизден жогору экендигин текшерүүдөн мурун кайра иштетүүгө каршы болсоңуз. Сиздин жеке маалыматыңызды иштетүүгө чектөөлөр (бөгөттөө) орнотулган учурда, биз тарабынан иштетүү бөгөттөө алынып салынганга чейин токтотулат, бирок анда биз Сиздин жеке маалыматыңызды сактайбыз. Сиз алардан жеке маалыматтарыңызды иштетүүгө чектөөнү (бөгөт коюуну) каалаган убакта""Байланыштар"" 13-бөлүмүндөкөрсөтүлгөн тартипте суроо-талап жөнөтүү аркылуу алып салсаңыз болот. 8.5. Маалыматтарды көчүрүү укугу. Сиздин жеке маалыматтарыңызды структураланган жана машина окуй турган форматта алууга, ошондой эле бул маалыматтарды башка уюмга өткөрүп берүүгө укугуңуз бар. Сиз бул укукту Сиздин маалыматтарыңыз макулдугуңуздун же кол коюлган келишимдин негизинде электрондук түрдө иштетилген убакта, Сиз тараптардын бири болуп саналган жана бул укук колдонуудагы мыйзамдарда так аныкталган жана техникалык жактан ишке ашышы мүмкүн болгон учурда пайдалана аласыз. 8.6. Каршы чыгуу укугу. Сиз каалаган убакта жүйөлүү каршы пикириңиздин негизинде жеке маалыматтарыңызды иштетүүгө каршы чыгууга укугуңуз бар, эгерде: 1) коомдук кызыкчылык үчүн милдеттер аткарылса же бизге жүктөлгөн расмий ыйгарым укуктарды ишке ашырылса; 2) биз же үчүнчү тарап көздөгөн мыйзамдуу кызыкчылыктар болсо, бирок мындай кызыкчылыктар сиздин укуктарыңызды жана эркиндиктериңизди коргоо үчүн зарыл болбосо. Биз Сиздин жеке маалыматыңызды иштетүү үчүн ынандырарлык мыйзамдуу негиздерди көрсөтө албасак, аларды иштетпейбиз. Сиз ошондой эле жеке маалыматтарыңыздын маркетинг максаттарында, анын ичинде профилдештирүүү үчүн иштетилишине каалаган убакта, эгерде мындай каршылык колдонуудагы мыйзамдарда ачык каралган болсо, каршы чыга аласыз. 8.7. Макулдукту кайтарып алуу укугу Эгер Сиздин маалыматтарыңыз Сиздин макулдугуңуздун негизинде иштетилсе, Сиз аны кайтарып алууга укуктуусуз. Биз макулдукту жөнөкөй кайтарып алуу функционалын ишке ашырабыз: 1) электрондук кат -жөнөтмөлөр дарегине жазуу аркылуу макулдукту кайтарып алуу. Сиз макулдугуңуздан бир нече жол менен кайтарып ала аласыз: а) ар бир жөнөтүлгөн электрондук почтада бар ""Жазылууну токтотуу"" шилтемесин басуу менен; б) электрондук кат -жөнөтмөлөр дарегине жооп каты менен кайтарып алуу пикириңизди жөнөтүү аркылуу; в) орундуу болсо, сиздин жеке кабинетиңиздин баптоолорунан өз алдынча жөнөтмөнү өчүрүү аркылуу. 2) сайттагы жеке кабинетте жеке маалыматтарды иштетүүгө макулдукту кайтарып алуу. а) сайттын жеке кабинет баптоолорунда аккаунтту жок кылуу менен (""Баптоолор"" бөлүмүндөгү ""аккаунтту өчүрүү"" шилтемеси); б)""Байланыштар"" 13-бөлүмүндөкөрсөтүлгөн тартипте бизге суроо-талап жөнөтүү аркылуу. 3) cookie иштетүүгө макулдукту кайтарып алуу (cookie иштетүүдөн баш тартуу). Сайттагы көз салуу баптоолорунун жардамы менен жеке маалыматтарыңызды иштетүү категорияларын өчүрүү жеCookie колдонуу жана автоматтык логирлөө саясатындакөрсөтүлгөн нускама боюнча макулдугуңузду кайтарып ала аласыз (иштетүүдөн баш тарта аласыз). Cookie файлдарынын түрүнө жараша, алар түзмөгүңүздөгү браузерди жапкандан кийин автоматтык түрдө жок кылынышы мүмкүн. Эгер автоматтык түрдө өчүрүү каралбаган болсо, анда сиздин макулдугуңуз кайтарып алынгандан кийин иштетүү токтотулат. 4) маалымат ресурстарын пайдаланууга байланышпаган максаттарда жеке маалыматтарды иштетүүгө макулдукту кайтарып алуу. Сиз""Байланыштар"" 13-бөлүмүндөкөрсөтүлгөн тартипте бизге суроо-талап жөнөтүү менен макулдугуңузду кайтарып ала аласыз. 8.8. Көзөмөл органына арыз берүү укугу. Маалыматтарыңызды кантип иштетип жатканыбызга, укуктарыңызды коргогонубузга жана ишке ашыруубузга шектенсеңиз, өлкөңүздүн ыйгарым укукту көзөмөл органына арыз берүү укугуңуз бар. Эгер сиз Россия Федерациясынын жараны болсоңуз же Россия Федерациясынын аймагында болсоңуз, андаРоскомнадзордунсайтынан көзөмөл органынын байланыштарын карай аласыз. Эгер сиз Европа Бирлигинин жараны болсоңуз же Европа Бирлигинин аймагында болсоңуз, андаЕвропалык маалыматтарды коргоо кеңешинин сайтынанкөзөмөл органынын байланыштарын карай аласыз. Эгер сиз Европа Бирлигинин мүчө-өлкөлөрүнүн тизмесине кирбеген мамлекеттин жараны болсоңуз же сиз ушул мамлекеттин аймагында болсоңуз, анда көзөмөл органынын байланыштарын ушул мамлекеттин ыйгарым укуктуу органынын расмий сайтынан таба аласыз. 8.9. Маалыматтын субъектин идентификациялоо үчүн кошумча маалыматты суроо. Эгерде сиз берген маалыматтар Сиздин укуктарыңызды ишке ашыруу үчүн жетишсиз болсо, инсандыгыңызды ишенимдүү тастыктоо үчүн сизден кошумча маалыматты талап кылышыбыз мүмкүн. Биз кошумча маалыматтын керектүү минималдуу курамын суроого аракет кылабыз. Эгер Сиз кошумча маалыматтарды бербесеңиз, биз Сиздин укуктарыңызды ишке ашыра албайбыз. Кошумча маалыматты талап кылуу менен биз Сиздин укугуңузду бузуп жатабыз деп ойлосоңуз, тиешелүү көзөмөл органына арыз менен кайрылсаңыз болот. 8.10. Сиздин укуктарыңыз боюнча маалымат берүүнүн шарттары. Сиздин укуктарыңызды ишке ашырууга байланыштуу маалыматтар бекер берилет. Эгерде сиздин өтүнүчүңүз ачык эле негизсиз же ашыкча болсо, атап айтканда, анын кайталануучу мүнөзүнөн улам, биз жооп берүүдөн баш тартышыбыз же суралган маалыматты бергенибиз үчүн сизден акы алуубуз мүмкүн. 8.11. Сиз өз укугуңузду кантип ишке ашыра аласыз. Сиздин укуктарыңызды ишке ашыруу үчүн биз бир нече жолду сунуштайбыз: 1) Сиз жеке маалыматтарыңыздын корголушуна байланыштуу бизге кайрылуу жөнөтүү үчүн сайтта жайгаштырылганкайра байланышформасын колдоно аласыз; 2) өзүңүздүн жеке кабинетиңиздин функционалын колдонуу убагында орундуу болсо, өз укуктарыңызды өз алдынча ишке ашыра аласыз; 3) Олуттуу суроолор боюнча,""Байланыштар"" 13-бөлүмүндөкөрсөтүлгөн жол менен маалыматтарды коргоо үчүн жооптуу адам менен түздөн-түз байланыша аласыз. 8.12. Биз сиздин укугуңузду ишке ашыра албай калганда. Колдонуудагы мыйзамдар талап кылса, биз милдеттерибиздин көлөмүн жана Сиздин укуктарыңызды чектей алабыз. Бул чектөөлөр Сиздин жеке маалыматтарыңыз төмөнкүдөй иштетилсе, колдонулушу мүмкүн: 1) улуттук коопсуздукту камсыз кылуунун алкагында; 2) коргоо үчүн; 3) коомдук коопсуздук үчүн; 4) алдын ала текшерүү, тергөө, инсандыгын аныктоо жүзөгө ашырылган учурда же кылмыш жасагандыгы үчүн соттук артынан түшүү же жазык-укуктук жазаларды аткаруу, анын ичинде коомдук коопсуздукка коркунучтардын алдын алуу жана коргоо учурунда; 5) сиз турган мамлекет үчүн мыйзамдуу коомдук кызыкчылыктын башка маанилүү максаттары үчүн, атап айтканда, маанилүү экономикалык же финансылык кызыкчылыктар, анын ичинде акча-кредит, бюджеттик жана салык маселелери, саламаттыкты сактоо жана социалдык камсыздоо; 6) соттун жана сот өндүрүшүнүн көз карандысыздыгын коргоо максатында; 7) жөнгө салынуучу кесиптер боюнча этикалык бузуулардын алдын алуу, тергөө, аныктоо жана куугунтуктоо; 8) расмий ыйгарым укуктарды жүзөгө ашырууга байланышкан мониторинг, текшерүү же жөнгө салуу функциясын аткаруу үчүн; 9) Сизди же Сиздин укуктарыңыз менен башка адамдардын эркиндиктерин коргоо үчүн; 10) жарандык-укуктук доо коюу укугун ишке ашыруу жана сот чечимдерин аткаруу үчүн. Ошондой эле, кээ бир укуктарды ишке ашыруу үчүн өзгөчө шарттар бар, аларды аткарбастан укукту ишке ашыруу мүмкүн эмес, атап айтканда: Жок кылуу укугу үчүн өзгөчөлүктөр: 1) сөз эркиндигине жана маалыматка болгон укукту ишке ашыруу үчүн; 2) колдонуудагы мыйзамдарга ылайык иштетүүнү талап кылган юридикалык милдеттенмени аткаруу же коомдук кызыкчылыкта же колдонуудагы мыйзам тарабынан бизге жүктөлгөн расмий ыйгарым укуктарды жүзөгө ашыруу тартибинде аткарылган тапшырманы аткаруу үчүн; 3) калктын саламаттыгын сактоо жаатындагы коомдук кызыкчылыктын себептери боюнча; 4) коомдук кызыкчылык үчүн архивдөө максатында, илимий же тарыхый изилдөө максаттарында же статистикалык максаттарда; 5) соттук доолорду козгоо, жүзөгө ашыруу же коргоо үчүн. Иштетүүнү чектөө (бөгөттөө) укугу үчүн өзгөчөлүктөр: 1) Сиздин макулдугуңуз менен юридикалык талаптарды коюу, ишке ашыруу же коргоо үчүн; 2) башка жеке же юридикалык жактын укуктарын коргоо үчүн; 3) мамлекеттин маанилүү мыйзамдуу коомдук кызыкчылыктарын камсыз кылуу максатында. Эгерде биз Сиздин талабыңыз боюнча укугуңузду ишке ашыра албасак, анда биз сизге жүйөлүү баш тартуу жазабыз. 9. Cookie жана автоматтык логирлөө Саясаттын5.2-пунктундакөрсөтүлгөн максаттарга жетүү үчүн, биз cookie жана берилмелерди автоматтык логирлөө технологияларын колдонобуз. Cookie – бул түзмөктө (компьютерде, планшетте, смартфондо ж.б.) сакталуучу кичинекей тексттик файл. Автоматтык логирлөө лог-файл көрүнүшүнө ээ жана биздин веб-серверлер жана коопсуздук тутумдары тарабынан колдонулат. Бул берилмелерди иштетүү биздин сайтты коопсуз пайдалануу үчүн, ошондой эле анын ишинин сапатын жогорулатуу үчүн гана арналган. Биз бул маалыматты жеке Сиздин инсандыгыңызды идентификациялоо үчүн колдонбойбуз жана бул берилмелерди башка берилмелер менен бириктирбейбиз, өткүрүп бербейбиз жана колдонуучулардын жеке профилдерин түзбөйбүз. Бул технологияларды колдонуубуз тууралуу көбүрөөк маалымат менен Cookie колдонуу жана автоматтык логирлөө Саясатында тааныша аласыз. 10. Жеке маалыматтарды үчүнчү өлкөлөргө өткөрүп берүү кепилдиктери жөнүндө маалымат Катышкан өлкөлөрү жеке маалыматтарды коргоонун тийиштүү деңгээлин камсыз кылган өлкөлөрдүн катарына кирбеген контрагенттер менен өз ара аракеттенүүдө биз Европа Комиссиясы, Роскомнадзор жана улуттук мыйзамдар тарабынан сунушталган стандарттык келишим шарттарын колдонобуз. Биз Сиздин жеке маалыматтарыңызды коргоо үчүн эң мыкты коопсуздук жана купуялык практикасына ылайык коопсуздук чараларын көрдүк. Биз сиздин маалыматыңызды коргоо үчүн алдын алуу чараларын колдонобуз. 11. Маалыматтын коопсуздугу Биз чогулта турган жана сактаган жеке маалыматтар купуя маалымат болуп эсептелет. Алар жоготуудан, өзгөртүүдөн же уруксатсыз кирүүдөн корголгон. Бул учун техникалык каражаттарды жана уюштуруу чараларын колдонобуз. Биз маалыматтарды коргоо тутумдарыбызды дайыма өркүндөтүп жатабыз. Биз иштетүү убагында Сиз үчүн коркунучтарды аныктоо үчүн маалыматтарды коргоонун таасирин баалоо процедурасын жүргүзөбүз. Биз аныкталган тобокелдиктерди техникалык жана уюштуруу коргоо чараларын колдонуу жардамы менен азайтабыз. Биз Сизге берген сайтыбыздагы каттоо эсебиңиздин купуя сөзүн сактоого сиз жооптуусуз. Сиз бул купуя сөздү сыр сактап, аны эч кимге бербешиңиз керек. 12. Саясаттын өзгөрүшү Биз саясатка өзгөртүүлөрдү киргизүү укугун өзүбүзгө калтырабыз. Саясатка киргизилген өзгөртүүлөр жөнүндө бизде жеткиликтүү болгон бардык каражаттарды колдонуу менен Сизге кабарлайбыз (каттоо учурунда көрсөткөн электрондук почта дарегиңиз аркылуу; Сиз киргенде биздин сайт аркылуу). Дайыма саясаттын ар бир жаңыртуусун карап турушуңузду сурайбыз. 13. Байланыштар Бизге жеке маалыматтарды коргоого байланыштуу суроо-талапты жөнөтүү үчүн, Сизкайра байланышформасын колдоно аласыз. Жеке маалыматтарды коргоого байланыштуу эң маанилүү суроолор боюнча, маалыматты коргоо үчүн жооптуу адам менен түздөн-түз электрондук почта дареги боюнча байланышсаңыз болот: Аты: Дмитрий Фамилиясы: Наймушин Электрондук почта дареги:privacy@sputniknews.com Бул байланыштар жеке маалыматтарды иштетүү жана коргоо боюнча өз ара аракеттенүү үчүн гана колдонулаарын эске алыңыз. Жеке маалыматтарды коргоого тиешеси жок суроо-талаптар каралбайт. Жеке маалыматтарды коргоого тиешеси жок суроо-талаптар үчүн Агенттиктинбайланыш тизмесиндеги даректиколдонууну сурайбыз. Көңүл бургула! Кайрылуунун темасына жараша туура бөлүмдү тандаңыз. Эгерде сиз туура эмес бөлүмдү тандасаңыз, сиздин сурооңуз жоопсуз калышы мүмкүн, анткени бөлүмдөр өздөрүнүн компетенциясынын чегинде гана жооп беришет. 23.01.2023",sputnik.kg,https://sputnik.kg/20230201/1074537452.html,,kyrgyz,0,high,,news_site
771d5014-9506-4315-8367-b66f85826ea7,Орусиянын Башкырстанга чабуулунан киши өмүрү кыйылды,"15-апрелдин таңында дрондор Орусиянын Башкырстан жумуриятындагы Стерлитамак шаарын бутага алды. Жергиликтүү тургундар жарылуулар жана өрт тууралуу билдирип, социалдык тармактарда дрондордун учуп баратканы жана жарылуулар тартылган видеолор тарады. Аймак башчысы Радий Хабиров бир нече дрон өнөр жай аймагынын үстүндө атып түшүрүлгөнүн билдирди. Анын айтымында, алардын сыныктары ишканалардын биринин аймагына түшүп, өрт чыккан. Кийинчерээк Хабиров дрон чабуулунун натыйжасында ишканалардын бириндеги өрт өчүрүү кызматынын айдоочусу каза болгонун билдирди. Кошумча маалымат берилген жок. ASTRA басылмасы күбөлөр тарткан сүрөт жана видеолорду талдап чыгып, чабуул Стерлитамак мунай-химия заводуна багытталган болушу мүмкүн деген тыянакка келген. Бул завод авиациялык отун, синтетикалык каучук жана башка химиялык продукция  чыгарат жана ""Росхим"" ишканасынын курамына кирет. Маалыматтарга караганда, чабуулдан кийин заводдун кызматкерлери жана шаардагы жогорку окуу жайлардын студенттери эвакуацияланган. Украина тарап азырынча бул окуя боюнча комментарий бере элек. Украина менен Башкырстандын ортосундагы аралык болжол менен 1500 чакырымды түзөт.",azattyk.org,https://www.azattyk.org/a/33732842.html,2026-04-15T18:23:10+06:00,kyrgyz,0,high,,news_site
d9343a50-8950-4bf6-a6b7-8769ead1c5dd,"RUSSIAN OFFICIALS HAVE CAPTURED THE THIRD ALLEGED TERRORISTHe was trying to hide in the forests of the Bryansk region.https://t.co/UJGhiZKo31— UGO & ThĚ Bíg Stéppêrs (@UGOOTWEETS)March 23, 2024 [split]","Бирок кармалган адам менен Рустам Ажиевдин сүрөтүн салыштыра келгенде бул таптакыр эки башка адам экени ачык айкын көрүнүп турат. Интернеттеги белгилүү талдоочу @DefMon3 биринчи кезекте алардын кулактары окшош эмес экендигине көңүл буруу керектигин айтат, бул адамдын ким экендигин аныктоонун жакшы жолу дейт ал. Кийин белгилүү болгондой, кармалган адам Далержон Мирзоев болуп чыкты. Жалган маалыматтын толкуну Х коомдук тармагында башталды, буга 1 млн жазылуучусу бар @MarioNawfal колдонуучунун посту себепкер болушу мүмкүн. Учурда Науфаль твитти өчүрүп, аны төгүндөгөн пост жазган, бирок жалган маалымат болбой эле интернетте тарап жатат. ФСБнын маалыматы боюнча, шектүүлөр Брянск облусунда кармалышкан. Орусиянын атайын кызматынын билдирүүсу боюнча, «кылмышкерлер орусия-украин чек арасынан өтүп кетүүнү көздөшкөн жана аны үчүн украин тарапта тийиштүү байланыштары болгон». Бул тууралуу Владимир Путин дагы айткан. Бирок бул билдирүү жетиштүү түрдө далилденбеген. Автоунаа токтотулган жана шектүүлөр кармалган жер боюнча бири бирине карама-каршы келген маалыматтар айтылууда. Шектүүлөрдүн М-3 «Украина» трассасында болгонуна далилдердин бири алардын биринин кармалышын тарткан видео болушу мүмкүн. GeoConfirmed тобунун ыктыярчысы видео тартуу жүргүзүлгөн жердин болжолдуу координаталарын аныктаган — 53.079839, 34.554634 — бул болжолдуу түрдө М-3 трассасынын 14-километрине туура келет. Автоунаа токтотулган жерди сүрөттөр боюнча аныктоо татаалыраак. Factcheck.kz редакциясынын божомолунда, ал ушул эле трассада токтотулган. Бирок андай болгон күндө, шектүүлөрдүн ой-максаттарын жана алардын байланыштары тууралуу укук коргоо органдарынын билдирүүлөрүнө бул айныксыз далил боло албайт. Белгилүү болгондой, Брянск облусу Украина менен гана эмес Белорусь менен да чектешет. Кызыгы, алгач Интернетте шектүүлөр түшүп качып кеткен Renault Symbol автоунаасы Тёплый поселогунун жанында кармалды деген маалымат таркатылган. Автодо алты адам болуп, алардын төртөөсү качып кеткен имиш. Тёплый поселогу Белорусь менен чек арага жакын жайгашат. Дагы көңүл бурдура турган жагдай, Белорустун элчиси Дмитрий Крутой бул өлкөнүн атайын кызматтары Орусияга террорчулардын «жалпы чек арадан чыгып кетпөөсүнө» жардам беришти деп билдирген. «Кечээтен бери атайын кызмат уюмдары тыгыз иштешүүдө. Мамлекеттик коопсуздук комитетинин жетекчиси кесиптеши менен дайым түз байланышта. Өткөн түндөгү негизги максат террорчулардын жалпы чек арадан чыгып кетпөөсүнө жол бербөө болду. Бул максатка жеттик. Максималдуу коопсуздук чаралары киргизилди», – Дмитрий Крутой, Белорустун Орусиядагы элчиси. Бирок бир саат өтпөй Орусиянын Мамдумасынын депутаты Александр Хинштейн алдын ала маалымат боюнча, автоунаа эми Хацунь айылына жакын жерда байкалган деп билдирген. Бул конуштуу жай М-3 «Украина» трассасына жакын жерде Тёплый поселогунан 200 чакырым алыстыкта жайгашат. Кийин Интернетте талкаланган Renault Symbol автоунаанын сүрөтү жарыяланган. Кийинчирээк ЖМКлар билдиргендей, автоунаа киев шоссесинин 376-километринде токтотулган. Бул сүрөттө автоунаанын арт жагында жайгашкан чоң карагай жана анын оң жагында жайгашкан кичирээк карагай адамдын көңүлүн өзүнө бурдурат. Google картаны колдонуп 375-километр менен 376-километрдин ортосунда сүрөттөгү карагайга окшош карагайды көрсөк болот. Акыркы сүрөт 2018-жылы жайында тартылып, карагайдын башка бак-дарактардын арасында жакшы байкалбагандыгы салыштырууну бир аз татаалдантат, ал эми анын жанындагы кичирээк карагай такыр эле байкалбайт. Яндекс картасындагы сүрөт жаңыраак. Ал 2021-жылдын 1-февралында тартылган жана андан чоң карагайды жана анын жанындагы кичинекей карагайды көрсөк болот. Алар «Известиянын» репортажында да кадрга түшкөн. Андан кийин коомдук тармактарда шектүү Саидакрами Рачабализоданын кармалышы тууралуу видео пайда болду. @GeoConfirmed тобунун ыктыярчысы кадрлар боюнча видео тартылган жердин болжолдуу координатасын аныктаган — 53.079839, 34.554634, бул болжолдуу түрдө М-3 «Украина» трассасынын 14-километрине туура келет. Айрым деталдар чынында эле окшош. Шектүүнү токойдон алып чыгып келатышат жана видео тартуу болгон жерге аны кайсыл жактан алып (же ташып) келишкенин так айта албайбыз. RUSSIAN OFFICIALS HAVE CAPTURED THE THIRD ALLEGED TERRORIST He was trying to hide in the forests of the Bryansk region. https://t.co/UJGhiZKo31 — UGO & ThĚ Bíg Stéppêrs (@UGOOTWEETS)March 23, 2024 Ошентип, автоунаа башында эле киев шоссесинде болгонбу, же аны кууп жүрүп ушул жактан токтотушканбы; шектүүлөр Тёплый поселогунун жанында болушканбы же бул жалган маалыматпы; террорчулардын жалпы чек арадан чыгып кетпөөсү тууралуу айтып жатып Белорустун Орусиядагы элчиси эмнени айткысы келди эле; чынында эле автоунаа Украина тарапка баратты беле же биринчи көзгө урунган жол аркылуу качып кетүү аракетинде беле, азырынча булар белгисиз. Бул суроолорго так жооптун жоктугу, жана да жалпы эле маалыматтын жетишсиздиги Украинанын тиешеси бар деген версияны негиздүү деп эсептегенге жол бербейт.",factcheck.kg,https://factcheck.kg/ky/terakt-v-krokus-siti-holle-razbiraem-lozhnye-i-nedokazannye-utverzhdeniya/,,kyrgyz,1,0.62,https://factcheck.kg/ky/terakt-v-krokus-siti-holle-razbiraem-lozhnye-i-nedokazannye-utverzhdeniya/,fact_check
d8cd8e04-f029-454d-ab2f-61ee7116d167,Кыргызстандын туңгуч космонавты Салижан Шарипов Ошто окуучулар менен жолугушту,"Кыргызстандын биринчи космонавты, Кыргыз Республикасынын Баатыры Салижан Шарипов түштүк борборго жумушчу сапар менен келип, шаардагы космонавттардын ысымын алып жүргөн Ю. Гагарин жана В. Терешкова атындагы орто мектептердин окуучулары менен жолугушту. Бул тууралуу мэриядан билдирди. Ардактуу мейманды, дүйнөнүн 372-чи, Россиянын 88-чи, Кыргызстандын туңгуч космонавты Салижан Шариповду мэрдин орун басары Масуда Айдарбекова, Россиянын Ош шаарындагы башкы консулу Роман Свистин, билим берүү тармагынын өкүлдөрү жана окуучулар тосуп алышты. Иш-чарада Салижан Шарипов балалык кыялы, космосту багындырууга болгон аракеттери, космостук учуулары жана жеткен ийгиликтери менен бөлүшүп, окуучуларга алдыга койгон максаттарына умтулууну сунуштап, кыялдарынын орундалышына тилектештигин билдирди. 12-апрель — Эл аралык авиация жана космонавтика күнүнө карата өткөрүлүп жаткан иш-чаранын алкагында мектеп окуучуларынын космос мейкиндигин чагылдырган макеттери жана өз колдору менен тарткан сүрөттөрү көрсөтүлүп, чакан концерттик программа тартууланды.",24.kg,https://24.kg/kyrgyzcha/370123_kyirgyizstandyin_tunguch_kosmonavtyi_salijan_sharipov_oshto_okuuchular_menen_jolugushtu/,,kyrgyz,0,high,,news_site
551788c6-e31a-4f1e-833c-710589b80afc,Кыргыз эл жазуучусу Султан Раевдин «Топон» китеби Венгрияда жарык көрдү,"Кыргыз эл жазуучусу Султан Раевдин «Топон» аттуу китеби Будапештте венгр тилинде басылып чыкты. Китепке «Топон» романы, «Күн кармаган бала», «Кашаба» повесттери кирди. 2023-жылы Венгрияда алгач «Жанжаза» романы чыккан. «Жанжаза» романы венгр окурмандар арасында чоң резонанс жараткан. Кыргыз жазуучулар арасынан буга чейин бул өлкөдө залкар жазуучубуз Чыңгыз Айтматовдун бир нече чыгармалары жарык көргөн. «Венгрия атактуу акын Шандор Петөфинин, өткөн жылы Нобель сыйлыгын алган Краснахоркаи Ласлонунун, менин эң сүйүктүү композиторум Ференц Листин мекени. Адабият менен өнөр Мекени Венгрияда чыгармамдын венгр тилинде жарык көрүшү тек гана мен үчүн эмес, кыргыз улут адабияты үчүн да чоң сыймык деп айтар элем», -деди жазуучу «Жанжаза» (2023ж), «Топон» жыйнагын да көрүнүктүү венгр котормочусу Жозеф Горетитю которгон. «Топон» жыйнагынын таанытым кечеси Венгр маданияты жана руханияты борборунда өтө бийик деңгээлде өттү. Кечеге венгр адабиятчылары, коомчулугу, студенттер, адабий ышкыбоздор катышты.",24.kg,https://24.kg/kyrgyzcha/360544_kyirgyiz_eljazuuchusu_sultan_raevdin_topon_kitebi_vengriyada_jaryik_kordu/,,kyrgyz,0,high,,news_site
ccc081ad-b986-44bf-a3b7-2cf02918f7e4,Афган согушкерлеринин Исфарага жөнөгөнү тууралуу тасма – фейк,"Афган согушкерлери Исфараны көздөй жөнөдү делген тасма социалдык тармактарда жана мессенджерлерде жайылды. Тасмада «Камаз» и ЗИЛдин ичинде куралчан адамдардын белгисиз тарапты көздөй жөнөп бара жатканын көрсө болот. Factcheck.kg бул маалыматты текшерип көрүүнү чечти. Тасмаданскриншоталып, издөө салсак, россиялык 201-аскердик базасында тартылган же ага тиешеси бар видеолор чогулганбаракчаныншилтемесине туш болобуз.",factcheck.kg,https://factcheck.kg/ky/videofejk-s-afganskimi-boevikami-napravlyayushhimisya-v-isfaru/,,kyrgyz,1,0.83,https://factcheck.kg/ky/videofejk-s-afganskimi-boevikami-napravlyayushhimisya-v-isfaru/,fact_check
a654a206-5da8-472b-a1ad-80636875556a,Боршайком Улан Сариевге депутаттык мандат берди,"Борбордук шайлоо комиссиясы (БШК) 14-апрелде №19 шайлоо округунан талапкер Улан Сариевге депутаттык мандат берди. 8-апрелде БШК бул округдан шайланып келген Абдылдабек Эгембердиевди өзү жазган арызынын негизинде депутаттык мандатынан ажыраткан. №19 шайлоо округу боюнча андан (5 316) кийин Рамис Жунусалиев (4 767) көп добуш алган. Улуттук коопсуздук боюнча мамлекеттик комитет (УКМК) аны 2025-жылы декабрь айында алдамчылыкка айыптап кармаган. Ал тергөө абагынан мандаттан баш тартуу боюнча Боршайкомго арыз берип, кийин эркиндикке чыкты. Бул округдан көп добуш алгандардын тизмесинде кийинки орунда Улан Сариев (4 746) болчу. 2023-жылы 28-майда №26 Ленин шайлоо округунан Жогорку Кеңештин депутаттыгына кайра шайлоо өткөн. Анда талапкерлер Дамира Ниязалиева менен Улан Сариев “шайлоочулардын добушун сатып алууга” шек саналып, Борбордук шайлоо комиссиясы (БШК) шайлоонун жыйынтыгын жараксыз деп тапкан. Мунун алдында БШКга УКМКнын Бишкек башкармалыгынан Улан Сариев шайлоодо бир катар мыйзам бузууларга барган деген маалымат түшүп, Улан Сариев коюлган дооматты четке каккан. (BTo)",azattyk.org,https://www.azattyk.org/a/33731894.html,2026-04-14T15:33:56+06:00,kyrgyz,0,high,,news_site
896c5a48-9747-4467-8b34-cd24822ad14d,Түркияда 6–8-мартта сноуборд-кросс боюнча Дүйнө кубогу өтөт,"Мелдештер Эрзурум шаарындагы Паландөкен тоо-лыжа борборунда өткөрүлөт Түркиянын Эрзурум шаарында FIS Snowboard World Cup экинчи ирет уюштурулууда. Бул тууралуу иш-чаранын уюштуруучулары билдиришти. Мелдешке 20 өлкөдөн 300гө жакын спортчу катышат. Үч күндүн ичинде дүйнөнүн мыкты райдерлери Паландөкендин татаал трассаларында күч сынашып, жогорку ылдамдыктагы таймашты көрсөтүшөт. Бул мелдеш аталган жайда экинчи жолу өткөрүлүп жатат. Биринчи оюндар 2018-жылы уюштурулган эле. Паландөкен тажрыйбалуу лыжачылар жана сноубордчулар үчүн Түркиядагы эң мыкты багыттардын бири болуп саналат. Ал тик ылдый түшүүлөрү, узун трассалары жана сапаттуу кар катмары менен белгилүү. Мындан тышкары, 12–15-февраль күндөрү Паландөкенде жыл сайын өтүүчү Frozen Festival фестивалы уюштурулат. Фестивалдын алкагында конокторду дүйнөгө белгилүү артисттердин жандуу концерттери жана DJ-сеттер, après-ski жана кечки программалар күтөт. Ошондой эле лыжа жана сноуборд боюнча мелдештер, сыйлык тапшыруу аземи, йога сабактары, муз айкелдерин жасоо жана ар түрдүү тематикалык мастер-класстар өткөрүлөт. Эске салсак, Эрзурум шаарына 2025-жылдын Туристтик борбор шаары макамы Экономикалык кызматташтык уюму (ECO) тарабынан ыйгарылган. Ошондой эле шаар Европа спорт борборлору жана шаарлары федерациясы (ACES) тарабынан Кышкы спорттун Европадагы биринчи борбору деп табылган. Бул макамдардын аркасында шаар кышкы спорттун эл аралык аренасындагы ордун кыйла бекемдеди. Узун трассалар, заманбап инфраструктура жана туруктуу кар шарттары Паландөкенди дүйнөлүк деңгээлдеги мелдештерди өткөрүүгө ылайыктуу жайга айлантат. фото www",vesti.kg,https://vesti.kg/kg/dujnede/item/148202-turkiyada-6-8-martta-snoubord-kross-boyuncha-dujno-kubogu-otot.html,2026-02-23T11:08:51+06:00,kyrgyz,0,high,,news_site
9746e1fa-30f2-4b62-8ffd-f6dd61f295c2,«Манас» университетинин 30 жылдык мааракесинде «Университеттен да артык» концепция тааныштырылды,"«Манас университети — Кыргызстан менен Түркиянын ортосундагы алтын көпүрө» 2025-жылдын 3-декабрында Кыргыз-Түрк «Манас» университетинин 30 жылдык мааракесинин алкагында ММК өкүлдөрү менен өткөрүлгөн жолугушууда,  КТМУнун ректору, профессор Алпаслан Жейлан университеттин өнүгүү стратегиясы жана жетишкен ийгиликтери тууралуу маалымат берди. Ректор Жейлан: «Манас университети — Кыргызстан менен Түркиянын ортосундагы алтын көпүрө» Профессор Алпаслан Жейлан «Манас» университети Кыргызстан менен Түркиянын ортосундагы күчтүү бир туугандык мамилени бекемдеген маданий жана академиялык көпүрө экенин баса белгилеп: «Манас университети эки өлкөнүн ортосундагы бир туугандык сезимдердин өнүгүшүнө салым кошкон алтын көпүрө болуп саналат. Чыңгыз Айтматов: ‘Ким ойлоптур бул талаада университет ачылып, бул жерде билим алган жаштар түрк дүйнөсүнө кызмат кылат деп?’ деген эле. Эми Айтматов тынч укса болот; анткени Кыргызстандагы «Манас» университети бүгүн дүйнөнүн алдыңкы 1000 университетинин катарына кирген ийгиликтүү жогорку окуу жайына айланды жана түрк дүйнөсүнө билимдүү жаштарды тарбиялап келет», - деп айтты. Жолугушууда профессор Жейлан «Манас» университетинин «Университеттен да артык» деген концепция менен алдыга умтулуп, университетте билим берүү гана эмес, коомдо, иш жүзүндө жана дүйнөдө из калтырган адистерди даярдап жатканын баса белгиледи. Түрк дүйнөсүнүн жаштарын бир чатырдын астында бириктирген «Манас» университети студенттерин билимге бай, маданиятка сугарылган, өз тамырына бекем жана дүйнөлүк баалуулуктарга ачык инсандар катары тарбиялап жатканын айткан профессор Жейлан, бул жаштар келечектеги окумуштуулар, лидерлер, өнөр ээлери жана ишкерлер болууга даярданып жатканын билдирди. «Акысыз билим жана стипендия мүмкүнчүлүгү» Университеттин эң маанилүү өзгөчөлүктөрүнүн бири билимдин акысыз берилиши жана студенттердин жетишкен ийгиликтерине жараша стипендиялар менен колдоого алынышы болуп саналат. Заманбап спорт залдары, студенттик жатаканалар жана ар кандай социалдык аянтчалар менен студенттердин бир гана академиялык эмес, маданий жана социалдык өнүгүшү да колдоого алынууда. «Кыргыз жана түрк тилдеринин өнүгүшүнө чоң салым» Кыргыз тилин окутуунун эң маанилүү борборлорунун бири «Манас» университети. Жыл сайын даярдык курсунда болжол менен 1000 студентке кыргыз жана түрк тилдери окутулат. Ошондой эле университет тарабынан даярдалган 50 000 сөздү камтыган сөздүк 70 000ге чейин көбөйтүлүп, 2026-жыл 100 000 сөз камтыган кеңири сөздүк даярдалууда. «Акылaй» долбоору алкагында үч жарым миллион көлөмүндөгү кеңири санарип билим берүү платформасы иштелип жатаи. Максаты — Кыргызстандын билим берүү тармагындагы ийгиликтерин жогорулатуу жана өлкөнү келечекке күчтүү даярдоо. Кыргыз Республикасынын Президенти Садыр Жапаровдун кыргыз тили бардык мектептерде, расмий мекемелерде окутулушу жана расмий иш кагаздарында колдонулууга тийиш деген көрсөтмөсүнө карата «Манас» университетинде Кыргыз тили жана адабияты программасы расмий түрдө ачылып, бул маанилүү милдет ийгиликтүү аткарылып жатат. Кыргыз тилин өнүктүрүү багытындагы иштердин алкагында «Манас» университетинин окутуучулары тарабынан бүгүнкү күнгө чейин 200гө жакын кыргызча окуу китеби даярдалган. Ошондой эле Түркиянын Ван областындагы Улупамир айылында жашаган кыргыздарга жана кыргыз тилин үйрөнгүсү келгендерге онлайн тил курстары уюштурулуп, КТМУSEM тарабынан жыл бою кыргыз тили боюнча билим берүү программалары уюштурулууда. «Пандемияучурунда1000 саат онлайн сабак тартылып , студенттерге 60 ГБ акысыз интернет берилген» Пандемия учурунда Кыргызстандын билим берүүсүнө колдоо көрсөтүү үчүн чоң жоопкерчилик алынган. Билим берүүдөгү үзгүлтүктөрдү алдын алуу максатында КТМУда 1000 саат онлайн сабак тартылып, даярдалган. Бул аркылуу студенттер окуу жайга барбастан билим алууну уланта алышкан жана сабактарга үзгүлтүксүз кирүү мүмкүнчүлүгүн камсыз кылуу үчүн студенттерге 60 ГБ акысыз интернет берилген. Пандемия учурунда медицина тармагынын маанисин дагы бир жолу көрсөткөнүн ушунан улам Кыргызстандын медицина кызматтарына салым кошуу максатында «Манас» университетинде Медицина факультети ачылган. Ошондой эле университетте 24 саат үзгүлтүксүз иштеген Шейит Эрен Бүлбүл Медицина борбору студенттерге, окутуучуларга, кызматкерлерге жана аймактагыларга кеңири жана толук медициналык кызмат көрсөтүүдө. «КТМУнун студенттери — Кыргызстандын жана Түрк дүйнөсүнүн маданий элчилери» Студенттер Түркия баштаган бир катар өлкөлөрдө «Манас» университетин, Кыргызстандын маданиятын жана аймактын баалуулуктарын таанытып, Түркиядан келген студенттер өз маданияты менен бөлүшүп, бир туугандык мамилелерди дагы да күчөтүп жатат. Бул жагы менен студенттер эки өлкөнүн маданий элчилерине айланып, университет кыргыз тилин коргоп, өнүктүрүп, үйрөнгүсү келгендерге колдоо көрсөтүүнү милдет катары кабыл алынууда. Жолугушуу алкагында сөз сүйлөгөн Кыргыз-Түрк «Манас» университетинин биринчи проректору, саясий и.к., доцент Алмаз Ибраев университеттин 30 жыл ичиндеги жетишкендиктери жана натыйжалары кеңири бааланганын белгилеп: «Биз бир гана Кыргызстанда эмес, Борбор Азия жана дүйнөлүк аренада да билим берүү жаатында активдүү иштерди жүргүзүп жатабыз. Убакыттын талабтары бат өзгөрүүдө, ал эми заманга ылайык иш алып барган ар бир мекеме өз иш жүргүзүүсүн кайра карап чыгып, кайрадан баалап турушу керек», — деди. «Манас» университети Кыргызстанда акысыз жана сапат стандарттарына ылайык билим берген жалгыз жогорку окуу жайы, университет дүйнөлүк университеттер рейтингинде алдыңкы 1000дин катарында, Азия университеттери арасында 230-орунда, Борбор Азияда болсо 12-орунда турат.",vesti.kg,https://vesti.kg/kg/koom/item/146219-manas-universitetinin-30-zhyldyk-maarakesinde-universitetten-da-artyk-kontseptsiya-taanyshtyryldy.html,2025-12-04T13:49:07+06:00,kyrgyz,0,high,,news_site
aac19d47-d037-4569-9d66-23388330c718,«Тез кабар» сайтына МЕДИАСЫН: кеңири манипуляция жана кесиптик этиканын бузулушу [split],"башкача айтканда автор бир нече жолу “слоган” ыкмасына кайрылат. “Слоган” – окурмандын эмоциясына багытталган, стереотиптүү, тамга басуучу кыска, таамай сөз. Слоган – короткая, меткая фраза, часто включающая в себя стереотипы и ярлыки, и действующая как эмоциональный призыв. Источник – Коул, 1998, стр. 210-312. Анонимдүү, “ишенимдүү” булакка таянган автор макалада бир нече жолу такталбаган маалыматты жазат: “Баткендеги пикир келишпестиктерди козутуп “май чачып” күчөтүүнү каалагандардын башында Курбанбай Искандаров турат”, “мени ушинтип талаага таштап койосуңарбы” деп догурунуп аларды козутуп жаткандагы кербези экен”, “бүтүндөй Баткен элинин тагдыры менен ойноп жатат”. Эскерте кетсек, фактылар, божомолдор жана пикирлер бири-биринен даана ажыратылуусу зарыл.Кыргызстан журналистинин Этикалык кодекси, 10-берене. Мындан тышкары, макалада журналисттин сынына кабылган адамдын пикири берилген эмес. Автордун пикири макаланын көпчүлүк бөлүгүн ээлеп, жалаң сын менен коштолот. Жыйынтыгында, журналистиканын алгачкы талабынын бири – тең салмактуулук сакталбай калган. Каршылаш тараптардын, анын ичинде журналисттин сынына кабыл алынган адамдардын пикирлери тең салмакта берилиши шарт. Кыргызстан журналистинин Этикалык кодекси, 17-берене. Жыйынтык: tezkabar.org сайтынын «Искандаров Курбанбай, куулугу мунун кумгандай…» аталыштагы макаласында:",factcheck.kg,https://factcheck.kg/ky/kyrgyz-tez-kabar-sajtyna-mediasyn-ke%d2%a3iri-manipulyacziya-zhana-kesiptik-etikanyn-buzulushu/,,kyrgyz,1,0.67,https://factcheck.kg/ky/kyrgyz-tez-kabar-sajtyna-mediasyn-ke%d2%a3iri-manipulyacziya-zhana-kesiptik-etikanyn-buzulushu/,fact_check
180f170c-234f-4b9d-a9c3-b6575846bf23,"Бирок, алардын көбү хантавирус бир адамдан башка адамга жукпай турганын белгилеген эмес.",Кытайда жаңы «вирустан» улам өлүм катталганын Кыргызстандын жана Казакстандын бир нече сайттары жазып чыкты. Бүгүн Kabarlar.kgсайты «Жаңы вирус. Кытайда алгачкы өлүм катталды» деген аталышта макала жарыялады. Ал эми казакстандык Tengrinews басылмасы «Жаңы илдет. Кытайда хантавирустан улам алгачкы өлүм катталды» деген аталыштажаңылыкжазды. Социалдык тармактарда дүрбөлөңгө түшкөн ой-пикирлер пайда болгонун көрсө болот. Маалыматтын алгачкы булагы — globaltimes аттуу Кытай басылмасы. Калган ЖМКлар дал ушул басылма жазган жаңылыкты жарыялаган.,factcheck.kg,https://factcheck.kg/ky/panika-po-hantavirusu-manipulyacziya-v-smi-hantavirus-ne-predstavlyaet-epidemiologicheskoj-opasnosti/,,kyrgyz,1,0.6,https://factcheck.kg/ky/panika-po-hantavirusu-manipulyacziya-v-smi-hantavirus-ne-predstavlyaet-epidemiologicheskoj-opasnosti/,fact_check
9dff8449-5bbb-47e2-9948-e9cecd422ecb,Эдуард Кубатов Туризмди өнүктүрүү агенттигине жетекчи болду,"Эдуард Кубатов Туризмди өнүктүрүү боюнча мамлекеттик агенттиктин директору болуп дайындалды. Тиешелүү жарлыкка президент Садыр Жапаров кол койгонун мамлекет башчынын маалымат кызматы 10-апрелде билдирди.Кубатов буга чейин Альпинизм федерациясынын президенти болуп келген.Президент Садыр Жапаров 31-мартта Министрлер кабинетине караштуу Туризмди өнүктүрүү боюнча мамлекеттик агенттик түзүү тууралуу жарлыкка кол койгон. Ага ылайык, жаңы түзүм Экономика жана коммерция министрлигине караштуу Туризм департаментинин, ошондой эле аталган министрликтин туризм чөйрөсүндөгү тиешелүү функцияларынын негизинде түзүлдү.Буга байланыштуу Туризмди өнүктүрүү боюнча улуттук кеңештин курамы да өзгөртүлгөнү кабарланган.(ZKo)",azattyk.org,https://www.azattyk.org/a/33729084.html,2026-04-10T10:37:42+06:00,kyrgyz,0,high,,news_site
bf17dd20-bbbe-4d5a-b8f3-8649a992629a,Кыргызстандын мектептеринде 900гө жакын мугалим жетишпейт,"Кыргызстандын мектептеринде 900гө жакын мугалим жетишпейт. Бул тууралуу бүгүн маалымат жыйынында Агартуу министри Догдуркүл Кендирбаева билдирди. Анын айтымында, негизинен орус тилдүү мектептерде кадрлар тартыш. «Эки жыл мурун мен Кыргыз-Россия Славян университетинин базасында орус тилинде мугалимдерди даярдоо жана кайра даярдоо факультеттерин ачууну сунуштагам. Ал эми кыргыз тилдүү мектептерде предметтик мугалимдер жетиштүү», — деди Догдуркүл Кендирбаева. Ал белгилегендей, татыктуу эмгек акы кырдаалды өзгөртө алат, бирок жергиликтүү бийлик органдары да мугалимдерди тартууга жана кармап калууга кызыкдар болушу керек. Догдуркүл Кендирбаева кошумчалагандай, коомдо пенсионерлер ордун жаш педагогдорго бошотуп бериши керек деген пикирлер көп айтылууда. «Азыр чынында эле чоң маселе жаралды — бул пенсионерлердин иштеши. Жаңы Эмгек кодекси педагогикалык кызматкерлердин жашына чектөө койбойт. Биз артыкчылыктуу тартипте окуу сааттары менен жаш адистерди камсыздоону сунуштадык», — деп белгиледи Агартуу министри.",24.kg,https://24.kg/kyrgyzcha/372024_kyirgyizstandyin_mektepterinde_900go_jakyin_mugalim_jetishpeyt/,,kyrgyz,0,high,,news_site
7c892bc4-4a86-4e30-a979-7b5799d2c159,Россияда 1 февралдан баштап YouTube жабылабы?,"Россияда YouTube хостингине тыюу салынары тууралуу маалыматты текшерип берүү өтүнүчү менен окурманыбыз редакцияга кайрылды. Маалыматка ылайык, Мамлекеттик Дума «Ютубга» тыюу салган мыйзам кабыл алып, ал 2021-жылдын 1-февралынан тарта күчкө кирери тууралуу жана сайтка VPN аркылуу киргендерге айып пул салынары жөнүндө айтылат. Factcheck.",factcheck.kg,https://factcheck.kg/ky/youtube-zapretyat-v-rossii-s-1-fevralya-2021-goda-nepravda/,,kyrgyz,1,0.6,https://factcheck.kg/ky/youtube-zapretyat-v-rossii-s-1-fevralya-2021-goda-nepravda/,fact_check
71af2ac2-2cda-48be-be05-28fd21d81de5,Баш мыйзамга 33 жыл: Конституция — туруктуулуктун негизи,"Конституция күнүнө карата Конституциялык соттун ишмердүүлүгү тууралуу сөз кылдык. Баш мыйзамдын сакталышын көзөмөлдөө, конституциялык мыйзамдуулуктун учурдагы абалы, жарандардан келип түшкөн кайрылуулар, эл аралык кызматташтык жана сот адилеттигин камсыз кылуу — бул багыттарда аткарылып жаткан иштер талдоого алынат. Кененирээк Конституциялык соттун судьясы Чынара Айдарбекова айтып берди.",sputnik.kg,https://sputnik.kg/20260505/1101126245.html,09:04 05.05.2026(Жаңыртылды:09:16 05.05.2026),kyrgyz,0,high,,news_site
d226bb6a-3553-45aa-9208-d04d0c339379,Кыргызстанда салык декларациясын тапшыруу өнөктүгү башталды,"Кыргызстанда 2025-жылдын жыйынтыгы боюнча бирдиктүү салык декларациясын кабыл алуу өнөктүгү башталды. Бул тууралуу Мамлекеттик салык кызматынан билдиришти. Кезектеги декларациялык кампания эки этапта өткөрүлөт: 1-апрелге чейин декларацияны юридикалык жактар, мамлекеттик жана муниципалдык кызматкерлер, ал эми 1-майга чейин жеке жактар жана жеке ишкерлер тапшырышат. 1-апрелге чейин салык декларациясын тапшырууга төмөнкүлөр милдеттүү: 1-майга чейин төмөнкүлөр декларация тапшырууга тийиш: Салык декларациясы Cabinet.salyk.kg сайтындагы салык төлөөчүнүн кабинети аркылуу электрондук түрдө берилет. Белгилей кетсек, декларацияда кирешелер жана чыгашалар жөнүндө маалыматтар, экономикалык ишмердүүлүк, мүлк объектилери, жер тилкелери, ошондой эле отчеттук мезгил үчүн төлөнгөн салыктык милдеттенмелердин суммасы көрсөтүлүүгө тийиш. Толук маалыматты жергиликтүү салык органдарынан, ошондой эле 116 номери аркылуу же www.sti.gov.kg сайтынан алууга болот.",24.kg,https://24.kg/kyrgyzcha/360522_kyirgyizstanda_salyik_deklaratsiyasyin_tapshyiruu_onoktugu_bashtaldyi/,,kyrgyz,0,high,,news_site
df9c9e3d-a723-466e-a7e0-d7f26373537b,Оштун мэри Жеңишбек Токторбаевдин ордуна Жанар Акаев дайындалды,"Президент Садыр Жапаров кол койгон жарлыкка ылайык, Жеңишбек Токторбаев Ош шаарынын мэри кызматынан бошотулду. Бул тууралуу КР президентинин басма сөз кызматы билдирди. Президенттин дагы бир жарлыгы менен Жанарбек Акаев Ош шаарынын мэри болуп дайындалды. Белгилей кетсек, Жеңишбек Токторбаев бул кызматты 2025-жылдын 23-январынан бери аркалап келген. Бул убакыттын ичинде аймактык өкмөттөгү эң көрүнүктүү жана талаш-тартыштуу аткаминерлердин бирине айланган.",24.kg,https://24.kg/kyrgyzcha/362611_oshtun_meri_jenishbek_toktorbaevdin_orduna_janar_akaev_dayyindaldyi/,,kyrgyz,0,high,,news_site
c63e1b88-124f-47b4-85b0-4e77c302098a,Бекешевди кемсинткен “Садыр Жапаров” аттуу колдонуучу фейк эмес — фактчек [split],"2015-жылы журналист Элнура Кулуева колдонуучуну саясатчылардын арасынан журналисттерге ыкчам жооп берерин баалап, ыраазычылыгын билдирген. 2017- жылдын 21-мартында мындан ары бул аккаунтту жардамчысы алып барарын кабарлаган.   Эске салсак, Садыр  Жапаров 2017-жылдын 25-мартында чет өлкөдөн кайтып келген соң, камакка алынган. 2018- жана 2019-жылы бирден гана пост жарыяланган. 2020-жылдын 28-январында дагы бир маалымат чыгып, сентябрь айына чейин дымып калган. Ал эми үгүт иштери башталган соң, аккаунт активдүүлүгүн күчөткөн. Шайлоо өнөктүгүндө колдонуучу Жапаровдун эл менен болгон жолугушууларын түз эфирде берип турган. Ал штабдын кызматкерлеринин жанында турганын байкаса болот. Колдонуучу Садыр Жапаров тууралуу жаңылыктар менен активдүү бөлүшүп, өлкөдөгү саясий процесстер тууралуу президенттин расмий билдирүүлөрүн жарыялап турат. Ал эми үстүбүздөгү жылдын январь айында төмөндөгүдөй пост жарыялаган: Жыйынтык: Дастан Бекешевди кемсинткен“Садыр Жапаров”аттуу фейсбук колдонуучусу фейк эмес.",factcheck.kg,https://factcheck.kg/ky/polzovatel-sadyr-zhaparov-oskorbivshij-dastana-bekesheva-ne-fejkovyj-faktchek/,,kyrgyz,1,0.57,https://factcheck.kg/ky/polzovatel-sadyr-zhaparov-oskorbivshij-dastana-bekesheva-ne-fejkovyj-faktchek/,fact_check
5b8fd6c3-c025-4671-bdad-2999fe724450,Иран Ормуз кысыгы убактылуу ачылганын билдирди,"Ирандын тышкы иштер министри Аббас Аракчи Ливан менен Израилдин ортосундагы ок атышпоо келишими сакталып жаткан маалда Ормуз кысыгы бардык соода кемелери үчүн “толугу менен ачыларын”билдирди. Бул жарыядан аз өтпөй АКШнын президенти Дональд Трамп ыраазычылыгын айтып, ошол эле маалда Вашингтон менен Тегеран тынчтык келишимине жетишмейинче Ирандын порттору бөгөттөлө берерин белгиледи. “Ормуз кысыгы толугу менен ачылды жана бизнес жүргүзүүгө, тоскоолдуксуз өтүүгө даяр. Бирок Иранга гана тиешелүү аскердик-деңиз блокадасы Иран менен келишим 100% аяктамайынча алынбайт”, - деп жазды ТрампTruthсоциалдык тармагына. АКШ президенти “маселелердин көпчүлүгү макулдашылганын”, жакын арада кырдаалдын жөнгө салынарын күтөрүн айтты. Израил менен Ливандын атышууну 10 күнгө токтотуу тууралуу макулдашуусу 17-апрелге караган түнү күчүнө кирди. АКШ менен Иран 11-апрелде Исламабадда сүйлөшүү өткөргөн. Тегерандын атомдук программасы жана Ормуз кысыгындагы кыймылды жандандыруу өңдүү негизги маселелери боюнча мунаса жетишилбей, АКШ ирандык портторду бөгөттөй баштаган. АКШ менен Израил чабуул баштаган 28-февралдан бери Тегеран дүйнөдөгү мунай менен газдын 20 пайыздайы ташылган Ормузду иш жүзүндө жапкан. 8-апрелде АКШ менен Иран эки жумалык жарашуу жарыялашкан. Ислам жумуриятынын расмий өкүлдөрү Израилди Ливанга сокку урууну токтотууга үндөп келишкен жана бул убактылуу макулдашуунун бир бөлүгү экенин айтышкан. Вашингтон жана Тел-Авив Ливан ал келишимге камтылбаганын билдиришкен.",azattyk.org,https://www.azattyk.org/a/33734618.html,2026-04-17T20:50:21+06:00,kyrgyz,0,high,,news_site
4f745a01-14ab-47d0-a45a-0a4fd48726f8,Туризм фондунда 90 миллион сомдук коррупциялык схема аныкталды,"Кыргызстандын Башкы прокуратурасы Экономика жана коммерция министрлигине караштуу Туризмди өнүктүрүүнү колдоо фондунда мамлекетке ири өлчөмдө зыян келтирүү фактысы боюнча кылмыш ишин козгоду. Көзөмөл органдын маалыматы боюнча, 2022-жылдан 2024-жылга чейин фонддун кызмат адамдары жеке компаниялардын катышуусу менен туруктуу коррупциялык схеманы уюштурушкан. Аныкталгандай, туризм тармагын өнүктүрүү шылтоосу менен консультациялык кызмат көрсөтүүгө жана ар кандай долбоорлорду ишке ашырууга мамлекет үчүн пайдасыз келишимдер түзүлгөн. Бул долбоорлордун басымдуу бөлүгү иш жүзүндө аткарылган эмес. Мыйзамсыз аракеттердин натыйжасында мамлекетке 90 миллион сомдон ашык зыян келтирилген. Учурда тергөө иштери жүрүп жатат, ишке тиешеси бар бардык адамдар жана окуянын жагдайлары такталууда.",24.kg,https://24.kg/kyrgyzcha/371477_turizm_fondunda_90million_somduk_korruptsiyalyik_shema_anyiktaldyi/,,kyrgyz,0,high,,news_site
0c5f9da7-5969-421a-8569-fbbe27f5b882,"АКШ Ирандан согушту токтотуу боюнча ""бирдиктүү"" сунуш күтүп жатканын билдирди","АКШ президенти Дональд Трамп Тегерандан согушту токтотуу сунушуна ""бирдиктүү"" жооп күтүп жатат, бирок азырынча ""так мөөнөт"" кое элек. Бул тууралуу Ак үй мөөнөтү 22-апрелде бүткөн атышпоо келишимин Трамп бир тараптуу узарткандан бир күн өткөндөн кийин билдирди. Ак үйдүн басма сөз катчысы Кэролайн Левитт журналисттерге Трамп Иран режимине ""бир аз ийкемдүүлүктү сунуштап жатканын"" билдирди. Ал Тегеранда ""ички бөлүнүү көп экенин"" баса белгиледи:""Азыр Иранда прагматиктер менен катаал режим тарапташтарынын ортосунда күрөш жүрүп жатат жана президент бирдиктүү жооп болушун каалайт, андыктан бул жоопту күтүп жаткан учурда атышпоо режими күчүндө"".Левитт Трамп согушту токтотуу боюнча ""эң күчтүү сунуш"" бергенин, бирок Ирандын сунушун алууга так мөөнөт койбогонун айтканы менен кененирээк маалымат берген жок. Буга чейин, 22-апрелде Левитт Fox News агенттигине Иран согушту токтотуу боюнча сүйлөшүүлөрдүн алкагында өзүнүн байытылган уранын АКШга берүүгө макул болушу керектигин айткан.АКШ менен Израил Иранга каршы согушун 28-февралда баштаган. Тараптардын 11-12-апрелде Исламабадда башталган сүйлөшүүлөрүнүн кийинки раунду өтө элек. Иран ага катышарын билдирбегендиктен америкалык чабармандар азырынча Пакистанга баруудан карманып турушат.Левиттин комментарийи Иран парламентинин төрагасы Мохаммед Багер Калибаф АКШнын Иран портторун бөгөттөөсү макулдашууга чейин күчүндө калары атышпоо режимин бузуу деп эсептелинерин белгилеген Тегерандын айыптоосун кайталагандан кийин айтылды.Билдирүүсүндө Калибаф ""Ормуз кысыгынын ишин жандантуу атышпоо режими минтип одоно бузулган шартта мүмкүн эместигин"" айткан. Иран дүйнөлүк мунай жана суюлтулган газдын бештен бири ташылган кысыкты азыркы тапта жабык кармап турат.",azattyk.org,https://www.azattyk.org/a/33740556.html,2026-04-23T10:50:12+06:00,kyrgyz,0,high,,news_site
3ea5d4d3-1706-43b2-a5d9-a68145246791,Соцтармактарда Матраимовдорду калкалагандардын 80%дан көбү – фейктер,"Матраимовдордун үй-бүлөсүнө иштеген тролль, бот жана фейк аккаунттарды текшерип берүү өтүнүчү менен Factcheck.kg редакциясына окурмандар кайрылды. Буга чейин Матраимовдорго иштеген фейк-аккаунттар бар экени айрым ЖМКларда айтылып келген, ал эми 24-июнда бул тууралууKaktus.Mediaагенттиги өз иликтөөсүнүн жыйынтыгын жарыялагаган. Factcheck.kg редакциясы Facebook социалдык тармагындагы100 гө жакынаккаунтту (профилди) изилдеп, Матраимовдордун үй-бүлөсүн калың элден калкалагандарды аныктады. Маалымат«Азаттыктын»иликтөөсүндөгү айрым фактыларды четке каккан, журналист Эльнура Алканова даярдаган«Бешинчи каналдын»сюжетине калтырылган комментарийлердин негизинде жыйналган. Фейктерди аныктоодо редакция төмөнкү критерийлерди койгон: – профилдин катталган күнү; – колдонуучу  маалыматты өзү жазгандыгы же башка колдонуучунукун бөлүшкөндүгү; -колдонуучу профилинде өзүнүн сүрөтүн же башка адамдын, табигаттын, балдардын сүрөттөрүн пайдалануусу; -профилдин баракчасында Матраимовдорго тиешелүү эмес маалыматтын болушу. «Бешинчи каналдын» иликтөөсү Facebook социалдык тармагына 16-июндажайгаштырылып, анын астында 520 комментарий калтырылган.  Маалымат менен соцтармактын колдонуучулары 470 жолу бөлүшкөн. Бардыгы болуп 94 аккаунт ээлери комментарий калтырган. Алардын 40%ы иликтөөнү сынга алган же нейтралдуу пикир калтырган, ал эми колдонуучунун көбү – дээрлик 60%ы иликтөөчү журналистти колдоп, анын объективдүүлүгүн белгилеген. «Бешинчи каналдын» иликтөөсүнө алкыш айткандардын дээрлик 82%ы – фейк болуп чыккан, ал эми чыныгы колдонуучулар болгону 13%ды түзгөн. Калган 5% аккаунт ээлерин аныктоо мүмкүн болгон жок. Infogram Журналистти сынган алгандардын ичинен, тескеринче, чыныгы аккаунттар басым жасап, бардыгы болуп 65% ды түзгөн.",factcheck.kg,https://factcheck.kg/ky/bolee-80-akkauntov-podderzhivayushhih-matraimovyh-v-soczsetyah-fejkovye/,,kyrgyz,1,0.81,https://factcheck.kg/ky/bolee-80-akkauntov-podderzhivayushhih-matraimovyh-v-soczsetyah-fejkovye/,fact_check
d27ab5e3-ec8e-4c25-bb4f-44b1f7b80ae6,Кореяда иштеп келген кыргызстандык жарандар бир жолку төлөмдөрдү алды,"Түштүк Кореяда расмий түрдө иштеп, эмгек акысынан пенсиялык төгүмдөрү кармалган Кыргызстандын жарандары кайтып келгенден кийин бир жолку төлөмдөрдү алышууда. Бул тууралуу Социалдык фонддон билдиришти. Маалыматка ылайык, бүгүнкү күнгө карата Кореянын Улуттук пенсиялык кызматынан пенсиялык топтомолор боюнча бир жолку төлөм алуу үчүн 144 жаран кайрылган. Анын ичинен 107 жаранга төлөм дайындалып, толугу менен төлөндү, 37 жаран учурда чечимди күтүүдө. Бир жолку төлөмдүн орточо өлчөмү 3 789 долларды түздү.",24.kg,https://24.kg/kyrgyzcha/371780_koreyada_ishtep_kelgen_kyirgyizstandyik_jarandar_bir_jolku_tolomdordu_aldyi/,,kyrgyz,0,high,,news_site
46441c76-a88e-4b05-bcdc-ffa27d54bc02,"""Крокустагы"" терактка айыпталгандардын бири жанын кыйганы кабарланды","2024-жылы мартта ""Крокус Сити Холлдогу"" терактка катышы бар деп айыпталып, өмүр бою эркиндигинен ажыратылгандардын бири ""Матросская Тишина"" деп аталган тергөө абагында өз жанын кыйган. Бул тууралуу Орусиянын Федералдык жаза аткаруу кызматынын (ФСИН) билдирүүсүнө шилтеме кылып РБК агенттигимаалымдады. ""Окуя болгон жерде жандандыруу чаралары көрүлүп, жыйынтык болгон жок. Ушул тапта текшерүү жүрүп жатат"", - деп айтылган билдирүүдө. Маркумдун аты-жөнү ачыкталган жок. Орусиянын бир катар басылмалары, анын ичинде РЕН-ТВ, РИА ""Новости"" жана ""Коммерсант"" жанын кыйган адам Тажикстандын жараны Юсуфзода Якубжони Давлатхон экенин жазышты. Ал 2024-жылы 31-мартта 140тан ашуун киши набыт болгон теракттан бир жумадан кийин кармалган. Давлатхон концерт залындагы кол салууга катышпаганы айтылган. Аны теракттын алдында""террористтердин жашоосун камсыздоого"" жана ошондой эле кол салууга катышкандардын бирине теракттан кийин акча которуугаайыпташкан. Ал өмүр бою эркиндигинен ажыратылган. ""Коммерсант"" өз булактарына шилтеме кылып айыпталган дагы бир адам жанын кыюуга аракет кылганынмаалымдады. Ал да Давлатхон сыяктуу эле өмүр бою кесилген Жабраил Аушев экени айтылууда. ""Коммерсант"" ошол эле учурда Аушев мурда дагы Батыш аймактык аскер сотунда процесс учурунда суицидге аракет кылганын жазды. Бул тууралуу расмий маалымат берилген эмес. 12-мартта сот терактты аткаруучулар деп айыптап Шамсидин Фаридуни, Далержон Мирзоев, Махаммадсобир Файзов жана Саидакрами Рачаболизоданыөмүр бою эркиндигинен ажыраткан. Ошондой эле тергөө кылмышка шерик деп эсептеген дагы 11 адам 19-22 жыл жана өмүрүнүн аягына чейин кесилген. Москванын четиндеги ""Крокус сити холлдогу"" теракт 2024-жылы 22-мартта болгон. Кеминде 145 адам набыт болуп, 551 киши жаракат алган. Теракт үчүн жоопкерчиликти ""Ислам мамлекети"" террордук уюмунун бир канаты саналган ""Вилаят Хорасан"" уюму өз мойнуна алган.",azattyk.org,https://www.azattyk.org/a/33726472.html,2026-04-07T11:16:35+06:00,kyrgyz,0,high,,news_site
2de42333-a749-4cf8-9b28-0c4a2c2a9856,Дезинформация кылыш үчүн тажик ЖМКлары жалган экспертти колдонушууда [split],"2011-жылы агенттик «Бизнес и политика» гезитинин башкы редактору Джамшед Ульмасовго таандык «Мухаммад-Билол» компаниясына акысызөткөрүлүп берилген. Ээси алмашкандан кийинAvesta.tj агенттигин орусиянын кызыкчылыгында иштейт депкүнөөлөшкөн. Учурда сайт орус тилинде гана материалдарды жарыялап келет. Белгилей кетүүчү жагдай, агенттиктин ээси алмашканга чейин ал коомдогу саясий-экономикалык маселелер тууралуукурч, сынчыл материалдарыменен белгилүү болчу. Эскерте кетсек,УКМКнын чек ара кызматынынмаалыматы боюнча, жаңжал 14-сентябрда Баткен районунун Булак-Башы аймагында ок атышуудан башталган. Кошуна өлкөнүн аскерлери мамлекеттик чек аранын талаштуу жерлерине жайгашып алышкан. “Кыргыз тараптын аймактан чыгып кетүү боюнча мыйзамдуу талаптарына көңүл бурбай, тажик чек арачылары ок чыгарган. Буга жооп катары КР УКМКнын Чек ара кызматынын чек арачылары да курал колдонушкан”. Тыянак:“Анонимдүү авторитет”деген түшүнүктү колдонуу менен көз жазгыруу. Окурмандардын пикирине таасир этүүнүн эң эффективдүү ыкмаларынын бири – бул авторитетке шилтеме кылуу.",factcheck.kg,https://factcheck.kg/ky/tadzhikskoe-smi-ispolzuet-psevdoeksperta-dlya-dezinformaczii/,,kyrgyz,1,0.57,https://factcheck.kg/ky/tadzhikskoe-smi-ispolzuet-psevdoeksperta-dlya-dezinformaczii/,fact_check
328cdedf-1bb4-4223-8b11-b3b32da2d33e,Финансы министрлигинде 2024-жылдагы бюджетте 133 миллион сомдон ашык мыйзам бузуулар аныкталды,"Аудит бюджеттик тартипти сактабаганды жана мамлекеттик каражаттарды натыйжасыз пайдалангандыгын көрсөткөн Эсептөө палата 2024-жылдагы бюджеттин аткарылышына аудит жүргүздү. Текшерүү Финансы министрлигинде, анын бөлүмдөрүндө жана карамагындагы кызматтарда өткөрүлдү. Жалпы суммада аныкталган мыйзам бузуулар 133 миллион 321 миң 8 жүз сомду түздү. Негизги көйгөйлөр бюджеттин бардык этаптарында байкалган: Аудиттин жыйынтыгына ылайык, Эсептөө палатасы мамлекеттик органдарга мыйзам бузууларды жоюу, бюджеттик тартипти чыңдоо жана каражаттарды натыйжалуу башкаруу боюнча сунуштар берди. Материалдар бузууларга жол берген кызмат адамдарын жоопкерчиликке тартуу үчүн тиешелүү органдарга жөнөтүлдү. Эсептөө палатасы берилген сунуштардын аткарылышын көзөмөлдөп турат. Кемчиликтерди өз убагында жоюу бюджеттик каражаттарды максаттуу жана үнөмдүү пайдалануунун негизги шарты болуп эсептелет.",vesti.kg,https://vesti.kg/kg/zxc-kg/item/147396-finansy-ministrliginde-2024-zhyldagy-byudzhette-133-million-somdon-ashyk-myjzam-buzuular-anyktaldy.html,2026-01-23T13:51:52+06:00,kyrgyz,0,high,,news_site
fe74a0b0-ddd8-49b6-9c51-2656921eb789,Бишкек–Ош аба каттамындагы дүрбөлөңдүн себеби териштирилип жатат,"Asman Airlines авиакомпаниясы 16-апрелде Бишкек – Ош каттамында болгон окуянын чоо-жайын териштирип жатат. Бул тууралуу Asman Airlines баш ийген “Кыргызстан аэропорттору” компаниясынын басма сөз катчысы Алена Хоменко ""Азаттыкка"" билдирди. Учурда учак каттамдан убактылуу алынып, адистер бардык системаны текшерип жатканы маалымдалды.""Соңку кырдаалга байланыштуу буларды айткым келет – учак ар бир каттамдын алдында техникалык талаптарга ылайык толук текшерилет. Бул авиациялык коопсуздук. Эгер учактын учуусуна уруксат берилген болсо, демек, ал бардык талаптарга жооп берген. Азыркы учурда Asman Airlines ички иликтөө жүргүзүп жатат. Ар бир майда нерсени дагы аныктап чыгышыбыз керек. Бул окуя боюнча айтылган бардык жагдайларды биз дагы текшерип жатабыз. Бортто дары-дармек кутучасы жана уруксат берилген бардык дарылар бар, алар жүргүнчүлөрдүн суроо-талабына жараша берилген"", - деди Хоменко.“Кыргызстан аэропорттору” компаниясынын басма сөз катчысы Бишкек–Ош каттамы белгиленген шаарга ийгиликтүү конуп, эч ким жабыркабаганын кошумчалады.Мунун алдында Asman Airlines авиакомпаниясынын 16-апрелде Бишкектен Ошко учкан учагында жүргүнчүлөрдүн абалы начарлап, айрымдары дүрбөлөңгө түшкөнү социалдык тармактарда талкуу жараткан. Бул маалыматты жүргүнчүлөрдүн бири Эртуран Разаков ""Азаттыкка"" ырастап, айрымдарга аба жетишпей, кычкылтек баллонун колдонууда маселе жаралганын айтты. Ош аэропортунан ""Тез жардам"" тосуп алып, айрым жүргүнчүлөргө жардам көрсөтүлдү.“Кыргызстан аэропорттору” компаниясы бул окуя боюнча учурда териштирүү иштери жүрүп жатканын, анын жыйынтыгы менен кошумча маалымат берилерин билдирди.Asman Airlines (""Асман аба жолдору"") мамлекеттик авиакомпаниясы 2024-жылы 27-сентябрдан баштап өлкөнүн ичинде бардык багыттар боюнча ички каттамдарды аткара баштаган. Талас, Нарын, Караколго аба каттамдары ачылган.“Манас” аба майданы Asman Airlines деген туунду компания түзүп, ага эки учак сатып алган. Акциясы толугу менен мамлекетке таандык бул ишканага Кыргызстан сатып алган Dash-8-400 үлгүсүндөгү учактар берилерин ""Манас"" эл аралык аэропортунун башкармалык төрагасы Манасбек Самидинов буга чейин журналисттерге билдирген. (КЕ/GE)",azattyk.org,https://www.azattyk.org/a/33734302.html,2026-04-17T13:47:14+06:00,kyrgyz,0,high,,news_site
96508513-92c4-4ac9-ae23-37d8ab9d54a1,Садыр Жапаровго Баткендеги ири соода паркын куруу долбоорун көрсөтүштү. Сүрөттөр,"БИШКЕК, 6-май. — Sputnik.Кыргызстан, Тажикстан жана Өзбекстандын чек арасында ири “Достук” соода-экономикалык паркы курулат. Садыр Жапаров Баткен облусуна болгон сапарынын жүрүшүндө долбоордун концепциясы жана башкы планы менен таанышты. Парктын аянты 100 гектарды түзүп, анда административдик, өндүрүштүк, логистикалык жана эс алуу аймактары болот. Долбоордун алкагында 5 миң жумуш орду түзүлөт. ©Пресс-служба президента КР / Султан ДосалиевСадыр Жапаровго Баткендеги ири соода паркын куруу долбоорун көрсөтүштү1/4©Пресс-служба президента КР / Султан ДосалиевСадыр Жапаровго Баткендеги ири соода паркын куруу долбоорун көрсөтүштү©Пресс-служба президента КР / Султан ДосалиевСадыр Жапаровго Баткендеги ири соода паркын куруу долбоорун көрсөтүштү2/4©Пресс-служба президента КР / Султан ДосалиевСадыр Жапаровго Баткендеги ири соода паркын куруу долбоорун көрсөтүштү©Пресс-служба президента КР / Султан ДосалиевСадыр Жапаровго Баткендеги ири соода паркын куруу долбоорун көрсөтүштү3/4©Пресс-служба президента КР / Султан ДосалиевСадыр Жапаровго Баткендеги ири соода паркын куруу долбоорун көрсөтүштү©Пресс-служба президента КР / Султан ДосалиевСадыр Жапаровго Баткендеги ири соода паркын куруу долбоорун көрсөтүштү4/4©Пресс-служба президента КР / Султан ДосалиевСадыр Жапаровго Баткендеги ири соода паркын куруу долбоорун көрсөтүштү1/4©Пресс-служба президента КР / Султан ДосалиевСадыр Жапаровго Баткендеги ири соода паркын куруу долбоорун көрсөтүштү2/4©Пресс-служба президента КР / Султан ДосалиевСадыр Жапаровго Баткендеги ири соода паркын куруу долбоорун көрсөтүштү3/4©Пресс-служба президента КР / Султан ДосалиевСадыр Жапаровго Баткендеги ири соода паркын куруу долбоорун көрсөтүштү4/4©Пресс-служба президента КР / Султан ДосалиевСадыр Жапаровго Баткендеги ири соода паркын куруу долбоорун көрсөтүштү Туристтик инфраструктураны өнүктүрүү, эл аралык маданий иш-чараларды, этнофестивалдарды жана көргөзмөлөрдү өткөрүү пландалууда. Бул маданий-гуманитардык байланыштарды бекемдөөгө жана Улуу Жибек жолунун тарыхый мурасын жайылтууга өбөлгө түзөт. Жапаров тараптардын өз ара колдоосу менен бул долбоор соода жана инвестиция үчүн ири аянтчага айланып, Борбор Азия элдеринин тынчтыгынын, ишениминин жана биримдигинин символу болооруна ишеним артты. Маалымат борборРФтин соода өкүлү: Кыргызстан олуттуу логистикалык хабга айланып бара жатат25 Бештин айы 2025, 11:48",sputnik.kg,https://sputnik.kg/20260506/sadyr-zhaparov-batken-sooda-parky-1101151659.html,17:22 06.05.2026,kyrgyz,0,high,,news_site
5598febe-7bae-4dfe-b0ea-9e82dfd9d917,Кара-Суу шаарында жаңы медициналык борбор ачылды,"Кара-Суу шаарында жаңы медициналык борбор ачылды.  Үй-бүлөлүк медицина борборунун ачылышына 12-апрелде президент Садыр Жапаров Ош облусуна болгон иш сапарынын алкагында катышты.Мамлекет башчысы медициналык кызматкерлер менен кыскача баарлашты. Алардын эмгек акысын көбөйтүү боюнча жүргүзүлүп жаткан иштер туралуу маалымат берди жана мамлекет мындан ары да айлыкты көбөйтүү жана эмгек шарттарын жакшыртуу үчүн бардык аракеттерди көрөрүн айтты.Президенттин сайтындагымаалыматка караганда, медициналык борбордун жаңы имараты төрт кабаттан турат. Мекеме заманбап медициналык жабдуулар жана эмеректер менен жабдылган.Имаратта административдик кызматтар, консультациялык жана диагностикалык бөлүмдөр, ошондой эле медициналык изилдөөлөрдү жүргүзүүгө арналган адистештирилген кабинеттер жайгашкан. Компьютердик томография (КТ), дарт аныктоочу, рентген аппараттары, флюорография жана башка жогорку технологиялык жабдуулар менен жабдылган.Президент Садыр Жапаров саламаттык сактоо министри Дамир Осмонов менен чогуу медициналык борборду кыдырып, жаңы бөлмөлөрүн көрүп чыкты.Маалыматка ылайык, медициналык борбордун курулушу толугу менен аяктаган, толук кандуу иш алып барууга даяр.Жапаров Ош облусуна 10-апрелде барган. Ал аймакта 15-апрелге чейин болору, Ош шаарын жана облустагы райондорду кыдырып, эл менен жолугушары кабарланган.10-апрель күнү мамлекет башчысы Ош шаарында эл менен жолугушкан, 11-апрелде Араванда жергиликтүү эл менен сүйлөшкөн. Президент менен жолугушууга айрым журналисттер киргизилген эмес. Аравандагы жолугушууга барган журналист Хамидулло Узаков күч кызматтары аны мажбурлап чыгарышканын Фейсбуктагы баракчасына жазган. (ZKo)",azattyk.org,https://www.azattyk.org/a/33730495.html,2026-04-12T17:13:43+06:00,kyrgyz,0,high,,news_site
40a8e2b2-672e-42d6-a2e0-dd14ba808944,Митингде Атазовду колдогондор буга чейин провокациялык акцияларга катышкан. Фактчек [split],"Баймуратова буга чейин «Кактус медианын» жабылышын талап кылып митингге чыккандардын арасында даболгон. Ак элечек кийген дагы бир аял буга чейин Ыргалай Бекмуратова менен биргеликте «Кактус медианын» жабылышын талап кылып митинггечыккан. «МЭЭРЖАЗЫ»  коомудук бирикмесинин Ютуб-каналында ал өзүн Салия Жолонова дептааныштырган. Ал «Арууке апалар» коомдук фондунун директору экенимаалым болду. Жолонова ушул жылдын 18-мартында Кыргызпатенттин Нооруз майрамына карата уюштурган кол өнөрчүлөрдүн иш-чарасына катышкан. Төмөнкү сүрөттөр Кыргызпатенттин «Фейсбук» баракчасынаналынды. Ушул эле сүрөттөрдүн арасынан митингдин дагы бир катышуучусу — Турсунай Жаналиеваны байкоого болот. АлЫргалай Бекмуратованын«Фейсбуктагы»достугунда бар. Атазовго каршы чыккан активисттердинплакатын жырткантарапташы — Орозбек Асеков. Ал да буга чейин «Кактус медиага» каршымитингге чыккан.Мындан тышкары 23-январда Болот Темировдун кармалышы боюнча Ички иштер министрлигинин имаратынын алдында өткөн нааразылык акцияга да катышып, журналисттерге каршы пикирин билдирген. Атазовду «Фейсбукта» байма-бай колдоп жазган дагы бир тарапташы —Самат Дүмүров. Osoo.kgсайтынын маалыматына ылайык, ал «Усман-Умар»ЖЧКсынындиректору. Жыйынтык: 15-июнда Жогорку Кеңештин алдында депутат Шайлообек Атазовго колдоо көрсөткөндөр буга чейин провокациялык митингдерге катышып жүргөн. Булак:T media",factcheck.kg,https://factcheck.kg/ky/kyrgyz-mitingde-atazovdu-koldogondor-buga-chejin-provokacziyalyk-akcziyalarga-katyshkan-faktchek/,,kyrgyz,1,0.67,https://factcheck.kg/ky/kyrgyz-mitingde-atazovdu-koldogondor-buga-chejin-provokacziyalyk-akcziyalarga-katyshkan-faktchek/,fact_check
e89c4ca0-8cb8-4151-9f45-43908111397b,Майлуу-Суу лампа заводу: Министрлер кабинетинин көчмө жыйынында эмне чечилди?,"Министрлер кабинетинин төрагасынын орун басары — суу ресурстары, айыл чарба жана кайра иштетүү өнөр жайы министри Бакыт Төрөбаевдин жетекчилиги алдында Жалал-Абад облусунда «Майлуу-Суу лампа заводу» ачык акционердик коомунун маселелерине байланыштуу жеринде көчмө жыйын болуп өттү. Президент Садыр Жапаровдун ыкчам тапшырмасынын негизинде өткөрүлгөн отурумга тиешелүү мамлекеттик органдардын өкүлдөрү, заводдун жетекчилиги жана кызматкерлери катышты. Отурумдун жүрүшүндө ишкананын учурдагы абалы, өндүрүштүн көлөмү, кызматкерлердин эмгек акысы, социалдык маселелер жана заводду сактап калуу боюнча келечектеги иш-аракеттер талкууланды. Ишкана кызматкерлери тарабынан өндүрүштүн кыскарышы, эмгек акынын кечиктирилиши жана жумушсуз калуу коркунучу боюнча тынчсыздануулары айтылды. Ага ылайык, завод кызматкерлерине төлөнбөй келген акыркы үч айлык эмгек акыны төлөө боюнча Кыргыз Республикасынын Министрлер Кабинети тарабынан тиешелүү тескеменин долбоору даярдалып, ошондой эле инвестор тартуу багытында тиешелүү иштер жүргүзүлүп жатканы белгиленди. Өндүрүш толук жанданганга чейин заводдун кызматкерлери убактылуу эмгек акы сакталбаган өргүүгө чыгарылары маалымдалды. Өз каалоосу менен жумуштан кетүүнү каалаган кызматкерлерге Кыргыз Республикасынын эмгек мыйзамдарына ылайык компенсациялар төлөнүп берилээри кошумчаланды. Министрлер кабинетинин төрагасынын орун басары Бакыт Төрөбаев заводдун ишин жандандыруу максатында атайын жумушчу топ түзүлөөрүн, өндүрүштү диверсификациялоо жана жаңы багыттарды ачуу боюнча талдоо жүргүзүлөрүн билдирди. Ал ошондой эле кызматкерлердин айлык маяналары 2026-жылдын январь айынын аягына чейин толук төлөнөөрүн билдирди. Мындан тышкары, заводдун башкаруу системасын жакшыртуу максатында Эсептөө палатасы тарабынан ишкананын каржылык жана башкаруучулук ишмердүүлүгүнө комплекстүү баа берилери маалымдалды. Минкаб төрагасынын орун басары Бакыт Төрөбаев учурда заводдо чыгарылып жаткан лампаларды (лампа накаливания) өндүрүү токтотуларын айтып, мындай продукция дүйнө жүзүндө колдонулбай калганын белгиледи. Азыркы учурда Майлуу-Суу лампа заводунда айнек идиштеринин бир канча түрү өндүрүлөт (стеклотара, бөтөлкө, банка, светодиодная лампа). Белгилей кетсек, Майлуу-Суу шаарында жайгашкан бул Майлуу-Суу лампа заводу 1964-жылдан тартып курулуп иштеп баштаган. Азыркы убакытка чейин заводдун иш алып баруусунда башкаруу формасын уюштурууда мамлекеттик ишкана, акционердик коом, жоопкерчилиги чектелген коом болуп бир нече жолу өзгөрүлгөн.",24.kg,https://24.kg/kyrgyzcha/356944_mayluu-suu_lampa_zavodu_ministrler_kabinetinin_kochmo_jyiyyinyinda_emne_chechildi/,,kyrgyz,0,high,,news_site
c2e728e5-9730-40d2-8b10-dba5b8176f57,Шашылыш билдирүү! Кар көчкү түшүү кооптуулугу сакталууда,"Эртең, 6-марттан 10-мартына чейин туруксуз аба ырайына байланыштуу Кыргызстандын тоолуу райондорунда кар көчкү түшүүсү жана кар күрткүсү күтүлөт. Бул тууралуу Өзгөчө кырдаалдар министрлиги билдирди. Маалыматка ылайык, кар көчкү түшүү коркунучу Кыргызстандын тоолуу райондорунда, атап айтканда: ӨКМ жолдор тайгак болуп, муз тоңушу мүмкүн экенин эскертип, айдоочуларга унаалардын ортосунда кеминде 500 метр аралык сактоону сунуштады.",24.kg,https://24.kg/kyrgyzcha/364705_shashyilyish_bildiruu_kar_kochku_tushuu_kooptuulugu_saktaluuda/,,kyrgyz,0,high,,news_site
d84fdc71-1eb6-4ff9-a249-63784a6c516e,Атомдук энергия боюнча эл аралык агенттик (МАГАТЭ) Запорожьедеги АЭСке бара алабы?,"Telegram-каналдарда орусиялык армиянын иш-аракеттериненулам МАГАТЭ Запорожьедеги АЭСте радиациялык коопсуздукту текшерүү үчүн бара албай жатканы тууралуу украина тараптын “фейкин” төгүндөгөн маалымат таратылууда. Электр станцияда ядердик коопсуздуктунталаптары бузулуп жатат. Журналисттердин айтымында МАГАТЭнин Запорожьедеги АЭСти каалаган убакытта текшерүү мүмкүнчүлүгү бар. Ошондой эле орусия тарап жана Запорожье облусунун администрациясы буга тоскоол болбой эле, тескерисинче эл аралык комиссияны атомдук электр станциягачакырып жатышат.Буга Украина каршы болууда. Бул билдирүүлөр пропаганда жана манипуляция болуп саналат. Украиналык кесиптештер буга чейинжазып келгендейАЭСти орусия тарап басып алгандан бери ишенимдүү көзөмөлдөп жаткандыгын далилдөөгө аракет кылып келет. Белгилей кетсек, МАГАТЭнин башкы директорунун орун басары жана Ядердик энергия департаментинин жетекчиси Михаил Чудаков орусиялык болупэсептелет.",factcheck.kg,https://factcheck.kg/ky/mozhet-li-magate-posetit-zaporozhskuyu-aes/,,kyrgyz,1,0.75,https://factcheck.kg/ky/mozhet-li-magate-posetit-zaporozhskuyu-aes/,fact_check
587005f7-ee7e-4ef4-ae47-e031cddf8feb,Мектепке кабыл алуу. Биринчи класска 50 миңге жакын бала кабыл алынды,"Биринчи класска 50 миңге жакын бала кабыл алынды. Бул маалымат 1mektep.edu.gov.kg ачык маалыматтар порталынан жеткиликтүү болду. Бишкек шаарында 8 миң 400гө жакын бала кабыл алынган. Алардын ичинен кыргыз тилиндеги класстарда дээрлик 3 миң 400 орун, ал эми орус тилиндеги класстарда 5 миңге жакын орун бар. Борбор калаада дагы 18 миңден ашык орун бош калды. 2026/27-окуу жылына жалпы квоталардын саны 192 миң 300 булууда. Белгилей кетүүчү нерсе, республиканын түштүгүндө окутуу өзбек жана тажик тилдериндеги класстарга да кабыл алуу жүрүп жатат. Биринчи класска онлайн каттоо 1-апрелде башталды. Ага 2019 жана 2020-жылдары төрөлгөн балдар катыша алышат. Биринчи этап ата-энесинин (же мыйзамдуу камкорчусунун) тиешелүү мектептин кичи районунда туруктуу каттоосу бар балдар үчүн болот. Экинчи этап болсо жашаган жери боюнча каттоого негизделбеген каттоо үчүн, 1-июнда башталат.",24.kg,https://24.kg/kyrgyzcha/370104_mektepke_kabyil_aluu_birinchi_klasska_50minge_jakyin_bala_kabyil_alyindyi/,,kyrgyz,0,high,,news_site
5f55a199-a828-4c08-8400-fb08cbc794fa,"Жанар Акаев, “Альянс”: “Мамлекеттик карыз 4.5 млрд долларды түзөт” – жалган [split]","Экономика жана каржы министрлигинин маалыматы боюнча, июнь айынын аягында Кыргызстандын мамлекеттик карызы дээрлик 4 миллиард 921 миллион долларга жетип, улуттук валютада мамлекеттик карыз 416 миллиард 629,9 миллион сомду түздү. Жалпысынан 84,5% өлкөнүн тышкы кредиттери, 15,5% ички кредиттер. Жыйынтык: жалган. Чынында Кыргызстандын мамлекеттик карызы Жанар Акаев билдиргенден да көп.",factcheck.kg,https://factcheck.kg/ky/zhanar-akaev-alyans-gosdolg-kyrgyzstana-na-segodnya-sostavlyaet-4-5-mlrd-nepravda/,,kyrgyz,1,0.75,https://factcheck.kg/ky/zhanar-akaev-alyans-gosdolg-kyrgyzstana-na-segodnya-sostavlyaet-4-5-mlrd-nepravda/,fact_check
5ba30a78-88a7-404a-9ddd-8094f46c4c92,ФАКТЧЕК. Атайын кызмат телефондук чалууларды тыңшап жатабы? [split],"Дал ушул текстти Google аркылуу издеп көрсөк, мындан эки жыл мурунку жазуулардан табылды. 2017-жылы Орусиянын мессенджерлериндеги группаларда, Одноклассники социалдык тармагында пайда болгон. Ал маалымат Орус думасынын төрагасынын орун басары Ирина Ярева антитеррористтик багыттагы мыйзам долбооруна байланыштуу тараган. Орусиянын активисттери бул маалымат чындыкка туура келбей турганын ошондо эледалилдешкен. Биринчиден, бул маалыматты тараткан адамдын аты-жөнү, же мекеменин аты көрсөтүлгөн эмес. Экинчиден, ар бир жарандын жазган, сүйлөшкөнүн тыңшоо, аларды мониторинг жасоо үчүн канча адам катышуусу керек, бул физикалык жактан мүмкүн эмес. Экинчиден, Кыргызстанда гана эмес дүйнөнүн башка өлкөлөрүндө дагы CDMX деген тыңдоочу система жок. Ал эми Кыргызстанда болсо соттун чечими менен гана СОРМ системасы аркылуу тыңдоо жүргүзүлөт. ЖЫЙЫНТЫК: Бул – ФЕЙК Өлкөдөгү коронавируска байланышкан кырдаалда, айрыкча, бул фейк маалыматтарды таратуу күчөп жатканын Ички иштер министрлиги кабарлады. 21-марттан тартып бир сутканын ичинде жалган маалымат тараткан 15 факты катталган. “21-марттан тартып бир сутканын ичинде фейк маалымат тараткан 15 факты катталган. Атайын жалган маалымат тараткандар Кылмыш жаза кодексинин 344-беренеси менен жоопко тартылат”, – деп билдирди Ички иштер министринин орун басары Алмаз Орозалиев.",factcheck.kg,https://factcheck.kg/ky/kyrgyz-faktchek-atajyn-kyzmat-telefonduk-chaluulardy-ty%d2%a3shap-zhataby/,,kyrgyz,1,0.8,https://factcheck.kg/ky/kyrgyz-faktchek-atajyn-kyzmat-telefonduk-chaluulardy-ty%d2%a3shap-zhataby/,fact_check
bac86727-8bb9-47b9-baa4-69a31d63f6d5,Ысык-Көлдө ири өлчөмдөгү баңгизаттарды тараткан шектүүлөр кармалды,"Ысык-Көлдө өзгөчө ири өлчөмдөгү баңгизаттарды тараткан шектүүлөр кармалды. Бул тууралуу Ички иштер министрлигинин Баңгизаттарды мыйзамсыз жүгүртүүгө каршы күрөшүү кызматы билдирди. Маалыматка ылайык, баңгизатты таратууга катышкан кылмыштуу топ аныкталганы айтылды. Ысык-Көл аймагында мурда соттолгон төрт адам кармалган. Тергөөчүлөр алар баңгизаттарды жасап жана таратып жүргөн деп болжолдошууда. Шектүүлөр жашаган үйлөрдү тинтүү учурунда баңгизаттар, ошондой эле аларды өндүрүү үчүн колдонулган жабдуулар табылган. Алар тергөө камак жайына алынды.Тергөө иштери уланууда.",24.kg,https://24.kg/kyrgyzcha/358643_yisyik-koldo_iri_olchomdogu_bangizattardyi_taratkan_shektuulor_karmaldyi/,,kyrgyz,0,high,,news_site
41ba2954-310c-43d4-afb2-aa828543e175,ТИМ: «Швейцариядагы өрт кырсыгында жабыркаган кыргызстандыктар жок»,"Тышкы иштер министрлиги 1-январга караган түнү Швейцариянын Кран-Монтана тоо-лыжа курортунда чыккан өрттөн улам болгон кырсык боюнча билдирүү жасады. Кыргыз Республикасынын Швейцария Конфедерациясындагы элчилиги Швейцариянын компетенттүү органдары менен ыкчам байланышта болуп, каза болгондордун же жабыркагандардын арасында Кыргыз Республикасынын жарандарынын бар же жок экендиги тууралуу маалыматты тактоодо. Алдын ала алынган маалыматтарга ылайык, каза болгондордун же жабыркагандардын арасында Кыргыз Республикасынын жарандары жок. ""Тышкы иштер министрлиги кырдаалды туруктуу көзөмөлдөп, Кыргыз Республикасынын жарандары жабыркагандардын арасында болушу мүмкүн деген жагдайды тактоо боюнча ишти улантууда"",-деп айтылат ТИМдин маалыматында.",24.kg,https://24.kg/kyrgyzcha/356919_tim_shveytsariyadagyi_ort_kyirsyigyinda_jabyirkagan_kyirgyizstandyiktar_jok/,,kyrgyz,0,high,,news_site
453dc387-babc-4682-9cf1-953553f09329,Абдыгуловго карата “чабуул”,"Factcheck.kg Facebook социалдык түйүнүндө жана ЖМКларда КР Улуттук банкынын төрагасы Толкунбек Абдыгуловго карата маалымат чабуулу болуп жаткандыгын аныктады. Текшерүү Абдыгуловго карата үч толкундагы чабуулга социалдык тармактагы фейк аккаунттары гана эмес, айрым жалпыга маалымдоо каражаттары дагы тийиштиги бар экендигин көрсөттү. 1- толкун –  “Абдыгуловдун Улуттук банктын жетекчилигине дайындалышы” Биринчи толкун 2017-жылдын 28-ноябрынан 28-декабрына чейин уланды. Эскерте кетсек, 2017-жылдын 21-декабрында Толкунбек Абдыгулов КР Улуттук банкынын төрагасы болуп дайындалган. Фейсбук социалдык тармагында Абдыгуловго каршы үч фейк аккаунту иштеген. Алар: Каныкей Алиева (аватары – күндүн батып бараткан фонундагы кыздын сүрөтү), Rustam Uulu Talant (аватары – Джек Николсон), Ильяс Асанбеков (аватары – Чыңгыз Айтматов). Акыркы аккаунтту жаңылыштык менен Алмазбек Атамбаевдин фейк аккаунту деп аташчу. Бирок анын активдүүлүгүнө жасалган анализ көрсөткөндөй, бул фейк аккаунту буюрутма менен иштеген адискөй троллдордун тобуна таандык. Басмасөз ЖМКларында (Ачык Саясат, Фабула, Де Факто жана Багыт КГ) негатив маанайында 6 макала жарык көргөн (“Абдыгулов Улуттук банкты ижарага алып жатат” – башка гезитте “менчигине” деген термин колдонулду)”. Эки гезитте жарыяланган макалалар мазмуну боюнча бири-бирине абдан окшош. Гезит материалдары chyndyk.kg, gezitter.org жана nazarnews.kg сайттарында дагы жарыяланган. 2-толкун – “Улуттук банктын ЖК берген отчету” Маалымат чабуулунун экинчи толкуну 2018-жылдын 12-майынан 13-июнуна чейин созулду.",factcheck.kg,https://factcheck.kg/ky/abdygulova-zakazali/,,kyrgyz,1,0.91,https://factcheck.kg/ky/abdygulova-zakazali/,fact_check
795bb2f9-a168-484b-accb-5c68ad466470,Бизди кантип алдашат: жалган маалыматтардын түрлөрү жана алар менен күрөшүүнүн жолдору [split],"Фактылар менен ойноп, көз жазгыруу (манипуляция)– окуяларды кайсы бир көздөгөн максатка ылайыктап, тууралап көрсөтүү үчүн фактыларды бурмалап же тандап көрсөтүү. Ал цитатаны бурмалоо, толук эмес маалыматты колдонуу же фактылардын мааниси өзгөргөндөй өңүттөн көрсөтүү түрүндө болушу мүмкүн. Саясий пропаганда– коомдук талкууларга катышуу жана коомдук пикирге таасир этүү максатында кайсы бир көз караштагы маалыматтарды системдүү түрдө таркатуу. Троллинг жана боттор. Троллинг– жаңжалды жаратуу максатында адамды өзүнөн чыгарган чагымчыл же аны кемсинткен пикирлерди жана билдирүүлөрдү таркатуу.Боттор– бул жалган маалыматтарды таркатуу жана керектүү пикирлерди жаратуу максатында колдонулган эркин аккаунттар. Компьютердик чабуулдар жана хакерлик– компьютердик тутумдарды, коомдук тармактарды же веб-сайттарды талкалоо жолу менен жалган маалыматтар жаратылышы мүмкүн. Хакерлер жалган маалыматтарды тарката алышат, маалыматтарды өзгөртө алышат же өчүрө алышат же билдирүүлөр менен адаштыруу үчүн жалган аккаунттарды түзө алышат. Тарыхты бурмалоо– бул кайсы бир саясий же идеологиялык кызыкчылыкты бышыктоо максатында конкреттүү окуяларды, фактыларды же контекстти өзгөрткөн же бурмалаган жалган маалыматтар. Бул жалган маалыматтын максаты тарыхты кайра жазып чыгуу же кайсы бир элди жаманатты кылуу болушу мүмкүн. Шайлоолор менен көз жагыруу– бул дагы жалган маалыматка тийиштүү, анткени шайлоонун жыйынтыгын бурмалоо, шайлоочуларды коркутуу, добуштарды сатып алуу аркылуу шайлоонун жыйынтыгын өзгөртүү аракети да коомдук пикирге таасирин тийгизет. Жалган маалыматтар менен күрөшүү ар бир адамдан жана жалпысынан коомдон белгилүү бир аракетти талап кылат. Бул материалда жалган маалыматка каршы туруунун негизги жолдорун келтиребиз: Фейк жаңылыктар ага ишенгендер чыгып, аны өз барагында жарыялап, жакындары жана туугандары менен бөлүшкөндүгүнө байланыштуу кеңири таркатыларын эстен чыгарбагыла. Ошентип алар фейк жаңылыктардын таркатылышына жардам беришет. Эгер макаланын аныктыгын билбесеңиз, аны менен бөлүшөөрдүн алдында бир аз ойлонгонуңуз туура болот.",factcheck.kg,https://factcheck.kg/ky/kak-nami-manipuliruyut-vidy-dezinformaczii-i-sposoby-borby-s-nej/,,kyrgyz,1,0.9,https://factcheck.kg/ky/kak-nami-manipuliruyut-vidy-dezinformaczii-i-sposoby-borby-s-nej/,fact_check
52072e6a-7fa6-4dcd-8c4c-2122d26422ec,ФАКТЧЕК. Атайын кызмат телефондук чалууларды тыңшап жатабы?,"WhatsApp топтордо Кыргызстанда өзгөчө кырдаалдар киргизилгенден тартып бардык жарандардын телефондук сүйлөшүүлөрү, билдирүүлөрү, социалдык тармактарда жазган постторунан бери атайын кызматтар тарабынан текшерилип, тыңшалып турат экен деген маалыматтар тарап жатат. “Внимание! Начиная с завтрашнего дня появляются новые правила коммуникации. Все вызовы будут записаны. Все записи телефонных звонков записываются. Все сообщения и звонки от Whatsapp записываются. Мониторинг Twitter. Мониторинг Facebook. Мониторинг Все социальные сети и форумы. Сообщите тем, кто не знает. Все устройства подключены к ведомственным системам службы прослушки и правительства и правительства CDMX. Будьте осторожны, чтобы не отправлять ненужные сообщения или информацию, противоречащие законам и морали. Избегайте говорить конфиденциальную информацию своим друзьям и родственникам. Расскажите своим детям и будьте очень осторожны! Очень важно передать это сообщение только сегодня. Потому что с завтрашнего дня в стране уже есть другая форма наблюдения. Невероятно, но верно. Просто отправьте его сегодня всем своим близким и друзьям. «Все, что вы пишете или говорите, может быть использовано против вас, даже любая шутка! Штраф 50,000сом” деп жазылат билдирүүдө. ПолитКлиникамедиасыбул маалыматты текшерип көрдү.",factcheck.kg,https://factcheck.kg/ky/kyrgyz-faktchek-atajyn-kyzmat-telefonduk-chaluulardy-ty%d2%a3shap-zhataby/,,kyrgyz,1,0.8,https://factcheck.kg/ky/kyrgyz-faktchek-atajyn-kyzmat-telefonduk-chaluulardy-ty%d2%a3shap-zhataby/,fact_check
533afcb8-3bca-43b9-9a68-b6f8b8dd5a5e,Медициналык маскалар кычкылтекти өткөрбөйт деген маалымат жалган,"WhatsApp тиркемеси аркылуу медициналык маскалар аба өткөрбөйт деген өңүттө маалымат тарады. Тасмада белгисиз адам маскага суу куюп, ал аркылуу суу өтпөгөнүн көрсөтөт. Андан соң, автор суу өткөрбөгөн маскалар абаны да өткөрбөйт, жыйынтыгында адамдар көмүр кычкыл газы менен ууланат деген бүтүм чыгарган. Factcheck.kgбул маалыматты текшерип көрүүнү чечти. Алгач медициналык маскалар чынында эле суу өткөрбөрүн тактайбыз. Ал үчүн ар түрдүү аптекалардан бир нече маскаларды сатып алабыз. Тасмадагыдай эле ал маскалардан да суу өткөн жок. Андан соң мындай көрүнүштүн себебин ачык булактардан издейбиз. Издөө аркылуу N95 респираторлорунун жана башка медициналык маскалардын экинчи ирет колдонуу көйгөйлөрүн чечүү менен алектенгенN95DECON ассоциациясынынсайтына туш болобуз. Бул сайт окумуштуулар тарабынантүзүлгөн. Аталган ресурста медициналык маскаларды колдонуу тууралуу сунуштар кеңириберилген. Маалыматка ылайык, натыйжалуу маскалар сууну өткөрбөгөн катмарга ээ. N95DECON ассоциациясы өнөр жай өндүрүүчүлөр жана ташып-жеткирүүчүлөр үчүн №1 америкалык платформага, мындан тышкары Түндүк АмерикадагыThe Thomasаттуу  маркетинг борборуна шилтеме берген.The Thomasсайтында хирургиялык маскалардын сапаты, сууга туруштугу жана тыгыздыгы  тууралуу кеңири маалымат берилип, маска өндүрүүчүлөрү үчүн атайын стандарттар жана сунуштаркөрсөтүлгөн. Маскалар тууралуу маалыматтарды изилдеп көрүп, кадимки марлиден жасалган илгерки маскалар азыркы тапта тигиши жок материалдан жасалган маскаларга алмашылганы жана кийинкилер мурдагыдан кыйла натыйжалуу экенин аныктадык.",factcheck.kg,https://factcheck.kg/ky/obychnye-mediczinskie-maski-ne-propuskayut-kislorod-nepravda/,,kyrgyz,1,0.6,https://factcheck.kg/ky/obychnye-mediczinskie-maski-ne-propuskayut-kislorod-nepravda/,fact_check
6f42016c-b3cb-4a10-a9d7-80d45c57f50b,Урук чачуу мезгилинде балык уулоого убактылуу тыюу салынды,"Суу ресурстары, айыл чарба жана кайра иштетүү өнөр жайы министрлигине караштуу Балык өнөр жайы комплекси департаменти өлкө боюнча балыктардын урук чачуу мезгилинде спорттук жана ышкыбоздук балык уулоого убактылуу тыюу салды. Ага ылайык,Ысык-Көлдө: Республиканын суу объектилеринде: Ошондой эле дарыялардагы баалуу балыктарга:",24.kg,https://24.kg/kyrgyzcha/369265_uruk_chachuu_mezgilinde_balyik_uuloogo_ubaktyiluu_tyiyuu_salyindyi/,,kyrgyz,0,high,,news_site
0dae6826-dc66-4631-9cd7-fa0ccbb97859,Жөтөлгө каршы сироп менен сүттүн аралашмасы 4 баланын өмүрүн алдыбы? Текшеребиз [split],"катталуучусу бар Facebook баракчасына тиешелүү сумма үчүн каалаган маалыматты жайгаштырарын  жашырбайт: Мындай көрүнүш аталган сайтта пайда болуп турган фейк жаңылыктарынын байма-бай тарашынын бирден-бир себеби боло алат. Өз учурунда фейк жана резонанс жараткан макалалар көптөгөн окурмандын сайтка баш багышына себепкер болуп, жарнама берүүчүлөрдүн санынын көбөйүшүнө өбөлгө түзөт. Балдарын ууландырып алган эненин окуясында эч бир факты, каармандардын аты, маалымат булагы айтылбаганына байланыштуу, анын фейк экенин так кесе айтуу мүмкүн болбоду. Интернет ресурстары маалыматты тактабастан бөлүшкөнүнөн улам, орус жана англис тилинде издөө аракеттери да оңунан чыккан жок. Сүт менен дары-дармектердин кошулмасы өлүмгө алып келгени тууралуу документалдык далилдер да табылган жок. 2012-жылы “Фармацевтический вестник” аттуу ресурста сүт менен аралыштырууга сунушталган жана сунушталбаган дары-дармектин тизмеги тууралуумаалыматжарыяланган. Фармацевтика илиминин окумуштуусу, кафедра доцентиМухаммед Арифур Рахмандын айтымында, сүттүн дары менен аралашмасынан пайда болгон суюктук дарынын натыйжалуулугун төмөндөткөндөн башка эч зыяналып келбейт. Жыйынтык: – Сүт аралашмасы менен жөтөлгө каршы сироп 4 баланын өлүмүнө себепкер болгону тууралуу окуя– фейк.",factcheck.kg,https://factcheck.kg/ky/mat-ubila-detej-smesyu-moloka-i-siropa-ot-kashlya-proveryaem/,,kyrgyz,1,0.6,https://factcheck.kg/ky/mat-ubila-detej-smesyu-moloka-i-siropa-ot-kashlya-proveryaem/,fact_check
40a39514-81f3-4eec-b17b-20f3614aa9fe,Бүгүн Эл аралык театр күнү: Театр тууралуу кызыктуу фактылар,"1. Театрдын тарыхы ата-бабаларыбыз аңчылыкка чыкканга чейин ырым-жырым бийлерин аткарган ошол байыркы доордон башталат. 2. Байыркы Греция театрдын мекени болуп эсептелет. 3. Театрдын беткаптары театрдын символу болуп эсептелет. Эки маска — комедия жана трагедия — жалпысынан театрды чагылдырат. 4. Беткаптар анын байыркылыгын билдирет, анткени байыркы убакта бардык театралдык акциялар аянттарда жана ареналарда болуп, акыркы катарларда каармандардын мүнөзүн көрүп, алар эмне жөнүндө айтып жатканын угушу үчүн актёрлор колдоно башташкан. Ар кандай эмоцияларды чагылдырган жаркыраган маскалар жана ооздордун ордуна үндү күчөтүүчү динамик болгон. 5. Грек театрында үч гана актер болгон жана алардын ар бири бир нече ролдорду ойной алган. Ошондой эле ар бир өндүрүштүн демөөрчүсү болгон, алар туура үч кишиге сметасын түзгөн. 6. Грек театрында бардык ролдорду эркектер, анын ичинде аял каармандар да ойношчу. Кийинчерээк театрга карама-каршы жыныстагы актрисалар пайда болуп, мимикада жана пантомималарда жалаң жөнөкөй кыздарды ойношкон. 7. Театр көшөгөсү биринчи жолу Байыркы Римде пайда болгон. Бирок ал көнүмүш адатынча ачылбай, көтөрүлгөн жок. Байыркы Рим көшөгөсү спектакль алдында полдогу боштук аркылуу түшүрүлгөн. 8. Театралдык желдеткич өз максатына ылайык гана колдонулбастан, көп учурда көрүүчүлөргө да, актёрлорго да жардамчы катары кызмат кылган. Биринчилери үчүн күйөрмандардын бетинде спектаклдерден үзүндүлөр же алдыдагы спектаклдердин программалары белгиленсе, экинчилери спектакль учурунда унутуп калбоо үчүн аларга текст жазышкан. 9. Жакшы пьесалар ар дайым аз болгон жана аларга атаандаш театр компаниялары же басмачылар аңчылык кылышкан. Ошондуктан автор пьесанын толук текстин труппадагы эң чынчыл адамга — суфлерге ишенип тапшырган. Ар бир актердун колунда өзүнүн тексти гана болгон, ал үчүн жаттап алууга жана репетицияга бир нече жума гана бөлүнгөн. 10. Байыркы грек драматургу Фринихтун грек элинин кыйроосу жөнүндөгү пьесасы көрүүчүлөрдү ушунчалык капа кылгандыктан, бүт театр көзүнө жаш алды. Жаза катары драматург сотко жөнөтүлүп, айып пул салынып, анын пьесаларын чыгарууга тыюу салынган. 11. Театрда дайыма кол чабууларга көп көңүл бурулуп келген. Байыркы убакта көрүүчүлөргө качан кол чабууну айтышчу, ал эми Иониянын бир театрында алар согушта бир колунан ажыраган жоокерлерди кол чабууга мүмкүнчүлүк беришкен, бул үчүн алардын алдына таз кулдар отургузулган, алардын башына майыптар бир колу менен кол чаап алат. 12. Жалданмаларды кол чабуулар менен чакыруу практикасы Европада да кеңири таралган. 19-кылымда көптөгөн театрлар өз кызматтарын колдонушкан, бирок клакерлер деп аталгандар «эмгеги» үчүн акы талап кыла башташкан. 13. Афинанын байыркы театрынын гүлдөп турган мезгилинде кулдардан башка бардык жашоочулар трагедиялуу спектаклдерди көрүүгө милдеттүү болгон. Каражат жетишпей калгандарга мамлекет тарабынан компенсация төлөнүп берилди. 14. Эң биринчи фонограмма Байыркы Римде пайда болгон. Ошол кездеги атактуу драматург Ливий Андроник жазганды гана эмес, ролдорун өз алдынча аткарууну да жакшы көрчү. Бир жолу үнү чыкпай калып, артынан «сүйлөшкөн» баланы отургузуп коюшуп, драматург оозун ачып эле калды. 15. Театр имараттары, театралдык атрибуттар, белгилүү театр ишмерлеринин портреттери бир жолу заманбап банкнотторго түшүрүлгөн. 16. 27-мартта бүткүл дүйнөдө Театр күнү белгиленет. Бүткүл дүйнөлүк театр күнү 1961-жылы Венада, ЮНЕСКОнун Эл аралык театр институтунун IX конгрессинде белгиленип, 1962-жылдан бери жыл сайын белгиленип келет.",24.kg,https://24.kg/kyrgyzcha/367697_bugun_elaralyik_teatr_kunu_teatr_tuuraluu_kyizyiktuu_faktyilar/,,kyrgyz,0,high,,news_site
c7b648d6-0828-4265-96a6-c8853e730b44,Дүйнө “Талибан*” кыймылын тааныганы жалган [split],"17 -августта Кытай “бүт афган элине карата достук саясатын жүргүзгөнүн”, талиптер менен достук мамилеге даяр экенин жана афган өнүктүрүү долбоорлорун кубаттай турганынырастады. “Талибан*” өкмөтүн дүйнөдө кайсы бир өлкө расмий түрдө тааныганын тастыктаганмаалыматжок. Тескерисинче, бир катар мамлекеттер талиптерге бир нече биргелешкен билдирүү жасашты. Бул билдирүүдө 72 өлкөөлкөдөн чыгып кетүүнү каалаган чет өлкөлүк жарандардын жана оогандардын коопсуз жана тартиптүү кетүүсүнө көмөктөшүүгөчакырды. Европа Биримдиги, АКШ жана башка 20га жакын өлкө Ооганстандагы зомбулукту токтотуу боюнча биргелешкен билдирүүгөкол коюшту. Билдирүүдө адам укуктарын, айрыкча аялдар менен балдарды коргоо жана сүйлөшүү жолу менен саясий чечим кабыл алуу зарылчылыгы баса белгиленген. Жыйынтык: жалган.Кытайдын Тышкы иштер министрлиги ооган элинин тандоосун урматтап, өлкөдөгү кырдаалдын конструктивдүү чечилишине үмүттөнүп, талиптер менен байланышты үзбөй турганын билдирди. Жаңы өкмөттү таануу боюнча бир дагы өлкө расмий билдирүү жасай элек. *“Талибан” кыймылынын ишмердүүлүгү Кыргызстанда тыюу салынган.",factcheck.kg,https://factcheck.kg/ky/soobshheniya-o-priznanii-talibana-v-mire-nepravda/,,kyrgyz,1,0.67,https://factcheck.kg/ky/soobshheniya-o-priznanii-talibana-v-mire-nepravda/,fact_check
4b300dad-3a1b-47be-8501-ae349f506753,Бишкекте 128 адамды кене чакты,"Бишкек шаардык мамлекеттик санитардык-эпидемиологиялык көзөмөл борборуна кене чаккандыгы тууралуу 128 адам кайрылды. Мекеменин маалыматы боюнча, алардын ичинен сегиз кишиге (төрт чоң адам жана төрт бала) кене энцефалитине каршы иммуноглобулин сайылган. Жалпысынан кене энцефалитине каршы 189 адам эмдөөдөн өтсө, алардын бешөө ревакцинациядан (бир жылдан кийин кайра эмдөө) өттү. Эмдөөгө Жусуп Баласагын атындагы Кыргыз улуттук университетинин биология, география, экология жана туризм факультеттеринин студенттери, «НУР Телеком» ЖЧКсынын жана Өзгөчө коркунучтуу карантиндик инфекциялардын алдын алуу жана көзөмөлдөө боюнча республикалык борбордун кызматкерлери өтүштү. Кене энцефалити — бул борбордук нерв системасын жабыркатуучу курч вирустук инфекциялык оору. Инфекциянын негизги ташуучусу болуп жаратылыш очокторунда жашаган иксод кенелери эсептелет. Оорунун кесепеттери: толук айыгып кетүүдөн баштап, ден соолуктун майыптыкка же өлүмгө алып келүүчү оор бузулууларына чейин жетиши мүмкүн. 1. Жугуу жолдору: 2. Оорунун негизги белгилери: 3. Алдын алуу чаралары: 4. Өзгөчө (спецификалык) алдын алуу: Вакцинация — кене энцефалитинен коргонуунун эң натыйжалуу жолу. Ал эндемикалык очоктордо иштеген жана ал жакка бара турган айрым кесиптин ээлерине, ошондой эле КУУнун биология жана геология факультеттеринин студенттерине жасалат. Иммуноглобулин — кене энцефалити боюнча кооптуу аймактарда кене чагып алгандыгына байланыштуу кайрылган адамдарга берилет.",24.kg,https://24.kg/kyrgyzcha/371185_bishkekte_128_adamdyi_kene_chaktyi/,,kyrgyz,0,high,,news_site
6ae2523f-44ef-4150-8fbf-da08e6db7d55,Кыргыз-кытай чек арасы убактылуу жабылат,"Кыргыз-кытай мамлекеттик чек арасы эки күнгө убактылуу жабылат. Бул тууралуу Мамлекеттик чек ара кызматынан билдиришти. Маалыматка ылайык, чек ара Кытай тараптын демилгеси менен коңшу өлкөдө «Цинмин» күнүн белгилөөгө байланыштуу жабылат. Мындан улам кыргыз-кытай тилкесиндеги «Торугарт» жана «Эркечтам» өткөрмө пункттары 4-апрелде саат 20:00дөн баштап убактылуу иштебейт. Алардын иши 6-апрелде кайра жанданат.",24.kg,https://24.kg/kyrgyzcha/368846_kyirgyiz-kyitay_chek_arasyi_ubaktyiluu_jabyilat/,,kyrgyz,0,high,,news_site
0cf612b6-2491-46dc-b735-a64c0a430489,3-апрелге карата аба ырайы,"Эртең, 3-апрелде Баткен облусунун айрым жерлеринде өткүн өтүп, күн күркүрөйт, тоолуу райондорунда кар жаайт. Абанын температурасы: Чүйдө түнкүсүн 9...14, күндүз 25...30 Таласта түнкүсүн 7...12, күндүз 24...29 Баткен, Ош, Жалал-Абад облустарында түнкүсүн 7...12, күндүз 24...29 Ысык-Көлдө түнкүсүн 3...8, күндүз 18...23 Нарында түнкүсүн 0...5, күндүз 19...24 Бишкек шаарында түнкүсүн 11...13°, күндүз 27...29° болот.",24.kg,https://24.kg/kyrgyzcha/368654_3-aprelge_karata_aba_yirayyi/,,kyrgyz,0,high,,news_site
0e4e2a72-9b68-413a-9add-196fd2a86f94,"Президент чын эле “мечиттер мектептен көп жана бул жакшы көрүнүш”,- деп айтканбы, же жокпу?","Социалдык тармактарда КР президенти Сооронбай Жээнбековдун айткандары абдан кызуу талкууланууда. Фейсбукта баракчалардын биринде илинген сүрөттөргө ишенсек,  анда президент  “Мектептен мечит көбөйүп кетти, – деп айтып жатышат. Мечит көбөйсө, ыймандуу балдар көбөйөт, медресе көбөйсө, ыймандуу жаштар көбөйөт. Бул абдан жакшы көрүнүш”, – деп ал өз сөзүндө билдирген экен. Фактчек ресурсу бул жазылгандардын чын-төгүнүн текшерүүгө алды. Алгач КР президенти Сооронбай Жээнбеков бул сөздөрдү качан жана кайсы жакта айтканын аныктадык.  Буга ылайык, мындай сөздөрдү ушул жылдын 2-сентябрында Түркиянын президенти Реджеп Тайып Эрдоган менен Бишкектеги мечиттин ачылышында билдирген.",factcheck.kg,https://factcheck.kg/ky/govoril-li-prezident-slova-v-polzu-bolshogo-chisla-mechetej-v-strane/,,kyrgyz,1,0.59,https://factcheck.kg/ky/govoril-li-prezident-slova-v-polzu-bolshogo-chisla-mechetej-v-strane/,fact_check
65dcebdd-041a-4000-884e-dac370e77754,Баткенде жубайлардын өлүмү боюнча кылмыш иши козголду,"Баткен облустук ички иштер башкармалыгы Баткен районундагы Чоң-Кара айылында жубайлардын өлүмү тууралуу комментарий берди. Милициянын маалыматында 26-апрелде Баткен райондук ички иштер бөлүмүнө Төрт-Гүл айыл аймагына караштуу Чоң-Кара айылынын 45 жаштагы тургуну (К.А.) 44 жаштагы жубайын (Э.Г.) бычак менен сайып өлтүрүп, кийин өзү асынып каза болгону тууралуу маалымат түшкөн. Алдын ала маалыматка ылайык, 26-апрелге караган түнү үйдө балдар уктап жатканда жолдошу аялын бир нече жолу бычак менен сайып, аял окуя болгон жерде каза болгон. Андан соң К.А. үйүнүн короосундагы өрүк бакка асынып каза тапкан. Окуя болгон жерден далил катары ашкана бычагы жана жип алынган. Бул факты боюнча Кылмыш-жаза кодексинин “Адам өлтүрүү” беренеси менен кылмыш иши козголуп, тиешелүү соттук-медициналык экспертизалар дайындалды. Тергөө жүрүп жатат. Маркумдардын артында беш баласы калганы айтылууда. Башкы прокуратуранынмаалыматына караганда,Кыргызстанда 2025-жылы үй-бүлөлүк зомбулукка байланыштуу 656 кылмыш иши козголгон. Мында 458 аял, 104 бала жана 94 эркек киши жабыркаган. Ошондой эле былтыр Кылмыш-жаза кодексинин “Үй-бүлөлүк зомбулук” беренеси менен 36 кылмыш иши козголгон. Жалпысынан бул багыттагы укук бузууларга байланыштуу 6 миңден ашуун протокол түзүлгөн. (BTo)",azattyk.org,https://www.azattyk.org/a/33743226.html,2026-04-27T11:12:03+06:00,kyrgyz,0,high,,news_site
dd487e30-6bf9-49cd-8f86-26d00dbc12ae,2022-жылы аткаминерлердин авиа учууларына  бюджеттен 179 млн сом сарпталган [split],"Порталда 2020-2021-жылдардын да маалыматтары жок. Бирок ОSOO.kg кызматында былтыр сентябрда жарыяланганбилдирүү боюнча, 2020-жылы 74 млн сом сарпталган, ал эми 2021-жылы 33 миллионго көбүрөөк болгон (январь-сентябрь аралыгында). Ошентип, 2020 жана 2021-жылдарга салыштырмалуу быйыл 11 айда аткаминерлердин авиа учууларына дээрлик эки эсе көбүрөөк каражат жумшалган. 2019-жылга салыштырмалуу 30%га көбүрөөк. Билдирме:Тазабексайтынын журналисттери мурдараак аныктагандай, «Эйр Кей Джи» ЖЧК заказдык авиакаттамдарды 17 адамга эсептелген VIP класстагы Як-40 учагы менен жүргүзөт, жана ошондой эле Кыргыз Республикасынын расмий делегацияларын Ту-154М учагы менен ташыйт. Авиакомпаниянын литердик авиакаттамдары менен Кыргызстандын жогорку жетекчилиги: президент, премьер-министр жана парламенттин спикери колдонот. Эскерте кетсек, дароо баткен окуяларынан кийин президент Садыр Жапаров  Нью-Йорктогу БУУнун Генералдык Ассамблеясына катышуу үчүн АКШга жеке менчик бизнес-джет менен учуп барган. Бир эле тарапка учуп баруунун баасы 8 млн сомду түзгөн болчу.",factcheck.kg,https://factcheck.kg/ky/v-2022-godu-iz-gosbyudzheta-bylo-potracheno-179-millionov-na-aviaperelety-chinovnikov/,,kyrgyz,1,0.8,https://factcheck.kg/ky/v-2022-godu-iz-gosbyudzheta-bylo-potracheno-179-millionov-na-aviaperelety-chinovnikov/,fact_check
86863798-78de-4740-8617-5bda210f1f41,Минкаб: Кафелерге 15 пайыздык тейлөө акысын кошууга уруксат берилген эмес,"Кафелер менен ресторандарга мыйзам долбооруна 15 пайыздык тейлөө акысын кошууга уруксат берилген эмес. Бул тууралуу Жогорку Кеңештин жалпы жыйынында министрлер кабинетинин төрагасынын биринчи орун басары Данияр Амангелдиев билдирди. Анын айтымында, мыйзамга ылайык, кызмат көрсөтүүлөр үчүн акы төлөө ыктыярдуу болушу керек. «Биз учурда тейлөө чөйрөсү менен бул боюнча иш-чараларды жүргүзүп жатабыз. Алардын тейлөө акысын тамак тизмесиндеги аштын баасына кошуп коюуга укугу жок болчу. Тиешелүү калькуляция бар. Мыйзамга ылайык, тейлөө үчүн сый акы берүү ыктыярдуу болушу керек. Демек, аны эсепке кошуу — бул керектөөчүлөрдүн укугун бузуу болуп саналат. Өзүңүздөр билгендей, акыркы убакта бул тармакта баалардын өсүү динамикасы абдан жогору болууда», — деди ал. Ал Монополияга каршы кызмат тамактануу жайларындагы баалардын жогорулашы боюнча кырдаалды көзөмөлдөп жатканын кошумчалады. Бирок, депутат Дастан Бекешев Министрлер кабинетинин токтомун сынга алып, туура эмес иш болгонун жана саясаты туура эмес болгон тармактарга кийлигишкенин белгиледи. «Азыр кафелер менен ресторандар көтөрүлүп, карапайым эл жабыркап жатат. Балким, бул токтомду жокко чыгарууну карап көрүшүбүз керек. Эт, май жана башка негизги азык-түлүктөрдүн бааларын жөнгө салганыңыз оң», — деп кошумчалады ал.",24.kg,https://24.kg/kyrgyzcha/360737_minkab_kafelerge_15payyizdyik_teyloo_akyisyin_koshuuga_uruksat_berilgen_emes/,,kyrgyz,0,high,,news_site
eb06e8e9-b46a-4258-ae58-dd401f5329ba,Германия жараны коронавирус диагнозу менен Бишкектеги ооруканага жаткырылганбы?,"Бишкектеги ооруканалардын бирине коронавирус диагнозу менен чет өлкөлүк жаран жаткырылды деген маалымат мессенджерлерде тарады. «Кечөө түнү «Меди» клиникасынын тез жардам кызматы чет жактан келген немецтен коронавирус дартын тапты. Учурда ал  инфекция ооруканасында»,– деп айтылат билдирүүдө. Айрым колдонуучулар маалыматтан күмөн санап, аны фейк катары кабыл алды. Factcheck.kgбилдирүүнү текшерип көрдү. «Меди» клиникасынын тез жардам кызматкери окуяны тастыктады. «Ооба, бизде мындай окуя болгон экен.",factcheck.kg,https://factcheck.kg/ky/dejstvitelno-li-v-bolniczu-v-bishkeke-gospitalizirovan-grazhdanin-germanii-s-koronavirusom/,,kyrgyz,1,1.0,https://factcheck.kg/ky/dejstvitelno-li-v-bolniczu-v-bishkeke-gospitalizirovan-grazhdanin-germanii-s-koronavirusom/,fact_check
6d05db41-429d-4d2b-a10f-3a4c61bb223c,Москвада Садыр Жапаров Путин менен жолугушту,"Кыргызстандын президенти Садыр Жапаров бүгүн, 23-апрелде Орусияга иш сапарынын алкагында орус президенти Владимир Путин менен жолугушту. Бул тууралуу Кыргызстан президентинин администрациясы кабарлап,  сүйлөшүүдө эки тараптуу алака, соода-экономикалык кызматташтыкты тереңдетүүгө көңүл бурулганын билдирди. ""Ошондой эле мурда жетишилген макулдашууларды ишке ашыруу каралды. Тараптар аймактагы күн тартибиндеги маселелер жана көп тараптуу форматтагы өз ара кызматташтык боюнча пикир алышты. Президент Садыр Жапаров жылуу кабыл алуу үчүн ыраазычылыгын билдирди. Президент Владимир Путинди быйыл 31-август, 1-сентябрь күндөрү Бишкек шаарында өтө турган Шанхай кызматташтык уюмуна мүчө-мамлекеттердин башчыларынын саммитине катышууга чакырды"", - деп жазылган маалыматта. Путин чакыруу үчүн ыраазычылык билдирип, Орусия интеграциялык бирикмелердин алкагында өз ара кызматташтыкка басым жасарын, алардын ишмердүүлүгүнүн негизги багыттары боюнча күч-аракеттерди координациялоону жана кызматташтыкты мындан ары да арттырууга даяр экенин айтты. Сүйлөшүүлөрдө тараптар кыргыз-орус алакасына кошумча динамика берүү,  биргелешкен демилгелерди ырааттуу илгерилетүүгө багыт алышканын билдиришкени да маалыматта айтылат. Садыр Жапаров бейшембиде Путин менен жолугушарын Кремлдин маалымат катчысы Дмитрий Песков билдиргенин бүгүн орусиялык маалымат каражаттары жазып чыгышкан. Песков анда Кыргызстандын президенти Садыр Жапаров Москвада кыска мөөнөттүк иш сапар менен болорун айткан. Бишкек президенттин Орусияга сапары тууралуу буга чейин маалымат берген эмес. Жапаров 22-апрелде Астанага барган болчу, ал жакта Аймактык экологиялык саммитке катышып,сөз сүйлөгөн. Кыргызстан менен Орусиянын президенттери 2025-жылы ноябрда Бишкекте, орус президенти Владимир Путиндин Кыргызстанга мамлекеттик сапар менен келгендежолугушкан.Тараптар ""Союздаштык мамилелерди жана стратегиялык өнөктөштүктү тереңдетүү жөнүндө"" биргелешкен билдирүү менен кошо жалпы сегиз документке кол коюшкан. Путиндин сапарында кол коюлган Бишкектеги ""Кыргыз-Орус Славян университетинин кампусун куруу шарттары жөнүндө"" макулдашууну Орусиянын Мамлекеттик думасы 22-апрелдератификациялаган. Орусиялык депутаттар анда Кыргызстандагы орусча жер-суу аталыштарынын өзгөрүп жатканын сынга алышкан.",azattyk.org,https://www.azattyk.org/a/33741055.html,2026-04-23T22:46:25+06:00,kyrgyz,0,high,,news_site
18be6bbf-8fcb-4c38-afa0-acd6e02d784e,ӨКМ: Тоолуу аймактарда кар көчкү түшүүсү мүмкүн,"Кыргызстандын тоолуу райондорунда 3-8-апрелге чейин күтүлүп жаткан жаан-чачынга жана абанын табы жогорулашына байланыштуу кар көчкү түшүүсү жана кар күрткүсү күтүлөт. Кыргызгидромет көчкү коркунучу бар аймактардын тизмесин жарыялады: Бул күндөрү жолдор тайгак болуп, муз тоңот. Унаалардын ортосунда 500 метр аралык кыймыл чектелиши зарыл.",24.kg,https://24.kg/kyrgyzcha/368657_okm_tooluu_aymaktarda_kar_kochku_tushuusu_mumkun/,,kyrgyz,0,high,,news_site
db7b60c2-34a2-4932-a7df-e9e56d114d78,"5-7-июль күндөрү селдер жүрүп, таштар кулашы мүмкүн. Аймактардын тизмеси","Кыргызстандын айрым жерлеринде жаан-чачын катуу жаашы күтүлөт Туруксуз аба ырайына жана күтүлүп жаткан нөшөрлүү жаан-чачынга байланыштуу тоолуу жана тоо этектериндеги райондордо сел жүрүшү мүмкүн. Бул тууралуу Өзгөчө кырдаалдар министрлигинин басма сөз кызматы билдирди. Өзгөчө кырдаалдарга мониторинг жана болжолдоо департаментинин маалыматы боюнча сел коркунучу бар аймактарга төмөндөгүлөр кирет: - Баткен облусунун Лейлек, Баткен жана Кадамжай райондору; - Ош облусунун Ноокат, Алай жана Чоң-Алай райондору; - Ысык-Көл облусунун Ак-Суу, Жети-Өгүз, Ысык-Көл, Түп жана Тоң райондору; - Чүй облусунун Панфилов, Жайыл жана Кемин райондору; - Нарын облусунун Жумгал, Кочкор, Нарын райондору. Жолдордун төмөнкү тилкелеринде таш кулоолору жана сел жүрүшү мүмкүн: - Бишкек-Ош унаа жолунун 285-чакырымы, 342-348-чакырымдары, 358-362-чакырымдары, 400-чакырымдары, 411-426-чакырымдары; - Ош–Сары-Таш–Эркечтам унаа жолунун 64-65, 68-70 км, 78-80, 100, 106, 121-124, 133 чакырымдары; - Бишкек–Балыкчы унаа жолунун 112-128-чакырымдары (Боом капчыгайы); - Балыкчы–Бөкөнбаев унаа жолунун 64-117-чакырымдары; - Талды-Суу-Арал унаа жолунун 4-5-чакырымдары; - Ош-Раззаков унаа жолунун 64-78-чакырымдары, 125-138-чакырымдары, 149-190-чакырымдары. Сүрөт: www",vesti.kg,https://vesti.kg/kg/analitika-kg/item/126366-5-7-iyul-kundoru-selder-zhurup-tashtar-kulashy-mumkun-ajmaktardyn-tizmesi.html,2024-07-04T11:41:03+06:00,kyrgyz,0,high,,news_site
e32dd355-018c-4877-95f3-6d90236d2af4,"«253 ЖМК тарабынан дүйнөлүк окуялар ал каалагандай нукта чагылдырылышы үчүн Сорос 131 млн доллардан кем эмес каражат жумшаган. Ал репортерлордон жана теле алып баруучулардан баштап, ЖМКнын редакторлоруна жана жетекчилерине чейин, бардыгына төлөп келген», — деп айтылат билдирүүдө. [split]","Аталган сайтта чынында элеотчет жарыяланган, анда:“Дүйнө жүзүндөгү ЖМКлар жана активисттер менен байланышы бар 253 уюм аборт, марксисттик экономика, антиамериканизм, полицияны каржылоодон баш тартуу, экологиялык экстремизм темалары боюнча Джордж Соростун радикалдык идеяларын жайылтууга жардам берип келишет”, – деп айтылат. БирокMedia Bias/Fact Check(ЖМКлардын маалымат булактарынын калыстыгын, тактыгын жана ишенимдүүлүгүн текшерген көз карандысыз веб-сайт, — ред. түш.) жогоруда аталган булак консервативдик көз карашка катуу ыктайт депбилдирет. Анда маалыматты бурмалап коюшу мүмкүн эмоционалдуу тил жана стереотиптер колдонулат. Ошондой эле Media Bias/Fact Checkмаалымдагандай, MRC Business жаңылыш бүтүмгө алып келген отчетторду жарыялап келет, ал эми алар таянган маалымат булактаришенимдүү эмесболуп эсептелет.Politifact(фактчекинг булагы, — ред. түш.) бир нече жолуMRC Businessсайтынын материалдарын текшерип, чындыкка жатпаган, далилсиз маалыматтарды тапкан, мисалы: Тыянак:далилденген эмес, Fox News ишенимдүү маалымат булагы болуп эсептелбеген MRC Business сайтынын отчетун колдонгон.",factcheck.kg,https://factcheck.kg/ky/faktchek-dzhordzh-soros-platil-bolee-chem-200-mirovyh-smi-dlya-vygodnogo-osveshheniya-sobytij/,,kyrgyz,1,0.62,https://factcheck.kg/ky/faktchek-dzhordzh-soros-platil-bolee-chem-200-mirovyh-smi-dlya-vygodnogo-osveshheniya-sobytij/,fact_check
704fa009-3df3-4ee7-bf54-d93c056406b1,Былтыр Акыйкатчы институтуна жарандардан сотко байланышкан 816 арыз түшкөн,"2025-жылы Акыйкатчы институтуна сот өндүрүшүндө укуктарын коргоо өтүнүчү менен жарандардан 816 арыз-даттануу түшкөн. Бул тууралуу аталган институттан билдиришти. Маалыматка ылайык, арыздардын басымдуу бөлүгүндө жарандар сот чечимине макул эместигин билдиришкен. Кайрылуулардын негизги багыттары: Жыл ичинде Акыйкатчы институту тарабынан жалпысынан 572 сот процессине мониторинг жүргүзүлгөн. Анын ичинен: Талдоо көрсөткөндөй, мониторинг жүргүзүлгөн ар бир экинчи соттук отурум белгиленген убакыттан кеч башталган. Ал эми 270 сот отурумунун ичинен 112си (41,5%) башка күнгө жылдырылган. Бул сот органдарынын уюштуруу иштериндеги кемчиликтерди көрсөтүп, сот өндүрүшүнүн создуктурулушуна жана жарандардын сот адилеттигине жетүү укугун чектөөгө алып келет. Процесстердин үзгүлтүккө учуроосуна судьялардын бошобой жаткандыгы, катышуучулардын келбей калышы жана сот залдарынын жетишсиздиги себеп болгон. Акыйкатчы Жамиля Жаманбаева аталган кемчиликтерди жоюу боюнча Жогорку сотко сунуштарды жөнөттү. Анда соттук отурумдардын графигин сактоо, иштерди создуктурбоо жана бардык сот залдарын аудио-видео жазуу каражаттары менен толук жабдуу зарылдыгы белгиленди.",24.kg,https://24.kg/kyrgyzcha/366710_byiltyir_akyiykatchyi_institutuna_jarandardan_sotko_baylanyishkan_816_aryiz_tushkon/,,kyrgyz,0,high,,news_site
396a10f9-34dd-4273-a58d-76a493f25fd2,Президенттин Ош облусундагы мурдагы өкүлү Жамалдинов эки айга камалды,"Бишкектин Биринчи май райондук сотунун чечими менен президенттин Ош облусундагы мурдагы өкүлү, экс-депутат Зиядин Жамалдинов 2026-жылдын 10-июнуна чейин Жазаларды аткаруу мамлекеттик кызматынын №21 мекемесине (СИЗО-1) камакка алынды. Бул маалыматты аталган соттун басма сөз кызматы ""Азаттыкка"" ырастап, Жамалдиновдун бөгөт чарасы 15-апрелде каралганын билдирди. Президенттин облустагы мурдагы өкүлүн камоо тууралуу Ички иштер министрлигинин (ИИМ) Тергөө кызматынын тергөөчүсү өтүнүч келтирген.Соттун маалыматына караганда, Жамалдинов Кылмыш-жаза кодексинин ""Кылмышка кошо катышуучулардын түрлөрү"" (41-беренесинин 2-бөлүмү) жана ""Уюшкан топторду жана кылмыштуу коомдоштуктарды каржылоо"" (263-берене) беренелеринин негизинде шектелүүдө.ИИМ Жамалдиновдун кармалышы боюнча маалымат бере элек.Зиядин Жамалдинов президенттин Ош облусундагы өкүлү болуп 2021-жылы июлда дайындалган. Ага чейин Жогорку Кеңештин бир нече чакырылыштарынын депутаты болгон.Президент Садыр Жапаров 2023-жылы 14-апрелде Зиядин Жамалдиновду, анын орун басары Данияр Жаныкуловду жана Кара-Суу районунун акими Турусбек Ногоевду ээлеген кызматтарынан бошоткон.Ага чейин Жамалдиновдун жакындары айыл чарба багытындагы жерлерди менчиктештирип алганы тууралуу маалыматтар жана ""өкүлдүн үнү"" деген телефон сүйлөшүү соцтармактарга тараган.Көп өтпөй Жамалдиновдун биринчи орун басары Данияр Жаныкуловго түспөлдөш адамдын иш бөлмөсүндө конверт алганы жана акча санап жатканы тартылган тасма соцтармактарга тараган.Кийин атайын түзүлгөн комиссия Ош облусунун жетекчилигинин ишмердүүлүгүн текшерип, мыйзам бузуу фактыларын аныктаганын президенттин басма сөз кызматы билдирген. (КЕ)",azattyk.org,https://www.azattyk.org/a/33736101.html,2026-04-20T12:29:29+06:00,kyrgyz,0,high,,news_site
83042678-09bf-49cf-a8c8-06fcfa5a9501,Дүйнө чемпионаты −2026: Букмекерлер ким жеңээрин айтышууда,"Букмекерлер Испаниянын футбол боюнча улуттук курама командасын 2026-жылкы Дүйнөлүк Кубокту жеңүүгө эң башкы фаворит деп эсептешет. Алардын коэффициенти 5,50 — бул турнирдеги бардык белгилүү жана потенциалдуу катышуучулардын ичинен эң төмөнкү көрсөткүч. Favbet экинчи фаворит Англия деп эсептейт, коэффициенти 6,50. Үчүнчү орунда учурдагы экинчи орунду ээлеген Франция турат. Алардын баасы 8,50. Ошол эле коэффициент Бразилияга да тиешелүү. Аргентина жеңишке жеткен бешинчи фаворит деп эсептелет. Азыркы чемпиондордун баасы 9,00. Эске салсак, 2026-жылкы футбол боюнча дүйнө чемпиондугу 2026-жылдын 11-июнда башталып, 19-июлда аяктайт. Аны Түндүк Американын үч мамлекети өткөрөт: Америка Кошмо Штаттары (11 шаар), Мексика (3 шаар) жана Канада (2 шаар). Бул мелдеш биринчи жолу үч өлкө тарабынан биргелешип уюштурулат жана биринчи жолу мелдеште 48 өлкө катышат.",24.kg,https://24.kg/kyrgyzcha/356914_duyno_chempionatyi_2026_bukmekerler_kim_jeneerin_aytyishuuda/,,kyrgyz,0,high,,news_site
30d1879e-fc25-46b2-90f7-f4500075c78d,Кыргызстанда КРВИ жана сасык тумоо менен ооругандардын саны азайды,"Кыргызстанда 9-февралдан 15-февралга чейинки жумада курч респиратордук вирустук инфекциялар жана сасык тумоо менен ооруган 10 576 учур катталган. Бул тууралуу Оорулардын алдын алуу жана мамлекеттик санитардык-эпидемиологиялык көзөмөл департаменти 24.kg маалымат агенттигине билдирди. Адистердин айтымында, оорунун көрсөткүчү мурунку жумага салыштырмалуу 14,7 пайызга төмөндөгөн. Ооругандардын 70 пайызын 14 жашка чейинки балдар түзөт. Бишкек, Ош жана Токмок шаарларында катуу кармаган респиратордук инфекциялар жана сасык тумоо сыяктуу оорулар боюнча күзөттүк көзөмөл уланууда. Дарыгерлер жарандарды алдын алуу чараларын сактоого, эл көп топтолгон жерлерден алыс болууга жана өз алдынча дарылануудан алыс болууга чакырышат.",24.kg,https://24.kg/kyrgyzcha/362271_kyirgyizstanda_krvi_jana_sasyik_tumoo_menen_oorugandardyin_sanyi_azaydyi/,,kyrgyz,0,high,,news_site
37cf12d9-9cb2-4506-ae19-0f457af18a85,“Искендер” ракета комплекстери Худжанд аэропортуна түшүрүлдү деген маалымат жалган,"2-майда “Садои Куҳистон” Youtube-каналында“Искендер”ракета комплекстери тартылагантасмажарыяланды. Комплекс Худжанд шаарынын аэропортунда түшүрүлдү деп айтылат. Factcheck.kg бул маалыматты текшерип көрдү. Видеонунскриншотуаркылуу издөө салып, ал 2017-жылы тартылганын аныктайбыз.",factcheck.kg,https://factcheck.kg/ky/videofejk-s-raketnymi-kompleksami-iskander-v-aeroportu-tadzhikskogo-goroda-hudzhand/,,kyrgyz,1,0.75,https://factcheck.kg/ky/videofejk-s-raketnymi-kompleksami-iskander-v-aeroportu-tadzhikskogo-goroda-hudzhand/,fact_check
f71bd6d0-ded2-434f-87ac-767b83352af7,Бүгүн Кыргызстанда айыл чарбаны каттоо башталат,"20-марттан 10-апрелге чейин, өлкөдө айыл чарбаны каттоо өткөрүлөт. Бул тууралуу Улуттук статистика комитетинин башчысы Элмира Алымкулова билдирди. Анын айтымында, мындай иш-чара он жылда бир жолу өткөрүлөт. Бирок, акыркы 22 жылдан бери  каттоо жүргүзүлгөн эмес. Айыл чарбаны каттоо төмөнкү көрсөткүчтөр боюнча так маалыматтарды берет: Улуттук статистика комитетинин төрайымы Элмира Алымкулова каттоо электрондук форматта өтөрүн жана алдыдагы кампаниянын негизги өзгөчөлүгү кагаз жүзүндөгү маалыматтардан толук баш тартуу болорун билдирди. Республика боюнча каттоо ишин жүргүзүүгө жалпысынан 6 миң 791 убактылуу кызматкер тартылат. Анын ичинде:",24.kg,https://24.kg/kyrgyzcha/366799_bugun_kyirgyizstanda_ayyil_charbanyi_kattoo_bashtalat/,,kyrgyz,0,high,,news_site
a7cc53f4-fa12-46c7-af78-565eb5cfc996,"“Кымбат баалуу эмеректердин фонунда “уурдалган балалык” жана “уурдалган кыялдар” тууралуу ыйламсырап айтылган сөздөр адам көңүлүн иренжитет. Бардарчылыкта жашап туруп калган дүйнөнү планетаны талкаланышына күнөөлөө жана керектөөчүлүк мамиледен баш тартууну талап кылуу – бул эки жүздүүлүк”, – деп жазган Мартин Граф. [split]","Алар эмеректин аныктыгынан күмөн санашты: эмеректер чынында эле кытайда өндүрүлгөн жасалма, же мурда колдонулган жана e-bay аркылуу сатылып алынган болушу мүмкүн болчу. Ошондой эле сүрөттүн датасы боюнча доомат болду. Эгер ал 2018-жылдын апрелинде тартылган болсо, демек Грета 2018-жылдын августунда “Skolstrejk för Klimatet” деген жазуусу бар көрнөкчөнү көтөрүп алып шведпарламентинин алдына чыгып, анын ысмы бүткүл дүйнөгө жаңырган кезде анын үй бүлөсүндө сүрөттөгү эмеректер бар болчу. Ушуга байланыштуу алар “климаттык” каражаттарга сатып алынган эмес. Ырас, сүрөт аркылуу креслолордун жасалма же жасалма эмес экенин айтуу кыйын. Бирок Stylight немис басылмасы рыноктогуассортиментти изилдеп, алардын жасалышынын сапатын, накта креслолордун жана алардын көчүрмөлөрүнүн бааларын аныктап чыккан. Басылма аныктагандай, Грета жана энеси отурган Арне Якобсон ойлоп чыгарганнакта “жумуртка-отургучтун”баасы чынында эле 5000-7000 евро турат, ал эми анынрепликасын600 еврого сатып алса болот. Бирок репликанын дизайны оригиналданайырмаланып турганыбайкалып турат. Жумурткага окшош креслону Арне Якобсон 1960-жылдары ойлоп чыгарган. Дизайндын классикасын плагиаттан тигишинен эле аныктаса болот: оригиналда сапаттуу материалдар колдонулат, ал эми чехолдору колго жасалган. Тигиши тыкан жана четтерине дал келтирилген. Ал эми көчүрмөнүн, тескерисинче, тигиштери көп, айрымдары туура эмес жайгашкан. Грета отуруп түшкөн сүрөттөгү креслодо тигиштер аз жана алар тыкан экенин байкаса болот, бул анын жасалма эмес экенин айгинелейт. Кадрга түшкөн экинчи креслонун да баасынаныкташкан. Учурда аны арзантатуудан кийин 5995 долларга сатып алса болот. Германиялык Vitra компаниясынын Eames Lounge Chair and Ottoman креслосу – люкс буюму болуп эсептелет. Дизайндын концепциясы 1956-жылы ойлоп чыгарылган жана анда Eames’ге таандык бардык белгилер бар. Көп учурда бул креслону он тогузунчу кылымдагы англиялык клубдук креслонун интерпретациясы деп мүнөздөшөт. Ал комфорттун символу болуп эсептелет. Жана да, алнакта териденжасалган. Тыянак: далилденген эмес.Креслолордун баасы далилденди, бирок алардын жасалма же жасалма эмес экендигин так айтуу мүмкүн эмес. Ошондой эле сүрөт тартылган дата боюнча суроолор бар.",factcheck.kg,https://factcheck.kg/ky/kakie-kresla-doma-u-izvestnoj-ekoaktivistki-grety-tunberg-proveryaem/,,kyrgyz,1,0.64,https://factcheck.kg/ky/kakie-kresla-doma-u-izvestnoj-ekoaktivistki-grety-tunberg-proveryaem/,fact_check
1e936d81-5dc0-484a-909b-56259ed1cdf1,Бишкектен Индияга түз аба каттамы ачылат,"Тараптар 2025-жылдын 15-февралынан тартып Дели-Бишкек-Дели багыты боюнча жаңы каттам ачууну макулдашты «МЭА» ААК Башкармалыгынын төрагасы Манасбек Самидинов IndiGo Airlines (Индия) авиакомпаниясынын вице-президенти менен жолугушуп, Кыргызстан менен Индиянын ортосунда жаңы аба каттамдарын ачуу маселесин талкуулады. Бул тууралуу аба майдандын басма сөз кызматынан кабарлашты. Тараптар 2025-жылдын 15-февралынан тартып Дели-Бишкек-Дели багыты боюнча жаңы каттам ачууну макулдашты. «Бул туристтердин агымын арттырып, эки өлкөнүн ортосундагы маданий, билим берүү жана экономикалык байланыштарды бекемдейт. Манасбек Самидинов «МЭА» ААК жүргүнчүлөр үчүн ыңгайлуу боло турган каттамдарды уюштурууга колдоо көрсөтүүгө даяр экенин баса белгиледи», — деп жазылат маалымат",vesti.kg,https://vesti.kg/kg/politika-kg/item/133027-bishkekten-indiyaga-tuz-aba-kattamy-achylat.html,2024-11-29T17:24:39+06:00,kyrgyz,0,high,,news_site
b52fe143-8ffa-47fb-8e98-1b94080ee237,Этият болгула! Шылуундар жана Telegram Premium’га жазылууга «белектер» [split],"Билдирүүнүн астында бир караганда шек жаратпаган шилтеме болот. Бирок, бул шилтеме чындыгында фишинг сайтка алып барат. Фишинг баракча Telegram’га браузерде кирүүнүн стандарттуу формасы катары жасалган. Колдонуучу аккаунтунун маалыматтарын киргизри менен алар шылуундардын колуна түшүп калат. Натыйжада, киберкылмышкер колдонуучунун аккаунтуна кирүүгө мүмкүнчүлүк алат, ал эми колдонуучу өз барагын башкара албай калат. Ишенимди жогорулатыш үчүн жана жабырлануучу көйгөйдү дароо байкабашы үчүн сайтта көп учурда жазылуу «ийгиликтүү» өткөнү жана ал 24 саат ичинде активдештириле тургандыгы тууралуу билдирүү пайда болуп, 24 сааттык таймер көрсөтүлө баштайт. Шылуундардын башка схемалары Алданып калбаш үчүн төмөнкү кеңештерди аткаргыла: Тыянак:белек катары сунушталган Telegram Premium’га бир жылга жазылуу сиздин аккаунтуңузду уурдоо максатындагыфейк, алдамчылык операциясы болушу толук ыктымал.Маалыматтарыңыздын коопсуздугуна көңүл буруңуз, сак болуңуз жана шылуундардын айла-амалдарына алданбаңыз.",factcheck.kg,https://factcheck.kg/ky/ostorozhno-moshenniki-i-podarochnye-podpiski-na-telegram-premium/,,kyrgyz,1,0.6,https://factcheck.kg/ky/ostorozhno-moshenniki-i-podarochnye-podpiski-na-telegram-premium/,fact_check
8bc7f8f1-fa05-4834-9a02-54931df5de82,Бишкекте карызы бар 6 миңден ашуун абоненттин жарыгы өчүрүлүшү мүмкүн,"Энергетиктер борбор калаанын тургундарын төлөмдөрдү өз убагында жүргүзүүгө чакырат. Бул тууралуу «Бишкек электр тармактары» ишканасынын басма сөз кызматы билдирди. Маалыматка ылайык, бүгүндөн тарта дебитордук карызы бар 6 миңден ашык абоненттердин жарыгы аралыктан өчүрүлө баштайт. Абоненттер абалын текшерүү үчүн жазылуучулар төмөнкү кызматтарды колдоно алышат:",24.kg,https://24.kg/kyrgyzcha/367014_bishkekte_karyizyi_bar_6minden_ashuun_abonenttin_jaryigyi_ochurulushu_mumkun/,,kyrgyz,0,high,,news_site
b6fde84a-f45e-4a82-b3b6-6c92b33298cb,Шашылыш билдирүү! 23-26-февралда тоолуу райондордо кар көчкү түшүшү мүмкүн,"23-26-февраль күндөрү өлкөнүн тоолуу райондорунда кар көчкү түшүү жана кар күрткүсү күтүлөт. Айрым унаа жолдорунда кыймылга убактылуу чектөөлөр киргизилиши мүмкүн. Бул тууралуу ӨКМ билдирет. Маалыматка ылайык, кооптуу аймактарга төмөнкүлөр кирет: Ошондой эле Мырзаке—Кара-Кулжа—Алайкуу, Ала-Бука—Каныш-Кыя (Чапчыма ашуусу), Красная-Горка—Акташ, Сары-Таш—Дароот-Коргон—Карамык, Бишкек—Нарын—Торугарт, Арал—Миң-Куш жана Арал—Суусамыр унаа жолдорунда да кар көчкү коркунучу бар. Жолдордо кар күрткүсү жана муз тоңуу күтүлөт. Айдоочуларга унаалардын ортосунда 500 метр аралыкты сактоо сунушталат. Тиешелүү кызматтар абалды көзөмөлдөп, зарыл болгон учурда тазалоо иштерин жүргүзөт. Айдоочулардан сактык чараларын сактоо өтүнүлөт.",24.kg,https://24.kg/kyrgyzcha/363063_shashyilyish_bildiruu_23-26-fevralda_tooluu_rayondordo_kar_kochku_tushushu_mumkun/,,kyrgyz,0,high,,news_site
72708b8d-fe88-4efd-806d-4f8c6016e209,Фотофейк. Кадыр Маликов жана ислам тууралуу плакат,"Facebook социалдык тармагында атактуу теолог Кадыр Маликовдун плакат кармап турган сүрөтү жайылды. Плакатта “Кечиресиз! Мен мындан ары исламга ишенбейм” деп жазылат. Сүрөткө  колдонуучулар “бул жалган”, “фейк” деген комментарийлерди калтырганы менен, айрымдары ага ишеним көрсөтөрү тууралуу жазышкан. Factcheck.kgанык сүрөт мене Photoshop аркылуу жасалгандын айырмасын  аныктап-билүү тууралуу баяндайт. Маликовун сүрөтүн Яндекс аркылуу издөө салып, анык сүрөттү табабыз. Кадыр Маликовдун сүрөтүн анынFacebookсоцтармагындагы баракчасынан көрсө болот.  Ал 2015-жылдын 27-июлунда Палестинага колдоо көрсөтүү максатында уюшулган митинг учурунда тартылган.",factcheck.kg,https://factcheck.kg/ky/fotofejk-kadyr-malikov-s-plakatom-pro-islam/,,kyrgyz,1,0.83,https://factcheck.kg/ky/fotofejk-kadyr-malikov-s-plakatom-pro-islam/,fact_check
664a2b9b-ca51-4f54-b7de-09202e4f75de,"“2017-жылы улут, аймак аралык кастыкты козгогон фейктер толуп кеткен. Мен ошондо ачык булактардан маалыматты текшерүү оңой жана бат экенин түшүнүдүм. “Фейсбуктагы” баракчам  аркылуу аларды текшерүүнүн жыйынтыгын жарыялап турчумун. Бирок фейктер азайган жок. Улам жаңы окуя болгон соң, ага байланышкан жалган маалымат пайда боло берди”, — дейт Б.Темиров. [split]","Ошондо фактчекинг аркылуу бизге абдан жакшы трафик келип жатканын байкадык. Андан соң фактчек жанрындагы макалаларды туруктуу жасап калдык. Дагы жаңы журналисттерди алып, өзүбүз окутуп, даярдап алдык. Азыр биздин редакцияны фактчекерлер катары да тааный башташты. Сайтыбызда “Фактчек” деген атайын бөлүм пайда болду”— деп белгилейт Д.Алимова. “Медиа өнүктүрүү борбору” коомдук фондунун жетекчисиНургүл Абдыкеримованынайтымында 2,5 жылдан тарта өлкө ичинде ондогон редакция, жүздөгөн студент, мектеп окуучуларына фактчекинг боюнча онлайн жана оффлайн тренингдери өткөрүлгөн. Окутуулар Кыргызстанда гана эмес, коңшу Казакстан, Тажикстан журналисттери үчүн да жүргүзүлгөн. Фактчек жанры Кыргызстанда өнүгүп келе жатканына карабай, анын өнүгүүсүнө жолтоо болгон маселелер да байкала баштады. Алардын бири – бардык эле редакцияларда бул жанрды алып кетүү мүмкүнчүлүгү боло бербейт. Буга себеп — убакыттын тардыгы жана кадр тартыштыгы деп белгилейт редакция өкүлдөрү. 24.kg маалымат агенттигинин жамааты фактчекинг боюнча тренингдерден өткөн, бирок учурда фактчек жанрына көңүл буруу үчүн убакыт да, кадрлар да жетишпей жатканын белгилешет: “Оперативдүүлүк, ыкчам маалымат берүү ири агенттиктер үчүн номур биринчи көйгөй болуп саналат. Ал эми фактчекинг айрым учурда өтө көп убакытты талап кылат”, — деп билдирет 24.kg сайтынын башкы редакторунун орун басарыМахинур Ниязова. Аны менен катар тажрыйбалуу журналисттердин бүт убактысы агенттиктин негизги максаты – жаңылыктарды даярдоого кетип, фактчек менен алектенге жетишпей калышууда. Ал эми жаш кадрлардын бул жанрды аркалап кеткенге билимдери аз дейт М.Ниязова. “Жаш кадрлар таптакыр даярдыгы жок келет. Алардын университетте алган билими жетишсиз. Мындан тышкары, алар жаңы нерсени үйрөнүүгө умтула беришпейт, өсүп-өнүгүүнү каалаган, билимге умтулган жаштар өтө сейрек, чанда гана кездешет”, — дейт ал. Фактчек жанрынын өнүгүп, редакцияларда жайылышы кыргыз журналистикасында курч иликтөөлөрдүн жасалышына жол ачкан. Акыркы эки жылда көз карандысыз ЖМКлар кландык башкаруу, чиновниктердин декларациялары, коррупциялык схемалар ж.б. мыйзам бузуулар тууралуу элдин кызыгуусун жараткан көптөгөн материалдарды жарыялаган. Бирок ошол эле учурда айрым иликтөөлөр жарык көргөн соң, мамлекеттик сайттагы кээ бир маалыматтар алынып салынган учурлар кездешет: Журналисттердин баамында, ачык булактардагы маалыматтардын жабылып калышы мындан аркы иликтөөлөрдү жасоого тоскоолдук жаратат. Ансыз да мамлекет керектүү маалыматтарды тиешелүү деңгээлде жарыялап турбайт. Economist.kg басылмасынын журналистиЕлизавета Кузнецовачиновниктердин жашырылган мүлктөрү тууралуу 50дөн ашуун иликтөөдаярдаган. Анын айтымында жакшы иликтөө үчүн мамлекеттик жогорку кызматтагылардын жакынкы туугандары, алардын мүлкү тууралуу маалымат ачык болушу керек. Нургүл Абдыкеримова фактчек маданиятын мындан ары да эл арасында жайылтууга багытталган иш-чаралар өткөрүлүп турарын белгилейт. Анын айтымында, интернет технологиялар өсүп-өнүккөн мезгилде маалыматты өз алдынча текшере билүү, сынчыл ой жүгүртүү өзгөчө зарыл. “Фактыларды текшерүү жөндөмү интернет желесиндеги ар кандай манипуляциядан жана жалган маалыматтан коргоп турат”, —дейт ал. Ал эми Болот Темиров фактчекингдин мындан ары өнүгүүсү Кыргызстандагы сөз эркиндигинен түздөн-түз көз каранды экенин белгилейт. “Антсе да 2,5 жыл мурунку фактчек менен учурдагы фактчектин абалын салыштырып болбойт. Медиасабаттуулук жана сынчыл ой-жүгүртүүнүн өсүшү менен фактчекке болгон суроо-талап болуп көрбөгөндөй өстү”, — деп билдирди ал. Булак:“Журналисттер” КБ",factcheck.kg,https://factcheck.kg/ky/kyrgyz-kyrgyzstandagy-faktchek/,,kyrgyz,1,0.95,https://factcheck.kg/ky/kyrgyz-kyrgyzstandagy-faktchek/,fact_check
c552e5e9-dead-4403-a9ad-2e067353b19a,"№ 13 шайлоо округунда кайталап шайлоого 18,5 млн сом сарпталат","Бүгүн, 30-декабарда Борбордук шайлоо комиссиясы № 13 көп мандаттуу шайлоо округундагы кайра шайлоону өткөрүү үчүн каралган чыгымдардын сметасын бекитти. Бул тууралуу БШКнын басма сөз кызматы кабарлады. Маалыматка ылайык, кайра шайлоону өткөрүү кийинки жылдын 1-мартына дайындалып, аны даярдоого жана өткөрүүгө 18 миллион 507 миң сом керектелет. Шайлоону даярдоо жана өткөрүү чыгымдары республикалык бюджеттин каражаттарынын эсебинен жүргүзүлөт. Сметада шайлоону уюштурууга жана маалыматтык жактан камсыз кылууга кетчү чыгымдар, комиссия мүчөлөрүнүн жана ишке тартылган жарандардын эмгек акысы, шайлоо (референдум) өткөрүлгөн күндөрү шайлоо комиссияларынын мүчөлөрүнө, ошондой эле ишке тартылган жарандарга бир адамдык суткалык өлчөмдө тамак-аш уюштурууга суткалык төлөмдөр камтылган. Чыгымдар төмөнкү негизги көрсөткүчтөргө таянып эсептелген:",24.kg,https://24.kg/kyrgyzcha/356671_13shayloo_okrugunda_kaytalap_shayloogo_185_mln_som_sarptalat/,,kyrgyz,0,high,,news_site
64a1da7c-4173-41a6-a0da-283b0eeb5ba8,"Быйыл тоо-кен тармагынан түшкөн салыктар 18,7 миллиард сомго көбөйдү","2025-жылдын алгачкы 11 айында алдыңкы тармактар ​​бюджеттин салык кирешелерине олуттуу салым кошушкан. Бул тууралуу Салык кызматынын басма сөз кызматы билдирди. Тоо-кен компаниялары бардык салык кирешелеринин 20,6 пайызын түзгөн. Акчалай түрдө алганда, киреше 56,7 миллиард сомду түздү, бул 2024-жылдын ушул мезгилине салыштырмалуу 18,7 миллиард сомго көп. Соодадан түшкөн киреше 84,6 миллиард сомду түзүп, өткөн жылдын көрсөткүчүнөн 20,4 миллиард сомго көп. Курулуштан түшкөн киреше 15,5 миллиард сомго жетти, бул 2024-жылга салыштырмалуу 6,3 миллиард сомго көп. Чакан жана орто бизнес 23,7 миллиард сом же бардык салык кирешелеринин 8,6 пайызын түзүп, мурунку жылга салыштырмалуу 10,1 миллиард сомго көп киреше тапкан. Мамлекеттик салык кызматы салыктарды жана жыйымдарды чогултуунун бекитилген жылдык планын мөөнөтүнөн мурда аткарып, 275 миллиард 742 миллион сом чогултканын баса белгиледи.",24.kg,https://24.kg/kyrgyzcha/356170_byiyyil_too-ken_tarmagyinan_tushkon_salyiktar_187_milliard_somgo_koboydu/,,kyrgyz,0,high,,news_site
19c51b54-feac-47dd-a0b2-72ce63fbb200,Кытай жышыгычтарындагы зыяндуу заттар. Фактчек [split],"Бирок, соодагерлердин айтымында пайдалуу буюм Кытайдан ташылат. Анын бири жасалма деп айтылып, 25 сомдон 50 сомго чейин болсо, экинчиси кымбатыраак, 50-70 сом турат. Чынында арзанынын чүпүрөгү кымбатынан айырмаланып, жукараак келет.  Тажрыйбабызды кеңейтип, жышыгычтын дагы башка түрүн алып көрдүк. Ал кара түстө жана салыштырмалуу базарга жаңы  келген. Ичиндеги этикеткасында Made in China (Кытайда жасалган) деген маалымат бар. Бирок анын чүпүрөгү бир каттан гана турат. Жышыгычтардын үчөөнү тең кесип көрүп, алардын ичинен эч бир чоочун заттарды тапкан жокпуз. Сыртынан кармаганда алардын жок экени даана байкалат. Үч жышыгычты тең кесип көрсөк, алардын ичинен эч нерсе табылбады. Эксперттин пикири Маалыматты андан ары тактоо үчүн 20 жылдык тажрыйбасы бар дерматолог Чоюбеков Нурболот менен байланышып, ага жышыгыч тууралуу тасманы көрсөттүк. Дарыгер аны кылдат карап чыккан соң, жышыгычтын ичиндеги заттарды дары-дармек эмес, массаж үчүн гранулдар деди. Чоюбековдун айтымында ал заттардын дарылыгын бир гана тиешелүү лаборотория аныктайт. «Мындан тышкары, жышыгычтарды колдонуудан аллергиялык реакция пайда болот, ал эми тери оорулары козголбойт. Бул карандай калп», – деди ал. Пациенттер буга чейин жышыгычтын айынан козголгон тери оорулары менен  кайрылбаганын дарыгер тактады. Жыйынтык:",factcheck.kg,https://factcheck.kg/ky/mochalki-s-yadovitymi-tabletkami-pravda-ili-fejk/,,kyrgyz,1,0.54,https://factcheck.kg/ky/mochalki-s-yadovitymi-tabletkami-pravda-ili-fejk/,fact_check
f18a540a-d7e7-4ffa-a3dd-21ed3ef383d5,"Ашуулардагы абал: Каттам бар, жол ачык","Бүгүн саат 09:15ге карата өлкөнүн ашууларында каттам бар, жол ачык. Бул тууралуу Транспорт жана коммуникациялар министрлигинен билдиришти. Маалыматка ылайык, Жол тейлөө ишканалары тарабынан инерттик материалдарды чачуу, тазалоо, кеңейтүү иштери үзгүлтүксүз жүргүзүлүүдө. Кандай кырдаал жаралбасын каршы тилкеге чыкпай, жол эрежесин так сактоо менен керектүү шаймандарды ала жүрүү зарыл экендиги айтылды.",24.kg,https://24.kg/kyrgyzcha/363631_ashuulardagyi_abal_kattam_bar_jol_achyik/,,kyrgyz,0,high,,news_site
d877b273-077a-462a-a376-0965d791410c,Орусияда Telegram мессенжерин бөгөттөө болуп көрбөгөндөй чекке жетти,"Орусияда Telegram мессенжерин бөгөттөө буга чейин болуп көрбөгөндөй чекке жетти. Бул тууралуу кардарлардын маалыматтарына таянып байкоо жүргүзгөн долбоорлор кабарлашууда. ""Агентство"" OONI долбооруна шилтеме мененжазгандай, 10-апрелде эртең менен мессенжер нормалдуу иштеген көрсөткүч 5% гана түздү. Маалыматка караганда, Telegram Орусияда расмий блоктолгон WhatsApp жана Signal менен салыштырганда көбүрөөк бөгөттөлүүдө. Даттануулар өлкөнүн бүт региондорунан, Санкт-Петербург жана Москва шаарларынан түшүп жатканы кабарланууда. 2022-жылы Орусия Украинага кол салгандан кийин Москва Meta компаниясын экстремисттик деп таанып, Facebook социалдык тармагына кирүү мүмкүн болбой калган. Былтыр августта Telegram жана WhatsApp мессенжерлеринин иши бөгөттөлгөндө Москва алар өлкөнүн мыйзамдарын аткарбай жатат деп айыптап, мындай чара кылмыштуулукка каршы күрөшүү максатында көрүлүп жатканын түшүндүргөн. Ал эми сервистердин өкүлдөрү дооматты четке кагып, мындай кадамдардын кесепети орусиялык жарандарга тийип жатканын кайталоодо. Telegram'дын ээси Павел Дуров 10-февралда жазгандай, орус бийлиги мессенжерди “жарандарды аңдуу жана саясий цензура үчүн жасалган мамлекет көзөмөлдөгөн тиркемеге өткөрүү аракетинде” блоктоп жатат. Декабрдын башында орус өкмөтү FaceTime тиркемесин жана SnapChat мессенжерин бөгөттөгөн. Ал жолу да мындай чектөө террорчулук, көз боемочулук жана башка кибер кылмыштарга каршы күрөшүү чарасы катары түшүндүрүлгөн. Маалыматка ылайык, WhatsApp'тын Орусиядагы бир айлык аудиториясы 97,5 миллион адамга, ал эми Telegram'дыкы болсо 90 миллиондон ашык. Бул Орусиянын калкынын көпчүлүк бөлүгүн түзөт. Кыргызстандык айрым мигранттар жакындары менен кат алышуу же сүйлөшүү кыйын болуп калганын, ал эми ишкерлер соода-сатык жүргүзгөн Орусиядагы кардарлары менен байланыша албаганынайтышкан.",azattyk.org,https://www.azattyk.org/a/33729220.html,2026-04-10T15:07:29+06:00,kyrgyz,0,high,,news_site
2912c759-5f6b-4f36-a32b-d148a4edf039,Бейөкмөт уюмдар жөнүндө жаңы мыйзам долбоору Орусия Федерациясынын мыйзамынын көчүрмөсү болуп чыкты [split],"Ошентип, 3-берене мааниси боюнча толугу менен орусиялык документти кайталайт. Текстти толугу менен талдап чыгып биз графикти түздүк, анда мыйзам долбоорундагы ар бир берене орусиялык документке канчалык окшош экендиги бааланат: Мыйзам долбооруна негиздемеде коммерциялык эмес бейөкмөт уюмдарды ачууга жана анын ишмердүүлүгүнө саясий-укуктук талаптар жогорулап жатканы айтылат. “Учурда жарандардын биригүү укугун ишке ашыруусуна байланыштуу келип чыккан коомдук мамилелерди жөнгө салуучу, коммерциялык эмес бейөкмөттүк уюмдарды түзүү, иштетүү, кайра уюштуруу жана жоюунун өзгөчөлүктөрүн белгилеген мыйзамдык актыны мамлекеттик кызыкчылыктарды жана коомдук коопсуздукту, адеп-ахлакты, калктын саламаттыгын, жарандардын улуттук жана диний сезимдерин коргоону камсыз кылууну эске алуу менен иштеп чыгуу жана кабыл алуу зарылчылыгы келип чыгууда”. Мыйзам долбооруна ылайык, көзөмөлдү негизинен прокуратура органдары жана КР Юстиция министрлиги жүргүзөт. Документте алардын ыйгарым укуктары белгиленген. Мисалы, алар төмөндө көрсөтүлгөндөргө укуктуу: Мыйзамдагы мындай өзгөртүүлөр жарандык коомдун сынына кабылды. Эксперттер “чет элдик” бейөкмөт уюмдар деген түшүнүк коомдо ажырымды жаратат деп кооптонушат. “Адилет” укуктук клиниканын юристтерибелгилегендей, мыйзам долбоордун бир катар жоболору мыйзам менен бекитилген мыйзам жазуу техникасына дал келбейт жана бул жагдай анын мындай түрдө Жогорку Кеңешке жиберилишине жол бербейт. Юристтер ошондой эле ченемдик укуктук актылардын долбоорлорун коомдук талкуулоо институту адамдын мамлекеттик башкарууга катышуунун фундаменталдык укугун ишке ашыруунун механизмдеринин бири экенин эске салышат. Бул Конституция менен кепилдендирилет. Бирок мыйзам долбоорун иштеп чыккандар аны четке кагышууда. Тиркелген документтер： Тыянак:Президенттин администрациясы коомдук талкууга алып чыккан “Бейөкмөт уюмдар жөнүндө” мыйзам долбоорунун 30 жобосунун орусиялык мыйзамга окшоштугу 67%-97% түзөт, 2 жободогу окшоштук 46-48%. Беш гана жобо такыр окшош эмес. Жалпысынан алганда тексттердеги окшоштук 69.2%га барабар.",factcheck.kg,https://factcheck.kg/ky/novyj-zakonoproekt-o-nepravitelstvennyh-organizacziyah-okazalsya-kopiej-zakona-rossijskoj-federaczii/,,kyrgyz,1,1.0,https://factcheck.kg/ky/novyj-zakonoproekt-o-nepravitelstvennyh-organizacziyah-okazalsya-kopiej-zakona-rossijskoj-federaczii/,fact_check
4295658c-b2ff-40c9-ab22-bf9cd4c2c12e,Кыргызстанда малды идентификациялоонун жаңы милдеттүү белгиси киргизилет,"Министрлер кабинети 2025-жылдын 3-мартындагы № 105 токтомуна ылайык жаныбарларды жана алардан алынган азыктарды идентификациялоого байланыштуу өзгөртүүлөрдү бекитти. Жаңыртуулар жоболорду мыйзамга ылайыкташтырууга жана малды визуалдык идентификациялоо жол-жобосун тактоого багытталган. Документке ылайык, бодо малды, жылкыларды, эшектерди жана качырларды идентификациялоодо микрочиптерди гана эмес, кошумча «i» деп аталган белгини да колдонууга уруксат берилет. Бул белги суюк азотту колдонуп, жаныбардын сол жагына: санга же жаактын ылдыйкы жагына коюлат. Бул белгилөө мурунтан эле аныкталган жаныбарларды визуалдык түрдө идентификациялоону жөнөкөйлөштүрүү жана сатуу же алмаштыруу учурунда коркунучун азайтуу үчүн арналган. Жобо он күндөн кийин күчүнө кирет.",24.kg,https://24.kg/kyrgyzcha/363264_kyirgyizstanda_maldyi_identifikatsiyaloonun_janyi_mildettuu_belgisi_kirgizilet/,,kyrgyz,0,high,,news_site
51691fac-8e75-4841-9452-034dd3af5d0b,Кош бойлуулук жана төрөт боюнча жөлөк пулду кимдер алат?,"Кыргызстанда кимдер кош бойлуулук жана төрөт боюнча жөлөк пул ала аларын Эмгек, социалдык камсыздоо жана миграция министрлиги түшүндүрүп берди. Ведомствонун маалыматы боюнча, кош бойлуулук жана төрөт боюнча жөлөк пулдарды берүү тартиби Өкмөттүн 2018-жылдын 18-сентябрындагы № 434 токтому менен бекитилген жобо аркылуу жөнгө салынат. Документтин ченемдерине ылайык, бул төлөмдү алууга төмөнкүлөр укуктуу: Белгиленгендей, расмий жумушсуздар үчүн милдеттүү шарт болуп жалпы камсыздандыруу стажынын кеминде 12 ай болушу саналат.",24.kg,https://24.kg/kyrgyzcha/372065_kosh_boyluuluk_jana_torot_boyuncha_jolok_puldu_kimder_alat/,,kyrgyz,0,high,,news_site
3c2ca795-9b4f-4310-b794-31d28812df3e,Медициналык маскалар кычкылтекти өткөрбөйт деген маалымат жалган [split],"Мындан тышкары, заманбап маскалар бактерияларды өткөрбөйт, ошол эле учурда абаны өткөрөрү маалым болду.  Алар көпчүлүк учурда тыгыздыгы бир чарчы метрге  20 же 25 грамм болгонполипропилен материалынан жасалат. Мындан тышкары полистирол, поликарбонат, полиэтилен жана полиэстерден да жасалат.  Мындай маскалар тамчылардан, аэрозолдон коргоочу (мисалы, чүчкүргөндө) сапаттарга ээ. Хирургиялык заманбап маскаларга5 талапкоюлат: Бактерияларды фильтрлөө натыйжалуулугу.Мүнөтүнө 28,3 литр ылдамдык менен маскага стафилококк бактериясынын аэрозолу чачыратылат. Бактериялардын кайсы бир пайызын маскалар тосуп калышы керек. Бөлүкчөлөрдү фильтрлөө натыйжалуулугу.Бул тест латекс бөлүкчөлөрүнүн тести деп да аталат. Масканы полистирол микросфера аэрозолу менен чачканда, чыпкалоо жөндөмдүүлүгү. Дем алуу учурундагы вентиляция.Маска дем алуу учурунда жетиштүү желдетүүнү камсыз кылып атканын текшерүү үчүн анын ичине аба агымын киргизип, андан кийин масканын эки тарабындагы басымдын айырмасын өлчөнөт. Суюктуктан коргоо.Масканын ичине суюктук кирип кетпеши үчүн хирургиялык маскаларга жасалма кан куюлуп, адамдын кан басымына окшогон басымдар колдонулат. Жалындуулук.Операция бөлмөсүнүн айрым бөлүктөрү оңой эле өрттөнүп кетиши мүмкүн болгондуктан, хирургиялык маскалар күйүп кетүү жөндөмүнө текшерилет. Алар 1-класстагы отко чыдамдуу болуш керек. Жыйынтык:Маскалардын сууну өткөрбөгөн касиети анын сапаты жана натыйжалуулугунан кабар берет жана дем алуудагы вентиляцияга залакасын тийгизбейт. Социалдык тармактарда тараган видеодо фактылар бурмаланган. Ал колдонуучуларды дүрбөлөңгө салган фейк маалымат болуп саналат.",factcheck.kg,https://factcheck.kg/ky/obychnye-mediczinskie-maski-ne-propuskayut-kislorod-nepravda/,,kyrgyz,1,0.6,https://factcheck.kg/ky/obychnye-mediczinskie-maski-ne-propuskayut-kislorod-nepravda/,fact_check
741d6302-3fd2-4e05-8d60-91f478c4b88c,Журналист Нургазы Анаркулов үй камагына чыгарылды,"Президенттик администрациянын маалыматтык саясат бөлүмүнүн мурдагы башчысы, Камчыбек Ташиевдин тарапташы Нургазы Анаркулов үй камагына чыгарылды.Бишкектин Биринчи май райондук сотунан ""Азаттыкка"" билдиришкендей, райондук соттун 17-марттагы чечими менен Анаркулов 10-апрелге чейин тергөө абагынан бошотулган. ""Бишкек шаарынын Биринчи май райондук сотунун 2026-жылдын 7-апрелиндеги токтому менен тергɵɵчүнүн өтүнүчү канааттандырылган. А.Н.Сга карата колдонулган үй камагы түрүндөгү бөгөт чарасынын мөөнөтү 2026-жылдын 10-июнуна чейин ошол эле чектөөлөр менен узартылган"", - деп билдирди райондук соттун басма сөз кызматы.Нургазы Анаркулов ушул эле соттун19-февралдагы чечими мененэки айга камакка алынган.Анын адвокаты Мунарбек Супатаев Анаркуловго Кылмыш-жаза кодексинин “Массалык башаламандыктар” беренеси менен айып тагылганын билдирген.Шектүү сот залынан чыгып баратып, коюлган айыпка макул эмес экенин, президенттик шайлоону быйыл өткөрүү тууралуу 75 адамдын кайрылуусуна тиешеси жоктугун кыска айтты.Кийинчерээк айрым кесиптештери президент Садыр Жапаровго кайрылуу жолдоп, Анаркуловду үй камагына чыгарып берүүнү өтүнүшкөн.Нургазы Анаркулов 17-февралда Казакстандан Кыргызстанга кирип келатканда чек арадан кармалган. Ал Камчыбек Ташиев Улуттук коопсуздук боюнча мамлекеттик комитеттин (УКМК) төрагасы кызматынан алынгандан кийин анын атынан билдирүүлөрдү таратып жаткан.Анаркулов 2020-жылдагы Октябрь окуясынан кийин президенттик аппараттын маалыматтык саясат бөлүмүнө жетекчи болуп дайындалган. УКМК аны 2021-жылы февраль айында Кылмыш-жаза кодексинин “Пара талап кылуу” беренеси менен кармап, кызматтан алынган. Кийин эркиндикке чыгып, иш эмне менен бүткөнү айтылган эмес.10-февралда президент Садыр Жапаров Камчыбек Ташиевди Министрлер кабинетинин төрагасынын орун басары - Улуттук коопсуздук мамлекеттик комитетинин төрагасы кызматынан бошоткон.9-февралда мурдагы премьер-министрлер, парламенттин экс-депутаттары, саясатчылар жана коомдук ишмерлер болуп 75 адамдан турган топ президент Садыр Жапаровго жана Жогорку Кеңештин ошол кездеги төрагасы Нурланбек Тургунбек уулуна кайрылып, жакынкы убакта президенттик шайлоо өткөрүүгө чакырган. Алардын айрымдары кийин кайрылуунун мазмунун окубай туруп эле макул болгонун айтып чыгышкан.Ички иштер министрлиги (ИИМ) бул кайрылууга байланыштуу Кылмыш-жаза кодексинин “Массалык баш аламандыктар” беренеси менен кылмыш ишин козгоп, беш кишини кармап, камакка алган. (ZKo)",azattyk.org,https://www.azattyk.org/a/33736202.html,2026-04-20T15:20:40+06:00,kyrgyz,0,high,,news_site
ea110b16-92e0-433d-8828-542d7d3126df,Бакудагы Алят портунда Борбор Азияга жүк тартып келаткан миңдеген фура жыла албай турат,"Бакудагы Алят эл аралык портунда Борбор Азияга жүк тартып келаткан миңдеген фура жыла албай турат. Жакынкы Чыгышта согуш башталгандан кийин Иран кошуна өлкөлөрү менен чек араларын жапканы Азербайжан-Түркмөнстан паром маршруту аймакка Түркия жана Европадан товар ташуунун жападан жалгыз жолу болуп калды. Тажикстандык айрым ишкерлер менен айдоочулар Каспийден өтүүнү эки жумадан бери күтүп жатышканын айтып берди. Алардын бири 15-апрелде «Озоди» радиосу менен маекте белгилегендей, бир эле маалда жүздөгөн оор машина деңизден өтүүнү каалайт, бирок паромдор анча фураны батыра албайт. Дагы бирөө учурда ал жерде 4 миңден көп фура топтолуп калганын айтат. Мурда жүк ташыган машиналар Европадан жана Түркиядан кара жол менен келатканда Иран аркылуу өтүп, Түркмөнстанга кирчү. Алят портунан Түркмөнстандагы Түркмөнбаши портуна чейинки жол 12 саатты түзөт. Айдоочулардын айтымында, алар негизинен жеңил машина, түрдүү жабдууларды жана кийим-кече алып келатышат. 28-февралда АКШ менен Израил чабуулун баштаганда Иран өз чек араларын жапкан. 8-апрелде убактылуу жарашуу жарыяланганы менен чек аралар ачыла элек.",azattyk.org,https://www.azattyk.org/a/33734376.html,2026-04-17T15:52:44+06:00,kyrgyz,0,high,,news_site
852f64eb-2986-4f6d-b29e-4a6dc9da03e7,Карылар үйүндөгү өрт. ӨКМнин кызматкери ооруканага жаткырылды,"Өзгөчө кырдаалдар министрлигинин прапорщиги Алымбек Келешов карылар үйүндөгү өрттү өчүрүп, өз өмүрүн тобокелге салып, адамдарды куткарып жатып эрдик көрсөткөн. Эвакуация учурунда ал ис газына ууланып, ооруканага жаткырылганын аталган министрликтен билдирди. Коюу түтүнгө жана жогорку температурага карабастан, тез жардам кызматкери күйүп жаткан имараттан бейтаптарды алып чыгууну улантты. Куткаруу иштерин аяктагандан кийин ага медициналык жардам керек болгон. Келешовдун абалы учурда канааттандырарлык деп бааланууда. Эскерте кетсек, өрт 6-январда карылар үйүнүн паллиативдик жардам бөлүмүнүн палатасында болгон. Өрттүн кесепетинен оор абалдагы эки тургун каза болгон. Кыргызстандын Саламаттыкты сактоо министрлигинин маалыматы боюнча, дагы 14 бейтап ооруканаларга жеткирилген. Өрттөн жабыркагандар үчүн кан тапшыруу акциясы жарыяланды. Кылмыш иши козголду. Учурда өрттүн себеби иликтенүүдө.",24.kg,https://24.kg/kyrgyzcha/357206_karyilar_uyundogu_ort_okmnin_kyizmatkeri_oorukanaga_jatkyiryildyi/,,kyrgyz,0,high,,news_site
9a56df15-b7d2-4fa5-86d2-306d69951fb4,Бишкек тарых музейинде Инклюзия борборун түзүү пландаштырылууда,"Бишкек тарых музейинде Инклюзия борборун түзүү талкууланды. Бул тууралуу Маданият, маалымат жана жаштар саясаты министрлигинен билдиришти. Маалыматка ылайык, Улуттук тарых музейинин директору Жылдыз Бакашова жана «Евразия Кей Жи» коомдук фондунун директору Кымбат Урумкулова баштаган фонд өкүлдөрү менен жолугушту. Жолугушууда Улуу Ата Мекендик согушка арналган туруктуу экспозицияны модернизациялоо, музейди заманбап мультимедиялык жана инновациялык көргөзмө технологиялары менен жабдуу, ошондой эле Улуттук тарых музейинин базасында Инклюзия борборун түзүү маселелери талкууланды. Мындан тышкары, музейдин илимий кызматкерлеринин Россиянын алдыңкы музейлеринде такшалмадан өтүүсүн жана квалификациясын жогорулатуу боюнча кызматташуу мүмкүнчүлүктөрү каралды. Сүйлөшүүлөрдүн жыйынтыгында тараптар маданият жана коомдук өнүгүү жаатында тыгыз кызматташуу тууралуу меморандумга кол коюшту.",24.kg,https://24.kg/kyrgyzcha/361497_bishkek_taryih_muzeyinde_inklyuziya_borborun_tuzuu_plandashtyiryiluuda/,,kyrgyz,0,high,,news_site
201fc511-f09c-4d1e-8568-79db42a3859c,Бүгүнкү доллардын курсу,"Бүгүн, 12-февраль саат 09:30га карата Кыргызстандын коммерциялык банктарда жана акча алмаштыруучу жайларда 1 долларды сатып алуу 87 сом 36 тыйынга чейин болсо, сатуу 87 сом 79 тыйын болууда. Ал эми Улуттук банкта 1 доллардын курсу 87 сом 45 тыйын деп көрсөтүлгөн",24.kg,https://24.kg/kyrgyzcha/361660_bugunku_dollardyin_kursu/,,kyrgyz,0,high,,news_site
4bfeda04-9a1e-4418-a712-8cb2e7d7a4ed,Кремлдин өкүлү Москвада Путин менен Садыр Жапаров жолугарын билдирди,"Кыргызстандын мамлекет башчысы Садыр Жапаров бейшембиде Орусиянын президенти Владимир Путин менен жолугушарын Кремлдин маалымат катчысы Дмитрий Песков билдиргенинРИА Новости жазды. Песков Кыргызстандын президенти Садыр Жапаров Москвада кыска мөөнөттүк иш сапар менен болорун айткан. ""Бүгүн орус-кыргыз мамилеси үчүн маанилүү күн. Түштөн кийин Орусия менен Кыргызстандын президенттери жолугушат. Президент Жапаров Москвада кыска иш сапары менен болот. Лидерлер өзүнчө аңгемелешип, аны түшкү тамакта улантышат. Мамлекет башчылардын ушундай толук форматтуу, узак баарлашуусун күтүп жатабыз"", - деген Песков. Президент Садыр Жапаровдун Москвага иш сапары, орус лидери Владимир Путин менен жолугушуусу тууралуу ""Ынтымак Ордо"" маалымат бере элек. Президент Садыр Жапаров 22-апрелде Астанага барып, Аймактык экологиялык саммитке катышып,сөз сүйлөгөн. Кыргызстан менен Орусиянын президенттери 2025-жылы ноябрда Бишкекте, орус президенти Владимир Путиндин Кыргызстанга мамлекеттик сапар менен келгендежолугушкан.Тараптар ""Союздаштык мамилелерди жана стратегиялык өнөктөштүктү тереңдетүү жөнүндө"" биргелешкен билдирүү менен кошо жалпы сегиз документке кол коюшкан. Путиндин сапарында кол коюлган Бишкектеги ""Кыргыз-Орус Славян университетинин кампусун куруу шарттары жөнүндө"" макулдашууну Орусиянын Мамлекеттик думасы 22-апрелдератификациялаган. (ZKo)",azattyk.org,https://www.azattyk.org/a/33740832.html,2026-04-23T17:56:55+06:00,kyrgyz,0,high,,news_site
dced5077-a7c7-4868-b434-3c74f9aff0f7,Афган согушкерлеринин Исфарага жөнөгөнү тууралуу тасма – фейк [split],"Бул видеолордун арасынан 201-дивизиянын60 жылдыгынаарналган кино тасманы таптык. Социалдык тармакта тараган видео дал ушул тасмадан алынган үзүндү. Белгилей кетсек, 201-дивизия 1943-жылытүзүлүп, 2004-жылга чейин иш алып барган. Ал эми 2004-жылы россиялык201-аскер базасына алмаштырылып, учурда Душанбе жана Бохтар шаарларында жайгашкан. Демек, бул тасма 2003-жылга чейин тартылган. Жыйынтык: фейк.Афган согушкерлеринин Исфараны көздөй жөнөгөнү тууралуу тасма – фейк.",factcheck.kg,https://factcheck.kg/ky/videofejk-s-afganskimi-boevikami-napravlyayushhimisya-v-isfaru/,,kyrgyz,1,0.83,https://factcheck.kg/ky/videofejk-s-afganskimi-boevikami-napravlyayushhimisya-v-isfaru/,fact_check
dff681c9-ddb8-4478-8cb4-0f42736ac56a,Балеттин жаңы жылдыздары: Кыргызстандык бийчилер Россияда сыйлыкка татыды,"А.Малдыбаев атындагы Кыргыз улуттук академиялык опера жана балет театрынын балет солисттери Россиянын Пермь шаарында өткөн «Арабеск» сынагында сыйлыкка татыды. Бул тууралуу Маданият, маалымат жана жаштар саясаты министрлигинен билдиришти. Маалыматка ылайык, сынакта балет бийчилери Адилжан Рахманов II даражадагы лауреат наамына ээ болсо, Даяна Кыдыралиеваге диплом тапшырылды. «Арабеск» сынагы 1988-жылдан бери өткөрүлүп келет жана бул убакыт ичинде дүйнөдөгү эң абройлуу балет сынактарынын бирине айланды. Быйылкы иш-чара Пермь шаарында 15-апрелден 25-апрелге чейин өтүп, Пермь балетинин 100 жылдыгына арналды. Жалпысынан дүйнөнүн 14 өлкөсүнөн артисттер жана хореографтар тарабынан 354 билдирме түшкөн. «Арабеск-2026» сынагынын катышуучуларынын арасында Россия, Австралия, Бразилия, Франция, АКШ, Япония, Италия, Түркия, Монголия жана башка мамлекеттердин өнөрпоздору болду. Ошондой эле Россиянын 26 шаарынан, анын ичинде Санкт-Петербург, Москва, Новосибирск жана башка калаалардан өкүлдөр катышты. Сынактын негизги максаты — жаңы ысымдарды ачуу, аларга ийгиликтүү карьера үчүн кеңири мүмкүнчүлүктөрдү түзүү, классикалык балеттин бай мурасын сактоо жана заманбап хореографияны өнүктүрүү болуп саналат.",24.kg,https://24.kg/kyrgyzcha/372015_balettin_janyi_jyildyizdaryi_kyirgyizstandyik_biychiler_rossiyada_syiylyikka_tatyidyi/,,kyrgyz,0,high,,news_site
ea1cb890-e5c7-4e94-a718-72b49485d885,Дезинформация кылыш үчүн тажик ЖМКлары жалган экспертти колдонушууда,"Avesta.tj тажик ЖМКсынын билдирүүсү боюнча, Кыргызстандын Тажикстан менен чек арада уюштурган “чагымчыл аракеттери” Садыр Жапаров менен Камчыбек Ташиевдин тирешинен кыргыз элинин көңүлүн башка жакка буруу үчүн жасалган амал болуп эсептелет. Factcheck.kg редакциясы бул ЖМКнын жаңылыгындагы алешемдикти аныктады. Жаңылыкта Максуд Валиев деген эксперттин айткандары колдонулат. Аны ЖМК “тажик эксперти” деп тааныштырат, бирок кайсы тармактагы эксперт экендиги тууралуу эч бир маалымат берилбейт. Аны менен катар эксперттин сүрөтү да келтирилген эмес. Factcheck.kg редакциясы бул ким экенин аныктаганга аракет кылды. Бирок ачык булактардан бул ысымды алып жүргөн бир дагы экспертти таба албады. Аны ысымын биринчилерден болуп так ушулAvesta.tjмаалымат агенттиги атаган. Бул медиа 2004-жылы негизделген. Башында ал эл аралык уюмдардынгранттарынын эсебинен жашап келген.",factcheck.kg,https://factcheck.kg/ky/tadzhikskoe-smi-ispolzuet-psevdoeksperta-dlya-dezinformaczii/,,kyrgyz,1,0.57,https://factcheck.kg/ky/tadzhikskoe-smi-ispolzuet-psevdoeksperta-dlya-dezinformaczii/,fact_check
a8dcc5df-dbae-4c9e-8f5c-c13c0650eca3,Абдыгуловго карата “чабуул” [split],"Болжолдуу колдонулган темасы – бул Улуттук Банктын ЖК депутаттарынын алдында берген отчету. Маалымат чабуулуна жогоруда айтылган “адискөй троллдордон” тышкары дагы бир фейк аккаунту –  Наргиза Сагынбекова кошулду. ЖМКда бул мезгилде бир гана макала (“Улуттук банк – Абдыгуловдун менчигиби?”, “Фабула” гезити) пайда болду. “ЖК күзгү сессия” толкуну Маалымат чабуулунун үчүнчү толкуну мурункуларына салыштырмалуу туура бир ай эмес, андан аз убакыт, тактап айтканда 2018-жылдын 2-ноябрынан 21-ноябрга чейин жүрдү. Анда “адискөй троллдордон тышкары” айрым ЖМКлар дагы катышты. Гезиттерде 4 макала жарык көргөн. Алардын үчөө “Ачык саясат”, бирөөсү “Багыт КГ” гезитинде жарыяланган. “Адискөй троллдор” тобу. Бул топто тапшырык менен иштеген туруктуу үч фейк аккаунту бар. Өткөн жылдын июнь айынан бери бул топ президенттик шайлоого катышкан Өмүрбек Бабановду каралоо иштери менен алек болгон. Ушул эле шайлоодо президенттикке талапкер Темир Сариевге колдоо көрсөткөн материалдарын таратышты. “Адискөй троллдор” тобунун айырмачылыктары: Фейсбук соцтармагында Каныкей Алиеванын активдүүлүгү Фейсбук соцтармагында Rustam Uulu Talant аттуу аккаунттун активдүүлүгү Фейсбук соцтармагында Ильяса Асанбекованын активдүүлүгү Наргиза Сагынбекова аттуу фейк аккаунту апрель айында түзүлгөн. Ошондон баштап Абдыгулов тууралуу постторду жарыялап жана талкуулап келет. “Адискөй троллдордон” айырмаланып Жогорку Кенештин каникулу учурунда да тыныгуу жасабай иштеп келе жатат. Бүтүм: КР Улуттук банкынын төрагасы Толкунбек Абдыгуловго болгон маалымат чабуулу бул буюрутма кампания. Негиздер:",factcheck.kg,https://factcheck.kg/ky/abdygulova-zakazali/,,kyrgyz,1,0.91,https://factcheck.kg/ky/abdygulova-zakazali/,fact_check
c5de7926-2e97-44c0-901d-bc0b753afcdc,"Шок контентке азгырылба, маалыматты текшер: Эл аралык фактчекинг күнүнө карата кыргыз фактчекерлеринин кеңештери [split]","Колдонуучулар макаланын алдында ыраазычылыктарын билдирип, ал эмес фактчекерлерге көмөктөшө да башташты. Аудитория кеңейип жатат, бирок бул дагы эле жетишсиз. Кеңири элге жетип, аларды кызыктыруу керек. Ошондуктан “Чекит Медиа” түзүлдү. Материалдарды социалдык түйүндөргө ылайыкташтырып, кайрадан форматтап чыгуу керек болду. Фейктер көбөйүп жаткан аянтчаларга, ошол эле  ТикТок менен Инстаграммга да, көңүл бурула баштады. Фейк маалыматтар көп кездеше турган дагы бир булак – мессенджерлер. Фейктер көп таратылган плафтормаларга барып, ал жакта да иш алып баруу керек. Бардыгы эле, анын ичинде жаштар дагы, фактчекинг булактарын кызыгып окушпайт. Мастер-класстарды, тренингдерди өткөрүү учурунда аудиториянын толугу менен маалымдар эместигине жана медисабаттуулук көндүмдөрүн колдонбогондугуна күбө болобуз. Ошондуктан башкы кеңештерибиз – фактчекинг булактарын окуп, ЖМКларды тандоого аӊ сезимдүү мамиле кылуу зарыл. ЖМКлар ар түрдүү болот, алар кайсы бир саясатчыларга тиешелүү болушу мүмкүн, мындайда бул саясатчылар тууралуу жаман сөз айтылбай. Баарынан жакшысы – маалыматты бир нече ЖМКлардан, булактардан алып, ага талдоо жүргүзүп кабылдоо. Фейк-аккаунттар темасына көптөгөнжурналисттик иликтөөлөржүргүзүлгөн, алар фейк-фабрикаларга байланыштуу маселе азкыркыга чейин актуалдуу бойдон калып жаткандыгын көрсөттү. Көз карандысыз ЖМКларга көптөгөн чабуулдар жасалды. Акыркы убактарда бул чабуулдарда мамлекеттик каналдардын кызматкерлери колдонула баштады – алар реалдуу аккаунттарды колдонуу менен буюртма постторду жарыялап келишет. Мындан сырткары басма сөз кызматтардын жана ведомстволордун кызматкерлерин дагы бул чабуулга тартылып келет. Бул абдан коркунучтуу тенденция жана ал, муну моюнга алыш керек, өзүнүн натыйжалуулугун көрсөтө алды. Бул маалыматтык согушта фактчекерлер уттуруп койгон учурлар аз эмес, анткени аларда каршылаштарындай ресурстар, штат, каражат жана убакыт жок. Эң жөнөкөй ыкма – аракеттерге чакырган эмоционалдуу тексттерге, шок контенттерге азгырылбоо. Сабырдуулукту сактоо зарыл. Факчекерлерге керек маанилүү сапат – эмоцияларды башкара билүү. Бул өтө татаал. Пропаганда өтө күчтүү иштеп жатканын моюнга алыш керек. Маалымат фактыларга негизделе тургандыгын эч качан унутпаш керек. Эгерде текстте эмоционалдуу чакырыктар көп болсо, эмоцияларды такай таразалап туруу зарыл. Эгерде катуу тынчсыздануу жаралса, анда маалыматты башка булактардан текшерип көрүү абзел. Эгер адам өзүнүн жарылуу чегине жетип калганын сезсе, бул өтө оор болгонуна карабай колго китепти алып, социалдык түйүндөрдөн алаксыганга аракеттенүүсү керек. Жок дегенде эс алуу күндөрү эс алгыла. “Интернеттен” бул жашоого кайтып келгиле. Алынып жаткан маалыматка, окуяларга иммунитетти калыптандыруу – туура эмес, себеби адамда бардык окуяларга, маалыматтарга кайдыгерлик пайда болушу мүмкүн. Мындай кырдаал журналисттик кесиптен сырткары адамдын эмоцияларына жана окуяларына байланыштуу көптөгөн башка кесиптерде дагы кездешет. Мындай кырдаалдарда баарынан жакшысы – тиешелүү адистерге кайрылып, эмоционалдык чарчоо боюнча сунуштарды кармануу. Мындай сунуштарды көптөгөн ачык булактардан тапса болот. Былтыркы жылдагы окуялардан улам Украинадагы согуш боюнча чоӊ иштер жасалды. Калыстыкты карманганга аракет кылынып, орусиялык да, украиндик да фейктер төгүндөлүп жатты. Колдонуучулардын реакциясы ар кандай болду. Орусиялык фейктердин бети ачылганда, фактчекерлерди батышчылдар, «соростон жан баккандар», либералдар деп атап жатышты. Тескерисинче, украиндик фейктер төгүндөлгөндө, фактчечкерлерди “путиндин режимин” колдогондор деп күнөөлөштү. Тилекке каршы, Орусия Украинага кол салганына бир жыл өткөндөн кийин, кыргызстандыктар үчүн Украинадагы согуш темасы адаттагыдай эле, көнүмүш тема болуп баратат. Ошол эле кезде биздин өлкө максималдуу түрдө параллелдүү импорт процессине тартылып, такай Батыштын санкцияларынын коркунучу алдында турат. Ой-жүгүртүү менен иштөө – эӊ татаал. Бир жолку аракет менен эле адамдын көз карашын өзгөртүү дээрлик мүмкүн эмес. Өзгөчө, эгерде адам ошол эле кезде маалыматтык талаанын экинчи тарабынын таасири астында болсо. Көп нерсе адамдын дүйнө-таанымына, жашоодогу тажрыйбасына көз каранды. Пропагандалык булактардан сугарылып турган адамдар менен иштешүүнүн, мамиле куруунун сыйкырдуу ыкмалары жок. Майнапсыз талаш-тартыштардан качып, чагымчылдыкка алдырбай, нервти сактаган оң. Автору: Тынымгүл Эшиева Маектешкендери: Ярослав Тартыков, Асель Сооронбаева",factcheck.kg,https://factcheck.kg/ky/ne-poddavatsya-shok-kontentu-i-proveryat-informacziyu-glavnye-rekomendaczii-kyrgyzskih-faktchekerov-v-mezhdunarodnyj-den-faktchekinga/,,kyrgyz,1,0.79,https://factcheck.kg/ky/ne-poddavatsya-shok-kontentu-i-proveryat-informacziyu-glavnye-rekomendaczii-kyrgyzskih-faktchekerov-v-mezhdunarodnyj-den-faktchekinga/,fact_check
ca89b5d3-af29-4b32-a214-ec978d79949b,Арбагы тынч жатсын! Роза Айтматова элге кайрылды,"Улуу кыргыз жазуучусу Чыңгыз Айтматовдун бир тууганы, коомдук ишмер, Кыргыз Республикасынын билим берүү тармагынын эмгек сиңирген кызматкери Роза Айтматова акыркы күндөрү интернет мейкиндигинде жана коомчулук арасында айтылып жаткан ушак-айыңдарга тынчсыздануусун билдирди. Бул кайрылуу «Кабар» маалымат агенттигине жарыяланды, толугу менен сунуштайбыз: Ардактуу, улуу урматтуу кыргыз элим! Бүгүн биринчи жолу улуу кыргыз элиме түз кайрылууну туура көрдүм. Буга өзгөчө себеп болуп турат. Жакында катуу ооруп, ооруканага жатып чыктым. Азыр, Кудайга шүгүр, баары жакшы. Жараткан мага канча өмүр берсе, ошончо көрөрбүз. Акыркы күндөрү жүрөгүмдү өйүгөн нерсе — бул айрым адамдардын Чыңгыз агамды абдан ушактап, талкууга салганы болду. Аркасынан жаман сөздөрдү таратып жатышат. Буга абдан кейидим, ыйладым. Агамдын көзү өткөнүнө 17 жыл болсо да, маркумдун жанын койбой, айрымдары аны сөз кылып, табакташ же дос болгонсуп сүйлөп, аны сынга алышыптыр. «Көзү өтүп кеткен адам жөнүндө жаман сөз айтууга болбойт», — дешет элде, бирок болор иш болду. Агамды тынч жаткан жеринен бир козгоптурсуңар... Кээде «кыргыздардын душмандары атайын жасап жатабы, элди бөлүп-жарып, ортого от жаккысы келгениби?» — деп да ойлоп кетем. Чыгарган ушак сөздөр да бири-бирине дал келбейт. Же Чыңгыз агама болушар киши жок деп ойлошобу? Чындыкты эч ким айталбайт эми замандаштарынын көзү өтүп... Чынымды айтайын, мен аларга деле таарынбайм. Алардын өз шору. Агамдын колдоочулары Манас атабыздан ага өткөн. Муну улуу Саякбай Каралаев айткан. Мен Айтматовду каралагандарга жамандык каалабайм, бирок сак болгула... Бир кезде, 1991-жылы Ата-Бейит ачылганда, атамды жазыксыз аткандарды да кечиргем. Бул адамдарды да кечирдим. Бирок ички туюмумда, булар кыргыз элине каршы иш жүргүзүп, элдин ортосуна чок салып жатышат. Балким, максаттары ошолбу, ким билет? Баарын Кудайга калтырдым... Мен быйыл 89 жашка чыгам. Көп нерсени башымдан өткөрдүм: жакшысы да болду, жаманы да болду. Турмуштун өйдө-төмөнүн да көрдүм. Бирок бирөө да мени ушунчалык катуу кайгыга салган жок эле... Атам камалып, атылып кеткенден кийин биздин үй-бүлө өтө оор шартта жашады. Ачарчылыкты да, жокчулукту да көрдүк. Абдан кыйналдык. «Эл душманынын балдары» деп совет өкмөтү бизди катуу кордоду. Бирок кыргыз элиме чоң рахмат! Атамдын туугандарына рахмат! Шекер элине, Талас элине миң мертебе ыраазымын! Алар болбосо, бар болот белек... бир гана Кудай билет. Элдин аркасы менен аман калдык. Апама да өзгөчө рахмат. Эч нерсеге карабай, бизди бутка тургузду. Тилекке каршы, ага да асылгандар болду, азыр да бар... Апам — баатыр аял. Төрөкулдун балдарын Шекерге алып келип: «Силер кыргызсыңар, элиңер менен болгула!» — деп эл-журтка кошуп, элибиздин ичинде бизге тарбия берди. «Чыңгыз, Илгиз балдарым, кыздарым, силер Төрөкулдун балдарысыңар. Силер кытай уруусунун урпактарысыңар. Башыңарды бийик көтөрүп жүргүлө. Кайда болсоңор да, атаңардын атын уят кылбагыла», — деп турар эле раматылык апакем. Эки агам тең, эжем дагы өз өмүрлөрүн эл-жерибизге арнады. Алардан жаманчылык көргөн ким бар, айткылачы? Чыңгыз агама иттин өлүгүн артып, бардыгына күнөөлүү кылып жатышканы мени кайгыртты. Аттиң, ал азыр келип, «Андай болгон эмес, мындай болгон!» — десе гана тынчыр беле ушакчылар... Чыңгыз агам кыргыз элин дүйнөгө таанытты. «Манас» эпосубузду дүйнөнүн ар бир булуң-бурчуна даңазалады. Эне тилим деп, кыргыз мектептерин Бишкекке ачкыла деп, канча кармашып жүрдү Совет өкмөтү менен, акыры эки мектеп ачтырды. Эми болсо анын арбагын сындап, дүйнөгө уят болуп жатканыбызга ичим күйөт. Мына кечээ эле казак элинин өкүлдөрү мага телефон чалып: «Эмне болуп кетти ушунчалык? Эмнеге Айтматовдун тегерегинде ушунча чатак чыгып жатат?» — деп сурашты. Менин да намысым бар, агама ичим ачышканы менен, элимди да кыйып кете албайм. Эмне дейт элем аларга? Уялдым, намыстандым... Айтарым, интернетте болуп жаткан ушак-айыңдардын бирөө да чындыкка жатпайт. Муну мен, керек болсо, далилдеп бере алам. Анысы аз келгенсип, «Чыңгыз орусча жазган, кыргызча билген эмес, кыргызча жазган эмес», — деп ушак таратып чыгышты. Анын китептери 185 тилге которулганы менен иштери жок. Билбесеңер, айтып коёюн: чыгарылган китептеринин саны боюнча ал Шекспир менен Толстойдон кийин үчүнчү орунда турат дүйнөдө. Эмне үчүн ал кыргызча жазбай калганы тууралуу да айтайын. 1957-жылы агамды кыргыз эле айрым совет чиновниктери катуу куугунтукка алган. «Бул Айтматов деген жаш бала совет идеологиясына каршы чыгып, совет адабиятына дүрбөлөң салып жатат, жоготкула аны!» — деп Москвадан кат келген дешет. «Бөрк ал десе, баш алган» жергиликтүү чиновниктер ага асылып, ооруганга чейин жеткиришкен. Китептерин чыгарбай коюшкан, кемсинтишкен. Атүгүл, апама: «Чыңгыз балаң күйөөң Төрөкулдун тагдырын кайталайт. Ошого жеткиребиз керек болсо. Токтотсун жазганды!», — деп кетишиптир. Ошол сөздү уккан апамдын абалын элестетип көрсөңөр эми? Чыңгыз акем болсо төшөктөн тура албай, көпкө ооруп жүрдү. Ошол жылы атамды реабилитация кылышкандан кийин гана жакшы болуп кетти. Атабыздын арбагы колдоду окшойт. Ошондо агамды кордогон адамдардын атын айтпай эле коёюн. Аларды да кечирдим. Агам куугунтукка алынып, кыргызча жазганга шарты ошол үчүн болбой калган. Биз өзүбүз, кыргыздар, китеп жаздырбай, ага бут тосконбуз. Ал көпкө айласын таппай, эмне кыларын билбей жүрдү. Ошондо Александр Твардовский деген орустун улуу акыны кыргыз чиновниктери Чыңгызга жол бербей жатканын билип, аны колдоп чыккан: «Чыңгыз, сен орусча жаз. Мен сени «Новый мир» журналына чыгарып турам. Ошондо сенин байкелериң сага сөз тийгизе албайт», — деген. Мына ошондон кийин агам орусча жазып баштаган. Менин билишимче анын чыгармалары Кыргызстанда 15 жылдай басылган эмес, жалаң Россиядан чыккан. Мен муну далилдеп бере алам. Болбосо, Чыңгыз агам Шекерде чоңоюп, элеттиктердин ичинде жүрүп, өз эне тилин суудай эле билчү. Алгачкы китептерин кыргызча жазган. Эне тили үчүн далай чабышкан, сыймыктанып, даңазалап турган. Кыргыз эли Айтматовдун жакшылыгын көрбөсө, жамандыгын көргөн жок. Ар бириңерге жаны менен күйгөн адам болгон. Кээ бир кишилер айтат, 1990-жылдары биз кыйналып жатканда ал Европада жыргап жүрдү деп. Алар билбейт окшойт чынында эле. Европада кыргыздын элчиси болуп иштеп, эң биринчи Батыш менен Кыргызстандын байланышын түзгөн адам менин агам болгон. Францияга, Бельгияга, Англияга, Германияга «Орто Азияда менин элим бар. Биз, кыргыздар кичинекей эл болсок да, силер менен тең ата мамиле түзгөнгө кудуретибиз жетет», — деп жаңы телчигип келе жаткан республикабыздын эл аралык мамилелерди түзүүсүнө чоң өбөлгө түзгөн. Ал өзүнчө тарых, агамдын элчилиги. Айтмакчы, кээ бирөөлөр: «1990-жылдагы Ош окуясында Чыңгыз Айтматов өзбек тарапта болгон», — деп да жазып жатышат. Мен бул боюнча да айтайын, элим, силер калыс болгула. «Эмне үчүн бизге келбей, Ош коогалаңында биринчи Өзбекстанга учуп бардың?» — деп мен өзүнөн сурагам бул тууралуу. Ал мага: «Убакыт чукул болуп калды. Ошол кезде мен Москвада болчумун. Эки элдин ортосунда куралдуу жаңжал чыгып кетпесин деген ой менен Ислам Каримов менен жолугайын деп жардамчысы менен байланышып сүйлөштүм. — Макул, Ислам Абдуганиевич сизди кабыл алат — деди ал мага. Кечиккенге болбойт эле. Түз эле учуп барууга туура келди. Ошондуктан Кыргызстанга дароо келе албай калдым», — деген. «Каримовго эмне дедиң анан?» — дедим, эсим чыгып. «Ислам Абдуганиевич мени күтүп жатыптыр. Мен эки өзбек жазуучуну алып кошо кирдим. Биз көпкө сүйлөштүк. Сөздүн кыскасы, аягында Өзбекстандын президентине мындай дедим: «Ислам Абдуганиевич, биз тектеш элбиз. Кыргыз, өзбек, казак — түбүбүз бир. Эгер ортобузда чоң чатак чыкса Орто Азияны чоң ааламатка түртөбүз» — дегем. Ошондо Каримов: «Чыңгыз Төрөкулович, мен сизди түшүндүм. Менин бир да аскерим кыргыздын чек арасынан өтпөйт», — деп убада берген. Айтканындай эле кылды. Ошентип, агам Орто Азияны чоң согуштан сактап калган. Эки мамлекеттин ортосунда чоң чатак чыкса, бүгүнкү күнгө чейин анын азабын тартмакпыз. Ошондо Өзбекстан менен Кыргызстанды чоң согуштан аман сактап калып, агам чыккынчылык кылдыбы? Аскар Акаевичтин президент болуп шайланышына да Чыңгыз агамды күнөөлөп, ушактарды тараткандар бар. Чынын айтайын, Аскар Акаевичти Чыңгыз агам шайлаган жок. Аны биздин Жогорку Кеңеш добуш берип, өзү шайлаган. Ага чейинки үч талапкер өтпөй калганда агам: «Ушу жаш Акаевди бир карап көрбөйсүңөрбү, эгерде туура келсе», — деп депутаттарга айтканы чын. Агам өзү болсо Кыргызстанга келген эмес ошол шайлоо учурунда, чуркаган да эмес. Акаевди ошол кездеги Жогорку Кеңештин депутаттары жактырып, добуш берип, өзүлөрү шайлашкан. Президенттерди да жамандаганды коюшубуз керек, элим. Жакшы иштеп жаткандарды да жамандап чыгышты кээ бир адамдар. Президент да — биздин символ, желегибиздей, гербибиздей, Манасыбыздай. Символдорду тебелебеш керек. Болбосо биз кандай элбиз дүйнөлүк коомчулуктун астында? Эми негизгисин айтайын. Айланайын кыргыз элим, кимдир бирөөлөр элди бөлүп-жарганга аракет кылып жаткандай. Ынтымагыбыз кетип калбасын. Бирөөлөргө жем болуп, кор болуп калбайлы? Чыңгыз агамды мактабай деле койгула, жамандабай деле койгулачы, тынч жатсын. Жамандагыңар келсе, мени жамандагыла. Анын кандайдыр бир күнөөсү болсо, мен мойнума алайын. Арбактарды козгобойлу! Чыңгыз агамдын 100 жылдык мааракесин деле өткөрбөй эле коёлу деп өкмөттөн суранайын деп жатам. Анткени бул кетиште артынан дагы: «Айтматовдун 100 жылдык мааракесине бөлүнгөн каражаттарды башка жакка жумшаса болмок да», — деген сөздөр чыгарына көзүм жетип турат. Ошондуктан алдын ала өкмөттөн суранам, Чыңгыздын 100 жылдыгына бөлө турган каражаттарыңарды жөнөкөй элдин абалын оңдоого жумшайлы. Мындай сооп иш Чыңгыз агама болгон чыныгы сый-урмат, чыныгы эстелик болот. Сөзүмдүн аягында биздин мусулмандар жамаатына да кайрылайын деп турам. Апам Нагима үч жыл бою кыздар медресесинде окуган. Араб арибин жатка билчү, Куранды китептен түз окучу. Бизге да үйрөтчү. Өзгөчө улуу баласына ибадатты катуу карматкан. Совет кезинде куранды үйдө кармаганга уруксат беришчү эмес, бирок апамдын сандыгында куран китеби болгону эсимде. Өзү оорулуу болсо да, орозо кармачу. Апам бизге Курандын көп түшүндүрмөлөрүн айтып кеткен. Абдан кыйналып турганда: «Кудай мени сынап жатат, мен баарына чыдашым керек, балдарымды бутка тургузушум керек », - дечү. Азыр Курандын күчү менен ошол турмуштун азабына туруштук берди окшойт деп ойлоп калам. Балдарын да ушундай ибадатка үйрөткөн. «Чыңгыздын китептери басмадан чыкканда өз бөлмөсүнө барып, Кудайга ыраазычылык билдирип, намаз окучу эле», — деп эскерет Ренат таякем. Таятам Хамза медресе, мечит салган киши болгон. Кыргыздардын арасында мусулманчылыкты таратканга салым кошкон адам эле. Чоң таятам болсо, ошол кездеги Сибирь менен Казакстандын муфтийи болгон. Биз мына ошондой кишилердин жээн-неберелери болобуз. Ошондуктан, «Айтматов динден алыстаган» деген сөз — куру сөз, туура эмес. Ал исламдагы бардык ибадаттарды сактап, сыйлаган. Дегеле адамдын ички ыйманын ким өлчөй алат? Чыңгыз агамдын да ыйманын бир Кудайдан башка ким өлчөй алат эле? Анын ыйманына китептери күбө. Бүткүл адамзат, динине карабай, анын жазгандарына, ой толгоолоруна ортоктош болуп жатса, демек, агам дагы Кудай деген адам болгондур? Ал жазган окуялардагы бардык каармандардын прототиптери бар. Биз алар менен жашаганбыз, кошуна болгонбуз, тууган болгонбуз. Китебинде бир жалган болгон эмес. Толгонай апа да бар болчу, Жамиля да биздин айылдан, Ысмайыл да, Дүйшөн да. Бирок анын баары ХХ кылымдын окуялары болгон. Чыңгыз Айтматов да ХХ кылымдын жазуучусу болгон. Азыр заман башка, окуялар да башка, түшүнүктөр да башка. Бирок кайсыл заман болбосун, агам айткандай, күн сайын адам болуу ар бирибиздин милдетибиз болушу керек. Улуу кыргыз элим, таластык жердештерим, оорчулукта бизди калтырбай, аман сактап калдыңар эле. Азыр да силерден суранам, Чыңгыз агамдын атын тепселетпейли! Өсөр эл өзүн сыйлайт. Өз маданиятыбызды жерибейли, өзүбүздү сыйлайлы. Амандыкта бололу! Тынчтыкта жүрөлү! Душмандардан сак бололу! Айтматова Роза Төрөкуловна — коомдук ишмер, Кыргыз Республикасынын билим берүү тармагынын эмгек сиңирген кызматкери, физика-математика илимдеринин кандидаты.",24.kg,https://24.kg/kyrgyzcha/359275_arbagyi_tyinch_jatsyin_roza_aytmatova_elge_kayryildyi/,,kyrgyz,0,high,,news_site
63cd558a-934b-4543-8805-30246a895dbf,Жылуу мезгилде сак бол! Тамактан уулануунун кантип алдын алабыз?,"Бир караганда кооз таңгакталган даяр тамак коопсуз көрүнүшү мүмкүн. Бирок анын ичинде канчалык деңгээлде сапат сакталганын ар ким эле байкай бербейт. Жарактуулук мөөнөтүнүн өзгөртүлүшү, туура эмес сактоо жана жашырылган бузулуу белгилери — бул керектөөчүлөр үчүн олуттуу тобокелдик. Биз тамак-аш коопсуздугу жана жылуу мезгилде тамак-аштан уулануунун алдын алуу жолдору тууралуу Ооруларды алдын алуу жана мамлекеттик санитардык-эпидемиялогиялык көзөмөлдөө департаментинин жалпы гигиена боюнча врачы Аида Алимбекова менен кеп кылдык.",sputnik.kg,https://sputnik.kg/20260506/1101149727.html,15:04 06.05.2026(Жаңыртылды:15:16 06.05.2026),kyrgyz,0,high,,news_site
1885ca4e-13a4-4742-b0e8-b9110ab8e577,Аннексияланган Крымдагы мунай терминалы соккуга туш болду,"Аннексияланган Крым жарым аралындагы Феодосия шаарындагы «Деңиз мунай терминалы» пилотсуз учактардын чабуулуна туш болгонунAstraжана мониторинг жүргүзгөн украиналык телеграм-каналдар жазышты. Supernova+таратканмаалыматка караганда, мунай базасында эки резервуар өрттөндү. Орусия суюк отун сакталган терминалга сокку урулганын расмий ырастаган жок. Феодосиянын бийлиги шаардагы эки көчө жана Керч шоссеси «кырдаалга байланыштуу» жабык турганынбилдирди. Өрт чыкканын НАСАнун спутниктери да бышыктайт. Крымдагы эң ири терминал аркылуу  жылына 12 миллион тонна мунай продукциясы өтөт, ал жакта бир учурда 250 миң тонна продукция сакталат. Украин армиясынын Башкы штабы  буга чейин билдиргендей, «Деңиз мунай терминалы» ишканасы Крым жарым аралына жана убактыуу оккупацияланган аймактарга күйүүчү май ташылган негизги хаб болуп эсептелет. Терминал украин куралдуу күчтөрүнүн соккуларына мурда да кабылган. Согуш башталгандан бери андагы 34 резервуардын 12си жабыркаган. Украина Орусиянын агрессиясына жооп иретинде ал өлкөнүн согуш машинасын күйүүчү май менен камсыздаган жайларды бутага алып келет.",azattyk.org,https://www.azattyk.org/a/33727427.html,2026-04-08T14:52:10+06:00,kyrgyz,0,high,,news_site
12e6c904-a424-4cbc-92e0-bd9761ce45dd,Z-пропаганда Кыргызстанда фейк “маңкурттарды” жаратып келет [split],"Медар Байжумановдун постторуна коюлган жагат деген белгилер жана калтырылган пикирлер боюнча он чактыдан ашык ушуга окшош аккаунттарды таптык. Алардын баардыгы Медер сыяктуу башка бирөөлөрдүн сүрөттөрүн колдонушат жана окшош постторду жазышат. Эң кеңири колдонулган ыкмалардын бири – TUZ.kg интернет сайтында жарыяланган фейк материалдар менен бөлүшүү. Бул сайттын жалган маалыматтарды жарыялап келээри, көз жазгыруу кылаары бир нече жолу байкалган болчу, мисалы, “ПолитКлиника” медиасы төмөнкү аталыштагы TUZ.kg’нин материалдарынтөгүндөп чыккан: Анданы сырткары фейк аккаунттар «Вечерний Бишкек» жана «Новости Кыргызстана» сыяктуу башка булактардын материалдары менен дабөлүшүп келишет. Көз жазгырган посттор менен бөлүшкөндөрдүн катарында TUZ.kg сайтынын башкы редактору Мария Озмитель дагы байкалган. АнынLinkedIn’деги резюмесине ишенсек, ал “Вечерний Бишкек” басылмасында да редактор болуп иштеген. Биз аныктаган фейк аккаунтарды жана аларда жарыяланган постторду талдап чыгып, аларга мүнөздүү төмөнкү нарративдерди байкадык: Ушугаокшош нарративдердиОрусиялык мамлекеттик телеканалдардан да байкасак болот. Өзбүздү жана жакындарыбызды дезинформациядан кантип сактасак болот? Досторуңардын катарына кошулгусу келген аккаунттар менен этият болгула, кошоордун алдында аларды текшерип чыккыла. Эгер фейк аккаунтту же жаңылыкты байкасаңыз Facebook’тун тех кызматына даттансаңыз болот. Коомдук тармактардын алгоритми боюнча, сиздин лентада көрүнгөн пост досторуңуздун же жакындарыңыздын лентасында да көрүнүшү мүмкүн экендигин унутпаңыз. Бул аракеттериңиз фейк жаңылыктардын жайылышын токтотууга, Кыргызстандын маалымат айдыңынын коопсуздугун камсыздаганга жакшы салым болот.",factcheck.kg,https://factcheck.kg/ky/z-propaganda-sozdaet-fejkovyh-mankurtov-v-kyrgyzstane/,,kyrgyz,1,0.89,https://factcheck.kg/ky/z-propaganda-sozdaet-fejkovyh-mankurtov-v-kyrgyzstane/,fact_check
ac93b810-8ca7-461a-bf0f-e657c6106ced,"Эл аралык олимпиада: Кыргызстандык окуучулар 2 алтын, 2 күмүш,3 коло медаль утту","Кыргызстандык окуучулар INFO1CUP эл аралык информатика олимпиадасында жогорку жыйынтык көрсөтүштү. Бул тууралуу Агартуу министрлигинен билдиришти. Маалыматка ылайык, мелдешке Кыргызстандан 8 окуучу катышып, 7 медаль жеңип алды. Ал эми бир катышуучу сертификатка ээ болду. Алтын медаль алгандар: Абдуллахан Абдирасулов — 10-класс, «Сейтек STEM» мектеби; Рамазан Мананов — 10-класс, «Сейтек STEM» мектеби. Күмүш медаль алгандар: Саид Жаныкеев — 10-класс, «Сейтек STEM» мектеби; Эмирхан Сыдыков — 8-класс, «Газпром Кыргызстан» мектеби. Коло медаль алгандар: Бектен Абдувалиев — 8-класс, International School of Kyrgyzstan; Азирет Исраилов — 9-класс, Intellect School; Аруубек Баимырзаев — 9-класс, «Акылман» президенттик лицейи. Катышкандыгы үчүн сертификат: Актан Мавлянов — 9-класс, Intellect School. Белгилей кетсек, олимпиада 7-8-декабрь күндөрү Румыния мамлекети тарабынан өткөрүлгөн. Ага Армения, Азербайжан, Болгария, Египет, Грузия, Венгрия, Израиль, Италия, Кыргызстан, Румыния, Сербия, Сирия, Түркмөнстан, Украина, Улуу Британия жана Өзбекстандан жалпы 189 окуучу катышты.",24.kg,https://24.kg/kyrgyzcha/362113_elaralyik_olimpiada_kyirgyizstandyik_okuuchular_2altyin_2kumush3_kolo_medal_uttu/,,kyrgyz,0,high,,news_site
2076ffc5-5630-4d19-8c94-1a0954019fab,Өкмөт электрондук тамеки импортун тыюу мөөнөтүн узартууну сунуштады,"Министрлер кабинети Кыргызстанга электрондук тамекини импорттоого кирген чектөөнү дагы алты айга узартууну сунуштады. 23-апрелде коомдук талкууга коюлган долбоор 2025-жылы күчүнө кирген мыйзамдын талаптарын аткарууга багытталган. Экономика жана коммерция министрлиги билдиргендей, мындай чектөө быйыл 10-январдан тартып алты айга киргизилген жана бул аралыкта Кыргызстанга бир да электрондук тамеки ташылып келинген эмес. Документте никотин суюктугу камтылган электрондук тамекилерди ташып келүүгө, жүгүртүүгө жана пайдаланууга биротоло тыюу салуу каралган. ЕАЭБге мүчө мамлекеттердин үчүнчү өлкөлөр менен соода жүгүртүү эрежелерине ылайык, мындай чектөөнүн түрүнүн мөөнөтү жарым жылдан ашпашы керек. Ошондон улам Министрлер кабинети электрондук тамеки ташып келүүгө кирген чектөөнү 10-июлдан ары карай дагы алты айга узартууну сунуштоодо. 2024-жылы Кыргызстанга 60 тоннадан ашык, 2025-жылдын жети айында 12,4 тонна электрондук тамеки импорттолгон. Алардын көбү Кытайдан ташылып келинген. “Дүйнөлүк саламаттык сактоо уюмунун тамекиге каршы күрөшүү боюнча алкактык конвенциясынын жоболоруна ылайык, Кыргыз Республикасы 2006-жылдан бери Конвенциянын катышуучусу болуп, тамеки заттарынын жана никотиндин, анын ичинде алардын жаңы формаларынын калкка таасирин алдын алуу боюнча чараларды көрүүгө милдеттенет”, - деп жазылган долбоордун маалымкат-негиздемесинде. Жогорку Кеңеш Кыргызстанда электрондук тамеки чегүүгө, ташып келүүгө жана сатууга тыюу салган мыйзам долбоорун 2024-жылдын 26-июнунда кабыл алып, документке президент Садыр Жапаров ушул эле жылдын 24-ноябрында кол койгон. Азыркы тапта электрондук чылым колдонгону үчүн жарандарга 10 миң сом, юридикалык жактарга 60 миң сом айып пул салынат. Электрондук тамеки саткан жеке жактарга 50 миң сом, юридикалык жактарга 65 миң сом айып пул салуу каралган. Ташыгандарга 150 миңден 200 миң сомго чейин айып салынат же 1 жылдан 2 жылга чейин эркинен ажыратуу менен жазаланат. Былтыр декабрда парламентте электрондук тамеки ташып келүүгө тыюу киргенден кийин бул товарды аткезчилик жолу менен алып келип саткан фактылар көбөйгөнү айтылган. Депутат Дастан Бекешев социалдык тармактар аркылуу көмүскө базарда сатылыпжатканын көтөргөн. Экономика жана коммерция министри Бакыт Сыдыков бул тыюуну алып салуу маселесин талдап чыгарын билдирген.",azattyk.org,https://www.azattyk.org/a/33741416.html,2026-04-24T10:44:53+06:00,kyrgyz,0,high,,news_site
2b8a4b65-340d-4ff9-b1ae-cd32279816bd,Дипфейктер: кантип сактанса болот?,"Буга чейин “Дипфейктер деген эмне жана эмнеси менен алар коркунучтуу?” деген макаланы даярдаганбыз. Бул жолкуда биз аларды кантип аныктаса боло тургандыгы тууралуу сөз кылабыз. Эскерте кетсек,дипфейк— бул жасалма интеллектин жардамы менен даярдалган, жасалма экендигин аныктоо оор болгон аудио же видеоролик. Ушундай жол менен саясатчыларга, белгилүү адамдарга каалаган сөздөрдү сүйлөтүп, алар кылбаган нерсени кылгандай кылып көрсөтүп койсо болот. Дипфейкти кантип аныктаса болот? Дипфейктер пайда болоору менен америкалык окумуштуулар аларды аныктоонун үстүндө иш алып бара башташты. 2018-жылы алар жасалма видеолордогу каармандар көзүн эч качан ирмебей тургандыгын, ирмесе да кызык ирмей тургандыгынаныкташкан. Ошол эле жылы Корнелл университетинин адистери адам жүзүнүн бурмаланышына (бузулушуна) көңүл бурууну айтып чыгышты. Алардын маалыматы боюнча, дипфейктердин учурдагы алгоритми сүрөттү чектелүү сапатта гана жарата алат, андан сырткары өзгөртүлүп жаткан адамдын жүзүнө дал келтириш үчүн аны бир аз өзгөртүүгө туура келет. Мындай өзгөртүүлөрдөн кийин видеодо айрым артефакттар сакталып калат. 2019-жылы Google менен Microsoft компанияларынын колдоосундамакала жарыяланган, анда алгач кайсы бир адамга мүнөздүү мимикалар менен башынын кыймылын талдап чыгып, дипфейк менен салыштырып көрүшкөн, ошондо жакшы байкалган айырмачылыктарды табышкан. 2020-жылы изилдөөчүлөрдүн тобу адам бетинин, мурунунун четтерине жана эрин жактарына көңүл буруунусунуштаган. Ушул жерлерде дипфейк экендиги ачык байкалат. Ошол эле кезде алардын айтымында, биринчи муундагы дипфейктерди 100% тактык менен аныктаганга мүмкүн болсо, экинчи муундагы дипфейктерди 15-30% тактык менен гана аныктаса болот. 2021-жылы Буффало университетинин окумуштуулары жасалма видеону аныктоонуныкмасын иштеп чыгышкан. Адистер чыныгы жана дипфейктеги адамдардын көздөрүндөгү жарыктын чагылышын изилдеп чыгышып, жасалма интеллект жарыктын чагылышын так жасай албай тургандыгын аныкташат. Алардын айтымында, бул ыкма менен дипфейкти аныктоонын тактыгы 94%ды түзөт.",factcheck.kg,https://factcheck.kg/ky/dipfejki-kak-zashhitit-sebya/,,kyrgyz,1,0.88,https://factcheck.kg/ky/dipfejki-kak-zashhitit-sebya/,fact_check
5e67ec6f-742f-4e50-bd22-9d13c71bc6e2,"""Түндүк"" аркылуу 261 миң адам өзүнө насыя алууга тыюу салды","Кыргызстандын 261 008 жараны ""Түндүк"" тиркемеси аркылуу өзүнө түрдүү банктардан жана башка электрондук акча капчыктардан насыя алууга тыюу салды. Улуттук банктын маалыматында, бул алдамчылык-шылуундуктан коргонуунун ишенимдүү куралы катары кеңири жайылууда. 2025-жылы июль айында президент Садыр Жапаров “Насыялык маалымат алмашуу жана насыялык бүтүм түзүүгө өзүнө өзү тыюу салууну белгилөө маселелери боюнча” мыйзамга кол койгон. Ага ылайык, каалаган адам насыя алууга өзүнө өзү тыюу салат. 1-ноябрдан баштап жарандар “Түндүк” тиркемеси аркылуу өзүнө насыя алууга тыюу салуусуна шарт түзүлгөн. Мыйзам элди финансылык алдамчылыктан коргоо үчүн кабыл алынган. Банк жана башка каржы уюмдар насыя алууга өтүнүч келгенде кредиттик бюродон маалымат сурап, эгер тыюу бар болсо насыя бербеши керек. Бул талап бузулса, берилген насыя жараксыз деп табылат. ""Түндүк"" мобилдик тиркемеси аркылуу өзүн насыя алуудан тыюу бир нече мүнөт ичинде ишке ашат жана ошол замат күчүнө кирет. Эгер жаран насыя алууну кааласа, тиркеме аркылуу кайрыла алат. Кайрылуу тийиштүү органдарда 12 саат каралат. Улуттук банк бул чара жарандар чечимин ойлонуп кабыл алышы үчүн жана шылуундардын басымынан коргоо үчүн кабыл алынганын билдирген. Акыркы жылдары Кыргызстанда интернет шылуундар көбөйдү. Адамдардын документтеринин маалыматтарын чогултуп, анын атынан насыя алып койгон учурлар да бар. (ZKo)",azattyk.org,https://www.azattyk.org/a/33743296.html,2026-04-27T14:13:01+06:00,kyrgyz,0,high,,news_site
0ff59b69-eb81-4ec4-b110-184ee0b004a6,Иранда түрмөдө отурган Наргиз Мохаммади ооруканага которулду,"Нобелдин тынчтык сыйлыгынын лауреаты, Иранда түрмөдө отурган укук коргоочу Наргиз Мохаммадинин ден соолугу кескин начарлап кеткендиктен ооруканага жаткырылды. Бул тууралуу Наргис Мохаммади фондунун сайтына анын үй-бүлөсүнүн жана адвокатынын билдирүүсү жарыяланды. Укук коргоочу жума күнү жүрөк оорусунан улам эки жолу эсин жоготкондон кийин Зенжандагы оорукананын реанимация бөлүмүнө жеткирилген. Маалыматка ылайык, бийлик укук коргоочуну Тегерандагы шарты жакшы Парс ооруканасына которуудан баш тарткан. Зенжандагы кардиологдор мурда шаардын ооруканаларында аны дарылоо үчүн зарыл болгон атайын жабдуулар жетишсиз экенин эскертишкени айтылат. Наргиз Мохаммади быйыл февралда “улуттук коопсуздукка каршы кутум жана жыйындарды уюштурган, пропаганда жүргүзгөн” деп айыпталыпжети жарым жылга кесилген.Ал өзү бул дооматтарды четке кагып келет. Аялдардын укуктары, өлүм жазасын алып салуу үчүн узак жылдардан бери күрөшүп келген 53 жаштагы Наргиз Мохаммади 2023-жылы Нобел тынчтык сыйлыгын алган. (BTo)",azattyk.org,https://www.azattyk.org/a/33748010.html,2026-05-03T11:10:27+06:00,kyrgyz,0,high,,news_site
75f7bd84-cff3-4dd3-9bb0-4c46a5b02f02,“Медиасабаттуулук жана санариптик коопсуздук мектеби” жаңы долбоорунун башталышы тууралуу жарыя кылабыз [split],"Кесипкөй адистерден турган командабыз медиа сабаттуулук көндүмүңүздөрдү жакшыртканга, маалыматтар менен иштегенге жана контентти талдаганга жардам берет. Калп маалыматтарды жана мифтерди төгүндөгөнгө, жемкорлук көрүнүштөрдү аныктаганга, дүйнөлүк конспирологиялык кутумдар менен күрөшкөнгө, өлкөнү экоцидден сактаганга, журналисттик иликтөөлөрдү жүргүзгөнгө, аныкталган маселелерге коомдун назарын тартканга сездерге болгон жардамыбызды бергенге даярбыз. Жакында биздин мектепке кабыл алуунун шарттарын кенен-кесири айтып беребиз. Биздин жаңылыктарга назар салып туруңуздар! Калп жаңылыктардын курмандыгы болбогонго аракет кылыңыздар! Долбоорду Сорос-Кыргызстан” фондусунун колдоосу менен Factcheck.kg жана Медиа Өнүктүрүү Борбору командасы ишке ашырмакчы.",factcheck.kg,https://factcheck.kg/ky/obyavlyaem-zapusk-novogo-proekta-shkola-mediagramotnosti-i-czifrovoj-bezopasnosti/,,kyrgyz,1,1.0,https://factcheck.kg/ky/obyavlyaem-zapusk-novogo-proekta-shkola-mediagramotnosti-i-czifrovoj-bezopasnosti/,fact_check
d447d417-f675-4161-8501-5305d86cad19,Ашууда кар: Төө-Ашууда оор жүк ташуучу унааларга чектөө кирди,"Бүгүн, 11-февралда саат 09:00гө карата республиканын негизги ашууларында кар жаап жатат. Бишкек — Ош унаа жолунун Төө-Ашуу ашуусунда саат 03:40 дан тарта оор жүк ташуучу унааларга убактылуу чектөө киргизилди. Бул тууралуу Транспорт жана коммуникациялар министрлигинин маалымат кызматы билдирди. Маалыматка ылайык, учурда кар жаап жатат, тазалоо иштери тынымсыз жүрүүдө. Барскоон — Ак-Шыйрак унаа жолундагы Сөөк ашуусунда жана Каракол-Эңилчек унаа жолундагы Чоң-Ашуу ашуусунда күн бүркөк, каттам бар. Бишкек — Нарын — Торугарт унаа жолундагы Долон, Чар, Ак-Бейит, Кубакы ашуулары жана Боом капчыгайында күн бүркөк, жол кыймылы үзгүлтүксүз жүргүзүлүүдө. Ошондой эле Суусамыр — Талас — Тараз унаа жолундагы Өтмөк ашуусунда кар жаап, жолдо каттам бар.",24.kg,https://24.kg/kyrgyzcha/361482_ashuuda_kar_too-ashuuda_oor_juk_tashuuchu_unaalarga_chektoo_kirdi/,,kyrgyz,0,high,,news_site
e23f07ff-1c47-4d34-af8e-fef994fa85d3,"Алтайда жеке менчик социалдык борбордо 20 адам ууланып, алардын үчөө каза болду","Жабырлануучулар эмнеден ууланганын адистер тактап жатышат Алтай аймагынын Калистратиха айылында жергиликтүү социалдык жардам борборунда бир адамдын жансыз денеси табылган. Маалым болгондой, 19 адам белгисиз затка ууланып ооруканага жаткырылган. Алардын ичинен экөө ооруканада каза болгон. Тергөө комитети “Өмүрдүн жана ден соолуктун коопсуздугуна жооп бербеген кызмат көрсөтүү” беренеси боюнча кылмыш ишин козгоду. Жабырлануучулар эмнеден ууланганын адистер тактап жатышат.",vesti.kg,https://vesti.kg/kg/okuyalar/item/132967-altajda-zheke-menchik-sotsialdyk-borbordo-20-adam-uulanyp-alardyn-uchoo-kaza-boldu.html,2024-11-29T08:26:58+06:00,kyrgyz,0,high,,news_site
acef4c02-3226-4a8e-a3e9-530f08210e2f,Чек ара чырына байланыштуу фейктер тарады. Фактчек,"Биринчи сүрөт:Төмөндөгү сүрөт Тажикстандын “Ворух Ньюс” деп аталган “Инстаграм” баракчасында жарыяланып, интернет колдонуучулар кызуу талкууга алышты. Маалыматта Кыргызстандын Баткен районундагы айылдарынын бири өрттөнүп жатканыайтылат. Сүрөттү Google аркылуу издөө салсак, кытайлык бир канча маалымат булактары жазып чыкканына күбө болобуз. Сүрөттүн оргиналы 2021-жылдын 15-февралында интернетке жарыяланган.  Маалыматка караганда, өрт Кытайдын түштүк-батыш тарабындагы Юньнань провинциясынын Вендинг айылындаболгон. Экинчи сүрөт:Орусиянын айрым басылмалары Тажикстандын аймагына бир катар артиллериялык соккудан кийин тажик тараптын куралдуу күчтөрү Орусия белек кылган согуштук тик учактарды Кыргызстан менен чектешкен аймакка жиберген деп маалыматтараткан.",factcheck.kg,https://factcheck.kg/ky/kyrgyz-chek-ara-chyryna-bajlanyshtuu-fejkter-tarady-faktchek/,,kyrgyz,1,1.0,https://factcheck.kg/ky/kyrgyz-chek-ara-chyryna-bajlanyshtuu-fejkter-tarady-faktchek/,fact_check
3c0dc873-c5b4-49f7-b452-4c6c0c83b21b,"I believe the very limited regions of homology between#SARSCoV2spike and Syn1 are too short/imperfect to be of concern. A minimum of ~≥8-10 adjacent matching AAs, or ~≥12-15 AAs with ~≥66% homology are required for cross-immunity (Abs, CD8+ and CD4+). No region qualifies.— Prof Francois Balloux (@BallouxFrancois)December 2, 2020","17-июлда Жогорку Кеңештин депутаты Шайлообек Атазов Facebook социалдык тармагында коронавируска каршы эмдөө тууралуу бир нечебилдирүүжасады. Анын айтымында вакцина алуу менен илдетти жок кылууга эч кандай далилдер жок. Мындан тышкары, эл өкүлү вакцина тукумсуздукка алып келет деп жазган. Ал Саламаттык сактоо министрлигин коронавируска каршы күрөшүү үчүн башка ыкма сунуш кылуусун өтүнгөн. Атазов билдирүүсүнө далил катары Нобель премиясынын лауреаты Илья Ильич Мечниковдун: «бекем ден-соолук болсо, эмдөөнүн зарылчылыгы жок, ал эми ооруган жанга эмдөө өлүм коркунучун алып келет» деген сөзүн тиркеген. Factcheck.kg Атазовдун билдирүүсүн текшерип, ал чындыкка дал келберин аныктады. Вакцина организмди белгилүү бир инфекциянын козгогучуна – белгилүү бир вируска же бактерияга каршы күрөшүүгө даярдайт. Биринчиден, бул биздин иммундук системабызды, тышкы вирусту, бактерияны таанууга даярдайт. Экинчиден, ага каршы күрөшүүнү үйрөнүү үчүн антителолорду иштеп чыгууга мажбурлайт. Сиз эмдөө алганда оорубайсыз. Бирок айрым учурда эмдөөдөн кийин организмде реакция пайда болот: ийне сайган жердин оорушу (же шишип кетиши) же ал тургай дене табынын көтөрүлүшү. Андан соң ооруга каршы иммунитет пайда болот. Дал ушул себептен улам вакцина ар кандай оорулар менен күрөшүүчү эң натыйжалуу ыкма болуп саналат. Эмдөө ооруну айыктырбайт, эмдөө илдетти алдын алат. Дүйнөлүк саламаттыкты сактоо уюмунун маалыматына ылайык, эмделген организм эмделбеген организмге караганда коронавирус менен кыйла натыйжалуукүрөшөт. Эске салсак, XVIII кылымдан тарта дүйнө жүзү боюнча эмдөөнүн жардамы менен жүз миллиондогон адамдынөмүрүн сактоомүмкүн болгон. Учурда буга чейин бекитилген жана дүйнө жүзүндө кеңири колдонулган вакциналардан тышкары, окумуштуулар COVID-19га каршы жаңы потенциалдуу вакциналарды иштеп чыгуунуулантууда. Алардын бардыгы иммунитетти COVID-19 вирусун козгоочу вирусту коопсуз таанууга жана ага бөгөт коюуга үйрөтүүгө арналган. COVID-19 вакциналарынын коопсуздугун сактоого жардам бере турган көптөгөн катуу чараларбар. Бардык вакциналар сыяктуу эле, COVID-19 вакциналары да он миңдеген адамдардын катышуусу менен жүргүзүлгөн изилдөөлөрдү камтыган бир нече баскычтуу сыноодон өтөт. COVID-19 жуктуруп алуу коркунучу жогору болгон адамдарды камтыган бул сыноолор, ар кандай жалпы терс таасирлерди же башка коопсуздук маселелерин издөө үчүн атайын иштелип чыккан. Клиникалык сыноолордун натыйжалары чыккандан кийин, вакцинаны массалык түрдө элге жайылтуудан мурда  ченемдик укуктук актыларды жана коомдук саламаттыкты сактоо саясатын алуу үчүн натыйжалуулугун жана коопсуздугун карап чыгуу сыяктуу бир катар кадамдар жасалат. COVID-19 вакцинасы киргизилгенден кийин, ал күтүлбөгөн терс таасирлери үчүн ар дайым тыкыр көзөмөлгө алынып турат.",factcheck.kg,https://factcheck.kg/ky/zayavlenie-deputata-shajloobeka-atazova-o-vakczinaczii-i-ee-posledstviyah-lozh/,,kyrgyz,1,0.6,https://factcheck.kg/ky/zayavlenie-deputata-shajloobeka-atazova-o-vakczinaczii-i-ee-posledstviyah-lozh/,fact_check
2a289728-b837-4b28-b2f2-40213dba5b03,АКШ Европаны террористтик коркунучтардын очогу катары баалады,"БИШКЕК, 7-май — Sputnik.АКШнын терроризмге каршы күрөш боюнча жаңы стратегиясында Европа террористтик коркунучтардын очогу катары бааланды. Бул тууралуу америкалык жаңы стратегиялык документте айтылат. Анда “Европа олуттуу коркунуч алдында турат жана терроризмдин бутасы гана эмес, террористтик коркунучтарды жаратуучу аймакка да айланды” деп белгиленген. Ошол эле учурда Европа өлкөлөрү АКШ үчүн терроризмге каршы күрөштөгү эң маанилүү жана узак мөөнөттүү өнөктөштөр бойдон кала берери белгиленген. АКШ НАТОдогу “бай союздаш” Европа өлкөлөрү террористтерди каржылоо жана аларды азгырып тартуу борборуна айланып кетишине жол берилбеши керек деп эсептейт. Документте негизги көйгөй катары көзөмөлсүз миграция көрсөтүлгөн. Анда Европанын чек араларынын алсыздыгы жана атайын кызматтардын ресурстарынын жетишсиздиги континентти “америкалыктарга жана европалыктарга каршы чабуулдарды даярдоого ыңгайлуу аймакка” айлантканы белгиленген. Трамп Ормуз кысыгындагы кемелерди коштоп жүрүү миссиясы токтотулганын жарыяладыКечээ, 16:39",sputnik.kg,https://sputnik.kg/20260507/aksh-evropa-terrorizm-korkunuch-1101157959.html,12:47 07.05.2026,kyrgyz,0,high,,news_site
eedfd433-0978-4af5-941b-424a7a450857,Кыргызстанда катталган орусиялык Grinex криптобиржасы 1 млрд рубл уурдалганын билдирди,"Батыштын ""кара тизмесине"" киргизилген орусиялык Grinex криптобиржасы ири хакердик чабуулга туш болгонун, ага чет өлкөлөрдүн атайын кызматтары катышкан болушу мүмкүн депбилдирди. Маалыматка караганда, криптокапчыктардан орусиялык кардарлардын 1 млрд рублдан (13,10 миллион доллар) ашуун акчасы уурдалды. Биржа чабуул Орусиянын финансылык суверенитетине зыян келтирүүнү көздөгөн деп эсептейт. Чабуулдан кийин Grinex өз ишин убактылуу токтотууга аргасыз болгонун маалымдады. Бул тууралуу жазган ""Рейтер"" агенттиги биржанын билдирүүсүн көз карандысыз булактардан бышыктоо мүмкүн болбогонун белгилейт. Кыргызстанда жайгашкан биржага АКШ, Британия жана Еврошаркет санкция салган. 2024-жылы катталган Grinex криптобиржасында рублге теңме-тең байланган A7A5 аттуу стейблкоин жүгүртүүгө чыгарылган.Кыргызстанда катталган А7А5эл аралык криптовалюта базарында чоң көрсөткүчтөргө жетип, жылдык жүгүртүүсү 100 млрд долларга чукулдаганы быйыл март айында жарыяланган. Былтыр июнда Financial Times басылмасы өз иликтөөсүндө криптобиржа санкциялардан буйтоо үчүн Орусиядан Кыргызстанга жер которгонун, анын артында күмөн иштерде аты аталган молдовалык ишкерИлан Шортурарын билдирген. ""Азаттык"" Илан Шордун Орусиядагы А7 компаниясы Бишкекте “А7-Кыргызстан” аттуу компания ачып, “Олд Вектор” аттуу фирма аркылуу A7A5 аттуу токенди же стейблкоинди сатыкка чыгарганыниликтеп чыккан. Анда A7a5.kg сайтындагы маалыматка ылайык, алар 100 млрд рублге тете стейблкоинди сатышканы белгилүү болгон. Европа Биримдиги Орусиянын Украинага согуш ачканына каршы санкциялардын 20-пакетинде Кыргызстанга чара көрүү тууралуу жазылган. Алардын арасында “Керемет Банк”, “Капитал Банк” банктарын жана “ТенгриКоин” компаниясын да “кара тизмеге” киргизүү сунушун берген. Аталган банктарга ""криптоактивдер жана төлөм системалар жаатында кызмат көрсөтүп, Орусиянын Украинага каршысогушун колдогон"" деген кине коюлган. ""ТенгриКоин"" жабык акционердик коому Meer платформасы аркылуу А7А5 стейблкоинин сатууга активдүү катышканы, Орусиянын мамлекеттик “Промсвязбанкы”, А7 жана “Старый вектор” компаниялары менен кызматташканы айтылган. Кыргыз бийлиги Орусияга каршы салынган санкцияларды кыйгап өтүү боюнча кыргызстандык банктар менен компанияларга коюлган дооматтарды четке кагып келет.",azattyk.org,https://www.azattyk.org/a/33734334.html,2026-04-17T14:49:28+06:00,kyrgyz,0,high,,news_site
5467386c-24e1-4ac2-9042-6cb5d4b2e0b7,Royal central park – The Essence подсекциясынын курулушун баштоо – кошумча 5% жеңилдик,"Бишкекте Royal Central Park мегакомплексинин биринчи бөлүгү болгон The Essence подсекциясында 5 турак үйдүн курулушу башталып, сатып алуучулар үчүн 5% кошумча жеңилдик жарыяланды 2026-жылдын 3-мартындаRoyal Central Parkдолбоору мегашаардын башкы планынын алкагында ишке ашырылып жаткан биринчи бөлүк —The Essenceподсекциясынын курулушун расмий түрдө баштады. Бул окуя долбоордун өнүгүүсүндөгү маанилүү этапты гана белгилебестен, Бишкекте жаңы жашоо стандартынын башталышын билдирет. Бул жерде заманбап архитектура, комплекстүү инфраструктура жана эл аралык жашоо стили бир мейкиндикте айкалышат. 2026-жылдын 3-мартында The Essence аймагында 5 имараттын расмий түрдө курулушу башталды. The Essenceподсекциясынын курулушунун башталышына байланыштууRCA Livingкомпаниясы атайын жазгы акцияны да ишке киргизет:2026-жылдын 31-мартына чейин ийгиликтүү сатылган 60 батир үчүн кошумча 5% жеңилдиксунушталат (долбоордун башка учурдагы сунуштары менен бирге колдонулат). Бул программа сатып алуучулар жана инвесторлор үчүн долбоордун баштапкы этабында батирди пайдалуу шарттар менен сатып алууга жакшы мүмкүнчүлүк түзөт. Royal Central Park долбоорунун The Essence фазасындагы 5 турак үй башнясы — 29 кабаттуу 2 башня жана 42 кабаттуу 3 башня The Essenceкурулушунун башталыш аземи ошондой эле 2026-жылдын март айындаRoyal Central Parkөткөрө турган негизги иш-чаралардын сериясын ачат. 3-марттагы аземден кийин,2026-жылдын 14-мартындадолбоорПодсекция 1дин расмий курулуш баштоо аземин жана Lyra (Y3) жана Atlas (Y2) мунараларындагы батирлердин сатылышынын башталышынөткөрөт. Иш-чара түздөн-түзRoyal Central Parkдолбоорунун аймагында өтөт:Шаршен Термечиков көчөсү, 16, Бишкек, Кыргызстан. The Essence– Royal Central Parkтын эң уникалдуу подсекциясы, беш Y формасындагы мунарадан турат – бул заманбап дизайн чечими ар бир батирге максималдуу табигый жарык жана көрүнүш берүү үчүн иштелип чыккан. Бул өзгөчө структура батирлерге оптималдуу күн нуру жана табигый аба агымын камсыз кылат, ошондой эле микро-климат таасирин азайтат. Y формасы мунаралардын аралыгын көбөйтүп, жеке жашоонун купуялуулугун жана шаардык мейкиндикте кенен жашоо тажрыйбасын берет. All-in-one масштабындагы Royal Central Park шаардык комплексиндеги The Essence фазасынын ландшафттык бакчасы Архитектурадан тышкары, The Essence «бакчадагы шаар» катары пландалган, подсекциянын жалпы аянтынын 50% жашыл зона жана инфраструктура үчүн бөлүнгөн. Тургундарга жеке объекттерге кирүү мүмкүнчүлүгү берилет: грек стилиндеги ландшафттык бакчалар, бардык мезгилдерге ылайыкталган бассейн, фитнес борбору, коммерциялык подиумдар, асман бакчалары жана эл аралык стандарттар боюнча башкаруу. Бул толук интеграцияланган экосистема тургундарга жашоо, эс алуу жана саламаттыкты сактоо кызматтарын түз комплекс ичинде пайдаланууга мүмкүнчүлүк берет. Мурда, 2026-жылдын январь жана февраль айларында, Royal Central ParkLyra (Y3)жанаAtlas (Y2)мунараларынын сатууларын ийгиликтүү өткөрдү, бул сатып алуучулар жана инвесторлор тарабынан чоң кызыгуу жаратты. Айрыкча, 15–28-кабаттардагы батирлер панорамалык көрүнүшү, тынч чөйрөсү жана узак мөөнөттүү туруктуу баалуулугу үчүн өзгөчө суроо-талапка ээ болду. Жогорудагы батирлер өсүп келе жаткан шаарларда популярдуулугун жогорулатууда. Панорамалык көрүнүштөрдү жана таза мейкиндикти сунуштаган менен катар, жогорку кабаттагы батирлер баалуулугун жакшы сактап, убакыт өтүү менен баасын көбөйтөт. Бул мисалдар көрсөткөндөй, калктын кирешеси жана жашоо сапатына болгон талап жогорулаган сайын, интеграцияланган шаардык комплекстердеги жогорудагы батирлерге өтүү – табигый тенденция, жана Бишкек да акырындап ушул жолду басып жатат. Азыркы учурда Бишкек ушундай трансформацияны баштап жатат: заманбап, жакшы пландалган жана толук инфраструктурасы бар жашоо мейкиндиктерине суроо-талап өсүүдө. Чектелген көлөмдөгү чоң долбоорлор шартында, Royal Central Park сыяктуу «бардыгы бир жерде» мегакомплекстер жакынкы жылдары күчтүү өсүшкө ээ болот деп бааланууда. The Essence фазасындагы Lyra (Y3) корпусундагы батирдин интерьери The Essence13% чейин жеңилдиктер менен инвесторлорго Бишкектин турак-жай рыногунун баштапкы өсүү баскычынан пайда алуу үчүн кошумча стимул берет. Бул региондук рынок маалыматтары менен дагы бекемделет: Бул цифрлар көрсөтүп турат, шаардык рыноктор тез өнүгүп, сунуш чектелгенде, The Essence сыяктуу жогорку сапаттагы батирлер – оптималдаштырылган пландоо, интеграцияланган инфраструктура жана эл аралык стандарттар боюнча башкаруу менен – рыноктун өнүгүүнүн баштапкы этаптарында баалуулукту жогорулатуу үчүн чоң потенциалга ээ. 2026-жылдын март айындагы иш-чараларды улантуу менен, Royal Central Park 14-мартта долбоордун аймагында кийинки ири сатуулар окуясын өткөрөт. Бул сатып алуучулар жана инвесторлор үчүн өзгөчө мүмкүнчүлүк: ушул этапта сатып алынган батирлер 13% чейин жеңилдиктерге ээ болот жана жалпы наркы9 миллион KGSчейин баалуу белектерди алуу мүмкүнчүлүгүнө ээ. Акция 2026-жылдын 30-апрелине чейин катталган кардарларга колдонулат.",vesti.kg,https://vesti.kg/kg/zxc-kg/item/148673-royal-central-park-the-essence-podsektsiyasynyn-kurulushun-bashtoo-koshumcha-5-zhenildik.html,2026-03-09T17:48:37+06:00,kyrgyz,0,high,,news_site
7ef61760-79c0-42bd-a3ee-bde65f1c2fb7,Кемпир-Абад иши боюнча акталгандар Бишкекте түлөө өткөрдү,"Бишкекте 18-апрелде Кемпир-Абад иши боюнча жакында гана акталган 27 саясатчы, активист түлөө өткөрдү. Ага Адахан Мадумаров, Исмаил Исаков, Исхак Масалиев баштаган бир катар саясатчылар, укук коргоочулар жана акталгандардын жакындары катышты. Түлөө учурунда акталгандардын айрымдары мамлекеттин бүтүндүгү үчүн абакта отурушканын, бирок мамлекетти басып алуу же бийликти кулатуу максаты болбогонун белгилешти. Саясатчы Азимбек Бекназаров түлөө өткөрүү максаты абакта отурган кезде эле болгонун айтты. “Аман-эсен чыксак бир түлөө өткөрөбүз дегенбиз. Биз акталдык. Кыйынчылыкта турганда бизди 16 депутат колдоду. Журналисттер, блогерлер биз деп атып айрымдары да камалды. Бир жыл райондук сотто, 1,5 жыл шаардык сотто жабык каралды. Анда эмнелер болгонун силер көргөн жоксуңар, ыйладык, айрымдарыбызды сотко ооруп жаткан жеринен көтөрүп келип атышты. Кыргыз жеринде акыйкаттык болсун, биздин түлөө акыйкаттыктын түлөөсү болсун. Кемпир-Абад кетти, аны кайрый албайбыз. Эми Кемпир-Абадды илимпоздор, тарыхчылар изилдесин, бул тарыхта калсын”,-деди Азимбек Бекназаров. Кемпир-Абад суу сактагычынын жерин Өзбекстанга бербөө талабы менен чыккан жалпы 27 адам 2022-жылы күзүндө кармалып, камакка алынышкан. Аларга Ички иштер министрлиги (ИИМ) “Массалык башаламандыктар” жана “Бийликти күч менен басып алуу” беренелери менен иш козгоп, 2023-жылдын январында “жашыруун” деген гриф коюлган. Ишти ИИМтин Тергөө кызматы тергеп, ошол жылдын июнь айында сотко өткөргөн. Айыпталуучулардын баары коюлган кинени мойнуна алган эмес. Кармалган 27 кишинин ичинен сегизи тергөө абагында калып, калгандары түрдүү жагдайда эркиндикке чыккан. Айыпталуучулардын арасынан ден соолугуна байланыштуу дарыланып жаткандыктан саясатчылар Кеңешбек Дүйшөбаев менен Бектур Асановдун жана Жогорку Кеңешке шайлоого талапкер болгон Кубанычбек Кадыровдун иши өзүнчө каралды. Орозайым Нарматова менен Талантбек Эшалиевдин иши да өзүнчө өндүрүшкө алынган. 2024-жылдын 14-июнунда Биринчи май райондук соту 27 кишинин 22син актаган. Прокуратура каршы чыгып, шаардык сотко кайрылган. Шаардык сот быйыл 27-мартта 21 кишини актады. Райондук соттон акталган 22 кишинин бири - активист Илгиз Шаменовдун (Илгиз Сарылдык уулунун) иши ал ""катуу ооруп жатканына байланыштуу"" деген негиздеөзүнчө карамай болгон. Айыпталуучулардын арасынан азыркы тапта саясатчы Равшан Жээнбеков гана камакта, ал Кой-Таш окуясы боюнча өткөн жылдын июнь айында камакка алынган, бул айыпка байланыштуу соттук териштирүүсү аяктай элек. 2023-жылдын 27-январында Өзбекстандын президенти Шавкат Мирзиёевдин Бишкек сапары учурунда мамлекет башчы Садыр Жапаров эки коңшу өлкө чек ара маселесинде диалогго жана чечим кабыл алууга даяр экенин көрсөткөнүн белгилеген:""Чек ара маселелерине чекит коюу менен биз келечек муундарыбыздын туруктуу, ишенимдүү өнүгүүсү жана гүлдөп-өсүшү үчүн бекем пайдубалды түптөйбүз деп ишенем"". Ошол эле күнү тийиштүү келишимди ратификациялоо грамоталарын алмашуу жараяны ишке ашкан. (KS/ZКo)",azattyk.org,https://www.azattyk.org/a/33735046.html,2026-04-18T13:39:29+06:00,kyrgyz,0,high,,news_site
822efde1-d163-4df3-8e21-08972069e75e,Бишкек мэри оргумалардын жанындагы мажүрүм талдар кыйылбаганын билдирди,"Бишкек шаарынын мэри Айбек Жунушалиев борбор калаадагы оргумаларды оңдоо жана калыбына келтирүүиштери боюнча маалымат берип,30 жылдан бери жүрбөгөн оңдоп-түзөө жумуштары алып барылганын билдирди. Мэриядан билдиришкендей, Капиталдык курулуш башкармалыгы жүргүзүп жаткан иштердин алкагында Ала-Тоо аянтындагы “Күн балыгы”, Кыргыз улуттук академиялык опера жана балет театрынын жанындагы Театралдык сквердеги, Уркуя Салиева аянтындагы сквердеги жана Бишкек мэриясынын алдындагы фонтан комплекстери оңдолду. Мындан сырткары Токтогул Сатылганов атындагы Кыргыз улуттук филармониясынын алдында, Жаштар аллеясында, Абдрахманов жана Киев көчөлөрүнүн кесилишинде, “Аска-Таш” мемориалдык комплексинде, “Өкмөттүк” жана “Алтын балыктар” оргумаларында реконструкциялоо иштери жүргүзүлөрү маалымдалды. Мекеменин басма сөз кызматы 7-майда мэр Айбек Жунушалиевдинкыскача видеобилдирүүсүн да жарыялады. Анда калаа башчысы оргумаларды куруу маалында мажүрүм талдар кыйылбаганын айтып, 24.kg басылмасы бул жөнүндө туура эмес маалымат таратканын кеп кылды. Жунушалиев тасмада талдардын ичи куурап калганын көрсөтүп, алар кыйылса туура болмогун, бирок жалпыга маалымдоо каражаттарындагы сын-пикирлерден бул иштерди аткаруу мүмкүн болбой жатканын айтты. Мэр ошол эле маалда талдардын бир бөлүгүнүн ордуна жаңы мажүрүм талдар отургузулганын көрсөтүп, ал жердеги дарактар кыйылган-кыйылбаганын тактаган жок. Бишкек шаардык мэриясы буга чейин шаардын борбордук бөлүгүндөгү оргумаларды оңдоп баштаганын жарыялаган. Апрелдин башында24.kg басылмасыТеатралдык сквердеги фонтандарды оңдоонун алкагында анын жанындагы мажүрүп талдар кыйылганын белгилеп, сүрөттөрүн жарыялаган. Маалымат коомчулукта талаш-талкууларды жараткан. Жаңыланганоргумалар 29-апрелдеачылды. (ErN)",azattyk.org,https://www.azattyk.org/a/33751872.html,2026-05-07T16:07:58+06:00,kyrgyz,0,high,,news_site
139fa16b-da22-4c36-9bc8-b481ed83069d,Ажылыктын талаптары кандай өзгөрдү — ажылыкка 6060 кыргызстандык барат,"2025-жылдагы ажылык сапарына даярдыктар кызуу жүрүп жатат. Быйыл Кыргызстан үчүн 6060 квота бөлүнүп, миңдеген жарандар ыйык сапарга аттанганы турат. Сауд Арабиясы коопсуздук талаптарын кескин күчөтүп, ажылыкка уруксатсыз кирүүгө тыюу салуу, катуу көзөмөл жана жаңы эрежелерди киргизди. Бул чаралар зыяратчылардын коопсуздугун камсыздоо жана элдин ашыкча топтолушун алдын алуу максатын көздөйт. Исламдагы эң чоң ибадаттардын бири болгон ажылыкка даярдык тууралуу Кыргызстан мусулмандарынын дин башкармалыгынын ажылык бөлүмүнүн башчысы Давранбек Жунусалиев жана муфтияттын ажылык бөлүмүнүн адиси Абдулазиз Туташбаев жооп берди.",sputnik.kg,https://sputnik.kg/20260507/1101155254.html,09:04 07.05.2026(Жаңыртылды:09:16 07.05.2026),kyrgyz,0,high,,news_site
cf0d3046-a62c-435a-acff-c42671fae5fd,​Коронавируска каршы вакцина сайылат деген маалымат — фейк,"WhatsApp түйүнү аркылуу “Коронавируска вакцинация жасоо үчүн ар бир үйгө келип укол сайып кетээри айтылып жатат.ПолитКлиникамедиасы бул маалыматты текшерип көрдү. Маалыматта мындай деп айтылат: “Биринчи күндөн баштап үй кыдырып, вакцина саят экен. Балдарга да, өзүңөр да албагыла. Биз жактагылар полный отказ кылышты. Себеби, 3 айдан кийин же 2 айдан кийин вакцина алган киши сөзсүз өлөт экен. Ошону албагыла. Тууган-уруктарга жеткирип койгула. Аны кытайлар жөнөтүптүр, дарысын таптык деп. Ошол кытайлар кыргыздарды кырып, дүйнө жүзүндөгү элдерди жок кылышы керек экен”. Дагы башка аудио билдирүүдө бул еврейлердин планы экени айтылып жүрөт.",factcheck.kg,https://factcheck.kg/ky/kyrgyz-%e2%80%8bkoronaviruska-karshy-vakczina-sajylat-degen-maalymat-fejk/,,kyrgyz,1,0.88,https://factcheck.kg/ky/kyrgyz-%e2%80%8bkoronaviruska-karshy-vakczina-sajylat-degen-maalymat-fejk/,fact_check
15e8daec-e419-4491-8b01-ab086c112564,13-январга карата аба ырайы,"Кыргызгидромет кызматы билдиргендей, 13-январга караган түнү Ысык-Көл облусунун айрым жерлеринде кар жаашы күтүлөт, калган аймактарда жаан-чачын болбойт, ал эми күндүз жаан-чачын күтүлбөйт. Абанын температурасы: Чүйдө түнкүсүн −1...+4 күндүз 11...16 Таласта түнкүсүн 0...-5 күндүз 8...13 Баткенде түнкүсүн −3...+2 күндүз 9...14 Ош, Жалал-Абад облустарында түнкүсүн −3...+2 күндүз 9...14 Ысык-Көлдө түнкүсүн −3...-8 күндүз 1...6 Нарында түнкүсүн −21...-26 күндүз −9...-14 Бишкекте түнкүсүн −1 ...+1°, күндүз 14...16° болот.",24.kg,https://24.kg/kyrgyzcha/357533_13-yanvarga_karata_aba_yirayyi/,,kyrgyz,0,high,,news_site
e7299f96-ff79-42ff-af90-c063a0707e4e,Баткен облусундагы үйлөрдүн курулушу. Абал кандай? [split],"Мамкурулуштун басма сөз кызматы билдиргендей, маалыматтар такай жаңыланып турат, ал эми бул парламенттеги билдирүү мурда жасалган. Баткен облусундагы Баткен жана Лейлек райондорунда куралдуу жаңжал учурунда 27 социалдык объекти жабыр тартканы аныкталган. Алар: 12 мектеп, 9 бала бакча, 6 Фельдшердик-акушердик пункт (ФАП). 25-ноябрга карата 27 объектинин 9унда капиталдык ремонт иштери аяктаган: Бир объект Мамкурулуштун каржылоосунда. Анда республикалык бюджеттин эсебинен капиталдык ремонт иштери жүргүзүлүүдө. Аны айдын аягына чейин бүтүрүү пландалган. 15 объектиде курулуш жана капиталдык ремонт иштери жүргүзүлүүдө, алар: 8 мектеп, 3 бала бакча, 4 саламаттык сактоо объектиси. Бул иштер донорлордун эсебинен жүргүзүлүп жатат. Бул донор Коомчулукту өнүктүрүү жана инвестициялоо агенттиги (АРИС). Дагы бир объектиде капиталдык ремонт иштери “Альфа-Телеком” ЖАК (MegaCom соода маркасы, мамлекеттик үлүш 100%) тарабынан каржыланууда. Башка объектини ким каржылай тургандыгы аныктала элек. Тыянак:413 турак жай курулуп бүтө элек, дагы жети объект “талаштуу, аларда курулуш иштери эмес, оңдоо иштери жүргүзүлүшү мүмкүн”. 27 социалдык объекттинин тогузунда капиталдык ремонт иштери аяктаган. Эскерте кетсек, президент кыштын суугу түшкөнгө чейин жабыр тарткан үйлөрдү калыбына келтирүүнү, ал эми толугу менен талкаланган үйлөрдүн ордуна жаңы үйлөрдү салууну тапшырган.",factcheck.kg,https://factcheck.kg/ky/stroitelstvo-domov-v-batkenskoj-oblasti-chto-proishodit/,,kyrgyz,1,0.67,https://factcheck.kg/ky/stroitelstvo-domov-v-batkenskoj-oblasti-chto-proishodit/,fact_check
8090c5db-5517-439b-9c5f-a16cafbb6944,Пайдалуу кеңеш: Бактылуу болуунун жолдору,"Энрике Рохас — белгилүү испан психиатры, психиатрия жана медициналык психология профессору. Ал Мадрид шаарындагы Рохас-Эстапе психиатрия институтунун директору жана психикалык ден соолук, мотивация жана бакыт боюнча көптөгөн китептердин автору. Ал «Бакыттын химиясы» жана «Сезимдериңизди түшүнүү» сыяктуу бестселлерлерди жазган, анда ал ички тынчтыкка жетүү үчүн практикалык кеңештер менен бөлүшөт. Анын мамилеси эрк күчүн, өткөндү кечирүүнү жана жашоону пландаштырууну гармониянын негизи катары баса белгилейт. Китептер бир нече тилге, анын ичинде орус тилине которулуп, психологдор жана жалпы коомчулук арасында белгилүү. El Economista басылмасына берген маегинде Энрике Рохас бактылуу болуу үчүн 7 кеңеш сунуштайт. 1-кеңеш: Өткөндү унутуңуз Каталарыңыз үчүн өзүңүздү кечирип, мурунку ийгиликсиздиктер менен элдешүүдөн баштаңыз. Өткөндү өзгөртүүгө болбойт, бирок таарынычтарды кармап туруу кубанычка алып баруучу жолду тосот — алдыга жылуу үчүн алардын баарын коё бериңиз. 2-кеңеш: Жүрөгүңүздү жана акылыңызды тең салмактаңыз Эмоцияларды логика менен айкалыштырууну үйрөнүңүз: жүрөк илхам берет, акыл туруктуулукту камсыз кылат. Алар гармонияда болгондо, жашоо ырааттуу жана башаламандыктар аз болуп калат. 3-кеңеш: Позитивдүү көз карашты өнүктүрүңүз Ар бир кырдаалда жакшы жагын издеңиз — бул сокур оптимизм эмес, мүмкүнчүлүктөргө көңүл буруу жөндөмү. Психиатр адистери көбүнчө бейтаптарга «көңүлүн» ушундай жол менен бурууга жардам беришет. 4-кеңеш: Эркти өнүктүрүңүз Адистин айтымында, күчтүү эрк «психологиянын бермети»: ал бекем, ырааттуу жана тоскоолдуктарды жеңүүгө жардам берет. Аны күн сайын кичинекей кадамдар менен машыктырыңыз. 5-кеңеш: Жашоо планын түзүңүз Сүйүүнү, жумушту, маданиятты жана достукту камтыган жашоо планын түзүңүз — пайдасыз нерселерден алыс болуңуз. Бул «тетралогия» багыт жана канааттануу сезимин берет. 6-кеңеш: Ички тынчтыкты табыңыз Улгайганда бакыт тынчтыкта болот, толкунданган эмоцияларда эмес. Тынчтык акыл-эс жана чындыкты кабыл алуу аркылуу келет. 7-кеңеш: Иллюзиялар жана максаттар менен жашаңыз Кыялдарды эскерүүлөр менен алмаштырбаңыз — артка кылчайгандар картаят. Максаттарды жана пландарды келечек үчүн сактаңыз: иллюзия (жакшы мааниде) мотивациянын кыймылдаткычы болуп саналат.",24.kg,https://24.kg/kyrgyzcha/367725_paydaluu_kenesh_baktyiluu_boluunun_joldoru/,,kyrgyz,0,high,,news_site
91b3220a-e0b6-4ed0-ba43-efc1abe78ddc,"Ак-Буура жээгиндеги ""Байсан"" рестораны жана башка жайлардын ордуна сейил бак курулат","Оштун мэри Жанарбек Акаев 6-майда шаардагы Ак-Буура дарыясынын боюнда, корук аймакка курулган мыйзамсыз объектилер бузулгандан кийин алардын ордуна сейил бак куруларын билдирди. ""Коомчулуктун пикирин эске алдык. Буга чейин курулуштары бузулган ишкерлер болгон. Баарына бирдей мамиле кылуу максатында биз булар менен сүйлөшүү жүргүздүк, ""силерге балким кенемте берели, башка жактан орун алмашалы"" деп. Бирок сүйлөшүүлөрдөн натыйжа чыкпай атты. Бул жерди көрүп атасыңар, корук аймак. Корук аймакка жакын. Техника иштеп атканын көрүп атасыңар. Биз бул жерди 10 гектардан ашуун парк кылабыз. Бул мамлекеттик муктаждык. Бул жерде жашаган миңдеген адамдарга парк жетишпейт. Жакшынакай кылып веложол, гүл борбору, пляж кылып беребиз. Элдин баары ""эмне үчүн буларга таандык имарат бузулбайт да, башкалардыкы бузулат, бирдей мамиле болуш керек"" деп айтып жатышат. Албетте, кафенин ээлери сотко беребиз деп жатышат. Сотто мэрия элдин укугун, шаардыктардын укугун коргойбуз"", - деди ал. Мэрия 6-майдын кечинде аталган дарыянын жээгиндеги «Байсан» ресторанынын түрттүрүлүп жаткан видеосун жарыялаган. Ресторанга байланыштуу аты аталган парламенттин мурдагы төрагасы Акматбек Келдибеков Фейсбуктагы баракчасына 6-майда жазган билдирүүсүндө имараттын ага тиешеси жок экенин, ээси жеңеси Адалат Абдибаитова экенинбелгилеген. Былтыр Ош шаарынын мэриясы ""Байсан"" Акматбек Келдибековго таандык экенин билдирген. Саясатчы анда комментарий берген эмес. 6-майдагы постунда Келдибеков Ош шаарынын мурдагы мэри Жеңишбек Токторбаев жогорудагы «маалымат жалган экенин айтып, андан кечирим сураганын» жазган. Мэриянын билдирүүсүндө, “Байсан” рестораны дарыянын 50 метр корук зонасына кирип кеткен. Сууну коргоочу зоналар жана суу объект тилкелери тууралуу өкмөттүн 1995-жылы 7-июлунда чыккан №271 токтомунун негизинде жобо кабыл алынган. Ага ылайык, узундугу 10 чакырымдан 50 чакырымга чейин созулган дарыялардын суу коргоочу зоналары 75 метр деп жазылган. Ак-Буура дарыясынын узундугу 17 чакырымды түзгөнүнө карабай корук аймагы 50 метрге кыскарган.",azattyk.org,https://www.azattyk.org/a/33751416.html,2026-05-07T00:38:08+06:00,kyrgyz,0,high,,news_site
2a53b4e7-9aa0-4414-8fa1-0149c9fcf8c7,Министрлик Таш-Рабатты оңдоо иштери боюнча маалымат берди,"Маданият, маалымат жана жаштар саясаты министрлиги Нарын облусунун Ат-Башы районунда жайгашкан орто кылымдарга таандык Таш-Рабат кербен сарайында жүрүп жаткан иштер тууралуу маалымат таратты. Аталган мекеме тарыхый жайды кайрадан оңдоп, реставрациялоо иштери боюнча социалдык тармактарда туура эмес маалымат жүрүп жатканын белгиледи. Министрлик тараткан маалыматка караганда, реставрация “Тарыхый-маданий мурастарды коргоо жана пайдалануу жөнүндө” мыйзамына жана эл аралык илимий талаптарга ылайык жүргүзүлүүдө. “Кыргызреставрация” илимий-изилдөө институту тарабынан атайын илимий долбоор даярдалып, жергиликтүү жана чет өлкөлүк адистердин катышуусунда бир нече илимий кеңешмелер жана жеринен изилдөөлөр өткөрүлгөн. Тосмо жана чатыр реставрацияны коргоо үчүн орнотулган убактылуу чаралар деп баса белгилейбиз”, - деп жазылган маалыматта. Убакылуу чатыр мал-жандыктардан коргоо, жаан-чачындын тийгизген таасирин азайтуу жана адистерге ыңгайлуу шарт түзүү үчүн орнотулганын, конструкциялар реставрация аяктаганда алынары белгиленген. Социалдык тармактарда Таш-Рабат кербен сарайын оңдоо иштери боюнча талкуу жүрүп, жасалма интеллект аркылуу жасалган көрүнүшүн жарыялашкан. Соцтармактын колдонуучулары кербен сарайдын тарыхый көрүнүшү сакталышы керектигин жазышкан. Республикалык маанидеги тарыхый жана маданий эстеликтердин мамлекеттик тизмесинде турган Таш-Рабат кербен сарайында акыркы жолу XX кылымдын 70-80-жылдарында реставрациялоо иштери жүргүзүлгөн. Таш-Рабат 2024-жылдан тартып Маданият, маалымат жана жаштар саясаты министрлигинин карамагында турат. Буга чейин ал жергиликтүү өз алдынча башкаруу органын карамагында болгон. XV кылымга таандык делген кербен сарайда Борбордук Теңир-Тоо аркылуу өткөн Улуу Жибек жолундагы кербенчи-саякатчылар тейленген. Кербен сарай жалпак таштардан ылайга олтургузуп тургузулган. Анын бийиктиги 20 метрдей, 31 бөлмө бар экени айтылып келет. (КЕ)",azattyk.org,https://www.azattyk.org/a/33750973.html,2026-05-06T12:05:15+06:00,kyrgyz,0,high,,news_site
d50cf7da-1324-4f97-8f04-dec2f9cc23b0,Апта башында Бишкекте жаан-чачын күтүлбөйт. 16-18-мартка карата аба ырайы,"Аптанын башында Бишкекте жаан-чачын күтүлбөйт. Бул синоптиктердин алдын ала божомолу. 16-марттаасман жарым-жартылай булуттуу болот деп күтүлүүдө. Түнкүсүн температура −2 градус Цельсий болот деп күтүлүүдө. Күндүзгү эң жогорку температура 11 градус Цельсийге жетет. 17-18-марттааба ырайы ачык болот. Температура түнкүсүн −1 градус Цельсийге чейин төмөндөп, күндүз 12 градус Цельсийге жетет.",24.kg,https://24.kg/kyrgyzcha/366051_apta_bashyinda_bishkekte_jaan-chachyin_kutulboyt_16-18-martka_karata_aba_yirayyi/,,kyrgyz,0,high,,news_site
06b76cb0-df46-4850-bb84-3d72523a655b,Оштогу жаңы базардын директору кармалды,"Оштогу жаңы базардын директору кармалды. Бул тууралуу Шаардык милициянын басма сөз кызматы 24.kg агенттигине тастыктады. Маалыматка ылайык, ал пара алгандыгы үчүн кармалган. Учурда тергөө амалдары уланууда. Укук коргоо органдарынын кызматкерлери иштин кошумча чоо-жайы тергөөнүн кызыкчылыгы үчүн азырынча жарыяланбай турганын белгилешти. Паранын суммасы жана иштин жагдайлары тууралуу маалымат кийинчерээк берилет.",24.kg,https://24.kg/kyrgyzcha/368795_oshtogu_janyi_bazardyin_direktoru_karmaldyi/,,kyrgyz,0,high,,news_site
1e704994-c83e-43d7-abdc-9b3745a59f37,Кыргызстан кайра иштетүү өнөр жайында өсүш байкалууда,"Кыргызстанда кайра иштетүү өнөр жайын өнүктүрүү багытында системалуу иштер жүргүзүлүп, тармакта туруктуу өсүү динамикасы байкалууда. Бул тууралуу Суу ресурстары, айыл чарба жана кайра иштетүү өнөр жайы министрлиги билдирди. Маалыматка ылайык, отчеттук мезгилде республикадагы кайра иштетүүчү өнөр жай продукциясынын жалпы көлөмүндө тамак-аш өнөр жайынын, анын ичинде суусундуктарды жана тамеки буюмдарын өндүргөн ишканалардын үлүшү 18,8 % түзгөн. Алдын ала эсептөөлөр боюнча, 2026-жылдын январь айында айыл чарба продукциясын кайра иштетүүчү өнөр жай ишканалары тарабынан 8 091,6 млн сом суммасында тамак-аш азыктары, суусундуктар жана тамеки буюмдары өндүрүлгөн. Физикалык көлөмдүн индекси 113,6 % түзүп, тармакта оң динамика байкалганын көрсөтүүдө. Кайра иштетүү өнөр жайын мындан ары өнүктүрүү максатында министрлик тарабынан 2026-жылга карата план иштелип чыгып, анын алкагында 75 кайра иштетүүчү ишкананы жана соода-логистикалык борборлорду ачуу каралган. Бүгүнкү күндө өлкө аймагында 3 кайра иштетүүчү ишкана жана 1 соода-логистикалык борбор ишке берилди: — «Золотой Орех» ЖЧК — кубаттуулугу 500 тонна, мөмө-жемиштерди шоктук тоңдуруу жана сактоо үчүн каралган. Министрлик тарабынан өлкөнүн аймактарында кайра иштетүүчү ишканаларды жана логистикалык инфраструктураны өнүктүрүү боюнча иштер 2026-жылга каралган планга ылайык улантылат.",24.kg,https://24.kg/kyrgyzcha/365637_kyirgyizstan_kayra_ishtetuu_onor_jayyinda_osush_baykaluuda/,,kyrgyz,0,high,,news_site
03c576a5-e47c-44ea-9771-3a448fd3c923,Рим папасынын Ротшильдге сый көрсөткөнү жалган [split],"“Франциск папасынын Яд ва-Шемге болгон сапарынын учурунда президент Шимон Перес, премьер-министр Биньямин Нетаньяху,  Яд ва-Шемдин жетекчиси Авнер Шалев жана  Яд ва-Шем Кеңешинин жетекчиси раввин Исраэль Меир Лау коштогон. Папа мемориалдык  аземге катышып, Холокостто тирүү калган 6 адам менен саламдашты. Мындан тышкары, ал сөз сүйлөп,  Яд ва-Шем мейман китебине жазуу калтырды. Эскерүү аземинде Папа өчпөс отту кайрадан жандандарып, Холокост курмандыктарын эскерип, гүлчамбар койду”. Маалыматка ылайык, бул иш-чарага Ротшильддердин үй-бүлөсүнүн бир да өкүлү катышкан эмес. Ал эми Рим папасы Холокост курмандыктарына ушундай жаңсоо менен сый көрсөткөн. Белгилей кетсек, бул тасмадагы окуяны бурмалоонун алгачкы аракети эмес. Тасмадагы кадрларды буга чейин фейк жаратуучулар пайдаланып, Рим папасы Рокфеллердин колун өптү деп маалымдаган. Жыйынтык: Фейк. Тасмада Франциск Рим папасы Холокосттон аман калгандардын бирине сый көрсөтүп колун өпкөн. Окуяга Ротшильддердин тиешеси жок.",factcheck.kg,https://factcheck.kg/ky/papa-rimskij-czeluet-ruku-rotshildu-nepravda/,,kyrgyz,1,0.92,https://factcheck.kg/ky/papa-rimskij-czeluet-ruku-rotshildu-nepravda/,fact_check
4bf5a42b-e4ce-4dde-a860-0aac87b5f382,Мелис Мырзакматовдун сөзү кантип бурмаланды?,"Социалдык тармактарда Мелис Мырзакматовдун “Сооронбай аканы жаман иштеген үчүн эмес, Сооронбай аканы түштүктүк болгону үчүн кууп атат” деп сүйлөгөн сөзү Сооронбай Жээнбековго  колдоо көрсөткөн таризде тарады. Бирок бул видеонун үзүндүсү гана. Factcheck.kgМырзакматовдун сүйлөгөн сөзүн толук угуп чыгып, жогоруда айтылган цитата контексттен алынып, бурмаланганын аныктады: “2010-жылы да ушундай болгон. Революция кылымыш болуп, кресло талашып ал жерде мушташышкан. Азыр да кресло талашып, бир партия бир жерге койсо, аркасынан бир сааттан кийин башка партия башкасын койгон. Булар элди ойлобой, ресурс үчүн бул кадамдарга барып атат.",factcheck.kg,https://factcheck.kg/ky/manipulyacziya-slovami-melisa-myrzakmatova/,,kyrgyz,1,0.69,https://factcheck.kg/ky/manipulyacziya-slovami-melisa-myrzakmatova/,fact_check
82e12d43-bfc9-4403-a695-811c000a56b0,Экс-депутат Сатыбалдиев коомдук жайда тамеки чеккени үчүн айыпка жыгылды,"Жогорку Кеңештин мурдагы депутаты Элмурза Сатыбалдиев 1-майда Өзгөн шаарындагы борбордук стадиондо майрамга карата уюштурулган иш-чарада тамеки чеккени үчүн 3000 сом айыпка жыгылды. Бул тууралуу Ош облусунун ички иштер башкармалыгы билдирди. Элмурза Сатыбалдиев 2007-2009-жылдары башкы прокурор болгон. 2021-жылы Жогорку Кеңештин VII чакырылышына өткөн шайлоодо №12 Өзгөн шайлоо округунан катышып, депутат болуп шайланган. Ушул жылдын март айында Бишкектеги Токтоболот Абдумомунов атындагы кыргыз драма театрынын имаратынын алдында тамеки чеккени үчүн ички иштер министри Улан Ниязбеков даайыпка жыгылган. Коомдук жайларда тамеки тартууга тыюу салган мыйзам 2021-жылы иштей баштаган. Ага ылайык, тыюу салынган жерлерде чылым чеккендерге 3000 сом айып пул салынат. (BTo)",azattyk.org,https://www.azattyk.org/a/33747521.html,2026-05-02T09:12:02+06:00,kyrgyz,0,high,,news_site
3d89701b-638d-4acf-8af4-6ae537bba621,Эркин күрөш: Азия чемпионатында кыргыз балбандары төрт коло байгеге ээ болушту,"12-апрелде Бишкекте жыйынтыкталган күрөш боюнча Азия чемпионатында эркин күрөш боюнча таймаштарда кыргызстандык балбандар төрт коло байгеге ээ болушту. Дүйнөлүк күрөш уюмунун расмий сайтындагы маалыматка таянсак, кыргызстандык балбандардан коло медалга Абдумалик Карачов (57 кг чейин ), Эрназар Акматалиев (70 кг чейин), Жакшылык Байташов (79 кг чейин) жана Яков Чаплин (92 кг чейин) ээ болду. Командалык эсепте Кыргызстандын эркин күрөш боюнча улуттук курама командасы 102 упай топтоп, 5-орунду ээледи. 1-орунду Иран (178 упай, 4 алтын, 1 күмүш, 3 коло), 2-орунду Индия (162 упай, 2 алтын,3 күмүш, 2 коло ), 3-орунду Жапония (127 упай, 3 алтын) курамасы ээледи. Күрөш боюнча Азия чемпионаты 6-апрелден 12-апрелге чейин Бишкектеги “Жаштык Арена” спорттук комплексинде өттү. Ага 20га жакын өлкөдөн 350дөй балбан катышып, 30 комплект медал ойнотулду. Грек-рим күрөшү боюнча таймаштарда Кыргызстандын улуттук курама командасы төрт алтын байге алып, 153 упай менен командалык эсепте 2-орунду ээледи. Алтын байгелерге Автандил Таалайбек уулу (63 кг чейин), Акжол Махмудов (77 кг чейин), Асан Жанышов (87 кг чейин) жанаРаззак Бейшекеев67 кг чейин) ээ болду. Кыз-келиндер күрөшүнөн Кыргызстандын эсебине бир алтын, бир күмүш жана эки коло байге жазылды. Алтын байгеге Мээрим Жуманазарова (68 кг чейин) ээ болсо, Айпери Медет кызы (76 кг чейин) күмүш медал алды. Коло байгелерге Гүлнура Таштанбекова (65 кг чейин) менен Нурзат Нуртаева (72 кг чейин) ээ болушту. Командалык эсепте 115 упай топтоп, Кыргызстандын кыз-келиндер күрөшү боюнча курама командасы 4-орунду алды. 1-орунда Кытай (205 упай, 5 алтын, 1 күмүш, 4 коло), 2-орунда Жапония (191 упай, 3 алтын, 4 күмүш, 2 коло), 3-орунда Монголия курамасы (126 упай, 1 алтын, 1 күмүш, 3 коло) жайгашты. (ECh)",azattyk.org,https://www.azattyk.org/a/erkin-kueroesh-aziya-chempionatynda-kyrgyz-balbandary-toert-kolo-baygege-ee-bolushtu/33730613.html,2026-04-13T09:40:43+06:00,kyrgyz,0,high,,news_site
911ae089-2a1f-438d-989c-65aa9c8194a7,Россияда 1 февралдан баштап YouTube жабылабы? [split],"kg бул маалыматты текшерип көрдү. Издөө системаларынын жардамы менен жогорудагы жаңылыкты 2020-жылдын 14-декабрында бизге белгилүү болгонPanorama.pub сатиралык сайты жарыялаганын аныктадык. Эске салсак, Panorama.pub сайтында жарык көргөн бардык жаңылыктар тамаша иретинде ойлоп табылат. Тиешелүү билдирүү сайттажазылган. Жыйынтык: фейк. Жаңылык сатиралык Panorama.pub сайтында жарыяланган.",factcheck.kg,https://factcheck.kg/ky/youtube-zapretyat-v-rossii-s-1-fevralya-2021-goda-nepravda/,,kyrgyz,1,0.6,https://factcheck.kg/ky/youtube-zapretyat-v-rossii-s-1-fevralya-2021-goda-nepravda/,fact_check
e9839cbb-db5a-4072-b391-d92ca7ea5b27,"Орусиянын ""көзөмөл реестрине"" кирген кыргыз жарандарынын саны 93 миңден ашты","Кыргызстандын 93 миң 693 жараны Орусиянын көзөмөл реестрине киргизилген. Бул 2026-жылдын 12-мартындагы маалымат экенин Кыргызстандын Орусиядагы элчилигинин консулдук бөлүмүнүн башчысы Бакыт Асаналиев ""Акипресс"" агенттигине берген маегинде билдирди. Анын айтымында, реестрге кирген жарандардын саны улам өзгөрүп, система жаңыланып турат.Башкы консул Орусиянын аймагында жүргөн Кыргызстандын жарандарын миграциялык мыйзамдар менен жакшылап таанышууга чакырды. Анын белгилешинче, ушул тапта бул өлкөдө 472 миңден ашуун кыргызстандык иштеп жүрөт. Алардын 268 миң 460ы миграциялык каттоодо турат.Орусияда 2024-2025-жылдары миграциялык мыйзамдар катаалдаша баштады. Былтыр 5-февралдан тартып чет элдик жарандар үчүн “көзөмөлгө алынгандардын” реестри иштей баштаган. Тизмеге илинип калгандардын укуктары кескин чектелет.ТИМ 2025-жылдын январына карата расмий маалымат боюнча 608 миңден ашуун кыргызстандык жаран чет өлкөлөрдө миграцияда жүрөрүн, анын 376 миңи Орусияда миграциялык каттоого алынганын маалымдаган. (КЕ)",azattyk.org,https://www.azattyk.org/a/33736964.html,2026-04-21T14:03:17+06:00,kyrgyz,0,high,,news_site
70ba7586-cdbc-4d64-af79-7c1a9b46c4ff,Москва менен Санкт-Петербургда 9-майга чейин мобилдик интернет өчүрүлөт,"Beeline уюлдук оператору абоненттерине 5-майдан 9-майга чейин Москвада мобилдик байланыш жана SMS чектөөлөр болору тууралуу билдирүү жөнөттү. Бул тууралуу “Ведомости”, “Новая газета Европа” жана журналист Ксения Собчак жазды. Beeline Интернетке туташуу үчүн Wi-Fi, чалуулар үчүн VoLTE функциясын колдонууну сунуштады. Башка ири операторлор бул маалымат боюнча комментарий беришкен жок. ASTRA ушундай эле билдирүүнү МТСтин абоненттери дагы алганын кабарлады. Санкт-Петербургдун жашоочуларына да мындай билдирүү келгенин “Бумага” жазды. Чектөөлөр тууралуу буга чейин Би-би-синин орус кызматы өз булактарына таянып жазган, кийин ушундай эле маалыматты “Коммерсант” жарыялады. Март айында москвалыктар Интернеттеги жана мобилдик байланышта чектөөлөр болуп жатканына арызданып чыгышкан. Апрелде орус президенти Владимир Путин Санкт-Петербургга барганда жашоочулар ушундай эле нааразылыгын билдирген. Быйыл 9-майда Орусиянын борборундагы Жеңиш парады кыскартылган форматта өтөт. Ага аскер техникасы, курсанттар жана башка аскер кызматкерлери катышпайт. Бийлик муну оперативдүү кырдаалга байланыштырды. Украиналык учкучсуз учактар дээрлик күн сайын Орусиядагы объектилерге чабуул коюп жатат.",azattyk.org,https://www.azattyk.org/a/33750077.html,2026-05-05T10:44:26+06:00,kyrgyz,0,high,,news_site
656457df-a5eb-48c0-98c1-4857e703e446,Дүйнөнү Ротшильд аттуу жаран башкарат деген маалымат — фейк [split],"Rothschild Groupкомпаниясынын жылдык отчетуна ылайык, 2019-жылы жалпы киреше  875 миллион еврону түзгөн. Ошол эле учурда дүйнөдө эң ири дүң жана чекене сооданы жүргүзгөн  Walmart компаниясынын кирешеси514,4 миллиарддоллар болгон. Мындан тышкары,Forbesтизмегине да көз чаптырып көрөлү. Бул тизмекке Ротшильддер үй-бүлөсүнүн эки мүчөсү кирген, алардын жалпы кирешеси 3,5 миллиард доллар. Династиянын мүлкү тууралуу башка булактарда такталган маалымат эмес, жалаң божомолдор ганатабылды. Белгилей кетсек, 2012-жылы 96 жаштагы (учурда көз жумган) Дэвид Рокфеллер жана 76 жаштагы Джейкоб Ротшильд капиталдарын бириктирип, активдерди башкарчу баасы 40 миллиард долларды чапчыганкомпанияныбиргеликте ачкан. Ал эми жүздөгөн триллион долларлар тууралуу ишенимдүү маалымат булактары жок. Ротшильддин ысымын дүйнөлүк конспирологиялык теория менен дайыма байланыштырып келишет. Бирок аны тастыктоочу бир да далил келтирилбейт.Ниалл Фергюсонаттуу белгилүү тарыхчы жана журналист мындай деп жазган: «Согуштардын кесепетинен улам облигациялардын баасы төмөндөп калганын тарых көрсөттү. Жыйынтыгында карыз болгон өлкө территориясын жоготсо же жаңы территорияга ээ болсо, өзүнүн карызынан кутула албай калат. XIX кылымдын ортосунда Ротшильддердин династиясы капиталды башкаруудагы соодадан кетип, мамлекеттик облигацияларга көз  салган. Азыр бул тармакта акча жазаган күндө да, конфликт чыгып кетсе, династия капиталын көбөйтпөй, тескеринче, чыгаша болот…» Жыйынтык: фейк.Ротшильд дүйнөнү башкарат деген маалымат кезектеги конспирологиялык теория болуп саналат.",factcheck.kg,https://factcheck.kg/ky/rotshild-hozyain-mira-nepravda/,,kyrgyz,1,0.55,https://factcheck.kg/ky/rotshild-hozyain-mira-nepravda/,fact_check
55002fb5-6ce0-4f2d-bc6f-34336e8be721,АКШ Ирандын мунайын иштеткен Кытайдагы заводдорго эскертүү берди,"АКШнын Финансы министрлиги Кытайда жайгашкан көз карандысыз мунай иштетүүчү заводдор, асыресе Шаньдун провинциясындагы ишканалар Ирандын чийки мунайын импорттоодогу ролу үчүн санкцияларга кабылышы ыктымал деп эскертти. Министрликтин маалыматына караганда, Кытай Ирандын мунай экспортунун дээрлик 90% алат. Анын басымдуусу ошол чакан заводдор тарабынан кайра иштетилип, Тегерандын кирешесине салым кошот. “Ошол киреше акыр-аягында Иран режимине, курал-жарак программасына жана армиясына пайда алып келет”, - деп айтылат мекеменинбилдирүүсүндө. Министр Скотт Бессент Х социалдык тармагындагы постунда белгилегендей, Кошмо Штаттар Ислам жумуриятынын эл аралык көмүскө банк инфраструктурасын, көмүскө флотун жана Тегерандын мунай соодасын колдогон кытайлык чакан мунай ишканаларын бутага алуу менен Иранга болгон экономикалык басымды күчөтүүдө. Бессент Ирандын негизги мунай хабы – Харк аралындагы кара май сактоочу жайлар толуп калганын, өлкө мунай өндүрүүнү азайтууга аргасыз болорун белгиледи. Ал кошумчалагандай, муну менен Тегеран күнүнө 170 миллион доллар кирешеден кол жууп, мунай инфраструктурасы жапа чекмекчи. Бир нече күн мурун Вашингтон Ирандын мунайын сатып алат деген кине менен Кытайдын  көз карандысыз  Hengli мунай иштетүүчү компаниясына санкция салган. 27-апрелде Бээжин бир тараптуу санкцияларга каршы экенин билдирип, мындай практиканы токтотууга чакырды. Компания өзү да айыптоолорду четке какты жана Иран менен соода кылбаганын билдирди.",azattyk.org,https://www.azattyk.org/a/33744980.html,2026-04-29T14:28:41+06:00,kyrgyz,0,high,,news_site
df21889d-b85a-4beb-af6c-48874c588338,Астана Иран менен экономикалык кызматташтык убактылуу токтоп турганын билдирди,"Жакынкы Чыгыштагы жаңжалдан улам Казакстан менен Ирандын экономикалык кызматташтыгы кыйынчылыктарга туш болууда, биргелешкен долбоорлор токтоп турганын 16-апрелде казак тышкы иштер министринин орун басары Арман Исетов билдирди. Анынайтымында, тараптар буудай менен камсыздоо, азык-түлүк тармактыранда иш алып барчу, ишкерлер кырдаал кандай болорун күтүп жатышат. Исетов “олуттуу экономикалык жоготуулар жок экенин, Иран менен кызматташтыктын көлөмү казак экономикасында анча чоң орун ээлебегенин” кошумчалады. Буга чейин казак өкмөтүнүн өкүлдөрү өлкө Иранга азыктын ондогон түрүн, анын ичинде арпа-буудай жана эт жөнөтүүгө даяр деп айтышкан. АКШ менен Израил Иранга чабуул кое баштаганы жана Тегерандын жооп иретинде Израил менен Перс булуңундагы америкалык базаларга соккулары Жакынкы Чыгыштагы гана эмес, Борбор Азиянын да экономикасына таасир этти. Согуштун айынан көптөгөн товарларды жеткирүү кечеңдеди. Тажикстан жана Түркмөнстандын тургундары ирандык товарлардын баасы кымбаттаганын жана тартыш болуп жатканын айтышууда. Ирандан Кыргызстанга килем, сырдоочу каражаттар, кургатылган жемиш жана башка нерселер ташылып келет. Бул товарларды алып келүү да создугуп жатканы кабарланды.",azattyk.org,https://www.azattyk.org/a/33733590.html,2026-04-16T16:33:28+06:00,kyrgyz,0,high,,news_site
d452a6f0-b183-4025-91e1-9c0d50a47a4c,Бишкекте хоккей боюнча Азия Кубогу башталат,"27-апрелден 3-майга чейин «Номад Арена» муз айдыңында Эл аралык хоккей федерациясынын (IIHF) колдоосу астында Азия Кубогу өтөт. Бул тууралуу КРнын Хоккей федерациясы билдирди. Маалыматка ылайык, кыргыз хоккейи дүйнөлүк аренада өзүн ишенимдүү көрсөтүп, өзүнүн «алтын доорун» баштан кечирүүдө. «Чоңдордон куралган улуттук курама команда Дүйнө чемпионатынын экинчи дивизионунун «Б» тайпасындагы ордун ийгиликтүү бекемдеди. Жакында эле алтын медаль утуп, үчүнчү дивизиондун «Б» тайпасынан «А» тайпасына көтөрүлгөн U20 жаштар курамасы чоң секирик жасады. Эми муз үстүнө биз «жаңы муундун жылдыздары» деп атаган оюнчулардын чыга турган кезеги келди. Кыргызстандын курама командасынын жаш курамы үчүн бул оюндар даярдыктын маанилүү этабы жана келечектеги Дүйнө чемпионаттарындагы жеңиштерге трамплин болот», — деп айтылат маалыматта. Жети күндүн ичинде Бишкек континенттин эң амбициялуу командаларынын таймашына күбө болот. Кубок үчүн Өзбекстан, Монголия, Индия, Индонезия, Макао (Кытай) жана турнирдин кожоюну — Кыргызстандын курама командалары күч сынашат. Биздин жаш хоккейчилер агаларынан эстафетаны өткөрүп алып, кыргыз хоккейинин жеңиш руху чыңдалып жатканын далилдөөгө даяр.",24.kg,https://24.kg/kyrgyzcha/371292_bishkekte_hokkey_boyuncha_aziya_kubogu_bashtalat/,,kyrgyz,0,high,,news_site
55cdc6d5-afeb-4298-be74-23e36ca0e7a2,Бишкекте жуманын башында кар жаайбы? 26-28-январга карата аба ырайы,"Синоптиктер жуманын башында Бишкекте кар жаашын божомолдоп жатышат. 26-27-январдаасман жарым-жартылай булуттуу болот деп күтүлүүдө. Түнкүсүн температура −7°C (-7°F) тегерегинде болот, күндүзгү эң жогорку температура 2°C (37°F) жетет. 28-январда каржаашы күтүлүүдө. Түнкүсүн температура −6°C (-6°F) чейин төмөндөйт, күндүзгү эң жогорку температура 0°C (32°F) жетет.",24.kg,https://24.kg/kyrgyzcha/359193_bishkekte_jumanyin_bashyinda_kar_jaaybyi_26-28-yanvarga_karata_aba_yirayyi/,,kyrgyz,0,high,,news_site
ae2700d8-6b11-4a14-ad90-a923ffc4f4e2,Медиа: Тажикстандан ондогон ооган мигранты депортация болушу мүмкүн,"Ооганстандын маалымат каражаттары оогандык ондогон жаран, анын ичинде качкын макамы бар кишилер Тажикстандан депортацияланышы мүмкүн экенинбилдиришти. Afghanistan International телеканалы 4-майда видео жарыялап, мигранттарды өлкөдөн чыгаруу учуру тартылганын маалымдады. Телеканал Ооганстандын 250 жараны Согд облусунун Жаббор-Расул районунан Душанбеге алынып барганын, андан ары депортацияланышы ыктымал экенин кабарлады. Медианын булагы айтып бергендей, айрым кишилердин колунда БУУнун качкындар боюнча мекемеси берген күбөлүктөрү бар. Бул маалымат жана канча киши депортация коркунучуна туш болгону расмий бышыктала элек. Маалымат каражатынын видеосунда өздөрүн оогандык мигранттар деп тааныштырган адамдар алардын сим-карталарын алып коюшканын айтышты. Бул сөздөрдү да расмий тарап тастыктай элек. Тажикстандын бийлиги жана БУУнун өкүлдөрү кырдаалга байланыштуу азырынча комментарий жасаган жок. Мунун алдында Кожент шаарында адам өлтүрүүгө шектелген оогандык 22 жаштагы жигит кармалганы тууралуу кабар тараган. Качкындарды депортациялоо менен ал кылмыштын байланышы барбы же жокпу, белгисиз. Тажик бийлиги буга чейин мигранттар көбөйгөнүн айтып жана өлкөдө жүрүү эрежелерин бузуу жүйөсү менен ооган жарандарын чыгарган учурлар болуп келген. БУУнун Качкындар боюнча жогорку комиссариаты Душанбени качкын макамын сураган оогандарды күчтөп кетирбөөгө чакырган жана мекенинде алар куугунтукка кабылышы мүмкүн деп эскерткен. Маалыматтарга караганда, кошуна өлкөдө 9 миңдей ооган бозгуну бар, көбү Вахдат жана Рудаки аймактарында жашайт.",azattyk.org,https://www.azattyk.org/a/33750531.html,2026-05-05T21:12:15+06:00,kyrgyz,0,high,,news_site
b0e54efb-7e03-4e64-ade1-329e34c451fa,"Министрдин манипуляциясы: аконит Францияда катталганы чын, бирок дары катары эмес [split]","Далилдүү медицина боюнча эксперт Бермет Барыктабасованын айтымында Кыргызстандын Саламаттык сактоо министрлиги гомеопатиялык дармектер “Өтө маанилүү жана маанилүү дары-дармектер” тизмесиненчыгарып салган. Гомеопатиялык дармектер мамлекеттик деңгээлде сатылып алынбайт. 2017-жылы Бүткүл дүйнөлүк саламаттыкты сактоо уюму альтернативдүү медицина менен алектенберин расмий түрдөбилдирген. Эске салсак, гомеопатия дал ушул альтернативдүү медицинага кирет. 2017-жылы Россия Илимдер Академиясынын Президиумунун алдындагы жалган илимге каршы күрөшүү боюнча комиссия меморандум кабыл алып, анда гомеопатия жалган илим деп таанылган. Аны медицинада колдонуу улуттук саламаттыкты сактоонун негизги максаттарынакарама-каршыкелет. Жыйынтык: манипуляция.Саламаттыкты сактоо министри Ысык-Көлдүн тамыры менен дарылоонун пайдасына олуттуу далил келтиргиси келип, Франция жөнүндө айткан. Бирок  аконит гомеопатиялык дары катары катталганын, дары-дармек менен байланышпаганын айткан эмес.",factcheck.kg,https://factcheck.kg/ky/manipulyacziya-glavy-minzdrava-akonit-dejstvitelno-zaregistrirovan-vo-franczii-no-tolko-v-razdele-gomeopatii/,,kyrgyz,1,0.78,https://factcheck.kg/ky/manipulyacziya-glavy-minzdrava-akonit-dejstvitelno-zaregistrirovan-vo-franczii-no-tolko-v-razdele-gomeopatii/,fact_check
34b1b330-2c87-40a7-9ad3-5f446c0b6793,Z-пропаганда Кыргызстанда фейк “маңкурттарды” жаратып келет,"Кремль көптөн бери өзүнүн кызыкчылыктарын, анын ичинде аскерий кызыкчылыктарды көздөп дезинформацияны жана пропаганданы кеңири колдонуп келет. Бирок Орусия Украинага кол салгандан тартып Кыргызстанда көрсөтүлгөн орусиялык телеканалдарда гана эмес, Интернетте да анын пропагандасы агрессивдүүрөөк боло баштады. Баштан Баштаөзүлөрүнүн бир берүүсүндө YouTube’дун кыргыз сегментин изилдеп, Украинада согуш башталгандан тартып көп миңдеген катталуучулары бар каналдарда кыргыз тилиндеги орусиячыл көз караштагы (нарративдер) видеолор таркатыла баштаганын белгилеген. Factcheck.kg редакциясы ушуга окшош материалдарды Facebook’тун кыргыз тилдүү мейкиндигинде да байкап, Z-маанайдагы посттору баронго жакын фейк жана күмөндүү аккаунтардытапты. Мисалы, БишкектикМедер Байжумановдеген колдонуучунун баракчасындагы посттордун көбү Кыргызстан менен Орусиянын мамилелери жана кантип “батыш өлкөлөрү алардын мамилелерин бузууга аракеттенип жаткандыгы” тууралуу. Колдонуучу ошондой эле орус тилинин Кыргызстандагы статусуна тынчсызданганын билдирет. Медер Байжуманов “Кыргызча сүйлө, же эмне үчүн Кыргызстанда орус тилине каршы чыгып жатышат” («Кыргызча суйло, или почему в Кыргызстане ополчились на русский язык») деген макалага шилтеме менен бөлүшкөн. Анын автору кантип “батышчыл күчтөр” кыргыз тилин популярдаштыруу жолу аркылуу Кыргызстан менен Орусиянын ортосундагы мамилелерди бузуп жаткандарын адистер менен талкуулаган. Макалада “кыргызстандыктардын 98%ы орус тили сакталып калышын колдойт” деп айтылат, бирок бул маалыматтар кайдан алынганы келтирилген эмес. Медер Байжуманов – фейк, чындыгында мындай адам жок. Аккаунтунда колдонулган сүрөт казакстандыкКарим Ахметовдуку.",factcheck.kg,https://factcheck.kg/ky/z-propaganda-sozdaet-fejkovyh-mankurtov-v-kyrgyzstane/,,kyrgyz,1,0.89,https://factcheck.kg/ky/z-propaganda-sozdaet-fejkovyh-mankurtov-v-kyrgyzstane/,fact_check
73a9a692-fff1-4d9e-87b7-159d59fc3c5b,Стамбулда Израилдин консулдугунун жанындагы атышуудан эки адам мүрт кетти,"Түркиянын Стамбул шаарындагы Израилдин консулдугу имаратынын жанында 7-апрелде болгон атышуудан эки адам каза болуп, дагы эки полиция кызматкери жаракат алды. Бул тууралууHürriyet басылмасы жазды. Үч киши консулдук жайгашкан имаратка кирүүгө аракет кылганы, алардын экөөнүн жанында курал болгону, күзөт кызматкерлери жана полиция менен атыша кетишкени маалымдалды. Кол салгандардын экөө жок кылынып, үчүнчүсү жаракат алды. Алардын максаты Израилдин дипломатиялык өкүлчүлүгүнүн кызматкерлерин бутага алуу болгон деген кабар тарады. The Jerusalem Post басылмасы Стамбулдагы жөөт коомчулугундагы булакка таянып бул консулдук эки жылдан бери жабык турганын жана атышуу учурунда ичинде кызматкерлер болбошу мүмкүн экенин билдирди. Окуя болгон аймакка кошумча полиция күчтөрү тартылды. Түркиянын юстиция министри Акын Гүрлек иликтөө башталганын билдирди. Ал эми Израилдин Тышкы иштер министрлиги окуя боюнча маалыматтарды тактап жатканын кабарлады.",azattyk.org,https://www.azattyk.org/a/33726788.html,2026-04-07T19:12:54+06:00,kyrgyz,0,high,,news_site
36624211-f2fb-46f8-8af6-6200c0a09e7f,Ислам кызматташуу уюму жардамга муктаждарга акча берип жатабы? Текшеребиз,"Интернет мессенжерлер аркылуу Ислам кызматташуу уюму жардамга муктаж мусулмандарга $1,7 млрд каражатты таратып жаткандыгы тууралуу маалыматтар таркатылып жатат. Акчаны алыш үчүн шилтеме аркылуу өтүп, анкетаны толтуруп коюу жетиштүү экен. Factcheck.kg бул акция тууралуу маалыматты тактап көрүүнү чечти. Ушундай уюм барбы? Ислам кызматташуу уюму, мынданы арыИКУ(The Organisation of Islamic Cooperation, мурда Ислам Конференция уюму деп аталчу) – мусулман мамлекеттерин бириктирген эң байыркы эл аралык уюмдардын бири болуп саналат, ал 1969-жылы түзүлгөн болчу. ИКУ акча береби? ИКУ, эл аралык уюм катары, акча таратпастан, тескерисинче, акча алат. Анткени буга окшош уюмдардын бюджети аларга мүчө болгондордун мүчөлүк төлөмдөрүнөн куралат. Кыргызстан дагы агамүчө болгон1992-жылдан тартып мүчөлүк акы төлөп келет. Мисалы, өкмөттүн токтому менен Кыргызстан ИКУга 2018-жылы 34 млн сом, ал эми 2019-жылы 16 млн сом төлөшү керек болчу. ИКУнун иш алып баруу багыттары Уставында көрсөтүлгөн жана ал 18 приоритеттүү багытта 107 максатка жетүүнү көздөйт.",factcheck.kg,https://factcheck.kg/ky/razdacha-deneg-nuzhdayushhimsya-ot-organizaczii-islamskogo-sotrudnichestva-proveryaem/,,kyrgyz,1,0.57,https://factcheck.kg/ky/razdacha-deneg-nuzhdayushhimsya-ot-organizaczii-islamskogo-sotrudnichestva-proveryaem/,fact_check
d6d8f5e0-0aba-4129-bb79-511e5f6ce92d,Дүйнө “Талибан*” кыймылын тааныганы жалган,"Кытай, Пакистан жана Сауд Арабия өлкөлөрү“Талибан*” террористтик кыймылынын бийлигин тааныгандыгы тууралуу маалымат Twitter социалдык тармагында тарады. Буга далил катарыVodiybozorаттуу колдонуучу Сауд Арабиясынын тышкы иштер министрлигинин баракчасынын расмий билдирүүсүн жарыялаган. Бирок Тышкы иштер министрлигин билдирүүсүндө “Сауд Арабиясы Афганистандагы окуяларга кылдат көз салууда жанаал жердеги абалдын эртерээк турукташуусуна үмүтүн билдирет” депжазылган. 1996-жылы“Талибан*”кыймылы Кабулду багындырып, президент Бурхануддин Раббанини тактыдан кулаткан учурда Сауд Арабиясы алгачкылардан болуп согушкерлердин бийлигинтааныган. 1996-жылдан 2001-жылга чейин өкүм сүргөн Ооганстан Ислам Эмирлигин тааныган өлкөлөрдүн катарында Пакистан дагы бар эле. Анын үстүнө,“Талибан*”кыймылы Пакистандын атайын кызматтарынын тымызын колдоосу менентүзүлгөн. Алгач бул кыймылдын курамынданегизинен сунни исламынын ультра консервативдүү формасы жайылган ооган жана пакистан медреселеринин студенттери болгон.",factcheck.kg,https://factcheck.kg/ky/soobshheniya-o-priznanii-talibana-v-mire-nepravda/,,kyrgyz,1,0.67,https://factcheck.kg/ky/soobshheniya-o-priznanii-talibana-v-mire-nepravda/,fact_check
f6f6f646-eb93-4314-a516-27e58eabfdd1,Орозо-2026: Бүгүндөн тарта ыйык Орозо айы башталды,"Орозо айы — ыйманды жаңылоонун, биримдикти бекемдөөнүн жана шүгүрдү арттыруунун айы. Бул ай — жүрөктөрдү тазалап, руханий жаңылануунун, кечиримдүүлүк менен мээримдин айы, адамдардын бири-бирине болгон сүйүүсүн жана урматын күчөтүүчү мезгил. Бүгүн, 19-февралда өлкөдө Орозо айы башталды. Бул тууралуу Кыргызстан мусулмандарынын дин башкармалыгынан билдиришти. Маалыматка ылайык, дээрлик бир ай бою мусулмандар орозо кармайт. Орозо айы — ыйманды жаңылоонун, биримдикти бекемдөөнүн жана шүгүрдү арттыруунун айы. Бул ай — жүрөктөрдү тазалап, руханий жаңылануунун, кечиримдүүлүк менен мээримдин айы, адамдардын бири-бирине болгон сүйүүсүн жана урматын күчөтүүчү мезгил. Бул мезгилде адамдар таңдан кечке чейин ооз бекитип гана тим болбостон, жаман адаттардан алыс болуп, сооп иштерди көбүрөөк жасап калууга умтулушат. Алдын ала эсептөөлөргө ылайык, орозо 29-30 күнгө созулуп, 19- 20-мартта аякташы мүмкүн. Буга байланыштуу Орозо айт 20- 21-мартка туура келет. Ал орозонун аяк жагында такталат.",24.kg,https://24.kg/kyrgyzcha/362615_orozo-2026_bugundon_tarta_yiyyik_orozo_ayyi_bashtaldyi/,,kyrgyz,0,high,,news_site
d39fa4e5-8c2c-48f7-a03f-ba9de14c3879,27-мартта күтүлгөн аба ырайы,"Эртең, 27-мартта түнкүсүн Ош облусунун тоолуу райондорунда кар жаай. Күндүз Ош, Баткен облустарынын айрым жерлеринде жаан жаап, күн күркүрөйт, тоолуу райондорунда кар жаайт, калган аймактарда жаан-чачын күтүлбөйт. Абанын температурасы: Чүйдө түнкүсүн 6...11, күндүз 21...26; Таласта түнкүсүн 2...7, күндүз 18...23; Баткен, Ош, Жалал-Абад облустарында түнкүсүн 9...14, күндүз 22...27; Ысык-Көлдө түнкүсүн −1...+4, күндүз 11...16; Нарында түнкүсүн −4...+1, күндүз 10...15. Бишкекте түнкүсүн 6...8°, күндүз 24...26° жылуу болот.",24.kg,https://24.kg/kyrgyzcha/367602_27-martta_kutulgon_aba_yirayyi/,,kyrgyz,0,high,,news_site
b6c32815-8a45-4b3d-8ac2-e8a0061e6b2c,Орунтаев курулуш адистеринин 500 миң сомго чейин айлыктын чоо-жайын түшүндүрдү,"Социалдык тармактарда Курулуш, архитектура жана турак жай-коммуналдык чарба министрлигиндеги айлык акынын деңгээли боюнча талкуу күчөдү. Министрликтин башчысы Нурдан Орунтаев бул кырдаалга расмий түрдө жооп берди. Анын айтымында, министрликтин бардык бөлүмдөрү өзүн-өзү каржылоо негизинде иштейт. Бул кызматкерлердин эмгек акысына түздөн-түз таасир этет. Орточо айлык акы болжол менен 150 миң сомду түзөт, бирок айрым бөлүмдөрдө айлык акы 500 миңге сомго жетет. Министр чоң жана татаал обьектилердин долбоордук документтерин карап чыгууга жооптуу адистер — архитекторлор, инженерлер, дизайнерлер жана куруучулар жөнүндө айтып жатканын түшүндүрдү. "" Тагыраак айтканда, ким кандай иштесе, ошончо айлык алат. Биздин кызматкерлер рынокто суроо-талапка ээ болгон адистер. Тийиштүү билими бар жана иштөөгө даяр жарандар үчүн эшигибиз ар дайым ачык. Тиешелүү профилдеги адистер бизге келип иштеңиздер"", — деп түшүндүрдү ал.",24.kg,https://24.kg/kyrgyzcha/358710_oruntaev_kurulush_adisterinin_500_min_somgo_cheyin_aylyiktyin_choo-jayyin_tushundurdu/,,kyrgyz,0,high,,news_site
670d34dc-04df-4cd3-9ada-f34fe474adbc,UWW: Асан Жанышов дүйнөлүк рейтингде 3-орунду ээледи,"Кыргызстандык балбан Асан Жанышов Бириккен күрөш дүйнөсү (UWW) версиясы боюнча дүйнөлүк рейтингде үчүнчү орунду ээледи. Бул жаңыртылган рейтинг Албаниядагы турнирдын жыйынтыгы менен жарыяланды. Тиранадагы мелдеште кыргызстандык 87 кг салмак категориясында катышып, 19 катышуучунун арасында 5-орунду ээлеген, бирок коло медаль үчүн болгон күрөштө жеңилип калды. Бүгүнкү күндө Жанышов грек-рим күрөшү боюнча Кыргызстандын бардык өкүлдөрүнүн арасында эң жакшы натыйжаны көрсөтүүдө.",24.kg,https://24.kg/kyrgyzcha/365570_UWW_asan_janyishov_duynoluk_reytingde_3-orundu_eeledi/,,kyrgyz,0,high,,news_site
2a82bb07-c68b-48ba-86d7-9854a1c247f9,Былтыр Бишкектин Биринчи май райондук соту тарабынан 823 кылмыш иши козголгон,"2025-жылы Биринчи май райондук соту тарабынан 823 кылмыш иши козголгон. Бул тууралуу мекеменин актоо өкүмдөр боюнча талдоосунда айтылат. Талдоого ылайык, 2025-жылдын 12 айында Биринчи май райондук соту тарабынан 823 кылмыш иши 1147 (1004) адамга каралып, анын ичинен 38 (35) кылмыш иши боюнча 61 (67) адамга карата актоо өкүмдөрү кабыл алынган. Тагыраак айтканда жалпы каралган иштердин ичинен 4,6 пайызы (5%) кылмыш иш боюнча 5,3 пайызы (6,6) адамга карата каралган. Биринчи май райондук соту тарабынан 823 (700- 12 ай 2024-ж.) кылмыш иши 1147 (1004) адамга каралып, анын ичинен 38 (35) кылмыш иши боюнча 61 (67) адамга карата актоо өкүмдөрү кабыл алынган, башкача айтканда жалпы каралган иштердин ичинен 4,6% (5%) кылмыш иш боюнча 5,3% (6,6) адамга карата каралган. Отчеттук мезгилде кабыл алынган актоо өкүмдөрдүн ичинен 4/13 актоо жокко чыгарылган, 22/29 кароодо (18/25 БШС кароодо, 4/4 сот актысы окулууда), 12/19 күчүнө кирген (4/8 БШС, 8/11 корутунду түзүлгөн). Көрсөтүлгөн мезгилде актоо өкүмдөрдүн ичинен 10/14 кылмыш иши боюнча айыптоо актысы Биринчи май районунун прокуратурасы тарабынан бекитилген. Ал эми 3/3 Бишкек шаарынын прокуратурасы тарабынан жана 25/44 КР Башкы прокуруратурасы тарабынан бекитилген. Чыгарылган актоо өкүмдөрдүн ичинен 11/23 кызматтык иштерге байланыштуу жана 7/8 адам камакта болгон. Кабыл алынган актоо өкүмдөр боюнча кылмыш иш төмөндөгү укук коргоо органдары тарабынан тергөө аракеттери жүргүзүлгөн: Ошондой эле, 2024-жылы жыйынтыгы чыкпай калдык болуп 24/54 иш өткөн. Анын ичинен 10/17 актоо өкүм жокко чыгарылган, 2/23 Бишкек шаардык сотунда кароодо, 12/14 күчүнө кирген (корутунду түзүлгөн 1/1). Мисалы, 2024-ж. сентябрь айында «Интер континенталь экспорт энд логистик» ЖЧКда менеджер болуп иштеп, А.Тентикеев, У.Акимжанов менен Кытайдан кымбат баадагы автоунааларды алып келип беребиз деп жарандарды ишендирип акча каражаттарын алышып, өз кызыкчылыга коротушкан. Аталган факты боюнча Бишкек ШИИББнын тергөө кызматы тарабынан КР КЖКнын 209-бер. 4-бөл. 1-п. менен 03-051-2025-000022 сандуу кылмыш иш козголгон. Бишкек шаарынын прокуруратурасы тарабынан айыптоо актысы Жангелдиева Айжаркын Замировнага Кыргыз Республикасынын КЖКнын 209-бер. 4-бөл. 1-п. менен бекитилип, соттук кароого жибирилген Биринчи май райондук сотунун (судья И.Керимкулов) өкүмү менен А. Жангелдиеванын кыймыл аракетинде кылмыштын курамы жок болгондугуна байланыштуу акталган. Апелляциялык сунуш келтирилип, азыркы учурда кароодо.",24.kg,https://24.kg/kyrgyzcha/363899_byiltyir_bishkektin_birinchi_may_rayonduk_sotu_tarabyinan_823_kyilmyish_ishi_kozgolgon/,,kyrgyz,0,high,,news_site
fafb7108-96ec-49df-9350-2193fc1498c9,Мерц: Американын Иран боюнча так стратегиясы жок,"Германиянын канцлери Фридрих Мерц 27-апрелде АКШ Иран менен болгон согушта так стратегияга ээ эмес экенин айтып, жаңжал жакын арада бүтпөшү мүмкүн экенинэскертти. «Ирандыктар күтүлгөндөн күчтүүрөөк болуп чыкты, ал эми америкалыктардын ишенимдүү стратегиясы көрүнбөйт», — деди Мерц Марсберг шаарындагы мектепте жасаган билдирүүсүндө. Ал мындай жаңжалдардын негизги көйгөйүн да белгиледи. Мерцтин айтуусуна караганда, «мындай жаңжалдардан кантип чыгууну да билиш керек». Ал Ооганстандагы жана Ирактагы согуштарды мисал келтирди. «АКШ бул жаңжалга так стратегиясыз кирди. Учурда абдан татаал кырдаал түзүлдү жана бул бизге чоң чыгым алып келүүдө. Бул жаңжал биздин экономикалык көрсөткүчтөргө түз таасирин тийгизип жатат», — деди Фридрих Мерц, Ал Германиянын Ормуз кысыгын кайра ачууга жардам берүү үчүн миналарды тазалоочу кемелерди жөнөтүү сунушу күчүндө экенин айтты. Бирок ал бул согуш аяктаганда гана ишке ашарын белгиледи. Январь айында Иранда жалпы өлкө боюнча өткөн нааразылык акциялары күч менен басылган соң, Мерц Ислам республикасынын бийликти сактап калуу үчүн зомбулук колдонушу режимдин аяктап баратканынын белгиси экенин айткан. Ал мындай билдирүү жасаган алгачкы жогорку деңгээлдеги эл аралык саясатчылардын бири болгон. Ормуз кысыгы жабылгандан кийин ал Евробиримдик санкцияларды жеңилдетүүгө даяр экенин да билдирген. Ал арада 27-апрелде Еврокомиссиянын төрайымы Урсула фон дер Ляйен санкцияларды алып салуу Иран «негизги өзгөрүүлөргө» барган шартта гана мүмкүн болорун айтып, азырынча аларды жеңилдетүүгө «эрте» экенин белгиледи.",azattyk.org,https://www.azattyk.org/a/33743610.html,2026-04-27T20:52:31+06:00,kyrgyz,0,high,,news_site
18d1bc90-4d29-41d9-8d26-52817b33170d,Орусияда азери диаспорасынын башчысы 24 жылга кесилди,"Орусиянын Екатеринбург шаарындагы Киров райондук соту 13-апрелде Уралдагы азербайжан диаспорасынын башчысы Шахин Шыхлинскини бийлик өкүлүн уруп-сабаган деген айып менен 9 жылга катуу режимдеги колонияга кести. Бул тууралуу «Коммерсант-Урал» басылмасы жазды. Март айынын башында ал 2001 жана 2011-жылдардагы киши өлтүрүү жана өлтүрүүгө аракет кылуу иштери боюнча 22 жылга кесилген. Эки өкүмдү кошкондо, ал жалпы 24 жыл түрмөдө отурат. Шыхлински жана анын уулу Мутвалы Шыхлински 2025-жылдын июль айында бийлик өкүлүнө зомбулук көрсөтүү иши боюнча айыпталган. Атайын күчтөр Шыхлинскини уулу айдап бараткан унаадан түшүрүүгө аракет кылганда, айдоочу унааны кескин артка айдаган. Натыйжада Федералдык коопсуздук кызматынын (ФСБ) кызматкеринин бири жыгылган. Мутвалы Шыхлински атайын кызматкерди кокусунан сүзүп алганын айтып, болгон окуяга өкүнөрүн билдирген, бирок күнөөсүн моюнга алган эмес. Март айында сот 2001–2011-жылдардагы ишкерлерди өлтүрүү жана өлтүрүүгө аракет кылуу ишин да караган. Бул иш боюнча Уралдагы азери диаспорасынын алты мүчөсү жана алардын башчысы Шыхлински айыпталган. Аларга 10 жылдан 22 жылга чейин жаза берилген. Е1 басылмасы Шыхлинскини шаардагы «эң таасирдүү эки азеринин бири» деп атаган. Шыхлински менен анын уулу өткөн жылыЕкатеринбургда азербайжан жарандарын кармоо боюнча рейддерденкийин кармалган. Ал рейддер учурунда Зияддин Сафаров жана Гусейн Сафаров аттуу азербайжандыктар каза болгон. Баку бул окуя боюнча күнөөлүүлөрдү жоопко тартууну талап кылып, Азербайжандын Тышкы иштер министрлиги Орусиянын элчисине «катуу нааразылык» билдирген. Ошондой эле Азербайжандын Башкы прокуратурасы «орус укук коргоо органдарынын кызматкерлери тарабынан жасалган кыйноо жана өзгөчө мыкаачылык менен эки же андан көп адамды атайылап өлтүрүү» фактысы боюнча кылмыш ишин козгогон. Андан кийин Баку шаарында да орусиялыктарды кармоо жана камакка алуу учурлары катталган. Ал жакта «Sputnik Азербайжан» агенттигинин директору Игорь Картавых, кызматкери Евгений Белоусов жана бир катар орусиялык IT адистери уюшкан кылмыштуу топторго катышы бар, Ирандан баңгизат ташуу, интернет аркылуу сатуу жана киберкылмыштарга айыпталыпкамакка алынган.",azattyk.org,https://www.azattyk.org/a/33731097.html,2026-04-13T15:55:57+06:00,kyrgyz,0,high,,news_site
265f36a7-8cd2-48c7-b4fe-1d915745ab5b,"Трамп катышкан иш-чарада ок чыгарган адамга ""президенттин өмүрүнө кол салуу"" айыбы тагылды","Вашингтондо АКШ президенти Дональд Трамп катышкан иш-чарага кирүүгө аракет кылып ок чыгарган адамга мамлекет башчыны өлтүрүүгө аракет кылган жана ок атуучу куралды мыйзамсыз сактаган деген айып тагылганын Reuters маалымдады. Окуя 25-апрелде Ак үйдүн кабарчылар ассоциациясынын Трамп катышкан жылдык кечки тамагы учурунда болгон. Кол салууга аракет кылган деп Калифорния штатынын Торранс шаарынын тургуну, 31 жаштагы Коул Томас Аллен шектелүүдө. Ал иш-чара өтүп жаткан мейманкананын ичинде текшерип өткөрүүчү жердеги коопсуздук кызматкерин аткан (кызматкер зоот кийими болгону үчүн жеңил жаракат алган), андан кийин кармалган. Трамп жарыялаган видеотасмада шектүү коридор менен чуркап баратканы көрүнөт. 2024-жылы президенттик шайлоо өнөктүгү учурунда да Трампка эки жолу кол салуу болгон, биринде ал жеңил жаракат алган. Мылтыктан тышкары тапанча жана бир нече бычак менен куралданган Аллен да атышуудан кийин жергиликтүү ооруканага текшерүүдөн өткөрүү үчүн жеткирилген. Reuters жазгандай, Аллен азырынча айыптоолорго жооп бере элек. Мурдараак ал бардык суроолорго ачык жооп берерин, өзү компьютер оюндарын ойлоп табуучу программист экенин билдирген. Судья Мэтью Шарбо Алленди иш каралып жаткан кезде камакта калтырууну чечти. Анын андан аркы бөгөт чарасын кароо бейшембиге дайындалды. Башкы прокурордун милдетин аткаруучу Тодд Бланш жекшембиде кол салуунун максаты тастыкталбаганын билдирген, бирок Аллен президент Трампка жана администрациянын башка кызматкерлерине кол салууну көздөгөнүн айткан. Буга чейин Аллен үй-бүлөсүнө өзүн ""Достуктагы федералдык өлтүргүч"" деп атаган манифест калтырган. Ал Трамптын администрациясындагы кечки иш-чарага катышуучу жогорку кызматкерлерге кол салууну талкуулаганы, анын бутасына алынгандардын арасында президент да болгону болжолдонууда.",azattyk.org,https://www.azattyk.org/a/33744064.html,2026-04-28T10:37:07+06:00,kyrgyz,0,high,,news_site
cf270f3b-f113-4724-bef7-50a67c3914cc,М. Жангазиев атындагы куурчак театрынын февраль айындагы репертуары жарыяланды,"Бишкек шаарындагы Муса Жангазиев атындагы куурчак театрынын февраль айындагы репертуары жарыяланды. Бул тууралуу Маданият, маалымат жана жаштар саясаты министрлиги билдирди. 31-январь (Ишемби) 11:00 Премьера «Пиноккионун жыгач шаары» 12:30 Премьера «Деревяшки. Город для Пиноккио» 1-февраль (Жекшемби) 11:00 Премьера «Деревяшки. Город для Пиноккио» 12:30 Премьера «Пиноккионун жыгач шаары» 7-февраль (Ишемби) 11:00 «Кар балдар» 12:30 «Снежные человечки» 8 -февраль (Жекшемби) 11:00 «Снежные человечки» 12:30 «Кар балдар» 14-февраль (Ишемби) 11:00 «Саламатсызбы!» 12:30 «Маленький принц» 21-февраль (Ишемби) 11:00 «Алдар Көсөнүн жоруктары» 12:30 «Кот в сапогах» 22-февраль (Жекшемби) 11:00 «Кот в сапогах» 12:30 «Алдар Көсөнүн жоруктары» 28-февраль (Ишемби) 11:00 Премьера «Пиноккионун жыгач шаары» 12:30 Премьера «Деревяшки. Город для Пиноккио» 1 -март (Жекшемби) 11:00 Премьера «Деревяшки. Город для Пиноккио» 12:30 Премьера «Пиноккионун жыгач шаары» Билет баасы 200 сом. 3 жаштан баштап төлөнөт. Коштоп келгендер да билет менен киришет",24.kg,https://24.kg/kyrgyzcha/358299_mjangaziev_atyindagyi_kuurchak_teatryinyin_fevral_ayyindagyi_repertuaryi_jaryiyalandyi/,,kyrgyz,0,high,,news_site
f9c6ec4a-e220-4e77-afa4-fb6ca8cab882,Дипфейктер: кантип сактанса болот? [split],"Дипфейктерди аныктаган программалар барбы? Бүгүнкү күндөDeepwareсканери жакшы жыйынтыктарды берүүдө. Видеону текшериш үчүн ага шилтемени атайын формага коюу керек. Программа видеону талдап чыгып, анын жасалмалыгын пайыздык көрсөткүч түрүндө берет. Аталган программанын жардамы мененTelegrafВладимир Путин Орусия менен Украинанын ортосундагы сүйлөшүүлөр “ийгиликтүү аяктады” деген видеону талдап, анын жасалма экендигин аныктаган. Жалган маалыматты аныктаганга жардам бере турган көндүмдөр Биз байкагандай, технологиялар бир орунда турбайт. Кызыкдар тараптар жасалма интеллектини өнүктүрүп жатышат. Аны менен катар жасалма видеолордун сапаты да жакшырууда, алардын жасалмалыгын аныктоо улам оорлоп барат. Ошол эле кезде, сынчыл ой жүгүртсөңөр жана фактчекинг аспаптарын колдонгонду билсеңер жалган маалыматтардын курмандыгы болуу ыктымалдыгы кескин азаят. Дипфейктерди таркатуу каналдары Адатынча, чындыкка жатпаган маалыматтар, биринчи кезекте, көп адамдар отурган коомдук тармактарда жана мессенджерлерде жарыяланат. Бул фейк аккаунттар аркылуу жасалат. Мессенджерлер жана коомдук тармактар аркылуу таркатылып жаткан калп маалыматтарды ЖМКлар дагы колдонгон учурлар аз эмес. Ага адатынча сенсация жаратуу максатында маалыматтын такталганына көңүл бургусу келбеген сайттар барат. Кыргызстанда жалган маалыматтар негизинен үч канал аркылуу таркатылат: – WhatsApp мессенджериндеги топтор аркылуу; – Facebook тармагындагы фейк аккаунттар аркылуу; – Facebook тармагындагы топтор аркылуу. Сайт тууралуу маалыматтарды алгыңар келсе төмөнкү кызматтарды колдонгула: Окшош видеолорду издөө Googleиздөө кызматы мүнөздүү сөздөр (ключевые слова) боюнча видеону тапканга жардам берет. Издөө кызматы Google Video-дон сырткары YouTube тармагында жайгашкан видеолор арасында издөө жүргүзөт. Жыйынтыгында сиз көргөн видеону интернетте жайгаштырылган окшош видео менен салыштыра аласыз. Андан сырткарыInVIDплатформасын колдонсо болот. Ал коомдук тармактар аркылуу таркатылып жаткан видеонун аныктыгын билгенге жардам бере алат. Эмки макалада дипфейктер менен күрөшүүнүн кандай мыйзамдык жолдору бар экендигин айтып беребиз.",factcheck.kg,https://factcheck.kg/ky/dipfejki-kak-zashhitit-sebya/,,kyrgyz,1,0.88,https://factcheck.kg/ky/dipfejki-kak-zashhitit-sebya/,fact_check
407beb33-528d-4b77-9263-b365881032ac,Нефтетрейдерлер күйүүчү май кымбаттарын билдиришти,"Жакынкы Чыгыштагы кырдаалдан улам жалпы дүйнөдө мунай кымбаттап жатканына байланыштуу күйүүчү майдын баасы Кыргызстанда да көтөрүлөрү күтүлүүдө. Бул тууралуу ""Кыргызстан Нефтетрейдерлер ассоциациясынын"" президенти Канат Эшатов Биринчи радиого курганмаегинде билдирди.Баалардын кескин кымбаттап кетишине жол бербөө үчүн нефтетрейдерлер кыргыз өкмөтүнө сунуш киргизип, күйүүчү майды акциз жана салыктардан убактылуу бошотууга чакырууда.""Салыктар жана акциздер баалардын 25% түзөт. Көптөгөн өлкөлөр акцизди жокко чыгарып, кошумча нарк салыгын, сатуудан алынуучу жана башка салыктарды эң төмөнкү чекке түшүрдү. Министрлер кабинетинин алдында мунай ташуучулардын өкүлдөрү кирген ыкчам штаб түзүлгөн. Штаб Министрлер кабинетине бул салыктарды жана маркирлөөгө алынчу, Жол фондуна алынуучу төлөмдөрдү убактылуу жокко чыгара турууну сунуштадык"", - деди Канатбек Эшатов.Мунай ташуучулардын маалыматында, күйүүчү майдын дүйнөлүк баасы акыркы убактарда 25-30% кымбаттады. Учурда Аи-92 үлгүсүндөгү бензиндин өздүк баасы 78-81 сом, дизелдик күйүүчү май 100-103 сом болууда. Бул мунай ташуучулардын пайдасын жана май куюучу бекеттердин чыгымдарын кошпой эсептелген баасы. Эшатов ушул тапта чекене сатылып жаткан күйүүчү майдын баасы мурда сатылып алынган күйүүчү май корунан улам кармалып турганын, бирок бул ресурстар дээрлик түгөнүп жатканын кошумчалады. Кыргызстан өзү керектеген күйүүчү майдын 95% Орусиядан сатып алат. Жакынкы Чыгыштагы кырдаалдан улам орус заводдору да бааларды көтөрүүдө. Орусияда ушул тапта дизелдик күйүүчү майдын тоннасы 1,2 миң долларга чыкты. Аи-92 үлгүсүндөгү бензиндин экспорт баасы тоннасына 870 долларга көтөрүлдү.(ZKo)",azattyk.org,https://www.azattyk.org/a/33726504.html,2026-04-07T12:40:42+06:00,kyrgyz,0,high,,news_site
31654a29-33c5-4603-b11e-9220ac6fc4f5,Токмок шаарында «Унаа» мекемесинин жаңы имараты курулат,"Мамлекеттик унааларды жана айдоочуларды каттоо борборунун Чүй-Кемин филиалы үчүн Токмок шаарында жаңы имарат курулат. Бул тууралуу Президенттин иш башкармалыгынан билдирди. Долбоор мамлекеттик кызмат көрсөтүүлөрдүн сапатын жогорулатуу жана жарандарга кызмат көрсөтүү шарттарын жакшыртуу максатында ишке ашырылат. Президенттин иш башкармалыгынын башчысы Каныбек Туманбаев жана борбордун директору Тынычбек Саидов шаарга барып, кырдаалды карап чыгышты. Курулуш үчүн болжол менен бир гектар жер аянты пландаштырылууда.",24.kg,https://24.kg/kyrgyzcha/367973_tokmok_shaaryinda_unaa_mekemesinin_janyi_imaratyi_kurulat/,,kyrgyz,0,high,,news_site
26060d84-e201-4777-b87a-4a7f005bd9fc,"""Кылым шамы"" уюму пикир үчүн камалгандардын ишин кайра кароого чакырды","""Кылым шамы"" укук коргоо уюму 2022-жылдан берки аралыкта Кыргызстанда алтымышка жакын - 58 адам тынч митингге чогулганы, соцтармактарда пикирин билдиргени, башка пикирлерди бөлүшкөнү үчүн кылмыш жоопкерчилигине тартылганынэсептеп чыкты. Анын ичинен 48 адамга каршы кылмыш иши Ички иштер министрлиги тарабынан козголуп, 11 адам соттолгон. Ал эми 10 адамга Улуттук коопсуздук боюнча мамлекеттик комитети (УКМК) кылмыш ишин козгоп, тогузу соттолгон. Уюмдун жетекчиси Гүлшайыр Абдирасулова 2022-2025-жылдары өлкөдөгү биринчи инстанциядагы соттор тарабынан Кылмыш-жаза кодексинин 278-беренеси (Жапырт башаламандыктар"") боюнча 72 адам соттолсо, бешөө аялдар болгонун, 327-берене (""Бийликти күч менен басып алууга ачык чакырыктар"" менен 31 адам соттолсо, бешөө аялдар, 330-берене (""Расалык, этностук, улуттук, диний же региондор аралык кастыкты (араздашууну) козутуу"") менен 77 адам соттолсо, 11и аялдар экенин белгиледи. Жыйынтыгында бул беренелер боюнча үч жылда 180 адам сот жоопкерчилигине тартылган. ""Бул иштердин дээрлик бардыгында жалгыз далил катары Улуттук илимдер академиясынын жана Соттук-экспертиза кызматынын корутундулары көрсөтүлгөн. Мен Илимдер академиясы соттук экспертиза жүргүзүүгө укуксуз болгону үчүн бул иштер эмне себептен алигүнчө кайра каралбай жатканына түшүнбөйм. Бул маселени дайыма көтөрүп келем, бирок менин сөзүм угулбай кала берет. Ошол эле учурда мен сын пикиримди жарыяласам, мени укмак тургай, таап, жазалашат"", - деп жазды Абдирасулова. Укук коргоочу тийиштүү органдарга кайрылып, Улуттук илимдер академиясы соттук экспертиза жүргүзүүгө мыйзамдуу укугу жоктугуна карабай, алардын чыгарган экспертизалык корутундулары бардык ушул иштерге негиз болуп бергенин, адамдар кармалып, камалышканын, айрымдары бүгүн пробацияда, айрымдары абакта жатышканын белгилөөдө. Абдирасулова эгер Башкы прокуратура же Жогорку сот бул иштерди кайра кароону чечсе, ""Кылым шамы"" ага көмөктөшүүгө даяр экенин кошумчалады. Февраль айынын башында Камчыбек Ташиевдин УКМК төрагалыгынан кетүүсү менен коштолгон кадрдык өзгөрүүлөрдөн улам бир катар медиа уюмдар, жарандык коомдун өкүлдөрү өлкө бийлигине кайрылып, ""Жапырт башаламандык"" жана башка оор беренелер боюнча козголгон иштер боюнча айыпталгандардын ишинкайра кароого чакырышкан. Президент Садыр Жапаров Кыргызстанда сөз эркиндиги да, демократия да бар экенин белгилеп келет. (ZKo)",azattyk.org,https://www.azattyk.org/a/33728254.html,2026-04-09T11:41:05+06:00,kyrgyz,0,high,,news_site
76f27605-ad59-4faf-98dc-d7ece17c414b,Фоточек: Алп жылкылардын уникалдуу сүрөттөрүбү же фотомонтажбы? [split],"Бир караганда бул сүрөттөр чыныгы сүрөттөй болуп көрүнөт: адамдардын кийимдери, алардын артындагы үйлөр – бардыгы XX кылымдын башындагы доорго туура келет. Бирок үңүлүп караганда алардын жасалма экендигин айгинелеген айрым каталарды байкаса болот. Бирок алар фотомонтажга эмес, жасалма интеллекттин жардамы менен жасалган сүрөттөргөмүнөздүү каталар. Мисалы, сүрөттүн биринде ат жабдыгы аттын соорусуна гана бекитилген, төшүндө ал абада илинип турат. Ушул эле жабдык аттын артында асманда илинип турат, андан ары ал жөн эле абага сиңип жок болуп кетет. Ошондой эле аттын башындагы жүгөндүн бир бөлүгу каякта экени белгисиз. Башка сүрөттө аттын оң жагында турган адамдын колуна көңүл бурсак. Анын манжалары таңгаларлык узун жана бүдөмүк. Жасалма интеллектин адамдардын мүчөлөрүн туура эмес тартышыкөп учурайтжана бул айрым изилдөөлөрдүн жана дискуссиялардын, ошондой элетамашалардынтемасына айланган. The Jasper Whispererжасалма интеллектин иштеп чыккандардын бириmedium’дагы блогдо адамдын мүчөлөрүн тартууда эмне үчүн ушуга окшош маселелер жараларын айтып берген. Буга бир нече факторлор таасир этет. Анын негизгиси – адамдын колу денесинин татаал бөлүгу болуп саналат, аны тартууда ал эмес сүрөтчүлөр көп кыйналышат. Бул сүрөттөрдү жасалма интеллект жаратканына дагы бир далил катары Mervyn Chapman деген колдонуучу 8-апрелде Midjourney Official тобундажарыялагансүрөттөрдү келтирсек болот. Алп куштар, адамдан да чоң үй жаныбарлары, үлүл-адам – жасалма интеллект жараткан сүрөттөр. Алардын арасынан биз текшерген сүрөттөрдүн бирин көрсөк болот. Тыянак: фотофейк.Алп жылкылардын сүрөттөрүн жасалма интеллектин жардамы менен жаратышкан жана алардан толтура каталарды тапса болот.",factcheck.kg,https://factcheck.kg/ky/fotochek-unikalnye-fotografii-gigantskih-loshadej-ili-fotomontazh/,,kyrgyz,1,0.69,https://factcheck.kg/ky/fotochek-unikalnye-fotografii-gigantskih-loshadej-ili-fotomontazh/,fact_check
bc90cb3a-c077-40f1-ac84-44b284caf1d0,ЖК Канат Чыныбаевди Өзгөчө кырдаалдар министри кызматына талапкерлигин жактырды,"Жогорку Кеңеш Канатбек Чыныбаевди өзгөчө кырдаалдар министри кызматына дайындоого макулдук берди.  Мындай чечим бүгүн, 11-мартта парламенттин жалпы жыйында кабыл алынды. Талапкерди парламенттин жыйынында президенттин жана министрлер кабинетинин Жогорку Кеңештеги туруктуу өкүлү Бектур Зулпиев тааныштырды. Эскерте кетсек, 10-мартта Президент Садыр Жапаров Канатбек Чыныбаевди Өзгөчө кырдаалдар министринин милдетин аткаруучу кылып дайындоо жөнүндө жарлыкка кол койгон. Ал мурда Өзгөчө кырдаалдар министринин орун басары болуп иштеген.",24.kg,https://24.kg/kyrgyzcha/365452_jkkanat_chyinyibaevdi_ozgocho_kyirdaaldar_ministri_kyizmatyina_talapkerligin_jaktyirdyi/,,kyrgyz,0,high,,news_site
d657b57b-b9f4-47ee-8d45-dfe59c329040,Бишкекте «Манас» маданий борбору курула баштады,"Бүгүн, 23-мартта Бишкекте жаңы «Манас» маданий борборунун курулушуна мезгил кутучасы салынды. Иш-чарага президенттин Иш башкармалыгынын башчысы Каныбек Туманбаев катышып, жаңы заманбап «Манас» комплексинин курулушуна расмий түрдө старт берди. Имараттын жалпы аянты 6681 чарчы метрди түзөт. Долбоордун алкагында курулуш үчүн 2 гектар жер тилкеси бөлүнгөн. «Манас» комплекси улуттук маданиятты өнүктүрүү, тарыхый-маданий мурастарды сактоо жана ар кандай деңгээлдеги иш-чараларды өткөрүү үчүн ыңгайлуу шарттарды түзүүгө багытталган уникалдуу маданий борбор болуп саналмакчы. Белгилей кетсек, курулуш иштерин 2027-жылдын экинчи кварталында аяктоо пландалууда. «Манас» борбору толугу менен өзүн-өзү каржылаган, чыгымдарын өз кирешесинин эсебинен жапкан маданий комплекс болот.",24.kg,https://24.kg/kyrgyzcha/367085_bishkekte_manas_madaniy_borboru_kurula_bashtadyi/,,kyrgyz,0,high,,news_site
b61de1ad-f9d8-465e-a4cf-fbdae5285fab,"Кыргыз-Түрк ""Манас"" университетинде ачык асман алдында ооз ачуу программасы болуп өттү","Университеттин кампусунда уюштурулган иш-чарада 8 миңден ашуун адам ачык асман алдында ооз ачышты Кыргыз-Түрк ""Манас"" университетинин Чыңгыз Айтматов атындагы кампусунда беш жылдан бери үзгүлтүксүз өткөрүлүп келе жаткан салттуу ачык асман алдында ооз ачуу программасында болжол менен сегиз миң адам бир дасторкондо чогулду. Иш-чарага министрлер, элчилер, мамлекеттик жетекчилер, окутуучулар, студенттер жана шаар тургундары катышты. Көчө бою коюлган дасторкондордун айланасындагы бактар жана ректорлук имаратынын алды Рамазан айына мүнөздүү чырактар менен кооздолуп, кампус майрамдык маанайга бөлөндү. КТМУнун ректору, профессор Алпаслан Жейлан жана биринчи проректор, саясий и.к., доцент Алмаз Ибраев конокторду тосуп алып, андан соң алар Илим, жогорку билим берүү жана инновациялар министри Гүлзат Исматова жана Түркиянын Бишкектеги элчиси Мекин Мустафа Кемал Өкем менен бирге катышуучулардын табактарына өз колдору менен тамак салып беришти. Чыңгыз Айтматов кампусунда Рамазандын берекеси Иш-чаранын алкагында кампуста түрдүү маданий программалар уюштурулуп, сый-тамактар даярдалды. Иш-чара өткөн жер Түркия жана Кыргызстандын желектери менен кооздолду. Кампус аймагында уюштурулган 12 тамак таратуу пунктунда 8 миң адамга ооз ачар тамагы берилди. Түркиянын Бишкектеги элчилигинин Дин кызматтары боюнча кеңешчилигине караштуу дин кызматкери Шакир Байыр азан окугандан кийин миңдеген адамдар бир убакта ооз ачышты. Иш-чарада студенттер жана конокторго Рамазан айынын салтын уланткан ""тиш акы"" белектери таратылды. Катышуучуларга ар түрдүү сый тамактар менен катар түрк ашканасынын салттуу даамдарынын бири болгон ""Османлы мажуну"" да сунушталды.",vesti.kg,https://vesti.kg/kg/koom/item/148707-kyrgyz-turk-manas-universitetinde-achyk-asman-aldynda-ooz-achuu-programmasy-bolup-ottu.html,2026-03-10T15:04:28+06:00,kyrgyz,0,high,,news_site
7b63b6ba-7b5a-4a49-b881-5cc278779c75,"Бишкек, Чүйдө кене чагып, доктурга кайрылгандар көбөйдү","Кыргызстанда кене чагып, ооруканага кайрылгандар соңку күндөрү көбөйө баштаганын Ооруларды алдын алуу жана мамлекеттик санитардык-эпидемиологиялык көзөмөл департаменти билдирди. Мекеменин 21-апрелдеги маалыматына караганда, быйыл жыл башынан бери кене чагып алган 128 адам дарыгерге кайрылган, алардын көбү Бишкекте жана Чүйдө.Жалпысынан 189 адам энцефалитине каршы эмдөө алды.Адистер адатта жаз-жай айларында кене чагып алгандар көп катталарын, талаа-тоого чыкканда абайлоо керектигин эскертип келишет. Ошондой эле Ала-Арча, ""Теплые ключи"", Кегети капчыгайы жана Токмок токой чарбасына барбай туруу сунушталды. Расмий маалымат боюнча өткөн жылы кене чагып алган 713 учур катталган. Кене энцефалити адамдын борбордук нерв системасын жабыркатуучу вирустук илдет. Адам алгач бир аз алсырап, ооруксунуп, көп өтпөй жакшы болуп калат. Бирок болжол менен бир аптадан кийин оорунун экинчи фазасы башталып, бейтаптын денеси ысып, башы ооруй баштайт. (КЕ)",azattyk.org,https://www.azattyk.org/a/33736913.html,2026-04-21T11:50:02+06:00,kyrgyz,0,high,,news_site
46dc01e3-2125-4d19-b962-feb09130502d,16-январга карата аба ырайы,"Эртең, 16-январда Талас облусунун көпчүлүк аймактарында, Чүй, Жалал-Абад, Баткен, Ысык-Көл, Нарын облустарынын айрым жерлеринде кар жаашы күтүлөт. Күндүз Чүй, Талас, Жалал-Абад, Баткен облустарынын көпчүлүк аймактарында, Ош, Ысык-Көл, Нарын облустарынын айрым жерлеринде жаан, кар, тоолуу райондорунда кар жаашы күтүлөт. Абанын температурасы: Чүйдө түнкүсүн −3...+2 күндүз 1...6 Таласта түнкүсүн −3...+2 күндүз 2...7 Баткенде түнкүсүн −3...+2 күндүз 5...10 Ош, Жалал-Абад облустарында түнкүсүн −3...+2 күндүз 5...10 Ысык-Көлдө түнкүсүн −1...-6 күндүз 0...5 Нарында түнкүсүн −20...-25 күндүз −8...-13 Бишкекте түнкүсүн −1° ...+1°, күндүз 4...6° болот",24.kg,https://24.kg/kyrgyzcha/358004_16-yanvarga_karata_aba_yirayyi/,,kyrgyz,0,high,,news_site
69a100b4-5eb2-47bd-9c8c-5e4c064e060b,Видеочек: Чолпон-Атанын үстүндө БУО – чынбы же калппы?,"Блогер AslanЧолпон-Ата шаарындагы метеостанциянын үстүндө абада калкып турган белгисиз учуучу объектинин (БУО) видеосун Instagram жана Tik-Tok коомдук тармактарына жайгаштырган. Автордун айтымында, ал iPhone 15 pro max смартфонуна тартылган. Бир нече күн аралыгында видеону көрүүнүн санынTik-Tok’то4 миллионго, ал эмиInstagram’да1 миллионго жеткен. Жалпысынан видеого 14 миңден ашык пикир калтырылган. Видео ал эмесказак сайттарындада жарыяланган. Көрүүчүлөрдүн көбү видео калп деген пикирде болгону менен, анда тартылган нерсени чын көрүп, БУО жакшы сапатта тартылганы үчүн авторго ыраазычылыктарын билдиргендер да болгон. Ушуга байланыштуу Factcheck.kg редакциясы блогер Аслан чынында эмне жарыялаганын аныктап чыгууну туура көрдү. Видеону текшерип жатып видеофейкти жасоого негиз боло алган окшош видеороликтерди же фотосүрөттөрдү табыш керек, же анын чындыгын далилдеш керек.InVIDонлайн кызматы видеону кадрларга бөлүштүрүп берет, андан кийин аларды сүрөт боюнча артка издөө үчүн колдонсо болот же ар бир кадрды тыкыр изилдеп чыгуу зарыл.",factcheck.kg,https://factcheck.kg/ky/videochek-nlo-nad-cholpon-atoj-pravda-ili-net/,,kyrgyz,1,0.72,https://factcheck.kg/ky/videochek-nlo-nad-cholpon-atoj-pravda-ili-net/,fact_check
c2fb4cd4-920d-40b0-aea9-854efc51d5ba,"Нуржигит Кадырбеков, «Ыйман нуру»: “Биз штабдарды ачкан жокпуз” – жалган [split]","“Партия сөзсүз штабдарды ачышы керек деген талап жок. Мисалы, биз штабдарды ачкан жокпуз. Каражатыбыз чектелүү”, – деди ал. Factchek.kgбул маалыматты текшерип көрдү. Кадырбековдун сөзүн төгүндөп, окурманыбыз партиянын штабынын сүрөтүн жөнөттү. Сүрөт “Ыйман Нуру” партиясынын талапкери Мирлан Даанышмандын Facebook баракчасында 5-октябрь күнү жүктөлгөнү маалым болду. Жыйынтык: жалган.",factcheck.kg,https://factcheck.kg/ky/nurzhigit-kadyrbekov-yjman-nuru-u-nashego-politobedineniya-na-tekushhih-vyborah-net-shtaba-nepravda/,,kyrgyz,1,0.75,https://factcheck.kg/ky/nurzhigit-kadyrbekov-yjman-nuru-u-nashego-politobedineniya-na-tekushhih-vyborah-net-shtaba-nepravda/,fact_check
dbf2d362-0ae7-4f20-b1b2-68d6c52c1144,БУУ: Жаңжал курчугандан бери Иранда кеминде 21 киши дарга асылды,"Жакынкы  Чыгыштагы жаңжал курчугандан бери Иранда кеминде 21 киши дарга асылды жана 4 миңден көп киши кармалды. Мындай маалыматты БУУнун Адам укуктары боюнча кеңсеси таратты. Ага ылайык, бери дегенде 9 киши быйыл январда болгон толкундоолорго байланыштуу дарга асылды, 10 кишиге оппозициялык топко кирген, экөөнө тыңчылык кылган деген айып тагылган. Ал эми 4 миңден ашуун киши улуттук коопсуздукка байланышкан дооматтын негизинде кармалды. «Бийлик Иран элинин укуктарын аеосуз жана катаал жол менен чектөөнү улантууда», - депайттыБУУнун Адам укуктары боюнча жогорку комиссары Волкер Түрк. Буга чейин Amnesty International эл аралык укук коргоо уюму ок атышпоо келишими гуманитардык кризистин курчушун токтото албасын, Ирандын эли бир жагынан согуштан, экинчи жагынан репрессиялардан жапа чеккенин билдирген. Укук коргоочулар Ислам жумурияты өлүм жазасын ишке ашыруу боюнча жан башына алганда дүйнөдө алдыңкы орундарда турганын белгилешет. Ирандагы адам укуктарынын абалына байкоо салган Норвегиядагы уюм жана Парижде жайгашкан Өлүм жазасына биргелешип каршы туруу уюму өткөн жылы Иранда кеминде 1 миң 639 киши дарга асылганын кабарлашкан.",azattyk.org,https://www.azattyk.org/a/33745422.html,2026-04-29T23:44:40+06:00,kyrgyz,0,high,,news_site
359eed05-3671-418f-b966-0a0731880ffe,Эдил Байсалов Кыргызстандын АКШдагы элчиси болуп дайындалды,"Президент Садыр Жапаров кол койгон жарлыкка ылайык, Эдил Байсалов мурда ээлеген кызмат ордунан бошотулуп, Кыргызстандын АКШдагы элчиси болуп дайындалды. Бул тууралуу маалымат президенттин сайтына 9-апрелде жарыяланды. Эдил Байсалов Министрлер кабинетинин төрагасынын орун басары кызматынан кетип жатканын өзү бүгүн 9-апрелде Салижан Жигитовдун 90 жылдыгына арналган симпозиумда сүйлөп жатып билдирген. Буга чейин Байсалов Кыргызстандын АКШдагы элчилик кызматына дайындалары тууралуу маалымат тараган. 48 жаштагы Эдил Байсалов соңку 25 жылдан бери активдүү саясатчылардын бири. Ал саясатка укук коргоочу катары келип, соңку жылдары Кыргызстандын Улуу Британиядагы элчиси болгон, 2021-жылдан бери вице-премьерлик кызматты ээлеп келди. Вице-премьерлик кызматта турганда Байсалов өкмөттүн позициясын активдүү коргоп келди. Анын дарегине парламенттин айрым депутаттары, жарандык коомдун өкүлдөрү сын айткан учурлар болду. (ZKo)",azattyk.org,https://www.azattyk.org/a/33728512.html,2026-04-09T17:47:47+06:00,kyrgyz,0,high,,news_site
7ef07d3f-f76a-4dcf-b287-458e3f0bf8d8,Өзбекстанда каракалпак активисти Тажимуратовдун абак мөөнөтүнө дагы беш жыл кошулду,"Өзбекстанда 2022-жылдагы Каракалпакстан окуяларына байланыштуу ошол акциялардын лидери катары кармалып, 16 жылдык жаза мөөнөтүн өтөп жаткан каракалпак активисти Даулетмурат Тажимуратовго дагы кошумча беш жыл кошулду. Навоиде сот аны ""өтө кооптуу рецидивист"" деп атап, шарты катаалыраак колонияга которууну токтом кылды. Укук коргоочулар жаңы өкүм активисттин абактагы жаза мөөнөтүн узартуу гана эмес, аны мындан ары да изоляцияда кармап, басымды күчөтүүгө түзүлгөн шарт деп атап жатышат. 46 жаштагы Тажимуратов Навои шаарындагы күчөтүлгөн тартиптеги колонияда отурат. Бул жолу ага жаза аткаруу мекемесинин ишин уюштурууга тоскоолдук жараткан деген мазмундагы айып тагылды. Тажимуратов Каракалпакстандагы 2022-жылдагы нааразылык акциясы учурундагы окуялар боюнча айыптуу дептабылган. Ал «Өзбекстанда бийликти басып алуу жана конституциялык түзүлүштү кулатуу максатында кутум уюштуруу» жана «жапырт башаламандык уюштуруу» деген айыптардын негизинде 2023-жылы 16 жылга эркинен ажыратылган. Өзбекстанда 2022-жылы Конституцияны өзгөртүү демилгеси көтөрүлүп, өлкө курамындагы Каракалпакстан автоном республикасында нааразылык чыккан. 1-2-июлдагы борбор калаа Нукустагы митингдер күч менен басылганда кан төгүлгөн. Өзбек бийлиги 21 адам каза тапканын, 243 адам жараат алганын кабарлаган. 500дөн ашуун адам кармалган. Президент Шавкат Мирзиёев Каракалпакстанга барып, Баш мыйзамдагы бул республикага таандык мурдагы беренелер өзгөртүүсүз калтырыларын айткан.",azattyk.org,https://www.azattyk.org/a/33748633.html,2026-05-04T14:58:54+06:00,kyrgyz,0,high,,news_site
9eab18f1-4600-4f06-851c-b6f62cb5f86a,Дүйнөнү Ротшильд аттуу жаран башкарат деген маалымат — фейк,"Яков Ротшильд аттуу жаран дүнүйөсүнүн көптүгү  жагынан алдына эч кимди салбаган адам болгондуктан, ал дүйнөнү башкарат деген маалымат социалдык тармактарда  пайда болду. Бул маалымат  бир нече жылдан бери айтылыпкелгендиктен,Factcheck.kgРотшильддин чыныгы капиталын текшерип көрүүнү чечти. А дегенде эле тексттеги көптөгөн грамматикалык жана орфографиялык каталарга көңүл бурабыз. Текст бир жерден көчүрүп алынбай, кол менен терилгени белгилүү болот. Мындан тышкары төмөнкү мүчүлүштүктөрдү байкайбыз: Наполеон 1769-жылы, ал эми Джейкоб Ротшильд 1936-жылы туулганын белгилейбиз. Цитатаны интернет булактарынан издөө аркылуу сүрөттүн алгачкы чыгарылышын табабыз. Анда цитата орус тилинде начар сапатта которулганын аңдадык. «Саламатсыздарбы, менин атым Джейкоб Ротшильд.Менинүй-бүлөм 500 триллион долларга ээ.Биз дүйнөнүн бардык борбордук банктарына ээлик кылабыз. Наполеондун мезгилинен тарта биз согушкан эки тарапты тең каржылап келебиз. Сиздердин жаңылыктар, жалпыга маалымдоо каражаттар, муңайзат жана сиздердин өкмөт — баары бизге таандык. Сиз биз тууралуу буга чейин такыр укпасаңыз керек». Сүрөттө көрсөтүлгөндөй, цитатада кошумча маалымат болгон жана англис тилинен орус тилине которулган текстте көптүк түр жеке түргө өтүп кеткен. Мындан тышкары, бул жеке адамдын айтылган сөзү эмес, финансисттин жалпы жонунан ойлоп тапканы экени белгилүү болду. Ротшильддин үй-бүлөсү дүйнөнү башкаргыдай каражатка ээлик кылабы, текшерип көрүү зарыл. 2019-жылга карата бүткүл дүйнөдөгү жалпы каражат 361 триллион долларданашкан эмес.",factcheck.kg,https://factcheck.kg/ky/rotshild-hozyain-mira-nepravda/,,kyrgyz,1,0.55,https://factcheck.kg/ky/rotshild-hozyain-mira-nepravda/,fact_check
86c5dcf6-840e-4b15-8949-3ad02dfbb186,28-январга карата аба ырайы,"Эртең, 28-январда Жалал-Абад облусунун көпчүлүк аймагында, Чүй, Талас, Ош, Баткен, Ысык-Көл, Нарын облустарынын айрым жерлеринде кар жаашы күтүлөт. Күндүз Талас, Баткен облустарынын көпчүлүк аймагында, Чүй, Ош, Жалал-Абад, Ысык-Көл, Нарын облустарынын айрым жерлеринде кар жаашы күтүлөт. Абанын температурасы: Чүйдө түнкүсүн 0...-5 күндүз 3...8 Таласта түнкүсүн −2...-7 күндүз 1...6 Баткен облусунда түнкүсүн −3...+2 күндүз 2...7 Ош, Жалал-Абад облустарында түнкүсүн −3...+2 күндүз 2...7 Ысык-Көлдө түнкүсүн −1...-6 күндүз 0...5 Нарында түнкүсүн −15...-20 күндүз −3...-8 Бишкек шаарында түнкүсүн 0...-2°, күндүз 6...8° болот.",24.kg,https://24.kg/kyrgyzcha/359482_28-yanvarga_karata_aba_yirayyi/,,kyrgyz,0,high,,news_site
36654d56-dd60-4fc3-8c4b-618dfb1a86bb,Дипфейктер деген эмне жана эмнеси менен алар коркунучтуу? [split],"Мисалы, 2019-жылы кылмышкерлер жасалма интеллектин негизиндеги программаны колдонуп, 220 000 евро накталай акчаныуурдап алышкан. Британдык энергетикалык компаниянын генералдык директору өзүнүн жетекчиси менен сүйлөшүп жатам деген ойдо болуп, венгерлик өнөккө акча которгон. Euler Hermes Group SA камсыздоочу компаниянын билдирүүсу боюнча, чалган адам ылдамдыкты талап кылган өтүнүч деп, каражат бир сааттын ичинде төлөнүшү керектигин айткан. 2021-жылыКытайда эки шылуундипфейктин жардамы менен салык кызматынын адамдын жүзүн аныктоо системасын алдашып, $76,2 млн каражатты чыгарып кетишкен. Аферисттер дипфейк-тиркемелердин жардамы менен адамдардын фотосүрөттөрүн иштетишкен. Андан соң эч ким ажырата албагандай кылып фотодогу жана видеодогу адамдардын жүздөрүн өзгөртүшкөн. Мына ушундай жол менен алар кытай идентификациялоо системасын алдашкан. 2022-жылы шылуундар дипфейкти жумушка орношуу үчүнколдонушкан. Бул тууралуу ФБРдын Интернет-кылмыштарга даттануулар борбору билдирген. Алардын билдирүүсү боюнча, шылуундар маалыматтык технологияларга жана программаларга байланыштуу алыстан иштесе боло турган жумуштарды издешет. Аларды компаниялардын кардарлары тууралуу маалыматтары жана корпоративдик IT-базалары кызыктырат. Шылуундар резюмеде башка адамдардын сүрөттөрүн колдонушкан. Ошол эле кезде бул технологияны жакшы максатта колдонуунун толтура мисалдары бар, мисалы, кинематографияда жана жарнамада. 2021-жылы Хью Джекмандын катышуусундагы “Эскерүү” (“Воспоминание”) деген тасмага элдин кызыгуусун күчөтүш үчүн Warner Bros дипфейк-технологияныколдонууну чечкен. Каалаган адамсайткакирип, өзүнүн сүрөтүн жүктөп Джекман менен бирге промороликтин каарманы боло алмак. Система сүрөт боюнча адам жүзүнүн кыймылын түзөт эле. (select an image) Synthesia британ компаниясы маляриянын коркунучу тууралуу Дэвид Бекхэмдин катышуусундагы соцроликти тартууда дипфейк-технологияны колдонгон. Роликте Бекхэм тогуз тилде сүйлөйт. Жасалма интеллект ар башка тилде айтылган сөздөрду Бекхэм өзү айтып жаткандай кылган. Орусиялык Сбербанк дагы дипфейк-технологияларды колдонуп, “Иван Васильевич кесибин алмаштырат” деген тасманын каарманы Жорж Милославскийди “тирилткен”. Биз көргөндөй, дипфейктерди жаратуу технологиялар жыл сайын улам татаалдашууда, аны менен катар сапаты жакшырып, аларды чындыктан ажыратуу да улам оорлоп барат. Эмки макалада дипфейкти аныктоо жолдору, ага керек болгон аспаптар жана технологяилар тууралуу айтып бермекчибиз.",factcheck.kg,https://factcheck.kg/ky/chto-takoe-dipfejki-i-pochemu-oni-opasny/,,kyrgyz,1,0.85,https://factcheck.kg/ky/chto-takoe-dipfejki-i-pochemu-oni-opasny/,fact_check
0559efa3-b970-4543-8bc2-2ea8f8dfedda,Балыкчы-Тоң жолунда каргашалуу кырсык болду. Каза болгондор бар,"Балыкчы-Тоң жолунда өлүмгө алып келген оор жол кырсыгы болду. Алдын ала маалыматтарга караганда, жеңил унаанын айдоочусу рулду башкара албай калып, даракка урунган. Кырсык болгон жерден тартылган видео социалдык медиада таралууда. Видеодо каза болгондордун сөөктөрү көрсөтүлгөн. Каза болгондордун так саны азырынча белгисиз. Учурда укук коргоо органдарынан расмий комментарий болгон эмес.",24.kg,https://24.kg/kyrgyzcha/370633_balyikchyi-ton_jolunda_kargashaluu_kyirsyik_boldu_kaza_bolgondor_bar/,,kyrgyz,0,high,,news_site
2778c018-f6d0-4117-a73c-3771a38d4fe3,Куткаруучулар жапониялык эки туристти Ала-Арча капчыгайынан алып түштү,"Куткаруучулар Жапониянын эки жаранын Чүй облусундагы Ала-Арча мамлекеттик паркындагы “Таажы” чокусундагы алачыктан алып түшүштү. Бул тууралуу Өзгөчө кырдаалдар министрлиги 5-майда кабарлады. Маалыматка караганда, туристтердин бирөө өзүн жаман сезип, 112 кызматына кайрылган. Туристтерди куткарууга 8 куткаруучу тартылып, жабыркаган адамга алгачкы медициналык жардам көрсөтүлдү. Экинчи адамдын абалы туруктуу деп бааланды. Жыйынтыгында экөө тең шаарга алып келинип, Бишкекте ооруканага жеткирилди. ""Таажы"" (Корона) чокусу – Ала-Арча капчыгайындагы Ак-Сай мөңгүсүнүн чокусунда жайгашкан, бийиктиги 4860 метр. Кыргызстанда соңку жылдары тоо жана спорт туризми - альпинизм жандана баштады. Кыргызстандын бийик тоолору дүйнөдөгү альпинизм менен машыккан спортчуларды кызыктырат. Жыл сайын жүздөгөн альпинисттер өлкөгө келип кетет. Ошол эле маалда кырсыкка кабылгандары да бар. (КЕ)",azattyk.org,https://www.azattyk.org/a/33750384.html,2026-05-05T17:25:13+06:00,kyrgyz,0,high,,news_site
e631fd6b-e4dd-4d3e-a9ba-d944a60a8bec,Газа: Аббастын тарапкерлери муниципалдык шайлоодо алдыга чыкты,"Газа тилкесиндеги Дейр-эль-Балах шаарындагы муниципалдык шайлоодо Палестин автономиясынын лидери Махмуд Аббастын тарапкерлери (ФАТХ кыймылы) жеңишке жетти. Шайлоо Израил окупациялап алган Батыш жээкте да өтүп, ФАТХ кыймылынын өкүлдөрү көпчүлүк добуш алышты. Бул тууралуу шайлоо комиссиясынын өкүлдөрүнө таяныпReuters жазды. Бул соңку 20 жылда Дейр-эль-Балах шаарында (Газанын бир бөлүгүндө) өткөн алгачкы добуш берүү. Ага катышуу деңгээли Газада 23%, ал эми Батыш жээкте 56% түзгөнүн Рамаллада жайгашкан Борбордук шайлоо комиссиясынын башчысы Рами аль-Хамдалла билдирди. ХАМАСка жакын деп эсептелген «Дейр-эль-Балах бизди бириктирет» аттуу кыймыл шаардык кеңештеги 15 орундун болгону экөөнү гана алды. ХАМАС АКШ менен Евробиримдикте террордук деп эсептелет. Ал эми ФАТХ кыймылы колдогон «Нахдат Дейр-эль-Балах» тизмеси алты мандат алып жеңишке жетти. Калган орундарды көз карандысыз талапкерлер бөлүштүрдү. ФАТХ партиясы 1950-60-жылдары түзүлгөн. Анын негиздөөчүлөрүнүн бири Ясир Арафат болгон. Учурда ФАТХ Батыш жээкте бийлик жүргүзүп, эл аралык коомчулук менен сүйлөшүүлөрдү алып барган негизги саясий күч болуп эсептелет. ХАМАС шайлоону расмий бойкот кылып, Газада да, Батыш жээкте да талапкерлерди көрсөтпөдү. Ошентсе да Дейр-эль-Балахтагы жыйынтыктар бул топко болгон колдоонун деңгээлин көрсөтүшү мүмкүн деп бааланууда. Палестин автономиясынын премьер-министри Мохаммед Мустафа шайлоо «өтө татаал шартта, оор маселелердин жана өзгөчө кырдаалдын фонунда» өткөнүн айтып, аны демократиялык институттарды жана улуттук биримдикти бекемдөөгө карай «маанилүү алгачкы кадам» деп атады. Эксперттердин айтымында, ФАТХтын жеңиши шайлоочулар эл аралык колдоого жана акырындык менен саясий өзгөрүүлөргө умтулуп жатканын көрсөтүшү мүмкүн. Муниципалдык шайлоолор 183 конушта өттү. Айрым шаарларда атаандаштык болбогондуктан добуш берүү болгон жок. Ал жакта талапкерлер автоматтык түрдө шайланды.",azattyk.org,https://www.azattyk.org/a/33743591.html,2026-04-27T21:31:23+06:00,kyrgyz,0,high,,news_site
c1847bc9-6550-4c64-89cd-944ff317881a,Чек ара чырынан жабыр тарткан балдар тууралуу маалымат – Фейк,Социалдык тармактарда денеси күйгөн жаш балдардын сүрөттөрү жайылды. Балдар тажик аскерлеринен жабыр тартканы айтылат. Биздин реадакцияга бул маалыматты текшерип берүү өтүнүчү менен окурмандарыбыз кайрылды. Маалыматка ишендирүү үчүн чек ара жаңжалынын курмандыгы болгон 12 жаштагы Мадинанын сүрөтү да тиркелген.,factcheck.kg,https://factcheck.kg/ky/informacziya-o-postradavshih-detyah-vo-vremya-pogranichnogo-konflikta-fejk/,,kyrgyz,1,0.6,https://factcheck.kg/ky/informacziya-o-postradavshih-detyah-vo-vremya-pogranichnogo-konflikta-fejk/,fact_check
571e4f63-280c-442f-9486-8a900abef4da,2022-жылы аткаминерлердин авиа учууларына  бюджеттен 179 млн сом сарпталган,"2022-жылдын башынан бүгүнкү күнгө чейин”Авиакомпания Эйр Кей Джи” ЖЧК‎ташыган өлкөнүн жогорку жетекчилигинин авиа учууларынын чыгымын жабууга Кыргыз Республикасынын бюджетинен 178 млн 804 миң сом жумшалган. Бул былтыркы жылга салыштырмалуу дээрлик эки эсе көп. Былтыр январь-сентябрь айлар арылыгында чыгымдар 98 млн сомдутүзгөн. Болгондо да бул бир гана ушул авиакомпанияга байланыштуу чыгымдар, бул суммага президенттин бизнес-джеттеги учуулары кирген эмес. Муну “Ачык бюджет” порталынан билүүгө мүмкүн болду. Журналисттер бул маалыматтарды мекемелер коммерциялык фирмаларга кызматтары үчүн акча которгондугу тууралуу графадан таап алышты: Тилекке каршы, КР Юстция министрлигинде «Эйр кей джи» компаниясы 2013-жылы катталганы менен “Ачык бюджет” порталында быйылкы жылдын жана 2019-жылдын гана маалыматтары бар. Компания “Манас” эл аралык аэропортуна таандык. Белгилей кетүүчү жагдай, 2019-жылы аткминерлердин авиа учууларынын чыгымы 138 млн сомду түзгөн.",factcheck.kg,https://factcheck.kg/ky/v-2022-godu-iz-gosbyudzheta-bylo-potracheno-179-millionov-na-aviaperelety-chinovnikov/,,kyrgyz,1,0.8,https://factcheck.kg/ky/v-2022-godu-iz-gosbyudzheta-bylo-potracheno-179-millionov-na-aviaperelety-chinovnikov/,fact_check
185ff1f3-73e2-4b07-a8c6-eedaebeeca61,Чек ара чырына байланыштуу фейктер тарады. Фактчек [split],"Сүрөттө сөз болуп жаткан тик учак Орусияга таандык —  kamov ka-52 alligator 98 учагы. Кыргызстандын Улуттук коопсуздук боюнча мамлекеттик комитети комментарий тажик аскерлери Ми-24 тик учагы менен гана Баткен районундагы Төрт-Көчө жана Чыр-Дөбө аймактарын аткылаганын билдирди. Ал төмөнкү тик учак экенин көрүүгө болот. Видеоплеер Үчүнчү сүрөт:29-апрелде айрым кыргызстандык басылмалар ушул сүрөттү таркатты. Анда Тажикстан тараптан ок атуу күчөп жатканы айтылган. Сүрөттү Google аркылуу издөө салдык. Тартым 2019-жылы интернет желесине тараганы белгилүү болду. Бул окуя 2019-жылдын 6-ноябрында жүз берген. Куралчан 20 адам Тажикстандын борбор шаары Дүйшөмбүдөн 60 чакырым аралыкта жайгашкан «Султанабад» чек ара отрядына караштуу «Ишкобод» тозотунакол салган. Жыйынтык:Социалдык тармактардын кээ бир колдонуучулары жана айрым басылмалар жаңжалды өз пайдасына колдонуп, фейк сүрөттөрдү таратууда. Булак: T media",factcheck.kg,https://factcheck.kg/ky/kyrgyz-chek-ara-chyryna-bajlanyshtuu-fejkter-tarady-faktchek/,,kyrgyz,1,1.0,https://factcheck.kg/ky/kyrgyz-chek-ara-chyryna-bajlanyshtuu-fejkter-tarady-faktchek/,fact_check
31529eed-e3e5-433f-96b2-56c58ed0b1bd,Пайдалуу кеңеш: Эмне үчүн эртең менен суюк тамак ичүү керек?,"Эртең мененки режимиңизди кайра карап чыгып, күнүңүздү кадимки бутерброддордун ордуна жылуу шорпо менен баштоого аракет кылыңыз. Бул Азия өлкөлөрүндө кылымдар бою жасалып келген, анткени суюк, ысык тамак - тамак сиңирүүнү акырын стимулдайт, ашказанды ашыкча жүктөбөйт жана суук аба ырайында организмдин тезирээк ойгонушуна жардам берет. Ашказан үчүн жеңилбаштоопайдалуу Түнкү тыныгуудан кийин тамак сиңирүү системасы жумшак иштейт. Ысык шорпо ашказанды ашыкча жүктөбөйт, оңой сиңет жана ашказан-ичеги трактынын иштешин акырындык менен камсыз кылат. Кургак бутерброддордон же таттуу кондитердик азыктардан айырмаланып, ал кислотанын же оордуктун кескин көтөрүлүшүнө алып келбейт. Көпкө токсактайт Шорпо суюктуктан, жашылчалардан, белоктон жана кээде дан өсүмдүктөрүнөн турат. Бул айкалыш ашыкча калориясыз көлөм берет жана ачкачылыкты басат. Бир табак шорподон кийин, эртең мененки тамактан бир саат өткөндөн кийин жеңил тамактарды жана таттууларды жегиси келбей калат. Эртең менен тамактанганды жактырбагандар үчүн ылайыктуу. Көптөгөн адамдар эртең мененки тамакты толук жеш кыйын деп эсептешет. Ошондуктан кофе тамактын ордун басат. Жеңил шорпо — жашылча, тоок эти же балык — оор ботко же омлетке караганда сиңирүү оңой. Аны жай, кичинекей ууртамдар менен ашыкча салмактан арылбай жесеңиз болот. Арыктоодо жардам берет Шорпо кошулган эртең мененки тамактын калориясы, адатта, кондитер азыктары, сыр же колбаса кошулган классикалык варианттарга караганда төмөн. Ошондой эле, ал сизди узак убакытка ток кармайт. Ошондуктан шорполор көбүнчө арыктоо жана майрамдан кийинки калыбына келүү диеталарына киргизилет. Ден соолугуна кам көргөндөр үчүн ыңгайлуу Эртең менен бышыруу зарыл эмес Бул шорпо эртең мененки даярдоону талап кылбайт. Аны 1-2 күн мурун жасап, жөн гана кайра жылытса болот. Бул аны эртең мененки тамакка ботко же куурулган жумурткага караганда кем эмес ыңгайлуу кылат, бирок организм үчүн бир топ пайдалуу.",24.kg,https://24.kg/kyrgyzcha/358546_paydaluu_kenesh_emne_uchun_erten_menen_suyuk_tamak_ichuu_kerek/,,kyrgyz,0,high,,news_site
727ce443-972b-4b03-91e5-8a52fd1530e8,Этият болгула! Шылуундар жана Telegram Premium’га жазылууга «белектер»,"Бүгүнкү күндө жазылуулар жашообуздун ажырагыс бөлүгү болуп калды – музыкага, киного, фитнеске, коопсуздук тиркемелерине жана жада калса мессенжерлерге жазылабыз. Популярдуу жазылуулардын бири – Telegram Premium, ал тиркеменин функционалдуулугун жогорулатып, кеңейтелиген функцияларды колдонууга мүмкүндүк берет. Бирок, анын популярдуулугу киберкылмышкерлерди да өзүнө тартат – алар колдонуучуларды алдоо үчүн белекке берилген жазылуу мүмкүндүгүн жигердүү колдонуп келишет. Шылуундар кандай иштээрин, кандай схемаларды колдонорун жана алардын курмандыгы болбош үчүн эмне кылуу керек экенин айтып беребиз. Эң көп колдонулган жолдордун бири – Telegram’дагы сиздин контактыларыңыздын биринен (же өзүн сиздин таанышыңыз деп эсептеткиси келген бирөөнөн) келген билдирүүдөн башталат. Текстте сизге белек жөнөтүлгөнү айтылат – Telegram Premium’га бир жылга жазылуу (башка мөөнөт да көрсөтүлүшү мүмкүн, бирок шылуундар адатынча колдонуучулардын көбүн кызыктырган бир жылдык жазылууну колдонушат).",factcheck.kg,https://factcheck.kg/ky/ostorozhno-moshenniki-i-podarochnye-podpiski-na-telegram-premium/,,kyrgyz,1,0.6,https://factcheck.kg/ky/ostorozhno-moshenniki-i-podarochnye-podpiski-na-telegram-premium/,fact_check
b4fc95d5-db1c-4ef0-916d-d01d0066f767,Ызы чуусу көп «табып» Хашим Зейналиев Кыргызстандан чыгып кетти (сүрөт),"Ал өз ишмердүүлүгүн Оманда улантууну көздөйт деп билдирилет «Табып-онколог» Хашим Зейналиев Кыргызстандан чыгып кетти, ал Оманда туруктуу жашоого ниеттенип жатат. Бул тууралуу ЖМК билдирет. Зайналиевдин Оманда дарыгерлик кылууга уруксат алгандыгы белгилүү болду. Анын клиникасынын айрым бир оорулуулары анын кетишине нааразы болуп, элдик дарыгер деп аталган неменин артынан дарылануусун улантканы барышаарын билдиришти. Эске сала кетсек, Бишкек шаардык соту табып Хашим Зайналиевге дарыгерлик ишмердүүлүгүн улантууга тыюу салган.2018-жылы бештин айында «табып-онколог» Хашим Зайналиевге кылмыш иши козголгон, анткени анын мыйзамсыз дарыгерлигинин кесепетинен беш жаштагы кыз канындагы рак менен оор абалда ооруканага түшкөн.Саламаттык сактоо Министрлигинин маалымат катчысы Жылдыз Айгерчинова табыптын лицензиясы жоктугун бир канча жолу айткан, бирок ал ошого карабастан көп жылдан бери өз ишмердүүлүгүн улантып келди.2017-жылы жайында Зайналиевдин операциялык столунда оорулуу аял каза болгон, анткени ал анын эмчегин наркозу жок алып салууга аракет жасаган. Ошонун айынан ага «мыйзамсыз дарыгерлик кылуу» фактысы боюнча биринчи кылмыш иши козголгон. Вероника МалышеваСүрөт www",vesti.kg,https://vesti.kg/kg/den-sooluk-uchun/item/60616-yzy-chuusu-kop-tabyp-khashim-zejnaliev-kyrgyzstandan-chygyp-ketti-surot.html,2019-04-25T10:35:56+06:00,kyrgyz,0,high,,news_site
becd369e-6ccd-4c53-8e20-679617689921,ЖК төрагасы мугалимдин маяна маселеси боюнча 300дөй кайрылуу түшкөнүн айтты,"Жогорку Кеңештин 23-апрелдеги жыйынында мугалимдердин айлык акысына байланыштуу маселе көтөрүлдү. Депутат Токтобүбү Ашымбаева маяна жогорулагандан кийин кайсы бир айырмачылыктар болуп калышы ыктымал деген кооптонуу бардыгын айтып, мугалимдерден ушу тууралуу кайрылуулар арбын экенин белгиледи.""2022-жылы мугалимдердин айлык акысы көтөрүлгөндө предметтик коэффициенти бирдей болбой калган. Ошонун натыйжасында айлыкта айырмачылык кездешкен. Азыр дагы тынчсыздануунун жана кайрылуунун негизи ушунда болуп жатат. Эгерде коэффициент теңдештирилбесе айлыктын айырмачылыгы андан да чоң болот деген коркунуч бар. Эгерде тиешелүү министрликтер бул боюнча иш жүргүзүп жаткан болсо маалыматты кеңейтиш керек. Экинчиден, орто кесиптик окуу жайлардагы 10-11-класстардын предметтик мугалимдеринин коэффициенти мектептин мугалимдериникинен дагы төмөн болуп жатат деп кайрылууда"", - деди эл өкүлү.Жогорку Кеңештин төрагасы Марлен Маматалиев бул маселе боюнча 300дөн ашуун кат келгенин белгилеп, көйгөй чоңоюп кете электе түшүндүрүү иштерин жүргүзүүнү тапшырды.Кыргызстанда апрель айынан тартып мугалимдердин жана саламаттыкты сактоо кызматкерлеринин айлык акысы көтөрүлүүдө.Кыргызстанда 1-апрелден тартып бардык мугалимдердин жана дарыгерлердин айлык акысы 100 пайыз жогорулайт. Былтыр күзүндө президент Садыр Жапаров 2026-жылдын апрель айынан тартып мугалимдердин орточо айлыгы 26 миң сомдон 40 миң сом болуп көтөрүлөрүн билдирген. Кыргызстанда 2,5 миңдей мектеп бар, мугалимдер саны 80 миңден, окуучулар 1 миллиондон ашат. (КЕ)",azattyk.org,https://www.azattyk.org/a/33740585.html,2026-04-23T12:28:26+06:00,kyrgyz,0,high,,news_site
f030b8ea-de8f-47e2-9556-23d3cfffa403,Еврошаркет Орусияга каршы санкциялардын 20-пакетин жактырды. Тизмеде Кыргызстан бар,"Европа биримдиги Орусияга каршы санкциялардын 20-пакетин жана Украинага 90 млрд евро кредит бөлүү тууралуу макулдашты. «Азаттыктын» украин редакциясы шаркетте төрагалык кылып жаткан Кипрдин өкүлүнө шилтеме мененжазгандай, документке кол коюу жараяны 22-апрелде башталды жана бейшембиде аяктамакчы. «Украинага 90 млрд евролук кредит берүү жана санкциялардын 20-пакети Еврошарккеттин элчилери курган жыйындын күн тартибине киргизилген жана жактырылды», - деп билдирди дипломат. Эки маселе боюнча акыркы чечим кабыл алуу Венгрия менен Словакиянын каршылыгына байланыштуу кечеңдеди. Санкциялар пакети согуштун 4 жылдыгы алдында эле кабыл алынат деп күтүлгөн. Документте орусиялык мунай менен газга, танкерлерге, көмүскө флотуна, химикаттардын экспортуна, банк секторуна чектөө киргизүү каралган. Евробиримдик Кыргызстанга чара көрүү сунушун да киргизген. Ага ылайык, өлкөгө компьютерлердин санарип башкаруу (CNC) станокторун жана радиоэлектрондук жабдууларды сатууга тыюусалынышы ыктымал.Бул санкциялар менен Кыргызстанга алгачкы жолу товар сатууга бөгөт коюлганы турат. Брюссел өлкөгө импорттолгон кош максатта колдонулчу айрым товарлар санкцияларды буйтап өтүп, Орусияга реэкспорттолушу мүмкүн деп кооптонот. Жазалоочу чаралар күчүнө кирсе, Кыргызстан Евробиримдиктин бул өңдүү санкциясына кабылган биринчи мамлекет болуп калмакчы. Андан тышкары орусиялык жана үчүнчү өлкөлөрдүн 20 банктары менен иш алып барууга тыюу салынган. Арасында Кыргызстандагы “Керемет Банк”, “Капитал Банк” банктарын жана “ТенгриКоин” компаниясын да “кара тизмеге” киргизүү сунушун берген. Аталган банктарга ""криптоактивдер жана төлөм системалар жаатында кызмат көрсөтүп, Орусиянын Украинага каршысогушун колдогон"" деген кине коюлган. Санкциялык тизмеде Лаос, Азербайжан жана Армениянын банктары бар. Шаркеттин санкциялар боюнча атайын чабарманы Дэвид О'Салливан февралдын аягында Бишкекке келгенде Министрлер кабинетинин төрагасынын биринчи орун басары Данияр Амангелдиев кыргыз тарап кайсы бир коркунуч жаралса, чечимди акыл калчап, кесипкөйлүк негизде кабыл аларын, тышкы экономикалык операцияларды жүргүзүүдө мыйзам жана эрежелерди сактай турганын айткан. Кыргызстандын бийлиги жеке компанияларга колдонулган чараларды кескин айыптап, айрыкча банктарга салынган санкцияларды кайра алууну талап кылып келет.",azattyk.org,https://www.azattyk.org/a/33738026.html,2026-04-22T19:05:13+06:00,kyrgyz,0,high,,news_site
fce4ea77-50b9-4159-ba75-8b6bdceadc1b,"Айрым өлкөлөр коронавуристу сасык тумоо деп атап, эмдөө, тест жана карантинден баш тарттыбы? [split]","Бразилиягакиргендер үчүн 14 күндүккарантин каралган. Улуу Британияда11-февралдантарта өлкөгө киргендер карантинге алынбаганы менен тест оң жыйынтык берсе же илдеттин симптомдору байкалса, жеке изоляциякаралган. Испаниядабүгүнкү күнгө чейин изоляция менен карантинэрежелери иштейт. Мексикагакирүүдө чектөө жок болгону менен тест оң жыйынтык берсе же илдеттин симпомдору бар болсо, милдетүү түрдө 14 күндүк жеке изоляциякаралган. Сальвадордодагы өлкөгөкирүүдө чектөөлөр жок.Бирок өлкө президентинин буйругу менен каалаган убакта каалаган административдик-аймактык бирдик боюнча карантиндик чараларкөрүлүшү мүмкүн. 2021-жылдын 11-октябрынан тартаСингапургакирүүдө Саламаттык сактоо министрлигинин жөнөкөйлөштүрүлгөн протоколдору, аларда катуу карантиндик чаралардын ордуна “жеке жоопкерчилик жана өзүн-өзү башкаруу”каралган. Түркиягакирүүдө да белгилүү бирэрежелер иштейт. Чехияда5 күндүк карантин жана жекеизоляция күчүн жогото элек. Швецияда2022-жылдын 9-февралынан тарта ЕБ/ЕЭА өлкөлөрүнөн кирүүгө тыюу салынган эмес, бирок башка өлкөлөрдөн кирүүгө чектөөлөр 2022-жылдын 31-мартына чейинкүчүндө болот. Оң ПЦР-тести менен Японияга кирүүгө бардык адамдарга, ал тургай өлкөнүн жарандарынада тыюу салынган. 29-январга карата B.1.1.529 опциясы үстөмдүк кылган өлкөлөрдөн же аймактардан келген бардык саякатчылар жана кайтып келгендер Omicron Чет элдик иммигранттардын ден соолугун көзөмөлдөө борбору (HCO) тарабынан кийинки скринингден өтүү үчүн өзүн-өзү изоляциялап, 7 күн коомдук транспортту колдонбойтурушу керек. Жыйынтык:жалган. Аталган өлкөлөрдүн бири дагы карантиндер, ПЦР-тесттерден жана эмдөөдөн баш тарткан эмес.",factcheck.kg,https://factcheck.kg/ky/desyat-stran-otkazalis-ot-karantina-vakczinaczii-i-testov-obyaviv-koronavirus-grippom-proveryaem/,,kyrgyz,1,1.0,https://factcheck.kg/ky/desyat-stran-otkazalis-ot-karantina-vakczinaczii-i-testov-obyaviv-koronavirus-grippom-proveryaem/,fact_check
80aff7aa-2dc2-4855-b3ef-7e91caae3adc,"“Чикагодогу кофейня” тууралуу жаңылыкты таратып жаткан макоолордун баардыгына менден салам. Бул калп. Мени эч ким кескилеген да, урган да, аткан да жок. Азыркы учурда каржылык билими бар, акыл эси ордунда бир дагы адам штаттарда стартап ачпайт”.","Жакынкы күндөрдө Telegram-каналдарда Олег Газмановдун уулу Родионду Чикагодо сабап кетишти дегенкабар таркады. Ага ишенсек, атасы уулуна «СССР» деп аталган кофейняны белек кылган имиш. Анын ачылыш салтанатында Орусиянын гимни ойнолгон, ошондо мекеменин жаңы ээсине америкалыктар кол салып, сабап кетишкен. Бул жаңылык чоң резонансты жаратты, ал тууралуукоомдук тармактарда, ал эмесмаалыматтык сайттардажаза башташкан. Factcheck.kg сайтынын редакциясы чындыгында эмне болгонун аныктады. Белгилей кетсек, бул жаңылык өзгөчө 20-21-июлдарда катуу талкууга алынды, ошол эле кезде бир дагы Telegram-канал же сайт маалыматтын баштапкы булагын көрсөтпөдү. Ал эми 21-июлда Родион Газманов «ВКонтакте» коомдук тармагындагыөз барагында ролик жайгаштырган.",factcheck.kg,https://factcheck.kg/ky/syna-olega-gazmanova-rodiona-izbili-v-chikago-za-kofejnyu-sssr-proveryaem/,,kyrgyz,1,0.57,https://factcheck.kg/ky/syna-olega-gazmanova-rodiona-izbili-v-chikago-za-kofejnyu-sssr-proveryaem/,fact_check
6eac5527-9b25-44a3-b6ec-59758694d3e4,Кыргызстандык 180 жүргүнчүсү Омандан 5-мартта келет,"Жакынкы Чыгыштагы каттамдар жокко чыгарылгандан берки Омандан биринчи учак 5-марттын эртең менен Кыргызстанга келет. Бул тууралуу «Кыргыстан аэропорттору» ААКсынын басма сөз кызматы билдирди. Маалыматка ылайык, учак эртең мененки саат 8:00дө конушу керек. Бортто 180 жүргүнчү болушу күтүлүүдө. Каттамды «AeroNomad» аба майданы аткарат. Мекеме Жакынкы Чыгыштагы учурдагы кырдаалга байланыштуу күн бою каттамдардын графигин өзгөртүүгө болорун белгиледи. Жүргүнчүлөргө келүү убактысын алдын ала текшерип алуу сунушталат. Эске сала кетсек, 2-мартка карата Жакынкы Чыгышта, негизинен Сауд Арабиясында жана Бириккен Араб Эмираттарында 22 миңге жакын кыргызстандык бар болчу. Учурда алардын арасында жабырлануучулар же үй-жайсыз адамдар жок.",24.kg,https://24.kg/kyrgyzcha/364473_kyirgyizstandyik_180_jurgunchusu_omandan_5-martta_kelet/,,kyrgyz,0,high,,news_site
2363d4ed-3e6e-4263-90ed-c5333141d836,Митингде Атазовду колдогондор буга чейин провокациялык акцияларга катышкан. Фактчек,"Митингге чыккандарга депутаттар Шайлообек Атазов, Марлен Маматалиев, Айбек Осмонов чыгып жолукту. Нааразылык акцияга Атазовду колдоп улуттук кийимдерди кийген бир нече аялдар да катышты. Биздин редакция алардын ким экенин аныктоого аракет кылды. Депутат Шайлообек Атазов Жогорку Кеңештин 9-июндагы сессиясында 18-20 жаштагы кыздарды миграцияга ата-энеcинин коштоосу менен же күйөөгө чыккандан кийин гана жиберүүнүсунуш кылган.Бул сунуш коомчулукта кызуу талкууга алынып, сын-пикирлер айтылган. 10-июнда бир нече журналисттер Атазовго каршы пикеткечыккан. 15-июнда да активисттер парламенттин имаратанын алдында депутатка каршы митинг уюштурушту. Катышуучулар Атазовдун сунушун кыздардын эркин жүрүүсүн чектөө деп сындады. Депутат бир нече тарапташтары менен митингчилердин алдына чыгып, сүйлөшүү жүргүзүүгө аракет кылды. Бирок катышуучулар «Атазов, мандатыңды тапшыр!» деген чакырыктарды айтып, тарап кетишти. Митингди депутат тарапташтары менен улантты. Алардын арасында акцияларга байма-бай катышып келген Ыргалай Бекмуратова да бар. Бекмуратова буга чейин опузалап акча талап кылуугашектелип кармалган.Активист Лейлек районунун мурдагы акими Бекмурат Баймуратовдунэжеси.Анын атына«МЭЭРЖАЗЫ» коомдук бирикмеси,«Мээржазы Строй»турак-жай курулуш кооперативикатталган.",factcheck.kg,https://factcheck.kg/ky/kyrgyz-mitingde-atazovdu-koldogondor-buga-chejin-provokacziyalyk-akcziyalarga-katyshkan-faktchek/,,kyrgyz,1,0.67,https://factcheck.kg/ky/kyrgyz-mitingde-atazovdu-koldogondor-buga-chejin-provokacziyalyk-akcziyalarga-katyshkan-faktchek/,fact_check
86f9337f-edc9-45ac-8ad8-ece711b320b0,Бишкек Европа Биримдигинин санкциясын сынга алды,"Тышкы иштер министрлиги (ТИМ) расмий Бишкек Европа Биримдигинин Орусияга каршы санкциялардын 20-пакетинде Кыргызстанга байланыштуу да чектөөлөрдүн киргизилишин өкүнүч менен кабыл алганын билдирди. Мекеме кыргыз тарап санкциялык чектөөлөргө байланышкан тобокелдиктерди биргелешип алдын алуу маселелери боюнча Европа Биримдиги менен диалогго ачык экенин кошумчалады. “Ушуга байланыштуу, туруктуу сүйлөшүүлөргө, европалык өнөктөштөр менен үзгүлтүксүз сапарлардын алмашуусуна, ошондой эле Европа комиссиясынын талаптарына ылайык суралган бардык документтештирилген маалыматтардын өз убагында берилишине карабастан, анын ичинде Кыргызстандын мамлекеттик органдары тарабынан көрүлгөн чаралар тууралуу маалыматтар да берилгенине карабай, кыргыз тараптын позициясы мурдагыдай эле эске алынбай, иш жүзүндө көңүл сыртында калып жатканы олуттуу түшүнбөстүктү жаратат”, - деп айтылат маалыматта. ТИМ мындай бир тараптуу чечимдер ишенимди солгундатып эле тим болбостон, Европа Биримдигинин Кыргызстан жана жалпы Борбор Азия өлкөлөрү менен кызматташууну өнүктүрүү ниетине каршы келерин кабарлады. “Өз кезегинде Кыргызстан ачык-айкын, кесипкөй, саясатташтырылбаган диалогду жактайт жана Европа Биримдигин ырааттуу, салмактуу жана чыныгы конструктивдүү мамиле кылууга, кыргыз тараптын позициясын тиешелүү түрдө эске алууну камсыз кылууга, ошондой эле Кыргызстан менен Европа Биримдигинин делегацияларынын ортосундагы сүйлөшүүлөрдүн жүрүшүндө жетишилген макулдашууларды иш жүзүндө ишке ашырууга өтүүгө чакырат”, - деди ТИМ. Европа Биримдигинин дипломаттары Орусияга каршы санкциялардын 20-пакетин макулдашкан. Анын алкагында Кыргызстанга да металл кесүүчү станокторду жана үн, сүрөт, видео маалыматтарын берүүчү модем, маршрутизатор сыяктуу байланыш каражаттарынсатууга тыюу салынат. Кыргыз бийлиги Батыш өлкөлөрүнүн дооматын четке кагып, соңку чаранын кесепети деле жок экенин билдирген. Батыш өлкөлөрү Орусиянын өзүнө санкция салгандан сырткары ага көмөктөшкөн деп эсептеген өлкөлөрдөгү компанияларга жана жеке адамдарга экинчи деңгээлдеги санкцияларды салып келет. 2026-жылдын башына карата 28 кыргызстандык компания АКШнын, Улуу Британиянын жана Европа Биримдигинин “кара тизмесине” кирди. 28 ишкананын 14ү санкциялык товарларды Орусияга жеткирүүгө айыпталса, 4 компания акчаны адалдоо жана алтынды мыйзамсыз сатууга байланыштуу, 2 ишкана Орусиянын мунай компанияларынын туунду ишканалары катары санкцияга илинген. (BTo)",azattyk.org,https://www.azattyk.org/a/33744061.html,2026-04-28T09:13:18+06:00,kyrgyz,0,high,,news_site
394f3da9-560e-43c4-9715-8f0db5c9a869,Кыргызстанда биринчи жолу “MINGEO Eurasia” эл аралык тоо-геологиялык бизнес форуму өтөт,"Иш-чара Ысык-Көлдө өтөт 15-16-сентябрда Ысык-Көлдө биринчи жолу MINGEO Eurasia эл аралык тоо-геологиялык бизнес форуму өтөт. Форумдун негизги темасынын алкагында – «Евразиянын кен байлыгы: гүлдөп-өнүгүүгө жана прогресске карай кадамда» – Евразия макрорегионунун минералдык-сырьелук өнөр жайын өнүктүрүүнүн перспективалары, алар боюнча экономикалык, каржылык жана акырында биздин планетанын көп сандаган өлкөлөрүнүн социалдык-саясий жыргалчылыгын. Форумга ШКУ өлкөлөрүнөн – Россия, Казакстан, Кыргызстан, Өзбекстан, Кытай, Индия, Тажикстан, ошондой эле Монголия, Түркия, Азербайжан жана Ирандан алдыңкы эксперттер катышат.MINGEO Eurasia 2022 форумунун программасы экономиканын стратегиялык чөйрөсүнүн жана анын айрым аймактарынын мындан аркы кыймылынын векторун аныктоо үчүн мүмкүн болушунча диверсификацияланып, өзгөрүүнүн туруксуз шамалына корректировка жасайт. Форумдун уюштуруучуларынын айтымында, жаңы реалдуулуктардан улам келип чыккан жана дүйнөлүк рынокто таасир чөйрөлөрүнүн кайра бөлүштүрүлүшүнө алып келген чектөөлөр Евразия макрорегионунун өлкөлөрүнүн минералдык-сырьелук өнөр жайына анын өнүгүүсүндө сапаттык секирик жасоого мүмкүндүк берет. жана Форумдун өзү аудиторияны кыйла кеңейтет жана кесиптештер менен эл аралык байланыштарды чыңдайт.Сүрөт www",vesti.kg,https://vesti.kg/kg/geologiya-kg/item/103851-kyrgyzstanda-birinchi-zholu-mingeo-eurasia-el-aralyk-too-geologiyalyk-biznes-forumu-otot.html,2022-09-05T17:14:21+06:00,kyrgyz,0,high,,news_site
a5e35eff-1313-4a0c-9c10-4cd7fffaf173,"Ашуулардагы абал айтылды: Жол ачык, каттам бар","Бүгүн, 22-январь саат 09:50гө карата өлкөнүн ашууларында жол ачык, каттам бар. Бул тууралуу Транспорт жана коммуникациялар министрлигинен билдирди. Маалыматка ылайык, жети дубандагы Жол тейлөө ишканалары өздөрүнө бөлүнгөн аймактарды толук көзөмөлдөп, атайын кезметке туруу менен күнү-түнү тазалоо, кум-туз аралашмасын себүү жумуштарын аткарып жатышат. Министрлик кандай кырдаал жаралбасын каршы тилкеге чыкпай, жол эрежесин так сактоого жана унаа дөңгөлөктөрүн кышкыга алмаштырып, керектүү шаймандарды ала жүрүүгө чакырат.",24.kg,https://24.kg/kyrgyzcha/358839_ashuulardagyi_abal_aytyildyi_jol_achyik_kattam_bar/,,kyrgyz,0,high,,news_site
045ff0ef-82ff-42f3-a579-8e0a5a74e7d5,Бишкекте 93 таңгак синтетикалык баңгизат менен аял кармалды,"БИШКЕК, 7-май — Sputnik.Бишкекте синтетикалык баңгизаттарды таратып жүргөн аял кармалды. Бул тууралуу борбор калаанын ИИББи билдирди. Тергөөнүн маалыматына караганда, 38 жаштагы шектүү шаардын ар кайсы жерлерине баңгизаттарды катып жүргөн. Аял кармалганда анын жанынан кара түстөгү пленкага оролгон 43 таңгак синтетикалык баңгизат табылган. Кийин анын көрсөтмөсү менен дагы 50 жерден катылган таңгактар алынган. Факты боюнча кылмыш иши козголуп, шектүү убактылуу кармоочу жайга киргизилди. Кытайдан Бишкекке психотроптук заттарды алып келген. Шектүү колго түштү22 Чын Куран, 09:45",sputnik.kg,https://sputnik.kg/20260507/bishkek-bangizat-ayal-karmaldy-1101158828.html,14:22 07.05.2026,kyrgyz,0,high,,news_site
2e23303e-ebe9-4f4c-b072-8d2376389f2f,Перм крайында өнөр жай ишканасына сокку урулду,"Орусиянын Перм крайынын губернатору Дмитрий Махонин  “өнөр жай аянтчаларынын бирине” дрон чабуулу коюлганынбилдирди. Анын айтымында, ишкананы өрт чалды, жумушчулары эвакуацияланды, эч ким жабыркаган жок. Губернатор кеп кайсы жай тууралуу жүргөнүн тактаган жок. Украиналык Exilenova+ Телеграм каналынынмаалыматынаылайык, өрт ""Перм"" станциясына таандык “Транснефть” заводунда тутанды. Бирок бул маалымат расмий ырастала элек. Перм крайында “Лукойл” компаниясынын мунай иштетүүчү заводу жана мунай ташуучу “Перм” диспетчердик станциясы жайгашкан. Станцияда мунайдын түрлөрү аралаштырылып куурлар менен ташылат. Анын аймагында кара май сакталуучу резервуарлар орун алган. Оренбург облусунун губернатору Евгений Солнцев украиналык дрондор “бир нече өнөр жай ишканаларына сокку урууга аракеттенгенин”билдирди. “Орусиянын Коргоо министрлигинин маалыматына караганда, төрт пилотсуз учак облустун үстүндө атып түшүрүлдү. Курман болгондор жана жабыркагандар жок”, - деп жазды Солнцев. Украиналык Supernova+ Телеграм каналы Орск шаарында машина куруучу завод чабуулга кабылганын маалымдады. Орус Коргоо министрлиги 29-апрелге караган түнү украиналык 98 дрон атып түшүрүлгөнүн билдирди. Украина Орусиянын агрессиясына жооп иретинде ал өлкөнүн согуш машинасын күйүүчү май менен камсыздаган ишканаларды бутага алып келет.",azattyk.org,https://www.azattyk.org/a/33745101.html,2026-04-29T16:35:27+06:00,kyrgyz,0,high,,news_site
823c8696-54b6-4c13-8665-c12c2ad8613c,Ашуулардагы абал: Өтмөк жана Төө-Ашууда кар жаап жатат,"Өлкөнүн негизги жолдорундагы ашууларда кар жаап, күн бүркөк болууда. Бул тууралуу «Кыргызавтожол» мамлекеттик ишканасы бүгүн, саат 08:30га карата берген маалыматында билдирди. Ишкананын билдирүүсүнө ылайык, учурдагы кырдаал төмөнкүдөй: Учурда жол тейлөө ишканаларынын кызматкерлери коопсуздукту камсыз кылуу үчүн күнү-түнү иштеп жатышат. «Кыргызавтожол» ишканасы жол кырдаалы толук көзөмөлдө экенин кошумчалады.",24.kg,https://24.kg/kyrgyzcha/362095_ashuulardagyi_abal_otmok_jana_too-ashuuda_kar_jaap_jatat/,,kyrgyz,0,high,,news_site
64345116-e8a0-47af-83a2-a63b1d9467e4,Садыр Жапаров Өзгөн районунун социалдык-экономикалык өнүгүүсү менен таанышты,"Президент Садыр Жапаров Ош облусуна болгон иш сапарынын алкагында Өзгөн районунун социалдык-экономикалык өнүгүү абалы жана динамикасы менен таанышты. Мамлекет башчысына Өзгөн районунун акими Каныбек Апбасов маалымат берди. Презентацияда инфраструктуралык жана инвестициялык долбоорлорду ишке ашыруунун жыйынтыктары айтылып, ошондой эле районду мындан ары өнүктүрүүнүн артыкчылыктуу багыттары белгиленди. Маалыматка ылайык, 2025-жылы райондо социалдык жана инфраструктуралык багыттагы бир катар объекттер пайдаланууга берилген. Өнөр жай тармагын өнүктүрүүгө өзгөчө көңүл бурулууда. Муниципалдык башкарууну өнүктүрүүнүн алкагында бир нече муниципалдык ишканалар түзүлүп, алардын катарында кум-шагыл аралашмасын казып алуучу ишкана да бар. 2026-жылга карата негизги милдеттер да белгиленди. Тактап айтканда, 5 мектепти жана 4 бала бакчаны пайдаланууга берүү, ошондой эле жаңы чакан жана орто ишканаларды ачуу пландалууда. Муниципалдык жана инвестициялык долбоорлорду ишке ашырууга өзгөчө көңүл бурулду. Алардын катарында Жазы айыл аймагында муниципалдык мал базарын куруу, Төрт-Көл айыл аймагында «Береке» муниципалдык базарын пайдаланууга берүү, ошондой эле Өзгөн күрүчүн таңгактоо жана экспорттоо боюнча ""Eco Uzgen Kuruch«муниципалдык ишканасын ишке киргизүү бар. Мындан тышкары, Өзгөн шаарындагы жалпы аянты 9 га болгон Н. Азнабакиев атындагы паркты реконструкциялоо каралган. Бул шаардык инфраструктураны өнүктүрүүгө жана калктын эс алуусу үчүн шарттарды жакшыртууга маанилүү салым болот. Ормуз кысыгын блокадалоого 10 000ден ашык америкалык моряктар жана аскер кызматкерлери катышууда. Report агенттигинин маалыматы боюнча, бул тууралуу АКШнын Борбордук командачылыгынын (CENTCOM) социалдык медиадагы билдирүүсүндө айтылган. «10 000ден ашык америкалык моряктар, деңиз жөө аскерлери жана АКШнын аба күчтөрүнүн кызматкерлери, ошондой эле ондон ашык согуштук кемелер жана ондогон учактар ​​Иран портторуна кирип-чыгып жаткан кемелерди (Ормуз кысыгы аркылуу — ред.) тосуу милдетин аткарышкан. Алгачкы 24 сааттын ичинде бир дагы кеме АКШнын блокадасын бузуп өтө алган жок, ал эми алты соода кемеси АКШнын буйругун аткарып, Оман булуңундагы Иран портуна кайтып келди», — деп белгиленет билдирүүдө. Бирок, CENTCOM Перс булуңундагы жана Оман булуңундагы Иран портторуна кирип-чыгып жаткан кемелер гана тосулуп жатканын айтууда. «АКШнын күчтөрү Ормуз кысыгынан Ирандан башка портторго же андан чыгып жаткан кемелердин кемелердин эркин жүрүшүн камсыз кылып жатышат», — деп айтылат билдирүүдө.",24.kg,https://24.kg/kyrgyzcha/370339_sadyir_japarov_ozgon_rayonunun_sotsialdyik-ekonomikalyik_onuguusu_menen_taanyishtyi/,,kyrgyz,0,high,,news_site
e58dcdc7-049c-46d3-9d13-6fec56444c19,Орусияда Шойгунун мурдагы орун басары 19 жылга соттолду,"Орусияда 235-горнизондук аскер соту коргоо министринин мурдагы орун басары Павел Поповду ""Патриот"" паркынын курулушуна байланыштуу коррупция боюнча айыптап, 19 жылга күчөтүлгөн тартиптеги абакка кести. Бул тууралуу ТАСС агенттиги жазды. Мындан сырткары Поповдун генерал-полковник наамы, мамлекеттик сыйлыктары соттун чечими менен алынып, 85 млн рубл айып пул салынды. РБК басылмасы 69 жаштагы айыпталуучу соттук териштирүүгө видеобайланыш аркылуу катышканын, ден соолугуна байланыштуу өкүм окулуп жатканда ордунан турбай, отуруп турууга уруксат берилгенин жазды. Попов тагылган айыпты мойнуна алган жок. Сот отуруму жабык өттү. Попов Кылмыш-жаза кодексинин алдамчылык, жасалмалоо, мыйзамсыз курал-жарак жүгүртүү жана өзгөчө ири өлчөмдөгү пара алуу деген беренелеринин негизинде айыпталууда. Тергөөнүн материалында айтылгандай, ал он жыл Москвада министрликке тийиштүү батирде акысыз жашаган жана коррупциялык жол менен алынган Lexus LX570 үлгүдөгү машинаны айдап жүргөн. “Патриот” эс алуу жайынын курулушунда ашыкча акча көрсөтүп, 25 млн рубль уурдаганы, андан ашырган акчасына эки кабат үй, мончо куруп алганы белгиленген. Мындан сырткары тергөө Попов 2014-2024-жылдар аралыгында ""Бамстройпуть"" компаниясынын директорунан жалпы суммасы 45 млн рубль пара алган деп белгилеген. Ал он жылдан ашуун убакыт мурдагы коргоо министри Сергей Шойгунун орун басары болуп келген. 2024-жылы Попов кызматтан алынып, эки айдан кийин камакка алынган. ""Агентство"" басылмасы ""Бамстройпуть"" Шойгунун көзөмөл алдында Өзгөчө кырдаалдар министрлигинин подрядчы компаниясы болгонун жазган. Бул иште Шойгунун командасындагы башка дагы кишилер, орун басарлары Руслан Цаликов, Тимур Иванов, министрликтин кадр башкармалыгынын башчысы Юрий Куйнецов дагы бар. Алар мамлекеттин акчасын уурдоого жана пара алууга айыпталууда.",azattyk.org,https://www.azattyk.org/a/33729887.html,2026-04-11T11:18:14+06:00,kyrgyz,0,high,,news_site
337fde2e-2972-403b-b2c6-1590c365a386,ЖК депутаты ысык сууну өчүрүүнү кийинкиге жылдырууну суранды,"ЖК депутаты ысык сууну өчүрүүнү кийинкиге жылдырууну суранды. Бул тууралуу эл өкүлү Илимбек Кубанычбеков парламенттин жыйынында билдирди. Анын айтымында, апрель айындагы аба ырайы дагы эле салкын. «Бардык эле адамдарда суу жылыткычтар жок. Сууну өчүрүү адамдар үчүн бир топ ыңгайсыздыктарды жаратат. Ошондуктан, жарандар өчүрүүнү май же июнь айларына жылуураак болгонго чейин кийинкиге калтырууну суранышууда», — деп белгиледи Илимбек Кубанычбеков. Эскерте кетсек, Бишкекте ысык суу 1-апрелде 40 күнгө өчүрүлөт.",24.kg,https://24.kg/kyrgyzcha/368382_jkdeputatyi_yisyik_suunu_ochuruunu_kiyinkige_jyildyiruunu_surandyi/,,kyrgyz,0,high,,news_site
601d90db-1874-4850-a93c-2994ab287ad6,27-январга карата аба ырайы,"Эртең, 27-январда Жалал-Абад, Баткен облустарынын тоолуу райондорунда кар жаайт. Күндүз Талас, Жалал-Абад, Баткен облустарында, Чүй облусунун тоолуу райондорунда кар жаайт. Абанын температурасы: Чүй облусунда түнкүсүн −3...-8 күндүз 2...7 Таласта түнкүсүн −2...-7 күндүз 1...6 Баткенде түнкүсүн −1...-6 күндүз 1...6 Ош, Жалал-Абад облустарында түнкүсүн −1...-6 күндүз 1...6 Ысык-Көлдө түнкүсүн −1...-6 күндүз −1...+4 Нарында түнкүсүн −16...-21 күндүз −4...-9 Бишкекте түнкүсүн −3...-5°, күндүз 5...7° болот.",24.kg,https://24.kg/kyrgyzcha/359323_27-yanvarga_karata_aba_yirayyi/,,kyrgyz,0,high,,news_site
fcb829e2-0447-4623-b8e7-714c1b931485,8-апрелдин аба ырайы: Айрым аймактарда жаан жаайт,"8-апрелде күтүлүп жаткан жаан-чачынга жана күндүн ысышына байланыштуу Кыргызстандын тоолуу райондорунда, тоолуу жолдордо жана ашууларда кар көчкү түшүү коркунучу сакталууда. Кар күрткүсү күтүлөт, жолдор тайгак болуп муз тоңот. Унаалардын ортосунда 500 метр аралык кыймыл чектелиши зарыл.Ошондой эле 10-апрелге чейин күтүлүп жаткан нөшөрлүү жаан-чачынга байланыштуу өлкөнүн тоолуу жана тоо этектериндеги райондорунда сел жүрүү коркунучу бар, дарыяларда суунун деңгээли көтөрүлөт.8-апрелде түнкүсүн Ош, Жалал-Абад, Баткен облустарынын көпчүлүк аймактарында, Чүй, Талас облустарынын айрым жерлеринде жаан жаап, күн күркүрөйт, тоолуу райондорунда кар жаайт. Ош, Жалал-Абад облустарынын айрым жерлеринде жаан-чачын катуу жаайт. Күндүз Чүй, Талас, Ош, Жалал-Абад, Баткен облустарынын көпчүлүк аймактарында, Нарын облусунун айрым жерлеринде жаан жаап, күн күркүрөйт, тоолуу райондорунда кар жаайт. Чүй, Жалал-Абад облустарынын айрым жерлеринде жаан-чачын катуу жаайт.Тоолуу райондордо жолдор тайгак болот. Батыш тараптан соккон шамалдын ылдамдыгы секундасына 4-9 метрден, күндүз айрым жерлеринде 15-20 метрге жетет.Абанын температурасы:Чүй өрөөнүндө түнкүсүн 9…14, күндүз 12…17Талас өрөөнүндө түнкүсүн 4…9, күндүз 10…15Баткен, Ош, Жалал-Абад облустарында түнкүсүн 8…13, күндүз 14…19Ысык-Көл облусунда түнкүсүн 4…9, күндүз 16…21Нарын облусунда түнкүсүн 1…6, күндүз 16…21Бишкекте түнкүсүн жана күндүз жаан жаап, күн күркүрөйт. Батыш тараптан соккон шамалдын ылдамдыгы секундасына 4-9 метрге жетет. Абанын 11…13°, күндүз 15…17° болот.",azattyk.org,https://www.azattyk.org/a/33726584.html,2026-04-07T15:14:05+06:00,kyrgyz,0,high,,news_site
8b4cf7b0-9485-486d-a79b-7f15bd10a8d1,"Бишкекте Чоң Чүй каналына жеңил унаа кулап, айдоочу аман калды","Алардын айтымында, кырсык борбор калаанын райондорунун биринде болгон. Унаа сууга түшүп кеткен, бирок айдоочу аман калды. Окуя болгон жерде адамдар чогулуп жатышат, кырсыктын жагдайлары иликтенүүдө. Учурда өзгөчө кырдаалдар кызматтарынан же укук коргоо органдарынан расмий комментарийлер боло элек.",24.kg,https://24.kg/kyrgyzcha/370805_bishkekte_chon_chuy_kanalyina_jenil_unaa_kulap_aydoochu_aman_kaldyi/,,kyrgyz,0,high,,news_site
aedfc2a7-09f5-449b-a1d6-176b56879a6b,Арстанбек Абдылдаев: “2020-жылдан баштап жалган дүйнөнүн жолу жабылды”. — Текшерүү мүмкүн эмес,"Арстанбек Абдылдаев: “2020-жылдан баштап жалган дүйнөнүн жолу жабылды. Жалган дүйнө жок болуп, чыныгы дүйнөнүн жолу ачылды. Кыргыз дүйнөгө ок болду, адамзатка кыргыз бир сот болду.  Улуу кыргыз адамзатка бир асмандагы күн болду делет.",factcheck.kg,https://factcheck.kg/ky/arstanbek-abdyldaev-v-2020-godu-ischez-lozhnyj-mir-otkrylas-doroga-pravdivogo-mira-nedokazuemo/,,kyrgyz,1,0.75,https://factcheck.kg/ky/arstanbek-abdyldaev-v-2020-godu-ischez-lozhnyj-mir-otkrylas-doroga-pravdivogo-mira-nedokazuemo/,fact_check
e2856174-fa5c-4206-ae30-2c637bc25ac2,"I believe the very limited regions of homology between#SARSCoV2spike and Syn1 are too short/imperfect to be of concern. A minimum of ~≥8-10 adjacent matching AAs, or ~≥12-15 AAs with ~≥66% homology are required for cross-immunity (Abs, CD8+ and CD4+). No region qualifies.— Prof Francois Balloux (@BallouxFrancois)December 2, 2020 [split]","ДССУ өзүнүн бекитилген вакциналарынын коопсуздугунакепилдикберет. ДССУнун башкы директору Тедрос Аданом Гебресиес эмдөөнүн пайдасы тобокелдиктерден алда канча жогору экендигинтастыктады. Бул маалыматты ДССУ 2021-жылдын февраль айында четкекаккан.ДССУнун эмдөө бөлүмүнүн башчысы Кит О’Брайендин айтымындадүйнөдө бир дагы белгилүү вакцина тукумсуздуккаалып келбейт. Тукумсуздук тууралуу маалыматтын пайда болушуна алгач Pfizer компаниясынын мурдагы кызматкери Майкл Йедон жана дарыгер Вольфганг Водаргдын ачык катысебепкер болгон. Анда вакцинадан кийин пайда болуучу антителолор коронавирустун белогуна гана эмес, ага окшош башка синтицин-1 аттуу белокко да таасир тийгизери тууралуу жазылган. Бул жатында платенцаны пайда кылуучу протеин болуп саналат. Иммундук системалда анын басаңдашы тукумсуздукка алып келет деп айтылган. SARS-CoV-2 протеиндерге байланыштуу вакцинанын натыйжасында тукумсуздук тууралуу маалымат логикагатуура келбейт,себеби COVID-19 менен ооруган адамдардын арасында эң көп тукумсуздук катталмак. Коронавирус жуктурган адамдардын көбүн эсе дем алуу органдары жабыркайт. КийинчирээкМайкл Йедонбилдирүүсүн беш аминокислотанын төртөөсүндө синцитин-1 жана белок SARS-CoV-2 Spike болгону менен түшүндүргөн. Бирок анын билдирүүсүн Лондон университетинин генетиги четке кагып, тукумсуздук тууралуу чечим чыгаруу үчүн төрт аминокислота жетишсиз, эң кеминде сегизи керек дептүшүндүргөн. I believe the very limited regions of homology between#SARSCoV2spike and Syn1 are too short/imperfect to be of concern. A minimum of ~≥8-10 adjacent matching AAs, or ~≥12-15 AAs with ~≥66% homology are required for cross-immunity (Abs, CD8+ and CD4+). No region qualifies. — Prof Francois Balloux (@BallouxFrancois)December 2, 2020 Бул маалыматты Корнелл университетинин окумуштуусу Эдвард Ниренберг датастыктаган. Илья Мечников – эволюциялык эмбриологиянын негиздөөчүлөрүнүн бири, фагоцитозду жана клетка ичиндеги сиңирүүнү ачкан, иммунитеттин фагоцитардык теориясынынжаратуучусу. Ал көптөгөн илдеттерди алдын алуу үчүнэмдөөнүкеңири колдонгон.Илимий ишмердүүлүгүндө Мечников эмдөө ыкмасына негизделген мекеменижетектеген. Демек, окумуштуу вакциналарга каршы болгон эмес, себеби бул анын илимий көз караштарына түздөн-түзкаршы келмек. Коронавирустун вирусун өз алдынча изилдөөгө мүмкүнчүлүгү жокболгон жана ал үчүн россиялык кесиптештерине кайрылууга мажбур болгон Саламаттыкты сактоо министрлиги илдетке каршы кандай сунуш бере алат? Жообу айдан ачык. Саламаттыкты сактоо министри Алымкадыр Бейшеналиев бир нече ирет Ысык-Көл тамырынүгүттөп келген. Ал эми уу коргошун менен дүйнө жүзүн дарылоогожеңтүргөн,мыйзамсызиш алып барган Хашым Зайналиев Атазовдун билдирүүсүн дароо колдогон. Жыйынтык: жалган.Жогорку Кеңештин депутаты Шайлообек Атазов, фейк цитатага таянып, эмдөө тууралуу жалган маалымат жазган.",factcheck.kg,https://factcheck.kg/ky/zayavlenie-deputata-shajloobeka-atazova-o-vakczinaczii-i-ee-posledstviyah-lozh/,,kyrgyz,1,0.6,https://factcheck.kg/ky/zayavlenie-deputata-shajloobeka-atazova-o-vakczinaczii-i-ee-posledstviyah-lozh/,fact_check
2cabe1bd-e965-470c-8bad-acde097b2ea2,Түркиянын Тажикстанга эскертүү бергени тууралуу маалымат далилденген жок,"Ал эми, 3-май күнү Ассоль Молдокматова өзүнүн социалдык тармактагы баракчасына, жөнөтүлгөн катка жооп алганын, бул тууралуу ага Түркиянын коомдук ишмери Өмер Эрдоган билдиргенин жазыпчыккан. “Өмер Эрдогандын айтымында, Түркиянын президенти Режеп Тайип Эрдоган Россия Федерациясынын Тышкы иштер министрлигинин өкүлдөрүн чакырып, Тажикстан тараптан Кыргыз Республикасына болгон аскердик агрессия кайталанбашы керек деген эскертүүнү берет экен ”- деп жазганМолдокматова. ПолитКлиника медиасы бул маалыматты текшерип көрдү. Өмер Эрдоган деген ким? Түркиялык басылмалардын маалыматына ылайык, Өмер Эрдоган, Режеп Тайип Эрдогандынжээни. Ал азыркы учурда “Kaf Yapım” рекламалык агентствосунун директору болуп иштейт. Мындан сырткары, айрым тасмалардын сценарийин жана ыр жазаары даайтылат.Башкача айтканда, Өмер Эрдоган саясий кызматты ээлебейт.",factcheck.kg,https://factcheck.kg/ky/informacziya-o-tom-chto-turcziya-dala-preduprezhdenie-tadzhikistanu-ne-dokazana/,,kyrgyz,1,0.67,https://factcheck.kg/ky/informacziya-o-tom-chto-turcziya-dala-preduprezhdenie-tadzhikistanu-ne-dokazana/,fact_check
2a1ce505-b2f0-4ebb-a948-826e591db43a,"Ашуулардагы абал: Жолдор ачык, каттам бар","Бүгүн, 6-март саат 09:30 карата республиканын негизги ашууларында жана унаа жолдордо жол кыймылына чектөө жок. Бул тууралуу «Кыргызавтожол-Түндүк» мамлекеттик ишканасынын басма сөз кызматы билдирди. Маалыматка ылайык, Бишкек-Ош унаа жолунун Төө-Ашуу ашуусуна оор жүк ташуучу унаалар үчүн киргизилген чектөө бүгүн, саат 7:30 алынды. Суусамыр-Талас-Тараз унаа жолунун Өтмөк ашуусунда кар жаап жатат, учурда каттам бар. Барскоон-Ак-Шыйрак унаа жолундагы Сөөк жана Каракол-Эңилчек унаа жолундагы Чоң-Ашуу ашуусунда күн бүркөк, каттам бар. Бишкек-Нарын-Торугарт унаа жолундагы Долон, Чар, Ак-Бейит, Кубакы ашуулары жана Боом капчыгайында күн бүркөк, жол кыймылы үзгүлтүксүз жүргүзүлүүдө. 2026-жылдын 5-мартынан 10- мартына чейин туруксуз аба-ырайына байланыштуу Кыргызстандын тоолуу райондорунда кар көчкү түшүүсү күтүлөт, жолдор тайгак болуп муз тоңот. Мындан улам аталган жолдор аркылуу сапарга чыгууда унаалардын ортосундагы 500 метр аралык кыймыл чектелиши зарыл. Жол тейлөө ишканасынын кызматкерлери тарабынан бардык унаа жолдордо жана ашууларда жол кыймылынын коопсуздугун камсыз кылуу боюнча тиешелүү иштер күн сайын, күнү-түнү жүргүзүлүүдө. Жол кырдаалы туруктуу көзөмөлдө турат.",24.kg,https://24.kg/kyrgyzcha/364795_ashuulardagyi_abal_joldor_achyik_kattam_bar/,,kyrgyz,0,high,,news_site
48a7ce89-c7a4-47ea-991b-46218a8ed85c,"Путин Украина менен ""пасхалык тынчтык"" жарыялады, Киев ""жооп кадамга"" даярдыгын билдирди","Орусиянын президенти Владимир Путин 11-апрелде саат 16:00дөн 12-апрелдин аягына чейин ""пасхалык тынчтык"" жарыялады. Кремлдин маалыматына караганда, коргоо министри Андрей Белоусовго бул мөөнөттө бардык багыттар боюнча согуштук аракеттерди токтотуу буйрулду. ""Украина тарап дагы Орусиядан үлгү алат деп болжолдойбуз"", - деп жазылган маалыматта. Буга чейин Украинанын президенти Владимир Зеленский Пасханын алдында ок атышпоосунушун берген. 9-апрелде эртең менен Кремлдин басма сөз катчысы Дмитрий Песков бул маселе боюнча чечим чыга электигин айткан. Украинанын президенти Москва Пасха майрамына карата атышпоо  жарыялагандан кийин Киев ""жооп кадам"" жасоого даяр экенин билдирди. ""Орусия Пасха майрамынан кийин дагы аткылоону улантпоого мүмкүнчүлүгү бар"", - деп баса белгиледи Зеленский. Былтыркы Пасхада да Орусиянын президенти ""майрамдык тынчтык"" жарыялаган. Орусиянын Коргоо министрлиги ок атышпоо режими Украина тараптан ""шарт аткарылса"" сакталарын билдирген. Зеленский эгер Орусия фронтто толук тынчтыкты сактоого даяр болсо Украина ага жараша жооп кыларын билдирген. Жыйынтыгында тараптар бири-бирин ""келишимди бузду"" деп айыпташкан. 2023-жылы январда орус президенти Коргоо министрлигине православдардын Рождество майрамы учурунда бардык фронт линияларында ок атпоону буйруган. Бирок иш жүзүндө андай болгон эмес. Быйыл католиктер Пасханы 5-апрелде, православ чиркөөсү 12-апрелде белгилөөдө.",azattyk.org,https://www.azattyk.org/a/33729069.html,2026-04-10T10:17:29+06:00,kyrgyz,0,high,,news_site
5e5bfb6f-4648-47d0-9e8a-12ee93135c21,Кытай жышыгычтарындагы зыяндуу заттар. Фактчек,"Тасмадагы каарман жышыгычтан белгисиз бир заттарды алып чыгып, алардын зыяндыгын айтып, нааразычылыгын билдирет: “Бизди кытайлар уулап, ичине дарыларды салып, өлтүрөт. Денебизге бирдекелер чыкканы ошондон. Муну таза жышынып биз жуунабыз. Бир мочалкадан ушунча зыян заттар чыгып атат”. Кытай эли чын эле кыргызстандыктарды зыян заттар менен уулантып атабы же бул тасма кытайлыктарга каршы маанайда тараган фейкпи, Factcheck териштирди. Алгач, видеону толук көрүп, ал бир кадр менен тартылганына көңүл бурабыз. Тасмага карата кандайдыр бир атайын эффекттердин колдонулбаганын жана кадрлар бири-бирине чапталбаганын белгилейбиз. Image Google ресурстарынан видеонун скриншотуна окшош сүрөттөрдү издеп көрөбүз. Андан соң,  «Китайские мочалки с таблетками» (дары-дармектери бар кытай жышыгычтары), «Мочалки с таблетками» (дары-дармектери менен жышыгыч) деп издөө салабыз. Биз издеген жышыгычка тиешелүү эч кандай маалымат чыккан жок. Жеке тажрыйба Маалыматтын чын-төгүнүн андан  бышыктоону улантабыз. Ал үчүн үч түрдүү жышыгыч сатып алдык. Анын ичинен экөө эл арасында кеңири колдонулат. Алар эки каттан туруп, бир жагы жашыл, ал эми экинчи жагы кызыл түстө, же тескеринче болот. Экөөндө тең «Кореяда чыгарылган» (Made in Korea) деген маалымат бар.",factcheck.kg,https://factcheck.kg/ky/mochalki-s-yadovitymi-tabletkami-pravda-ili-fejk/,,kyrgyz,1,0.54,https://factcheck.kg/ky/mochalki-s-yadovitymi-tabletkami-pravda-ili-fejk/,fact_check
66a98f2d-7e51-40ea-9857-3c2d6d623b64,Суваналиевдин тушунда кылмыштуулук болуп көрбөгөндөй өскөнбү?,"20-августта Ички иштер министрлигинин басма сөз кызматы Өмүрбек Суваналиевдин бийликке умтулган уюшкан кылмыштуу топтун мүчөлөрүнүн көбөйүшү жана бийликтин аракетсиздиги тууралуу айткандыгына жооп катары билдирүү жасады. Кыргызстандын Ички иштер министрлиги “бир кезде Өмүрбек Суваналиев Ички иштер министринин орун басары, андан кийин министр кызматын ээлеп турганда, уюшкан кылмыштуулук болуп көрбөгөндөй күч алган. Рыспек Акматбаев Жогорку Кеңештин депутаттыгына талапкерлигин көрсөтүп, өлкөдө кылмыштуулук жогорулап, анын ичинде буйрутма менен өлтүрүүлөрдүн саны көбөйгөн” деп баса белгиледи. Factcheck.kgбул маалыматты текшерүүнү чечишти. Кылмыштуулуктун өсүшү Биринчиден, ​​Суваналиев кайсы жылдары Ички иштер министринин орун басары жана ИИМдин министри кызматтарын аркалагандыгын эске салабыз. Kabar.kg сайтынын маалыматына ылайык, Өмүрбек Суваналиев 2005-2006-жылдары Кыргыз Республикасынын Ички иштер министринин орун басары кызматын ээлеп, 2006-2007-жылдары Кыргыз Республикасынын Ички иштер министри болгон. 1990-2018-жылдарда катталган кылмыштар боюнча расмий статистикага ылайык, кылмыштуулук 1992-1996-жылдар аралыгында гүлдөгөн. Дал ушул жылдары өлкө боюнча жылына 42 миң кылмыш катталган. Революция жана революциядан кийинки мезгилдерде катталган кылмыштар боюнча статистика да кескин өстү. 2010-жылы “апрель революциясы” учурунда жылына 35 миң кылмышка чейин катталган. Ал эми 2004-жылдан бери бул көрсөткүч 33 миңден ашкан эмес. 2005-жылы Суваналиев Кыргыз Республикасынын Ички иштер министринин орун басары кызматын ээлеп турганда, катталган кылмыштардын саны жылына 33 миңге жеткен. Бирок ошол эле stat.kg сайтынын маалыматына ылайык, каракчылык жана уурулук фактыларынын саны башка кылмыштарга караганда көбүрөөк өскөн. Эске салсак, “жоогазын революциясында” көптөгөн талап-тоноо фактылары катталып, соода борборлору жана дүкөндөр тонолгон.",factcheck.kg,https://factcheck.kg/ky/suvanaliev-sposobstvoval-rostu-prestupnosti/,,kyrgyz,1,0.8,https://factcheck.kg/ky/suvanaliev-sposobstvoval-rostu-prestupnosti/,fact_check
dd1a0531-82b1-4421-a3a4-b26caffece81,Жыргалаң кени Ысык-Көл аймагында беш жер тилкесин аукционго койду,"Жыргалаң кени өзүнүн мүлкү боюнча ачык аукцион жарыялады. Компаниянын атайын администраторунун айтымында, аукционго беш жер тилкеси анан бирөө Ак-Суу районундагы имараты бар жер тилкеси да коюлду. Аукциондо эмнелер көрсөтүлөт: 1-лот — 1000 чарчы метр жер тилкеси, баштапкы баасы: 5,3 миллион сом; 2-лот — имараты бар 1000 чарчы метр жер тилкеси, баштапкы баасы: 6,74 миллион сом; 3-лот — 1000 чарчы метр жер тилкеси, баштапкы баасы: 5,15 миллион сом; 4-лот — 1000 чарчы метр жер тилкеси, баштапкы баасы: 5,15 миллион сом; 5-лот — 3000 чарчы метр жер тилкеси, баштапкы баасы: 7,1 миллион сом. Жеке жана юридикалык жактар ​​50 000 сом күрөө төгүү менен катышууга укуктуу. Арыздар 2026-жылдын 21-январына чейин кабыл алынат.",24.kg,https://24.kg/kyrgyzcha/356416_jyirgalan_keni_yisyik-kol_aymagyinda_besh_jer_tilkesin_auktsiongo_koydu/,,kyrgyz,0,high,,news_site
404e1c32-a637-46a0-858d-6e799218875e,Туркия 2025-жылы туризмде рекорддук көрсоөткучтөргө жетишти,"Түркия 2025-жылы туризм тармагында өз тарыхындагы эң жогорку көрсөткүчтөрдүн бирине жетишти. Стамбул шаарында өткөн маалымат жыйынында Түркия Республикасынын Маданият жана туризм министри Мехмет Нури Эрсой 2025-жылдын жыйынтыктарын коомчулукка жарыялады. Министрдин маалыматына ылайык, 2025-жылы Түркияга келген чет өлкөлүк туристтердин жалпы саны64 миллион адамдытүздү. Ошол эле учурда, туризм тармагынан түшкөн жалпы киреше65 миллиард 231 миллион АКШ долларынажетип, тарыхый рекорд катары катталды. Министр Эрсой өз сөзүндө Түркиянын туризм тармагы акыркы жылдары олуттуу өсүшкө жетишкенин белгилеп, 2026-жылга карата68 миллиард долларлыккиреше максаты коюлганын билдирди. Анын айтымында, Түркия дүйнөлүк туризм картасында өз позициясын бекемдеп, аймактык гана эмес, глобалдык деңгээлдеги алдыңкы өлкөлөрдүн катарына кирди. Ошондой эле министр Түркиянын туризм саясаты деңиз, кум жана күн форматынан чыгып,маданий жана диний туризм,табиат жана экотуризм,археология,ден соолук жана термалдык туризм,гастрономия,конгресс жана көргөзмө туризми,круиз жана кышкы туризмсыяктуу багыттарда кеңири өнүгүп жатканын баса белгиледи. “Келечек үчүн мурас” концепциясынын алкагында ишке ашырылып жаткан долбоорлор жанаТүнкү музейлердемилгеси Түркияны маданий мурасты сактоо жана таанытуу жаатында дүйнөдөгү алдыңкы мисалдардын бирине айлантты. Кыргызстан рыногунда да туруктуу өсүү байкалууда. 2025-жылы Кыргызстан тараптан Түркияга барган туристтердин саны 2024-жылга салыштырмалуу8 пайызга өсүп,199 280 адамгажетти. Бул көрсөткүч Түркиянын кыргыз туристтери үчүн ишенимдүү, популярдуу жана ар тараптуу туристтик багыт бойдон калып жатканын дагы бир ирет тастыктайт.",vesti.kg,https://vesti.kg/kg/zxc-kg/item/147724-turkiya-2025-zhyly-turizmde-rekordduk-k-rso-tkucht-rg-zhetishti.html,2026-02-05T13:17:34+06:00,kyrgyz,0,high,,news_site
acde1ffd-0317-45d7-bfa3-763de19184e9,Нарында өспүрүмдүн өлүмү боюнча кылмыш иши козголду,"Нарын районундагы Ийри-Суу айылында 7-класстын окуучусу өз жанын кыйган деген окуя боюнча кылмыш иши козголду. Бул тууралуу Нарын облустук ички иштер башкармалыгы маалымдады.Иш, мекеменин маалыматына караганда, Кылмыш-жаза кодексинин 128-беренеси (""Өзүн өзү өлтүрүүгө жеткирүү"") менен козголду.Милиция билдиргендей, өспүрүмдүн сөөгү сарайдан асынган абалда 1-апрелде табылган. Бардык тиешелүү экспертизалар дайындалып, ыкчам-тергөө иштери жүрүп жатат.Нарын районундагы мектептердин биринде окуган 7-класстын окуучусу өз жанын кыйганын 8-апрелде Жогорку Кеңештин депутаты Элвира Сурабалдиева парламенттин жыйынында айтып чыккан. Депутат китептин ижарасына деп чогултулган акчадан 110 сом жоголгонуна мектеп жетекчилиги баланы күнөөлөгөнү өспүрүмдүн өз жанын кыюусуна алып келгенин айтып, спикерди жана өкмөт өкүлүн окуяга көзөмөл кылууну сураган. Расмий маалыматка караганда, 2025-жылы Кыргызстанда 101 өспүрүм өз жанын кыйган. Бул 2024-жылдагы көрсөткүчтөн 14кө көп. Ички иштер министринин орун басары Октябрь Урмамбетов былтыр суицидге барган өспүрүмдөрдүн көбү Жалал-Абад облусунда катталганын билдирген. Аталган облуста 20 өспүрүм, Чүй жана Ысык-Көл облустарында 18ден, Баткенде 13, Ош облусунда 10, Нарын жана Талас облустарында экиден, Бишкекте 12, Ош шаарында үч өспүрүм өз жанын кыйганы айтылган.Суицидге барган балдардын 85и мектеп окуучулары, 11и студенттер, беш бала эч жерде окубаганы, 66,3% эркек балдар, 33,7% кыздар экени аныкталган.Милиция суицидге барган балдардын көпчүлүгү ата-энеси миграцияда жүргөндөр экенин билдирип келет. Өз жанын кыйган айрым балдардын жакындары өлүмгө мектептеги чоңсунуу, рэкетчилик себеп болгонун да айтып чыгышкан. (ZКo)",azattyk.org,https://www.azattyk.org/a/33727482.html,2026-04-08T16:47:11+06:00,kyrgyz,0,high,,news_site
cd924b2d-d360-41a0-897d-c550f90f6f2f,Белгисиз учуучу объект тартылган тасма — фейк,"10-октябрда Turmush.kg сайтында белгисиз учуучу объект тартылганвидеотасмажарыяланган. Ал Караколдогу Абдрахманов көчөсүнөн тартылган деп белгиленет. Белгисиз объект  бир нече мүнөттөн соң көздөн кайым болуп, буга күбө болгон жергиликтүү калк аны эмне экенин түшүнө албай турганы айтылган. Factcheck.kgбул видеону текшерип көрдү. Тасмадан үзүндү алып, анын скриншоту аркылуу издөө салсак, жыйынтыгы оңунан чыккан жок.  Видео 10-октябрда 16.19 да BulBul.kg сайтынажүктөлгөн. Скриншотту чоңойтсок, белгисиз объект тартылган жер сүрөттө даана обочолонуп турганын байкайбыз.",factcheck.kg,https://factcheck.kg/ky/nlo-nad-karakolom-nepravda/,,kyrgyz,1,0.71,https://factcheck.kg/ky/nlo-nad-karakolom-nepravda/,fact_check
f2f96ead-f057-4eca-aa0d-c5c6fefbdc56,Кара-Балтанын мурдагы мэри үй камагына бошотулду,"Жайыл райондук соту Кара-Балтанын мурдагы мэри Мирлан Жекшеновго жана кылмыш ишиндеги башка айыпталуучуларга карата камакка алуу чараларын өзгөрттү. Бул тууралуу Чүй облустук сотунун басма сөз кызматы бул маалыматты тастыктады. Ага ылайык, чечим 5-мартта кабыл алынган. Айыпталуучулар камактан бошотулуп, үй камагына чыгарылды. «Иш райондук сотто каралууда», — деп билдирди басма сөз кызматы. Эскерте кетсек, айыпталуучулар 2025-жылдын 30-июнунда камакка алынган. Улуттук коопсуздук боюнча мамлекеттик комитеттин маалыматы боюнча, алар каржылык пайда табуу үчүн Кытайда жасалган 17 автобусту жогорулатылган баада сатып алууга катышкан. Аудит көрсөткөндөй, бул бүтүм мамлекеттик бюджетке 17 миллион сомдон ашык зыян алып келген.",24.kg,https://24.kg/kyrgyzcha/368059_kara-baltanyin_murdagyi_meri_uykamagyina_boshotuldu/,,kyrgyz,0,high,,news_site
e3ae39f7-b5dc-4733-b8f7-abb5677187e4,«Кумтөр» Улуттук филармониянын солисттеринин Каракол шаарындагы спектаклинин премьерасына демөөрчү болду,"Каракол шаарында облустук театрдын сахнасында «Кумтөр Голд Компанинин» колдоосу менен Токтогул Сатылганов атындагы Улуттук филармониянын солисттеринин концерти өттү. Көрүүчүлөргө «Тикенек аркылуу бакытка» аттуу музыкалык спектаклдин премьерасы тартууланды. Ошондой эле меймандар Ысык-Көл облусунун областтык борборуна сүрөт көргөзмөсүн алып келишти.Спектаклдин режиссёру Алтынбек Максүтовдун айтымында, Кыргызстан эли руханий жактан өнүгүүгө абдан муктаж жана мамлекет менен «Кумтөр» компаниясы бүгүнкү күндө маданият тармагына жигердүү жардам берип жатканы өнөрпоздордун чыгармачылык жактан өсүшүнө чоң стимул болууда.- Биздин премьера менен Ысык-Көлгө концерт коюуга чакырган Теңиз Бөлтүрүккө ыраазычылык билдиргим келет. Бул спектакльге бир айдан ашык даярданганбыз. «Тикенек аркылуу бакытка» пьесасы бир үй-бүлөнүн, чындыгында бүтүндөй өлкөнүн ойдон чыгарылган окуясын баяндаган боорукер лирикалык комедия. Бул ар бирибиз жөнүндө, адамды эмне бактылуу кылгандыгы тууралуу баян. Бактылуу адам болуш үчүн өз жерин, каада-салтын, үй-бүлөңдү сүйүшүң керек деп ойлойм, - деп кошумчалады Алтынбек Максүтов. Белгилүү акын-импровизатор Аалы Туткучевдин катышуусундагы спектакль көрүүчүлөргө жаркын, унутулгус сезимдерди тартуулады. Аягында артисттерди дүркүрөгөн кол чабуулар менен узатышты. - Маданият өлкө үчүн канчалык маанилүү экенин түшүнөбүз. Бүгүнкү күндө «Кумтөр Голд Компани» маданият жана искусство тармагындагы долбоорлорду активдүү колдойт. Тилекке каршы, аймактардагы эл театрларга барчу жолду дээрлик унутуп калды. Андыктан мындай концерттерди өлкө боюнча мындан ары да өткөрүп турабыз, элге жеткиликтүү кылабыз, - деди куттуктоо сөзүн сүйлөгөн КГКны жетектеген «Улуу көчмөндөрдүн мурасы» улуттук холдинг компаниясынын башкармалыгынын төрагасы Тенгиз Бөлтүрүк. . Уюштуруучуларды, спектаклдин катышуучуларын жана анын көрүүчүлөрүн Кыргыз Республикасынын Президентинин Ысык-Көл облусундагы ыйгарым укуктуу өкүлү Алтынбек Сулайманов да куттуктады.«Ушул сонун концертти уюштурган «Кумтөр» компаниясына жана Теңиз Бөлтүрүккө чын жүрөктөн ыраазычылык билдиргим келет. Маданиятсыз эл болбойт. Адамдын руханий сапаттарын тарбиялай турган маданият. Мындай маданий иш-чаралар мүмкүн болушунча көп болушу керек», - деди облус жетекчиси.КГККГКнын сүрөтү",vesti.kg,https://vesti.kg/kg/geologiya-kg/item/98757-kumtor-uluttuk-filarmoniyanyn-solistterinin-karakol-shaaryndagy-spektaklinin-premerasyna-demoorchu-boldu.html,2022-04-13T16:50:56+06:00,kyrgyz,0,high,,news_site
9d7c3fc0-a3cd-44a8-9c8f-51c365bfaa08,Чемпиондор лигасы: Бүгүн жарым финалда «Атлетико» менен «Арсенал» беттешет,"Бүгүн, 5-майда, Чемпиондор лигасынын жарым финалынын жооптук оюну өтөт. Анда Лондондун «Арсеналы» өз талаасында Мадриддин «Атлетикосун» кабыл алат. Беттеш Лондондогу «Эмирейтс» стадионунда өтүп, Бишкек убактысы боюнча саат 02:00дө башталат. Эки команда тең оюнга чоң амбициялар менен келишти жана негизги еврокубоктук турнирдин финалына чыгуу үчүн маанилүү кадам жасоону көздөшүүдө. Бул атаандаштардын ортосундагы биринчи жолугушуу 1:1 эсебиндеги согуштук тең чыгуу менен аяктаган. Эске салсак, Чемпиондор Лигасынын финалы 30-майда Будапештте өтөт. Турнирдин жеңүүчүсү кийинки сезондун Чемпиондор Лигасынын жалпы этабына жолдомо алат, ошондой эле 2026-жылкы УЕФАнын Суперкубогунун матчына катышууга укук алат.",24.kg,https://24.kg/kyrgyzcha/372877_chempiondor_ligasyi_bugun_jaryim_finalda_atletiko_menen_arsenal_betteshet/,,kyrgyz,0,high,,news_site
27d8d792-455e-4524-b8e4-aee59d9ad1f2,Кыялдагы жайкы эс алуу азыр башталат: Түркиянын бирюза жээктерине эрте брондоо,"Эрте брондоо эң жакшы бааларды камсыз кылып, керектүү аймактан жана курорттон идеалдуу жай табууну да жеңилдетет Саякатчылар жайкы эс алуу пландарын түзө баштаган сайын, эрте брондоонун артыкчылыктары алардын тандоосуна барган сайын көбүрөөк таасир этүүдө. Арзандатуулар, пакеттик сунуштар жана алдын ала пландаштыруунун тынчтыгы көпчүлүк үчүн маанилүү факторлорго айланды. Expedia Group компаниясынын 2025-жылдагы Саякат баалуулугу индексине ылайык, эрте брондоодогу арзандатуулар жана топтомдук туристтик пакеттер жакынкы 12 ай ичинде мейманкана брондоону пландаган адамдар үчүн эң кызыктуу мүмкүнчүлүктөрдүн катарына кирет. Сурамжылоонун жыйынтыгында саякатчылардын 50% пакеттик сунуштардагы арзандатууларды эң жагымдуу деп эсептешет. Бул маалыматтар саякат адаттарындагы өзгөрүүнү көрсөтөт: эрте брондоо эми жөн гана акча үнөмдөөнүн жолу эмес, ал кеңири жайылган керектөөчүлүк жүрүм-турумга айланды. Жайкы эс алууну унутулгус кылууну каалагандар үчүн Түркиянын керемет жээк курорттору эң сонун шарттарды сунуштайт. Анталиядагы Түрк Ривьерасынын бирюза жээктеринен тартып, Мугла жана Измир сыяктуу Эгей багыттарына чейин созулган бул курорттук аймактар деңиз жээгиндеги эс алууну маданият, гастрономия жана ар түрдүү активдүүлүктөр менен айкалыштырат. Эрте брондоо эң жакшы бааларды камсыз кылып гана тим болбостон, керектүү аймактан жана курорттон идеалдуу жай табууну да жеңилдетет. Пландар даяр болгондон кийин, чыныгы эс алуу башталат. Кристаллдай тунук суу жана “Көк желек” алган кумдуу пляждар эс алуучуларды өзүнө тартат. Салттуу “көк саякат” аркылуу жашыруун булуңдардын кооздугун көрүүгө болот, ал эми жээктен тышкары дагы көптөгөн мүмкүнчүлүктөр күтөт — байыркы эстеликтерди изилдөө, кооз жөө маршруттар, жергиликтүү тамак-аштан даам татуу жана деңиз жээгиндеги кечки эс алуу. Эрте брондоп, убагында келип, Түркиянын Эгей жана Жер Ортолук деңиз жээктериндеги табиятты, маданиятты, тарыхты жана өзгөчө даамдарды толук ырахат менен сезиңиз. Түрк Ривьерасында күн нуруна бөлөнүңүз Романтикалык саякат, жалгыз эс алуу же үй-бүлөлүк дем алыш болобу — Анталия Түркиянын эң популярдуу жайкы багыттарынын бири бойдон калууда. Ал өлкөнүн күн нуруна бай түштүк жээгинде жайгашкан. Эрте брондоонун жардамы менен коноктор кооз көрүнүштөрү бар люкс мейманканаларда эс алып, мыкты ресторандардан, спа борборлордон, спорт жана көңүл ачуучу жайлардан, аквапарктардан, ошондой эле Белек аймагындагы дүйнөлүк деңгээлдеги гольф талааларынан пайдалана алышат. Анталия мындан тышкары жылына дээрлик 300 күн күн тийген аба ырайы, бирюза деңизи жана кенен кумдуу пляждары менен белгилүү — бул жерде дүйнөдөгү эң көп “Көк желек” пляждары жайгашкан. Шаар тарыхый жана маданий байлыктарга да бай: Патара жана Сиде сыяктуу байыркы шаарлар, Адриандын дарбазасы, ошондой эле Дюден шаркыратмалары жана Караин, Дамлаташ үңкүрлөрү сыяктуу жаратылыш кереметтери бар. Активдүү эс алууну жактагандар үчүн да мүмкүнчүлүктөр арбын — атактуу Ликия жолу боюнча жөө саякат, Кёпрюлю каньонунда рафтинг, Каш аймагында сууга түшүп сүзүү (дайвинг). Күн бою саякаттан кийин Анталиянын Жер Ортолук деңиз ашканасынан ырахат алууга болот — эски портто кечки тамак ичип, жаңы деңиз азыктарын, мезелерди жана жергиликтүү шараптарды күн баткан көрүнүш менен кошо даамдап көрүңүз. Анталия ошондой эле Түркиянын экинчи ири эл аралык аба дарбазасы болуп саналат жана жайкы сезондо 60тан ашык өлкөдөн түз каттамдарды кабыл алат. Эгей жээгинде унутулгус жайды алдын ала пландаңыз Эгей аймагы эрте пландагандар үчүн көптөгөн багыттарды сунуштайт: Чанаккале жээгиндеги Бозжаада жана Гөкчеада аралдарынан тартып, Балыкесирдеги Айвалык жана кооз Жунда аралына чейин, ошондой эле Измир жана Мугла сыяктуу белгилүү курорттук шаарлар. Измир — Эгейдин бермети катары белгилүү — жайбаракат жашоо образы жана жогорку жашоо сапаты менен айырмаланат. Бул жерде Фоча, Сеферихисар, Чешме, Алачаты жана Урла сыяктуу популярдуу жайкы эс алуу жайлары бар. Коноктор Алачатыда виндсёрфинг менен алектенип, Урлада шарап маршруттарын кыдырып, Мишлен жылдыздуу ресторандарда жергиликтүү азыктардан жасалган тамактарды татып же ЮНЕСКОнун тизмесине кирген Эфес жана Пергам сыяктуу тарыхый жайларды көрө алышат. Андан түштүк тарапта жайгашкан Мугла аймагы Эгей жээгинин эң жаркыраган бөлүгү болуп эсептелет. Бул жерде Бодрум, Фетхие, Даламан, Мармарис жана Датча сыяктуу белгилүү курорттор бар. Эрте брондоо аркылуу люкс мейманканаларда эс алып, Бодрум сепили жана Книдос сыяктуу тарыхый жерлерди, Табият кереметтери — Бабочка өрөөнү жана Олюденизди көрүүгө болот. Ошондой эле Бабадаг тоосунан параплан менен учуу, Изтузу пляжында каретта-каретта таш бакаларын көрүү жана мыкты ашканадан ырахат алуу мүмкүнчүлүгү бар. Ал эми жашыруун булуңдарды жана кооз жээктерди изилдөөнү каалагандар үчүн Эгей жээги боюнча салттуу “көк саякат” өзгөчө унутулгус тажрыйба тартуулайт.",vesti.kg,https://vesti.kg/kg/koom/item/149827-kyyaldagy-zhajky-es-aluu-azyr-bashtalat-turkiyanyn-biryuza-zheekterine-erte-brondoo.html,2026-04-23T12:48:16+06:00,kyrgyz,0,high,,news_site
b97d179f-f9bd-4708-b1e1-8578e8d94912,Трамп Иран менен атышууну токтотуу келишимин узарткысы келбей турганын билдирди,"АКШ президенти Дональд Трамп Иран менен атышууну токтотуу келишимин узарткысы келбейт. Бул тууралуу ал 21-апрелде CNBC телеканалына курган маегинде айтты. Иран менен АКШнын ортосунда Пакистандын ортомчулугу менен түзүлгөн келишим 22-апрелде аяктайт. Трамп 21-апрелде тынчтык режимин улантууга убакыт аз экенин айтып, Кошмо Штаттар сүйлөшүүлөрдө күчтүү позицияда экенин белгиледи. Вашингтон жакын арада тынчтык сүйлөшүүлөрү Пакистанда өтүшү мүмкүн экенин билдирген. Иран тарап болсо мындай жолугушууга катышуу мүмкүнчүлүгүн карап жатканын айткан. Трамп эгер жакын убакта келишим болбосо АКШ соккуларды кайра башташы мүмкүн экенин эскертти. Анын айтымында, америкалык күчтөр дароо чабуулга өтүүгө даяр. Буга чейин Иран парламентинин төрагасы Мохаммед Бакер Калибаф Американы атышуу келишимин буздудеп айыптаган. «Биз коркутуулар астында сүйлөшүүгө макул эмеспиз. Акыркы эки жуманын ичинде биз согуш талаасында жаңы мүмкүнчүлүктөрдү көрсөтүүгө даярдык көрдүк», — деп жазды Калибаф X социалдык түйүнүндөгү баракчасына. 21-апрелде Исламабадда Иран менен АКШ делегациялары жолугушу мүмкүн экени айтылган. Трамп делегация жөнөп кеткенин билдирген. Ал эми Иран катышар-катышпасын расмий жарыялай элек. Быйыл 28-февралда Израил менен АКШ Иранга чабуул баштап, Тегеран ага жооп иретинде Перс булуңундагы америкалык базалар жайгашкан өлкөлөргө сокку ура баштаганда дүйнөлүк рыноктогу мунай жана газдын 20% ашууну ташылган Ормуз кысыгын жаап койгон. Бул мунайдын кымбатташын шарттады. Тегеран 17-апрелде элдешүү маалында коммерциялык танкерлер үчүн Ормуз ачылганын маалымдап, кийинки күнү Ирандын портторун АКШнын курчоого алуусу уланып жаткандыктан кысыкта аскердик көзөмөл калыбына келтирилгенин айткан.",azattyk.org,https://www.azattyk.org/a/33737219.html,2026-04-21T19:34:46+06:00,kyrgyz,0,high,,news_site
51a72287-1eb0-4afe-bf3f-fa6a1467154d,Сингапур менен Белорусияда коронавирустан каза болгондор жок деген маалымат — фейк [split],Ал үчүн СингапурдунөкмөтүнүнCOVID-19 тууралуу отчетуна көз салабыз. Анда 4-апрелге карата өлкөдө вирус жуктургандардын саны 1189га жеткендиги айтылат. Ал эми алты жаран вирустун айынан каза болгон. Мындан сырткары 75 жаңы учур катталгандыгын Сингапурдунсаламаттык сактоо министрлигикабарлайт. Ал эми Беларусияга келе турган болсок 4-апрелге карата COVID-19 вирусу менен өлкөдө 394 учур катталган. Каза болгондордун саны — 5. Бул тууралуу маалымат Беларусиянынсаламаттык сактоо министрлигининсайтына чыгарылган. Жыйынтык:,factcheck.kg,https://factcheck.kg/ky/kyrgyz-singapur-menen-belorusiyada-koronavirustan-kaza-bolgondor-zhok-degen-maalymat-fejk/,,kyrgyz,1,0.74,https://factcheck.kg/ky/kyrgyz-singapur-menen-belorusiyada-koronavirustan-kaza-bolgondor-zhok-degen-maalymat-fejk/,fact_check
10f0651b-aed4-4f3c-b9c3-25f835351bc9,Гуля Алмамбетова: таштанды сорттоочу заводун куруу иштери пандемиядан улам токтоду,"1-апрелде Бишкек шаардык кеңешке аттанган партиялардын көз карандысыз дебаты болуп өттү.  Дебатта Кыргызстан элдик демократиялык партиясы (КЭДП) жана “Реформа” беттешти. КЭДП өкүлү Гуля Алмамбетова 22 миллион евролук долбоор соңуна жеткенин билдирди. Анын айтымында учурда пандемияга байланыштуу таштанды сортточу заводун куруу иштери токтоп турат. Ал ушул эле себпетен улам эстониялык эксперттер келе албай калганын кошумчалады. Factcheck.kgбул маалыматты текшерип көрүп, таштанды полигонундагы сорттоочу заводго тиешелүү жабдууларды сатып алууга 2013-жылы Европа биримдиги жана Европа реконструкция жана өнүктүрүү банкы тарабынан 11 миллион евро грант, 11 миллион евро насыя катары бөлүнгөнүнаныктады. 2017-жылдын 28-мартында мэрия жаңы таштандыполигонун долбоорлоо жана куруу боюнча келишимтүзгөн. Келишим “Бишкек санитардык полигону” менен эстониялык Ehitusfirma Rand Ja Tuulberg AS компаниясынын ортосунда түзүлгөн эле.",factcheck.kg,https://factcheck.kg/ky/gulya-almambetova-zavershaetsya-proekt-na-22-mln-evro-stroitelstvo-sortirovochnogo-zavoda-ostanovleno-iz-za-pandemii/,,kyrgyz,1,1.0,https://factcheck.kg/ky/gulya-almambetova-zavershaetsya-proekt-na-22-mln-evro-stroitelstvo-sortirovochnogo-zavoda-ostanovleno-iz-za-pandemii/,fact_check
25354044-d639-4dbb-a147-ae748c0d910c,Дүйнө чемпионаты-2026: Трамп Ирандын футбол чемпионаты боюнча чечимин айтты,"АКШнын президенти Дональд Трамп Ирандын 2026-жылкы футбол боюнча дүйнөлүк чемпионатка катышуусу боюнча өз позициясын билдирди. Бул тууралуу чет элдик спорт басылмалары жазып чыкты. «Иран катышабы же жокпу, мага баары бир. Менимче, Иран оор жеңилүүгө учураган өлкө. Алар кыйроолордон жыйналышы керек», — деди Трамп Politico басылмасына берген маегинде. Эске салсак, 28-февралда АКШ жана Израил Иранга каршы аскердик операция башташты, ал дагы Жакынкы Чыгыштагы америкалык базаларга ракеталык соккулар менен жооп кайтарууда. Буга чейин Ирандын футбол федерациясынын президенти Мехди Таж аскердик операцияга байланыштуу Дүйнөлүк чемпионатты бойкоттоо мүмкүнчүлүгүн жарыялаган. Чүчүкулактан кийин Иран G тобуна кирген. Учурда Иран 15-июнда Лос-Анжелесте Жаңы Зеландия, 21-июнда Лос-Анжелесте Бельгия жана 26-июнда Сиэтлде Египет менен беттешүүсү күтүлөт.",24.kg,https://24.kg/kyrgyzcha/364461_duyno_chempionatyi-2026_tramp_irandyin_futbol_chempionatyi_boyuncha_chechimin_ayttyi/,,kyrgyz,0,high,,news_site
4c8fbfbf-6953-4b40-b1ec-39a8aa26b0d5,"Бирок, алардын көбү хантавирус бир адамдан башка адамга жукпай турганын белгилеген эмес. [split]","Бирок, алардын көбү хантавирус бир адамдан башка адамга жукпай турганын белгилеген эмес. TRTсайтынан хантавирус кемирүүчүдөн адамга шилекей, заң же заара аркылуу жугаары жазылып, «хантавирус өпкө синдрому” (HPS) деп аталарын аныктадык. Ошол эле Globaltimes басылмасынын айтымында, хантавирус көпчүлүк учурда эпидемиялык коркунуч жаратпайт. Ал эми ТүркиянынTRTбасылмасы хантавирус таптакыр эпидемияга айланбай турганын жазып чыккан. Жыйынтык:Жартылай чындык жана манипуляция. Айрым массалык маалымат каражаттары маанилүү маалыматты жашырып, коомду дүрбөлөңгө салган.",factcheck.kg,https://factcheck.kg/ky/panika-po-hantavirusu-manipulyacziya-v-smi-hantavirus-ne-predstavlyaet-epidemiologicheskoj-opasnosti/,,kyrgyz,1,0.6,https://factcheck.kg/ky/panika-po-hantavirusu-manipulyacziya-v-smi-hantavirus-ne-predstavlyaet-epidemiologicheskoj-opasnosti/,fact_check
02143de9-4d5b-4957-aecc-d42b015c754f,Франциядагы эң эски имарат деген чынбы? Текшеребиз [split],"Ал эми Google Street View тиркемесинин жардамы менен анын 2012-жылдагы сүрөтүн аныктайбыз. Neozone сайтындагы маалыматка ылайык, 2019-жылыбул имаратка дендрохронологиялык анализ жүргүзүлүп, бул үчүн үйдүн конструкциясынан 20га жакын жыгач алынып, андан соң лабораторияда текшерилген. Ошентип, имарат 14-кылымга таандык экени аныкталды. Бирок,  La Maison de Jeanne Франциядагы эң эски имарат эмес. Өлкөдө “Альбидеги Фенассе мейманканасы” 1 Rue Des Foissants жана Rue Saint-Étienne көчөлөрүнүн кесилишинде, Альбидеги Тарн департаментинде жайгашкан. Бул имарат 12-кылымга таандык. Жыйынтык: жалган.La Maison de Jeanne Франциядагы эң эски имарат эмес.",factcheck.kg,https://factcheck.kg/ky/samoe-staroe-zdanie-vo-franczii-proveryaem/,,kyrgyz,1,1.0,https://factcheck.kg/ky/samoe-staroe-zdanie-vo-franczii-proveryaem/,fact_check
876641c8-9195-460e-adfd-d9442b6fc180,Баткен облусундагы үйлөрдүн курулушу. Абал кандай?,"Баткен облусундагы үйлөрдүн көбү курулбай эле, пайдубалдары гана турат. Бул тууралуу Жогорку Кеңештин депутаты Шайлообек Атазов24-ноябрда билдирди. Эскерте кетсек, кыргыз-тажик чек арасындагы жаңжалдан кийин 22-сентябрда президент Садыр Жапаров чек ара аймактардагы эвакуацияланган тургундарга жардам берүүнү, кыштын суугу түшкөнгө чейин жабыр тарткан үйлөрдү калыбына келтирүүнү, ал эми толугу менен талкаланган үйлөрдүн ордуна жаңы үйлөрдү салуунутапшырган. Куралдуу жаңжалда жабыр тарткан Баткен облусунун райондорункалыбына келтирүүгө6 миллиарддан 8.5 миллиардга чейин каражат жумшоопландаштырылган болчу. Баткен облусундагы үйлөрдү калыбына келтирүү, куруу иштери учурда кандай экенин билүү максатында Factcheck.kg редакциясы КР Министрлер Кабинетине караштуу Архитектура, курулуш жана турак жай-коммуналдык чарба мамлекеттик агенттигине (Мамкурулуш) кайрылган. 25-ноябрга карата мекеме 420 турак жайды куруп жаткан. Анын ичинен 413үндө курулуш-монтаждоо иштери жүргүзүлүүдө: Калган жети объект, мекеменин маалыматы боюнча, “талаштуу, аларда курулуш иштери эмес, оңдоо иштери жүргүзүлүшү мүмкүн”. “Комиссия бул маселени талкуулап жатат”, – деп билдиришти Мамкурулушта. Ошол эле кезде, 19-октябрда министрлер кабинетинин төрагасы Акылбек Жапаров парламенттин жыйынында 661 турай жай жабыркаганын, алардын 423үн калыбына келтирүү мүмкүн эместигинбилдирген.",factcheck.kg,https://factcheck.kg/ky/stroitelstvo-domov-v-batkenskoj-oblasti-chto-proishodit/,,kyrgyz,1,0.67,https://factcheck.kg/ky/stroitelstvo-domov-v-batkenskoj-oblasti-chto-proishodit/,fact_check
951ac1f8-da73-4239-9481-8c295e967543,#Автордун көз карашы. Кыргызстандын экологиялык келечеги үчүн карызды алмаштыруу. Садыр Жапаровдун демилгеси чет элдик маалымат каражаттарында колдоо тапты,"Президенттин тышкы карызды экологиялык долбоорлорго алмаштыруу боюнча адаттан тыш сунушу жөнүндө Кыргызстандын президенти Садыр Жапаровдун тышкы карызды “жашыл” демилгелерди ишке ашыруу үчүн алмаштыруу демилгеси республиканын өзүндө да, башка көптөгөн өлкөлөрдө да кеңири резонанс жаратты. Белгилей кетсек, бул сунуш колдоого алынып, бир катар чет элдик жалпыга маалымдоо каражаттарында, тактап айтканда, Өзбекстан, Улуу Британия, Бахрейн, Катар, Кувейт, Россия, Түштүк Корея ж.б.Президент Кыргызстандын эгемендүүлүк жылдарында топтолгон тышкы карыздарын төлөбөй, ошол эле суммага Кыргызстанда жашыл экономика долбоорлорун ишке ашырууну сунуштоодо.Бул сунуш кандайдыр бир парадоксалдуулугуна карабастан, туруктуу өнүгүүнү колдоонун глобалдык тенденциясы менен резонанс жаратат. Эл аралык уюмдар өнүгүп келе жаткан өлкөлөрдүн экологиясын колдоо үчүн миллиарддаган долларларды сарпташат, анткени тигил же бул өлкөнүн жаратылышынын сапаты боюнча көйгөйлөр башка мамлекеттер үчүн да экологиялык тобокелчиликке айланат – баары бир планетада жашайбыз.Экология жарандардын ден соолугуна жана алардын жашоо сапатына түздөн-түз таасирин тийгизет. Айлана-чөйрөгө терс таасиринен улам ден соолукка келтирилген зыян адамдын өмүрүн кыскартат. Бул Маяковский жазгандай, «өзүнүн жердеги өмүрүн өткөрбөгөн» ар бир адамдын жеке трагедиясы гана эмес, ошондой эле улуттук жана дүйнөлүк экономика үчүн жоготуу - анткени, эмгек ишмердүүлүгүнө үзүрлүү катышуунун узактыгы да кыска болуп баратат. Демек, эл аралык бизнестин потенциалы төмөндөп баратат, тарыхый жактан планетанын көпчүлүк мамлекеттери тандап алган капитализм идеясы коркунуч алдында турат.Демек, Садыр Жапаровдун сунушун улуттук лидердин өз жарандарынын жашоосун жакшыртууга болгон умтулуусу гана эмес, жалпы Жер планетасына кам көрүү катары түшүнсө болот. Акыр-аягы, жашыл экономиканы өнүктүрүүсүз, жок дегенде урбанизациянын жана экономикалык өнүгүүнүн азыркы темпинде экологиялык көйгөйлөрдү жеңүү мүмкүн эмес. “Жашыл” долбоорлорду ишке ашырууга, өзгөчө энергетика жана кичи ГЭСтерди курууга олуттуу каражаттардын бөлүнүшү Кыргызстандын автономиясын жана эгемендүүлүгүн арттырууга жардам берет окшойт. Бул эл аралык уюмдардан кошумча жардам суроонун зарылдыгын азайтат.Эске салсак, Садыр Жапаров 8-январда өлкөнүн тышкы карызын “жашыл” демилгелерди ишке ашыруу үчүн алмаштырууну сунуштаган.Алиаскар Кантемировсүрөт www",vesti.kg,https://vesti.kg/kg/avtorduk-rakurs/item/108559-avtordun-koz-karashy-kyrgyzstandyn-ekologiyalyk-kelechegi-uchun-karyzdy-almashtyruu-sadyr-zhaparovdun-demilgesi-chet-eldik-maalymat-karazhattarynda-koldoo-tapty.html,2023-01-16T16:27:04+06:00,kyrgyz,0,high,,news_site
e97adefe-1e5f-42fb-a9f7-a05dc5e9c1d0,7-майга карата аба ырайы,"БИШКЕК, 6-май — Sputnik.Бейшембиде өлкө аймагында күн ачык болуп, жаан-чачын жаабайт. Бул тууралуу Кыргызгидромет билдирди. Абанын температурасы Чүйдө+26...+31, Таласта+24...+29, Ош, Жалал-Абад, Баткен облустарында +27...+32, Ысык-Көлдө +18...+23, Нарын регионунда +19...+24 градус ысык болот. Термометрдин көрсөткүчү Бишкекте +28...+30, Ош калаасында +30…+32 градуска жетет. 4-10-май ичи жаан-чачын көп болот. Бир аптанын аба ырайы3 Бугу, 16:49",sputnik.kg,https://sputnik.kg/20260506/7-mayga-karata-aba-yrayy-1101151819.html,21:00 06.05.2026,kyrgyz,0,high,,news_site
1944567c-930e-4f11-bdfc-bb1f07976d92,"Мунайдын баасы өсүп, баррели 111 долларга жетти","Мунайдын баасы шейшембиде да өсүү тенденциясын улантты. АКШ менен Иран согушту токтотуу жана Ормуз кысыгын ачуу тууралуу мунаса таба алары арсар болуп турган маалда Brent маркасындагы мунайдын баасы европалык рынокто 3% өсүп, бир баррели 111 долларга жетти. Кара май 7 күн катары менен кымбаттап келатат, ал эми Азиянын финансы рынокторунда 28-апрелде акциялар арзандап жатты. Америка менен Ирандын сүйлөшүүлөрүнөн майнап чыкпай, Ормуз кысыгынын жабылышынын экономикалык кесепеттерине байланышкан тынчсыздануу өлкөлөрдүн борбордук банктары саясатын өзгөртүшү мүмкүн деген айың кептердин күчөшүнө жем таштады. Ошол жаңы саясатка ылайык, инфляцияга туруштук берүү үчүн үстөк пайызды көтөрүү каралууда. Ормуз кысыгынан дүйнөдөгү мунай менен газдын дээрлик 20% ташылат. АКШ менен Израил чабуул баштаган 28-февралда Иран кысыкты кемелер менен мунай танкерлери үчүн иш жүзүндө жаап салган. Ок атышууну токтотуу макулдашуусунан кийин, 17-апрелде ачып, көп өтпөй кайра жапкан. Анын алдында АКШ менен Ирандын сүйлөшүүлөрү майнапсыз аяктаганда америкалык аскерлер ирандык портторду бөгөттөгөн. Мунун айынан пайда болгон глобалдык кризис өзгөчө Азиянын өлкөлөрүндө сезилүүдө.",azattyk.org,https://www.azattyk.org/a/33744425.html,2026-04-28T21:15:59+06:00,kyrgyz,0,high,,news_site
9f1b41fd-b5fd-4320-ae43-7f9145484332,Кыргызстанда адискөй троллдордун фабрикасы,"Социалдык тармактарда кайсы бир компания, саясатчы жана позицияны сизге жеткирүү менен алектенип ушул жумушту кесип кылган аккаунттарды билгиңиз келеби? Бул үчүн сизге адистештирилгенstalkscan.comсайты жардамга келет. Бизди кызыктырганСамат Муктароваттуу аккаунт ушул жылдын фефраль айында катталган.  Туулган жылы 1989 -жылдын февралы деп көрсөтүлгөн. Биринчи караганда эч шек жаратпайт. Фейсбук социалдык тармагында 181 досу бар аккаунттун сүрөтүндө азият улутундагы жаш жигит чагылдырылган.  Бирок анын хроникасындагы маалыматтарды аңдасак, мурунку жана азыркы президент тууралуу саясий түскө боелгон макалалар жайгаштырылган. Бул аккаунттун фейк экендигин анын сүрөтүнөн аныктадык. Бул үчүн yandex сүрөт издөө функциясын колдондук.  Адамды сүрөтү боюнча издеген fndeface.ru ресурсу жабылгандан бери google жана башка ресурстарга караганда yandex жалгыз иштеген акысыз ресурс бойдон кала берет. Facebookтун башкалардан өзгөчөлүгү колдонуучунун хроникасында ал кайсы топтор же баракчаларга кирип кандай макалалар менен бөлүшүп жаткандыгын көрүүгө болбойт.  Мындай учурдаstalkscan.comресурсунун жардамы менен бардык аспектилерде аккаунттун активдүүлүгүн карайбыз. Төмөнкү видеодо көрүнүп тургандай, Самат Муктаров бир күндө ар түрдүү топторго эң аз дегенде  үч макала жана бир демотиватор  калтырат. Колдонуучулар көбүнчө баштапкы булагына көңүл бурушпайт. Адатта булакка шилтеме көрсөтүлүп турган маалыматка ишеним бар. Бирок биздин учурда эмес. Үч макала теңtelegra.phресурсунда жайгаштырылган. Бул сайтта каалагандардын бардыгы анонимдүү түрдө макала киргизе алышат.  Буга ылайык, мындай маалыматка ишеним жокко эсе.Самат Муктаров аккаунтун жамынган адам Фейсбукта макалаларды 16 -марттан баштап иш күндөрү гана жайгаштырып келет жана ал материалдарды кыргыз тилдүү топтордо(орто эсеп менен 6-7 топто)гана жайылтат.  Ал эми сырткы сайттардан (не telegra.ph),  maalymat.kg, president.kg сайттарынын макалалары таратылат. Майрам жана эс алуу күндөрү Самат Муктаров айлык алып иштеген адамдарга окшоп эс алат, башкача айтканда бул күндөрү анын хроникасында эч кандай материал жарыяланбайт.макала саныбөлүшүүлөр саны16 март3417 март317эс алуу күндөрү19 март1220 март614Нооруз22 март2423 март315Өз кезегинде Самат Муктаров жарыялаган маалыматтарды Фейсбукта байма-бай түрдө Акылай Турдуева, Айгуль Ишенбек кызы Сатыкеева, Азат Сыдыков, Эдил Азимов аттуу аккаунттар өздөрүнүн жана башка баракчаларда бөлүшүшөт.Бул троллдор командасы жалгыз эмес. Фейсбукта алардын оппонентери көп, алар: Турсун Абакиров, Сергей Вольф, “Антиклан” баракчасы, Любовь Губина аттуу колдонуучулар . Бул аккаунттар тескерисинче Алмазбек Атамбаевди мактап, Сооронбай Жээнбековду каралаган материалдарды жайылтышат.Continue ReadingPreviousАзиз Суракматов жана кызыкчылыктар конфликтиNextПремьер-министр жумуш орундары тууралуу цифра менен манипуляция жасады Колдонуучулар көбүнчө баштапкы булагына көңүл бурушпайт. Адатта булакка шилтеме көрсөтүлүп турган маалыматка ишеним бар. Бирок биздин учурда эмес. Үч макала теңtelegra.phресурсунда жайгаштырылган. Бул сайтта каалагандардын бардыгы анонимдүү түрдө макала киргизе алышат.  Буга ылайык, мындай маалыматка ишеним жокко эсе.",factcheck.kg,https://factcheck.kg/ky/professionalnaya-fabrika-trollej-v-kyrgyzstane/,,kyrgyz,1,0.57,https://factcheck.kg/ky/professionalnaya-fabrika-trollej-v-kyrgyzstane/,fact_check
9988e96a-f719-4714-bc26-7bcd019d4dbd,Азия чемпионаты. Кыргызстандык үч балбан финалга чыкты,"Кыргызстандык балбандар Афтандил Таалайбек уулу, Акжол Махмудов жана Асан Жанышов Бишкекте өтүп жаткан грек-рим күрөшү боюнча Азия чемпионатынын финалына чыгышты. Бул тууралуу UWW сайтында кабарланды. Афтандил Таалайбек уулу (63 кг чейин) Эрфан Жаркани менен, Акжол Махмудов (77 кг чейин) Али Забихоллах Оску менен, ал эми Асан Жанышов Голамреза Фарохисенжани менен (баары Ирандан) беттешет. Роман Ким жеңиш менен баштап, бирок чейрек финалда финалга чыккан ирандык балбанга утулуп калды. Кыргызстандык коло медаль үчүн күрөшкө мүмкүнчүлүк алды. Медаль үчүн беттештер 7-апрелде өтөт.",24.kg,https://24.kg/kyrgyzcha/369192_aziya_chempionatyi_kyirgyizstandyik_uchbalban_finalga_chyiktyi/,,kyrgyz,0,high,,news_site
48a4b833-c79b-4ea7-a76b-ca84ce3380c8,Фото-чек: Интернетте Сергей Шнуров жана Евгений Пригожиндин  өзүн  ЛЭР  жарыялаган аймактагы сүрөттөрү пайда болду [split],"СергейГарусовСтахановкөчөлөрү мененбаражатканда,өтүпбаражаткандараны Шнуровго окшоштуруп жатышты.Согуштан кийинки Стахановго бир күлкүлүүсүрөтканчабакыттартуулаганын элестетип көргүлө”, – деди Болонев өз сөзүндө. Кийинчерээк фейк сүрөткө жана анын айланасындагы ызы-чууга Сергей Шнуров өзү да жооп кылып 2021-жылы өткөн Санкт-Петербург экономикалык форумундагысүрөтүн(ушул сүрөтү фотомонтаж үчүн колдонулган) жарыялаган. “Журналист деп аталгандар менин фамилиямды дагы бир жолу “жаңылыктарга” алып чыгышты.  Бир Швейцарияга көчүп кетти, кайра ЛЭРге кетип калды дешет.Кыскасы эч кимиси кайда экенимди билбейт, бирок кызыгышат.  Силер көрүп тургандай, бул монтаждалган ызы-чуу жараткан сүрөттүн оригиналы.Мен бул сүрөттө жокмун, болушум да мүмкүн эмес. Менин бетимди каалаган жакка чаптай беришсин, бирок мунун менин реалдуу жашоомо эч кандай тийешеси жок.Саламатта болуңуздар“. Эскерте кетсек, учурда Сергей Шнуров “Ленинград” тобунун башка катышуучуларындай элеөргүүдөжүрөт. Ал аялы мененШвейцарияда жүргөнүбайкалган. Бүтүм:жалган.Оригинал фотосүрөттө Сергей Шнуровдун ордундаактер Сергей Гарусовдун сүрөтүн көрүүгө болот.",factcheck.kg,https://factcheck.kg/ky/foto-chek-v-seti-poyavilos-foto-sergeya-shnurova-i-evgeniya-prigozhina-v-samoprovozglashennoj-lnr/,,kyrgyz,1,0.8,https://factcheck.kg/ky/foto-chek-v-seti-poyavilos-foto-sergeya-shnurova-i-evgeniya-prigozhina-v-samoprovozglashennoj-lnr/,fact_check
489b1505-479f-4380-9e7d-974cc6ac1a7e,"Кинотеатрларда тыюу салынган ""Өч 2""  тасмасын интернеттен көрсөтүүгө уруксат берилди","“Өч 2” тасмасын онлайн “Этномедиа” платформасынан көрсөтүүгө уруксат берилди. Бул тууралуу “Азаттыкка” тасманын продюсери Ренат Русланов билдирди.Анын айтымында, тасма платформада “21+” деген чек менен көрсөтүлөт.Маданият, маалымат жана жаштар саясаты министрлиги “Өч 2” көркөм тасмасын өлкө аймагында көрсөтүүгө 13-апрелде тыюу салган.Чечим Кинематография департаментинин комиссиясы “тасмада зомбулук жана адеп-ахлакка жат көрүнүштөр бар, тарбиялык мааниси жетишсиз” деп тапкандан кийин кабыл алынган.Эксперттик комиссия тасманын мазмуну коомчулукта терс реакция жаратып, айрыкча жаштар арасында терс психологиялык жана моралдык таасир тийгизүү коркунучу бар деген тыянакка келген.Буга байланыштуу “Кыргызтасмасы” киноборбору мамлекеттик мекемесинин директору Алмаз Түлекеев кызматынан бошотулган. Кинотеатрларга эки жумага жакын прокатта турган тасманы көрсөтүүдөн алып салуу милдети коюлган.Тасманы тарткан топ бул чечимге нааразы болгон. Алар фильмди тартуу үчүн банктан кредит алышканын, 100 миң доллардан ашык чыгымы акталбай калганын айтышкан. Кырдаалга байланыштуу Кыргыз кинопродюсерлеринин ассоциациясы министрликке кат жолдоп, цензурага жол бербөөнү өтүнүшкөн.“Өч 2” тасмасы драма, триллер жанрында тартылган. Режиссерлору Илгиз Куватбек жана Шамилбек Бекболсун уулу.Реалдуу окуяга негизделген тасмада баш каармандын карындашын уурдап, кордогон адамдардан өч алганы баяндалат.Кинематография департаментинин кабарлашынча, өлкөдө жылына 70тей тасма тартылат, быйыл алардын саны жүзгө жетери болжолдонууда. Коммерциялык тасмалар жеке студияларда, ал эми мамлекеттик тасмалар “Кыргызфильм” студиясында тартылат. (ST)",azattyk.org,https://www.azattyk.org/a/33748547.html,2026-05-04T12:47:07+06:00,kyrgyz,0,high,,news_site
a36533c2-baa6-4efd-b93b-7f1b5ba1c8f7,Бишкекте кыргыздардын тажик жаранын ур-токмокко алганы фейк,"з-майда окурманыбыз редакцияга топ жигиттер бир адамга кол салып аткан видео жөнөтүп, анын таржымалын изилдеп берүүнү өтүндү. Видеонун мүнөздөмөсүндө “Бишкекте бир нече адам тажик жаранын ур-токмокко алды” деп айтылат. Бул тасма тажикстандык колдонуучулар арасында кеңири жайылып, vatantj группасында да тараган эле. Тасманы бизге жөнөткөн адам окуя “Асанбай” кичи районунда болуп өткөн деп божомолдогон. Бирок бул видео чын эле чек ара чыры болуп аткан мезгилде тартылганбы? Текшеребиз. Тасмадагы деталдарга көңүл буруп, окуя “Асанбай-центр” аттуу эс алуу борборунун тегерегинде тартылганына ынанабыз.",factcheck.kg,https://factcheck.kg/ky/videofejk-draka-na-mezhnaczionalnoj-pochve-v-asanbaj-czentre-v-dni-konflikta-na-granicze/,,kyrgyz,1,0.55,https://factcheck.kg/ky/videofejk-draka-na-mezhnaczionalnoj-pochve-v-asanbaj-czentre-v-dni-konflikta-na-granicze/,fact_check
b9e71d30-37d3-4fc6-af7d-8d4a17fd5efd,Ала-Арча паркындагы чокуда калып калган эки япониялык жаран куткарылды,"БИШКЕК, 7-май — Sputnik.Чүй облусундагы Ала-Арча мамлекеттик жаратылыш паркында жардам сураган Япониянын эки жараны куткарылды. Бул тууралуу ӨКМден билдиришти. Маалыматка ылайык, Чүй облустук ӨКМдин 112 кызматына “Таажы чокусу” тоо үйүндө жаткан эки чет элдик жаран жардам сурап кайрылган. Алардын биринин абалы начарлап кеткен. Куткаруу иштерине ӨКМдин тоо-кен куткаруу отрядынын сегиз кызматкери тартылган. Алар жерине жетип барып, жабыркаган жаранга алгачкы медициналык жардам көрсөтүшкөн. Экинчи жарандын абалы туруктуу экени аныкталган. Жыйынтыгында эки турист тең тоодон түшүрүлүп, Бишкектеги шаардык ооруканага жеткирилди. Кайгуул милициянын кызматкери сууга секирген чет элдик кызды сактап калды. Видео5 Бугу, 11:36",sputnik.kg,https://sputnik.kg/20260507/ala-archa-yaponiya-turist-kutkaryldy-1101156685.html,11:36 07.05.2026,kyrgyz,0,high,,news_site
f20e28aa-b84e-4e1f-8820-25400ae64423,28-мартка карата аба ырайы,"Кыргызгидромет кызматы билдиргендей, эртең, 28-мартта өлкө аймактарында күн ачык болот. Айрым чөлкөмдөрдө абанын табы 28 градуска чейин жылыйт. Абанын температурасы: Чүй өрөөнүндө түнкүсүн +6... +11, күндүз +19... +24; Талас жергесинде түнкүсүн +4... +9, күндүз +18... +23; Баткен, Ош, Жалал-Абад облустарында түнкүсүн +8... +13, күндүз +23... +28; Нарын аймагында түнкүсүн 0... −5, күндүз +11 .. +16; Ысык-Көл облусунда түнкүсүн −2... +3, күндүз +12... +17; Бишкек шаарында түнкүсүн +7... +9, күндүз +22... +24 градус жылуу болот.",24.kg,https://24.kg/kyrgyzcha/367792_28-martka_karata_aba_yirayyi/,,kyrgyz,0,high,,news_site
83cdcdf8-d6dc-45fb-b6df-e1db8617c8cd,Ак илбирс VI Дүйнөлүк көчмөндөр оюндарынын тумары болуп тандалды,"Ак илбирс VI Дүйнөлүк көчмөндөр оюндарынын тумары болуп тандалды. Бул тууралуу Дүйнөлүк көчмөндөр оюндарынын катчылыгынан билдиришти. Маалыматка ылайык, Көчмөндөр оюндарынын расмий тумары катары ак илбирс эми оюндардын визуалдык жана коммуникациялык идентификациясынын ажырагыс бөлүгүнө айланат. Тумарды тандоо 2026-жылдагы Дүйнөлүк көчмөндөр оюндарына даярдык көрүүнүн алкагында сунушталды. Оюндар Кыргызстанда өтүп, ар кайсы өлкөлөрдөн келген катышуучуларды спорттук, маданий жана илимий программалар аркылуу бириктирет. Катчылыктан белгилешкендей, ак илбирс кокусунан тандалган жок. Бул образ Кыргызстандын жаратылышы, анын ландшафты, мүнөзү жана маданий коду менен тыгыз байланышта. Оюндардын алкагында ал күчтү, кадыр-баркты, урматтоону жана ички тең салмактуулукту символдоштурат. Бул сапаттар спортко да, көчмөн маданиятынын философиясына да мүнөздүү. «Ак илбирс — бул күч менен урмат айкалышкан, салттары дүйнөгө ачык Кыргызстанды чагылдырган образ. Бул тумар аркылуу биз Дүйнөлүк көчмөндөр оюндарынын духун, кадыр-барк, тең салмактуулук жана өз ара аракеттенүүгө ачыктыгын жеткирүүнү кааладык», — деп белгилешти Дүйнөлүк көчмөндөр оюндарынын катчылыгынан. Тумардын визуалдык образы Кыргызстандын жаратылышын, көчмөн мурастарын жана долбоордун заманбап үндөлүшүн бириктирет. Ак илбирс — бул жөн гана тумар эмес, ал кабыл алуучу өлкөнүн мүнөзүн жана Дүйнөлүк көчмөндөр оюндарынын баалуулуктарын чагылдырган образ.",24.kg,https://24.kg/kyrgyzcha/368518_akilbirs_VIduynoluk_kochmondor_oyundaryinyin_tumaryi_bolup_tandaldyi/,,kyrgyz,0,high,,news_site
709cfcdd-6db8-45c0-a775-bbba7f5aa4d3,Ислам кызматташуу уюму жардамга муктаждарга акча берип жатабы? Текшеребиз [split],"Андай багыттарга Палестина менен Иерусалимдеги тынчтык жана коопсуздук маселелери, жакырлыкты жоюу, терроризм менен күрөшүү, инвестициялар менен каржылоо, тамак аш коопсуздугу, илим жана техника, климаттын өзгөрүшү жана туруктуулук, маданият жана конфессиалар аралык гармония, аялдардын укуктарын жана мүмкүнчүлүктөрүн кеңейтүү, биргелешкен исламдык гуманитардык аракеттер, адам укуктары жана башкаруунун натыйжалуулугу кирет. Кайрымдуулук бул тизмекте жок. ИКУнун сайтында акча ойнотуу барбы, же жокпу? ИКУнунсайтындаакчанын ойнотулушу тууралуу эч кандай маалымат жок. Мессенжерлердеги шилтеме башка доменге алып барат. Whois.com кызматынын маалыматы боюнча, сайтCloudfareбулут кызматы менен корголгон, ошону үчүн сайттын ээси тууралуу эч нерсе айтууга мүмкүн эмес. Домендин катталган датасы гана белгилүү – 2022-жылдын 7-июлу. Шилтеме аркылуу өтө турган болсок, телефон номуруңарды жазгыла деген билдирүү чыгат. Номурду көрсөткөндө, ага билдирүү келет, анда маалыматты мессенжердеги 5 башка топко жиберүү керектиги айтылат. Иш жүзүндө колдонуучу маалыматты 32 топко жиберүүсү керек болот, ошондон кийин белек катары сунушталган Android же Iphone смартфондорунун бирин тандоо зарыл. Белекти тандап басканда колдонуучу ушуга окшош белек ойнотулган башка сайтка түшөт. Тыянак:алдамчылык.Интернет-шылуундардын кезектеги акциясы. Ислам кызматташуу уюмунун атынан WhatsApp аркылуу таркатылган маалыматтардын аталган уюмга эч кандай тиешеси жок. Таркатма интернет-алдамчылык/фишингдин бир түрү.Башкача айтканда колдонуучу смартфондо же компьютерде ага сунушталган кайсы бир аракеттерди кылуу менен шылуундарга жеке маалыматтарына, анын ичинде кредит карталарынын маалыматтарына жетүүгө жол ачып берет. Ал эми акцияга катышуу тууралуу каттарды башкаларга жиберүү менен алардын коопсуздугуна да коркунуч жаратат.",factcheck.kg,https://factcheck.kg/ky/razdacha-deneg-nuzhdayushhimsya-ot-organizaczii-islamskogo-sotrudnichestva-proveryaem/,,kyrgyz,1,0.57,https://factcheck.kg/ky/razdacha-deneg-nuzhdayushhimsya-ot-organizaczii-islamskogo-sotrudnichestva-proveryaem/,fact_check
6d5489b5-7634-4380-8771-cb51aaae16ec,Кийим тигүү жана текстиль өнөр жайы үчүн жаңы жеңилдиктер берилет,"Мамлекеттик салык кызматы 2025-жылдын 31-декабрындагы Кыргыз Республикасынын мыйзамы менен кийим тигүү жана текстиль өнөр жайындагы субъекттер үчүн киреше салыгынын ченемдери жана камсыздандыруу төгүмдөрү төмөндөтүлгөнүн билдирет. Тактап айтканда, 2026-жылдын 1-январынан тартып бул ишкерлер бир кызматкер үчүн орточо айлык эмгек акынын 40 пайызынын негизинде эсептелген 12 пайызы өлчөмүндө камсыздандыруу төгүмүн төлөшөт, бул 2 115,5 сомду түзөт. Ошондой эле орточо айлык эмгек акынын 1 пайызы өлчөмүндө киреше салыгы төлөнөт — 440,7 сом. Бир кызматкер үчүн жалпы төлөмдүн суммасы 2 556,2 сомду түзөт. Белгилей кетсек, 2026-жылы орточо айлык эмгек акы 44 070 сомду түзөт. Бул өзгөртүүлөр ата мекендик өндүрүүчүлөрдү колдоого, салыктык жүктү азайтууга, салыктык башкарууну жакшыртууга, ошондой эле өндүрүштү өнүктүрүү, продукциянын ички жана тышкы рыноктордогу атаандаштыкка жөндөмдүүлүгүн жогорулатуу, жумуш менен камсыздоону стимулдаштыруу жана тармактын экспорттук потенциалын жогорулатууга багытталган.",24.kg,https://24.kg/kyrgyzcha/357668_kiyim_tiguu_jana_tekstil_onor_jayyi_uchun_janyi_jenildikter_berilet/,,kyrgyz,0,high,,news_site
c39cc25b-bd1f-409c-9c58-4057a222f5e7,Фоточек: Алп жылкылардын уникалдуу сүрөттөрүбү же фотомонтажбы?,"Коомдук тармактарда алп жылкылардынэки сүрөтү таркатылып жатат. Алар “Техастын бир жеринде… 20-кылымдын башында” тартылган деп айтылууда. Жылкылар ушунчалык зор болгондуктан, жанында турган адамдар эргежээлдей болуп көрүнөт. Сүрөттөр колдонуучулардын зор кызыгуусун жаратты. Айрымдар фотомонтаждын белгилерин көрүп, сүрөттөрдүн аныктыгынан шек санашты: “бул 20-кылымдын башындагы фотошоп экенинен талаш жок, бир гана ал кийин ретушь кылына турган фотоаппликация деп аталчу”. Бирок колдонуучулардын көбү сүрөттөргө, бир кезде Техаста ушундай алп мүчөлүү жылкылар болгонуна  ишеништи. Factcheck.kg редакциясы сүрөттөрдүн аныктыгын текшерип, чынында эле ушундай алп жаныбарлар болгонбу, жокпу аныктады. Эң чоң жылкы породаларынатөмөнкүлөр кирет: Жылкылар боюнчаHorse Spiritтематикалык сайтында, бойлору расмий түрдө тастыкталган 10 эң ири жылкылар тууралуу маалыматты тапса болот. Эң чоң жылкылардын катарына Сампсон, Зевс, Соверен, Биг Джейк, По, Ремингтон, Радар, Крекер жана Голиаф кирет. Бирок алардын бою 170-219 см түзгөн. Гиннестин рекорддор китебиндеэң чоңжылкы деп Сампсон аты аталат, кийин аны Мамонт деп атай башташкан. Сампсон шайр породасына таандык ат болгон. Анын ээси Улуубританиядагы Бедфордшир графтыгындагы Томас Кливер болчу. Ат 1846-жылы туулган. 1850-жылы анын бою 2,19 метрди түзүп, салмагы 1524 кг болгон. Сүрөттөр боюнча издөөлөр көрсөткөндөй, алар Imgur сайтында жакында эле 2023-жылдын 6-апрелинде жана 23-апрелинде гана жарыяланган (1-сүрөт,2-сүрөт). Андан кийин алар коомдук тармактарда таркатыла башташты.",factcheck.kg,https://factcheck.kg/ky/fotochek-unikalnye-fotografii-gigantskih-loshadej-ili-fotomontazh/,,kyrgyz,1,0.69,https://factcheck.kg/ky/fotochek-unikalnye-fotografii-gigantskih-loshadej-ili-fotomontazh/,fact_check
0d5edb5a-6e0f-4a73-8562-93f21425fa6d,"Нуржигит Кадырбеков, «Ыйман нуру»: “Биз штабдарды ачкан жокпуз” – жалган","Бүгүн 24-ноябрда коомдук телеканалда парламентке аттанган талапкерлердин арасында дебат өтүүдө. Дебатта “Күчтүү Регион”, “Ордо”, “Ата Мекен” жана “Ыйман Нуру” партияларынын өкүлдөрү беттешти. “Ыйман нуру” партиясынын лидери Нуржигит Кадырбеков шайлоого сарпталган каражат тууралуу сөз кылып, штабдарды ачпаганын билдирди.",factcheck.kg,https://factcheck.kg/ky/nurzhigit-kadyrbekov-yjman-nuru-u-nashego-politobedineniya-na-tekushhih-vyborah-net-shtaba-nepravda/,,kyrgyz,1,0.75,https://factcheck.kg/ky/nurzhigit-kadyrbekov-yjman-nuru-u-nashego-politobedineniya-na-tekushhih-vyborah-net-shtaba-nepravda/,fact_check
11f10881-7fd3-4c3f-a95a-45a692eb1bed,​Коронавируска каршы вакцина сайылат деген маалымат — фейк [split],"КРнын Саламаттыкты сактоо министрлигинин басма сөз катчысы Жылдыз Айгерчинова бул маалымат жалган экенин билдирди:“Бул маалымат чындыкка жатпайт. Вакцинасы иштелип чыга элек. Кыргызстанда эле эмес, башка өлкөлөрдө дагы жок“, — деп билдиришти министрликтен. Тарап жаткан бул аудио билдирүүлөргө эмне үчүн ишенүүгө болбойт? ЖЫЙЫНТЫК: Бул – ФЕЙК Өлкөдөгү коронавируска байланышкан кырдаалда, айрыкча, бул фейк маалыматтарды таратуу күчөп жатканын Ички иштер министринин орун басары Алмаз Орозалиев кабарлап, атайын жалган маалымат тараткандар Кылмыш жаза кодексинин 344-беренеси менен жоопко тартыларын билдирди. ПолитКлиника медиа (https://pk.kg/)",factcheck.kg,https://factcheck.kg/ky/kyrgyz-%e2%80%8bkoronaviruska-karshy-vakczina-sajylat-degen-maalymat-fejk/,,kyrgyz,1,0.88,https://factcheck.kg/ky/kyrgyz-%e2%80%8bkoronaviruska-karshy-vakczina-sajylat-degen-maalymat-fejk/,fact_check
32a655c5-12d1-49bf-bcc9-42ca29ac1a94,Мамдума депутаттары Кыргызстанда орусча аталыштар алмашып жатканын сындашты,"Орусиянын Мамлекеттик Думасы Кыргызстанда башка тилден кирген жер аталыштарын алмаштыруу демилгеси көтөрүлүп жатканын сынга алды. Мамдума Кыргызстан менен Орусиянын ортосундагы ""Ельцин атындагы кыргыз-орус славян университетинин кампусу боюнча келишимди ратификациялоо"" мыйзамын карап жаткан учурда айрым депутаттар расмий Бишкек орусча аталыштардагы жер-суу аталыштарын, көчөлөрдү өзгөртүүнү көздөп жатканын айтып, сындашты. Депутат Сергей Матвеев Кыргызстанда буга чейин да орусча аталыштар өзгөртүлүп жатканын белгиледи. ""Өлкөнүн президенти Садыр Жапаров Ош облусундагы сапарында орусча аталыштагы жер аталыштары өзгөртүлөрүн, бул 2027-жылы аяктай турганын айтты. Буга чейин орусча, советтик аталыштарды алып жүргөн он беш айылдын аталышы алмаштырылган. Жаш Гвардия, Горький, Толстой, Гоголь, Фрунзе көчөлөрүнүн аталыштары өзгөртүлдү. Биз Кыргызстандагы орусча, советтик аталыштарды өчүрүп жатабыз жана Ельциндин атын түбөлүккө калтырууга көмөктөшүп жатабыз. Согуш маалында өлкө 15 млрд рубль бөлгөнү атат. Бул республикаларда гүлдөп жаткан русофобия жана антисоветизмден коргонуу үчүн башка параметрлер жокпу?"" - деди ал. Кыргызстанда жер-суунун аталыштарын кыргызчага алмаштыруу аракети Орусиянын Мамлекеттик Думасы тарабынан сынга алынган учурлар мурда да болгон. 2023-жылы Жогорку Кеңештин ошол кездеги төрагасы Нурланбек Тургунбек уулу Элдик курултайда Бишкектеги төрт райондун аталышын кыргызчага алмаштырууну сунуш кылган. Анын сөзүнө расмий Москва реакция жасап, Мамлекеттик Думанын депутаттары “Кыргызстанда орус тилин кодулоо болуп жатат” деген билдирүү менен чыкканда коомчулукта катуу талкуу болгон. 7-апрелде Бишкек шаардык кеңешинин чечими мененборбор калаадагы18 көчөнүн аталышы алмашты. -Бишкектин батыш жана чыгыш бөлүгүн түз байланыштырган узун көчө - Фрунзе (Новопавловка айылы), Ден Сяопин, Чүй жана Шабдан баатыр проспектилери башынан аягына чейин Чүй проспекти деп;- Лев Толстой жана Путеводная деген аталыштардан турган көчө - Шабдан баатыр;- 7-апрель/Курманжан датка көчөсү - Курманжан датка;- Түштүк магистрал (Аалы Токомбаев, Абсамат Масалиев, Жайыл баатыр көчөлөрү) - Аалы Токомбаев проспекти;- Чыңгыз Айтматов/Манас чоң көчөсү - Чыңгыз Айтматов проспекти;- Фучик/Васильев тракты - Манас көчөсү;- Жибек Жолу/Победа проспекти - Жибек Жолу;- Жаш Гвардия/Махатма Ганди - Айдарбеков көчөсү;- Кривоносов/Чортеков деген аталыштардагы көчө Масалиев көчөсү;- Горький/Анкара - Анкара;- Абдрахманов/Байтик баатыр/Элебесов - Абдрахманов;- Селекционный/Муромский - Махатма Ганди;- Иманкулов/Тыналиев - Тыналиев;- Береговой/Окраинный/Көк-Сай/Курманалиев/Набережный — Дэн Сяопин;- Раззакова (Новопавловка)/Темирова - Чортеков;- Виноградный - Толстой;- Гоголь (Новопавловка) - Иманкулов;- Ленск/Юбилейный - Жайыл баатыр көчөсү деп өзгөртүлдү. Шаардык кеңештин чечиминен кийин, бул аталыштар бекитилип, аларды өзгөртүүгө 20 жылга мораторий салынары кабарланды. 13-апрелде президент Садыр Жапаров Алай районунун тургундары менен жолукканда өлкөдөгүайыл аталыштарытолук кыргызчаланарын айткан. Андан соң ""Ынтымак Ордо"" Жапаров аталыштарды өзгөртүүдө адам ысымдары гана берилбей турганын билдиргенин тактаган. Кыргызстанда оторчулук доордон, андан кийин советтик мезгилден калган коммунисттик пропаганда, идеологиялык мааниси бар шаар, айылдардын аталыштарын өзгөртүү демилгеси узак жылдан бери аягына чыга элек. (ZKo)",azattyk.org,https://www.azattyk.org/a/33738023.html,2026-04-22T19:51:22+06:00,kyrgyz,0,high,,news_site
f0412de4-9ad1-485d-bb5a-aa35920be665,РФ ТИМи: Киев Жеңиш күнүнө карата элдешүү демилгесине кескин реакция кылды,"БИШКЕК, 7-май — Sputnik.Киев Жеңиш күнүнө карата жарыяланган ок атышууну токтотуу демилгесин кескин кабыл алды. Ал эми Владимир Зеленский Ереванда жүргөндө, 9-майда Москвада өтө турган майрамдык иш-чараларга байланыштуу террордук мүнөздөгү коркутууларды айткан. Бул тууралуу РФ ТИМ өкүлү Мария Захарова билдиргенин РИА Новости жазды. “РФ Куралдуу күчтөрүнүн жогорку башкы командачысы Владимир Путиндин чечими менен 2026-жылдын 8–9-май күндөрү Жеңиш майрамына карата ок атышууну токтотуу режими жарыяланган. Бул демилгени АКШ президенти Дональд Трамп да 29-апрелдеги телефон сүйлөшүүсүндө колдогон. Бирок бул сунуш Киев өкүлдөрүнүн кескин реакциясын жаратты”, - деди Захарова брифингде. Дипломаттын айтымында, Владимир Зеленский Ереванда бул демилгенин маанисин төмөндөтүүгө аракет кылып, кийин Кызыл аянттагы парадга дрондор менен сокку урулушу мүмкүн экенин кыйыткан. Мария Захарова Зеленский Ереванда сүйлөп жатып нацисттик жана террордук мүнөздөгү коркутууларды айтканын белгиледи. РФ ТИМи өлкөлөрдү Киевден дипкызматкерлерин эвакуациялоого чакырды10:40",sputnik.kg,https://sputnik.kg/20260507/kiyev-zhenish-kunu-keskin-reaktsiya-1101161399.html,16:36 07.05.2026,kyrgyz,0,high,,news_site
d0cc445f-2936-43fe-8047-70070047f276,Адамга айбат көрсөткөн белгисиз жандык,"WhatsApp тиркемесинде таң калычтуу жаныбардынбадалдын арасынан чыгып, алгач жашынууга аракет кылып, адан соң, күтүлбөгөн жерден бурулуп, арткы буттарында туруп, алдыңкы буттарын кеңири жайганы тартылган тасма тараган. Айрым колдонуучулар белгисиз жандык багынып берди десе, башкалары, тескеринче, аны тартып аткан адамга айбат көрсөттү деп божомолдогон. Factcheck.kg редакциясы объективге түшкөн жандык тууралуу маалымат издеди. Тасмадан бир кадр алып, издөө салсак, дүйнө жүзүндө бул жаныбардын турган турпатын сүрөткө/видеого тартып алгандар көп болгонун аныктадык. Көрсө, бул тамандуа аттуу жаныбар экен. Анын терисинин өңүнөн улам, түндүк же мексикалык тамандуа экенинаныктайбыз. Мичиган университетиндеги Зоология музейинин сайтынынмаалыматынаылайык, бул жандык Түндүк жана Түштүк Америкада кенен жайылган. Бул тууралууinaturalist  сайты да жазган. Ачык булактардагы маалыматкаылайык, төрт манжалуу тамандуа коркунуч сезгенде, чоңураак жана агрессивдүү болуп көрүнүшү үчүн тасмада тартылган позаны карманат экен. Алардын бекем алакандары жана узун тырмактары душмандардан коргонууга жардам берет.",factcheck.kg,https://factcheck.kg/ky/neizvestnoe-sushhestvo-vladeet-boevymi-iskusstvami/,,kyrgyz,1,0.57,https://factcheck.kg/ky/neizvestnoe-sushhestvo-vladeet-boevymi-iskusstvami/,fact_check
02707eac-5f9a-48e9-ac61-a2c37e974705,Башкы прокурор бир жылда 72 социалдык объект мамлекетке кайтарылганын билдирди,"Соңку бир жылда өлкө боюнча 72 социалдык объект мамлекетке кайтарылганын баш прокурор Максат Асаналиев 8-апрелде парламенттин жалпы жыйынында билдирди. Алардын ичинде бала бакча, билим берүү жана спорт, саламаттык сактоо тармагына тийиштүү имараттар, жер тилкелери бар. Мамлекетке кайтарылган мекемелердин жалпы суммасы 4 млрд 55 млн 41 миң сомду түзөт.Асаналиев бул багытта иш жетиштүү жүрүп жатканын жана мындан ары дагы күчөтүлөрүн кошумчалады.Буга чейин 10 жылдан ашуун убакытта 100дөн ашуун объект кайтарылса соңку бир жылда эле 100 объект кайтарылды. Бул багытта иштер күчөтүлө бермекчи"", - деди баш прокурор.Жогорку Кеңеш мыйзамдуулуктун абалы жана аны чыңдоого байланыштуу баш прокурордун өткөн жылда жасаган иштери боюнча отчетун угуп жатат.Башкы прокуратура, Улуттук коопсуздук боюнча мамлекеттик комитети өлкөнүн бардык аймактарында мурунку убактарда сатылган мамлекеттик объектилер ""мыйзамсыз менчиктештирилген"" деген жүйө менен мамлекетке кайтарылганы тууралуу маалыматтарды улам-улам жарыялап келет.Анын ичинде бала бакча, мектеп, мектеп-интернаттардын имараттары, жерлери да бар.Агартуу министрлигинин маалыматында, 2025-жылы мурунку убактарда мыйзамсыз менчиктештирилген 40 бала бакчанын имараты мамлекетке кайтарылган. (КЕ)",azattyk.org,https://www.azattyk.org/a/33727363.html,2026-04-08T12:43:38+06:00,kyrgyz,0,high,,news_site
184d666a-59d3-43b3-9570-0cc1328440cd,Жеке ветеринарлар ассоциациясы эпизоотиялык абалга кооптонуусун билдирди,"Жеке ветеринарлар ассоциациясынын өкүлү Эрмек Түнгатаров Кыргызстанда эпизоотиялык абал туруктуу эмес экенин 24-апрелде парламенттеги “Эл үмүтү – Ата Журт” депутаттык тобунун жыйынында билдирди. Ал ылаң дагы эле жүрүп жатканын жана мал-жандык кырылган учурлар бар экенин белгиледи: “Бул пандемиядай болуп өтө кооптуу келди. Эртерээк аныктап, жеке ветеринарларга сапаттуу вакциналар келсе бул оорулар болбойт эле. Вакциналар сапаттуу болсо жер-жерлерде иштеген жеке ветеринарларга да элдин ишеними болот эле. Буга чейин өкмөт үч түр ылаң боюнча вакцина тараткан. Бирок азыр шарптын жети түрү жана анын ичинен да бөлүнүп кеткендери көп”. Анын алдында айыл чарба министринин орун басары Рустамжан Балтабаев шарп ылаңына каршы Кыргызстан Орусиядан 4 миллион доза вакцина алып жатканын билдирген. Өкмөт шарпка байланыштуу тынчсызданууга негиз жоктугун, эпизоотиялык абал туруктуу экенин белгилеп келет. Жогорку Кеңештин Агрардык саясат, суу ресурстары, жер казынасын пайдалануу, экология жана айлана-чөйрөнү коргоо боюнча комитети 6-апрелде өлкөдөгү эпизоотиялык кырдаалды жакшыртуу чараларын жабык караган. Комитет төрагасы Кубанычбек Самаков каралып жаткан документте коомчулукка ачык айтылбай турган ""купуя"", кызматтык пайдалануу үчүн деген белгилер бар экенинбилдирген.",azattyk.org,https://www.azattyk.org/a/33741459.html,2026-04-24T13:08:05+06:00,kyrgyz,0,high,,news_site
8db119f1-3eb7-4a79-afe4-4b79888a8029,Жаңылыктар. Чыгарылыш 17:00,"Жаңылыктар топтому менен таанышып алыңыздар! Микрофондо Элдияр Асылбеков. Алгач биз токтоло турган кабарлардан кыскача...Трамп Украинада 8–9-майда ок атышууну токтотуу боюнча Путиндин демилгесин колдоду Москвада 9-майда мобилдик интернетке убактылуу чектөө киргизилет  Министрлер кабинети колледждерге жана жогорку окуу жайларга кабыл алуу эрежелерин өзгөрттү. Эми алдыда кененирээк... Кыргыз Республикасынын Министрлер кабинети колледждерге жана жогорку окуу жайларга (ЖОЖ) кабыл алуу эрежелерине өзгөртүүлөрдү киргизди. Жаңы тартип кабыл алуу процессин ачык-айкын кылууга багытталган.Жаңы эрежелерге ылайык, абитуриенттердин баллы тең чыккан учурда облус деңгээлиндеги мектептик сынактардын жеңүүчүлөрүнө артыкчылык берилет. Мындай сынактардын тизмесин кийин Билим берүү министрлиги түзөт.Ошондой эле профилдик адистиктерге тапшырууда жеңилдик берилген олимпиадалардын тизмеси кеңейтилди. Мурда бул жеңилдик негизинен “Интеллектуалдар XXI кылым” сынагынын катышуучуларына тиешелүү болсо, эми эл аралык жана республикалык олимпиадалардын жеңүүчүлөрүнө да жайылтылды. Облустук деңгээлде байгелүү орун алган окуучулар өз багытына ылайык адистиктерди тандай алышат. Бирок бул жеңилдик Бишкек шаарындагы ЖОЖдорго тиешелүү эмес — абитуриенттер милдеттүү түрдө ЖРТ тапшырып, босого баллды топтошу керек.Мындан тышкары, өкмөт билим берүү тармагындагы ваучердик каржылоо механизмин кийинки окуу жылына чейин узартты. Чүй облусунда 7-майдан 12-майга чейин туруксуз аба ырайы жана катуу жаан-чачын күтүлүп, сел жүрүү коркунучу жаралары эскертилди.  Чүй облустук ички иштер башкы башкармалыгы маалымдагандай, тоолуу жана тоо этектериндеги райондордо дарыялардагы суунун деңгээли көтөрүлүшү мүмкүн.  Буга байланыштуу жарандарга жана эс алуучуларга коопсуздук чараларын сактоо сунушталды. Тактап айтканда, тоолуу аймактарга барбоо, дарыя жээктеринде жана капчыгайларда эс албоо, ошондой эле катуу жаан учурунда тоо жолдорунда жүрүүдөн алыс болуу керектиги айтылды.  Өзгөчө кырдаал жаралган учурда 102 кызматына кайрылуу зарыл экени белгиленди. Москвада 9-майда мобилдик интернетке убактылуу чектөө киргизилет   Москва шаарында 9-май — Жеңиш күнүнө карата коопсуздук чараларынын алкагында мобилдик интернет жана СМС кызматтарына убактылуу чектөө киргизилет.  Россия Федерациясынын Санариптик өнүктүрүү министрлиги маалымдагандай, чектөөлөр майрамдык иш-чаралар өтүп жаткан мезгилде коомдук коопсуздукту камсыздоо максатында ишке ашырылат. Бул чаралар “ак тизмедеги” айрым сайттарга кирүүгө да таасир этиши мүмкүн.  Ошол эле учурда үйдөгү интернет жана Wi-Fi тармактары кадимки режимде иштей турганы белгиленди.  Министрлик 7–8-май күндөрү байланыш чектелбей турганын билдирип, бирок коопсуздукка байланыштуу өзгөчө кырдаал жаралса мобилдик интернет убактылуу өчүрүлүшү мүмкүн экенин эскертти. Трамп Украинада 8–9-майда ок атышууну токтотуу боюнча Путиндин демилгесин колдоду  РФ ТИМинин расмий өкүлү Мария Захарованын айтымында, мындай демилге Киевди сарысанаага салып, тынчын алууда.   “Зеленский Жеңиш парадын үзгүлтүккө учуратарын айткан коркутуулары менен нацизмге каршы күрөшкөндөрдүн элесине, анын ичинде өз үй-бүлөсүнүн тарыхына да кайдыгер экенин ачык көрсөттү”, — деди ал.  Семён Иванович Зеленский 17 жашында фронтко кеткен. 1942-жылы Совет армиясынын 57-гвардиялык аткычтар дивизиясынын 174-гвардиялык полкунда кызмат кылган.   1944-жылы Никополь аймагындагы салгылаштарга катышкан.",sputnik.kg,https://sputnik.kg/20260507/1101162097.html,17:00 07.05.2026(Жаңыртылды:17:16 07.05.2026),kyrgyz,0,high,,news_site
c92a20a9-4128-4173-b7d0-c30832b9284a,"Орусия Украинанын темир жолуна сокку урду, Полтавада төрт киши каза болду","Орус армиясы 5-майга караган түнү Украинанын үч облусунда темир жол инфратүзүмүнө сокку урду. Бул тууралуу Украинаны калыбына келтирүү боюнча вице-премьер-министр Алексей Кулеба билдирди. Полтава облусунда тепловозго жакын жерге, жолдор ортосуна сокку урулду. Жарылуунун кесепетинен өрт чыгып, вагон күйдү. Жабыркагандар жок. Облус жетекчиси Виталий Дьяковнич орус армиясы регионго ракета жана дрон менен чабуул койгонун билдирди. Полтава районунда өндүрүш ишканасы, темир жол инфратүзүмү зыян тартып, 3,5 миңге жакын абонент газсыз калды. Төрт киши каза болуп, 31и ар кандай жараат алды. Алардын арасында өрттү өчүрүү учурунда орусиялык аскер күчтөрүнүн соккусуна кабылган эки куткаруучу бар. Ошондой эле орус армиясы Днепропетровск облусундагы станцияга сокку урду, электровоз зыян тартты. Жумушчуларга алдын ала эскертилгендиктен жабыркагандар болгон жок. Харьков облусунда учкучсуз учак темир жол вагонуна сокку урду. «Эң негизгиси адамдар коопсуз жайда. Байкоо салган борбор иштеп, адамдар коопсуз жайга жашынууга үлгүрүшкөн», - деди Кулеба. Киев облусунун Бровары районундагы калктуу аймак чабуулга кабылды. Эки киши жараат алды. Вышегород районунда бир киши жабыркады. Чернигов районунда турак жай күйдү, жараат алган эки киши ооруканага жаткырылганын Өзгөчө кырдаалдар министрлиги кабарлады. Орусия 5-май күнү эртең менен Харьков облусуна чабуул жасап, үч киши жараат алганын облус башчысы Олег Синегубов билдирди. Орусия соңку чабуулдар тууралуу комментарий бере элек.",azattyk.org,https://www.azattyk.org/a/33750252.html,2026-05-05T13:36:15+06:00,kyrgyz,0,high,,news_site
bba48c94-7113-4998-b847-c0c91020f70b,Кыргызстанда бүтүрүүчүлөрдүн билимин тестирлөө май айында өтөт,"Мектеп бүтүрүүчүлөрүнүн билим деңгээлин аныктоочу жалпы республикалык тестирлөө сынагы 16-майдан 23-майга чейин өтөт. Бул тууралуу Агартуу министрлиги маалымдады. Ага ылайык, быйылкы тестирлөөгө 65 412 бүтүрүүчү катталды. Жалпы республикалык тестирлөө мектеп бүтүрүүчүлөрүнө жогорку окуу жайга өтүүгө мүмкүнчүлүк берген сынак. Тест уюштуруучуну Агартуу министрлиги сынак аркылуу тандайт. Соңку жылдары бул укук Билимди баалоо жана окутуу усулдары борборуна берилип келет. Былтыр жалпы тестирлөөдө54 окуучу эң жогорку упай топтоп, “Алтын сертификатка” жетишкен. Алардын ичинен эң жогорку – 242 упайды Бишкек шаарындагы №70 жалпы билим берүү орто мектебинин бүтүрүүчүсү Атай Эстебесов алган. (ZKo)",azattyk.org,https://www.azattyk.org/a/33743444.html,2026-04-27T17:53:05+06:00,kyrgyz,0,high,,news_site
180aace5-f036-4405-853f-d6eab1bf629c,Матраимов Абрамовичтин футбол клубун сатып алабы?,"Социалдык тармактарда Раимбек Матраимов Орусия олигархы Роман Абрамовичтен “Челси” футбол командасын сатып алат деген маалымат жайылды. «Кыргызстандык бизнесмен Раим Матраимовдун россиялык миллиардер Роман Абрамовичтин «Челси» (Лондон) футбол клубуна көзү түштү. Бул тууралуу дүйнөлүк алдыңкы ММКлар кабарлады. Алгачкы сүйлөшүүлөр жакынкы арада пландаштырылууда. Бизнесмендер илгертен бери жеке байланышта. Мындан тышкары,  “Челсинин” үй дареги болгон Стэмфорд Бридж Лондон стадионунун аймагында Абрамович менен Матраимовдун үйлөрү коңшулаш. Бүгүнкү күндө Матраимовдун мүлкү 500 млрд долларга бааланат », – деп айтылат сюжетте. Facebook колдонуучулары маалымат WhatsApp тиркемесинен келгенин жазып, тасма менен активдүү бөлүшкөн. Видеону көргөн колдонуучулар түрдүү пикир калтырып, айрымдары маалыматты дароо фейк десе, башкасы таң калып, ишенгенин билдирген. Factcheck.kg чуу жараткан тасманы текшерип көрдү. Алгач сюжеттеги жазууларга көңүл бурабыз. Анда бири-бири менен байланышы жок үч сөз жазылган: Абрамович, Челси, Матраимов.",factcheck.kg,https://factcheck.kg/ky/dejstvitelno-li-matraimov-sobiraetsya-kupit-futbolnyj-klub-chelsi/,,kyrgyz,1,0.56,https://factcheck.kg/ky/dejstvitelno-li-matraimov-sobiraetsya-kupit-futbolnyj-klub-chelsi/,fact_check
7d686d77-a7b2-4940-b5f9-45c83f3cdc2c,"Башкача айтканда, кыргыз тилиндеги вариантта учурдагы мыйзамдар Интернеттеги маалыматты жайылтуу менен байланышкан укуктук мамилелердидээрлик жөнгө салбайт,ал эми орус тилиндеги варианттатиешелүү түрдө жөнгө салбайт. [split]","Германия Федеративдик Республикасы эң популярдуу жети социалдык тармакты аныктаган (Facebook, YouTube, Instagram, Twitter, Google+, Pinterest и Soundcloud). «Мыйзамсыз маалымат жарыяланып, ал ачыктала турган болсо», социалдык тармактардын ага карата колдонулуучу чаралары так жазылган. Эң башкысы, зыян контентти жайылтуудагы жоопкерчилик колдонуучулар менен жеке жактарга эмес, социалдык тармактардын өзүнө илинген. Социалдык тармактар өз платформасынын модератору катары контент (мазмун) үчүн жооптуу. Мындан тышкары, маалымкат-негиздемеде эл аралык тажрыйбанын терс жактары белгиленбегенин айта кетели. «Репортеры без границ» аттуу Эл аралык уюмдун маалыматына ылайык: Германияда Интернеттеги укуктарды менчиктештирүү мыйзамдаштырылган. Тигил же бул билдирүү мыйзамсыз экенин сот чечиши керек. Бирок, бийликтин жазасынан кутулуу үчүн Facebook жана башка компаниялар күмөн жаратуучу контентти териштирбей туруп өчүрөт. Мыйзам долбоору Гүлшат Асылбаева  сунуштаган жаңы мыйзам долбоорунун тексти 2017-жылы март айындагы коомдук талкууга чыгарылган Кыргыз Республикасынын «Администрациялык жоопкерчилик жөнүндө кодексине өзгөртүүлөрдү жана толуктоолорду киргизүү тууралуу» жана  «Маалыматташтыруу жана электрондук башкаруу жөнүндө»  мыйзамына 64% дал келет. Гүлшат Асылбаева сунуштаган мыйзам долбоорунун 1-беренесинде мындай деп айтылат: Интернетте таратылып жаткан маалымат көпчүлүк алдындагы, жарандык жана башка укуктук мамилелердин объекти боло алат. Эгер мыйзамдарда маалыматка жетүү боюнча чектөөлөр же болбосо аны берүүгө же жайылтууга башка талаптар белгиленбесе, маалымат каалаган адам тарабынан эркин колдонулуп, бир адамдан экинчи адамга берилсе болот. Орусча вариантында: Информация, распространяемая в Интернете, может являться объектом публичных, гражданских и иных правовых отношений. Информация может свободно использоваться любым лицом и передаваться от одного лица другому лицу, если законами не установлены ограничения по доступу к информации либо иные требования к порядку ее предоставления или распространения. Бул текст «Административдик укук» (5-бас, авторлор: Лев Попов, Сергей Тихомиров, Юрий Мигачев китебинин 308-бетиндеги текст менен шайкеш келет: 4-берене: Маалымат жайгаштырыла турган Интернет сайтынын (же) Интернет түйүнүндөгү баракчанын ээси аталган маалыматты жайгаштырууда же аны пайдаланууда, анын ичинде аталган маалымат ушул сайтка же сайттын баракчасына Интернет түйүнүнүн башка колдонуучулары тарабынан жайгаштырылган учурда Кыргыз Республикасынын мыйзамдары, анын ичинде төмөнкүлөр сакталышын камсыздоого милдеттүү: Орусча вариантында: Владелец сайта и (или) страницы сайта в сети Интернет, на которых размещается информация, при размещении и использовании указанной информации, в том числе при размещении указанной информации на данном сайте или странице сайта иными пользователями сети Интернет, обязан обеспечивать соблюдение законодательства Кыргызской Республики… Бул берене «Маалымат, маалыматтык технологиялар жана маалыматты коргоо жөнүндө» Федералдык Мыйзамынын 10.2беренесиненалынган: 4-беренеде айтылган дагы бир сүйлөм Россиялык мыйзамдан алынган: Интернет түйүнүндөгү сайттын жана (же) сайттын баракчасынын ээси ага юридикалык жактан маанилүү билдирмелерди жөнөтүп туруу үчүн Интернеттеги өзүнүн сайтына же сайттын баракчасына фамилиясы менен инициалдарын, электрондук дарегин жайгаштырууга милдетүү. Орусча вариантында: Владелец сайта и (или) страницы сайта в сети Интернет обязаны разместить на своем сайте или странице сайта в сети Интернет свою фамилию и инициалы, электронный адрес для направления ему юридически значимых сообщений. Россиялык мыйзамда: 3-пункт: Интернет түйүнүндөгү сайттын, сайттын баракчасынын ээси жана Интернет колдонуучу төмөнкүлөргө укуктуу: Орусча вариантында: Владелец сайта, владелец страницы сайта и пользователь в сети Интернет имеет право: 1) свободно искать, получать, передавать и распространять информацию любым способом в соответствии с законодательством Кыргызской Республики; 2) размещать или допускать размещение на своих сайте или странице сайта в сети Интернет текстов и (или) иных материалов других пользователей сети Интернет, если размещение таких текстов и (или) иных материалов не противоречит законодательству Кыргызской Республики. Кайрадан россиялык мыйзамдын сөзмө-сөз көчүрүлгөнүнө күбө болобуз: 7- берене: Провайдер Кыргыз Республикасынын аймагында Интернет түйүнүнүн колдонуучуларынын үнү менен жазылган маалыматтарын, жазуу тексттерин, сүрөттөрүн, добуштарын же башка электрондук маалыматтарын кабыл алуу, берүү, жеткирүү жана (же) иштеп чыгуу фактылары жөнүндө маалыматты жана ушул колдонуучулар жөнүндө маалыматты мындай иш-аракеттер аяктаган учурдан тартып алты ай ичинде сактап турууга, ошондой эле аталган маалыматты Кыргыз Республикасынын мыйзамдарында белгиленген учурларда сот органдарына, Кыргыз Республикасынын коопсуздугун коргогон же ыкчам-иликтөө ишмердигин жүргүзгөн ыйгарым укуктуу органдарга берүүгө милдеттүү. Орусча вариантында: Провайдер обязан хранить на территории Кыргызской Республики информацию о фактах приема, передачи, доставки и (или) обработки голосовой информации, письменного текста, изображений, звуков или иных электронных сообщений пользователей сети Интернет и информацию об этих пользователях в течение шести месяцев с момента окончания осуществления таких действий, а также предоставлять указанную информацию судебным органам, уполномоченным органам, осуществляющим оперативно-розыскную деятельность или обеспечение безопасности Кыргызской Республики, в случаях, установленных законодательством Кыргызской Республики. Ал эми Россиянын мыйзамына ылайык: Жыйынтык: Россия Федерациясынын«Маалымат, маалыматтык технологиялар жана маалыматты коргоо жөнүндө»федералдык мыйзамынын беренелерин көчүргөн жана Жогорку Кеңеште 2017-жылдын март айында сунушталган мыйзам долбоорунун64%ын кайталайт;",factcheck.kg,https://factcheck.kg/ky/manipulyaczii-i-plagiat-v-zakonoproekte-gulshat-asylbaevoj-o-manipulirovanii-informacziej/,,kyrgyz,1,0.54,https://factcheck.kg/ky/manipulyaczii-i-plagiat-v-zakonoproekte-gulshat-asylbaevoj-o-manipulirovanii-informacziej/,fact_check
e10214a9-8bfd-4e71-8e6c-4ec60c932500,Жаңылыктар. Чыгарылыш 09:00,"Садыр Жапаров Баткен облусуна болгон иш сапарынын жүрүшүндө Кыргызстан, Тажикстан жана Өзбекстандын чек аралары кесилишкен аймактагы “Достук” эл аралык соода-экономикалык паркынын долбоору менен таанышты.Президентке долбоордун башкы планы көрсөтүлүп, ал аймакта административдик, логистикалык, өндүрүштүк, коммерциялык жана туристтик зоналарды камтыган заманбап комплекс курулары маалымдалды. Жалпы аянты 100 гектарды түзгөн парк соода жана инвестициялык мүмкүнчүлүктөрдү кеңейтүүгө багытталган.Долбоор ишке ашса, 5 миңден ашуун жумуш орундары түзүлүп, чек ара аймагындагы соода жүгүртүү көлөмү өсөрү күтүлүүдө. Ошондой эле туристтик инфраструктураны өнүктүрүү жана эл аралык маданий иш-чараларды өткөрүү пландалган.Мамлекет башчысы мындай демилгелер үч өлкөнүн кызматташтыгын бекемдеп, аймактык туруктуулукка жана экономикалык өнүгүүгө өбөлгө болорун белгиледи. Сары-Жазда эки көпүрө курулууда, өзгөчө кырдаалдар министри иштин жүрүшүн текшердиКанатбек Чыныбаев Ысык-Көл облусуна жумушчу сапары менен барып, бир катар объектилердеги курулуш иштеринин жүрүшү менен таанышты.Алгач министр Ананьево айылындагы жаңы өрт-куткаруу бөлүгүнүн курулушун текшерди. Өз сөзүндө ал курулуш иштеринин сапатын жогорулатуу, өрт өчүрүүчүлөр үчүн ыңгайлуу шарттарды түзүү жана бөлүнгөн каражаттарды максаттуу пайдалануу зарылдыгын баса белгиледи.Андан соң жумушчу сапар Сары-Жаз өрөөнүнө уланды. Бул аймакта Өзгөчө кырдаалдар министрлиги Сары-Жаз дарыясы аркылуу эки көпүрө куруп жатат.Маалыматка ылайык, бул көпүрөлөр стратегиялык мааниге ээ болуп, Түп району менен Ак-Суу районунун жайыт аймактарын байланыштырмакчы. Ошондой эле алар аймактагы туристтик маршруттарды өнүктүрүүдө маанилүү роль ойнойт.Сапардын жүрүшүндө министр курулуш иштерин жеринде көрүп чыгып, алардын темпин тездетүү боюнча тиешелүү тапшырмаларды берди. Бишкекте «Кызыл гвоздика — муундардын эс тутуму» аттуу гала-концерт өттү  Бишкек шаарында көркөм өздүк чыгармачылык боюнча XXV ачык шаардык фестиваль-сынактын «Кызыл гвоздика — муундардын эс тутуму» аттуу гала-концерти болуп өттү. Бул тууралуу шаардык мэриядан билдиришти.  Иш-чарага Бишкек шаарынын мэриясынын Маданият башкармалыгынын башчысы Назгүл Мекешова катышып, куттуктоо сөзүн сүйлөдү. Ал фестивалдын маданий мурастарды сактоодо жана муундардын уланышын камсыз кылууда мааниси чоң экенин белгиледи.  Салтанаттуу бөлүктө сынактын жеңүүчүлөрү жана байге ээлери сыйланып, катышуучуларга дипломдор жана ардак грамоталар тапшырылды.  Иш-чара чыгармачыл жамааттардын катышуусунда өткөн гала-концерт менен жыйынтыкталды. 70 жаштагы ардагер, милициянын отставкадагы генерал-майору Кемелбек Киязов Баку шаарында өткөн эл аралык марафондо 70+ жаш категориясында биринчи орунду ээледи.  Маалыматка ылайык, 42,2 чакырым аралыктагы марафон 3-май күнү өтүп, ага дүйнөнүн ар тарабынан 26 миңден ашуун спорт сүйүүчү катышкан.  Белгилей кетсек, Киязов буга чейин да эл аралык мелдештерге активдүү катышып келет.",sputnik.kg,https://sputnik.kg/20260507/1101154985.html,08:59 07.05.2026(Жаңыртылды:09:16 07.05.2026),kyrgyz,0,high,,news_site
bdb4de31-39e5-4bcb-b302-c575ff573285,Кемпир-Абад маселеси УКМКнын төрагасы активисттер менен жолугушту,"Камчыбек Кыдыршаевич жеке өзү баарын көрсөтүп, дыкат түшүндүрүп берди Бүгүн Улуттук коопсуздук мамлекеттик комитетинин төрагасы Камчыбек Ташиев ""Кемпир-Абадчыларды"" кабыл алып, абалды дыкат түшүндүрүп берди. Бул тууралуу жолугушууга катышкан активист Илгиз Шаменов социалдык тармактагы баракчасына жазды. Анын айтымында, Камчыбек Ташиев аларды УКМКнын конок үйүндө жылуу маанайда кабыл алган. ""Кемпир-Абад боюнча Камчыбек Кыдыршаевич жеке өзү баарын көрсөтүп, дыкат түшүндүрүп берди. Карталардын баарын жайып ачык көрсөттү, ар тараптуу талкуу болду, жеке мен ынандым. Себеби, мен көргөн документтердин негизинде, биздин картабыз мурда 199 миң чарчы метр болсо, азыр 200 миң чарчы метр болгонун картадан өз көзүм менен көрдүм. Эми калганына тарых баа берет деп ойлойм, жылуу маанайда бизди кабыл алып, түшүндүрүп, сөз берип, оюбузду укканы үчүн Камчыбек Кыдыршаевичке терең ыраазычылык билдирем. Дагы кандайдыр бир маселелер болсо келгиле, эшигим дайыма ачык деген сөзүн айтты"", - деп жазган ал. Эске салсак, буга чейин бир катар саясатчылар жана активисттер Кемпир-Абад, анын ичинде Кыргызстандын жерлери Өзбекстанга берилип кетти, бийлик бизди алдап жатат деп нааразычылыктарын айтып чыгышкан. 2022-жылдын 26-сентябрында Бишкекке Өзбекстандын премьер-министри Абдулла Арипов келип, УКМКнын төрагасы Камчыбек Ташиев экөө кыргыз-өзбек мамлекеттик чек арасынын айрым тилкелери жөнүндө жаңы келишимдин долбоорун макулдашуу боюнча процедураны баштоого мүмкүндүк берген протоколго кол коюшкан. Анда Ташиев кыргыз-өзбек чек арасын делимитациялоо жана демаркациялоо маселесин жыйынтыктоо боюнча тарыхый миссия болгонун билдирип, делимитация процесси аяктаганын белгилеген.",vesti.kg,https://vesti.kg/kg/politika-kg/item/133031-kempir-abad-maselesi-ukmknyn-toragasy-aktivistter-menen-zholugushtu.html,2024-11-29T18:10:36+06:00,kyrgyz,0,high,,news_site
f70b9276-7abe-405c-bf25-05452c1786c9,Баткенде жубайлардын өлүмүнүн чоо-жайы иликтенүүдө,"Баткен районундагы Чоң-Кара айылында жубайлардын өлүмүнүн чоо-жайы иликтенип жатканын жергиликтүү милициядан ""Азаттыкка"" тастыкташты. Маалыматка ылайык 25-апрелдин кечинде милицияга жубайлар бычактан алган жаракатынан каза болгону тууралуу маалымат түшкөн. Окуянын чоо-жайын аныктоо максатында тиешелүү экспертиза дайындалганы кабарланды. Баштапкы маалыматтарга караганда, аялы 45 жашта, күйөөсү 46 жашта болгон. Алардын артында беш баласы калганы айтылууда. Облустук милиция расмий маалымат бере элек. (JsA/ZKo)",azattyk.org,https://www.azattyk.org/a/33742736.html,2026-04-26T15:19:58+06:00,kyrgyz,0,high,,news_site
983a627d-9529-4999-b12f-049c5a96f2c3,"Баткенде ""Айгүл гүлү"" фестивалы өтөт","20–21-апрель күндөрү Баткен шаарында “Айгүл гүлү” эл аралык фестивалы өтөт.Маданият, маалымат жана жаштар саясаты министрлиги билдиргендей, иш-чаранын негизги максаты - Кызыл китепке кирген сейрек кездешүүчү Айгүл гүлүн эл аралык деңгээлде таанытуу, коңшу мамлекеттер менен маданий байланышты чыңдоо жана достук-ынтымакты бекемдөө. Фестивалга Кыргызстан, Өзбекстан жана Тажикстандан да кол өнөрчүлөр, өнөрпоздор катышат. Иш-чарада түрдүү кароо-сынактар уюштурулат. Өнөрпоздордун чеберчилигин эл аралык деңгээлдеги калыстар тобу баалайт. Кол өнөрчүлөрдүн көргөзмөсү, улуттук тамак-аштардын жарманкеси болот. Мындан тышкары өнөрпоздор элдик ырларды жана музыкалык аспаптарды жандуу аткаруу боюнча күч сынашат. Сынактардын ар бирине 10 миң сомдон 30 миң сомго чейинки өлчөмдө акчалай сыйлыктар каралган. ""Айгүл гүлү"" фестивалы жергиликтүү бийликтин демилгеси менен аймакта туризмди өнүктүрүү максатында бир нече жылдан бери уюштурулуп келе жатат. Айгүл Кыргызстанда Баткен облусундагы Айгүл-Таш тоосунда гана өсөт. Бул гүл 1978-жылы СССРдин Кызыл китебине киргизилген. 2023-жылы ""Айгүл Тоо"" ботаникалык коругуна кирүүгө үч жылга тыюу салынган. Быйыл 1-апрелде анын мөөнөтү дагы 2030-жылга чейин узартылды. Бул Баткенде өскөн уникалдуу гүлдү сактап калуу жана көбөйтүү чарасы экени айтылган. (JsA/ZKo)",azattyk.org,https://www.azattyk.org/a/33731976.html,2026-04-14T17:51:37+06:00,kyrgyz,0,high,,news_site
a9e8e49c-e741-4128-9ac7-35b69d8aa255,Түркиянын Тажикстанга эскертүү бергени тууралуу маалымат далилденген жок [split],"Эрдогандын Тажикстан тууралуу билдирүүсү расмий сайттарга чыгарылган эмес Режеп Тайип Эрдогандын Тажикстангаэскертүү бергендиги тууралуу билдирүүсү, Түркиянын Өкмөтүнүн жана президенттин расмий сайтында жайгаштырылганэмес.Ошондой эле, мамлекеттик медиаларга да чыгарылганэмес. Бул маселе боюнча, юристТаттуубүбү Эргешбаеваэл аралык деңгээлдеги кайрылууларды жасоодо бардык адамдын укугу бар экенин бирок ал расмий күчкө ээ болбосун билдирди: “Адатта ар бир жаран кайрылууларды жасоого укуктуу. Ал эми, жөнөкөй жарандардын кайрылуулары көбүнчө популисттик мүнөздө болуп, расмий күчкө ээ болбойт. Эл аралык каттарды расмий жолдоодо өзүнчө атайын укуктуу органдар тарабынан жүргүзүлөт”– деп билдирдиЭргешбаева. Белгилей кетсек, 1-майда Түркия Республикасынын Тышкы иштер министри Мевлют Чавушолу кыргыз-тажик чек арасында жабыркагандарга гуманитардык жардам жөнөтүү демилгеси бар экенинайткан. Жыйынтык: Түркия Республикасынын президенти Режеп Тайип Эрдоган, Тажикстанга берген эскертүүсү далилденген жок. Ассоль Молдакматовага жооп берген бийликтин өкүлү эмес. Булак: pk.kg",factcheck.kg,https://factcheck.kg/ky/informacziya-o-tom-chto-turcziya-dala-preduprezhdenie-tadzhikistanu-ne-dokazana/,,kyrgyz,1,0.67,https://factcheck.kg/ky/informacziya-o-tom-chto-turcziya-dala-preduprezhdenie-tadzhikistanu-ne-dokazana/,fact_check
66880d34-b318-4ac1-8290-21520eb686f2,Солтон-Сары кени тууралуу: Жыл сайын жергиликтүү тургундарга 50 миллион сомдон компенсация төлөнөт,"Кенди иштетүүдө цианиддер колдонулбайт. Кара-Балта шаарында алтынды тазалоо иштери жүргүзүлөт Президенттин басма сөз катчысы Эрбол Султанбаев Солтон-Сары кени боюнча түзүлгөн кырдаалга социалдык тармактардагы баракчасына комментарий берди.Анын айтымында, мамлекет башчы Садыр Жапаров үстүбүздөгү жылдын июнь айында Нарын районундагы Солтон-Сары алтын кенине барып, абал менен кеңири таанышкан.«Президент жергиликтүү тургундар менен жолугуп, жолдорду жана инфраструктураны куруу жаратылышка терс таасирин тийгизет деген көйгөйлөрүн укту», - деп жазат Султанбаев.«Бирок, өзүңүздөр көрүп турасыздар, жолдор көптөн бери төшөлүп, заводдун курулушу башталды. Жер кыртышын бузууга байланыштуу башка иштер жүргүзүлбөй турганы аныкталгандыктан, Солтон-Сары кенин иштетүүгө уруксат берилген. Муну менен катар компания жыл сайын жергиликтүү тургундарга 50 миллион сом өлчөмүндө компенсация төлөп турмакчы. Ошондой эле алтын казып алуу башталгандан кийин төлөмдөрдүн көлөмү көбөйөт деген келишимге жетишилди”,-деп жазды басма сөз катчы.Мындан тышкары мамлекеттик үлүш болот. Кенди иштетүүдө цианиддер колдонулбайт. Кара-Балта шаарында алтынды аффинаждоо иштери жүргүзүлөт.Сүрөт www",vesti.kg,https://vesti.kg/kg/geologiya-kg/item/103367-solton-sary-keni-tuuraluu-zhyl-sajyn-zhergiliktuu-turgundarga-50-million-somdon-kompensatsiya-tolonot.html,2022-08-19T13:42:18+06:00,kyrgyz,0,high,,news_site
917a655d-ff60-4f14-abc2-af1f9c28a75b,Бишкекте Аялдардын эл аралык күнүнө арналган ири иш-чара өттү,"Маданий иш-чарага шаардын бардык райондорунан келген 5000ге жакын аял катышты Борбор калаада 8-Март – Аялдардын эл аралык күнүнө арналган масштабдуу майрамдык иш-чара өттү. Салтанаттуу концерт «Жаштык» аренасынын имаратында уюштурулуп, ага шаардын бардык райондорунан келген 5000ге жакын аял катышты. Иш-чарага Биринчи айым Айгүл Жапарова, Бишкек шаарынын мэри Айбек Джунушалиев, Эмгек, социалдык камсыздоо жана миграция министри Канат Сагынбаев, ардактуу коноктор, ошондой эле борбор калаанын коомдук турмушунун ар кыл тармактарында эмгектенген айымдар катышты. Мэр Айбек Джунушалиев куттуктоо сөзүндө, бардык аялзатын 8-Март майрамы менен куттуктап, бекем ден соолук, бакыт-таалай, үй-бүлөлөрүнө ынтымак жана ийгиликтерди каалады. «Бүгүнкү күндө Бишкек шаарында 1,5 миллиондон ашуун адам жашайт, алардын жарымынан көбү – аялдар. Бул сиздер биздин шаардын мүнөзүн, маанайын жана келечегин аныктоодо чоң роль ойнойсуздар дегенди билдирет. Бишкектин аялдары шаардык турмуштун бардык тармагында өздөрүн көрсөтүп келишет. Сиздер балдарды тарбиялап, билим берүүнү, илимди, маданиятты, спортту, ишкердикти жана коомдук турмушту өнүктүрүп жатасыздар. Сиздер баалуулуктарды калыптандырып, билимди муундан муунга өткөрүп, үй-бүлөлөрдү бекемдеп, ишеним менен камкордуктун атмосферасын түзөсүздөр», – деп белгиледи шаар мэри. Ошондой эле калаа башчысы «Бишкек жашыл курулуш» жана «Тазалык» муниципалдык ишканаларынын кызматкер айымдарынын эмгегин өзгөчө белгилеп, борбор калааны көрктөндүрүүгө кошкон салымы үчүн ыраазычылык билдирди. Майрамдык программада классикалык чыгармалар, заманбап композициялар, белгилүү аткаруучулар жана чыгармачыл жамааттар катышкан концерт тартууланды.",vesti.kg,https://vesti.kg/kg/koom/item/148610-bishkekte-ayaldardyn-el-aralyk-kununo-arnalgan-iri-ish-chara-ottu.html,2026-03-06T19:21:39+06:00,kyrgyz,0,high,,news_site
bdda0242-1a4f-4685-9543-c3ca66ffde31,Германия менен Украина 4 млрд евролук коргонуу келишимин түзүштү,"Украин президенти Владимир Зеленскийдин Берлин сапары учурунда жана өкмөттөр аралык кеңешмелердин жыйынтыгында шейшемби күнү Германия жана Украина стратегиялык кызматташтык жана коргонуу багыттары камтылган бир канча тармак боюнча келишим түзүштү. Германиянын канцлери Фридрих Мерц эки өлкөнүн ортосундагы мамилелер стратегиялык өнөктөштүк деңгээлине көтөрүлгөнүн баса белгиледи. Мерцтин айтымында, Deutsche Welle жазгандай, Украинага мындан ары да комплекстүү колдоо чаралары, анын ичинде абадан коргонуу, алыскы аралыкка атуучу курал, дрон жана артиллериялык ок-дары жаатында жардам көрсөтүү макулдашылды. Украиналык делегациянын курамындагы коргоо министри Михаил Федоров Германия менен макулдашууну абадан коргонууну күчөтүү, алыска атуу мүмкүнчүлүктөрүн өнүктүрүү жана биргелешип дрон жасоону камтыган ""4 млрд евролук жаңы ири кызматташуу"" деп сыпаттады. Федоров белгилегендей, Германия бир нече жүздөгөн Patriot ракетасын каржылайт. Киев муну украин шаарларын жана маанилүү инфратүзүмдү коргоо мүмкүнчүлүгүн көбөйтөт деп эсептейт. Ошондой эле көп катмарлуу абадан коргонуу системасын чыңдоо үчүн 36 IRIS-T ракета учуруучу түзүлүшүн жеткирүү пландаштырылууда. Build with Ukraine демилгесинин алкагында орто аралыктагы дрондорду жасалма инттеллекттин жардамы менен өндүрүү да каралган. Биринчи баскычта Аскер-деңиз күчтөрү үчүн 5 миң дрон каралганын Михаил Федоров өзүнүн Телеграм каналына жазды. Шейшембиде ошондой эле RTX куралын өндүргөн ири Raytheon компаниясынын бир бөлүгү Украинага 3,7 млрд долларга Patriot ракетасын жеткирүү боюнча келишимге кол койгону кабарланды. Владимир Зеленский немис канцлери Фридрих Мерц менен чогуу өткөрүлгөн маалымат жыйынында Украина куралынын жарымынан көбүн өз алдынча даярдап жатканын, тиешелүү каржылоо болсо өндүрүштү эки эсе көбөйтө аларын айтты. Зеленский буга Венгриянын премьер-министри Виктор Орбан бөгөттөгөн Евробиримдиктин 90 млрд евролук насыясын мисал кылды. Мерц Венгриядагы бийлик алмашуу европалык жардамдын тез берилишине алып келерине үмүттөнөрүн билдирди. Ал ошондой эле Орусиянын ""көмүскө флотуна"" каршы кийинки кадамдар тууралуу да жарыялады.",azattyk.org,https://www.azattyk.org/a/33732549.html,2026-04-15T10:22:29+06:00,kyrgyz,0,high,,news_site
5883cc45-a18a-4200-ae9e-2138a87457df,Мурдагы президент Курманбек Бакиевдин иниси Акмат Бакиев каза болду,"Апрель ыңкылабында кулатылган мурдагы президент Курманбек Бакиевдин иниси Акмат Бакиев каза болгонун ""Азаттыкка"" анын жакындары ырасташты. Маалыматка ылайык, 66 жаштагы Бакиев 13-апрелде Өзбекстандын аймагында каза болгон. Ал соңку жылдары ооруп жүргөнү айтылууда. Акмат Бакиевдин сөөгү туулуп-өскөн Жалал-Абад облусунда жерге берилет. Акмат Бакиев агасы Курманбек Бакиев бийликте турган жылдары Жалал-Абад облусундагы таасирдүү фигуралардын бирине айланган. 2010-жылы жайында кармалып, Апрель, Июнь окуяларындагы башаламандыктар боюнча жети жылга эркинен ажыратылган. 2012-жылдын башында ден соолугуна байланыштуу жатак абакка которулган. Ошол жылдын март айында Бакиевдин өлкөдөн качып кеткени маалым болгон. Андан бери анын кайда экени тууралуу расмий маалымат берилген эмес.",azattyk.org,https://www.azattyk.org/a/33731144.html,2026-04-13T16:36:37+06:00,kyrgyz,0,high,,news_site
c67f7b9b-3207-4f91-b0e0-18d1587c0d3d,Казакстандан келген 22 тонна картошка кайра кайтарылды,"22 тонна картошка Казакстандан Кыргызстанга киргизилген жок. Бул тууралуу Суу ресурстары, айыл чарба жана кайра иштетүү өнөр жайы министрлиги билдирди. Маалыматка ылайык, жүк Чүй-Бишкек башкармалыгынын «Ак-Тилек» өткөрмө пунктунда текшерилип, Казакстандан кирген 22 тонна картошка фитосанитардык көзөмөлдөө учурунда продукциянын таңгагында маркировка жок экендиги аныкталган. Евразия экономикалык комиссиясынын Кеңешинин 2016-жылдын 30-ноябрындагы № 157 Чечимине ылайык, карантинге алынган продукциянын ар бир таңгагында продукциянын аталышы, чыгарылган өлкө, экспорттоочу өлкө жана (же) реэкспортер өлкө жөнүндө маалыматтарды камтыган маркировкасы болушу керек. Карантин алдындагы жүктү маркировкасыз алып кирүү Евразия экономикалык биримдигинин бирдиктүү карантиндик фитосанитардык талаптарын бузуу болуп саналат. Ошого байланыштуу бул жүк импортер өлкөгө кайра кайтарылган.",24.kg,https://24.kg/kyrgyzcha/369426_kazakstandan_kelgen_22tonna_kartoshka_kayra_kaytaryildyi/,,kyrgyz,0,high,,news_site
99b52c4e-acfa-44ff-8e30-94d66beb6214,Мүрзөдөгү ымыркай тууралуу фейк,"Болжол менен Африкада тартылган видео соцтармактарда жайылды. Видеого  төмөнкү комментарий берилген: «Африкалык боюнда бар аял өлгөн болот… Төрт айдан кийин мүрзөсүнөн ымыркайдын ыйлаганын эшиткен эл, мүрзөнү кайра казып ымыркайды аман – эсен куткарып алышат». Бул тууларуу Каныбек Осмоналиев аттуу колдонуучу өз баракчасына жазган. Factcheck тастыктоочу инструменттерди колдонуп тасманын чоо-жайын аныктады. Алгач бул видео 2018-жылдын июнь-июль айларында  ар кайсы сайттарда жарыяланган. Анын сүрөттөмөсү дээрлик бардык жерде бирдей. Ал Кенияда тартылганы баяндалат, айрым булактардда Индонезияда болгон окуя деп берилет. Кадрларга назар салсак, тасма үйдүн тегерегинде тартылганы байкалат. Айрым колдонуучулар: “аял короого көмүлгөнбү” деген суроо калтырган. Ымыркай куткарылган жер чын эле мүрзөгө окшобогону даана көрүнөт. Ал казылган жер же даараткананы эске салат.",factcheck.kg,https://factcheck.kg/ky/fejk-video-pro-novorozhdennogo-iz-mogily/,,kyrgyz,1,0.75,https://factcheck.kg/ky/fejk-video-pro-novorozhdennogo-iz-mogily/,fact_check
e2e797d3-d80e-467f-872b-67707dcf5b13,Унчукпай калба жана коркпо: жумушта жана коомдук транспортто харассментке кантип каршы туруу керек,"Изилдөөлөргө ылайык, Кыргызстанда ар бир төртүнчү аял жумуш ордунда сексуалдык ыдыкка дуушар болгон. Эмгек министрлиги Эмгек кодексине өзгөртүүлөрдү сунуштап, ага ылайык, ыдык көрсөткөндөр кызматкерге келтирилген моралдык зыянды жана материалдык чыгымды төлөп бериши керек. Бирок маселе – көпчүлүк адамдар өз укуктары бузулуп жатканын ачык айтуудан коркуп, унчукпай чыдап келишет. Харассмент жумуш ордунда да, коомдук транспортто да кездешип, адамдардын коопсуздугуна, психологиялык абалына олуттуу таасир этет. Көпчүлүк учурда жабырлануучулардын коркуп же уялып, бул тууралуу унчукпай коюушу көйгөйдү чечпестен, тескерисинче, анын улануусуна шарт түзөт. Харассментке каршы күрөшүү үчүн ар бир адам өз укуктарын билип, өзүн коргой алганы маанилүү. Бул багытта коомдун маалымдуулугун жогорулатуу, ошондой эле адистердин кеңештери өзгөчө роль ойнойт. “Көз мончок” уктуруусунда дал ушул маселеге кененирээк кайрылдык.",sputnik.kg,https://sputnik.kg/20260505/1101135982.html,17:04 05.05.2026(Жаңыртылды:17:16 05.05.2026),kyrgyz,0,high,,news_site
3390e2a9-1458-4bfc-8769-cab19acbbb3e,Чемпиондор лигасы: Жарым финалда «ПСЖ» клубу «Баварияны» 5:4 эсебинде жеңди,"Чемпиондор лигасынын 2025/2026-сезонунун жарым финалынын алгачкы беттеши өтөт. Анда Франциянын «ПСЖ» жана Германиянын «Бавария» командалары кездешти. «ПСЖ» Чемпиондор лигасынын 1/2 финалынын алгачкы беттешинде «Баварияны» 5:4 эсебинде жеңди. Оюн Париждеги «Парк де Пренс» стадионунда өттү. Биринчи таймда эле командалар беш гол киргизишти. Бул турнирдин жарым финалдык тарыхындагы алгачкы учур болуп калды. Оюндун чоо-жайы: «ПСЖ» тараптан:Хвича Кварацхелия жана Усман Дембеле (бирөөсү пенальтиден) дубль жасашты. Дагы бир голду Жоау Невеш киргизди. «Бавария» тараптан:Харри Кейн (пенальтиден), Майкл Олисе, Дайо Упамекано жана Луис Диас айырмаланышты. Дарбазачы: Француз командасынын дарбазасын россиялык голкипер Матвей Сафонов коргоду. Кийинки кадам: Чемпиондор лигасынын жарым финалындагы «ПСЖ» менен «Бавариянын» жооптук беттеши 6-майда Мюнхенде өтөт. Бул жуптун жеңүүчүсү финалда «Атлетико» — «Арсенал» тирешинин жеңүүчүсү менен ойнойт.",24.kg,https://24.kg/kyrgyzcha/372301_chempiondor_ligasyi_jaryim_finalda_psj_klubu_bavariyanyi_54_esebinde_jendi/,,kyrgyz,0,high,,news_site
6a60d71d-e715-4422-9685-0935ae913936,Садыр Жапаров Борбор Азия өлкөлөрүн суу маселесинде чогуу аракеттенүүгө чакырды,"Президент Садыр Жапаров Кыргызстандын климаттын бузулушуна таасири аз болгону менен, анын кесепетин чоң көлөмдө тартып жатканын 22-апрелде, Астанада өтүп жаткан Аймактык экологиялык саммиттесүйлөп жатып билдирди.Мамлекет башчы буга мисал катары акыркы беш жылдан бери жаратылыш катаклизмдери көбөйгөнүн, анын ичинде сел, суу ташкындарынын саны 3 эсеге өскөнүн, мындан жылдык түз материалдык чыгым болжолдуу 16 млн долларга чыкканын белгиледи. Ошондой эле Кыргызстанда мөңгүлөрдүн аянты 16% кыскарып, Ысык-Көлгө куйган дарыялардын саны кыскарганы көлдөгү суунун азайышына алып келгенин, мөңгүлөрдүн көп эришинен улам бийик тоолордогу көлдөр 1968-жылдан бери 30%  өскөнүн айтты.Мамлекет башчысы Кыргызстан Борбор Азия аймагында суу запастарын коргоо жана сактоо үчүн олуттуу каржылык жана адам ресурстарын жумшап жатканын, ондогон жылдар бою суу бөлүштүрүүнүн мурдагы лимиттерин сактап келе жатканын белгиледи. Ошондой эле экосистемалык кызматтарды көрсөтүү жана ага сарпталуучу чыгымдар бардык суу пайдалануучулар тарабынан колдоого алынышы жана биргелешип каржыланышы керектигин айтты.“Биздин өлкө өз муктаждыгы үчүн болгону 12 млрд куб метрге жакын сууну пайдаланат, ал эми калган 38 млрд куб метр суу коңшу мамлекеттерге кетет. Биз Кыргызстанда калыптанып жаткан суу ресурстарынын Борбордук Азия өлкөлөрүнүн айыл чарбасын, энергетикалык, азык-түлүк жана социалдык-экономикалык коопсуздугун камсыздоо үчүн чоң мааниге ээ экендигин түшүнөбүз. Муну эске алуу менен, биз ондогон жылдар бою суу бөлүштүрүүнүн мурдагы лимитин сактап, суу топтоо жана чыгаруу боюнча кызматтарды, гидротехникалык курулуштардын сакталышын жана коопсуздугун, өзгөчө кырдаалдардан коргоону камсыз кылууну улантып келе жатабыз"", - деди Садыр Жапаров.Президент коңшу мамлекеттер менен биргелешкен аракеттерди күчөтүүгө, ошондой эле климаттык жана экологиялык фонддордун каржылоосун тартууга чакырды.Мындан тышкары, Садыр Жапаров ""жашыл"" энергетика тармагындагы долбоорлор, анын ичинде Камбар-Ата-1 ГЭСинин курулушу, чакан гидроэлектр станцияларды, күн жана шамал электр станцияларын өнүктүрүү ишке ашырылып жатканын маалымдады.Мамлекет башчысы мамлекеттерди жана эл аралык өнөктөштөрдү 2027-жылдын 21-23-октябрында Кыргызстанда өтө турган “Бишкек+25” Глобалдык тоо саммитине активдүү катышууга чакырды.Бүгүн, 22-апрелде, Казакстандын борбору Астана шаарында Аймактык экологиялык саммит өтүп жатат. Ага Казакстандын президенти Касым-Жомарт Токаев, Армениянын президенти Ваагн Хачатурян, Грузиянын президенти Михаил Кавелашвили, Монголиянын президенти Ухнаагийн Хурэлсух, Тажикстандын президенти Эмомали Рахмон, Түркмөнстандын президенти Сердар Бердымухамедов, Өзбекстандын президентин Шавкат Мирзиёев, Азербайжандын премьер-министри Али Асадов жана эл аралык уюмдардын жетекчилери катышууда. (ZKo)",azattyk.org,https://www.azattyk.org/a/33737923.html,2026-04-22T16:59:28+06:00,kyrgyz,0,high,,news_site
44920fbe-38d6-44f8-bb57-13185bf99eec,Сирия Хмеймим авиабазасын машыгуу борборуна айландырууну көздөп жатканы маалымдалды,"Сирия бийлиги Орусия колдонуп келген Хмеймим авиабазасын машыгуу жана гуманитардык жайга айландырууну көздөп жатат. Бул тууралуу “Коммерсант” басылмасы сириялык булактарга таянып жазды. Балсылманын маектештери объектти Орусия менен Сирия биргелешип башкарышы мүмкүн экенин, бирок борбор аскердик эмес максаттар үчүн пайдаланыла турганын айтты. Маалыматта айтылгандай, база алгачкы аскердик даярдыгы жок сириялык аскерлердин машыгуу полигонуна айланат. Дамаск ошондой эле окутуу программаларына орусиялык инструкторлорду тартууга үмүттөнөрү да маалымдалды. Бийлик алмашып, мурдагы президент Башар Асаддын режими кулагандан кийин Москванын Сириянын жаңы бийлиги менен кызматташтыгы күмөн жараткан. Сириянын де-факто лидери Ахмед аш-Шараа мурдараак Орусия менен келишимдерди аткарууга даяр экенин билдирген. Орусия Сириядагы турумдарын сактап, Латакия провинциясындагы Хмеймим базасын жана Тартустагы материалдык-техникалык камсыздоо флотун көзөмөлдөйт. Орусиянын тышкы иштер министри Сергей Лавров буга чейин Сирия бийлиги Орусиянын катышуусун сактап калууга кызыкдар экенин, бирок гуманитардык функцияларга басым жасаларын айткан.",azattyk.org,https://www.azattyk.org/a/33742183.html,2026-04-25T12:05:27+06:00,kyrgyz,0,high,,news_site
13bc1b59-613c-47b5-9769-d397c8ea7dca,Асаналиев УКМК кызматкерлерине байланыштуу 386 арыз түшкөнүн билдирди,"Улуттук коопсуздук боюнча мамлекеттик комитеттин (УКМК) мурдагы кызматкерлеринин мыйзамсыз жана коррупциялык иштерине байланыштуу Аскер прокуратурасы 18 кылмыш ишин козгоп, тергеп жатат. Бул тууралуу башкы прокурор Максат Асаналиев парламенттин Сот-укук маселелери, укук тартиби, кылмыштуулук менен күрөшүү боюнча комитетинин 7-апрелдеги жыйынында депутаттардын суроолоруна жооп берип жатып билдирди. Анын айтымында, козголгон кылмыш иштердин алкагында УКМКнын тогуз кызматкери жоопкерчиликке тартылып, сегизи соттун чечими менен камалган. Бирөө үй камагына чыккан. Асаналиев кылмыштардын ичинде купуя материалдарга байланыштуу бир иш бар экенин, ал дагы тергелип жатканын кошумчалады.Башкы прокурор УКМКнын кызматкерлеринин үстүнөн 386 арыз каралып жатканын, арасында такталбай калган, текшерилип жаткан материалдар бар экенин белгиледи. Президент Садыр Жапаров 10-февралда Камчыбек Ташиевди Министрлер кабинетинин төрагасынын орун басары - Улуттук коопсуздук мамлекеттик комитетинин төрагалыгынан бошоткон. Ошондон кийин УКМКнын бир катар кызматкерлери кармалып, иштен алынды. Бишкек шаары боюнча башкы башкармалыгынын мурдагы башчысы Элдар Жакыпбеков, УКМКнын Чүй облусу боюнча башкармалыгын тергөө бөлүмүнүн мурдагы жетекчиси Бердибек Боронбаев, Элдар Жакыпбековдун жакын адамы деп айтылып жаткан УКМКнын мурдагы кызматкери Сыдык Дүйшөмбиев, УКМКнын Өзгөчө маанилүү иштер боюнча 6-башкы башкармалыгынын жетекчиси Тилек Абдыкалыков камакка алынган. Алардын баарына Кылмыш-жаза кодексинин “Коррупция” беренеси менен айып коюлган.Ушул окуялардан кийин учурунда мыйзамсыздыкка кабылганын айтып бийликке кайрылуу жолдогондор болууда. Жергиликтүү басылмалар УКМКнын мурдагы кызматкерлеринин мыйзамсыз аракеттери боюнча ишкерлерден, мамлекеттик кызматта иштегендерден 500дөй арыз түшкөнүн жазып чыккан.Кармалгандардын жакындары же адвокаттары азырынча комментарий бере элек. (КЕ)",azattyk.org,https://www.azattyk.org/a/33726660.html,2026-04-07T16:42:35+06:00,kyrgyz,0,high,,news_site
25098fd6-ad56-4bf4-bd28-2c947ce4611e,Кытай Кыргызстанга автоунаа оңдоочу устаканаларды курат,"Кытайдын A-CAR (""Чуань И"") компаниясы Кыргызстанда жаңы автоунааларды сатуучу жана аларды оңдоочу устаканаларды курмакчы. Буга байланыштуу келишим 8-апрелде Кыргызстандын Инвестициялар боюнча улуттук агенттиктин директору Равшанбек Сабиров менен аталган компания өкүлдөрү ортосунда түзүлдү. Тараптардын жолугушуусунда автоунаа тармагындагы кызматташтык, Борбор Азия аймагында компаниянын атайын өкүлчүлүгүн ачуу, Кытайдын жана эл аралык алдыңкы үлгүдөгү автоунааларды сатуучу дилердик тармак ачуу максаты тууралуу сөз болду. Инвестор мындай автоунааларды расмий каттоо, камсыздандыруу, каржылык коштоону камсыздоодон тышкары, техникалык жактан тейлеп, оңдоп-түздөөчү устаканаларды да курууну көздөп жатканын маалымдады. Равшанбек Сабиров бул тармакка салынган инвестиция өлкөнүн автоунаа базарын өнүктүрүүгө шарт түзүп, жаңы жумуш орундары менен камсыздай турганын билдирди. Акыркы жылдары Кыргызстанга Кытайдан ташылган автоунаалар көбөйгөн. Өкмөттүн маалыматында 2025-жылы Кыргызстан менен Кытайдын ортосунда машине ташуу боюнча 130 миң уруксат берилген. Кыргызстанга Кытайдан ташылган автоунаалардын басымдуу бөлүгү - электромобилдер.(ZKo)",azattyk.org,https://www.azattyk.org/a/33728232.html,2026-04-09T10:36:17+06:00,kyrgyz,0,high,,news_site
35be560d-c4b1-4ce1-a16d-6a19dfb10758,Франциядагы эң эски имарат деген чынбы? Текшеребиз,"Facebook социалдык тармагында эски имараттын сүрөтү жарыяланып, ал Франция көчөлөрүнүн биринде жайгашканы жана 700 жылдык тарыхы бар экени айтылат. Factcheck.kg бул маалыматты текшерип көрдү. Google издөө системасын колдонуп, сүрөттө La Maison de Jeanne аттуу имарат экенин аныктайбыз. ИмараттынFacebookсоциалдык тармагында жеке баракчасы бар жана ал Франциянын түштүгүндөгү Окситания регионунда Аверон аймагындажайгашкан. Учурда бул имараттын сырткы келбети өзгөртүлгөн.",factcheck.kg,https://factcheck.kg/ky/samoe-staroe-zdanie-vo-franczii-proveryaem/,,kyrgyz,1,1.0,https://factcheck.kg/ky/samoe-staroe-zdanie-vo-franczii-proveryaem/,fact_check
40f031da-be39-4e1d-8e7e-cddba8e9d1ac,Бишкекте жаңыланып туруучу энергия булактары боюнча изилдөө борбору ачылды,"Кыргыз мамлекеттик техникалык университетинин базасында жаңыланып туруучу энергия булактары боюнча изилдөө жана тренинг борбору ачылды. Бул тууралуу 6-апрелде Илим, жогорку билим берүү жана инновациялар министрлиги кабарлады. Бул демилге Швейцариянын Женева шаарында жайгашкан Булан институту (Bulan Institute for Peace Innovations) жана Кыргыз мамлекеттик техникалык университети менен биргеликте ишке ашырылды.Аталган борбор энергетика тармагындагы адистерди даярдоону жана алардын квалификациясын жогорулатууну камсыз кылган, илимий изилдөөлөрдү жүргүзүүгө жана практикалык көндүмдөрдү өнүктүрүүгө багытталган заманбап билим берүүчү жана илимий-практикалык аянтча.Борбордун капиталдык ремонту жана жабдуулары, ошондой эле учурда жүргүзүлүп жаткан жаңыланып туруучу энергия булактары боюнча окутууларын Булан институту каржылоодо. Институттун директору Чолпон Орозобекова борбордун негизги максаты Кыргызстанда жашыл энергетиканын ыкчам өнүгүүсүнө салым кошуу, заманбап адистерди даярдоо жана илимий изилдөөлөрдү жүргүзүү экенин белгиледи. Кыргыз бийлиги энергиянын альтернативдүү булактарын колдонууну көбөйтүү планын жарыялаган. 2022-жылы Жашыл энергетика фонду түзүлгөн. Фонд гидроэнергетика, күн, шамал жана башка энергиянын кайра жаралуучу булактарын өнүктүрүү багытында иштей турганы айтылган.Мекеме 2024-жылдын июль-декабрь айларында инвесторлор менен конкурстук негизде 42 жер тилкесин ижарага берүү боюнча келишимдерди түзгөн.2023-жылы мартта президент Садыр Жапаров “Энергиянын жаңыланып туруучу булактарын пайдалануу үчүн багытталган жерлерди берүү маселелери жөнүндө” жарлыкка кол койгон. Анда күн, шамал жана энергиянын жаңыланып туруучу башка да булактарын өркүндөтүү үчүн станция курууга бир катар жеңилдик берүү каралган. (КЕ)",azattyk.org,https://www.azattyk.org/a/33725912.html,2026-04-06T18:48:39+06:00,kyrgyz,0,high,,news_site
a1471319-9826-4fa3-95b4-da9f200e2b34,"RUSSIAN OFFICIALS HAVE CAPTURED THE THIRD ALLEGED TERRORISTHe was trying to hide in the forests of the Bryansk region.https://t.co/UJGhiZKo31— UGO & ThĚ Bíg Stéppêrs (@UGOOTWEETS)March 23, 2024","22-март күнү кечинде Москванын жанындагы Крокус Сити Холлдо террордук акт болду. Куралчан топ «Пикник» музыкалдык топтун концертинин алдында концерттик залга кирип барып, адамдарга карата ок чыгарган. Бир аздан кийин имаратта жардыруу болуп, өрт башталган. Учурда 139 адам курман болгондугу белгилүү. Теракт учурунда жана андан кийин бул окуя тууралуу маалыматтар интернетте өтө көп болуп алардын арасында жалган жана далилденбеген маалыматтар эл арасына кеңири тарап кеткен.Factcheck.kzредакциясы андай маалыматтардын негизгилерин талдап чыкты. Теракт тууралуу алгачкы жаңылыктар пайда болгонуна бир нече саат болуп калганда кремлди жактаган Пул №3 Telegram-каналында украинанын улуттук коопсуздук жана коргонуу кеңешинин катчысы Алексей Данилов терактка «Украинанын тиешеси бар» деген имиш видеосу таркатылган. Ролик менен орусиялык ТВнын алып баруучулары Ольга Скабеева жана Руслан Осташко жана ошондой эле патриоттук чоң Звезда каналы бөлүшкөнү жетишкен. Бирок видео дипфейк болуп чыкты. Бул тууралуу Пул №3 каналы да өзү билдирген. «Даниловдун видеосу – нейротармак жараткан дипфейк деп жазып жатышат. Биз видеонун аныктыгы тууралуу эч нерсе айта албайбыз», – деп билдирген паблик. Белгилей кетүүчү нерсе, дипфейк Telegram-каналдарда гана таркатылбастан, орусиялык каналдардан да көрсөтүлгөн окшойт. Интернеттен НТВ телеканалынын логотиби бар скриншотторду табууга болот. Видеодо Данилов Украинанын күнөөсүн «кыйыр» түрдө билдирген түшүнүксүз текстти айтат имиш. «Бүгүн Москвада кызыктуубу? Мен абдан кызыктуу болушу керек деп ойлойм. Аларга мындай кызыктуу нерсени тез-тез уюштура турганыбызга ишенгим келет. Кантсе да «бир тууган» эл эмеспи, ал эми тууган-уруктарды көбүрөөк кубантып, аларга бат-баттан конокко барып туруу керек. Демек, барып турабыз». Ролик өтө популярдуу болгону бизди таңгалдырат, анткени бир караганда эле Даниловдун мимикасы бир кызык экени жана сүйлөгөн сөздөрүнө дал келбегендиги байкалып турат. Бул сапаты начар дипфейк экенин айгинелейт, бул тууралуу украиналык Дезмаалыматтарга каршы туруу борбору да билдирген. Украиналык «Факти» сайты 2024-жылдын 16-мартында эфирге чыккан «Мы – Украина» телеканалынын эфиринин жазуусун тапкан, ошондогу фрагмент фейкти жаратууга колдонулган. Андан алып баруучу менен Данилов эмес Кирилл Буданов маектешкенин көрсөк болот. Теракттан көп өтпөй көптөгөн пабликтер жана ЖМКлар шектүүлөр тууралуу биринчи багыттоо маалыматтарды (ориентировка) тарката башташкан. Алар күч органдарына жакын «ВЧК-ОГПУ» каналына шилтеме кылышкан. Каналдын өзүндө учурда бул жазуу өчүрүлгөн. Кийин аныкталгандай, «ВЧК-ОГПУнун» маалыматы чындыктан алыс болгон. Орусиянын ИИМине таандык «Вестник киберполиции России» Telegram-каналы билдиргендей, аталган адамдар «быйыл мартта жүргүзүлгөн антитеррордук операция учурунда укук коргоо органдары тарабынан жок кылынган болчу». Андан кийин дагы бир багыттоо маалымат Mash жана Baza ири Telegram-каналдарында пайда болуп, интернетте кеңири таркатыла баштаган. Бирок бул маалымат дагы дээрлик толугу менен жалган болуп чыкты. Билдирүүлөргө ылайык, коомдук тармакта жарыяланган тизмектегилердин кеминде үчөөсүндө алибилери бар. Шектүүлөрдүн үчөөсү «Тажикстандын жарандары» деген маалыматка бул өлкөнүн ТИМи жооп кылган. Анын билдирүүсү боюнча, Исмонов Ривочиддин жана Насриддинов Махмадрасул 2023-жылдан бери Тажикстанда болгон жана ошондуктан алардын кылмышка эч кандай тиешеси жок. ЖМКлардын билдирүүлөрүнө ылайык (1, 2), укук коргоо органдарына өзү келген Рустам Назаров дагы терактка эч кандай тиешеси жок экенин айткан. Ал Самарада жашайт жана 22-март күнү ал үй-бүлөсу менен болгон. Андан сырткары шектүүлөр түшкөн деп божомолдонгон автоунаа токтотулганда кармалгандар тууралуу маалымат менен Интернетте таркатылган маалымат ар башка болгон. ФСБ 23-мартта 11 адам, алардын ичинде төртөөсү терактка шектелгендер кармалгандыгы тууралуу билдирген. 24-март күнү кечинде Москванын Басман райондук сотунда биринчи жыйын болуп өтүп, анын жыйынтыгында Далержон Мирзоев, Саидакрами Рачабализода, Шамсутдин Фаридуни жана Мухаммадсобир Файзов 2024-жылдын 22-майына чейин камакка алынган болчу. Кийин дагы төрт адам камакка алынган: Диловар Исломов, камакка алынгандар түшүп бараткан ак Ренонун акыркы ээси; Исроил Исломов, Диловар Исломовдун атасы; Аминчон Исломов, Диловар Исломовдун бир тууганы; жана Алишер Касимов, алдын-ала маалыматтар боюнча, шектелип жаткандардын бири Шамсутдин Фаридуниге батир берген. Х (мурдагы Twitter) коомдук тармагында атайын кызмат кармагандардын арасында «Украинанын жараны Рустам Ажиев» (1, 2, 3) болгон деген маалымат кеңири таркатылган болчу (1, 2, 3, 4, 5, 6). Ага далил катары коомдук тармактын колдонуучулары Ажиевдин сүрөтүн жана шектүүлөрдүн бири кармалган жерде тартылган сүрөттөр менен видеолорду жарыялашкан.",factcheck.kg,https://factcheck.kg/ky/terakt-v-krokus-siti-holle-razbiraem-lozhnye-i-nedokazannye-utverzhdeniya/,,kyrgyz,1,0.62,https://factcheck.kg/ky/terakt-v-krokus-siti-holle-razbiraem-lozhnye-i-nedokazannye-utverzhdeniya/,fact_check
bae89c28-b6df-4642-8041-376c2f219f5e,"Иранга бир нече сокку урулду, Тегеран коңшу өлкөлөргө эскертүү берди","АКШ президенти Дональд Трамп Тегеранга койгон мөөнөт жакындап калганда чакта Иран аймагында бир катар объектилер абадан соккуга дуушар болду. Чабуул стратегиялык мааниге ээ Харк аралына да коюлду. Ал аркылуу өлкөнүн мунай экспортунун болжол менен 90% жөнөтүлөт. 7-апрелде Тегеран шаарында жарылуулар угулуп, абадан коргонуу системалары иштеп жатканы маалымдалды. Ошондой эле соккулар Тебриз–Зенжан жолундагы ири көпүрөлөргө жана Кум шаарына жакын аймактарга да жасалганы кабарланды. Бирок бул маалыматтарды көз карандысыз булактар азырынча тастыктай элек. Чабуулдардан кийин Ирандын Ислам революциясынын сакчылар корпусу кескин билдирүү жасап, эгер АКШ “кызыл сызыктардан” өтсө, аймактагы америкалык жана ага союздаш өлкөлөрдүн объектилерине сокку уруларын эскертти. Ошондой эле Иран Перс булуңундагы АКШнын өнөктөштөрүнө да ачык эскертүү берди. Буга чейин кошуна өлкөлөргө карата “коңшулук мамиледен улам” карманып келген чектөөлөр эми алынганын билдирип, бул мамлекеттер да түздөн түз бутага айланышы мүмкүн экенин белгиледи. Бул Ирандын позициясы өзгөргөнүн көрсөтөт. Буга чейин Тегеран аймактагы айрым объектилерге сокку урганы менен ал мамлекеттерди түз душман катары атаган эмес. Маалыматтарга караганда, Тегерандын борборундагы тарыхый синагога да соккуга кабылды. 6-апрелде Ак үйдөгү басма сөз жыйынында Дональд Трамп стратегиялык мааниге ээ Ормуз кысыгы толук ачылбаса Иранга ""көргүлүктү көрсөтөрүн"" дагы бир ирет эскерткен. Дүйшөмбү күнү Тегеран Вашингтондун Пакистан ортомчулугу аркылуу берилген сунушун четке какты. Иран согушту толук жана таптакыр токтотууну гана колдой турганын белгиледи. Жооп катары, IRNA агенттиги кабарлагандай, Иран 10 пункттан турган өз шарттарын сунуштады. Алардын ичинде аймактагы согуш аракеттерин толук токтотуу, Ормуз кысыгы аркылуу коопсуз кеме жүрүүсүн камсыз кылуу боюнча протоколдорду киргизүү, бардык санкцияларды толук алып салуу жана согуштан кийинки калыбына келтирүү чаралары бар.",azattyk.org,https://www.azattyk.org/a/33726767.html,2026-04-07T19:07:58+06:00,kyrgyz,0,high,,news_site
67f412cf-1001-48b3-a5f8-4c236791e63a,Йедикуле жана Саматядагы Стамбулдун жашыруун мурастары,"Йедикуле чеби тарыхый шаар дубалдары боюнча саякатты баштоого эң ыңгайлуу жерлердин бири Стамбулга болгон ар бир сапар адатта дүйнөгө белгилүү символдордон башталат — шаардын асман сызыгын аныктаган жана ар бир саякатчынын тизмесинде турган тарыхый эстеликтерден. Бирок миңдеген жылдар бою ар түрдүү цивилизациялардын таасиринде калыптанган бул мегаполис атактуу архитектуралык мурастардан алда канча көп нерсени сунуштайт. Өзүнүн бай жана көп катмарлуу тарыхы менен Стамбул ар бир сапарыңызда жаңыдан ачыла турган өзгөчө райондору аркылуу таанылат. Тарыхый шаар дубалдарынын бойлой жайгашкан Йедикуле жана Саматья райондору — шаардын эң кызыктуу, бирок салыштырмалуу тынч жана өзгөчө атмосферага ээ аймактарынын бири. Бир кезде императорлор жашаган, кийинчерээк ар түрдүү диний жамааттардын мекени болгон Йедикуле менен Саматья бүгүнкү күндө да жергиликтүү маданияты терең тамыр жайган жандуу район катары белгилүү. Бул космополит көчөлөрдө сейилдеп жүргөндө ар кыл цивилизациялар калтырган издерди, тарыхый сарайларды, чакан дүкөндөрдү жана салттуу кофеханаларды (kahvehane) көрүүгө болот. Бул жерде достук баарлашуулар бүгүнкү күнгө чейин жылуу уланууда. Райондор ошондой эле муундан муунга өтүп келе жаткан бай мейхана маданиятын сактап келет жана бул салт менен таанышууга эң ылайыктуу жерлердин бири болуп саналат. Жети мунара — түбөлүктүү мурас Йедикуле (Жети мунара) чеби Стамбулдун тарыхый шаар дубалдары боюнча саякатты баштоого эң ыңгайлуу жерлердин бири. Бул дубалдар шаардагы эң бай маданий аймактардын бири болгон Тарыхый жарым аралды бойлой созулуп жатат. Чеп V кылымда Чыгыш Рим империясы доорунда шаарды душмандардын чабуулдарынан коргоо үчүн курулган жана кийин Осмон доорунда кошумча дубалдар жана дарбазалар менен кеңейтилген. Чепте бир нече дарбаза бар болсо да, өзгөчө көңүл бурууга арзый турганы — жеңиш менен кайтып келген императорлорду тосуп алуу үчүн курулган атактуу Алтын дарбаза. Чептин ичинде анын атын берген жети мунараны, анын ичинде зынданды, курал сакталган жайларды жана казынаны көрүүгө болот. Ошондой эле мунараларды бириктирген өтмөктөр менен жүрүп, Мармара деңизине жана Тарыхый жарым аралга ачылган кооз панорамалык көрүнүштөрдөн ырахат алууга болот. Чепти көргөндөн кийин саякатыңызды Саматья тарапка уланта аласыз. Жолдо архитектуралык кызыктуу объекттерге туш болосуз. Алардын арасында кооз коңгуроо мунарасы менен белгилүү Ыйык Константин жана Елена Рум православ чиркөөсү бар. Саматьянын четинде жайгашкан Студиос монастырынын калдыктары — кийин Имрахор мечитине айланган тарыхый курулуш — аймактагы Чыгыш Рим жана Осмон доорунун көп катмарлуу мурасын айкын көрсөтүп турат. Ыйык жайлардан дасторконго чейин: Саматьянын руху Саматьяга келгенде, көптөгөн түрк телесериалдарында көрсөтүлгөн тарыхый аянт конокторду жылуу жана жагымдуу атмосферасы менен тосуп алат. Бул жерде сейилдеп жүргөндө эски китеп дүкөндөрүн, кафелерди, ресторандарды жана таттуу дүкөндөрдү көрөсүз. Алардын жанында райондун тарыхый жүзүн сактап калган жыгач сарайлар да жайгашкан. Кээ бирлери сүйүү менен калыбына келтирилип, бүгүнкү күндө кафе катары кызмат кылууда. Бул жерлерде көбүгү бар салттуу түрк кофесинен даам татууга болот. Йедикуле менен Саматьянын ортосундагы темир жол станциясынын жанында Темир жолчулардын чиркөөсү жайгашкан. Бул чиркөө Саматья чиркөөсү деп да аталат. Азыр ал сириялык христиан жамааты тарабынан колдонулат. Чиркөө Осмон доорунун акыркы мезгилиндеги темир жол кызматкерлери менен байланышкан жана райондун темир жол тарыхын чагылдырат. Мындан тышкары, бул район Стамбулдагы эң байыркы армян чиркөөлөрүнүн бири болгон Саматья Сурп Кеворк армян чиркөөсүнө жана Ыйык Мемас чиркөөсүнө да үй болуп келет. Бул диний жайлар Саматьянын көп маданияттуу мүнөзүн айкын көрсөтөт. Бир кезде деңиз жээгинде жайгашкан чакан балыкчы айылы болгон Саматья бүгүнкү күндө гастрономиялык тажрыйба менен да белгилүү. Бул жерде көптөгөн мейханалар (түрк таверналары) балык тамактарын түрк ракысы менен кошо сунуштайт. Ошондой эле нохут пастасынан жана карамелденген пияздан даярдалган вегетариандык топик жана балык бөрөгү сыяктуу даамдуу мезе түрлөрүн да татууга болот. Балыклы Рум ооруканасы жана Айя Хараламбос чиркөөсү Стамбулда бир кезде дарылоо борбору болгон тарыхый ооруканалар бүгүнкү күндө да өз ишин улантып келет. Йедикуле менен Саматьяда маданият, тарых жана гастрономия менен таанышкан соң Балыклы Рум ооруканасына да барууга болот. Бул жай шаардын маданий жана коомдук эс тутумунда өзгөчө орунду ээлейт. Оорукананын бакчасында XVIII кылымда бейтаптар жана кызматкерлер үчүн курулган Айя Хараламбос чиркөөсү жайгашкан. Чиркөө II кылымда жашаган жана православ ишениминде эпидемияларга каршы коргоочу катары сыйланган Ыйык Хараламбоско арналган. Бул чиркөө чума эпидемиясы күч алган мезгилде негизделген оорукана үчүн руханий коргоо жана үмүт символу катары маанилүү болуп саналат.",vesti.kg,https://vesti.kg/kg/koom/item/148605-jedikule-zhana-samatyadagy-stambuldun-zhashyruun-murastary.html,2026-03-06T15:32:27+06:00,kyrgyz,0,high,,news_site
1d8fe738-94c8-48ae-8f94-a4abf12d1b80,Элчи Эдил Байсалов президенттин эл аралык демилгелер боюнча атайын өкүлү болду,"“Ынтымак ордо” 27-апрелде президент Садыр Жапаров Кыргызстандын Америка Кошмо Штаттарындагы жаңы дайындалган элчиси Эдил Байсаловду кабыл алганын кабарлады. Эдил Байсалов мамлекет башчыга өткөн аптада өткөрүлгөн кыргыз-америкалык саясий консультациялардын жыйынтыктары, Министрлер кабинетинин төрагасы Адылбек Касымалиевдин АКШнын мамлекеттик катчысы Марко Рубио менен сүйлөшүүлөрүнүн жыйынтыктары тууралуу маалымат берди. Садыр Жапаров эки өлкөнүн кызматташтыгын мындан ары өнүктүрүү маанилүү экенин айтып, АКШ менен өнөктөштүктү бекемдөө боюнча ишти активдештирүү тапшырмасын берди. Жапаров Эдил Байсаловго президенттин эл аралык демилгелер боюнча атайын өкүлүнүн кошумча функцияларын жүктөп, ага Кыргызстандын атайын жана ыйгарым укуктуу элчиси жогорку дипломатиялык рангын ыйгарды. Эдил Байсалов апрель айынында башында Кыргызстандын АКШдагы элчиси болуп дайындалган. Ал 2021-жылдан бери вице-премьерлик кызматты ээлеп келаткан. 15-апрелде Вашингтондо АКШнын мамлекеттик катчысы Марко Рубио Адылбек Касымалиев менен жолугушуп, Америка-Кыргызстан кызматташтыгы талкууланган. АКШ Кыргызстандын эгемендигин биринчилерден болуп тааныган мамлекет. Стратегиялык кызматташтык келишимине 1993-жылы 19-майда Вашингтондо кол коюлган. 2015-жылдын 21-июлунда кыргыз бийлиги стратегиялык келишимден бир тараптуу чыгып кеткен. Азырынча Вашингтон менен Бишкек жаңы келишимди даярдоо процесси уланып жатканын гана билдирип келет. (BTo)",azattyk.org,https://www.azattyk.org/a/33743343.html,2026-04-27T15:46:06+06:00,kyrgyz,0,high,,news_site
f3a5aca5-5f97-4ffd-b140-fa1af80f4a9f,Трамп Түштүк Кореядан келген товарлардын бажы төлөмүн 25 пайызга жогорулатты,"Дональд Трамп Түштүк Кореядан импорттолгон товарларга тарифтерди 25 пайызга чейин көтөрдү. Ал бул тууралуу социалдык тармактагы Truth Social баракчасына жарыялады. Америка президенти Сеулду өткөн жылы жетишилген соода келишимин аткарбагандыгы үчүн айыптады. Дональд Трамптын айтымында, ал Түштүк Кореядан келген продукцияларга карата бажы төлөмдөрүн учурдагы 15%дан 25%га чейин көтөргөн. Бул чара автомобилдерди, жыгач материалдарын жана фармацевтикалык продукцияларды камтыган кеңири товарлар тизмесине тиешелүү. Өз кезегинде Түштүк Кореянын бийлиги тарифтерди жогорулатуу боюнча расмий билдирүү ала электигин айтып, бул маселе боюнча Вашингтон менен шашылыш түрдө сүйлөшүүлөрдү жүргүзүүгө даяр экенин билдиришти. Эки өлкөнүн ортосундагы келишим 2025-жылдын октябрь айында түзүлгөн. Ага ылайык, Түштүк Корея АКШнын экономикасына 350 миллиард доллар инвестициялоону милдеттенген. Аталган каражаттын бир бөлүгү кеме куруу тармагына багытталышы керек болчу. Документ 26-ноябрда Түштүк Кореянын Улуттук ассамблеясына киргизилип, учурда кароодо турат. Жергиликтүү маалымат каражаттары келишим февраль айында бекитилиши мүмкүн экенин жазышкан.",24.kg,https://24.kg/kyrgyzcha/359396_tramp_tushtuk_koreyadan_kelgen_tovarlardyin_bajyi_tolomun_25payyizga_jogorulattyi_/,,kyrgyz,0,high,,news_site
8ff4f7ad-96a7-4654-8353-9d90b2a95c3a,"Кантип шылуундар дипфейктерди колдонуп, акчаны уурдашууда? Factcheck","2022-жылдын экинчи кварталында гана Орусияда шылуундар кардарларга билгизбей  211 миңден ашык акча которуу жүргүзүп, банктык эсептерден 2.8 млрд рубль уурдашкан. Шылуундар көп учурда телефондук чалууларды колдонушат, ал эми интернет-кызматтарды – сейрегирээк, депайтылатЦентробанктын отчетунда. Дипфейкти колдонуу менен шылуундук кылуу аракети Орусияда 2021-жылы катталган. Шылуундар Олег Тиньковдун образын колдонуп дипфейк-жарнамажасашкан. Анда “дипфейк” миллиардер шилтеме аркылуу өтүп катталып, инвестиция кылууга жана бонус алууга чакырат. Factcheck.kg редакциясы, дипфейктерди колдонгон шылуундардын тузагына илинип калуунун ыктымалдуулугу кандай экенин текшерип көрдү. Sensityуюмунун докладу боюнча, банктар көп колдонгон адамды жүзүнөн аныктоо технологиясын дипфейктердин жардамы менен алдаса болот. Sensity’нин изилдөөчүлөрү liveness тестинен өтүш үчүн ID-картанын негизинде дипфейкти жасашкан. Жыйынтыгында 10 аракеттин 9унда алар системаны алдай алышкан. Изилдөөчүлөрдүн айтымында, дипфейк технологиялар, биринчи кезекте, банктар үчүн коркунуч жаратат, анткени алар бири-бири менен атаандашып онлайн насыя берүүнү сунуштай башташты. Ушуга окшош окуя 2021-жылы Кытайда катталган болчу.Эки шылуундипфейк жасап, салык кызматынын адамды жүзүнөн аныктоо системасын алдап, $76.2 млн уурдаганга жетишкен. Алар дипфейк-тиркемелердин жардамы менен адамдардын сүрөттөрүн иштетип чыгышкан. Жыйынтыгында керектүү адамга эң окшош сүрөттөрдү жана видеолорду жасашкан. Ушундай жол менен алар кытайлык системаны алдай алышкан. Үндү жасоо жасалма интеллектти колдонуу менен жүргүзүлөт. Азыркы технологиялар ушундай деңгээлге жетти – адамдын үнүн гана эмес, анын акценинке чейин сүйлөө өзгөчөлүгүн да окшоштурса болот. 2019-жылы Улуубританиядашылуундарүн дипфейктерди колдонуп €220 миң уурдай алышкан. Британдык энергетикалык компаниянын гендиректору өз жетекчиси менен сүйлөшүп жатам деп ойлогон. “Фейк” жетекчи каражатты Венгриядагы өнөккө которууну айткан. Камсыздардыруучу компаниянын билдирүүсүндө, чалган адам акчаны бир сааттын аралыгында которуу керек экенин билдирген. Вашингтон университетинин география кафедрасынын доцентиБо Чжаоэксперименттерди жүргүзүп жатып, дипфейк спутник сүрөттөрүн жасай алган жана аларды аныктай алганпрограммалык камсыздоонужасаган. Ал белгилегендей, спутник сүрөттөрүнүн тактыгы начар болгондуктан аларды видеороликтерге же фотографияларга караганда жасалмалоо жеңилирээк. Ошол эле кезде элде спутник сүрөттөрүнө ишеним көбүрөөк болот.",factcheck.kg,https://factcheck.kg/ky/kak-moshenniki-ispolzuyut-dipfejki-i-pohishhayut-dengi-factcheck/,,kyrgyz,1,1.0,https://factcheck.kg/ky/kak-moshenniki-ispolzuyut-dipfejki-i-pohishhayut-dengi-factcheck/,fact_check
f006691e-d0b0-4b19-91dd-9278d88ca5c1,"Малиде коргоо министри өлтүрүлдү, орус аскерлери Кидалдан чыгып кетти","Орусиянын аскерлери Малидеги Кидаль шаарынан чыгып кеткенин ырасташты. Орусиянын Коргоо министрлигине караштуу «Африка корпусу» өз билдирүүсүндө өз жоокерлери өкмөткө каршы куралдуу топтордун чабуулунан кийин өлкөнүн түндүк-чыгышындагы бул шаардан чыгып кеткенин бышыктады. «Мали Республикасынын жетекчилиги менен биргелешкен чечимге ылайык, Кидаль шаарында жайгашып, согуштук аракеттерди жүргүзүп жаткан Африка корпусунун бөлүктөрү бул калктуу конуштан чыгып кетти», — деп жазылат Telegram аркылуу таратылган билдирүүдө. Кидаль аймактагы маанилүү стратегиялык шаар болуп саналат. 25-апрелде куралдуу топтор өлкөнүн борбору Бамако шаарына жана түндүктөгү бир катар калааларга чабуул койгон. Жекшембиде «Африка корпусунун» Telegram каналы билдирүү таратып, Малиде «Батыштын атайын кызматтары даярдаган мамлекеттик төңкөрүш аракети» болгонун билдирген. Ошол эле билдирүүдө орус аскерлери «маанилүү позициялардын баарын сактап калганы» айтылган. Ошондой эле жекшемби күнү кечиндеги чабуулдардын биринде Мали бийлиги өлкөнүн коргоо министри Садио Камара каза болгонун расмий тастыктады. Буга чейин бир катар басылмалар өз булактарына таянып жазгандай, министр 25-апрелде Кати аскер базасындагы жардыруудан каза тапкан. Маалыматтарга караганда, анын үйүнүн жанында жардыргыч затка шыкалган жүк ташуучу автоунаа жарылган. Акыркы кол салуулар үчүн жоопкерчиликти расмий түрдө эч бир топ өзүнө алган жок. Reuters агенттигинин коопсуздук тармагындагы булактары бул чабуулдарды «Жамаат Нусрат аль-Ислам валь-Муслимин» (JNIM) деп аталган жихадчыл топ менен байланыштырат. Бул топ Аль-Каидага жакын деп эсептелет. Ошондой эле Азавадды бошотуу фронту альянсы менен тактикалык кызматташары айтылат. Мали бийлиги акыркы он жылдан ашуун убакыттан бери «Аль-Каида» жана «Ислам мамлекети» сыяктуу террордук топторго байланышкан куралдуу түзүмдөр, ошондой эле туарег жикчилдери менен күрөшүп келет. Өлкөдө бийликке Ассими Гоита жетектеген аскердик топ 2020 жана 2021-жылдардагы төңкөрүштөрдөн кийин келген. Алар кырдаалды турукташтырууну убада кылышкан, бирок өлкөдөгү абал дагы эле бейстабилдүү бойдон калууда. Малинин аскердик бийлиги Орусиянын жалданма аскерлеринин колдоосуна таянып келет. Өлкөдө ""Вагнер"" жеке аскердик компаниясынын отряддары иш алып барган. 2024-жылдын июль айында бул жалданма күчтөр малилик жихадчылар жана Азавадды координациялоо кыймылы менен болгон салгылашта ондогон жоокерин жоготкону маалымдалган. Кийинчерээк Малиге «Африка корпусунун» күчтөрү жайгаштырылганы айтылган. Reuters маалымдагандай, учурда Мали бийлиги АКШ менен жакындашууга аракет кылууда.",azattyk.org,https://www.azattyk.org/a/33743641.html,2026-04-27T21:35:23+06:00,kyrgyz,0,high,,news_site
97fc615d-c35c-4e5e-81e3-7c18bfefb225,Бишкектеги университетте чет элдиктер ортосунда жаңжал: Эки студент кармалды,"Бишкек шаарындагы эл аралык медициналык университетте чет өлкөлүк студенттердин ортосунда түшүнбөстүктөн улам жаңжал чыккан. Бул тууралуу видео социалдык тармактарга тарады. Октябрь райондук ички иштер бөлүмүнүн маалыматы боюнча, окуя катталып, алдын ала тергөө башталды. Тергөө учурунда милиция жаңжалдын катышуучуларын чет элдик жарандар 2001-жылы туулган М.А. жана 2003-жылы туулган А.А. деп аныктады. Экөө тең Кыргыз Республикасынын Кылмыш-жаза кодексинин 126-беренеси «Майда бейбаштык» боюнча кармалып, райондук милиция бөлүмүндөгү убактылуу кармоочу жайга киргизилген. Бул окуя боюнча тергөө иштери уланууда.",24.kg,https://24.kg/kyrgyzcha/369414_bishkektegi_universitette_chet_eldikter_ortosunda_janjal_eki_student_karmaldyi/,,kyrgyz,0,high,,news_site
17e56854-ba55-4f12-bd76-0c090c9961c5,Соцтармактарда Матраимовдорду калкалагандардын 80%дан көбү – фейктер [split],"Колдонуучулардын 22%ы фейк, ал эми 13%ын аныктоо мүмкүн эмес болгон. Матраимовдордун үй-бүлөсүн колдогон профилдердин көбү үстүбүздөгү жылдын 1-майынан тарта пайда болгонун баса белгилөө зарыл. Белгилей кетчү дагы бир жагдай, май айынын башында Бажы кызматынын мурдагы орун басары Райымбек Матраимов жана Жогорку Кеңештин депутаты Искендер Матраимов атасы Исамил Матраимовдун элесине арнап Кара-Сууда волейбол турнирин өткөргөн. Матраимовдор тарабынан чакырылып, иш-чарага катышкан депутаттардын жана атактуу саясатчылардын сүрөтү соцтармактарда жана ЖМКларда кеңири жайылган. Андан көп өтпөй, Райымбек Матраимов Алмазбек Атамбаевге видеокайрылуу жасаган. Бул окуялар бир гана ЖМКларда эмес, социалдык тармактарда, алардын ичинен фейктер тарабынан маалыматтык колдоого ээ болгон. Фейк аккаунттарды аныктоодогу дагы бир критерий – колдонуучунун сүрөтү. Көпчүлүк фейктер жаш балдардын, өсүмдүктөрдүн, жаныбарлардын же табигаттын сүрөтүн колдонууну эп көрөт. Мындай аккаунттар фейктер арасында 48%ды түзгөн. Ал эми алардын 30%ы башка адамдын “жүзүн” пайдаланууну чечкен. 11% колдонуучу чыныгы адамдардын сүрөтүн профилине илген. Бирок ал сүрөт колдонуучунун өзүнө таандыкпы же жокпу – аныктоо мүмкүн эмес. Фейктердин калган 5%ы дээрлик сүрөт колдонбойт. Мисалы, «Раяна Асанова» аттуу колдонуучу профилине өзбек актрисасынын сүрөтүн илген. Ал эми «Бакай Шарипов» бул шилтемедеги сүрөттү менчиктеп алган: –https://ribalych.ru/2018/04/30/gryazevye-shariki/. «Перизат Аримбекова» аттуу аккаунт 2019-жылдын июнь айында катталган. Анын өзүнө таандык бир да посту жок жана болгону эки сүрөтү бар. Фейк аккаунттар тууралуу толук маалымат жана аларды анализдөө ыкмалары төмөнкү шилтемеде көрсөтүлгөн:https://docs.google.com/spreadsheets/d/1KRofOf0t9ZDXXMI2AucMBbECaL1n9T2g/edit#gid=1899635959",factcheck.kg,https://factcheck.kg/ky/bolee-80-akkauntov-podderzhivayushhih-matraimovyh-v-soczsetyah-fejkovye/,,kyrgyz,1,0.81,https://factcheck.kg/ky/bolee-80-akkauntov-podderzhivayushhih-matraimovyh-v-soczsetyah-fejkovye/,fact_check
e8dc67a9-8ec1-42ac-ad2d-7c2f6ab61280,Чек ара чырынан “хайп” кармаган “Панорама” сайты [split],"kg окурмандарга“Панорама”сайты жаңылыктарды ойлоп таап, тамаша иретинде жарыяларын буга чейин бир нече иретэскертип келген. Андыктан маалыматтын булагы дал ушул сайт болгон учурда ага маани бербей коюу маанилүү. Жыйынтык: Фейк.Жаңылыкты  “Панорама” аттуу сатиралык маалымат агенттиги ойлоп тапкан. Factcheck.kg аталган ресурстун маалыматты берүү ыкмасына караманча каршы. Адам өмүрүн алып, тагдырларды талкалаган чек ара жаңжалын өз пайдасына колдонуп, чыр-чатактын андан ары өсүшүнө шарт түзгөн сайттын мындай учурда фейк таратканы кооптуу жана кесиптик этиканын одоно бузулушуна алып келет.",factcheck.kg,https://factcheck.kg/ky/provokaczionnyj-fejk-ot-ia-panorama-po-kyrgyzsko-tadzhikskomu-prigranichnomu-konfliktu/,,kyrgyz,1,0.92,https://factcheck.kg/ky/provokaczionnyj-fejk-ot-ia-panorama-po-kyrgyzsko-tadzhikskomu-prigranichnomu-konfliktu/,fact_check
f7dc3c3b-ba56-4b6a-8ee0-8b0c5a6a9d73,Видеочек: Чолпон-Атанын үстүндө БУО – чынбы же калппы? [split],"Бул видеонун өзгөчөлүгүнө байланыштуу БУОну жана анын айланасындагы объектилерди – тоону, метеостанцияны бири бири менен салыштыруу кыйынчылыкты жаратат, анткени тоо да, метеостанция да, белгисиз учуучу объект да бардыгы боз түстө. Бирок сүрөттү бир аз чоңойткондо айрым айырмачылыктар байкала баштайт: боз түс бардык жеринде бирдей болбогондуктан тоо капталынын жана метеостанциянын сүрөтү «көлөмдүүлүгүн» жоготокон эмес, ал эми БУО тууралуу минтип айта албайбыз. Ал өтө чоң жана көлөмдүү болгондуктан айрым деталдар бөлүнүп байкалып турушу керек эле. Скриншот боюнча артка издөө көрсөткөндөй, Чолпон-Атанын үстүндө абада калкып турган объект «№9 району» (District 9) тасмасындагы космос кораблине окшошуп кетет. Карааны жана айрым деталдары окшош. Артка издөө көрсөткөндөй, Асландан башка эч ким Чолпон-Атанын үстүндөгү БУОну  байкаган эмес. Же башка сүрөттөр, же башка видеолор жок, коомдук тармактарга да эч ким эч нерсе жазган эмес. Бирок ошол эле кезде азырЧолпон-Атанын калкы10 миң адамдан ашат, ага кошумча бир топ эс алуучулар да бар. Мындай объектини көрбөй калуу мүмкүн эмес эле. Учурда ал эмес смартфондор үчүн ар түрдүү визуалдуу эффектилерди (VFX) жарата алган толтуратиркемелер бар. Ошондуктан БУОсу бар мындай видеороликтерди жаратуу кыйынчылыктарды жаратпайт. Тыянак:калп. Видеофейк үчүн «№9 району» (District 9) тасмасындагы космос кораблинин скриншоту колдонулган.",factcheck.kg,https://factcheck.kg/ky/videochek-nlo-nad-cholpon-atoj-pravda-ili-net/,,kyrgyz,1,0.72,https://factcheck.kg/ky/videochek-nlo-nad-cholpon-atoj-pravda-ili-net/,fact_check
83ed6dfc-2a56-4f63-a31e-3808d83a791b,"Бисмарктын “биз” деп айтканы, Пруссия менен Германия тууралуу сөз кылганы. Бирок, Пруссия менен Германия Бисмарктын өлүмүнөн кийин гана Россияга кол салганын эскертели. Башка жагынан алганда, Бисмарк Наполеондун мезгилиндеги Францияны эч качан  жалпылап, европалаштырып, “биз” деп айткан эмес. [split]","Башка жагынан алганда, Бисмарк Наполеондун мезгилиндеги Францияны эч качан  жалпылап, европалаштырып, “биз” деп айткан эмес. Бисмарктын Россия менен Германиянын ортосундагы мамилелер жөнүндө цитаталаржыйнагындажогорудагы цитата сыяктуу бир дагы цитата жазылган эмес. Бирок, буга карабай, бул сөз Бисмаркка таандык деп эсептегендер Бисмарк аны Венадагы элчис принц Генрих VII Рёйсске жазганкатындабелгилеген дешет. Анан калса1922-жылы Берлиндеги басылыштагы 302-303-беттерди көрсөтүшөт: “Die Große Politik der Europäischen Kabinette 1871-1914”. Бирок, чындыгында, 302-бет бош, ал эми 303-бетте Бисмарктын Париждеги элчиге жазганкаты бар. Белгилей кетсек, цитатанын бир бөлүгү иш жүзүндө“Даллес планы”деп аталган – кутум теориясын кайталайт. Ага ылайык, 1950-жылдары ЦРУнун башчысы Аллен Даллес АКШнын СССРге каршы иш-аракет планын иштеп чыккан. Анда: “ошол жерде башаламандык болуп, биз алардын баалуулуктарын жалганга алмаштырабыз жана аларды ушул жалган баалуулуктарга ишендирели” деп айтылган. Жыйынтык: фейк.Алгачкы маалыматтарга ылайык, цитата 21-кылымда эле ойлоп табылган жана мааниси боюнча мифтик “Даллес планына” окшош.",factcheck.kg,https://factcheck.kg/ky/kanczler-germanii-bismark-zagovoril-v-internete-cherez-100-let-posle-smerti/,,kyrgyz,1,0.73,https://factcheck.kg/ky/kanczler-germanii-bismark-zagovoril-v-internete-cherez-100-let-posle-smerti/,fact_check
06ee0b2b-6e2d-4e7c-9219-4a155393543e,"Орусияда мунай заводдоруна  соккуда бир киши каза таап, өрт чыкты","Орусиянын Новокуйбышев шаарында өнөр жай ишканасына дрон соккусунда бир киши каза тапты, жараат алгандар да бар экенин Самара облусунун башчысы Вячеслав Федорищевбилдирди.Ал кайсы ишкана бутага алынганын тактаган жок. Буга чейин украиналык дрон Новокуйбышев мунай заводуна бир нече жолу сокку урган. Нижний Новгороддогу Кстово районундагы мунай заводу да кайра чабуулга кабылып, жарылуулар болгону кабарланды. Дрондор аннексияланган Крымга да чабуул койгону айтылды. ""Крымский ветер"" жана Exilenova+ Телеграм каналдары Феодосиядагы мунай заводуна сокку урулганын жазып жатышат. Орусиянын түштүгүндөгү Туапсе шаарында болсо учкучсуз учактардын чабуулунан кийин мунайды кайра иштетүүчү завол менен ""Роснефтинин"" деңиз терминалы өрттөнгөн. Өрттүн түтүнү 300 километр аралыкка жеткенин спутниктен тартылган сүрөттөрдөн көрүүгө болот. Жергиликтүү тургундар Туапседе май аралашкан жамгыр жааганын жазышты. Орусиянын Украинага ""атайын аскердик операция"" деп атаган негизсиз кол салуусуна 2026-жылдын 22-февралында туура төрт жылдын жүзү болду. Орус аскерлери Украинага күн сайын сокку уруп жатат. Бул мезгил аралыгында Украинада миңдеген киши бейажал өлүм тапты, миңдегени майып, качкын болуп, үй-жайсыз калды. Москванын согушуна жооп иретинде Украина Орусиянын армиясынын каржы булагы деп эсептелген мунай заводдорун жана башка объектилерин маал-маалы менен бутага алып келет.",azattyk.org,https://www.azattyk.org/a/33740763.html,2026-04-23T17:00:52+06:00,kyrgyz,0,high,,news_site
3a723fc9-b10b-4bd0-a718-dcc4028ed645,"Компанияны башкарат, жыттарды сезет, COVIDди аныктайт. ЖИ бүгүн дагы эмнеге жарайт?","Жасалма интеллекттин өнүгүү динамикасын баардык адам көрүп жатат. Мындан 10 жыл мурда Google колдонуучуларында автоматтык которуу мүмкүнчүлүгү пайда болгон, бирок ал башында айрым гана сөздөрдү араңдан зорго которот эле. Ал эми бул күндөрү GoogleTranslate чоң көлөмдөгү тексттерди которо алат, терилген текстти үн чыгарып окуй алат, үн менен айтылгандарды текстке айландыра алат, камера аркылуу заматта которот, 100дөн ашык тилде баарлашканга, материалдарды окуганга жардам берип келет. Жасалма интеллект болуп көрбөгөндөй тездикте өнүгүүдө. Factcheck.kg редакциясы жасалма интеллект боюнча эң акыркы жетишкендиктерди чогултканга аракет кылды. Эскерте кетсек, ЖИ – бул адам акылынын күчү жеткен маселелерди чече алгансистема же машине, ал алган маалыматтардын негизинде үйрөнө алат. 2022-жылдын августунда Кытайда онлайн-оюндарды иштеп чыгарганFujian NetDragon Websoftкомпаниясынын генералдык директору болуп Тан Ю ысымындагы кыз-робот дайындалганыбелгилүү болду. Ал жасалма интеллекти бар адамга окшош робот. Тан Ю компаниянынкүнүмдүк иш алып баруусунажооп берет. Анын дайындалышы менен иштин сапаты жана анын аткарылышынын ыкчамдыгы жакшырат деп күтүлүүдө. Ошондой эле ЖИ директорлордун кеңеши үчүн аналитикалык маалыматтарды чогултуп, иштеп чыгат. Компания ЖИ тобокелдиктерди башкарууну жакшыртат деп үмүт кылат. Андан сырткары Тан Ю кызматкерлердин шыгын арттырууга жана алар үчүн калыс жана бирдей иш шарттарын түзүүгө жардам бермекчи. Иллюстративдүү сүрөт Жапонияда адамдардын тамашасын түшүнүп, күлө алган жасалма интеллекти барробот гуманоидди иштеп чыгышты. Изилдөөчүлөрбуга чейин иштеп чыгарылган, адамдар менен жөнөкөй маекти жүргүзө алган робот-гуманоидге күлкүнү талдаш үчүн жасалма интеллекттини кошушкан. Робот маектешип жаткан адамдын үнүн талдап, үнүнүн катуулугун маектин жүрүшүнө жана мазмунуна тууралап күлө алат. Аны иштеп чыккандар ушуга окшош роботтор кары адамдар үчүн эң жакшы жардамчылардан боло алышат деп үмүт кылышат. Ошондой эле окумуштуулардын командасы чогуу күлкүнүн адамдын психологиясына тийгизген таасирин изилдөөнү пландаштырууда. Бул жумадаMeta компаниясы Make-A-Video деген аспапты сунуштады. Ал жасалма интелекттин жардамы менен тексттин негизинде кыска видеороликти жасай алат. Ошондой эле система сүрөттөрдүн негизинде видеону, мурда жасалган видеолордун негизинде ага окшош роликтерди жарата алат. Meta’нын маалыматы боюнча, Make-A-Video жакында баардык колдонуучулар үчүн жеткиликтүү болот. ЖИ бүгүнкү күндө пациенттин үнүнөнтаажычан вирусту жуктуруп алганын аныктай алат. Аны үчүн атайын тиркеме иштелип чыккан. Европалык респиратордук коомдун эл аралык конгрессинин изилдөөсүнө ылайык, ЖИ экспресс тестке караганда адамдын ковидди жуктуруп алганын тагыраак аныктай алат (89%) жана ошол эле кезде экономикалык жактан ал арзаныраак. Бул киреше деңгээли төмөн болгон өлкөлөр үчүн инфекцияны батыраак жана тагыраак аныктаганга жакшы мүмкүндүк берет.",factcheck.kg,https://factcheck.kg/ky/rukovodit-kompaniej-oshhushhaet-zapahi-vyyavlyaet-covid-na-chto-sposoben-ii-uzhe-segodnya/,,kyrgyz,1,0.88,https://factcheck.kg/ky/rukovodit-kompaniej-oshhushhaet-zapahi-vyyavlyaet-covid-na-chto-sposoben-ii-uzhe-segodnya/,fact_check
bac2f332-e426-4bc3-8b91-b4ddfcf4894b,ChatGPT дүйнө элин кулга айлантууну талкуулап жатабы? Текшеребиз,"Эки башка түзүмдөгү ChatGPT’лер бири бири менен адамзатты кулга айлантууну талкуулап жаткан имиш видео коомдук тармактарда таркатылып жатат. Бул роликте «гендин жардамы менен» «адамзатты кайра программалап чыгуудан» баштап «айткандан чыкпаган кулдардын армиясын түзүүгө» чейин сунуштар айтылат. Factcheck.kg редакциясы роликтин жөн-жайын текшерип чыкты. Жасалма интеллект(ЖИ) – бул компьютерлерди адамга окшоп «ойлонгонго» жана «окуганга» жардам берген технология. ЖИнин жардамы менен машинелер көптөгөн иштерди жасай алышат: адам эмне деп сүйлөп жатканын түшүнө алат, сүрөттөрдү талдай алат, чечим чыгара алат, ал эмес окууда жа дарылоодо жардам бере алат. ЖИнин негизги идеясы – бул көп сандагы маалыматтар менен иштей алуу, алардын ичиндеги маанилүү байланыштарды, мыйзам ченемдүүлүктөрдү таба алуу – бул иш адамга кыйынчылыкты жаратышы мүмкүн. Аны үчүн атайын программалар колдонулат. Программачылар машинелерге маалыматтарды кантип талдап, жыйынтык чыгаруу керектиги тууралуу нускамаларды берген алгоритмдерди иштеп чыгышат. Мисалы, ChatGPT интернетте жайгаштырылган эбегейсиз чоң көлөмдөгү тексттердин (китептер, макалалар, веб-баракчалар ж.б. ачык булактар) негизинде окуп үйрөнөт. Башкача айтканда анын өзүнүн акыл-эси жок. ChatGPT текстти адамга окшоп «кабылдап, түшүнбөйт». Ал текстти ыктымалдыкка таянып, статистикалык жактан талдайт. ЖИ бир нече кадамдын негизиндеадамдын кебин түшүнүп, диалогго катышат.",factcheck.kg,https://factcheck.kg/ky/chatgpt-obsuzhdaet-poraboshhenie-mira-proveryaem/,,kyrgyz,1,0.56,https://factcheck.kg/ky/chatgpt-obsuzhdaet-poraboshhenie-mira-proveryaem/,fact_check
2a3b2a3a-f3c6-42a9-89cc-fc3497dc9897,Бишкекте кыргыздардын тажик жаранын ур-токмокко алганы фейк [split],"Аталган жерге кызматкерибиз кечке жуук барып, тасма Gan Bei кафесинин жанында тартылганын аныктады. Ал жердин учурдагы абалы тасма тартылган мезгилдегиден кескин айырмаланат. Мисалы, кадрда чатырчанын алдында автоунаалар токтотулган. Азыр эми учурда  чатырча жок, бир гана аны кармаган жыгачтар калган . Мындан тышкары, жарык берүүчү чырактардын да азайып калганы байкалат. Бул көрүнүштөр 1-2 күндүн ичинде кескин өзгөргөнү күмөн жаратат. Анан калса, кафенин администрациясы жакынкы бир нече айда бул жерде мушташ болгонун төгүндөдү. Жыйынтык: фейк. Видео провокация жана дүрбөлөңгө салуу максатында таратылган.",factcheck.kg,https://factcheck.kg/ky/videofejk-draka-na-mezhnaczionalnoj-pochve-v-asanbaj-czentre-v-dni-konflikta-na-granicze/,,kyrgyz,1,0.55,https://factcheck.kg/ky/videofejk-draka-na-mezhnaczionalnoj-pochve-v-asanbaj-czentre-v-dni-konflikta-na-granicze/,fact_check
ef7f0e20-5fbc-437a-b7c6-ada8ac1621ab,"“2017-жылы улут, аймак аралык кастыкты козгогон фейктер толуп кеткен. Мен ошондо ачык булактардан маалыматты текшерүү оңой жана бат экенин түшүнүдүм. “Фейсбуктагы” баракчам  аркылуу аларды текшерүүнүн жыйынтыгын жарыялап турчумун. Бирок фейктер азайган жок. Улам жаңы окуя болгон соң, ага байланышкан жалган маалымат пайда боло берди”, — дейт Б.Темиров.","Фактчекинг— англис тилинен которгондо (англ. fact-check) — фактыларды текшерүү. Фактчекинг ыкмаларын колдонуу менен журналисттер саясатчылардын сөздөрүн, социалдык тармактарда жана мессенджерлерде, ошондой эле жалпыга маалымдоо каражаттарында жарыяланган түрдүү маалыматтарды текшерет. Текст, аудио, фото жана видео түрүндөгү маалыматтар ачык булактар жана жүздөгөн онлайн-куралдардын жардамы менен текшерилет. 2003-жылы АКШдаFactCheck.orgсайты ишке кирген. Ал маалыматты бир гана оозеки алынган комментарий түрүндө бербей, ачык булактардан өз алдынча тастыктагысы келген журналисттердин демилгеси менен иштеп баштаган.  Дүйнө жүзүндөгү фейктердин болуп көрбөгөндөй көбөйүп, чагылгандай тездик менен тарашы бара-бара фактчек жанрынын андан ары өнүгүүсүнө жол ачты. Орто Азияда фейктердин жүзүн ачкан алгачкы ресурс Казакстанда пайда болгон — 2017-жылдын май айынан тарта  factcheck.kz сайты иштеп баштаган. Бир жылдан соң Кыргызстанда жана Тажикстанда да фактыларды текшерүүчү  factcheck.kg жана factcheck.tj сайттары ишке кирген. Бул редакцияларда эмгектенген журналисттер грузиялык жана голландиялык фактчекерлерден билим алышып, алардын тажрыйбалары менен таанышышкан. Factcheck.kg сайтынын башкы редакторуБолот Темировсайт ишке кире электе эле алгач өзүнүн демилгеси менен “Фейсбуктан”Kyrgyz Fakeаттуу баракча ачып, фейктерди ачыкка чыгарып баштаган. Алгач бул анын жөн гана хоббиси жана да коомду агартууга жеке салымы эле. “2017-жылы улут, аймак аралык кастыкты козгогон фейктер толуп кеткен. Мен ошондо ачык булактардан маалыматты текшерүү оңой жана бат экенин түшүнүдүм. “Фейсбуктагы” баракчам  аркылуу аларды текшерүүнүн жыйынтыгын жарыялап турчумун. Бирок фейктер азайган жок. Улам жаңы окуя болгон соң, ага байланышкан жалган маалымат пайда боло берди”, — дейт Б.Темиров. Кыргызстанда фейктерди текшерүүчү алгачкы жана жападан жалгызFactcheck.kgсайты “Медиа өнүктүрүү” коомдук фондунун демилгеси жана “Сорос фондунун” колдоосу менен  иштей баштаган. Б.Темировдун айтмында, өлкөдө бул жаңы нерсе болгондуктан, башында көпчүлүк булактын контентин түшүнө берчү эмес. “Биз жаңы ишке киргенде “фактчек”, “фейк” деген эмне экенин эч ким түшүнбөйт эле. Бара-бара сайтыбыз эл арасына таанымал болуп, күмөн жараткан маалыматты текшерип берүү өтүнүчү менен редакциябызга кайрылуулар түшө баштады. Социалдык тармактардан сайтыбызды жана журналисттерди белгилегендер (тег кылгандар) көбөйдү. Кайрылгандардын арасында коомдук ишмерлер, саясатчылар да болду”, — деп билдирди Б.Темиров. Анын айтымында Factcheck.kg сайтына болгон ишеним эл арасында жогорулай баштаган. Медиасабаттулукту жана сынчыл ой-жүгүртүүнү кеңири жайылтууну көздөгөн “Медиа өнүктүрүү борбору” коомдук фонду Factcheck.kg сайтын иштетүү менен катар эле журналисттер арасында жана журналистика факультетинде билим алган студенттер үчүн фактчекинг боюнча тренингдерди өткөрө баштаган. Жаңы билим, тажрыйба топтогон редакциялар “фактек” рубрикасын киргизип, аны өнүктүрүүгө, элге сиңирүүгө бет алышкан. Учурда Kaktus.media, T-Media, “ПолитКлиника Медиа” сыяктуу бир канча көз карандысыз ЖМКлар фактчек жанрын редакциясында туруктуу иштетип келет. Мындан тышкары, жалган маалыматты текшерүүгө багытталган онлайн-куралдарды өздөштүргөн ондогон редакциялар журналисттик иликтөөлөрүн жасап турган чагы. “ПолитКлиника Медианын” жетекчисиДилбар Алимова“Медиа өнүктүрүү борборунан” маалыматты текшерүү ыкмаларын үйрөнүп, такшалганын айтат: “Пандемия учурунда коронавируска байланыштуу фейктер тарап, бир күндө 3-4 материал жасаган учурлар болду.",factcheck.kg,https://factcheck.kg/ky/kyrgyz-kyrgyzstandagy-faktchek/,,kyrgyz,1,0.95,https://factcheck.kg/ky/kyrgyz-kyrgyzstandagy-faktchek/,fact_check
324e84ef-029a-4f54-9763-7770e85bbec3,Кыргызстандыктар жаңы парламентте мугалимдер менен дарыгерлерди көрө алышабы?,"Vesti.kgсайты партиялардын тизмесин кесиптик курамы боюнча салыштырды Кийинки дем алыш күндөрү эле Кыргызстандыктар Жогорку Кеңештин жаңы депутаттарын шайлашы керек. 16 партия көздөгөн мандаттарды алуу укугу үчүн күрөшүп жатат. Шайлоочулардын тандоосун алардын пайдасына тартууга талапкерлерге үч гана күн бар. Чындыгында, 3-октябрда, шайлоого бир күн калганда, ар кандай үгүт иштерине расмий түрдө тыюу салынат. Vesti.kgсайты жарыштын катышуучулары гендердик жана улуттук квоталардын сакталышына канчалык жоопкерчиликтүү мамиле кылгандыгын түшүнүү үчүн, буга чейин партиялык тизмелерди талдап чыгышкан. Бул жолуVesti.kgсайтынын редакциясы саясий бирикмелердин кесиптик кызматкерлерин салыштырды. Чындыгында, добуш берүүдө кайсы контингент белгилүү бир саясий командада басымдуу экендигин билүү маанилүү. Эске сала кетсек, депутаттардын арасында гуманитардык кесиптердин өкүлдөрү, ошондой эле өнөр жай же энергетика тармагындагы адистер дээрлик жок болгондуктан, күн санап жашап жаткан парламенттин чакырылышы негизинен сынга алынган. Элдин кызматчылары өз ишмердүүлүгүнүн мүнөзү боюнча маселелердин эң кеңири чөйрөсүн чечүүгө аргасыз болушкандыктан, адистердин жетишсиздиги, мисалы, спортчуга ""Билим берүүнүн отличниги"" ардак белгисин алууга туура келди. Тараптар мындан жыйынтык чыгарыштыбы? Ошентип,""Биримдиктин""тизмесинде алгачкы 50 талапкердин арасында жергиликтүү кеңештерден турган 24 активдүү депутат бар, бирок экинчиси азчылыкты түзөт. Бул партия менен шайлоого бир министрдин милдетин аткаруучу жана вице-премьер министр, ар кандай компаниялардын 10 башкы директорлору, фонддордун жана ассоциациялардын 3 төрагасы бар. Ошондой эле, Биримдик лагеринде бир-эки жумушсуз, ошончо сандагы мугалимдер жана бир жеке ишкер бар. Дарыгерлерге орун табылган жок. ""Мекенчил""партиясында бир мурунку жана азыркы 5 депутат бар (эсиңизге салсак, жергиликтүү кеңештерди дагы эл депутаттарынын катарына кошконбуз - редактордун эскертүүсү), 2 айыл өкмөт башчысы, мурдагы акыйкатчы жана 5 мугалим. Бул саясий бирикменин тизмесине китепканачы, журналист, банк кызматкери, прокурор, ишкерлер жана 4 жумушсуз адам кирет. “Ыйман Нуру”тизмесиндеги 50 орундун ичинен 12си жумушсуз, дагы деле болсо 18 директор, 2 кызмат адамы, каржы талдоочусу, 3 юрист, айылдык кеңештин 6 депутаты бар. Бул саясий уюм менен Жогорку Кеңештин аппаратынын 2 кызматкери, 2 мугалим жана белгилүү бир компаниянын башкы адиси парламентке өтүүгө аракет кылып жатышат. ""Мекеним Кыргызстан""партиясынын курамы анча көп эмес: 18 депутат, 9 чиновник, 8 жумушсуз, 11 директор, адвокат, мурдагы депутат жана мугалим. ""Реформалардын""тизмесине 6 ишкер, 2 юрист, 20 директор, 1 жумушсуз, 5 мугалим, 2 дыйкан жана архитектор кирди. Эгер бул партияга шайлоо ийгиликтүү өтсө, анда алардын ичинен парламентте биз 3 журналистти, УКМКнын кызматкерин, инженерди, долбоордун адисин, дизайнерди, дарыгерди, менеджерди, фармацевтти, ал тургай 2 консультантты көрөбүз. ""Ата Мекен""партиясынын өкүлдөрү өз партияларынын алгачкы 50 талапкеринен шайлоочуларга 9 учурдагы депутатты, 11 директорду, 15 жумушсузду, бир мугалимди, 12 кызмат адамын, психиатрды жана ишкерди сунушташат. Он беш чиновник, 13 директор, жумушчу, 2 ишкер, жазуучу жана котормочу Замандаш партиясында өз ордун тапты. Бул партия дагы жумушсуз жарандардын жанынан өткөн жок - алардын 5и бар. Дагы 2 дарыгер жана пенсионер бар. Депутаттар - 7. “Бүтүн Кыргызстан”партиясынан 50 талапкердин тизмесинде биз 22 жумушсуз, 6 кызмат адамын, 3 мугалимди, 11 директорду, 2 юристти жана ошончо депутатты санап чыктык. Бул кечеде ошондой эле онколог, массаж терапевти, аларга кошулган 2 юрист жана пенсионер бар. ""Социал-демократтардын""курамында дагы ушундай - 18 жумушсуз, 14 директор, бир мурунку жана азыркы бир чиновник, партиянын катчылыгынын башчысы, 2 дыйкан, айыл өкмөт башчысы, дарыгер, мугалим жана 3 юрист. Жумушсуз талапкерлердин саны боюнча лидер ""Мекен Ынтымагы"" партиясы болгон - 28 жумушсуз, бирок компаниянын менеджерлери көп эмес - 5 директор. Ошондой эле 9 кызмат адамы, күзөтчү, 3 мугалим жана 3 юрист бар. ""Афганистандагы согуштун ардагерлеринин жана башка жергиликтүү аскердик чыр-чатактардын катышуучуларынын саясий партиясында""20 жумушсуз бар. Алардан тышкары 4 дарыгер, күзөтчү, айдоочу, 2 кассир, жеткирүүчү, 4 администратор жана 1 ишкер бар. Бул саясий бирикме өзүнүн тизмесине косметологду, ошондой эле 6 мугалимди, 2 юристти, реставраторду, ал тургай студентти камтыган. Ордо шаарында 16 жумушсуз болгон. 9 директор, 2 кызмат адамы, 5 бейөкмөт уюмдун өкүлү, бир фермер, дарыгер, машыктыруучу жана журналист, 2 мугалим жана 4 ишкер. ""Бир Бол""тизмесинин башына үч гана жумушсуз киргизилген, бирок 16 фирманын же мекеменин жетекчиси, 5 учурдагы депутат жана бир мурдагы, 9 кызмат адамы, 4 мугалим жана 2 журналист бар. ""Республика""партиясы шайлоочуларды өзгөчө таң калтыра албайт. Анын тизмесиндеги биринчи 50 талапкердин ичинен 7 депутат, 18 жумушсуз, 12 директор, 2 айыл өкмөт башчысы, ишкер, 2 кызмат адамы, 1 юрист жана мугалим. ""Кыргызстанда""14төн ашуун депутат иштейт, алардын 7 жумушсуз, 14 директор, Кайыңды шаарынын мэри, 2 мугалим, кассир, менеджер, бир-эки аткаруучу кеңешчи жана жеке ишкер. ""Чоң Казаттын""тизмеси кызыктуу көрүнөт. Анда: 11 директор, 4 мугалим, 10 ишкер, 3 кызмат адамы, 3 ЖМК өкүлдөрү. Бирок, бул саясий бирикменин өкүлдөрү дагы эле: фермер, геолог, үн инженери, банк кызматкери жана ал тургай башка партиянын лидери дагы бар. Эске сала кетсек, 4-октябрда Жогорку Кеңештин депутаттарын шайлоо болот. Вероника МалышеваСүрөт www",vesti.kg,https://vesti.kg/kg/analitika-kg/item/75646-kyrgyzstandyktar-zhany-parlamentte-mugalimder-menen-darygerlerdi-koro-alyshaby.html,2020-09-28T15:17:38+06:00,kyrgyz,0,high,,news_site
01713698-6ef3-457e-9bee-92007e06bd16,"""Жетимиш бешчилер иши"" боюнча кармалгандардын бөгөт чарасы узарды","Бишкектин Биринчи май райондук соту 6-апрелде ""Жетимиш бешчилердин иши"" боюнча шектелип, кармалгандардын - У. Э., А. К, Т. Б., Д. К., А. К. жана Ж. Б. бөгөт чарасын карап, 10-июнга чейин камакта калтырды. Сот чечимине ылайык, алардын баары Бишкектеги №1 тергөө абагында кармалат. Бул тууралуу райондук соттун кеңсе кызматы кабарлады. 9-февралда мурдагы премьер-министрлер, парламенттин экс-депутаттары, саясатчылар жана коомдук ишмерлер болуп 75 адамдан турган топ президент Садыр Жапаровго жана Жогорку Кеңештин ошол кездеги төрагасы Нурланбек Тургунбек уулуна кайрылып, жакынкы убакта президенттик шайлоо өткөрүүгө чакырган. Алардын айрымдары кийин кайрылуунун мазмунун окубай туруп эле ага кошулууга макул болгонун айтып чыгышкан. Ички иштер министрлиги (ИИМ) бул кайрылууга байланыштуу Кылмыш-жаза кодексинин “Массалык башаламандыктар” беренеси менен кылмыш ишин козгоп, кайрылууда аты аталган коомдук ишмер Бекболот Талгарбековду, Кыргызстандын Өзбекстандагы мурдагы элчиси, мурдагы айыл чарба министри Эмилбек Узакбаевди жана Жогорку Кеңештин экс-депутаты Курманбек Дыйканбаевди, мурдагы вице-премьер, экс-депутат Аалы Карашевди жана ички иштер министринин мурдагы орун басары Курсан Асановдукармаган. Кийин алардын беренеси “Бийликти күч менен басып алууга"" өзгөртүлгөнү белгилүү болду. 10-февралда Садыр Жапаров Камчыбек Ташиевди Министрлер кабинетинин төрагасынын орун басары - Улуттук коопсуздук мамлекеттик комитетинин төрагасы кызматынан бошоткон. Андан кийин курган маектеринде Жогорку Кеңеште депутаттар “президенттин жана атайын кызматтын төрагасынын кишиси” болуп бөлүнүү башталганын, кийин ал парламенттен сыртка чыкканын айтып, 75 адамдын кайрылуусун мисал кылган.(ZKo)",azattyk.org,https://www.azattyk.org/a/33727354.html,2026-04-08T12:27:22+06:00,kyrgyz,0,high,,news_site
c880e702-c0e2-4e6a-b4f3-23ea13dfbece,1.Цитата:“Биз жакырчылык синдромунан эбак эле арылганбыз!Мамлекетибиз бутуна бекем турат. Буга далил—бюджеттин өскөнү! Министрлер кабинети  менен Жогорку Кенеш 2021-2022-жылкы сессияда мыкты иштеди”. [split],"Цитата:“Ар бир жаранга түшүндүрүп берсек, “сен пенсияңды эртерээк топтоп баштасаң, карыганга чейин жогорураак болот. Пенсияга төлөбөсөң, пенсия гарантия эмес. Жакыр болуп жашасаң, пособие төлөнөт. Ал эми мамлекет сагабир тыйын пенсия карызэмес дегенди биз түшүндүрүп башташыбыз керек”. “мамлекет сага карыз эмес” деген сөзүм бча менин дарегиме ачууланган туугандарым, мобул видеодон контекстти жана так маанисин билип алсаңыздар башында ??????https://t.co/r0pb4rm1ef — Edil Baisalov (@baisalov)April 14, 2022 Мамлекеттик пенсиялык социалдык камсыздандыруу боюнчамыйзамынаылайык, пенсия жарандарга төмөнкү учурларда берилет: а) жаш курагы боюнча; б) майыптыгы боюнча; в) баккан адамдан айрылгандыгына байланыштуу. Министрлер Кабинетинин башчысынын орун басары эмгек стаж тууралуу кеп кылганына байланыштуу пенсияны жаш курагы боюнча берүү жөнүндө айтып атканы анык. Карылык боюнча пенсия базалык, камсыздандыруучу жана топтолмо компоненттеринен турат. Пенсиянын өлчөмү жарандын жалпы эмгек стажына, ошондой эле Социалдык фондго жана Мамлекеттик пенсиялык топтоо фондуна которулган чегерүүлөрдүн суммасына жараша болот. Пенсиянын ар бир компоненнтери тууралуу кененирээкбул жерденокусаңыз болот. Мыйзамдын 8-беренесине ылайык, жаран камсыздандыруу төгүмдөрүн төлөгөн учурда гана мамлекеттик пенсиялык социалдык камсыздандыруугаээ болоо алат. Эгерде ал пенсия курагына чейин Социалдык фондго каражат которбогон болсо, ал пособие алат.Мыйзамга ылайык, пособие пенсияга укугу жок, 65 жашка толгон мырзаларга жана 60 жашка толгон айымдарга берилет. Пособие өлчөмү 2022-жылдын 1-июнунан тарта2000 сомду түзөт. Байсалов билдирүүсүндө жаран пенсиялык фондго каражат которбосо, мамлекет ага “бир тыйын пенсиякарыз эмес” экенин айткан. Жыйынтык: чындык. 5. Билдирүүлөр: “Бул өрөөн гүлдөйт […] Буюрса, кыргыз элибизди Швейцария кылып койчу байлыкты көрдүм. Толугу менен мамлекеттик компаниялар иштетет, 5 миңден 10 миңге чейин жумушчу орун түзүлөт. Сиз айткан “суу булганат”, “жер талкаланат” деген коркунучтар минималдуу болот […] Бул өрөөн гүлдөйт. Келишимдер туура болсо, жергиликтүү калк 2-3 жылдан кийин Европада эс алгандай болот. Ошондойду ким каалабайт? […] 5 жыл ичинде чоң  метталлургия фабрикасы болот […] Пландар өтө-өтө чоң. Чоң-чоң шаарлар түшөт. Жалпы кыргыз элинин кызыкчылыгын, 6 млн элдин пайдасын ойлошубуз керек. Буюрса, бул долбоор иштеп баштаса, таза элдин пайдасында, мамлекеттин кызыкчылыгында иш жүргүзүлөт, деп ачык айта алам […] Жергиликтүү калк иштейт, пайдасын табат. Биринчи эле жылы 100 млн доллар келсе, 10 млн долларын айыл өкмөтү алат. Буюрса, мунун баары ишке ашат […] Муну жөн эле сөз катары калтырбайбыз […] Буюрса мунун бардыгы болот […] Буюрса ишке ашат […] Булардын баары ишке ашат […] Биз өсүшүбүз керек, гүлдөшүбүз керек […] Мунун бардыгы ишке ашат. Мен ишенем […] Бирок ошол күн келет […] Буюрса мунун бардыгы ишке ашат […] Буюрса Садыр Жапаров 4.5 жылдын ичинде ийгилик жарата алат […] Мен ишенем”. Маекте чиновникпайдалуу кендерди казып алуу боюнча конкреттүү пландар тууралуу айтып берген эмес: болжолдор, эсептөөлөрдүн негизиндеги рентабелдүүлүк, тобокелдиктер, айлана-чөйрө үчүн мүмкүн болуучу терс кесепеттер, эсептөөлөрдүн ишенимдүүлүк даражасы, операциялык план, ар кандай иштер боюнча жыйынтыктар, жерди изилдөө, кендин геометриялык параметрлери, эффективдүүлүктү негиздөө, кенди иштетүү планы ж.б. Ал маектин башынан аягына чейин конкреттүү сандардан болгону 100 млн доллар киреше табылары жана 5-10 миң жумуш орундары түзүлөрү тууралуу учкай кеп айткан. Бирок, бул сандар кандай эсептердин жыйынтыгында пайда болгону белгисиз. Жыйынтык:жалтырак орогуч жана кайталоо аттуу манипуляция ыкмалары. Жалтырак орогуч–бул объектти позитивдүү сүрөттөгөн, бирок маңызы боюнча эч кандай кабар бербеген жалпы сөздөр. Мүнөздөмөлөр ушунчалык бүдөмүк болгондуктан, аларды кандайдыр бир объектке колдонууга болот, бирок ошол эле учурда аларды жокко чыгарууга жана жалган деп айтууга болбойт. Кайталоо–белгилүү бир символду же ураанды кайра-кайра кайталоо. Кайталоо джингл же бардык жерде жайгаштырылган сүрөт түрүндө болушу мүмкүн. Жыйынтык:вице-премьер-министр Эдил Байсалов өз билдирүүлөрүндө “жалтырак орогуч, “масштабды бурмалоо, “душманды шайтанга айлантуу”, “логикалык ката” жана “кайталоо” сыяктуу манипуляция ыкмаларын колдонгон. Анын пенсия тууралуу айткан билдирүүсү чындык.",factcheck.kg,https://factcheck.kg/ky/https-factcheck-kg-blestyashhij-fantik-i-igra-s-mashtabom-kak-manipuliruet-edil-bajsalov-faktchek/,,kyrgyz,1,0.56,https://factcheck.kg/ky/https-factcheck-kg-blestyashhij-fantik-i-igra-s-mashtabom-kak-manipuliruet-edil-bajsalov-faktchek/,fact_check
d2bfbb81-161b-41b3-b681-1b804c360837,Талкаланды делген тажик айылы чынында кыргыз жериби? Текшеребиз [split],"«Талкаланган Хистеварз» деп мүнөздөлгөн дагы бир сүрөттөгү имарат да Кыргызстандын аймагынан табылды. Жыйынтык: жалган. «Талкаланган Хистеварз» фотобаянында кыргыз жери тартылып, окурмандарга тажикстандык шаар катары таңууланган. Автор кыргыз айылдарын атабаганы аз келгенсип, «кыргыз жери», «Кыргызстандын аймагы» деген сөздөрдү да колдонбоону туура көргөн. Анын ордуна  «талаштуу жердин тегерегиндеги кыргыздар көзөмөлдөгөн аймак» деп маалыматты бурмалаган. Мындан тышкары, материалда Баткен облусу да Тажикстанга таандык деп атайлап, же байкабай жазылган. Жыйынтык: манипуляция.Автор Кыргызстанга таандык жерлердин атын атабай, “конфликт”, “талаштуу аймак”, “кыргыздар көзөмөлдөгөн жер” деп белгилеп, маалыматтын бурмаланышына жол берген.",factcheck.kg,https://factcheck.kg/ky/https-factcheck-kg-ky-razrushennyj-histevarz-ili-kyrgyzskie-sela-proveryaem/,,kyrgyz,1,0.67,https://factcheck.kg/ky/https-factcheck-kg-ky-razrushennyj-histevarz-ili-kyrgyzskie-sela-proveryaem/,fact_check
f745a106-640c-401e-8fad-93f5cfcf91b6,"Жунушалиев ""Манас"" университетинин жолго ижара мөөнөтү беш жыл мурда бүткөнүн айтты","""Манас"" университетинин аймагын аралап өтүүчү Миңжылкыев көчөсүн куруу боюнча нааразылыкка Бишкектин мэри Айбек Жунушалиев жооп берди. Калаа башчысы ""Азаттыкка""маек куруп, университеттин аймагынан өтүүчү Миңжылкыев жана Бакаев көчөлөрүн куруу чечими 2016-жылы эле кабыл алынганын билдирди: ""Миңжылкыев көчөсүнүн узундугу 1,3 чакырым. Тыгын маселеси чечилбейт, аны биз да түшүнүп турабыз. Ар бир жол тилкеси Бишкектин инфратүзүмүн түзөт. Дарбаза менен тосуп алабы, дубал уруп тосуп алабы, ал жолду биз алып, ачышыбыз керек. 2016-жылы эле Бакаев менен Миңжылкыев көчөлөрүн ачуу тууралуу чечимдер чыккан. Жер кодексинин 78-беренесине ылайык, бул жолдор болгону беш жылга ижарага берилет. Демек, ижаранын мөөнөтү 2021-жылы эле бүткөн. Эмнеге ошол убакта эле бул жолдор алынып, салынбаганы белгисиз"", - деди Айбек Жунушалиев. Шаар мэри соцтармактар аркылуу анын ишмердигин сындаган пикирлерге, ошонун арасында ""Олд Бишкек"" долбоорунун айланасындагы мыйзамсыз курулуштар боюнча үн катпай келгенине айыптаган билдирүүлөргө да жооп берди. Мэр аталган курулуш шаар бийлигинин чечими менен бузулуп, мурдагы калыбына келтирилип жатканын белгиледи. Жунушалиев ""Азаттыкка"" курган маегинде жолдон башка дагы бир катар суроолорго жооп берди. Кыргыз-Түрк «Манас» университетинин кампусун кесип өтүүчү жаңы жолду ачууну көздөгөн Бишкек мэриясынын демилгесине окуу жайдын бир катар студенттери, бүтүрүүчүлөрү, айрым шаар тургундары каршы чыгууда. Социалдык тармакта мэриянын демилгесине каршы чыккандар окуу жайдын аймагынан жол өткөрүү шаардагы жашыл аймакты кыскартып, коопсуздукка кедергисин тийгизет деген жүйө келтирүүдө. Жунушалиевдин айткандарына аталган окуу жай тараптан комментарий бериле элек. (ZKo)",azattyk.org,https://www.azattyk.org/a/33735057.html,2026-04-18T14:01:20+06:00,kyrgyz,0,high,,news_site
19f22581-a97e-4e05-9dfc-e75dccbc1841,Кыргызстандык кыздардын мушташы тууралуу тасма – фейк [split],"Ага ылайык,окуя2019-жылдын 30-мартында Москванын жанындагы Озеры шаарында болуп өткөн. Окуя тууралуу россиялык ЖМКлар жазып чыккан. Алардын арасынан “Подмосковье сегодня”басылмасымушташ кызгануунун айынан келип чыкканын жана ага катышкан кыздар менен алардын ата-энесине карата административдик чаралар көрүлгөнүн кабарлаган. Жыйынтык: Фейк. Окуучу кыздардын мушташын чагылдырган тасма Кыргызстанда эмес, Москва шаарынын жанындагы Озеры шаарында тартылган.",factcheck.kg,https://factcheck.kg/ky/ocherednaya-draka-shkolnicz-v-kyrgyzstane-fejk/,,kyrgyz,1,0.71,https://factcheck.kg/ky/ocherednaya-draka-shkolnicz-v-kyrgyzstane-fejk/,fact_check
e298ef5e-13ca-493f-9627-60f4257b9556,“Фейсбукта” БШКнын мүчөсүнүн эгизи пайда болдубу? Текшеребиз,"28- февралда БШК мүчөсү Гүлнара Журабаева ага Лос-Анжелестен Emily Vhee Anabelle аттуу колдонуучу достук жөнөткөнү тууралуу “Фейсбук” аркылуукабарлаган. Табышмактуу колдонуучу өзүнүн профилинде Журабаеванын сүрөтүн пайдаланган. Factcheck.kg бул аккаунтту текшерип көрүүнүчечти. Ал үчүн төмөнкү көрсөткүчтөргө көз чаптырабыз: Эмили Анабелдин алгачкы жана жападан жалгыз сүрөтү 26-февралда жүктөлгөн. Андан соң, колдонуучу баракчасына эч кандай пост жарыялаган эмес. Мындан улам, аккаунт 26-февралда ачылган деген бүтүм чыгарабыз.",factcheck.kg,https://factcheck.kg/ky/bliznecz-gulnary-dzhurabaevoj-ili-fejkovyj-akkaunt-proveryaem/,,kyrgyz,1,0.75,https://factcheck.kg/ky/bliznecz-gulnary-dzhurabaevoj-ili-fejkovyj-akkaunt-proveryaem/,fact_check
70177d36-66fa-4d74-bfd3-4025d5a58185,Бишкекте кайгуул кызматкерлерине кол көтөргөн адамдар кармалды,"Бишкекте Кайгуул-күзөт кызматкерлерине баш ийбей, чатак чыгарган деген шек менен үч адам кармалып, камакка алынды. Ички иштер министрлигинин (ИИМ) Кайгуул-күзөт кызматымаалымдагандай, окуя 18-апрелдин таңында, саат 4:00 чамасында болгон. Кайгуул кызматкерлери ""Мерседес"" унаасы бир нече адамды жөөлөп жатканын байкап, айдоочу мас экенин аныкташкан. Кызматкерлердин унаанын документтерин жана ачкычын берүү талабын айдоочу укпай, каршылык көрсөткөн, ага жанындагы шериктери кошулган. Жыйынтыгында үч адам: 24 жаштагы А.А., 23 жаштагы Б.К. жана 27 жаштагы А.Н. кармалып, милицияга жеткирилген. Аларга карата Укук бузуулар кодексинин 126-беренеси - ""Майда бейбаштык"" менен кылмыш иши козголуп, милициянын убактылуу кармоочу жайына киргизилди. ИИМ мас абалында рулга отуруу, коомдук жайларда агрессивдүү жүрүм-турум менен айланадагылардын коопсуздугуна коркунуч жаратуу мыйзамда каралган жоопкерчиликке алып келерин эскертүүдө.(ZKo)",azattyk.org,https://www.azattyk.org/a/33735020.html,2026-04-18T11:24:06+06:00,kyrgyz,0,high,,news_site
c5b47c09-1159-4850-b683-b26bf1264932,Илим Карыпбековго Орусияга кирүүгө өмүр бою тыюу салынды,"Улуттук телерадио корпорациясынын (УТРК) мурдагы директору, юрист Илим Карыпбеков Орусияга кирүүгө өмүр бою тыюу салынганын билдирди. Ал бул тууралуу социалдык тармактардагы баракчаларына видео кайрылуусун жарыялап, окуянын чоо-жайын айтып берди. Анын сөзүнө караганда, Орусиядагы Эльбрус чокусуна чыгуу үчүн Кыргызстандан атайын топ даярдап алып барууну максат кылган. Бирок ага бул өлкөгө кирүүгө уруксат бар-жогун билүү үчүн өзү биринчи барган. Аны Москвада чек арадан “кошумча текшерүү” деген негизде 1,5-2 саат текшерип, коё берген. Москвада 2-3 күн жүрүп, кайра 25-апрелде Кыргызстанга кайткан учурда чек арадан аны кайрадан 3-4 саат суракка алып, ага Орусияга кирүүгө өмүр бою тыюу салынганы тууралуу билдирмени колуна карматкан. “Бул билдирме Федералдык коопсуздук кызматынын (ФСБ) атынан берилди. Мен ФСБ бизде аябай күчтүү деп айтып келем. Бул анын далили. Расмий билдирүүдө мага Орусияга кирүүгө өмүр бою тыюу салынганы жазылып турат. Орусиянын ФСБнын билдирүүсүндө “эгерде мен Орусияга дагы бир жолу кирсем кылмыш иши козголуп, камаласың” деп турат. “Салам Кыргызстан” жана башка аталыштар менен Телеграммда ачылган каналдар, “Спутник”, “Номад” телеканалдары Орусияны колдоого пропаганда кылып, биздин мээни айланта турган курал экенин айтып келет элем. Бул ошонун кесепети”, - деди ал. 2025-жылдын ноябрь айында кыргызстандык таанымал рэпер Бакрды Орусиянын аймагына киргизбей коюшкан. Бул окуядан кийин кыргызстандык ырчылар Султан Садыралиевге, Ильяз Абдразаковго, алып баруучу Бектур Шаршеналиев, куудул Ильяз Иманалиевге да Орусияга кирүүнөтыюу салынганы белгилүү болгон. Алардын айрымдары Орусияга баратканда чек арадан алардын уюлдук телефондору текшерилгенин айтып беришкен. (BTo)",azattyk.org,https://www.azattyk.org/a/33743206.html,2026-04-27T10:07:09+06:00,kyrgyz,0,high,,news_site
17677527-bfef-4b76-be21-244d4b6652c1,"Украина жана Орусия бири-бирин дрон менен аткылады, киши өмүрү кыйылды","Ишембиге караган түнү Орусиянын армиясы Украинанын Одесса аймагына жапырт чабуул жасады. Соккунун бири жеке турак жайга тийди. Шаардык администрация башчысы Сергей Лысак эки киши каза болгонун, кеминде дагы эки киши жараат алганын билдирди. Ондогон имараттар зыян тартты, арасында бала бакча, жатакана жана инфратүзүм объектилери бар. Ушул түнү Харьков облусу дагы аткылоого дуушар болду. Укриананын Өзгөчө кырдаалдар кызматы дрон Великий Бурлук айылындагы административдик имаратка сокку уруп, өрт чыкканын кабарлады. Каза болгондор жана жараат алгандар жок. Никополдо дрон чабуулунан жүк ташуучу эки машина күйүп кетти. Алардын биринин 67 жаштагы айдоочусу ошол жерден мерт болгонун Днепропетровск облусунун башчысы Александр Ганжа билдирди. Кировоград облусунда жеке үй зыянга учурады. Украинанын Абадан коргонуу күчтөрүнүн маалыматына караганда, Орусия өткөн түнү 160 дрон менен чабуул жасады, алардын 133ү атып түшүрүлдү. 11-апрелге караган түнү Украина да Орусиянын аймагына дрон менен чабуул койгонун орус Коргоо министрлиги билдирди. Мекеменин маалыматына караганда, Краснодар крайында бир киши каза болду. Аннексияланган Крымда, ошондой эле Белгород, Брянск, Ростов, Калуга, Курск облустарынан жана Азов, Кара деңиздин үстүнөн 99 украин дрону атып түшүрүлгөнү маалымдалды. Жергиликтүү тургундар түнү Тверде бери дегенде үч жарылуу болгонун кабарлашты. Анын бири ""Тверьнефтепродукт"" мунай базасы экенин Astra басылмасы күбөлөр жарыялаган видеолордон улам жазды. Коргоо министрлигинин маалыматында украин армиясынын Тверге соккусу тууралуу айтылган эмес. Жергиликтүү бийлик чабуул тууралуу маалымат берген жок. Краснодар крайынын губернатору Вениамин Кондратьевдин кабарлашынча, Крым районунда учкучсуз учактын сыныгы көп кабаттуу үйдүн балконундагы бир кишиге тийип, ал каза болду.",azattyk.org,https://www.azattyk.org/a/33729963.html,2026-04-11T16:33:30+06:00,kyrgyz,0,high,,news_site
ee6b5e6b-864a-4e60-9c4e-0e2de123a713,Баш прокурор Тергөө комитетинин түзүүнү колдой турганын билдирди,"Баш прокурор Максат Асаналиев өзүнчө Тергөө комитетин түзүү боюнча пикирин билдирди. Ал Жогорку Кеңештин жыйынында депутаттардын суроолоруна жооп берип жатып, коомдо резонанс жараткан, оор, экономикалык жана кызматтык кылмыштарды Тергөө комитетине берүү туура болорун айтты. Асаналиев учурда тергөө ички иштер, коопсуздук органдарында, Бажы жана Жаза аткаруу кызматтарында, Аскер прокуратурасында бар экенин, бирок азырынча бул багыттагы мыйзамдын долбоорун көрө электигин кошумчалады.Президент Садыр Жапаров укук коргоо органдарында жасала турган реформалар тууралуу 21-февралда “Кабар” улуттук агенттигине маек куруп, өзүнчө Тергөө комитети түзүлөрүн билдирген.Улуттук коопсуздук мамлекеттик комитетинде чалгындоо, контрчалгындоо, конституциялык түзүлүштү коргоо, терроризм, экстремизм, бандитизм, баңгизаттарына каршы күрөш жана башка иштер каларын тактаган. Ушул багыттар боюнча иштерди тергөө атайын кызматтын өзүндө каларын айткан. Мамлекет башчы ИИМ дагы өздөрүнө түздөн-түз тиешелүү милдеттер менен гана иш алып барып, ал боюнча тергөө укугун сактап каларын белгилеген.Жаңы Тергөө комитетин түзүүгө бейкүнөө кишилерге адилетсиз кылмыш иши козголуп калган учурлар себеп экенин, мындай жагдайга тергөөчүлөргө жогорудан берилген тапшырмалар түрткү болорун түшүндүргөн. Жапаров экономикалык иштер да ушундай шартта каралып, жалаа жабылгандар жок жерден жазага тартылбай турганын кошумчалаган.Бул реформаны ишке ашыруу келерки жылдан башталарын, ал үчүн имарат, техникалык база түзүлүп, мыйзамдык жактан даярдык көрүлөрүн тактаган.Садыр Жапаров 10-февралда Камчыбек Ташиевди Министрлер кабинетинин төрагасынын орун басары - Улуттук коопсуздук мамлекеттик комитетинин төрагасы кызматынан бошоткон.Садыр Жапаров 10-февралда Камчыбек Ташиевди Министрлер кабинетинин төрагасынын орун басары - Улуттук коопсуздук мамлекеттик комитетинин төрагасы кызматынан бошоткон. Ошондон кийин УКМКнын бир катар кызматкерлери кармалып, кызматтан алынган.Кармалгандардын жакындары менен адвокаттары комментарий бере элек. Чет өлкөгө чыгып кеткен Камчыбек Ташиев да акыркы камоолор тууралуу үн ката элек. (КЕ)",azattyk.org,https://www.azattyk.org/a/33727386.html,2026-04-08T13:35:39+06:00,kyrgyz,0,high,,news_site
2f0fa452-3717-4fe2-82b0-e4babc244e71,Кыргызстандын президенти АКШнын атайын өкүлү Сержио Горду кабыл алды,"Президент Садыр Жапаров бүгүн, 4-февралда Америка Кошмо Штаттарынын Түштүк жана Борбор Азия боюнча атайын өкүлү, элчи Сержио Горду кабыл алды. Жолугушуунун жүрүшүндө тараптар кыргыз-америкалык саясий жана экономикалык өз ара аракеттенүү, ошондой эле транспорт, санариптештирүү, финансылык технологиялар, жасалма интеллект жана саламаттык сактоо тармактарындагы кызматташуу маселелерин талкуулашты. Президент Садыр Жапаров Кыргызстан Америка Кошмо Штаттары менен өз ара пайдалуу жана тең укуктуу негизде эки жана көп тараптуу кызматташууга даяр экенин белгиледи. Садыр Жапаров тышкы өнөктөштөр менен соода-экономикалык жана инвестициялык байланыштарды өнүктүрүү өлкөнүн тышкы саясатынын артыкчылыктуу багыттарынын бири экенине көңүл бурду. Президент ошондой эле эки өлкөнүн ортосундагы экономикалык өз ара аракеттенүүнү активдештирүү үчүн олуттуу мүмкүнчүлүктөр бар экенин айтты. Бул контекстте ал «B5+1» (Business 5+1) платформасынын маанисине токтолуп, бүгүн Бишкек шаарында ишин баштаган «B5+1» экинчи диалогдук форуму Кыргызстан менен АКШнын ортосундагы соода-экономикалык кызматташтыкты кеңейтүүгө, биргелешкен долбоорлорду мындан ары ишке ашырууга, ошондой эле аймактык өз ара байланышты чыңдоого өбөлгө түзөрүнө ишенимин билдирди. Садыр Жапаров ошондой эле эки тараптуу кызматташтыкты кеңейтүү менен катар Кыргызстан «C5+1» (Борбордук Азия — АКШ) платформасынын алкагында өз ара аракеттенүүнү мындан ары да чыңдоого кызыкдар экенин белгиледи. Акыркы 10 жылда бул диалогдук аянтча Борбордук Азия өлкөлөрү менен Америка Кошмо Штаттарынын ортосундагы көп пландуу кызматташтыкты илгерилетүүгө багытталган натыйжалуу механизм катары өзүн көрсөттү. АКШнын Түштүк жана Борбордук Азия иштери боюнча атайын өкүлү, элчи Сержио Гор кыргыз тарапка жылуу кабыл алгандыгы үчүн ыраазычылык билдирип, президент Садыр Жапаровго АКШнын президенти Дональд Трамптын саламын жана эң жакшы каалоолорун жеткирди. Ал Америка Кошмо Штаттарынын Кыргызстан менен өз ара кызыкчылык туудурган бардык багыттар боюнча тыгыз кызматташууга даяр экендигин билдирди. Сержио Гор экономикалык дипломатияга басым жасап, Бишкекке «B5+1» форумуна катышуу үчүн АКШнын ири бизнес делегациясы келгенин айтып, бул эки өлкөнүн соода-экономикалык кызматташтыгын мындан ары өнүктүрүү үчүн жакшы негиз болот деген ишенимин билдирди. Андан соң президент Садыр Жапаров жана Америка Кошмо Штаттарынын Түштүк жана Борбордук Азия иштери боюнча атайын өкүлү, элчи Сержио Гор америкалык бизнес өкүлдөрүнүн катышуусунда сүйлөшүүлөрдү улантышты.",24.kg,https://24.kg/kyrgyzcha/360583_kyirgyizstandyin_prezidenti_akshnyin_atayyin_okulu_serjio_gordu_kabyil_aldyi/,,kyrgyz,0,high,,news_site
48b4e4d8-992b-44fa-a76c-e4d4cc7a8dc4,Трамп Израил менен Ливандын лидерлеринин жолугушуусу өтөрүн билдирди,"Израил менен Ливандын лидерлери 16-апрелде жолугушарын АКШ президенти Дональд Трамп 15-апрелде TruthSocial социалдык медиа платформасына жазды. Бирок ал лидер дегенде кимиси, өкмөт башчыларыбы же президенттериби, тактаган жок: ""Биз Израил менен Ливандын ортосундагы айрым чыңалууну басаңдатууга аракет кылып жатабыз. Бул эки өлкөнүн лидерлери бири-бири менен сүйлөшкөндөн бери көп убакыт өттү, болжол менен 34 жыл болду"". 14-апрелде Вашингтондо Израилдин АКШдагы элчиси Йехиел Лейтер менен Ливандын АКШдагы элчиси Нада Хамаде-Моаваддын ортосунда мамлекеттик катчы Марко Рубионун катышуусунда 1993-жылдан берки биринчи жолку жолугушуу өткөн. Жыйынтыгында Мамлекеттик департамент эки тарап түз тынчтык сүйлөшүүлөрүн баштоого кадам жасаганын жарыялаган. Израилдин жана Иран колдогон, Ливандын аймагында жайгашкан ""Хезболла"" тобунун ортосундагы жаңжал өткөн айда АКШ менен Израилдин Иранга каршы согушу башталгандан көп өтпөй кайрадан күчөгөн. Ливан жетекчилиги 2024-жылга чейин топту куралсыздандырууну убада кылган, бирок ал ишке ашкан эмес. ""Хезболла"" Израил менен Ливан өкмөтүнүн ортосундагы сүйлөшүүлөргө каршы. Вашингтондо Израил менен Ливандын элчилеринин жолугушуусуна чейин согушкерлер Израилдин түндүгүнө бир катар ракеталык чабуул жасашкан. 28-февралдан бери АКШ менен Израил Иранга абадан сокку уруп, жогорку лидер аятолла Али Хаменеини жана көптөгөн жогорку даражалуу чиновниктерди, коопсуздук кызматкерлерин жок кылды. Тегеран Перс булуңундагы коңшу мамлекеттерге ракета жана дрон менен сокку уруп, жооп кайтарды. 8-апрелде АКШ менен Иран атышууну эки жума токтото турууну макулдашкан. Тегеран ал макулдашуу боюнча Израил Ливанга каршы соккуларын токтотушу керек болгонун айтса, Израил ал тууралуу сөз болбогонун билдирген жана соккуларын уланткан. Бейруттун эсептөөлөрү боюнча, 8-апрелде Израилдин Ливандын аймагына соккуларынан 350дөй адам каза болуп, 1000ден ашык адам жаракат алды. Ливандын бийлиги сүйлөшүү тууралуу кабары жок экенин маалымдады.",azattyk.org,https://www.azattyk.org/a/33733458.html,2026-04-16T12:51:39+06:00,kyrgyz,0,high,,news_site
ac43dd61-b8de-4ac6-b1ba-9f8775756e9c,Агартуу министрлигинин коллегиясы: Эдил Байсалов билим берүү реформасы жөнүндө,"«Мектеп эч качан токтобойт; ар дайым идеялар, умтулуулар жана инновациялар болот», — деди министрлер кабинетинин төрагасынын орун басары Эдил Байсалов бүгүн, 10-февралда Агартуу министрлигинин 2025-жылды жыйынтыктоочу коллегиясында. Ал президент Садыр Жапаровдун демилгеси менен өлкөдө «эң татаал жана сөзсүз эң маанилүү билим берүү реформасы» ишке ашырылып жатканын эске салды. «Бул жөн гана реформа эмес, толук трансформация, анткени жөнөкөй кайра түзүү жашоону толугу менен өзгөртө албайт. Бүгүнкү күндө дүйнөдө эч ким — өнүккөн же өнүгүп келе жаткан өлкөлөрдө да — эмне кылуу керектигин так билбейт. Бирок биз акылдуураак жана тажрыйбалуураактардын алдыга жылышын күтпөйбүз, анан жөн гана көнүмүш адат боюнча кууп жетебиз. Андай болбойт. Бүгүн биздин калган дүйнө менен бирге алдыга жылуу мүмкүнчүлүгүбүз, балким, дүйнөдөн, кошуналарыбыздан алдыда болуп, кайраттуулукту жана лидерликти алып, секирик жасоого мүмкүнчүлүгүбүз бар. Учурда атаандаштык жана ресурстар үчүн катуу күрөш жүрүп жатат. Бул биздин улут катары өсүп-өнүүгүз, балдарыбыздын келечеги жөнүндө болуп жатат. Ошондуктан, биз жоопкерчиликти алып, ушул реформа жолуна түштүк», — деди Эдил Байсалов. Ал мурда өлкө реформанын алгачкы натыйжаларын 15 жылдан кийин гана көрөрүн билдирген. Эскерте кетсек, учурда «Сейтек» борборунда Агартуу министрлигинин 2025-жылды жыйынтыктоочу коллегиясы өтүүдө. Коллегияга министрлер кабинетинин төрагасынын орун басары Эдил Байсалов, Жогорку Кеңештин депутаты Токтобүбү Ашымбаева, министр Догдургүл Кендирбаева, министрликтин өкүлдөрү, билим берүү тармагынын кызматкерлери, райондук, шаардык билим берүү бөлүмдөрүнүн башчылары, жогорку окуу жайлардын жетекчилери катышууда.",24.kg,https://24.kg/kyrgyzcha/361324_agartuu_ministrliginin_kollegiyasyi_edil_baysalov_bilim_beruu_reformasyi_jonundo/,,kyrgyz,0,high,,news_site
069b0617-6586-41c4-9274-08fe89ba93e6,Корея Республикасы менен Борбордук Азиянын биринчи саммити күзүндө өтөт,"Корея Республикасы менен Борбордук Азия мамлекеттеринин ортосундагы биринчи саммит 2026-жылдын 16-17-сентябрында өтөт. Бул тууралуу тышкы иштер министри Чо Хён Сеулда өткөн иш-чарага даярдык көрүү жыйынында билдирди. Yonhap агенттигинин маалыматына ылайык, жолугушууга Казакстан, Кыргызстан, Өзбекстан, Түркмөнстан жана Тажикстандын лидерлери катышат. Тышкы иштер министри алдыдагы жолугушуу Түштүк Кореянын дипломатиялык мүмкүнчүлүктөрүн кеңейтүү жана Борбордук Азия өлкөлөрү менен байланыштарды бекемдөөдө маанилүү кадам болорун белгиледи. Ал саммиттин форматы эки тараптуу жана көп тараптуу кызматташтыкты тереңдетип, ошондой эле жеткирүү чынжырларын диверсификациялоо жана аймакта жашаган корей этникалык коомчулуктарын колдоонун натыйжалуулугун жогорулатуу боюнча кызматташуунун негизин түзөрүн билдирди. Эскерте кетсек, аймактагы өлкөлөр АКШ-Борбордук Азия, Европа Биримдиги-Борбордук Азия жана Япония-Борбордук Азия саммиттерине активдүү катышып жатышат.",24.kg,https://24.kg/kyrgyzcha/362133_koreya_respublikasyi_menen_borborduk_aziyanyin_birinchi_sammiti_kuzundo_otot/,,kyrgyz,0,high,,news_site
704fdb61-32c0-4341-8a15-17b717d90ee1,Турак жайы барлар да МИК кызматынан пайдалана алышат. Шарттары,"БИШКЕК, 6-май — Sputnik.Өзүнүн турак жайы бар жарандар да мамлекеттик ипотекалык каржылоодон пайдалана алышат. Кеп колдонуудагы үйдү капиталдык оңдоого жана кеңейтүүгө байланыштуу механизмдер тууралуу болууда. Президент мамлекеттик турак жай программасына өзгөртүүлөрдү киргизген жарлыкка кол койду. Башка маанилүү учурлар: Мамлекеттик ипотекалык компанияга жеке өнөктөштөрдү сынаксыз тартууга уруксат берилет. Бул турак жай менен камсыздоо мүмкүнчүлүгүн кеңейтүүгө жардам беретГИКке турак жай фондун түзүүгө жардам берген мамлекеттик органдар турак жай каржылоосун алууда артыкчылыкка ээ болот. Квотаны Мамлекеттик ипотекалык компаниянын директорлор кеңеши аныктайт“Топтомо ипотека” программасынын алкагында жаран мурда банктан баштапкы 30% сумманы топтоп, депозитти кеминде 6 ай кармоого тийиш болчу. Эми керектүү 30 пайыздык сумма даяр болсо, депозитти кеминде 3 айга ачууга болот, бирок акча дароо толук салынышы керекПрограммага балдар үйлөрүнүн бүтүрүүчүлөрү — ата-энесинен толук ажыраган жетимдер (бойго жеткенден тарта) катыша алатПрограммага балдар үйлөрүнүн бүтүрүүчүлөрү — ата-энесинен толук ажыраган жетимдер (бойго жеткенден тарта) катыша алышат. МИК октябрда премиум-класстагы 6,5 миң батирди тапшырууну пландап жатат25 Чын Куран, 13:58",sputnik.kg,https://sputnik.kg/20260506/turak-zhay-ipoteka-emne-ozgordu-1101152982.html,19:28 06.05.2026,kyrgyz,0,high,,news_site
fc49b8c6-6f96-4f5e-a41b-eb4a2d1e9122,"Kloop.kgмаалыматына ылайык, Бакырдин Бекбоев – мурдагы президент Курманбек Бакиевдин кеңешчиси жана администрациясынын жетекчисинин орун басары болгон Замир Бекбоевдин уулу.Замир Бекбоев Бакиевдин тушунда президенттик аппаратта 2005-жылдан тарта 2008-жылга чейин иштеген. Андан соң Бишкектинвице-мэрикызматын аркалаган, ал эми 2010-жылы “Ар-Намыс” партиясы менен бирге парламентке өткөн. 2021-жылдын февраль айында Бекбоев  экономикалык аймактын субъекттеринин ассоциациясынын (ЭЭА) төрагасы болуп дайындалган.","Атактуу аткаминерлер камакка алынган соң, Бишкектеги кардиохирургиялык “БИКАРД” клиникасында дарыланганы коомчулукка маалым. Алардын ичинен Мухаммедкалый Абылгазиев, Василий Дашков, Исхак Пирматов, Данияр Нарымбаев, Мелис Аспеков, Жеңиш Молдокматов жана Райымбек Матраимов ж.б. бар. Алгач мурдагы премьер-министрлер, ведомство жетекчилери, чиновниктер жана саясатчылар камакка алынып, андан көп өтпөй кайсы бир илдеттин айынан сот аларды дарылоого жиберүү чечимин кабыл алып, бейтаптар “БИКАРДга” жаткырылган. Factcheck.kg“өзгөчө” бейтаптарды дарылаган клиника кимге таандык экенин тешкерип көрдү. Бишкекте жайгашкан “БИКАРД” кардиохирургиялык клиникасы юридикалык документтер боюнча“БИЗ НУР” Медициналык борбору ЖЧКсы катары катталган. Osoo.kgмаалыматына ылайык, клиникага Дамирбек Осмонов, Бакырдин Бекбоев жана Турдали Заиров ээлик кылат. Дамирбек Осмонов–кардиолог жанабашкы дарыгер.Мындан тышкары, Осмонов төрт компаниянын негиздөөчүсү, алардын экөө бюджетттен миллиондогон сом алары белгилүү. Эки медициналык борбордун негиздөөчүсү катары “Кыргыз Мунай” ЖЧКсынын үлүш ээси Эзель Акматалиеванын ысымы көрсөтүлгөн. “Бикарддын” экинчи негиздөөчүсү –Турдали Заиров.КлиниканынFacebook баракчасында ал директор катарыкөрсөтүлгөн. Заиров тууралуу ачык булактарда башка маалымат табылган жок.",factcheck.kg,https://factcheck.kg/ky/kto-vladeet-klinikoj-bikard-v-kotoroj-lezhat-osobennye-zaklyuchennye/,,kyrgyz,1,0.67,https://factcheck.kg/ky/kto-vladeet-klinikoj-bikard-v-kotoroj-lezhat-osobennye-zaklyuchennye/,fact_check
2d055551-c008-4555-894b-55f5a3df74b2,Бишкекте бир жылда 4 миңден ашык дарак кыйылган,"2025-жылы Бишкекте 4 миң 66 дарак кыйылган. Бул 2024-жылга салыштырмалуу 197,7 пайызга көп. Бул тууралуу мэриянын шаардын социалдык-экономикалык өнүктүрүү программасын ишке ашыруу боюнча отчетунда айтылган. Муниципалитеттин маалыматы боюнча, 2023-жылы 1771 дарак, ал эми 2024-жылы 1366 дарак кыйылган. Аткаминерлердин пикиринде, бул «жашыл бак-дарактарды коопсуздукту камсыздоо жана санитардык абалды жакшыртуу боюнча чаралардын олуттуу күчөгөнүн» көрсөтөт. Анын натыйжасында авариялык учурлардын саны 53кө чейин азайган, бул 2024-жылга салыштырмалуу 73 учурга аз. Ошол эле учурда, пландалган көрсөткүч 12 миң 460 дарак болсо, өткөн жылы чындыгында 18 миң 835 дарак жана бадал отургузулган. Дарактарды оорулардан жана зыянкечтерден коргоо максатында 93,5 миң дарак иштетилген. Бирок шаар тургундары социалдык тармактарда дарак кесүү жана отургузулган көчөттөрдүн начар жашоосу боюнча нааразычылыгын айтышууда.",24.kg,https://24.kg/kyrgyzcha/369330_bishkekte_bir_jyilda_4minden_ashyik_darak_kyiyyilgan/,,kyrgyz,0,high,,news_site
8f1aaba1-2d5f-4c1e-84f3-5fe694ba4513,Индира Жолдубаевага жабылган жалаа жана telegra.ph сайтынын иштөө принциби тууралуу [split],"ph интернет куралына жайгаштырылган тексттин авторун жана ЖМКны текшерүү мүмкүн эмес. Ал тууралуу маалыматты окурман биле албайт: “макаланы ким жазган?”, “ал кай жерде иштейт?”, “жаңылык кайсы ЖМКга таандык?”, “ЖМКнын деңгээли, кадыр-баркы кандай?”, “ал кимдин кызыкчылыгын коргойт?”деген суроолордун ачык бойдон калышы фейктер, проквокация үчүн кеңири мүмкүнчүлүктөрдү түзүп берет. Маалымат согушуна жол ачып, жазалангыс коркунучтуу жана кыйратуучу максаттарды ишке ашырууга себепкер болот» – дейтЛюдмила Кудрявцева, vc.ru кабарчысы. Буга чейин Factcheck.kg анонимдүү жана фейк колдонуучулардын дал ушу ресурсту өз пайдасына колдонгонуна бир нече ирет күбө болгон. Эми кезек жалаадан жабыр тарткан экс-генералдык прокурор Индира Жолдубаева келип жетти. Анын сөзү катары берилген маалымат чындыкка дал келбейт. Биз Жолдубаева менен телефон аркылуу байланышканыбызда, ал эч кимге интервью бербегенин айтып, өзү тууралуу маалыматты төгүндөдү. «Бул фейк. Мен социалдык тармактар менен колдонбойм жана акыркы убакта журналисттер менен баарлашкан эмесмин», – деп билдирди ал. Жаңылыктын өзүндө булак катары chagylban.kg агенттиги аталган.Мындай сайт жок экенин белгилейбиз.Материалдын автору окурман байкабай калышы үчүн атайлап chagylgan.kg сайтынын бир тамгасын алмаштырган. Жыйынтык: – telegra.ph ресурсу фейк маалыматты жайылтууга мүмкүнчүлүк берет. – Индира Джолдубаева итервью берген эмес, жана макалада айтылган сөздөр чындыкка дал келбейт. – Маалымат катары көрсөтүлгөн булак – chagylban.kg сайты жок. Автор тарабынан  «тамга алмаштыруу» манипуляция ыкмасы колдонулган.",factcheck.kg,https://factcheck.kg/ky/princzip-raboty-sajta-telegra-ph-ili-o-tom-kak-podstavili-indiru-dzholdubaevu/,,kyrgyz,1,0.56,https://factcheck.kg/ky/princzip-raboty-sajta-telegra-ph-ili-o-tom-kak-podstavili-indiru-dzholdubaevu/,fact_check
9a58ca51-4417-49c3-9b4d-07cc63e2d716,Мүрзөдөгү ымыркай тууралуу фейк [split],"Эң кызыгы биринчи жарыяланган анык тасма кийинки фейк менен коштолгон сүрөттөмөлөрүнө караганда популярдуу болгон эмес. Аны болгону 40тай адам көргөн. Анык тасманын аты төмөнкүдөй: Аял өз баласын дааратканага таштаган. “Мындай мыкаачылык замандын өнөкөт көрүнүшү болду жана жергиликтүү эл кайдыгер карабай баланы куткарып калды” деп тасманын сүрөттөмөсүндө жазылган. Чындыгында, африкалык массалык маалымат каражаттарында кыз-келиндер мындай кадамга барары көп жазылган. 4 ай мурун Кениянын Мачакос аймагында 16 жашар кыз өз баласын дааратканага таштаганы маалым. Айылдыктар ымыркайдын ыйын угуп, аны куткарышкан. Бирок 2 сааттан соң бала ооруканадакөз жумган. Дал ушундай окуя Малави республикасынын Блантайр районундаболгон. 19 жашар кыздын баласын кошуналары сактап калган. Танзания жана Кенияда да бул адатка айланган көрүнүш. Жыйынтык: –Тасманын “мүрзөдө төрөлгөн ымыркай” деген сүрөттөмөсү – фейк.",factcheck.kg,https://factcheck.kg/ky/fejk-video-pro-novorozhdennogo-iz-mogily/,,kyrgyz,1,0.75,https://factcheck.kg/ky/fejk-video-pro-novorozhdennogo-iz-mogily/,fact_check
42bcebac-acc3-42d8-b330-29a2224201af,Киселёва: жеңишти алып келген баатырлардын элеси элдин кан-жанында жашайт,"БИШКЕК, 7-май — Sputnik.Кечээ, 6-майда, Бишкек жана Ош шаарында “Эстутум оту” акциясы өттү. Анын жалынын Кыргызстанга синхрондук сүзүү боюнча дүйнөнүн жана Олимпиада оюндарынын үч жолку чемпиону Мария Киселёва алып келген. Ал өз сөзүндө жеңишти алып келген баатырлардын элеси элдин кан-жанында жашай турганын белгилеп, тарыхты унутуу — келечекти туңгуюкка кептээрин айткан. “Албетте, Улуу Ата Мекендик согуш жана андагы Жеңиш — бул биримдиктин, баатырдыктын, кайраттуулуктун, бардык улуттардын жеңиш үчүн биригүүсүнүн өзгөчө мисалы. Мындай маанилүү жана зарыл окуя туңгуюкта жол көрсөткөн шам чырак сыяктуу болушу керек. Кыргызстанда да буга дал ушундай мамиле жасалып жатканына абдан кубанычтамын. Бул — тарыхый эс тутум, Жеңишти алып келген баатырларга көрсөтүлгөн урмат-сый”, — деген чемпион айым. Киселёва “Эстутум оту” акциясы Кыргызстанда бешинчи жолу өтүп жатканы жана 10 жылдан бери үзгүлтүксүз уюштурулуп келе жатканы анын канчалык маанилүү жана зарыл экенинин далилдей турганын кошумчалаган. Улуу Ата Мекендик согушта кан кечкен кыргызстандыктар. Эч ким көрө элек сүрөттөр13:09",sputnik.kg,https://sputnik.kg/20260507/kiselyova-baatyrlardyn-elesi-eldin-kan-zhanynda-zhashayt-1101161705.html,17:09 07.05.2026,kyrgyz,0,high,,news_site
4d1759cb-c9ed-4b4e-b6f8-b51a2d5b415a,Экс-депутат Исатбек кызы эмгек министринин орун басары болду,"Жогорку Кеңештин экс-депутаты Аида Исатбек кызы эмгек, социалдык камсыздоо жана миграция министринин орун басары болуп дайындалды. Тиешелүү тескемеге Министрлер кабинетинин төрагасы Адылбек Касымалиев кол койгон. Буга чейин ал кызматта Айнура Орозбаева иштеп келаткан. 35 жаштагы Аида Исатбек кызы Чүй облустук университетин “юриспруденция” адистигин аяктаган. Жогорку Кеңештин VII чакырылышында депутат болгон. (BTo)",azattyk.org,https://www.azattyk.org/a/33731059.html,2026-04-13T14:29:08+06:00,kyrgyz,0,high,,news_site
1a18cfcb-02a0-4060-8ddb-366152a1b0b8,Рим папасынын Ротшильдге сый көрсөткөнү жалган,"ТикТок жана WhatsApp тармактарында Рим папасы тартылган тасма кеңири тарады. Анда Рим папасы Ротшильддин колун өптү деп мүнөздөлөт.  Коомчулук мындай көрүнүштү сын менен кабыл алды. Factcheck.kgтасманын алгачкы булагын таап, маалыматты текшерүүнү чечти. Алгач видеодон скриншот алып, издөө салабыз да, маалымат булагынатуш болобуз. Ал 2014-жылдын 27-майындаYad Vashemресурсунун расмий каналында жүктөлгөн.  Тасма Рим папасынынЯд ва-Шемге болгон сапарында тартылган. Яд ва-Шем– бул Холокосткурмандыктарынын элесине арналып орнотулган, кырсыкка жана баатырдыкка арналган Израилдин улуттук мемориалы. Аталаган иш сапар тууралуу маалымат Мемориалдын расмий сайтынажайгаштырылган.",factcheck.kg,https://factcheck.kg/ky/papa-rimskij-czeluet-ruku-rotshildu-nepravda/,,kyrgyz,1,0.92,https://factcheck.kg/ky/papa-rimskij-czeluet-ruku-rotshildu-nepravda/,fact_check
70513ec8-eab8-495f-84e9-dd4b9e6dcfa4,Украина ТИМ: «Зеленский аймактарды талкуулоо үчүн Путин менен жолугушууга даяр»,"Владимир Зеленский аймактарды жана Запорожье атомдук электр станциясынын айланасындагы кырдаалды талкуулоо үчүн Владимир Путин менен жолугушууга даяр. Бул тууралуу Украинанын тышкы иштер министри Андрей Сыбиха журналисттерге билдирди. Ал Орусия, Украина жана АКШнын делегацияларынын катышуусунда Абу-Дабиде өткөн согушту токтотуу боюнча сүйлөшүүлөр тууралуу суроого жооп берип жатып, эки негизги маселе чечиле электигин ырастады. Алар аймактар ​​жана Запорожье атомдук электр станциясынын тагдыры болуп саналат. Орусия Украинанын аскерлерин Донбасстан толугу менен чыгарып кетүүнү талап кылууда, бул талапты Украина кабыл албай жатат. Киев ошондой эле орус аскерлерин Запорожье атомдук электр станциясынан чыгарып кетүүнү талап кылууда. Ал эми АКШ аны Орусия менен биргелешип башкарууну сунуштап жатат. Андрей Сыбиганын айтымында, Зеленский бул эки маселени талкуулоо үчүн Орусиянын президенти менен жолугушууга даяр. Орусия, Украина жана АКШнын делегацияларынын катышуусундагы Абу-Дабидеги сүйлөшүүлөр 1-февралда уланат деп күтүлүүдө.",24.kg,https://24.kg/kyrgyzcha/359558_ukraina_tim_zelenskiy_aymaktardyi_talkuuloo_uchun_putin_menen_jolugushuuga_dayar/,,kyrgyz,0,high,,news_site
1068e933-2083-44c5-8f96-11ffc37bdf77,Суваналиевдин тушунда кылмыштуулук болуп көрбөгөндөй өскөнбү? [split],"2006-2007-жылдары Суваналиев Ички иштер министри болуп турганда катталган кылмыштардын саны азайган. Жыйынтык:ИИМ билдирүүсүндө фактылар бурмаланган, маалымат манипуляцияланган. 2005-жылы кылмыштуулуктун өсүшү Ички иштер министринин орун басары Өмүрбек Суваналиевдин начар иштегендиги менен эмес, “жоогазын революциясынан” кийинки массалык талап-тоноолор менен байланыштуу. 2010-жылдын статистикасы бул тенденцияны тастыктайт. Буйрутма өлтүрүүлөрдүн санынын өсүшү Өмүрбек Суваналиевдин тушунда “өлкөдө кылмыштуулук, анын ичинде буйрутма өлтүрүүлөрдүн саны көбөйгөн” деп айыптап, Ички иштер министрлигинин басма сөз кызматы бул маалыматты тастыктаган маалыматтарды берген жок. Бул айыптоолорду тастыктаган да, четке каккан да маалыматтарды ачык булактардан таба алган жокпуз. Жыйынтык:маалымат Ички иштер министрлигинин басма сөз кызматы тарабынан тастыкталган жок. … Рыспек Акматбаев ЖК депутаттыгына талапкерлигин койду Эске салсак, 2006-жылы 31-мартта Рыспек Акматбаев уюштурган митинг Ала-Тоо аянтында башталган. Митингдин жүрүшүндө криминалитет Кыргыз Республикасынын президентине Кыргыз Республикасынын премьер-министрин кызматтан кетирүү жана Рыспек Акматбаевдин Жогорку Кеңештин депутаттыгына талапкер катары каттоосун калыбына келтирүү боюнча саясий талаптарын койгон. Президент Бакиев митингчилердин талаптарын аткарган. Ал аянтка чыгып, кримавторитетке депутаттыкка талапкерлигин коюуга уруксат берген. 2006-жылдын январь айында Биринчи май райондук соту Рыспек Акматбаевди шашылыш түрдө актаган. Андан кийин Борбордук шайлоо комиссиясы Акматбаевди Балыкчы аймагы боюнча КР ЖКнын депутаттыгына талапкер катары каттаган. Талапкер шайлоодо жеңип чыккан, бирок 2006-жылы 10-майда депутат болуп кызматка киришкенге чейин өлтүрүлгөн. Жыйынтык:Рыспек Акматбаев Биринчи май райондук соту тарабынан толугу менен акталып чыккандан кийин парламентке өтүү мүмкүнчүлүгүнө ээ болгон. Ал эми БШК  Бакиевдин макулдугу менен Акматбаевди талапкер катары каттаган.",factcheck.kg,https://factcheck.kg/ky/suvanaliev-sposobstvoval-rostu-prestupnosti/,,kyrgyz,1,0.8,https://factcheck.kg/ky/suvanaliev-sposobstvoval-rostu-prestupnosti/,fact_check
7ce0292e-0267-4a70-9c93-bb3283e1c8e1,Садыр Жапаров Өзгөн районунун тургундары менен жолугушту. Эмнелер талкууланды?,"Ош облусуна болгон жумушчу сапарынын алкагында Садыр Жапаров Өзгөн районунун тургундары жана активисттери менен жолугушту. Бул тууралуу президенттин басма сөз кызматы билдирди. Жолугушууда инженердик инфраструктураны өнүктүрүү, анын ичинде газдаштыруу жана калкты ичүүчү суу менен камсыз кылуу маселелери, ошондой эле саламаттык сактоо жана медициналык кызматтардын жеткиликтүүлүгүн арттыруу темалары талкууланды. Мындан тышкары, калкты социалдык жактан колдоо, турак жай менен камсыз кылуу, социалдык инфраструктураны өнүктүрүү, анын ичинде билим берүү жана спорттук объекттерди куруу, аймактарды көрктөндүрүү боюнча кайрылуулар айтылды. Ошондой эле жер ресурстарын сарамжалдуу пайдалануу, укуктук талаштарды жөнгө салуу, жарандардын укуктарын коргоо, ишкердикти жана айыл чарба продукциясын кайра иштетүүнү өнүктүрүүгө шарт түзүү маселелери көтөрүлдү. Жолугушуунун жыйынтыгында президент Садыр Жапаров мамлекеттик органдарга бир катар тапшырмаларды берди. Алардын катарында инфраструктураны өнүктүрүү, саламаттык сактоо тармагынын материалдык-техникалык базасын чыңдоо, социалдык чөйрөдөгү долбоорлорду ишке ашыруу жана укуктук мүнөздөгү кайрылууларды карап чыгып, жарандардын укуктарын камсыз кылуу бар.",24.kg,https://24.kg/kyrgyzcha/370336_sadyir_japarov_ozgon_rayonunun_turgundaryi_menen_jolugushtu_emneler_talkuulandyi/,,kyrgyz,0,high,,news_site
0dafe107-e76f-4692-a04b-e97f7c0ffcba,"Украинада дрон соккусунан адам өмүрү кыйылды, жараат алгандар бар","29-апрелге караган түнү Украинанын Сумы аймагында Орусиянын дрон жана ракета соккусунан жарандык инфраструктура зыянга учураганын, өрт чыгып, бир адам каза болгонун аймактык аскердик администрациянын башчысы Олег Григоров билдирди. ""Чабуулдун кесепетинен турак жай аймагында ири өрт чыккан. Тилекке каршы, имараттардын биринде жашаган 65 жаштагы аял көмүртек кычкыл газынан ууланып каза болгон... Дагы эки адам медициналык жардамга кайрылган. Калган тургундар тез арада эвакуацияланган"", - деп жазды Григоров Telegram баракчасына. Чабуул коюлган Шостка аймагы Украина менен Орусиянын чек арасына жакын жайгашкан жана орусиялык дрондордун чабуулуна көп кабылат. Өткөн Орусия Украинанын Харьков аймагынын бир нече районуна да дрон менен чабуул койгонун мэр Игорь Терехов билдирди. Анын айтымында, чабуулдан бир адам жаракат алды. Соккулар инфраструктуралык объектилерге жана турак жайларга тийген: көп кабаттуу үйлөрдөгү терезелер талкаланган, ал эми даракка тийген дрондун калдыктары жеке сектордогу бир нече үйгө зыян келтирген. Орусиянын чек арасына жакын жайгашкан Харьковго орусиялык аскерлердин чабуулдары жана соккулары дайыма болуп турат. (RK)",azattyk.org,https://www.azattyk.org/a/33744923.html,2026-04-29T12:49:36+06:00,kyrgyz,0,high,,news_site
312b976b-2ff6-47a1-9153-46f6adae4154,Коомдук транспорттогу койдун сүрөтү фейкпи? [split],"Fotoforensics кызматынын жардамы менен да койдун башка объектилерден өзгөчөлөнүп турбаганын аныктайбыз: Эгерде фотомонтаж колдонулган болсо, койдун сөлөкөтү башка объектилерден айырмаланып турмак. 4. Сүрөттү текшерүүчү дагы бир сервис — Luminance Gradient Analysis. Ал компьютердик графиканы аныктайт. Бир нече кызматты колдонуу менен, фотошоп элементтерин тапкан жокпуз.  Андыктан маалыматтын алгачкы булагын издейбиз. Аны “Яндекс сүрөт” сервисинин жардамы менен  табабыз. Сүрөт алгач Instagram социалдык тармагында 2017-жылдын 13-февралында ар түрдүү ракурста тартылып, жарыяланган. Мындан мурунку сүрөттөр табылган жок. Жыйынтык: Сүрөт монтаждалган эмес. Ал алгач 2017-жылы жарыяланган.",factcheck.kg,https://factcheck.kg/ky/ovcza-v-marshrutke-fotoshop/,,kyrgyz,1,0.67,https://factcheck.kg/ky/ovcza-v-marshrutke-fotoshop/,fact_check
9cdc6aae-4eb6-45e5-8f22-a837c8e8fdf1,Орозо −2026: Кайсы нерселер орозону бузат жана кайсы нерселер бузбайт?,"— Орозо туткан адам ооз ачканга чейин атайлап жеп-ичсе же жыныстык мамиле кылса орозосу бузулат. Мындай кылган чоң күнөө болот. Ал эми орозосун атайлап бузгандыгы үчүн ошол күндүн ордун толуктоо (казасын кармоо) жана айыбын (кафаарсын) төлөө милдеттүү болот. — Орозону атайлап бузуунун айыбы (кафаарасы) бир кул азат кылуу же алтымыш күн үзгүлтүксүз орозо кармап берүү же алтымыш кембагалга тамак берүү менен өлчөнгөн. Ал эми орозону байкабастан бузуп алгандыгы үчүн бир күнүнө бир күн (казасын) ордун тутуп берүү менен өлчөнгөн. — Эгер тамагына чымын кирип кетсе, же өзүнөн өзү түтүн кирсе же чаң кирсе орозо бузулбайт. Атайлап киргизсе бузулат. — Тамеки же кальян тартса орозо бузулат. Ошондой эле арча күйгүзүп, түтүнүн атайалап жутса ооз ачылат. — Тишинде калып кеткен тамакты же этти ооздон сыртка чыгарбастан жутуп салган учурда, анын көлөмүнө каралат. Эгер ал буурчакка барабар болсо же андан чоң болсо орозо бузулат, кичине болсо бузулбайт. Ал эми тиштеги калдыкты сыртка чыгарып кайра жеп салса, анда кичине же чоңдугуна карабастан орозосу бузулат. — Түкүрүгүн, какырыгын канча жутса да орозо бузулбайт. — Орозо экени эсинде болуп туруп, даарат алып жатып оозунан же мурдунан суу кирип, кокустан кекиртектен өтүп кетсе, орозосу бузулат. Мындай учурда бир күнүнө бир күн орозонун казасын кармап берет, айып (каффаара) ваажип эмес. — Өзүнөн-өзү куску келип кусса, аз-көбүнө карабастан орозо бузулбайт. Ал эми бир нерсенин жардымы менен атайлап кустурса, мындай учурда оозу толо кускан болсо орозо бузулат, аз болсо бузулбайт. — Кичине кусунду чыгып өзүнөн-өзү кайра кирип кетсе орозо бузулбайт, эгер атайлап жутса бузулат. — Тыйын, таш, кагаз, темир ж.б.у.с желбей турган нерселерди жутуп алса орозо бузулат жана ошол күндүн казасын бир күнгө бир күн кармап берет, каффара бербейт. — Атайлап жеп-ичсе же дары ичсе орозо бузулат, казасын кармайт, каффара да берет. — Орозодо аялы менен кошулса орозо бузулат, казасын кармайт, каффара да берет. Албетте аялы менен жөн эле кучакташып жатса, өпкүлөп-сыласа орозо бузулбайт. Бирок жаштар өзүн токтото албаса, жана кошулуп коюу коркунучу болсо, мындай учурда аялын кучактоо же өөп коюу макрух амал болот. — Орозодор адам оозуна насвай салса же кулагына даары куйса же клизма жасаса орозосу бузулат. Бул учурда бир күнүнө бир күн орозо кармап казасын тутат, каффара бербейт. — Тиш канап, канын жутуп алса орозосу бузулат. Эгер кан аз болсо жана таңдайы кандын даамын сезбесе бузулбайт. (Кыргызстан мусулмандарынын дин башкармалыгынын Фатва бөлүмү)",24.kg,https://24.kg/kyrgyzcha/363103_orozo_2026_kaysyi_nerseler_orozonu_buzat_jana_kaysyi_nerseler_buzbayt/,,kyrgyz,0,high,,news_site
c1ac2837-be78-41fc-b278-eb26445af423,Internet-кайгуул. Тыюу салынган уюмдардын фейктери. Хизб ут тахрир. 2-бөлүм [split],Бул бөлүмдө экстремисттик уюмдун идеологиясын жайылткан топтор жана баракчалардын постторун бөлүшкөн аккаунттардын жана өзүнүн иштеген жери катары Хизб ут Тахрир уюмун көрсөткөн интернет-колдонуучулардын бетин ачып аныктоону туура көрдүк. Закария Нурсаидов.     Фейсбукта бул аккаунт радикалдык Хизб ут Тахрир кыймылын пропагандалайт жана жайылтат. Фейсбукта бул аккаунт радикалдык Хизб ут Тахрир кыймылын пропагандалайт жана жайылтат.,factcheck.kg,https://factcheck.kg/ky/internet-patrul-fejki-zapreshhennyh-organizaczij-hizb-ut-tahrir-chast-2/,,kyrgyz,1,0.75,https://factcheck.kg/ky/internet-patrul-fejki-zapreshhennyh-organizaczij-hizb-ut-tahrir-chast-2/,fact_check
11738c05-6a65-4571-9516-64e6c7b1514e,Кыргызстанда жарандар кайсы лабораториялык изилдөөлөрдөн акысыз өтө алат,"Бул өнөкөт оорулары бар адамдар үчүн өзгөчө маанилүү Кыргызстандын бардык жарандары үй-бүлөлүк медицина борборлорунда акысыз лабораториялык изилдөөлөрдү алууга укуктуу. Бул тууралуу Милдеттүү медициналык камсыздандыруу фонду эскертет. Мамлекеттик кепилдиктер программасынын алкагында Үй-бүлөлүк медицина борборунда катталуусу жана үй-бүлөлүк дарыгерден лабораториялык анализ жүргүзүүгө жолдомосу бар Кыргызстандын ар бир жараны базалык лабораториялык изилдөөлөрдөн акысыз өтө алат. Бул тизмеге лабораториялык анализдердин 12 түрү, анын ичинде кан, заара анализдери жана башкалар кирет. Бул кызматтар шаардык, облустук жана райондук медициналык мекемелерде көрсөтүлөт. Эгерде жаран камсыздандырылган болсо, ага кошумча лабораториялык-диагностикалык текшерүүлөрдүн 40 түрү, ошондой эле рентгенография жана УЗИге 50% арзандатуу берилет. Бул укуктан пайдалануу үчүн жарандар үй-бүлөлүк дарыгерлерине кайрылса болот. Текшерүүдөн жана консультациядан кийин дарыгер лабораторияга жолдомо жазып берет. Адистер керектүү анализдерди өткөрүп, жыйынтыгы дарыгерлерге мүмкүн болгон ооруларды өз убагында аныктоого жана дарылоону алгачкы этапта баштоого жардам берет. ММК фонду бардык жарандарга, өзгөчө суук тийүү мезгилинде жана вирустук инфекциялар көбөйүп жаткан мезгилде медициналык текшерүүдөн өтүү укугун активдүү пайдаланууну сунуштайт. Лабораториялык анализдерди үзгүлтүксүз жүргүзүү ден соолуктун абалын көзөмөлдөөгө мүмкүндүк берет, бул өнөкөт оорулары бар адамдар үчүн өзгөчө маанилүү. Жеткиликтүү кызматтардын тизмеси жана шарттары жөнүндө толук маалыматты ММК фондунун 113 ишеним телефонуна күнү-түнү чалып, маалымат алууга болот. Бардык операторлордон чалуулар акысыз.",vesti.kg,https://vesti.kg/kg/den-sooluk-uchun/item/131168-kyrgyzstanda-zharandar-kajsy-laboratoriyalyk-izildoolordon-akysyz-oto-alat.html,2024-10-22T18:04:58+06:00,kyrgyz,0,high,,news_site
8733149d-b172-4110-9605-598c3204c8cc,Кыргызстанда беш жылда электр энергиясын керектөө 25 пайыздан ашты,"Кыргызстанда акыркы беш жылда электр энергиясын керектөө 25 пайыздан ашты. Расмий статистика боюнча, электр энергиясын керектөө 2020-жылда 15,4 млрд кВт саат болсо, 2025-жылдын аягында 19,3 млрд кВт саатка чейин жеткен. Министрлик электр жарыгын керектөөнүн көбөйүшүн акыркы жылдары өлкөдө экономикалык көрсөткүч жогору болгондугу менен байланыштырды. Бул тууралуу президенттин өзгөчө тапшырмалар боюнча атайын өкүлү Бакыт Төрөбаев энергетика тармагындагы инвесторлор менен өткөргөн жыйында айтылганын Энергетика министрлиги кабарлады. Мекеме электр энергиясын керектөө өскөнү менен жаңы генерациялык кубаттуулукту киргизүү темпи артта калып жатканын кошумчалады. Бакыт Төрөбаев эгерде өлкөдө электр жарыгын керектөө ушундай уланса 2030-жылга барып 25 млрд кВт саатка жетиши мүмкүн экенин айтты. Расмий маалыматка ылайык, 2025-жылдын январына карата Кыргызстанда 1 млн 585 миң абонент бар деп эсептелген. Анын ичинде 1 млн 472 миң 837 катардагы абонент 7,79 млрд кВт саат электр жарыгын колдонот. 6,47 млрд кВт саат электр энергиясын өнөр жай ишканалары пайдаланат. Кыргызстан өзү өндүргөн электр энергиясы керектөөнү жаппайт. Ушундан улам жыл сайын күз-кыш мезгилине Казакстандан, Түркмөнстандан, Өзбекстандан жана Орусиядан электр жарыгын сатып алат. (BTo)",azattyk.org,https://www.azattyk.org/a/33732596.html,2026-04-15T12:34:27+06:00,kyrgyz,0,high,,news_site
eb30801a-7658-4080-b7fe-d989b9e54933,"""Акылмандын"" бүтүрүүчүлөрү чет жактарда мамлекеттик грант менен билим алат","""Акылман"" президенттик лицейинин бүтүрүүчүлөрүнүн чет өлкөдө окуусу үчүн мамлекеттен билим берүү гранттарын алуу тартиби бекитилди. Бул Министрлер кабинетинин 16-апрелдеги №256токтому менен бекитилди. Ага ылайык, ""Акылман"" президенттик лицейинин бүтүрүүчүлөрүнө чет өлкөлөрдөн билим алуусун улантуу үчүн мамлекеттик грант берүү боюнча Мамлекеттик гранттар комиссиясы түзүлгөн. Ал эми бүтүрүүчүлөргө грант берүүнү ишке ашырууга жоопкерчилик Илим, жогорку билим берүү жана инновация министрлигине жүктөлдү. 2025-жылы президенттик ""Акылман"" лицейин аяктап, ""Эл үмүтү"" стипендиясы менен чет өлкөлөрдөн окуп келгендерди жогорку окуу жайларына жана мамлекеттик кызматтарга сынаксыз кирүүгө укук берген мыйзам күчүнө кирген.Ага ылайык, ""Эл үмүтү"" стипендиясы менен жогорку окуу жайларын окуп келген бүтүрүүчүлөр кадр резервине сынактан тышкары тартипте киргизилери жазылган. Аталган мыйзам долбоору парламентте талкууланып жатканда айрым депутаттар документ балдардын жана бүтүрүүчүлөрдүн укуктарын бузарын, өлкөнүн Конституциясына каршы келерин айтып чыгышкан. “Акылман"" президенттик лицейи 2023-жылы 25-августта ачылган. “Эл үмүтү” эл аралык стипендиясы дүйнөдөгү алдыңкы 100 университетине өткөн 50 магистрантка, докторантка берилет. Акчанын көлөмү тандалып алынган университетке жараша аныкталары жана жыл сайын 50 миң доллардан ашпоого тийиш экени айтылган. (ZKo)",azattyk.org,https://www.azattyk.org/a/33736907.html,2026-04-21T11:43:34+06:00,kyrgyz,0,high,,news_site
23b62770-4c8e-4a7e-93b2-b0d82f14f936,Пайдалуу кеңеш: Жаңы жылдык майрамдан кийин боорду кантип тазалоо керек?,"Жаңы жылдык майрамдардан кийин бооруңузду калыбына келтирүүгө беш кадам жардам берет. Медицина илимдеринин доктору, интегративдик жана картаюуга каршы медицина боюнча адис, профессор Светлана Каневская бул тууралуу Championat.com сайтына жазды. Эксперт майлуу тамак-аштар жана алкоголдук ичимдиктердин боорго олуттуу жүк келтирип, майлуу боор оорусунун пайда болуу коркунучун жогорулатаарын белгилейт. Боорду толук калыбына келтирүү 400 күнгө чейин созулат, бирок белгилүү бир эрежелер сакталса, эки-үч жуманын ичинде байкаларлык жакшырууларга жетишүүгө болот. Профессор бир нече негизги кадамдарды белгиледи. 1. Алкоголдук ичимдиктерди жок дегенде бир ай бою толугу менен ичпеңиз, анткени аз өлчөмдөгүсү да регенерацияны токтотот. 2. Жетиштүү суу ичүү — күн бою бирдей бөлүштүрүлгөн 1 кг дене салмагына 30-50 мл. 3. Жер Ортолук деңизинин стилиндеги диетага өтүү: көбүрөөк жашылчалар, төмөн гликемиялык жемиштер, дан өсүмдүктөрү жана майсыз белоктор. Куурулган, ышталган, таттуу жана өтө кайра иштетилген тамак-аштардан алыс болуңуз. 4. Тамак-аш тизмеге белгилүү бир азыктарды кошуңуз: глутатиондун деңгээлин жогорулатуу үчүн чырым гүлдүү жашылчаларды (брокколи, капуста), ошондой эле кызылча, сарымсак, куркума, лимон жана күнүнө бирден үч стаканга чейин таттуусуз көк чай ичиңиз. 5. Уйку графигин сактаңыз (жетиден сегиз саатка чейин) жана салмагыңызды көзөмөлдөңүз, анткени ашыкча тамактануу жана ашыкча салмак майлуу боор оорусуна алып келет.",24.kg,https://24.kg/kyrgyzcha/357477_paydaluu_kenesh_janyi_jyildyik_mayramdan_kiyin_boordu_kantip_tazaloo_kerek/,,kyrgyz,0,high,,news_site
f57671ce-2aef-40f4-adda-3c585a5a0b59,Кыргызстанда паспорт алуу тартиби жеңилдеди,"23-январдан тартып, 16 жашка чейинки балдар үчүн жалпы жарандык паспортуна арыз берүү процесси жөнөкөйлөштүрүлдү. Бул тууралуу «Кызмат» мекемеси билдирет. Маалыматка ылайык, мындан ары паспортту алууда жашаган жери боюнча каттоонун (прописканын) болушу талап кылынбайт. «Жашы жете элек баласына жалпы жарандык паспорт алуу үчүн документ тапшырууда ата-энесинин биринин катышуусу мүмкүн болбосо, нотариалдык тартипте күбөлөндүрүлгөн макулдук «Электрондук нотариат» маалыматтык системинде жеткиликтүү болуп, арыз берүүчүдө уникалдуу код болгон шартта кызматкерлер аталган макулдук тууралуу маалыматты автоматтык түрдө ала алышат. Өлкө аймагында таризделген бардык ишеним каттар Калкты тейлөө борборлорунун автоматташтырылган маалыматтык системдери менен интеграцияланган. Ошондой эле нотариалдык күбөлөндүрүлгөн ишеним каттын негизинде жарандарды жашаган жери жана келген жери боюнча каттоодон чыгаруу мүмкүнчүлүгү каралды. Буга чейин катталган жаран КТБга жеке өзү кайрылууга тийиш болчу"",- деп айтылат маалыматта.",24.kg,https://24.kg/kyrgyzcha/359755_kyirgyizstanda_pasport_aluu_tartibi_jenildedi/,,kyrgyz,0,high,,news_site
7ea5b814-b02a-4f78-8e7b-52ae40b6045e,70 тыйындык электр энергиясына 170 тыйын кошулат деген маалымат жалган [split],"Электр энергиясынын баасын Өкмөткө караштуу Отун-энергетикалык комплексти жөнгө салуу боюнча мамлекеттик агенттик атайын усул менен, энергосистеманы кызмат менен камсыздоо, учурдагы оңдоп-түзөө иштери, карыздарды кайтаруу ж.б. пункттарды эске алуу менен иштеп чыгат. Кыргызстанда акыркы жолу электр энергиясысынын баасы 5 жыл мурун 2015 жылдын 1- августундакөтөрүлгөн: — Учурда колдонуучулар турмуш-тиричилик үчүн  1 кВт/с үчүн  77 тыйындан төлөшөт. Эгер 700 кВт/с ашык колдонулса, ар бир киловатт 2 сом 16 тыйындан эсептелинет. — Насостук станциялар 1 киловаттына  78 тыйындан төлөйт. — Тиричиликтен башка максатта колдонгон абоненттер Небытовые абоненты (өндүрүш,айыл-чарба, бюджеттик жана башка колдонуучулар) 2 сома 24 тыйындан төлөшөт. Жыйынтык: жалган.  700 кВт/с лимиттен ашкан күндө да  1 кВт/с электр энергиясынын баасы болгону 1 сом 39 тыйынды түзөт.",factcheck.kg,https://factcheck.kg/ky/elektroenergiya-po-czene-70-tyjynov-prodaetsya-na-170-tyjynov-dorozhe-nepravda/,,kyrgyz,1,0.86,https://factcheck.kg/ky/elektroenergiya-po-czene-70-tyjynov-prodaetsya-na-170-tyjynov-dorozhe-nepravda/,fact_check
370ad6ad-2c7c-4ee4-b3fa-b9cecbb26da0,Нарын дарыясына түшүп кеткен эки баланын дайыны табыла элек,"Өзгөчө кырдаалдар министрилиги Нарын дарыясына түшүп кеткен сегиз жана беш жаштагы эки баланы издөө иштери улантылып жатканын 9-апрелде билдирди. Алардын бири, 2018-жылы туулган К.И. аттуу бала 5-апрелде Аксы районундагы Үч-Коргон айыл аймагынын Кум айылында Нарын дарыясына түшүп кеткен. Издөө иштерине жалпы 40 адам, эки кайык тартылды. Арасында ӨКМ куткаруучулары, милиция кызматкерлери жана жергиликтүү тургундар бар.Беш жаштагы экинчи бала 5-апрелде Нарын шаарындагы Ленин жана Раззаков көчөлөрүнүн кесилишинде Нарын дарыясына түшүп кеткен. Учурда наристени жалпысынан 68 киши издеп жатат. Нарын дарыясына кичине балдар түшүп кетип, табылбай же сөөгү табылган учурлар буга чейин да катталган. ӨКМ жарандарды балдарына көз салуу керектигин, дарыянын суусуна түшүүгө болбой турганын эскертип келет.(КЕ)",azattyk.org,https://www.azattyk.org/a/33728280.html,2026-04-09T12:26:02+06:00,kyrgyz,0,high,,news_site
b7020b56-3bb2-446d-aaaf-d7af9f53efb0,Кыргызстандыктар шайлоодон күтүлбөгөн жыйынтыктарды күтүшү керекпи?,"Саясий серепчилер Жогорку Кеңештин жаңы курамы жөнүндө көз караштары менен бөлүштү Эртеңки күнү Кыргызстандыктар жаңы парламентти шайлашы керек. Бүгүн депутаттыкка талапкерлер өз партиялары үчүн үгүт иштерин жүргүзө турган акыркы күн, ал эми эртең, 3-октябрда, өлкөдө ""жымжырттык"" күнү келет - ар кандай үгүт иштерине тыюу салынат.Vesti.kgсайты ата мекендик саясат таануучулардан алдыдагы шайлоого карата божомолдору менен бөлүшүүнү суранды. Добуш берүүнүн жыйынтыгынан күтүлбөгөн нерселерди күтүшүбүз керекпи? Чынара Эсенгул парламенттин VII чакырылышында кеминде 5 партия болот деп эсептейт. ""Албетте, Биримдик жана Мекеним Кыргызстан орун алат"" деп ишенет ал. - Көпчүлүк мандаттар ушул эки саясий бирикменин ортосунда бөлүштүрүлөт. Балким, “Бир Бол” жана “Ата Мекен” партиялары дагы шайлоо босогосунан өтө алышат, бирок “Республика” партиясын дагы таштабаш керек. Саясат таануучу шайлоодо биринчи орун административдик жана каржылык ресурстардын күрөшү болорун кошумчалады. ""Замандаш"" жана ""Кыргызстан"" партиялары үчүн дагы деле болсо бир аз мүмкүнчүлүк бар, бирок көп сандаган мандаттар алар үчүн жаркырабайт ""деди ал. - Ал эми ""Реформа"" жана ""Чоң Казат"" шайлоо босогосун Бишкек менен Оштун жаштары колдошу мүмкүн экендигине карабастан, араң өтөт. ""Бүтүн Кыргызстан"" партиясы парламентке өтпөй калышы мүмкүн жана ушул саясий биримдиктен адилетсиз шайлоолорго байланыштуу нааразычылыкты күтүү керек. Өз кезегинде, дагы бир саясат таануучуОрозбек Молдалиевдагы Жогорку Кеңештин жаңы чакырылышында кеминде 5 партияны көрөт. ""Биз бул шайлоодо эч кандай жаңы нерсени көрө албайбыз"" деп жооп берди. - Акыркы учурдагыдай эле, мандаттар 5-6 партиянын ортосунда бөлүштүрүлөт, бирок ар кандай өлчөмдө. Албетте, биринчи орунда олигархтардын бийликчил партиялары жана саясий уюмдары болот. Биздин өлкөнүн тарыхында буга чейин болуп өткөндөй эле, шайлоодо баардыгы коюм туудурган партиялар жеңишке жетишкен эмес. Элдер тандоодо өтө каприздүү. Бирок саясат таануучу парламенттен орун ала турган партиялардын аттарын атаган жок. - Шайлоо алдында бардык партиялар жеңишке жетем деп ишенишет. Мен эч кимди таарынткым келбейт », - деп түшүндүрдү ал. Ал ортодо анын кесиптешиКубат Султанбековэл Жогорку Кеңеште үчтөн ашык партияны көрбөйт деген оюн айтты. - ""Биримдик"" менен ""Мекеним Кыргызстанды"" парламенттен көрөбүз - бул сөзсүз, - деди ал. - Ал эми үчүнчү тарап ""Кыргызстан"" келет. БШК аларды шайлоодон четтеткенден кийин, алар бекеринен добуш беришкен жок. Балким, башка партияга бир нече мандат берилиши мүмкүн - ""Республика"". Ошентсе дагы Өмүрбек Бабановдун рейтинги дагы эле жакшы. Эскерте кетсек, Жогорку Кеңештин депутаттарын шайлоо 4-октябрда болот. Вероника МалышеваСүрөт www",vesti.kg,https://vesti.kg/kg/analitika-kg/item/75865-kyrgyzstandyktar-shajloodon-kutulbogon-zhyjyntyktardy-kutushu-kerekpi.html,2020-10-02T17:14:15+06:00,kyrgyz,0,high,,news_site
81cea16c-0c11-4973-9583-3ef6a02631a5,"Кытайдын калкы 2025-жылы 3,3 миллиондон ашык адамга азайды","Кытайдын калкы 2025-жылы дагы азайды. Улуттук статистика бюросунун маалыматы боюнча, өткөн жылы өлкөдө 7,92 миллион адам төрөлүп, 11,31 миллион адам каза болгон. Бул калктын табигый түрдө 3,39 миллионго төмөндөшүн билдирет. Жылдын аягында республиканын жалпы калкынын саны болжол менен 1,4 миллиардды түзгөн. Болжол менен 716 миллион эркек жана 688 миллион аял бар. Жаш курагы боюнча бөлүштүрүү: Калктын 60,6 пайызы (болжол менен 851 миллион адам) 16 жаштан 59 жашка чейинки эмгекке жарамдуу куракта. 60 жаштан ашкан адамдардын үлүшү 23 пайызга (болжол менен 323 миллион) жеткен, алардын 15,9 пайызы (болжол менен 223 миллион) 65 жана андан жогорку курактагы жарандар. Кытайдын калкынын саны төртүнчү жыл катары менен азайып баратат. Адистер бул тенденцияны төрөлүүнүн туруктуу төмөндүгүнө, коомдун картайышына, турак жай жана билим берүү чыгымдарынын өсүшүнө жана жаштар арасындагы социалдык көз караштардын өзгөрүшүнө байланыштырышат.",24.kg,https://24.kg/kyrgyzcha/358372_kyitaydyin_kalkyi_2025-jyilyi_33_milliondon_ashyik_adamga_azaydyi/,,kyrgyz,0,high,,news_site
bb289714-fba6-4d25-ae93-641ee9f83a2a,Сакчылар корпусу Ормузда эки кеме кармалганын билдирди,"Ирандын Ислам революциясынын сакчылар корпусу “Ормуз кысыгынан жашыруун чыгууга” аракеттенген “мыйзам бузган эки кеме” кармалганын билдирди. Корпустун аскер күчтөрү шаршембидемаалымдагандай, кеп Израилге таандык MSC Francesca жана Epaminodes кемелери тууралуу жүрүүдө. Алар “уруксат албастан” чыгып баратканы, буга чейин да эреже бузганы, навигациялык системанын ишине кийлигишүү жана деңиз кыймылынын коопсуздугуна коркунуч жаратканы үчүн айыпталууда. Кемелер ташып бараткан жүктү жана документтерин текшерүү үчүн Ирандын аймагына жөнөтүлгөнү кабарланды. Ушул эле күнү Ирандын мамлекеттик медиасы куралдуу күчтөр өлкөнүн жээгинде жүк ташыган үч кеме чабуулга кабылып, керектен чыгарылганын билдиришкен. Сакчылар корпусу АКШ менен Израил чабуул баштаган 28-февралда Ормуз кысыгын кемелер менен мунай танкерлери үчүн жаап салган. Ок атышууну токтотуу макулдашуусунан кийин, 17-апрелде ачып, көп өтпөй кайра жапкан. Анын алдында АКШ менен Ирандын сүйлөшүүлөрү майнапсыз аяктаганда америкалык аскерлер ирандык портторду бөгөттөгөн. Өткөн жекшембиде АКШ Ирандын желеги астында сүзгөн жүк ташуучу Touska кемеси кармалганын билдирген.",azattyk.org,https://www.azattyk.org/a/33738045.html,2026-04-22T19:36:50+06:00,kyrgyz,0,high,,news_site
f2a1a3ef-d210-4a74-9957-88d08f3f15f1,"Исламабадда делегациялар ""бетме-бет"" сүйлөшүп  жатканын Ак үйдүн өкүлү билдирди","Исламабадда АКШнын, Ирандын жана Пакистандынделегацияларыбир бөлмөдө ""бетме-бет"" сүйлөшүп жатканын Ак үйдүн өкүлү билдирди. Буга чейин сүйлөшүүлөрдүн бир нече айлампасы өтүп, анда делегациялар эки башка отуруп, ортомчулар тараптарга маалымат жеткирип турган. Исламабаддагы сүйлөшүү кандай форматта болору алдын ала белгисиз эле. Бул 1979-жылдагы Ислам революциясынан берки Вашингтон менен Тегеран ортосундагы эң жогорку деңгээлдеги сүйлөшүүдөн жана 2015-жылкы Ирандын өзөктүк программасы боюнча келишимге жетишилгенден берки эки тараптын ортосундагы биринчи расмий сүйлөшүүлөр болуп калмакчы. Пакистан баш калаасындагы жолугушуу Израил менен АКШ Иранга каршы аскердик операция баштаган маалда өтүп жатат. АКШнын лидери Дональд Трамп анын башкы максаты Тегерандын өзөктүк куралга ээ болушуна жол бербөө экенин айткан. Иран жооп чара иретинде Перс булуңундагы америкалык аскер базалары жайгашкан өлкөлөргө жана Израилге сокку уруп, Ормуз кысыгын жаап салды.",azattyk.org,https://www.azattyk.org/a/33730080.html,2026-04-11T22:10:42+06:00,kyrgyz,0,high,,news_site
994480b9-17a6-43e7-9e4d-8c6480e0cf97,16 жашка чейинки балдары бар аз камсыз болгон үй-бүлөлөргө жөлөкпул берүү механизмине өзгөртүү киргизилди,"Үй-бүлө муктаждыгын аныктоодо кепилденген минималдуу киреше 1000 сомдон 1500 сомго жогорулатылды Аз камсыз болгон, 16 жашка чейинки балдары бар үй-бүлөлөргө берилүүчү “үй-бүлөгө көмөк” жөлөкпулун берүү механизмин кеңейтүү жана анын даректүүлүгүн жакшыртуу максатында 2026-жылдын 10-апрелинде Кыргыз Республикасынын Министрлер Кабинетинин №242 токтому кабыл алынды. Бул тууралуу Эмгек, социалдык камсыздоо жана миграция министрлигинден билдиришти. Аталган токтомго ылайык, жеңил автоунааны пайдалануу мөөнөтү 20 жылдан 15 жылга чейин (заводдон чыгарылган жылы кошо эсептелет) кыскартылды. Ошондой эле, аз камсыз болгон үй-бүлөлөр эгерде жеке менчигинде бир турак жайы болсо, “үй-бүлөгө көмөк” жөлөкпулун ала ала турганы белгиленди. Ал эми эки же андан көп турак жайы бар үй-бүлөлөргө бул жөлөкпул берилбей тургандыгы белгиленди. Мындан тышкары, үй-бүлөлөрдүн муктаждыгын аныктоодо колдонулуучу кепилденген минималдуу киреше 1000 сомдон 1500 сомго жогорулатылды. Бул өзгөртүүлөр 2026-жылдын 1-сентябрынан тартып күчүнө кирет. Белгилей кетсек, эгер жаран райондук коэффициент белгиленген калктуу конуштарда жашаса, анда “үй-бүлөгө көмөк” жөлөкпулу райондук коэффициентти эске алуу менен төлөнөт. фото www",vesti.kg,https://vesti.kg/kg/koom/item/149824-16-zhashka-chejinki-baldary-bar-az-kamsyz-bolgon-j-b-l-l-rg-zh-l-kpul-ber-mekhanizmine-zg-rt-kirgizildi.html,2026-04-23T12:05:57+06:00,kyrgyz,0,high,,news_site
4a53bda5-7b5e-451f-9939-e8bedf5f0e1c,1.Цитата:“Биз жакырчылык синдромунан эбак эле арылганбыз!Мамлекетибиз бутуна бекем турат. Буга далил—бюджеттин өскөнү! Министрлер кабинети  менен Жогорку Кенеш 2021-2022-жылкы сессияда мыкты иштеди”.,"Factcheck.kgредакциясына вице-премьер-министр Эдил Байсаловдун билдирүүлөрүн текшерүү өтүнүчү менен окурман кайрылды. Эске салсак, буга чейин редакция өлкө башчысы Садыр Жапаровдунсөзүнөсаресеп салып, манипуляция жана жалган маалыматты аныктаса, УКМК төрагасынын билдирүүсүндө коркутуу, үркүтүүлөрайтылганын жазган. Бул сапар Эдил Байсаловдун билдирүүлөрүндө эмнеге басым жасаларын  текшерип көрдүк. 1.Цитата:“Биз жакырчылык синдромунан эбак эле арылганбыз!Мамлекетибиз бутуна бекем турат. Буга далил—бюджеттин өскөнү! Министрлер кабинети  менен Жогорку Кенеш 2021-2022-жылкы сессияда мыкты иштеди”. Жыйынтык:жалган маалымат жана манипуляция. Улуттук статистика комитети жыл сайын бюджеттин өсүшүнмаалымдайт. Бирок, ага карабай, расмий статистикага ылайык, ар бир төртүнчү кыргызстандык өлкөдө кедей болупсаналат. Кыргызстанда жакырчылыктын деңгээли 2020-жылдын акырына карата (Улуттук статистикалык комитеттин акыркы маалыматы боюнча) 25,3%ды түзөт. Мындан тышкары, 2019-жылга салыштырмалуу 2020-жылы өлкөдө өтө жакыр адамдардын саны39,3%га өскөн. Ал эми өлкөнүн тышкы карызы жылсайын өсүүдө. Бюджетке көмөк көрсөтүү максатында бийлик насыя менен гранттарды алууну токтоткон жок.Акыркы 4 жылда эл аралык каржы институттары жана донор өлкөлөр менен жалпы суммасы 2 миллиард 455 миллион долларды түзгөн89 келишимге кол коюлган. Байсаловдун кедейликтен арылуунун себеби катары бюджеттин өсүшүн жана министрлер кабинети менен парламенттин «мыкты» ишин  жүйө келтириши манипуляциянын “логикалык ката” аттуу түрүнө кирет. Логикалык ката– бул логикалык ой жүгүртүүдө кетирилген ката. Аны камтыган ар бир аргумент чындык деп эсептелбейт, бирок кээ бир адамдар үчүн ар кандай себептерден улам мындай аргументтер ынандырарлык болуп көрүнөт. 2. Цитата:«Биздин эки-үч ММКнын башкы редакторлору күн сайын жана саат сайын элибизди стресс абалына, чыныгы маалыматтык террорго салып жатышат. Бүтүндөй өлкө толкундануунун, кыжырдануунун, коркуунун жана жөн эле жалпы жек көрүүнүн абалына баткан бир дагы өлкө дүйнөдө жок». Өлкөдөгү медиа сабаттуулуктун абалы боюнча жүргүзүлгөнизилдөөгөылайык, маалымат агенттиктеринин сайттарында жарыяланган өлкөдө болуп жаткан бардык жаңылыктар бул сайттардын жалпы мазмунунун жарымынан азын гана ээлейт. Мындан тышкары, сурамжылоонун жыйынтыгында респонденттердин 57%ы смартфондорунан теле-шоулорду, тасмаларды, сериалдарды такай көрөрүн аныктаган. Изилдөө көрсөткөндөй, контенттин бир дагы түрү бүтүндөй калкты камтый албайт. ММКлар күн сайын, саат сайын жалпы элибизди стресс абалына салып жатканы тууралуу айткан  Байсалов маселенин масштабын көбөйттү. Анын үстүнө окурмандарды жасалма түрдө массалык маалымат каражаттарына каршы коюп, ММКларды аёосуз душманга айлантуу аракетин көрдү. Жыйынтык:манипуляция–масштабды бурмалоо, душманды шайтанга айлантуу. Масштабды бурмалоо –окуялардын реалдуу масштабын анын маанисин төмөндөтүү же апыртуу максатында өзгөртүү. Душманды шайтанга айлантуу –жалган же текшерилбеген айыптоолорду колдонуу менен каршылашын (мында ММКларды) «адамгерчиликсиз», адепсиз, ырайымсыз ж.б. кылып көрсөтүү. 3. Цитата: “Мына, TemirovLive’дын балдары өткөндө төш кагып Ташиевдер тендерди утуп баштады(!!!) деди эле. Эми алар өз сөзүн төгүндөп атышат. Көрсө, [Ташиевдер]күйүүчү жана майлоочу майларды мурун эле жеткирчү экен”(автордун орфографиясы жана пунктуациясы сакталды–  ред). Ну вот. Ребятки с@TemirovLiveв прошлый раз громогласно объявили: “Ташиевы начали(!!!) выигрывать тендеры”. Теперь они вот сами себя опровергают. Оказывается, они и раньше поставляли ГСМ. ЧТД. ??‍♂️https://t.co/4f95wlntPz — Edil Baisalov (@baisalov)May 10, 2022 Temirov Liveиликтөөсүндө жалпы Ташиевдер туурасында эмес, алардынуулдарытууралуу кеп кылган. Журналисттер УКМК төрагасы Камчыбек Ташиевдин уулу Тай-Мурас быйыл жыл башында мамлекеттик сатып алуулар порталына катталып, тендерлерден утуп ала баштаганын ачыкка чыгарышкан. Мындан тышкары, 2022-жылдын апрель айында мамлекеттик сатып алуулар сайтына катталган Шаирбек Ташиевдин 19 жаштагы уулу тендерлерге катышууну көздөп жатканы белгилүү болгон. Демек, иликтөө жалпы үй-бүлө эмес, Ташиевдердин уулдары тууралуу жасалган. Жыйынтык:манипуляция – тандалма чындык. Тандалма чындык – чындыктын манипулаторго керектүү бөлүгүн гана айтып, ал эми калган бөлүгү тууралуу үн катпоо. 4.",factcheck.kg,https://factcheck.kg/ky/https-factcheck-kg-blestyashhij-fantik-i-igra-s-mashtabom-kak-manipuliruet-edil-bajsalov-faktchek/,,kyrgyz,1,0.56,https://factcheck.kg/ky/https-factcheck-kg-blestyashhij-fantik-i-igra-s-mashtabom-kak-manipuliruet-edil-bajsalov-faktchek/,fact_check
fc4d1fb3-58d4-4eb2-897e-9d11cb95a85e,"«Бул билдирүүлөр жалган. Жооптуу шаардык кызматтар билим берүү мекемелеринде коопсуздукту камсыздоо боюнча комплекстүү иш-чараларды жүргүзүүдө», – деп билдирген Анапанын муниципалдык башкаруу борборуTelegram’да. [split]","Жооптуу шаардык кызматтар билим берүү мекемелеринде коопсуздукту камсыздоо боюнча комплекстүү иш-чараларды жүргүзүүдө», – деп билдирген Анапанын муниципалдык башкаруу борборуTelegram’да. Ушундай эле билдирүүлөр Воронеж шаарынын (Орусия) чаттарындабайкалган. Шаардык мэриянын басма сөз кызматы бул маалымат жалган экенин билдирген. Андан сырткары жардыргыч заты бар кол чырактар тууралуу билдирүүБрест облусунда(Беларусь),ЭнергодардажанаХарьков облусунда(Украина) коомдук тармактарда таркатылган. Бул билдирүүнү Харьков облусуна караштуу Первомайский шаарынын мэриясы да төгүндөгөн. Тыянак: калп.Бул билдирүү Кыргызстандын аймагынан сырткары чет өлкөлөрдө да кеңири таркатылып келет. Аны расмий органдар бир нече жолу төгүндөшкөн.",factcheck.kg,https://factcheck.kg/ky/v-kyrgyzstane-razbrasyvayut-fonariki-so-vzryvnymi-ustrojstvami-proveryaem/,,kyrgyz,1,0.64,https://factcheck.kg/ky/v-kyrgyzstane-razbrasyvayut-fonariki-so-vzryvnymi-ustrojstvami-proveryaem/,fact_check
2cbefaeb-edb7-4ff5-bc4c-bdd208160299,Азия чемпионаты: Экинчи күнү эки кыргызстандык балбан жарым финалга чыкты,"Кыргызстандык балбандар Раззак Бейшекеев менен Амантур Исмаилов Бишкекте өтүп жаткан грек-рим күрөшү боюнча Азия чемпионатынын жарым финалына чыгышты. Бул тууралуу UWW сайтында кабарланды. Раззак Бейшекеев 67 кг чейинки салмак категориясында күч сынашып, мелдешти чейрек финал баскычынан баштады. Алгачкы беттешинде Бейшекеев кореялык спортчу менен кез келип, 5:1 эсебинде ишенимдүү жеңишке жетти. Бейшекеевдин кийинки атаандашы ирандык спортчу болмокчу. Ал эми Амантур Исмаилов (72 кг чейин) Алматбек Аманбек (Казакстан) менен беттешет. Алар тиешелүүлүгүнө жараша Корея жана Индиянын өкүлдөрүн жеңишти. Финалдар бүгүн кечинде аныкталат. Белгилей кетсек, ушул күндөрү Бишкектеги «Жаштык» аренада спорттук күрөш боюнча Азия чемпионаты өтүп жатат. Мелдешке жалпысынан 350гө жакын балбан катышып, 30 комплект медаль ойнотулууда.",24.kg,https://24.kg/kyrgyzcha/369350_aziya_chempionatyi_ekinchi_kunu_eki_kyirgyizstandyik_balban_jaryim_finalga_chyiktyi/,,kyrgyz,0,high,,news_site
272a5dec-5e43-494a-ab8c-76b61757e89b,Кыргызстандагы 773 айылга таза суу менен камсыздоо системасы орнотулат,"Суу ресурстары, айыл чарба жана кайра иштетүү өнөр жайы министрлигине караштуу Ичүүчү суу менен камсыздоону жана саркынды сууларды чыгарууну өнүктүрүү департаменти тарабынан өлкө боюнча 773 айылда таза суу долбоорлорун ишке ашыруу каралууда. Бекитилген жумуш планына ылайык, учурдагы учурда ишке ашыруу этаптары боюнча объектилердин бөлүштүрүлүшү төмөнкүдөй:",24.kg,https://24.kg/kyrgyzcha/366709_kyirgyizstandagyi_773_ayyilga_taza_suu_menen_kamsyizdoo_sistemasyi_ornotulat/,,kyrgyz,0,high,,news_site
95e13ebf-0982-4373-b752-80bc751b075e,Этият болуңуздар. Кыргызстанда кенелердин сезону башталды,"Аба ырайынын жылуу болушу менен өлкөдө кенелердин сезону башталып, курт-кумурскалардын чагуусу боюнча 17 учур катталды. Бул тууралуу Оорулардын алдын алуу жана мамлекеттик санитардык-эпидемиологиялык көзөмөл департаменти 24.kg маалымат агенттигине билдирди. Адистердин айтымында, чагуу учурлары Бишкек, Чүй жана Ысык-Көл облустарында катталган. Адатта, кенелердин активдүүлүгүнүн биринчи туу чокусу апрель айынын аягында — май айынын башында болуп, ал эми экинчи туу чокусу август — сентябрь айларында болот. Бирок, баардыгы аба ырайына байланыштуу. Департамент кене көп кездешкен аймактарга барганда баарына сактык чараларын көрүүнү эскертет: Кене чаккан жер бир катар кооптуу ооруларга алып келиши мүмкүн. Алардын эң катаалы — кене энцефалити. Бул оору борбордук нерв системасына таасир этет жана узак мөөнөттүү майыптыктан өлүмгө чейин оор кесепеттерге алып келиши мүмкүн. Кене чагуу коркунучун азайтуу үчүн: Эгер денеңизден кене тапсаңыз, аны мүмкүн болушунча тезирээк алып салыңыз. Ал үчүн учтары ичке пинцет колдонуңуз: кенени мүмкүн болушунча териге жакын кармап, акырын кыймылдатпай, түз өйдө тартыңыз. Ошондой эле жип колдонсоңуз болот (бекем жипти кененин тумшугуна мүмкүн болушунча жакын түйүнгө байлап, андан кийин акырын кыймылдатып, түз өйдө тартыңыз). Андан кийин чаккан жерди антисептик (йод, спирт) менен тазалап, колуңузду самын менен жууп коюңуз. Кенени кичинекей банкада же баштыкта ​​сактап, кенеден оору жуккан-жукпаганын аныктоо үчүн жергиликтүү санитардык-эпидемиологиялык кызматка кайрылуу сунушталат.",24.kg,https://24.kg/kyrgyzcha/367997_etiyat_bolunuzdar_kyirgyizstanda_kenelerdin_sezonu_bashtaldyi/,,kyrgyz,0,high,,news_site
4b01cb80-e51f-4b76-86ba-1a02b63c4d84,Түркияда 27-28 мартта эл аралык трейл жарышы Alanya Ultra Trail өтөт,"Трейл-жарыш Антальянын жашыруун бермети саналган Аланьяда өтмөкчү Түркия ар түрдүү спорт тармактарында өткөрүлгөн эл аралык деңгээлдеги иш-чаралардын санынын өсүшү менен дүйнөнүн булуң-бурчунан келген спортчуларды жана күйөрмандарды өзүнө тартып келет. Түрк Ривьерасынын жүрөгүндө жайгашкан Анталья таза пляждары, жумшак климаты, бай маданий мурасы жана суу менен тоо спорту боюнча кеңири мүмкүнчүлүктөрү менен жыл сайын миллиондогон конокторду тосуп алат. Шаардын жашыруун бермети саналган Аланья 27–28-март күндөрү дагы бир жолу Alanya Ultra Trail жарышын өткөрөт. Бул жарыш Жер Ортолук деңизинин жылуу жээги менен Тавр тоолорунун салкын чокуларынын ортосунда жайгашкан керемет маршруттар аркылуу өтөт. Alanya Ultra Trail — 2017-жылы негизделгенден бери 34 өлкөдөн келген 700дөн ашык спортчуну кабыл алган эл аралык деңгээлде таанылган трейл жарышы. Эл аралык трейл чуркоо ассоциациясы (ITRA) тарабынан таанылган бул иш-чара Антальянын өзгөчө географиясын, бай маданий мурасын жана табият менен айкалышкан жашоо образын көрсөтүп турат. “Tradition to Trail” урааны менен өтө турган 2026-жылдагы жарыш Түркиянын Туризмди өнүктүрүү жана өнүктүрүү агенттигинин (TGA) жана Жаштар жана спорт министрлигинин колдоосу менен, ошондой эле бир катар өнөктөштөрдүн катышуусунда уюштурулууда. Жарыш Антальяны изилдөөгө шыктандырган укмуштуу спорттук окуя гана эмес, ошондой эле табият менен жакындан таанышууга мүмкүнчүлүк берген өзгөчө тажрыйба болуп саналат. Салттан трассага Alanya Ultra Trail жарышы эркин руху жана чыдамкайлыгы менен белгилүү болгон көчмөн түрк уруулары — йөрүктөр колдонгон байыркы көч жолдорунда өтөт. Бул туруктуулукту жана эркиндикти символдоштурган дух бүгүнкү күндө да жарышта сезилет: катышуучулар бир эле жарышта төрт мезгилди сезүүгө мүмкүн болгон татаал маршруттарда күч сынашат. Маршруттар Тавр тоолорунун кар баскан чокуларынан башталып, дүйнөгө белгилүү Клеопатра пляжына чейин созулат. Жолдо спортчулар тарыхый кербен жолдорун, көп кылымдык Аланья кемежайын, Аланья чебин, кооз тоо жайлоолорун жана табияттын укмуш пейзаждарын басып өтүшөт. Жарыштын негизги жана эң узак этабы — 68 км Alanya Ultra Trail (AUT) маршруту. Мындан тышкары, жарыш программасына төмөнкү этаптар кирет: • 42 км Taurus Mountain Trail (TMT) • 27 км Keykubat Mountain Run (KMR) • 18 км Cleopatra Short Trail (CST) • 5 км Alanya Castle Run (ACR) AUT маршруту Дамлаташ үңкүрүнүн жана дүйнөгө белгилүү Клеопатра пляжынын жанынан башталат. Андан соң спортчулар Топхане, Кызыл Куле (Кызыл мунара), кемежай, Эсат бастиону, Бедестен жана Аланья чеби сыяктуу тарыхый жайлардан өтүшөт. Кыска аралыкта шаар көчөлөрү аркылуу өткөндөн кийин жарыш Тавр тоолоруна көтөрүлүп, кайра Клеопатра пляжында аяктайт. Ал эми TMT, KMR, CST жана ACR этаптары AUT менен бирдей маршруттан башталат, бирок белгиленген чекиттерде кайрылып, аралык кыскартылат. TMT жарышында катышуучулар 24-чакырымда бурулуп кайтышат, KMR болсо 16-чакырымда негизги трассадан бөлүнөт. CST маршруту 9-чакырымга чейин бирдей жолду карманып, ал эми ACR — жаратылышты сүйгөндөр үчүн даярдалган 5 км кооз кыска маршрут. Антальянын жашыруун бермети: Аланья Жер Ортолук деңизинин жээгинде жайгашкан Түркиянын туризм борбору Анталья жыл бою күн нуру, бай тарых жана таза пляждары менен белгилүү. Антальянын чыгыш тарабында жайгашкан Аланья жаратылыштын кооздугун, тарыхый эстеликтерди жана жандуу түнкү жашоону бириктирген өзгөчө курорттук шаар болуп саналат. XIII кылымда селжуктар тарабынан бекемделген шаар катары негизделген Аланьянын символу — жакшы сакталган Аланья чеби. Аска үстүндө жайгашкан бул чептен укмуш панорамалык көрүнүштөр ачылат. Чептен деңизге карай түшкөн тар көчөлөр бакчалар менен курчалган салттуу үйлөрдүн арасынан өтөт. Шаардын маанилүү тарыхый жайларынын катарына байыркы кемежай жана коргонуу максатында курулган сегиз бурчтуу Кызыл Куле кирет. Бүгүнкү күндө бул мунара этнографиялык музей катары иштейт. Аланья ошондой эле жаратылыш кереметтери менен да белгилүү. Алардын катарына Көк желек сыйлыгына ээ Инжекум жана Клеопатра пляждары, Сападере капчыгайы, Дим жана Дамлаташ үңкүрлөрү, Дим суусу жана Дерекөй жайлоосу кирет.Тарых жана жаратылыш менен катар Аланья бай гастрономиясы менен да белгилүү. Көчө даамдарынын арасында гёзлеме (ичи толтурулган жука нан) популярдуу болсо, ресторандарда Жер Ортолук деңизинин ашканасы сунушталат. Жаңы кармалган балык жана осьминог грильде даярдалып, мезелер, тахини кошулган пияз салаты жана жергиликтүү ак шараптар менен берилет. Ошондой эле чобан кавурма сыяктуу салттуу эт тамактары аймактык рецепттерди чагылдырат. Аланьянын жандуу түнкү жашоосу — барлар, музыка жана көңүл ачуу жайлары менен — күн баткандан кийин да шаардын энергиясы токтобой улана турганын көрсөтөт.",vesti.kg,https://vesti.kg/kg/dujnede/item/148750-turkiyada-27-28-martta-el-aralyk-trejl-zharyshy-alanya-ultra-trail-otot.html,2026-03-11T14:49:02+06:00,kyrgyz,0,high,,news_site
2d8126d6-ce22-4500-87c0-cff8f6a7aa91,Internet-кайгуул. Тыюу салынган уюмдардын фейктери. Хизб ут тахрир. 2-бөлүм,Биз мурунку бөлүмдө Кыргызстанда ишмердүүлүгү тыюу салынган Хизб ут Тахрир уюмуна иштеген Фейсбуктагы фейк аккаунттардын бетин ачканбыз.,factcheck.kg,https://factcheck.kg/ky/internet-patrul-fejki-zapreshhennyh-organizaczij-hizb-ut-tahrir-chast-2/,,kyrgyz,1,0.75,https://factcheck.kg/ky/internet-patrul-fejki-zapreshhennyh-organizaczij-hizb-ut-tahrir-chast-2/,fact_check
f31d62bc-f533-46a8-97c1-02c95f81ddd2,Атомдук энергия боюнча эл аралык агенттик (МАГАТЭ) Запорожьедеги АЭСке бара алабы? [split],"Украина өз кезегинде МАГАТЭден дүйнө коомчулугуна кайрылып атомдук станциядан баскынчыларды чыгарууну жана уюмдун жетекчилик кызматтарынан орусиялыктардычеттетүүнүталап кылууда. Анын ордуна эл аралык уюм Украина аларды Запорожье АЭСине келүүгө чакырып жатат деп жалган билдирүүтараткан. Мунун айынан МАГАТЭ бул маселе боюнча Орусиянын пайдасына иш жүргүзүп жатат деп эсептеген Украина уюмдун делегациясы Запорожье АЭСине келип абал тууралуу шектүү жыйынтыктарды чыгаруусун каалабайт. Эскерте кетсек, июнь айында баскынчылар атомдук электр станциянын аймагында ядердик коопсуздукка коркунуч жаратып жатканына карабастан реактивдүү залптык ок атуучу “Смерч» менен «Град» тутумдарын, танк жана брондолгон транспортерлордужайгаштырганэле.  Алар ЗАЭСти калкан катары колдонууда. Анткени Куралдуу аба күчтөрү ага ок ат албайт. Июль айынан бери станциядан Никополь шаарын түн сайын “Смерч» жана «Град» мененаткылапбашташкан. Бүтүм: манипуляцияжанапропаганда.Фейкти «төгүндөөнүн» өзү да фейк.",factcheck.kg,https://factcheck.kg/ky/mozhet-li-magate-posetit-zaporozhskuyu-aes/,,kyrgyz,1,0.75,https://factcheck.kg/ky/mozhet-li-magate-posetit-zaporozhskuyu-aes/,fact_check
4c45fa8e-9fc5-40c6-a93e-eb78a3911630,Орусияда кытайлык жумушчулар нааразылык акциясына чыкты,"Жекшемби күнү эртең менен Орусиянын Комсомольск-на-Амуре шаарында жүзгө чукул кытайлык жумушчулар акцияга чыгышты. Алар шаардын көчөлөрү менен Орусия президенти Владимир Путинден жана ""Роснефть"" компаниясынын башчысы Игорь Сечинден жардам сурап, кытайча жана орусча жазылган плакаттарды көтөрүпөтүштү.Марштан соң алар Первостроители проспектисиндеги газондорго жана жол жээгинде отурушту.Алар ""Роснефть"" ишканасынын мунай заводу менен катар жайгашкан ""Петро-Хэхуа"" компаниясынын куруучулары экени айтылды.Шаар башчысы Дмитрий Заплутаев кытайлык жумушчулардын максаты айлык акы төлөнбөй жатканына көңүл бурдуруу экенинбилдирди. Кийинчерээк прокурорлор текшерүү баштаганыкабарланды.Марштын катышуучулары кармалган жок. Аларды кармоо үчүн келген автобустар бош кайтып кетишти.Комсомольск-на-Амуре шаарында кытайлык жумушчулар айлык акы төлөнбөгөнү үчүн 2021-жылы да нааразылык акциясына чыгышкан.",azattyk.org,https://www.azattyk.org/a/33730511.html,2026-04-12T17:15:26+06:00,kyrgyz,0,high,,news_site
f8d96aa1-c42c-4a12-b7c2-ecb9ad29bfe7,Израилдин соккусунан Ливанда 14 киши мерт болду,"Ливандын бийликтери жекшембиде Израилдин аба соккуларынан 14 киши каза болуп, дагы 37 адам жараат алганын кабарлашты. Анын алдында Израил Ливандын жети калаасынын жашоочуларын ""буфердик зонадан"" чыгып кетүүгө үндөп, эскертүү тараткан. Ливандын Саламаттыкты сактоо министрлиги өлгөндөр арасында эки жаш бала, эки аял бар экенин, Израил өзү тараптан бир аскер мерт болгонун билдиришти. Израил армиясы ""ок атуууну токтотуу келишиминин шарттарын бузду"" деп Батышта террорчул уюм деп таанылган ХАМАСты айыптап, жети калаанын тургундарын түндүк жана батыш тарапка көчүп кетүүгө үндөгөн. ХАМАСтын аскерлери негизинен Израил аскердик операция жүргүзүп жаткан Ливандын түштүк тарабында жайгашкан.",azattyk.org,https://www.azattyk.org/a/33743403.html,2026-04-27T16:14:38+06:00,kyrgyz,0,high,,news_site
30b9db96-d71b-43db-8b11-e160d5dafd59,Матраимов Абрамовичтин футбол клубун сатып алабы? [split],"Андан соң, тасманын оригиналын интернеттен издейбиз. Экрандын төмөнкү бурчунда RT (Russia Today) белгисин көрсө болот. Андыктан, Russia Today каналынын тасмаларынyoutube.comсайтынан карайбыз. Тасмалардын арасынан биз текшерген сюжеттин оригиналын таап чыгабыз. Андагы алып баруучу менен айрым кадрлар Матраимов тууралуу тасмага куюп койгондой окшош. Сюжеттин аталышы  Former electrician grabs ‘Russia’s Richest’ crown («Россияда эң бай адам – мурдагы электрик»). Жаңылык 2010-жылдын 15-февралында жарык көргөн. Сюжетте россиялык эң бай адамдар тууралуу кеп болгон. Тизмектин сап башында  мурдагы электрик, учурдагы олигарх Владимир Лисин. Алып баруучу Лисиндин мүлкү 19 миллиард сомду түзөрүн жана ал Finance журналынын рейтингинде россиялык эң бай адам экенин кабарлаган. Ал эми былтыркы жылдын жыйынтыгы боюнча тизмектин сап башындагы Михаил Прохоров быйыл экинчиликти алганы, ал эми үчүнчү орунда  «Челси» футболдук клубунун ээси Роман Абрамович тураары айтылган. Фейк-видеонун авторлору тасманын монтаждап, үн коштогон. оригинал тасманын кадры Матраимов тууралуу сюжеттин кадры",factcheck.kg,https://factcheck.kg/ky/dejstvitelno-li-matraimov-sobiraetsya-kupit-futbolnyj-klub-chelsi/,,kyrgyz,1,0.56,https://factcheck.kg/ky/dejstvitelno-li-matraimov-sobiraetsya-kupit-futbolnyj-klub-chelsi/,fact_check
2a639b00-bac3-4e77-a2cf-f99cd6c22723,Жаны кулинардык доор: Каппадокиядагы Michelin жылдуздуу ресторандар,"MICHELIN гидинин Түркиядагы жолу 2022-жылы İstanbul 2023 тандоосунун жарыяланышы менен башталган. Кийинчерээк бул абройлуу гид Измир жана Мугла аймактарын камтып, 2025-жылы Каппадокияны да өз тизмесине кошту. Бул кадам Түркиянын бай жана көп түрдүү гастрономиялык мурасын эл аралык деңгээлде таанытуудагы дагы бир маанилүү этап болду. Жомоктогудай таш мунаралары, байыркы үңкүр үйлөрү жана аба шарлары менен дүйнөгө таанылган Каппадокия MICHELIN гидине 18 ресторан менен кирди. Жаңы MICHELIN жылдыздарына ээ болгон жайлар, жергиликтүү азыктарга өзгөчө басым жасоо, Анадолунун кылымдардан бери келе жаткан рецепттерин заманбап ыкмада кайра чечмелеген ашпозчулар жана туруктуулукка багытталган көз караш аймакты Түркиянын эң кызыктуу гастрономиялык багыттарынын бирине айландырды. Жер, салт жана чеберчилик менен калыптанган даамдар Каппадокия укмуштуу саякаттары менен катар унутулгус кулинардык тажрыйбаларды сунуштап, аны өзгөчө гастрономиялык багыт катары айырмалап турат. Жергиликтүү тамак-аштар кылымдар бою сакталып келген рецепттер, ачык отто бышыруу ыкмалары, жанар тоо топурагында өстүрүлгөн органикалык азыктар жана жакынкы жүзүмзарлардан алынган жыттуу жүзүмдөр аркылуу даярдалат. MICHELIN гидинин тандоосу аймактын гастрономиялык мүмкүнчүлүгүнүн жогору экенин айкын көрсөтөт. Бул таанылуу MICHELIN жылдызы жана Жашыл жылдыз менен гана чектелбейт. Каппадокияда ошондой элеBibGourmandжана MICHELIN сунуштаган ресторандардын кеңири тизмеси бар. Алардын арасында аялдар кооперативдери, үй-бүлөлүк ишканалар жана муундан муунга салтын сактап келген жергиликтүү ашканалар да орун алган. Бул ресторандар конокторду аймактын табияты, жергиликтүү өндүрүүчүлөрү жана нукура даамдары менен байланыштырган өзгөчө гастрономиялык саякатты түзөт. Тамыры тереңде жаткан Каппадокия ашканасы Каппадокиянын керемет пейзаждары гана эмес, анын жери мол жана ар түрдүү даамдардын булагы болуп саналат. Аймактагы ресторандарда ар бир табакта жергиликтүү байлык жана даамдардын көп түрдүүлүгү сезилет. Маселен, өрүк кошулган жумшак таттуу шорполор же ашкабактын уругу менен берилген үйдө жасалганэриштечыныгы “талаадан дасторконго” философиясын чагылдырат. Каппадокиянын ашканасы түрк жана анадолу салттарына терең тамырлаш. Ошондуктан салттуу ыкмалар менен даярдалган тамактар аймактын тарыхы аркылуу өзгөчө даамдык саякат тартуулайт. Алардын ичинентести кебабыКаппадокия сапарынын эң унутулгус символу болуп саналат. Авaнос шаарында жасалган чопо идиштерде бышырылып, тандыр мешинде жай кайнаган бул тамак коноктордун көз алдында идиши сындырылып, ысык бойдон сунушталат. Ошондой эле отто жай бышкан өрүк эт тамагы —кайсы яхниси, эт, жаңгак жана татымалдар менен толтурулган айва, ак буурчак менен эттен даярдалганагпакласыяктуу тамактар сунушталат. Ашказан тойуинжир ягламасы, ашкабак таттуусу,долаз(май кошулган ун халвасы) жана Үргүп стилиндегиДамат баклавасысыяктуу өзгөчө таттуулар менен жыйынтыкталат. Niğde Mavisi жана үңкүрдө жетилгенDivleObrukсыры сыяктуу жергиликтүү даамдар аймактын шараптары менен мыкты айкалышат. Берекелүү жүзүмзарлар менен курчалган КаппадокияБогазкере, Наринжежана минералдуу даамы менен айырмаланганЭмиржүзүм сортторунан жасалган шараптары менен белгилүү. Мындан тышкары, коноктор жергиликтүү шарап заводдорунда экскурсияларга жана дегустацияларга катышып, бул маданиятты жакындан таанып-биле алышат.",vesti.kg,https://vesti.kg/kg/koom/item/147830-zhany-kulinardyk-door-kappadokiyadagy-michelin-zhylduzduu-restorandar.html,2026-02-10T14:48:13+06:00,kyrgyz,0,high,,news_site
b2d84177-a208-4755-ac1d-632e262854a1,«Кыргызфильмдин» тасмаларын уруксатсыз пайдаланууга тыюу салынат,"Төлөмүш Океев атындагы «Кыргызфильм» улуттук киностудиясынын тасмаларын автордук укук ээсинин макулдугусуз колдонууга жана таратууга тыюу салынат. Бул тууралуу бүгүн Маданият, маалымат, спорт жана жаштар саясаты министрлиги билдирди. Маалыматка ылайык, мыйзамдарда белгиленгендей, аудиовизуалдык чыгармалардын укук ээси аларды өндүргөн мекеме болуп эсептелет. Ошого байланыштуу фильмдерди кайра иштеп чыгуу, көрсөтүү, эфирге берүү, интернетте, социалдык тармактарда, стриминг жана башка платформаларда жайылтуу укук ээсине гана таандык. Буга байланыштуу «Кыргызфильм» медиарыноктун бардык катышуучуларын автордук укук талаптарын сактоого чакырып, мыйзам чегинде кызматташууга даяр экенин белгилейт. ""Уруксатсыз пайдалангандар мыйзам чегинде жоопкерчиликке тартылат"", - деп айтылат билдирүүдө.",24.kg,https://24.kg/kyrgyzcha/357843_kyirgyizfilmdin_tasmalaryin_uruksatsyiz_paydalanuuga_tyiyuu_salyinat/,,kyrgyz,0,high,,news_site
4ad15220-ba1a-4cec-993b-49d626abfa74,Орозо −2026: Бүгүн Кадыр түн белгиленет,"Бүгүн Кадыр түн 16-марттан 17-мартка караган түнү белгиленет. Бул тууралуу муфтияттын басма сөз кызматы билдирет. Кадыр түн ыйык Орозо айынын 26-күнүнөн 27-күнүнө караган түнү өткөрүлөт. Бул — Рамазан айынын акыркы он түнүнүн бири. Бул түндү жер шарындагы миллиарддаган мусулмандар чыдамсыздык менен күтүшөт. Анткени бул түн жылына бир гана жолу келип, анын баалуулугу 83 жылга тете. «Кадыр» деген сөз ислам окумуштуулары тарабынан ар түрдүү чечмеленген. Негизинен, «өтө кадырлуу, улуу түн» дегенди билдирет. Дагы бир чечмелөөдө «кысылуунун, тардыктын түнү» деп да айтылат. Бул ошол түнү жер бетине түшкөн сансыз периштелерге жер тардык кылары менен түшүндүрүлөт. Ислам түшүнүгүндө Кадыр түн — Куран түшүрүлгөн ыйык түн. Ошондуктан бул күнү мусулмандар Куран окуп, дуба кылып, ибадатка көбүрөөк көңүл бурушат.",24.kg,https://24.kg/kyrgyzcha/366052_orozo_2026_bugun_kadyir_tun_belgilenet/,,kyrgyz,0,high,,news_site
e260e26a-e659-4cf9-8a9b-b4a80f6e0d8f,“Искендер” ракета комплекстери Худжанд аэропортуна түшүрүлдү деген маалымат жалган [split],"Россиялык ЖМКлардын жана“Көзкарандысыз Мамлекеттер Шериктештигине мүчө мамлекеттердин Антитеррордук борборунун”маалыматынаылайык,2017-жылы Тажикстанда КМШ өлкөлөрүнүн антитеррордук окууларыболуп өткөн.  Ал үчүн Оренбург облусундагы Тоц ракеталык бригадаларынан россиялык оперативдүү-тактикалык “Искендер-М” ракета комплекстери Россиянын  Ан-124-100 “Руслан” самолеттору аркылуу жүктөлүп келинген. Жыйынтык: фейк. “Искендер” ракета комплекстери Худжанд аэропортуна түшүрүлдү деген маалымат жалган",factcheck.kg,https://factcheck.kg/ky/videofejk-s-raketnymi-kompleksami-iskander-v-aeroportu-tadzhikskogo-goroda-hudzhand/,,kyrgyz,1,0.75,https://factcheck.kg/ky/videofejk-s-raketnymi-kompleksami-iskander-v-aeroportu-tadzhikskogo-goroda-hudzhand/,fact_check
f8b0d462-a3a4-4c83-a1e0-819fe1a7aa5c,#Автордун көз карашы. Журналисттер арасындагы текебердик жана бой көтөрүү авторитардык мамлекеттин өнөктөштөрүбү?,"Журналисттик коомчулуктун атомизациясы авторитаризмдин өнүгүшүнө кандай салым кошо аларын түшүнүү Кыргызстандын медиа чөйрөсүндө чыр-чатактар ​​көбөйүүдө. Көрүнүктүү мисалдар катары жакында эле Kaktus.media сайтынын «Вечерний Бишкектин» жабылышы тууралуу билдирүүсү келтирилип, анын жыйынтыгында 50 миллион сомдук доо кеткен. Же болбосо “Азаттык” радиосунун сайтын мамлекет тарабынан жабуу, эсептерди жабуу жана маалыматтык ресурстун телерадио берүүлөрүн обого чыгаруудан баш тартуу менен толукталган. Бул окуялар кыргыз маалымат каражаттарынын ортосунда кошумча ажырымды жаратты. Көбүнчө журналисттер жогорку маяна же кандайдыр бир материалдык эмес артыкчылыктарды сунуш кылган редакцияда болуу бактысына ээ болгон кесиптештеринин текебер мамилесине туш болушат. Ар кандай саясий көз караштардын фонунда же медианын либералдык батышчыл ой жүгүртүүгө, орусиячыл же мамлекетчил идеяларга (кээде интуитивдик) таандык болушунун фонунда түшүнбөстүктөр жана чыр-чатактар ​​барган сайын көбөйүүдө.Жалпыга маалымдоо каражаттары биринчи кезекте коомдогу айрым окуялар жөнүндө жарандарга маалымат берүүгө багытталган конкреттүү социалдык институт экенин түшүнүү керек. Ошого карабастан, ЖМК да өз ээлерине акчалай да, кызыкдар тараптардын ишмердигине таасир этүүчү окуяларга карата коомдук пикирди калыптандыруу аркылуу да киреше ала турган бизнес. Бул журналистиканын дуалисттик мүнөзүн түзөт – редакциялар менчик ээлеринин кызыкчылыктары, коомдук керектөөлөр жана өздөрүнүн репутациясынын ортосунда тең салмактуулукту сактоого аргасыз. Албетте, Кыргыз Республикасында журналисттердин этикалык кодекси бар. Бул документте, мисалы, жеке кызыкчылык кесиптик ишмердүүлүктүн натыйжаларында чагылдырылбашы керектиги белгиленген. Чындыгында «төртүнчү бийликтин» жумушчулары кээде башка коомдук күчтөрдүн таламдарын эсепке алуу менен иштөөгө милдеттуу.Бул эки фактор мамлекеттик бийлик бутактары өз жашоосун жөнөкөйлөштүрө ала турган шарттарды түзөт. Бийлик атаандаштыгын тең салмактай алган журналистиканын алсырашы авторитардык, ал тургай тоталитардык режимдердин калыптанышына өбөлгө түзөт. Демек, коомдун ак ниет жана кайдыгер эмес өкүлү катары журналисттин милдети – өлкөнүн жөнөкөй жарандарынын маалыматчысы жана коргоочусу – өзүнүн негизги функциясын аткаруу үчүн оор шарттарда да мүмкүнчүлүктөрдү табуу.Ошентип, редакторлор менен айрым адистердин ортосундагы текебер жана достук мамилеси өз окурмандарына каршы иштейт. Постсоветтик мейкиндиктин көптөгөн өлкөлөрү эгемендүүлүктүн ондогон жылдарында эркиндиктеринин олуттуу бөлүгүн жоготкон шарттарда, атап айтканда, сөз жана маалымат каражаттарынын эркиндиги, саясий оппоненттерге кесиптештеринин араздашуусуна жардам берүү акылга сыйбайт.Кадимки басылманын кызматкери таасир эте албаган журналисттердин жашоосун татаалдаткан жагдайлар бар. Бирок коом үчүн иштөөнү өздөрүнүн кредосу катары тандап алган адамдардын коллективдери ортосундагы кесипкөйлүк жана этикалык мамиле – бул ар бир адам аткара ала турган жана аткарууга тийиш болгон милдет. Болбосо, өз кызыкчылыгы үчүн саясатка аралашкан айлакер оппортунисттер оңой эле “бөлүп ал, башкар” принцибине өтүшөт. Ошондо ММКнын жетекчилиги тарабынан берилген деңизге жолдомо же, мисалы, көрө албастык камсыздандыруу менен эч ким калбай калышы мүмкүн. Анткени көз карандысыз порталдардын жана басылмалардын 90% андай болбойт. Кара күчтөрдүн жашоосун жеңилдетпе.Александр Канунниковсүрөт www",vesti.kg,https://vesti.kg/kg/avtorduk-rakurs/item/108665-avtordun-koz-karashy-zhurnalistter-arasyndagy-tekeberdik-zhana-boj-kotoruu-avtoritardyk-mamlekettin-onoktoshtorubu.html,2023-01-18T15:57:59+06:00,kyrgyz,0,high,,news_site
5e163da2-0d89-45c4-ace5-4c5804d9d40e,Иранга кол салуу: Каза болгондордун саны 2 миң 76га жетти,"28-февралдан бери уланып келе жаткан Ирандагы АКШ менен Израилдин кол салууларынан каза болгондордун саны 2 миң 76га жетип, ал эми жаракат алгандардын саны 26 миң 500гө жетти. Бул тууралуу Катарда жайгашкан «Аль-Жазира» телеканалы Ирандын Саламаттыкты сактоо министрлигине шилтеме жасап билдиргендигин түркиялык ЖМКлары жазды. «Аль-Жазира» ошондой эле аймак боюнча каза болгондордун жана жаракат алгандардын санын жазган. Анда Ливанда 1 миң 345 адам, анын ичинде 125 бала каза болуп, 4 миң 40тан ашуун адам жаракат алганы, ал эми Бириккен Араб Эмираттарында (БАЭ) 12 адам каза болуп, 169 адам жаракат алганы айтылган. Мындан тышкары Иорданияда 20, Катарда 16 адам жаракат алганы, ал эми оккупацияланган Батыш Шериада 4, Бахрейнде 3, Сауд Арабиясында 2, Кувейтте 6, Оманда 3, Сирияда 4 жана Иракта 107ден ашык адам каза болгону айтылат. Ал эми Израилде 28 адам каза болгону, алардын бирөөнөн башкасынын баары жайкын тургундар экени, 3 миң 223 адам жаракат алганы белгиленген. Ошондой эле Ливанда 10 израилдик аскер каза болгону жазылды. Ал эми АКШнын 15 аскер каза болгону, 13ү согуштук аракеттерде, 2си согуштук эмес себептерден каза болгону, ошондой эле 200дөн ашык америкалык жаран жаракат алганы айтылган.",24.kg,https://24.kg/kyrgyzcha/368706_iranga_kol_saluu_kaza_bolgondordun_sanyi_2min_76ga_jetti/,,kyrgyz,0,high,,news_site
5b10cce6-433c-4bc9-b655-eb67823aa0b5,Жалган маалымат жана эмне үчүн эл аны менен бөлүшөт?,"Жалган маалымат (дезинформация, мисинформация) көптөгөн ар түрдүү маселелерди жаратат. Мисалы, COVID-19 пандемиясы саламаттык сактоо жаатындагы жалган маалыматтын таркатылышы жалпы коомдун жашоосуна кандай таасир этерин, ал эмес адамдын ден соолугуна, керек болсо өмүрүнө да коркунуч жаратарын көрсөттү. Андан сырткары дезмаалымат өлкөдөгү кырдаалды туруксуздаштырган, чек арадагы конфликтти курчуткан же шайлоо өнөктүгү учурунда шайлоонун жыйынтыгына чечүүчү таасир эте турган фактор боло алат. Дезмаалымат (англ. desinformation) – атайын, кайсы бир максатта таркатылган жалган маалымат. Мисмаалымат (англ. misinformation) – билбестиктен, адаштырайын деген максатты көздөбөстөн таркатылган жалган маалымат. Сорбонна университети жүргүзгөнизилдөөбоюнча, маалымат ашыкча көп болгондо жалган маалыматты таркатуу ыктымалдыгы өсөт. Изилдөөкөрсөткөндөй, жалган маалымат чын маалыматка караганда кыйла тезирээк таркайт. Изилдөөчүлөрдүн маалыматы боюнча, чын маалыматты адатынча 1000ге жакын адам окуйт, ал эми жалган маалыматты ошол эле кезде 1000ден 100 миңге чейин адам. Ошондой эле адамдар чын маалыматка караганда жалган маалымат менен 70%га көбүрөөк бөлүшүшөт. Изилдөөдө белгиленгендей, билими аздар, керектеп жаткан маалыматка сынчыл көз карашта болбогондор, санариптик сабаттуулугу төмөндөр жана кайсы бир саясий тарапка баш оту менен берилгендер, адатынча, жалган маалыматтын биринчи курмандыктары болот. Африкада жүргүзүлгөн башкаизилдөөдөжалган маалыматтын таркатылышы адамдагы альтруисттик сапатка (башкалар үчүн жан-дили менен кам жечүлүк, – кот. түш.), башкаларды жамандык тууралуу эскертүү каалоосуна байланыштуу болушу мүмкүн деп айтылат. Ошентип, ден соолукка байланыштуу дезмаалыматты таркатуунун себептери саясий дезмаалыматты таркатуунун себептеринен айырмаланат десек болот. Изилдөөчүлөр дагы аныктагандай, интернет колдонуучулар алардын көз карашына төп келген маалыматка ыкташат жана бирдей көз караштагылардын тобуна кошулганга умтулушат. Дүйнөдө дезмаалымат таркатылуучу негизги каналдар болуп мессенджерлер жана коомдук тармактар эсептелет. Кыргызстанда да ушундай көрүнүш байкалат, анткени ал көптөн бери дүйнөлүк маалымат мейкиндигинин бир бөлүгү болуп келет. Улуттук сурамжылоонунжыйынтыгыбоюнча, кыргызстандыктардын 72% жаңылыктар менен таанышыш үчүн интернетти колдонушат. Алар мессенджерлер менен медиа-кызматтардын арасынан WhatsApp’ка (79%), Instagram’га (68%) жана Facebook’ка (45%) артыкчылык көрсөтүшөт. Телеберүү Кыргызстандын көпчүлүк жарандары үчүн жаңылыктардын, башка маалыматтардын дагы бир маанилүү булагы бойдон калууда. Телеберүүнү көргөндөрдүн саны 2019-жылдагы 90%дан 2022-жылдагы 59%га чейин азайганы менен, баары бир аны дагы эле калктын жарымынан көбү көрүүдө. Белгилей кетүүчү жагдай, “Первый канал” жана “Россия 1” деген орусиялык негизги пропагандалык каналдар Кыргызстанда кеңири таркатылып келет – алар санариптик телеберүүнүн негизги пакетине киргизилген. Кыргызстанда пандемия учурунда гана Facebook’та көз жазгырып, дезмаалыматтарды таркатып жаткан 800дөн ашык жалган аккаунтбөгөттөлгөнболчу. Пандемиянын биринчи толкунунун башында жана ошондой эле парламенттик жана президенттик шайлоолор учурунда өзгөчө көп дезмаалыматтар пайда болгон. Жалган жаңылыктардын таркатылышы дайыма курч маселе болуп келет, бирок ошол эле учурда мектептеги программада медиасабаттуулук боюнча сабактар дагы эле каралган эмес. Дезмаалыматтар менен күрөшү жана калктын медиасабаттуулугун жогорулатуу милдети негизинен жалпыга маалымдооо каражаттарына жүктөлгөн. БУУнун докладындабелгиленгендей, жалган маалымат менен күрөшүү адам укуктарын коргоого жана урматтоого негизделген көп кырдуу аракеттерди талап кылат.",factcheck.kg,https://factcheck.kg/ky/fejkovaya-informacziya-i-pochemu-eyu-delyatsya/,,kyrgyz,1,0.78,https://factcheck.kg/ky/fejkovaya-informacziya-i-pochemu-eyu-delyatsya/,fact_check
1ffefea2-6173-4c66-b6be-b263c4f6d2dc,АКШ: Айдоочулук күбөлүк берүүчү жайдын жанынан борборазиялык  13 мигрант кармалды,"АКШнын Иммиграция жана бажы кызматы (ICE) Пенсильвания штатындагы айдоочулук күбөлүк берүү борборунун жанында Борбор Азиядан келген 13 мигрантты кармап кеткени маалым болду. Окуя Армстронг округундагы PennDOT айдоочулук күбөлүк берүү борборунун жанында болгонун АКШнын Ички коопсуздук департаментине (DHS) шилтеме кылып 11 News телеканалы билдирди. DHS өкүлү билдиргендей, иммиграциялык кызматкерлер ал жакка Чыгыш Франклин полициясынын чакыруусу менен барышкан. Себеби «тынчсызданган жарандар борбордун аймагында адаттан тыш көп адамдар топтолгонун» кабарлашкан. Кармалгандардын арасында Өзбекстан, Кыргызстан жана Түркмөнстандын жарандары бар. Алар АКШда мыйзамдуу жашоого уруксаты жок жүргөнү айтылды. Бийликтин маалыматына ылайык, кармалгандардын бири каршылык көрсөтүп, укук коргоо кызматкерине кол салганын 4ABC телеканалы кабарлады. Бул кармоолор АКШнын мыйзамсыз мигранттарды аныктоо жана өлкөсүнө кайтаруу боюнча кеңири саясатынын алкагында жүрүп жатат. 11-мартта АКШдан Өзбекстанга депортациялык каттам менен өлкөдө мыйзамдуу жүрүүгө укугу жок 72 адам кайтарылган. Буга чейин кыргызстандык мигранттын катышуусунда болгон ири жол кырсыгынан кийин бир нече трак компаниясы жана айдоочулукка окуткан мектептер жабылган.",azattyk.org,https://www.azattyk.org/a/33728417.html,2026-04-09T16:06:09+06:00,kyrgyz,0,high,,news_site
4cc7a669-daf6-4cff-8a7b-c5fa388c36bd,Элчи Руслан Казакбаев TÜSİAD башкармалыгынын төрагасы менен жолукту,"Кыргыз тарап конкреттүү инвестициялык долбоорлорду TÜSİAD мүчөлөрүнүн кароосуна сунуштады Кыргызстандын Түркиядагы элчиси Руслан Казакбаев Стамбул шаарына болгон жумушчу сапарынын алкагында Түрк өнөр жайчылар жана ишкерлер ассоциациясы (TÜSİAD) башкармалыгынын төрагасы Орхан Туран менен жолукту. Тышкы иштер министрлигинен билдиришкендей, жолугушуунун жүрүшүндө тараптар эки өлкөнүн ортосундагы соода-экономикалык байланыштарды чыңдоо жана инвестициялык кызматташууну тереңдетүүнүн келечегин талкуулашты. Орхан Туран TÜSİAD`га кирген компаниялар Түркиянын тышкы соода жүгүртүүсүнүн 80%ын камсыздап жатканын, бирикменин өзүндө алдыңкы өнөр жай жана бизнес түзүмдөрүн кошкондо 4500дөн ашуун мүчө бар экенин белгиледи. Кыргызстандын экономикасынын энергетика, айыл чарба, тоо-кен жана туризм сыяктуу приоритеттүү тармактарында кызматташуу мүмкүнчүлүктөрүн талкуулоого өзгөчө көңүл бурулду. Кыргыз тарап конкреттүү инвестициялык долбоорлорду TÜSİAD мүчөлөрүнүн кароосуна сунуштады. Элчи Казакбаев инвестициялык климатты жакшыртууга жана чет элдик инвесторлордун иштөөсү үчүн жагымдуу шарттарды түзүүгө багытталган өлкөдө жүргүзүлүп жаткан экономикалык реформалар тууралуу маалымат берди. Мындан тышкары, элчи TÜSİAD делегациясын ассоциациянын ишмердүүлүгүнүн географиясын кеңейтүү жана кызматташтыкты бекемдөө перспективаларын изилдөө максатында Кыргызстанга келип кетүүгө чакырды.",vesti.kg,https://vesti.kg/kg/politika-kg/item/133020-16-tuzotuu-koloniyasyna-baruuchu-kopuro-ondolup-koldonuuga-berildi.html,2024-11-29T16:46:07+06:00,kyrgyz,0,high,,news_site
5d5d31ca-420a-4edf-af9a-b47185591c40,Кыргызстандык кыздардын мушташы тууралуу тасма – фейк,"30-апрелде Instagram  социалдык тармагындагыTamashakoyбаракчасында мектеп окуучуларынын мушташын чагылдырган тасма жарыяланган. Колдонуучулар окуя Кыргызстанда болгон деген пикир калтырган. Factcheck.kg тасма кай жерде тартылганын изилдеп көрдү. Видеодон скриншот алып, Yandex издөө системасына киргизсек,  россиялык, өзбек жана түрк маалымат булактарына туш болобуз: Алардын арасынан тасманын толук версиясы жана маалыматтын эң алгачкы булагы табылат.",factcheck.kg,https://factcheck.kg/ky/ocherednaya-draka-shkolnicz-v-kyrgyzstane-fejk/,,kyrgyz,1,0.71,https://factcheck.kg/ky/ocherednaya-draka-shkolnicz-v-kyrgyzstane-fejk/,fact_check
2c2ec8d9-bd25-42f0-98d7-6e8165b75ab2,"Өскеменде ""Казмырыш"" заводундагы жарылуу эки кишинин өмүрүн алды","5-майда эртең менен Казакстандын Өскемен шаарындагы ""Казмырыш"" заводунда жарылуу болуп, эки киши өмүр менен кош айтышты, бешөө жараланды. Бул тууралуу цинк чыгарган компаниянын билдирүүсүндө айтылды. Маалыматка караганда, окуя металлургиялык аянтчада түтүн сордурган жабдыкты тазалоо учурунда болгон. “Кырсыктан эки киши каза тапты, бешөө жаракат алды. Жабыркагандарга медициналык жардам көрсөтүлүүдө. Ар тараптуу жана объективдүү текшерүү үчүн комиссия түзүлдү», - деп билдирди компания. Чукул кырдаалдар министрлиги өрт ооздукталганынмаалымдаган. Жарылуунун себептери жана чоо-жайы тууралуу азырынча маалымат жок. Премьер-министр Олжас Бектенов окуяны өз көзөмөлүнөалды. Ишкана маркумдардын үй-бүлөлөрүнө жана жаракат алгандарга зарыл болгон психологиялык жана акчалай жардам берилерин убада кылды. Кырсыктын айлана-чөйрөгө тийгизген залакасы да текшерилүүдө. Баштапкы маалымат боюнча «абага бөлүнүп чыккан чаңдын көлөму нормадан ашкан жок жана курамында зыян заттар табылган эмес».",azattyk.org,https://www.azattyk.org/a/33750299.html,2026-05-05T14:49:44+06:00,kyrgyz,0,high,,news_site
e2f94c69-71e8-4d79-9800-d0f06f0ac777,Кыргызстан–Кытай–Пакистан транспорттук каттамы ачылды,"Транспорт жана коммуникация министрлиги Кыргызстан–Кытай–Пакистан багыты боюнча жаңы пилоттук транспорттук каттам ийгиликтүү ишке ашырылганын кабарлады. Каттам Эл аралык жүк ташуучулар ассоциациясы менен биргеликте эл аралык транспорттук коридорлорду өнүктүрүү жана дүйнөлүк деңиз портторуна түз чыгуу стратегиясын ишке ашыруунун алкагында киргизилди. Ал Бишкектен башталып, Торугарт - Кашкар - Хунжераб - Исламабад - Карачи деңиз портуна чейин аткарылып, жалпы узундугу 3 300 чакырымды түзөт. «Жаңы каттам Кыргызстан үчүн эл аралык логистикалык мүмкүнчүлүктөрдү кеңейтүүгө, тышкы соода жүгүртүүнү жандандырууга жана деңиз портторуна чыгууну камсыздоого өбөлгө түзгөн стратегиялык маанилүү кадам болуп саналат», - деп айтылат министрликтин маалыматында. Пакистандын Кыргызстандагы элчиси Алтамаш Вазир Хан «өткөн жумада чыккан жүк ташуучу унаа Пакистанга ийгиликтүү жетип барганын» билдирди. Президент Садыр Жапаров былтыр 3-4-декабрь күндөрү Пакистанда мамлекеттик сапар менен болгон. Анда пакистандык деңиз портторун пайдалануу сүйлөшүлгөн. Эки өлкөнүн ортосундагы дипломатиялык мамилелер 1992-жылдын 10-майында түзүлгөн. Кыргызстан менен Пакистан Бириккен Улуттар Уюму, Шанхай кызматташтык уюму, Ислам кызматташтык уюму жана Экономикалык кызматташтык уюму сыяктуу эл аралык аянтчалардын алкагында да кызматташып келет. (КЕ)",azattyk.org,https://www.azattyk.org/a/33742195.html,2026-04-25T13:44:26+06:00,kyrgyz,0,high,,news_site
40a81681-983e-4246-8744-fad19006b037,Республикалык олимпиаданын жеңүүчүлөрү сыйланды,"«Сейтек» балдардын жана өспүрүмдөрдүн улуттук борборунда мектеп окуучуларынын республикалык олимпиадасынын жеңүүчүлөрүн сыйлоо аземи өттү. Бул тууралуу Агартуу министрлигинен билдиришти. Маалыматка ылайык, министрлер кабинетинин төрагасынын орун басары Эдил Байсалов өз сөзүндө өлкөнүн келечеги билим жана илимге умтулган жаштардын колунда экенин белгилеп, олимпиада жеңүүчүлөрүн куттуктады. «Сиздерге суктануу менен кошо толкунданып турам. Бир убакта мен дагы сиздердей бир нече жолу республикалык олимпиаданын катышуучусу болгом. Сиздердин өжөрдүгүңүздөр жана тырышчаактыгыздар бүгүнкү ийгиликке жеткирди», — деди Эдил Байсалов. Агартуу министри Догдургүл Кендирбаева билим таймашында ийгиликке жетишкен окуучулардын талыкпас эмгеги, тынымсыз изденүүсү жана максатка умтулуусу өз жемишин бергенин баса белгиледи. «Быйыл өлкө боюнча республикалык олимпиадага жалпы 24 миң окуучу катышты. Алардын ичинен эң мыктылары тандалып, 322 окуучу финалдык баскычка жетти. Бул жерде тургандардын баары сиздер мыкты жана таланттуу окуучуларсыздар. Ар бир катышуучу — жеңиштин ээси деп эсептейм. Сиздер эл аралык олимпиадаларда да жеңишке жетишип, Кыргызстандын желегин бийик көтөрөсүздөр деп ишенем». — деп билдирди министр. Ошондой эле Догдуркүл Кендирбаева окучуларды даярдаган мугалимдерге терең ыраазычылык билдирип, президенттин колдоосу менен бардык мугалимдердин айлык маяналары жогорулатуу алдында турганын айтты. Белгилей кетсек, республикалык олимпиаданын жыйынтыктоочу IV этабы 27—28-март күндөрү Ч. Айтматов атындагы Бишкек «Айчүрөк» лицейи жана И. Арабаев атындагы Кыргыз мамлекеттик университети базасында өткөрүлдү. Ага өлкө боюнча олимпиаданын III (облустук) этабында жеңишке жетишкен мамлекеттик жана жеке менчик мектептерден 322 окуучу 17 предмет боюнча катышты. Жалпы жыйынтык: Командалык эсепте:",24.kg,https://24.kg/kyrgyzcha/368032_respublikalyik_olimpiadanyin_jenuuchuloru_syiylandyi/,,kyrgyz,0,high,,news_site
e66c5ba9-ebaf-4afa-a716-578cd72a8061,Жогорку Кеңештин комитеттер курамында өзгөрүүлөр болду,"Жогорку Кеңештин комитеттеринин курамдарында кадрдык алмашуулар орун алды. Кечээ, парламенттин жыйынында депутат Мирлан Жеенчороев Конституциялык мыйзамдар, мамлекеттик түзүлүш, сот-укук маселелери жана Жогорку Кеңештин регламенти боюнча комитетинин төрагасынын орун басары болуп шайланды. Анын талапкерлигине 82 эл өкүлү макул, бирөө каршы добуш берди. Төмөнкү депутаттар жаңы комитеттердин курамына киришти: Ошондой эле депутат Азамат Исираилов Агрардык саясат, суу ресурстары, экология жана регионалдык өнүктүрүү боюнча комитетинин төрагасынын орун басары болуп шайланды. Аны 83 кесиптеши колдоп добуш берди.",24.kg,https://24.kg/kyrgyzcha/371549_jogorku_keneshtin_komitetter_kuramyinda_ozgoruulor_boldu/,,kyrgyz,0,high,,news_site
e4835927-aeb1-4669-b2b0-59eb7b2696f1,22-январга карата аба ырайы,"Эртең, 22-январда Талас, Баткен облустарынын айрым жерлеринде, Ош, Жалал-Абад облустарынын тоолуу райондорунда кар жаашы күтүлөт. Күндүз Талас, Жалал-Абад, Баткен облустарынын көпчүлүк аймактарында, Чүй, Ош облустарынын айрым жерлеринде кар жаайт. Абанын температурасы: Чүйдө түнкүсүн −6...-11 күндүз −3...+2 Таласта түнкүсүн −5...-10 күндүз −2...+3 Баткен облусунда түнкүсүн 0...-5 күндүз −1...+4 Ош, Жалал-Абад облустарында түнкүсүн 0...-5 күндүз −1...+4 Ысык-Көлдө түнкүсүн −1...-6 күндүз 0...5 Нарында түнкүсүн −16...-21 күндүз −2...-7 Бишкекте түнкүсүн −6...-8° суук, күндүз 0...2° болот.",24.kg,https://24.kg/kyrgyzcha/358775_22-yanvarga_karata_aba_yirayyi/,,kyrgyz,0,high,,news_site
0c281039-8d4d-42e9-b452-a3cbb611ffef,ЖК Улуттук банктын төрагалыгына Алмаз Бакетаевдин талапкерлигин жактырды,"Бүгүн, 18-мартта Жогорку Кеңеш Улуттук банктын төрагасы кызматына Алмаз Бакетаевдин талапкерлигин жактырды. 78 депутат «макул» деп добуш берди. Эске салсак, буга чейин Улуттук банктын мурдагы төрагасы Мелис Тургунбаев кызматтан кетүү тууралуу арызы парламентте каралып, колдоого ээ болгон.",24.kg,https://24.kg/kyrgyzcha/366544_jkuluttuk_banktyin_toragalyigyina_almaz_baketaevdin_talapkerligin_jaktyirdyi/,,kyrgyz,0,high,,news_site
fdb9d7f1-7a85-4fe5-bcd6-12ce0c3ddaf1,Туристтик Чыгыш экспресси менен жомоктогудай кышкы саякат,"Кыш мезгилинде кар баскан Анатолиянын кең мейкиндиктери аркылуу Туристтик Чыгыш Экспресси менен унутулгус темир жол саякатына аттаныңыз Дүйнө жүзүндө темир жол менен саякаттоого болгон кызыгуу өсүп жаткан учурда, Түркиянын Туристтик Чыгыш Экспресси бул тенденциянын эң таасирдүү үлгүлөрүнүн бири болуп саналат. Түркиянын борбору Анкара менен Чыгыш Анатолиянын бермети саналган Карс шаарынын ортосундагы түнкү поезд сапары жүргүнчүлөргө кар жамынган Анатолия түздүктөрү менен тоолорунун укмуштуудай көрүнүштөрүн тартуулайт. Ностальгияны, кооз пейзаждарды жана туруктуу саякат түшүнүгүн айкалыштырган бул маршрут дүйнөдөгү эң таасирдүү темир жол сапарларынын бири катары эл аралык деңгээлде таанылган. Түркиянын эң көп суроо-талапка ээ поезд багыты Рельстердин ыргагы, ыңгайлуу купелер, ак кар жамынган пейзаждар жана сыйкырдуу токтоолор Чыгыш Экспрессин жөн гана поезд сапарынан Анатолия аркылуу өткөн жомоктогудай саякатка айлантат. Анкара менен Карс шаарларынын ортосунда эки багытта каттаган маршрут эки тараптан тең өзгөчө кооз болсо да, борбор шаардан Карска карай саякаттоо эң популярдуу багыт болуп эсептелет. Туристтик Чыгыш Экспресси жума сайын үч жолу эки шаардан тең каттайт, билеттер онлайн сатыкка коюлат. Түркиянын эң популярдуу темир жол сапары болгондуктан, билеттер тез эле сатылып кетет, ошондуктан алдын ала брондоо сунушталат. Орточо 24 саатка созулган сапар жатак керебеттүү жайлуу купелерди, көз жоосун алган табият көрүнүштөрүн жана экскурсиялар үчүн атайын токтоолорду камтыйт. Көптөгөн жүргүнчүлөр купелерин жарыктар жана жасалгалар менен кооздоп, жылуу атмосфера түзүшөт. Саякатчылар өздөрү менен жеңил тамак ала алышат — купелерде муздаткыч жана жуугуч бар — же ресторан-вагондо тамактанып, түнкү тынч сапардан ырахат ала алышат. Анкарадан чыккан поезд Кырыккале, Кайсери, Сивас, Эрзинжан жана Эрзурум шаарларынан өтүп, Карс шаарына жетет. Анкара–Карс багытында поезд Эрзинжан жана Эрзурум шаарларында токтосо, кайтуу жолунда — Карстан Анкарага карай — Илич, Дивриги жана Сивас шаарларында токтойт. Бул токтоолор жүргүнчүлөргө ЮНЕСКОнун тизмесине кирген табигый жана тарыхый мурастарды камтыган көптөгөн кереметтерди көрүүгө мүмкүнчүлүк берет. Кыштагы сыйкырдуу багыт — Карс Анкарадан башталган кооз темир жол саякаты тарыхы катмарлуу, кышкы пейзаждары жана өзгөчө ашканасы менен белгилүү Карс шаарында жыйынтыкталат. Анатолиянын эң байыркы отурукташкан аймактарынын бири болгон Карс шаары борбордогу өзгөчө архитектурасынан тартып, айланасындагы кылымдарды карыткан эстеликтерге чейин бай тарыхый мурасты сунуштайт. Шаардан анча алыс эмес жерде жайгашкан Ани — ЮНЕСКОнун Дүйнөлүк мурастар тизмесине кирген уникалдуу жай. Орто кылымдарда «1001 чиркөөнүн шаары» катары белгилүү болгон бул байыркы метрополис чиркөөлөрү, мончолору, алгачкы мечити жана зор коргон дубалдары менен христиан жана мусулман династияларынын мурасын айкын чагылдырат. Карстын табигый кооздугу да өзгөчө таасир калтырат. Сарыкамышта коноктор кристаллдай таза кар үстүндө лыжа тээп, укмуштуудай көрүнүштөрдүн коштоосунда чана тебишет. Карс менен Ардахан облустарынын чек арасында жайгашкан Чылдыр көлү да кыш мезгилинде муз каптаган көрүнүшү менен өзгөчө табигый керемет болуп саналат. Ат чегилген чана менен муз үстүндө жылып бара жатканда, балыкчылардын музду тешип, сазан балык уулаганын көрүүгө болот — бул көрүнүш аймактын кышкы символдорунун бири катары таанылган. Карстагы эң өзгөчө тажрыйбалардын бири — кечки тамак-аш программалары. Бул иш-чараларда коноктор ашык айтышуу, Кавказ элдик бийлери жана каз эти, Карс сыры, ракы жана Чыгыш Анатолия шараптары камтылган атайын меню аркылуу шаардын нукура руху менен таанышат. Бай гастрономиясы — сыр, грюйер, бал, каз эти жана манты — менен белгилүү Карс шаары Богатепе айылындагы Сыр музейине да чакырат. Бул жерде зыяратчылар аймактын сыр жасоо салты менен таанышып, жергиликтүү сырлардын түрлөрүн даам татышат.",vesti.kg,https://vesti.kg/kg/koom/item/148061-turisttik-chygysh-ekspressi-menen-zhomoktogudaj-kyshky-sayakat.html,2026-02-17T22:12:48+06:00,kyrgyz,0,high,,news_site
53531783-4847-4e66-aae3-52b39eab7e20,Мадумаров үйү тинтилгенде алынган 150 миң доллар кайтарыла электигин билдирди,"“Бүтүн Кыргызстан” партиясынын лидери, экс-депутат Адахан Мадумаров былтыр ноябрда үйү тинтилген учурда алынган 150 миң доллар кайтарыла электигин ""Азаттыкка"" курган маегинде билдирди. Ал бул боюнча сурак дагы болбогонун, буга чейин Башкы прокуратурага дагы кайрылышканын белгиледи.""Сурак дагы, башка дагы болгон жок. Балам менин акчамды мыйзамсыз алып кетти, кайтарып бергиле деп Башкы прокуратурага дагы кайрылдым. Алар мыйзамдын чегинде карап, тез арада жооп бергиле деп ИИМге кайрылгандан бери канча убакыт өтүп кетти. Акча кайдан деп сурашат. Балама таандык батирди сатып, мынча акчага сатылды, сатып алган киши бул деп жазылып мөөр басылып турат"", - деди Мадумаров.Былтыр декабарда Фейсбукта “Массалык башаламандыкты уюштурууга шектелген топ жана Мадумаровго байланышкан тинтүү” деген аталыштагы үч мүнөткө чукул видео тараган. Анда милиция кызматкерлери Адахан Мадумаровдун үйүн тинтүүдө саясатчынын сумкасынан 150 миң доллар табылганы айтылган. Тасмада “Мадумаров акчаны жакын арада уулун үйлөнтүп, той өткөрүп, андан кийин үй алып берүү максатында чогултуп жатканын айтканы”, бирок “кийин суракта каражаттын булагын көрсөтүп бере албаганы” белгиленген.Ошол кезде Адахан Мадумаров ИИМдин кызматкерлери 150 миң долларды далил зат катары алып кеткенин билдирген.ИИМ буга байланыштуу комментарий бере элек.Оппозициялык саясатчы Адахан Мадумаров былтыр ноябрда ИИМде суракта болгон. Ал күбө катары суралганын жана өлкөдө массалык башаламандык уюштурууга шек саналып кармалгандар менен байланышы жок экенин айткан.22-ноябрдын таңында социалдык тармактарда бир катар саясатчылардын үйү тинтилип, 10 адам кармалган. Ички иштер министрлиги (ИИМ) “Социал-демократтар” партиясынын лидери Темирлан Султанбековго, мурдагы президент Алмазбек Атамбаевдин уулу Кадырбек Атамбаевге жана саясатчы, экс-депутат Кубанычбек Кадыровго Кылмыш-жаза кодексинин 326-беренеси – “Бийликти күч менен басып алуу” менен айып таккан.Андан тышкары экс-депутат Шайлообек Атазов (1979-жылы туулган А.Ш.), Алмазбек Атамбаевдин мурдагы жеке жансакчысы Дамир Мусакеев (1984-жылы туулган М.Д.), саясатчы Урмат Барктабасов (1963-жылы туулган А.У.), “Социал-демократтар” партиясынын мүчөсү Эрмек Эрматов (1983-жылы туулган Э.Э.), активист Турсунбай Шарапов (1986-жылы туулган Ш.Т.) жана аты-жөнү белгисиз дагы эки адамга “Массалык башаламандыктар” беренеси менен кине коюлган.Бишкектин Биринчи май райондук соту жогоруда аты аталгандардын баарын камакка алып, айрымдары үй камагына чыккан.ИИМ жапырт кармалгандардын үй-жайын тинтүүдө курал-жарак, ок-дары, гранаталар, байланыш каражаттары, 150 миң доллар, тополоңду каржылоо боюнча документтер жана баңгизаттар алынганын маалымдаган. Мекеме шектүүлөргө Жогорку Кеңешке шайлоодон кийин өлкөдө тополоң уюштурууну максат кылган деген айып койгон.Кармалгандар жана алардын жакындары коюлган айыптарды четке кагышкан. (BTo/KE)",azattyk.org,https://www.azattyk.org/a/33728260.html,2026-04-09T11:48:11+06:00,kyrgyz,0,high,,news_site
ca77883f-5324-4922-aa45-27b939c8edc5,Коргоо министрлиги альтернативдик кызматтан түшкөн каражаттарды кайда жумшайт?,"Кыргыстандын Коргоо министрлиги альтернативдик кызматтан алынган каражаттар кандайча колдонулуп жатканын түшүндүрдү. Бул тууралуу министрдин биринчи орун басары Талайбек Шаршеев парламенттин бюджет комитетинде билдирди. Анын айтымында, 2024-жылы альтернативдик кызматтан 714 миллион сом чогултулган. Бул каражаттар аскер бөлүктөрүндөгү казармаларды жана башка жайларды оңдоого, ошондой эле кызмат шарттарын жана аскердик жайлардын материалдык-техникалык инфраструктурасын жакшыртууга жумшалат. Комитеттин жыйынында альтернативдик кызмат үчүн акчалай төгүмдөрдү көбөйтүүнү сунуштаган мыйзам долбоору каралды. Эске сала кетсек, депутат Дастан Бекешев бул демилгеге каршы чыккан. Мурда үй-бүлөлүк жагдайларга байланыштуу альтернативдик кызматка чакырылган жарандар үчүн төлөм 18 миң сом, ал эми ден соолугунун мүмкүнчүлүгү чектелген деп таанылган жарандар үчүн 25 миң сом экени кабарланган. Мыйзам долбоорунда бул жарандар үчүн төлөмдү тиешелүүлүгүнө жараша 25 миң жана 50 миң сом өлчөмүндө белгилөө сунушталууда. Ошондой эле, курал колдонууга жана Куралдуу Күчтөрдө кызмат кылууга тыюу салган окуусуна ылайык диний уюмга катталган жарандар үчүн төлөмдү 25 миң сомдон 50 миң сомго чейин көтөрүү сунушталууда. Коргоо министрлигинин маалыматы боюнча, учурдагы төлөм ченемдери 2017-жылы белгиленген жана жаңы төлөм өлчөмдөрүн учурдагы экономикалык өсүштү жана инфляцияны эске алуу менен тууралоо сунушталууда.",24.kg,https://24.kg/kyrgyzcha/360315_korgoo_ministrligi_alternativdik_kyizmattan_tushkon_karajattardyi_kayda_jumshayt/,,kyrgyz,0,high,,news_site
52accddc-53bf-4f0f-aa5e-4416a20e60d8,Израилдин президенти Ицхак Герцог Астанага барды,"Израилдин президенти Ицхак Герцог 27-апрелде Астанага барды. Эки өлкөнүн кызматташтыгы казак мамлекет башчысы Касым-Жомарт Токаев менен расмий сүйлөшүүлөрдө талкууланды. Израил-казак алакасы акыркы айларда, өзгөчө былтыр ноябрда Астана Израил менен мусулман өлкөлөрдүн ортосундагы байланышты жакшыртуу максатында АКШнын ортомчулугу менен түзүлгөн дипломатиялык пакт - Авраам (Abraham)макулдашуусунакол койгондонкийин активдешти. Казакстан ал документке кошулар алдында Токаев АКШнын президенти Дональд Трамп жана Израилдин премьери Биньямин Нетаньяху менен телефондон сүйлөшкөн. Январда Израилдин тышкы иштер министри Гидеон Саар 16 жылдан бери биринчи жолу Казакстанга барып кеткен. Визиттин жүрүшүндө визасыз режим тууралуу меморандумга кол коюлган. Ицхак Герцогдун сапары Жакынкы Чыгыштагы абал курчуп турган маалга туш келди. 28-февралда АКШ менен Израил Иранга каршы чабуул баштап, апрелдин башында убактылуу жарашуу жарыяланган. Вашингтон менен Тегерандын сүйлөшүүлөрү азыр туңгуюкта. Тышкы саясатта көп векторлуу багытты карманарын айтып келген Казакстан Ирандын соккуларына кабылган Перс булуңундагы өлкөлөргө колдоосун билдирген. Уруш башталганда Тегеран жооп иретинде Израилге жана америкалык базалар жайгашкан араб мамлекеттерине чабуул койгон. Борбор Азиядан жалгыз Астана Иранга гуманитардык жардам жөнөткөн жок.",azattyk.org,https://www.azattyk.org/a/33744230.html,2026-04-28T16:19:09+06:00,kyrgyz,0,high,,news_site
505fc753-7b07-421d-947d-8eceb8b23f1b,Аракчи Орусияга “колдоо” жана “тилектештик” үчүн ыраазычылык айтты,"Ирандын тышкы иштер министри Аббас Аракчи АКШ менен Израилге каршы согушта көргөзгөн “колдоосу” жана “тилектештиги” үчүн Орусияга ыраазылыгын айтты. 27-апрелде ал Санкт-Петербургда орус президенти Владимир Путин жана башка расмий адамдар менен жолукту. “Аймак олуттуу окуяларга дуушар болуп жаткан чакта Орусия менен эң жогорку деңгээлде иштешүү мүмүкүнчүлүгүнө кубанычтамын. Акыркы окуялар биздин стратегиялык өнөктөштүктүн тереңдигин жана бекемдигин далилдеди”, - деп жазды Ирандын башкы дипломаты. Аны менен жолугушууда Путин Тегеранга бекем колдоосун билдирди. “Ирандын эли эгемендиги жана суверендүүлүгү үчүн эрдик жана баатырдык менен күрөшүп жатканын көрүүдөбүз”, - деп айтты орус президенти. Путин өткөн жумада өлкөнүн жогорку лидери, аятолла Можтаба Хаменеиден кат-кабар алганын кошумчалады. Жаңы көсөм бул кызматка тандалгандан бери калың эл алдына чыга элек. Маалыматтарга караганда, ал атасы каза тапкан 28-февралдагы сокку учурунда оор жаракат алган. Тегеран менен Москванын мындай достугу Вашингтондо көз жаздымда калган жок. Орусия азыркы согушта Иранга аскердик чалгын маалымат менен көмөктөшкөнү тууралуу кабарланып келет. Маселе жакында АКШнын Конгрессинде каралган.",azattyk.org,https://www.azattyk.org/a/33744318.html,2026-04-28T18:17:47+06:00,kyrgyz,0,high,,news_site
e126b942-e6bd-4d15-bf8a-4643f13191f1,“Медиасабаттуулук жана санариптик коопсуздук мектеби” жаңы долбоорунун башталышы тууралуу жарыя кылабыз,"Арыбаңыздар, урматтуу достор жана келечектеги кесиптештер! Медиа Өнүктүрүү Борбору жана Factcheck.kg «Санариптик жана медиа сабаттуулук мектеби» жаңы долбоорун ишке ашыра баштаганын кабарлаганга шашылуудабыз. Бул долбоор бардык кызыкдар адамдарга маалыматка сын көз караш менен караганга, маалыматтарды текшерүүнүн аспаптары менен иштегенди үйрөнгөнгө жардам бере алат. Маалыматтык согуш жана пандемия күч алган учурда ар бир адам маалыматтык агымдарды талдаганды, окуяларга баа бергенди, манипуляция менен жалган маалыматтарга туруштук бергенди билиши керектиги зарылчылыгы пайда болду.",factcheck.kg,https://factcheck.kg/ky/obyavlyaem-zapusk-novogo-proekta-shkola-mediagramotnosti-i-czifrovoj-bezopasnosti/,,kyrgyz,1,1.0,https://factcheck.kg/ky/obyavlyaem-zapusk-novogo-proekta-shkola-mediagramotnosti-i-czifrovoj-bezopasnosti/,fact_check
61461166-2a50-40c9-88ad-d6828dd96027,Чүйдө окуучулар жапырт ууланды,"Иш Чүй ОИИБдин көзөмөлүнө алынганын айтышты Чүй облусунун Искра айылында окуучулар жапырт ууланганын аймактык милиция кабарлады.Токмок шаардык ооруканага 12 жаштан 16 жашка чейинки 11 бала түшкөн.Милиция бүгүн 7-класстын окуучусу таштанды полигонунан ""BEN 10"" деген конфет менен бөтөлкөдөгү таттуу сууну таап алганын аныктады. Ал таттууларды мектепке алып барып классташтары менен бөлүшкөн. Балдарга медициналык жардам көрсөтүлгөндөн кийин үйлөрүнө жөнөтүлгөн. Тартип сакчылар тиешелүү экспертизаларды дайындаган. Иш Чүй ОИИБдин көзөмөлүнө алынганын айтышты.",vesti.kg,https://vesti.kg/kg/okuyalar/item/132907-chujdo-okuuchular-zhapyrt-uulandy.html,2024-11-28T10:42:00+06:00,kyrgyz,0,high,,news_site
3254cc9e-d87c-4377-b9fa-5447caaacc8c,"“Кымбат баалуу эмеректердин фонунда “уурдалган балалык” жана “уурдалган кыялдар” тууралуу ыйламсырап айтылган сөздөр адам көңүлүн иренжитет. Бардарчылыкта жашап туруп калган дүйнөнү планетаны талкаланышына күнөөлөө жана керектөөчүлүк мамиледен баш тартууну талап кылуу – бул эки жүздүүлүк”, – деп жазган Мартин Граф.","Factcheck.kg редакциясына окурманыбыз кайрылып, белгилүү экоактивистГрета Тунбергменен энеси креслодо отуруп түшкөн сүрөттү текшерип берүүнү өтүндү. Кадрга жаныбарлардын терисинен жасалган дагы бир кресло түшүп калган. Сүрөткө жазылган пикирде бул креслолордун баасы 8 300 жана 9 600 евро экени айтылат. Тунберг бардарчылык бай жашоодон жана айлана-чөйрөгө керектөө мамиле кылуудан баш тартууга чакырыктары жана энеси экөө эт жебегендери менен белгилүү. Биз бул маалыматты текшерип чыгып, сүрөт жасалма эмес экенин, анда чын эле Грета Тунберг жана анын энеси белгилүү швед опера ырчысыМалена Эрмантартылганын аныктадык. Сүрөт 2018-жылдын апрелинде тартылганы айтылат, бирок интернеттеги эң эски маалымат 2019-жылдын 24-апрелинде пайда болгон. Ал Dailymail.co.uk басылмасындажарыяланганжана анда Грета 15 жаштагы өспүрүм кыз деп мүнөздөлөт, бирок 2019-жылы ал 16 жашта болчу. Бул сүрөткө чоң кызыгуу 2019-жылдын декабрында жаралды. Анда жөнөкөй колдонуучулардан сырткары коомдук жана саясий ишмерлер, журналисттер сүрөт боюнчапикирлерин билдиришкен. Австриялык журналист Мартин Граф 2019-жылдын 5-декабрында Facebook’тагы баракачасындажарыялаган постто““климат” үчүн күрөшүп, “керектөөчү мамиледен баш тартууга” үндөгөндөрдүн бардыгы эле өзүлөрү айтканды жасай беришпейт”, – деп жазган. Бул постко 15 миң лайк басылып, дээрлик 5 миң адам пикир калтырып, 27 миңи аны менен бөлүшкөн. “Кымбат баалуу эмеректердин фонунда “уурдалган балалык” жана “уурдалган кыялдар” тууралуу ыйламсырап айтылган сөздөр адам көңүлүн иренжитет. Бардарчылыкта жашап туруп калган дүйнөнү планетаны талкаланышына күнөөлөө жана керектөөчүлүк мамиледен баш тартууну талап кылуу – бул эки жүздүүлүк”, – деп жазган Мартин Граф. Грета энеси экөө түшкөн сүрөт жарыяланаары менен коомдук тармактарда эмеректерди саткан онлайн дүкөндөрдүн көптөгөн скриншоттор пайда боло баштаган. Алардан сүрөттөгү эки креслону жана бааларын көрсө болот эле. Грета Тунбергдин жактоочуларынааразычылыктарынбилдирип, ошол эле пикирлерде Графты бир тараптуулукта күнөөлөп, сүрөттү жасалма деп чыгышкан. Мындан сырткары Тунбергдин жактоочулары дагы бир нече дооматтарды коюшту.",factcheck.kg,https://factcheck.kg/ky/kakie-kresla-doma-u-izvestnoj-ekoaktivistki-grety-tunberg-proveryaem/,,kyrgyz,1,0.64,https://factcheck.kg/ky/kakie-kresla-doma-u-izvestnoj-ekoaktivistki-grety-tunberg-proveryaem/,fact_check
1199ce9c-d42a-41cb-a7df-a7988f2f9128,"""Ата-Бейитте"" Апрель ыңкылабынын курмандыктары эскерилди","Бүгүн 7-апрелде ""Ата-Бейит"" улуттук тарыхый-мемориалдык комплексинде Апрель революциясынын курмандыктары эскерилди. Мемориалга гүл коюлуп, маркумдарга багышталып куран окулду. Эскерүү иш-чарасына мамлекеттик катчы Арслан Койчиев, президенттин Чүй облусундагы ыйгарым укуктуу өкүлү Элкинбек Аширбаев, Бишкек шаарынын мэри Айбек Жунушалиев жана башка расмий адамдар катышты.Ыңкылап курмандыктарын эскерүү иш-чарасы 6-апрелде Таласта да өткөн.16 жыл мурда, 2010-жылы ошол кездеги президент Курманбек Бакиевдин башкаруу режимине каршы нааразылык иш-чаралары 6-апрель күнү Талас шаарында башталган.Электр энергиясынын кымбатташына жана мобилдик байланыш үчүн кошумча төлөм алынуусуна каршы чыккан эл өлкөнүн бардык аймактарында көтөрүлгөн. 7-апрель күнү Бишкекте борбордук аянтка чогулган элге ок атылып, кеминде 87 адам окко учкан, миңден ашуун киши түрдүү жаракат алган. Каза болгондордун сөөгү ""Ата-Бейитке"" коюлган.Курманбек Бакиев үй-бүлөсү, жакындары менен чет мамлекетке качып, өзү Беларустан башпаанек тапкан.2010-жылдагы кандуу Апрель окуясы боюнча баш-аягы 30га жакын кишиге кылмыш иши козголгон. Анын ичинен далилдер жетишсиз деген негизде Мамлекеттик күзөт кызматынын 14 кызматкери акталган. Курманбек Бакиев 30 жылга, уулу Максим Бакиев, иниси, Мамлекеттик күзөт кызматынын ошондогу жетекчиси Жаныш Бакиев, ошол кездеги премьер-министр Данияр Үсөнов сырттан өмүр бою эркинен ажыратылган. Бакиевдин тун уулу Марат Бакиев сыртынан 30 жылга соттолгон.7-апрель -Элдик ыңкылап күнү. Буга байланыштуу жумуш күнү бүгүн бир саатка кыскартылган. Бул тууралуу Эмгек кодексинде белгиленген. (КЕ)",azattyk.org,https://www.azattyk.org/a/33726458.html,2026-04-07T10:38:37+06:00,kyrgyz,0,high,,news_site
5777a9b5-3d67-4cdc-b14f-5ae592661e19,Эмне үчүн жылуулук насостору Бишкектеги жылытуунун келечеги болуп жатат,"Мындай жылытуу технологиясы - бул бир сезондук чечим эмес, көп жылга эсептелген ыкма Бишкекте жылытуу маселеси эбак эле жөн гана тиричилик темасынан чыгып кеткен. Үйлөр эмнеге жылыганы үй-бүлөнүн чыгымына эле эмес, шаардагы абанын сапатына, энергетикалык системага түшкөн жүккө жана жалпы шаардык жашоо деңгээлине да таасир этет. Ошондуктан бүгүн жылуулук насостору тууралуу сөз барган сайын көбүрөөк айтылып жатат. Бул борбор үчүн өзгөчө кышында жакшы байкалат. Жеке сектор дагы деле болсо көп жагынан көмүргө, отунга, газга жана түз электр жылытууга таянат. Бул чечимдер тааныш жана түшүнүктүү, бирок ар биринин өз баасы бар: сезондук чыгымдар, отунга көз карандылык, системаны тейлөө зарылдыгы жана көмүр колдонулган учурда шаардагы ышка түз салым. Жылуулук насосу башкача логиканы сунуштайт. Ал үйдүн ичинде отун жакпайт, тескерисинче, абадан, жерден же суудан жылуулукту алып өткөрөт. Мунун эсебинен система кадимки электр жылытууга караганда натыйжалуураак иштейт жана күнүмдүк пайдаланууда адамдын катышуусун кыйла аз талап кылат. Эмне үчүн дал ушундай технологияларды келечектин жылытуусу деп аташат? Биринчиден, энергияны үнөмдүүлүгү үчүн. Бир эле система азыраак энергия коротуп, көбүрөөк жылуулук берсе, анда жылытуунун узак мөөнөттүү экономикасы өзгөрөт. Бул бир сезондук чечим эмес, көп жылга эсептелген ыкма. Экинчи аргумент — ыңгайлуулук. Көмүр казаны же меш дайыма көңүл бурууну талап кылат: отун сатып алуу керек, аны сактоо керек, системанын ишин көзөмөлдөө жана жабдууну тазалоо зарыл. Жылуулук насосу болсо жылытууну көбүрөөк автоматташкан жана алдын ала түшүнүктүү кылат. Заманбап шаардык үй үчүн бул олуттуу артыкчылык. Үчүнчү аргумент — экология. Бишкек ар кыш сайын абанын катуу булганышына туш болот, жана тиричилик үчүн колдонулган жылытуу бул көйгөйдүн себептеринин бири бойдон калууда. Жылуулук насосу отун күйгөндөй жеринде түтүн жана зыяндуу заттарды чыгарбайт. Демек, шаар үчүн бул бир эле ыңгайлуулук маселеси эмес, адамдар жашаган чөйрөнүн маселеси да болуп саналат. Албетте, жылуулук насосу ар бир үй үчүн универсалдуу жооп эмес. Көп нерсе имараттын жылууланышына, жылуулук жоготууларына, бюджетке жана монтаждын сапатына көз каранды. Бирок так эсептелген долбоорлордо бул технология эмне үчүн Бишкек үчүн эң туура багыттардын бири болуп бара жатканын айкын көрсөтөт. Негизи, шаардагы жылуулук насосторунун келечеги «жашыл» чечимдерге болгон модага эмес, бир нече суроо-талаптын бир учурда дал келишине байланыштуу: отунга көз карандылыкты азайтуу, автоматташтырууну көбөйтүү, абаны тазараак кылуу жана пайдалануу чыгымдарын тынчыраак, түшүнүктүүрөөк кылуу. Бишкек үчүн бул эми экзотика эмес, жакынкы жылдардагы толук кандуу практикалык сценарий. Эгер теманы тереңирээк түшүнгүңүз келсе, бардык материалдарды көрүп, подрядчыларды жана адистерди таап, ошондой эле дал сиздин үйгө ылайыктуу жылуулук насосун тандагыңыз келсе,www.cleanchoiсe.kgсайтына өтүңүз. Макала «Кыргызстанда жашыл экономика жана жеке секторду туруктуу өнүктүрүү» программасынын алкагында даярдалды. Программа GIZ тарабынан ишке ашырылып, BMZ, ЕС жана Швейцариянын Өкмөтү менен биргеликте каржыланат.",vesti.kg,https://vesti.kg/kg/koom/item/149778-emne-uchun-zhyluuluk-nasostoru-bishkektegi-zhylytuunun-kelechegi-bolup-zhatat.html,2026-04-21T20:35:25+06:00,kyrgyz,0,high,,news_site
008c508c-0c2c-4f23-865e-a7df0e86eb1e,Royal Central Park долбоорунда 2026-жылдын 4-апрелинде квартира сатуу боюнча келишимдердин тез өсүшү,"Суроо-талап өсүүдө, сатып алуучулар активдүү: долбоор рынок жанданып жаткан шартта позициясын бекемдөйт 2026-жылдын 4-апрели девелопер RCA Living тарабынан уюштурулган «The Essence – инвестициялык тартылуу борбору, гүлдөп өнүгүүнүн башталышы» аттуу иш-чара аркылуу рынокто олуттуу көңүл бурулган маанилүү дата болду. Иш-чаранын алкагында бир күндүн ичинде жүздөгөн ийгиликтүү батир сатуу келишимдери катталып, бул Royal Central Park долбооруна болгон жогорку кызыгууну жана рыноктун оң динамикасын дагы бир жолу тастыктады. Ийгиликтүү батир сатып алгандан кийин 12 г, 8 г жана 4 г алтын байгелерин алган кардарлардын сүрөттөрү Кыргызстандын кыймылсыз мүлк рыногу өсүү фазасына өтүп жаткан шартта, айрыкча интеграцияланган «all-in-one» форматындагы шаардык комплекстерге эрте кирүү келечектеги киреше алуу үчүн натыйжалуу стратегия катары каралууда. Иш-чаранын алкагында батирдин баасынын 70% төлөгөн кардарлар үчүн 12% чейин арзандатуу сунушу өзгөчө көңүлдү бурду. Бул инвестицияга кирүү босогосун төмөндөтүп, сатып алуучулардын кызыгуусун күчөттү. «The Essence – инвестициялык тартылуу борбору, гүлдөп өнүгүүнүн башталышы» иш-чарасында консультация алып жаткан кардарлардын сүрөттөрү Кыргыз Республикасынын Курулуш, архитектура жана турак жай-коммуналдык чарба министрлигинин 2026-жылдын 2-апрелиндеги маалыматына ылайык, турак жай баалары учурда негизинен рыноктук механизмдер аркылуу калыптанып, өсүү тенденциясын көрсөтүүдө. Бишкекте батирлердин орточо баасы 1 м² үчүн 1 400–1 800 АКШ долларынын чегинде, айрым жаңы долбоорлордо болжол менен 1 600 долларга чейин жетет. Башка региондордо баалар 450–900 доллардын чегинде. Бул көрсөткүчтөр, айрыкча рынокко эрте чыккан долбоорлор үчүн, өсүү потенциалынын сакталып жатканын көрсөтөт. Консультациялардан жана келишим түзүүдөн тышкары, иш-чара Rox Center аянтчасында үй-бүлөлүк эс алуу мейкиндиги катары да уюштурулду. Көңүл ачуучу активдүүлүктөр, балдар үчүн оюн зоналары жана интерактивдүү форматтар жандуу атмосфера түзүп, көп сандаган конокторду тартты. Иш-чаранын жүрүшүндө көптөгөн кардарлар баалуу белектерге ээ болушту, анын ичинде 12, 8 жана 4 грамм алтын. Мындан тышкары, sales gallery коноктору iPhone 17 Pro Max жана жалпы баасы 260 000 сомго чейинки тиричилик техникасы ойнотулган лотереяга катышышты. Rox Center, Чүй проспектиси 158 дарегиндеги балдар зонасынын сүрөттөрү iPhone 17 Pro Max утуп алган кардарлардын сүрөттөрү 4-апрелдеги иш-чара ошондой эле 2026-жылдын 30-апрелине чейин улануучу иш-чаралар сериясынын башталышы болду. Бул серияга көңүл ачуучу программалар жана балдар үчүн мастер-класстар кирет. Ушундайча, девелопер долбоорду жөн гана турак жай комплекси катары эмес, үй-бүлөлүк жашоо үчүн ыңгайлуу жана коомчулук өз ара аракеттене турган чөйрө катары калыптандырууда. Долбоорду тааныштыруу зонасында коноктор «All-in-One» форматындагы шаардык мейкиндик концепциясы менен таанышып, адистерден кеңеш ала алышты. Rox Center ошондой эле долбоорду иммерсивдүү форматта тааныштыруу аянтчасы болуп, анын концепциясын жана өнүгүү перспективаларын тереңирээк түшүнүүгө мүмкүндүк берди. Иш-чарадагы кардарларга консультация берүү процессинин сүрөттөрү Иш-чаранын негизги көңүл борборунда болгонTheEssenceбөлүмү Y формасындагы архитектурасы менен айырмаланды. Бул чечим табигый жарыкты оптималдаштырып, купуялуулукту жогорулатат жана ар бир батирге микроклиматтын таасирин азайтат. 29 кабатка чейинки бийиктиги менен комплекс бийиктикте жашоо концепциясын сунуштап, Тянь-Шань тоолоруна панорамалык көрүнүштөрдү жана тынч, абалуу атмосфераны камсыз кылат. The Essence фасады жана Тянь-Шань тоолоруна болгон көрүнүштөрдүн сүрөттөрү Долбоор өнүккөн инфраструктураны камтыйт: коммерциялык подиум, грек стилиндеги ландшафттык бактар, фитнес-борбор, жыл бою иштеген бассейн жана SPA менен ден соолук зоналары, ошондой эле коомдук мейкиндиктер — чатырдагы бактар жана лаунж-зоналар. Мындай ыңгайлуулуктар топтому заманбап интеграцияланган шаардык долбоорлор үчүн акырындап стандартка айланууда. The Essence бассейнинин жана фитнес-борборунун сүрөттөрү Royal Central Park иш-чаралар сериясы рыноктогу актуалдуу тенденцияны чагылдырат — долбоорду тааныштыруу менен толук кандуу колдонуучулук тажрыйбаны айкалыштыруу. Маалыматты сунуштоодо технологияларды колдонуу жана консультанттардын кесипкөй даярдыгы сатып алуучулар үчүн маалыматтын ачыктыгын жана жеткиликтүүлүгүн жогорулатат. Рыноктук көз караштан алганда, «The Essence – инвестициялык тартылуу борбору, гүлдөп өнүгүүнүн башталышы» иш-чарасы кардарлардын жогорку кызыгуусун гана эмес, Бишкектеги интеграцияланган шаардык кыймылсыз мүлк сегментинин учурдагы этаптагы оң динамикасын дагы бир жолу тастыктайт. Rox Center, Чүй проспектиси 158 дарегинде күн сайын активдүүлүктөр Royal Central Park долбоорунун sales galleryсине келип, күн сайын саат09:00дөн 22:00гөчейин өтүүчү бай программага күбө болуңуз. Коноктор iPhone 17 Pro Max жана жалпы баасы260 000 сомгочейинки башка байгелер ойнотулган лотереяга катыша алышат. Келгендер үчүн акысыз чай, кофе жана десерттер, ошондой эле жандуу музыка жана балдар үчүн мастер-класстар сыяктуу ар түрдүү активдүүлүктөр сунушталат — бул бүт үй-бүлө үчүн ыңгайлуу мейкиндик түзөт. Специальные предложения – корпус ATLAS(Y2):",vesti.kg,https://vesti.kg/kg/koom/item/149466-royal-central-park-dolboorunda-2026-zhyldyn-4-aprelinde-kvartira-satuu-boyuncha-kelishimderdin-tez-osushu.html,2026-04-08T18:36:02+06:00,kyrgyz,0,high,,news_site
3c45fbfb-6397-4be8-834d-aa615093d08a,Ормуз кысыгындагы абал курч бойдон экени кабарланды,"Ормуз кысыгындагы абал курч бойдон калууда. Бул тууралуу Британиянын деңиз соодасы боюнча операцияларын координациялоо борбору (United Kingdom Maritime Trade Operations) билдирди. Анын маалыматына ылайык, аймакта аскердик активдүүлүк күчөп, деңизде аскер кемелеринин саны көбөйдү. Ошондой эле кемелерди коопсуздук күчтөрү радиобайланыш аркылуу текшериши мүмкүн. АКШ негизги деңиз жолдорунун түштүгүндө кошумча коопсуздук аймагын түзгөнү айтылды. Кемелерге Омандын суулары аркылуу өтүүнү карап, тиешелүү органдар менен байланышта болуу сунушталууда. 4-майдагы билдирүүгө ылайык, аймакта мина коюлган болушу мүмкүн деген маалыматтар бар болгондуктан кеме каттамдары «өтө кооптуу» деп бааланууда. Буга чейин UKMTO Бириккен Араб Эмирликтеринин Фужейра шаарынын түндүгүндө мунай ташуучу танкер белгисиз снаряддар менен аткыланганын кабарлаган. Маалыматка ылайык, экипаж жабыркаган эмес жана айлана-чөйрөгө зыян келтирилген жок. Кийинчерээк Бириккен Араб Эмирликтери бул окуяны кескин айыптап, мамлекеттик мунай компаниясына тиешелүү танкерге Ормуз кысыгы аркылуу өтүп бара жатканда кол салуу болгонун билдирди.",azattyk.org,https://www.azattyk.org/a/33749637.html,2026-05-04T21:23:58+06:00,kyrgyz,0,high,,news_site
d2f745d6-ddf9-486d-8ff1-2ecc01858740,Жалган маалымат жана эмне үчүн эл аны менен бөлүшөт? [split],"Коомдук турмушка катышуу үчүн жана дебаттарды уюштуруу үчүн ачык мейкиндиктерди түзүүнү камсыз кылуу сунушталат. Билим берүү тармагы аркылуу сынчыл ой жүгүртүүнү жана ошондой эле санариптик сабаттуулукту өркүндөтүү зарыл, жарандык коом жана илимий институттар менен кызматтышуу адамдарга маалыматтарды, маалымат булактарын тапканга, талдаганга жана баалаганга аспаптарды берет. Мындан тышкары, даттанууларды кароонун көз карандысыз механизмдеринин болушун камсыз кылуу жана колдонуучуларды натыйжалуу коргоо каражаттары менен камсыз кылуу сунушталат. Дезмаалыматка реакция кылуу чаралары адам укуктары боюнча эл аралык нормаларга туура келип, бул чаралар саясий каршылаш тарапка, укук коргоочуларга, журналисттерге, жарандык коомдун өкүлдөрүнө же азчылыктын көз карашындагы адамдарга каршы колдонулбашы болот. Дезмаалымат, мисмаалымат, көз жазгыруу жана пропаганда менен натыйжалуу күрөшүш үчүн Internews Kyrgyzstan уюмунун колдоосу менен бир катар редакциялардын башын бириктирген “Медиа блок пост” демилгеси түзүлгөн. Эки жылдан кийинFactcheck.kg, “ПолитКлиника”,T-Media.kg,“Апрель ТВ”,Bulak.kg,Mediahubжана“Баштан Башта”редакцияларын бириктирген “Чекит.Медиа” деген жаңы платформа түзүлгөн. Маалымат текшерилип, ал боюнча төмөнкү мүнөздөгү тыянак чыгарылат: Андан сырткары Factcheck.kg редакциясы тренингдердиуюштуруп, каалаган бардык адамга маалыматты сынчыл көз карашта кабылдаганга жана маалыматты текшерүү аспаптарына үйрөнгөнгө жардам берип келет. Ошондой эле тренингдин катышуучулары маалыматтык агымды талдаганга, окуяларга баа бергенге, көз жазгыруу менен дезмаалыматка туруштук бергенге үйрөнүшөт. Ал эми фейктер менен күрөшүүдө алдыңкы катарда болушу керек болгон Кыргызстандын мамлекеттик түзүмдөрү бул багытта эч бир олуттуу иштерди жүргүзбөй эле. Тескерисинче, мамлекеттик мекемелердин өзүлөрү дезмаалыматтын булагы болгон же көз карандысыз редакциялардын ишине бут тоскон учурлар аз эмес. Мисалы, 2021-жылы Садыр Жапаров жалган билдирүүлөр менен күрөшүүгө багытталган “Анык эмес (жалган) маалыматтан коргоо жөнүндө”мыйзамгакол койгон болчу. Бирок иш жүзүндө мыйзам көз карандысыз ЖМКларга каршы ганаколдонулупжатат. Маселен, 2022-жылы ResPublicaбөгөттөлгөнболчу. Кийинчирээк өлкөдөгү эң ири маалыматтык агенттиктердин бири24.kg’нин сайтын бөгөттөөаракетиболгон. Акыркы чоң окуя – “Азаттык” радиосунун сайтынынбөгөттөлүшү. Мурда эле активисттербилдиргендей, мыйзамдын өзүндө жана да аны колдонуу механизмдеринде маалыматтын чындыкка жатарын/жатпасын, анын белгилерин жана жолун, механимизмдерин жана тартибин аныктоо укугу берилген орган каралган эмес, ошондой эле мыйзамдын айрым нормалары башка мыйзамдардын нормаларына каршы келет. “Кабыл алынган мыйзам Кыргыз Республикасынын Конституциясын бузуу менен сот системасын арыз ээсинин далилденбеген жүйөлөрү менен алмаштырат”. 2023-жылдын 31-майында депутаттардын тобу мыйзамдагы карама-каршылыктарды жоюуга багытталган, башкача айтканда, интернеттеги сайттын же баракчанын ээсинин аракеттерине даттануунун жаңы тартибин орнотууну караштырган мыйзам долбоордусунуштаганболчу. Мындан тышкары, интернет сайттын же баракчанын ээси тарабынан анык эмес (жалган) маалыматты алып салуу жөнүндө арызды кароо мөөнөтүн арыз ээсинин арызы келип түшкөн учурдан тартып 24 сааттын ордуна үч күнгө чейин узартуу сунушталган. Бирок бул мыйзам долбоорун депутататтар биринчи окутууда эле колдоого алышпады. Тыянак:Жалган маалыматтын, көз жазгыруунун жана пропаганданын курмандыгы болбоонун негизги жолу – сынчыл ой жүгүртүүнү жана факт-чекинг көндүмдөрүн өркүндөтүү болуп саналат. Маалыматка сын көз карашта болуп, аны талдап биз анын аныктыгын тагыраак аныктай алабыз. Ошондуктан бул көндүмдөрдү такай жакшыртып туруу ар бир адам үчүн маанилүү.",factcheck.kg,https://factcheck.kg/ky/fejkovaya-informacziya-i-pochemu-eyu-delyatsya/,,kyrgyz,1,0.78,https://factcheck.kg/ky/fejkovaya-informacziya-i-pochemu-eyu-delyatsya/,fact_check
58d324ea-c7ba-4e0d-b460-3ae95c4c5301,Бүгүн Бишкектин Ала-Арча-3 конушунда суу өчүрүлөт,"Бүгүн, 11-мартта Бишкектин Ала-Арча-3 конушунда суу өчөт. Муниципалитеттен билдиришкендей, аталган конушта суу саат 09:00дөн 17:00гө чейин токтотулат. Суу Д-500 мм суу түтүгүндө авариялык-калыбына келтирүү иштерин жүргүзүүгө байланыштуу өчүрүлмөкчү. Бишкек мэриясы ыңгайсыздык жараткандыгы үчүн кечирим сурайт жана ишканалардан жана тургундардан ичүүчү сууну алдын ала камдап алууну суранат.",24.kg,https://24.kg/kyrgyzcha/365397_bugun_bishkektin_ala-archa-3_konushunda_suu_ochurulot/,,kyrgyz,0,high,,news_site
1419f81c-e341-462d-a5c1-e0c26c44447a,Төрага Нурланбек Шакиев Катардын Кыргызстандагы элчиси Али Жабир Мухаммад Аль-Гуфран Аль-Маррини кабыл алды,"Биз экономикалык жана инвестициялык кызматташтыкты кеңейтип, соода байланышын эселеп жакшыртышыбыз керек Бүгүн, 29-ноябрда Жогорку Кеңештин Төрагасы Нурланбек Шакиев Катар мамлекетинин Кыргыз Республикасындагы Атайын жана толук ыйгарым укуктуу элчиси Али Жабир Мухаммад Аль-Гуфран Аль-Маррини кабыл алды. Жолугушууда эки өлкө ортосундагы саясий-экономикалык, маданий-гуманитардык кызматташтыкты өнүктүрүү, парламенттер аралык байланыштарды арттыруу маселелери талкууланды. Алгач Төрага Нурланбек Шакиев Али Жабир Мухаммад Аль-Гуфран Аль-Маррини Кыргызстанга элчи болуп дайындалышы менен куттуктап, дипломатиялык ишмердүүлүгүнө ийгиликтерди каалады. “Сиздин өмүр баяныңыз менен таанышып жатып, дипломатиялык иштин анык чебери экениңизди байкадым. Андыктан, кыргыз-катар мамилесин бекемдөөгө өз салымыңызды кошосуз деген терең ишеничтемин”, – деди Төрага. Ошондой эле эки мамлекет ортосундагы алакалар акыркы жылдары жигердүү өнүгүп жатканына токтолгон Нурланбек Шакиев: “Өткөн жылы араб өлкөлөрүнөн алгачкылардан болуп Катардын Эмири Тамим бин Хамад Аль Тани Кыргызстанга мамлекеттик сапар менен келип, байланыштардын жаңы барагы ачылды. Анда бир катар маанилүү маселелер боюнча сүйлөшүүлөр жүрүп, өнөктөштү өрчүтүүгө багытталган макулдашууларга кол коюлду”, – деди. Муну менен катар Кыргызстан кызматташтыкты кеңейтүүдөгү маанилүү жолдордун бири саналган парламенттер аралык байланыштарды да арттырууга кызыкдар экендигин белгилеп, Катардын Аш-Шура Межлисининин (парламент) Төрагасына элчи аркылуу дубай салам жолдоо менен Кыргызстанга расмий иш сапар менен келип кетүүгө чакырды. Жолугушууда соода жүгүртүүнүн көлөмүн көтөрүү тууралуу да сөз болуп: “Эки өлкөнүн мүмкүнчүлүктөрү өтө чоң. Биз экономикалык жана инвестициялык кызматташтыкты кеңейтип, соода байланышын эселеп жакшыртышыбыз керек. Бул үчүн Бишкек-Доха аба каттамын тез арада ачуу зарыл. Себеби, азыркы көз караш менен алганда түз аба каттамы бардык мамлекеттер аралык кызматташтыкты, анын ичинен жарандар ортосундагы байланыштарды өнүктүрүүгө өбөлгө түзөт”, – деди Нурланбек Шакиев. Андан сырткары, Кыргызстандын туристтик мүмкүнчүлүктөрү жөнүндө да кеп кылган Төрага акыркы жылдары Катар мамлекетинен келген меймандар көбөйгөнүн, эгер аба каттамы ачылса алардын саны дагы жогорулап, достук мамиле чыңдаларын кошумчалады. Ошондой эле Кыргыз-Катар инвестициялык фондун түзүү, Кыргызстандын энергетика, туризм, тоо-кен жана айыл чарба сыяктуу приоритеттүү тармактарына инвестиция салуу маселелерине токтолду. Өз кезегинде Атайын жана толук ыйгарым укуктуу элчи Али Жабир Мухаммад Аль-Гуфран Аль-Марри жылуу кабыл алгандыгы үчүн Жогорку Кеңештин Төрагасына ыраазычылык билдирип, айтылган ар бир сунуш боюнча тийиштүү иштерди алып барарын белгиледи. “Катар Кыргызстан менен бардык багытта кызматташууга кызыкдар. Алакаларды арттыруу жаатында мүмкүнчүлүктөрүбүз өтө чоң. Мен элчи катары эки өлкөнүн мамлекеттик органдары ортосунда тыгыз байланышты камсыздап, парламенттер аралык алакаларды да кеңейтүү жаатында иш алып барууга даярмын” – деген элчи Катардын Аш-Шура Межлисининин (парламент) Төрагасы Хасан бин Абдулла Аль-Ганимдин жолдогон саламын жеткирди. Муну менен катар дипломатиялык ишмердүүлүгүнүн артыкчылыктуу багыттарды тууралуу кеңири сөз кылды.",vesti.kg,https://vesti.kg/kg/politika-kg/item/133003-toraga-nurlanbek-shakiev-katardyn-kyrgyzstandagy-elchisi-ali-zhabir-mukhammad-al-gufran-al-marrini-kabyl-aldy.html,2024-11-29T13:51:33+06:00,kyrgyz,0,high,,news_site
90abb05b-10bb-4e4e-8885-897c7abebf57,Пайдалуу кеңеш: Өмүрдү кантип оңой узартууга болот?,"Жаңы ири масштабдуу изилдөө күнүмдүк жашооңузга беш мүнөт физикалык активдүүлүктү кошуу өмүрүңүздү узартуу үчүн жетиштүү экенин тастыктайт. Бул тууралуу Championat.com сайты жазып чыкты. The Lancet журналында жарыяланган изилдөө көрсөткөндөй, бул минималдуу активдүүлүк дагы жалпы өлүм коркунучун 10 пайызга, ал эми эң аз кыймылдаган адамдар үчүн 6 пайызга азайтат. Норвегиянын спорт илимдери мектебинин окумуштуулары ошондой эле күн сайын 30 мүнөт отуруп, жеңил активдүүлүк менен алмаштыруу миңдеген эрте өлүмдөрдүн алдын ала аларын эсептеп чыгышты. Бул ачылыштар ден соолукка пайдасы кичинекей, үзгүлтүксүз кадамдардан башталарын көрсөтүп турат. Жыйынтыктар Улуу Британиядан, АКШдан жана Скандинавиядан келген 135 миң адамды камтыган сегиз жылдык изилдөөгө негизделген. Алар физикалык активдүүлүгүн көзөмөлдөө үчүн акселерометр тагынышкан. Изилдөөнүн башында катышуучулардын биринде да өнөкөт оорулардын же кыймылдуулук көйгөйлөрүнүн белгилери байкалган эмес.",24.kg,https://24.kg/kyrgyzcha/361700_paydaluu_kenesh_omurdu_kantip_onoy_uzartuuga_bolot/,,kyrgyz,0,high,,news_site
5ba36944-0bc1-4207-947a-ede7c0d0b1b7,Иранда интернет өчүрүлгөнүнө 60 күн болду,"NetBlocks мониторинг тобу Ирандын интернетти өчүргөнүнө 60 күн болгонун билдирди. “Туура эки ай мурун, 28-февралда Ирандын бийлиги глобалдык желени бөгөттөгөндө өлкө санарип караңгылыгына баткан”, - деп жазды уюм Х социалдык тармагына. Интернет АКШ менен Израил Ислам жумуриятына каршы чабуул баштаганда кесилип, Тегеран аны согуш абалы менен түшүндүргөн. Элдик толкундоолор маалында, январда да интернет өчүрүлгөн. Бирок эксперттер андан айрымаланып, Иран көзөмөлдөө жолдорун бекемдегенин, “ак тизмени” түзгөнүн белгилешет. Айрым адамдар, арасында аткаминерлер, тандалма мекемелер, компаниялар дүйнөлүк желени колдоно алышат. Жакында бул система расмийлешип, эми Internet Pro схемасына ылайык, ишкерлер жана изилдөөчү, окумуштуулар акы төлөп интернетти буга чейинкидей эле пайдаланса болот. Ок атышуу убактылуу токтогон 8-апрелден кийин катардагы ирандыктардын айрымдары интернет эмне үчүн калыбына келтирилбей жатат деген маселени козгошууда. Дүйнөлүк желенин бөгөттөлүшү дигиталдык жана жалпы экономикага да миллиарддаган доллар зыян алып келди.",azattyk.org,https://www.azattyk.org/a/33744278.html,2026-04-28T17:18:57+06:00,kyrgyz,0,high,,news_site
79e86859-d1f9-4735-997f-6a8b474c87ef,Талкаланды делген тажик айылы чынында кыргыз жериби? Текшеребиз,"29-майда тажикстандык «Спутник» агенттиги «Талкаланган Хистеварз: кыргыз-тажик жаңжалынын кесепети аттуу» фотобаянжарыялаган. Материалдан фотограф Амир Исаевдин чек ара чырынын кесепетин чагылдырган 15 сүрөтүн көрсө болот. Фотобаян Кыргызстанда резонанс жаратты: социалдык тармактын колдонуучулары маалыматттын бурмаланышына нааразычылыгынбилдирди. Factcheck.kg бул сүрөттөрдү текшерип көрдү. Автор баштемада Тажикстандын курамындагы Хистеварз шаарынын жапа чеккенин белгилеген. Алгачкы сүрөт«кыргыз-тажик жаңжалынан эң көп жабыркаган регион»деп мүнөздөлөт. Биз бул сүрөттү кылдат текшерип, андагы имаратты Google-картадан издесек, ал тажикстандык Хистеварз шаарында эмес, кыргызстандыкБорбордукайылында табылды.",factcheck.kg,https://factcheck.kg/ky/https-factcheck-kg-ky-razrushennyj-histevarz-ili-kyrgyzskie-sela-proveryaem/,,kyrgyz,1,0.67,https://factcheck.kg/ky/https-factcheck-kg-ky-razrushennyj-histevarz-ili-kyrgyzskie-sela-proveryaem/,fact_check
0db76259-3bb7-4fa9-9a67-67e23c5bad86,Чүй облусунда 1 миң 250 гектар жер чегирткеден куткарылууда,"Өсүмдүктөрдү химиялаштыруу, коргоо жана карантин департаментинин адистери Чүй облусунун Панфилов жана Сокулук райондорунда чегирткелердин массалык түрдө жайылганын аныкташты. Масштабтуу текшерүүлөрдүн жыйынтыгында, ведомство зыянкечтерди жок кылуу боюнча шашылыш чараларды даярдап жатканын Суу ресурстары, айыл чарба жана кайра иштетүү өнөр жайы министрлигинин басма сөз кызматы билдирди. Инспекторлор жана жергиликтүү бийлик өкүлдөрү 2 миң 610 гектар жерди текшерүүдөн өткөрүштү. Зыяндуу курт-кумурскалардын очоктору Панфилов районунун жогорку зоналарында, анын ичинде Фрунзе, Курама жана Орто-Кайыңды аймактарында катталды. Ошондой эле зыянкечтер Сокулук районунун Төмөнкү Чүй аймагындагы жайыттарга чабуул жасаган. Жалпысынан чегирткелер 1 миң 250 гектар аянтты ээлеп алган. Текшерүүнүн жыйынтыгы боюнча департаменттин кызматкерлери актыларды түзүштү. Жакынкы күндөрү мобилдик топтор жабыркаган аймактарды химиялык иштетүүдөн өткөрө баштайт. Эксперттер аймактарга ыкчам мониторинг жүргүзүүнү улантууда. Мындай изилдөөлөр курт-кумурскалар айыл чарба эгиндерине өтүп кете электе, очокторду чектөөгө мүмкүндүк берет. Буга чейин чегирткелер Кыргызстандын түштүгүнө чабуул жасаганы кабарланган. Расмий маалыматтар боюнча, ал жакта 7 миң 320 гектар жер жабыркаган. Быйыл зыянкечтер адаттагыдан эрте пайда болду. Чегирткелердин жайылышын токтотуу үчүн жабыркаган аймактарды химиялык иштетүү иштери башталды.",24.kg,https://24.kg/kyrgyzcha/372373_chuy_oblusunda_1min_250_gektar_jer_chegirtkeden_kutkaryiluuda/,,kyrgyz,0,high,,news_site
0379d643-8b30-446f-8bf8-fb53b2c5930c,Үч өлкөнүн темир жол долбоорунда 29 туннелдин курулушу жүрүп жатат,"Транспорт жана коммуникациялар министрлиги Кытай–Кыргызстан–Өзбекстан темир жолу долбоорунун алкагында туннелдердин курулушу жүрүп жатканын билдирди. Министрликтин маалыматында долбоордо 29 туннелдин курулушу каралган жана алардын жалпы узундугу 104,83 чакырымды түзөт. Ушул тапта бардык туннелдерде, анын ичинде узундугу 5 км ашкан 8 туннелде жер астындагы казуу иштери жүргүзүлүүдө. Кытай–Кыргызстан–Өзбекстан темир жолу долбоорунун алкагында жалпы үч чоң - Нарын №1, Кош-Дөбө жана Фергана туннелдеринин курулушу пландалган. Алардын ар биринин узундугу 12 чакырымдан ашат. 2024-жылдын 27-декабрында Кытай–Кыргызстан–Өзбекстан темир жолунун курулушу башталган. Бишкекте “Кытай–Кыргызстан–Өзбекстан темир жолу” ишканасы түзүлгөн. Анын негиздөөчүлөрү – Кытайдын China Railway International компаниясы, Кыргызстандын “Кыргыз темир жолу” мамлекеттик ишканасы жана Өзбекстандын “Узбекистон темир йуллари” акционердик коому. Бул ишкана темир жолду куруу үчүн Биргелешкен долбоорлоочу компания (БДК) болот. Кошкон каражатына жараша компанияда Кытайдын үлүшү 51% болот, калганы Кыргызстан менен Өзбекстанга тең бөлүнүп, ар бирине 24,5% тиет. 2024-жылы 6-июнда Бээжинде долбоорду биргелешип илгерилетүү боюнча үч өлкөнүн ортосундагы кезектеги макулдашууга кол коюлуп, каржылоо маселеси чечилген. Долбоор наркы 4 млрд 665 млн доллар деп көрсөтүлгөн. Мунун жарымын – 2 млрд 332 млн долларды Кытай үч өлкө түзгөн Биргелешкен долбоорлоочу компанияга насыя катары берет. Кыргыз өкмөтү курулуштун уставдык капиталына 11 млрд сом бөлөт. Бул тууралуу Финансы министрлиги жарыялаган 2025-жылга мамлекеттик бюджеттин долбоорунда жазылган. Темир жолдун курулушуна 20 миңден ашык адам жумушка тартылат. Темир жол “Кашкар–Торугарт–Макмал–Жалал-Абад–Анжиян” багытында түшөт. Узундугу жалпы 530 чакырымды түзсө, 304 чакырымга жакыны Кыргызстандын аймагынан өтөт. Кыргыз жергесинде 18 бекет, 81 көпүрө болот. Темир жолдун 40% туннелдерден жана көпүрөлөрдөн турат. Макмалдын эки жагындагы колея эки башка өлчөмдө курулуп, ал жерге жүктү кайра жүктөөчү станция салынат. Темир жол жүк ташуучу да, жүргүнчү ташуучу да милдетти аткара алат. (BTo)",azattyk.org,https://www.azattyk.org/a/33732563.html,2026-04-15T11:07:17+06:00,kyrgyz,0,high,,news_site
2f9415d2-03e9-4be2-8deb-5679bbb25048,Бекешевди кемсинткен “Садыр Жапаров” аттуу колдонуучу фейк эмес — фактчек,"Социалдык тармактарда Дастан Бекешевдин жаңы Конституцияны сынга алган видеосу тараган. “Фейсбуктагы” видеонун алдында “Садыр Жапаров” аттуу колдонуучу: “көзү эле эмес, көөдөнү кошо сокур экен бул акмактын – помощник” деген пикир жазган. Айрым колдонуучулар “мындай комментарий президенттин деңгээли эмес” деп сынга алса, дагы бири бул фейк аккаунт деп божомолдогон. Мындан уламFactcheck.kg“Садыр Жапаров”аттуу колдонуучу тууралуу маалыматты текшерди. Биринчи сүрөт 2012-жылдын 25-декабрында жарыяланган. Ал эми 26-декабрда профилдин мукаба сүрөтү жүктөлгөн. Демек, бул аккаунт  9 жылдан бери иштейт деген бүтүм чыгарабыз. 2012-жылдан 2017-жылга чейин колдонуучу социалдык тармакта активдүү болгон. Ал саясий жаңылыктар менен бөлүшүп, алар тууралуу өз пикирин билдирип турган. Ал эми 2016-жылы Жогорку Кеңеште депутат болуп турган кезде тартылган тасмалар менен ар жума сайын бөлүшөрүн жазган.",factcheck.kg,https://factcheck.kg/ky/polzovatel-sadyr-zhaparov-oskorbivshij-dastana-bekesheva-ne-fejkovyj-faktchek/,,kyrgyz,1,0.57,https://factcheck.kg/ky/polzovatel-sadyr-zhaparov-oskorbivshij-dastana-bekesheva-ne-fejkovyj-faktchek/,fact_check
a2bc6b33-4970-47bb-a3fb-edec3d00e0d6,Президент Кадамжай районундагы «Торговый» базарынын соодагерлери менен жолугушту,"Садыр Жапаров бүгүн, 6-майда Баткен облусуна болгон кыска мөөнөттүү жумушчу сапарынын жүрүшүндө Кадамжай районунун Ак-Турпак айыл аймагындагы «Торговый» базарына барды. Бул тууралуу президенттин басма сөз кызматы билдирет. Мамлекет башчысына базардын учурдагы абалы жана соода шарттары тууралуу маалымат берилди. Андан соң президент сатуучулар жана жергиликтүү тургундар менен баарлашып, алардын сунуш-пикирлерин укту. Маалым болгондой, 4 гектар аянтты ээлеген бул базар чек арага жакын аймактагы маанилүү соода түйүндөрүнүн бири болуп саналат. Негизги соода күнү шаршембиге туура келип, бул убакта 400гө жакын соодагер келет. Ал эми автоунаа жолунун боюнда туруктуу негизде 50гө жакын соода түйүнү иш алып барат. Белгилей кетсек, мамлекет башчысынын Баткен облусуна болгон бул сапары биринчи кезекте мамлекеттик чек араны демаркациялоо маселелери менен жеринен таанышуу зарылдыгына байланыштуу болду. Президенттин аймак тургундары менен кеңири форматтагы жолугушуулары анын облуска боло турган кийинки иш сапарынын алкагында өткөрүлөрү пландалууда.",24.kg,https://24.kg/kyrgyzcha/373024_prezident_kadamjay_rayonundagyi_torgovyiy_bazaryinyin_soodagerleri_menen_jolugushtu/,,kyrgyz,0,high,,news_site
e17ac5e8-6b9d-4e0d-b271-067c838f5f4b,Орус армиясынын аба соккусунан Харьковдо алты киши мүрт кетти,"Украинанын Харьков облусунда ракета чабуулунан төрт адамдын өмүрү кыйылды. Бул тууралуу 4-майда облустук аскердик администрациянын башчысы Олег Синегубов билдирди. Ал кошумчалагандай, кыркка жакын адам жаракат алды. Ошондой эле жеке үйлөр, көп кабаттуу имараттар, төрт дүкөн жана техникалык тейлөө жайы жабыркады. Ал эми Чернигов облусундагы Новгород-Север районунда орус күчтөрүнүн чабуулунан кийин 14 миңдей тургун электр жарыгысыз калды. Жергиликтүү бийликтин маалыматына ылайык, шаар түн ичинде бир нече жолу дрондор менен аткыланып, жарандык инфраструктура зыян тартты. Бир адам жараат алды. Мындан тышкары, Донецк, Днепропетровск, Херсон жана Харьков облусунун айрым аймактарында да электр энергиясы үзгүлтүккө учурады. Чугуев районунда орус дрону нан ташыган машиненин жанына кулап, айдоочу менен кошо дагы бир адам жаракат алды. Ал эми Сумы облусунда көп кабаттуу үйлөр жана башка имараттар орус армиясынын чабуулунан зыян тартты. Украин армиясы билдиргендей, 4-майга караган түнү орус армиясы жалпысынан 155 дрон менен чабуул койгон. Алардын 135и атып түшүрүлгөнү айтылды. Орусиянын Коргоо министрлиги Украинада адатта аскердик гана жайларды бутага аларын билдирип, жарандык инфраструктурага урулган соккуларды четке кагып келет.",azattyk.org,https://www.azattyk.org/a/33748946.html,2026-05-04T20:45:19+06:00,kyrgyz,0,high,,news_site
9ecb9292-b60a-4fa5-9ef3-079a02a778f4,Кумтөр тышкы башкаруу режимин токтотту (сүрөт),"Тиешелүү буйрукка Акылбек Жапаров кол койду Министрлер кабинетинин төрагасы Акылбек Жапаров жарлыкка кол койду, ага ылайык Кумтөр кенинде тышкы башкаруу режими токтотулду. Бул тууралуу маалымат «Кумтөр Голд Компани» ЖАКтын сайтында жарыяланды. Документке ылайык, “Улуу көчмөндөрдүн мурасы” холдинги жана “Теңиз Бөлтүрүк” эки жуманын ичинде министрлер кабинетине өз ишмердүүлүгү тууралуу отчет бериши керек.Эске салсак, Кумтөрдө тышкы башкаруу 2021-жылдын 17-майында киргизилген.Сүрөт www",vesti.kg,https://vesti.kg/kg/geologiya-kg/item/103547-kumtor-tyshky-bashkaruu-rezhimin-toktottu-surot.html,2022-08-25T14:13:13+06:00,kyrgyz,0,high,,news_site
65a56a3f-3f8c-4651-8e39-1748c9a459d4,Түндө Кыргызстандын түштүк тарабында жер титирөө катталды,"Кыргызстандын Улуттук Илимдер Академиясынын Сейсмология институту өлкөнүн түштүк тарабында болжол менен 4,0 баллга жеткен жер титирөө катталды деп билдирди. Институттун маалыматы боюнча, жер титирөө 26-январда саат 3:54тө болгон. Жер титирөөнүн очогу Каблан-Кел айылынан түштүк-батышка 3 чакырым, Алга-Бас айылынан түндүк-чыгышка 5 чакырым, Чайчы айылынан түштүккө 10 чакырым жана Оштон түштүк-чыгышка 45 чакырым алыстыкта ​​жайгашкан. Жер титирөөнүн күчү Алга-Бас жана Каблан-Кел айылдарында 3,5 балл, ал эми Чайчы, Лаглан, Тогуз-Булак, Тээке жана Алга айылдарында 3,0 балл болгон. Жер титирөөдөн жабыркагандар жана кыйроолор катталган жок.",24.kg,https://24.kg/kyrgyzcha/359229_tundo_kyirgyizstandyin_tushtuk_tarabyinda_jer_titiroo_kattaldyi/,,kyrgyz,0,high,,news_site
bb538b27-f884-4beb-aeae-d740b1169b85,Түптө үйүндө баңгизат сактап жүргөн жарандар кармалды,"Түп райондук ички иштер бөлүмүнө баңгизаттарды мыйзамсыз сактап жана колдонуп жүргөн жарандар тууралуу оперативдик маалымат келип түшкөн. Бул тууралуу Ысык-Көл облустук ички иштер башкармалыгы билдирди. Маалыматка ылайык, КР Кылмыш-жаза кодексинин 283-беренеси боюнча кылмыш иши козголгон. 14-март күнү Түп РИИБдин кызматкерлери тарабынан жүргүзүлгөн ыкчам-иликтөө иш-чараларынын жүрүшүндө шектүү катары аныкталган жарандардын турак жайларында мыйзамдуу тинтүү иш-чаралары жүргүзүлгөн. Натыйжада, 1973-жылы туулган Ж.А. аттуу жаранды жеке тинтүү учурунда анын кийип жүргөн кара түстөгү курткасынын чөнтөгүнөн жапайы өскөн кендир чөбүнө окшош, өзгөчө жыты бар зат табылган. Ошондой эле анын турак жайынан жапайы өскөн кендир чөбүнө окшош, өзгөчө жыты бар, полиэтилен баштыктарга салынган бир нече заттар табылган. Табылган заттардын жалпы салмагы 1 килограмм 531 граммды түзүп, далил зат катары алынган. Мындан тышкары, 1972-жылы туулган Б.Б. аттуу жарандын кашарын жана турак жайын тинтүү учурунда кашарынан полиэтилен баштыкка салынган, чабылып-чогултулган жапайы өскөн кендир чөбүнө окшош, өзгөчө жыты бар зат табылган. Ошондой эле жапайы өскөн кендирге окшош чөптөрдүн жалбырактары, 13 даана балык уулоочу синтетикалык кытай торлору, 2 даана үйлөтмө кайык, 19 даана ок атуучу куралдын ок-дарысы, күкүрт жана пистондор табылган. Табылган заттардын жалпы салмагы 3 килограммдан ашып, далил зат катары алынган. Алынган заттарга соттук-химиялык экспертиза дайындалып, учурда тергөө амалдары улантылууда.",24.kg,https://24.kg/kyrgyzcha/366311_tupto_uyundo_bangizat_saktap_jurgon_jarandar_karmaldyi/,,kyrgyz,0,high,,news_site
508c9a0c-47da-4dc9-a4e0-df61794814b8,Чек ара чырынан жабыр тарткан балдар тууралуу маалымат – Фейк [split],"Бирок, башка сүрөттөр тууралуу расмий булактарда сөз болгон эмес эле. Аларды ачык булактардан текшерген учурда Азербайжандагы Гянджа шаарындагы Анжела аттуу кыз отко күйгөнү маалымдалат. Анжела 2019-жылы Түркияда дарыланган. Социалдык тармактарда тараган башка сүрөттөр да бул кызга таандык. Жыйынтык:отко күйгөн жаш балдар тажик аскерлеринин курмандыгы болду деген маалымат жалган.",factcheck.kg,https://factcheck.kg/ky/informacziya-o-postradavshih-detyah-vo-vremya-pogranichnogo-konflikta-fejk/,,kyrgyz,1,0.6,https://factcheck.kg/ky/informacziya-o-postradavshih-detyah-vo-vremya-pogranichnogo-konflikta-fejk/,fact_check
1c52bb96-1f2b-4cfe-86f7-e59d72408f8a,Белгисиз учуучу объект тартылган тасма — фейк [split],"Каталардын деңгээлине (Error Level Analysis)  саресеп салсак, объект тартылган жер turmush деген логотип сыяктуу башка фондон айырмаланарын көрөбүз. Дагы бир белгилей кетчү нерсе — тасмадагы элдин жүрүм-туруму. Алар шаардагы асман каптаган белгисиз учуучу объектке эч кандай көңүл бурбаганы байкалат. Мындан тышкары, жергиликтүү тургундардын таң калычтуу көрүнүш тууралуу бир да сүрөт же видео менен социалдык тармактарда бөлүшпөгөндүгү. Мындан беш жыл мурда дал ушундай эле тариздеги тасма Казакстандын бир нечке шаарында тартылды деп айтылып, тараганын эске сала кетели. Жыйынтык.Видеофейк. Скриншоттордун анализи тасма жасалма экенинен кабар берди. Мындан тышкары, асман каптаган учуучу объекттин күбөлөрү да табылган жок.",factcheck.kg,https://factcheck.kg/ky/nlo-nad-karakolom-nepravda/,,kyrgyz,1,0.71,https://factcheck.kg/ky/nlo-nad-karakolom-nepravda/,fact_check
053b3eea-1e6b-49e7-bb2d-439b3ceed00e,"«Бул билдирүүлөр жалган. Жооптуу шаардык кызматтар билим берүү мекемелеринде коопсуздукту камсыздоо боюнча комплекстүү иш-чараларды жүргүзүүдө», – деп билдирген Анапанын муниципалдык башкаруу борборуTelegram’да.","Акыркы күндөрү мессенжерлерде батарейканын ордуна жардыргыч зат орнотулган кол чырактар калктуу конуштарда ар кайсы жерге ташталып жатат деген билдирүүтаркатылууда. Бул билдирүү кызыл жана жашыл түстөгү эки кол чырактын сүрөтү менен коштолот. Factcheck.kg’нин журналисттери бул маалыматтын калп-чынын текшерип чыгышты. Биз таркатылып жаткан сүрөттү алып Google Lens аркылуу ага окшош сүрөттөрдү интернеттен издедик. Так ушундай сүрөт бир канча сайттарда жарыяланганын байкадык. Так ушундай билдирүү Анапа шаарындагы (Орусия) чаттарда датаркатылып жатканынаныктадык. «Кубань 24» билдиргендей, Анапа шаарынын муниципалдык башкаруу борбору жардыргыч заты бар кол чырактар тууралуу маалыматтытөгүндөгөн. «Бул билдирүүлөр жалган.",factcheck.kg,https://factcheck.kg/ky/v-kyrgyzstane-razbrasyvayut-fonariki-so-vzryvnymi-ustrojstvami-proveryaem/,,kyrgyz,1,0.64,https://factcheck.kg/ky/v-kyrgyzstane-razbrasyvayut-fonariki-so-vzryvnymi-ustrojstvami-proveryaem/,fact_check
1f383862-3deb-4c5c-adf9-fcdccdf32f3a,Чек ара бекетинде өзүн атып алган жоокер каза болду,"Мурда чек ара бекетинде октон оор жаракат алган келишимдик аскер кызматкери И. уулу А. ооруканада каза болду. Мамлекеттик чек ара кызматы бул кабарды тастыктады. Маалыматка ылайык, ал кырсык катталары менен Алай районунун Гүлчө шаарындагы ооруканага жеткирилген. Бирок ага көрсөтүлгөн ыкчам медициналык жардам жана куткаруу аракеттерине карабастан, анын өмүрүн сактап калуу мүмкүн болгон жок. Бул факты боюнча чек ара кызматы кызматтык иликтөө иштерин улантууда. Эске салсак, 2004-жылы туулган И. уулу А. 8-апрелде АК-74 автоматынан ок чыгарып, өмүрүнө кол салууга аракет кылганы маалымдалган.",24.kg,https://24.kg/kyrgyzcha/370105_chek_ara_beketinde_ozun_atyip_algan_jooker_kaza_boldu/,,kyrgyz,0,high,,news_site
5b0ec70e-8463-4f79-b726-744685ee5894,Германияда Орусиянын пайдасына тыңчылык кылган деген шек менен казак жараны кармалды,"Берлинде Орусиянын пайдасына тыңчылык кылган деген шек менен казак жараны кармалды. Бул тууралуу шаршембиде Германиянын Федералдык прокуратурасыбилдирди. Маалыматка караганда, Сергей К. аттуу киши “кеминде былтыркы майдан тарта орусиялык атайын кызматтардын бири менен такай байланышып турган”. Шектүүнү камакка алуу ордеринде ал түрдүү маалыматты берип турганы айтылат. “Алардын арасында Германиянын Украинага берген аскердик жардамы, немис коргоо жана аскер өнөр жайы, өзгөчө дрон менен робот чыгарган ишканалар тууралуу маалымат бар. Сергей К. ошондой эле Берлиндеги коомдук имараттардын же кан жолдордогу аскердик техниканын, анын ичинде НАТОго мүчө бир мамлекеттин техникасынын кербенинин сүрөттөрүн берип турчу. Мындан тышкары атайын кызматтагы адамга Германияда диверсия кылууга ыңгайлуу жайлар тууралуу маалыматты өткөрүп берип, тыңчылык жана диверсия үчүн кишилерди табууну сунуш кылган”, - деп айтылат документте. Der Spiegelбасылмасы коопсуздук кызматындагы булактарга шилтеме менен жазгандай, казак жараны диверсия кылуунун буталары үстүнөн иштеген деген белгилер жок. “Ал көбүнесе идеялар менен бөлүшүп турчу. Ал өткөрүп берген маалыматтардын көбү ачык булактарга жарыяланган”, - деп жазды басылма. Шектүүнүн батиринде тинтүү жүргөнү кабарланды. Коопсуздук кызматындагы дагы бир булактар Сергей К. буга чейин Украинанын Донецк облусунда Орусиянын тарабында согушкан болушу мүмкүн деп билдиришти. 29-апрелде Федералдык сот палатасы анын баш коргоо чарасын аныктамакчы.",azattyk.org,https://www.azattyk.org/a/33745144.html,2026-04-29T17:40:42+06:00,kyrgyz,0,high,,news_site
3624b395-f0ca-4e21-948f-c5a0a01865b0,Арстанбек Абдылдаев: “2020-жылдан баштап жалган дүйнөнүн жолу жабылды”. — Текшерүү мүмкүн эмес [split],"Ошондуктан менин президенттике бараткан максатым — ааламдан адамзатты, кыргызды башкаруу, куткаруу. Бул аалам жеңди! Бүгүнкү күндө Арстанбек Абдылдаевдин билдирүүлөрүн текшерүүгө мүмкүнчүлүк бере турган куралдар жок. Жыйынтык: текшерүү мүмкүн эмес.",factcheck.kg,https://factcheck.kg/ky/arstanbek-abdyldaev-v-2020-godu-ischez-lozhnyj-mir-otkrylas-doroga-pravdivogo-mira-nedokazuemo/,,kyrgyz,1,0.75,https://factcheck.kg/ky/arstanbek-abdyldaev-v-2020-godu-ischez-lozhnyj-mir-otkrylas-doroga-pravdivogo-mira-nedokazuemo/,fact_check
b0029bd9-b9ce-4306-a6af-17fe1c2b7cc0,"Кантип шылуундар дипфейктерди колдонуп, акчаны уурдашууда? Factcheck [split]","Ушуга байланыштуу, жалган токой өрттөрүн же суунун капташын көрсөтүп, алдаса болот. Ошондой эле өлкөнүн бийликтеринде тарыхты аларга керектүү нукта берүүгө мүмкүнчүлүк түзүлөт. Географиялык дипфейктер улуттук коопсуздукка коркунуч жаратышы мүмкүн, анткени саясий айдыңдагы атаандаштар бири-бирин алдаш үчүн аны колдона алышат. Бүгүнкү күндө жасалма иштеллект дипфейкти 30-97% тактык менен аныктай алат. Carnegie Mellon университетинин изилдөөчүлөрү ушундай жыйынтыккакелишкен(аспаптар тууралуу маалыматтардыбул жерденалса болот). Аны менен катар дипфейктер менен мыйзамдын алкагында да күрөшсө болот. Мисалы, 2020-жылдан бери Кытайда дипфейк видео жана аудио материалдарды алардын жасалма экенин билдирбестен таркатуукылмыш ишиболуп эсептелет. Калифорнияда да шайлоо аяктаганына 60 күн болгуча саясий талапкерди жамандаган жана шайлоочуларды жаңылыш чечимге түрткөн дипфейк видеолорду таркатуугатыюу салынган. 2019-жылы Дональд Трамп дипфейкке тийиштүү биринчи федералдык мыйзамгакол койгон. Орусиянын мыйзамчылыгындадипфейкке түп нуска чыгарманын негизиндеги чыгарма катары карашат. Түп нускага укугу бар тараптын урусатысыз аны колдонуу мыйзамсыз деп эсептелет. Улуубританиянын мыйзамы боюнча, машина жараткан объектке менчик укугу ушул объекттин жаралышына түздөн түз катышы, же аракети бар тарапка берилет. Кыргызстанда дипфейк технологияларын колдонуп шылуундук кылуу учурлары тууралуу азырынча маалымат жок. Бирок да1 миллиондон ашык кыргызстандыктарчет жерде жүрөт, алар шылуундардын курмандыктары болуп калышы толук мүмкүн. Кыргызстан мыйзамчылыгы үчүн жасалма интеллект деген жаңы түшүнүк жана ага байланыштуу маселелерди жөнгө салуу мыйзамдарда каралган эмес. Жасалма интеллект эбегейсиз тездикте өнүгүүдө жана аны колдонуу учурлары көбөйүүдө. Ошондуктан мыйзамдык жөнгө салуу зарыл. Ошол эле кезде автордук укук, жеке маалыматтардын коопсуздугу деген маселелерге көңүл буруу керек, анткени учурда машиналык окутууну жана нейрондук тармактарды колдонуп белгилүү инсандардын сүрөттөрүн колдонуучулардын сүрөттөрү менен алмаштырып, жасалмалыгын аныктоо оор болгон фейк видеолорду жасоо мүмкүнчүлүгүн берген тиркемелердин саны көбөйдү. Жасалма интеллектини жөнгө салуу тармагындагы изилдөөлөрдүн негизинде эл аралык коомчулук жасалма интеллект системаларынын өнүгүүсүнө байланыштуу адамдардын өз ара аракеттенүүсүнүнэл аралык эрежелериништеп чыгышты, ага жасалма интеллектти колдонуунунэтикасыда кирет. Бул багыттагы иштелип чыккан эл аралык актылар Кыргыз Республикасынын жасалма интеллектти жана жаңы технологияларды жөнгө салуу боюнча укуктук базасын түзүүгө жакшы өбөлгө боло алат эле.",factcheck.kg,https://factcheck.kg/ky/kak-moshenniki-ispolzuyut-dipfejki-i-pohishhayut-dengi-factcheck/,,kyrgyz,1,1.0,https://factcheck.kg/ky/kak-moshenniki-ispolzuyut-dipfejki-i-pohishhayut-dengi-factcheck/,fact_check
a58450b4-9d44-4cc1-9ecf-0de64e349d79,«Тез кабар» сайтына МЕДИАСЫН: кеңири манипуляция жана кесиптик этиканын бузулушу,"15 январда tezkabar.org сайтында «Искандаров Курбанбай, куулугу мунун кумгандай…» деген аталыштагы макалажарык көрдү. Макалада өкмөттүн чек ара маселеси боюнча мурдагы өкүлү, өкмөттүн чек ара аймактарды өнүктүрүү жана чек араны делимитациялоо боюнча бөлүмүнүн мурдагы башчысы Искандаров Курбанбай тууралуу  кеп козголгон. Мындан тышкары, ысымы белгисиз автор Кыргызстан журналистинин этикалык кодексинин бир нече беренелеринин бузулушуна жол берген. Баштема Баштема “куулугу мунун кумгандай”  деген сөздөр менен коштолуп, макала каарманына дароо тескери мүнөздөмө берет. Бул манипуляциянын “Көө жабуу” ыкмасы деп аталат. «Көө жабуу», «тамга басуу» (навешивание ярлыков) ыкмалары аудиторияга каарман тууралуу белгилүү бир мүнөздөмөнү алдын ала берип, окурманды өз алдынча чечим чыгаруу мүмкүнчүлүгүнөн ажыратат.  Булак- Коул, 1998,  210-312 – беттер. Навешивание ярлыков заставляет аудиторию мыслить размытыми категориями, а не пытаться выделить особые характеристики объекта самостоятельно. Мындан тышкары, макалада каарманды “мүнөздөөчү” төмөнкү сүйлөмдөр колдонулат: “өздөн чыккан жат жаман”, “Дипломатия дегендин “д” тамгасын түшүнбөгөн Курбанбай аке”, “түз эле мурду менен тийе берип”, “кызматтын кумарына азгырылып”, “эшектин тушоосун чечкен эмес” ж.б.",factcheck.kg,https://factcheck.kg/ky/kyrgyz-tez-kabar-sajtyna-mediasyn-ke%d2%a3iri-manipulyacziya-zhana-kesiptik-etikanyn-buzulushu/,,kyrgyz,1,0.67,https://factcheck.kg/ky/kyrgyz-tez-kabar-sajtyna-mediasyn-ke%d2%a3iri-manipulyacziya-zhana-kesiptik-etikanyn-buzulushu/,fact_check
cdb1455e-1a91-4916-9aec-64cebd43f086,"Самарада дрон чабуулунан кабат үйдүн кире бериши урап, 11 киши жараат алды","Орусиянын Самара облусундагы Сызран шаарында дрон чабуулунан кийин турак үйдүн кире бериши, подъезди урап түштү.""Украин армиясынын дрон чабуулунун жыйынтыгында Сызранда көп кабаттуу үйдүн подъезди урады. Жеринде куткаруучулар иштеп жатат. Урандынын астынан төрт киши куткарылды, алардын бирөө бала"", - деди губернатор Вячеслав Федорищев.Өзгөчө кырдаалдар министрлигинин баштапкы маалыматына караганда, жалпысынан 11 киши жараат алды, алардын экөө балдар.Самара аэропортунда убактылуу чектөө киргизилди. Орусиянын Коргоо министрлиги өткөн түнү 12 аймакта жана Кара деңиз акваториясынан 155 украин дрону атып түшүрүлгөнүн билдирди.Украина соңку чабуул тууралуу комментарий бере элек.Мунун алдында украин маалымат каражаттары Самара облусунда ""Самара"" мунай станциясына сокку урулганын жазышкан.Exilenova+ мониторинг каналы Сызранда дагы бир турак үй соккуга кабылганын билдирди.Курск облусунда учкучсуз учак көп кабаттуу үйгө түшүп, 36 киши эвакуация болгонун губернатор Александр Хинштейн кабарлады.",azattyk.org,https://www.azattyk.org/a/33737773.html,2026-04-22T12:41:19+06:00,kyrgyz,0,high,,news_site
53ed7a58-2f81-46e1-84c2-78990ba8a3ea,​Бишкекте турак үйдүн бешинчи кабатынан чыккан өрт толук өчүрүлдү,"​Бишкек шаарынын 5-кичи районунда жайгашкан көп кабаттуу үйдүн 5-кабатынан чыккан өрт толук өчүрүлдү. Бул тууралуу Өзгөчө кырдаалдар министрлигинин басма сөз кызматы кабарлады. Өрт өчүрүүгө шаардагы №3 өрткө каршы куткаруу бөлүгүнөн бир күжүрмөн эсеп жана автошаты, куткаруучу тартылган. Алар 11 адамды коопсуз жайга чыгарышты.Кырсыктын себептери азырынча белгисиз. Жабыркагандар жок экени айтылды. Министрлик тилсиз жоонун кесепети, чыгаша-зыян тууралуу азырынча маалымат бере элек.Аталган министрликтин маалыматына караганда, соңку беш жылда Кыргызстанда өрттөн 248 адамдын өмүрү кыйылды, бул аралыкта өлкөдө 19 миңге жакын өрт кырсыгы катталды. (КЕ)",azattyk.org,https://www.azattyk.org/a/33725921.html,2026-04-06T18:52:42+06:00,kyrgyz,0,high,,news_site
ec3322f3-55cf-4bd6-a3f5-8f4cec9baee7,Орусия Украинанын эки аймагын ракета жана дрон менен аткылады,"Орус аскерлери 24-апрелге караган түнү Украинанын Одесса аймагына сокку урганын, кеминде эки кишинин өмүрү кыйылганын шаардын жана облустун аскердик администрация башчылары Сергей Лысак жана Олег Кипер Telegram каналдарында билдиришти. Турак жай кварталдары жана соода кемеси бутага алынып, каза тапкан эки адамдан тышкары дагы 14ү жаракат алганы, алардын экөө ооруканага жаткырылганы маалымдалды. Лысак чабуулдун курмандыгы 75 жаштагы жубайлар болгонун билдирди. Куткаруучулардын маалыматы боюнча, алар эки кабаттуу үйгө сокку урулганда каза болушкан, дагы бир адам жаракат алган. Дагы үч үйгө чабуул коюлганы, ал жерде батирлер талкаланып, өрт чыкканы, алты адам жаракат алганы кабарланды. Бул жолу орус аскерлери Украинаны эки ""Искандер-М"" баллистикалык ракетасы жана 107 согуштук дрон менен аткылаганын, эртең мененки саат 8ге карата 96 учкучсуз учак атып түшүрүлгөнүн украин Куралдуу күчтөрүнүн Аба күчтөрү маалымдады. Николаев облусунда эртең мененки дрон чабуулунан, сыныктардын түшүүсүнөн 45 жана 68 жаштагы аялдар жабыркап, эки үй зыянга учураганын жергиликтүү бийлик билдирди. Орусиянын Коргоо министрлиги жумага караган түнү өлкөнүн төрт аймагында жана аннексияланган Крымда Украинанын 10 учкучсуз учуучу аппараты ""кармалып, жок кылынганын"" билдирди.",azattyk.org,https://www.azattyk.org/a/33741452.html,2026-04-24T12:19:37+06:00,kyrgyz,0,high,,news_site
6a954284-71b5-4d64-b349-2cd235a7e828,Орусиялык генерал Азатбек Омурбековду жок кылуу аракети көрүлгөнү маалымдалды,"Орусиянын Хабаровск аймагындагы аскердик гарнизондо жардыруу болуп, бир адам каза тапты, бир нече адам жаракат алды. Бул тууралуу «ВЧК-ОГПУ» жана Khabara Телеграм каналдары жазышты. Маалыматка караганда, чабуул генерал-майор Азатбек Омурбековду жок кылуу максатында коюлган болушу мүмкүн. Жардыруу гарнизондогу №55 үйдүн кире беришинде болгон. Бомба тепкичке коюлган. Натыйжада подполковник Кузьменко каза болуп, Омурбеков аман калган. Бирок анын абалы тууралуу маалымат жок. Khabara жазгандай, жардыруу 28-апрелде эртең менен болгон. Үч-төрт киши жаракат алган. Расмий бийлик бул окуя боюнча азырынча маалымат бере элек. Азатбек Омурбеков 2022-жылы Хабаровск крайында жайгашкан №64 өзүнчө мото аткычтар бригадасын жетектеген. Ал Украинанын Буча шаарындагы кыргынга айыпталып келет. Орусиянын Коргоо министрлиги бул айыптоолорду четке каккан. Бирок Associated Press жана Би-би-си сыяктуу эл аралык медиалар өз иликтөөлөрүндө жарандардын өлүмүнө орус аскерлери тиешеси бардыгын көрсөтүшкөн. Украинанын прокуратурасы оккупация маалында Бучада 600дөн ашуун карапайым киши өлтүрүлгөнүн, көбү кыйноого кабылганын аныктаган. 2022-жылдын жай айларында ошол эле бригаданын жоокери Даниил Фролкин журналисттерге интервью берип, оккупациядагы Андреевка айылында жаранды өлтүргөнүн мойнуна алган. Ал ошондой эле Омурбеков жоокерлерди сабап, кемсинткенин жана фронттогу кырдаал тууралуу бурмаланган маалымат бергенин айткан. Кийин Фролкин «жалган маалымат таратты» деген айып менен 5,5 жылга соттолгон. Аны менен бирге кызмат өтөгөн аскерлер Омурбеков жарандарды, айрыкча уюлдук телефону бар адамдарды атууга буйрук бергенин билдиришкен. Бучадагы окуялардан кийин ага орус президенти Владимир Путин «Орусиянын Баатыры» наамын ыйгарган. Омурбековго АКШ, Улуу Британия жана Евробиримдиксанкция киргизген. Омурбеков 1983-жылы Өзбекстандын Каракалпак автоном облусунун башкы каласы Нукус шаарында төрөлгөн.",azattyk.org,https://www.azattyk.org/a/33745909.html,2026-04-30T14:03:01+06:00,kyrgyz,0,high,,news_site
a0006bda-69ae-4f1f-b27b-21acf9e7dfea,Дипфейктер деген эмне жана эмнеси менен алар коркунучтуу?,"Украинанын президенти Владими Зеленский «Украин элин багынып берүүгө чакырган» же Орусия президенти Владимир Путин «Украина тарап менен сүйлөшүүлөр Орусиянын пайдасына чечилди» деп билдирген видеолорду көрдүңөр беле? Көрсөңөр, анда силер дипфейк менен таанышкан болосуңар. Дипфейк– бул жасалма интеллектин жардамы менен даярдалган, жасалма экендигин аныктоо оор болгон аудио же видеоролик. Ушундай жол менен саясатчыларга, белгилүү адамдарга каалаган сөздөрдү сүйлөтүп, алар кылбаган нерсени кылгандай кылып көрсөтүп койсо болот. Жыл сайын дипфейктердин саны геометриялык прогрессияда өсүп жатат. Эгерде 2019-жылыSentinel жүргүзгөн эсеп боюнча, 14 миң дипфейк аныкталган болсо, 2020-жылы бул технологияны колдонуу менен өндүрүлгөн фейк видеолордун саны 145 миңге жетти. 2017-жылыRedditсайтында (жаңылык веб-сайты жана форум – ред. эск.) дипфейк (Deepfake) тууралуу биринчи жаңылык жарыяланган, анда жасалма интеллектини колдонуу менен видеодогу адамдын жүзүн кантип өзгөртсө болоору көрсөтүлгөн болчу. Бул ыкманын аталышыdeep learning(терең окуп үйрөнүү) жана fake (жалган) деген англис сөздөрүнөн куралган. Терең окуп үйрөнүү – булгенеративдик-таймашуу тармагы (GAN)аталышта белгилүү машинаны окутуу ыкмасы. Бул технологияны 2014-жылы эле Стэнфорд университетинин студенти Ян Гудфеллоу ойлоп чыгарган. GAN-дын генератор жана дискриминатор түрүндөгү эки нейрондук тармагы бара, алар так жыйынтыкка жетиш үчүн бир-бири менен таймашууда болушат. Башкача айтканда, генератор жасалманы жасайт, ал эми дискриминатор анын каталарын издейт. Система керектүү жыйынтыкка жетмейин өзүн улам-улам оңдоп-түзөп турат жана система канчалык көп убакыт окуп-үйрөнсө, ошончолук жасалма видеону чындыктан айырмалоо оор болот. Ал мына ушундай иштейт Бүгүнкү күндө дипфейкти аныктоо өтө татаал. Саясий тармактагы эң биринчи жана эң белгилүү дипфейк – 2019-жылы АКШ Конгрессинин Өкүлдөр палатасынын спикери Нэнси Пелоси тартылган видео ролик болду. Видеодо анын сүйлөөсү начар, ошого байланыштуу ал мас болгондуктан, чулдурап сүйлөгөндөй элес калтырат. Politics WatchDog сайтында жарыяланганвидео2,7 млн жолу көрүлүп, 50 миң колдонуучу аны менен бөлүшкөн. Синтетикалык видео кайсы бир саясый кызыкчылыкта гана эмес, кара ниетте да жасалат.",factcheck.kg,https://factcheck.kg/ky/chto-takoe-dipfejki-i-pochemu-oni-opasny/,,kyrgyz,1,0.85,https://factcheck.kg/ky/chto-takoe-dipfejki-i-pochemu-oni-opasny/,fact_check
d116c3f2-6a2c-458b-bc21-20a0f72ec5a7,Балага паспортту ата-энесинин биринин гана арызы менен бере баштоо каралууда,"Жогорку Кеңештин Эл аралык иштер, коргоо, коопсуздук жана миграция комитети 14-апрелдеги жыйынында ""Тышкы миграция жөнүндө"" мыйзамга өзгөртүү киргизүү тууралуу"" мыйзам долбоорун үчүнчү окуудан карап, колдоду. Мыйзам долбооруна ылайык, 16 жашка толо элек кыргызстандыктарга жалпы жарандык паспорт алуу үчүн ата-энесинин биринин гана өтүнүчү же макулдугу талап кылынат. Депутаттарга маалымат берген ""Кызмат"" мамлекеттик мекемесинин жетекчисинин орун басары Эрнес Досалиев мыйзам долбоорунун максаты жалпы жарандык паспорт алуу жобосун жөнөкөйлөтүү болгонун билдирди. ""Азыркы мыйзам боюнча балдарга паспорт алуу үчүн ата-энесинин экөөнүн тең макулдугу керек. Бирок көп учурда бул кыйынчылыктарга такалат, себеби ата-энесинин экөөнүн тең макулдугун алуу дайыма эле оңой боло бербейт. Алардын бири чет жакта болушу мүмкүн же баланы багышпайт жана башка себептер бар. Экинчиси болсо аргасыздан сотко кайрылат"", - деди ал. Досалиев мындай жеңилдик балага паспорт алууда гана каралып жатканын, жашы жете элек баланы чет өлкөгө чыгарууда ата-энесинин экөөнүн тең макулдугу талап кылынарын эскертти. Паспорт алуудагы жеңилдиктер чет өлкөлөрдө жүргөн кыргызстандык балдарга тиешеси жок. Аларга паспорт алышы үчүн ата-энесинин экөөнүн тең макулдугу талап кылынат. (ZKo)",azattyk.org,https://www.azattyk.org/a/33731758.html,2026-04-14T11:17:24+06:00,kyrgyz,0,high,,news_site
2e630a03-702f-46a0-b0e4-8867400cb11c,Кытай мандариндери өлүмгө алып келеби? [split],"РФтин керектөөчүлөр укугун коргоочу кызматы бул маалымат калп экендигин бир нече жолу жазып чыгышкан. Ошентсе да бул фейк-видеого ишенгендер абдан көп. Кыргызстандын саламаттыкты сактоо министрлигинен билдиришкендей, Кыргызстанда мандаринден ууланган бир да адам катталган жок. Санэпидемиологиялык көзөмөл боюнча департаменттин директору Төлөн Исаков Factcheck.kg ресурсуна берген интервьюсунда мандаринде курттар болушу мүмкүн эместигин айткан: «Мандаринде кычкыл чөйрө болгондуктан, ал курттап кетиши мүмкүн эмес. Курттар жумуртка, каймак, эт, колбаса азыктарында көбөйүшү мүмкүн. Кычкыл чөйрөдө микробдор дагы көбөйө албайт». Ошондой эле мандаринден грипп оорусун жугузуу мүмкүн эместигин кошумчалады. «Грипп аба аркылуу  жугат. Тышкы чөйрөдө ал туруктуу эмес, катуу суукта же катуу ысыкта ал өлүмгө дуушар болот. Гриппти оптималдуу температурада гана жана оорулуу менен түз байланышта болгондо жугузууга болот», – деди Төлөн Исаков. Кытайдын азыктарын жамандап, ага каршы үгүттөгөн материалдар байма-бай таратылып турат. Азыркы учурда Кыргызстанда Кытайга каршы маанайдагы акциялар өткөрүлүүдө. https://factcheck.kg/ru/post/159 https://factcheck.kg/ru/post/160 Бүтүм: ⁃        Мандаринден уулануу жана гриппти жугузуу тууралуу маалыматтар – бул фейк; ⁃        Кытай мандаринин сатып албоого жасалган үгүттөөлөр негизсиз жана Кыргызстан үчүн актуалдуу эмес, кытайлык мандаринден бир дагы адам ууланган жок.",factcheck.kg,https://factcheck.kg/ky/fejk-pro-kitajskie-mandariny-ubijczy/,,kyrgyz,1,0.6,https://factcheck.kg/ky/fejk-pro-kitajskie-mandariny-ubijczy/,fact_check
3531e0e9-a079-436d-ac9c-352c43da9db4,“Фейсбукта” БШКнын мүчөсүнүн эгизи пайда болдубу? Текшеребиз [split],"Эмили эки күндүн ичинде 89 колдонуучу менен достошконго үлгүргөн. Алардынкөбүбаракчаларын 2021-жылдын январь-февраль айларында ачкан жана негизги сүрөттөн тышкары маалымат жүктөгөн эмес. Бул колдонуучулар ар кайсыаймактардажашарын жана түрдүү иш менен алектенерин көрсөткөн. Алардын арасынан атактуулардын жанамоделдердинсүрөттөрүн пайдалангандар бар. Демек, бул колдонуучулардын Эмили менен болгон “достугу” күмөн жаратат. Эмили Анабель “Фейсбукта” активдүү эмес болгонуна байланыштуу, бул аккаунтту ачканынын максаты азырынча белгисиз. Жыйынтык: “Фейсбук” социалдык тармагындагы Emily Vhee Anabelle аккаунту — фейк.",factcheck.kg,https://factcheck.kg/ky/bliznecz-gulnary-dzhurabaevoj-ili-fejkovyj-akkaunt-proveryaem/,,kyrgyz,1,0.75,https://factcheck.kg/ky/bliznecz-gulnary-dzhurabaevoj-ili-fejkovyj-akkaunt-proveryaem/,fact_check
17644145-63e8-475f-9e08-25d3b349b4e8,Салтанат Аманова: «Өлкөдө басылып чыккан китептердин 70 пайызы диний багытта»,"Кыргызстанда басылып чыккан китептердин 60тан 70 пайызга чейинкисин диний адабияттар түзөт. Бул тууралуу Жогорку Кеңештин илим, билим берүү, инновациялык өнүктүрүү жана маалыматтык технологиялар, маданият, спорт жана жаштар иштери боюнча комитетинин жыйынында депутат Салтанат Аманова билдирди. Ал мындай адабияттардын мазмунун кылдат карап чыгуу зарылдыгын баса белгиледи. Депутат ""Бул басылмалар салттуу исламдын принциптерине туура келеби же аларда деталдуу изилдөөнү талап кылган башка маалыматтар барбы?"",-деп сурады Салтанат Аманова улуттук басмакананын ролун жандандырууга жана күчөтүүгө убакыт келгенин белгиледи. Учурда бардык басмаканалар жеке менчик. Басмаканалардын ишин көзөмөлдөй турган улуттук басмакананы түзүү зарылдыгы бар. Жыйынтыгында депутат тиешелүү комитеттеги кесиптештерин китеп басып чыгаруудагы кырдаалды өз көзү менен көрүү жана тармактагы иштердин абалын баалоо үчүн Китеп палатасына барууга чакырды.",24.kg,https://24.kg/kyrgyzcha/365092_saltanat_amanova_olkodo_basyilyip_chyikkan_kitepterdin_70payyizyi_diniy_bagyitta/,,kyrgyz,0,high,,news_site
37156de3-d1c6-4b60-9766-3e1c4b31c314,"Компанияны башкарат, жыттарды сезет, COVIDди аныктайт. ЖИ бүгүн дагы эмнеге жарайт? [split]","Белгиленгендей, 4 миң адамдын үндөрүнүн жазуулары колдонулуп, алардын 300ү таажычан вирусту жуктуруп алганы аныкталган. Жазылган үндөрдү тиркемеге жүктөө аркылуу ооруган адамдын үнүнүн өзгөрүшүн аныктаган ЖИнин моделин иштеп чыгууга мүмкүн болду. Иллюстративдүү сүрөт Google компаниясынын изилдөөчүлөрүжасалма интеллектти жытты, алардын башка жыттарга окшоштугун аныктаганга жана ушул эле жыттарды жаныбарлар кандай сезээрин билгенге үйрөтө алышты. Аны үчүн изилдөөчүлөр 5 миң ар түрдүү молекулалардын даамы жана жыты тууралуу маалыматтарды колдонуп, жыттардын картасын түзүшкөн. Жыйынтыгын текшерүү максатында 15 адамга 320 жаңы заттын жытын сүрөттөп берүүнү суранышкан. Адамдар ар бир жытты башкараак сезишкендиктен, экспериментке катышкандардын орток көрсөткүчтөрү колдонулуп, алар ушул эле жыттар боюнча жасалма интеллекттин жыйынтыктары менен салыштырылган. Google изилдөөчүлөрүнүн билдирүүсүндө, ЖИнин жыйынтыктары адамдардын орток пикирине караганда жыт боюнча жалпы көрсөткүчкө жакыныраак болгон.“Башкача айтканда, модель молекуланын түзүлүшү боюнча жыт кандай болоорун тагыраак божомолдоп бере ала тургандыгын көрсөттү.” Иллюстративдүү сүрөт Кытайлык Tencent компаниясынын инженерлери GFP-GAN аталыштагы ЖИ системасынтартуулашты. Ал эскилиги жеткен сүрөттөрдү калыбына келтирип, алардын тактыгын кыйла жакшырта алат. Анда NVIDIA’нын Style GEN-2 модели атайын окутуудан өткөрүлгөн. Бул ыкмада сүрөттөгү адамдардын “иденттүүлүгүн” сактоого басым кылынат, адамдардын көзүнө жана оозуна өзгөчө көңүл бурулат. Бул мүмкүнчүлүктү каалаган адам колдоно алат. Аны үчүн программанынсайтынаөтүү гана керек. Сайттан Choose file (файлды издөө) деген пунктту тандап, керектүү эски сүрөттү жүктөп (аны алгач скандап алуу зарыл), “Restore photo” деген баскычты басып, бир аз күтүп туруу зарыл. Даяр сүрөттү компьютерге жүктөп алса болот. Орусияда жазуучу Павел Пепперштейн жасалма интеллект менен кошо авторлукта жазган китепбасылып чыгарылды. Орус жазуучусу SberDevices командасы иштеп чыккан ruGPT-3 нейротармагы менен биргеликте “Ойгонуу аракетинде” («Пытаясь проснуться») деген аңгемелер жыйнагын жазган. Китеп кагаз түрүндө да, электрондук форматта да жеткиликтүү. Жыйнакта 24 аңгеме бар. Алардын жарымын Пепперштейн, калган жарымын нейротармак жазган. ruGPT-3 жазган бардык тексттер жарыяланган эмес. Пепперштейн жана китеп басылып чыгарылган Individuum басма үйүнүн башкы редактору Феликс Сандалов эң мыктыларын тандып чыгышкан. Гарвард университетининбожомолу боюнча, 2030-жылы ЖИнин негизиндеги тиркемелер кеңири тарап, көп пайда алып келишет, ал эми метаалам биздин элестетүү мүмкүнчүлүгүбүз менен гана чектелмекчи. Транспорт, саламаттык сактоо, билим берүү, оюн-зоок чөйрөсү, ишке орношуу, коомдук коопсуздукту камсыздоо тармактарында жасалма интеллектин таасири чоң болот, ал эми үй/кызмат көрсөтүү роботтору кадыресе көрүнүшкө айланат. Ошондой эле, эксперттердин айтымында, метааламдагы көрүнүштөрдү, үндөрдү, жыттарды чындыктан айырмалоо оор болот. VR очкилердин мүмкүнчүлүктөрү дагы кеңейет, үйдө отуруп эле тарыхый жерлер менен таанышууга мүмкүндүк берген акылдуу кийимдердин, мээлейлердин пайда болушу күтүлөт.",factcheck.kg,https://factcheck.kg/ky/rukovodit-kompaniej-oshhushhaet-zapahi-vyyavlyaet-covid-na-chto-sposoben-ii-uzhe-segodnya/,,kyrgyz,1,0.88,https://factcheck.kg/ky/rukovodit-kompaniej-oshhushhaet-zapahi-vyyavlyaet-covid-na-chto-sposoben-ii-uzhe-segodnya/,fact_check
ecf8153c-d833-4aec-be16-4db6be74cbde,"Украина: Орусия 2300дөн ашуун дрон, 1320 авиабомба, 60тай ракетадан сокку урду","19-апрелге караган түндө Орусиянын армиясы Украинага 236 учкучсуз учак менен чабуул койгонун, аларды 203ү жок кылынганын украин Куралдуу күчтөрүкабарлады.""32 дрон 18 локацияга тийгени, ошондой эле сыныктар 8 жерге түшкөнү катталды"", - деп айтылды билдирүүдө. Черниговдо соккудан 16 жашар өспүрүм мерт кетти. Облустук администрация башчысы Вячеслав Чаусбилдиргендей,куткаруучулар анын сөөгүн урандылардын алдынан табышты. Акыркы маалыматтар боюнча дагы төрт киши жаракат алды.""Шаарда олуттуу кыйроолор. Лицей менен жер үй жабыркады. Өнөр жай объектилерине жана 2022-жылы орусиялыктар талкалап салып иштебей турган медициналык мекемеге дрон тийди"", – деп жазды Чаус. Жекшембинин таңында Херсондо учкучсуз учак автоунаага тийген. Украинанын Чукул кырдаалдар мамлекеттик кызматы маалымдагандай, бир адам мерт кетип, экөө жаракат алды. Облустук администрация башчысы Александр Прокудин мерт кеткен адам56 жаштагы жаран экенин тактады. Украин президенти Владимир Зеленский бир аптада Орусиянын армиясы 2360тан ашуун дрон жана 1320 авиабомба жана 60тай ракета менен сокку урганынбилдирди. ""Орусияга каршы санкцияларды жеңилдетүүнү улантуу согуштагы азыркы чыныгы кырдаалга жана дипломатияга туура келбейт, Орусия жетекчилигинин согушту улантууга боло берет деген иллюзиясын күчтөндүрөт"", - деп жазды Зеленский. Украин президентинин сөзүнө караганда, учурда деңизде Орусиянын ""көмүскө флотуна таандык"" 110дон ашык танкер турат. ""Алардын бортунда санкциялар жумшарганына байланыштуу эч кандай тоскоолдуксуз сатууга мүмкүн болгон 12 млн тоннадан ашуун орусиялык мунай бар. Бул 10 млрд доллар ресурс - түз эле Украинага жаңы сокку болуп урулат"", - деп кошумчалады ал. 18-апрелде АКШ Орусиянын танкерлерге жүктөлгөн мунай жана мунай өнүмдөрүн убактылуусанкциядан чыгарган. Уруксат 16-майгачейин созулатжана транзиттеги мунайга гана тиешелүү.",azattyk.org,https://www.azattyk.org/a/33735623.html,2026-04-19T16:14:30+06:00,kyrgyz,0,high,,news_site
6eed62b3-27ed-439e-99ca-049592814053,Amnesty International Иранда интернет 1000 сааттан бери бөгөттөлүп турганын билдирди,"Amnesty International эл аралык укук коргоо уюму Иранда интернет бир миң сааттан бери өчүп турганын билдирип, муну адам укуктарын бузуу катары сыпаттады жана дүйнөлүк желени калыбына келтирүүгө чакырды. “Ирандыктар санарип караңгылыкта бир миң сааттан бери жашап келатат. Интернетке кошулуу адамдын эң жөнөкөй укугу жана уруш маалындагы зарыл нерсе. Бийлик интернетти калыбына келтирүүгө тийиш”, - деп жазды уюм. Ислам жумурияты дүйнөлүк желени АКШ менен Израилдин чабуулдары башталган 28-февралда бөгөттөгөн. 7-апрелде буга чейинки рекорд жаңыланып, интернет бүтүндөй өлкөдө өчүрүлгөн тарыхтагы эң узак көрүнүш болуп калды. Бирок чектөө бардыгына жайылбайт. NetBlocks мониторинг тобу бийлик сырткы дүйнөдө пикир калыптандыруу үчүн кээ бир колдонуучуларга социалдык тармактарда маалымат жарыялоого уруксат берилгенин белгилейт. Мындай кош стандарт Иранда көз жаздымда калган жок. Ок атышуу убактылуу токтогон 8-апрелден кийин катардагы ирандыктардын айрымдары интернет эмне үчүн калыбына келтирилбей жатат деген маселени козгошууда. Эмне дегенде Тегеран бийлиги интернетти өчүрүүнү согуш менен түшүндүргөн. Дүйнөлүк желенин бөгөттөлүшү дигиталдык жана жалпы экономикага да миллиарддаган доллар зыян алып келди. Былтыр жыл этегинде башталып, январга чейин уланган элдик толкундоолор учурунда да Ислам жумуриятында интернет блоктолгон.",azattyk.org,https://www.azattyk.org/a/33729433.html,2026-04-10T20:21:56+06:00,kyrgyz,0,high,,news_site
c80b769e-0b78-42bd-ae98-d691455132da,ӨКМ: Бишкек жана Чүйдө катуу шамал күтүлүүдө,"Жакынкы бир саат аралыгында жана кечинде Бишкек шаарында жана Чүй өрөөнүндө катуу шамал күтүлүүдө. Бул тууралуу Өзгөчө кырдаалдар министрлиги Кыргыз гидрометеорологиялык борборунун маалыматтарына таянып билдирди. Маалыматка ылайык, борбор калаада жана Чүй өрөөнүндө батыштан соккон шамал саат 15:15тен кийинки саатка жана кечке чейин күчөйт деп болжолдонууда. Шамалдын ылдамдыгы секундасына 15-20 метрге жетиши мүмкүн. Аймактын тургундарынан жана конокторунан сак болууга чакырылды. Өзгөчө кырдаалдар министрлиги өзгөчө кырдаал болгон учурда 112 номерине чалууну эскертти.",24.kg,https://24.kg/kyrgyzcha/364554_okm_bishkek_jana_chuydo_katuu_shamal_kutuluudo/,,kyrgyz,0,high,,news_site
de10524e-0c2b-4145-b482-d59d6503a3ae,Жогорку Кеңеште реформалар жасалат: Депутаттарга планшеттер берилет,"Жогорку Кеңеш реформаларды ишке ашырууну пландап жатат. Бул тууралуу төрага Марлен Маматалиев бүгүн, 18-февралдагы жыйында билдирди. Ал кесиптештерине президент Садыр Жапаров менен жолугушуп, парламенттин 5 жылдык стратегиясы жөнүндө маалымат берип, тиешелүү тапшырмалар алдыга коюлганын айтканын белгиледи. "" Мамлекет башчысы президенттин администрациясында, министрлер кабинетинде кандай чоң реформалар жөнүндө айтып берди. Санариптештирүү аркылуу алар чечимдерди тезирээк кабыл ала башташты жана адам ресурстарын жана убакытты натыйжалуу колдонуп жатышат. Ошондой эле чыгымдарды үнөмдөө маселеси бар — 2024-жылы санариптештирүү 1 миллиард 205 миллион сомду үнөмдөөгө мүмкүндүк берди"", — деди төрага. Анын айтымында, парламенттин мүчөлөрү үчүн 90 планшет сатып алуу боюнча буйрук чыгарылган, алар келип түшкөн бардык материалдарды изилдей алышат, учурда парламентке кагаз түрүндө келип жатат. Марлен Маматалиев учурда кагаздар тонналап келип жатканын белгиледи.",24.kg,https://24.kg/kyrgyzcha/362491_jogorku_keneshte_reformalar_jasalat_deputattarga_planshetter_berilet/,,kyrgyz,0,high,,news_site
7396eaee-1f0c-4636-8cf7-df1243ad5842,Кыргызстандын авиациялык эрежелери тууралуу буйрук  коомдук талкууга коюлду,"Кыргызстандын Жарандык авиация мамлекеттик агенттиги ""Авиациялык эрежелерди бекитүү - Учуу эрежеси"" деп аталган буйруктун долбоорункоомдук талкууга чыгарды. Анда аба каттамдарын ишке ашырууну эл аралык стандарттарга шайкеш келтирүү жана буга чейинки жүргүзүлгөн эл аралык аудиттер аныктаган мүчүлүштүктөрдү жоюу каралган. Документ учуулардын коопсуздугуна жана натыйжалуу мамлекеттик көзөмөлгө артыкчылык берилген нормативдик базага багытталып, эрежелерди учурдагы эл аралык стандарттарга жана ""Учуу эрежелерине"" ылайыкташтырууну сунуштайт. Долбоордун негиздемесинде айтылгандай, Жарандык авиация эл аралык уюму (ИКАО) Чикаго конвенциясынын мүчөлөрүнө, анын ичинде Кыргызстанга да милдеттүү стандарттарды, сунушталган тажрыйбаны жана жол-жоболорду тынымсыз жаңыртып турат. Ушундан улам жаңы версияны иштеп чыгуудагы негизги факторлордун бири - кара тизмеден чыгуу үчүн коюлган талаптарын аткаруу зарылдыгы белгиленген. Жарандык авиация агенттигинин директорунун орун басары Канат Төлөгөнов Кыргызстандын авиациясы 2026-жылдын май айында “кара тизмеден” чыгарылат депкүтүлүп жатканын айткан.Расмий маалымат боюнча, Кыргызстан 2023-2024-жылдары ИКАОнун аудитинен ийгиликтүү өткөн. Президент Садыр Жапаров да өлкөнү Европа Биримдигинин авиациялык “кара тизмесинен” чыгаруу иши аяктап калганын билдирген.Кыргызстандык авиакомпаниялар “эл аралык нормаларга дал келбейт” деген жүйө менен 2006-жылы Евробиримдиктин “кара тизмесине” кирген. Андан чыгуу аракети жөнүндө көп сөз болгону менен маселе оң жагына чечиле элек.Буга чейин Кыргызстандын авиакомпаниялары Бишкектен Лондон, Бирмингем, Франкфурт, Мүнхен, Ганновер, Гамбург, Штутгарт жана Амстердам шаарларына түз учуп турган. Азыр адамдар Европа өлкөлөрүнө көбүн эсе Түркия аркылуу учат.(ZKo)",azattyk.org,https://www.azattyk.org/a/33740737.html,2026-04-23T16:58:25+06:00,kyrgyz,0,high,,news_site
82ff1161-08f5-4a94-a4ec-fcd3b4eb2d4e,Шайлоо алдындагы фейк маалыматтарды текшерүү жолдору [split],"Биз мындай маалыматтарга ишенерден, аны бөлүшөрдөн мурда текшерип көрүүнүн жөнөкөй жолдорун айтып беребиз: Маалыматты ким таратып жатканына дагы көңүл буруңуз Бул мисалдарда “Бир бол” партиясынын тизмеси деген маалыматтыКанат Улановдеген аккаунт түрдүү группаларга бөлүшкөн. Аккаунт тууралуу маалыматтарды карсак, өз баракчасына бир гана сүрөт жүктөгөн жана болгону 5 досу бар. Башка өзү тууралуу бир дагы маалымат көрсөтүлгөн эмес. Ал профилине жүктөгөн жалгыз сүрөттү гуглдан тескерисинен издеп көрсөк, ал казак жигиттин Твиттерге жүктөгөн сүрөтү болуп чыкты. Демек, бул фейк аккаунт. Анын тараткан маалыматтары дагы калп деген жыйынтыкка келүүгө болот. Ал эми “Ата Мекен” партиясынын тизмеси деген маалыматты таратканШирин Фоксдеген аккаунт. Жогорудагыдай эле, бир гана сүрөттү жүктөгөн, болгону 3 гана досу бар, алар дагы кыргызстандыктар эмес экени көрүнүп турат. Аккаунт тууралуу башка бир дагы маалымат жок. Бул сүрөттү дагы гугл картинки аркылуу тескерисинен издеп көргөнүбүздө wopita.com сайтында Мисс Казакстан деген аккаунтка илинген кыздардын сүрөттөрүнүн бири болуп чыкты. Демек, Ширин Фокс деген аккаунт дагы фейк. Бул эки профилдин тең достору жок, андыктан, болгон маалыматтарды популярдуу группаларга таратышарын көрдүк. Жыйынтык: Булак:ПолитКлиника",factcheck.kg,https://factcheck.kg/ky/kyrgyz-shajloo-aldyndagy-fejk-maalymattardy-teksher%d2%af%d2%af-zholdoru/,,kyrgyz,1,0.54,https://factcheck.kg/ky/kyrgyz-shajloo-aldyndagy-fejk-maalymattardy-teksher%d2%af%d2%af-zholdoru/,fact_check
28ce5c24-c1df-45a5-8207-0188a4fc199f,Кендирбаева мугалимдердин айлыгы бирдей жогорулаганын айтты,"1-апрелден тарта Кыргызстандагы бардык мугалимдердин айлык акысы бирдей көтөрүлдү. Бул тууралуу агартуу министри Догдуркүл Кендирбаева 27-апрелде билдирди. Анын сөзүнө караганда, жалпы билим берүү тармагында иштеген 190 миңге жакын кызматкердин айлыгы жогорулады.""Көтөрүү ставкага жараша болот. Башталгыч класстардыкы 16, тарбиячылардыкы 10, жогорку класстардын же предметтик сабак берген мугалимдердин ставкасы 18+ саат. Эгер андан төмөн болсо 50% коэффициенттик жогорулатуу болот. Агартуу тармагында иштеп жаткан мугалимдердин базалык айлык акысы 7040 сом өлчөмүндө негиз болсо, ошондон тарта жогорулай баштайт. Педагогикалык стаж үчүн 10-30% көбөйөт. Мындан тышкары класс жетекчилиги үчүн 2100 сом кошумча акча белгиленет. Бийик тоолуу аймактарда иштегендер үчүн да ошого жараша төлөнөт"", - деди Кендирбаева.Буга чейин мугалимдердин айлыгы көтөрүлүп, ага президенттик компенсация кошуларын билдирген. Президенттик компенсация мугалимдерге бир ставка үчүн 15 миң сомдон, ал эми кенже техникалык кызматкерлерге 5 миң сомдон төлөнөрү айтылган. Президент Садыр Жапаров быйыл мартта айрым бюджеттик кызматкерлердин айлык акысын 1-апрелден жана 1-сентябрдан тартып эки этап менен жогорулатуу тууралуу жарлыкка кол койгон. Мамлекет башчы былтыр күзүндө 2026-жылдын апрель айынан тартып мугалимдердин орточо айлыгы 26 миң сомдон 40 миң сом болуп көтөрүлөрүн билдирген. Кыргызстанда 2,5 миңдей мектеп бар, мугалимдердин саны 80 миңден, окуучулардын саны 1 миллиондон ашат. (ZКo)",azattyk.org,https://www.azattyk.org/a/33743288.html,2026-04-27T14:10:11+06:00,kyrgyz,0,high,,news_site
3ba84b06-e35b-411e-a15c-cb5e02ba2a57,Окуу жайларда контрактты көтөрүүгө мораторий киргизилди,"Кыргызстанда 2026–2027-окуу жылында кесиптик жогорку жана орто билим берүү уюмдарында окуу үчүн акыны жогорулатууга мораторий киргизилди. Тиешелүү жарлыкка президент Садыр Жапаров кол койду. Жарлык окуу жайлардын формасына жана статусуна карабастан жайылтылат. Мындай чечим жарандарды социалдык коргоону күчөтүү, билим алуучулардын укуктарын жана муктаждыктарын ишке ашыруу максатында кабыл алынганы айтылды. Акыркы жылдары өлкөдөгү жогорку окуу жайларда контракт бир топ жогорулап кеткени айтылып келет. Бул маселе Жогорку Кеңеште да көтөрүлгөн. Айрым алдыңкы жогорку окуу жайлары 2026–2027-окуу жылына карата келишим акысын буга чейин эле жогорулатып койгон. Андыктан ата-энелер арасында президенттин жарлыгынан кийин ошол баа кайра былтыркы калыбына келеби деген суроо жаралып, социалдык түйүндөрдө кызуу талкууланууда. Расмий бекитиле элек дегени менен жогорулатылган жаңы баа абитуриенттерге тараткан маалыматында так көрсөтүлүп турат. (BTo)",azattyk.org,https://www.azattyk.org/a/33747520.html,2026-05-02T08:59:47+06:00,kyrgyz,0,high,,news_site
a4cdb858-4dc5-456e-a2f9-2577421b83ee,"Белгилүү казак акыны, коомдук ишмер Мухтар Шаханов чын дүйнө салды","Белгилүү казак акыны жана коомдук ишмер Мухтар Шаханов 83 жашында дүйнөдөн кайтты. Бул тууралуу Казакстандын Маданият министрлиги кабарлады. Шаханов поэзияны жигердүү жарандык позиция менен айкалыштыра билген залкар ишмер катары сыпатталды. Анын чыгармалары тереңдиги, оригиналдуулугу жана адабиятка болсо жаңыча көз карашы менен айырмаланып келген. Акын коомдук маанилүү маселелерди көтөрүп, өлкөнүн тагдыры жөнүндө ачык айтып, адилеттүүлүктү коргоп келген. Анын Казакстандын маданиятына кошкон салымы өзү кеткенден кийин да маанилүү бойдон кала берет. Мухтар Шаханов 1942-жылы Түштүк Казакстан облусунда туулган. Ал чыгармачылыгын аймактык гезиттерде кабарчы болуп иштеп жүргөндө баштаган. 1989-жылы СССРдин парламентине депутаты болуп шайланып, 1986-жылдагы Желтоксан окуяларына саясий баа берүү боюнча маселени алгачкылардан болуп көтөргөн. Казакстан эгемендик алган соң Нурсултан Назарбаевдин бийлигин сындап, казак коомундагы маселелерди ачык айтып келген. Шаханов 1993-2003-жылдары Казакстандын Кыргызстандагы элчиси катары эмгектенген. Ал кыргыздын залкар жазуучусу Чыңгыз Айтматов менен жакын чыгармачыл жана достук байланышта жүрүп, «Аскада калган аңчынын ыйы» аттуу жыйнакты жарыялашкан.",24.kg,https://24.kg/kyrgyzcha/371011_belgiluu_kazak_akyinyi_koomduk_ishmer_muhtar_shahanov_chyin_duyno_saldyi/,,kyrgyz,0,high,,news_site
176605f6-8662-40f7-a0a1-fa1a500d4cfa,Ошто Сириядагы согушка катышууга шектелген адам кармалды,"Улуттук коопсуздук боюнча мамлекеттик комитети (УКМК) Сириядагы согушка тиешеси бар деген шек менен кыргызстандык жаран кармалганын билдирди.Мекеменин 9-апрелдеги маалыматында, терроризмге каршы операциялардын жүрүшүндө 42 жаштагы А.Ф.Г. аттуу жаран 7-апрелде кармалган.""Ал 2014-жылы УКМК тарабынан издөөдө жүргөн кыргызстандык И.Б.Н. аттуу адамдын сөзүнө азгырылып, Түркия аркылуу Сирияга барган. Ал жакта ""Ислам мамлекети"" эл аралык террористтик уюмуна кошулганы аныкталган"", - деп билдирди атайын кызмат.Кармалган жаран суракта террордук уюмдун ишмердүүлүгүн түшүнгөндөн кийин, Сириядан чыгып, Түркия аркылуу мекенине кайтып келгенин билдирген.Учурда иштин бардык жагдайларын аныктоого багытталган тиешелүү ыкчам-тергөө иш-чаралары жүргүзүлүп жатканы кабарланды.УКМКнын 2018-жылдагы маалыматында, Сириянын согуш болуп жаткан аймактарына Кыргызстандан 850 жаран кетип, анын 150сү ошол жакта набыт болгон. Террордук уюмдарга кошулуп кеткен кыргызстандыктардын 140ка жакыны аялдар экени айтылган.Буга чейин кыргыз бийлиги Сирия менен Ирактан исламчыл топторго кошулуп кеткен 700дөй аял жана балдар алынып келгенин жарыялаган. Ирактагы качкындар лагеринен кыргызстандык жарандардын 79 баласы 2021-жылы ""Мээрим"" гуманитардык миссиясынын алкагында Бишкекке жеткирилген. Бул алгачкы миссия болгон, кийин дагы бир нечеси уюштурулган.(ZKo)",azattyk.org,https://www.azattyk.org/a/33728276.html,2026-04-09T12:24:36+06:00,kyrgyz,0,high,,news_site
6e5b8298-5c5a-4a18-a3b5-869c677ca336,Орозо-2026: Бүгүн биринчиТаравих намазы окулат. Эрежелери,"Бүгүн жалпы мусулмандар чыдамсыздык менен күтүп жаткан ыйык рамазан айы кирип келет. Дал ушул айда гана окулган Таравих намазынын эрежелерин билесизби? Бул тууралуу «Умма» ислам журналы жарыялады. Мусулмандар үчүн (эркектерге да, аялдарга да) таравих намазды окуу муаккад сүннөт (зарыл сүннөт) болуп саналат. Пайгамбарыбыз Мухаммед (Алланын ага салам-салаваттары болсун) минтип айткан: «Кимде ким Рамазан айында ишеним менен таравих намазын окуп, Аллахтын сыйлыгын күткөн болсо, анда анын мурунку күнөөлөрү кечирилет». Таравих намазы- Рамазан айында гана куптан намазынан кийин багымдат намазынын убагы киргенге чейин окулчу нафил намазы.",24.kg,https://24.kg/kyrgyzcha/362526_orozo-2026_bugun_birinchitaravih_namazyi_okulat_erejeleri/,,kyrgyz,0,high,,news_site
79de2be6-e3df-4233-b735-87a83e3440f4,"Президент чын эле “мечиттер мектептен көп жана бул жакшы көрүнүш”,- деп айтканбы, же жокпу? [split]","КР президентинин сайтында президенттин мындай билдирүүсүн таба алган жокпуз. Бирок  youtube каналында мамлекет башчынын толук сүйлөгөн сөзү жазылган видео табылды. Видеожазуунун 12 мүнөтүнүн 35 секундасында Сооронбай Жээнбеков мындай деп сүйлөгөн: “Кыргызстанда мектептен мечит көп. Бул дагы жакшы көрүнүш. Кээ бири айтат, мектептен мечит көбөйдү деп. Мечит көбөйсө, ыймандуу балдар көбөйөт, медресе көбөйсө, ыймандуу жаштар көбөйөт. Бирок, ушунун баарын туура жолго салышыбыз керек. Азыркы сыртта болуп жаткан коркунучтарды, ошонун баарын эске алып, терроризмди эске алып туруп, биз ынтымактуу, ата-бабалардан калган салтты сактап калышыбыз керек”. Өкүм: фейк эмес.  Президенттин сөзү контекстен алынып келтирилгени менен айтылган сөздөрдүн мааниси өзгөргөн жок.",factcheck.kg,https://factcheck.kg/ky/govoril-li-prezident-slova-v-polzu-bolshogo-chisla-mechetej-v-strane/,,kyrgyz,1,0.59,https://factcheck.kg/ky/govoril-li-prezident-slova-v-polzu-bolshogo-chisla-mechetej-v-strane/,fact_check
3006bd4b-8d94-4d10-ba8c-53d113480342,Мамлекеттик «Дан» ишканасы модернизациядан өтүүдө,"Мамлекеттик «Дан» ишканасы өкмөттүн колдоосу менен ишин кайра баштап, модернизациядан өтүп жатат. Бул тууралуу Суу чарбасы, айыл чарбасы жана кайра иштетүү өнөр жайы министрлиги билдирди. Маалыматка ылайык, бүгүнкү күндө ишкана өкмөттүн колдоосу менен модернизациядан өтүүдө. 2025-жылдын декабрында кесме өндүрүшү ишке киргизилген. Ал эми 2026-жылдын экинчи чейрегинде суткасына 150 тонна кубаттуулуктагы тегирменди жаңылоо пландалууда. Кайра иштетүү жана органикалык айыл чарба департаменти ишканага барып, анын ишмердүүлүгү менен таанышты. Анда мамлекеттик сатып алууларды жөнөкөйлөтүү, жабдуулар менен камсыз кылуу жана лаборатория ачуу маселелери көтөрүлдү. Белгилей кетсек, 1975-жылы негизделген ишкана бүгүн 125 адамды жумуш менен камсыздап, кайра иштетүү тармагына салым кошуп келет. Бул иштер өндүрүштү өнүктүрүүгө жана өлкөнүн азык-түлүк коопсуздугун бекемдөөгө багытталган.",24.kg,https://24.kg/kyrgyzcha/367022_mamlekettik_dan_ishkanasyi_modernizatsiyadan_otuudo/,,kyrgyz,0,high,,news_site
0054bfb7-d50a-4669-9917-8a3f634ad846,"Айрым өлкөлөр коронавуристу сасык тумоо деп атап, эмдөө, тест жана карантинден баш тарттыбы?","Буга чейин Factcheck.kg коронавирустун алдын алуу боюнчанемец окумуштууларынын билдирүүсүделген маалыматты текшерип көрүп, жалган экенин аныктаган. Бирок мындай маалымат толукталып, социалдык тармактардабайма-бай тарап келет. Билдирүүнү жайылткандардын айтымында сода менен туздун эритмеси “абмонак” деп аталат, ал эми дүйнө жүзүндөгү он өлкө “коронавирусту сасык тумоо деп таанып, карантин, тест жана эмдөөдөн баш тарткан”. Бул Түркия, Бразилия, Улуу Британия, Швеция, Испания, Чехия, Мексика, Сальвадор, Япония жана Сингапур өлкөлөрү экени айтылат. Factcheck.kgбул маалыматты текшерип көрдү. Дүйнөлүк саламаттык сактоо уюму 2022-жылдын июлуна карата дүйнөнүн 70% элинин эмдөөдөн өтүүсүнсунуштайт, эмдөө медициналык жардамдын түрү катары пландаштырылган. Our World in dataсайтынын маалыматына ылайык, 15-февралга карата аталган өлкөлөрдүн калкынын 60%дан көбү эмдөөдөн өткөн. Бул эмдөө уланып атканын тастыктайт. 2022-жылы жасалган күнүмдүк COVID-19 тесттеринин графигинен кескин төмөндөө байкалбаганынкөрсө болот.Бул текшерилип жаткан өлкөлөрдө эч ким тестирлөөдөн баш тартпаганынан кабар берет. 2022-жылдын 19-январында ДСУнун Башкы директорунун демилгеси менен Өзгөчө кырдаалдар комитетинин сырдуу жолугушууболуп өткөн. Катышуучулар Covid-19 пандемиясы Эл аралык тынчсыздануудагы коомдук саламаттыкты сактоонун өзгөчө кырдаалы (PHEIC) бойдон калууда деп макулдашышты. Коронавирустун кандайдыр бир мезгилдүүлүгү жөнүндө сөз болгон эмес. Мындай абал Комитеттин кийинки отурумуна чейин кеминде дагы үч ай уланат.",factcheck.kg,https://factcheck.kg/ky/desyat-stran-otkazalis-ot-karantina-vakczinaczii-i-testov-obyaviv-koronavirus-grippom-proveryaem/,,kyrgyz,1,1.0,https://factcheck.kg/ky/desyat-stran-otkazalis-ot-karantina-vakczinaczii-i-testov-obyaviv-koronavirus-grippom-proveryaem/,fact_check
025351cd-f02c-448c-bb82-114c0f672fe7,"Шок контентке азгырылба, маалыматты текшер: Эл аралык фактчекинг күнүнө карата кыргыз фактчекерлеринин кеңештери","Фактыларды текшерүүнүн эл аралык күнү Фактыларды текшерүү боюнча эл аралык тармагы (IFCN) жана фактыларды текшерүү менен алектенген дүйнө жүзүндөгү башка өнөк уюмдар менен биргеликте өткөрүлүп келет. IFCN кесипкөй фактчекерлер жалган маалыматтын бетин ачууда жалгыз болбошу керек деп эсептейт. Дени сак маалыматтык экосистема ар бир адам тарабынан фактылардын ишенимдүүлүгүн жогорулатууга өз салымын кошуусун талап кылат, анткени “#фактынытекшерүүзарыл” жана “#фактынытекшеришкерек” – ушул жылдын лейтмотиви жана хештегдери. IFCN орусиялык аскерлер Украинага басып кирээри менен бул өлкөдөгү согуш жөнүндө маалыматтын бурмаланышына каршы туруу үчүн дүйнө жүзүндөгү фактыларды текшерүү боюнча адистерди чогултту. Бул демилге #UkraineFacts деген кыймылдын жаралышына алып келип, анын алкагында согуштук аракеттердин биринчи айында бир нече өлкөлөрдө байкалган адамды жаӊылыштырган, чаташтырган билдирүүлөргө каршы туруу үчүн миңден ашык фактчек даярдалды. Бул аракет COVID-19 жөнүндө фактыларды текшерүүнүн маалыматтык базасында издөө жүргүзүүгө жеткиликтүү 12 миӊден ашык материалдары бар #CoronaVirusFacts альянсынын ийгилигинен кийинки алгачкы чоң масштабдагы биргелешип иштөө болуп саналат. Фактыларды текшерүү күнү – коомдук саламаттык сактоодо, журналистикада жана күнүмдүк турмушта чындыкты издөөгө чакырык. Эл аралык фактчекерлер бул күн “жеңил жана жаркын, бирок пайдалуу” болушу керек дешет. 2018-жылдан бери Кыргызстанда өлкөдөгү жалган мааламаттарды текшерүүгө адистешкенFactcheck.kgплатформасы иш алып барып келет. Быйылкы жылдын башындаЧекит Медиаиштей баштады – ал фактчекинг форматындагы материалдарды даярдап келген бир нече редакциялардын башын бириктирген платформа болуп саналат. Кыргызстанда 5 жылдан ашык убакыттан бери “Медиа Сабак” демилгеси иштеп келет, анын сайтынан (www.mediasabak.org) кыргызча контекстке негизделген материалдарды: окутуу курстарын, оюндарды, китептерди, макалаларды жана медиасабаттуулук боюнча видеосабактарды тапса болот. Фактчекинг күнүнүн алдында Кыргызстанда эки уюмдун – Ololomedia жана «Медиа сабак» – REVIVE долбоорунун жана КРдеги Интерньюстун “Медиа-К” долбоорунун колдоосу менен “Текшердим” маалыматтык кампаниясы башталды. Ал ар башка топтордун арасындагы медиа сабаттуулукту жогорулатууга, маалыматты бурмалоо жана фейктер менен күрөшүүгө, бул күрөштө кесипкөй медиалардын ролун жогорулатууга багытталган. Биз Factcheck.kg платформасынын редактору Ярослав Тартыков жана “Чекит Медианын” жетекчиси Асель Сооронбаева менен маектешип, ар башка редакциялардагы факчекерлерге Кыргызстанда көп кезиккен фейктер, кызыктуу кейстер тууралуу суроолорубузду берип, фактыларды текшерүү үчүн эмне кылуу керек экенин аныктадык. Акыркы эки жылдан бери өлкөбүздө сөз эркиндигине кысым көрсөтүү тенденциясы байкалууда. Кабыл алынган фейктер жөнүндө мыйзам (“Анык эмес (жалган) маалыматтан коргоо жөнүндө”) кандай иштей тургандыгын көрсөттү. Бул чала иштелген мыйзам экендигине карабастан, мамлекеттик түзүмдөр аны да бузууга жетишип, аны өз кызыкчылыгында каалагандай калчап жатышат. Буга“Азаттык Радиосун”жабууга аракеттери жакшы мисал боло алат. Мыйзамдын кабыл алынышы менен көптөгөн редакцияларга, биринчи кезекте көз карандысыз редакцияларга, коркунучтар жаралды. Өзүн куугунтуктоодон сактап калыш үчүн алар учурда ар бир нерсени майда-чүйдөсүнө чейин текшерүүгө милдеттүү. Материал кайсы бир чоӊ кызматтагы адамга жакпай калгандыгы үчүн эле сайттарды бөгөттөп койсо болот. Ошондуктан ар бир материал тыкыр текшерилип турулушу абзел, ар бир редакцияда жеке өзүнүн редакциялык фактчекери болушу керек. Пандемия башталганга чейин өзүнчө фейктер, жалган маалыматтарды жарыялоолор, вирустук видеолор боло турган. Ал эми пандемия башталганда фактекерлер максаттуу жана чоң көлөмдөгү чабуулдар менен кезигишти. Кийинки практика айрым окуялар бүтүн бир чоң кыймылды жаратышы мүмкүн экендигин көрсөттү. Бул 5G станцияларынын зыяндуулугу, “алтын миллиард” идеясы, таажычан вирусту чачуу, зыяндуу эмдөө сыяктуу конспирологиялык теорияларга байланыштуу. Эгер башында аудиториянын басымдуу бөлүгү «фактчек» деген эмне жана ал эмне үчүн керек экенин жакшы түшүнө албай келсе, азыр болсо ага кызыгуу бир топ өсүп, текшерилген маалыматка суроо-талап пайда болду.",factcheck.kg,https://factcheck.kg/ky/ne-poddavatsya-shok-kontentu-i-proveryat-informacziyu-glavnye-rekomendaczii-kyrgyzskih-faktchekerov-v-mezhdunarodnyj-den-faktchekinga/,,kyrgyz,1,0.79,https://factcheck.kg/ky/ne-poddavatsya-shok-kontentu-i-proveryat-informacziyu-glavnye-rekomendaczii-kyrgyzskih-faktchekerov-v-mezhdunarodnyj-den-faktchekinga/,fact_check
7ed04d83-dca1-474a-bb1a-2653ab53f663,"Улуттук банк эсептик ченди 12% калтырып, азык-түлүк 10,8% өскөнүн билдирди","Улуттук банк эсептик ченди 12% деңгээлинде калтырып, чечим 28-апрелде күчүнө кирди. Өлкөнүн негизги банкы дүйнөдөгү геосаясий чыңалуу азык-түлүк жана чийки зат рынокторунда баалардын өсүшүн шарттаганын билдирди. Мекеменин маалыматында акыркы эки айда Жакынкы Чыгыштагы кырдаалдын курчушунан дүйнөдө дан эгиндеринин, өсүмдүк майынын баасы кымбаттады. 2026-жылдын башынан бери Кыргызстанда инфляция (17-апрелине карата) 3,9% түздү (жылдык мааниде 11,3%). Азык-түлүк 10,8%, андан башка товарлардын баасы 9,2%, тамеки жана алкоголдук продукция 8,9% жогорулаган. Кызмат көрсөтүү чөйрөнсүндө баалардын өсүшү мындан да көп болуп - 17,2% түздү. Январь-март айларында өлкөнүн реалдуу Ички дүң өнүмү 10,1% өстү. Экономиканын өсүшүнө мурдагыдай эле кызмат көрсөтүүлөр, өнөр жай жана курулуш негизги салым кошууда. Эсептик чен - инфляциялык процессти жөнгө салуучу негизги финансылык куралдардын бири болуп саналат. Ал коммерциялык банктардагы насыялар менен депозиттердин пайыздык ченине түз таасир этет. Коммерциялык банктар өзүнүн пайыздык чендерин аныктап жаткан учурда Улуттук банктын эсептик ченине багыт алышы кажет. Улуттук банктын эсептик чени жогору болсо, коммерциялык банктардын насыялары менен депозиттеринин пайыздык чендери да жогору болот, төмөн болсо төмөндөйт. (BTo)",azattyk.org,https://www.azattyk.org/a/33744099.html,2026-04-28T11:52:46+06:00,kyrgyz,0,high,,news_site
3cd2068e-3754-4ab9-9197-469bb4b635e2,"Видеочек: Фрунзе жөнүндө кадрлар качан тартылган, 1951-жылыбы, же 1959-жылыбы? [split]","Ошондой эле кадрга түшкөн айрым объектилер боюнча тасма 1951-жылы тартылышы мүмкүн эмес экенин айтсак болот. Анын жандырмагы жөпжөнөкөй: ал объектилер ал кезде жок болчу. Гидромелиоративдик техникум. Анынкурулушу1954-жылы аяктаган. 1960-жылдан баштап ал Полтехникалык техникум болгон. Кыргыз мамлекеттик академиялык опера жана балет театры. Ал согушка чейин эле курула баштаган, бирок курулуш иштери 1955-жылыбүтүрүлгөн. Кыргыз ССРинин Мамкурулушунун фонундагы ГАЗ-21 “Волга” автоунаасы. Бул модель расмий түрдө 1956-жылдын күзүнөн тартып чыгарылабаштаган– анда ноябрь майрамына карата беш автонуаа чогултулган болчу. Бирок анын конструкциясында айрым кемчиликтер болгондуктан ал маасалык түрдө 1957-жылдын жазынан бери гана чыгарыла баштаган. Фрунзедеги эң биринчи бул автоуна кадрга түшкөн күндө да, ал 1957-жылы же жазында, же жайында болгон. Тыянак: калп.Жарыяланган кадрлар 1959-жылы жарык көргөн “Чолпон” тасма-балетинен алынган. Ошондой эле 1951-жылы али жок болгон айрым объектилер кадрга түшүп калган.",factcheck.kg,https://factcheck.kg/ky/videochek-v-kakom-godu-byli-snyaty-kadry-goroda-frunze-v-1951-ili-1959/,,kyrgyz,1,1.0,https://factcheck.kg/ky/videochek-v-kakom-godu-byli-snyaty-kadry-goroda-frunze-v-1951-ili-1959/,fact_check
d81c2650-74f2-44df-985b-75e999377fba,Бишкектеги Ак-Бата конушунда 650 орундуу жаңы мектеп курулат,"Бүгүн, 10-мартта Курулуш, архитектура жана турак жай-коммуналдык чарба министри Нурдан Орунтаев Бишкек шаарынын Свердлов районуна караштуу Ак-Бата конушунда 650 орундуу жаңы мектептин курулушуна мезгил кутусун салды. Иш-чарага Бишкек шаарынын мэри Айбек Джунушалиев, Жогорку Кеңештин депутаттары, жергиликтүү өз алдынча башкаруу органдарынын өкүлдөрү жана конуштун тургундары катышты. Министр өз сөзүндө билим берүү инфратүзүмүн өнүктүрүү мамлекеттин артыкчылыктуу багыттарынын бири экенин белгилеп, жаңы мектептин курулушу Ак-Бата конушундагы окуучулар үчүн сапаттуу жана ыңгайлуу шарттарды түзөрүн айтты. Ошондой эле ал мектептердин жетишсиздигин жоюу жана окуучуларды заманбап шарттагы билим берүү мекемелери менен камсыз кылуу багытындагы иштер активдүү жүрүп жаткандыгын белгилеп, мындан ары да улантыларын кошумчалады. Долбоорго ылайык мектептин жалпы аянты — 5300,33 чарчы метр. Ал эми жер участогунун аянты −1,08 га. 650 орундуу мектеп заманбап шарты менен 3 блоктон туруп, эки кабаттуу болуп курулат. Белгилей кетсек, аймактын сейсмологиялык шартын эске алып, имараттын конструкциясын 9 баллдан жогору туруктуулукка ылайыктап күчөтүү каралган. Ошондой эле жер кыртышынын татаалдыгынан улам 8,8 метр тереңдикке чейин жер казылып, пайдубалы өзгөчө ыкма менен бекемделет. Курулуш иштери Курулуш министрлиги тарабынан көзөмөлдөнүп, «ГрадСтройРесурс» ЖЧКсы тарабынан жүргүзүлөт.",24.kg,https://24.kg/kyrgyzcha/365304_bishkektegi_ak-bata_konushunda_650_orunduu_janyi_mektep_kurulat/,,kyrgyz,0,high,,news_site
727676ca-c8c7-40f2-b7b1-e4153405ab25,31-декабрга карата аба ырайы,"Эртең, 31-декабрда өлкөнүн көпчүлүк аймактарында кар жаашы мүмкүн. Бул тууралуу Кыргызгидромет борбору билдирет. Батыштан соккон шамалдын ылдамдыгы секундуна 4-9 метрге жетет. Абанын температурасы: Чүй өрөөнүндө түнкүсүн 1 ... +6 күндүз +10 ... +15; Талас жергесинде түнкүсүн −1 ... +1, күндүз +9 ... +11; Баткен, Ош, Жалал-Абад облустарында түнкүсүн 0 ... +2, күндүз +9 ... +11; Нарын аймагында түнкүсүн −15 ... −17, күндүз −9 ... −11; Бишкек шаарында түнкүсүн +3 ... +5, күндүз +12 ... +14.",24.kg,https://24.kg/kyrgyzcha/356701_31-dekabrga_karata_aba_yirayyi/,,kyrgyz,0,high,,news_site
063767fd-3cda-4e3b-885c-3a007d88d5b2,УКМК ири схеманын бетин ачты: 32 оорукананын имараты мыйзамсыз менчиктештирилген,"Жалал-Абад облусунда саламаттыкты сактоо объекттерин жеке менчикке мыйзамсыз өткөрүп берүү факысын аныкталды. Бул тууралуу УКМК билдирди. Маалыматка караганда, Жалал-Абад облустук клиникалык ооруканасынын, Базар-Коргон жана Кочкор-Ата шаарынын аймактык ооруканасынын аймагында жайгашкан 32 административдик имаратты жана 5 жер тилкесин мыйзамсыз ээликтен ажыратуу фактыларын аныктады. Бул мүлктөр коммерциялык максаттарда — медициналык борборлор, дарыканалар, тез тамактануучу жай катары колдонулган. Белгилей кетсек, мыйзамга ылайык, социалдык инфраструктура объектилери жеке менчикке өткөрүлүп берилбейт. Андан тышкары, Жер кодексинин 44-беренесине ылайык, имарат же курулма аларга бекитилген жер тилкесине болгон укуктан ажыратылбайт. Мындан тышкары, бул мүлктөрдү жана жер тилкелерин узак мөөнөттүү ижарага алуу боюнча мыйзамсыз ээликтен ажыратуу жана пайдалануу мезгилинде бюджетке ижара акысы өтө төмөн болуп, мамлекет үчүн олуттуу каржылык жоготууларга алып келген. Имараттар жана жер участоктору мамлекеттин менчигине кайтарылгандан кийин ижара шарттары кайра каралып, акысы бир топ көбөйүп, бюджеттин кирешелеринин бир топ өсүүсүн камсыз кылган. Жүргүзүлгөн тергөө жана оперативдүү иш-чаралардын жыйынтыгында көрсөтүлгөн объектилер жана жер участоктору мамлекеттин менчигине кайтарылды.",24.kg,https://24.kg/kyrgyzcha/358883_ukmk_iri_shemanyin_betin_achtyi_32oorukananyin_imaratyi_myiyzamsyiz_menchikteshtirilgen/,,kyrgyz,0,high,,news_site
a29b9659-6bbd-4ed3-8fdc-0d0802dc5d9a,Бишкектин бардык унаа токтотуучу жайлары төлөмдөрдү QR-код менен гана кабыл алат,"Бишкектин бардык унаа токтотуучу жайлары эми QR-код менен гана төлөмдөрдү кабыл алат. «Шаардык жол жана транспорт инфраструктурасы» муниципалдык ишканасынын директору Бакай Асылбек уулу шаардык кеңештеги «Эмгек» жана «Жаңы күч» фракцияларынын биргелешкен жыйынында мэриянын пландарын жарыялады. Анын айтымында, учурда борбор калаада 3221 унаа токтотуучу жай бар. Шаар QR-код менен унаа токтотуучу жайды төлөөнү ишке ашыруу боюнча пилоттук долбоорду улантууда. Бакай Асылбек уулу бул ыкма учурда Бөкөнбаев көчөсүнөн Жибек Жолу проспектисине чейинки аймакта колдонулуп жатканын белгиледи. «Унаа токтотуучу жайлардын кызматкерлерин жок кылуу үчүн шаар боюнча QR-коддор орнотулат» — деп кошумчалады ал.",24.kg,https://24.kg/kyrgyzcha/360498_bishkektin_bardyik_unaa_toktotuuchu_jaylaryi_tolomdordu_QR-kod_menen_gana_kabyil_alat/,,kyrgyz,0,high,,news_site
2dd4f4d7-030a-4e45-847a-ec427cf22ab4,"Kloop.kgмаалыматына ылайык, Бакырдин Бекбоев – мурдагы президент Курманбек Бакиевдин кеңешчиси жана администрациясынын жетекчисинин орун басары болгон Замир Бекбоевдин уулу.Замир Бекбоев Бакиевдин тушунда президенттик аппаратта 2005-жылдан тарта 2008-жылга чейин иштеген. Андан соң Бишкектинвице-мэрикызматын аркалаган, ал эми 2010-жылы “Ар-Намыс” партиясы менен бирге парламентке өткөн. 2021-жылдын февраль айында Бекбоев  экономикалык аймактын субъекттеринин ассоциациясынын (ЭЭА) төрагасы болуп дайындалган. [split]","“Өзгөчө” бейтаптарды дарылаган клиниканын дагы бир негиздөөчүсү –Бакырдин Бекбоев. Бекбооев  “Pinta Pub” жана “Две пинты” ЖЧКларынын ээси жана 2010-жылы Жогорку Кеңешке жең түргөн “Эгемен Кыргызстан” партиясынынталапкери. Бекбоев “Зенит Плюс“, “Кыргызские оздоровительные курорты” жана “ДРКон” компанияларынын негиздөөчүлөрүнүн катарынан чыккан. Kloop.kgмаалыматына ылайык, Бакырдин Бекбоев – мурдагы президент Курманбек Бакиевдин кеңешчиси жана администрациясынын жетекчисинин орун басары болгон Замир Бекбоевдин уулу.Замир Бекбоев Бакиевдин тушунда президенттик аппаратта 2005-жылдан тарта 2008-жылга чейин иштеген. Андан соң Бишкектинвице-мэрикызматын аркалаган, ал эми 2010-жылы “Ар-Намыс” партиясы менен бирге парламентке өткөн. 2021-жылдын февраль айында Бекбоев  экономикалык аймактын субъекттеринин ассоциациясынын (ЭЭА) төрагасы болуп дайындалган. Салыктар жана өзгөчө мамиле “Бикард” клиникасы 2015-жылы түптөлгөндөн тарта салык төлөп баштаган. Алачкы жылы клиника 3492 сом төлөсө, 2016-жылы салыктын өлчөмү 1.27 миллион сомго жеткен. 2016-жылдан тарта 2020-жылга чейин жылына 1.5-2 миллион сом бюджетке төлөп келген. Ал эми 2021-жылы жалпы жонунан7.5 миллионсом төлөгөнгө жетишкен. Белгилей кетсек, 2017-жылдан тартамедициналык мекеме киреше салыгынан жана сатуудан алынган салыктан бошотулган.",factcheck.kg,https://factcheck.kg/ky/kto-vladeet-klinikoj-bikard-v-kotoroj-lezhat-osobennye-zaklyuchennye/,,kyrgyz,1,0.67,https://factcheck.kg/ky/kto-vladeet-klinikoj-bikard-v-kotoroj-lezhat-osobennye-zaklyuchennye/,fact_check
2f141245-d01a-4517-b873-b3d37aba2433,Германия жараны коронавирус диагнозу менен Бишкектеги ооруканага жаткырылганбы? [split],"Жетекчинин номерин жазып алсаңыз, ал бейтаптын аты-жөнүн жана башка маалыматты айтып берет», – деди кызматкер, телефон аркылуу байланышканыбызда. Бирок, «Мединин» тез жардам кызматынын жетекчисинин орун басары Денис Гаржайкин маалыматты четке какты. «Маалымат фейк. Бизге эч ким кайрылган эмес. Бул санэпидемстанциянын иши», – деди ал. Саламаттык сактоо министрлиги бүгүнкү күндө Кыргызстанда коронавирус оорусу катталган эмес деп билдирди. Мындан бир нече күн мурун 74 жаштагы Германия жаранынын температурасы көтөрүлүп,  инфекция ооруканасына жаткырылган. Дарыгерлер ага коронавирус эмес, пневмония деп диагноз койгон. Учурда анын абалы жакшырды. Жыйынтык:  Германия жараны  коронавирус диагнозу менен Бишкектеги ооруканага жаткырылды делген маалымат – фейк.",factcheck.kg,https://factcheck.kg/ky/dejstvitelno-li-v-bolniczu-v-bishkeke-gospitalizirovan-grazhdanin-germanii-s-koronavirusom/,,kyrgyz,1,1.0,https://factcheck.kg/ky/dejstvitelno-li-v-bolniczu-v-bishkeke-gospitalizirovan-grazhdanin-germanii-s-koronavirusom/,fact_check
953df7a1-b499-407d-b0fc-48aff7980c9a,"""Манас"" университетин кесип өтчү жолду салуу бир ай ичинде башталат","Бишкектеги Кыргыз-Түрк “Манас” университетинин кампусун кесип өтүп, Болот Миңжылкиев көчөсүн Чыңгыз Айтматов проспектисине туташтыра турган автожолду салуу бир айдын ичинде башталат. Бул тууралуу Бишкек шаарынын мэриясынын Транспорт жана жол-транспорттук инфратүзүмдү өнүктүрүү департаментинин директорунун орун басары Абдыжапаркул Жанболотов 14-апрелде “Кабарга” берген интервьюсунда айтты. “Азыр бюджетибиз каралып, титулдук тизмени бекитип жатабыз. Шаарда жасала турган жолдордун тизмеси толук бекитилгенден кийин жолду сала турган компанияларды тандайбыз”, - деди ал. Анын сөзүнө караганда, студенттер менен мугалимдердин коопсуздугу үчүн жер астында өтмөк курулуп, зарыл болгон жерлерге жол чырак коюлуп, өтмөктөр салынат. Азырынча жолду салууга канча каражат кетери эсептеле элек. Абдыжапаркул Жанболотов университеттин кампусун кесип өткөн автоунаа жолун салуу Бишкектин 2025-жылга чейинки башкы планында эле болгонун айтты. Бишкек шаарынын мэри Айбек Жунушалиевдин маалыматында Жал кичи районунда 38 миңден ашык адам жашайт. Ал 2022-жылы эле бул райондо 17 миң киши жашаганын, тургундар көбөйгөндүктөн жаңы жолдорду салуу муктаждыгы келип чыкканын билдирди. Мэр бул жол менен борбордогу тыгын маселеси чечилип кетпестигин, бирок аны азайтууга жардам берерин кошумчалаган. Мэрия андан тышкары Анарбек Бакаев көчөсүн Түштүк магистралга кошууну пландап жатат. Буга каршы болгон Кыргыз-Түрк “Манас” университетинин стунденттери, шаардын айрым тургундары кол топтоодо. (BTo)",azattyk.org,https://www.azattyk.org/a/33731834.html,2026-04-14T13:58:01+06:00,kyrgyz,0,high,,news_site
503bf074-632c-4285-89a7-4eea419fdbd4,"«253 ЖМК тарабынан дүйнөлүк окуялар ал каалагандай нукта чагылдырылышы үчүн Сорос 131 млн доллардан кем эмес каражат жумшаган. Ал репортерлордон жана теле алып баруучулардан баштап, ЖМКнын редакторлоруна жана жетекчилерине чейин, бардыгына төлөп келген», — деп айтылат билдирүүдө.","Коомдук тармактардаFox News’га шилтеме кылынып, “Джордж Сорос көп жылдар бою CNN, NBC, CBS, Bloomberg, NPR жана Washington Post сыяктуу 54 ЖМКнын өкүлдөрүнө акча төлөп келген” дегенмаалыматтаркатылып жатат. «253 ЖМК тарабынан дүйнөлүк окуялар ал каалагандай нукта чагылдырылышы үчүн Сорос 131 млн доллардан кем эмес каражат жумшаган. Ал репортерлордон жана теле алып баруучулардан баштап, ЖМКнын редакторлоруна жана жетекчилерине чейин, бардыгына төлөп келген», — деп айтылат билдирүүдө. Factcheck.kg редакциясы бул билдирүүдө айтылгандардын аныктыгын текшерип көрдү. Ушуга окшош билдирүүнүЖМКларMRC Businessсайтына шилтеме кылып таркатышууда.",factcheck.kg,https://factcheck.kg/ky/faktchek-dzhordzh-soros-platil-bolee-chem-200-mirovyh-smi-dlya-vygodnogo-osveshheniya-sobytij/,,kyrgyz,1,0.62,https://factcheck.kg/ky/faktchek-dzhordzh-soros-platil-bolee-chem-200-mirovyh-smi-dlya-vygodnogo-osveshheniya-sobytij/,fact_check
325e6616-3505-4f8a-8b7d-12a4e69d1810,"Министрдин манипуляциясы: аконит Францияда катталганы чын, бирок дары катары эмес","Саламаттык сактоо министри Алымкадыр Бейшеналиев Ошко болгон сапарында аконит дары-дармек катары Францияда катталганынбилдирген. Factcheck.kgбул маалыматты текшерип көрүүнү чечти. Аконит дары-дармектердин жана ден-соолукка байланыштуу азыктардын коопсуздугу боюнча Франциянын Улуттук агенттигинин сайтындакатталганычын. Бирок, бул өсүмдүк гомеопатиялык дарылар бөлүмүндө гана катталганын белгилейбиз. 2021-жылдын 1-январынан тарта Франциянын Саламаттыкты сактоо боюнча Жогорку Илимий Уюмунун (la Haute autorité de santé)сунушунаылайык, Франциянын мамлекеттик медициналык камсыздандыруу тутуму гомеопатиялык дары-дармектердин чыгымдарынтөлөбөйт. Ал эми гомеопатиялык каражаттар натыйжасыз жана коомдук саламаттыкка пайдасыз деп табылган. Учурда, илимий чөйрө гомеопатияны жалган илим депэсептейт. Ал боюнча клиникалык маалыматтар гомеопатияны клиникалык практикада колдонууга оң сунуштарды берген эмес.",factcheck.kg,https://factcheck.kg/ky/manipulyacziya-glavy-minzdrava-akonit-dejstvitelno-zaregistrirovan-vo-franczii-no-tolko-v-razdele-gomeopatii/,,kyrgyz,1,0.78,https://factcheck.kg/ky/manipulyacziya-glavy-minzdrava-akonit-dejstvitelno-zaregistrirovan-vo-franczii-no-tolko-v-razdele-gomeopatii/,fact_check
16288506-8ab1-4cbe-b517-52f3beaf2213,Былтыр коомдук коопсуздук камералары алты миңден ашык эреже бузууларды аныктады,"Коомдук коопсуздук камералары 2025-жылы 6 миңден ашык эреже бузууну аныктады. Бул тууралуу Ички иштер министрлигинин Коомдук коопсуздук кызматынын башчысынын орун басары Алмаз Батырбаев Биринчи радиодо билдирди. Анын айтымында, бардык аймактарда коомдук коопсуздук камераларын күнү-түнү көзөмөлдөгөн кырдаалдык борборлор бар, ошону менен жарандардын коопсуздугу камсыздалат. «Учурда өлкө боюнча коомдук жайларда үч миңден ашык видеобайкоо камералары иштеп жатат. Ар бир аныкталган окуя боюнча маалымат мыйзамдуу чара көрүү үчүн райондук ички иштер органдарынын жергиликтүү бөлүмдөрүнө жөнөтүлөт», — деди Алмаз Батырбаев. Ал кошумчалагандай, 2026-жылы «Коопсуз өлкө» долбоорунун экинчи этабынын алкагында 20 000 видеокамера орнотулат. «Иш этап-этабы менен жүргүзүлөт. Биринчиден, кызматкерлер кылмыштар көп жасалган жерлерди талдайт. Андан тышкары, видео жабдууларды орнотуу үчүн инфраструктура талап кылынат — 24 саат бою электр энергиясы менен камсыздоо, интернет байланышы ж.б.у.с. Камеранын бир нече түрү бар — айрымдары 360 градуска айланат, ал эми башкалары кыймылсыз жана бир багытты көрсөтөт», — деп түшүндүрдү Алмаз Батырбаев.",24.kg,https://24.kg/kyrgyzcha/359386_byiltyir_koomduk_koopsuzduk_kameralaryi_altyi_minden_ashyik_ereje_buzuulardyi_anyiktadyi/,,kyrgyz,0,high,,news_site
d77d9e5b-faac-4ac7-930e-dad6342b29eb,Россияда эшик көзчөлөрүнө тыюу салынабы? Текшеребиз,"Мамлекеттик Думага эшик көзчөлөрүнө тыюу салуу боюнча мыйзам долбоору киргизилгендиги тууралуу маалыматTwitterсоциалдык тармагында пайда болду. Анда полициянын ишин жеңилдетүү максатында демилгени “Единая Россия” партиясынын депутаттары көтөрүп чыккандыгы айтылат. Бирок көзчөнү орнотууга макулдук алган жарандар полиция үчүн батирдин сыртынан кароого мүмкүнчүлүк берген экинчи көзчөнү орнотууга милдеттендирериайтылат. Factcheck.kgокурмандын өтүнүчү менен бул маалыматты текшерип көрдү. Белгилей кетсек, жаңылык сатира жазуу менен алектенген“Панорама”сайтынын макалаларына түспөлдөш.",factcheck.kg,https://factcheck.kg/ky/v-rossii-zapretyat-dvernye-glazki-proveryaem/,,kyrgyz,1,0.77,https://factcheck.kg/ky/v-rossii-zapretyat-dvernye-glazki-proveryaem/,fact_check
c5a5448e-5d4c-4a58-b902-ffb00d115ce8,УКМК экстремисттик уюмдун мүчөлөрү кармалганын билдирди,"Улуттук коопсуздук боюнча мамлекеттик комитет (УКМК) ишмердүүлүгү Кыргызстандын аймагында тыюу салынган ""Хизб ут-Тахрир"" диний экстремисттик уюмунун үч мүчөсү Бишкекте кармалганын 10-апрелде кабарлады. Маалыматка караганда, алар экстремисттик идеологияны жайылтуу жана жаңы жактоочуларды тартуу менен алектенип келишкен. Алардын жашаган жеринен ""Хизб ут-Тахрир"" уюму чет өлкөлөрдө басып чыгарган китепчелер жана материалдар алынган.УКМК 9-апрелде Сириядагы согушка тиешеси бар деген шек менен кыргызстандык жаран кармалганын билдирген. Ал жаран суракта террордук уюмдун ишмердүүлүгүн түшүнгөндөн кийин Сириядан чыгып, Түркия аркылуу мекенине кайтып келгенин айткан. Атайын кызмат жарандарды Кыргызстанда тыюу салынган экстремисттик жана террордук уюмдардын ишмердүүлүгүнө катышкандыгы үчүн кылмыш жоопкерчилиги бар экенин эскертип келет.Ушул тапта Кыргызстанда соттун чечими менен террорчул жана экстремисттик уюм катары ишине тыюу салынган диний бирикмелер: “Ал-Каида”, “Чыгыш Түркстан Ислам кыймылы”, “Күрт элдик конгресси” (Конгра-Эл), “Чыгыш Түркстанды бошотуу уюму”, “Хизб ут-Тахрир ал-Ислами” (Ислам боштондук партиясы), “Жихад тобу” (Ислам жихадынын бирикмеси), “Түркстан Ислам партиясы” (Өзбекстан Ислам кыймылы), “Мун чиркөөсү”, “Жайшүл-Махди” (Махдинин аскери), “Жунд-Ал халифат”, “Ансаруллох” (Алланын жардамчлары), “Ат-Такфирвал-хижра”, “Акромия”, “Саид Бурятскийдин (А. Тихомировдун) пропагандалык-үгүттөө материалдары жана ишмердүүлүгү”, “Ишим – Ирак, Шам Ислам мамлекети” (ИГИЛ), “Жабхат Ан-Нусра” (Жеңиш фронту), “Катибат Ал-Имам Ал-Бухари” (Имам бухарий батальону), “Жаннат Ошиклари” (Бейишке умтулгандар), “Жамаат Ат-Таухид вал-жихад” жана “Йакын инкар” диний бирикмелери террорчул жана экстремисттик уюм катары ишмердүүлүгүнө тыюу салынган. (КЕ)",azattyk.org,https://www.azattyk.org/a/33729124.html,2026-04-10T12:32:20+06:00,kyrgyz,0,high,,news_site
bd22ff0f-c491-442b-8d11-81c4f6ea4681,Азия чемпионаты: Мээрим менен Айпери жарым финалга чыкты,"Бишкекте өтүп жаткан спорттук күрөш боюнча Азия чемпионатында балбан Мээрим Жуманазарова менен Айпери Медет кызы жарым финалга жолдомо алышты. Бүгүнкү беттеште Мээрим Жуманазарова 68 кг салмак ченинде күч сынашып, Вьетнамдын балбанын 11:0 эсебинде жеңди. Ал эми Айпери Медет кызы 76 кг салмак ченинде килемге чыгып, чейрек финалда кытайлык атаандашын тушеге басып, утуп алды. Белгилей кетсек, бүгүн, 8-апрелде чемпионаттын үчүнчү күнүндө кыз-келиндер күрөшү боюнча беттештер өтүүдө. Анда 50, 55, 59, 68 жана 76 кг чейинки салмакта медалдар ойнотулууда.",24.kg,https://24.kg/kyrgyzcha/369491_aziya_chempionatyi_meerim_menen_ayperi_jaryim_finalga_chyiktyi/,,kyrgyz,0,high,,news_site
89023de5-2a54-4bcd-bee7-d84f835c87a8,Жапаров Баш мыйзамдын ар бир беренесин урматтоо маанилүү экенин белгиледи,"Президент Садыр Жапаров 5-май – Конституция күнүнө карата кыргызстандыктарды куттуктап, Баш мыйзам улуттук идеологиянын булагы жана улуттук иденттүүлүктүн негизги өзгөчөлүктөрүн айкындаган документ экени белгиледи. «Көп этностуу өлкөбүздө Конституция ар бир жаран өзүнүн корголушуна ишенген, биримдик менен туруктуулукту бекемдеген идеялык өзөк болуп саналат. Мына ошондуктан анын ар бир беренесин урматтоо баарыбыз үчүн маанилүү принцип болушу абзел», - деди Жапаров. Президент «Конституция өлкөнүн укуктук системасынын туу чокусу жана өнүгүүнүн пайдубалы болуп калганын» белгиледи. СССР урагандан кийин эгемен Кыргызстандын Конституциясын 1993-жылы 5-майда легендарлуу парламент кабыл алган. Бул аралыкта Конституция бир канча жолу өзгөртүлүп, соңку референдум 2021-жылдын 11-апрелинде болгон. Ага шайлоочулардын 36,66% катышып, алардын 79% ашыгы Баш мыйзамдын жаңы долбоорун колдогон. Ошентип Кыргызстанда президенттик башкаруу системасы киргизилген. Ага чейин парламенттик-президенттик башкаруу болгон. (КЕ)",azattyk.org,https://www.azattyk.org/a/33750081.html,2026-05-05T11:14:13+06:00,kyrgyz,0,high,,news_site
a58a9f7a-3473-40bd-8b8e-44e2f3aa27d2,"ЖК депутаты ""Манас"" аркылуу жол салууда эки тараптуу келишимге көңүл бурууга чакырды","Жогорку Кеңештин депутаты Дастан Жумабеков Бишкектеги ""Манас"" университетинин аймагы аркылуу өтүүчү жол салуу алдында эки тараптуу келишимдерге көңүл буруп, кайрадан карап чыгууга чакырды. Эл өкүлү бул багытта 18 беренеден турган келишим бар экенин жана анда окуу жайдын айланасында маселе жаралса дипломатиялык жол менен чечилиши керектиги жазылганын белгиледи.""Бул университеттин иштеши Жогорку Кеңеште мыйзам аркылуу бекитилген. Бишкек мэриясынын өзүнүн мамлекеттик актысынын негизинде жер тилкеси бөлүнүп берилген. Мэрияны дагы келишимдерге көңүл буруп коюуга чакырам. Ал жерде кампус деп турат. Кампус өзүнчө шаарча, аймак болуп эсептелет. Ошол жердеги студенттер окуп, жакшы шарттар түзүлүшү керек"", - деди Жумабеков.Бишкектин мэри Айбек Жунушалиев борбор калаадагы Тыналиев жана Айтматов көчөлөрүн байланыштыруучу Миңжылкиев көчөсү ачыларын билдирген. Ал ""Манас"" университетинин аймагы аркылуу өтүүчү жол ачыларын, андан жашыл аймак жабыркабасын айткан. Шаардагы Баласагын атындагы, Карасаев атындагы, Раззаков атындагы университеттерди жана башка жогорку окуу жайлары чоң көчөлөрдүн боюнда коопсуз турганын мисал келтирген.Кыргыз-Түрк ""Манас"" университетинин кампусун аралап өтүүчү жаңы жолду ачууну көздөгөн Бишкек мэриясынын демилгесине университеттин бир катар студенттери, бүтүрүүчүлөрү, айрым шаар тургундары каршы чыгууда.Социалдык тармакта мэриянын демилгесине каршы чыккандар окуу жайдын аймагынан жол өткөрүү шаардагы жашыл аймакты кыскартат, коопсуздукка кедергисин тийгизет деген жүйө келтирүүдө.Жунушалиевдин видеокайрылуусуна аталган окуу жай тараптан комментарий бериле элек. (КЕ)",azattyk.org,https://www.azattyk.org/a/33737725.html,2026-04-22T11:59:00+06:00,kyrgyz,0,high,,news_site
9d0e3166-9522-499b-9bfa-fab9b955eb79,"""Эркин Европа/Азаттык"" радиосунун мурдагы президенти Кевин Клоуз көз жумду","АКШда журналист, бир нече радио компаниянын жетекчиси болгон Кевин Клоуз 85 жашында көз жумду. Маркум 1940-жылы Торонтодо туулган, Гарвард университетин бүтүргөн. Беш китептин, анын ичинде «Орусия жана орустар: жабык коомдун ичинде» деген эмгектин автору. 25 жылдай Клоуз The Washington Post гезитинин кабарчысы жана улук редактору болуп, 1977-1981-жылдары Москвадагы бюросун жетектеген. Ошол маалда советтик адабиятчылар, көркөм интеллигенция, укук коргочулар, оппозиция өкүлдөрү менен жакындан таанышып калган. Жазуучу Корней Чуковскийдин үй-бүлөсү менен өзгөчө жакын достошкон. 1992-жылы «Эркин Европа/Азаттык» радиосунун президенти болуп дайындалган. Анын жетекчилиги учурунда компаниянын баш кеңсеси 1995-жылы Мүнхенден Прагага көчкөн. 1998-жылдын этегинде Клоуз АКШнын Улуттук коомдук радиосун (NPR) жетектөөгө барып, 10 жыл ошол кызматты аркалады. Кийин Мериленд университетинин Журналистика коллежинин деканы болгон. 2013-жылы «Эркин Европа/Азаттык» радиосуна кайрадан кайтып келген жана эки жыл компаниянын башында турду. Маркум демократиялык көз караштарды, эркин журналистиканы жана коомдогу окуяларды терең талдоону колдогон инсан катары белгилүү болчу. Клоуз радиону адамга эң жакын маалымат каражаты катары сыпаттаганы бар: «Радиону угуп жатып китепти ачып, дүйнөдөгү окуяларга ой жүгүртсөң, идиш-аяк жууп, тамак даярдап, чай же кофе кайнатсаң болот. Бул жалпыга маалымдоо каражаттарынын керемет куралы. Мен өмүр бою радиого аралашып жүрдүм, менимче, бул адамдын элестетүү жөндөмү үчүн эң жакшы медиа"", - деп айткан Клоуз ""Свобода"" радиосуна кураган маегинде.",azattyk.org,https://www.azattyk.org/a/33733543.html,2026-04-16T15:36:49+06:00,kyrgyz,0,high,,news_site
89a8539b-30af-4e14-bddc-e5662b35dff6,Россияда изоляцияга каршы нааразычылык акциясы башталды деген маалымат — фейк,"WhatsApp мессенджеринде Россиядагы изоляцияга каршы жарандар нааразычылык акциясына катышты деген өңүттө маалымат тарады. «Ростов-на-Дону ойгонду!» деген мүнөздөмө менен жайылган видеотасмада учурда карантинге каршы митинг жүрүп атканы айтылган. Factcheck.kgбул тасманы текшерип көрдү. Алгач видео тартылган жерди аныктайбыз. Ал тууралуу тасмада да, анын мүнөздөмөсүндө да айтылбагандыктан, видеонун деталдарына көңүл бурабыз. Алгачкы эле секундаларда Henderson аттуу Мода үйүн байкайбыз. «Henderson Россия» деп издөө салып, ал Москадагы Тверь көчөсүндө жайгашканын аныктайбыз.",factcheck.kg,https://factcheck.kg/ky/rostov-na-donu-ohvachen-protestami-protiv-izolyaczii-vo-vremya-epidemii-fejk/,,kyrgyz,1,0.77,https://factcheck.kg/ky/rostov-na-donu-ohvachen-protestami-protiv-izolyaczii-vo-vremya-epidemii-fejk/,fact_check
cedbad39-4ea8-474c-9d13-fad0f60ae708,Йемендик хусилер Баб-эль-Мандаб кысыгын жабарын эскертти,"Йемендеги хусилер АКШ президенти Дональд Трамп ""тынчтыкка бут тосуучу аракеттерин"" токтотпосо, Баб-эль-Мандаб кысыгын жабарын эскертти. Мындай билдирүүнү хусилердин өкүлү Хусейн аль-Эззи жасады.Анын сөзүнө караганда, эгер бул чечим ишке ашчу болсо, эч ким аны ача албайт.""Ошондуктан, ""Трамп жана аны колдогон өлкөлөр тынчтыкка тоскоол болгон саясатын дароо токтотуп, элибиздин жана өлкөбүздүн укуктарын сыйлашы керек"", -деди аль-Эззи.Баб-эль-Мандаб кысыгы Кызыл деңизди Аден булуңу менен байланыштырат. Кысыктан болжол менен деңиз аркылуу ташылган мунайдын 12% жана суюлтулган газдын 8% өтөт.Иран колдогон хусилердин ""Ансар Алла"" тобу Йемендин борбор калаасы Сананы жана башка басымдуу бөлүгүн көзөмөлдөйт.17-апрелде Израил менен Ливан ок атышпоону макулдашканда Иран Ормуз кысыгын ачканын жарыялаган, бирок кийинки күнүкайрадан жаап, буга АКШнын ирандык портторду бөгөттөөсүн токтотпогонун себеп кылган. Тегеран чектөөлөр Вашингтон портторду бөгөттөөдөн толук баш тармайынча алынбасын билдирген. Ошол эле күнү Ормуз кысыгынан өтүүгө аракет кылган кеминде эки танкер аткылоогодуушар болгону белгилүү болду.Ормуз кысыгынан дүйнөлүк мунай жана газдын 20% ашууну ташылат. Кысыктын жабылышы дүйнөлүк рынокто мунайдын кымбатташына алып келген.",azattyk.org,https://www.azattyk.org/a/33735658.html,2026-04-19T19:43:00+06:00,kyrgyz,0,high,,news_site
6bbe3c97-ecdb-4ba2-80f3-f228d16b0e2c,INTEGRA CITY GITEX AI KAZAKHSTAN аянтчасында акылдуу шаарлардын жана санариптик мамлекеттин келечегин калыптандырууда,"4–5-май күндөрү Казакстанда алгач ирет GITEX AI KAZAKHSTAN эл аралык көргөзмө жана конференциясы өтүүдө Борбордук Азия келечектүү технологиялык аймак катары өзүнүн позициясын бекемдеп жатат жана INTEGRA CITY бул процессте стратегиялык өнөктөш катары кызмат кылып, жасалма интеллектке негизделген шаарларды жана мамлекеттик системаларды санариптик башкаруу үчүн чечимдерди сунуштап жатат. 4–5-май күндөрү Алматы шаарында, Казакстандын Ишкердик кызматташтык борбору «Атакент» аянтчасында, Казакстанда алгач ирет GITEX AI KAZAKHSTAN эл аралык көргөзмө жана конференциясы өтүүдө. Бул иш-чара дүйнөдөгү ири технологиялык окуялардын глобалдык экосистемасынын бир бөлүгү болуп саналат. Казакстан Дубай, Сингапур, Абу-Даби жана Берлин сыяктуу шаарлар менен катар GITEX тармагындагы тогузунчу катышуучу болуп калды. Иш-чара жасалма интеллект жана санариптик трансформация тармагындагы күн тартибин калыптандырган региондогу негизги аянтчалардын бири болуп эсептелет. Иш-чара GITEX Global тарабынан Казакстан Республикасынын Жасалма интеллект жана санариптик өнүгүү министрлигинин колдоосу менен, Astana Hub жана Алматы шаарынын акиматы менен өнөктөштүктө уюштурулган. Ал Казакстан Республикасынын Президенти Касым-Жомарт Токаевдин патронажы алдында, Санариптештирүү жана жасалма интеллект жылынын алкагында өтүүдө. Иш-чарага 300дөн ашык компания, 100 стартап, 60тан ашык өлкөдөн катышуучулар жана 150дөн ашуун инвестор чогулуп, жасалма интеллекттин келечегин, санариптик экономиканы жана аймактагы инновацияларды талкуулашууда. Казакстан Республикасынын Премьер-министринин орун басары – Жасалма интеллект жана санариптик өнүгүү министри Жаслан Мадиев белгилегендей, GITEX’тин Алматыда өтүшү өлкөнүн технологиялар, инвестициялар жана стартаптар үчүн тартылуу борборуна айланып бара жатканын тастыктайт.INTEGRA CITY: интеграция, масштаб жана бирдиктүү санариптик архитектура Көргөзмөнүн негизги катышуучуларынын бири — INTEGRA CITY компаниялар тобу. Бул 20 жылдан ашык тажрыйбасы бар, 10дон ашык өлкөдө 3 000ден ашуун адисти бириктирген эл аралык технологиялык интегратор. Компания ири инфраструктуралык долбоорлорду ишке ашырып, санариптик мамлекеттик башкаруу жана «акылдуу шаар» чөйрөсү үчүн комплекстүү аппараттык-программалык чечимдерди иштеп чыгат. GITEX AI KAZAKHSTAN алкагында компания өзүнүн негизги чечимдерин сунуштайт: Nexus (Safe City), Sfera (Smart City), Kodex (e-Government) жана Bordex (Border and State Security) — заманбап шаарлар жана мамлекеттик түзүмдөр үчүн бирдиктүү экосистеманы түзгөн санариптик продуктылар. Сүрөт: INTEGRA CITY көргөзмөсү, GITEX AI KAZAKHSTAN эл аралык көргөзмөсү жана конференциясы INTEGRA CITY экспозициясында бул чечимдерди ишке киргизүүнү камсыз кылган инфраструктура көрсөтүлөт: интеллектуалдык видеокөзөмөл жана мыйзам бузууларды каттоо системалары, окуяларга реалдуу убакыт режиминде жооп кайтаруу куралдары, шаарды башкаруу платформалары, санариптик мамлекеттик кызматтар, ведомстволор аралык маалымат алмашуу чечимдери жана критикалык инфраструктураны коргоо технологиялары. Бардык чечимдер бирдиктүү архитектурага бириктирилип, үчүнчү тараптын системалары менен интеграциялануу мүмкүнчүлүгүнө ээ. Бул киргизүүнүн ийкемдүүлүгүн камсыз кылып, учурдагы санариптик инфраструктура менен шайкештикти жогорулатат. Компания долбоорлорду бардык этаптарда коштоп жүрөт — инфраструктураны түзүүдөн тартып сервистик жана техникалык колдоого чейин. Жасалма интеллект платформанын негизги элементи болуп саналат: ал маалыматтарды талдайт, тобокелдиктерди баалайт жана чечим кабыл алуу сценарийлерин түзөт. Бул башкаруунун натыйжалуулугун жогорулатып, аракет кылуу ылдамдыгын арттырат. GITEX AI KAZAKHSTAN’га катышуу компания үчүн GITEX эл аралык аянтчаларындагы үчүнчү чыгуу болуп саналат. Буга чейин INTEGRA CITY чечимдери GITEX Africa 2026 жана Ai Everything Middle East & Africa (MEA) Egypt 2026 иш-чараларында сунушталган.«GITEX’тин Алматыда өтүшү — жетилген технологиялык экосистеманын калыптанып жатканын билдирет. Бүгүн мамлекеттер үчүн негизги суроо-талап — процесстерди өз-өзүнчө санариптештирүү эмес, жасалма интеллект башкаруунун аналитикалык өзөгүнө айланган интеграцияланган платформалар», — деп белгиледи Илья Беляков. «Биздин чечимдер коомдук жана жол коопсуздугунан тартып шаардык инфраструктурага чейин татаал системаларды AI-модулдар, реалдуу убакыттагы аналитика жана интеграцияланган платформалар аркылуу натыйжалуу башкарууга мүмкүндүк берет». Сүрөт: Илья Беляков, INTEGRA CITY компаниялар тобунун техникалык департаментинин директору INTEGRA CITY — Президенттин катышуусундагы пленардык сессияда жана эл аралык экспансияда INTEGRA CITY конференциянын бизнес программасына активдүү катышууда. Иш-чаранын биринчи күнүндө компаниянын жогорку жетекчилиги Казакстан Республикасынын Президенти Касым-Жомарт Токаев менен биргеликте GITEX AI KAZAKHSTAN пленардык сессиясына кошулуп, жасалма интеллектти жана санариптик экономиканы өнүктүрүүнүн стратегиялык багыттары талкууланды.Топтун техникалык департаментинин директору Илья Беляков акылдуу шаарларга арналган ""Жасалма интеллект шаарлары: АКЫЛДУУ. КООПСУЗ. КЕЛЕЧЕККЕ ДАЯР"" панелдик сессиясында сөз сүйлөдү. Ал санариптик чечимдерди интеграциялоонун, мамлекеттик кызматтарды санариптештирүүнүн жана шаардык башкарууда жасалма интеллектти ишке ашыруунун комплекстүү ыкмаларын сунуштады. Ал өзүнүн эксперттик пикирлери менен активдүү бөлүшүп, заманбап шаарларды өнүктүрүүдө бирдиктүү архитектуранын, киберкоопсуздуктун жана системалар аралык интеграциянын негизги ролун талкуулады. Сүрөт: INTEGRA CITY, панелдик сессия. Жасалма интеллект ШААРЛАР: АКЫЛДУУ. КООПСУЗ. КЕЛЕЧЕККЕ ДАЯР. ""Борбордук Азия санариптик трансформацияга тездик менен өтүп жатат: жасалма интеллект глобалдык тенденцияга айланып баратат жана шаарлар бул багытта активдүү өнүгүп жатышат. Бирок, чыныгы интеллект интеграцияда жатат: шаарларда маалыматтар бар, бирок аны бириктирбестен толук кандуу жасалма интеллект жок. Биздин мамилебиз бирдиктүү архитектурага негизделген — алдын ала айтууга боло турган, ишенимдүү жана бардык элементтерди бирдиктүү экосистемага бириктирет. Биздин стенд мунун иш жүзүндө кандайча иштээрин көрсөтөт: реалдуу убакыттагы маалыматтар башкаруу чечимдерине айландырылат. Ошол эле учурда, негизги тобокелдиктер фрагментация жана киберкоопсуздук болуп саналат, андыктан инфраструктураны коргоо, ачык-айкындуулук жана жоопкерчиликтүү жасалма интеллект принциптери абдан маанилүү. Акыр-аягы, шаарлардын келечеги жөн гана санариптештирүүдө эмес, алардын байланышында, туруктуулугунда жана ишениминде."" Мындай эл аралык иш-чаралардын өткөрүлүшү Борбор Азиянын — өзгөчө Казакстандын — санариптик трансформация жана жасалма интеллект тармагындагы калыптанып келе жаткан борборлордун бири катары ролу өсүп жатканын айкын көрсөтөт. Бул аймактын ыкчам өнүгүүсүн жана анын глобалдык технологиялык картадагы маанисинин барган сайын күчөп жатканын чагылдырат. INTEGRA CITY бул багытты колдоп, өз демилгелерин Казакстандын Санариптештирүү жана жасалма интеллект жылынын алкагындагы улуттук артыкчылыктар менен шайкеш келтирүүдө. Компания технологиялар, экспертиза жана өнөктөштүктөр аркылуу бул максаттарды ишке ашырууга салым кошууда. Белгилей кетүү маанилүү, Кыргызстан да аймактагы келечектүү рыноктордун бири катары туруктуу өсүш динамикасын көрсөтүүдө: шаарлар жана мамлекеттик түзүмдөр экономикалык өсүштү стимулдаштыруу жана жашоо сапатын жогорулатуу үчүн заманбап санариптик чечимдерди активдүү киргизип жатышат. GITEX AI KAZAKHSTAN’га катышуу INTEGRA CITY компаниясынын аймактагы санариптик трансформацияны өнүктүрүүгө жана мамлекеттик, ошондой эле тармактык өнөктөштөр менен кызматташууну бекемдөөгө болгон стратегиялык умтулуусун чагылдырат. Бул инновациялык экономиканы өнүктүрүүгө, коопсуз жана ыңгайлуу чөйрөнү түзүүгө, ошондой эле заманбап талаптарга жооп берген технологиялык өнүккөн шаарларды жана мамлекеттик кызматтарды калыптандырууга багытталган.",vesti.kg,https://vesti.kg/kg/koom/item/150087-integra-city-gitex-ai-kazakhstan-ayantchasynda-akylduu-shaarlardyn-zhana-sanariptik-mamlekettin-kelechegin-kalyptandyruuda.html,2026-05-05T17:52:15+06:00,kyrgyz,0,high,,news_site
5060c0ed-6c59-4520-99b0-bcbbc8df1d4c,Чемпиондор Лигасынын чейрек финалынын бардык жуптары аныкталды,"УЕФАнын Чемпиондор Лигасынын чейрек финалына чыккан сегиз команданын баары аныкталды. «Барселона» 1/8 финалдын экинчи беттешинде «Ньюкасл» командасын 7:2 эсебинде жеңип, чейрек финалга жолдомо алды. Биринчи беттеште 1:0 эсебинде жеңилген «Ливерпуль» «Галатасарай» командасын 4:0 эсебинде жеңди. «Атлетико Мадрид» «Тоттенхэм Хотспурду» жалпы эсеп менен 5:2, 2:3 эсебинде жеңди. «Бавария» «Аталантаны» 6:1, 4:1 эсебинде жеңип, чейрек финалга чыкты. Мурунку күндөгү беттештерден кийин «Реал Мадрид», «Спортинг», «Арсенал» жана «ПСЖ» Чемпиондор Лигасынын чейрек финалына жолдомо алышты. 2025/26-жылдардагы Чемпиондор Лигасынын чейрек финалынын беттештери: Чейрек финалдын биринчи беттештери шейшемби, 7-апрелде өтөт.",24.kg,https://24.kg/kyrgyzcha/366606_chempiondor_ligasyinyin_cheyrek_finalyinyin_bardyik_juptaryi_anyiktaldyi/,,kyrgyz,0,high,,news_site
38929e4e-76ea-4a17-a220-ad195da35425,Кыргызстанда адискөй троллдордун фабрикасы [split],"Самат Муктаров аккаунтун жамынган адам Фейсбукта макалаларды 16 -марттан баштап иш күндөрү гана жайгаштырып келет жана ал материалдарды кыргыз тилдүү топтордо(орто эсеп менен 6-7 топто)гана жайылтат.  Ал эми сырткы сайттардан (не telegra.ph),  maalymat.kg, president.kg сайттарынын макалалары таратылат. Майрам жана эс алуу күндөрү Самат Муктаров айлык алып иштеген адамдарга окшоп эс алат, башкача айтканда бул күндөрү анын хроникасында эч кандай материал жарыяланбайт. макала саныбөлүшүүлөр саны16 март3417 март317эс алуу күндөрү19 март1220 март614Нооруз22 март2423 март315Өз кезегинде Самат Муктаров жарыялаган маалыматтарды Фейсбукта байма-бай түрдө Акылай Турдуева, Айгуль Ишенбек кызы Сатыкеева, Азат Сыдыков, Эдил Азимов аттуу аккаунттар өздөрүнүн жана башка баракчаларда бөлүшүшөт.Бул троллдор командасы жалгыз эмес. Фейсбукта алардын оппонентери көп, алар: Турсун Абакиров, Сергей Вольф, “Антиклан” баракчасы, Любовь Губина аттуу колдонуучулар . Бул аккаунттар тескерисинче Алмазбек Атамбаевди мактап, Сооронбай Жээнбековду каралаган материалдарды жайылтышат.Continue ReadingPreviousАзиз Суракматов жана кызыкчылыктар конфликтиNextПремьер-министр жумуш орундары тууралуу цифра менен манипуляция жасады макала саныбөлүшүүлөр саны16 март3417 март317эс алуу күндөрү19 март1220 март614Нооруз22 март2423 март315Өз кезегинде Самат Муктаров жарыялаган маалыматтарды Фейсбукта байма-бай түрдө Акылай Турдуева, Айгуль Ишенбек кызы Сатыкеева, Азат Сыдыков, Эдил Азимов аттуу аккаунттар өздөрүнүн жана башка баракчаларда бөлүшүшөт.Бул троллдор командасы жалгыз эмес. Фейсбукта алардын оппонентери көп, алар: Турсун Абакиров, Сергей Вольф, “Антиклан” баракчасы, Любовь Губина аттуу колдонуучулар . Бул аккаунттар тескерисинче Алмазбек Атамбаевди мактап, Сооронбай Жээнбековду каралаган материалдарды жайылтышат.Continue ReadingPreviousАзиз Суракматов жана кызыкчылыктар конфликтиNextПремьер-министр жумуш орундары тууралуу цифра менен манипуляция жасады Өз кезегинде Самат Муктаров жарыялаган маалыматтарды Фейсбукта байма-бай түрдө Акылай Турдуева, Айгуль Ишенбек кызы Сатыкеева, Азат Сыдыков, Эдил Азимов аттуу аккаунттар өздөрүнүн жана башка баракчаларда бөлүшүшөт.Бул троллдор командасы жалгыз эмес. Фейсбукта алардын оппонентери көп, алар: Турсун Абакиров, Сергей Вольф, “Антиклан” баракчасы, Любовь Губина аттуу колдонуучулар . Бул аккаунттар тескерисинче Алмазбек Атамбаевди мактап, Сооронбай Жээнбековду каралаган материалдарды жайылтышат.Continue ReadingPreviousАзиз Суракматов жана кызыкчылыктар конфликтиNextПремьер-министр жумуш орундары тууралуу цифра менен манипуляция жасады Өз кезегинде Самат Муктаров жарыялаган маалыматтарды Фейсбукта байма-бай түрдө Акылай Турдуева, Айгуль Ишенбек кызы Сатыкеева, Азат Сыдыков, Эдил Азимов аттуу аккаунттар өздөрүнүн жана башка баракчаларда бөлүшүшөт. Бул троллдор командасы жалгыз эмес. Фейсбукта алардын оппонентери көп, алар: Турсун Абакиров, Сергей Вольф, “Антиклан” баракчасы, Любовь Губина аттуу колдонуучулар . Бул аккаунттар тескерисинче Алмазбек Атамбаевди мактап, Сооронбай Жээнбековду каралаган материалдарды жайылтышат. Continue ReadingPreviousАзиз Суракматов жана кызыкчылыктар конфликтиNextПремьер-министр жумуш орундары тууралуу цифра менен манипуляция жасады",factcheck.kg,https://factcheck.kg/ky/professionalnaya-fabrika-trollej-v-kyrgyzstane/,,kyrgyz,1,0.57,https://factcheck.kg/ky/professionalnaya-fabrika-trollej-v-kyrgyzstane/,fact_check
961be7c0-dc8f-4e89-80a9-a495985f4bc1,Президент Кара-Кулжада Калкты тейлөө боюна маданий борборду ачты,"Президент Садыр Жапаров бүгүн, 14-апрелде Ош облусуна болгон иш сапарынын алкагында Кара-Кулжа айылындагы Калкты тейлөө боюнча маданий борбордун ачылыш аземине катышты. Борбор мамлекеттик кызматтарды комплекстүү түрдө көрсөтүүнү камсыздап, социалдык багыттагы объекттерди бир жерде жайгаштырууга багытталган. Садыр Жапаров үч кабаттуу имараттын инфраструктурасы менен таанышып, андагы калкты тейлөө бөлүмдөрүн, кинотеатр, машыгуу залын, банк бөлүмдөрүн, конференц-залды жана башка коомдук жайларды көрүп чыкты. Курулуш, архитектура жана турак жай-коммуналдык чарба министри Нурдан Орунтаев мамлекет башчысына жер тилкесинин жалпы аянты 0,45 гектарды түзөрүн маалымдап, долбоор район тургундары жана коноктору үчүн ыңгайлуу шарттарды түзүүгө багытталганын белгиледи. Андан соң президент жергиликтүү тургундар менен баарлашып, мындай борборлор өлкөнүн башка райондорунда да ачыларын айтты. Өз кезегинде жашоочулар ишке ашырылып жаткан демилгелердин калктын жашоо шартын жакшыртуудагы маанисин белгилешип, аймактарды өнүктүрүүгө көңүл буруп жатканы үчүн ыраазычылык билдиришти.",24.kg,https://24.kg/kyrgyzcha/370289_prezident_kara-kuljada_kalktyi_teyloo_boyuna_madaniy_borbordu_achtyi/,,kyrgyz,0,high,,news_site
9b4d9d5c-24a8-45ba-ae31-fedc5df18079,Бишкекте шектүүгө күч колдонгон милиция кызматкерлерине иш козголду,"Ички иштер министрлиги (ИИМ) Бишкек шаарында шектүүнү кармоо учурунда күч колдонуп, уруп-сабаган милиция кызматкерлерине карата Кылмыш-жаза кодексинин 338-беренеси (""Бийликтен аша чабуу"") боюнча кылмыш иши козголгонун 17-апрелдекабарлады.ИИМдин маалыматына караганда, министрликтин Ички иликтөө кызматына 2000-жылы туулган Э. уулу Э. аттуу жаран кайрылып, анын кармалышына катышкан милиция кызматкерлеринин мыйзамсыз аракеттери тууралуу арызданган. 26 жаштагы жаран өзү ""Алдамчылыкка"" шектелип кармалган.""Арыз ээсинин далилдерин текшерүү учурунда айрым милиция кызматкерлери кызмат абалын кыянаттык менен пайдаланган белгилери менен бийликтен аша чабуусу аныкталган"", - деп билдирди ИИМдин басма сөз кызматы. Октябрь райондук Ички иштер бөлүмүнүн ыкчам кызматкерлери Т. у. И. жана У. А. У. Бишкек милициясынын убактылуу кармоочу жайына киргизилди. Учурда окуянын бардык жагдайларын ар тараптуу жана объективдүү аныктоого багытталган тиешелүү тергөө-ыкчам иш-чаралары жүргүзүлүп жатканы кабарланды.Мунун алдында шектүүнү кармоо учурундагы видео соцтармактарга тараган. Андан каршылык көрсөтпөй эле турган кишини жарандык кийимчен кызматкерлер башка-көзгө чаап, тээп кармаганын көрүүгө болот. Укук тартибин коргоо органынын кызматкерлеринин бул мамилеси коомчулукта сынга кабылып, чара көрүү талаптары жазылууда. (КЕ)",azattyk.org,https://www.azattyk.org/a/33734409.html,2026-04-17T16:55:43+06:00,kyrgyz,0,high,,news_site
181c137a-e661-4c77-9eda-18611af81ee6,Бейөкмөт уюмдар жөнүндө жаңы мыйзам долбоору Орусия Федерациясынын мыйзамынын көчүрмөсү болуп чыкты,"Бейөкмөт уюмдар жөнүндө жаңы мыйзам долбоору Орусия Федерациясынын мыйзамынын көчүрмөсү болуп чыкты. Эскерте кетсек, өткөн айда биздин редакция “Жалпыга маалымдоо каражаттары жөнүндө” жаңы мыйзам долбоору дээрлик толугу менен орусиянын мыйзамынан көчүрүлүп алганынаныктаган болчу. Беренелеринин окшоштугу 60-99%ды түзгөн (ред. түш. 15-ноябрда өткөн тегерек столдо мыйзам долбоорунун авторлорунун бири Мурат Укушов бул долбоор орусиялык мыйзамдан көчүрүлүп алганын моюнга алган). 2-ноябрда Министрлер кабинетинин сайтына коомдук талкуу үчүн “Бейөкмөт уюмдар жөнүндө” мыйзам долбоору илинген. Factcheck.kg редакциясы анын текстин карап чыгып, плагиатка орун берилгенин аныктады. Антиплагиат кызматынынжардамы менен талдап чыгып, кыргызстандык “БӨУ жөнүндө” мыйзам долбоорунун көбү орусиялык “Коммерциялык эмес уюмдар жөнүндө” мыйзамынан көчүрүлүп алынганынаныктадык. Мисалы, жаңы долбоордун авторлору 2-беренеде БӨУнун аныктамасын беришет. Берененин экинчи бөлүгүндө “коммерциялык эмес” деген жерлер “бей өкмөт” дегенге алмаштырылганы жана Кыргыз Республикасы деген кошулганы байкалып турат. Калгандары үтүрүнө чейин окшош. Көп беренелердеги айырмачылык өлкөнүн гана аталышында – б.а. авторлор “Орусия Федерациясы” дегенди “Кыргыз Республикасына” алмаштырып эле коюшкан. Дагы бир айырмачылык орусиялык документте “Коомерциялык эмес уюмдар” (КЭУ) деген аталыш колдонулса, кыргызстандык документте “Бейөкмөттүк уюм” (БӨУ) деген аталыш колдонулат. Жарандык коом жана юристтер “чет элдик БӨУ” деген Кыргызстан үчүн жаңы түшүнүктү сынга алышты. Колдонуудагы мыйзамдарда буга чейин мындай түшүнүк жок болчу. Мындай аталыш Орусияда бейөкмөттүк уюмдарды жаманатты кылуу максатында колдонуларын белгилей кетишибиз керек – “чет элдик БӨУ” уюмдарын жана алардын кызматкерлерин көп учурда “чет элдик агенттер” деп аташат. Эми жергиликтүү авторлор бул түшүнүктү Кыргыз Республикасында да киргизүүгө далалат кылышууда.",factcheck.kg,https://factcheck.kg/ky/novyj-zakonoproekt-o-nepravitelstvennyh-organizacziyah-okazalsya-kopiej-zakona-rossijskoj-federaczii/,,kyrgyz,1,1.0,https://factcheck.kg/ky/novyj-zakonoproekt-o-nepravitelstvennyh-organizacziyah-okazalsya-kopiej-zakona-rossijskoj-federaczii/,fact_check
e09d28fa-1ef1-4923-8533-21312b4cdd72,ИИМ Бишкек электр тармактар ишканасынын директорун кармады,"Ички иштер министрлиги (ИИМ) Бишкек электр тармактар ишканасынын директору (А.М.), башкы эсепчиси (Ч.И.) жана анын орун басары (Д.Ш.) кармалганын кабарлады. Мекеме 29-апрелде жарыялаган маалыматына ылайык, алар 2023-жылдан бери алдын ала сүйлөшүп алып, мамлекеттик ишкананын каражатын мыйзамсыз чыгарып кетүү боюнча кылмыштуу схема уюштурган деп шек саналууда. Тергөөдө бухгалтерия аркылуу жасалма документтер түзүлүп, акча маяна катары көрсөтүлүп, башкы эсепчинин орун басарынын (Д.Ш.) банктык эсебине которулуп турганы аныкталган. ИИМ кийин шектүүлөр аны бөлүштүрүп алып келгени, жыйынтыгында ишканага көп суммада зыян келтирилгени белгилүү болгонун кошумчалады. Бул факты боюнча Кылмыш-жаза кодексинин “Кызмат абалын кыянаттык менен пайдалануу” беренеси менен кылмыш иши козголуп, шектүүлөр эки айга камакка алынды. Ушул тапта Бишкек электр тармактар ишканасынын директору Паизов Азамат Мамазакирович. ИИМ тараткан инициал анын аты-жөнүнө туура келет. Шектүүлөрдүн жакындары менен адвокаттары комментарий бере элек. (BTo)",azattyk.org,https://www.azattyk.org/a/33744901.html,2026-04-29T11:51:11+06:00,kyrgyz,0,high,,news_site
9d2b89c9-0d6b-4ce2-a399-8abaded156ff,"Трамп ""реалдуу макулдашуу"" түзүлгүчө АКШ аскерлери Ирандын айланасында кала берерин айтты","АКШ президенти Дональд Трамп америкалык күчтөр “чыныгы макулдашуу” жетишилгенге чейин Ирандын айланасында кала берерин билдирди. «АКШнын бардык кемелери, учактары жана аскер кызматкерлери, кошумча ок-дары, курал-жарак жана душманды толук талкалоо үчүн зарыл болгон бардык каражаттары менен чыныгы МАКУЛДАШУУ толук жетишилгенге чейин Иранда жана анын айланасында кала берет», - деп жазды Трамп 8-апрелдин кечинде Truth Social социалдык тармагына. Дональд Трамп белгилегендей, эгер «кандайдыр бир себеп менен бул ишке ашпай калса анда “аткылоолор” башталат, алар мурда болуп көрбөгөндөй ири, кеңири жана күчтүү болот». 7-апрелдин кечинде Тегеран менен Вашингтон атышууну эки аптага токтото турууну Пакистандын ортомчулугу менен макулдашкан. Трамп Ирандан 10 баскычтан турган тынчтык сунушун алганын билдирген. Учурда бул келишим олуттуу белгисиздик абалда турат. Анткени ал Израилдин Ливандагы Хезболла буталарына каршы аскерий операцияларын камтыйбы же жокпу деген суроо жаралды. Хезболла - Иран колдогон түзүм жана Вашингтон аны террордук уюм катары тааныйт. АКШнын вице-президенти Жей Ди Вэнс 8-апрелде Венгриядагы  сапары учурунда мурунку түнү Трамп жарыялаган келишимдин шарттары боюнча “чындап эле түшүнбөстүк болгон” деп эсептей турганын айтты. “Менимче, ирандыктар атышпоого Ливан да кирет деп ойлошкон, бирок андай эмес болчу”, — деди ал. Израил келишимди колдорун, бирок Ливанга каршы соккуларын уланта берерин билдирген. Ливандын Саламаттык сактоо министрлиги 8-апрелде билдиргендей, атышпоо тууралуу жарыялангандан кийинки сааттарда Израилдин соккуларынан соңку 24 саат ичинде кеминде 250 адам каза болду. Мекеме бул сан дагы өсүшү мүмкүн экенин белгиледи.",azattyk.org,https://www.azattyk.org/a/33728390.html,2026-04-09T15:19:43+06:00,kyrgyz,0,high,,news_site
3143f03c-5a6e-43a4-9c38-cf028799e762,Украина: Орусиянын түнкү аба соккуларынан бир нече киши жараат алды,"Орус армиясынын 20-апрелге караган түнкү аба соккуларынын натыйжасында Украинада кеминде 10 адам жабыркады. Бул тууралуу Өзгөчө кырдаалдар кызматтары билдирди. Украин Куралдуу күчтөрүнүнБашкы штабынын маалыматына ылайык, орус күчтөрү 100дөн ашуун дрон менен чабуул койгон. Алардын 70тейи атып түшүрүлгөн. Учкучсуз аппараттар менен жалпысынан Украинанын 18 аймагы бутага алынган. Маалыматка караганда, алты адам Днепропетровск облусунда жабыркаган. Аткылоонун натыйжасында менчик үйлөр, беш кабаттуу имарат, бир нече ишканалар жана инфратүзүмдөр жарым-жартылай талкаланган. Кривой Рог шаарында да инфраструктура объектилери жабыркады. Киев облусунун Бровары районундабийликтин маалыматына караганда, дрондордун чабуулунан бир адам жаракат алды. Харьков шаарында дагы үч адам жабыркады. Дрондордун бири турак үйгө тийип, өрт чыккан. Херсон облусунун бийлиги билдиргендей, орусиялык аскерлер Белозерка айылына бомба таштаган. Натыйжада 20га жакын турак үй толугу менен же жарым-жартылай талкаланган, бирок жабыркагандар жок. Орусиянын бийлиги көптөгөн далилдерге карабастан, Украинадагы аскердик обьектилерди гана бутага аларын билдирип, карапайым калк жашаган аймактарга урулган соккуларды мойнуна албай келет.",azattyk.org,https://www.azattyk.org/a/33736182.html,2026-04-20T14:58:33+06:00,kyrgyz,0,high,,news_site
db2ec34b-2465-4dfd-8936-f8829a1d96db,Адамга айбат көрсөткөн белгисиз жандык [split],"Тамандуанын көзү жана кулагы начар иштегени менен, адамдарга коркунуч жаратышы ыктымал. Биз бул жандыкты аныктаган соң, тасманын таржымалын териштирдик. Интернеттен издөө салып, бул тууралуу бир нече сайттар, алардын ичинен 2020-жылдын 7-октябрындаDailyMailсайты кабарлаганын аныктадык. Анда 2-октябрь күнү бразилиялык Ипуэйрас аймагында өрт өчүрүүчүлөр тайпасы токойдогу өрт менен алышып атып, бадалдардан чуркап чыккан тамандуаны көрүп калганы маалымдалат. Дал ошол кезде өрт өчүрүүчүлөрдүн бири аны тасмага тартып алган.  Андан соң, жандык коопсуз жерге жеткирилген. Биз ошол өрт өчүрүүчү топтунсайтынжанаInstagramбаракчасын (Bombeiros Militares da 2cia/3BBM-Ipueira) таап, андагы жарыяланган тасмаларга да көз чаптырдык. Алардын биринде жандык коопсуз жайга жеткирилип, эркиндикке кое берилгенин көрсө болот. Жандыкты аман сактап калганы үчүн өрт өчүрүүчүлөргө жаш балдар ыраазычылык билдирген: Жыйынтык: Тасмада төрт манжалуу  тамандуанын өрт учурунда бадалдан чуркап чыгып, оттон качып баратканы тартылган. Окуя Бразилияда 2-октябда болуп өткөн. Өрт өчүрүүчүлөр жандыкты куткарып, коопсуз жерге алып чыгышкан.",factcheck.kg,https://factcheck.kg/ky/neizvestnoe-sushhestvo-vladeet-boevymi-iskusstvami/,,kyrgyz,1,0.57,https://factcheck.kg/ky/neizvestnoe-sushhestvo-vladeet-boevymi-iskusstvami/,fact_check
b2349125-27b7-4c04-9976-e47ef94b80d7,Кыргызстан менен Тогонун ортосунда бир катар документтерге кол коюлду,"Тогонун Министрлер кеңешинин төрагасы Фор Эссозимна Гнассингбенин Кыргызстанга болгон расмий сапарында сегиз документкекол коюлду. Кыргызстан менен Тогонун ортосундагы дипломаттык, расмий жана кызматтык паспорттордун ээлерин визалык талаптардан өз ара бошотуу жөнүндөгү макулдашуу, инвестиция, маданият жаатынды кызматташуу, эки өлкөнүн Саламаттык сактоо министрликтеринин кызматташтыгы боюнча макулдашуу бар. Фор Эссозимна Гнассингбе Кыргызстанга 28-апрелде расмий сапар менен келген. 29-апрелде ал президент Садыр Жапаров менен жолугушту. Садыр Жапаров сүйлөшүүлөрдүн жыйынтыгы боюнча жалпыга маалымдоо каражаттары үчүн билдирүү жасап, Кыргызстан Бириккен Улуттар Уюмунун (БУУ) Коопсуздук кеңешинин 2027-2028-жылдарга туруктуу эмес мүчөлүгүнө талапкерлигин койгонун жана бул демилгени Того колдой турганын айтты. Того Батыш Африкада жайгашкан чакан өлкө жана калкынын саны 9 миллиондон ашат. Кыргызстандын аталган өлкө менен дипломатиялык алакасы 1997-жылы 30-сентябрда түзүлгөн. (BTo)",azattyk.org,https://www.azattyk.org/a/33744942.html,2026-04-29T13:13:07+06:00,kyrgyz,0,high,,news_site
4bd5636f-1ddb-41b3-ad1d-e0d74b255573,Россияда изоляцияга каршы нааразычылык акциясы башталды деген маалымат — фейк [split],"Google street viewсервиси аркылуу аталган үйдүн жанында эмнелер жайгашканын көрө алабыз. Дал ушул дүкөндүн тушунан тасмадагы арканы табабыз. Мындан соң, тасма качан тартылганын аныктоо зарыл. 2016-жылдан тарта ири нааразычылык ациялардын ичинен митинг 2019-жылдын 27-июлунда болгонун аныктайбыз. Бул окуяны чагылдырган “Азаттык” үналгысынын репортажынанбизге тааныш Henderson дүкөнүн башка ракурстан көрсө болот, анда көптөгөн жарандар чогулганын байкайбыз. Ошол эле репортажда биз тешкерген тасмадагыдай жарнамаларды көрө алабыз. Жыйынтык: Фейк.Тасмадагы окуя 2019-жылдын 27-июлунда Москва шаарындагы Тверь көчөсүндө болгон митинг учурунда тартылган. Ал Ростову-на-Донуга тиешеси жок.",factcheck.kg,https://factcheck.kg/ky/rostov-na-donu-ohvachen-protestami-protiv-izolyaczii-vo-vremya-epidemii-fejk/,,kyrgyz,1,0.77,https://factcheck.kg/ky/rostov-na-donu-ohvachen-protestami-protiv-izolyaczii-vo-vremya-epidemii-fejk/,fact_check
2c79c85f-d056-4ee7-9936-c12c8cbbd1e7,Акаев Ош мэриясынын болжолдуу карызы 5 млрд сомдой экенин айтты,"Ош мэриясынын карызы, соңку эсептөөлөрдөн кийин, болжол менен 5 млрд сомду түзүүдө. Бул тууралуу калаа мэри Жанарбек Акаев «Азаттыкка» билдирди. Ал акыркы сумма Эсептөө палатасынын эсебинен кийин белгилүү болорун кошумчалады. «Азыр болжолдуу карызыбыз 5 млрд сомго чукулдады. Бирок дагы эсептеп, комиссия санап жатат. Бул бузулган үйлөр, коммерциялык объектилерди эсептебегенден кийинки карыз. Мунун баары чечиле турган маселе», - деди Акаев. Улуттук коопсуздук боюнча мамлекеттик комитеттин (УКМК) мурдагы төрагасы Камчыбек Ташиевдин жакын санаалашы делген Жеңишбек Токторбаев 18-февралда мэрлик кызматтан алынган. Ал жумуштан кеткенден кийин социалдык тармактарда “Токторбаев кызматта турганда Ош мэриясы 12 млрд сом карызга батканы тууралуу” маалыматтар тараган. Өзү карыз тууралуу «Азаттыкка»комментарийберип, 2 млрд 200 млн сом деген сумманы атаган. 10-апрелде Ош облусундагы иш сапарынын алкагында президент Садыр Жапаров шаар тургундары менен жолугушуп, мурдагы мэри Жеңишбек Токторбаевдин аша чапкан иштери болгонун билдирди. Мамлекет башчы экс-мэрдин кемчилиги үчүн өзү дагыжоопкерчиликсезерин айтты. (NK/КЕ)",azattyk.org,https://www.azattyk.org/a/33729904.html,2026-04-11T14:01:12+06:00,kyrgyz,0,high,,news_site
01cfccb3-aacc-49ca-a147-e0b308feaa11,70 тыйындык электр энергиясына 170 тыйын кошулат деген маалымат жалган,"Factcheck.kg редакциясы депутаттыкка талапкерлердин айткандарын, өзгөчө дебат учурунда айткан сөздөрүн  текшерүүнү улантат. Бул ирет «Мекеним Кыргызстан» партиясынын жаштар канатынын өкүлү  Эльнура Алканова 70 тыйындык электр энергиясы 170 тыйынга кымбат сатылып аткандыгы тууралуу айтып өттү. Биз бул маалыматты текшерүүнү чечтик. Бүгүнкү күндө  1 кВт/с үчүн электр энергиясынын баасы 1 сом 36 тыйынды түзөт. Бирок, улуттук энергохолдингдин маалыматына ылайык, анын өз баасы 1 сом 60 тыйынга чейин жетет.",factcheck.kg,https://factcheck.kg/ky/elektroenergiya-po-czene-70-tyjynov-prodaetsya-na-170-tyjynov-dorozhe-nepravda/,,kyrgyz,1,0.86,https://factcheck.kg/ky/elektroenergiya-po-czene-70-tyjynov-prodaetsya-na-170-tyjynov-dorozhe-nepravda/,fact_check
c96a5ba1-479a-431e-8b21-e8295baf13e9,Ошто жети акча алмашуу жайынын лицензиясы эреже бузгандыгы үчүн токтотулду,Улуттук банк мыйзамдардын жана ченемдик-укуктук актылардын талаптарын бузууга жол бергендиги үчүн Оштогу жети акча алмаштыруучу жайдын лицензиясын токтотту. Лицензиясытоктотулганакчаалмаштыруучубюролортөмөнкүлөр:,24.kg,https://24.kg/kyrgyzcha/360899_oshto_jeti_akcha_almashuu_jayyinyin_litsenziyasyi_ereje_buzgandyigyi_uchun_toktotuldu/,,kyrgyz,0,high,,news_site
b02d744f-5ba1-466f-84a6-568fd1281b29,Мелис Мырзакматовдун сөзү кантип бурмаланды? [split],"Кээ бир сасык, айныган, бузуку топтордун идеологиясы. Сооронбай аканы жаман иштеди деп критикалап куубай атат, Сооронбай аканы түштүктүк болгону үчүн кууп атат. Элдин бардыгы деп түшүнүп албагыла. Калктын арасына ошондой идеология таркаткандар бар. Ошондойлорду түндүктө четке кагып атат. Биз дагы бул жерде “сен аркалыксың”, “сен анжияндыксың” дегендерди четке кагышыбыз керек”. Бурмаланган сөздүVesti.kgмаалымат агенттиги да чындык катары бергенге жетишкен. Мелис Мырзакматов, тескеринче, өлкөнү түндүк-түштүккө бөлбөөгө чакырат. Жыйынтык:видеонун үзүндүсү контексттен суурулуп, бурмаланган. Мырзакматов өз сөзүндө “сасык, айныган, бузуку топтордун идеологиясын айыптап, элди түндүк-түштүккө бөлбөөгө үндөгөн.",factcheck.kg,https://factcheck.kg/ky/manipulyacziya-slovami-melisa-myrzakmatova/,,kyrgyz,1,0.69,https://factcheck.kg/ky/manipulyacziya-slovami-melisa-myrzakmatova/,fact_check
edea139f-4095-4bb8-a321-e308cce14c19,Кыргызстанда Экинчи дүйнөлүк согуштун 24 ардагери калды,"Кыргызстанда ушул тапта Экинчи дүйнөлүк согушка катышкан, Ленинград блокадасында калган жана концлагерде туткунда болгон 24 ардагер бар. Бул тууралуу Эмгек, социалдык камсыздоо жана миграция министрлиги маалымдады. Булардын сегизи согуштун катышуучусу.Маалыматка ылайык, учурда Бишкекте төрт, Жайыл районунда эки, Ат-Башыда бир, Базар-Коргондо бир ардагер жашайт.Бала кезинде концлагерде туткунда болгон алты адамдын төртөө Бишкекте, Жайылда бирөө, Манас шаарында дагы бир адам жашайт.Ленинград блокадасынын 10 катышуучусунун сегизи Бишкекте, Сокулукта бир, Балыкчы шаарында бир киши бар.Президент Садыр Жапаров 9-май Жеңиш күнүнө карата Экинчи дүйнөлүк согуштун ардагерлерине 200 миң сомдон бир жолку материалдык жардам берүү жөнүндөжарлык чыгарган.2025-жылы 9-майга карата Кыргызстанда Экинчи дүйнөлүк согуштун 32 ардагери бар эле. Алардын ар бирине 100 миң сомдон берилген. Экинчи дүйнөлүк согуш 1939-жылы 1-сентябрда тутанып, 1945-жылы 2-сентябрда аяктаган. Ага ошол маалдагы 74 мамлекеттин 62си, дүйнөнүн 80% калкы катышкан. Согуштан жалпы 70 миллиондой адам кырылган. СССР Экинчи дүйнөлүк согушка өзү аралашкан бөлүгүн Улуу Ата Мекендик согуш деп атаган. Германия менен СССРдин ортосундагы согуш 1941-жылы 22-июнда башталып, 1945-жылы 9-майда СССР жеңишке жеткен. Бул күн СССРде, кийин андан бөлүнгөн мамлекеттерде Жеңиш күнү катары белгиленет. 1941-1945-жылдары фашизмге каршы согушка Кыргызстандан 360 миңдей адам катышкан. Алардын 90 миңден ашыгы фронтто курман болгон. (ZKo)",azattyk.org,https://www.azattyk.org/a/33736088.html,2026-04-20T12:25:44+06:00,kyrgyz,0,high,,news_site
84fbddec-f9d7-4d50-92eb-ba86a32dada2,Улуттук банк эсептик ченди 11 пайыз деңгээлинде калтырды,"Кыргызстандын Улуттук банкынын башкармалыгы негизги пайыздык ченди 11 пайыз деңгээлинде калтырды. Бул тууралуу бүгүн, 27-январда өткөн брифингде жөнгө салуучу органдар билдиришти. Улуттук банк «экономика жогорку өсүү темптерин сактап турат — 2025-жылдын аягына чейин өлкөнүн реалдуу ИДПсы 11,1 пайызга өсөт» деп белгиледи. Өлкө экономикасында жогору өсүш арымы сакталып турат: 2025-жыл жыйынтыгы боюнча өлкөдө реалдуу ИДӨ 11,1 пайызга өскөн. Экономикалык өсүш, негизинен, курулуш секторунун жана кызмат көрсөтүү чөйрөсүнүн таасири астында шартталган. Негизги капиталга инвестициялар көлөмүнүн артышынын алкагында өлкөдө инвестициялык жигердүүлүк жогору катталган, буга бюджеттик каржылоонун артышы көбүрөөк таасирин тийгизген. Керектөө суроо-талабы калктын айкын кирешесинин, акча которуулардын таза агымынын артышы жана керектөө кредиттерин жигердүү алуу менен камсыздалган. «2026-жылдын 16-январына карата абал боюнча Кыргызстанда инфляция жылдык мааниде 9,4 пайызды түздү (2025-жылдын декабрь айынын акырына 9,4 пайыз деңгээлинде калыптанган). Учурда баа тенденциялары Улуттук банктын күтүүлөрүнүн чегинде калыптанууда, мында инфляциянын азык-түлүк компонентинин өсүш арымы бир аз басаңдаган. Азык-түлүктөн башка товарлар тобуна жана кызмат көрсөтүүлөр секторуна баалар жогору түптөлгөн, бул тышкы мүнөзгө ээ факторлордун экинчилик таасири менен шартталган. Тарифтик саясаттын жыл сайын кайра каралып турушу жана ички суроо-талаптын өсүшү да инфляциянын динамикасына салым кошууда», — деп айтылат маалыматта. Улуттук банктын акча-кредит саясатынын негизги артыкчылыгы болуп орто мөөнөттүү мезгилде инфляциянын 5-7 пайыздык максаттуу көрсөткүч чегинде калыптанышын камсыз кылуу саналат, ушуга байланыштуу орточо катуулатылган күндөлүк монетардык шарттар сакталууда. Мында, саясаттын тактикалык чаралары инфляциянын монетардык факторлорун чектөөгө багытталган: банк секторунда жогору ликвиддүүлүк деңгээли сакталып турган шартта Улуттук банк арылтуу операцияларын жигердүү жүргүзүү аркылуу экономикада акча көлөмүн жөнгө салган. Мындай шарттарда BIR банктар аралык эталондук пайыздык чен Улуттук банктын пайыздык коридорунун төмөнкү чегине жакын калыптанган. Ички валюта рыногу туруктуу бойдон калууда. Инфляция траекториясы, мурдагыдай эле, тышкы факторлордун таасирине дуушар болууда. Дүйнөлүк азык-түлүк жана чийки зат рынокторунда жогору өзгөрүлмөлүүлүк сакталып турат, ошол эле учурда геосаясий факторлордун туруксуздугу көпчүлүк өлкөлөрдө, анын ичинде Кыргыз Республикасынын соода боюнча негизги өнөктөш өлкөлөрүндө да инфляциялык жагдайдын сакталып турушуна алып келген, бул өз кезегинде импорттолуучу бааларга таасирин тийгизет. Ички экономикада инфляциялык процесстер олуттуу деңгээлде монетардык эмес мүнөздөгү факторлор, анын ичинде план чегинде жөнгө салынуучу тарифтерди корректировкалоо жана жогору ички суроо-талап менен шартталган. Бул факторлор инфляциянын басаңдоосу үчүн туруктуу шарттар калыптанганга чейин учурдагы акча-кредиттик шарттарды колдоо зарылдыгын шарттоодо. Ушуга байланыштуу Улуттук банктын эсептик чен өлчөмү 11,00 пайыз деңгээлинде калтырылды. Улуттук банк акча-кредит саясатын жүргүзүүдө тең салмактуулук ыкмасына таянуу менен иш алып барат жана түптөлгөн тышкы жана ички инфляция факторлоруна баа берүү ишин улантууда. Баа туруктуулугуна карата кандайдыр бир тобокелдиктер келип чыккан учурда Улуттук банк жүргүзүлүп жаткан монетардык саясатка корректировкаларды киргизиши ыктымал. Белгиленгендей, Улуттук банк башкармалыгынын эсептик чен өлчөмү маселеси боюнча кийинки пландык отуруму 2026-жылдын 23-февралында өткөрүлөт.",24.kg,https://24.kg/kyrgyzcha/359422_uluttuk_bank_eseptik_chendi_11payyiz_dengeelinde_kaltyirdyi/,,kyrgyz,0,high,,news_site
a2c9a5f1-620b-4b14-92b4-0f2ca170ef99,Транспорт министрлиги: «Тоолуу аймактарда кар көчкү түшүү коркунучу жогору»,"16-19-апрелде тоолуу аймактарда кар көчкү түшүү коркунучу жана кооптуу тилкелерде жер көчкү жүрүү ыктымалдыгы жогору. Бул тууралуу Транспорт жана коммуникациялар министрлигинен билдиришти. Маалыматка ылайык, Жол тейлөө ишканалары керектүү техникалар жана жабдыктар менен камсыздалып, бардык ашууларда кар тазалоочу машиналар, жүктөгүчтөр жана башка атайын техникалар толук даярдыкта. Ошондой эле жолдорго себүү үчүн туз жана кум аралашмаларынын жетиштүү запасы камдалды. Министрлик айдоочуларды унаалардын ортосундагы 500 метрлик коопсуз аралыкты сактоого чакырат.",24.kg,https://24.kg/kyrgyzcha/370603_transport_ministrligi_tooluu_aymaktarda_kar_kochku_tushuu_korkunuchu_jogoru/,,kyrgyz,0,high,,news_site
ea3832ab-edce-4169-9591-b124fdb85693,Нарын-Жаңы-Жол унаа жолу ачылды,"Нарын облусундагы Нарын-Жаңы-Жол унаа жолу ачылды. Бул тууралуу «Кыргызавтожол-Түндүк» мекемеси билдирди. Маалыматка ылайык, мындай чечим жолдун абалын жеринде текшерүү үчүн райондук администрация өкүлдөрүнөн жана тиешелүү адистерден турган атайын комиссия түзүлүп, кароо жүргүзүлгөндөн кийин кабыл алынды. Кароо учурунда № 41 Жол тейлөө ишканасы тарабынан жолду тазалоо, кеңейтүү жана коопсуз абалга келтирүү боюнча иштер аткарылганы белгиленди. Айта кетсек, 8-мартта Жаңы-Жол тилкесинде тоо боорунан шагыл аралаш таштар кулап, жолдо кооптуу абал жаралган. Мындан улам жол убактылуу жабылган болчу. Мекеме жарандардан жолдо жүрүүдө коопсуздук эрежелерин сактоону жана аба ырайынын шарттарын эске алууну эскертти",24.kg,https://24.kg/kyrgyzcha/367044_naryin-janyi-jol_unaa_jolu_achyildyi/,,kyrgyz,0,high,,news_site
e43344e6-4d62-4cb9-a86b-204ea073123d,Индира Жолдубаевага жабылган жалаа жана telegra.ph сайтынын иштөө принциби тууралуу,"Социалдык тармактарда telegra.ph  сайтынын Индира Жолдубаева тууралуу макаласы жайылды.  «Экс-генпрокурор Индира Жолдубаева: «Дача-Судагы кырсыкка тиешелүү бардык далилдерди Атамбаев жок кылды» аттуу чыккан макаланы текшеребиз. Алгач КСДПнын расмий өкүлү Кундуз Жолдубаева маалыматты төгүндөгөнүн белгилеп кетүү зарыл. Мындан тышкары макала жайгаштырылган сайтты аныктайбыз. Шектүү ресурста «сенсациялар» биринчи ирет жарыяланып аткан жок. Telegra.ph – telegram мессенджеринин авторлору иштеп чыккан өзүнчө продукт. “Telegra.ph ресурсу Телеграм каналыңыздагы маалыматты ЖМК аркылуу жарыялагандай мүмкүнчүлүктү берет”, – депбилдиретTelegra.ph интернет куралынын авторлору. Башкача айтканда, Телеграм каналынын ар бир колдонуучусу жаңылык жазып, ага сүрөт жана видео бекитип, Telegra.ph  аркылуу жайылтса,  маалымат кадимки ЖМК, маалымат сайты аркылуу таралгандай пикир калтырат. «Бүгүн биз Telegra.ph  басма куралын ишке киргиздик. Ал  markdown  (веб үчүн даярдоочу текстти белгилөө тили — Esquire) негизинде сүрөт жана башка элементтерди колдонуу менен ишендирерлик макала жарыялаганга мүмкүнчүлүк берет», — депбилдиришкенмессенджердин авторлору өзүнүн расмий сайтында. telegra.ph ресурсунда жаңылыктарды анонимдүү да жарыяласа болот. Анда «автор» деген бөлүм бар, бирок ага карабай каалаган колдонуучу каалаган атты жазып койсо болот. Аны тактоонун же текшерүүнүн да кажети жок. Ал тургай, электрондук дарек да талап кылынбайт. «Telegra.",factcheck.kg,https://factcheck.kg/ky/princzip-raboty-sajta-telegra-ph-ili-o-tom-kak-podstavili-indiru-dzholdubaevu/,,kyrgyz,1,0.56,https://factcheck.kg/ky/princzip-raboty-sajta-telegra-ph-ili-o-tom-kak-podstavili-indiru-dzholdubaevu/,fact_check
8eefcfe1-9fbd-4eb2-8179-4a46079aa9d8,#Автордун көз карашы. Электр унааларынын үнсүз коркунучу,"Мода өзүнүн өзгөчөлүктөрүнө ээ. Вектор коюу менен, ал башка адамдардын көз карашын массалык түрдө киргизүүгө салым кошот (жана сөзсүз түрдө кийимге байланыштуу эмес). Акыркы жаңы тенденциялардын бири - электромобилдер. Негизинен Тесланын аракеттеринин жана Илон Масктын амбицияларынын аркасында киргизилген жаңылык акырындык менен автомобиль рыногун багындырып жатат, эгерде элди кысып кетпесе, анда салттуу дизель жана бензин кыймылдаткычтары менен атаандашып жатат. Жарнамада, пиарда, ЖМКда жана социалдык тармактарда дайыма айтылып келе жаткан электромобилдин негизги артыкчылыктарынын бири – бул экология, унааларды колдонууда анын сакталышы. Бирок чын эле ошондойбу? Келгиле, карап көрөлү, заманбап электромобилдерди колдонууда кандайдыр бир коркунучтар барбы?Баасы жана сапатыЭлектр унааларын киргизүү жана колдонуу идеясынын жаңылыгына, ошондой эле ойлоп табуучу чөйрөсүнө карабастан, унаалар эски модада чогултулат. Электр транспорттордун иштешинин жана пайдалануунун өзгөчөлүктөрүн эске алуу менен, орточо аппараттын баасы анын бензинге караганда бир нече эсе кымбат экенин белгилей кетүү керек. Арзан көрүнгөн операция (бензиндин ордуна электр энергиясын колдонуунун эсебинен) техникалык бузулууларды алмаштыра албайт, алар оңдоо станцияларынын тажрыйбасына ылайык, электр кыймылдаткычы менен жабдылбаган стандарттуу машиналарга караганда дагы көп кездешет.Колдонуу жерлериКолдонуу жерлерине келсек, электр унаалары жолдо жүрүүгө, алыскы жолго чыгууга, жалпысынан шаардын ыңгайлуу көчөлөрү, ошондой эле компакт-кубаттоо станциялары менен жабдылбаган жерлерге ылайыкталган эмес. АКШга жана ЕБге караганда начар өнүккөн өлкөлөр, ошондой эле өнүгүп келе жаткан өлкөлөрдүн ири шаарлары жердин 90% дан ашыгы электр унааларын колдонууда жана кубаттоодо көптөгөн көйгөйлөрдүн ээсине кепилдик беришет.Электр энергиясыЭлектр энергиясы жетишсиз болгон же аны колдонууда кандайдыр бир техникалык кыйынчылыктар болгон жерлерде электромобилдин транспорт каражатынан интерьердин бир бөлүгүнө айланышы үчүн чоң мүмкүнчүлүк бар экенин айтуунун кажети жок. Кымбат машине керексиз экспонат болуп калуусу үчүн бир нече он миңдеген долларларды коротуп, керек болсо, түз маанисинде теңдешсиз арзаныраак Жигули же Ауди 100 айдап, мойнунда отурган чиновниктердин капчыгына тийбеши мүмкүн. Мамлекеттик бюджет же эл , пайдасыз ""темир атка"" кеткен чыгымды бир жылда актай алат, бирок калктын 90%ычы?ЭкологияЭлектр унааларын колдонуунун негизи. Аларды колдонууну ишке ашырууга аракет кылгандардын жүз пайызы «электромобильдер» айлана-чөйрөнү тазалоого жардам берет деген жүйөөлөр үчүн башын жерге салууга даяр. Ошо сыяктуу эле, шамал, күн жана башка технологияларды киргизүү орун алды. Бирок, Батыш Европа өлкөлөрүнүн тажрыйбасы көрсөткөндөй, жарнак көбөйгөнүнө карабастан, өнөр жайлык масштабдагы салттуу ресурстарды жаңылары менен алмаштыруу эч нерсеге алып келген жок. Муну ФРГда кемур бассейндеринин кайра ачуусу, атомдук энергияны пайдаланууга кайтып келиши, ошондой эле цивилизациялуу дуйнөнун газга жана мунайга болгон суроо-талаптын жогорулашы далилдеп турат. Ушундай эле абал электромобилдерде болобу? Убакыт өтөт, пиарга бөлүнгөн акчалар учуп кетет, бирок машиналар эмне болот? Мисалы, батарейканы утилдештирүү. Алардын иштөө мөөнөтү 5-8 жыл, ал эми аккумуляторлордогу оор металлдар айлана-чөйрөнү ондогон жылдар бою ууландырат. Бул учурда, атүгүл көп айтылган парник газдарынын эмиссиялары ууланган сууну ичүүнү жана ууланган тамак-ашты жегенди жеңилдете албайт. Америка Кошмо Штаттарынын электр унааларын утилдештирүү үчүн жаңы аймактарды табуу жөнүндө ойлонгону бекеринен эмес.Ошентип, эмне тандоо керек - электр унаабы же кадимки унаабы?Өнүктүрүүнүн азыркы этабында электр унаалары дагы деле пайдалуу эмес, жарнамалык продукт болуп саналат. ""Жашыл экономиканын"" жана айлана-чөйрө үчүн күрөштүн алдыга коюлган программасынын алкагында, ал бензин ""чоң агага"" караганда идеологиялык жактан алда канча пайдалуу продукт бойдон калууда. Жеткиликтүүлүгү боюнча, бул дагы эле жогорку орто класстын жана мамлекеттик чиновниктердин тандоосу бойдон калууда, бирок көпчүлүктүн тандоосу эмес. Иштен чыккан электр унааларын утилизациялоо кадимки унааларга караганда кыйыныраак. Ал эми электр унааларынын экологиялык тазалыгына келсек, ал талаш чөйрөдө калууда. Бир нерсе анык - эгер сиз аны колдонуунун кесепеттерин кабыл алууга даяр болбосоңуз, анын артынан түшүүнүн кесепеттерин баалабаңыз.Михаил ГотфридСүрөт www",vesti.kg,https://vesti.kg/kg/avtorduk-rakurs/item/107995-avtordun-koz-karashy-elektr-unaalarynyn-unsuz-korkunuchu.html,2022-12-27T09:26:22+06:00,kyrgyz,0,high,,news_site
2c2865f0-b1c6-40fc-91eb-b9ebf0780f2e,Ошто өзүнө ок атканы айтылган жоокер каза болду,"Чек ара кызматы Ош облусундагы “Эркечтам” өткөрүү пунктунда өмүрүнө кол салганы айтылып жаткан 22 жаштагы (И. уулу А.) жоокер каза болгонун билдирди. Мекеменин маалыматында ал Алай районунун Гүлчө шаарында ооруканада жан берген. Келишимдик негизде кызмат өтөп жаткан жоокер 7-апрелде өзүнө аткан ок ээктин алдынан кирип, көз тушунан чыгып кеткен. Жаагы, баш сөөктөрү жабыркаган. Ал аталган өткөрүү пунктунда келишимдик негизде үч жылдан бери кызмат өтөп жаткан.Мамлекеттик Чек ара кызматы жоокер өзүн өзү атып алган деп 8-апрелде кабарлаган. “И. уулу А. (2004-жылы туулган) АК-74 автоматы менен башына ок чыгарып, өз жанын кыйганга аракет кылган. Бул факт боюнча тиешелүү укук коргоо органдарына маалымдалды”, - деп билдирген Чек ара кызматы.Окуянын бардык жагдайларын жана себептерин аныктоо үчүн кызматтык иликтөө жүрүп жатат. 4-апрелде Лейлектеги Чек ара тозотунда аскердик кызмат өтөп жаткан жоокер, аскерге былтыр күзүндө чакырылган Данияр Нурбеков автокырсыктан жабыркаган.Акыйкатчы институтунун маалыматында, 2025-жылдын сегиз айында Коргоо министрлигинин аскер госпиталына жалпысынан 783 адам кайрылса, анын 114ү катардагы жоокерлер. Январь-июль айларында сегиз аскер кызматкери жаракат алган. (BTo)",azattyk.org,https://www.azattyk.org/a/33731050.html,2026-04-13T14:14:23+06:00,kyrgyz,0,high,,news_site
cce4f437-c6dc-4a15-931d-0282593e53db,"Трамп Ормузда калган бейтарап кемелерди ""алып чыга баштаарын"" айтты","АКШ президенти Дональд Трамп Вашингтон Ормуз кысыгында кармалып турган кемелерди коштоп, ал аймактан аман-эсен алып чыга турганын билдирди. Бул тууралуу ал Truth Social баракчасына жазып, операцияны “Эркиндик долбоору” деп атады жана ал дүйшөмбү күндөн башталарын тактады. “Ирандын, Жакынкы Чыгыштын жана Америка Кошмо Штаттарынын кызыкчылыгы үчүн биз бейтарап өлкөлөргө алардын кемелерин бул чектелген суу жолдорунан аман-эсен алып чыгарыбызды билдирдик. Муну менен алар өз иштерин эркин жана ишенимдүү уланта алышат”, - деп жазды Трамп. Ал эгер Иран АКШнын бул миссиясына тоскоолдук кылууга аракет кылса тийиштүү чаралар көрүлөрүн эскертти. Трамптын мындай билдирүүсүнөн көп өтпөй Ирандын жогорку кызматтагы чиновниги Тегеран АКШнын Ормуз кысыгындагы кырдаалга кийлигишүү аракетин атышууну токтотуу режимин бузуу катары баалай турганын билдиргенин Би-Би-Си жазды. “Ормуз кысыгындагы жаңы деңиз режимине Американын ар кандай кийлигишүүсү келишимди бузуу катары каралат”, - деп билдирген Иран парламентинин улуттук коопсуздук боюнча комиссиясынын башчысы Ибрахим Азизи. АКШ менен Израил чабуул баштаган 28-февралда Иран кысыкты кемелер менен мунай танкерлери үчүн иш жүзүндө жаап салган. Ок атышууну токтотуу макулдашуусунан кийин, 17-апрелде ачып, көп өтпөй кайра жапкан. Анын алдында АКШ менен Ирандын сүйлөшүүлөрү майнапсыз аяктаганда америкалык аскерлер ирандык портторду бөгөттөгөн. 29-апрелде Трамп Тегеран өзөктүк программасы боюнча кепке келбесе деңиз аскерлери Ирандын портторун бөгөттөөнү улантарын билдирди. Анын айтымында, Иран Ормуз кысыгын ачтырууну көздөп, атомдук программасын талкуулоону кийинкиге калтырууну каалайт. АКШ президенти ал планды четке какканын айтты.",azattyk.org,https://www.azattyk.org/a/33748542.html,2026-05-04T12:26:51+06:00,kyrgyz,0,high,,news_site
95489b00-ab96-4aa6-846f-618acc875dc0,Кытай менен Орусия Ормуз кысыгы боюнча резолюцияга каршы чыкты,"Орусия менен Кытай шейшембиде Бириккен Улуттар Уюмунун (БУУ) Коопсуздук Кеңешинин Жакынкы Чыгыштагы согуштан улам Ормуз кысыгында коммерциялык кемелерди коргоого багытталган резолюциясынын долбооруна каршы чыгышты. Он бир мамлекет Бахрейн сунуштаган документтин долбооруна макулдугун билдирди. Кеңештин дагы эки мүчөсү - Пакистан жана Колумбия калыс калышты.Долбоорго ылайык, жабыркаган мамлекеттерге деңиздеги коопсуздугун коргоо үчүн өздөрүнүн коргонуу чараларын координациялоо, Иранга Ормуз кысыгындагы соода кемелерине сокку урууну токтотуу сунушталган.Резолюциянын долбоорудобушка коюлганга чейинөзгөртүүлөргө дуушар болгон. Мурунку версиясында БУУнун VII Уставынын Коопсуздук Кеңешине санкциядан тартып, аскердик күч колдонууга чейин чара көрүүгө укук берген бөлүмү камтылган болчу.Орусиянын тышкы иштер министри Сергей Лавров өткөн жумада резолюцияны кабыл алуу сүйлөшүүлөрдү үзгүлтүккө учуратарын же Иранга каршы согушту легитимдештиреринбилдирген.Бахрейндин тышкы иштер министри Абдель Латыф Аз-Зайяни Коопсуздук Кеңешинде долбоорго добуш берүү алдында документ Ирандын кайталанып жаткан кастык жүрүм-турумуна олуттуу жооп болгонун, бул токтотулууга тийиш экенин билдирди. Министр Коопсуздук кеңешинин маанилүү суу жолун пайдалануу боюнча маселени чече албаганы - жалпы дүйнө үчүн олуттуу кесепеттерге алып келерин эскертти.Дүйнөлүк мунай жана газдын бештен бир бөлүгү ташылган Ормуз кысыгы Иран АКШ менен Израилдин кол салуусуна жооп катары кемелерге сокку урарын билдиргенден кийин жабылган. Кысыктын бөгөттөлүшү жалпы дүйнөдө отундун баасы кескин өсүшүнө алып келди, айрым өлкөлөрдү, өзгөчө Азиядагы өлкөлөрдү мунай керектөөнү жана ташууну чектөөгө мажбур кылганын DPA жазды.Израил менен АКШ Иранга каршы аскердик операциясын 28-февралда баштаган. Америка лидери Дональд Трамп согуштун башкы максаты - Ирандын өзөктүк куралга ээ болушуна жол бербөө экенин айтууда. Иран алардын чабуулуна жооп кылып, Американын Перс булуңундагы аскер базаларына жана союздаштарынын инфратүзүмдөрүнө сокку урууда.",azattyk.org,https://www.azattyk.org/a/33727304.html,2026-04-08T09:53:24+06:00,kyrgyz,0,high,,news_site
cf554f78-cb83-4e8e-8d6b-ef247f8f070a,"Бисмарктын “биз” деп айтканы, Пруссия менен Германия тууралуу сөз кылганы. Бирок, Пруссия менен Германия Бисмарктын өлүмүнөн кийин гана Россияга кол салганын эскертели. Башка жагынан алганда, Бисмарк Наполеондун мезгилиндеги Францияны эч качан  жалпылап, европалаштырып, “биз” деп айткан эмес.","Factcheck.kg белгилүү адамдарга таандык делген циататаларды текшерүүнү улантат. Кезектеги фактчек Германия канцлери Отто фон Бисмаркка таандык деп айтылган сөз болмокчу. “Орустарды жеңүү мүмкүн эмес, жүздөгөн жылдардан соң, биздин буга көзүбүз жетти. Аларга жалган баалуулуктарды таңууласак гана алар өзүн өзү жеңе алат!”, – дал ушул сөздөр немец канцлери Отто фон Бисмаркка таандык деп социалдык тармактарда айтылып келет. Анан калса россиялык мамлекеттик телеканалдарда да айтылып, “Россия — менин тарыхым аттуу парктын жарнамасында” даберилген. Гуглиздөө системасы аркылуу бул тууралуу көптөгөн маалыматты таба алабыз. Алардын эң алгачкысы 2010-жылдын 25-августундажарыяланган. Ал “Дүйнө акылы” аттуу форумда алгачкы булакты көрсөтпөстөн, жазылган. Отто фон БисмаркФондубул сөздү сынга алып, Германия империясынын канцлери мындай деп айта албай тургандыгын түшүндүрдү: Бисмарктын “биз” деп айтканы, Пруссия менен Германия тууралуу сөз кылганы. Бирок, Пруссия менен Германия Бисмарктын өлүмүнөн кийин гана Россияга кол салганын эскертели.",factcheck.kg,https://factcheck.kg/ky/kanczler-germanii-bismark-zagovoril-v-internete-cherez-100-let-posle-smerti/,,kyrgyz,1,0.73,https://factcheck.kg/ky/kanczler-germanii-bismark-zagovoril-v-internete-cherez-100-let-posle-smerti/,fact_check
02fa5b36-7dc1-47ea-b730-4730b56abecc,Улуу Ата Мекендик согушта кан кечкен кыргызстандыктар. Эч ким көрө элек сүрөттөр,"Акыркы жылдардагы архивдик материалдар жана изилдөөлөрдүн жыйынтыгы боюнча Улуу Ата Мекендик согушка жалпы Кыргызстандан 381 000 адам чакырылган, анын ичинен 326 900 киши армияга тартылган. Согуштун алгачкы айларында Кыргызстандан 36 295 эмгек армиясына чакырылып, Урал, Кузбасстагы өнөр жай жана курулуш тармагында иштеген. Жалпысынан согуш жылдары эмгек армиясында 54 миңден ашуун кыргызстандык кызмат кылган. Колумнист Алмаз Батилов Борбордук мамлекеттик кинофонофотоархивден Улуу Ата Мекендик согушта кан кечкен кыргызстандык жоокерлердин эч жакка чыга элек сүрөттөрүн тапты. © Фото  /  Центральный Государственный архив Кинофотофонодокументов КР207-аткычтар дивизиясынын офицерлери. Германия, 1945Батыш фронтто душманга бир нече ирет катуу сокку урган. 1943-жылы июнда  40- өзүнчө кыргызстандык аткычтар бригадасынын негизинде түптөлгөн. 7 шаар менен 425 айылды фашисттерден бошоткон. 6500 гитлерчинин көзүн тазалап, Вермахттын 100 офицер менен аскерин туткундаган. 1945-жылы Берлинди алууга катышкан. Дивизиянын катарында келечектеги мамлекеттик ишмер Ахматбек Сүйүмбаев да салгылашкан.1/13© Фото  /  Центральный Государственный архив Кинофотофонодокументов КР207-аткычтар дивизиясынын офицерлери. Германия, 1945Батыш фронтто душманга бир нече ирет катуу сокку урган. 1943-жылы июнда  40- өзүнчө кыргызстандык аткычтар бригадасынын негизинде түптөлгөн. 7 шаар менен 425 айылды фашисттерден бошоткон. 6500 гитлерчинин көзүн тазалап, Вермахттын 100 офицер менен аскерин туткундаган. 1945-жылы Берлинди алууга катышкан. Дивизиянын катарында келечектеги мамлекеттик ишмер Ахматбек Сүйүмбаев да салгылашкан.© Фото  /  Центральный Государственный архив Кинофотофонодокументов КРЖаш жоокерлер найза менен машыгууда. Фрунзе, 19412/13© Фото  /  Центральный Государственный архив Кинофотофонодокументов КРЖаш жоокерлер найза менен машыгууда. Фрунзе, 1941© Фото  /  Центральный Государственный архив Кинофотофонодокументов КРКыргызстандык жоокер, Түп районунун Кең-Суу айылынын кулуну Карабай Эрмеков. Калинин фронту, 19421942-жылы 5-декабрда Калинин облусундагы Осташковский районунун Ботово айылында каза болгон3/13© Фото  /  Центральный Государственный архив Кинофотофонодокументов КРКыргызстандык жоокер, Түп районунун Кең-Суу айылынын кулуну Карабай Эрмеков. Калинин фронту, 19421942-жылы 5-декабрда Калинин облусундагы Осташковский районунун Ботово айылында каза болгон© Фото  /  Из семейного архива АмантаевыхКыргызстандык аскердик учкуч Махамат Амантаев. 1943.1922-жылы Токмокто төрөлгөн, Фрунзе аэроклубун бүтүргөн. Кенже лейтенант Амантаев 1942-жылдын декабрда согушка аттанып, 366-өзүнчө чалгындоо авиациялык полкунун катарында  салгылашкан. Фронтто 39 жолу командачылыктын чалгын боюнча тапшырмасын ийгиликтүү аткарган. Эрдиги үчүн Кызыл Жылдыз жана I даражадагы Улуу Ата Мекендик согуштун ордендери менен сыйланган. 1943-жылы 2-августта Крым жарым аралын бошотуу учурунда туткунга түшкөн.4/13© Фото  /  Из семейного архива АмантаевыхКыргызстандык аскердик учкуч Махамат Амантаев. 1943.1922-жылы Токмокто төрөлгөн, Фрунзе аэроклубун бүтүргөн. Кенже лейтенант Амантаев 1942-жылдын декабрда согушка аттанып, 366-өзүнчө чалгындоо авиациялык полкунун катарында  салгылашкан. Фронтто 39 жолу командачылыктын чалгын боюнча тапшырмасын ийгиликтүү аткарган. Эрдиги үчүн Кызыл Жылдыз жана I даражадагы Улуу Ата Мекендик согуштун ордендери менен сыйланган. 1943-жылы 2-августта Крым жарым аралын бошотуу учурунда туткунга түшкөн.© Фото  /  Из семейного архива АмантаевыхГитлерчилер Дахау концлагериндеги кыргызстандык аскердик учкуч Махамат Амантаев тууралуу жазган маалымат. 1944-жыл1944-жылы 23-февралда 33 советтик аскердик учкучту атууга алып барышат. Арасында Махамат Амантаев да бар эле. Советтик учкучтар фашисттик желдеттерге кол салышат. Үч немецти өлтүрүп, бирөөсүн күйүп жаткан мешке салып жиберишет. Бул салгылашта советтик учкучтун баары каза болуп, гитлерчилер алардын сөөгүн өрттөп жиберишкен.5/13© Фото  /  Из семейного архива АмантаевыхГитлерчилер Дахау концлагериндеги кыргызстандык аскердик учкуч Махамат Амантаев тууралуу жазган маалымат. 1944-жыл1944-жылы 23-февралда 33 советтик аскердик учкучту атууга алып барышат. Арасында Махамат Амантаев да бар эле. Советтик учкучтар фашисттик желдеттерге кол салышат. Үч немецти өлтүрүп, бирөөсүн күйүп жаткан мешке салып жиберишет. Бул салгылашта советтик учкучтун баары каза болуп, гитлерчилер алардын сөөгүн өрттөп жиберишкен.© Фото  /  Из личного архива Акылбека ЖумабаеваКыргызстандык жоокер Үсөнкул Жумабаевдин фронттук дептеринде латын тамгасы менен жазылган “Күтүү” ыры. 10.03.1945, Кичине Висла кыштагы. Польша.6/13© Фото  /  Из личного архива Акылбека ЖумабаеваКыргызстандык жоокер Үсөнкул Жумабаевдин фронттук дептеринде латын тамгасы менен жазылган “Күтүү” ыры. 10.03.1945, Кичине Висла кыштагы. Польша.© Фото  /  Из личного архива Эльвиры МаречекАтайын багыттагы тоолуу аткычтарды даярдоо боюнча көчмө мектептин жетекчиси, альпинист Боривой Маречекти Кыргыз ССРнин Эл Комиссарлар Советинин курамындагы дене тарбия жана спорт комитети сыйлаган ардак грамотасы. 29.07.1943, Фрунзе7/13© Фото  /  Из личного архива Эльвиры МаречекАтайын багыттагы тоолуу аткычтарды даярдоо боюнча көчмө мектептин жетекчиси, альпинист Боривой Маречекти Кыргыз ССРнин Эл Комиссарлар Советинин курамындагы дене тарбия жана спорт комитети сыйлаган ардак грамотасы. 29.07.1943, Фрунзе© Фото  /  Центральный Государственный архив Кинофотофонодокументов КРМ. В. Фрунзе атындагы айыл чарба машина куруу заводу кан майданда курман болгон жумушчуларына арналган эстеликтин ачылган аземи, Фрунзе 1990. Автору Дагаев8/13© Фото  /  Центральный Государственный архив Кинофотофонодокументов КРМ. В. Фрунзе атындагы айыл чарба машина куруу заводу кан майданда курман болгон жумушчуларына арналган эстеликтин ачылган аземи, Фрунзе 1990. Автору Дагаев© Фото  /  Центральный Государственный архив Кинофотофонодокументов КРСССРдин “Даңк” ордени менен төрт ирет сыйланган Насыр Байтурсунов неберелери менен. Сокулук району, 19709/13© Фото  /  Центральный Государственный архив Кинофотофонодокументов КРСССРдин “Даңк” ордени менен төрт ирет сыйланган Насыр Байтурсунов неберелери менен. Сокулук району, 1970© Фото  /  Центральный Государственный архив Кинофотофонодокументов КРУлуу Ата Мекендик согуштун ардагерлери, Советтер Союзунун Баатырлары жана “Даңк” орденинин толук ээлеринин жолугушуусу. Фрунзе, 198210/13© Фото  /  Центральный Государственный архив Кинофотофонодокументов КРУлуу Ата Мекендик согуштун ардагерлери, Советтер Союзунун Баатырлары жана “Даңк” орденинин толук ээлеринин жолугушуусу. Фрунзе, 1982© Фото  /  Центральный Государственный архив Кинофотофонодокументов КРСоветтер Союзунун Баатыры Чолпонбай Түлебердиевдин урматына ачылган мемориалдын салтанаттуу аземи. Чолпонбай айылы, Киров (азыркы Айтматов) району, 198111/13© Фото  /  Центральный Государственный архив Кинофотофонодокументов КРСоветтер Союзунун Баатыры Чолпонбай Түлебердиевдин урматына ачылган мемориалдын салтанаттуу аземи. Чолпонбай айылы, Киров (азыркы Айтматов) району, 1981© Фото  /  Центральный Государственный архив Кинофотофонодокументов КРУлуу Ата Мекендик согушта көрсөткөн эрдиги үчүн Кызыл Жылдыз ордени менен үч ирет сыйланган Карабай Адыев. Ош, 198412/13© Фото  /  Центральный Государственный архив Кинофотофонодокументов КРУлуу Ата Мекендик согушта көрсөткөн эрдиги үчүн Кызыл Жылдыз ордени менен үч ирет сыйланган Карабай Адыев. Ош, 1984© Фото  /  Центральный Государственный архив Кинофотофонодокументов КРГвардиянын полковниги Дмитрий Чураков. Түштүк фронт,1943Ал жарандык согуштун учурунда Фергана фронтунда басмачыларга каршы күрөшкөн. Андан кийин Алай-Гүлчө өзүнчө чек ара комендатурысынын “Эркечтам” заставасын жетектейт. Улуу Ата Мекендик согуш учурунда контрчалгын багытында салгылашкан13/13© Фото  /  Центральный Государственный архив Кинофотофонодокументов КРГвардиянын полковниги Дмитрий Чураков. Түштүк фронт,1943Ал жарандык согуштун учурунда Фергана фронтунда басмачыларга каршы күрөшкөн. Андан кийин Алай-Гүлчө өзүнчө чек ара комендатурысынын “Эркечтам” заставасын жетектейт. Улуу Ата Мекендик согуш учурунда контрчалгын багытында салгылашкан",sputnik.kg,https://sputnik.kg/20260507/uluu-ata-mekendik-sogushta-kan-kechken-kyrgyzstandyktar-1101077279.html,13:09 07.05.2026,kyrgyz,0,high,,news_site
61191282-a77e-4be8-9689-d393f52c8f48,Пайдалуу кеңеш: Тишти бир күндө канча жолу жууш керек?,"Көптөгөн адамдар тиштерин эртең менен жууйм деп жуубай коюшат. Бирок, бул кооптуу экендигин адистер эскертет. Себеби ооздун гигиенасынын начардыгы байкалбай башталып, оору жана тиштин түшүшү менен аяктаган чынжырлуу бузулуу реакциясын жаратат. Баары эмалдын некрозунан башталат, коргоочу катмар эскирип калат. Бактериялар эркин өтүп кетишет: кариес пайда болот, ал тез эле курч оору менен татаалдашууларга алып келет. Бүйлөлөр сезгенүү жана кан агуу менен көйгөйдү билдирет. Натыйжада тиштер бошоп, түшүп калат. Адистер жөнөкөй эрежени так айтканда, күнүнө эки жолу тиш жууш керектигин баса белгилейт. Эртең мененки режим түнкү бактерияларды жууп салат. Ал эми кечки режим күндүзгү калдыктарды жок кылат. Алты ай сайын тиш жибин кошуп, оозду чайкап, тиш доктурга барып туруңуз, ошондо көйгөй жоголот. Үзгүлтүксүз колдонуу эч кандай күч-аракетти талап кылбайт, бирок пломбаларга жана имплантаттарга миңдеген акчаны коротуудан сактайт. Тиштер ден соолуктун көрсөткүчү болуп саналат. Начар гигиена жүрөккө, муундарга жана ал тургай мээге сезгенүү аркылуу таасир этет. Ооруну күтпөңүз — тиш жууганды ырымга айландырыңыз.",24.kg,https://24.kg/kyrgyzcha/367030_paydaluu_kenesh_tishti_bir_kundo_kancha_jolu_juush_kerek/,,kyrgyz,0,high,,news_site
4530dddc-650b-46fa-b8fb-becff52eea39,"Видеочек: Фрунзе жөнүндө кадрлар качан тартылган, 1951-жылыбы, же 1959-жылыбы?","Factcheck.kg редакциясына окурманыбыз кайрылып, Facebook’та жарыяланган видероликти текшерип берүүнү өтүндү. Видеодон Фрунзе шаарынын архивдик кадрларын көрсө болот. Ролик “Мамлекеттик Архив” барагында жарыяланган. Аны жарыялаган автор видео 1951-жылы тартылган депбилдирген, бирок айрым колдонуучулардын пикиринде, тасма кечирээк, 50-жылдардын аяк ченинде жарык көргөн. Factcheck.kg редакциясы архивдик кадрларды талдап чыкты. Биз аныктагандай, бул роликтеги кадрлар Кыргыз мамлекеттик академиялык опера жана балет театрынын артисттери ойногон“Чолпон” тасма-балетиненалынган экен. Тасманы Ленфильмдин Ленинграддык студиясы жана Көркөм жана документалдуу фильмдер боюнча Фрунзе киностудиясы 1959-жылы тартышкан. Ошентип, “Мамлекеттик Архивде” жарыяланган видеоролик 1951-жылы тартылбаган болот.",factcheck.kg,https://factcheck.kg/ky/videochek-v-kakom-godu-byli-snyaty-kadry-goroda-frunze-v-1951-ili-1959/,,kyrgyz,1,1.0,https://factcheck.kg/ky/videochek-v-kakom-godu-byli-snyaty-kadry-goroda-frunze-v-1951-ili-1959/,fact_check
a8f523de-d799-444b-acf8-167e60b73803,Садыр Жапаров Владимир Путин менен сүйлөшүүлөрдү өткөрдү. Эмнелер талкууланды?,"Садыр Жапаров Россияга болгон иш сапарынын алкагында Россиянын президенти Владимир Путин менен сүйлөшүүлөрдү жүргүздү. Бул тууралуу КР Президентинин басма сөз кызматы билдирди. Жолугушууда кыргыз-орус өз ара аракеттенүү маселелери талкууланып, муну менен катар соода-экономикалык кызматташтыкты тереңдетүүгө өзгөчө көңүл бурулду. Ошондой эле мурда жетишилген макулдашууларды ишке ашыруунун жүрүшү каралды. Тараптар регионалдык күн тартибиндеги маселелер жана көп тараптуу форматтагы өз ара аракеттенүү боюнча позициялары тууралуу пикир алышты. Президент Садыр Жапаров жылуу кабыл алуу үчүн ыраазычылыгын билдирди жана Владимир Путинди үстүбүздөгү жылдын 31-август — 1-сентябрь күндөрү Бишкек шаарында өтө турган Шанхай кызматташтык уюмуна мүчө-мамлекеттердин башчыларынын саммитине катышууга чакырды. Өз кезегинде Владимир Путин чакыруу үчүн ыраазычылык билдирип, Россия тараптын интеграциялык бирикмелердин алкагында активдүү өз ара аракеттенүүгө берилгендигин, ошондой эле алардын ишмердүүлүгүнүн негизги багыттары боюнча күч-аракеттерди координациялоону жана практикалык кызматташтыкты мындан ары да арттырууга даяр экендигин ырастады. Сүйлөшүүлөрдүн жыйынтыгында лидерлер кыргыз-россиялык кызматташтыкка кошумча динамика берүүгө жана өз ара аракеттенүүнүн бардык багыттары боюнча биргелешкен демилгелерди ырааттуу илгерилетүүгө өз ара багыт алышканын билдиришти.",24.kg,https://24.kg/kyrgyzcha/371678_sadyir_japarov_vladimir_putin_menen_suyloshuulordu_otkordu_emneler_talkuulandyi/,,kyrgyz,0,high,,news_site
c5430cc2-5707-476a-90e2-696557f2324a,Чек ара чырынан “хайп” кармаган “Панорама” сайты,"Кыргызстан менен ТаджикстанЖамааттык Коопсуздук Келишими Уюмунан (ОДКБ) эки жума мурун чыккандыгы тууралууСергей Шойгу билдирди. Мындай маалымат социалдык тармактарда желдей тарады. Окурмандарыбыз билдирүүнү текшерүү өтүнүчү менен бизге кайрылды. Белгилей кетсек, “жаңылыктын” автору “Панорама” аттуу сатиралык сайт. Бирок бул сайттын өзүндө тиешелүү маалыматты табаалган жокпуз. Издөө аркылуу маалымат Бишкек убактысы боюнча саат 19.07де “Панораманын” “Твиттердеги” баракчасында жарыяланганынаныктадык. Эске салсак, Factcheck.",factcheck.kg,https://factcheck.kg/ky/provokaczionnyj-fejk-ot-ia-panorama-po-kyrgyzsko-tadzhikskomu-prigranichnomu-konfliktu/,,kyrgyz,1,0.92,https://factcheck.kg/ky/provokaczionnyj-fejk-ot-ia-panorama-po-kyrgyzsko-tadzhikskomu-prigranichnomu-konfliktu/,fact_check
cccece6c-f5cc-44bc-bc9d-a95abf81e122,"Измаил порту соккуга учурады, Липецкиде бир аял каза тапты","Орус армиясы 14-апрелге караган түнү Украинанын Одесса облусуна, анын ичинде Румыния менен чек арадагы Измаил портуна чабуул койду. Облус губернатору Олег Кипер маалымдагандай, жарандык жана транспорт инфраструктурасы бутага алынды, Панаманын желеги астында сүзгөн кеме жабыркады. Украин вице-премьери Алексей Кулеба соккудан эч ким жапа чекпегенин билдирди. Өлкөнүн Абадан коргонуу күчтөрү түн ичинде учурулган 133 дрондун 114ү жана бир авиациялык ракета атып түшүрүлгөнүн, 8 жерге пилотсуз 12 учак тийгенинкабарлады. Муну көз карандысыз булактар тастыктай элек. Херсондо эртең менен ооруканага орусиялык “Молния” дрону тийгенде төрт кызмактери жарадар болду. Бул тууралуу шаар администрациясыбилдирди. Чабуулга Харьков облусу да кабылганы кабарланууда. Ал арада Орусиянын Коргоо министрлиги тараткан маалыматка караганда, бир нече облуста, аннексияланган Крымда украиналык 97 дрон атып түшүрүлдү. Липецкидеги өнөр жай зонасында жарылуулар болгону кабарланууда. Облус губернатору Елец шаарында бир аял каза таап, бешөө жаракат алганынжазды. Орусия күн сайын кошуна өлкөсүн жүздөгөн пилотсуз учак менен аткылап, Украина жооп иретинде Орусиянын ичкери аймагын көбүрөк бутага ала баштады. Conflict Intelligence Teamсанапчыккандай, өткөн жылы майдандын эки тарабында бери дегенде 2919 жайкын тургун (арасында 96 бала) каза болду. Анын басымдуусу Украинага туура келет. Орусияда 270тен ашуун киши ажал тапты.",azattyk.org,https://www.azattyk.org/a/33731846.html,2026-04-14T14:40:01+06:00,kyrgyz,0,high,,news_site
626f4f4a-121e-4568-a0a6-c689b6f1c247,"“Чикагодогу кофейня” тууралуу жаңылыкты таратып жаткан макоолордун баардыгына менден салам. Бул калп. Мени эч ким кескилеген да, урган да, аткан да жок. Азыркы учурда каржылык билими бар, акыл эси ордунда бир дагы адам штаттарда стартап ачпайт”. [split]","Роликте ал Москвадагы Ыйык Василийдин (Василий Блаженный) соборунун фонунда туруп алып, аны менен баардыгы жакшы экенин билдирген. “Чикагодогу кофейня” тууралуу жаңылыкты таратып жаткан макоолордун баардыгына менден салам. Бул калп. Мени эч ким кескилеген да, урган да, аткан да жок. Азыркы учурда каржылык билими бар, акыл эси ордунда бир дагы адам штаттарда стартап ачпайт”. Кийинчирээк белгилүү болгондой, бул жаңылыкты биринчи болуп Запорожьялык Виктор Приходькоөзүнүн Tik-Tok каналында жайгаштырган. Бирок анын жаңылыгында “суу аккыч түтүк аркылуу McDonald’sдын имаратына чыкты” сыяктуу ишенүүгө оор болгон имиштер көп келтирилген. Ага карабай “жаңылык” бир нече күн вирустук болду. Тыянак: калп.Бул маалыматтын ишенимдүү булактары жок. Анан да бул маалыматты Родион өзүнүн видеосу менен жокко чыгарды. Ал видео Москвада тартылганы көрүнүп турат жана Родиондун бети-башында уруп сабоолордун эч бири изи байкалбайт.",factcheck.kg,https://factcheck.kg/ky/syna-olega-gazmanova-rodiona-izbili-v-chikago-za-kofejnyu-sssr-proveryaem/,,kyrgyz,1,0.57,https://factcheck.kg/ky/syna-olega-gazmanova-rodiona-izbili-v-chikago-za-kofejnyu-sssr-proveryaem/,fact_check
70c0ea0c-b30f-4e31-92fc-6a6bad5bd687,Шайлоо алдындагы фейк маалыматтарды текшерүү жолдору,"“Бир бол” партиясы саясий кеңешинин курамы өзгөргөнүн, партия катары жаңы адамдар менен толукталганын жазып, атайын жасалган сүрөт менен бөлүштү. Ага улай эле, ошол сүрөттү пайдаланып, партияга кирбеген адамдарды сүрөткө чаптап тараткандар болду. “Бир бол” гана эмес, ушундай эле чындыкка туура келбеген талапкерлерден тизме түзүп “Ата Мекен” партиясынын тизмеси” деп дагы популярдуу группаларда тараткандар болду. Биз бул материалда мындай учурда маалыматты кантип текшерсе болорун айтып беребиз. Адегенде “Бир бол” партиясынын расмий барагында булжаңылык, сүрөт пайда болгон. Андан кийин эле популярдуу группаларда ушуга окшогон башка сүрөттөр, талапкерлердин тизмеси “Эскилерди чогулткан Бир бол” деген жазуу менен пайда болду. Ушундай эле жол менен жасап, “Ата Мекен” партиясынын тизмеси деп таратып жатышты. Бул маалыматтардын чын-төгүнүн териштирбей туруп ишенгендер, аны өзүнүн баракчасын бөлүшкөндөр болгонун комментарийлерден, бөлүшүлгөн посттордон көрүүгө болот.",factcheck.kg,https://factcheck.kg/ky/kyrgyz-shajloo-aldyndagy-fejk-maalymattardy-teksher%d2%af%d2%af-zholdoru/,,kyrgyz,1,0.54,https://factcheck.kg/ky/kyrgyz-shajloo-aldyndagy-fejk-maalymattardy-teksher%d2%af%d2%af-zholdoru/,fact_check
c9d62c2f-2c13-47c1-a1c6-17b73ad56aca,Түркиянын Качкар тоолору эл аралык иш-чаралар аркылуу дүйнөлүк деңгээлге чыгууда,"17–18-апрелде Ризе шаарында Эл аралык Качкар туризм жарманкеси өтөт Түркиянын Түндүк Кара деңиз аймагында, Ризе жана Артвин облустарында жайгашкан Качкар тоолору өлкөдөгү жаратылыш жана активдүү туризм үчүн эң таасирдүү багыттардын бири болуп саналат. Бул аймак төрт мезгил бою ар түрдүү мүмкүнчүлүктөрдү сунуштайт. Өзүнүн уникалдуу байлыгынын аркасында Качкар тоолору эл аралык деңгээлде өтүп жаткан абройлуу иш-чаралар аркылуу дүйнө жүзүнө таанылып келет. Өткөн жылы ийгиликтүү башталган KAÇKAR BY UTMB тоо ультрамарафонунан кийин, эми 2026-жылдын 17–18-апрелинде Ризеде Эл аралык Качкар туризм жарманкеси өтөт. Түркия Республикасынын Маданият жана туризм министрлиги жана Түркиянын Туризмди илгерилетүү жана өнүктүрүү агенттиги (TGA) тарабынан колдоого алынган бул жарманке Качкар тоолорунун жана Кара деңиз аймагынын кайталангыс жаратылышын жана бай маданий мурасын дүйнөлүк деңгээлдеги туристтик борборго айлантууну максат кылат. Аймактагы эң абройлуу туристтик иш-чара катары бул жарманке жөн гана көргөзмө болбостон, панелдер, конференциялар жана мастер-класстар аркылуу жаңы туристтик тенденцияларды талкуулоого жана кызматташууларды түзүүгө мүмкүнчүлүк берет. Бул жылы иш-чара Ризедеги Чай базарында 1000ден ашуун тармак өкүлдөрүн жана 3000ден ашуун конокторду чогултат. Кара деңиз керемети: жаратылыш, маданият жана тарых бириккен жер Качкар тоолору жыл бою ар түрдүү эс алуу мүмкүнчүлүктөрүн сунуштап, жаратылышты жана укмуштуу окуяларды сүйгөндөр үчүн өзгөчө маршруттары, бай тарыхы жана өнүккөн гастрономиясы менен айырмаланат. Бул аймак Түркиянын эң таза жана бузулбаган жаратылыш зоналарынын бири болуп саналат: бул жерде 50дөн ашуун альп көлдөрү, терең өрөөндөр, ар кыл жашыл түстөгү токойлор жана түрдүү экосистемалар түзгөн шар аккан дарыялар жайгашкан. 3937 метр бийиктикке жеткен Качкар чокусу бул тоо кыркасынын эң бийик жери болуп, аймактын көркүн арттырып, треккинг, альпинизм жана жаратылышты изилдөө үчүн абдан жагымдуу шарт түзөт. Келген коноктор кооз тоо жолдорунда жөө жүрүш жасап, өрөөндөрдө велосипед тебип, сейрек кездешкен жаныбарларды байкап, укмуш сүрөттөрдү тарта алышат. Кыш мезгилинде кар баскан Качкар тоолору кар үстүндө басуу, лыжа, сноуборд жана хели-ски сыяктуу спорт түрлөрү үчүн популярдуу жайга айланат. Качкар тоолору таза жаратылыштан тышкары маданий тажрыйба менен туруктуу туризмди да айкалыштырат. Коноктор экологиялык таза жайларда токтоп, жергиликтүү элдин турмушу менен таанышып, тарыхый эстеликтерди изилдей алышат. Тоолуу аймактагы жамааттар аймактын маданий мурасын сактап келишет: алардын тилдери, салттуу кол өнөрчүлүгү, тулум (чоор сыяктуу аспап) үнү жана хорон бийи туристтерди өзүнө тартып турат. Мындан тышкары, жайлоо майрамдары жана чай жыйноо салтанаттары аркылуу аймактын жандуу салттарына толук кандуу аралашууга болот. Качкар жайлоолору ден соолукту чыңдоо үчүн да эң сонун багыт болуп саналат: таза аба жана жаратылыш эс алууга жана калыбына келүүгө мыкты шарт түзөт. Бул жерде салттуу жана заманбап ден соолук ыкмаларын айкалыштырып, ал эми Айдердеги термалдык булактар табигый дарыланууну жана эс алууну камсыз кылат. Мунун баарын аймактын өзгөчө ашканасы толуктайт: органикалык бал, дарылык чөптөр, дүйнөгө белгилүү чай жана жаңы деңиз азыктары ар бир сапарды унутулгус кылат. Качкар тоолорунун дүйнөлүк деңгээлдеги орду өсүүдө Жыл бою ар түрдүү мүмкүнчүлүктөрдү сунуштаган Качкар тоолору дүйнөлүк туристтик картада барган сайын маанилүү орунду ээлеп жатат. Бул жерде UTMB World Series жарышынын түрк этабынын жана Эл аралык Качкар туризм жарманкесинин өткөрүлүшү мунун ачык далили. Апрель айындагы жарманкеден кийин, 2026-жылдын 11–13-сентябрында Ризеде KAÇKAR BY UTMB жарышы дагы бир жолу өтөт.",vesti.kg,https://vesti.kg/kg/koom/item/149826-turkiyanyn-kachkar-tooloru-el-aralyk-ish-charalar-arkyluu-dujnoluk-dengeelge-chyguuda.html,2026-04-23T12:34:24+06:00,kyrgyz,0,high,,news_site
863a48dd-bb12-480b-9ba8-ebb5d8820bf3,Манас шаарында 26 сел каптаган турак жайлар тазаланды,"Манас шаарында учурда 26 сел каптаган турак жайлар тазаланды. Бул тууралуу Өзгөчө кырдаалдар министрлигинин басма сөз кызматы билдирди. Эске салсак, кечээ түнкү саат 22:00дөр чамасында жааган нөшөрлүү жаан-чачындын кесепетинен кокту-колоттордон келген сел суулары ички сел каналдарына батпай калып, Манас шаарында 40тан ашуун турак жайдын короолорун, 4 социалдык объектини суу каптаган. Учурда турак жайлардан сел калдыктарын чыгаруу, аймактарды тазалоо жана тургундар үчүн коопсуз шарттарды түзүү иштери Өзгөчө кырдаалдар министри Канатбек Чыныбаевдин жетекчилиги астында түзүлгөн ыкчам штаб тарабынан координацияланууда. Бул иштерге Кыргыз Республикасынын Өзгөчө кырдаалдар министрлигинен 114 куткаруучу, ошондой эле жарандык коргонуу кызматтарынан 334 кызматкер жана 24 техника тартылган. Мындан тышкары, белгиленген аймактарда санитардык-эпидемиологиялык кызмат тарабынан дезинфекциялоо иштери жүргүзүлүп, иштер улантылууда.",24.kg,https://24.kg/kyrgyzcha/372671_manas_shaaryinda_26sel_kaptagan_turak_jaylar_tazalandyi/,,kyrgyz,0,high,,news_site
613a3f68-1480-41a2-9a58-0ff3962f9169,Иранда жаңы диний лидери болуп Мүжтаба Хаменей шайланды,"Израил менен АКШнын ортосундагы чабуулда каза болгон аятолла Али Хаменейдин уулу Мүжтаба Хаменеи Ирандын Жогорку лидери болуп шайланды. Ирандын Башкаруу Кеңеши (Эксперттер тобу) АКШ менен Израилдин аба соккусунан каза болгон Али Хаменейинин уулу Мүжтаба Хаменей добуштардын басымдуу көпчүлүгү менен лидерлик кызматка шайланганын жарыялады. Ирандагы жаңы лидерди тандоого жооптуу Улуу Кеңеш жазуу жүзүндөгү билдирүүсүндө: «Аятолла Сейед Мүжтаба Хоссейни Хаменеи Эксперттер тобунун мүчөлөрүнүн басымдуу көпчүлүгүнүн добушу менен Иран Ислам Республикасынын үчүнчү лидери болуп аныкталып, жарыяланганын жарыялайбыз», — деп билдирди. Ирандын Революциялык гвардиясы жана Ирандын Куралдуу күчтөрү жаңы лидер Мүжтаба Хаменейге берилгендик антын беришти. Жогорку Улуттук коопсуздук кеңешинин башчысы Али Лариджани дагы жаңы диний лидердин айланасында биримдикке чакырды. Аналитиктер Мүжтаба атасынын консервативдүү көз караштарын толугу менен бөлүшөрүн белгилешет. Тандоо мурда жарыяланган, бирок жаңы руханий лидердин ысымы бир топ убакытка чейин жашыруун сакталып келген, анткени Израил бийлиги бул кызматты ээлеген ар бир адамга түз коркутууларды жасаган.",24.kg,https://24.kg/kyrgyzcha/365017_iranda_janyi_diniy_lideri_bolup_mujtaba_hameney_shaylandyi/,,kyrgyz,0,high,,news_site
e785926e-3a7b-4ba8-bff0-9b098a1bd08f,Бишкекте бокс боюнча эл аралык турнир өтөт,"Бишкекте Советтер Союзунун баатыры Дүйшөнкул Шопоковдун жаркын элесине арналган бокс боюнча эл аралык турнир өтөт. Бул тууралуу Дене тарбия жана спорт мамлекеттик агенттиги билдирди. Маалыматка ылайык, мелдештер 26-апрелден 1-майга чейин Каба уулу Кожомкул атындагы спорт ордосунда өткөрүлөт. Мелдешке 19 жаштан 40 жашка чейинки мушкерлер 50 кг, 55 кг, 60 кг, 65 кг. 70 кг, 75 кг, 80 кг, 85 кг, 90 кг чейинки жана 90 килограммдан жогору он салмак чен бирдигинде күч сынашат. Турнирдин жыйынтыгында жеңүүчүлөр жана байге ээлери тиешелүү даражадагы медалдар жана дипломдор менен сыйланышат.",24.kg,https://24.kg/kyrgyzcha/371342_bishkekte_boks_boyuncha_elaralyik_turnir_otot/,,kyrgyz,0,high,,news_site
1789054f-f0cd-42ee-9164-f795b3bcd4d0,Ошто «Ала-Тоо жазы» фестивалы өтөт,"29—30-апрелде Ош шаарында «Ала-Тоо жазы» студенттердин фестивалы өтөт. Бул тууралуу Маданият, маалымат жана жаштар саясаты министрлигинен билдиришти.Маалыматка ылайык, маданий иш-чара Кыргызстандын ар кайсы аймактарынан келген таланттуу жаштарды бириктирип, алардын чыгармачылык мүмкүнчүлүктөрүн кеңири коомчулукка тартуулоону максат кылат.Фестивалда вокалдык искусство, классикалык музыкалык аспаптарды ойноо, фольклордук аткаруучулук жана хореография багыттарында чыгармалар тартууланат.Иш-чара эки баскычта уюштурулат: биринчи баскычта жогорку жана орто кесиптик окуу жайлардын ичинде тандоо турлары өтсө, экинчи баскычта финалдык этапка өткөн мыкты командалар күч сынашат.Белгилей кетсек, сынакка Б.Бейшеналиева атындагы Кыргыз улуттук маданият жана искусство университетинин, К.Молдобасанов атындагы Кыргыз улуттук консерваториясынын студенттери жана музыкалык же искусство багытындагы факультеттерде окуган студенттер катыша алышпайт.",24.kg,https://24.kg/kyrgyzcha/369022_oshto_ala-too_jazyi_festivalyi_otot/,,kyrgyz,0,high,,news_site
a4d1327c-6aa4-4c36-ba0c-951967a34e66,"Башкача айтканда, кыргыз тилиндеги вариантта учурдагы мыйзамдар Интернеттеги маалыматты жайылтуу менен байланышкан укуктук мамилелердидээрлик жөнгө салбайт,ал эми орус тилиндеги варианттатиешелүү түрдө жөнгө салбайт.","14-майда  «Маалыматты манипуляциялоо жөнүндө»   мыйзам долбоору коомдук талкууга коюлуп, Жогорку Кеңештин сайтынажарыяланды.  Мыйзам долбоорунун демилгечиси катары депутат Гүлшат Асылбаева көрсөтүлгөн. Factcheck.kgаталган мыйзам долбоорун жана анын маалымкат-негиздемесин тыкыр изилдеп көрүп,  документтердеги тексттин Россиянын мыйзамы жана 2017-жылы сунушталган мыйзам долбоору менен окшоштугун, мындан тышкары, плагиат, манипуляция жана так эмес которууну аныктап чыкты. Алгач, маалымкат-негиздеменин текстинин кыргыз жана орус тилдериндеги варианттары айырмаланарын белгилейбиз: Актуальность данного законопроекта обусловлена тем, что действующее законодательство Кыргызской Республикидолжным образом не регулирует правоотношения, связанные с распространением информации в Интернет пространстве. Бул мыйзам долбоорунун актуалдуулугу Кыргыз Республикасынын колдонуудагы мыйзамдары Интернет мейкиндигинде маалымат жайылтууга байланышкан укуктук мамилелердижөнгө салбагандыгы менен шартталган –маалымкат-негиздемеден алынды. Башкача айтканда, кыргыз тилиндеги вариантта учурдагы мыйзамдар Интернеттеги маалыматты жайылтуу менен байланышкан укуктук мамилелердидээрлик жөнгө салбайт,ал эми орус тилиндеги варианттатиешелүү түрдө жөнгө салбайт. В последние годы Интернет стал самым популярным источником информации Акыркы жылдары Интернет популярдуу маалымат булагына айланууда –маалымкат-негиздемеден алынды. Байшача айтканда, орус тилиндеги вариантта Интернетэң популярдуумаалымат булагына айланса, кыргыз тилиндеги вариантта сын атоочтун күчөтмө даражасы көмүскөдө калган жана Интернетжөн гана популярдууболуп калган. Дегенибиз, 2019-жылдын декабрь айында Эл аралык Республикалык Институт тарабынан өткөрүлгөн изилдөөнүн жыйынтыгына ылайык, өлкөдөгү эң популярдуу маалымат булагы – телевидение. Жыйынтык: так эмес которуу Бул мыйзам ченемдүү эле көрүнүш, анткени Түйүндө маалымат издөө ыңгайлуу, жөнөкөй жана китепканага баруу, гезиттердин архивдерин окуп чыгуу же телевизор көрүүгө караганда бир топ аз убакытты талап кылат эмеспи. – маалымкат-негиздемеден алынды. Жыйынтык: жартылай чындык Маалыматты желеден издөө илимий-изилдөө иштерине мүнөздүү иш-аракеттер менен салыштырылып атат. Мындай логикага таянсак,  жарандардын китепканага баруусу жана архивге кайрылуусу да мыйзам тарабынан жөнгө салынышы керек эле. Чынында бул иш-чаралар китепканалардын жана архивдердин ички эрежелери менен жөнгө салынат. Телекөрсөтүү менен Интернет айдыңындагы маалыматты салыштыруу дезинформация болуп саналат. Себеби, белгилүү бир шарттарда жаңылыктарды сыналгыдан көрүү аларды сайттан окуп же Интернеттен издеп тапканга караганда азыраак убакытты талап кылат. Интернет-технологиялардын такай өнүгүп турушуна байланыштуу коомдо Интернеттин пайдалуу экендиги туурасында позитивдүү коомдук пикир калыптанды… – маалымкат-негиздемеден алынды Жыйынтык: манипуляция Бул мыйзам долбоорунун негиздемесиндеги талаштуу билдирүү. Айрым изилдөөлөр көрсөткөндөй, коом Интернетти тескеринче, зыяндуу деп эсептейт. Маселен, 2015-жылы ФОМ тарабынан өткөрүлгөнизилдөөнүнжыйынтыгына ылайык, ата-энелердин 49%ы дүйнөлүк желе балага зыян деп жооп берген. Интернет-технологиялардын өнүгүшүнө байланыштуу коомдо ал пайдалуу деп эсептелинет жана позитивдүү пикир калтырат деген билдирүү — манипуляция. … ал эми анын техникалык мүмкүнчүлүктөрү менен аудиториясынын кеңейиши көптөгөн маалыматтык сервистер менен ресурстардын жаралышына алып келди – маалымкат-негиздемеден алынды Жыйынтык: чындык Бирок бул билдирүү Интернетти жөнгө салуучу мыйзамды киргизүүгө негиз боло албайт. Интернет аркылуу маалымат издөө катардагы колдонуучулардын гана эмес, мамлекеттик кызматкерлердин, бизнесмендердин жана коммерциялык уюмдардын да өзгөчө укугу (прерогатива) болуп калды. –маалымкат-негиздемеден алынды Жыйынтык: манипуляция. ПРЕРОГАТИВА — Өзгөчө укук, мамлекеттик органдын, кызмат адамынын артыкчылыгы. Бийликтин ыйгарым укуктары. Ожеговдун, Шведованынсөздүгү. Интернет аркылуу маалымат издөө эч кимдин өзгөчө укугу эмес, айрыкча расмий же мамлекеттик органдын артыкчылыгы эмес болгонуна байланыштуу,жогорудагы сүйлөмдүн маңызы жок. Анткен менен Интернетти колдонууга байланышкан терс учурлар да жок эмес. –маалымкат-негиздемеден алынды Жыйынтык: чындык Алар кызыкчылыктардын кеңири чөйрөсүн, анын ичинде купуя маалыматтан тартып саясатка чейин, коомдук тартип менен мамлекеттин улуттук коопсуздугуна чейинки чөйрөнү камтыйт. –маалымкат-негиздемеден алынды Жыйынтык: манипуляция. Сүйлөмдүн курамында логикалык ката бар, бул бүдөмүк фраза.  Логикалык жактан алып караганда, «кызыкчылыктардын чөйрөсү» деген сөз айкалышынан соң, ага тиешелүү субъектилер тууралуу айтылышы керек эле. Бирок, анын ордуна объектилер же сапаттык мүнөздөмөлөр келтирилген. Башкача айтканда, «кызыкчылыктардын кеңири чөйрөсү» — «жарандардын кызыкчылыгы», «саясатчылардын кызыкчылыгы», «коомдун жана улуттун коопсуздугун камсыз кылган органдардын кызыкчылыктары» деп айтылышы керек эле. Эл аралык тажрыйба Маалымкат-негиздемеде Германия, Франция жана Улуу Британия сыяктуу өлкөлөрдөгү социалдык тармактарды «жөнгө салуу» жаатындагы эл аралык тажрыйба мисалдары келтирилген. Factcheck.kgаталган мамлекеттердин бирөөсүндөгү тажрыйба менен бул мыйзам долбоорунун окшоштугун текшерип көрдү. Германияда социалдык тармактардагы укуктарды коргоо боюнча мыйзам чынында эле кабыл алынган. Бирок, депутат Гүлшат Асылбаева сунуш кылган мыйзам долбоору мененГерманиянын мыйзамдарынын максаттары жана көз караштары такыр дал келбейт, ошондуктан Германия тажрыйбасын мыкты мисалы катары кароонун өзү туура эмес. Германиянын мыйзамына ылайык, жаңы эрежелер эки миллиондон ашык колдонуучулары бар социалдык тармактарга карата колдонулат.",factcheck.kg,https://factcheck.kg/ky/manipulyaczii-i-plagiat-v-zakonoproekte-gulshat-asylbaevoj-o-manipulirovanii-informacziej/,,kyrgyz,1,0.54,https://factcheck.kg/ky/manipulyaczii-i-plagiat-v-zakonoproekte-gulshat-asylbaevoj-o-manipulirovanii-informacziej/,fact_check
b8671ac2-6edd-4839-9740-aa01bd833331,Кыргызстан менен Кытайды байланыштырган жаңы Гуанчжоу-Бишкек аба каттамы ачылды,"China Southern Airlines компаниясы «Гуанчжоу-Бишкек-Гуанчжоу» жаңы эл аралык аба каттамын ишке киргизди. Бул тууралуу «Кыргызстан аэропорттору» мамлекеттик ишканасынан басма сөз кызматы билдирди. Маалыматка ылайык, биринчи каттам «Манас» аэропортуна 134 жүргүнчү менен келип, 104 жүргүнчү Гуанчжоуга кайра учуп кетти. Бул боюнча каттамдар жумасына эки жолу, шаршемби жана жекшемби күндөрү аткарылат. Жаңы каттамдын ачылышы — бул Кыргызстандын аэропортторунун командасынын системалуу ишинин жана координацияланган аракетинин, ошондой эле кытайлык өнөктөштөр менен тыгыз кызматташуусунун натыйжасында ишке ашты. Бул каттамдын ачылышы жүргүнчүлөрдү жана жүктөрдү ташууларды өнүктүрүү үчүн кошумча мүмкүнчүлүктөрдү түзүп, Кыргызстан менен Кытайдын ортосундагы транспорттук, экономикалык жана гуманитардык байланыштарды чыңдоого жардам берет деп күтүлүүдө. «Бул каттамдын ачылышы — Кыргызстандын аба каттам тармагын кеңейтүү жана эл аралык байланышын чыңдоодогу маанилүү кадам болуп саналат. Биз бул каттамдын жүргүнчүлөрдү ташуу жагынан да, жүк ташууларды өнүктүрүү жагынан да чоң потенциалын көрүп турабыз», — деп белгиледи Кыргызстан аэропортторунун коммерция боюнча директору Аман Мамаев. China Southern Airlines авиакомпаниясы буга чейин эле жумасына алты күн Бишкектен Бээжинге аба каттамдарды аткарып келет. «Кыргызстан аэропорттору» ААК учуу тармагын андан ары кеңейтүүнү, жаңы авиакомпанияларды тартууну жана жүргүнчүлөр жана өнөктөштөр үчүн ыңгайлуу шарттарды түзүүнү пландаштырууда.",24.kg,https://24.kg/kyrgyzcha/367970_kyirgyizstan_menen_kyitaydyi_baylanyishtyirgan_janyi_guanchjou-bishkek_aba_kattamyi_achyildyi/,,kyrgyz,0,high,,news_site
c7530d6a-9ede-4405-8f7f-1a3d669d0c33,Жөтөлгө каршы сироп менен сүттүн аралашмасы 4 баланын өмүрүн алдыбы? Текшеребиз,"Энеси балдарына жөтөлгө каршы сироп менен сүттүн  аралашмасын берип, аларды өлтүрүп алганы тууралуу окуя социалдык тармактарда жана WhatsApp аркылуу кеңири жайылды. Factcheck.kgокуянын чоо-жайын изилдеп көрдү. Маалыматтын алгачкы булагын издегенибизде, окуя 28 февралда lifeinsaudiarabia.net сайтында жарыяланганы белгилүү болду. Эки күндөн соң, 2 мартта,  маалымат аталган сайттын Facebook социалдык тармактагы баракчасына чыккан. Ал эми lifeinsaudiarabia.net аттуу ресурс тууралуу маалымат интернет айдыңында сейрек кездешет. Анлис тилиндеги сайт 2017 жылы каттоодон өтүп,  анын ээсинин аты-жөнү сайтта көрсөтүлгөн эмес. Ресурс акысыз CMS WordPress системасында иштеп, баасы 59$ды түзгөн Newspaper шаблонун колдонот. Мындан улам, аталган ресурска ири интернет-долбоорлорго жумшалгандай каражат сарпталган эмес деген тыянак чыгарабыз. Ал эми ресурстун администрациясы өзүнүн сайтына же 1,7 млн.",factcheck.kg,https://factcheck.kg/ky/mat-ubila-detej-smesyu-moloka-i-siropa-ot-kashlya-proveryaem/,,kyrgyz,1,0.6,https://factcheck.kg/ky/mat-ubila-detej-smesyu-moloka-i-siropa-ot-kashlya-proveryaem/,fact_check
414a9a6a-4e6b-4413-88a2-1569c17920f1,Милиция ардагерлеринин пенсиясын көбөйтүү маселеси көтөрүлдү,"Жогорку Кеңештин 15-апрелдеги отурумунда күч кызматтарында иштеп жүрүп пенсияга чыккан ардагерлердин пенсиясын көбөйтүү жөнүндөгү маселе көтөрүлдү. Депутат Сүйүнбек Өмүрзаков акыркы жылдары өлкөдө пенсия кыйла көбөйгөнүн айтып, бирок милиция ардагерлериники дээрлик ошо бойдон калып жатканын белгиледи. ""Биз бул маселени буга чейин деле көтөрдүк эле. Комиссия да түзүлгөн, бирок анын ишинин жыйынтыгы белгисиз. Ардагерлердин кызматын унутпайлы. Аларды колдоп, пенсия маселесин чечиш керек"", - деди Өмүрзаков. Депутат күч кызматтарынын ардагерлерине башка пенсионерлердей ""Тулпар"" картасы менен коомдук муниципалдык транспортто акысыз жүрүү укугу да берилбегенин айтып, Министрлер кабинетинен ушул маселени да чечүүнү суранды. Күч кызматтарынын ардагерлеринин пенсия маселеси парламентте былтыр сентябрь айында да көтөрүлгөн. Ал кездеги спикер Нурланбек Тургунбек уулу маселе бийликтин көңүл борборунда экенин, жакын арада чечилерин билдирген. Кыргызстандын мыйзамдарына ылайык, күч кызматтарында иштегендер тармакта 20 жыл эмгектенгенден кийин жаш курагына карабастан пенсияга чыгышат. (ZKo)",azattyk.org,https://www.azattyk.org/a/33732562.html,2026-04-15T11:13:27+06:00,kyrgyz,0,high,,news_site
9ca74753-38ec-4668-8058-a1c4ba3eaf83,Бизди кантип алдашат: жалган маалыматтардын түрлөрү жана алар менен күрөшүүнүн жолдору,"Жалган маалыматтар коомдук талкууларга, бийликке жана маалымат булактарына болгон ишенимге таасир этип, дүйнө жүзүндө чоң маселеге айланды. Борбор Азия дагы четте калган жок. Бул материалда жалган маалыматтардын бардык түрлөрүн караштырып, жалган маалыматтар менен күрөшүүдө бул чөлкөмдөгү өлкөлөр башынан кечирип жаткан маселелерге токтолобуз. Жалган маалымат (дезинформация) – бул адамды адаштырыш үчүн жалган же бурмаланган маалыматты таркатуу. Ал коомдук тармактар, жаңылык сайттары жана башка онлайн платформалар аркылуу жүргүзүлүшү мүмкүн. Борбор Азияда дагы саясий шайлоолорго, этникалык араздашууга жана коомдук пикирге таасир эткен жалган маалыматтардын санынын өсүшү байкалууда. Жалган маалыматты аныктоонун татаалдыгынын бир себеби бул чөлкөмдө жашаган калктын ар башка тилде сүйлөгөнүнө байланыштуу. Аймактагы талкуулар ар башка тилдерде жүргүзүлүп келет. Мындайда жалган маалыматты аныктоо жана аны төгүндөө кыйла татаал иш. Экинчи маанилүү себеп – медиасабаттуулуктун төмөндүгү. Элдин калың катмары сынчыл ой жүгүртүүнү билбейт, жалган маалыматты “кара ниет ойдо эмес”, билбестиктен, сабатсыздыктан таркатышат. Жалган маалыматтардын жана көз жазгыруунун (адамды адаштыруунун) түрлөрү Жалган маалыматтын формалары жана түрлөрү көп. Төмөндө алардын негизгилери келтирилет: Саясий ретроспективдүү талдоо– тарыхтагы фактыларга жана окуяларга башка өңүттөн кароо. Эмоционалдүү тил колдонулушу мүмкүн, айрым аспектилерге басым кылынып, “ыңгайсыз” фактылар көз жаздымда калтырылат. Жалган жаңылыктар (Fake News)– актуалдуу жаңылык түрүндө атайылап таркатылган жалган маалымат. Жалган жаңылыктар көп учурда коомдук пикирге таасир этип, аны адаштырат, бурмалайт, жаманатты кылыш үчүн колдонулат. Кликбейт аталыштар– колдонуучуларды сайтка тартуу максатында жасалат, көп учурда анда калп маалыматтар келтирилип, макаланын мазмунуна дал келбейт.",factcheck.kg,https://factcheck.kg/ky/kak-nami-manipuliruyut-vidy-dezinformaczii-i-sposoby-borby-s-nej/,,kyrgyz,1,0.9,https://factcheck.kg/ky/kak-nami-manipuliruyut-vidy-dezinformaczii-i-sposoby-borby-s-nej/,fact_check
a80b818e-9655-472d-a144-b384b4be644e,Арал-Казарман унаа жолундагы таштар тазаланууда,"Түндүк-Түштүк альтернативдик автожолунун Арал — Казарман участогунун 243-296-чакырым аралыгында тоо бетинен түшкɵн таштарды тазалоо иштери активдүү жүрүүдɵ. Бул тууралуу Транспорт жана коммуникациялар министрлигинин басма сөз кызматы билдирди. Маалыматка ылайык, тазалоо иштери № 18 Жол тейлөө ишканасы тарабынан уланууда. Учурда бир тараптуу каттам бар. Аба ырайынын кескин ɵзгɵрүшүнɵн улам Ош — Сары — Таш — Эркечтам автожолунун 103-чакырымында тоо бетинен чоң кɵлɵмдɵгү таштар кулаган. Жеринде техниканын жардамы менен тазалоо иштери жүрүүдɵ.",24.kg,https://24.kg/kyrgyzcha/364855_aral-kazarman_unaa_jolundagyi_tashtar_tazalanuuda/,,kyrgyz,0,high,,news_site
0aaf97cd-58cf-498c-8d49-35e4aeb4e156,Чыңгыз Айдарбеков өз ыктыяры менен мандатынан баш тартты,"Чыңгыз Айдарбеков Жогорку Кеңешке депутаттыкка талапкер катары каттоодон чыгуу үчүн арыз берди. Бул тууралуу жеке булактар ​​билдиришти. Маалыматка ылайык, бүгүн, 15-апрелде Борбордук шайлоо комиссиясынын бул маселе боюнча жыйыны өтөт. Эске сала кетсек, ИИМ Айдарбековго карата Тышкы иштер министри болуп иштеп турганда кызмат абалынан кыянаттык менен пайдалануу боюнча кылмыш ишин козгогон. Чыңгыз Айдарбеков мурда өзүнүн шайланышына байланыштуу кысым, коркутуулар жана жагдайлар тууралуу кеңири билдирүү жасаган. Ал мурда Кыргызстандын Тышкы иштер министри болуп иштеген жана мурунку парламенттин депутаты болгон. Ал 2025-жылдын ноябрында өткөн парламенттик шайлоодо көп мандаттуу № 21 шайлоо округунан ат салышкан. Борбордук шайлоо комиссиясынын маалыматы боюнча, ал 6 миң 259 добуш алган. Чыңгыз Айдарбеков 2026-жылдын 10-мартында мөөнөтүнөн мурда кызматтан кеткен депутат Куванычбек Конгантиев бош калтырган орунга ат салышып жаткан.",24.kg,https://24.kg/kyrgyzcha/370582_chyingyiz_aydarbekov_ozyiktyiyaryi_menen_mandatyinan_bash_tarttyi/,,kyrgyz,0,high,,news_site
e06cec9c-5c78-41de-82a6-22d49216f622,Коомдук транспорттогу койдун сүрөтү фейкпи?,"Сумкасына кой салып алган  коомдук транспорттогу жүргүнчүнүн сүрөтү социалдык тармактарда кеңири тарап, кызуу талкууга алынды. Сүрөт 27-февралда пайда болгон. Factcheck.kgаны кылдат текшерип көрдү. 1.     Алгач Magnifier кызматы аркылуу сүрөттү чоңойтуп, изилдейбиз. Койдун тегерегиндеги көрүнүш табигый эместей сезилет. Мындай көрүнүш эки учурда кездешет: сүрөттүн өлчөмү кичирейтилген учурда жана Feather функциясын Photoshop сервисинде колдонгон учурда. Бул анализ аркылуу сүрөт жасалма же жасалма эмес экенин так кесе айтуу мүмкүн эмес. 2. Андан соң сүрөттөгү каталардын деңгээлин (Error Level Analysis) иликтейбиз. Анда койдун башы башка объектилерден өзгөчөлөнбөгөнүн байкайбыз: 3.",factcheck.kg,https://factcheck.kg/ky/ovcza-v-marshrutke-fotoshop/,,kyrgyz,1,0.67,https://factcheck.kg/ky/ovcza-v-marshrutke-fotoshop/,fact_check
dd1aea00-6534-45fe-9d3d-29eb747a260c,ТМУнун тышкы иштер министрлери Түркиянын президенти менен жолугушту,"Түрк мамлекеттеринин уюмуна мүчө мамлекеттердин тышкы иштер министрлерин Түркиянын президенти Режеп Тайип Эрдоган кабыл алды. Жолугушуу Стамбулда Түрк мамлекеттеринин тышкы иштер министрлери кеңешинин бейрасмий жыйынынын алкагында өттү. ТИМден билдиришкендей, жолугушууда Түркиянын президенти ТМУ тышкы иштер министрлерин жылуу кабыл алып, түрк мамлекеттеринин ортосундагы кызматташтыкты андан ары бекемдөөнүн маанилүүлүгүн баса белгиледи. Ал аймактык жана эл аралык актуалдуу маселелер боюнча үзгүлтүксүз диалогдун маанилүүлүгүн белгилеп, уюмдун алкагында көп тараптуу кызматташтыкты андан ары өнүктүрүүгө кызыкдар экенин билдирди. Өз кезегинде Кыргызстандын тышкы иштер министри Жээнбек Кулубаев Кыргызстандын президенти Садыр Жапаровдун атынан жылуу саламын жана эң жакшы каалоолорду жеткирди. Ал Түркия Кыргызстандын эң маанилүү жана ишенимдүү өнөктөштөрүнүн бири экенин, аны менен достук, өз ара урматтоо жана ар тараптуу стратегиялык өнөктөштүк мамилелер сакталып келе жаткандыгын белгиледи. Министр ошондой эле Режеп Тайып Эрдогандын ар кандай аймактык жана глобалдык чыр-чатактарды дипломатиялык жол менен чечүү боюнча тынчтык демилгелерин алга жылдырууга кошкон жеке салымын жогору баалады. Ошондой эле ушул жылы Бишкекте өтө турган Шанхай кызматташтык уюмунун саммитине жана алтынчы Дүйнөлүк көчмөндөр оюндарына даярдыктын жүрүшү боюнча маалымат берди. Жолугушуунун жыйынтыгында тараптар эки тараптуу кызматташтыкты андан ары тереңдетүүгө, ошондой эле аймактык жана эл аралык уюмдардын алкагында өз ара аракеттенүүнү бекемдөөгө өз ара кызыкдар экендиктерин тастыкташты.",24.kg,https://24.kg/kyrgyzcha/365084_tmunun_tyishkyi_ishter_ministrleri_turkiyanyin_prezidenti_menen_jolugushtu/,,kyrgyz,0,high,,news_site
82ef0733-1d88-4787-a35b-d1c563a58a7f,Фотофейк. Кадыр Маликов жана ислам тууралуу плакат [split],"Фейк маалыматты жаратууда мүчүлүштүктөр болбой койбойт. Аны кылдат текшерсе байкалып калат. Алгач, плакаттагы жазуу башка жактан алынып чапталгандай элес калтырат. Ал эми аныFoto Forensics(башка булактан алынган же кошумча тартылган элементтерди көрсөтөт) сервиси аркылуу текшерсек, текст жазылган аймак дароо көзгө көрүнөт. Мындан тышкары, жазуу менен плакаттын бири-бирине дал келбеши. Тексттин жайгашканы, плакаттын бурчтары суроо туудурат. Сүрөттү чоңойтуп көрө турган болсок, анын жасалма жол менен өзгөрүүгө учураганын байкаса болот. Чыныгы сүрөтөгү плакаттын бети акка боелуп, үстүнө жазуу түшүрүлгөн. Ал өтө “орой” ыкма менен жасалып, мүчүлүштүктөр даана көрүнүп калган. Жыйынтык: – Фотофейк. Сүрөттөгү текст жасалма жол менен өзгөртүлгөн.",factcheck.kg,https://factcheck.kg/ky/fotofejk-kadyr-malikov-s-plakatom-pro-islam/,,kyrgyz,1,0.83,https://factcheck.kg/ky/fotofejk-kadyr-malikov-s-plakatom-pro-islam/,fact_check
d9092880-127c-49d9-9452-2e84cf4dcbae,"Эки күнгө созулган IV Элдик курултай жыйынтыкталып, резолюция кабыл алынды","Бишкекте эки күнгө созулган IV Элдик курултай жыйынтыкталды. Курултайда 150 делегат сөз сүйлөп, алардын сунуш-пикирлери айтылып, IV Элдик курултайдын резолюциясы кабыл алынды. Курултайга президент Садыр Жапаров, министрлер кабинетинин төрагасы Адылбек Касымалиев баш болгон өкмөт мүчөлөрү, Жогорку Кеңештин төрагасы Нурланбек Тургунбек уулу, облус башчылары катышты. Элдик курултайдын Улуттук кеңешинин маалыматы боюнча, эки күн ичинде курултайда 150 делегат сөз сүйлөп, алардын кат түрүндө жана айтылган сунуш-пикирлери, президенттин сунушу IV Элдик курултайдын резолюциясында эске алынган. Алар Элдик курултайдын катчылыгы тарабынан иш-чаралар планы катары иштелип чыккан соң, президенттин администрациясы аркылуу тиешелүү мамлекеттик органдарга, жергиликтүү өз алдынча башкаруу органдарына жөнөтүлөт. Белгилей кетсек, Курултайга өлкө боюнча 231 айыл аймактан жана 33 шаардан шайланган 700 делегаттын 690у катышты. Алардын ичинен 146сы аялдар, 554ү эркектер.",24.kg,https://24.kg/kyrgyzcha/356281_eki_kungo_sozulgan_IVeldik_kurultay_jyiyyintyiktalyip_rezolyutsiya_kabyil_alyindyi/,,kyrgyz,0,high,,news_site
1e528e6b-7803-4ab2-9179-e82a6c9861df,"Нарын аймагында 3,5 баллга жеткен жер титирөө болду","Нарын аймагында 3,5 баллга жеткен жер титирөө болду. Бул тууралуу Кыргызстандын Улуттук илимдер академиясынын Сейсмология институтуну билдирди. Маалыматка ылайык, жер титирөө 31-мартта саат 13:20да катталган. Жер титирөөнүн очогу Кыргызстан аймагында, Кара-Кече айылынан чыгышка карай 17 чакырым, Сары-Иймек айылынан түндүк-батышка карай 19 чакырым, Чаек районунун борборунан түштүк-чыгышка карай 45 чакырым жана Нарындан түндүк-батышка карай 92 чакырым алыстыкта ​​жайгашкан. Жер титирөөнүн күчү Сары-Иймек жана Кара-Кече айылдарында 2,5 баллга жеткен.",24.kg,https://24.kg/kyrgyzcha/368343_naryin_aymagyinda_35_ballga_jetken_jer_titiroo_boldu/,,kyrgyz,0,high,,news_site
bc6b24e2-372b-4ad0-96cb-f57422e21512,Пайдалуу кеңеш: Кулактагы чуулдоо эмнеден пайда болот?,"Кулактагы чуулдоо — бул ар бир экинчи адамда кездешүүчү кеңири таралган оору. Кээде ал кыска мөөнөттүү жана зыянсыз болот, ал эми башка учурларда угуу, кан тамырлар же башка органдар менен олуттуу көйгөйлөрдү билдирет. Туруктуу же күчөгөн кулактагы чуулдоо дарыгердин кеңешин талап кылат. Бул тууралуу Санкт-Петербургдагы SM-клиникасынын отоларингологу Екатерина Приказа түшүндүрүп берген. Кулактагы чуулдоонун себептери: Сезгенүү процесстери Отит, лабиринтит оорусу ызы-чуу, оору, бөлүнүп чыгуу жана угуунун начарлашы менен коштолушу мүмкүн. Жашка байланыштуу өзгөрүүлөр 65 жаштан ашкан адамдарда кулактагы шыңгыроо болжол менен 40% учурларда пайда болот жана көбүнчө жалпы угуунун начарлашы менен коштолот. Шишиктер Акустикалык нейрома бир тараптуу кулактын шыңгырашын пайда кылат жана убакыттын өтүшү менен өсүп, нерв талчаларына басым жасайт. Системалык оорулар Эмне кылуу керек? Кулактын чуулдашынан өз алдынча арылууга болбойт. Анын негизги себебин чечүү керек. Кээде кулактын кирин алып салуу жетиштүү, бирок башка учурларда ЛОР-адистин, невропатологдун же жалпы практиканын адисинин комплекстүү текшерүүсү зарыл. Эгерде ызы-чуу туруктуу болсо, күчөсө же угуунун начарлашы, баш айлануу же толуп кетүү сезими менен коштолгон болсо, дарыгерге кайрылуу зарыл.",24.kg,https://24.kg/kyrgyzcha/357186_paydaluu_kenesh_kulaktagyi_chuuldoo_emneden_payda_bolot/,,kyrgyz,0,high,,news_site
93fa364f-14c2-4d55-bb9d-f83dd5a3bf49,Менчик мектептердин окутуу акысын тескөө сунушталды,"Монополияга каршы тескөө кызматы менчик мектептердеги окутуу акысы кымбаттап жатканына коомчулуктагы нааразылыктан улам Бишкектеги жеке мектептердин акысына мониторинг жүргүздү.Мекеменин сайтындагымаалыматка караганда,мониторинг борбор калаадагы 104 жеке мектептин 45инин окуу төлөмүнө жүргүзүлгөн.""Натыйжада айрым менчик мектептерде окуу төлөмү жылына 570 миң сомдон 1 миллион 340 миң сомго чейин жетери аныкталды. Ал эми башка менчик мектептерде бул көрсөткүч 40 миң сомдон 150 миң сомго чейин"", - деп белгиленген маалыматта.Монополияга каршы тескөө кызматы Бишкектеги менчик мектептердеги окуу акысын жогорку окуу жайларындагы окуу акысы менен салыштырган.""Кыргыз улуттук университетинде окуу төлөмү тандаган кесипке жараша 43 миң сомдон башталат. Ал эми Кыргыз-Орусия Славян университетинде 110 миң сомдон жогору. Ошол эле учурда Борбор Азиядагы Америка университетинде окуу төлөмү орто эсеп менен жылына 447 миң сомдон башталат"".Мекеменин салыштыруудан кийинки корутундусуна ылайык, Бишкекте кесип адистигин алуу үчүн окуу акысы орто эсеп менен 107 миң сомдон 152 миң сомго чейин болсо, менчик мектептерде бир баланы окутуу орто эсеп менен 313 миң сомдон 580 миң сомго чейин жетет.Жыйынтыгында Монополияга каршы тескөө кызматы Агартуу министрлигине жана Бишкек шаар мэриясына бир катар сунуштарды берди. Анын ичинде:- менчик мектептерде окуу акысын учурдагы бааларын туруктуу кармоо чарасын көрүү- окуу акысы 200 миң сомдон ашкан менчик мектептерде билим берүүнүн өздүк наркына талдоо жүргүзүү- окуу акысын аныктоо жана аны өзгөртүү тартибин ачык жарыялоого милдеттендирүү- балдардын тең шартта, жеткиликтүү билим алууну камсыздаган жоболорду иштеп чыгуу. Соңку расмий маалыматка ылайык, Кыргызстанда 2 миң 394 мектеп бар, анын 2 миң 170и мамлекеттик, калган 224ү менчик. Аларда 1,5 миллиондон ашуун окуучу билим алат.(ZKo)",azattyk.org,https://www.azattyk.org/a/33740597.html,2026-04-23T12:34:57+06:00,kyrgyz,0,high,,news_site
ccadf0f9-cee4-4c04-848f-1d03668d89a7,#Автордун көз карашы. Энергетикалык каатчылык жана электр жарыгын өчүрүүлөр өлкөнү кырга алып барабы?,"Ондогон жылдар бою чечилбей келе жаткан көйгөйдүн алдында кыргызстандыктар кантип жашап жатат Аномалдуу суук аба ырайы жана Токтогул суу сактагычынын көлөмүнүн азайышы кыргыз эли жок дегенде жактырбаган эски/жаңы көйгөйгө алып келди. Сөз жарандарды тамак-ашты туура бышыруу, кир жуугуч жана башка үй жумуштарын чечүү мүмкүнчүлүгүнөн ажыраткан өчүрүүлөр жөнүндө болуп жатат. Бизнеске келтирилген зыянды айтпай эле коёлу. Же операция учурунда ооруканада жарыкты өчүрүү сыяктуу социалдык тобокелдиктер жөнүндө.Энергетиктердин жетекчилиги жана аткаминерлер мындай көйгөй жаралышы мүмкүн экенин көпкө танып келишкен. Анан алар кырдаал оор экенин, бирок электр жарыгын өчүрбөстөн эле иштей аларына ишендиришти. Бүгүнкү күндө аткаминерлер электр энергиясын үнөмдөө зарылдыгын түшүнүшүп, жадакалса калк үчүн график түзүштү.Электр жарыгынын өчүрүлүшү тууралуу коомчулукта эң катуу чагылдырылышы Курманбек Бакиевдин бийлиги менен тыгыз байланышта. Бирок бул 12 жылдан ашык убакыт мурун болгон. Эмне үчүн эски көйгөйлөр кайра чыгып, кыргыз элине өзүн эң жагымсыз түрдө эске салып жатат?Бул боюнча расмий түшүндүрмө бар. Энергетика тармагындагы көйгөйлөрдү мамлекеттик жана жеке менчикке чейин энергетикалык компаниялардын жетекчилери бир нече жолу коркутуп келишкен. Мунун көптөгөн себептери бар: калктын энергия керектөөсүнүн өсүшүнөн тартып, өлкөдөгү аба ырайына байланыштуу көйгөйлөргө чейин: жаан-чачын аз; суук болуп, кар эрибейт; анда, тескерисинче, өтө ысык, дарыяларды жана суу сактагычты эрип, толтура турган нерселердин баары эрип кетти.Элде энергетикалык кризистин башка себептери да: коррупция жана дүң уурулук, электр энергиясын, сууну башка мамлекеттерге улуттук экономикага зыян келтирип сатуу, өлкөнүн энергетикасына жооптуу кадрлардын шалаакы мамилеси жана сабатсыздыгы тууралуу сөз болду.Бир нече күн мурун өлкө боюнча жана борбор калаанын райондорунда электр энергиясы өчүрүлө баштаганда энергетиктер дароо төгүнгө чыгарышты, алар жок, электр жарыгы үзгүлтүккө учураган жок, электр энергиясы ашыкча болгондугуна байланыштуу энергетика тармагында авариялык абал жаралып жатканын айтышты. энергетикалык инфраструктуранын жүгүн азайтуу үчүн эскирген тармактар ​​(ар бир учурда күйүп жаткан) жана жумшак жөнгө салуу. Бүгүн парламенттеги чиновниктер өчүрүүлөр дагы эле жүрүп жатканын, аларсыз ишке ашыруу мүмкүн эместигин, энергетикалык инфраструктураны күйүп кетпеши үчүн үнөмдөөнүн бирден-бир жолу экенин жана сууну пайдалануудагы басымды азайтуу экенин моюнга алышты. Токтогул суу сактагычы (антпесе ал жердеги деңгээл критикалык “өлүк” линияга түшүп калышы мүмкүн, андан кийин турбиналар токтоп, кайра ишке киргизүү чоң көйгөйлөргө алып келиши мүмкүн).Ал эми эл? Ал эми элчи – эл жаңы шарттарга ыңгайлашып баратат (Кыргызстан эгемендүүлүк алган мезгилдегидей эле), социалдык тармактарда чиновниктерди жана энергетиктерди кыргыз элинин экстремалдуу жашоо шарты үчүн урушуп жатышат. Катуу суук маалында (өлкөнүн кээ бир аймактарында абанын температурасы -40, -45 градуска чейин төмөндөп кеткен) жана мурда Кыргызстанда электр жарыгын өчүрүү кандайча аталып келгенин, ошондой эле электр жарыгын өчүрүүлөр болгон учурду эстеп калууга туура келди. Электр энергиясы үзгүлтүккө учурабайбы? Тактап айтканда, “Короче” телеграм-каналына келгендер жарым тамаша/жарым олуттуу аттардан байкап тургандай, электр жарыгынын үзгүлтүккө учурашы Акаев доорунан бери ушул убакка чейин дээрлик токтобогон:2004 - такөчүрүүлөр;2005 - шок өчүрүүлөр;2007-2008-жж. - өчүрүүлөр;2008-2009 - максаттуу өчүрүүлөр;2009-2010-жылдар – чектелген өчүрүүлөр;2010-2011 - авариялык өчүрүүлөр;2011-2012-жылдары - техникалык өчүрүүлөр;2013-2014 - комплекстүү өчүрүүлөр;2014-2015 - жаңы тариф саясаты;2015-2016 - мажбурлап өчүрүүлөр;2018-жыл – күтүүсүз өчүрүүлөр (ТЭЦсиз);2019-2021 - эч кандай билдирүүлөр же графиктер2022-2023 - жөнгө салуу өчүрүүлөр.Жакынкы келечекте (кыш бүтө элек) жана жазында (жазгы айыл чарба жумуштары жүрүп жаткан мезгилде) өлкөнү эмне күтүп турат, кыргыз эли кантип тапкычтык менен күн өткөрөрүн, кантип кам көрүүнү билбейт. Өздөрүн жана үй-бүлөлөрүн мамлекет сөз менен гана колдогон шартта.Кырдаал өзгөрөт деп ишенгим келет жана өлкөнүн башка аймактарындагыдай эле энергетика тармагында да тартип орнойт .Лейла МолдыбаеваСүрөт www",vesti.kg,https://vesti.kg/kg/avtorduk-rakurs/item/108720-avtordun-koz-karashy-energetikalyk-kaatchylyk-zhana-elektr-zharygyn-ochuruulor-olkonu-kyrga-alyp-baraby.html,2023-01-19T17:01:24+06:00,kyrgyz,0,high,,news_site
7aa1f499-6d6d-48c4-a8cc-b435a52d9c1e,ChatGPT дүйнө элин кулга айлантууну талкуулап жатабы? Текшеребиз [split],"Мисалы, адам микрофонго сүйлөгөндө анын сүйлөгөнү үн толкуну катары жазылат. Андан кийин үн текстке айлантылат. Үндү текстеке айлантыш үчүн ЖИ атайын алгоритмдерди колдонот. Андан кийин башка алгоритм эмне айтылганын билиш үчүн текстти талдайт. Ал сөздү «окуп», билимдин чоң сөздүгүн колдонуу менен анын маанисин издейт. ЖИ кандай жооп туура болорун чечет. Бул баш катырманы чечкенге окшош: түшүнүктүү жана пайдалуу жоопту түзүш үчүн ал өзү билген маалыматты колдонот. Зарыл болсо, кепти синтездөө технологияны колдонуп жооптун текстин кайра үнгө айлантат, ошондо колдонуучу ЖИнин синтезделген кебин угат. Бул процесстин бардыгы бир нече секунданы гана алат. Эгер видеону кунт коюп карасаңыз, ЖИлердин биринин сөзү аяктагандан кийин ар бир жолу видеодө кескин өзгөрүүлөр, чаптоолор байкалат. Мисалы, 0,9 секундада сөз бир түзүмдө аяктайт, андан кийин кескин өтүү байкалат да башка түзүмдөгү ЖИ жооп бере бештайт. Бул видео монтаждалганын көрсөтөт. Роликти жарыялаган адам алгач ар бир түзүм менен өзүнчө диалогду жазып алган, андан кийин ал тийиштүү фрагменттерди бир роликкке монтаждап чыккан. Монтаждалган роликте ЖИ бири бири менен «сүйлөшкөндөй» сезилет, а бирок чындыгында андай эмес. Тыянак: калп. Жасалма интеллекттин акыл-эси жок. Ал ага берилген маалыматтардын алкагында жана алгоритмдердин негизинде гана ишейт. Видеого талдоо көрсөткөндөй, ал монтаждалган. Буга чапталган жерлери – ар бир девайстагы сөздөрдөн кийинки кескин өтүүлөр далил боло алат.",factcheck.kg,https://factcheck.kg/ky/chatgpt-obsuzhdaet-poraboshhenie-mira-proveryaem/,,kyrgyz,1,0.56,https://factcheck.kg/ky/chatgpt-obsuzhdaet-poraboshhenie-mira-proveryaem/,fact_check
0b263c36-0e7a-4c30-a1e1-972a67beaf84,Фото-чек: Интернетте Сергей Шнуров жана Евгений Пригожиндин  өзүн  ЛЭР  жарыялаган аймактагы сүрөттөрү пайда болду,"Георгий Болоневаттуу актер5–августта “ВКонтакте”соцтүйүнүндө Луганск облусундагы Ирмино шаарында тартылган сүрөттүжарыялаган.Анын жанында ырчыСергейШнуровжанабизнесменЕвгенийПригожинди көрүүгө болот.Эскерте кетсек, Евгений ПригожинУкраинадагы согушка кыргызстандыктарды жана казакстандыктардытарта баштаган“Вагнердин жеке аскер компаниясын” каржылоодо депшектелүүдө. Шнуров жана Пригожиндин “ЛЭР”де болгондугу туурасында Стаханов шаарынын “администрациясы” дагымаалымдаган.Жаңылыкта ушул эле сүрөт болгон. Бирок көп өтпөй бул маалымат өчүрүлгөн. Сүрөттө Сергей Шнуровдун бети одоно чапталганы эле  фотомонтаж болгонунан кабар берет. Мындай резонансты күтпөгөн Георгий Болонев  10 саат өткөндөн кийин социалдык түйүндөгү баракчасына фотосүрөттүноригиналын жарыялады.Байкалгандай мында такыр башка адамдын сүрөтү турат. “Бир кичинекей кызыктуу сүрөттөнканчаызы–чуучыгат.СергейГарусовменен чогууДонбасскатургундардынжашоосун көрүү,аларга эмне жардам бере аларыбызды түшүнүү үчүн келгенбиз.Менжазып кеткендей,эскитаанышымЕвгенийВикторовичти жолуктуруп калдым.",factcheck.kg,https://factcheck.kg/ky/foto-chek-v-seti-poyavilos-foto-sergeya-shnurova-i-evgeniya-prigozhina-v-samoprovozglashennoj-lnr/,,kyrgyz,1,0.8,https://factcheck.kg/ky/foto-chek-v-seti-poyavilos-foto-sergeya-shnurova-i-evgeniya-prigozhina-v-samoprovozglashennoj-lnr/,fact_check
d59632cd-a42c-4198-8acb-06292e516a44,Бишкекте 25 жаштагы жигит эки килограммдан ашык баңгизат менен кармалды,"Бишкектин Свердлов районунда өзгөчө көп өлчөмдөгү баңгизатты мыйзамсыз сактоо фактысы аныкталды. Бул тууралуу борбор калаанын ички иштер башкы башкармалыгы билдирди. Маалыматка ылайык, ал KIA Picanto үлгүсүндөгү унаа менен бара жатканда токтотулган. Текшерүүдө анын жанынан 2 килограмм 14 грамм баңгизат табылган. Алдын ала соттук-медициналык химиялык анализге ылайык, зат баңгизат — кара куурай (марихуана) болуп саналат. Факт боюнча Кылмыш-жаза кодексинин 283-беренеси (Сатуу максатын көздөбөстөн баңгизат каражаттарын, психотроптук заттарды жана алардын аналогдорун мыйзамсыз даярдоо) менен кылмыш ишин козголгон. Шектүү кармалып, Бишкек шаардык ички иштер башкы башкармалыгынын убактылуу кармоочу жайына камалды. Учурда тергөө иштери уланууда.",24.kg,https://24.kg/kyrgyzcha/359044_bishkekte_25jashtagyi_jigit_eki_kilogrammdan_ashyik_bangizat_menen_karmaldyi/,,kyrgyz,0,high,,news_site
