id,headline,body_text,source,url,date,language,label,label_confidence,source_type
5dc9464f-45f3-4c29-b566-c2398b97b53e,«Манас» университетинин 30 жылдык мааракесинде «Университеттен да артык» концепция тааныштырылды,"«Манас университети — Кыргызстан менен Түркиянын ортосундагы алтын көпүрө» 2025-жылдын 3-декабрында Кыргыз-Түрк «Манас» университетинин 30 жылдык мааракесинин алкагында ММК өкүлдөрү менен өткөрүлгөн жолугушууда,  КТМУнун ректору, профессор Алпаслан Жейлан университеттин өнүгүү стратегиясы жана жетишкен ийгиликтери тууралуу маалымат берди. Ректор Жейлан: «Манас университети — Кыргызстан менен Түркиянын ортосундагы алтын көпүрө» Профессор Алпаслан Жейлан «Манас» университети Кыргызстан менен Түркиянын ортосундагы күчтүү бир туугандык мамилени бекемдеген маданий жана академиялык көпүрө экенин баса белгилеп: «Манас университети эки өлкөнүн ортосундагы бир туугандык сезимдердин өнүгүшүнө салым кошкон алтын көпүрө болуп саналат. Чыңгыз Айтматов: ‘Ким ойлоптур бул талаада университет ачылып, бул жерде билим алган жаштар түрк дүйнөсүнө кызмат кылат деп?’ деген эле. Эми Айтматов тынч укса болот; анткени Кыргызстандагы «Манас» университети бүгүн дүйнөнүн алдыңкы 1000 университетинин катарына кирген ийгиликтүү жогорку окуу жайына айланды жана түрк дүйнөсүнө билимдүү жаштарды тарбиялап келет», - деп айтты. Жолугушууда профессор Жейлан «Манас» университетинин «Университеттен да артык» деген концепция менен алдыга умтулуп, университетте билим берүү гана эмес, коомдо, иш жүзүндө жана дүйнөдө из калтырган адистерди даярдап жатканын баса белгиледи. Түрк дүйнөсүнүн жаштарын бир чатырдын астында бириктирген «Манас» университети студенттерин билимге бай, маданиятка сугарылган, өз тамырына бекем жана дүйнөлүк баалуулуктарга ачык инсандар катары тарбиялап жатканын айткан профессор Жейлан, бул жаштар келечектеги окумуштуулар, лидерлер, өнөр ээлери жана ишкерлер болууга даярданып жатканын билдирди. «Акысыз билим жана стипендия мүмкүнчүлүгү» Университеттин эң маанилүү өзгөчөлүктөрүнүн бири билимдин акысыз берилиши жана студенттердин жетишкен ийгиликтерине жараша стипендиялар менен колдоого алынышы болуп саналат. Заманбап спорт залдары, студенттик жатаканалар жана ар кандай социалдык аянтчалар менен студенттердин бир гана академиялык эмес, маданий жана социалдык өнүгүшү да колдоого алынууда. «Кыргыз жана түрк тилдеринин өнүгүшүнө чоң салым» Кыргыз тилин окутуунун эң маанилүү борборлорунун бири «Манас» университети. Жыл сайын даярдык курсунда болжол менен 1000 студентке кыргыз жана түрк тилдери окутулат. Ошондой эле университет тарабынан даярдалган 50 000 сөздү камтыган сөздүк 70 000ге чейин көбөйтүлүп, 2026-жыл 100 000 сөз камтыган кеңири сөздүк даярдалууда. «Акылaй» долбоору алкагында үч жарым миллион көлөмүндөгү кеңири санарип билим берүү платформасы иштелип жатаи. Максаты — Кыргызстандын билим берүү тармагындагы ийгиликтерин жогорулатуу жана өлкөнү келечекке күчтүү даярдоо. Кыргыз Республикасынын Президенти Садыр Жапаровдун кыргыз тили бардык мектептерде, расмий мекемелерде окутулушу жана расмий иш кагаздарында колдонулууга тийиш деген көрсөтмөсүнө карата «Манас» университетинде Кыргыз тили жана адабияты программасы расмий түрдө ачылып, бул маанилүү милдет ийгиликтүү аткарылып жатат. Кыргыз тилин өнүктүрүү багытындагы иштердин алкагында «Манас» университетинин окутуучулары тарабынан бүгүнкү күнгө чейин 200гө жакын кыргызча окуу китеби даярдалган. Ошондой эле Түркиянын Ван областындагы Улупамир айылында жашаган кыргыздарга жана кыргыз тилин үйрөнгүсү келгендерге онлайн тил курстары уюштурулуп, КТМУSEM тарабынан жыл бою кыргыз тили боюнча билим берүү программалары уюштурулууда. «Пандемияучурунда1000 саат онлайн сабак тартылып , студенттерге 60 ГБ акысыз интернет берилген» Пандемия учурунда Кыргызстандын билим берүүсүнө колдоо көрсөтүү үчүн чоң жоопкерчилик алынган. Билим берүүдөгү үзгүлтүктөрдү алдын алуу максатында КТМУда 1000 саат онлайн сабак тартылып, даярдалган. Бул аркылуу студенттер окуу жайга барбастан билим алууну уланта алышкан жана сабактарга үзгүлтүксүз кирүү мүмкүнчүлүгүн камсыз кылуу үчүн студенттерге 60 ГБ акысыз интернет берилген. Пандемия учурунда медицина тармагынын маанисин дагы бир жолу көрсөткөнүн ушунан улам Кыргызстандын медицина кызматтарына салым кошуу максатында «Манас» университетинде Медицина факультети ачылган. Ошондой эле университетте 24 саат үзгүлтүксүз иштеген Шейит Эрен Бүлбүл Медицина борбору студенттерге, окутуучуларга, кызматкерлерге жана аймактагыларга кеңири жана толук медициналык кызмат көрсөтүүдө. «КТМУнун студенттери — Кыргызстандын жана Түрк дүйнөсүнүн маданий элчилери» Студенттер Түркия баштаган бир катар өлкөлөрдө «Манас» университетин, Кыргызстандын маданиятын жана аймактын баалуулуктарын таанытып, Түркиядан келген студенттер өз маданияты менен бөлүшүп, бир туугандык мамилелерди дагы да күчөтүп жатат. Бул жагы менен студенттер эки өлкөнүн маданий элчилерине айланып, университет кыргыз тилин коргоп, өнүктүрүп, үйрөнгүсү келгендерге колдоо көрсөтүүнү милдет катары кабыл алынууда. Жолугушуу алкагында сөз сүйлөгөн Кыргыз-Түрк «Манас» университетинин биринчи проректору, саясий и.к., доцент Алмаз Ибраев университеттин 30 жыл ичиндеги жетишкендиктери жана натыйжалары кеңири бааланганын белгилеп: «Биз бир гана Кыргызстанда эмес, Борбор Азия жана дүйнөлүк аренада да билим берүү жаатында активдүү иштерди жүргүзүп жатабыз. Убакыттын талабтары бат өзгөрүүдө, ал эми заманга ылайык иш алып барган ар бир мекеме өз иш жүргүзүүсүн кайра карап чыгып, кайрадан баалап турушу керек», — деди. «Манас» университети Кыргызстанда акысыз жана сапат стандарттарына ылайык билим берген жалгыз жогорку окуу жайы, университет дүйнөлүк университеттер рейтингинде алдыңкы 1000дин катарында, Азия университеттери арасында 230-орунда, Борбор Азияда болсо 12-орунда турат.",vesti.kg,https://vesti.kg/kg/koom/item/146219-manas-universitetinin-30-zhyldyk-maarakesinde-universitetten-da-artyk-kontseptsiya-taanyshtyryldy.html,2025-12-04T13:49:07+06:00,kyrgyz,0,high,news_site
8bcd0146-78ed-490a-9d53-ad838615a1bd,Ызы чуусу көп «табып» Хашим Зейналиев Кыргызстандан чыгып кетти (сүрөт),"Ал өз ишмердүүлүгүн Оманда улантууну көздөйт деп билдирилет «Табып-онколог» Хашим Зейналиев Кыргызстандан чыгып кетти, ал Оманда туруктуу жашоого ниеттенип жатат. Бул тууралуу ЖМК билдирет. Зайналиевдин Оманда дарыгерлик кылууга уруксат алгандыгы белгилүү болду. Анын клиникасынын айрым бир оорулуулары анын кетишине нааразы болуп, элдик дарыгер деп аталган неменин артынан дарылануусун улантканы барышаарын билдиришти. Эске сала кетсек, Бишкек шаардык соту табып Хашим Зайналиевге дарыгерлик ишмердүүлүгүн улантууга тыюу салган.2018-жылы бештин айында «табып-онколог» Хашим Зайналиевге кылмыш иши козголгон, анткени анын мыйзамсыз дарыгерлигинин кесепетинен беш жаштагы кыз канындагы рак менен оор абалда ооруканага түшкөн.Саламаттык сактоо Министрлигинин маалымат катчысы Жылдыз Айгерчинова табыптын лицензиясы жоктугун бир канча жолу айткан, бирок ал ошого карабастан көп жылдан бери өз ишмердүүлүгүн улантып келди.2017-жылы жайында Зайналиевдин операциялык столунда оорулуу аял каза болгон, анткени ал анын эмчегин наркозу жок алып салууга аракет жасаган. Ошонун айынан ага «мыйзамсыз дарыгерлик кылуу» фактысы боюнча биринчи кылмыш иши козголгон. Вероника МалышеваСүрөт www",vesti.kg,https://vesti.kg/kg/den-sooluk-uchun/item/60616-yzy-chuusu-kop-tabyp-khashim-zejnaliev-kyrgyzstandan-chygyp-ketti-surot.html,2019-04-25T10:35:56+06:00,kyrgyz,0,high,news_site
d17629e5-bc9c-42ff-bbc7-176994c5b86d,Туркия 2025-жылы туризмде рекорддук көрсоөткучтөргө жетишти,"Түркия 2025-жылы туризм тармагында өз тарыхындагы эң жогорку көрсөткүчтөрдүн бирине жетишти. Стамбул шаарында өткөн маалымат жыйынында Түркия Республикасынын Маданият жана туризм министри Мехмет Нури Эрсой 2025-жылдын жыйынтыктарын коомчулукка жарыялады. Министрдин маалыматына ылайык, 2025-жылы Түркияга келген чет өлкөлүк туристтердин жалпы саны64 миллион адамдытүздү. Ошол эле учурда, туризм тармагынан түшкөн жалпы киреше65 миллиард 231 миллион АКШ долларынажетип, тарыхый рекорд катары катталды. Министр Эрсой өз сөзүндө Түркиянын туризм тармагы акыркы жылдары олуттуу өсүшкө жетишкенин белгилеп, 2026-жылга карата68 миллиард долларлыккиреше максаты коюлганын билдирди. Анын айтымында, Түркия дүйнөлүк туризм картасында өз позициясын бекемдеп, аймактык гана эмес, глобалдык деңгээлдеги алдыңкы өлкөлөрдүн катарына кирди. Ошондой эле министр Түркиянын туризм саясаты деңиз, кум жана күн форматынан чыгып,маданий жана диний туризм,табиат жана экотуризм,археология,ден соолук жана термалдык туризм,гастрономия,конгресс жана көргөзмө туризми,круиз жана кышкы туризмсыяктуу багыттарда кеңири өнүгүп жатканын баса белгиледи. “Келечек үчүн мурас” концепциясынын алкагында ишке ашырылып жаткан долбоорлор жанаТүнкү музейлердемилгеси Түркияны маданий мурасты сактоо жана таанытуу жаатында дүйнөдөгү алдыңкы мисалдардын бирине айлантты. Кыргызстан рыногунда да туруктуу өсүү байкалууда. 2025-жылы Кыргызстан тараптан Түркияга барган туристтердин саны 2024-жылга салыштырмалуу8 пайызга өсүп,199 280 адамгажетти. Бул көрсөткүч Түркиянын кыргыз туристтери үчүн ишенимдүү, популярдуу жана ар тараптуу туристтик багыт бойдон калып жатканын дагы бир ирет тастыктайт.",vesti.kg,https://vesti.kg/kg/zxc-kg/item/147724-turkiya-2025-zhyly-turizmde-rekordduk-k-rso-tkucht-rg-zhetishti.html,2026-02-05T13:17:34+06:00,kyrgyz,0,high,news_site
17f6fda7-fe99-43e9-bcd7-0be7c68beb64,Инфляциядан качуу жана баалуулукту сактоо: Бишкектеги инвесторлор эмне кылышы керек?,"Дүйнөлүк экономиканын туруксуздугунун фонунда жана инфляциянын кайра башталышында 2025–2026-жылдар инвесторлор үчүн өз активдерин баанын төмөндөшүнөн коргоо жөнүндө олуттуу ойлонууга туура келген негизги этап болуп калууда. Кыргызстанда, өзгөчө борбор Бишкекте, каржылык агымдар акырындык менен салттуу инвестициялык каражаттардан чыныгы жана туруктуу баалуулукка ээ активдерге, анын ичинде кыймылсыз мүлк стратегиялык маанилүү тандоо катары бөлүнүп турат, өтө баштады. Мындай трансформация заңдуу суроону көтөрөт: экономикалык өзгөрмөлүүлүк жана потенциалдуу инфляциялык басымдын шартында кайсы инвестициялык канал чындыгында эффективдүү? Бишкек шаарынын — Кыргызстандын борборунун сүрөтү Кыргызстандагы салттуу инвестициялык каналдар банктык салымдарды, баалуу кагаздар рыногун, чет өлкө валютасын жана алтынды камтыйт. Учурда банктык депозиттер төмөн чыныгы кирешелүүлүктү камсыз кылат, анткени пайыздык чендер инфляция деңгээлине жете албайт, бул акча каражаттарынын баанын жоготуу тобокелдигин жогорулатат жана бул каражатты капиталды сактоо жагынан азыраак эффективдүү кылат. Жогорку ликвиддүүлүккө карабастан, бул инвестициялык канал активдердин наркынын туруктуу узак мөөнөттүү өсүшүн калыптандырбайт. Кыргызстандагы баалуу кагаздар рыногу да чектелүү масштабы, төмөн ликвиддүүлүгү жана жогорку өзгөрмөлүүлүгү айынан салыштырмалуу азыраак тартымдуу болуп калууда, бул инвесторлордон олуттуу тажрыйба жана жогорку тобокелдиктерди кабыл алууга даярдыкты талап кылат. Чет өлкө валютасы жана алтын салттуу түрдө хеджирлөө каражаттары жана кыска мөөнөттүү баалуулукту сактоо катары каралат, бирок алар капиталдын туруктуу өсүшүн камсыз кылбайт, ал эми алардын кирешелүүлүгү негизинен коргоочу мүнөзгө ээ (Дүйнөлүк банк, ECA Economic Update). Бишкекте гана эмес, эл аралык рыноктордо да инвесторлор кыймылсыз мүлк салттуу каржылык каражаттарга салыштырмалуу наркты сактоо жана көбөйтүү жөндөмүн жогорураак көрсөткөнүн барган сайын белгилешет. Москвада (Россия) бай инвесторлор элиталык кыймылсыз мүлк сегментине активдүү салым салууну улантууда: 2024-жылы бул сегменттеги баалар 20%дан ашык өстү, бул рубльдун алсыздашы жана жогорку инфляциянын фонунда капиталды сактоонун эң ишенимдүү жолдорунун бири болуп калууда (NF Group, мурда Knight Frank Russia маалыматы боюнча). Окшош тенденция Дубайда (БАЭ) да байкалууда, мында кыймылсыз мүлк рыногу салык артыкчылыктары, наркынын өсүш потенциалы жана ижарадан жогорку кирешелүүлүк аркасында эл аралык инвесторлорду тартууну улантууда. Көптөгөн райондордо ижарадан кирешелүүлүк жана рыноктун туруктуулугу банктык салымдардын көрсөткүчтөрүнөн асып кетет, бул кыймылсыз мүлктү илимпаздыктуу инвестициялык каражатка айлантат (DarGlobal). Бул мисалдар салттуу акча каражаттары капиталдын наркын сактоону кепилдик кылбаган шартта кыймылсыз мүлк узак мөөнөттүү стратегияга багытталган инвесторлор үчүн артыкчылыктуу тандоого айланганын айкын көрсөтөт. Royal Central Park жана The Essence фазасынын 5 башнясынын сүрөтү — 2026-жылдын январынан расмий түрдө сатууда Кыймылсыз мүлк салыштырмалуу коопсуз инвестициялык каражат гана эмес, туруктуу узак мөөнөттүү кирешелүүлүктүн булагы да болуп саналат. ОЭСР маалыматтары боюнча, өнүгүп жаткан экономикалардагы кыймылсыз мүлк рыногу кыска мөөнөттүү каржылык ырааттануулар менен төмөн корреляцияга ээ жана, адатта, инфляция жана урбанизация процесстерине параллель түрдө наркынын өсүшүн көрсөтөт, бул узак мөөнөттүү капиталдын сатып алуу жөндөмүн сактоого көмөктөшөт. Бишкек сыяктуу тез өсүп жаткан шаарларда кыймылсыз мүлк туруктуу ижара акча агымын калыптандыруу жана шаардын өнүгүү циклдарына ылайык баада өсүү жөндөмү аркасында «баалуулук кампасы» функциясын аткарат (Дүйнөлүк банк). Өзгөчө 2024–2025-жылдардын мезгилинде Бишкектеги батирлердин орточо наркы 30–35%га өстү, калктын кирешелеринин өсүш ылдамдыгын жана ошол эле мезгилдеги инфляцияны озуп кетип, бул экономикалык туруксуздук шартында кыймылсыз мүлктүн коргоочу ролун айкын чагылдырат (Кыргыз Республикасынын Улуттук банкы). Урбанизациянын жогорку ылдамдыгы бар шаарларда турак жай баасынын өсүшү 5–10 жылдык перспективада орточо эсеп менен инфляция деңгээлин 1,5–2 эсеге асат (ОЭСР). Мында жылына 2%дан ашык калктын өсүш ылдамдыгы бар калктуу конуштарда кыймылсыз мүлккө инвестициялардын жалпы кирешелүүлүгү — наркынын өсүшү жана ижара түшүмдөрүн эске алуу менен — жылына 8–12%га жете алат, бул банктык депозиттердин жана көптөгөн салттуу каржылык каражаттардын кирешелүүлүгүн олуттуу түрдө асып кетет (Дүйнөлүк банк). Бишкек турак жайга жогорку чыныгы суроо-талап, чектелүү сунуш жана шаардык инфраструктуранын активдүү өнүгүшү аркасында эң тартымдуу инвестициялык багыттардын бири болуп калууда. 2025-жылы борбордогу турак кыймылсыз мүлктүн баалары 30%дан ашык өстү, ошол эле учурда баанын абсолюттук деңгээли Алматы жана Астана сыяктуу аймактын ири шаарларына караганда болжол менен 30–40% төмөн болуп калууда, бул наркынын андан ары өсүшүнүн олуттуу потенциалын калыптандырат. Дүйнөлүк банктын маалыматтары боюнча, жылына 2%дан ашык калктын өсүш ылдамдыгы жана турак жайдын чектелүү сунушу бар шаарлар, адатта, кыймылсыз мүлк баасынын өсүшүн орто аймактык көрсөткүчтөрдөн 1,3–1,6 эсе ашып кетип көрсөтөт. Ошол эле учурда Европалык реконструкция жана өнүктүрүү банкы (EBRD) Кыргызстанды кирүү босогосу төмөн жана баалардын өсүш потенциалы али бүтө элек рынок катары баалайт, бул аны узак мөөнөттүү инвестициялар үчүн өзгөчө тартымдуу кылат. Бишкектин инфраструктурасын өнүктүрүү жана шаар куруу саясаты туруктуу өсүштү колдоого багытталган. 2030-жылга чейин транспорттук жүктү азайтууга, өткөрүү жөндөмүн жогорулатууга жана шаардын аймагын кеңейтүүгө багытталган транспорттук инфраструктураны модернизациялоо концепциясы ишке ашырылууда. Жол тармагын кеңейтүү, көпүрөлөрдү жана транспорттук тоголоктору куруу, кыймылды башкаруунун автоматташтырылган системаларын киргизүү, ошондой эле социалдык инфраструктураны өнүктүрүү боюнча долбоорлор жаңы муундун турак кварталдары үчүн бекем негизди түзөт. Параллелдүү түрдө негизги долбоорлорду — көп функционалдуу комплекстүү борборлорду жана коомдук мейкиндиктерди жаңыртуу программаларын ишке ашыруу Борбордук Азия өлкөлөрүнөн түздөн-түз чет өлкө инвестицияларын тартууга, шаардын кийпин жаңыртууга жана калктын жашоо сапатын жогорулатууга көмөктөшөт. Узак мөөнөттүү перспективада Кыргызстан жаш калктын басымдуулугу, урбанизациянын тез темптери жана ачык экономикалык саясаты менен ыңгайлуу демографиялык структурага ээ, бул Бишкекте турак жайга, кызматтарга жана шаардык инфраструктурага туруктуу суроо-талапты калыптандырат. 2030-жылга чейин транспорттук системаны модернизациялоо, шаардык аймакты кеңейтүү жана инженердик инфраструктурага инвестициялоо программалары борборун активдерди узак мөөнөттүү топтоо стратегиясына багытталган инвесторлор үчүн «циклден озуп жаткан» рынок катары позицияларын бекемдөөнү улантууда. 2025–2026-жылдардын мезгили инвестициялардын эксклюзивдүү түрдө кыска мөөнөттүү пайда каражаты катары каралбай, орто жана узак мөөнөттүү перспективада активдердин наркын сактоого жана көбөйтүүгө барган сайын багытталган этапка айланат. Кыргызстандагы инвестициялык мүмкүнчүлүктөрдү салыштыруу Бишкектин кыймылсыз мүлк рыногу капиталды эффективдүү коргоону камсыз кылган бир катар факторлорду бириктирерин көрсөтөт: турак жайга жогорку чыныгы суроо-талап, чектелүү сунуш, орто аймактык деңгээлден төмөн калган баалык деңгээл, ошондой эле урбанизация, инфраструктураны өнүктүрүү жана түздөн-түз чет өлкө инвестицияларынын агымы менен байланышкан туруктуу өсүш драйверлери. Кыргыз Республикасынын Улуттук банкынын, Дүйнөлүк банктын жана Европалык реконструкция жана өнүктүрүү банкынын аналитикалык маалыматтары тез өсүп жаткан шаарларда кыймылсыз мүлк инфляциялык басым шартында акча каражаттарынын наркын сактоо функциясын гана эмес, шаардык өнүгүү циклдеринин алкагында наркынын туруктуу өсүш потенциалын да жаратканын тастыктайт. Аймактык жана дүйнөлүк экономиканын туруксуздугу сакталып турган шартында Бишкек сыяктуу циклдин озуп жаткан этабында турган рыноктору тандоо салмактуу жана алыскөө инвестициялык мамилени чагылдырат — кирешелүүлүккө жана активдерди стратегиялык коргоого бир убакта умтулуу. Салттуу валюта каналдары менен салыштырганда, Кыргызстандын Бишкегиндеги кыймылсыз мүлк наркты сактоо жана туруктуу өсүштү камсыз кылуу жагынан айкын артыкчылыктарды көрсөтөт. Турак жайга жогорку чыныгы суроо-талап, чектелүү сунуш, активдүү өнүгүп жаткан инфраструктура жана калктын туруктуу өсүшү аркасында бул инвестициялоо каналы контролдолгон тобокелдиктердеги узак мөөнөттүү пайдага багытталгандар үчүн стратегиялык тандоо болуп чыгат, бул Москва жана Дубай сыяктуу эл аралык рыноктордун тажрыйбасы менен тастыкталат. The Essence фазасынын европалык архитектурасынын сүрөтү — 2026-жылдын январынан сатууда 2026-жылдын 13-январынан 2026-жылдын 31-мартына чейин Royal Central Park долбоору инвесторлор жана келечектүү ээлер үчүн эң тартымдуу шарттар менен The Essence турак кластеринин Y3 башнясынын сатууларын расмий түрдө ачат. The Essence турак кластери жөнүндө маалымат: RCP'да батир сатып алуу боюнча ийгиликтүү келишим түзгөн кардарлар үчүн гана өткөрүлүүчү сыйлыктарды тартуулоо программасы: 1 500 000 сомдук 01 электромобиль, 909 090 сомдук 01 автомобиль, ошондой эле ондогон башка баалуу сыйлыктар. Сыйлык фондунун жалпы наркы 2,9 млн сомго жетет. ""City within city"" (шаардын ичиндеги шаар) концепциясы менен Royal Central Park'ты ачыңыз — Бишкектеги биринчи all-in-one шаардык комплекс: Royal Central Park — Бишкектеги бактылуу шаардык мейкиндиктин биринчи символу.",vesti.kg,https://vesti.kg/kg/koom/item/146986-inflyatsiyadan-kachuu-zhana-baaluuluktu-saktoo-bishkektegi-investorlor-emne-kylyshy-kerek.html,2026-01-05T10:03:28+06:00,kyrgyz,0,high,news_site
ed592e02-e9e3-4daa-b3da-6e9ee9e2dc64,Коомдук уюмдардын өкүлдөрү Ноокаттагы 21 жаштагы Айжанылдын өлүмү боюнча Башкы прокурорго кайрылышты,"Алар жаш келиндин өлүмү боюнча ишти ачык, калыс жана көз карандысыз иликтөөнү талап кылышууда Ош облусундагы бир катар коомдук уюмдардын өкүлдөрү Ноокат районунун 21 жаштагы тургуну Айжанылдын өлүмү боюнча Башкы прокурорго, Ички иштер министрине, Ош облусунун ИИБдин башчысына жана Акыйкатчыга кайрылуу жолдошту. Алар кайрылууда Айжанылдын өлүмү боюнча ишти ар тараптуу, ачык, калыс жана көз карандысыз иликтөөнү, ошондой эле аялдарга карата системалуу зордук-зомбулукту токтотууну талап кылышты. Алардын айтуусунда жаш келин Айжанылдын жансыз денеси табылып, күйөөсүнүн туугандары аны «өзүн асып алган» деген версияны таратышкан. Киши өлтүрүүгө шектелип жаткан маркумдун күйөөсү бүгүнкү күнгө чейин эркиндикте жүрөт жана ага карата камак түрүндөгү бөгөт коюу чарасы колдонулган эмес. «Бирок бизге белгилүү болгон жагдайлар бул версиянын негиздүүлүгүнө олуттуу шек жаратат. Анткени Айжаныл өлүмүнөн бир күн мурда жардам сурап кайрылган. Ал апасына телефон чалып, СМС билдирүүлөрдү жазып, күйөөсү аны сабап жатканын ачык айткан жана аны бул үй-бүлөлүк тозоктон алып кетүүнү суранган. Бул өз эрки менен өмүрүн кыюуну чечкен адамдын сөзү эмес. Бул куткарууну суранган курмандыктын акыркы үнү», - деп айтылат кайрылууда. Эске салсак, Ош облустук ички иштер башкармалагы, 20 февралда Ноокат районунун Көк Бек айыл аймагында 2005 жылы туулган А.А. өзүнүн үйүндөгү мал сарайына асынып алып каза болгонун маалымдаган. фото www",vesti.kg,https://vesti.kg/kg/koom/item/148611-koomduk-uyumdardyn-okuldoru-nookattagy-21-zhashtagy-ajzhanyldyn-olumu-boyuncha-bashky-prokurorgo-kajrylyshty.html,2026-03-06T19:44:10+06:00,kyrgyz,0,high,news_site
1ba71159-6133-44e8-ac81-1cc6343e80ae,Саламаттык сактоону санариптештирүү: жетишкендиктер жана перспективалар,"Бул система республика боюнча төрөттөрдү жана өлүмдөрдү эсепке алуу процесстерин автоматташтырат Бүгүнкү күндө республикадагы бардык деңгээлдеги саламаттыкты сактоо уюмдарында 7 маалымат системасы иштеп жатат. Бул тууралуу Саламаттык сактоо министрлиги билдирет. Ведомстводон маалымдашкандай, саламаттык сактоо тармагындагы бардык санариптик чечимдер саламаттыкты сактоо уюмдарына акысыз жеткиликтүү. Sanarip Clinic бейтаптын санариптик амбулатордук картасы Sanarip Clinic маалыматтык тутумунун базасында республикадагы 88 баштапкы денгээлдеги саламаттык сактоо уюмдарынын 88и иштейт: үй-бүлөлүк медицина борборлору (анын ичинде 600дөн ашык үй-бүлөлүк дарыгерлер тобу), жалпы дарыгерлик практика борборлору, клиникалык диагностикалык бөлүмдөр, адистештирилген саламаттык сактоо уюмдар. Учурда системада 16 миңден ашык медициналык кызматкер иштейт. 2024-жылдын 9 айындагы маалыматтык системанын ишинин негизги көрсөткүчтөрү: уникалдуу санариптик амбулаториялык карталардын саны: 2,1 млн;баштапкы медициналык-санитардык жардамга катталгандардын саны: 7 млн;дарыгердин кабыл ауусуна онлайн катталуунун саны: 7 миллион;санариптик убактылуу эмгекке жарамсыздык баракчасынын саны: 147 миң;МСЭКке жолдомолордун саны: 4 миңден ашык.Система ""Түндүк"" мобилдик тиркемесинин ""Санариптик ден соолук профили"", ""Убактылуу эмгекке жарамсыздык баракчасы"" кызматтары жана E-Kyzmat маалымат системасы менен интеграцияланган. Бейтаптын санариптик стационардык картасы 2024-жылдын январь айынан баштап Sanarip Clinic маалыматтык тутумунун ""Стационардык картасы"" жана ""Бейтаптарга жолдомо/багыттоо"" кичи системаларын ишке киргизүү башталды. Бүгүнкү күндө бул кичи системада 46 стационардык саламаттыкты сактоо уюмдары иштейт, алар 96 миңге жакын санариптик медициналык документтерди түзүштү. Системада 8 310 активдүү колдонуучу катталган. Система ""Түндүк"" мобилдик тиркемесинин ""Санариптик ден соолук профили"", ""Убактылуу эмгекке жарамсыздык баракчасы"" кызматтары жана E-Kyzmat маалымат системасы менен интеграцияланган. 2024-жылдын аягына чейин Милдеттүү медициналык камсыздандыруу фондунун ""Дарыланган учурлар"" маалымат базасы менен интеграциялоону аяктоо пландаштырылууда, бул ооруканаларды каржылоону оптималдаштырууга мүмкүндүк берет. Иммундаштыруу ""Иммундаштыруу"" маалымат системасы республика боюнча жүргүзүлгөн бардык эмдөөлөрдүн эсебин жүргүзөт. эмдөө алган жарандардын саны: 1,3 млн;катталган эмдөө карталарынын саны: 2,7 млн;системаны колдонуучулардын саны: Республика боюнча 3 миңден ашык.Система ""Түндүк"" мобилдик тиркемесинин ""Санариптик ден соолук профили"" жана ""Эмдөө сертификаты"" кызматтары менен интеграцияланган. iEPID эпидемиологиялык платформасы Платформа эпидемиологиялык маалыматтардын мониторингин жана эсепке алууну камсыз кылат. 2024-жылдын 9 айында берилген шашылыш билдирүүлөрдүн саны: 100 миңден ашык.системаны колдонуучулардын саны: 1700дөн ашык.iLAB лабораториялык системасы Система республиканын лабораторияларындагы процесстерди автоматташтырат. 2024-жылдын 9 айында жүргүзүлгөн изилдөөлөрдүн саны: 1 миллиондон ашык;системаны колдонуучулардын саны: 2500дөн ашык.Система ""Түндүк"" мобилдик тиркемесинин ""Санариптик ден соолук профили"" жана ""Лабораториялык тесттин натыйжалары"" кызматтары менен интеграцияланган. НИСУР (ресурстарды эсепке алуу боюнча улуттук маалымат системасы) Система республика боюнча саламаттыкты сактоо системасындагы адам ресурстарынын эсебин камтыйт. Бухгалтердик эсеп бардык медициналык кызматкерлер үчүн, ошондой эле отчеттуулук модулдарынын функционалдуулугу үчүн каралган. Катталган саламаттык сактоо уюмдарынын саны: 4 миңден ашык. Туулган жана өлгөндүгү тууралуу санариптик медициналык күбөлүк Бул система республика боюнча төрөттөрдү жана өлүмдөрдү эсепке алуу процесстерин автоматташтырат. 2024-жылы катталган төрөлгөндөрдүн саны: 131 миңден ашык;катталган өлүмдөрдүн саны: 27 миңге жакын;системаны колдонуучулардын саны: 3 миңден ашык",vesti.kg,https://vesti.kg/kg/den-sooluk-uchun/item/132952-salamattyk-saktoonu-sanaripteshtiruu-zhetishkendikter-zhana-perspektivalar.html,2024-11-28T16:58:22+06:00,kyrgyz,0,high,news_site
c8dc76fd-fc73-4b28-884c-0e65b34ebcb3,Кыргызстанда жарандар кайсы лабораториялык изилдөөлөрдөн акысыз өтө алат,"Бул өнөкөт оорулары бар адамдар үчүн өзгөчө маанилүү Кыргызстандын бардык жарандары үй-бүлөлүк медицина борборлорунда акысыз лабораториялык изилдөөлөрдү алууга укуктуу. Бул тууралуу Милдеттүү медициналык камсыздандыруу фонду эскертет. Мамлекеттик кепилдиктер программасынын алкагында Үй-бүлөлүк медицина борборунда катталуусу жана үй-бүлөлүк дарыгерден лабораториялык анализ жүргүзүүгө жолдомосу бар Кыргызстандын ар бир жараны базалык лабораториялык изилдөөлөрдөн акысыз өтө алат. Бул тизмеге лабораториялык анализдердин 12 түрү, анын ичинде кан, заара анализдери жана башкалар кирет. Бул кызматтар шаардык, облустук жана райондук медициналык мекемелерде көрсөтүлөт. Эгерде жаран камсыздандырылган болсо, ага кошумча лабораториялык-диагностикалык текшерүүлөрдүн 40 түрү, ошондой эле рентгенография жана УЗИге 50% арзандатуу берилет. Бул укуктан пайдалануу үчүн жарандар үй-бүлөлүк дарыгерлерине кайрылса болот. Текшерүүдөн жана консультациядан кийин дарыгер лабораторияга жолдомо жазып берет. Адистер керектүү анализдерди өткөрүп, жыйынтыгы дарыгерлерге мүмкүн болгон ооруларды өз убагында аныктоого жана дарылоону алгачкы этапта баштоого жардам берет. ММК фонду бардык жарандарга, өзгөчө суук тийүү мезгилинде жана вирустук инфекциялар көбөйүп жаткан мезгилде медициналык текшерүүдөн өтүү укугун активдүү пайдаланууну сунуштайт. Лабораториялык анализдерди үзгүлтүксүз жүргүзүү ден соолуктун абалын көзөмөлдөөгө мүмкүндүк берет, бул өнөкөт оорулары бар адамдар үчүн өзгөчө маанилүү. Жеткиликтүү кызматтардын тизмеси жана шарттары жөнүндө толук маалыматты ММК фондунун 113 ишеним телефонуна күнү-түнү чалып, маалымат алууга болот. Бардык операторлордон чалуулар акысыз.",vesti.kg,https://vesti.kg/kg/den-sooluk-uchun/item/131168-kyrgyzstanda-zharandar-kajsy-laboratoriyalyk-izildoolordon-akysyz-oto-alat.html,2024-10-22T18:04:58+06:00,kyrgyz,0,high,news_site
b944ccab-5e73-47ec-8ceb-f3b6cc456bf7,Кумтөрдүн ашпозчуларынын жаңы эл аралык жеңиши,"Ливан Республикасынын борбору Бейрут шаарында 29 өлкө, анын ичинде Кыргызстан да катышкан Биринчи Финикиялык туризм жана меймандостук фестивалынын алкагында Эл аралык гастрономиялык сынак өттү. Биздин республикадан Кыргыз Республикасынын ашпозчулар ассоциациясынын 9 адамдан турган курама командасы, анын ичинде Кумтөр кенинин администрациясынын коомдук тамактануу бөлүмүнөн 5 ашпозчу – Джаныбекова Кундузкан, Эгинбаев Берик, Табылды уулу Индирбек, Сабыров Адилет, Эгембердиев катышты.Мындай эл аралык сынактарга катышуу «Кумтөр Голд Компани» ЖАКтын (КГК) ашпозчуларынын кесиптик чеберчилигинин жана мотивациясынын өсүшүнө өбөлгө түзөт, ошондой эле ар кайсы өлкөлөрдөн келген катышуучулар менен түрдүү тамактарды жасоо боюнча тажрыйба алмашууга мүмкүндүк берет.Кыргызстандын командасы упай системасы боюнча жалпы эсепте биринчи орунду ээледи. Бул КГК ашпозчуларынын быйылкы эл аралык сынактардагы экинчи жеңиши жана алар шахтада күнүмдүк эмгек тапшырмаларын аткарууда алардын даярдыгынын жана жөндөмдүүлүгүнүн жогорку деңгээлинин далили болуп саналат.КГККГКнын сүрөтү",vesti.kg,https://vesti.kg/kg/geologiya-kg/item/99077-kumtordun-ashpozchularynyn-zhany-el-aralyk-zhenishi.html,2022-04-21T13:31:51+06:00,kyrgyz,0,high,news_site
d00d8153-e57b-4aed-a9d0-597705345fe1,Бишкекте Аялдардын эл аралык күнүнө арналган ири иш-чара өттү,"Маданий иш-чарага шаардын бардык райондорунан келген 5000ге жакын аял катышты Борбор калаада 8-Март – Аялдардын эл аралык күнүнө арналган масштабдуу майрамдык иш-чара өттү. Салтанаттуу концерт «Жаштык» аренасынын имаратында уюштурулуп, ага шаардын бардык райондорунан келген 5000ге жакын аял катышты. Иш-чарага Биринчи айым Айгүл Жапарова, Бишкек шаарынын мэри Айбек Джунушалиев, Эмгек, социалдык камсыздоо жана миграция министри Канат Сагынбаев, ардактуу коноктор, ошондой эле борбор калаанын коомдук турмушунун ар кыл тармактарында эмгектенген айымдар катышты. Мэр Айбек Джунушалиев куттуктоо сөзүндө, бардык аялзатын 8-Март майрамы менен куттуктап, бекем ден соолук, бакыт-таалай, үй-бүлөлөрүнө ынтымак жана ийгиликтерди каалады. «Бүгүнкү күндө Бишкек шаарында 1,5 миллиондон ашуун адам жашайт, алардын жарымынан көбү – аялдар. Бул сиздер биздин шаардын мүнөзүн, маанайын жана келечегин аныктоодо чоң роль ойнойсуздар дегенди билдирет. Бишкектин аялдары шаардык турмуштун бардык тармагында өздөрүн көрсөтүп келишет. Сиздер балдарды тарбиялап, билим берүүнү, илимди, маданиятты, спортту, ишкердикти жана коомдук турмушту өнүктүрүп жатасыздар. Сиздер баалуулуктарды калыптандырып, билимди муундан муунга өткөрүп, үй-бүлөлөрдү бекемдеп, ишеним менен камкордуктун атмосферасын түзөсүздөр», – деп белгиледи шаар мэри. Ошондой эле калаа башчысы «Бишкек жашыл курулуш» жана «Тазалык» муниципалдык ишканаларынын кызматкер айымдарынын эмгегин өзгөчө белгилеп, борбор калааны көрктөндүрүүгө кошкон салымы үчүн ыраазычылык билдирди. Майрамдык программада классикалык чыгармалар, заманбап композициялар, белгилүү аткаруучулар жана чыгармачыл жамааттар катышкан концерт тартууланды.",vesti.kg,https://vesti.kg/kg/koom/item/148610-bishkekte-ayaldardyn-el-aralyk-kununo-arnalgan-iri-ish-chara-ottu.html,2026-03-06T19:21:39+06:00,kyrgyz,0,high,news_site
9a2472f1-d378-4571-a860-ea409f8a9990,Түркияда 27-28 мартта эл аралык трейл жарышы Alanya Ultra Trail өтөт,"Трейл-жарыш Антальянын жашыруун бермети саналган Аланьяда өтмөкчү Түркия ар түрдүү спорт тармактарында өткөрүлгөн эл аралык деңгээлдеги иш-чаралардын санынын өсүшү менен дүйнөнүн булуң-бурчунан келген спортчуларды жана күйөрмандарды өзүнө тартып келет. Түрк Ривьерасынын жүрөгүндө жайгашкан Анталья таза пляждары, жумшак климаты, бай маданий мурасы жана суу менен тоо спорту боюнча кеңири мүмкүнчүлүктөрү менен жыл сайын миллиондогон конокторду тосуп алат. Шаардын жашыруун бермети саналган Аланья 27–28-март күндөрү дагы бир жолу Alanya Ultra Trail жарышын өткөрөт. Бул жарыш Жер Ортолук деңизинин жылуу жээги менен Тавр тоолорунун салкын чокуларынын ортосунда жайгашкан керемет маршруттар аркылуу өтөт. Alanya Ultra Trail — 2017-жылы негизделгенден бери 34 өлкөдөн келген 700дөн ашык спортчуну кабыл алган эл аралык деңгээлде таанылган трейл жарышы. Эл аралык трейл чуркоо ассоциациясы (ITRA) тарабынан таанылган бул иш-чара Антальянын өзгөчө географиясын, бай маданий мурасын жана табият менен айкалышкан жашоо образын көрсөтүп турат. “Tradition to Trail” урааны менен өтө турган 2026-жылдагы жарыш Түркиянын Туризмди өнүктүрүү жана өнүктүрүү агенттигинин (TGA) жана Жаштар жана спорт министрлигинин колдоосу менен, ошондой эле бир катар өнөктөштөрдүн катышуусунда уюштурулууда. Жарыш Антальяны изилдөөгө шыктандырган укмуштуу спорттук окуя гана эмес, ошондой эле табият менен жакындан таанышууга мүмкүнчүлүк берген өзгөчө тажрыйба болуп саналат. Салттан трассага Alanya Ultra Trail жарышы эркин руху жана чыдамкайлыгы менен белгилүү болгон көчмөн түрк уруулары — йөрүктөр колдонгон байыркы көч жолдорунда өтөт. Бул туруктуулукту жана эркиндикти символдоштурган дух бүгүнкү күндө да жарышта сезилет: катышуучулар бир эле жарышта төрт мезгилди сезүүгө мүмкүн болгон татаал маршруттарда күч сынашат. Маршруттар Тавр тоолорунун кар баскан чокуларынан башталып, дүйнөгө белгилүү Клеопатра пляжына чейин созулат. Жолдо спортчулар тарыхый кербен жолдорун, көп кылымдык Аланья кемежайын, Аланья чебин, кооз тоо жайлоолорун жана табияттын укмуш пейзаждарын басып өтүшөт. Жарыштын негизги жана эң узак этабы — 68 км Alanya Ultra Trail (AUT) маршруту. Мындан тышкары, жарыш программасына төмөнкү этаптар кирет: • 42 км Taurus Mountain Trail (TMT) • 27 км Keykubat Mountain Run (KMR) • 18 км Cleopatra Short Trail (CST) • 5 км Alanya Castle Run (ACR) AUT маршруту Дамлаташ үңкүрүнүн жана дүйнөгө белгилүү Клеопатра пляжынын жанынан башталат. Андан соң спортчулар Топхане, Кызыл Куле (Кызыл мунара), кемежай, Эсат бастиону, Бедестен жана Аланья чеби сыяктуу тарыхый жайлардан өтүшөт. Кыска аралыкта шаар көчөлөрү аркылуу өткөндөн кийин жарыш Тавр тоолоруна көтөрүлүп, кайра Клеопатра пляжында аяктайт. Ал эми TMT, KMR, CST жана ACR этаптары AUT менен бирдей маршруттан башталат, бирок белгиленген чекиттерде кайрылып, аралык кыскартылат. TMT жарышында катышуучулар 24-чакырымда бурулуп кайтышат, KMR болсо 16-чакырымда негизги трассадан бөлүнөт. CST маршруту 9-чакырымга чейин бирдей жолду карманып, ал эми ACR — жаратылышты сүйгөндөр үчүн даярдалган 5 км кооз кыска маршрут. Антальянын жашыруун бермети: Аланья Жер Ортолук деңизинин жээгинде жайгашкан Түркиянын туризм борбору Анталья жыл бою күн нуру, бай тарых жана таза пляждары менен белгилүү. Антальянын чыгыш тарабында жайгашкан Аланья жаратылыштын кооздугун, тарыхый эстеликтерди жана жандуу түнкү жашоону бириктирген өзгөчө курорттук шаар болуп саналат. XIII кылымда селжуктар тарабынан бекемделген шаар катары негизделген Аланьянын символу — жакшы сакталган Аланья чеби. Аска үстүндө жайгашкан бул чептен укмуш панорамалык көрүнүштөр ачылат. Чептен деңизге карай түшкөн тар көчөлөр бакчалар менен курчалган салттуу үйлөрдүн арасынан өтөт. Шаардын маанилүү тарыхый жайларынын катарына байыркы кемежай жана коргонуу максатында курулган сегиз бурчтуу Кызыл Куле кирет. Бүгүнкү күндө бул мунара этнографиялык музей катары иштейт. Аланья ошондой эле жаратылыш кереметтери менен да белгилүү. Алардын катарына Көк желек сыйлыгына ээ Инжекум жана Клеопатра пляждары, Сападере капчыгайы, Дим жана Дамлаташ үңкүрлөрү, Дим суусу жана Дерекөй жайлоосу кирет.Тарых жана жаратылыш менен катар Аланья бай гастрономиясы менен да белгилүү. Көчө даамдарынын арасында гёзлеме (ичи толтурулган жука нан) популярдуу болсо, ресторандарда Жер Ортолук деңизинин ашканасы сунушталат. Жаңы кармалган балык жана осьминог грильде даярдалып, мезелер, тахини кошулган пияз салаты жана жергиликтүү ак шараптар менен берилет. Ошондой эле чобан кавурма сыяктуу салттуу эт тамактары аймактык рецепттерди чагылдырат. Аланьянын жандуу түнкү жашоосу — барлар, музыка жана көңүл ачуу жайлары менен — күн баткандан кийин да шаардын энергиясы токтобой улана турганын көрсөтөт.",vesti.kg,https://vesti.kg/kg/dujnede/item/148750-turkiyada-27-28-martta-el-aralyk-trejl-zharyshy-alanya-ultra-trail-otot.html,2026-03-11T14:49:02+06:00,kyrgyz,0,high,news_site
6bf91b24-b053-47c5-a1a7-f1b91d38042f,"Алтайда жеке менчик социалдык борбордо 20 адам ууланып, алардын үчөө каза болду","Жабырлануучулар эмнеден ууланганын адистер тактап жатышат Алтай аймагынын Калистратиха айылында жергиликтүү социалдык жардам борборунда бир адамдын жансыз денеси табылган. Маалым болгондой, 19 адам белгисиз затка ууланып ооруканага жаткырылган. Алардын ичинен экөө ооруканада каза болгон. Тергөө комитети “Өмүрдүн жана ден соолуктун коопсуздугуна жооп бербеген кызмат көрсөтүү” беренеси боюнча кылмыш ишин козгоду. Жабырлануучулар эмнеден ууланганын адистер тактап жатышат.",vesti.kg,https://vesti.kg/kg/okuyalar/item/132967-altajda-zheke-menchik-sotsialdyk-borbordo-20-adam-uulanyp-alardyn-uchoo-kaza-boldu.html,2024-11-29T08:26:58+06:00,kyrgyz,0,high,news_site
d858c389-5506-4a5e-93b6-182773ebbf79,"""Апасы, кызы, күйөө баласы..."" Милиция Ошто бир үй-бүлө мүчөлөрүн кармап кетти","Унааны тинтүү учурунда 116 даана психотроптук дары-дармектер табылган Ош шаарында психотроптук дары-дармектерди сатуу менен алектенип жүргөн жарандар кармалды. Бул тууралуу бүгүн, 27-ноябрда шаардык ички иштер башкармалыгынан билдирди. Маалыматка ылайык, 2-октябрда жубайлар, тагыраагы, 25 жаштагы аялы менен 29 жаштагы күйөөсү күчтүү таасир берүүчү дары-дармектерди сатып жаткан жеринен кармалышкан. Алар дарыларды Honda Stepwgn унаасы менен түн ичинде сатып жүрүшкөн. Унааны тинтүү учурунда 116 даана психотроптук дары-дармектер табылган. Милициянын маалыматы боюнча, жубайларга бир үй-бүлөнүн башка мүчөлөрү дагы көмөктөшүп келген. Алар келиндин 54 жаштагы апасы, 43 жаштагы таежеси жана анын 47 жаштагы күйөөсү, ошондой эле келиндин 32 жаштагы агасы. Жыйынтыгында үй-бүлө мүчөлөрүнүн жашаган жерлери тинтүүгө алынып, 8 миңден ашуун психотроптук дары-дармектер табылган. ""Алар чет өлкөдөн ири өлчөмдөгү дары-дармектерди сатып алып турушкан. Жалпысынан дүң баада 1 миллион 205 сом жана чекене (мыйзамсыз сатуу) баасында 3 миллион 685 миң сомдук товарлар алынган"", - деп айтылат маалыматта.",vesti.kg,https://vesti.kg/kg/okuyalar/item/132866-apasy-kyzy-kujoo-balasy-militsiya-oshto-bir-uj-bulo-mucholorun-karmap-ketti.html,2024-11-27T15:00:06+06:00,kyrgyz,0,high,news_site
c636fb33-984f-4798-a916-8545a7018ab0,"Кыргыз-Түрк ""Манас"" университетинде ачык асман алдында ооз ачуу программасы болуп өттү","Университеттин кампусунда уюштурулган иш-чарада 8 миңден ашуун адам ачык асман алдында ооз ачышты Кыргыз-Түрк ""Манас"" университетинин Чыңгыз Айтматов атындагы кампусунда беш жылдан бери үзгүлтүксүз өткөрүлүп келе жаткан салттуу ачык асман алдында ооз ачуу программасында болжол менен сегиз миң адам бир дасторкондо чогулду. Иш-чарага министрлер, элчилер, мамлекеттик жетекчилер, окутуучулар, студенттер жана шаар тургундары катышты. Көчө бою коюлган дасторкондордун айланасындагы бактар жана ректорлук имаратынын алды Рамазан айына мүнөздүү чырактар менен кооздолуп, кампус майрамдык маанайга бөлөндү. КТМУнун ректору, профессор Алпаслан Жейлан жана биринчи проректор, саясий и.к., доцент Алмаз Ибраев конокторду тосуп алып, андан соң алар Илим, жогорку билим берүү жана инновациялар министри Гүлзат Исматова жана Түркиянын Бишкектеги элчиси Мекин Мустафа Кемал Өкем менен бирге катышуучулардын табактарына өз колдору менен тамак салып беришти. Чыңгыз Айтматов кампусунда Рамазандын берекеси Иш-чаранын алкагында кампуста түрдүү маданий программалар уюштурулуп, сый-тамактар даярдалды. Иш-чара өткөн жер Түркия жана Кыргызстандын желектери менен кооздолду. Кампус аймагында уюштурулган 12 тамак таратуу пунктунда 8 миң адамга ооз ачар тамагы берилди. Түркиянын Бишкектеги элчилигинин Дин кызматтары боюнча кеңешчилигине караштуу дин кызматкери Шакир Байыр азан окугандан кийин миңдеген адамдар бир убакта ооз ачышты. Иш-чарада студенттер жана конокторго Рамазан айынын салтын уланткан ""тиш акы"" белектери таратылды. Катышуучуларга ар түрдүү сый тамактар менен катар түрк ашканасынын салттуу даамдарынын бири болгон ""Османлы мажуну"" да сунушталды.",vesti.kg,https://vesti.kg/kg/koom/item/148707-kyrgyz-turk-manas-universitetinde-achyk-asman-aldynda-ooz-achuu-programmasy-bolup-ottu.html,2026-03-10T15:04:28+06:00,kyrgyz,0,high,news_site
fb538c27-690b-4e18-8770-fafe356cbe41,Түркия Маданият министрлиги өлкөдө туризм кадимкидей уланып жатканын билдирди,"Түркиядагы мейманканалар, курорттор, экскурсиялар жана туристтик кызматтар мурдагыдай эле иштеп жатат Түркиянын Маданият жана туризм министрлиги жана Түркиянын Туризмди өнүктүрүү агенттиги (TGA) өлкө боюнча туризм тармагындагы ишмердүүлүк толугу менен кадимки тартипте улантылып жатканын билдиришти. Акыркы убакта Жакынкы Чыгыштагы айрым окуяларга байланыштуу эл аралык медиада көптөгөн маалыматтар жарыяланууда. Бирок Түркия бул жаңжалдардын катышуучусу эмес жана өлкөдөгү туристтик аймактар коопсуз жана толук кандуу иштеп жатат. Стамбул, Анталья, Бодрум, Измир жана Каппадокия сыяктуу дүйнөгө белгилүү туристтик борборлор Европадан, Түндүк Америкадан жана Азия–Тынч океан аймагынан келген туристтерди кадимкидей кабыл алууну улантууда. Расмий маалыматка ылайык: • Түркиядагы мейманканалар, курорттор, экскурсиялар жана туристтик кызматтар мурдагыдай эле иштеп жатат. • Өлкө боюнча туризмге байланышкан эч кандай чектөөлөр же жабылуулар киргизилген эмес. • Стамбул, Анталья, Бодрум жана Измир сыяктуу эл аралык аэропорттор толук кандуу иштеп жатат жана учуулар пландалган тартипте аткарылууда. • Аймактагы окуяларга байланыштуу Түркияга учкан рейстердин токтотулушу же өзгөрүшү катталган жок. Ошондой эле 2026-жылдын жайкы туристтик сезону үчүн сатуу жана брондоо иштери кадимкидей жүрүп жатканы белгиленди. Түркиянын Маданият жана туризм министрлиги туристтик өнөктөштөр менен маалыматтык колдоо көрсөтүүгө даяр экенин билдирди.",vesti.kg,https://vesti.kg/kg/koom/item/148836-turkiya-madaniyat-ministrligi-olkodo-turizm-kadimkidej-ulanyp-zhatkanyn-bildirdi.html,2026-03-13T16:12:51+06:00,kyrgyz,0,high,news_site
8c14baf9-cb05-41b7-bd48-a1ddcc13cbd0,Олег Постернак: Кремлдин «тарыхый» риторикасы Борбор Азияда кооптонуу жаратууда,"Орусиялык медиа өкүлдөрүнүн билдирүүлөрү аймакта кеңири резонанс жаратты 2026-жылдын башында Орусиядагы белгилүү эки пропагандисттин билдирүүлөрү кыргыз коомчулугунда олуттуу тынчсызданууну жаратты. Алгач журналистВладимир СоловьёвАКШнын Венесуэладагы операциясын мисал келтирип, эл аралык укукту четке кагып, Орусиянын башка «таасир аймактарына» активдүү киришүүнү сунуштады. Владимир Соловьёв, бийликчил позициясы менен белгилүү орусиялык тележурналист: - Эгер улуттук коопсуздугубуз үчүн Украинада атайын аскердик операцияны баштоо зарыл болсо, анда эмне үчүн биз таасир аймагыбыздын башка чекиттеринде да ушундай операцияларды баштай албайбыз? Арменияны жоготуу - бул абдан чоң көйгөй. Борбор Азиядагы абал да ири көйгөй. Биз максаттарыбызды жана милдеттерибизди так аныктап, баарына түшүндүрүшүбүз керек: оюн бүттү. Андан кийин ушуга окшош идеяларды белгилүү орусиялык идеологАлександр Дугинда билдирген. Александр Дугин, Орусиянын философу жана идеологу: - Эгемендүү Армениянын, Грузиянын, Казакстандын, Өзбекстандын болушуна макул болууга болбойт. Же алар биздин лагерде болот, же Батыштын же Кытайдын таяныч пунктуна айланат. Кыргызстанда кандай реакция болду? Мындай талаштуу билдирүүлөр кыргыз коомчулугунда дароо жооп реакциясын жаратты. Мисалы, Жогорку Кеңештин депутатыДастан БекешевВладимир Соловьёвду «персона нон-грата» деп жарыялоону сунуштады. Дастан Бекешев, КР Жогорку Кеңешинин депутаты: - Менин оюмча, Тышкы иштер министрлиги тиешелүү реакция жасап, элчини чакырып, ага нота тапшырышы керек жана, балким, аны (Владимир Соловьёвду - ред.) персона нон-грата деп жарыялоосу зарыл. Мындай адамды Кыргызстанга киргизбеш керек. Адатта Оруссиянын позициясын карманып келген коомдук ишмерКанат Хасановбул жолу мындай билдирүүлөрдү кабыл алынгыс деп баалады. Канат Хасанов, коомдук ишмер, адвокат: - Россия Федерациясынын мамлекеттик институттары мындай сөздөргө так баа берип, федералдык медианын радикалдаштыруунун жана улуттар аралык чыңалуунун булагына айланышына жол бербеши керек. Бул цензура жөнүндө эмес, стратегиялык кызыкчылыктарды коргоо жана элдер ортосундагы ишенимди сактоо тууралуу маселе.  Бул сыяктуу билдирүүлөр Борбор Азия аймагындагы узак мөөнөттүү туруктуулукка жана Россиянын өзүнүн аброюна коркунуч жараткан, жаңылыш жана деструктивдүү пикирлер катары бааланышы керек. Коомчулуктагы олуттуу резонанстан кийин Кыргызстандын тышкы иштер министриЖээнбек Кулубаевда бул маселе боюнча комментарий берип, мындай билдирүүлөргө өзүнчө көңүл буруунун зарылдыгы жок экенин белгиледи. Жээнбек Кулубаев, Кыргызстандын тышки иштер министири: - Кыргыз тарап медиа мейкиндигинде айтылган жана мамлекеттер аралык реалдуу күн тартибине тиешеси жок айрым чагымчыл билдирүүлөргө кошумча көңүл бурууну максатка ылайык эмес деп эсептейт. Ал эми Россиянын Тышкы иштер министрлигинин расмий өкүлүМария ЗахароваВладимир Соловьёвдун сөздөрүн «жеке пикир» деп мүнөздөп, алар жеке телеканалдын эфиринде айтылганын белгиледи. Мария Захарова, Оруссиянын тышкы иштер министирлигинин расмий өкүлү: -  Бул жеке журналисттин пикири экенин баса белгилейм. Экинчиден, ал пикир «Соловьёв LIVE» аттуу жеке каналда айтылган. Үчүнчүдөн, мен үзүндүлөрдү контексттен жулуп алынган фразаларга же кыйыр сөзгө эмес, түз сүйлөмдөргө таянып окудум. Ал жерде билдирүү эмес, суроо формасында айтылган, риторикалыкпы же башкабы, андай суроолорго мен жооп бере албайм. Борбор Азияда кандай талкуу болду? Орусиялык пропагандисттердин билдирүүлөрүнө аймактагы башка мамлекеттердин өкүлдөрү да нааразычылык билдиришти. Мындай пикирлерди Борбор Азиядагы коомдук жана эксперттик чөйрөнүн белгилүү өкүлдөрү ачык сынга алышты. Маселен, Өзбекстандан саясий илимдердин докторуШерзодхон Кудратходжаэл аралык укуктун нормалары күмөн саноого алынган жагдайдын кооптуулугун белгиледи. Анын айтымында, телеэкрандар аркылуу эл аралык укукту «жокко чыгаруу» тенденциясы олуттуу коркунуч жаратат. Шерзодхон Кудратходжа, саясий илимдердин доктору, Өзбекстандынсаясат таануучусу: -  Украина прецедентке айланды, Борбор Азия болсо ачык айтылган кыялдардын объектисине айланды, ал эми «таасир аймагы» коопсуздук тууралуу сөздөргө оролгон ар кандай зомбулукту актоо үчүн универсалдуу шылтоо болуп калды. Эгер эл аралык укук «милдеттүү эмес» деп жарыяланса, ал эми суверенитет шарттуу түшүнүккө айланса, анда пропаганда сүрөттөгөн дүйнөдө союздаштар да, келишимдер да, кепилдиктер да калбайт. Болгону «коопсуздук» деп аталып калган күчтүүнүн укугу гана үстөмдүк кылат. Мындай дүйнө таанымда мамлекеттер өз алдынча субъект болбой, картадагы каалагандай жылдырылып, өчүрүлүп же менчиктештириле турган бөлүктөргө айланат. Тарыхый контекст жана империялык риторика Жагдайга комментарий берип жатып, украиналык саясат таануучуОлег Постернакмындай билдирүүлөр айрым медиа өкүлдөрүнүн эмоцияга алдырган импровизациясы эмес экенин белгилейт. Анын баамында, бул көрүнүш Орусиянын тышкы саясатындагы туруктуу тарыхый риториканын уландысы болуп саналат жана коңшу мамлекеттерге карата империялык мамиленин кайра жанданышын көрсөтөт. Олег Постернак, украиналык саясат таануучусу : -  XIV кылымда калыптанган империялык логика бүгүнкү күнгө чейин Россия Федерациясынын тышкы саясатынын түзүмдүк негизи бойдон калууда. Ал КМШ өлкөлөрүн өзүнүн таасир аймагынын бир бөлүгү катары көрүп, алардын суверенитетине кайдыгер мамиле жасоону улантууда. Ал бул маселени тереңирээк түшүнүү үчүн украиналык тарыхчыKuzariжазган «Исчезнувшая Цивилизация – незамеченная Катастрофа» аттуу китепке кайрылууну сунуштайт. Анда постсоветтик тарыхнаамага мүнөздүү эмес көз караш аркылуу Россиянын империялык амбициялары кандайча калыптанганы баяндалат. Китепте Түштүк Кавказдын, Чыгыш Европанын жана Борбор Азиянын азыркы саясий картасын аныктаган көптөгөн тарыхый окуялар жана процесстер жаңыча чечмеленет. Олег Постернактын пикиринде, кеч орто кылымдарда жаралган империялык ой жүгүртүү бүгүнкү күнгө чейин Россиянын тышкы саясий түшүнүгүнө таасирин тийгизүүдө. Бул постсоветтик мейкиндикти өзгөчө кызыкчылыктардын аймагы катары кабыл алуу аракетинен көрүнүп, коңшу мамлекеттердин толук кандуу эгемендүүлүгүн күмөн санаган риторика менен коштолот. Китепте экспансияны ар кайсы доорлордо актоо үчүн колдонулган идеологиялык конструкцияларга да өзгөчө көңүл бурулат. Маселен, «ишенимди коргоочулар» менен «чоочун дүйнөнүн» карама-каршылыгы аркылуу түрк-мусулман аймактарына жылууну мыйзамдаштыруу аракеттери сүрөттөлөт. Мындан тышкары, Олег Постернак Кремлдин телеэкрандар аркылуу айтылган жана китепте баяндалган баяндамалары Борбор Азия өлкөлөрү, анын ичинде Кыргызстан үчүн абстракттуу талкуу эмес экенин белгилейт. - Аймактын тарыхый эс тутумунда XIX кылымдын экинчи жарымында Түркстан аймактарынын Россия империясынын курамына кошулушу сакталган. Ал учурда аскердик жылыш «цивилизациялык миссия», административдик көзөмөл жана жергиликтүү коомдорду тышкы чечим кабыл алуу борборуна баш ийдирүү тууралуу риторика менен коштолгон, — деп жыйынтыктады Олег Постернак.",vesti.kg,https://vesti.kg/kg/politika-kg/item/147735-oleg-posternak-kremldin-tarykhyj-ritorikasy-borbor-aziyada-kooptonuu-zharatuuda.html,2026-02-05T20:17:35+06:00,kyrgyz,0,high,news_site
b671f157-5898-4bb5-8b27-f957289b348e,Кыргызстандыктар жаңы парламентте мугалимдер менен дарыгерлерди көрө алышабы?,"Vesti.kgсайты партиялардын тизмесин кесиптик курамы боюнча салыштырды Кийинки дем алыш күндөрү эле Кыргызстандыктар Жогорку Кеңештин жаңы депутаттарын шайлашы керек. 16 партия көздөгөн мандаттарды алуу укугу үчүн күрөшүп жатат. Шайлоочулардын тандоосун алардын пайдасына тартууга талапкерлерге үч гана күн бар. Чындыгында, 3-октябрда, шайлоого бир күн калганда, ар кандай үгүт иштерине расмий түрдө тыюу салынат. Vesti.kgсайты жарыштын катышуучулары гендердик жана улуттук квоталардын сакталышына канчалык жоопкерчиликтүү мамиле кылгандыгын түшүнүү үчүн, буга чейин партиялык тизмелерди талдап чыгышкан. Бул жолуVesti.kgсайтынын редакциясы саясий бирикмелердин кесиптик кызматкерлерин салыштырды. Чындыгында, добуш берүүдө кайсы контингент белгилүү бир саясий командада басымдуу экендигин билүү маанилүү. Эске сала кетсек, депутаттардын арасында гуманитардык кесиптердин өкүлдөрү, ошондой эле өнөр жай же энергетика тармагындагы адистер дээрлик жок болгондуктан, күн санап жашап жаткан парламенттин чакырылышы негизинен сынга алынган. Элдин кызматчылары өз ишмердүүлүгүнүн мүнөзү боюнча маселелердин эң кеңири чөйрөсүн чечүүгө аргасыз болушкандыктан, адистердин жетишсиздиги, мисалы, спортчуга ""Билим берүүнүн отличниги"" ардак белгисин алууга туура келди. Тараптар мындан жыйынтык чыгарыштыбы? Ошентип,""Биримдиктин""тизмесинде алгачкы 50 талапкердин арасында жергиликтүү кеңештерден турган 24 активдүү депутат бар, бирок экинчиси азчылыкты түзөт. Бул партия менен шайлоого бир министрдин милдетин аткаруучу жана вице-премьер министр, ар кандай компаниялардын 10 башкы директорлору, фонддордун жана ассоциациялардын 3 төрагасы бар. Ошондой эле, Биримдик лагеринде бир-эки жумушсуз, ошончо сандагы мугалимдер жана бир жеке ишкер бар. Дарыгерлерге орун табылган жок. ""Мекенчил""партиясында бир мурунку жана азыркы 5 депутат бар (эсиңизге салсак, жергиликтүү кеңештерди дагы эл депутаттарынын катарына кошконбуз - редактордун эскертүүсү), 2 айыл өкмөт башчысы, мурдагы акыйкатчы жана 5 мугалим. Бул саясий бирикменин тизмесине китепканачы, журналист, банк кызматкери, прокурор, ишкерлер жана 4 жумушсуз адам кирет. “Ыйман Нуру”тизмесиндеги 50 орундун ичинен 12си жумушсуз, дагы деле болсо 18 директор, 2 кызмат адамы, каржы талдоочусу, 3 юрист, айылдык кеңештин 6 депутаты бар. Бул саясий уюм менен Жогорку Кеңештин аппаратынын 2 кызматкери, 2 мугалим жана белгилүү бир компаниянын башкы адиси парламентке өтүүгө аракет кылып жатышат. ""Мекеним Кыргызстан""партиясынын курамы анча көп эмес: 18 депутат, 9 чиновник, 8 жумушсуз, 11 директор, адвокат, мурдагы депутат жана мугалим. ""Реформалардын""тизмесине 6 ишкер, 2 юрист, 20 директор, 1 жумушсуз, 5 мугалим, 2 дыйкан жана архитектор кирди. Эгер бул партияга шайлоо ийгиликтүү өтсө, анда алардын ичинен парламентте биз 3 журналистти, УКМКнын кызматкерин, инженерди, долбоордун адисин, дизайнерди, дарыгерди, менеджерди, фармацевтти, ал тургай 2 консультантты көрөбүз. ""Ата Мекен""партиясынын өкүлдөрү өз партияларынын алгачкы 50 талапкеринен шайлоочуларга 9 учурдагы депутатты, 11 директорду, 15 жумушсузду, бир мугалимди, 12 кызмат адамын, психиатрды жана ишкерди сунушташат. Он беш чиновник, 13 директор, жумушчу, 2 ишкер, жазуучу жана котормочу Замандаш партиясында өз ордун тапты. Бул партия дагы жумушсуз жарандардын жанынан өткөн жок - алардын 5и бар. Дагы 2 дарыгер жана пенсионер бар. Депутаттар - 7. “Бүтүн Кыргызстан”партиясынан 50 талапкердин тизмесинде биз 22 жумушсуз, 6 кызмат адамын, 3 мугалимди, 11 директорду, 2 юристти жана ошончо депутатты санап чыктык. Бул кечеде ошондой эле онколог, массаж терапевти, аларга кошулган 2 юрист жана пенсионер бар. ""Социал-демократтардын""курамында дагы ушундай - 18 жумушсуз, 14 директор, бир мурунку жана азыркы бир чиновник, партиянын катчылыгынын башчысы, 2 дыйкан, айыл өкмөт башчысы, дарыгер, мугалим жана 3 юрист. Жумушсуз талапкерлердин саны боюнча лидер ""Мекен Ынтымагы"" партиясы болгон - 28 жумушсуз, бирок компаниянын менеджерлери көп эмес - 5 директор. Ошондой эле 9 кызмат адамы, күзөтчү, 3 мугалим жана 3 юрист бар. ""Афганистандагы согуштун ардагерлеринин жана башка жергиликтүү аскердик чыр-чатактардын катышуучуларынын саясий партиясында""20 жумушсуз бар. Алардан тышкары 4 дарыгер, күзөтчү, айдоочу, 2 кассир, жеткирүүчү, 4 администратор жана 1 ишкер бар. Бул саясий бирикме өзүнүн тизмесине косметологду, ошондой эле 6 мугалимди, 2 юристти, реставраторду, ал тургай студентти камтыган. Ордо шаарында 16 жумушсуз болгон. 9 директор, 2 кызмат адамы, 5 бейөкмөт уюмдун өкүлү, бир фермер, дарыгер, машыктыруучу жана журналист, 2 мугалим жана 4 ишкер. ""Бир Бол""тизмесинин башына үч гана жумушсуз киргизилген, бирок 16 фирманын же мекеменин жетекчиси, 5 учурдагы депутат жана бир мурдагы, 9 кызмат адамы, 4 мугалим жана 2 журналист бар. ""Республика""партиясы шайлоочуларды өзгөчө таң калтыра албайт. Анын тизмесиндеги биринчи 50 талапкердин ичинен 7 депутат, 18 жумушсуз, 12 директор, 2 айыл өкмөт башчысы, ишкер, 2 кызмат адамы, 1 юрист жана мугалим. ""Кыргызстанда""14төн ашуун депутат иштейт, алардын 7 жумушсуз, 14 директор, Кайыңды шаарынын мэри, 2 мугалим, кассир, менеджер, бир-эки аткаруучу кеңешчи жана жеке ишкер. ""Чоң Казаттын""тизмеси кызыктуу көрүнөт. Анда: 11 директор, 4 мугалим, 10 ишкер, 3 кызмат адамы, 3 ЖМК өкүлдөрү. Бирок, бул саясий бирикменин өкүлдөрү дагы эле: фермер, геолог, үн инженери, банк кызматкери жана ал тургай башка партиянын лидери дагы бар. Эске сала кетсек, 4-октябрда Жогорку Кеңештин депутаттарын шайлоо болот. Вероника МалышеваСүрөт www",vesti.kg,https://vesti.kg/kg/analitika-kg/item/75646-kyrgyzstandyktar-zhany-parlamentte-mugalimder-menen-darygerlerdi-koro-alyshaby.html,2020-09-28T15:17:38+06:00,kyrgyz,0,high,news_site
6675b32f-44a6-4c9d-b318-fcfc91415c79,Кумтөр тышкы башкаруу режимин токтотту (сүрөт),"Тиешелүү буйрукка Акылбек Жапаров кол койду Министрлер кабинетинин төрагасы Акылбек Жапаров жарлыкка кол койду, ага ылайык Кумтөр кенинде тышкы башкаруу режими токтотулду. Бул тууралуу маалымат «Кумтөр Голд Компани» ЖАКтын сайтында жарыяланды. Документке ылайык, “Улуу көчмөндөрдүн мурасы” холдинги жана “Теңиз Бөлтүрүк” эки жуманын ичинде министрлер кабинетине өз ишмердүүлүгү тууралуу отчет бериши керек.Эске салсак, Кумтөрдө тышкы башкаруу 2021-жылдын 17-майында киргизилген.Сүрөт www",vesti.kg,https://vesti.kg/kg/geologiya-kg/item/103547-kumtor-tyshky-bashkaruu-rezhimin-toktottu-surot.html,2022-08-25T14:13:13+06:00,kyrgyz,0,high,news_site
0c5cbcbb-ec33-43f3-84cb-7e6d1fe8b81c,16 жашка чейинки балдары бар аз камсыз болгон үй-бүлөлөргө жөлөкпул берүү механизмине өзгөртүү киргизилди,"Үй-бүлө муктаждыгын аныктоодо кепилденген минималдуу киреше 1000 сомдон 1500 сомго жогорулатылды Аз камсыз болгон, 16 жашка чейинки балдары бар үй-бүлөлөргө берилүүчү “үй-бүлөгө көмөк” жөлөкпулун берүү механизмин кеңейтүү жана анын даректүүлүгүн жакшыртуу максатында 2026-жылдын 10-апрелинде Кыргыз Республикасынын Министрлер Кабинетинин №242 токтому кабыл алынды. Бул тууралуу Эмгек, социалдык камсыздоо жана миграция министрлигинден билдиришти. Аталган токтомго ылайык, жеңил автоунааны пайдалануу мөөнөтү 20 жылдан 15 жылга чейин (заводдон чыгарылган жылы кошо эсептелет) кыскартылды. Ошондой эле, аз камсыз болгон үй-бүлөлөр эгерде жеке менчигинде бир турак жайы болсо, “үй-бүлөгө көмөк” жөлөкпулун ала ала турганы белгиленди. Ал эми эки же андан көп турак жайы бар үй-бүлөлөргө бул жөлөкпул берилбей тургандыгы белгиленди. Мындан тышкары, үй-бүлөлөрдүн муктаждыгын аныктоодо колдонулуучу кепилденген минималдуу киреше 1000 сомдон 1500 сомго жогорулатылды. Бул өзгөртүүлөр 2026-жылдын 1-сентябрынан тартып күчүнө кирет. Белгилей кетсек, эгер жаран райондук коэффициент белгиленген калктуу конуштарда жашаса, анда “үй-бүлөгө көмөк” жөлөкпулу райондук коэффициентти эске алуу менен төлөнөт. фото www",vesti.kg,https://vesti.kg/kg/koom/item/149824-16-zhashka-chejinki-baldary-bar-az-kamsyz-bolgon-j-b-l-l-rg-zh-l-kpul-ber-mekhanizmine-zg-rt-kirgizildi.html,2026-04-23T12:05:57+06:00,kyrgyz,0,high,news_site
2d932722-bfe8-4a29-8ade-60e6a2e87a7b,Spring Festival Royal Central Park’та: 5 000ден ашуун конок жана грандиоздуу фейерверк-шоу,"Бишкектеги жазгы фестиваль сезондун эң көркөм жана таасирдүү окуяларынын бирине айланды 2026-жылдын 22-мартында Royal Central Park’та Spring Festival өтүп, 5 000ден ашуун конокту чогултуп, кубанычка жана бакытка толгон чыныгы майрамдык атмосфера тартуулады. Иш-чаранын кульминациясы дээрлик 6 мүнөткө созулган жаркыраган фейерверк-шоу болуп, Бишкектин асманын жарык кылып, бардык катышуучуларга унутулгус таасир калтырды. Бишкектин асманы дээрлик 6 мүнөткө созулган жаркыраган фейерверк менен жарыкка бөлөндү Бул иш-чара RCA Living тарабынан жасалган маанилүү билдирүү болду: «Royal Central Park бүгүнтөн тартып Бишкек шаарынын тургундары үчүн расмий түрдө эшигин ачат — бул ар бир үй-бүлө үчүн идеалдуу учурлар жаралган, жашыл чөйрөдө жана бактылуу коомдо жашоого арналган мейкиндик». Иш-чаранын жалпы көрүнүшү — миңдеген калкыма чырактардан түзүлгөн жылдыз формасы Фестиваль жогорку профессионалдык деңгээлде уюштурулуп, масштабы менен айырмаланды жана конокторго ар түрдүү программа сунуштады: жарманке жана кол өнөрчүлүк зоналары, балдар үчүн көңүл ачуучу аянтчалар, ошондой эле вокалдан жана бийден тартып магиялык шоуга чейин таасирдүү көрсөтүүлөр. Өзгөчө көңүл «жаш таланттардын кыялын жандыруу» идеясына бурулуп, сахна мектеп окуучулары жана студенттер үчүн өз жөндөмдөрүн, чыгармачылыгын жана шыктануусун көрсөтө турган аянтчага айланды. Кумарлануу менен жарыктанган сахна — бул жаш таланттар өзүнүн өзгөчөлүгүн жана кыял-максаттарын ишенимдүү түрдө көрсөткөн жай Көңүл ачуучу программа менен катар, иш-чара «Кыял шаарында жашыл келечекти отургуз» демилгеси аркылуу маанилүү социалдык миссияны да аткарды. 2 000ден ашуун дарак балдар тарабынан отургузулуп, экологиялык жана туруктуу шаардык мейкиндиктин пайдубалы түптөлдү. RCA Living бул «жашыл көчөттөрдү» кам көрүү милдетин өзүнө алат, анткени концепцияга ылайык Royal Central Park аймагынын 71%ы жашыл зоналарга, суу объектилерине жана инфраструктурага бөлүнгөн. 3 000ден ашуун жашыл көчөттөр отургузулду — бул келечектеги жашыл шаардын алгачкы кадамдары Иш-чаранын жүрүшүндө атмосфера дайыма жандуу жана толкунданууга толуп турду: коноктор кийинки таасирдүү көрсөтүүлөрдү чыдамсыздык менен күтүп, жалпы суммасы 300 000 KGSке чейинки баалуу белектерди утуп алуу мүмкүнчүлүгүнө ээ болушту, ошондой эле балдар үчүн атайын даярдалган 500дөн ашуун маанилүү белектер тартууланды. Кубаныч үстүнө кубаныч — жалпы байге фонду 300 000 KGSке чейин жана балдар үчүн жүздөгөн маанилүү белектер Иш-чаранын алкагында долбоор аймагына экскурсия (sitetour) да өткөрүлүп, коноктор «All-in-One» форматындагы шаар концепциясы менен таанышууга мүмкүнчүлүк алышты. Экскурсиядан кийин көпчүлүк катышуучулар долбоорго болгон жогорку ишенимин жана кызыгуусун билдиришти. Белгилей кетүүчү нерсе — батир сатып алуу боюнча бир топ келишимдер түздөн-түз иш-чара учурунда эле түзүлгөн. All-in-One мегаполисин изилдөө саякаты чыныгы жана шыктандыруучу тажрыйбаларды ачат. Айпери (55 жашта) мындай деди: «Менин уулум Royal Central Park’тан үч бөлмөлүү батир сатып алды. Бүгүн биздин үй-бүлө кыргыз маданиятына жакын, жашыл жана өнүккөн коомдо жашай турганына чоң сыймыктанам». Жакынча 5 000 конок чогулуп, кубаныч жана бакытка толгон майрамдык атмосфераны түзүштү. Аванбек (45 жашта) белгиледи: «Мен батирди бүгүн эле сатып алуу чечимин кабыл алдым. Экскурсиядан жана иш-чарага катышкандан кийин бул жашоо үчүн идеалдуу жер экенине ишендим — бардык шарттар жакын жайгашкан, ал эми долбоор жогорку сапаттагы жашоого жана туруктуу өнүгүүгө багытталган. Бул чындап эле сонун, анткени балдар Royal Central Park аймагындагы мектепке барып, күн сайын жашыл парктардан, соода борборунан жана айрыкча музыкалуу фонтан менен сахнадан ырахат ала алышат — мындай нерсени мен буга чейин Сингапур же АКШ сыяктуу өлкөлөрдө гана көрчүмүн. Ошондой эле батирдин баасынан 5% жеңилдик алганым мени абдан кубандырды». Royal Central Park – заманбап турак жай аймагы, анда заманбап архитектура көчмөн жашоо маданиятынын мурастары менен гармонияда айкалышып, өзгөчө жана өзүнчө көрүнүш түзөт. Фестиваль эки жаркын учур менен жыйынтыкталды: Бишкекте биринчи жолу коноктор Nomad Heritage көлүндө 3 000 калкыма чыракты коё беришип, чыныгы жомоктогудай атмосфера жаратышты. Андан кийин дароо дээрлик 6 мүнөткө созулган масштабдуу фейерверк-шоу өтүп, ал шаардагы эң таасирдүү көрсөтүүлөрдүн бири болду. Spring Fest – бул ар бир күйгүзүлгөн шам ар бир кыялды камтыган жер. Бишкектин асманы жаркыраган фейерверк менен жарык менен толуп, дээрлик 6 мүнөткө созулду. Өзүнүн масштабы жана коноктордун жогорку катышуусу менен Spring Festival Бишкектеги жаз мезгилинин эң ири иш-чараларынын бири болуп гана тим болбостон, Royal Central Park’тын баалуулугун дагы бир жолу тастыктады — бул заманбап «All-in-One» форматындагы шаар, жашоо үчүн идеалдуу шарттарды, жогорку деңгээлдеги комфортту жана чыныгы бактылуу коомду сунуштайт. Кийинки иш-чара тууралуу маалымат (28-март):2026-жылдын 28-мартында Royal Central Park’та өтө турган кийинки иш-чарага кошулуңуз — сизди дагы көп көңүл ачуу, көрсөтүүлөр жана өзгөчө таасирлер күтөт. Атайын сунуш:Иш-чара тууралуу маалымат – 2026-жылдын 28-марты: Ысык байланыш линиясы: +996 707 666 688Катталуу үчүн шилтеме:https://forms.gle/NAtLyAH9XTf48k5a9Иш-чара учурунда батир сатып алууда 5% эксклюзивдүү жеңилдик алыңыз. Рамазан мезгилиндеги атайын сунуш (08.03 – 31.03.2026):RCA Living тарабынан батирдин баасына кошумча 5% жеңилдик (башка акциялар менен кошо колдонулат). Атайын утуш ойнотуусу:2 электромобиль жана жалпы суммасы 6,5 млн сомго чейинки алтын белектерди утуп алуу мүмкүнчүлүгү. 2026-жылдын 22-мартында өткөн “Кышкы фестиваль” иш-чарасы боюнча видеону төмөнкү шилтеме аркылуу көрүңүз:",vesti.kg,https://vesti.kg/kg/koom/item/149076-spring-festival-royal-central-park-ta-5-000den-ashuun-konok-zhana-grandiozduu-fejerverk-shou.html,2026-03-23T20:39:53+06:00,kyrgyz,0,high,news_site
5d3df15a-af37-44da-a85d-a8650e8cc41d,Элчи Руслан Казакбаев TÜSİAD башкармалыгынын төрагасы менен жолукту,"Кыргыз тарап конкреттүү инвестициялык долбоорлорду TÜSİAD мүчөлөрүнүн кароосуна сунуштады Кыргызстандын Түркиядагы элчиси Руслан Казакбаев Стамбул шаарына болгон жумушчу сапарынын алкагында Түрк өнөр жайчылар жана ишкерлер ассоциациясы (TÜSİAD) башкармалыгынын төрагасы Орхан Туран менен жолукту. Тышкы иштер министрлигинен билдиришкендей, жолугушуунун жүрүшүндө тараптар эки өлкөнүн ортосундагы соода-экономикалык байланыштарды чыңдоо жана инвестициялык кызматташууну тереңдетүүнүн келечегин талкуулашты. Орхан Туран TÜSİAD`га кирген компаниялар Түркиянын тышкы соода жүгүртүүсүнүн 80%ын камсыздап жатканын, бирикменин өзүндө алдыңкы өнөр жай жана бизнес түзүмдөрүн кошкондо 4500дөн ашуун мүчө бар экенин белгиледи. Кыргызстандын экономикасынын энергетика, айыл чарба, тоо-кен жана туризм сыяктуу приоритеттүү тармактарында кызматташуу мүмкүнчүлүктөрүн талкуулоого өзгөчө көңүл бурулду. Кыргыз тарап конкреттүү инвестициялык долбоорлорду TÜSİAD мүчөлөрүнүн кароосуна сунуштады. Элчи Казакбаев инвестициялык климатты жакшыртууга жана чет элдик инвесторлордун иштөөсү үчүн жагымдуу шарттарды түзүүгө багытталган өлкөдө жүргүзүлүп жаткан экономикалык реформалар тууралуу маалымат берди. Мындан тышкары, элчи TÜSİAD делегациясын ассоциациянын ишмердүүлүгүнүн географиясын кеңейтүү жана кызматташтыкты бекемдөө перспективаларын изилдөө максатында Кыргызстанга келип кетүүгө чакырды.",vesti.kg,https://vesti.kg/kg/politika-kg/item/133020-16-tuzotuu-koloniyasyna-baruuchu-kopuro-ondolup-koldonuuga-berildi.html,2024-11-29T16:46:07+06:00,kyrgyz,0,high,news_site
2760c2f1-2812-4d86-997c-7d853510be7e,Кыргызстандыктар шайлоодон күтүлбөгөн жыйынтыктарды күтүшү керекпи?,"Саясий серепчилер Жогорку Кеңештин жаңы курамы жөнүндө көз караштары менен бөлүштү Эртеңки күнү Кыргызстандыктар жаңы парламентти шайлашы керек. Бүгүн депутаттыкка талапкерлер өз партиялары үчүн үгүт иштерин жүргүзө турган акыркы күн, ал эми эртең, 3-октябрда, өлкөдө ""жымжырттык"" күнү келет - ар кандай үгүт иштерине тыюу салынат.Vesti.kgсайты ата мекендик саясат таануучулардан алдыдагы шайлоого карата божомолдору менен бөлүшүүнү суранды. Добуш берүүнүн жыйынтыгынан күтүлбөгөн нерселерди күтүшүбүз керекпи? Чынара Эсенгул парламенттин VII чакырылышында кеминде 5 партия болот деп эсептейт. ""Албетте, Биримдик жана Мекеним Кыргызстан орун алат"" деп ишенет ал. - Көпчүлүк мандаттар ушул эки саясий бирикменин ортосунда бөлүштүрүлөт. Балким, “Бир Бол” жана “Ата Мекен” партиялары дагы шайлоо босогосунан өтө алышат, бирок “Республика” партиясын дагы таштабаш керек. Саясат таануучу шайлоодо биринчи орун административдик жана каржылык ресурстардын күрөшү болорун кошумчалады. ""Замандаш"" жана ""Кыргызстан"" партиялары үчүн дагы деле болсо бир аз мүмкүнчүлүк бар, бирок көп сандаган мандаттар алар үчүн жаркырабайт ""деди ал. - Ал эми ""Реформа"" жана ""Чоң Казат"" шайлоо босогосун Бишкек менен Оштун жаштары колдошу мүмкүн экендигине карабастан, араң өтөт. ""Бүтүн Кыргызстан"" партиясы парламентке өтпөй калышы мүмкүн жана ушул саясий биримдиктен адилетсиз шайлоолорго байланыштуу нааразычылыкты күтүү керек. Өз кезегинде, дагы бир саясат таануучуОрозбек Молдалиевдагы Жогорку Кеңештин жаңы чакырылышында кеминде 5 партияны көрөт. ""Биз бул шайлоодо эч кандай жаңы нерсени көрө албайбыз"" деп жооп берди. - Акыркы учурдагыдай эле, мандаттар 5-6 партиянын ортосунда бөлүштүрүлөт, бирок ар кандай өлчөмдө. Албетте, биринчи орунда олигархтардын бийликчил партиялары жана саясий уюмдары болот. Биздин өлкөнүн тарыхында буга чейин болуп өткөндөй эле, шайлоодо баардыгы коюм туудурган партиялар жеңишке жетишкен эмес. Элдер тандоодо өтө каприздүү. Бирок саясат таануучу парламенттен орун ала турган партиялардын аттарын атаган жок. - Шайлоо алдында бардык партиялар жеңишке жетем деп ишенишет. Мен эч кимди таарынткым келбейт », - деп түшүндүрдү ал. Ал ортодо анын кесиптешиКубат Султанбековэл Жогорку Кеңеште үчтөн ашык партияны көрбөйт деген оюн айтты. - ""Биримдик"" менен ""Мекеним Кыргызстанды"" парламенттен көрөбүз - бул сөзсүз, - деди ал. - Ал эми үчүнчү тарап ""Кыргызстан"" келет. БШК аларды шайлоодон четтеткенден кийин, алар бекеринен добуш беришкен жок. Балким, башка партияга бир нече мандат берилиши мүмкүн - ""Республика"". Ошентсе дагы Өмүрбек Бабановдун рейтинги дагы эле жакшы. Эскерте кетсек, Жогорку Кеңештин депутаттарын шайлоо 4-октябрда болот. Вероника МалышеваСүрөт www",vesti.kg,https://vesti.kg/kg/analitika-kg/item/75865-kyrgyzstandyktar-shajloodon-kutulbogon-zhyjyntyktardy-kutushu-kerekpi.html,2020-10-02T17:14:15+06:00,kyrgyz,0,high,news_site
fe230c43-00be-4ef8-8739-68daca5946c5,Финансы министрлигинде 2024-жылдагы бюджетте 133 миллион сомдон ашык мыйзам бузуулар аныкталды,"Аудит бюджеттик тартипти сактабаганды жана мамлекеттик каражаттарды натыйжасыз пайдалангандыгын көрсөткөн Эсептөө палата 2024-жылдагы бюджеттин аткарылышына аудит жүргүздү. Текшерүү Финансы министрлигинде, анын бөлүмдөрүндө жана карамагындагы кызматтарда өткөрүлдү. Жалпы суммада аныкталган мыйзам бузуулар 133 миллион 321 миң 8 жүз сомду түздү. Негизги көйгөйлөр бюджеттин бардык этаптарында байкалган: Аудиттин жыйынтыгына ылайык, Эсептөө палатасы мамлекеттик органдарга мыйзам бузууларды жоюу, бюджеттик тартипти чыңдоо жана каражаттарды натыйжалуу башкаруу боюнча сунуштар берди. Материалдар бузууларга жол берген кызмат адамдарын жоопкерчиликке тартуу үчүн тиешелүү органдарга жөнөтүлдү. Эсептөө палатасы берилген сунуштардын аткарылышын көзөмөлдөп турат. Кемчиликтерди өз убагында жоюу бюджеттик каражаттарды максаттуу жана үнөмдүү пайдалануунун негизги шарты болуп эсептелет.",vesti.kg,https://vesti.kg/kg/zxc-kg/item/147396-finansy-ministrliginde-2024-zhyldagy-byudzhette-133-million-somdon-ashyk-myjzam-buzuular-anyktaldy.html,2026-01-23T13:51:52+06:00,kyrgyz,0,high,news_site
8723d330-103b-4a52-bcb8-e5ca0515e49e,Кыш ден соолукту калыбына келтирген мезгилге айланганда: Түркияда кышкы курорттор сезону,"Түркиянын кышкы классикасы: табигый термал булактардагы саламаттык туризми Саякат тенденциялары өзгөрүп жаткан шартта, туристтер жаңы багыттарды ачуу менен катар терең мааниге ээ тажрыйбаларды издөөгө көбүрөөк көңүл бурууда. Айрыкча саламаттык туризми жеке өзгөрүүгө дем берген, байыркы айыктыруу салттарына, жаратылышка негизделген ырым-жырымдарга жана терини жаңыланууга багытталган эс алуу форматтары аркылуу кайрадан аныкталууда. Matador Network Travel Awards сыйлыгынын алкагында 2025-жылдын “Эң мыкты саламаттык туризми багыты” деп табылган Түркия бул тармактагы мүмкүнчүлүктөрүнүн ар түрдүүлүгү менен өзгөчөлөнөт. Жалгыз, үй-бүлө менен же муундар аралык саякат кылгандар үчүн Түркия кыш мезгилинде саламаттык туризми багытындагы жогорку деңгээлдеги эс алууну сунуштайт. Кышты ден соолукка арналган өзгөчө мезгилге айланта турган мүмкүнчүлүктөргө токтололу. Түркиянын кышкы классикасы: табигый термал булактардагы саламаттык туризми Айыктыруу салты байыркы доорлорго барып такалган Түркия дүйнөдөгү эң эски саламаттык туризми багыттарынын бири болуп саналат. Илгери Иераполис жана Пергамон сыяктуу дарылоо борборлору жайгашкан Анатолия миңдеген жылдар бою термал суулардын айыктыруучу күчү менен калыптанган. Бүгүнкү күндө Түркия дүйнөдө термал ресурстар боюнча жетинчи, Европада биринчи орунда турат. Өлкө боюнча 1 500дөн ашуун термал булак бар. Афьонкарахисар, Бурса жана Денизлидеги Памуккале сыяктуу алдыңкы багыттар Европанын тарыхый термал шаарларынын маршрутуна кирип, Түркиянын термал мурасын даңазалап келет. Афьонкарахисар минералдарга бай суулары жана дарылык ылай ванналары менен белгилүү. Алар салттуу түрдө жашартуучу жана ден соолукту чыңдоочу касиеттери үчүн бааланат. Бурса шаарында термал маданият күнүмдүк жашоого жана заманбап медицинанын, анын ичинде физиотерапиянын бөлүгү катары интеграцияланган. ЮНЕСКОнун тизмесине кирген Памуккале жана байыркы Иераполис шаары минералдуу террасалары жана дарылык бассейндери менен кылымдар бою зыяратчыларды өзүнө тартып келет. Алардын ичинде Клеопатра сууга түшкөн деп айтылган атактуу байыркы бассейн да бар. Мындан тышкары, Түркия Балыкесирден Яловага, Айдындан Болуга чейин жыл бою табигый туруктуу температурага ээ көптөгөн термал шаарларды сунуштайт. SPAжана хамамдар: саламаттык туризминде жаңылануу Кылымдарды карыткан хамам маданияты менен белгилүү болгон Түркияда саламаттык туризми багытындагы эс алуу салттуу түрк мончосуна барбай толук болбойт. Өлкөнүн бардык аймактарындагы тарыхый хамамдарда буу ванналары, денени тазалоочу сүртүнүү ырымдары жана жумшак самын массаждары аркылуу денени жана жан дүйнөнү жаңылоого шарт түзүлөт. Түрк хамамы — бул өткөндүн калдыгы эмес, бүгүнкү күндө да актуалдуулугун жоготпогон жандуу маданий практика. Дал ушул нукуралуулугу жана тарыхый тереңдиги СтамбулдагыZeyrekÇiniliHamamжайын дүйнөлүк деңгээлге чыгарып, аныTimeжурналынынWorld’sGreatestPlaces2024тизмесине, ошондой элеNationalGeographicтарабынанBestoftheWorldWellnessExperiences2026(саламаттык туризми категориясында) тизмесине киргизген. Заманбап тажрыйбаны каалагандар үчүн Түркиянын ири шаарларында жана жээктеги курортторунда жайгашкан SPA жана саламаттык туризми борборлору иштейт. Бул жайларда заманбап хамамдар сауна жана джакузилер менен айкалышып, массаждан тартып деңиз суусу менен дарылоого жана жеке машыгуу программаларына чейин кеңири кызматтар көрсөтүлөт. Жаратылышка негизделген саламаттык туризми Саламаттык туризминин алкагында саякатчылар күнүмдүк жашоодон алыстап, жаратылыш менен гармонияда эс алууну көбүрөөк тандап жатышат. Бодрум, Фетхие жана Анталья сыяктуу жээктеги багыттарда жайгашкан йога-ретриттер, органикалык чарбалар жана детокс-борборлор деңиз жээгинде калыбына келтирүүчү эс алуу үчүн идеалдуу шарттарды түзөт. Бул программалар көбүнчө йога, пилатес, дем алуу көнүгүүлөрү жана туура тамактанууга багытталып, дене менен акыл-эсти тең салмакка келтирүүгө жардам берет. Мындан тышкары, Түркиянын Cittaslow шаарлары жана “Best Tourism Villages” деп таанылган айылдары жаратылышка жана жергиликтүү жашоого негизделген тынч саламаттык туризми альтернативаларын сунуштайт.NationalGeographicтарабынан2026-жылы саякаттоо үчүн эң мыкты аймактардын биридеп табылган Кара деңиз аймагы болсо бийик тоолору жана жыгач үйлөрү менен өзгөчөлөнөт. Бул аймактарда жөө жүрүштөр жана велосипед тебүү саламаттык туризминин маанилүү бөлүгү болуп саналат.",vesti.kg,https://vesti.kg/kg/koom/item/147917-kysh-den-sooluktu-kalybyna-keltirgen-mezgilge-ajlanganda-turkiyada-kyshky-kurorttor-sezonu.html,2026-02-12T18:36:45+06:00,kyrgyz,0,high,news_site
9b2d0794-28ce-4d95-9bbf-92a521f93fff,Тарыхты калыптандырган ачылыштар жылы: 2025-жылы Туркиянын археологиялык жетишкендиктери,"Миңдеген жылдар бою цивилизациялардын бешиги болуп келген Анатолия аймагындагы Түркия жерлери адамзаттын жалпы мурасын бүгүнкү күнгө чейин ачып келүүдө. Чыгыштан батышка, түндүктөн түштүккө чейин созулган Түркия аймагы адамзат тарыхын калыптандырган цивилизациялардын изин чагылдырган ачык асман алдындагы музей катары кызмат кылат. «Мурастан келечекке» (Legacy to the Future)долбоору дал ушул баалуу тарыхый мурастарды даңазалоону, археологиялык иштерди өлкө боюнча кеңейтүүнү жана Түркия археологиясында жаңы, динамикалуу доорду баштоону максат кылат. Өткөн жылы бул демилгенин алкагында ар кыл доорлорго жана цивилизацияларга таандык көптөгөн табылгалар аныкталды. Бул ачылыштар адамзат менен айлана-чөйрөнүн өз ара байланышын жаңы көз караштан кароого шарт түзүп, 2025-жылды археологиялык эстеликтердеги зыяратчылар үчүн тажрыйбаны байыткан жана маданий мурастын көрүнүктүүлүгүн арттырган өзгөчө жылга айлантты. Эми былтыркы жылдагы Түркиянын эң маанилүү археологиялык табылгаларына токтололу. Неолит дооруна таандык ачылыштар Шанлыурфа аймагындагы неолит доорунун казууларын камтыганTaş Tepelerдолбоору 2025-жылы өзүнүн 5 жылдыгын белгилеп, былтыр маанилүү ачылыштарга күбө болду. Карахан-тепеден үч жаныбар элеси түшүрүлгөн кичинекей идиш табылып, ал азырынча белгилүү болгон эң алгачкы үч өлчөмдүү мифологиялык сүрөт катары бааланууда. Ошондой эле адам жүзү чегилген Т-түрүндөгү таш мамы табылган.Гөбеклитепеде дубалга орнотулган адам элеси курмандыкка арналган сыйынуу белгиси катары аныкталса, Сайбурч аймагынан оозу тигилген абалдагы каза болгон адамды чагылдырган айкел табылды. Ал эми Сефертепеден эки адам жүзү түшүрүлгөн рельеф жана эки беттүү мончок табылган. Байыркы Троядагы байлык менен бийликтин символдору Чанаккаладагы Троя шаарында уланып жаткан казуулар учурунда б.з.ч. болжол менен 2500-жылдарга таандык Эрте Бронза доорунун алтын фибуласы (төөнөгүч) жана сейрек кездешүүчү жадеит ташы табылды. Социалдык статус менен бийликтин белгиси катары колдонулган бул алтын буюм дүйнө жүзү боюнча белгилүү болгону үч гана нускасынын эң мыкты сакталган үлгүсү болуп, акыркы 100 жылдагы эң маанилүү археологиялык ачылыштардын бири катары бааланууда. Осмон деңиз тарыхына суу алдынан көз чаптыруу Мугланын Датча районуна жакын жайгашканКызлан Осмон кемесинин калдыктарындажүргүзүлгөн суу алдындагы казуулар Осмон империясынын деңиз тарыхын чагылдырган олуттуу табылгаларды алып чыкты. XVII кылымга таандык Түркиядагы жападан жалгыз белгилүү Осмон кемесинен 30дан ашык мылтык, 50дөн ашык граната, миңдеген ок-дарылар, Осмон дооруна таандык эң ири тамеки чоорлор жыйнагы жана кытай фарфору табылды. 4 500 жылдык идолдор Күтахья аймагындагы Батыш Анатолиянын эң ири Бронза дооруна таандык конуштарынын бири болгонТавшанлы Хөйүктөархеологдор 4 500 жылдык идолдорду табышты. Мрамордон, сөөктөн жана терракотадан жасалган бул айкелдер очоктун айланасына тизилип коюлган абалда табылып, ошол доордогу диний ишенимдер тууралуу баалуу маалыматтарды берет. Кара деңиздеги жылмайган Медуза Бартын облусунун Амасра районунда жайгашкан байыркыАмастрисшаарындагы 2 миң жылга жакын тарыхы бар стоа курулушу «Мурастан келечекке» долбоорунун алкагында кылдат калыбына келтирилүүдө. Реставрация иштеринин жүрүшүндө сейрек кездешүүчү, жылмайган Медуза элеси табылды. Мифологияда Медуза — жылан чачтуу, курч тиштүү, көз карашы менен адамды ташка айланта турган жин катары белгилүү. Эфестеги Сераписке арналган дагы бир табылга Измирдеги ЮНЕСКОнун тизмесине киргенЭфесшаарынан Египеттин кудайы Серапис түшүрүлгөн рельефи бар терракотадан жасалган түтүн чыгаруучу идиш табылды. Арткы бетиндеги жазуусунун аркасында бул буюм мурда Терраса үйлөрүнөн табылган ушу сыяктуу эле идиш менен байланыштырылды. Бул Эфесте бирдей буюмдарды жасаган устакананын болгонун же мындай буюмдардын туруктуу соода жүгүртүүсү бар экенин көрсөтөт. Караман аймагындагы ыйык нан табылгалары Караман облусундагы байыркыТопрактепе (Эйренеполис)шаарында жүргүзүлгөн казуулар учурунда б.з. VII–VIII кылымдарга таандык беш даана күйүп калган нан табылды. Адистер Мальта крестинин жана Иса Машаяктын сүрөтү түшүрүлгөн бул нандар алгачкы христиан жөрөлгөлөрүндө колдонулган ыйык нан болушу мүмкүн экенин белгилешет. Вандагы эң ири сактоо комплекси катары питостор Ван облусунун Ипекйолу районундагы Эрек тоосунун этегинде жайгашканКевенли чебесининурандыларында жүргүзүлгөн археологиялык иштердин жүрүшүндө урарту дооруна таандык, май, дан азыктары жана суусундуктарды сактоо үчүн колдонулган клинопись жазуулары бар 76 даана чоң сактоочу идиш — питос табылды. Бул табылга Ван аймагында бүгүнкү күнгө чейин аныкталган эң ири сактоо комплекси катары бааланууда.",vesti.kg,https://vesti.kg/kg/dujnede/item/147520-tarykhty-kalyptandyrgan-achylyshtar-zhyly-2025-zhyly-turkiyanyn-arkheologiyalyk-zhetishkendikteri.html,2026-01-28T18:00:55+06:00,kyrgyz,0,high,news_site
fe1ac3a3-71aa-4c4e-b643-344c931abffe,#Автордун көз карашы. Электромобильдер Бишкектин экологиясын жакшыртууга жардам береби?,"Электр кыймылдаткычтары бар унааларга өтүү борбордун экологиясына кандай таасир берерин түшүнөбүз Заманбап дүйнөнүн көпчүлүк өлкөлөрүндө электромобилдер кеңири жайылууда. Кыргызстан да четте калган жок — азыр да шаарыбыздын жолдорунда мындай машиналарды, анын ичинде таксилерден да кезиктирууге болот. Айдоочулар электромобилдерди аз техникалык тейлөө жана күйүүчү майды олуттуу үнөмдөө үчүн макташат. Мындай транспортту колдонуу экономикалык пайдадан тышкары шаардын экологиясына оң таасирин тийгизет. Айдоочулар электр кыймылдаткычы бар жеңил унааларга өтүшсө, шаардын кандай экологиялык жактан түшүрүлүшү жөнүндө сөз кыла турганыбызды талдап көрөлү.Төмөндөгү таблицада транспорт каражаттары бир километр жүргөндө аткарган зыяндуу заттардын атмосферага чыгышы боюнча маалыматтар көрсөтүлгөн.Шаарда автоунаалардын иштешинин эки негизги сценарийи бар. Биринчиси, автоунааларды өз муктаждыктарына пайдалануу. Мисалы, үйдөн жумушка, дүкөндөргө, окуу жайларга, базарларга, айылга жетүү үчүн. Бул сценарийде айдоочу күнүнө болжол менен 50 км айдайт дейли. Экинчи сценарий таксиде транспорт каражаттарын колдонууну камтыйт. Бул сценарий унаанын интенсивдүү иштеши менен байланыштуу, таксист күнүнө 250-350 км жол жүрө алат. Биз анализ үчүн 300 км көрсөткүчтү алабыз.Жалпысынан Бишкек шаарында 400 миң унаа катталган. Бул автотранспорттордун кээ бирлери иштебей, кээ бирлери борбордон тышкары жерде иштетилип жатканын эске алуу менен бул көрсөткүчтү оңдойбуз. Жалпылыкты жоготпостон, биз өзүбүздүн эсептөөлөрүбүз үчүн 300 миң машинанын көрсөткүчүн алабыз.Кыргызстандын борборунда Яндекс.Такси кызматына 10 миң таксист катталган. Ошол эле учурда бул агрегатор рынокто дээрлик монополиялык позицияны ээлейт. Башка кызматтардын таксисттеринин санын жогорудагы көрсөткүчтүн 10% деп алалы. Бишкектеги таксисттердин акыркы сметалык баасын 11 миңге алалы.Бишкек шаарындагы жеңил унаалардын бир жыл ичиндеги жалпы жүрүштөрүн эсептеп көрөлү.300*50*365+11*300*365 = 6 679 500 кмТаза транспорт боюнча эл аралык кеңеш электр унаалары өмүр бою атмосферага зыяндуу газдарды канчалык аз бөлүп чыгарарын баалады. Берилген маалыматтар электр энергиясын өндүрүүнүн ар кандай ыкмаларына байланыштуу планетанын аймагына жараша өзгөрүп турат. Европа жана Америка Кошмо Штаттары үчүн электр унааларынан чыккан газдар ичтен күйүүчү кыймылдаткычтары бар жеңил унаалардан 60-69% төмөн болгон. Азия үчүн бул көрсөткүч кыйла төмөн - 19% дан 45% га чейин. Бул электр энергиясын өндүрүү үчүн көмүрдү колдонуу менен шартталган. Ушуну эске алып, Кыргызстан үчүн 20% баасын алабыз.Биз таблицаны зыяндуу заттардын эмиссиясы боюнча маалыматтар менен жогоруда эсептелген көрсөткүчтөр менен толуктайбыз жана Бишкектин айдоочулары электромобилдерге толук, 50% жана 30% өткөндө булгоочу заттардын эмиссиясынын абсолюттук көрсөткүчтөрүн ала алабыз.Ошентип, экономикалык пайдадан тышкары, электромобилдерге өтүү Бишкектин экологиялык абалын бир топ жакшыртат. Бирок электромобилдерге өтүүнүн айлана-чөйрөгө тийгизген таасири Кыргызстандын энергетика тармагы тарабынан чектелүүдө – көмүрдү пайдалануу менен электр энергиясын өндүрүү газды же энергиянын кайра жаралуучу булактарын колдонууга караганда көбүрөөк масштабда экологияга зыян келтирет. Көмүр менен иштеген ЖЭБде электр энергиясын өндүрүү электр унааларынын экологиялык потенциалын жарымынан көбүрөк азайтат. Ошондуктан максималдуу эффект үчүн Бишкек шаарынын отун-энергетикалык комплексинин өндүрүштүк кубаттуулуктарынын балансын өзгөртүү зарыл. Александр Канунниковсүрөт www",vesti.kg,https://vesti.kg/kg/avtorduk-rakurs/item/107963-avtordun-koz-karashy-elektromobilder-bishkektin-ekologiyasyn-zhakshyrtuuga-zhardam-berebi.html,2022-12-26T12:53:01+06:00,kyrgyz,0,high,news_site
6504ab46-a709-4c34-a3f0-5a9fb9f41557,Түркияда 6–8-мартта сноуборд-кросс боюнча Дүйнө кубогу өтөт,"Мелдештер Эрзурум шаарындагы Паландөкен тоо-лыжа борборунда өткөрүлөт Түркиянын Эрзурум шаарында FIS Snowboard World Cup экинчи ирет уюштурулууда. Бул тууралуу иш-чаранын уюштуруучулары билдиришти. Мелдешке 20 өлкөдөн 300гө жакын спортчу катышат. Үч күндүн ичинде дүйнөнүн мыкты райдерлери Паландөкендин татаал трассаларында күч сынашып, жогорку ылдамдыктагы таймашты көрсөтүшөт. Бул мелдеш аталган жайда экинчи жолу өткөрүлүп жатат. Биринчи оюндар 2018-жылы уюштурулган эле. Паландөкен тажрыйбалуу лыжачылар жана сноубордчулар үчүн Түркиядагы эң мыкты багыттардын бири болуп саналат. Ал тик ылдый түшүүлөрү, узун трассалары жана сапаттуу кар катмары менен белгилүү. Мындан тышкары, 12–15-февраль күндөрү Паландөкенде жыл сайын өтүүчү Frozen Festival фестивалы уюштурулат. Фестивалдын алкагында конокторду дүйнөгө белгилүү артисттердин жандуу концерттери жана DJ-сеттер, après-ski жана кечки программалар күтөт. Ошондой эле лыжа жана сноуборд боюнча мелдештер, сыйлык тапшыруу аземи, йога сабактары, муз айкелдерин жасоо жана ар түрдүү тематикалык мастер-класстар өткөрүлөт. Эске салсак, Эрзурум шаарына 2025-жылдын Туристтик борбор шаары макамы Экономикалык кызматташтык уюму (ECO) тарабынан ыйгарылган. Ошондой эле шаар Европа спорт борборлору жана шаарлары федерациясы (ACES) тарабынан Кышкы спорттун Европадагы биринчи борбору деп табылган. Бул макамдардын аркасында шаар кышкы спорттун эл аралык аренасындагы ордун кыйла бекемдеди. Узун трассалар, заманбап инфраструктура жана туруктуу кар шарттары Паландөкенди дүйнөлүк деңгээлдеги мелдештерди өткөрүүгө ылайыктуу жайга айлантат. фото www",vesti.kg,https://vesti.kg/kg/dujnede/item/148202-turkiyada-6-8-martta-snoubord-kross-boyuncha-dujno-kubogu-otot.html,2026-02-23T11:08:51+06:00,kyrgyz,0,high,news_site
78f4a115-1231-4f09-b0ee-2e6f66102cca,"Камчыбек Ташиев өлкөгө келип, сурак берип жатат",Ал эки кылмыш иши боюнча күбө катары чакырылды Министрлер Кабинетинин төрагасынын мурдагы орун басары – УКМКнын мурдагы төрагасы Камчыбек Ташиев ИИМдин Тергөө кызматында сурак берип жатат. Бул маалыматты редакциясына ИИМден тастыкташты. Ал эки кылмыш иши боюнча күбө катары чакырылды.,vesti.kg,https://vesti.kg/kg/okuyalar/item/149002-kamchybek-tashiev-olkogo-kelip-surak-berip-zhatat.html,2026-03-19T11:15:03+06:00,kyrgyz,0,high,news_site
1ef619d3-a8d6-4f1e-88c2-42e914ffaf3c,Эсептөө палатасы: Антимонополия кызматындагы айрым кызматкерлер бир айда бир нече жолу премия алган,Аудит ведомстводогу мыйзам бузууларды аныктаган Кыргыз Республикасынын Эсептөө палатасы Экономика жана коммерция министрлигинин карамагындагы Антимонополиялык жөнгө салуу кызматынын бюджетти пайдаланууда мыйзам бузууларын аныктаган. Бул тууралуу ведомстводо билдиришти. Аудиттин жыйынтыктары төмөнкүдөй бузууларды көрсөткөн: Аудиттин жыйынтыгында Эсептөө палатасы мыйзам бузууларды жоюу боюнча тиешелүү сунуштар берген.,vesti.kg,https://vesti.kg/kg/zxc-kg/item/147397-eseptoo-palatasy-antimonopoliya-kyzmatyndagy-ajrym-kyzmatkerler-bir-ajda-bir-neche-zholu-premiya-algan.html,2026-01-23T14:02:08+06:00,kyrgyz,0,high,news_site
729a5403-4320-4e79-b2e0-13813ed95c9c,Кемпир-Абад маселеси УКМКнын төрагасы активисттер менен жолугушту,"Камчыбек Кыдыршаевич жеке өзү баарын көрсөтүп, дыкат түшүндүрүп берди Бүгүн Улуттук коопсуздук мамлекеттик комитетинин төрагасы Камчыбек Ташиев ""Кемпир-Абадчыларды"" кабыл алып, абалды дыкат түшүндүрүп берди. Бул тууралуу жолугушууга катышкан активист Илгиз Шаменов социалдык тармактагы баракчасына жазды. Анын айтымында, Камчыбек Ташиев аларды УКМКнын конок үйүндө жылуу маанайда кабыл алган. ""Кемпир-Абад боюнча Камчыбек Кыдыршаевич жеке өзү баарын көрсөтүп, дыкат түшүндүрүп берди. Карталардын баарын жайып ачык көрсөттү, ар тараптуу талкуу болду, жеке мен ынандым. Себеби, мен көргөн документтердин негизинде, биздин картабыз мурда 199 миң чарчы метр болсо, азыр 200 миң чарчы метр болгонун картадан өз көзүм менен көрдүм. Эми калганына тарых баа берет деп ойлойм, жылуу маанайда бизди кабыл алып, түшүндүрүп, сөз берип, оюбузду укканы үчүн Камчыбек Кыдыршаевичке терең ыраазычылык билдирем. Дагы кандайдыр бир маселелер болсо келгиле, эшигим дайыма ачык деген сөзүн айтты"", - деп жазган ал. Эске салсак, буга чейин бир катар саясатчылар жана активисттер Кемпир-Абад, анын ичинде Кыргызстандын жерлери Өзбекстанга берилип кетти, бийлик бизди алдап жатат деп нааразычылыктарын айтып чыгышкан. 2022-жылдын 26-сентябрында Бишкекке Өзбекстандын премьер-министри Абдулла Арипов келип, УКМКнын төрагасы Камчыбек Ташиев экөө кыргыз-өзбек мамлекеттик чек арасынын айрым тилкелери жөнүндө жаңы келишимдин долбоорун макулдашуу боюнча процедураны баштоого мүмкүндүк берген протоколго кол коюшкан. Анда Ташиев кыргыз-өзбек чек арасын делимитациялоо жана демаркациялоо маселесин жыйынтыктоо боюнча тарыхый миссия болгонун билдирип, делимитация процесси аяктаганын белгилеген.",vesti.kg,https://vesti.kg/kg/politika-kg/item/133031-kempir-abad-maselesi-ukmknyn-toragasy-aktivistter-menen-zholugushtu.html,2024-11-29T18:10:36+06:00,kyrgyz,0,high,news_site
b15559ae-bf22-4710-94c4-f2ef2a6b9aee,#Автордун көз карашы. Журналисттер арасындагы текебердик жана бой көтөрүү авторитардык мамлекеттин өнөктөштөрүбү?,"Журналисттик коомчулуктун атомизациясы авторитаризмдин өнүгүшүнө кандай салым кошо аларын түшүнүү Кыргызстандын медиа чөйрөсүндө чыр-чатактар ​​көбөйүүдө. Көрүнүктүү мисалдар катары жакында эле Kaktus.media сайтынын «Вечерний Бишкектин» жабылышы тууралуу билдирүүсү келтирилип, анын жыйынтыгында 50 миллион сомдук доо кеткен. Же болбосо “Азаттык” радиосунун сайтын мамлекет тарабынан жабуу, эсептерди жабуу жана маалыматтык ресурстун телерадио берүүлөрүн обого чыгаруудан баш тартуу менен толукталган. Бул окуялар кыргыз маалымат каражаттарынын ортосунда кошумча ажырымды жаратты. Көбүнчө журналисттер жогорку маяна же кандайдыр бир материалдык эмес артыкчылыктарды сунуш кылган редакцияда болуу бактысына ээ болгон кесиптештеринин текебер мамилесине туш болушат. Ар кандай саясий көз караштардын фонунда же медианын либералдык батышчыл ой жүгүртүүгө, орусиячыл же мамлекетчил идеяларга (кээде интуитивдик) таандык болушунун фонунда түшүнбөстүктөр жана чыр-чатактар ​​барган сайын көбөйүүдө.Жалпыга маалымдоо каражаттары биринчи кезекте коомдогу айрым окуялар жөнүндө жарандарга маалымат берүүгө багытталган конкреттүү социалдык институт экенин түшүнүү керек. Ошого карабастан, ЖМК да өз ээлерине акчалай да, кызыкдар тараптардын ишмердигине таасир этүүчү окуяларга карата коомдук пикирди калыптандыруу аркылуу да киреше ала турган бизнес. Бул журналистиканын дуалисттик мүнөзүн түзөт – редакциялар менчик ээлеринин кызыкчылыктары, коомдук керектөөлөр жана өздөрүнүн репутациясынын ортосунда тең салмактуулукту сактоого аргасыз. Албетте, Кыргыз Республикасында журналисттердин этикалык кодекси бар. Бул документте, мисалы, жеке кызыкчылык кесиптик ишмердүүлүктүн натыйжаларында чагылдырылбашы керектиги белгиленген. Чындыгында «төртүнчү бийликтин» жумушчулары кээде башка коомдук күчтөрдүн таламдарын эсепке алуу менен иштөөгө милдеттуу.Бул эки фактор мамлекеттик бийлик бутактары өз жашоосун жөнөкөйлөштүрө ала турган шарттарды түзөт. Бийлик атаандаштыгын тең салмактай алган журналистиканын алсырашы авторитардык, ал тургай тоталитардык режимдердин калыптанышына өбөлгө түзөт. Демек, коомдун ак ниет жана кайдыгер эмес өкүлү катары журналисттин милдети – өлкөнүн жөнөкөй жарандарынын маалыматчысы жана коргоочусу – өзүнүн негизги функциясын аткаруу үчүн оор шарттарда да мүмкүнчүлүктөрдү табуу.Ошентип, редакторлор менен айрым адистердин ортосундагы текебер жана достук мамилеси өз окурмандарына каршы иштейт. Постсоветтик мейкиндиктин көптөгөн өлкөлөрү эгемендүүлүктүн ондогон жылдарында эркиндиктеринин олуттуу бөлүгүн жоготкон шарттарда, атап айтканда, сөз жана маалымат каражаттарынын эркиндиги, саясий оппоненттерге кесиптештеринин араздашуусуна жардам берүү акылга сыйбайт.Кадимки басылманын кызматкери таасир эте албаган журналисттердин жашоосун татаалдаткан жагдайлар бар. Бирок коом үчүн иштөөнү өздөрүнүн кредосу катары тандап алган адамдардын коллективдери ортосундагы кесипкөйлүк жана этикалык мамиле – бул ар бир адам аткара ала турган жана аткарууга тийиш болгон милдет. Болбосо, өз кызыкчылыгы үчүн саясатка аралашкан айлакер оппортунисттер оңой эле “бөлүп ал, башкар” принцибине өтүшөт. Ошондо ММКнын жетекчилиги тарабынан берилген деңизге жолдомо же, мисалы, көрө албастык камсыздандыруу менен эч ким калбай калышы мүмкүн. Анткени көз карандысыз порталдардын жана басылмалардын 90% андай болбойт. Кара күчтөрдүн жашоосун жеңилдетпе.Александр Канунниковсүрөт www",vesti.kg,https://vesti.kg/kg/avtorduk-rakurs/item/108665-avtordun-koz-karashy-zhurnalistter-arasyndagy-tekeberdik-zhana-boj-kotoruu-avtoritardyk-mamlekettin-onoktoshtorubu.html,2023-01-18T15:57:59+06:00,kyrgyz,0,high,news_site
cadedda5-5e9f-458d-8c1e-814e1e27e3b7,Royal Central Park долбоорунда 2026-жылдын 4-апрелинде квартира сатуу боюнча келишимдердин тез өсүшү,"Суроо-талап өсүүдө, сатып алуучулар активдүү: долбоор рынок жанданып жаткан шартта позициясын бекемдөйт 2026-жылдын 4-апрели девелопер RCA Living тарабынан уюштурулган «The Essence – инвестициялык тартылуу борбору, гүлдөп өнүгүүнүн башталышы» аттуу иш-чара аркылуу рынокто олуттуу көңүл бурулган маанилүү дата болду. Иш-чаранын алкагында бир күндүн ичинде жүздөгөн ийгиликтүү батир сатуу келишимдери катталып, бул Royal Central Park долбооруна болгон жогорку кызыгууну жана рыноктун оң динамикасын дагы бир жолу тастыктады. Ийгиликтүү батир сатып алгандан кийин 12 г, 8 г жана 4 г алтын байгелерин алган кардарлардын сүрөттөрү Кыргызстандын кыймылсыз мүлк рыногу өсүү фазасына өтүп жаткан шартта, айрыкча интеграцияланган «all-in-one» форматындагы шаардык комплекстерге эрте кирүү келечектеги киреше алуу үчүн натыйжалуу стратегия катары каралууда. Иш-чаранын алкагында батирдин баасынын 70% төлөгөн кардарлар үчүн 12% чейин арзандатуу сунушу өзгөчө көңүлдү бурду. Бул инвестицияга кирүү босогосун төмөндөтүп, сатып алуучулардын кызыгуусун күчөттү. «The Essence – инвестициялык тартылуу борбору, гүлдөп өнүгүүнүн башталышы» иш-чарасында консультация алып жаткан кардарлардын сүрөттөрү Кыргыз Республикасынын Курулуш, архитектура жана турак жай-коммуналдык чарба министрлигинин 2026-жылдын 2-апрелиндеги маалыматына ылайык, турак жай баалары учурда негизинен рыноктук механизмдер аркылуу калыптанып, өсүү тенденциясын көрсөтүүдө. Бишкекте батирлердин орточо баасы 1 м² үчүн 1 400–1 800 АКШ долларынын чегинде, айрым жаңы долбоорлордо болжол менен 1 600 долларга чейин жетет. Башка региондордо баалар 450–900 доллардын чегинде. Бул көрсөткүчтөр, айрыкча рынокко эрте чыккан долбоорлор үчүн, өсүү потенциалынын сакталып жатканын көрсөтөт. Консультациялардан жана келишим түзүүдөн тышкары, иш-чара Rox Center аянтчасында үй-бүлөлүк эс алуу мейкиндиги катары да уюштурулду. Көңүл ачуучу активдүүлүктөр, балдар үчүн оюн зоналары жана интерактивдүү форматтар жандуу атмосфера түзүп, көп сандаган конокторду тартты. Иш-чаранын жүрүшүндө көптөгөн кардарлар баалуу белектерге ээ болушту, анын ичинде 12, 8 жана 4 грамм алтын. Мындан тышкары, sales gallery коноктору iPhone 17 Pro Max жана жалпы баасы 260 000 сомго чейинки тиричилик техникасы ойнотулган лотереяга катышышты. Rox Center, Чүй проспектиси 158 дарегиндеги балдар зонасынын сүрөттөрү iPhone 17 Pro Max утуп алган кардарлардын сүрөттөрү 4-апрелдеги иш-чара ошондой эле 2026-жылдын 30-апрелине чейин улануучу иш-чаралар сериясынын башталышы болду. Бул серияга көңүл ачуучу программалар жана балдар үчүн мастер-класстар кирет. Ушундайча, девелопер долбоорду жөн гана турак жай комплекси катары эмес, үй-бүлөлүк жашоо үчүн ыңгайлуу жана коомчулук өз ара аракеттене турган чөйрө катары калыптандырууда. Долбоорду тааныштыруу зонасында коноктор «All-in-One» форматындагы шаардык мейкиндик концепциясы менен таанышып, адистерден кеңеш ала алышты. Rox Center ошондой эле долбоорду иммерсивдүү форматта тааныштыруу аянтчасы болуп, анын концепциясын жана өнүгүү перспективаларын тереңирээк түшүнүүгө мүмкүндүк берди. Иш-чарадагы кардарларга консультация берүү процессинин сүрөттөрү Иш-чаранын негизги көңүл борборунда болгонTheEssenceбөлүмү Y формасындагы архитектурасы менен айырмаланды. Бул чечим табигый жарыкты оптималдаштырып, купуялуулукту жогорулатат жана ар бир батирге микроклиматтын таасирин азайтат. 29 кабатка чейинки бийиктиги менен комплекс бийиктикте жашоо концепциясын сунуштап, Тянь-Шань тоолоруна панорамалык көрүнүштөрдү жана тынч, абалуу атмосфераны камсыз кылат. The Essence фасады жана Тянь-Шань тоолоруна болгон көрүнүштөрдүн сүрөттөрү Долбоор өнүккөн инфраструктураны камтыйт: коммерциялык подиум, грек стилиндеги ландшафттык бактар, фитнес-борбор, жыл бою иштеген бассейн жана SPA менен ден соолук зоналары, ошондой эле коомдук мейкиндиктер — чатырдагы бактар жана лаунж-зоналар. Мындай ыңгайлуулуктар топтому заманбап интеграцияланган шаардык долбоорлор үчүн акырындап стандартка айланууда. The Essence бассейнинин жана фитнес-борборунун сүрөттөрү Royal Central Park иш-чаралар сериясы рыноктогу актуалдуу тенденцияны чагылдырат — долбоорду тааныштыруу менен толук кандуу колдонуучулук тажрыйбаны айкалыштыруу. Маалыматты сунуштоодо технологияларды колдонуу жана консультанттардын кесипкөй даярдыгы сатып алуучулар үчүн маалыматтын ачыктыгын жана жеткиликтүүлүгүн жогорулатат. Рыноктук көз караштан алганда, «The Essence – инвестициялык тартылуу борбору, гүлдөп өнүгүүнүн башталышы» иш-чарасы кардарлардын жогорку кызыгуусун гана эмес, Бишкектеги интеграцияланган шаардык кыймылсыз мүлк сегментинин учурдагы этаптагы оң динамикасын дагы бир жолу тастыктайт. Rox Center, Чүй проспектиси 158 дарегинде күн сайын активдүүлүктөр Royal Central Park долбоорунун sales galleryсине келип, күн сайын саат09:00дөн 22:00гөчейин өтүүчү бай программага күбө болуңуз. Коноктор iPhone 17 Pro Max жана жалпы баасы260 000 сомгочейинки башка байгелер ойнотулган лотереяга катыша алышат. Келгендер үчүн акысыз чай, кофе жана десерттер, ошондой эле жандуу музыка жана балдар үчүн мастер-класстар сыяктуу ар түрдүү активдүүлүктөр сунушталат — бул бүт үй-бүлө үчүн ыңгайлуу мейкиндик түзөт. Специальные предложения – корпус ATLAS(Y2):",vesti.kg,https://vesti.kg/kg/koom/item/149466-royal-central-park-dolboorunda-2026-zhyldyn-4-aprelinde-kvartira-satuu-boyuncha-kelishimderdin-tez-osushu.html,2026-04-08T18:36:02+06:00,kyrgyz,0,high,news_site
90657da4-de2e-4da2-a1ef-2cfca3449151,Жаны кулинардык доор: Каппадокиядагы Michelin жылдуздуу ресторандар,"MICHELIN гидинин Түркиядагы жолу 2022-жылы İstanbul 2023 тандоосунун жарыяланышы менен башталган. Кийинчерээк бул абройлуу гид Измир жана Мугла аймактарын камтып, 2025-жылы Каппадокияны да өз тизмесине кошту. Бул кадам Түркиянын бай жана көп түрдүү гастрономиялык мурасын эл аралык деңгээлде таанытуудагы дагы бир маанилүү этап болду. Жомоктогудай таш мунаралары, байыркы үңкүр үйлөрү жана аба шарлары менен дүйнөгө таанылган Каппадокия MICHELIN гидине 18 ресторан менен кирди. Жаңы MICHELIN жылдыздарына ээ болгон жайлар, жергиликтүү азыктарга өзгөчө басым жасоо, Анадолунун кылымдардан бери келе жаткан рецепттерин заманбап ыкмада кайра чечмелеген ашпозчулар жана туруктуулукка багытталган көз караш аймакты Түркиянын эң кызыктуу гастрономиялык багыттарынын бирине айландырды. Жер, салт жана чеберчилик менен калыптанган даамдар Каппадокия укмуштуу саякаттары менен катар унутулгус кулинардык тажрыйбаларды сунуштап, аны өзгөчө гастрономиялык багыт катары айырмалап турат. Жергиликтүү тамак-аштар кылымдар бою сакталып келген рецепттер, ачык отто бышыруу ыкмалары, жанар тоо топурагында өстүрүлгөн органикалык азыктар жана жакынкы жүзүмзарлардан алынган жыттуу жүзүмдөр аркылуу даярдалат. MICHELIN гидинин тандоосу аймактын гастрономиялык мүмкүнчүлүгүнүн жогору экенин айкын көрсөтөт. Бул таанылуу MICHELIN жылдызы жана Жашыл жылдыз менен гана чектелбейт. Каппадокияда ошондой элеBibGourmandжана MICHELIN сунуштаган ресторандардын кеңири тизмеси бар. Алардын арасында аялдар кооперативдери, үй-бүлөлүк ишканалар жана муундан муунга салтын сактап келген жергиликтүү ашканалар да орун алган. Бул ресторандар конокторду аймактын табияты, жергиликтүү өндүрүүчүлөрү жана нукура даамдары менен байланыштырган өзгөчө гастрономиялык саякатты түзөт. Тамыры тереңде жаткан Каппадокия ашканасы Каппадокиянын керемет пейзаждары гана эмес, анын жери мол жана ар түрдүү даамдардын булагы болуп саналат. Аймактагы ресторандарда ар бир табакта жергиликтүү байлык жана даамдардын көп түрдүүлүгү сезилет. Маселен, өрүк кошулган жумшак таттуу шорполор же ашкабактын уругу менен берилген үйдө жасалганэриштечыныгы “талаадан дасторконго” философиясын чагылдырат. Каппадокиянын ашканасы түрк жана анадолу салттарына терең тамырлаш. Ошондуктан салттуу ыкмалар менен даярдалган тамактар аймактын тарыхы аркылуу өзгөчө даамдык саякат тартуулайт. Алардын ичинентести кебабыКаппадокия сапарынын эң унутулгус символу болуп саналат. Авaнос шаарында жасалган чопо идиштерде бышырылып, тандыр мешинде жай кайнаган бул тамак коноктордун көз алдында идиши сындырылып, ысык бойдон сунушталат. Ошондой эле отто жай бышкан өрүк эт тамагы —кайсы яхниси, эт, жаңгак жана татымалдар менен толтурулган айва, ак буурчак менен эттен даярдалганагпакласыяктуу тамактар сунушталат. Ашказан тойуинжир ягламасы, ашкабак таттуусу,долаз(май кошулган ун халвасы) жана Үргүп стилиндегиДамат баклавасысыяктуу өзгөчө таттуулар менен жыйынтыкталат. Niğde Mavisi жана үңкүрдө жетилгенDivleObrukсыры сыяктуу жергиликтүү даамдар аймактын шараптары менен мыкты айкалышат. Берекелүү жүзүмзарлар менен курчалган КаппадокияБогазкере, Наринжежана минералдуу даамы менен айырмаланганЭмиржүзүм сортторунан жасалган шараптары менен белгилүү. Мындан тышкары, коноктор жергиликтүү шарап заводдорунда экскурсияларга жана дегустацияларга катышып, бул маданиятты жакындан таанып-биле алышат.",vesti.kg,https://vesti.kg/kg/koom/item/147830-zhany-kulinardyk-door-kappadokiyadagy-michelin-zhylduzduu-restorandar.html,2026-02-10T14:48:13+06:00,kyrgyz,0,high,news_site
fe4f5d7c-1f17-434c-933c-833d0bdf0305,#Автордун көз карашы. Энергетикалык каатчылык жана электр жарыгын өчүрүүлөр өлкөнү кырга алып барабы?,"Ондогон жылдар бою чечилбей келе жаткан көйгөйдүн алдында кыргызстандыктар кантип жашап жатат Аномалдуу суук аба ырайы жана Токтогул суу сактагычынын көлөмүнүн азайышы кыргыз эли жок дегенде жактырбаган эски/жаңы көйгөйгө алып келди. Сөз жарандарды тамак-ашты туура бышыруу, кир жуугуч жана башка үй жумуштарын чечүү мүмкүнчүлүгүнөн ажыраткан өчүрүүлөр жөнүндө болуп жатат. Бизнеске келтирилген зыянды айтпай эле коёлу. Же операция учурунда ооруканада жарыкты өчүрүү сыяктуу социалдык тобокелдиктер жөнүндө.Энергетиктердин жетекчилиги жана аткаминерлер мындай көйгөй жаралышы мүмкүн экенин көпкө танып келишкен. Анан алар кырдаал оор экенин, бирок электр жарыгын өчүрбөстөн эле иштей аларына ишендиришти. Бүгүнкү күндө аткаминерлер электр энергиясын үнөмдөө зарылдыгын түшүнүшүп, жадакалса калк үчүн график түзүштү.Электр жарыгынын өчүрүлүшү тууралуу коомчулукта эң катуу чагылдырылышы Курманбек Бакиевдин бийлиги менен тыгыз байланышта. Бирок бул 12 жылдан ашык убакыт мурун болгон. Эмне үчүн эски көйгөйлөр кайра чыгып, кыргыз элине өзүн эң жагымсыз түрдө эске салып жатат?Бул боюнча расмий түшүндүрмө бар. Энергетика тармагындагы көйгөйлөрдү мамлекеттик жана жеке менчикке чейин энергетикалык компаниялардын жетекчилери бир нече жолу коркутуп келишкен. Мунун көптөгөн себептери бар: калктын энергия керектөөсүнүн өсүшүнөн тартып, өлкөдөгү аба ырайына байланыштуу көйгөйлөргө чейин: жаан-чачын аз; суук болуп, кар эрибейт; анда, тескерисинче, өтө ысык, дарыяларды жана суу сактагычты эрип, толтура турган нерселердин баары эрип кетти.Элде энергетикалык кризистин башка себептери да: коррупция жана дүң уурулук, электр энергиясын, сууну башка мамлекеттерге улуттук экономикага зыян келтирип сатуу, өлкөнүн энергетикасына жооптуу кадрлардын шалаакы мамилеси жана сабатсыздыгы тууралуу сөз болду.Бир нече күн мурун өлкө боюнча жана борбор калаанын райондорунда электр энергиясы өчүрүлө баштаганда энергетиктер дароо төгүнгө чыгарышты, алар жок, электр жарыгы үзгүлтүккө учураган жок, электр энергиясы ашыкча болгондугуна байланыштуу энергетика тармагында авариялык абал жаралып жатканын айтышты. энергетикалык инфраструктуранын жүгүн азайтуу үчүн эскирген тармактар ​​(ар бир учурда күйүп жаткан) жана жумшак жөнгө салуу. Бүгүн парламенттеги чиновниктер өчүрүүлөр дагы эле жүрүп жатканын, аларсыз ишке ашыруу мүмкүн эместигин, энергетикалык инфраструктураны күйүп кетпеши үчүн үнөмдөөнүн бирден-бир жолу экенин жана сууну пайдалануудагы басымды азайтуу экенин моюнга алышты. Токтогул суу сактагычы (антпесе ал жердеги деңгээл критикалык “өлүк” линияга түшүп калышы мүмкүн, андан кийин турбиналар токтоп, кайра ишке киргизүү чоң көйгөйлөргө алып келиши мүмкүн).Ал эми эл? Ал эми элчи – эл жаңы шарттарга ыңгайлашып баратат (Кыргызстан эгемендүүлүк алган мезгилдегидей эле), социалдык тармактарда чиновниктерди жана энергетиктерди кыргыз элинин экстремалдуу жашоо шарты үчүн урушуп жатышат. Катуу суук маалында (өлкөнүн кээ бир аймактарында абанын температурасы -40, -45 градуска чейин төмөндөп кеткен) жана мурда Кыргызстанда электр жарыгын өчүрүү кандайча аталып келгенин, ошондой эле электр жарыгын өчүрүүлөр болгон учурду эстеп калууга туура келди. Электр энергиясы үзгүлтүккө учурабайбы? Тактап айтканда, “Короче” телеграм-каналына келгендер жарым тамаша/жарым олуттуу аттардан байкап тургандай, электр жарыгынын үзгүлтүккө учурашы Акаев доорунан бери ушул убакка чейин дээрлик токтобогон:2004 - такөчүрүүлөр;2005 - шок өчүрүүлөр;2007-2008-жж. - өчүрүүлөр;2008-2009 - максаттуу өчүрүүлөр;2009-2010-жылдар – чектелген өчүрүүлөр;2010-2011 - авариялык өчүрүүлөр;2011-2012-жылдары - техникалык өчүрүүлөр;2013-2014 - комплекстүү өчүрүүлөр;2014-2015 - жаңы тариф саясаты;2015-2016 - мажбурлап өчүрүүлөр;2018-жыл – күтүүсүз өчүрүүлөр (ТЭЦсиз);2019-2021 - эч кандай билдирүүлөр же графиктер2022-2023 - жөнгө салуу өчүрүүлөр.Жакынкы келечекте (кыш бүтө элек) жана жазында (жазгы айыл чарба жумуштары жүрүп жаткан мезгилде) өлкөнү эмне күтүп турат, кыргыз эли кантип тапкычтык менен күн өткөрөрүн, кантип кам көрүүнү билбейт. Өздөрүн жана үй-бүлөлөрүн мамлекет сөз менен гана колдогон шартта.Кырдаал өзгөрөт деп ишенгим келет жана өлкөнүн башка аймактарындагыдай эле энергетика тармагында да тартип орнойт .Лейла МолдыбаеваСүрөт www",vesti.kg,https://vesti.kg/kg/avtorduk-rakurs/item/108720-avtordun-koz-karashy-energetikalyk-kaatchylyk-zhana-elektr-zharygyn-ochuruulor-olkonu-kyrga-alyp-baraby.html,2023-01-19T17:01:24+06:00,kyrgyz,0,high,news_site
7cc082df-8463-47d4-bb52-43ac33d89a6c,Эмне үчүн жылуулук насостору Бишкектеги жылытуунун келечеги болуп жатат,"Мындай жылытуу технологиясы - бул бир сезондук чечим эмес, көп жылга эсептелген ыкма Бишкекте жылытуу маселеси эбак эле жөн гана тиричилик темасынан чыгып кеткен. Үйлөр эмнеге жылыганы үй-бүлөнүн чыгымына эле эмес, шаардагы абанын сапатына, энергетикалык системага түшкөн жүккө жана жалпы шаардык жашоо деңгээлине да таасир этет. Ошондуктан бүгүн жылуулук насостору тууралуу сөз барган сайын көбүрөөк айтылып жатат. Бул борбор үчүн өзгөчө кышында жакшы байкалат. Жеке сектор дагы деле болсо көп жагынан көмүргө, отунга, газга жана түз электр жылытууга таянат. Бул чечимдер тааныш жана түшүнүктүү, бирок ар биринин өз баасы бар: сезондук чыгымдар, отунга көз карандылык, системаны тейлөө зарылдыгы жана көмүр колдонулган учурда шаардагы ышка түз салым. Жылуулук насосу башкача логиканы сунуштайт. Ал үйдүн ичинде отун жакпайт, тескерисинче, абадан, жерден же суудан жылуулукту алып өткөрөт. Мунун эсебинен система кадимки электр жылытууга караганда натыйжалуураак иштейт жана күнүмдүк пайдаланууда адамдын катышуусун кыйла аз талап кылат. Эмне үчүн дал ушундай технологияларды келечектин жылытуусу деп аташат? Биринчиден, энергияны үнөмдүүлүгү үчүн. Бир эле система азыраак энергия коротуп, көбүрөөк жылуулук берсе, анда жылытуунун узак мөөнөттүү экономикасы өзгөрөт. Бул бир сезондук чечим эмес, көп жылга эсептелген ыкма. Экинчи аргумент — ыңгайлуулук. Көмүр казаны же меш дайыма көңүл бурууну талап кылат: отун сатып алуу керек, аны сактоо керек, системанын ишин көзөмөлдөө жана жабдууну тазалоо зарыл. Жылуулук насосу болсо жылытууну көбүрөөк автоматташкан жана алдын ала түшүнүктүү кылат. Заманбап шаардык үй үчүн бул олуттуу артыкчылык. Үчүнчү аргумент — экология. Бишкек ар кыш сайын абанын катуу булганышына туш болот, жана тиричилик үчүн колдонулган жылытуу бул көйгөйдүн себептеринин бири бойдон калууда. Жылуулук насосу отун күйгөндөй жеринде түтүн жана зыяндуу заттарды чыгарбайт. Демек, шаар үчүн бул бир эле ыңгайлуулук маселеси эмес, адамдар жашаган чөйрөнүн маселеси да болуп саналат. Албетте, жылуулук насосу ар бир үй үчүн универсалдуу жооп эмес. Көп нерсе имараттын жылууланышына, жылуулук жоготууларына, бюджетке жана монтаждын сапатына көз каранды. Бирок так эсептелген долбоорлордо бул технология эмне үчүн Бишкек үчүн эң туура багыттардын бири болуп бара жатканын айкын көрсөтөт. Негизи, шаардагы жылуулук насосторунун келечеги «жашыл» чечимдерге болгон модага эмес, бир нече суроо-талаптын бир учурда дал келишине байланыштуу: отунга көз карандылыкты азайтуу, автоматташтырууну көбөйтүү, абаны тазараак кылуу жана пайдалануу чыгымдарын тынчыраак, түшүнүктүүрөөк кылуу. Бишкек үчүн бул эми экзотика эмес, жакынкы жылдардагы толук кандуу практикалык сценарий. Эгер теманы тереңирээк түшүнгүңүз келсе, бардык материалдарды көрүп, подрядчыларды жана адистерди таап, ошондой эле дал сиздин үйгө ылайыктуу жылуулук насосун тандагыңыз келсе,www.cleanchoiсe.kgсайтына өтүңүз. Макала «Кыргызстанда жашыл экономика жана жеке секторду туруктуу өнүктүрүү» программасынын алкагында даярдалды. Программа GIZ тарабынан ишке ашырылып, BMZ, ЕС жана Швейцариянын Өкмөтү менен биргеликте каржыланат.",vesti.kg,https://vesti.kg/kg/koom/item/149778-emne-uchun-zhyluuluk-nasostoru-bishkektegi-zhylytuunun-kelechegi-bolup-zhatat.html,2026-04-21T20:35:25+06:00,kyrgyz,0,high,news_site
580dafd4-ebe2-42cc-8dac-b6c5f8c20b59,Йедикуле жана Саматядагы Стамбулдун жашыруун мурастары,"Йедикуле чеби тарыхый шаар дубалдары боюнча саякатты баштоого эң ыңгайлуу жерлердин бири Стамбулга болгон ар бир сапар адатта дүйнөгө белгилүү символдордон башталат — шаардын асман сызыгын аныктаган жана ар бир саякатчынын тизмесинде турган тарыхый эстеликтерден. Бирок миңдеген жылдар бою ар түрдүү цивилизациялардын таасиринде калыптанган бул мегаполис атактуу архитектуралык мурастардан алда канча көп нерсени сунуштайт. Өзүнүн бай жана көп катмарлуу тарыхы менен Стамбул ар бир сапарыңызда жаңыдан ачыла турган өзгөчө райондору аркылуу таанылат. Тарыхый шаар дубалдарынын бойлой жайгашкан Йедикуле жана Саматья райондору — шаардын эң кызыктуу, бирок салыштырмалуу тынч жана өзгөчө атмосферага ээ аймактарынын бири. Бир кезде императорлор жашаган, кийинчерээк ар түрдүү диний жамааттардын мекени болгон Йедикуле менен Саматья бүгүнкү күндө да жергиликтүү маданияты терең тамыр жайган жандуу район катары белгилүү. Бул космополит көчөлөрдө сейилдеп жүргөндө ар кыл цивилизациялар калтырган издерди, тарыхый сарайларды, чакан дүкөндөрдү жана салттуу кофеханаларды (kahvehane) көрүүгө болот. Бул жерде достук баарлашуулар бүгүнкү күнгө чейин жылуу уланууда. Райондор ошондой эле муундан муунга өтүп келе жаткан бай мейхана маданиятын сактап келет жана бул салт менен таанышууга эң ылайыктуу жерлердин бири болуп саналат. Жети мунара — түбөлүктүү мурас Йедикуле (Жети мунара) чеби Стамбулдун тарыхый шаар дубалдары боюнча саякатты баштоого эң ыңгайлуу жерлердин бири. Бул дубалдар шаардагы эң бай маданий аймактардын бири болгон Тарыхый жарым аралды бойлой созулуп жатат. Чеп V кылымда Чыгыш Рим империясы доорунда шаарды душмандардын чабуулдарынан коргоо үчүн курулган жана кийин Осмон доорунда кошумча дубалдар жана дарбазалар менен кеңейтилген. Чепте бир нече дарбаза бар болсо да, өзгөчө көңүл бурууга арзый турганы — жеңиш менен кайтып келген императорлорду тосуп алуу үчүн курулган атактуу Алтын дарбаза. Чептин ичинде анын атын берген жети мунараны, анын ичинде зынданды, курал сакталган жайларды жана казынаны көрүүгө болот. Ошондой эле мунараларды бириктирген өтмөктөр менен жүрүп, Мармара деңизине жана Тарыхый жарым аралга ачылган кооз панорамалык көрүнүштөрдөн ырахат алууга болот. Чепти көргөндөн кийин саякатыңызды Саматья тарапка уланта аласыз. Жолдо архитектуралык кызыктуу объекттерге туш болосуз. Алардын арасында кооз коңгуроо мунарасы менен белгилүү Ыйык Константин жана Елена Рум православ чиркөөсү бар. Саматьянын четинде жайгашкан Студиос монастырынын калдыктары — кийин Имрахор мечитине айланган тарыхый курулуш — аймактагы Чыгыш Рим жана Осмон доорунун көп катмарлуу мурасын айкын көрсөтүп турат. Ыйык жайлардан дасторконго чейин: Саматьянын руху Саматьяга келгенде, көптөгөн түрк телесериалдарында көрсөтүлгөн тарыхый аянт конокторду жылуу жана жагымдуу атмосферасы менен тосуп алат. Бул жерде сейилдеп жүргөндө эски китеп дүкөндөрүн, кафелерди, ресторандарды жана таттуу дүкөндөрдү көрөсүз. Алардын жанында райондун тарыхый жүзүн сактап калган жыгач сарайлар да жайгашкан. Кээ бирлери сүйүү менен калыбына келтирилип, бүгүнкү күндө кафе катары кызмат кылууда. Бул жерлерде көбүгү бар салттуу түрк кофесинен даам татууга болот. Йедикуле менен Саматьянын ортосундагы темир жол станциясынын жанында Темир жолчулардын чиркөөсү жайгашкан. Бул чиркөө Саматья чиркөөсү деп да аталат. Азыр ал сириялык христиан жамааты тарабынан колдонулат. Чиркөө Осмон доорунун акыркы мезгилиндеги темир жол кызматкерлери менен байланышкан жана райондун темир жол тарыхын чагылдырат. Мындан тышкары, бул район Стамбулдагы эң байыркы армян чиркөөлөрүнүн бири болгон Саматья Сурп Кеворк армян чиркөөсүнө жана Ыйык Мемас чиркөөсүнө да үй болуп келет. Бул диний жайлар Саматьянын көп маданияттуу мүнөзүн айкын көрсөтөт. Бир кезде деңиз жээгинде жайгашкан чакан балыкчы айылы болгон Саматья бүгүнкү күндө гастрономиялык тажрыйба менен да белгилүү. Бул жерде көптөгөн мейханалар (түрк таверналары) балык тамактарын түрк ракысы менен кошо сунуштайт. Ошондой эле нохут пастасынан жана карамелденген пияздан даярдалган вегетариандык топик жана балык бөрөгү сыяктуу даамдуу мезе түрлөрүн да татууга болот. Балыклы Рум ооруканасы жана Айя Хараламбос чиркөөсү Стамбулда бир кезде дарылоо борбору болгон тарыхый ооруканалар бүгүнкү күндө да өз ишин улантып келет. Йедикуле менен Саматьяда маданият, тарых жана гастрономия менен таанышкан соң Балыклы Рум ооруканасына да барууга болот. Бул жай шаардын маданий жана коомдук эс тутумунда өзгөчө орунду ээлейт. Оорукананын бакчасында XVIII кылымда бейтаптар жана кызматкерлер үчүн курулган Айя Хараламбос чиркөөсү жайгашкан. Чиркөө II кылымда жашаган жана православ ишениминде эпидемияларга каршы коргоочу катары сыйланган Ыйык Хараламбоско арналган. Бул чиркөө чума эпидемиясы күч алган мезгилде негизделген оорукана үчүн руханий коргоо жана үмүт символу катары маанилүү болуп саналат.",vesti.kg,https://vesti.kg/kg/koom/item/148605-jedikule-zhana-samatyadagy-stambuldun-zhashyruun-murastary.html,2026-03-06T15:32:27+06:00,kyrgyz,0,high,news_site
438d1df7-a371-48e0-a0f9-531779aba6f0,Кыргызстанда биринчи жолу “MINGEO Eurasia” эл аралык тоо-геологиялык бизнес форуму өтөт,"Иш-чара Ысык-Көлдө өтөт 15-16-сентябрда Ысык-Көлдө биринчи жолу MINGEO Eurasia эл аралык тоо-геологиялык бизнес форуму өтөт. Форумдун негизги темасынын алкагында – «Евразиянын кен байлыгы: гүлдөп-өнүгүүгө жана прогресске карай кадамда» – Евразия макрорегионунун минералдык-сырьелук өнөр жайын өнүктүрүүнүн перспективалары, алар боюнча экономикалык, каржылык жана акырында биздин планетанын көп сандаган өлкөлөрүнүн социалдык-саясий жыргалчылыгын. Форумга ШКУ өлкөлөрүнөн – Россия, Казакстан, Кыргызстан, Өзбекстан, Кытай, Индия, Тажикстан, ошондой эле Монголия, Түркия, Азербайжан жана Ирандан алдыңкы эксперттер катышат.MINGEO Eurasia 2022 форумунун программасы экономиканын стратегиялык чөйрөсүнүн жана анын айрым аймактарынын мындан аркы кыймылынын векторун аныктоо үчүн мүмкүн болушунча диверсификацияланып, өзгөрүүнүн туруксуз шамалына корректировка жасайт. Форумдун уюштуруучуларынын айтымында, жаңы реалдуулуктардан улам келип чыккан жана дүйнөлүк рынокто таасир чөйрөлөрүнүн кайра бөлүштүрүлүшүнө алып келген чектөөлөр Евразия макрорегионунун өлкөлөрүнүн минералдык-сырьелук өнөр жайына анын өнүгүүсүндө сапаттык секирик жасоого мүмкүндүк берет. жана Форумдун өзү аудиторияны кыйла кеңейтет жана кесиптештер менен эл аралык байланыштарды чыңдайт.Сүрөт www",vesti.kg,https://vesti.kg/kg/geologiya-kg/item/103851-kyrgyzstanda-birinchi-zholu-mingeo-eurasia-el-aralyk-too-geologiyalyk-biznes-forumu-otot.html,2022-09-05T17:14:21+06:00,kyrgyz,0,high,news_site
a78dba49-56fd-42c5-8538-7b43fb7e9491,Кыялдагы жайкы эс алуу азыр башталат: Түркиянын бирюза жээктерине эрте брондоо,"Эрте брондоо эң жакшы бааларды камсыз кылып, керектүү аймактан жана курорттон идеалдуу жай табууну да жеңилдетет Саякатчылар жайкы эс алуу пландарын түзө баштаган сайын, эрте брондоонун артыкчылыктары алардын тандоосуна барган сайын көбүрөөк таасир этүүдө. Арзандатуулар, пакеттик сунуштар жана алдын ала пландаштыруунун тынчтыгы көпчүлүк үчүн маанилүү факторлорго айланды. Expedia Group компаниясынын 2025-жылдагы Саякат баалуулугу индексине ылайык, эрте брондоодогу арзандатуулар жана топтомдук туристтик пакеттер жакынкы 12 ай ичинде мейманкана брондоону пландаган адамдар үчүн эң кызыктуу мүмкүнчүлүктөрдүн катарына кирет. Сурамжылоонун жыйынтыгында саякатчылардын 50% пакеттик сунуштардагы арзандатууларды эң жагымдуу деп эсептешет. Бул маалыматтар саякат адаттарындагы өзгөрүүнү көрсөтөт: эрте брондоо эми жөн гана акча үнөмдөөнүн жолу эмес, ал кеңири жайылган керектөөчүлүк жүрүм-турумга айланды. Жайкы эс алууну унутулгус кылууну каалагандар үчүн Түркиянын керемет жээк курорттору эң сонун шарттарды сунуштайт. Анталиядагы Түрк Ривьерасынын бирюза жээктеринен тартып, Мугла жана Измир сыяктуу Эгей багыттарына чейин созулган бул курорттук аймактар деңиз жээгиндеги эс алууну маданият, гастрономия жана ар түрдүү активдүүлүктөр менен айкалыштырат. Эрте брондоо эң жакшы бааларды камсыз кылып гана тим болбостон, керектүү аймактан жана курорттон идеалдуу жай табууну да жеңилдетет. Пландар даяр болгондон кийин, чыныгы эс алуу башталат. Кристаллдай тунук суу жана “Көк желек” алган кумдуу пляждар эс алуучуларды өзүнө тартат. Салттуу “көк саякат” аркылуу жашыруун булуңдардын кооздугун көрүүгө болот, ал эми жээктен тышкары дагы көптөгөн мүмкүнчүлүктөр күтөт — байыркы эстеликтерди изилдөө, кооз жөө маршруттар, жергиликтүү тамак-аштан даам татуу жана деңиз жээгиндеги кечки эс алуу. Эрте брондоп, убагында келип, Түркиянын Эгей жана Жер Ортолук деңиз жээктериндеги табиятты, маданиятты, тарыхты жана өзгөчө даамдарды толук ырахат менен сезиңиз. Түрк Ривьерасында күн нуруна бөлөнүңүз Романтикалык саякат, жалгыз эс алуу же үй-бүлөлүк дем алыш болобу — Анталия Түркиянын эң популярдуу жайкы багыттарынын бири бойдон калууда. Ал өлкөнүн күн нуруна бай түштүк жээгинде жайгашкан. Эрте брондоонун жардамы менен коноктор кооз көрүнүштөрү бар люкс мейманканаларда эс алып, мыкты ресторандардан, спа борборлордон, спорт жана көңүл ачуучу жайлардан, аквапарктардан, ошондой эле Белек аймагындагы дүйнөлүк деңгээлдеги гольф талааларынан пайдалана алышат. Анталия мындан тышкары жылына дээрлик 300 күн күн тийген аба ырайы, бирюза деңизи жана кенен кумдуу пляждары менен белгилүү — бул жерде дүйнөдөгү эң көп “Көк желек” пляждары жайгашкан. Шаар тарыхый жана маданий байлыктарга да бай: Патара жана Сиде сыяктуу байыркы шаарлар, Адриандын дарбазасы, ошондой эле Дюден шаркыратмалары жана Караин, Дамлаташ үңкүрлөрү сыяктуу жаратылыш кереметтери бар. Активдүү эс алууну жактагандар үчүн да мүмкүнчүлүктөр арбын — атактуу Ликия жолу боюнча жөө саякат, Кёпрюлю каньонунда рафтинг, Каш аймагында сууга түшүп сүзүү (дайвинг). Күн бою саякаттан кийин Анталиянын Жер Ортолук деңиз ашканасынан ырахат алууга болот — эски портто кечки тамак ичип, жаңы деңиз азыктарын, мезелерди жана жергиликтүү шараптарды күн баткан көрүнүш менен кошо даамдап көрүңүз. Анталия ошондой эле Түркиянын экинчи ири эл аралык аба дарбазасы болуп саналат жана жайкы сезондо 60тан ашык өлкөдөн түз каттамдарды кабыл алат. Эгей жээгинде унутулгус жайды алдын ала пландаңыз Эгей аймагы эрте пландагандар үчүн көптөгөн багыттарды сунуштайт: Чанаккале жээгиндеги Бозжаада жана Гөкчеада аралдарынан тартып, Балыкесирдеги Айвалык жана кооз Жунда аралына чейин, ошондой эле Измир жана Мугла сыяктуу белгилүү курорттук шаарлар. Измир — Эгейдин бермети катары белгилүү — жайбаракат жашоо образы жана жогорку жашоо сапаты менен айырмаланат. Бул жерде Фоча, Сеферихисар, Чешме, Алачаты жана Урла сыяктуу популярдуу жайкы эс алуу жайлары бар. Коноктор Алачатыда виндсёрфинг менен алектенип, Урлада шарап маршруттарын кыдырып, Мишлен жылдыздуу ресторандарда жергиликтүү азыктардан жасалган тамактарды татып же ЮНЕСКОнун тизмесине кирген Эфес жана Пергам сыяктуу тарыхый жайларды көрө алышат. Андан түштүк тарапта жайгашкан Мугла аймагы Эгей жээгинин эң жаркыраган бөлүгү болуп эсептелет. Бул жерде Бодрум, Фетхие, Даламан, Мармарис жана Датча сыяктуу белгилүү курорттор бар. Эрте брондоо аркылуу люкс мейманканаларда эс алып, Бодрум сепили жана Книдос сыяктуу тарыхый жерлерди, Табият кереметтери — Бабочка өрөөнү жана Олюденизди көрүүгө болот. Ошондой эле Бабадаг тоосунан параплан менен учуу, Изтузу пляжында каретта-каретта таш бакаларын көрүү жана мыкты ашканадан ырахат алуу мүмкүнчүлүгү бар. Ал эми жашыруун булуңдарды жана кооз жээктерди изилдөөнү каалагандар үчүн Эгей жээги боюнча салттуу “көк саякат” өзгөчө унутулгус тажрыйба тартуулайт.",vesti.kg,https://vesti.kg/kg/koom/item/149827-kyyaldagy-zhajky-es-aluu-azyr-bashtalat-turkiyanyn-biryuza-zheekterine-erte-brondoo.html,2026-04-23T12:48:16+06:00,kyrgyz,0,high,news_site
9568a99d-615d-443b-a5db-9cf49926b7f2,Түркиянын Качкар тоолору эл аралык иш-чаралар аркылуу дүйнөлүк деңгээлге чыгууда,"17–18-апрелде Ризе шаарында Эл аралык Качкар туризм жарманкеси өтөт Түркиянын Түндүк Кара деңиз аймагында, Ризе жана Артвин облустарында жайгашкан Качкар тоолору өлкөдөгү жаратылыш жана активдүү туризм үчүн эң таасирдүү багыттардын бири болуп саналат. Бул аймак төрт мезгил бою ар түрдүү мүмкүнчүлүктөрдү сунуштайт. Өзүнүн уникалдуу байлыгынын аркасында Качкар тоолору эл аралык деңгээлде өтүп жаткан абройлуу иш-чаралар аркылуу дүйнө жүзүнө таанылып келет. Өткөн жылы ийгиликтүү башталган KAÇKAR BY UTMB тоо ультрамарафонунан кийин, эми 2026-жылдын 17–18-апрелинде Ризеде Эл аралык Качкар туризм жарманкеси өтөт. Түркия Республикасынын Маданият жана туризм министрлиги жана Түркиянын Туризмди илгерилетүү жана өнүктүрүү агенттиги (TGA) тарабынан колдоого алынган бул жарманке Качкар тоолорунун жана Кара деңиз аймагынын кайталангыс жаратылышын жана бай маданий мурасын дүйнөлүк деңгээлдеги туристтик борборго айлантууну максат кылат. Аймактагы эң абройлуу туристтик иш-чара катары бул жарманке жөн гана көргөзмө болбостон, панелдер, конференциялар жана мастер-класстар аркылуу жаңы туристтик тенденцияларды талкуулоого жана кызматташууларды түзүүгө мүмкүнчүлүк берет. Бул жылы иш-чара Ризедеги Чай базарында 1000ден ашуун тармак өкүлдөрүн жана 3000ден ашуун конокторду чогултат. Кара деңиз керемети: жаратылыш, маданият жана тарых бириккен жер Качкар тоолору жыл бою ар түрдүү эс алуу мүмкүнчүлүктөрүн сунуштап, жаратылышты жана укмуштуу окуяларды сүйгөндөр үчүн өзгөчө маршруттары, бай тарыхы жана өнүккөн гастрономиясы менен айырмаланат. Бул аймак Түркиянын эң таза жана бузулбаган жаратылыш зоналарынын бири болуп саналат: бул жерде 50дөн ашуун альп көлдөрү, терең өрөөндөр, ар кыл жашыл түстөгү токойлор жана түрдүү экосистемалар түзгөн шар аккан дарыялар жайгашкан. 3937 метр бийиктикке жеткен Качкар чокусу бул тоо кыркасынын эң бийик жери болуп, аймактын көркүн арттырып, треккинг, альпинизм жана жаратылышты изилдөө үчүн абдан жагымдуу шарт түзөт. Келген коноктор кооз тоо жолдорунда жөө жүрүш жасап, өрөөндөрдө велосипед тебип, сейрек кездешкен жаныбарларды байкап, укмуш сүрөттөрдү тарта алышат. Кыш мезгилинде кар баскан Качкар тоолору кар үстүндө басуу, лыжа, сноуборд жана хели-ски сыяктуу спорт түрлөрү үчүн популярдуу жайга айланат. Качкар тоолору таза жаратылыштан тышкары маданий тажрыйба менен туруктуу туризмди да айкалыштырат. Коноктор экологиялык таза жайларда токтоп, жергиликтүү элдин турмушу менен таанышып, тарыхый эстеликтерди изилдей алышат. Тоолуу аймактагы жамааттар аймактын маданий мурасын сактап келишет: алардын тилдери, салттуу кол өнөрчүлүгү, тулум (чоор сыяктуу аспап) үнү жана хорон бийи туристтерди өзүнө тартып турат. Мындан тышкары, жайлоо майрамдары жана чай жыйноо салтанаттары аркылуу аймактын жандуу салттарына толук кандуу аралашууга болот. Качкар жайлоолору ден соолукту чыңдоо үчүн да эң сонун багыт болуп саналат: таза аба жана жаратылыш эс алууга жана калыбына келүүгө мыкты шарт түзөт. Бул жерде салттуу жана заманбап ден соолук ыкмаларын айкалыштырып, ал эми Айдердеги термалдык булактар табигый дарыланууну жана эс алууну камсыз кылат. Мунун баарын аймактын өзгөчө ашканасы толуктайт: органикалык бал, дарылык чөптөр, дүйнөгө белгилүү чай жана жаңы деңиз азыктары ар бир сапарды унутулгус кылат. Качкар тоолорунун дүйнөлүк деңгээлдеги орду өсүүдө Жыл бою ар түрдүү мүмкүнчүлүктөрдү сунуштаган Качкар тоолору дүйнөлүк туристтик картада барган сайын маанилүү орунду ээлеп жатат. Бул жерде UTMB World Series жарышынын түрк этабынын жана Эл аралык Качкар туризм жарманкесинин өткөрүлүшү мунун ачык далили. Апрель айындагы жарманкеден кийин, 2026-жылдын 11–13-сентябрында Ризеде KAÇKAR BY UTMB жарышы дагы бир жолу өтөт.",vesti.kg,https://vesti.kg/kg/koom/item/149826-turkiyanyn-kachkar-tooloru-el-aralyk-ish-charalar-arkyluu-dujnoluk-dengeelge-chyguuda.html,2026-04-23T12:34:24+06:00,kyrgyz,0,high,news_site
0f7360f8-87bb-4785-8745-928e20db5b33,Royal central park – The Essence подсекциясынын курулушун баштоо – кошумча 5% жеңилдик,"Бишкекте Royal Central Park мегакомплексинин биринчи бөлүгү болгон The Essence подсекциясында 5 турак үйдүн курулушу башталып, сатып алуучулар үчүн 5% кошумча жеңилдик жарыяланды 2026-жылдын 3-мартындаRoyal Central Parkдолбоору мегашаардын башкы планынын алкагында ишке ашырылып жаткан биринчи бөлүк —The Essenceподсекциясынын курулушун расмий түрдө баштады. Бул окуя долбоордун өнүгүүсүндөгү маанилүү этапты гана белгилебестен, Бишкекте жаңы жашоо стандартынын башталышын билдирет. Бул жерде заманбап архитектура, комплекстүү инфраструктура жана эл аралык жашоо стили бир мейкиндикте айкалышат. 2026-жылдын 3-мартында The Essence аймагында 5 имараттын расмий түрдө курулушу башталды. The Essenceподсекциясынын курулушунун башталышына байланыштууRCA Livingкомпаниясы атайын жазгы акцияны да ишке киргизет:2026-жылдын 31-мартына чейин ийгиликтүү сатылган 60 батир үчүн кошумча 5% жеңилдиксунушталат (долбоордун башка учурдагы сунуштары менен бирге колдонулат). Бул программа сатып алуучулар жана инвесторлор үчүн долбоордун баштапкы этабында батирди пайдалуу шарттар менен сатып алууга жакшы мүмкүнчүлүк түзөт. Royal Central Park долбоорунун The Essence фазасындагы 5 турак үй башнясы — 29 кабаттуу 2 башня жана 42 кабаттуу 3 башня The Essenceкурулушунун башталыш аземи ошондой эле 2026-жылдын март айындаRoyal Central Parkөткөрө турган негизги иш-чаралардын сериясын ачат. 3-марттагы аземден кийин,2026-жылдын 14-мартындадолбоорПодсекция 1дин расмий курулуш баштоо аземин жана Lyra (Y3) жана Atlas (Y2) мунараларындагы батирлердин сатылышынын башталышынөткөрөт. Иш-чара түздөн-түзRoyal Central Parkдолбоорунун аймагында өтөт:Шаршен Термечиков көчөсү, 16, Бишкек, Кыргызстан. The Essence– Royal Central Parkтын эң уникалдуу подсекциясы, беш Y формасындагы мунарадан турат – бул заманбап дизайн чечими ар бир батирге максималдуу табигый жарык жана көрүнүш берүү үчүн иштелип чыккан. Бул өзгөчө структура батирлерге оптималдуу күн нуру жана табигый аба агымын камсыз кылат, ошондой эле микро-климат таасирин азайтат. Y формасы мунаралардын аралыгын көбөйтүп, жеке жашоонун купуялуулугун жана шаардык мейкиндикте кенен жашоо тажрыйбасын берет. All-in-one масштабындагы Royal Central Park шаардык комплексиндеги The Essence фазасынын ландшафттык бакчасы Архитектурадан тышкары, The Essence «бакчадагы шаар» катары пландалган, подсекциянын жалпы аянтынын 50% жашыл зона жана инфраструктура үчүн бөлүнгөн. Тургундарга жеке объекттерге кирүү мүмкүнчүлүгү берилет: грек стилиндеги ландшафттык бакчалар, бардык мезгилдерге ылайыкталган бассейн, фитнес борбору, коммерциялык подиумдар, асман бакчалары жана эл аралык стандарттар боюнча башкаруу. Бул толук интеграцияланган экосистема тургундарга жашоо, эс алуу жана саламаттыкты сактоо кызматтарын түз комплекс ичинде пайдаланууга мүмкүнчүлүк берет. Мурда, 2026-жылдын январь жана февраль айларында, Royal Central ParkLyra (Y3)жанаAtlas (Y2)мунараларынын сатууларын ийгиликтүү өткөрдү, бул сатып алуучулар жана инвесторлор тарабынан чоң кызыгуу жаратты. Айрыкча, 15–28-кабаттардагы батирлер панорамалык көрүнүшү, тынч чөйрөсү жана узак мөөнөттүү туруктуу баалуулугу үчүн өзгөчө суроо-талапка ээ болду. Жогорудагы батирлер өсүп келе жаткан шаарларда популярдуулугун жогорулатууда. Панорамалык көрүнүштөрдү жана таза мейкиндикти сунуштаган менен катар, жогорку кабаттагы батирлер баалуулугун жакшы сактап, убакыт өтүү менен баасын көбөйтөт. Бул мисалдар көрсөткөндөй, калктын кирешеси жана жашоо сапатына болгон талап жогорулаган сайын, интеграцияланган шаардык комплекстердеги жогорудагы батирлерге өтүү – табигый тенденция, жана Бишкек да акырындап ушул жолду басып жатат. Азыркы учурда Бишкек ушундай трансформацияны баштап жатат: заманбап, жакшы пландалган жана толук инфраструктурасы бар жашоо мейкиндиктерине суроо-талап өсүүдө. Чектелген көлөмдөгү чоң долбоорлор шартында, Royal Central Park сыяктуу «бардыгы бир жерде» мегакомплекстер жакынкы жылдары күчтүү өсүшкө ээ болот деп бааланууда. The Essence фазасындагы Lyra (Y3) корпусундагы батирдин интерьери The Essence13% чейин жеңилдиктер менен инвесторлорго Бишкектин турак-жай рыногунун баштапкы өсүү баскычынан пайда алуу үчүн кошумча стимул берет. Бул региондук рынок маалыматтары менен дагы бекемделет: Бул цифрлар көрсөтүп турат, шаардык рыноктор тез өнүгүп, сунуш чектелгенде, The Essence сыяктуу жогорку сапаттагы батирлер – оптималдаштырылган пландоо, интеграцияланган инфраструктура жана эл аралык стандарттар боюнча башкаруу менен – рыноктун өнүгүүнүн баштапкы этаптарында баалуулукту жогорулатуу үчүн чоң потенциалга ээ. 2026-жылдын март айындагы иш-чараларды улантуу менен, Royal Central Park 14-мартта долбоордун аймагында кийинки ири сатуулар окуясын өткөрөт. Бул сатып алуучулар жана инвесторлор үчүн өзгөчө мүмкүнчүлүк: ушул этапта сатып алынган батирлер 13% чейин жеңилдиктерге ээ болот жана жалпы наркы9 миллион KGSчейин баалуу белектерди алуу мүмкүнчүлүгүнө ээ. Акция 2026-жылдын 30-апрелине чейин катталган кардарларга колдонулат.",vesti.kg,https://vesti.kg/kg/zxc-kg/item/148673-royal-central-park-the-essence-podsektsiyasynyn-kurulushun-bashtoo-koshumcha-5-zhenildik.html,2026-03-09T17:48:37+06:00,kyrgyz,0,high,news_site
1ff20034-8411-41ca-ae1f-2a3c5fc1bfb0,"5-7-июль күндөрү селдер жүрүп, таштар кулашы мүмкүн. Аймактардын тизмеси","Кыргызстандын айрым жерлеринде жаан-чачын катуу жаашы күтүлөт Туруксуз аба ырайына жана күтүлүп жаткан нөшөрлүү жаан-чачынга байланыштуу тоолуу жана тоо этектериндеги райондордо сел жүрүшү мүмкүн. Бул тууралуу Өзгөчө кырдаалдар министрлигинин басма сөз кызматы билдирди. Өзгөчө кырдаалдарга мониторинг жана болжолдоо департаментинин маалыматы боюнча сел коркунучу бар аймактарга төмөндөгүлөр кирет: - Баткен облусунун Лейлек, Баткен жана Кадамжай райондору; - Ош облусунун Ноокат, Алай жана Чоң-Алай райондору; - Ысык-Көл облусунун Ак-Суу, Жети-Өгүз, Ысык-Көл, Түп жана Тоң райондору; - Чүй облусунун Панфилов, Жайыл жана Кемин райондору; - Нарын облусунун Жумгал, Кочкор, Нарын райондору. Жолдордун төмөнкү тилкелеринде таш кулоолору жана сел жүрүшү мүмкүн: - Бишкек-Ош унаа жолунун 285-чакырымы, 342-348-чакырымдары, 358-362-чакырымдары, 400-чакырымдары, 411-426-чакырымдары; - Ош–Сары-Таш–Эркечтам унаа жолунун 64-65, 68-70 км, 78-80, 100, 106, 121-124, 133 чакырымдары; - Бишкек–Балыкчы унаа жолунун 112-128-чакырымдары (Боом капчыгайы); - Балыкчы–Бөкөнбаев унаа жолунун 64-117-чакырымдары; - Талды-Суу-Арал унаа жолунун 4-5-чакырымдары; - Ош-Раззаков унаа жолунун 64-78-чакырымдары, 125-138-чакырымдары, 149-190-чакырымдары. Сүрөт: www",vesti.kg,https://vesti.kg/kg/analitika-kg/item/126366-5-7-iyul-kundoru-selder-zhurup-tashtar-kulashy-mumkun-ajmaktardyn-tizmesi.html,2024-07-04T11:41:03+06:00,kyrgyz,0,high,news_site
026cfc1f-9292-4ef0-b2fd-e08d12520b35,#Автордун көз карашы. Электр унааларынын үнсүз коркунучу,"Мода өзүнүн өзгөчөлүктөрүнө ээ. Вектор коюу менен, ал башка адамдардын көз карашын массалык түрдө киргизүүгө салым кошот (жана сөзсүз түрдө кийимге байланыштуу эмес). Акыркы жаңы тенденциялардын бири - электромобилдер. Негизинен Тесланын аракеттеринин жана Илон Масктын амбицияларынын аркасында киргизилген жаңылык акырындык менен автомобиль рыногун багындырып жатат, эгерде элди кысып кетпесе, анда салттуу дизель жана бензин кыймылдаткычтары менен атаандашып жатат. Жарнамада, пиарда, ЖМКда жана социалдык тармактарда дайыма айтылып келе жаткан электромобилдин негизги артыкчылыктарынын бири – бул экология, унааларды колдонууда анын сакталышы. Бирок чын эле ошондойбу? Келгиле, карап көрөлү, заманбап электромобилдерди колдонууда кандайдыр бир коркунучтар барбы?Баасы жана сапатыЭлектр унааларын киргизүү жана колдонуу идеясынын жаңылыгына, ошондой эле ойлоп табуучу чөйрөсүнө карабастан, унаалар эски модада чогултулат. Электр транспорттордун иштешинин жана пайдалануунун өзгөчөлүктөрүн эске алуу менен, орточо аппараттын баасы анын бензинге караганда бир нече эсе кымбат экенин белгилей кетүү керек. Арзан көрүнгөн операция (бензиндин ордуна электр энергиясын колдонуунун эсебинен) техникалык бузулууларды алмаштыра албайт, алар оңдоо станцияларынын тажрыйбасына ылайык, электр кыймылдаткычы менен жабдылбаган стандарттуу машиналарга караганда дагы көп кездешет.Колдонуу жерлериКолдонуу жерлерине келсек, электр унаалары жолдо жүрүүгө, алыскы жолго чыгууга, жалпысынан шаардын ыңгайлуу көчөлөрү, ошондой эле компакт-кубаттоо станциялары менен жабдылбаган жерлерге ылайыкталган эмес. АКШга жана ЕБге караганда начар өнүккөн өлкөлөр, ошондой эле өнүгүп келе жаткан өлкөлөрдүн ири шаарлары жердин 90% дан ашыгы электр унааларын колдонууда жана кубаттоодо көптөгөн көйгөйлөрдүн ээсине кепилдик беришет.Электр энергиясыЭлектр энергиясы жетишсиз болгон же аны колдонууда кандайдыр бир техникалык кыйынчылыктар болгон жерлерде электромобилдин транспорт каражатынан интерьердин бир бөлүгүнө айланышы үчүн чоң мүмкүнчүлүк бар экенин айтуунун кажети жок. Кымбат машине керексиз экспонат болуп калуусу үчүн бир нече он миңдеген долларларды коротуп, керек болсо, түз маанисинде теңдешсиз арзаныраак Жигули же Ауди 100 айдап, мойнунда отурган чиновниктердин капчыгына тийбеши мүмкүн. Мамлекеттик бюджет же эл , пайдасыз ""темир атка"" кеткен чыгымды бир жылда актай алат, бирок калктын 90%ычы?ЭкологияЭлектр унааларын колдонуунун негизи. Аларды колдонууну ишке ашырууга аракет кылгандардын жүз пайызы «электромобильдер» айлана-чөйрөнү тазалоого жардам берет деген жүйөөлөр үчүн башын жерге салууга даяр. Ошо сыяктуу эле, шамал, күн жана башка технологияларды киргизүү орун алды. Бирок, Батыш Европа өлкөлөрүнүн тажрыйбасы көрсөткөндөй, жарнак көбөйгөнүнө карабастан, өнөр жайлык масштабдагы салттуу ресурстарды жаңылары менен алмаштыруу эч нерсеге алып келген жок. Муну ФРГда кемур бассейндеринин кайра ачуусу, атомдук энергияны пайдаланууга кайтып келиши, ошондой эле цивилизациялуу дуйнөнун газга жана мунайга болгон суроо-талаптын жогорулашы далилдеп турат. Ушундай эле абал электромобилдерде болобу? Убакыт өтөт, пиарга бөлүнгөн акчалар учуп кетет, бирок машиналар эмне болот? Мисалы, батарейканы утилдештирүү. Алардын иштөө мөөнөтү 5-8 жыл, ал эми аккумуляторлордогу оор металлдар айлана-чөйрөнү ондогон жылдар бою ууландырат. Бул учурда, атүгүл көп айтылган парник газдарынын эмиссиялары ууланган сууну ичүүнү жана ууланган тамак-ашты жегенди жеңилдете албайт. Америка Кошмо Штаттарынын электр унааларын утилдештирүү үчүн жаңы аймактарды табуу жөнүндө ойлонгону бекеринен эмес.Ошентип, эмне тандоо керек - электр унаабы же кадимки унаабы?Өнүктүрүүнүн азыркы этабында электр унаалары дагы деле пайдалуу эмес, жарнамалык продукт болуп саналат. ""Жашыл экономиканын"" жана айлана-чөйрө үчүн күрөштүн алдыга коюлган программасынын алкагында, ал бензин ""чоң агага"" караганда идеологиялык жактан алда канча пайдалуу продукт бойдон калууда. Жеткиликтүүлүгү боюнча, бул дагы эле жогорку орто класстын жана мамлекеттик чиновниктердин тандоосу бойдон калууда, бирок көпчүлүктүн тандоосу эмес. Иштен чыккан электр унааларын утилизациялоо кадимки унааларга караганда кыйыныраак. Ал эми электр унааларынын экологиялык тазалыгына келсек, ал талаш чөйрөдө калууда. Бир нерсе анык - эгер сиз аны колдонуунун кесепеттерин кабыл алууга даяр болбосоңуз, анын артынан түшүүнүн кесепеттерин баалабаңыз.Михаил ГотфридСүрөт www",vesti.kg,https://vesti.kg/kg/avtorduk-rakurs/item/107995-avtordun-koz-karashy-elektr-unaalarynyn-unsuz-korkunuchu.html,2022-12-27T09:26:22+06:00,kyrgyz,0,high,news_site
ac0ded7d-ff5b-427c-9021-c591fdf30437,Абактагы Ташов менен Аскат Жетигендин жактоочусу кармалганы кабарланды,"Абдирасулованын айтымында жактоочу бүгүн кармалып, үйүндө тинтүү жүргөн УКМК тарабынан адвокат Самат Матцаков кармаганы кабарланды. Бул тууралуу “Кылым шамы” укук коргоо уюмунун жетекчиси Гүлшайыр Абдирасулова фейсбук баракчасына жазды. Абдирасулованын айтымында жактоочу бүгүн кармалып, үйүндө тинтүү жүргөн. Белигилей кетсек, Матцаков абакта жаткан ишкер Имамидин Ташовдун, 3 жылга эркиндигинен ажыратылган Аскат Жетигендин, Ленин райондук соту үч жыл пробациялык жаза берген журналист Актилек Капаровдун укугун коргойт. Ал эми УКМК бул тууралуу азырынча расмий комментарий бере элек.",vesti.kg,https://vesti.kg/kg/okuyalar/item/133005-abaktagy-tashov-menen-askat-zhetigendin-zhaktoochusu-karmalgany-kabarlandy.html,2024-11-29T13:57:40+06:00,kyrgyz,0,high,news_site
e42d29db-2016-4a44-84bd-e4900b3f0d37,«Кумтөр» Улуттук филармониянын солисттеринин Каракол шаарындагы спектаклинин премьерасына демөөрчү болду,"Каракол шаарында облустук театрдын сахнасында «Кумтөр Голд Компанинин» колдоосу менен Токтогул Сатылганов атындагы Улуттук филармониянын солисттеринин концерти өттү. Көрүүчүлөргө «Тикенек аркылуу бакытка» аттуу музыкалык спектаклдин премьерасы тартууланды. Ошондой эле меймандар Ысык-Көл облусунун областтык борборуна сүрөт көргөзмөсүн алып келишти.Спектаклдин режиссёру Алтынбек Максүтовдун айтымында, Кыргызстан эли руханий жактан өнүгүүгө абдан муктаж жана мамлекет менен «Кумтөр» компаниясы бүгүнкү күндө маданият тармагына жигердүү жардам берип жатканы өнөрпоздордун чыгармачылык жактан өсүшүнө чоң стимул болууда.- Биздин премьера менен Ысык-Көлгө концерт коюуга чакырган Теңиз Бөлтүрүккө ыраазычылык билдиргим келет. Бул спектакльге бир айдан ашык даярданганбыз. «Тикенек аркылуу бакытка» пьесасы бир үй-бүлөнүн, чындыгында бүтүндөй өлкөнүн ойдон чыгарылган окуясын баяндаган боорукер лирикалык комедия. Бул ар бирибиз жөнүндө, адамды эмне бактылуу кылгандыгы тууралуу баян. Бактылуу адам болуш үчүн өз жерин, каада-салтын, үй-бүлөңдү сүйүшүң керек деп ойлойм, - деп кошумчалады Алтынбек Максүтов. Белгилүү акын-импровизатор Аалы Туткучевдин катышуусундагы спектакль көрүүчүлөргө жаркын, унутулгус сезимдерди тартуулады. Аягында артисттерди дүркүрөгөн кол чабуулар менен узатышты. - Маданият өлкө үчүн канчалык маанилүү экенин түшүнөбүз. Бүгүнкү күндө «Кумтөр Голд Компани» маданият жана искусство тармагындагы долбоорлорду активдүү колдойт. Тилекке каршы, аймактардагы эл театрларга барчу жолду дээрлик унутуп калды. Андыктан мындай концерттерди өлкө боюнча мындан ары да өткөрүп турабыз, элге жеткиликтүү кылабыз, - деди куттуктоо сөзүн сүйлөгөн КГКны жетектеген «Улуу көчмөндөрдүн мурасы» улуттук холдинг компаниясынын башкармалыгынын төрагасы Тенгиз Бөлтүрүк. . Уюштуруучуларды, спектаклдин катышуучуларын жана анын көрүүчүлөрүн Кыргыз Республикасынын Президентинин Ысык-Көл облусундагы ыйгарым укуктуу өкүлү Алтынбек Сулайманов да куттуктады.«Ушул сонун концертти уюштурган «Кумтөр» компаниясына жана Теңиз Бөлтүрүккө чын жүрөктөн ыраазычылык билдиргим келет. Маданиятсыз эл болбойт. Адамдын руханий сапаттарын тарбиялай турган маданият. Мындай маданий иш-чаралар мүмкүн болушунча көп болушу керек», - деди облус жетекчиси.КГККГКнын сүрөтү",vesti.kg,https://vesti.kg/kg/geologiya-kg/item/98757-kumtor-uluttuk-filarmoniyanyn-solistterinin-karakol-shaaryndagy-spektaklinin-premerasyna-demoorchu-boldu.html,2022-04-13T16:50:56+06:00,kyrgyz,0,high,news_site
ecc2cc21-ac10-4778-8a97-4a7f88506205,Депутат Миргүл Темирбаева Андархам айылындагы жаңы медициналык жайдын ачылышына катышты,"Оорукана бардык керектүү жабдуулар менен камсыздалган Кыргыз Республикасынын Жогорку Кеңешинин депутаты Миргүл Темирбаева Лейлек районуна иш сапары Сүлүктү шаарындагы Андархам айылында уланды. Иш сапарынын алкагында эл өкүлү жалпы үй бүлөлүк дарыгерлер тобу жайгаша турган жаңы имаратты ачуу аземине катышты. Буга чейин колдонулуп жаткан имарат Совет доорунда курулуп, эскилиги жеткендиктен авариялык абалга кептелген. Ага ылайык, аны жаңыртуу демилгесин көтөргөн депутат Миргүл Темирбаева эл аралык уюмдарда да кайрылган. Натыйжада Бүткүл дүйнөлүк Жаштар ассамблеясы демөөрчүлүк кылып, заманбап медициналык жай курулду. Тагыраагы, оорукана бардык керектүү жабдуулар менен камсыздалган. Салтанатта сөз сүйлөгөн депутат: “Аймакта эскилиги жеткен социалдык мекемелер арбын. Бирок аларды кезек-кезеги жаңылап келе жатабыз. Буйруса алдыда дагы көп пландарыбыз бар. Алардын баарын ишке ашыра алсак, жергиликтүү элдин жашоосун жакшыртуу багытында ири кадамдарды жасай алган болобуз”, – деп кошумчалады. Ошондой эле тургундар менен баарлашып, алардын көйгөйлөрүн укту. Айтылган ар бир маселе боюнча иш алып барарын айткан депутат өзүн парламенттеги ишмердүүлүгү тууралуу да учкай кеп кылды. Эскерте кетсек, иш-чараларга саламаттык сактоо министринин орун басары Каарманбек Байдавлетов баштаган жетекчилер, Бүткүл дүйнөлүк Жаштар ассамблеясынын өкүлү доктор Сейид Иззат баштаган өнөктөштөр жана жергиликтүү бийлик өкүлдөрү катышты",vesti.kg,https://vesti.kg/kg/den-sooluk-uchun/item/132979-deputat-mirgul-temirbaeva-andarkham-ajylyndagy-zhany-meditsinalyk-zhajdyn-achylyshyna-katyshty.html,2024-11-29T10:13:27+06:00,kyrgyz,0,high,news_site
b846ea8b-6b57-4e9c-8fc3-b59c8d2303a0,Чүйдө окуучулар жапырт ууланды,"Иш Чүй ОИИБдин көзөмөлүнө алынганын айтышты Чүй облусунун Искра айылында окуучулар жапырт ууланганын аймактык милиция кабарлады.Токмок шаардык ооруканага 12 жаштан 16 жашка чейинки 11 бала түшкөн.Милиция бүгүн 7-класстын окуучусу таштанды полигонунан ""BEN 10"" деген конфет менен бөтөлкөдөгү таттуу сууну таап алганын аныктады. Ал таттууларды мектепке алып барып классташтары менен бөлүшкөн. Балдарга медициналык жардам көрсөтүлгөндөн кийин үйлөрүнө жөнөтүлгөн. Тартип сакчылар тиешелүү экспертизаларды дайындаган. Иш Чүй ОИИБдин көзөмөлүнө алынганын айтышты.",vesti.kg,https://vesti.kg/kg/okuyalar/item/132907-chujdo-okuuchular-zhapyrt-uulandy.html,2024-11-28T10:42:00+06:00,kyrgyz,0,high,news_site
58b93ef6-7e31-4338-89d8-26955d404f96,Парламенттик шайлоого тыштан кийлигишүү. Мүмкүн эмес?,"""Кызыкдар тараптар жок"" Кыргызстандагы парламенттик шайлоого Россиянын же АКШнын кийлигишүүсү мүмкүн эмес - кызыкдар тараптар жок. Мындай пикиринVesti.kgсайтына мамлекеттик түзүлүш боюнча эксперт, саясат таануучу Шерадил Бактыгулов билдирди. ""Эгер Россия жөнүндө айта турган болсок,"" Газпром """" Кыргызгазга ""ээлик кылат"", - деп түшүндүрдү ал. - Күйүүчү-майлоочу майлардын рыногу негизинен Россиянын компаниялары тарабынан көзөмөлдөнөт. Бул базар негизинен туруктуу. Тажикстанга суюлтулган жана жаратылыш газынын берилиши азайып жатат, бирок бизде андай көйгөй жок. Жана кыргыз бийлигине нааразычылык Бакиев учурундагыдай күйүүчү-майлоочу материалдардын кымбатташына байланыштуу болмок, анткени бул баалардын жалпы көтөрүлүшүн билдирет жана калктын нааразычылыгын жаратат. Ошондуктан, азыр Россиянын ЖК шайлоого кийлигишүүсү эч кандай мааниге ээ эмес. Эч кандай кийлигишүү жок, аны тараптардан байкаса болот. Ошол эле учурда, эксперт айрым билдирүүлөр угулушу мүмкүн экендигин белгилеген, бирок алар мамлекеттик кызматкерлерден эмес, кландык бизнесте байланып калган адамдардан (Россия Федерациясынын жарандары болсо дагы) келип чыккандыгын белгилей кетүү керек. Кызык эмес АКШга келсек, Бактыгуловдун айтымында, алар дагы Кыргызстандагы дагы бир революцияга кызыкдар эмес. - Ооба, майнап чыкпайт, - деп күмөн санайт ал. - Биринчиден, президентке каршы чыгып, элитанын башын бириктире турган жаркын жана харизматикалык лидерлер жок. Анткени, нааразы адамдардын тобу бар болсо дагы, сөз сүйлөй турган адамдар керек. Мындан тышкары, жарандар буга чейин эле 1990-жылдагы ""Жоогазын ыңкылабынан"" кийинки ар бир төңкөрүштөн кийин өлкөдөгү кырдаал дээрлик өзгөрүүсүз калганына көнүп калышкан, деп белгиледи саясат таануучу. Демек, далыдан кескенге түрткү жок. Бактыгулов азыркы бийлик эл арасында жарылуу жарата турган өлүмгө алып баруучу кадамдарды жасабагандыгын кошумчалады. ""Эч кимге ок тийген жок, Бакиевдин учурундагыдай, президенттин үй-бүлөсүнөн эч ким, Акаевдин учурундагыдай, Атамбаевдин кескин билдирүүлөрүн колго алган жок"", - дейт ал. - Сооронбай Жээнбеков Россия, АКШ, Казакстан жана Өзбекстанга ылайыктуу президент. Эксперттин айтымында, дагы бир маанилүү жагдай бар - эки жылдан кийин мамлекет башчысы кызматынан кетет. ""Эгерде Россия же Америка Кошмо Штаттары биздин режимди өзгөрткүсү келсе, анда алар өзүлөрүнүн Кыргызстандын президентин 2023-жылга даярдашы керек"", - деп эсептейт саясат таануучу. - Жана бул аралык шайлоолор чоң роль ойнобойт. ""Саясатчылар көз карашын оңой эле өзгөртө алышат."" Ошол эле учурда, саясий серепчи Дмитрий Орлов орусиялык саясий стратегдер мурунку шайлоо учурунда Кыргызстанда иштеп келгендей эле, азыр дагы ошондой иштеп жаткандыгын мойнуна алат, бирок шайлоо процессине түздөн-түз кийлигишүү болгон эмес жана болбойт дагы, ал дагы ишенет. - Штаттарга келсек ... - дейт саясат таануучу. - АКШ бийлиги түздөн-түз кийлигишпейт. Бул ички иштерге кийлигишүү болгондуктан, нааразычылык нотасын алууга болот. Жана жашыруун, кыйыр түрдө - ооба. Мисалы, эгер Американын элчилиги “шайлоочулардын укуктары бузулуп жатса” ж.б.у.с. Мындан тышкары, Дмитрий Орлов бейөкмөт уюмдардын деңгээлинде кийлигишүү болгон учурда дагы, мамлекеттер бир партияны - ""эч ким жумурткаларын бир себетке салбайт"" деп колдоого алышы мүмкүн эмес деп баса белгиледи. ""Америкачыл көз карашты карманган адамдар ар кандай партияларда болушат жана болушат"" деди ал. ""Ал эми"" Биримдик ""жана"" Мекеним Кыргызстан ""уюмдарынын Россия менен кызматташуу жана ЕАЭБге интеграциялоо боюнча риторикасы Россияда кимдир бирөө ал үчүн акча төлөп берет дегенди билдирбейт. Өлкө үчүн глобалдык оюнчулардын ортосундагы тең салмактуулукту сактоо эң жакшы болмок, деп белгиледи талдоочу, бирок ким чындыгында кимди колдоп жаткандыгын ырастоо кыйын. ""Бизде таза америкалык жана орусиячылдар жок"" деди Орлов. - Себеби ошол эле саясатчылар көз-карашын өз убагында оңой эле өзгөртө алышат. Жана алардын кандайдыр бир билдирүү жасаганы, кимдир бирөө аларга акча төлөйт дегенди билдирбейт, тескерисинче, алар келечекте дивиденд алабыз деп күтүп жатышат. Алар тобокелге салбайбы? Мурунку дипломат жана белгилүү саясат таануучу Марс Сариев дагы Кыргызстандагы парламенттик шайлоого кийлигишүү мүмкүн эмес деп эсептейт. ""Жакында Беларуссияда революция украиналык сценарий боюнча башталды - классикалык сценарий"", - деп түшүндүрдү ал. - Россиянын кийлигишүүсүнөн кийин абал турукташты. Менин оюмча, Беларуссиядагы окуядан кийин Россия коңшуларын тыкыр көзөмөлгө алат, ал эми Батыш Украинада мындай сценарийди Кыргыз Республикасында мынчалык технологиялык жүзөгө ашыруу коркунучу болбойт. Бирок, биздин өлкөдө ""убакыт бомбасы"" бар, деп белгиледи саясат таануучу. Сариев Реформа партиясын гипотетикалык потенциал деп атады ""башаламандык"". ""Алар шайлоо күрөөсүн үнөмдөө максатында коллекция жарыялашты, алар жаштарды, IT адистерин, бейөкмөт уюмдарды өзүнө тартып, алар менен Клара Сооронкулова, Рита Карасартова бир топ согуштук күчкө ээ болушту"" дейт эксперт. - Партия, сыягы, парламентке кирбейт. Шайлоодон кийин алар бийликтин айткандарынан көп добуш алганын жарыялайт деп ойлойм. Тихановская Беларуста айткандай, ал үчүн 80 пайыз, ал эми Лукашенканын 10 пайызы, тескерисинче эмес. Марс Сариев Кыргызстанда мындай кырдаал бышып жетилиши керек деп эсептейт. Буга Рита Карасартова тарабынан Беларуссиянын элчилигинде беларуссиялык демонстранттарды колдоо максатында уюштурган чакан митинг күбө. - Кандай болгон күндө дагы, кыйыр далилдер кийлигишүү коркунучу бар деп айтууга болот, - деди саясат таануучу. - Бул жерде, шайлоо алдындагы мезгилге курал саткан дүкөндөр жабылды. Премьер-министр Кубатбек Боронов COVID-19 экинчи толкунун ... шайлоодон кийин күтөт. Ал БШКнын “Бүтүн Кыргызстан” партиясын шайлоого катышуу үчүн каттоодон баш тартканын жана ага байланыштуу башаламандыктарды эске салды. ""Бирок, мындай шартта, Беларуссиядагы батыш долбоору ишке ашпай калганда (анчалык деле эмес, бирок Батышта пландаштырылгандай кырдаал чечилген жок), менимче, алар Борбор Азиядагы шайлоого кийлигишүү коркунучу бар"", - деди Сариев. Сүрөт www",vesti.kg,https://vesti.kg/kg/analitika-kg/item/75521-parlamenttik-shajloogo-tyshtan-kijligishuu-mumkun-emes.html,2020-09-24T11:37:14+06:00,kyrgyz,0,high,news_site
c1655b37-891f-4486-ae98-02dbf0be325d,Туристтик Чыгыш экспресси менен жомоктогудай кышкы саякат,"Кыш мезгилинде кар баскан Анатолиянын кең мейкиндиктери аркылуу Туристтик Чыгыш Экспресси менен унутулгус темир жол саякатына аттаныңыз Дүйнө жүзүндө темир жол менен саякаттоого болгон кызыгуу өсүп жаткан учурда, Түркиянын Туристтик Чыгыш Экспресси бул тенденциянын эң таасирдүү үлгүлөрүнүн бири болуп саналат. Түркиянын борбору Анкара менен Чыгыш Анатолиянын бермети саналган Карс шаарынын ортосундагы түнкү поезд сапары жүргүнчүлөргө кар жамынган Анатолия түздүктөрү менен тоолорунун укмуштуудай көрүнүштөрүн тартуулайт. Ностальгияны, кооз пейзаждарды жана туруктуу саякат түшүнүгүн айкалыштырган бул маршрут дүйнөдөгү эң таасирдүү темир жол сапарларынын бири катары эл аралык деңгээлде таанылган. Түркиянын эң көп суроо-талапка ээ поезд багыты Рельстердин ыргагы, ыңгайлуу купелер, ак кар жамынган пейзаждар жана сыйкырдуу токтоолор Чыгыш Экспрессин жөн гана поезд сапарынан Анатолия аркылуу өткөн жомоктогудай саякатка айлантат. Анкара менен Карс шаарларынын ортосунда эки багытта каттаган маршрут эки тараптан тең өзгөчө кооз болсо да, борбор шаардан Карска карай саякаттоо эң популярдуу багыт болуп эсептелет. Туристтик Чыгыш Экспресси жума сайын үч жолу эки шаардан тең каттайт, билеттер онлайн сатыкка коюлат. Түркиянын эң популярдуу темир жол сапары болгондуктан, билеттер тез эле сатылып кетет, ошондуктан алдын ала брондоо сунушталат. Орточо 24 саатка созулган сапар жатак керебеттүү жайлуу купелерди, көз жоосун алган табият көрүнүштөрүн жана экскурсиялар үчүн атайын токтоолорду камтыйт. Көптөгөн жүргүнчүлөр купелерин жарыктар жана жасалгалар менен кооздоп, жылуу атмосфера түзүшөт. Саякатчылар өздөрү менен жеңил тамак ала алышат — купелерде муздаткыч жана жуугуч бар — же ресторан-вагондо тамактанып, түнкү тынч сапардан ырахат ала алышат. Анкарадан чыккан поезд Кырыккале, Кайсери, Сивас, Эрзинжан жана Эрзурум шаарларынан өтүп, Карс шаарына жетет. Анкара–Карс багытында поезд Эрзинжан жана Эрзурум шаарларында токтосо, кайтуу жолунда — Карстан Анкарага карай — Илич, Дивриги жана Сивас шаарларында токтойт. Бул токтоолор жүргүнчүлөргө ЮНЕСКОнун тизмесине кирген табигый жана тарыхый мурастарды камтыган көптөгөн кереметтерди көрүүгө мүмкүнчүлүк берет. Кыштагы сыйкырдуу багыт — Карс Анкарадан башталган кооз темир жол саякаты тарыхы катмарлуу, кышкы пейзаждары жана өзгөчө ашканасы менен белгилүү Карс шаарында жыйынтыкталат. Анатолиянын эң байыркы отурукташкан аймактарынын бири болгон Карс шаары борбордогу өзгөчө архитектурасынан тартып, айланасындагы кылымдарды карыткан эстеликтерге чейин бай тарыхый мурасты сунуштайт. Шаардан анча алыс эмес жерде жайгашкан Ани — ЮНЕСКОнун Дүйнөлүк мурастар тизмесине кирген уникалдуу жай. Орто кылымдарда «1001 чиркөөнүн шаары» катары белгилүү болгон бул байыркы метрополис чиркөөлөрү, мончолору, алгачкы мечити жана зор коргон дубалдары менен христиан жана мусулман династияларынын мурасын айкын чагылдырат. Карстын табигый кооздугу да өзгөчө таасир калтырат. Сарыкамышта коноктор кристаллдай таза кар үстүндө лыжа тээп, укмуштуудай көрүнүштөрдүн коштоосунда чана тебишет. Карс менен Ардахан облустарынын чек арасында жайгашкан Чылдыр көлү да кыш мезгилинде муз каптаган көрүнүшү менен өзгөчө табигый керемет болуп саналат. Ат чегилген чана менен муз үстүндө жылып бара жатканда, балыкчылардын музду тешип, сазан балык уулаганын көрүүгө болот — бул көрүнүш аймактын кышкы символдорунун бири катары таанылган. Карстагы эң өзгөчө тажрыйбалардын бири — кечки тамак-аш программалары. Бул иш-чараларда коноктор ашык айтышуу, Кавказ элдик бийлери жана каз эти, Карс сыры, ракы жана Чыгыш Анатолия шараптары камтылган атайын меню аркылуу шаардын нукура руху менен таанышат. Бай гастрономиясы — сыр, грюйер, бал, каз эти жана манты — менен белгилүү Карс шаары Богатепе айылындагы Сыр музейине да чакырат. Бул жерде зыяратчылар аймактын сыр жасоо салты менен таанышып, жергиликтүү сырлардын түрлөрүн даам татышат.",vesti.kg,https://vesti.kg/kg/koom/item/148061-turisttik-chygysh-ekspressi-menen-zhomoktogudaj-kyshky-sayakat.html,2026-02-17T22:12:48+06:00,kyrgyz,0,high,news_site
52a3b037-ae89-42d0-86a8-bc62245709c7,Өлкөдө аялдарга арналган бир айлык акцияда кандай оорулар аныкталганы айтылды,"Маалымдалгандай, бул көрсөткүч өлкөнүн жергиликтүү медициналык мекемелерине катталган жалпы аялдардын 50%ын түзөт Октябрь айында республика боюнча 760 миңден ашуун аялдар «Айымдардын ден соолугу!» республикалык бир айлыгынын алкагында профилактикалык кароодон өтүштү. Бул туурасында кечээ, 21-ноябрда Саламаттык сактоо министринин басма сөз кызматы билдирди. Маалымдалгандай, бул көрсөткүч өлкөнүн жергиликтүү медициналык мекемелерине катталган жалпы аялдардын 50%ын түзөт. ""Жыйынтыгында 45 миңге жакын аялда кан басымынын жогорулашы биринчи жолу аныкталды. 10 миң аялда жүрөк-кан тамыр ооруларынын пайда болуу коркунучу жогору экени белгилүү болду. Ошондой эле 5600дөн ашуун аялда кант диабетинин жогорку коркунучу аныкталды. 300 аял эмчек безинин рагына, ал эми 550 аял жатын моюнчасынын рагына шектелип саламаттык сактоо системасынын үчүнчү деңгээлине жөнөтүлдү"", - деп айтылган маалыматта. Белгилей кетсек, октябрь айындагы бир айлык Саламаттык сактоо министрлиги тарабынан «Кыргызстандагы жугуштуу эмес ооруларды эффективдүү башкаруу жана алдын алуу» швейцариялык долбоорунун колдоосу менен өткөрүлдү",vesti.kg,https://vesti.kg/kg/den-sooluk-uchun/item/132607-olkodo-ayaldarga-arnalgan-bir-ajlyk-aktsiyada-kandaj-oorular-anyktalgany-ajtyldy.html,2024-11-22T09:50:17+06:00,kyrgyz,0,high,news_site
d02101df-f189-4111-9de1-bb80b56c7d1a,Үч жыл бою имаратты башкаруу чыгымдарысыз: Royal Central Park долбоорунун стратегиялык артыкчылыгы,"Башкаруу төлөмдөрүнүн жоктугу менчик ээлери жана ижарачылар үчүн эмнени билдирет Пайыздык чендер жогору бойдон калган шартта, кыймылсыз мүлккө инвестиция салган адам үчүн негизги коркунуч рыноктун жай өсүшүндө эмес, капиталдын наркы инвестициялык циклдин өтө эрте этабында пайда болушунда жатат. Акча агымы алгачкы жылдарда эле түгөнүп калганда, ички кирешелүүлүк нормасы (IRR) актив өзүнүн чыныгы баалуулугун түзө электе эле «кысылып» калат. Дал ушул жерде кыска мөөнөттүү жеңилдикке негизделген келишим менен узак мөөнөткө эсептелген системалуу инвестициялык стратегиянын ортосундагы чек өтөт. Ушул себептен Royal Central Park долбоорундагы каржылоо пакети жөн гана кыска мөөнөттүү пайыздык жеңилдик эмес. Бул — убакыт огуна ылайык түзүлгөн финансылык структура. Ал инвесторлорго жетиштүү деңгээлде акча агымын башкаруу ийкемдүүлүгүн берип, рынок баалардын активдүү өсүү фазасына киргенге чейин батирлерди кармап турууга мүмкүндүк берет. Башкача айтканда, инвесторлор пайыздык басымдан улам мажбурлап сатууга эмес, рыноктук өсүштү күтүүгө шарт алышат. Алгачкы үч жыл жөн гана «жеңилдик мезгили» эмес, IRRди оптималдаштырууга багытталган атайын иштелип чыккан финансылык буфер болуп саналат. The Essence фазасындагы Atlas (Y2) корпусунда жайгашкан батирдин интерьери Мындай ыкма дүйнөлүк кыймылсыз мүлк инвестициялоо тажрыйбасында жаңылык эмес. Эл аралык изилдөөлөр көрсөткөндөй, этап-этабы менен ишке ашырылган жана толук интеграцияланган инфраструктурасы бар ири шаардык долбоорлор өз алдынча турган долбоорлорго салыштырмалуу баанын жогору өсүш темпин көрсөтөт. Savills компаниясынын Азиядагы комплекстүү шаардык кыймылсыз мүлк боюнча отчетуна ылайык, Сингапур, Сеул жана Шанхайдагы мастер-план менен курулган ири коомчулуктардагы батирлер ошол эле өнүгүү циклинде комплекстүү эмес долбоорлорго караганда орточо 20–40% жогору өсүштү көрсөткөн. Мунун себеби спекуляцияда эмес, инфраструктуранын бүткөрүлүшү, аймакты көрктөндүрүү жана калктын тыгыздыгынын өсүшү менен баалуулуктун акырындык менен топтолушунда. Лондондо CBRE жүргүзгөн изилдөөлөр Canary Wharf жана King’s Cross сыяктуу мастер-пландалган райондордо баштапкы этапта батирлердин баасы туруктуу эксплуатация фазасына чыккан учурга салыштырмалуу кыйла төмөн болгонун көрсөтөт. 7–10 жыл ичинде бул аймактар «өнүгүү зонасынан» шаардын жаңы функционалдык борборлоруна айланган соң, кыймылсыз мүлктүн наркы олуттуу өскөн. Белгилей кетүүчү нерсе, баанын негизги өсүшү инвесторлор эң чоң капиталдык чыгымдар мезгилин артта калтыргандан кийин болгон, бул активди толук цикл ичинде кармап туруунун маанилүүлүгүн баса белгилейт. Жакынкы Чыгыш өлкөлөрүндө да ушуга окшош мисалдар бар. Дубайдагы Downtown Dubai жана Dubai Marina сыяктуу интеграцияланган шаардык райондор Knight Frank маалыматы боюнча орточо көрсөткүчтөн жогору узак мөөнөттүү баа өсүшүн көрсөтүп келет. Себеби алар жашоочуларды, компанияларды жана эл аралык капитал агымдарын өзүнө тартуу жөндөмүнө ээ. Ал эми алардын айланасындагы майда долбоорлор төмөн өсүштү жана жогорку туруксуздукту көрсөтөт. Бул жерде да негизги фактор сатып алуу учурундагы пайыздык чен эмес, активди калыптануу жана кайра баалоо мезгилинде кармап туруу мүмкүнчүлүгү болуп саналат. Royal Central Park долбооруна кайрылсак, үч жылдык cost of carry жок структура инвесторлорго дүйнөлүк мастер-пландалган долбоорлордо өзүн актаган стратегияны колдонууга шарт түзөт: эрте этапта сатып алуу, өсүү фазасында активди кармап туруу жана каржылык милдеттенмелерди актив жаңы баа деңгээлине жеткенден кийин гана тейлей баштоо. Рынок өскөн сайын жана активдер кайра бааланган сайын, насыянын наркка карата катышы (LTV) табигый түрдө жакшырып, карыз активдин баасына салыштырмалуу «жеңилдей» түшөт. The Essence фазасындагы 5 мунара жана Royal Central Park’тын сүрөтү — расмий түрдө 2026-жылдын январына бери сатыкта Бул — пассивдүү рычаг менен стратегиялык рычагдын ортосундагы чек. Пассивдүү рычаг инвесторду бир эле учурда карыз алууга жана акча агымын жоготууга мажбурлап, IRRди башынан эле кысат. Ал эми стратегиялык рычаг каражатты туура убакта тартууга жана капиталдык чыгымдарды активдин баасы өсүп, инвестициялык позиция бекемделгенден кийин гана төлөөгө мүмкүндүк берет. Пайда түзүлүшүнүн механикасы жагынан караганда, Royal Central Park инвесторлору батирди «үч жылдык жеңилдик» аркылуу сатып алышпайт. Алар Бишкектин өсүү фазасында IRRди пайыздык басымдан улам төмөндөтпөстөн позицияны кармап турууга мүмкүнчүлүк берген структураны сатып алышат. Убакыт негизги атаандаштык артыкчылык болгон циклде бул — Royal Central Park узак мөөнөттүү инвесторлорго сунуш кылган башкы баалуулук. Каржылык рычагды моделдөө (пайыздык модель) Батирдин абсолюттук наркына карабастан, каржылык рычагдын натыйжалуулугун көрсөтүү үчүн модель толугу менен пайыздык катыштарга негизделген. Инвестор капитал структурасын 30% жеке каражат жана 70% банктык насыя түрүндө колдонот. Негизги сумма жана пайыздар боюнча үч жылдык жеңилдик мезгили каралган, бул мезгилде пайыздык чыгымдарды куруучу компания төлөп берет. The Essence фазасындагы ландшафттык бак — All-in-one Royal Central Park масштабдуу шаар комплекси Баалардын динамикасы боюнча модель биринчи жылы активдин наркы 35% өсөт, андан кийин кийинки эки жылда турукташат деп болжолдойт. Бул — каржылык рычагдын таза таасирин так көрсөтүүгө мүмкүндүк берген консервативдүү сценарий. Мындай шартта үч жылдын ичинде активдин наркы баштапкы деңгээлдин 135%ына жетет, ал эми карыз 70% деңгээлде өзгөрүүсүз калат. Жеке капиталдын наркы 65%ды түзөт — бул активдин наркы менен карыздын ортосундагы айырма. Баштапкы 30% жеке каражатка салыштырмалуу бул 35 пайыздык пунктка өсүштү билдирет же үч жыл ичинде жеке капиталга карата болжол менен 117% кирешелүүлүккө (ROE) барабар. Мында ижара кирешеси, кайра каржылоо же рыноктун мындан аркы өсүшү сыяктуу кошумча факторлор эсепке алынган эмес. The Essence фазасынын борбордук багынын визуалдаштырылышы, грек багынын концепциясынан шыктанган. ______________________________________________________ МААЛЫМАТТЫК БӨЛҮК: Royal Central Park долбоорундагы ипотекалык программа тууралуу маалымат",vesti.kg,https://vesti.kg/kg/zxc-kg/item/148165-uch-zhyl-boyu-imaratty-bashkaruu-chygymdarysyz-royal-central-park-dolboorunun-strategiyalyk-artykchylygy.html,2026-02-20T16:04:57+06:00,kyrgyz,0,high,news_site
7fcb0290-1488-4bfb-a48d-5004d5d547e2,Кыргызстанда жуманын аягына чейин туруксуз аба ырайы күтүлөт,"Республиканын тоолуу жана тоо этектериндеги райондорунда сел жүрүшү мүмкүн Өзгөчө кырдаалдар министрлиги өлкө аймагында күтүлүп жаткан туруксуз аба ырайына байланыштуу шашылыш билдирүү таратты. Ага ылайык, 2-июлдан 7-июлга чейин туруксуз аба-ырайына жана күтүлүп жаткан нөшөрлүү жаан-чачынга байланыштуу, республиканын тоолуу жана тоо этектериндеги райондорунда сел жүрүшү мүмкүн, дарыяларда суунун деңгээли көтөрүлүшү күтүлөт. ӨКМ жарандарды төмөндөгүдөй сел коопсуздук эрежелерин сактоого чакырат:",vesti.kg,https://vesti.kg/kg/analitika-kg/item/126283-kyrgyzstanda-zhumanyn-ayagyna-chejin-turuksuz-aba-yrajy-kutulot.html,2024-07-02T17:45:56+06:00,kyrgyz,0,high,news_site
cda1326e-8afa-43ea-9f3c-ebcea8e66b3f,"Дүйнө «көрүнүштү» сатып алат, дубал гана эмес — Сингапурдан Дубайга чейинки премиум жашоо образынын тренди","Дүйнөлүк кыймылсыз мүлк рыногунда «көрүнүштү сатып алуу» тренди — уникалдуу панорамалар үчүн көбүрөөк төлөөгө даярдык — барган сайын айкын болууда Сатып алуучулар бүгүн төрт дубал эмес, жашоо жана ырахат алуу мейкиндигин сатып алышат. Ошондуктан алар ачык көрүнүштөрү, жаратылыш жарыгы мол жана баалуу пейзажы бар батирлер үчүн ашыкча төлөөгө даяр —бул жашоо образынын элементи катары, жай эле турак жай эмес. Сингапурда бул тренд бир катар белгилүү долбоорлордо айкын көрүнөт. Reflections at Keppel Bay — 750 метрден ашык жээги бар жээк бойундагы турак комплекс, жогорку кабаттардагы батирлерден залив жана Сентоза аралынаболгон панорамалык көрүнүштөр аркасында жогорку сурамда, күнүмдүк курорттук эс алуу сезимин жаратат. Дагы бир мисал — Marina Bay районунун так ортосунда жайгашкан The Sail @ Marina Bay. Заливге жана шаардын горизонтуна түз көрүнүш бул долбоорду эл аралык сатып алуучулар үчүн өзгөчө жагымдуу кылат жана баанын туруктуу жогорку деңгээлин сактайт. Сингапурдагы Marina Bay'дын сүрөтү Дубайда көрүнүштүн баалуулугу келишимдердин цифраларында так чагылдырылат. Palm Jumeirah'та деңизге көрүнүшү бар батирлер адатта стандарттык варианттардан болжол менен 30% жогору бааланат, ал эми BurjKhalifa'га же Dubai Marinaнын панорамасына түз көрүнүшү бар апартаменттер жайгашкан жерине жана кабатына жараша 15%дан 40%га чейинки баалык премиясына ээ. Айкын мисал — Business Bay районундагы долбоорлор, мында Dubai Canal жана шаардын skyline'га көрүнүштөр инвесторлорду да, үйдө отуруп алуучуларды да тартат, алар тургун бөлмөдөн эле визуалдык ыңгайлуулукту баалашат. Бул мисалдар Сингапур жана Дубай сыяктуу өнүккөн кыймылсыз мүлк рыноктору үчүн «көрүнүш» көптөн бери эмоционалдык бонустун чегинен чыгып, объекттин наркын баалоонун негизги элементине айланганын көрсөтөт. Булжашоонун сапатын жогорулатуу факторунун гана эмес, баанын дифференциациясынын жана инвестициялык тартымдуулуктун өсүшүнүн маанилүү рычагы, аны үчүн сатып алуучулар төлөөгө даяр. Дүйнө «батир сатып алуу» логикасынан «жашоо тажрыйбасын сатып алууга» өткөн сайын, көрүнүш кыймылсыз мүлктүн базалык баалуулугуна айланат — так ушундай жагдай Сингапурда, Нью-Йоркто же Дубайда болуп өткөн. Royal Central Park бул глобалдык трендге органикалык түрдө шайкеш келет, ошол эле учурда Бишкек үчүн уникалдуу артыкчылыкка ээ: 54 гектар аянттагы ири масштабдуу mixed-use шаарчасы, мында аймактын 70%дан ашыгы парктарга, суу объекттерине жана коомдук мейкиндиктерге бөлүнгөн. Бул жаңы шаардык борборунун тура ортосунда борбор үчүн сейрек кездешүүчү ачык көрүнүштөрдү калыптандырат. Батирлерден резиденттер шаарды гана эмес, Теңир-Тоонун улуу тоо кырларын, жашыл парктарды жана ойлонулган пейзажды — Бишкектин чыныгы «өпкөсүн» көрө алышат, бул жөн гана жашоонун эмес, жашоонун жана ырахат алуунун философиясын жүзөгө ашырат. Бул долбоордун алкагында так The Essence «көрүнүштү сатып алуу» трендинин баалуулугун эң айкын чагылдырат. Y түрүндөгү беш башня, 3,9 гектар участокто куруулуш тыгыздыгы 28% гана — ар бир батир панорамаларды максималдуу ачуу, жаратылыш жарыгынын молдугун жана жакшы желдетүүнү камсыз кылуу, ошондой эле жылуулук жүгүн жана күндүн көздү кашайтуусун азайтуу үчүн долбоорлонгон. Мындай архитектуралык чечим ыңгайлуумикроклиматты жаратат жана көп катмарлуу көрүнүштөрдү ачат: ички паркка, суунун бетине, азыркы шаардык чөйрөгө жана курчаган табигый пейзажга. The Essence'теги ар бир батир өз карап туруучу чекити болуп калат, мындабаалуулук чарчы метрлер менен эмес, күнүмдүк жашоо тажрыйбасы менен аныкталат. Royal Central Park долбоорунун The Essence фазасындагы 5 турак башнянынсүрөтү — 42 кабаттуу 2 башня жана 29 кабаттуу 3 башня Бишкектин кыймылсыз мүлк рыногу али өнүгүүнүн эрте этабында турганын эске алганда, Royal Central Park жана The Essence дүйнөнүн культтук mixed-use долбоорлоруна салыштырылуучу артыкчылыктарга ээ: стратегиялык жайгашкан жери, интеграцияланган инфраструктура жана туруктуу, кайталап жаратууга мүмкүн эмес көрүнүштөр. Бул болжол менен 60 000 келечектүү тургундары үчүн эл аралык жашоо сапатынын стандартын гана эмес,кыймылсыз мүлктүн наркынын узак мөөнөттүү өсүшүнүн негизин да түзөт, анткени «көрүнүш» барган сайын суралуучу активге айланат, аны үчүн рынок премия төлөөгө даяр, Бишкек үчүн жаңы инвестициялык жана жашоостандарттарын калыптандырат. 2026-жылдын 13-январында Royal Central Park долбоорунун куруучусу The Essence кварталынын курамындагы Y3 башнясынын сатууларын расмий түрдө ачат, биринчи сатып алуучулар үчүн атайын шарттарды жана эксклюзивдүүбелектерди сунуштайт. The Essence фазасынын европалык архитектурасынын сүрөтү — 2026- жылдын январынан сатууда 2026-жылдын 13-январынан 2026-жылдын 31-мартына чейин Royal Central Park долбоору инвесторлор жана келечектүү ээлер үчүн эң тартымдуу шарттар менен The Essence турак кластеринин Y3 башнясынын сатууларын расмий түрдө ачат. The Essence турак кластери жөнүндө маалымат: • The Essence кластеринин аянты: 39.264 m²• Шаар куруу концепциясы: 5 турак башня, анын ичинде 29 кабаттуу 3башня жана 42 кабаттуу 2 башня• Коммерциялык стилобат: 3 кабат• Жер астындагы автотокток: 2 деңгээл• Ички ыңгайлуулуктар: 5 тематикалык бак, балдар оюн аймагы, коммерциялык стилобат, спорт залы, бийиктикте эс алуу үчүн панорамалык бак. RCP'да батир сатып алуу боюнча ийгиликтүү келишим түзгөн кардарлар үчүн гана өткөрүлүүчү сыйлыктарды тартуулоо программасы: 1 500 000 сомдук 01 электромобиль, 909 090 сомдук 01 автомобиль, ошондой эле ондогон башка баалуу сыйлыктар. Сыйлык фондунун жалпы наркы 2,9 млн сомго жетет. ""City within city"" (шаардын ичиндеги шаар) концепциясы менен Royal Central Park'ты ачыңыз — Бишкектеги биринчи all-in-one шаардык комплекс: Royal Central Park — Бишкектеги бактылуу шаардык мейкиндиктин биринчи символу.Royal Central Park — Бишкектеги бактылуу шаардык мейкиндиктин биринчи символу.",vesti.kg,https://vesti.kg/kg/koom/item/147019-dujno-korunushtu-satyp-alat-dubal-gana-emes-singapurdan-dubajga-chejinki-premium-zhashoo-obrazynyn-trendi.html,2026-01-08T10:49:18+06:00,kyrgyz,0,high,news_site
0c7cd20f-4909-46f1-aacb-66175fdba94a,Бишкектен Индияга түз аба каттамы ачылат,"Тараптар 2025-жылдын 15-февралынан тартып Дели-Бишкек-Дели багыты боюнча жаңы каттам ачууну макулдашты «МЭА» ААК Башкармалыгынын төрагасы Манасбек Самидинов IndiGo Airlines (Индия) авиакомпаниясынын вице-президенти менен жолугушуп, Кыргызстан менен Индиянын ортосунда жаңы аба каттамдарын ачуу маселесин талкуулады. Бул тууралуу аба майдандын басма сөз кызматынан кабарлашты. Тараптар 2025-жылдын 15-февралынан тартып Дели-Бишкек-Дели багыты боюнча жаңы каттам ачууну макулдашты. «Бул туристтердин агымын арттырып, эки өлкөнүн ортосундагы маданий, билим берүү жана экономикалык байланыштарды бекемдейт. Манасбек Самидинов «МЭА» ААК жүргүнчүлөр үчүн ыңгайлуу боло турган каттамдарды уюштурууга колдоо көрсөтүүгө даяр экенин баса белгиледи», — деп жазылат маалымат",vesti.kg,https://vesti.kg/kg/politika-kg/item/133027-bishkekten-indiyaga-tuz-aba-kattamy-achylat.html,2024-11-29T17:24:39+06:00,kyrgyz,0,high,news_site
5e1f2ff1-ed08-406a-a28a-44d6190c90fa,Кыш жана жаз мезгилдеринде Антальянын тематикалык парктары,"2026-жыл менен бирге Түркиянын туризм борбору Анталья (Antalya) үй-бүлөлүк эс алуу үчүн идеалдуу багыт катары өз ордун бекемдейт. Euromonitor уюмунун International Arrivals 2025 рейтингинде дүйнөдөгү эң мыкты 10 туристтик багыттын катарына кирген шаар кышкы жана жазгы каникулдарды өзгөчө таасирлерге айлантат. Белгилүү деңиз жээгинен тышкары, Анталья жыл бою иштеген дүйнөлүк деңгээлдеги тематикалык парктары жана интерактивдүү көңүл ачуу жайлары аркылуу туризмдин жаңы форматтарын сунуштайт! Легендалар жандангaн жер: The Land of Legends Белек районунда жайгашкан Легендалар өлкөсү (The Land of Legends) — Түркиянын эң ири көңүл ачуучу комплекси. Бул жерде 62 метрлик Hyper Coaster аттракциону, Aqua Land суу паркы, ошондой эле Nickelodeon Land жана «Маша жана Аюу» (Masha and the Bear) тематикалык зоналары күнү-түнү иштеп, бардык курактагыларга арналган көңүл ачууну сунуштайт. Kingdom Hotel мейманканасындагы тематикалык номерлер жана Nickelodeon Hotels & Resorts Antalya эс алуу менен көңүл ачууну бириктирген өзгөчө форматты түзөт. Кыймылдаган мурас: Докумaпарк Антальянын Кепез районунда, мурдагы текстиль фабрикасынын аймагында жайгашкан Докумaпарк (Dokumapark) — маданиятка жана тарыхый эстеликтерге багытталган өзгөчө парк. Бул жерде музейлер, көргөзмө залдары, кафелер жана сейилдөө жолдору бир мейкиндикке топтолгон. Оюнчук музейи, 1:25 масштабындагы Түркиянын белгилүү объектилерин камтыган миниатюралар паркы жана ретро автоунаалар музейи зыяратчылардын өзгөчө кызыгуусун жаратат. Суунун астындагы дүйнө: Анталья аквариуму Коньяалты жээгине жакын жайгашкан Анталья аквариуму (Antalya Aquarium) дүйнөдөгү эң ири аквариум комплекстеринин бири. Узундугу 131 метр болгон туннелде акулалар, скаттар жана миңдеген балыктар үстүңүздөн сүзүп өтүп, деңиз түбүндө жүргөндөй таасир калтырат. Комплекстин курамында WildPark тропикалык аймагы, Snow World & Ice Museum, Oceanride XD кинотеатры жана мом фигуралар музейи да бар. Жерде жана сууда энергия: Кепез токой паркы, Актур лунапаркы жана Хип-Нотикс Кепез токой паркы (Kepez Macera Ormanı) аркан жолдору, аскага чыгуу, пейнтбол жана токой трассалары менен активдүү эс алууну сүйгөндөр үчүн ылайыктуу. Коньяалты районундагы Актур лунапаркы (Aktur Lunapark) кечкисин жарыктарга бөлөнүп, роллеркостерлер, балдар аттракциондору жана оюн-зоок менен үй-бүлөлөрдүн сүйүктүү жайына айланат. Анталья эл аралык аэропортунан болжол менен 30 мүнөт алыстыкта жайгашкан Хип-Нотикс канаттуу лыжа паркы (Hip-Notics Cable Ski Park) үч жасалма көлдө вейкбординг менен машыгууга шарт түзөт. Тропикалык тынчтык: Көпөлөктөр дүйнөсү 2026-жылдын февраль айында ачылышы пландалган Көпөлөктөр дүйнөсү (Butterfly World Antalya) 10 000 чарчы метрге жакын аймакты камтыган тропикалык комплекске айланат. Бул жерде миңдеген көпөлөктөр айнек куполдун ичинде эркин учуп, шаркыратмалар, көлмөлөр жана жыш өсүмдүктөр менен курчалган табигый чөйрө түзүлөт. Канаттар, толкундар, кыялдар 2026-жылы Анталья жайкы курорт гана эмес экенин дагы бир ирет далилдеп, үй-бүлөлөр үчүн жыл бою унутулгус тажрыйбаларды тартуулайт. Табият, маданият жана көңүл ачуу Жер Ортолук деңизинин жылуу нуру астында бириккен шаар ар бир мезгилде саякатчыларды тосуп алат.",vesti.kg,https://vesti.kg/kg/koom/item/147586-kysh-zhana-zhaz-mezgilderinde-antalyanyn-tematikalyk-parktary.html,2026-01-30T15:40:23+06:00,kyrgyz,0,high,news_site
3cbad86d-fa70-4af3-987c-02f440477be9,Төрага Нурланбек Шакиев Катардын Кыргызстандагы элчиси Али Жабир Мухаммад Аль-Гуфран Аль-Маррини кабыл алды,"Биз экономикалык жана инвестициялык кызматташтыкты кеңейтип, соода байланышын эселеп жакшыртышыбыз керек Бүгүн, 29-ноябрда Жогорку Кеңештин Төрагасы Нурланбек Шакиев Катар мамлекетинин Кыргыз Республикасындагы Атайын жана толук ыйгарым укуктуу элчиси Али Жабир Мухаммад Аль-Гуфран Аль-Маррини кабыл алды. Жолугушууда эки өлкө ортосундагы саясий-экономикалык, маданий-гуманитардык кызматташтыкты өнүктүрүү, парламенттер аралык байланыштарды арттыруу маселелери талкууланды. Алгач Төрага Нурланбек Шакиев Али Жабир Мухаммад Аль-Гуфран Аль-Маррини Кыргызстанга элчи болуп дайындалышы менен куттуктап, дипломатиялык ишмердүүлүгүнө ийгиликтерди каалады. “Сиздин өмүр баяныңыз менен таанышып жатып, дипломатиялык иштин анык чебери экениңизди байкадым. Андыктан, кыргыз-катар мамилесин бекемдөөгө өз салымыңызды кошосуз деген терең ишеничтемин”, – деди Төрага. Ошондой эле эки мамлекет ортосундагы алакалар акыркы жылдары жигердүү өнүгүп жатканына токтолгон Нурланбек Шакиев: “Өткөн жылы араб өлкөлөрүнөн алгачкылардан болуп Катардын Эмири Тамим бин Хамад Аль Тани Кыргызстанга мамлекеттик сапар менен келип, байланыштардын жаңы барагы ачылды. Анда бир катар маанилүү маселелер боюнча сүйлөшүүлөр жүрүп, өнөктөштү өрчүтүүгө багытталган макулдашууларга кол коюлду”, – деди. Муну менен катар Кыргызстан кызматташтыкты кеңейтүүдөгү маанилүү жолдордун бири саналган парламенттер аралык байланыштарды да арттырууга кызыкдар экендигин белгилеп, Катардын Аш-Шура Межлисининин (парламент) Төрагасына элчи аркылуу дубай салам жолдоо менен Кыргызстанга расмий иш сапар менен келип кетүүгө чакырды. Жолугушууда соода жүгүртүүнүн көлөмүн көтөрүү тууралуу да сөз болуп: “Эки өлкөнүн мүмкүнчүлүктөрү өтө чоң. Биз экономикалык жана инвестициялык кызматташтыкты кеңейтип, соода байланышын эселеп жакшыртышыбыз керек. Бул үчүн Бишкек-Доха аба каттамын тез арада ачуу зарыл. Себеби, азыркы көз караш менен алганда түз аба каттамы бардык мамлекеттер аралык кызматташтыкты, анын ичинен жарандар ортосундагы байланыштарды өнүктүрүүгө өбөлгө түзөт”, – деди Нурланбек Шакиев. Андан сырткары, Кыргызстандын туристтик мүмкүнчүлүктөрү жөнүндө да кеп кылган Төрага акыркы жылдары Катар мамлекетинен келген меймандар көбөйгөнүн, эгер аба каттамы ачылса алардын саны дагы жогорулап, достук мамиле чыңдаларын кошумчалады. Ошондой эле Кыргыз-Катар инвестициялык фондун түзүү, Кыргызстандын энергетика, туризм, тоо-кен жана айыл чарба сыяктуу приоритеттүү тармактарына инвестиция салуу маселелерине токтолду. Өз кезегинде Атайын жана толук ыйгарым укуктуу элчи Али Жабир Мухаммад Аль-Гуфран Аль-Марри жылуу кабыл алгандыгы үчүн Жогорку Кеңештин Төрагасына ыраазычылык билдирип, айтылган ар бир сунуш боюнча тийиштүү иштерди алып барарын белгиледи. “Катар Кыргызстан менен бардык багытта кызматташууга кызыкдар. Алакаларды арттыруу жаатында мүмкүнчүлүктөрүбүз өтө чоң. Мен элчи катары эки өлкөнүн мамлекеттик органдары ортосунда тыгыз байланышты камсыздап, парламенттер аралык алакаларды да кеңейтүү жаатында иш алып барууга даярмын” – деген элчи Катардын Аш-Шура Межлисининин (парламент) Төрагасы Хасан бин Абдулла Аль-Ганимдин жолдогон саламын жеткирди. Муну менен катар дипломатиялык ишмердүүлүгүнүн артыкчылыктуу багыттарды тууралуу кеңири сөз кылды.",vesti.kg,https://vesti.kg/kg/politika-kg/item/133003-toraga-nurlanbek-shakiev-katardyn-kyrgyzstandagy-elchisi-ali-zhabir-mukhammad-al-gufran-al-marrini-kabyl-aldy.html,2024-11-29T13:51:33+06:00,kyrgyz,0,high,news_site
b4ce6fa1-cb3c-46f9-b7e3-bf88bd88e109,Солтон-Сары кени тууралуу: Жыл сайын жергиликтүү тургундарга 50 миллион сомдон компенсация төлөнөт,"Кенди иштетүүдө цианиддер колдонулбайт. Кара-Балта шаарында алтынды тазалоо иштери жүргүзүлөт Президенттин басма сөз катчысы Эрбол Султанбаев Солтон-Сары кени боюнча түзүлгөн кырдаалга социалдык тармактардагы баракчасына комментарий берди.Анын айтымында, мамлекет башчы Садыр Жапаров үстүбүздөгү жылдын июнь айында Нарын районундагы Солтон-Сары алтын кенине барып, абал менен кеңири таанышкан.«Президент жергиликтүү тургундар менен жолугуп, жолдорду жана инфраструктураны куруу жаратылышка терс таасирин тийгизет деген көйгөйлөрүн укту», - деп жазат Султанбаев.«Бирок, өзүңүздөр көрүп турасыздар, жолдор көптөн бери төшөлүп, заводдун курулушу башталды. Жер кыртышын бузууга байланыштуу башка иштер жүргүзүлбөй турганы аныкталгандыктан, Солтон-Сары кенин иштетүүгө уруксат берилген. Муну менен катар компания жыл сайын жергиликтүү тургундарга 50 миллион сом өлчөмүндө компенсация төлөп турмакчы. Ошондой эле алтын казып алуу башталгандан кийин төлөмдөрдүн көлөмү көбөйөт деген келишимге жетишилди”,-деп жазды басма сөз катчы.Мындан тышкары мамлекеттик үлүш болот. Кенди иштетүүдө цианиддер колдонулбайт. Кара-Балта шаарында алтынды аффинаждоо иштери жүргүзүлөт.Сүрөт www",vesti.kg,https://vesti.kg/kg/geologiya-kg/item/103367-solton-sary-keni-tuuraluu-zhyl-sajyn-zhergiliktuu-turgundarga-50-million-somdon-kompensatsiya-tolonot.html,2022-08-19T13:42:18+06:00,kyrgyz,0,high,news_site
7c8666f7-1da5-4011-8d7a-26c1f4b753db,INTEGRA CITY GITEX Africa 2026 көргөзмөсүндө шаарларды санариптик башкаруу экосистемасы үчүн AI-технологияларды сунуштайт,"Көргөзмө 55 миңден ашык катышуучуну, 1 500 эл аралык экспонентти жана 700дөн ашык спикерди бириктирет INTEGRA CITY эл аралык компаниялар тобу Африка континентиндеги алдыңкы технологиялык иш-чаралардын бири болгон GITEX Africa 2026 көргөзмөсүнө Марракеш шаарында катышууда. Көргөзмө 7-апрелде башталып, 55 000ден ашык катышуучуну, 1 500 эл аралык экспонентти жана 700дөн ашык спикерди бириктирди. Бул иш-чара Африканын жасалма интеллекттин глобалдык экономикасындагы ролун талкуулоо үчүн уникалдуу аянтчаны сунуштайт. INTEGRA CITY ар кандай шаардык системалардан алынган маалыматтарды бирдиктүү борборго бириктирип, AI колдоосу менен талдоо жана башкарууну камсыз кылган уникалдуу платформаны сунуштайт. Бул бардык сервистердин синхрондуу иштешин камсыздайт. Платформанын ачык архитектурасы учурдагы чечимдерди жана түзмөктөрдү алмаштырбастан интеграциялоого мүмкүндүк берип, масштабдалуучу экосистеманы түзөт. «Марокко жасалма интеллекттиөнүктүрүүнүн маанилүүборборлорунун бирине айланып, таланттарды, компанияларды жана инновациялардыөзүнөтартууда. Жасалма интеллект мамлекеттик кызматтардан тартып инфраструктуралык камсыздоого чейин ар кандай тармактарда кеңири колдонулууда. Марокко региондогу эңири жана таасирдүүөлкөлөрдүн бири катары дал ушул багыттаөнүгүп жатат»,– деп белгиледи INTEGRA CITY компаниялар тобунуну техникалык департаментинин директору Илья Беляков. Сүрөт: Кампала, Уганда Республикасы: жол кыймылын көзөмөлдөөгө арналган Nexus чечиминин инновациялык архитектурасы ылдамдыкты ашыруу сыяктуу мыйзам бузууларды алдын алуу үчүн интеграцияланган жасалма интеллектти колдонот. Өз алдынча үйрөнүүчү AI технологиясынын жардамы менен транспорт каражаттарынын мамлекеттик номерлерин автоматтык таануу деңгээли 97%га жакындайт. INTEGRA платформасында жасалма интеллект аналитикалык курал катары колдонулат: ал сенсорлордон жана мониторинг системаларынан алынган чоң көлөмдөгү маалыматтарды иштетет, тобокелдиктерди баалайт жана оптималдуу аракет сценарийлерин тандоого жардам берет. Мындай ыкма ар кандай чечимдердин ишин координациялоого мүмкүндүк берип, башкаруунун ылдамдыгын жана сапатын жогорулатат. INTEGRA экосистемасынын чечимдери төмөнкүлөрдү камтыйт:• Sfera – шаардык чөйрөнү санариптик башкаруу: коммуналдык инфраструктура, жарыктандыруу, транспорт жана экологиялык мониторинг;• Nexus – коомдук коопсуздук жана жол кыймылын көзөмөлдөө үчүн AI-чечимдер: транспорт каражаттарын автоматташтырылган мониторингдөө жана мыйзам бузууларды реалдуу убакыт режиминде каттоо;• Kodex – документ жүгүртүүнү, макулдашууларды, салык процесстерин жана жарандарды идентификациялоону автоматташтырууга арналган мамлекеттик башкаруунун санариптик системасы;• Bordex – кырдаалдык маалымдуулукту камсыз кылуу үчүн AI-мониторинг жана кеңейтилген аналитиканы колдонуу менен критикалык инфраструктураны коргоо. Сүрөт: Африкадагы логистикалык хабда БУУнун Дүйнөлүк азык-түлүк программасынын (WFP) автопаркы үчүн Integra тарабынан киргизилген Nexus платформасы гуманитардык ташуулардын натыйжалуулугун жана коопсуздугун жогорулатып, транспорт каражаттарынын чек аралык процедуралардан өтүшүн тездетет. «Биз жасалма интеллект бизнес чөйрөсүндөда, мамлекеттик институттарда да натыйжалуулуктун, инновациялардын жана сапаттуу чечим кабыл алуунун негизги драйверине айланат деп күтөбүз. Жакынкы келечекте AI-технологиялардын аркасында шаарлар коопсузураак, процесстер ачыгыраак, ал эми мамлекеттик кызматтар ыкчамыраак болот. Африка региондо AI-трансформациянын алдыңкыүлгүлөрүнүн бирине айлануу потенциалына ээ»,– деп белгиледиИлья Беляков. Сүрөт: INTEGRA CITY GITEX Africa 2026 көргөзмөсүнүн аянтчасында, Марракеш, Марокко. INTEGRA CITY GITEX глобалдык экосистемасында өз позициясын бекемдөөнү улантууда — бул технологиялар, инновациялар жана стартаптар тармагындагы эң ири жана таасирдүү платформалардын бири. Жасалма интеллект технологияларын мамлекеттик башкарууга жана шаардык инфраструктурага активдүү киргизүү бүгүнкү күндө негизги глобалдык тренддердин бири болуп калды. Ушул контекстте 2026-жылдын 11–12-февралында Каирде Ai Everything Middle East & Africa (MEA) Egypt эл аралык көргөзмөсү өттү — бул технологиялык лидерлерди, инвесторлорду жана мамлекеттик сектордун өкүлдөрүн бириктирген тармактык аянтча. INTEGRA CITY көргөзмөдө акылдуу жана туруктуу шаарлар үчүн AI-чечимдер экосистемасын сунуштады. Бул экосистема реактивдүү башкаруудан талдоо жана башкаруунун бирдиктүү контуруна бириктирилген, процесстерди алдын ала божомолдоп жана оптималдаштыра алган интеллектуалдык системаларга өтүүнү чагылдырат. Бул жагдайда Казакстан, Кыргызстан, Монголия жана Түркмөнстан INTEGRA CITYнин аймактагы стратегиясында борбордук орунду ээлейт — бул шаарлар менен инфраструктуранын трансформациясынын заманбап чакырыктарына жооп берген AI-чечимдерди киргизүү үчүн жогорку потенциалы бар рыноктор. Бул өлкөлөрдө INTEGRA CITY мамлекет менен узак мөөнөттүү технологиялык өнөктөштүктүн негизин түзүп жатат. Борбордук Азия үчүн санариптештирүү бүгүн келечектин маселеси эмес, практикалык зарылчылыкка айланды. Бул шаардык чөйрөнүн кеңейиши, инфраструктурага болгон жүктүн өсүшү жана башкаруунун натыйжалуулугун жогорулатууга болгон суроо-талап менен шартталган. Ошондуктан аймакта AI-чечимдерге жана интеграцияланган санариптик платформаларга болгон кызыгуу мындан ары дагы күчөйт. INTEGRA CITYнин GITEX Africa көргөзмөсүнө катышуусу компаниянын санариптик экосистемаларды өнүктүрүүгө жана шаардык инфраструктураны башкарууну, ошондой эле чечим кабыл алуу ыкмаларын трансформациялаган технологияларды киргизүүгө багытталган стратегиялык багытын чагылдырат. Ошол эле учурда бул компаниянын өз экспертизасын көрсөтүүгө жана тажрыйба алмашууга мүмкүнчүлүк берген маанилүү аянтча болуп саналат. Бул — маалыматтарга, технологияларга жана интеллектуалдык системаларга негизделген башкаруунун жаңы стандартын калыптандырууга карай жасалган кадам. INTEGRA CITY 3 миңден ашык адистти бириктирет INTEGRA CITY– комплекстүү аппараттык жана программалык чечимдерди иштеп чыгууга жана киргизүүгө адистешкен эл аралык, вертикалдуу интеграцияланган холдинг. Холдинг 3 000ден ашык адисти бириктирет жана дүйнөнүн бир нече өлкөсүндөгү кеңселери аркылуу иш алып барат. Холдинг ар түрдүү тармактар үчүн ири технологиялык долбоорлорду ишке ашырып, жогорку деңгээлдеги ишенимдүүлүктү, коопсуздукту жана санариптик трансформацияны камсыз кылат. INTEGRA CITYнин универсалдуу экосистемасы санариптик өнүгүүнүн негизги багыттарын бириктирет: шаардык чөйрөнү башкаруу, коопсуздук, санариптик мамлекеттик башкаруу жана маанилүү объектилерди коргоо. Жасалма интеллект жана предиктивдик аналитика экосистеманын бардык платформаларына терең интеграцияланган. Бардык чечимдер бирдиктүү архитектурага интеграцияланып, шаардык чөйрөнү санариптештирүүгө комплекстүү мамилени камсыз кылат: инфраструктураны куруудан тартып сервистик колдоого чейин, ошол эле учурда мурда киргизилген үчүнчү тараптын чечимдерин интеграциялоо мүмкүнчүлүгүн сактайт.",vesti.kg,https://vesti.kg/kg/koom/item/149447-integra-city-gitex-africa-2026-korgozmosundo-shaarlardy-sanariptik-bashkaruu-ekosistemasy-uchun-ai-tekhnologiyalardy-sunushtajt.html,2026-04-08T13:05:43+06:00,kyrgyz,0,high,news_site
47069836-c813-4757-8f96-26223423013f,INTEGRA CITY GITEX AI KAZAKHSTAN аянтчасында акылдуу шаарлардын жана санариптик мамлекеттин келечегин калыптандырууда,"4–5-май күндөрү Казакстанда алгач ирет GITEX AI KAZAKHSTAN эл аралык көргөзмө жана конференциясы өтүүдө Борбордук Азия келечектүү технологиялык аймак катары өзүнүн позициясын бекемдеп жатат жана INTEGRA CITY бул процессте стратегиялык өнөктөш катары кызмат кылып, жасалма интеллектке негизделген шаарларды жана мамлекеттик системаларды санариптик башкаруу үчүн чечимдерди сунуштап жатат. 4–5-май күндөрү Алматы шаарында, Казакстандын Ишкердик кызматташтык борбору «Атакент» аянтчасында, Казакстанда алгач ирет GITEX AI KAZAKHSTAN эл аралык көргөзмө жана конференциясы өтүүдө. Бул иш-чара дүйнөдөгү ири технологиялык окуялардын глобалдык экосистемасынын бир бөлүгү болуп саналат. Казакстан Дубай, Сингапур, Абу-Даби жана Берлин сыяктуу шаарлар менен катар GITEX тармагындагы тогузунчу катышуучу болуп калды. Иш-чара жасалма интеллект жана санариптик трансформация тармагындагы күн тартибин калыптандырган региондогу негизги аянтчалардын бири болуп эсептелет. Иш-чара GITEX Global тарабынан Казакстан Республикасынын Жасалма интеллект жана санариптик өнүгүү министрлигинин колдоосу менен, Astana Hub жана Алматы шаарынын акиматы менен өнөктөштүктө уюштурулган. Ал Казакстан Республикасынын Президенти Касым-Жомарт Токаевдин патронажы алдында, Санариптештирүү жана жасалма интеллект жылынын алкагында өтүүдө. Иш-чарага 300дөн ашык компания, 100 стартап, 60тан ашык өлкөдөн катышуучулар жана 150дөн ашуун инвестор чогулуп, жасалма интеллекттин келечегин, санариптик экономиканы жана аймактагы инновацияларды талкуулашууда. Казакстан Республикасынын Премьер-министринин орун басары – Жасалма интеллект жана санариптик өнүгүү министри Жаслан Мадиев белгилегендей, GITEX’тин Алматыда өтүшү өлкөнүн технологиялар, инвестициялар жана стартаптар үчүн тартылуу борборуна айланып бара жатканын тастыктайт.INTEGRA CITY: интеграция, масштаб жана бирдиктүү санариптик архитектура Көргөзмөнүн негизги катышуучуларынын бири — INTEGRA CITY компаниялар тобу. Бул 20 жылдан ашык тажрыйбасы бар, 10дон ашык өлкөдө 3 000ден ашуун адисти бириктирген эл аралык технологиялык интегратор. Компания ири инфраструктуралык долбоорлорду ишке ашырып, санариптик мамлекеттик башкаруу жана «акылдуу шаар» чөйрөсү үчүн комплекстүү аппараттык-программалык чечимдерди иштеп чыгат. GITEX AI KAZAKHSTAN алкагында компания өзүнүн негизги чечимдерин сунуштайт: Nexus (Safe City), Sfera (Smart City), Kodex (e-Government) жана Bordex (Border and State Security) — заманбап шаарлар жана мамлекеттик түзүмдөр үчүн бирдиктүү экосистеманы түзгөн санариптик продуктылар. Сүрөт: INTEGRA CITY көргөзмөсү, GITEX AI KAZAKHSTAN эл аралык көргөзмөсү жана конференциясы INTEGRA CITY экспозициясында бул чечимдерди ишке киргизүүнү камсыз кылган инфраструктура көрсөтүлөт: интеллектуалдык видеокөзөмөл жана мыйзам бузууларды каттоо системалары, окуяларга реалдуу убакыт режиминде жооп кайтаруу куралдары, шаарды башкаруу платформалары, санариптик мамлекеттик кызматтар, ведомстволор аралык маалымат алмашуу чечимдери жана критикалык инфраструктураны коргоо технологиялары. Бардык чечимдер бирдиктүү архитектурага бириктирилип, үчүнчү тараптын системалары менен интеграциялануу мүмкүнчүлүгүнө ээ. Бул киргизүүнүн ийкемдүүлүгүн камсыз кылып, учурдагы санариптик инфраструктура менен шайкештикти жогорулатат. Компания долбоорлорду бардык этаптарда коштоп жүрөт — инфраструктураны түзүүдөн тартып сервистик жана техникалык колдоого чейин. Жасалма интеллект платформанын негизги элементи болуп саналат: ал маалыматтарды талдайт, тобокелдиктерди баалайт жана чечим кабыл алуу сценарийлерин түзөт. Бул башкаруунун натыйжалуулугун жогорулатып, аракет кылуу ылдамдыгын арттырат. GITEX AI KAZAKHSTAN’га катышуу компания үчүн GITEX эл аралык аянтчаларындагы үчүнчү чыгуу болуп саналат. Буга чейин INTEGRA CITY чечимдери GITEX Africa 2026 жана Ai Everything Middle East & Africa (MEA) Egypt 2026 иш-чараларында сунушталган.«GITEX’тин Алматыда өтүшү — жетилген технологиялык экосистеманын калыптанып жатканын билдирет. Бүгүн мамлекеттер үчүн негизги суроо-талап — процесстерди өз-өзүнчө санариптештирүү эмес, жасалма интеллект башкаруунун аналитикалык өзөгүнө айланган интеграцияланган платформалар», — деп белгиледи Илья Беляков. «Биздин чечимдер коомдук жана жол коопсуздугунан тартып шаардык инфраструктурага чейин татаал системаларды AI-модулдар, реалдуу убакыттагы аналитика жана интеграцияланган платформалар аркылуу натыйжалуу башкарууга мүмкүндүк берет». Сүрөт: Илья Беляков, INTEGRA CITY компаниялар тобунун техникалык департаментинин директору INTEGRA CITY — Президенттин катышуусундагы пленардык сессияда жана эл аралык экспансияда INTEGRA CITY конференциянын бизнес программасына активдүү катышууда. Иш-чаранын биринчи күнүндө компаниянын жогорку жетекчилиги Казакстан Республикасынын Президенти Касым-Жомарт Токаев менен биргеликте GITEX AI KAZAKHSTAN пленардык сессиясына кошулуп, жасалма интеллектти жана санариптик экономиканы өнүктүрүүнүн стратегиялык багыттары талкууланды.Топтун техникалык департаментинин директору Илья Беляков акылдуу шаарларга арналган ""Жасалма интеллект шаарлары: АКЫЛДУУ. КООПСУЗ. КЕЛЕЧЕККЕ ДАЯР"" панелдик сессиясында сөз сүйлөдү. Ал санариптик чечимдерди интеграциялоонун, мамлекеттик кызматтарды санариптештирүүнүн жана шаардык башкарууда жасалма интеллектти ишке ашыруунун комплекстүү ыкмаларын сунуштады. Ал өзүнүн эксперттик пикирлери менен активдүү бөлүшүп, заманбап шаарларды өнүктүрүүдө бирдиктүү архитектуранын, киберкоопсуздуктун жана системалар аралык интеграциянын негизги ролун талкуулады. Сүрөт: INTEGRA CITY, панелдик сессия. Жасалма интеллект ШААРЛАР: АКЫЛДУУ. КООПСУЗ. КЕЛЕЧЕККЕ ДАЯР. ""Борбордук Азия санариптик трансформацияга тездик менен өтүп жатат: жасалма интеллект глобалдык тенденцияга айланып баратат жана шаарлар бул багытта активдүү өнүгүп жатышат. Бирок, чыныгы интеллект интеграцияда жатат: шаарларда маалыматтар бар, бирок аны бириктирбестен толук кандуу жасалма интеллект жок. Биздин мамилебиз бирдиктүү архитектурага негизделген — алдын ала айтууга боло турган, ишенимдүү жана бардык элементтерди бирдиктүү экосистемага бириктирет. Биздин стенд мунун иш жүзүндө кандайча иштээрин көрсөтөт: реалдуу убакыттагы маалыматтар башкаруу чечимдерине айландырылат. Ошол эле учурда, негизги тобокелдиктер фрагментация жана киберкоопсуздук болуп саналат, андыктан инфраструктураны коргоо, ачык-айкындуулук жана жоопкерчиликтүү жасалма интеллект принциптери абдан маанилүү. Акыр-аягы, шаарлардын келечеги жөн гана санариптештирүүдө эмес, алардын байланышында, туруктуулугунда жана ишениминде."" Мындай эл аралык иш-чаралардын өткөрүлүшү Борбор Азиянын — өзгөчө Казакстандын — санариптик трансформация жана жасалма интеллект тармагындагы калыптанып келе жаткан борборлордун бири катары ролу өсүп жатканын айкын көрсөтөт. Бул аймактын ыкчам өнүгүүсүн жана анын глобалдык технологиялык картадагы маанисинин барган сайын күчөп жатканын чагылдырат. INTEGRA CITY бул багытты колдоп, өз демилгелерин Казакстандын Санариптештирүү жана жасалма интеллект жылынын алкагындагы улуттук артыкчылыктар менен шайкеш келтирүүдө. Компания технологиялар, экспертиза жана өнөктөштүктөр аркылуу бул максаттарды ишке ашырууга салым кошууда. Белгилей кетүү маанилүү, Кыргызстан да аймактагы келечектүү рыноктордун бири катары туруктуу өсүш динамикасын көрсөтүүдө: шаарлар жана мамлекеттик түзүмдөр экономикалык өсүштү стимулдаштыруу жана жашоо сапатын жогорулатуу үчүн заманбап санариптик чечимдерди активдүү киргизип жатышат. GITEX AI KAZAKHSTAN’га катышуу INTEGRA CITY компаниясынын аймактагы санариптик трансформацияны өнүктүрүүгө жана мамлекеттик, ошондой эле тармактык өнөктөштөр менен кызматташууну бекемдөөгө болгон стратегиялык умтулуусун чагылдырат. Бул инновациялык экономиканы өнүктүрүүгө, коопсуз жана ыңгайлуу чөйрөнү түзүүгө, ошондой эле заманбап талаптарга жооп берген технологиялык өнүккөн шаарларды жана мамлекеттик кызматтарды калыптандырууга багытталган.",vesti.kg,https://vesti.kg/kg/koom/item/150087-integra-city-gitex-ai-kazakhstan-ayantchasynda-akylduu-shaarlardyn-zhana-sanariptik-mamlekettin-kelechegin-kalyptandyruuda.html,2026-05-05T17:52:15+06:00,kyrgyz,0,high,news_site
a359147f-5d2e-4f14-b8e9-ea45f31bd635,#Автордун көз карашы. Кыргызстандын экологиялык келечеги үчүн карызды алмаштыруу. Садыр Жапаровдун демилгеси чет элдик маалымат каражаттарында колдоо тапты,"Президенттин тышкы карызды экологиялык долбоорлорго алмаштыруу боюнча адаттан тыш сунушу жөнүндө Кыргызстандын президенти Садыр Жапаровдун тышкы карызды “жашыл” демилгелерди ишке ашыруу үчүн алмаштыруу демилгеси республиканын өзүндө да, башка көптөгөн өлкөлөрдө да кеңири резонанс жаратты. Белгилей кетсек, бул сунуш колдоого алынып, бир катар чет элдик жалпыга маалымдоо каражаттарында, тактап айтканда, Өзбекстан, Улуу Британия, Бахрейн, Катар, Кувейт, Россия, Түштүк Корея ж.б.Президент Кыргызстандын эгемендүүлүк жылдарында топтолгон тышкы карыздарын төлөбөй, ошол эле суммага Кыргызстанда жашыл экономика долбоорлорун ишке ашырууну сунуштоодо.Бул сунуш кандайдыр бир парадоксалдуулугуна карабастан, туруктуу өнүгүүнү колдоонун глобалдык тенденциясы менен резонанс жаратат. Эл аралык уюмдар өнүгүп келе жаткан өлкөлөрдүн экологиясын колдоо үчүн миллиарддаган долларларды сарпташат, анткени тигил же бул өлкөнүн жаратылышынын сапаты боюнча көйгөйлөр башка мамлекеттер үчүн да экологиялык тобокелчиликке айланат – баары бир планетада жашайбыз.Экология жарандардын ден соолугуна жана алардын жашоо сапатына түздөн-түз таасирин тийгизет. Айлана-чөйрөгө терс таасиринен улам ден соолукка келтирилген зыян адамдын өмүрүн кыскартат. Бул Маяковский жазгандай, «өзүнүн жердеги өмүрүн өткөрбөгөн» ар бир адамдын жеке трагедиясы гана эмес, ошондой эле улуттук жана дүйнөлүк экономика үчүн жоготуу - анткени, эмгек ишмердүүлүгүнө үзүрлүү катышуунун узактыгы да кыска болуп баратат. Демек, эл аралык бизнестин потенциалы төмөндөп баратат, тарыхый жактан планетанын көпчүлүк мамлекеттери тандап алган капитализм идеясы коркунуч алдында турат.Демек, Садыр Жапаровдун сунушун улуттук лидердин өз жарандарынын жашоосун жакшыртууга болгон умтулуусу гана эмес, жалпы Жер планетасына кам көрүү катары түшүнсө болот. Акыр-аягы, жашыл экономиканы өнүктүрүүсүз, жок дегенде урбанизациянын жана экономикалык өнүгүүнүн азыркы темпинде экологиялык көйгөйлөрдү жеңүү мүмкүн эмес. “Жашыл” долбоорлорду ишке ашырууга, өзгөчө энергетика жана кичи ГЭСтерди курууга олуттуу каражаттардын бөлүнүшү Кыргызстандын автономиясын жана эгемендүүлүгүн арттырууга жардам берет окшойт. Бул эл аралык уюмдардан кошумча жардам суроонун зарылдыгын азайтат.Эске салсак, Садыр Жапаров 8-январда өлкөнүн тышкы карызын “жашыл” демилгелерди ишке ашыруу үчүн алмаштырууну сунуштаган.Алиаскар Кантемировсүрөт www",vesti.kg,https://vesti.kg/kg/avtorduk-rakurs/item/108559-avtordun-koz-karashy-kyrgyzstandyn-ekologiyalyk-kelechegi-uchun-karyzdy-almashtyruu-sadyr-zhaparovdun-demilgesi-chet-eldik-maalymat-karazhattarynda-koldoo-tapty.html,2023-01-16T16:27:04+06:00,kyrgyz,0,high,news_site
